text,true_labels,pred_labels,primary_class,latency,error,_idx
"আপনার প্রশ্নের জন্য ধন্যবাদ , সবসময় জ্বর থাকার অনেক কারন রয়েছে , তার মাঝে , ওজন কম , সঠিক ভাবে প্রাত্যাহিক খাবার না খাওয়া , শরীরে ভিটামিন এবং মিনারেল এর অভাব হলে , অতিরিক্ত পরিশ্রম করলে , সবসময় দুশ্চিন্তা গ্রস্থ থাকলে , রক্তের পরিমান কম থাকলে অন্ন্যতম । আপনি নিয়মিত পুস্টিকর খাবার খাবেন , প্রতিদিন নিয়মিত খাবার গ্রহন করবেন । মৌসুমী ফল এবং দুধ এবং ডিম খাবেন । এতে করে আপনার অন্ন্য দুইটা সমস্যা ও সমাধান হয়ে যাবে । তার সাথে সাথে একজন মেডিসিন বিশেষজ্ঞ চিকিৎসক এর পরামর্শ গ্রহন করুন । মনে হয় আপনাকে সাহায্য করতে পেরেছি ভালো থাকবেন । ",O O O O O O B-Symptom O O O O O O O O O O O O O O O O O O O O O O O O O O O O O O O O O O O O O O O O O O O O O O O O O O O O O O O O O O O O O O O O O O O O O O O O O O O O B-Specialist I-Specialist O O O O O O O O O O O O O O O,O O O O O O O O O O O O O O O O O O O O O O O O O O O O O O O O O O O O O O O O O O O O O O O O O O O O O O O O O O O O O O O O O O O O O O O O O O O O O O O O O O O O O O O O O O O O O O O O O O O O,Symptom,15.48726623199991,,
আমার মায়ের খাওয়ার ১ঘন্টার মধ্যে ডায়াবেটিস টেষ্ট করি ১১ . ২ পয়েন্ট আছে ! মায়ের আগে থেকেই ডায়াবেটিস আছে . . ! ১১ . ২ কি ডায়াবেটিস বেশি ? এবং কি করা যায় ? ,O O O O O B-Medical_Procedure I-Medical_Procedure O B-Symptom I-Symptom I-Symptom I-Symptom O O O O O B-Health_Condition O O O O O O O O O O O O O O O O,O O O O O B-Health_Condition O O B-Dosage O I-Dosage O O O O O O B-Health_Condition O O O O B-Dosage O I-Dosage O B-Health_Condition O O O O O O O,Medical Procedure,26.03941392299976,,
"ধন্যবাদ আপনাকে প্রশ্নের জন্য । ডাবের পানি , , স্যালাইন , দুধ , ডিম , মুরগির সুপ খেতে পারেন । ধন্যবাদ",O O O O O O O O O O O O O O O O O O O O O,O O O O O O O O O O O O O O O O O O O O O,,2.2692105979999724,,
"খালি পেটে prasser 120 / 100 . . . . . . বসা থেকে দাড়ালে মাথা ঘুরায় ২ - ৩ যাবত , কি করতে পারি",O O O O O O O O O O O O B-Symptom I-Symptom I-Symptom I-Symptom I-Symptom O O O O O O O O,O O B-Symptom O O O O O O O O O O O O B-Symptom I-Symptom O O O O O O O O,Symptom,10.634209036999891,,
আপনাকে ধন্যবাদ প্রশ্ন করার জন্য । প্রেগন্যান্সির সময় হরমোনের পরিবর্তন হয় । এই কারনে ব্রেস্ট ব্যাথা হতে পারে । একজন ডাক্তার দিয়ে ব্রেস্ট পরীক্ষা করিয়ে নিন । ভয় পাবেন না । সতর্ক থাকুন । ধন্যবাদ । ,O O O O O O O O O O O O O O O O O O O O O O B-Medical_Procedure I-Medical_Procedure O O O O O O O O O O O O,O O O O O O B-Health_Condition I-Health_Condition O O O O O O B-Symptom I-Symptom O O O O B-Specialist O B-Medical_Procedure I-Medical_Procedure O O O O O O O O O O O O,Medical Procedure,2.973261808999723,,
"Thanks for questioning daktarbhai . Tab . Omidon 10mg 1 + 1 + 1 ( before meal ) for 5 days , Tab . Napa extend 665mg 1 + 1 + 1 after meal for 5 days . Thanks",O O O O O B-Medicine I-Medicine I-Medicine I-Medicine B-Dosage I-Dosage I-Dosage I-Dosage I-Dosage I-Dosage I-Dosage I-Dosage I-Dosage I-Dosage I-Dosage I-Dosage O B-Medicine I-Medicine I-Medicine I-Medicine I-Medicine B-Dosage I-Dosage I-Dosage I-Dosage I-Dosage I-Dosage I-Dosage I-Dosage I-Dosage I-Dosage O O,O O O B-Specialist O O O B-Medicine B-Dosage O O O O O O O O O O B-Age I-Age O O O B-Medicine I-Medicine B-Dosage O O O O O O O O O B-Age I-Age O,Medicine,13.71777829199982,,
স্যার : আমার অনেক দিন ধরে সর্দিতে নাক বন্দ আছে । এখন মাথা বার আর ব্যথা । ,O O O O O O B-Symptom I-Symptom I-Symptom I-Symptom O O B-Symptom I-Symptom I-Symptom I-Symptom O,O O O O O O O O O O O O O O O O O,Symptom,1.9680694839998976,,
আসসালামু আলাইকুম । আমার ছেলের বয়স ১০ বছর । ওর গলায় ডোক গিল্লে ব্যথা করে । গলার ভিতরে টন্সিল একটু বড় হয়েছে । বুকে কফ আছে । ওর এলার্জির পয়েন্ট অনেক বেসি । এখন কি করতে পারি ? ,O O O O O O B-Age I-Age O O B-Symptom I-Symptom I-Symptom I-Symptom O O B-Symptom I-Symptom I-Symptom I-Symptom I-Symptom I-Symptom O B-Symptom I-Symptom O O O B-Symptom I-Symptom I-Symptom I-Symptom O O O O O O,O O O O O O B-Age I-Age O O O O O B-Symptom O O O O B-Health_Condition O O O O O B-Symptom O O O B-Health_Condition O O O O O O O O O,Symptom,2.526675849000185,,
আমার বয়স ২৪ । আমার ৮ দিন ধরে হালকা খুশ খুশে কাশি । আমি অনেকবার গরম পানি খেয়েছি । কিন্তু কমেনি । আগের মতই আছে । কি ঔষুধ খেলে ভালো হবো ? ,O B-Age I-Age O O O O O B-Symptom I-Symptom I-Symptom I-Symptom O O O O O O O O O O O O O O O O O O O O,O B-Age I-Age O O O O O O O O B-Symptom O O O O O O O O O O O O O O O B-Medicine O O O O,Age,3.9133794710000975,,
Knee ligament ACL reconstruction is possible in Bangladesh ? If possible - Please inform to me Its cost & successful surgery percentage . ,B-Medical_Procedure I-Medical_Procedure I-Medical_Procedure I-Medical_Procedure O O O O O O O O O O O O O O O O O O O,O O O O O O O O O O O O O O O O O O O O O O O,Medical Procedure,2.2655853070000376,,
amr 24 week ar baby miscarriages hoice d & c korar 5mas cholce akhon ki baby nite parbo . abar miscarriages hoyour somvobona naito plz ans me,O O O O B-Health_Condition I-Health_Condition O B-Health_Condition I-Health_Condition I-Health_Condition I-Health_Condition I-Health_Condition I-Health_Condition O O O O O O O B-Health_Condition O O O O O O,O O O O O O O O O O O O O O O O O O O O O O O O O O O,Health Condition,7.205718574000002,,
আসসালামু আলাইকুম ১০ দিন যাবত চলমান শুকনা কাশি । fexo 120 & montair 10 খাচ্ছি একটা সকালে একটা রাতে । । কাশি এখন একটু কম । । দ্রুত সেরে ওঠার জন্য adovas syrup ( SPL ) যেতে পারে ? ? ,O O O O O O B-Symptom I-Symptom O B-Medicine I-Medicine O B-Medicine I-Medicine O B-Dosage I-Dosage I-Dosage I-Dosage O O O O O O O O O O O O B-Medicine I-Medicine I-Medicine I-Medicine O O O O O,O O O O O O B-Symptom I-Symptom O B-Medicine I-Medicine O B-Medicine I-Medicine O O O O O O O B-Symptom O O O O O O O O O B-Medicine I-Medicine O I-Medicine O O O O O,Medicine,8.352125151999644,,
"Sir , amr mather sob khanei chol besi ache sudo mather maj khane com ache . Sir amr 6 busor agge tifoid jor hoisilo terpor thekei maj khaner chol kome gese . . Ekn ki korle maj khaner chol barbe sir . ",O O O O O O O O O O B-Symptom I-Symptom I-Symptom I-Symptom I-Symptom O O O O O O O O O O O O O O O O O O O O O O O O O O O,O O O O O O O O O O O O O O O O O O O O O O O O O O O O O O O O O O O O O O O O O O,Symptom,5.285676113000136,,
পরামর্শের জন্য কিছু লিখে পোস্ট করা যাচ্ছেনা কেন ? ,O O O O O O O O O,O O O O O O O O O,,2.804381635000027,,
আমার শিশুর বয়স ২ বছর ছেলে তার ৩ দিন থেকে মূত্রনালীর মাথায় ফুলা আর আজ সকালে একটু পুজ বের হয়েছে এবং ফুলা একটু কমছে পরামর্শ চাই । ,O O O B-Age I-Age O O O O O B-Symptom I-Symptom I-Symptom O O O O B-Symptom O O O B-Symptom I-Symptom I-Symptom O O O,O O O O O O O O O O O O O O O O O O O O O O O O O O O,Symptom,2.4224807529999453,,
Respected doctor i want to suggestions about diet . i am 23 years old . my body weight 80 kg . i want to reduce body weight . but how ? ,O O O O O O O O O O O B-Age O O O O O O O O O O O O O O O O O O O,O O O O O O O O O O O O O O O O O O O O O O O O O O O O O O O,Age,4.200104273999841,,
Proshno korar jonno onek dhonnobad . Durbol lagar onek dhoroner karon ache . Apnar kichu porikkha kore dekhte hobe j keno e dhoroner shomossa hocche . Tab Bicozin 0 + 0 + 1 . . . . 1 mash khaben ebong obossoi ekjon daktar k dekhaben tarpor o jodi durbolota thake . dhonnobad . ,O O O O O O O O O O O O O O O O O O O O O O O O O O B-Medicine I-Medicine B-Dosage I-Dosage I-Dosage I-Dosage I-Dosage I-Dosage I-Dosage I-Dosage I-Dosage I-Dosage I-Dosage O O O O O O O O O O O O O O O,O O O O O O O O O O O O O O O O O O O O O O O O O O O O O O O O O O O O O O O O O O O O O O O O O O O O O O,Medicine,10.574291007999818,,
কোন টুথপেষ্ট ব্যবহার করলে দাতের ছোটখাট সমস্যা দূর হবে বা সবচেয়ে ভালো টুথপেষ্ট সবচেয়ে ভালো । ,O O O O O O O O O O O O O O O O,O O O O O O O O O O O O O O O O,,2.432365335999748,,
"ডাক্তার ভাইকে প্রশ্ন করার জন্য ধন্যবাদ , Tab Napa 500 . 1 + 1 + 1 . 5 - 7 days . Tab Monas 10 . 0 + 0 + 1 . 7 days . Tab Fexo 120 . 0 + 0 + 1 . 7 days . Tab Zinc B . 1 + 0 + 1 . 15 days . Tab Ceevit 250 . 1 + 0 + 1 . 10 days . Please measure body temperature , saturation , blood pressure regularly . Take warm water vapour and gurgling with Luke warm water 3 - 4 time daily . Thank",O O O O O O O B-Medicine I-Medicine I-Medicine O B-Dosage I-Dosage I-Dosage I-Dosage I-Dosage O O O O O O B-Medicine I-Medicine I-Medicine O B-Dosage I-Dosage I-Dosage I-Dosage I-Dosage O O O O B-Medicine I-Medicine I-Medicine O B-Dosage I-Dosage I-Dosage I-Dosage I-Dosage O O O O B-Medicine I-Medicine I-Medicine O B-Dosage I-Dosage I-Dosage I-Dosage I-Dosage O O O O B-Medicine I-Medicine I-Medicine O B-Dosage I-Dosage I-Dosage I-Dosage I-Dosage O O O O O O B-Medical_Procedure I-Medical_Procedure O B-Medical_Procedure O B-Medical_Procedure I-Medical_Procedure O O O O O O O O O O O O O O O O O O O,O O O O O O O O O O O O O O O O O O O O O O O O O O O O O O O O O O O O O O O O O O O O O O O O O O O O O O O O O O O O O O O O O O O O O O O O O O O O O O O O O O O O O O O O O O O O O O O O O O O O O O,Medicine,12.572100877999674,,
বয়স ৪ বছর । তার বিভিন্ন ভাজে ঘামাচির মত হয়ে চুলকায় । ফানজিডাল এইচ সি দেয়ার পর সেরে কিছুদিন পর আবার হয় । এখন কি করনীয় ? ,O B-Age O O O O B-Symptom I-Symptom I-Symptom I-Symptom I-Symptom O B-Medicine I-Medicine I-Medicine O O O O O O O O O O O O,B-Age I-Age I-Age O O O O B-Symptom I-Symptom I-Symptom I-Symptom O B-Medicine I-Medicine I-Medicine O O O O O O O O O O O O,Age,3.2676629669999784,,
"ধন্যবাদ আপনার প্রশ্নের জন্য । না দেখে সমাধান দেয়া যাচ্ছে না । এলারজি উদ্রেককারী খাবার , ধূলাবালি এড়িয়ে চলুন । এলাট্রল খান আপাতত । ফানজিডাল মাখুন । ধন্যবাদ",O O O O O O O O O O O O O O O O O O O O B-Medicine O O O B-Medicine O O O,O O O O O O O O O O O O B-Health_Condition O O O O O O O B-Medicine O O O B-Medicine O O O,Medicine,5.717242512000212,,
"আসসালামু আলাইকুম , আমার স্ত্রীর শরীরে প্রায়ই ব্যাথা হয় , তার মতে মাংসে ব্যাথা করে । অনেকটা জ্বর হলে শরীরে যেরকম ব্যাথা হয় সেরকম । উচ্চতা ৫ ফুট ৬ "" এর মতো ওজন ৭৫ কেজি । আমি ওকে নিয়ে অনেক চিন্তিত । কিছু দিন আগে দূর্বল হয়ে পরেছিলো , তখন ডাক্তার বলেছিলো রক্ত দিতে হতে পারে , তবে যদি কয়েক দিন ভালো খাওয়া দাওয়া করে সুস্থ হয়ে যায় তাহলে আর রক্ত দিতে হবে না । তবে ভয় পাওয়ার কিছু বলেনি । আমার জানা মতে ওর থাইরয়েড এর সমস্যা থাকতে পারে । ",O O O O O B-Symptom I-Symptom I-Symptom O O O O B-Symptom I-Symptom O O O O O O O O O O O O O O O O O O O O O O O O O O O O O O O B-Symptom O O O O O O O O O O O O O O O O O O O O O O O O O O O O O O O O O O O O O O O B-Health_Condition I-Health_Condition I-Health_Condition O O O,O O O O O O O B-Symptom O O O O O B-Symptom O O O B-Health_Condition O O O B-Symptom O O O O O O O O O O O O O O O O O O O O O O O O O O O O O O O O O O O O O O O O O O O O O O O O O O O O O O O O O O O O O O O O O O O O B-Health_Condition,Symptom,3.722480850000011,,
আপনার প্রশ্নের জন্য ধন্যবাদ । আল্ট্রাসনোগ্রাম করঅলে বোঝা যাবে । ধন্যবাদ,O O O O O B-Medical_Procedure O O O O O,O O O O O O O O O O O,Medical Procedure,8.23401197000021,,
আমার বসয় 35 আমি boximco job করি engine mechanics আমার প্রচন্ড মাজা ব‍্যাথা করে কি করা যায়,O B-Age I-Age O O O O O O O O B-Symptom I-Symptom O O O O,O O B-Age O O O O O O O O B-Symptom I-Symptom O O O O,Age,3.3130535659997804,,
"আমার মেয়ে বয়স ১৮ মাস , ওজন ১২ কেজি । বুকের দুধ খায় । বাইরের খাবার ভাত , মাছ , ডিম , দুধ এগুলোই । চকলেট , চিপস জাতীয় খাবার খায়না । পায়খানা ক্লিয়ার না । মাঝে মাঝেই ১ / ২ দিন পায়খানা হয়না । ফ্লাকল খাচ্ছে । ইদানিং পায়খানা গুটি গুটি অনেক শক্ত হচ্ছে । পায়খানা করতে গেলে কান্না করে । কিছুদিন ( ৪ মাস ) আগে এলার্জি সমস্যা ছিল ব্লাড টেস্ট করে ট্রিটমেন্ট নেয়া হয়েছে এখন নাই । পায়খানা স্বাভাবিক হওয়ার জন্য করনীয় কি",O O B-Age I-Age I-Age O O O O O O O O O O O O O O O O O O O O O O O O O O O B-Symptom I-Symptom I-Symptom O O O B-Symptom I-Symptom I-Symptom I-Symptom I-Symptom I-Symptom O B-Medicine O O O B-Symptom I-Symptom I-Symptom I-Symptom I-Symptom I-Symptom O B-Symptom I-Symptom I-Symptom I-Symptom I-Symptom O O O O O O O B-Health_Condition I-Health_Condition O B-Medical_Procedure I-Medical_Procedure O O O O O O O O O O O O O,O O O B-Age I-Age O O B-Age I-Age O O O O O O O O O O O O O O O O O O O O O B-Symptom O O O O O O O O O B-Symptom O O B-Medicine O O O B-Symptom O O O O B-Symptom O O B-Symptom O O O O O O O O O B-Health_Condition O O B-Medical_Procedure I-Medical_Procedure O B-Medical_Procedure O O O O O B-Symptom O O O O O O O O,Symptom,3.0023880859998826,,
Amar pochondo gola betha Ami akhon ki Korte pare,O B-Symptom I-Symptom I-Symptom O O O O O,O O B-Symptom I-Symptom O O O O O,Symptom,8.988057109000238,,
Thanks for questioning to daktervai . No need to use anthelmintic drugs before 2 years,O O O O O O O O O O B-Medicine I-Medicine O O O,O O O O B-Specialist O O O O O B-Medicine I-Medicine O B-Age I-Age,Medicine,1.5525693219997263,,
আমার ওয়াইফ এর বয়স ৩৩ বছর । তার প্রস্রাব এর রাস্তায় চুলকানি হয়ছে । প্রচন্ড চুলকায় । Fungidal hc ointment ব্যবহার করছে কিন্তু কমতেছেনা । এখন কি করতে পারি পরামর্শ চায় । ,O O O O B-Age I-Age O B-Symptom I-Symptom I-Symptom I-Symptom I-Symptom I-Symptom I-Symptom I-Symptom I-Symptom O B-Medicine I-Medicine I-Medicine O O O O O O O O O O O O,O O O O O O O O O O O O O O O O O O O O O O O O O O O O O O O O,Age,18.64259001200025,,
ধন্যবাদ আপনার প্রশ্নের জন্য । আপনি নেবুলাইজার দিয়ে চেষ্টা করে দেখুন । ধন্যবাদ,O O O O O O B-Medical_Procedure O O O O O O,O O O O O O O O O O O O O,Medical Procedure,3.600607000000309,,
"আমার চোখ উঠেছে , প্রচুর পানি পড়ছে , চোখ লাল হয়ে গেছে , কোন ড্রপ ব্যবহার করা উচিত । অনুরূপভাবে , আমার মেয়েরও চোখ উঠেছে । কিছুদিন আগে তার চোখে প্রবলেম দেখা দিয়েছিল এটার জন্য ডাক্তার দেখিয়েছি এবং ডাক্তার চিকিৎসা করে চশমা দিয়েছে ব্যবহার করার জন্য । ",O B-Health_Condition I-Health_Condition O B-Symptom I-Symptom I-Symptom O B-Symptom I-Symptom I-Symptom I-Symptom O O B-Medicine O O O O O O O O O O O O O O O O O O O O O O O O O O O O O O O O,O O O O O O O O O O O O O O O O O O O O O O O O O O O O O O O O O O O O O O O O O O O O O O O,Symptom,4.893697520999922,,
আজ সকালে ঘুম থেকে উঠার পর থেকেই ডান সাইটের ঘাড়ে প্রচন্ড ব্যাথা করতেছে । ব্যাথা কমানোর জন্য কি মেডিসিন খেলে ব্যাথা কমবে । ,O O O O O O O B-Symptom I-Symptom I-Symptom I-Symptom I-Symptom O O O O O O O O O O O,O O O O O O O O O O O O O O O O O O O O O O O,Symptom,2.8048459999999977,,
আমার বাচ্চার বয়স ১৭ মাস । কয়েক দিন যাবৎ এলার্জি দিনে কম থাকে রাতে গুটি গুটি দেখা যায় এবং আনেক চুলকায় । Alcet এবং Fluclox খায় কিন্তু কোমে না । কি করোনিয় ? ,O O O B-Age I-Age O O O O B-Symptom O O O O B-Symptom I-Symptom O O O O B-Symptom O B-Medicine O B-Medicine O O O O O O O O,O O O O O O O O O O O O O O O O O O O O O O O O O O O O O O O O O,Symptom,2.1471291469997595,,
"আট দিন বয়সের বাচ্চার ঠান্ডার সমস্যা , হাচি করে মাঝে মাঝে , নাক একটু বন্ধ , শ্বাস নিতে শব্দ হয় , মনে হয় কষ্ট হচ্ছে , এই অবস্থায় নাকে কোন ড্রপ দেয়া যাবে কি ? ",B-Age I-Age O O B-Symptom I-Symptom O B-Symptom O O O O B-Symptom I-Symptom I-Symptom O B-Symptom I-Symptom I-Symptom I-Symptom O O O B-Symptom I-Symptom O O O O O O O O O O,O O O O O O O O O O O O O O O O O O O O O O O O O O O O O O O O O O O,Symptom,8.74863451400006,,
ডাক্তার ভাই কে প্রশ্ন করার জন্য ধন্যবাদ । হ্যা আপনার thyroid profile test করা উচিত । ,O O O O O O O O O O B-Medical_Procedure I-Medical_Procedure I-Medical_Procedure O O O,O O O O O O O O O O B-Medical_Procedure I-Medical_Procedure I-Medical_Procedure O O O,Medical Procedure,5.948505642999862,,
"আপনাকে ধন্যবাদ প্রশ্ন করার জন্য । আপনি পায়খানা পরীক্ষা করান । ডায়াবেটিস পরীক্ষা করান । আপনার সমস্যা না দেখে , পরীক্ষা না করে বোঝা যাচ্ছে না । একজন মেডিসিন বিশেষজ্ঞ ডাক্তার কে দেখান । ধন্যবাদ । ",O O O O O O O B-Medical_Procedure I-Medical_Procedure O O B-Health_Condition O O O O O O O O O O O O O O O O B-Specialist I-Specialist O O O O O O,O O O O O O O O O O O B-Health_Condition O O O O B-Symptom O O O O O O O O O O O B-Medicine I-Medicine O O O O O O,Medical Procedure,2.316448304000005,,
ডাক্তার ভাই কে প্রশ্ন করার জন্য ধন্যবাদ এই অবস্হায় Syp Alben শুধুমাত্র ১বার ১ চামচ খাওয়াতে পারেন আপনি একজন শিশু বিষেশজ্ঞ এর পরামর্শ নিতে পারেন ধন্যবাদ,O O O O O O O O O B-Medicine I-Medicine O B-Dosage I-Dosage I-Dosage O O O O B-Specialist I-Specialist O O O O O,O O O O O O O O O O O O O O O O O O O O O O O O O O,Medicine,4.78873798199993,,
"I feel pressure in chest in the morning when i woke up . . always feel tired . I have acidity probem so far . weight around 69 kg . height 5 . 5 "" . ",O B-Symptom I-Symptom I-Symptom I-Symptom I-Symptom I-Symptom I-Symptom I-Symptom I-Symptom I-Symptom I-Symptom I-Symptom I-Symptom I-Symptom I-Symptom I-Symptom I-Symptom I-Symptom I-Symptom I-Symptom I-Symptom I-Symptom I-Symptom O B-Health_Condition I-Health_Condition I-Health_Condition I-Health_Condition I-Health_Condition I-Health_Condition I-Health_Condition I-Health_Condition I-Health_Condition I-Health_Condition I-Health_Condition,O O B-Symptom O B-Symptom O O O O O O O O O O O B-Symptom O O O B-Health_Condition O O O O O O B-Age I-Age O O O O O O O,Symptom,2.035509989999809,,
আপনাকে ধন্যবাদ প্রশ্ন করার জন্য । আপনি কতদিন যাবত এ সমস্যায় ভুগছেন ? আপনার নিবিড় চিকিৎসা প্রয়োজন । একজন Gastroenterologist এর সাথে যোগাযোগ করুন । প্রয়োজনে App এর Video Consultation এর সহায়তা নিতে পারেন । ধন্যবাদ । ,O O O O O O O O O O O O O O O O O O O B-Specialist O O O O O O O O O O O O O O O O O,O O O O O O O O O O B-Symptom I-Symptom O O O B-Health_Condition O O O B-Specialist O O O O O O O O O O O O O O O O O,Specialist,8.698766945999978,,
Thank you for your question . You can take syrup honeycol 2 tea spoon daily 3 times . Continue Monas 10 mg . Take altrol 10 mg at night . consult with a medicine specialist . Thank you . ,O O O O O O O O O B-Medicine I-Medicine B-Dosage I-Dosage I-Dosage I-Dosage I-Dosage I-Dosage O O B-Medicine I-Medicine I-Medicine O O B-Medicine I-Medicine I-Medicine O B-Dosage O O O O B-Specialist I-Specialist O O O O,O O O O O O O O O O B-Medicine B-Dosage I-Dosage I-Dosage O B-Dosage O O O B-Medicine B-Dosage I-Dosage O O B-Medicine B-Dosage I-Dosage O O O O O O B-Specialist I-Specialist O O O O,Medicine,2.819291068999973,,
"আমার পিঠের বাম দিকের বাম হাতের পিঠের জোড়ার নিচে ব্যাথা করতেছে । তিনদিন ধরে । ১ম দিন ইফতারের পর বসা থেকে উঠার সময় পিঠের বাম দিকের রগ টান দিয়ে ব্যাথা শুরু হয় । তারপর প্রেশার চেক করি betalock 25 , mexpro 20 kaitasi . continue asa । কিন্তু ব্যাথা আগের চেয়ে কম । কমতেছে না পুরোপুরি । মাঝে মাঝে ঘাড়ে ও ব্যাথা করে । ",O B-Symptom I-Symptom I-Symptom I-Symptom I-Symptom I-Symptom I-Symptom I-Symptom I-Symptom I-Symptom O O O O O O O O O O O O O O O O O O O O O O O O O O B-Medicine I-Medicine O B-Medicine I-Medicine O O O O O O O O O O O O O O O B-Symptom I-Symptom I-Symptom I-Symptom I-Symptom I-Symptom O,O O O O O O O O O O O O O O O O O O O O O O O O O O O O O O O O O O O O O O O O O O O O O O O O O O O O O O O O O O O O O O O O,Symptom,5.993770367999787,,
"প্রায় এক মাস হয়ে গেলো পিরিয়ডের ডেট চলে গেছে , , বাট পিরিয়ড হচ্ছে না , , প্রেগন্যাসি টেস্ট করেছি নেগেটিভ এসেছে , , এখন করনীয় কি ? ? ",O O O O O B-Health_Condition O O O O O O B-Health_Condition O O O O B-Medical_Procedure I-Medical_Procedure O O O O O O O O O O,O O O O O O O O O O O O O O O O O O O O O O O O O O O O O,Health Condition,3.0568966949999776,,
"আমার ছোট বোনের সকাল থেকে জ্বর । সকালে নাপা এক্সট্রা খেয়েছিলো । জ্বর কমে গিয়েছিলো কিন্তু দুপুরে আবার জ্বর আসছে । নাপা এক্সটেন্ড খাওয়েছি , জ্বর এখনো কমে নি । আর অন্য কোনো সমস্যা নেই । যদি ঔষধ সাজেস্ট করতেন তাহলে খুব উপকৃত হতাম । ",O O O B-Symptom I-Symptom I-Symptom O O B-Medicine I-Medicine O O B-Symptom I-Symptom I-Symptom I-Symptom I-Symptom I-Symptom I-Symptom I-Symptom O B-Medicine I-Medicine O O B-Symptom I-Symptom I-Symptom I-Symptom O O O O O O O O O O O O O O O O,O O O O O O O O O O O O O O O O O O O O O O O O O O O O O O O O O O O O O O O O O O O O O,Symptom,5.617145291999805,,
আজকে হঠাত করে বুকে ও পিঠে হাল্কা চাপা ব্যাথা করতেসে এবং মাঝে মধ্যে চিক মারতেসে । কি করলে ঠিক হয়ে জাব জানাবেন ? ,O O O B-Symptom I-Symptom I-Symptom I-Symptom I-Symptom I-Symptom I-Symptom O B-Symptom I-Symptom I-Symptom I-Symptom O O O O O O O O,O O O O O O O O O O O O O O O O O O O O O O O,Symptom,3.463448805000098,,
"মেয়েদের মাসিকের পরে কোন দিনগুলো যৌন মিলনের জন্য নিরাপদ ? আমার স্ত্রীর গত মাসের ২৮ তারিখ মাসিক শুরু হয়েছে , গতকাল রাতে ( ২১ তারিখ ) আমরা জন্মনিয়ন্ত্রণ পদ্ধতি ব্যবহার না করে সহবাস করি । এখন কি ইমার্জেন্সি পিল খাওয়ার প্রয়োজন আছে ? ",O O O O O O O O O O O O O O B-Symptom I-Symptom I-Symptom I-Symptom O O O O O O O O O O O O O O O O O O O B-Medicine I-Medicine O O O O,O O O O O O O O O O O O O O O O O O O O O O O O O O O O O O O O O O O O O O O O O O O,Symptom,4.438220422000086,,
আমার বাবুর বয়স তিন মাস 5 দিন । তার কাশি এর জন্য আমি কি ওষুধ খাওয়াতে পারি ? আমি ইতিমধ্যে এমব্রক্স এবং এইচ সিরাপ খাওয়াইছি কিন্তু কাশি ভালো হয় আবার কাশি হয় । এখন আমি কি খাওয়াতে পারি । আমার মেয়ে বাবু । ,O O O B-Age I-Age I-Age I-Age O O B-Symptom O O O O O O O O O O B-Medicine O B-Medicine I-Medicine O O B-Symptom O O O O O O O O O O O O O O O O,O O B-Age I-Age I-Age I-Age I-Age O O B-Symptom O O O O O O O O O O B-Medicine O B-Medicine I-Medicine O O B-Symptom O O O B-Symptom O O O O O O O O O O O O,Symptom,1.758492036000007,,
age 28 sokale 5 taka damer ak pecket biscut kaisi akon ki ami napa kete parbo ba kali pete kawa jabe ki na ? ,O O O O O O O O O O O O O B-Medicine O O O O O O O O O O,O O O O O O O O O O O O O O O O O O O O O O O O,Medicine,2.3916585330002817,,
১৩ / ১০ / ২০২২ তারিখে সিজার হয়েছে আমার ওয়াইয়ের এখন পর্যন্ত টয়লেট হয়নি কি করনীয়,O O O O O O B-Medical_Procedure O O O O O B-Symptom I-Symptom O O,O O O O O O B-Medical_Procedure O O O O O B-Symptom O O O,Medical Procedure,15.364480415000344,,
ami to pigi child hospitala child specialist ka dekhiachi . tarpora ooo batha koma nai . ,O O O O O B-Specialist I-Specialist O O O O O B-Symptom O O O,O O O O O O O O O O O O O O O O,Specialist,2.7430204940001204,,
ডাক্তার ভাই কে প্রশ্ন করার জন্য ধন্যবাদ । আপনি জ্বরের জন্য Napa Pediatric drop ৩ বেলা 1 . 5ml করে খাওয়াবেন বাচ্চার ওজন উল্লেখ করলে ভাল হতো । আর একজন Pediatricianএর সাথে যোগাযোগ করুন ধন্যবাদ । ,O O O O O O O O O O O B-Medicine I-Medicine I-Medicine B-Dosage I-Dosage I-Dosage I-Dosage I-Dosage O O O O O O O O O O O B-Specialist O O O O O,O O O O O O O O O O O O O O O O O O O O O O O O O O O O O O O O O O O O,Medicine,4.197614665999936,,
ডাক্তারভাইকে প্রশ্ন করার জন্য ধন্যবাদ । আপাতত Tab . Rivotril ( 0 . 5mg ) 0 + 0 + 1 . . . . for 3 days খাবেন । দ্রুত একজন Psychiatrist এর পরামর্শ নিন । ধন্যবাদ,O O O O O O O B-Medicine I-Medicine I-Medicine I-Medicine I-Medicine I-Medicine I-Medicine I-Medicine B-Dosage I-Dosage I-Dosage I-Dosage I-Dosage O O O O O O O O O O O B-Specialist O O O O O,O O O O O O O O O O O O O O O O O O O O O O O O O O O O O O O O O O O O O,Medicine,2.925861677999819,,
আমার ডান চোখ লাল হয়ে আছে এবং চোখের পাতা বন্ধ এবং খুলতে কষ্ট হয় চোখের ভিতর কিছু আছে বলে মনে হয় । চোখ দিয়ে পানি পরে । এই জন্য আমি কি ওষুধ খাব বা চোখে কি ড্রপ ব্যবহার করব কিনা জানাবেন । ,O B-Symptom I-Symptom I-Symptom I-Symptom I-Symptom O B-Symptom I-Symptom I-Symptom O B-Symptom I-Symptom I-Symptom O O O O O O O O B-Symptom I-Symptom I-Symptom I-Symptom O O O O O O O O O O B-Medicine O O O O O,O O O O O O O O O O O O O O O O O O O O O O O O O O O O O O O O O O O O O O O O O O,Symptom,3.431589945000269,,
"Thank you for asking question . It may happen for so many reasons . One of the cause is thyroid problem so please do S . FT3 , S . FT4 , S . TSH . Then consult with a doctor . Thank you . ",O O O O O O O O O O O O O O O O O O O O O O O O B-Medical_Procedure I-Medical_Procedure I-Medical_Procedure I-Medical_Procedure I-Medical_Procedure I-Medical_Procedure I-Medical_Procedure I-Medical_Procedure I-Medical_Procedure I-Medical_Procedure I-Medical_Procedure O O O O O O O O O O,O O O O O O O O O O O O O O O O O O O B-Health_Condition I-Health_Condition O O O B-Medical_Procedure O I-Medical_Procedure O B-Medical_Procedure O I-Medical_Procedure O B-Medical_Procedure O I-Medical_Procedure O O O O O O O O O O,Medical Procedure,11.46091289900005,,
আপনাকে ধন্যবাদ প্রশ্ন করার জন্য । মা - কে ঘন ঘন ব্রেস্টফিডিং করাতে বলুন । ধন্যবাদ । ,O O O O O O O O O O O O O O O O O,O O O O O O O O O O O O O O O O O,,4.745681662000152,,
আমার সহবাসের সময় জ্বালা পুরা করে । । ডাক্তার আমাকে ৷ k . y jelly এই ঔষুধ টা দিছে । । । কিন্তু এখন আমি জানতে চাচ্ছি এটা কি আসলেই জ্বালাপুরা কমাবে । । । plz amake help koren,O B-Symptom I-Symptom I-Symptom I-Symptom I-Symptom O O O O O B-Medicine I-Medicine I-Medicine I-Medicine O O O O O O O O O O O O O O O B-Symptom O O O O O O O O,O O O B-Symptom I-Symptom O O O B-Specialist O O O O O B-Medicine O I-Medicine O O O O O O O O O O O O O B-Symptom O O O O O O O O,Symptom,1.4739116729997477,,
ডাক্তার ভাই কে প্রশ্ন করার জন্য ধন্যবাদ আপনি যে তথ্য দিয়েছেন তা পর্যাপ্ত নয় । ঔষধ খাওয়াতে থাকুন । Dialysis লাগতে পারে আপনি একজন Nephrologist এর পরামর্শ নিতে পারেন । ধন্যবাদ,O O O O O O O O O O O O O O O O O O O B-Medical_Procedure O O O O B-Specialist O O O O O O,O O O O O O O O O O O O O O O B-Medicine O O O B-Medical_Procedure O O O O B-Specialist O O O O O O,Medical Procedure,7.965527403999658,,
আমার বাচচার বয়স ১ . ৫ বয়স ওর গতকাল থেকে পাতলা পায়খানা আর বুমি কি ঔষধ খাওয়েবো,O O O B-Age I-Age I-Age I-Age O O O B-Symptom I-Symptom O B-Symptom O O O,O O O B-Age I-Age I-Age O O O O B-Symptom I-Symptom O B-Symptom O B-Medicine O,Symptom,1.2098386510001546,,
ফিমেল । ২৩ গলা ব্যথা । খাবার খেতে কষ্ট হচ্ছে । ,O O B-Age B-Symptom I-Symptom O B-Symptom I-Symptom I-Symptom I-Symptom O,O O B-Age B-Symptom I-Symptom O O O B-Symptom I-Symptom O,Symptom,1.6218138400004136,,
"আপনাকে ধন্যবাদ প্রশ্ন করার জন্য । রক্তের গ্লুকোজের মাত্রা পরীক্ষা করুন এবং FT3 , FT4 , TSH পরীক্ষা গুলো করান , একজন এন্ডোক্রাইনোলজিস্ট এর পরামর্শ নিন । ধন্যবাদ । ",O O O O O O B-Medical_Procedure I-Medical_Procedure I-Medical_Procedure I-Medical_Procedure O O B-Medical_Procedure O B-Medical_Procedure O B-Medical_Procedure I-Medical_Procedure O O O O B-Specialist O O O O O O,O O O O O O O O O O O O O O O O O O O O O O O O O O O O O,Medical Procedure,3.086357303999648,,
Thank you for asking question to Daktarbhai . Take tab . Oradin 10mg - - 0 + 0 + 1 - - - 15 days . Consult a dermatologist physically . Thanks,O O O O O O O O O B-Medicine I-Medicine I-Medicine I-Medicine O O B-Dosage I-Dosage I-Dosage I-Dosage I-Dosage O O O O O O O O B-Specialist O O O,O O O O O O O O O O O O O O O O O O O O O O O O O O O O O O O O,Medicine,5.348333838000144,,
আমাদের বিয়ে হয়েছে দের বছর ধরে । আমরা নরেট ২৮ ব্যবহার করছি এতো দিন । এখন আমরা বাচ্চা নিতে চাই । তাই এখন আমাদের কি কি নিয়ম মানতে হবে । ,O O O O O O O O B-Medicine I-Medicine O O O O O O O O O O O O O O O O O O O O,O O O O O O O O B-Medicine I-Medicine O O O O O O O O O O O O O O O O O O O O,Medicine,7.639871637999931,,
নামঃ < NAME > । বয়সঃ ১৪ । আমার নাকে আঘাত লাগলেই সর্দি হয় । নাক প্রচুর ব্যাথা করে । নাক থেকে মুখের রাস্তায় প্রচুর ব্যাথা করে আর কাশ হয় । জন্মের পরে থেকেই । ঠান্ডা পানি পান করলে ও সর্দি হয় । আবার অজু করার সময় ও নাকে পানি গেলে সর্দি শুরু হয় । সারারাত সর্দি হয় । সাথে প্রচুর গলাব্যাথা ও করে । এর থেকে বাচার কোন উপায় বা ওষুধ আছে ? ,O O O O O O B-Age O O B-Symptom I-Symptom I-Symptom I-Symptom I-Symptom O B-Symptom I-Symptom I-Symptom I-Symptom O B-Symptom I-Symptom I-Symptom I-Symptom I-Symptom I-Symptom I-Symptom O B-Symptom I-Symptom O O O O O B-Symptom I-Symptom I-Symptom I-Symptom I-Symptom I-Symptom I-Symptom O O O O O O B-Symptom I-Symptom I-Symptom I-Symptom I-Symptom I-Symptom O O B-Symptom O O O O B-Symptom O O O O O O O O O O O O,O O O O O O O O O O O O O O O O O O O O O O O O O O O O O O O O O O O O O O O O O O O O O O O O O O O O O O O O O O O O O O O O O O O O O O O O O O,Symptom,5.759601768999801,,
ধন্যবাদ ডাক্তার ভাই কে প্রশ্ন করার জন্য । জি কাঁচা থাকলে নেবনল ক্রিম লাগাতে পারেন । ধন্যবাদ,O O O O O O O O O O O B-Medicine I-Medicine O O O O,O B-Specialist O O O O O O O O O B-Medicine I-Medicine O O O O,Medicine,1.2945487679999133,,
আপনাকে ধন্যবাদ প্রশ্ন করার জন্য । আপনার ছোট ভাইয়ের সম্ভবত টলসিল ইনফেকশন থাকতে পারে । গরম পানি লবন দিয়ে খান । গড়্গড়া করুন । একজন নাক কান গলা ড়োগ বিশেষজ্ঞ চিকিৎসক কে দেখিয়ে নিন । ব্যাথার জন্য প্যারাসিটামল খেতে পারেন । ধন্যবাদ । ,O O O O O O O O O O B-Health_Condition I-Health_Condition O O O O O O O O O O O O O B-Specialist I-Specialist I-Specialist I-Specialist I-Specialist O O O O O B-Symptom O B-Medicine O O O O O,O O O O O O O O O O O O O O O O O O O O O O O O O O O O O O O O O O O O O O O O O O O,Health Condition,4.517895191000207,,
আমার এক ১০ / ১২ ধরে কাশি এবং অনেক কফ বের হচ্ছে আমি প্রথম দিকে মন্টিলুকাস 10 ১০ দিন খেয়েছিলাম কাশিটা একটু কমে পরে দুই তিন দিন পর আবার একু বেশি কাশি লাগে তখন আবার টুসপেল সিরাপ খাচ্ছি কাশিটা একটু কমতে শুরু করেছে কিন্তু বিষেস করে সকালে কফ যাওয়ার সময় কফের সাথে লাল লাল কি বের হচ্ছে আর এটা সবসময় বের হয় না মাঝে মাঝে ! এখন করনি য় কি ? ,O O O O O O B-Symptom O B-Symptom I-Symptom I-Symptom I-Symptom O O O B-Medicine I-Medicine B-Dosage I-Dosage O B-Symptom I-Symptom I-Symptom I-Symptom I-Symptom I-Symptom I-Symptom I-Symptom I-Symptom I-Symptom I-Symptom I-Symptom I-Symptom O O B-Medicine I-Medicine O B-Symptom O O O O O O O B-Symptom I-Symptom I-Symptom I-Symptom I-Symptom I-Symptom I-Symptom I-Symptom I-Symptom I-Symptom I-Symptom O O O O O O O O O O O O O O,O O B-Age O I-Age O B-Symptom O O B-Symptom O O O O O B-Medicine O O O O O O O O O O O O O O O O B-Symptom O O O B-Medicine I-Medicine O O O O O O O O O O B-Symptom O O O O O O O O O O O O O O O O O O O O O O,Symptom,2.591007136999906,,
Tab . Napa500mg 1 + 1 + 1 for 3days . Do a dengue NS 1 ag test and covid test . Consult with a medicine specialist and act accordingly if eye sight is all right . Thank you,B-Medicine I-Medicine I-Medicine B-Dosage I-Dosage I-Dosage I-Dosage I-Dosage O O O O O B-Medical_Procedure I-Medical_Procedure I-Medical_Procedure I-Medical_Procedure I-Medical_Procedure O B-Medical_Procedure I-Medical_Procedure O O O O B-Specialist I-Specialist O O O O O O O O O O O O,O O O O O O O O O O O O O O O O O O O O O O O O O O O O O O O O O O O O O O O,Medical Procedure,2.1527836260002005,,
"ধন্যবাদ আপনাকে প্রশ্ন করার জন্য । প্রিয় গ্রাহক , আপনার রোগটির চিকিৎসার জন্য আরও বিস্তারিত তথ্য জানা দরকার । আপনি ডাক্তারভাই এপ্লিকেশন থেকে ' Video Call To A Doctor ' সার্ভিসটি ব্যবহার করে একজন Gynaecology & Obstetrics বিশেষজ্ঞ ডাক্তারের এপয়েন্টমেন্ট নিয়ে ভিডিও কল এ কথা বলতে পারেন এবং ডাক্তারএর লেখা প্রেস্ক্রিপশন আপনি আপনার এপ্লিকেশন এ পেয়ে যাবেন । আরও বিস্তারিত জানতে < NUMBER > তে কল করুন । ধন্যবাদ । ",O O O O O O O O O O O O O O O O O O O O O O O O O O O O O O O O O O B-Specialist I-Specialist I-Specialist I-Specialist O O O O O O O O O O O O O O O O O O O O O O O O O O O O O O O O,O O O O O O O O O O O O O O O O O O O O O O O O O O O O O O O O O O O O O O O O O O O O O O O O O O O O O O O O O O O O O O O O O O O O O O,Specialist,4.343262780999794,,
ডাক্তার ভাই কে প্রশ্ন করার জন্য ধন্যবাদ । এটা দেখতে হবে । আলগা লবন দিবেন না । হাল্কা ব্যায়াম করা দরকার । রুম এ হাঁটতে পারে । Neurologist দেখাতে হবে । ধন্যবাদ । ,O O O O O O O O O O O O O O O O O O O O O O O O O O O B-Specialist O O O O O,O O O O O O O O O O O O O O O O O O O O O O O O O O O O O O O O O,Specialist,7.113528763999966,,
ডাক্তার ভাই কে প্রশ্ন করার জন্য ধন্যবাদ । নাপা ট্যাব খান । পেটের ultra koran . । ধন্যবাদ । ,O O O O O O O O B-Medicine I-Medicine O O B-Medical_Procedure I-Medical_Procedure O O O O O,O O O O O O O O B-Medicine I-Medicine O O B-Health_Condition B-Medical_Procedure I-Medical_Procedure O O O O,Medicine,4.065382726999815,,
আপনাকে ধন্যবাদ প্রশ্ন করার জন্য । আপনার বাচ্চাকে একজন শিশু ডাক্তার কে দেখান । ডাক্তার না দেখিয়ে মেট্রিল খাওয়ানো এই মহুর্তে না খাওয়ানোই ভাল । ধন্যবাদ । ,O O O O O O O O O B-Specialist I-Specialist O O O O O O B-Medicine O O O O O O O O O,O O O O O O O O O O O O O O O O O O O O O O O O O O O,Specialist,3.741158606999761,,
"আপনাকে ধন্যবাদ প্রশ্ন করার জন্য । আপনি শরীরে ইউরিক এসিড বেশি করে এমন খাবার খাবেন না যেমন বাধা কপি , মূলা , গরু খাশির মাংস , ডাল ইত্যাদি । ওজন নিয়ন্ত্রণে রাখুন । একজন ফিজিক্যাল মেডিসিন বিশেষজ্ঞ কে দেখান । ধন্যবাদ",O O O O O O O O O O O O O O O O O O O O O O O O O O O O O O O O O O B-Specialist I-Specialist I-Specialist O O O O,O O O O O O O O B-Health_Condition I-Health_Condition O O O O O O O O O O O O O O O O O O O O O O O O B-Specialist I-Specialist I-Specialist O O O O,Specialist,8.388456211000175,,
"ডাক্তার ভাই কে প্রশ্ন করার জন্য ধন্যবাদ । পায়খানা আসলে , করতে যাবেন । এটা কন্ট্রোল এর সমস্যা হলে সার্জারি ডাক্তার দেখান । পিয়াজ খাবেন না , আলু খাবেন না । মশলা খাবেন না । যে সব খাওয়া তে বায়ু হয় , খাবেন না । ধন্যবাদ । ",O O O O O O O O O O O O O O O O O O O B-Specialist I-Specialist O O O O O O O O O O O O O O O O O O O O O O O O O O,O O O O O O O O O O O O O O O O O O O O O O O O O O O O O O O O O O O O O O O O O O O O O O O,Specialist,1.6732482369999957,,
1 . Tab Napa Extend 665 mg 1 + 1 + 1 for 5 days ( if fever ) 2 . Tab . Fexo 120 mg 0 + 0 + 1 for 10 days ( after meal ) আশা করি উপকৃত হবেন । ধন্যবাদ । ,O O B-Medicine I-Medicine I-Medicine I-Medicine I-Medicine B-Dosage I-Dosage I-Dosage I-Dosage I-Dosage O O O O O O O O O B-Medicine I-Medicine I-Medicine I-Medicine I-Medicine B-Dosage I-Dosage I-Dosage I-Dosage I-Dosage O O O O B-Dosage I-Dosage O O O O O O O O,O O O O O O O O O O O O O O O O O O O O O O O O O O O O O O O O O O O O O O O O O O O O O,Dosage,4.289939995999987,,
ডাক্তার ভাই ‌কে প্রশ্ন করার জন্য ধন্যবাদ । ভালো কোনো গাইনি বিভাগের একজন ডাক্তার এর পরামর্শ নিন । টিউমার এর সাইজ দেখে ডিসিশন নিতে হবে । ধন্যবাদ । ,O O O O O O O O O O B-Specialist I-Specialist I-Specialist I-Specialist O O O O B-Health_Condition O O O O O O O O O,O O O O O O O O O O O O O O O O O O O O O O O O O O O O,Specialist,28.91710591699996,,
ডাক্তার ভাই কে প্রশ্ন করার জন্য ধন্যবাদ এই অবস্হায় সরাসরি না দেখে এবং পরীক্ষা না করে কিছু বলা ঠিক হবেনা আপনি একজন Medicine Speacialist এর পরামর্শ নিন ধন্যবাদ,O O O O O O O O O O O O O B-Medical_Procedure O O O O O O O O B-Specialist I-Specialist O O O O,O O O O O O O O O O O O O O O O O O O O O O O O O O O O,Medical Procedure,3.2250381370000127,,
"ডাক্তার ভাইকে প্রশ্ন করার জন্য ধন্যবাদ । Tab Monas 10 , 0 + 0 + 1 , 10 days . Syrup Adovas , 2 spoon , 3 times , 7 days . ধন্যবাদ । ",O O O O O O O B-Medicine I-Medicine I-Medicine O B-Dosage I-Dosage I-Dosage I-Dosage I-Dosage I-Dosage I-Dosage I-Dosage O B-Medicine I-Medicine O B-Dosage I-Dosage I-Dosage I-Dosage I-Dosage I-Dosage I-Dosage I-Dosage O O O,O O O O O O O O O O O O O O O O O O O O O O O O O O O O O O O O O O,Medicine,9.01878880999999,,
আপনাকে ধন্যবাদ প্রশ্ন করার জন্য । আপনার এলার্জিক রাইনাইটিস হচ্ছে মনে হচ্ছে যা এজমা তে রুপ নিচ্ছে । আপনি একজন ভাল মেডিসিন ডাক্তারের পরামর্শ নিন । ঔষধ নিয়মিত খেতে থাকেন । ধন্যবাদ,O O O O O O O B-Health_Condition I-Health_Condition O O O O O O O O O O O O B-Specialist I-Specialist O O O O O O O O O,O O O O O O O O O O O O O O O O O O O O O O O O O O O O O O O O,Health Condition,3.558855319999964,,
"Thanks for your question . Eat timely , sleep adequately , Eat less spicy foods , avoid deep fried oiy foods , drink plenty of water . without seeing your present condition , medicine can not be given . Thanks",O O O O O O O O O O O O O O O O O O O O O O O O O O O O O O O O O O O O O O O O,O O O O O O O O O O O O O O O O O O O O O O O O O O O O O O O O O O O O O O O O,,3.9402149089999625,,
Thank you for your question . Take tab . Napa rapid 1 + 1 + 1 for 5days . Cap . Seclo20mg 1 + 0 + 1 before meal for 5days . Take rest properly . Use Vicks balm for headache also . Do a CBC test . Thank you,O O O O O O O B-Medicine I-Medicine I-Medicine O B-Dosage I-Dosage I-Dosage I-Dosage I-Dosage O O O B-Medicine I-Medicine I-Medicine B-Dosage I-Dosage I-Dosage I-Dosage I-Dosage I-Dosage I-Dosage O O O O O O O O O O O O O O O O B-Medical_Procedure I-Medical_Procedure O O O,O O O O O O O O O B-Medicine I-Medicine B-Dosage O I-Dosage O I-Dosage O B-Dosage O O O B-Medicine B-Dosage O I-Dosage O I-Dosage O O O B-Dosage O O O O O O O O B-Symptom O O O O O B-Medical_Procedure I-Medical_Procedure O O O,Medicine,2.340468207000015,,
ধন্যবাদ আপনাকে প্রশ্নের জন্য । আপনি একজন স্কিন বিশেষজ্ঞ ডাক্তারের এপয়েনমেন্ট নিন । ওনাকে ছবি তুলে পাঠাতে পারবেন এবং প্রেসক্রিপশন পেয়ে যাবেন । ধন্যবাদ,O O O O O O O B-Specialist I-Specialist O O O O O O O O O O O O O O O,O O O O O O O O O O O O O O O O O O O O O O O O,Specialist,3.0298950279999985,,
Thank you for asking your question to daktarbhai . Apni akjon pediatric doctor er shate consult korun . ,O O O O O O O O O O O B-Specialist I-Specialist O O O O O,O O O O O O O O O O O B-Specialist I-Specialist O O B-Medical_Procedure O O,Specialist,22.603874765,,
"I am < NAME > , 22yrs old , there was a h / o of fever 7days back nd fmly h / o of fever . 5days ago after consultations with my family doctor i started azythromycin , monas 10 , fexo . now fever subsides but 2days back there was severe earache nd headache in temporal region , also pain in my tooth . then I took rolac 10 at bd dose for 1day , that day pain subside but yesterday there was severe headache which is in all part of my head with neck pain . So I want to ask nxt ix nd mx ? ",O O O O O O B-Age O O O O O O O O O B-Symptom O O O O O O O O B-Symptom O O O O O O O O O O O B-Medicine O B-Medicine I-Medicine O B-Medicine O O B-Symptom O O O O O O O B-Symptom O B-Symptom I-Symptom I-Symptom I-Symptom O O B-Symptom I-Symptom I-Symptom I-Symptom O O O O B-Medicine I-Medicine O O O O O O O O B-Symptom O O O O O O B-Symptom I-Symptom I-Symptom I-Symptom I-Symptom I-Symptom I-Symptom I-Symptom I-Symptom O B-Symptom I-Symptom O O O O O O O O O O O,O O O O O O O O O O O O O O O O O O O O O O O O O O O O O O O O O O O O O O O O O O O O O O O O O O O O O O O O O O O O O O O O O O O O O O O O O O O O O O O O O O O O O O O O O O O O O O O O O O O O O O O O O O O O O,Symptom,10.678119637000009,,
আমি < NAME > । ব্র্যাকে আছি । আমার ৫ দিন ধরে জ্বর ও কাশি । কোন কিছুই খাইতে পারতেছি না । ঘ্রান পাচ্ছি না । শরীর খুব দূর্বল । জ্বর কমছে । কাশি আছে এখন ও । ,O O O O O O O O O O O O B-Symptom O B-Symptom O B-Symptom I-Symptom I-Symptom I-Symptom I-Symptom O B-Symptom I-Symptom I-Symptom O B-Symptom I-Symptom I-Symptom O B-Symptom O O B-Symptom O O O O,O O O O O O O O O B-Age I-Age O B-Symptom O B-Symptom O O O O O O O B-Symptom O O O O O B-Health_Condition O B-Symptom O O B-Symptom O O O O,Symptom,1.719187240999986,,
Thank you for your question Take vitamin supplement and orange lemon more . You can visit a medicine specialist if associated symptoms persist . Thank you,O O O O O O B-Medicine I-Medicine O O O O O O O O O B-Specialist I-Specialist O O O O O O O,O O O O O O O O O O O O O O O O O O O O O O O O O O,Medicine,3.3837119060000305,,
আমার বড় ভাই এর মাজার ব্যথা মেরুদন্ডের হাড়ের নিচেই মাঝে মাঝে অবশ মত হয়ে যায় এর কারণটা কি একটু জানাবেন,O O O O B-Symptom I-Symptom B-Symptom I-Symptom I-Symptom I-Symptom I-Symptom I-Symptom I-Symptom I-Symptom I-Symptom O O O O O,O O O O O O O O O O O O O O O O O O O O,Symptom,2.071190739999963,,
ডাক্তার ভাই কে প্রশ্ন করার জন্য ধন্যবাদ বাচ্চার ওজন ১২ - ১৫ কেজি হবে . . আপনি একজন শিশু বিষেশজ্ঞ এর পরামর্শ নিতে পারেন ধন্যবাদ,O O O O O O O O O O O O O O O O O O B-Specialist I-Specialist O O O O O,O O O O O O O O O O O O O O O O O O O O O O O O O,Specialist,2.553805716999989,,
"আমার বাচ্চার বয়স ১১ মাস , গতকাল থেকে হালকা শরীর গরম আর অনেক সর্দি পড়তেছে , এই অবস্থায় করণীয় কি । আজ শুক্রবার হওয়াতে সরাসরি কোনো ডাক্তার দেখাতে পারছি না । ",O O O B-Age I-Age O O O B-Symptom I-Symptom I-Symptom O B-Symptom I-Symptom I-Symptom O O O O O O O O O O O O O O O O,O O B-Age I-Age I-Age O O O B-Symptom I-Symptom I-Symptom O O B-Symptom I-Symptom O O O O O O O O O O O B-Specialist O O O O,Symptom,2.251485084000024,,
"আসসালামু আলাইকুম স্যার , আমার স্ত্রীর মাসিক অনিয়মিত হয় । মাথা ব্যথা করে । বয়স ৩৮ । এক সন্তানের জননী । ",O O O O O O B-Symptom I-Symptom O O B-Symptom I-Symptom O O O B-Age O O O O O,O O O O O O B-Symptom I-Symptom O O B-Symptom I-Symptom O O O B-Age O O O O O,Symptom,1.029634525000006,,
"আপনাকে ধন্যবাদ প্রশ্ন করার জন্য । আপনি ব্যালান্স ডায়েট খান । প্রতিদিন খাদ্য তালিকাতে মাছ , মাংস , ডিম , দুধ , সবজি , সবুজ শাক , ফলমূল রাখুন । পানি খান বেশি করে । নিয়মিত ব্যায়াম করুন । একজন ডক্তারকে দেখিয়ে কিছু রুটিন প্রীক্ষা করিয়ে দেখুন আপনার কোনো রোগ আছে কিনা । ধন্যবাদ",O O O O O O O O O O O O O O O O O O O O O O O O O O O O O O O O O O O O O O O O O O O O O O O O O O O O O O,O O O O O O O O O O O O O O O O O O O O O O O O O O O O O O O O O O O O O O O O O O O O O O O O O O O O O O,,6.997523282999964,,
ডাক্তার ভাই কে প্রশ্ন করার জন্য ধন্যবাদ । আপনি দ্রুত একটা হাসপাতালের যাওয়ার ব্যাবস্থা করুন এই সমস্যার জন্য সরাসরি রোগী দেখা প্রয়োজন আপনি সরাসরি একজন Medicine specialist এর পরামর্শ নিন ধন্যবাদ,O O O O O O O O O O O O O O O O O O O O O O O O O B-Specialist I-Specialist O O O O,O O O O O O O O O O O O O O O O O O O O O O O O O O O O O O O,Specialist,4.84693396900002,,
Thanks for asking question . Take Cap : Sk mox - 500 mg 8 hourly after food - 7days . Tab : Maxpro - 20mg 1 + 0 + 1 - befor meal - 7 days . Thanks,O O O O O O B-Medicine I-Medicine I-Medicine I-Medicine I-Medicine I-Medicine I-Medicine O B-Dosage I-Dosage I-Dosage O O O B-Medicine I-Medicine I-Medicine I-Medicine I-Medicine B-Dosage I-Dosage I-Dosage I-Dosage I-Dosage I-Dosage I-Dosage I-Dosage O O O O O,O O O O O O O O B-Medicine I-Medicine O B-Dosage I-Dosage O O O O O O O O O B-Medicine I-Medicine O B-Dosage I-Dosage O O O O O O O O O O O,Medicine,12.916138440999989,,
আপনারা আমাকে hair transplant করার জন্য যেকোনো একটা ভালো হসপিটালের ঠিকানা পরামর্শ প্রদান করেন । । । । ,O O B-Medical_Procedure I-Medical_Procedure O O O O O O O O O O O O O O,O O B-Medical_Procedure I-Medical_Procedure I-Medical_Procedure O O O O O O O O O O O O O,Medical Procedure,9.95874425300002,,
"আচ্ছালামুয়ালাইকুম , আমি গত ২৬ . ০১ . ২২ থেকে কোভিড - ১৯ পজিটিভ ছিলাম । আমাকে ডাক্তার ভাই থেকে নিয়মিত ফলোআপ করতো , গত ০৯ . ০২ . ২২ আমাকে Recovery Letter দেওয়ার কথা ছিল এইটা আমি কিভাবে পেতে পারি একটু জানাবেন প্লিজ . . . . ",O O O O O O O O O O B-Health_Condition I-Health_Condition I-Health_Condition I-Health_Condition O O O O O O O O O O O O O O O O O O O O O O O O O O O O O O O O O O,O O O O O O O O O O O O O O O O O O O O O O O O O O O O O O O O O O O O O O O O O O O O O O O O,Health Condition,4.392930676999981,,
Thanks for your question . Consult a gastro eneterologist . As you have a long term problem . Thanks,O O O O O O O B-Specialist I-Specialist O O O O O O O O O O,O O O O O O O O O O O O O O O O O O O,Specialist,19.04643028099997,,
Thank you for your question . Repeat the same treatment Protocol After 2 weeks . Thank you . ,O O O O O O O O O O O O O O O O O O,O O O O O O O O O O O O O O O O O O,,17.069987922999985,,
নিউরোলজি ডাক্তার দিন ইসলাম স্যার কোন হাসপাতালে বসে ? সিরিয়াল দেওয়ার মাধ্যম টি দিলে উপকৃত হতাম,O O O O O O O O O O O O O O O O,O O O O O O O O O O O O O O O O,,2.058341820999999,,
"amer ghare khub pain korteche , aktu fule geche , dan bam hoite problem hochhe",O B-Symptom I-Symptom I-Symptom I-Symptom O B-Symptom I-Symptom I-Symptom O B-Symptom I-Symptom I-Symptom I-Symptom I-Symptom,O O O B-Symptom O O O O O O O O O B-Symptom O,Symptom,1.820787174999964,,
Thank you for asking your question to daktarbhai . Normally sob medicine er e course complete korte hoy . apni je doctor er shate consult kore ai medicine khassen tar prescription follow koren . ,O O O O O O O O O O O O O O O O O O O O O O O O O O O O O O O O O O,O O O O O O O O O O O O O O O O O O O O O O O O O O O O O O O O O O,,3.4650735300000406,,
"আপনাকে ধন্যবাদ প্রশ্ন করার জন্য । চুল পরারা কারনের মধ্য বংশগত , হরমনের সমস্যা , খুশকি , পানিতে সমস্যা , কিছু অভ্যাস , থাইরয়েড হরমোনের সমস্যা , টেস্টেস্টেরনের বেশি মাত্রা ইত্যাদি দায়ী । আপনার কোন কারনে হচ্ছে তা নির্নয় করুন । তৈলাক্ত স্কিন বেশি করে পানি দিয়ে ধৌত করুন । রাত জাগবেন না । ব্রন খুটবেন না । ভাজা , পোড়া কম খাবেন । একজন হরমনের ডাক্তার কে দেখিয়ে নিন । ধন্যবাদ । ",O O O O O O O O O O O O B-Health_Condition I-Health_Condition O B-Health_Condition O O O O O O O B-Health_Condition I-Health_Condition I-Health_Condition O B-Health_Condition I-Health_Condition I-Health_Condition O O O O O O O O O O O O O O O O O O O O O O O O O O O O O O O O O O O B-Specialist I-Specialist O O O O O O,O O O O O O O O O O O O O O O O O O O O O O O O O O O O O O O O O O O O O O O O O O O O O O O O O O O O O O O O O O O O O O O O O O O O O O O O O,Health Condition,6.57840758399999,,
santogen ei medicin ta kiser r keno khay bolen please,B-Medicine O O O O O O O O O,O O O O O O O O O O,Medicine,6.398765099999991,,
ji bomir tablat khala koma jay ami domiron khai,O B-Medicine I-Medicine O O O O B-Medicine O,O B-Medicine I-Medicine O O O O B-Medicine O,Medicine,4.466412725999987,,
tairox 50mg 1bar 3mas raning somossa biddi dose ki baranu jay ? ,B-Medicine I-Medicine B-Dosage O O O O O O O O O,O O O O O O O O O O O O,Medicine,3.117765824999992,,100.0
একজন গর্বভতী রুগীর জ্বর ১০৪ ও অনেক কাশি গর্বের বয়স ৫ মাস চলে কি ঔষধ খাওয়ানো যাবে,O B-Health_Condition O B-Symptom I-Symptom O O B-Symptom O O O O O O O O O,O B-Health_Condition O B-Symptom O O O I-Symptom O O B-Age I-Age O O B-Medicine O O,Symptom,2.695138544000031,,101.0
ডাক্তার ভাই কে প্রশ্ন করার জন্য ধন্যবাদ । না দেখে কিছু বলতে পারছি না । হাসপাতাল নিয়ে যান । ধন্যবাদ । ,O O O O O O O O O O O O O O O O O O O O O,O O O O O O O O O O O O O O O O O O O O O,,4.034428526999989,,102.0
Thanks for questioning daktarbhai . please take Tab . Napa 500mg 1 + 1 + 1 if fever > 100F Tab . Fexo 120mg 0 + 0 + 1 for 7 days Tab . Xinc - B 0 + 1 + 0 for 1 month And do COVID - 19 test and inform us,O O O O O O O B-Medicine I-Medicine I-Medicine I-Medicine B-Dosage I-Dosage I-Dosage I-Dosage I-Dosage O O O O B-Medicine I-Medicine I-Medicine I-Medicine B-Dosage I-Dosage I-Dosage I-Dosage I-Dosage O O O B-Medicine I-Medicine I-Medicine I-Medicine I-Medicine B-Dosage I-Dosage I-Dosage I-Dosage I-Dosage O O O O O B-Medical_Procedure I-Medical_Procedure I-Medical_Procedure I-Medical_Procedure O O O,O O O B-Specialist O O O O O B-Medicine I-Medicine B-Dosage O B-Dosage O B-Dosage O B-Symptom O B-Dosage O O B-Medicine I-Medicine B-Dosage O B-Dosage O B-Dosage O B-Dosage O B-Dosage O O O B-Medicine I-Medicine O O B-Dosage O B-Dosage O B-Dosage O B-Dosage O B-Dosage O O O B-Health_Condition O,Medicine,3.706652741000028,,103.0
At first take my salam . kmn asen ? asa kori vlo asn . amr baby r age 11month . ami Rangpur a thaki . akhana onk thanda porasa . goto kal hta babur khub kasi . Ambrox serap khaoyasi . sokala khub kasa . saradin kom thaka . sokala ghum hta uthai khub kasa . akhon ki korta pari ? tulsi patar ros ki khaoyabo ? pls help me,O O O O O O O O O O O O O O O O O O B-Age O O O O O O O O O O O O O O O B-Symptom I-Symptom O B-Medicine I-Medicine O O B-Symptom I-Symptom I-Symptom O O O O O B-Symptom I-Symptom I-Symptom I-Symptom I-Symptom I-Symptom O O O O O O O O O O O O O O O,O O O O O O O O O O O O O O O O O O O O O O O O O O O O O O O O O O O O O O O O O O O O O O O O O O O O O O O O O O O O O O O O O O O O O O,Symptom,6.076319927999975,,104.0
আমার মেয়ের বয়স ১০ বছর ৷ প্রায় আট মাস আগে ওর গায়ে ছৌদের মত সাদা সাদা মনে হচ্ছিল ৷ কিছু দিন পর সেগুলো ধবলের ন্যায় সাদা হতে থাকে ৷ স্কিন বিশেষজ্ঞ ডাক্তার দেখিয়ে ঔষধ খাওয়ানোর পর একটু কম মনে হলেও পরে দেখাযায় পা দিয়েও সাদা সাদা উঠছে ৷ এখন আবার দেখা যাচ্ছে চুলের গোরা সাদা হয়ে যাচ্ছে এ অবস্থায় কি করব ? ঢাকার কোন ডা : দেখানো সবচেয়ে ভাল হবে জানালে উপকৃত হব ৷ ,O O O B-Age I-Age O O O O O O B-Symptom I-Symptom I-Symptom I-Symptom I-Symptom I-Symptom I-Symptom O O O O O O O O O O O O O O O O O O O O O O O O O O O O O O O O O O B-Symptom I-Symptom I-Symptom O O O O O O O O O O O O O O O O O O O,O O O O O O O O O O O O O O O O O O O O O O O O O O O O O O O O O O O O O O O O O O O O O O O O O O O O O O O O O O O O O O O O O O O O O O O O O O,Symptom,56.76680274199998,,105.0
পায়ের নখ কালো হয়ে গেছে কি করলে সাদা হবে ? ,B-Symptom I-Symptom I-Symptom I-Symptom I-Symptom O O O O O,O O O O O O O O O O,Symptom,5.0963017909999735,,106.0
সকাল থেকে ৩ বার পাতলা পায়খানা হয়েছে ৷ পেটে ব্যাথা ছিলো সকালে । একটু পরপর পেট মোচড় দিচ্ছে । শরীরটা বেশ দুর্বল লাগছে ৷ কি করণীয় ? ,O O B-Symptom I-Symptom I-Symptom I-Symptom O O B-Symptom I-Symptom O O O O O B-Symptom I-Symptom I-Symptom O B-Symptom I-Symptom I-Symptom O O O O O,O O O O O O O O O O O O O O O O O O O O O O O O O O O,Symptom,4.215228102999959,,107.0
"আপনার প্রশ্নের জন্য ধন্যবাদ । আপনি তরল খাবার , স্যালাইন , পানি খাবেন । দুশ্চিন্তা কমান , পর্যাপ্ত বিশ্রাম নিন । সন্ধ্যার পর চা , কফি খাবেন না । ঘুমানোর আগে গরম পানিতে গোসল করুন । ধন্যবাদ",O O O O O O O O O B-Medicine O O O O O O O O O O O O O O O O O O O O O O O O O O O,O O O O O O O O O O O O O O O O O O O O O O O O O O O O O O O O O O O O O,Medicine,0.6303696739999509,,108.0
আমার ৩ দিন যাবদ নাক দিয়ে পানি বের হচ্ছে এবং হাচ্ছি হয় হালকা শরীর গরম লাগে কি ঔষধ খাব । ,O O O O B-Symptom I-Symptom I-Symptom I-Symptom I-Symptom O B-Symptom O O B-Symptom I-Symptom O O O O O,O O O O O O O O O O O O O O O O O O O O,Symptom,6.493940227999985,,109.0
‌মে‌য়ে‌দের মত ছে‌লে‌দেরও কি টি‌টি টিকা দেওয়ার প্রয়োজন আ‌ছে ? থাক‌লে কি হেপাটাই‌টিস বি টিকার সা‌থে দেওয়া যা‌বে এবং দেওয়ার নিয়ম‌টি জানা‌বেন ? ,O O O O B-Medicine I-Medicine O O O O O O B-Medicine I-Medicine I-Medicine O O O O O O O O,O O O O O O O O O O O O O O O O O O O O O O O,Medicine,2.227168200000051,,110.0
"আমার মাথায় খুব খুশকি , এবং চুল পড়তেছে ! স্যার এখন কি করা যায় ? ",O B-Symptom I-Symptom I-Symptom O O B-Symptom I-Symptom O O O O O O O,O O O B-Symptom O O B-Symptom I-Symptom O O O O O O O,Symptom,10.62221256600003,,111.0
আলহামদুলিল্লাহ আমি ভালো আছি । নিয়ম বোঝার জন্য মেসেজ করলাম । ,O O O O O O O O O O O,O O O O O O O O O O O,,0.3720149039999683,,112.0
প্রশ্ন করার জন্য ধন্যবাদ । ওজন বাড়ার অনেক ধরনের কারণ রয়েছে অনেক সময় শুধুমাত্র ব্যায়াম করে ওজন নিয়ন্ত্রণে রাখা সম্ভব হয়না । সঠিক কারণ জানার জন্য আপনাকে কিছু পরীক্ষা করে দেখতে হবে । ,O O O O O O O O O O O O O O O O O O O O O O O O O O O O O O O O O,O O O O O B-Symptom I-Symptom O O O O O O O B-Medical_Procedure O B-Symptom I-Symptom O O O O O O O O O O B-Medical_Procedure O O O O,,1.994852324000021,,113.0
ডাক্তার ভাই কে প্রশ্ন করার জন্য ধন্যবাদ আপনি প্রতি রাতে ১ টা করে Tab Rivotril 0 . 5 mg খাবেন । আপনি একজন Medicine specialist এর পরামর্শ নিতে পারেন । ধন্যবাদ,O O O O O O O O B-Dosage I-Dosage I-Dosage I-Dosage I-Dosage B-Medicine I-Medicine I-Medicine I-Medicine I-Medicine I-Medicine O O O O B-Specialist I-Specialist O O O O O O,O O O O O O O O O O O O O B-Medicine I-Medicine B-Dosage I-Dosage I-Dosage I-Dosage O O O O B-Specialist I-Specialist O O O O O O,Dosage,1.6855256010000517,,114.0
আমার ছেলের বয়স ৯ মাস । ওর এম আর ( হাম রুবেলা ) টীকা দেওয়ার তারিখ ১৭ / ০৬ । এটা কি মাস খানেক দেরি করে দিলে কোন সমস্যা হবে ? আর এটা দেরি করে দিলে পরবর্তি টীকা দেওয়ার তারিখ ও কি পিছিয়ে যাবে ? ,O O O B-Age I-Age O O B-Medicine I-Medicine I-Medicine I-Medicine I-Medicine I-Medicine I-Medicine O O O O O O O O O O O O O O O O O O O O O O O B-Medicine O O O O O O O,O O O O O O O O O O O O O O O O O O O O O O O O O O O O O O O O O O O O O O O O O O O O O,Medicine,2.8358714830000054,,115.0
"Thanks for your question to daktar Bhai . Please take Tab Fexo 120 mg 1 + 0 + 0 for 3 days and tab Ace 500 mg , 1 + 0 + 1 , for 3 days . Please use mask and please do RT PCR test for covid 19 . Thanks",O O O O O O O O O O B-Medicine I-Medicine I-Medicine I-Medicine B-Dosage I-Dosage I-Dosage I-Dosage I-Dosage O O O O B-Medicine I-Medicine I-Medicine I-Medicine O B-Dosage I-Dosage I-Dosage I-Dosage I-Dosage O O O O O O O O O O O B-Medical_Procedure I-Medical_Procedure I-Medical_Procedure O O O O O,O O O O O O O O O O O O O O O O O O O O O O O O O O O O O O O O O O O O O O O O O O O O O O O O O O O O,Medicine,5.12608290899999,,116.0
বাচ্চার বয়স ৭ মাস । মিনিকন খাচ্চিলাম । এখন অনিয়মিত মাসিক হচ্ছে । মাসে ২বার ও মাসিক হয়ে যাচ্ছে । এখন আমার কি করা উচিত ? জন্ম নিয়ন্ত্রণে কোন পদ্ধতি গ্রহণ করা উচিত ? ,O O B-Age I-Age O O O O O B-Health_Condition I-Health_Condition O O O O O O O O O O O O O O O B-Medical_Procedure I-Medical_Procedure O O O O O O,O O O O O O O O O O O O O O O O O O O O O O O O O O O O O O O O O O,Age,3.608421696999983,,117.0
"ডাক্তার ভাইকে প্রশ্ন করার জন্য ধন্যবাদ । অবশ্যই ভিটামিন - সি কাটা ঘা দ্রুত সারাতে সাহায্য করে । বেশি করে লেবু , কমলালেবুর শরবত খাবেন । সীভিট চুষে খাবেন দিনে দুই বেলা । এবং কাটা ঘা Viodin 10 % Solution দিয়ে পরিষ্কার করবেন , দিনে দুই থেকে তিন বেলা । ধন্যবাদ । ",O O O O O O O O O O O O O O O O O O O O O O O O O O O O O O O O O O O O B-Medicine I-Medicine I-Medicine I-Medicine O O O O O O O O O O O O,O O O O O O O O O O O O O O O O O O O O O O O O O O O O O O O O O O O O O O O O O O O O O O O O O O O O,Medicine,4.772563257000002,,118.0
"আসসালামু আলাইকুম আমার wife এর প্রেশার লো আসছে । ১০২ / ৬৪ । । । কি করতে পারে , ইমপ্রুভমেন্ট এর জন্য ? ? বয়স - ২৮",O O O O O B-Symptom I-Symptom O O O O O O O O O O O O O O O O O O O B-Age,O O O O O O O O O O O O O O O O O O O O O O O O O O O,Symptom,2.7066955210000287,,119.0
"হঠাৎ করে মৃদু মৃদু বুকে ব্যাথা করছে , , এজন্য কি কোনো ব্যায়াম , কি কোনো খাবার খেতে হবে",O O B-Symptom I-Symptom I-Symptom I-Symptom O O O O O O O O O O O O O,O O B-Symptom I-Symptom B-Symptom I-Symptom O O O O O O B-Medical_Procedure O O O O O O,Symptom,4.968906644000015,,120.0
emergency help দাত বেথার জন্য কি প্যারাসিটামল ৫০০ দিতে হবে নাকি এক্সটেন্ট বয়স 48,O O O O O O B-Medicine I-Medicine O O O O B-Age I-Age,O O B-Symptom I-Symptom O O B-Medicine B-Dosage O O O O B-Age I-Age,Medicine,1.558419004999962,,121.0
"amr gotokal dupor theke onk pet kharap , onk pani portese . sondha theke 103 jor , ajk3 dupor theke jor 100 r niche please advise",O O O O O B-Symptom I-Symptom O O O O O O O B-Symptom I-Symptom O O O O O O O O O O,O O O O O O O O O O O O O O O O O O O O O O O O O O,Symptom,2.7599371819999874,,122.0
"পিরিয়ডের ডেট ছিল but লেট হচ্ছে , আবার বমি ভাবও আছে , , এটা কি pregnancy লক্ষণ ? ? ",B-Symptom I-Symptom I-Symptom I-Symptom I-Symptom I-Symptom O O B-Symptom O O O O O O B-Health_Condition O O O,O O O O O O O O B-Symptom I-Symptom O O O O O B-Health_Condition I-Health_Condition O O,Symptom,2.430265311000028,,123.0
আমি < NAME > অনেক দিন ধরে অসুস্থ ছিলাম আমি বেক্সিমকোর স্টাফ হউয়া সত্তেও ক্যাশব্যক এর জন্য আবেদন করেও পাই নাই কিন্তু কেনো এটাই আমার প্রশ্ন ছিলো ? ,O O O O B-Symptom I-Symptom I-Symptom I-Symptom I-Symptom O O O O O O O O O O O O O O O O O O O,O O O O O O O B-Health_Condition O O O O O O O O O O O O O O O O O O O O,Symptom,1.0445416909999494,,124.0
আমার মা আর বোনের কালকে থেকে গা ব্যাথা আছে কাশি আছে । আমার মার বয়স 48 ডিয়াবেটিস আছে জর আছে । আর বোনের ও জর আর গা ব্যাথা । আমার বোনের বয়শ 27 । ওজন 55 । ওর জর আছে । আর আমার গা ব্যাথা নেই but জর আছে বুক আর মাথা ভার ভার লাগে মাথা ব্যাথা আছে । জর এর জন্য নাপা খেয়েছি । এই মুহূর্তে আমাদের কি করা উচিত,O O O O O O B-Symptom I-Symptom O B-Symptom O O O O O B-Age B-Health_Condition O B-Symptom O O O O O B-Symptom O B-Symptom I-Symptom O O O O B-Age O O O O O B-Symptom O O O O B-Symptom I-Symptom O O B-Symptom O B-Symptom I-Symptom I-Symptom I-Symptom I-Symptom I-Symptom B-Symptom I-Symptom O O B-Symptom O O B-Medicine O O O O O O O O,O O O O O O O O O O O O O O O O O O O O O O O O O O O O O O O O O O O O O O O O O O O O O O O O O O O O O O O O O O O O O O O O O O O O O O O,Symptom,7.917540415000019,,125.0
Thank you for your question This is a symptom of diabetes or prostate enlargement . If consult with a medicine specialist and act accordingly Thank you,O O O O O O O O O O B-Health_Condition O B-Health_Condition I-Health_Condition O O O O O B-Specialist I-Specialist O O O O O,O O O O O O O O O O B-Health_Condition O B-Health_Condition I-Health_Condition O O O O O B-Medicine I-Medicine O O O O O,Health Condition,1.6146344150000118,,126.0
"আপনার প্রশ্নের জন্য ধন্যবাদ । এটা খুব ই স্বাভাবিক , কোন কর্মজীবী মানুষ অবসর গ্রহন করলে হঠাত করে মানুষিক ভাবে ভেঙে পড়তে পারে । অবসাদ গ্রস্থ হতে পারে , তাই পরিবারের সবার উচিত উনাকে বেশি করে সময় দেয়া , আনন্দএ সময় কাটানো । যাতে উনি একাকিত্ব বোধ না করেন । এবং উনাকে এটা বোঝাতে হবে যেে ব্যাপার টাা খুবই স্বাভাবিক । তাকেে টেনশন মুুুক্ত রাখার চেষ্টা করুন । ধন্যবাদ । ",O O O O O O O O O O O O O O O O O O O O O O O O O O O O O O O O O O O O O O O O O O O O O O O O O O O O O O O O O O O O O O O O O O O O O O,O O O O O O O O O O O O O O O O O O O O O O O O O O O O O O O O O O O O O O O O O O O O O O O O O O O O O O O O O O O O O O O O O O O O O O,,6.641083704000039,,127.0
Golai Hotat Onek Betha hoitese Sathe hachi astese onek sas nite o kostho hoitese ki khete pari ekhon ei mohorte,B-Symptom I-Symptom I-Symptom I-Symptom O O B-Symptom O O B-Symptom I-Symptom I-Symptom I-Symptom O O O O O O O,O O O O O O O O O O O O O O O O O O O O,Symptom,2.402925906000007,,128.0
♥স্যার আমার মাঝে মাঝে পেট এর সমস্যা হয় আর পাতলাপায়খানা হয় কিছু খাইলে পেট এর মাঝে ডাকা ডাকি করে ♥আর একটা সমস্যা প্রেসাব মাঝেমধ্যে হলুদ রং হয় এখন আমি কি করব প্লিজ স্যার,O B-Symptom I-Symptom I-Symptom I-Symptom I-Symptom I-Symptom I-Symptom I-Symptom I-Symptom I-Symptom I-Symptom I-Symptom I-Symptom I-Symptom I-Symptom I-Symptom I-Symptom I-Symptom O B-Symptom I-Symptom I-Symptom I-Symptom I-Symptom O O O O O O O O,O O O O O O O O O O O O O O O O O O O O O O O O O O O O O O O O O,Symptom,3.907335663000026,,129.0
"Dear sir , My mother is 50 year ' s old , weight is 80 kilogram , diabetic patient & also have high blood pressure . recently she has been suffering from lumbar spondylosis since last 1year . feeling Chronic back pain in her back and numbness . always feeling unbearable pain all of her body and Can ' t do anything . what can i do ? please advice me sir",O O O O O O B-Age I-Age O O O O O O O O O B-Health_Condition O O O O B-Health_Condition I-Health_Condition I-Health_Condition O O O O O O O B-Health_Condition I-Health_Condition O O O O O B-Symptom I-Symptom I-Symptom I-Symptom I-Symptom I-Symptom I-Symptom I-Symptom O O O B-Symptom I-Symptom I-Symptom I-Symptom I-Symptom I-Symptom O O O O O O O O O O O O O O O O,O O O O O O B-Age I-Age O O O O O B-Dosage O O B-Health_Condition O O O O B-Health_Condition I-Health_Condition I-Health_Condition O O O O O O O O B-Health_Condition I-Health_Condition O O O O O B-Symptom I-Symptom I-Symptom O O B-Symptom O I-Symptom O O O B-Symptom I-Symptom O O O O O O O O O O O O O O O O O O O O,Health Condition,1.2818727260000171,,130.0
mentally problem . i wanted to hutr myself . how i solve problem ? ,B-Health_Condition I-Health_Condition O O B-Symptom I-Symptom I-Symptom I-Symptom O O O O O O,O O O O O O O O O O O O O O,Health Condition,1.0532363490000307,,131.0
"আমার গত কয়েকদিন থেকে প্রতি দু ' একদিন পরপর সপ্নদোষ হয় , এটা কি কোন সমস্যা ? যদি সমস্যা হয় তাহলে এর সমাধান কি ? জানালে উপকৃত হব । ",O O O O O O O O O O O O O O O O O O O O O O O O O O O O O,O O O O O O O O O B-Symptom O O O O O B-Health_Condition O O B-Health_Condition O O O O O O O O O O,,0.631757016999984,,132.0
"প্রফেসর < NAME > , শিশু সার্জেন্ট এনার অ্যাপোয়েন্টমেন্ট কিভাবে নেব ? ",O O O O O B-Specialist I-Specialist O O O O O,O O O O O O O O O O O O,Specialist,2.8676326870000253,,133.0
Unwanted pregnancy ER jonno doctor amake mmkit medicine ta diyeche . Ami jante chachi mmkit khaoar por AMR 10month ER baby ke ki Ami breastfeed korate parbo,O B-Health_Condition O O O O B-Medicine O O O O O O O B-Medicine O O O O O O O O O O O O,O O O O O O B-Medicine I-Medicine O O O O O O B-Medicine I-Medicine O O B-Age O O O O O O O O,Medicine,4.219603869000025,,134.0
fever for 4 days between 101 to 103 degree continuously with no other symptom . . ,B-Symptom I-Symptom I-Symptom I-Symptom I-Symptom I-Symptom I-Symptom I-Symptom I-Symptom O O O O O O O,O O O O O O O O O O O O O O O O,Symptom,7.155325879999964,,135.0
"My mother is 65 years old . I have diabetes , pressure , gas , thyroid problems . Can I get the corona vaccine ? ",O O O B-Age I-Age I-Age O O O B-Health_Condition O B-Health_Condition O B-Health_Condition O B-Health_Condition I-Health_Condition O O O O O B-Medicine I-Medicine O,O O O O O O O O O O O O O O O O O O O O O O O O O,Health Condition,6.038025037000011,,136.0
kopale fora hoiche khub pain sarjari kora jabe ki ? ? ? ? ,B-Health_Condition I-Health_Condition O O B-Symptom O O O O O O O O,O O O O O O O O O O O O O,Health Condition,3.3395908429999963,,137.0
আসসালামু আলাইকুম ৷ আমার প্রচুর পরিমানে চুল পড়ে ৷ সামনের দিকে অনেকটা টাক পরে গেছে । চুল পরা রোধে বা টাক পরা জায়গায় চুল উঠানোর জন্য কী করণীয় ? trugain 5 % কতটুক কার্যকরী ৷ hair transplant সম্পকে একটু ধারনা দিলেও উপকৃত হব । আমার বয়স ২৩ ৷ ,O O O O B-Symptom I-Symptom I-Symptom I-Symptom I-Symptom B-Symptom I-Symptom I-Symptom I-Symptom I-Symptom I-Symptom O O O O O O O O O O O O O O B-Medicine I-Medicine I-Medicine O O O O O O O O O O O O O O B-Age O,O O O O O O B-Symptom I-Symptom O O O O B-Symptom O O O B-Symptom I-Symptom O O B-Symptom I-Symptom O B-Symptom O O O O O O B-Medicine B-Dosage I-Dosage O O O B-Medical_Procedure I-Medical_Procedure O O O O O O O O O B-Age,Symptom,12.409011789999964,,138.0
প্রায় ১ বছর ও আমার ব্রেকআপ হল । প্রায় সব সময় ওর কথা মনে অয় । আমার কোনো কিছু তে মন বসে না । আমার বন্ধুর সাথে ঝগড়া হয়ে যায় । আমি ডিপ্রেশনে খিটখিটে সবা বের হয়ে যাচ্ছে । অর fb r instra txt dei jodio se dekhe na . সামনে পরীক্ষা দিব । দেশে থাকারও ইচ্ছা নাই । আবার ফ্যামিলির বড় ছেলে । কত চাপ সামলাইতে পারতেছি । এক মাসের মধ্যে পরীক্ষা,O O O O O O O O O O O O O O O O O O O O O O O O O O O O O O O O B-Health_Condition B-Symptom I-Symptom I-Symptom I-Symptom I-Symptom O O O O O O O O O O O O O O O O O O O O O O O O O O O O O O O O O O O,O O O O O O O O O O O O O O O O O O O O O O O O O O O O O O O O O O O O O O O O O O O O O O O O O O O O O O O O O O O O O O O O O O O O O O O O O,Health Condition,6.597094733000006,,139.0
আপনাকে ধন্যবাদ প্রশ্ন করার জন্য । আপনার ডায়াবেটিস পরীক্ষা করুন । আপনি একজন ডায়েটেসিয়ান কে দেখান । ,O O O O O O O B-Medical_Procedure I-Medical_Procedure O O O O B-Specialist O O O,O O O O O O O O O O O O O O O O O,Medical Procedure,6.4124401659999535,,140.0
একজন হার্ট এর রুগির কি কি খাবার এড়িয়ে চলা উচিত,O B-Health_Condition I-Health_Condition I-Health_Condition O O O O O O,O O O O O O O O O O,Health Condition,5.361881123999979,,141.0
আপনাকে ধন্যবাদ প্রশ্ন করার জন্য । অতিরিক্ত ওজন ও কোন কোন সময় অতিরিক্ত Gym করলে এ ধরনের দাগ দেখা যায় । ওজন কমাতে হবে । ধন্যবাদ । ,O O O O O O O O O O O O O O O O O O O O O O O O O O O,O O O O O O O O O O O O O O O O O O O O O O O O O O O,,2.5373207739999657,,142.0
"গ্রাহক , আপনার প্রশ্নের জন্য ধন্যবাদ , গ্রাহক , বাজারে ওজন কমানোর জন্য বিভিন্ন ধরণের ঔষধ পাওয়া যেতে পারে । তবে সেই ঔষধ গুলো কতখানি কার্যকর বা নিরাপদ তার কোন বৈজ্ঞানিক ভিত্তি নেই । যেকোনো ধরণের ঔষধ এর ই কিছু না কিছু পার্শ্ব প্রতিক্রিয়া থাকে । তাই ওজন কমানোর জন্য কোন ডাক্তারের পরামর্শ ছাড়া কোন ধরণের ঔষধ খাওয়া ঠিক নয় । শরীরের লম্বার সঙ্গে ওজনের একটা অনুপাত থাকে , এই অনুপাতকে ( BMI ) বডি মাস ইনডেক্স বলে . যেমন ধরুন আপনার উচ্চতা আর আপনার ওজনে যদি আপনার BMI 18 - 24 . 9 হয় তালে এটা নরমাল । 24 . 9 এর বেশি হলে , আপনাকে ওজন কমাতে হবে । ওজন কমানোর জন্য আপনি কতগুলো জিনিস করতে পারেন । যেমন আপনার মোট খাওয়ার পরিমান কমাতে হবে . ভাত , আলু , রুটি এবং মিষ্টি খাওয়ার পরিমান কমাতে হবে । প্রচুর পরিমানে পানি খেতে হবে । Protin জাতীয় খাবার শাকসব্জি , মুরগি এবং মাস খেতে হবে . প্রতিদিন নিয়মিত ব্যায়াম করতে হবে , এমন কিছু করুন যাতে আপনি আনন্দ পান . শুরুতে ২০ মিনিট করে তারপর ধীরে ধীরে সময় বাড়াতে হবে Iরাতে ৮ থেকে ৯ ঘন্টা ঘুমানো উচিত Iতৈলাক্ত এবং ভাজা খাবার খাবেন না , কোমল জাতীয় পানীয় পান করবেন না । পেট এর মেদ কমানোর জন্য green tea খুবি উপকারি । আপনি প্রতিদিন ৩ - ৪ কাপ green teaখেতে পারেন । বেশি করে লেবু , শশা , টক দই খাবেন । এতে করে পেট এর মেদ কমবে । পেট এর মেদ কমানোর জন্য কিছু aerobics exercise আছে । সেগুল নিয়মিত করবেন । ওজন কমানোর জন্য খাওয়া দাওয়ার ব্যাপারে একজন নিউট্রিশনিস্ট এর পরামর্শ নিতে পারেন এবং তার কাছ থেকে আপনি খাদ্য তালিকা নিতে পারেনI ওজন ধীরে ধীরে কমানো উচিত Iতাড়াতাড়ি ওজন কমানোর চেষ্টা করলে আপনি অসুস্থ হয়ে পড়তে পারেন । মনে হয় আপনাকে সাহায্য করতে পেরেছি ভালো থাকবেন । ",O O O O O O O O O O O O O O O O O O O O O O O O O O O O O O O O O O O O O O O O O O O O O O O O O O O O O O O O O O O O O O O O O O O O O O O O O O O O O O O O O O O O O O O O O O O O O O O O O O O O O O O O O O O O O O O O O O O O O O O O O O O O O O O O O O O O O O O O O O O O O O O O O O O O O O O O O O O O O O O O O O O O O O O O O O O O O O O O O O O O O O O O O O O O O O O O O O O O O O O O O O O O O O O O O O O O O O O O O O O O O O O O O O O O O O O O O O O O O O O O O O O O O O O O O O O O O O O O O O O O B-Specialist O O O O O O O O O O O O O O O O O O O O O O O O O O O O O O O O O O O O O O,O O O O O O O O O O O O O O O O O O O O O O O O O O O O O O O O O O O O O O O O O O O O O O O O O O O O O O O O O O O O O O O O O O O O O O O O O O O O O O O O O O O O O O O O O O O O O O O O O O O O O O O O O O O O O O O O O O O O O O O O O O O O O O O O O O O O O O O O O O O O O O O O O O O O O O O O O O O O O O O O O O O O O O O O O O O O O O O O O O O O O O O O O O O O O O O O O O O O O O O O O O O O O O O O O O O O O O O O O O O O O O O O O O O O O O O O O O O O O O O O O O O O O O O O O O O O O O O O O O O O O O O O O O O O O O O O O O O O O O O O O O O O O O O O O O O O O O O O O O O,Specialist,23.812103201000014,,143.0
"আমার দাতের মারির একটা অংশ ভাংগা আছে , , , এই খান থেকে মাঝে মাঝে রক্ত পরে । করনার জন্য ডাক্তার দেখাতে পারচি নাহ , , , তাই আপাতত ঘরোয়া পদ্ধতিতে কি করব একটা পরামশ দিন যাতে করে রক্ত পরা বন্ধ হয় । । । ধন্যবাদ",O B-Health_Condition I-Health_Condition I-Health_Condition I-Health_Condition I-Health_Condition O O O O O O O O O B-Symptom I-Symptom O B-Health_Condition O O O O O O O O O O O O O O O O O O O B-Symptom I-Symptom O O O O O O,O O O O O O O O O O O O O O O O O O O O O O O O O O O O O O O O O O O O O O O O O O O O O O,Health Condition,4.966076304000012,,144.0
আমার বয়স ৩৫ বছর । গত ১০ / ১৫ দিন আগে চিকেন ফক্স উঠছে কিন্তু মুখের এবং গায়ের দাগ রয়ে গেছে । এখন আমি কি করনীয় । জানাবেন । ,O O B-Age I-Age O O B-Symptom I-Symptom I-Symptom I-Symptom I-Symptom I-Symptom I-Symptom I-Symptom B-Symptom I-Symptom I-Symptom I-Symptom I-Symptom I-Symptom I-Symptom O O O O O O O O,O O O O O O O O O O O O O O O O O O O O O O O O O O O O O,Symptom,1.8254003299999797,,145.0
"ধন্যবাদ আপনাকে প্রশ্ন করার জন্য । প্রিয় গ্রাহক , আপনার রোগটির চিকিৎসার জন্য আরও বিস্তারিত তথ্য জানা দরকার । আপনি ডাক্তারভাই এপ্লিকেশন থেকে ' Video Call To A Doctor ' সার্ভিসটি ব্যবহার করে একজন বক্ষব্যাধি বিশেষজ্ঞ ডাক্তারের এপয়েন্টমেন্ট নিয়ে ভিডিও কল এ কথা বলতে পারেন এবং আপনার রিপোর্ট র ছবি তুলে ডাক্তার কে পাঠাতে পারবেন । ডাক্তারএর লেখা প্রেস্ক্রিপশন আপনি আপনার এপ্লিকেশন এ পেয়ে যাবেন । এছাড়া ডাক্তারভাই এ বাসায় গিয়ে স্যাম্পল কালেকশন করে থাকে । আরও বিস্তারিত জানতে < NUMBER > তে কল করুন । ধন্যবাদ । ",O O O O O O O O O O O O O O O O O O O O O O O O O O O O O O O O O O B-Specialist I-Specialist O O O O O O O O O O O O O O O O O O O O O O O O O O O O O O O O O O O O O O O O O O O O O O O O O O O O,O O O O O O O O O O O O O O O O O O O O O O O O O O O O O O O O O O O O O O O O O O O O O O O O O O O O O O O O O O O O O O O O O O O O O O O O O O O O O O O O O O O O O O O O,Specialist,6.6382655959999965,,146.0
sudhu jalapura ata ki coronavirus er lokhkon na gestiker problem ? ,O B-Symptom O O B-Health_Condition O O O B-Health_Condition O O,O O O O O O O O O O O,Health Condition,4.740044782000041,,147.0
"স্যার , আমি প্রায় অনেক দিন ( প্রায় ১ বছর ) বন্ধু দের পাল্লায় পড়ে ইয়াবা সেবন করেছি । কিন্তু কিছু দিন হল আমি এগুলো ছেড়ে দিছি এবং এলাকা হতে অনেক দূরে এসে চাকরি করছি কিন্তু আমার বিকাল হলেই ঐ জিনিসটার খেতে অনেক মনে চায় । এবং আমার মাথা ব্যাথা করে , আমার স্বাস্থও অনেকটাই নষ্ট হয়ে গেছে । এখন এমন অবস্থা হতে আমি কি ভাবে মুক্তি পেতে পারি এবং শারীরিক ও মানসিক ভাবে সুস্থ থাকেন পারি । তার জন্য আপনার পরামর্শ এবং চিৎসার প্রয়োজন । দয়াকরে আমাকে সাহায্য করোন",O O O O O O O O O O O O O O O O O O O O O O O O O O O O O O O O O O O O O O O O O O O O O O O O B-Symptom I-Symptom O O O B-Symptom I-Symptom I-Symptom O O O O O O O O O O O O O O O O O O O O O O O O O O O O O O O O O O,O O O O O O O O O O O O O O O B-Medicine O O O O O O O O O O O O O O O O O O O O O O O O O O O O O O O O O B-Symptom I-Symptom O O O O O O O O O O O O O O O O O O O O O O O O O O O O O O O O O O O O O O O,Symptom,3.5691057120000096,,148.0
"একটু আগেও প্রশ্ন করেছিলাম , আসলে আমার আম্মুর groin এ চুলকানি ছিল , তখন ডাক্তার neosten fc ক্রিম সাজেস্ট করে । কিছু ২ মাস পরেও এই চুলকানি ভাল হয় নি । বরং তা প্রায় সারা শরিরে ছড়িয়ে গেছে . . . এখন কোন ওষুধ খেতে হবে ? অনেক অসুস্থ বলে সরাসরি ডাক্তারের নিকট যেতেও পারতেছেন না । ",O O O O O O O O B-Symptom I-Symptom I-Symptom O O O O B-Medicine I-Medicine I-Medicine O O O O O O O O B-Symptom O O O O O O O O O O O O O O O O O O O O O O O O O O O O O O,O O O O O O O O O O O O O O O O O O O O O O O O O O O O O O O O O O O O O O O O O O O O O O O O O O O O O O O O O,Symptom,5.20042717900003,,149.0
"ডাক্তার ভাইকে প্রশ্ন করার জন্য ধন্যবাদ । আপনার মায়ের পায়ের একটা এক্সরে করিয়ে ডাক্তারকে দেখান এবং সেই অনুযায়ী পরামর্শ নিন । আপনার মায়ের ডায়াবেটিস , প্রেসার আছে কিনা জানান নাই । ধন্যবাদ",O O O O O O O O O O O B-Medical_Procedure O O O O O O O O O O O B-Health_Condition O B-Health_Condition O O O O O O,O O O O O O O O O O O O O O O O O O O O O O O O O O O O O O O O,Health Condition,6.257770319999963,,150.0
ডাক্তার ভাইকে প্রশ্ন করার জন্য ধন্যবাদ । আপনি দ্রুত একজন গাইনোকলজিস্ট এর পরামর্শ নিন । ধন্যবাদ,O O O O O O O O O O B-Specialist O O O O O,O O O O O O O O O O B-Specialist I-Specialist O O O O,Specialist,10.200172022999936,,151.0
"আপনাকে ধন্যবাদ প্রশ্ন করার জন্য । মাংসের গভীরে বলতে কোমোড়ের মাংস বোঝায় , হাতের মাংসেও দেয়া যেতে পারে । ধন্যবাদ",O O O O O O O O O O O O O O O O O O O O,O O O O O O O O O O O O O O O O O O O O,,0.4625219260000222,,152.0
Amar sorir khub eii durbol . . amar hat payee ekdomi sokti onuvob korte pari nah . emonki darateo parii nah . . . ,O B-Symptom I-Symptom I-Symptom I-Symptom O O O B-Symptom I-Symptom I-Symptom I-Symptom I-Symptom I-Symptom I-Symptom I-Symptom O O B-Symptom I-Symptom I-Symptom O O O,O O O O O O O O O O O O O O O O O O O O O O O O,Symptom,4.248790711999959,,153.0
Tab ceevit 1 + 0 + 1 and tab zinc _ B 1 + 0 + 1 for 15 days,B-Medicine I-Medicine B-Dosage I-Dosage I-Dosage I-Dosage I-Dosage O B-Medicine I-Medicine I-Medicine I-Medicine B-Dosage I-Dosage I-Dosage I-Dosage I-Dosage I-Dosage I-Dosage I-Dosage,O O O O O O O O O O O O O O O O O O O O,Medicine,4.312996590000012,,154.0
আপনাকে ধন্যবাদ প্রশ্ন করার জন্য । আপনার বোনকে দ্রুত হাসপাতালে ভর্তি করেন । অতিরিক্ত বমি হলে শরীর থেকে পানি ও লবন বেরিয়ে যায় । স্যালাইন দেয়া লাগতে পারে । প্রাথমিক ভাবে ট্যাবলেট ওমিডন ১০মিলিগ্রাম খাবার আগে খাওয়াতে পারেন । ধন্যবাদ । ,O O O O O O O O O O O O O O O O O O O O O O O O O O O O O O O B-Medicine I-Medicine I-Medicine B-Dosage I-Dosage O O O O O,O O O O O O O O O O O O O O O O O O O O O O O O O O O O O O O O O O O O O O O O O,Medicine,3.153577079999991,,155.0
"অনেক বেশি এ্যাজমা সমস্যা , এজন্য আমি একজন এ্যাজমা Expert ( ডাক্তার ) দেখাতে চাই , শেখ ফজিলাতুন্নেছা হাসপাতালের একজন Expert এর নাম জানতে চাই",O O B-Health_Condition O O O O O B-Specialist I-Specialist O O O O O O O O O O O O O O O,O O B-Health_Condition O O O O O B-Health_Condition O O B-Specialist O O O O B-Medical_Procedure I-Medical_Procedure O O O O O O O,Health Condition,5.719215579999968,,156.0
Thank you for asking question . Dapoxetin is mainly used for premature ejaculation and of course every medicine has some side effects so I have to assess you before prescribing this kind of medicine because it ' s not suitable for everyone . Thank you . ,O O O O O O B-Medicine O O O O B-Health_Condition I-Health_Condition O O O O O O O O O O O O O O O O O O O O O O O O O O O O O O O O O,O O O O O O B-Medicine O O O O B-Health_Condition I-Health_Condition O O O O O O O B-Symptom I-Symptom O O O O O O O O O O O O O O O O O O O O O O O O,Medicine,8.794141264000018,,157.0
"ডাক্তার ভাই কে প্রশ্ন করার জন্য ধন্যবাদ । বাচ্চাকে এখনই দেওয়া যাবেনা , আপনি সরাসরি একজন Pediatrician এর পরামর্শ নিন ধন্যবাদ",O O O O O O O O O O O O O O O O B-Specialist O O O O,O O O O O O O O O O O O O O O B-Specialist I-Specialist O O O O,Specialist,0.6242474199999606,,158.0
"ডাক্তার ভাই কে প্রশ্ন করার জন্য ধন্যবাদ । গরম পানি , গরম চা খাবেন । গরম পানি লবন দিয়ে গড়গড়া করবেন । ধন্যবাদ । ",O O O O O O O O O O O O O O O O O O O O O O O O,O O O O O O O O O O O O O O O O O O O O O O O O,,2.5788600390000056,,159.0
"ডাক্তার ভাইকে প্রশ্ন করার জন্য ধন্যবাদ । Tab Quiet 25 , . 0 + 0 + 1 , 15 days . তাছাড়া রোগীকে সরাসরি দ্রুত একজন মানসিক রোগ বিশেষজ্ঞের কাছে নিয়ে চিকিৎসা করান । ধন্যবাদ",O O O O O O O B-Medicine I-Medicine I-Medicine O O B-Dosage I-Dosage I-Dosage I-Dosage I-Dosage O O O O O O O O O B-Specialist I-Specialist I-Specialist O O O O O O,O O O O O O O B-Medicine I-Medicine B-Dosage O O B-Dosage O B-Dosage O B-Dosage O B-Dosage I-Dosage O O O O O O B-Specialist I-Specialist I-Specialist O O O O O O,Medicine,3.4049791200000072,,160.0
আপনাকে ধন্যবাদ প্রশ্ন করার জন্য । থাইরয়েড সমস্যা থাকলে এমন হতে পারে । কারো ক্ষেত্রে দুশ্চিন্তা থেকে এমন হয় । হার্টের সমস্যা থেকেও হতে পারে । আপনি একজন মেডিসিন ডাক্তার কে দেখান । ধন্যবাদ,O O O O O O B-Health_Condition I-Health_Condition O O O O O O O O O O O O O O O O O O O O B-Specialist I-Specialist O O O O,O O O O O O B-Health_Condition I-Health_Condition O O O O O O O B-Symptom O O O O O B-Health_Condition I-Health_Condition O O O O O O B-Specialist I-Specialist O O O,Health Condition,3.468062357000008,,161.0
আপনাকে ধন্যবাদ প্রশ্ন করার জন্য । আপনি মুখ পরিষ্কার রাখুন । পানি পান করুন । ইনফেকশন হয়ে গেলে একজন ডাক্তারকে দেখিয়ে নেয়া ভাল । ব্যাথার জন্য প্যারাসিটামল খেতে পারেন । ধন্যবাদ,O O O O O O O O O O O O O O O O O O O O O O O O O O B-Medicine O O O O,O O O O O O O O O O O O O O O B-Health_Condition I-Health_Condition I-Health_Condition O B-Specialist I-Specialist I-Specialist I-Specialist O O B-Symptom O B-Medicine O O O,Medicine,7.489688047000072,,162.0
"ডাক্তার ভাইকে প্রশ্ন করার জন্য ধন্যবাদ । Tab Monas 10 , 0 + 0 + 1 , 10 days . Syrup Mucolyte , 2 spoon , 3 times , 7 days . Tab Ceevit 250 , 1 + 0 + 1 , 10 days ( চুষে খাবেন ) ধন্যবাদ",O O O O O O O B-Medicine I-Medicine I-Medicine O B-Dosage I-Dosage I-Dosage I-Dosage I-Dosage O O O O B-Medicine I-Medicine O B-Dosage I-Dosage I-Dosage I-Dosage I-Dosage O O O O B-Medicine I-Medicine I-Medicine O B-Dosage I-Dosage I-Dosage I-Dosage I-Dosage O O O O O O O O,O O O O O O O B-Medicine I-Medicine B-Dosage O I-Dosage O I-Dosage O I-Dosage O I-Dosage I-Dosage O B-Medicine I-Medicine O B-Dosage I-Dosage O I-Dosage I-Dosage O I-Dosage I-Dosage O B-Medicine I-Medicine B-Dosage O I-Dosage O I-Dosage O I-Dosage O I-Dosage I-Dosage O O O O O,Medicine,10.025138492999986,,163.0
"আমার বাচ্চা বয়স 10 , 4 / 5 দিন যাবৎ বাম চোখের উপরের পাতা লাল হয়ে ফুলে আছে । অঞ্জলির মত বিচি দেখা যাচ্ছেনা , করনীয় কি ? ",O O O B-Age O O O O O O B-Symptom I-Symptom I-Symptom I-Symptom I-Symptom I-Symptom I-Symptom I-Symptom O B-Symptom I-Symptom I-Symptom I-Symptom I-Symptom O O O O,O O O O O O O O O O O O O O O O O O O O O O O O O O O O,Symptom,6.113220597999998,,164.0
"সম্প্রতি ঔষধ প্রশাসন অধিদপ্তর থেকে Rabiprazole জাতীয় ঔষধ ব্যবহার করা নিষেধ করে দিয়েছে , সেই ক্ষেত্রে যাদের আগের কিনা ঘরে রয়েছে তারা কি খাওয়া বন্ধ করে দিবে ? বা খেলে ক্ষতির সম্ভাবনা কতটুকু ? ",O O O O O B-Medicine O O O O O O O O O O O O O O O O O O O O O O O O O O O O,O O O O O B-Medicine I-Medicine O O O O O O O O O O O O O O O O O O O O O O O O O O O,Medicine,2.419456220000029,,165.0
আপনাকে ধন্যবাদ প্রশ্ন করার জন্য । আপনার ডায়াবেটিস নিয়ন্ত্রণে নাই । ঔষধ পরিবর্তন বা ডোজ বাড়াতে হবে । নিয়মিত ব্যায়াম করুন । আপনার অন্যান্য সমস্যা ডায়াবেটিস থেকে হতে পারে । ভিটামিন খেয়ে এই সমস্যার সমাধান হবে না । একজন মেডিসিন বিশেষজ্ঞ ডাক্তার কে দেখিয়ে নিন । ধন্যবাদ । ,O O O O O O O O O O O O O O O O O O O O O O O O O O O O O O O O O O O O O O O B-Specialist I-Specialist I-Specialist O O O O O O,O O O O O O O B-Health_Condition O O O B-Medicine O O B-Dosage O O O O O O O O O O B-Health_Condition O O O O B-Medicine O O O O O O O O B-Medical_Procedure I-Medical_Procedure B-Specialist O O O O O O,Specialist,3.815113766000081,,166.0
"আসসালামুয়ালাইকুম , আমার মেয়ের বয়স ৭ মাস ২০ দিন , বাবুটার প্রসাবের রাস্তার আসে পাশে ও পিছনে সহ ছোট ছোট গুটার মত উঠছে যা চুল্কানির মত দেখতে , আমরা গরম পানি লবন সহ টিস্যু পেপার দিয়ে মুছে দিছছি , কিন্তু এক জায়গায় সেরে যায় তার পাশে আবার নতুন করে আবার হয় । কি করতে পারি ? ? ",O O O O O B-Age I-Age I-Age I-Age O O B-Symptom I-Symptom I-Symptom I-Symptom I-Symptom I-Symptom I-Symptom I-Symptom I-Symptom I-Symptom I-Symptom I-Symptom O B-Symptom I-Symptom I-Symptom O O O O O O O O O O O O O O O O O O O O O O O O O O O O O O,O O O O O B-Age I-Age I-Age I-Age O O O O O O O O O O O O O O O B-Symptom I-Symptom O O O O O O O O O O O O O O O O O O O O O O O O O O O O O O O,Symptom,6.406389257000001,,167.0
"আমার ইস্ত্রির gall bladder a multiple stone হইসে , size - less than 4mm . বেবি নেবার আগে কি পাথর অপারেশন করতে হবে ? প্রথম বেবি সিজার এ হইসিলো । নাকি বেবি হবার সময় একসাথে দুইটা সিজার করা যাবে ? ",O O O O O O O O O O O O O O O O O O O O O O O O O O B-Health_Condition O O O O O O O O O B-Health_Condition O O O,O O O O O O O O O O O O O O O O O O O O O O O O O O O O O O O O O O O O O O O O,Health Condition,4.91176184699998,,168.0
আপনাকে ধন্যবাদ প্রশ্ন করার জন্য । আপনার প্রশ্ন বোঝা যাচ্ছে না । দয়া করে সঠিক ভাবে প্রশ্ন টি আবার করুন । ধন্যবাদ । ,O O O O O O O O O O O O O O O O O O O O O O O,O O O O O O O O O O O O O O O O O O O O O O O,,2.384777912000004,,169.0
তিন মাস বয়সী বেবীর নাক দিয়ে পানি পড়ে । এবং মাঝে মাঝে কাশি দেয় এমতাবস্থায় কি মেডিসিন খাওয়াবো জানাবেন pls . ,B-Age I-Age O O B-Symptom I-Symptom I-Symptom I-Symptom O O O O O O O O O O O O O,B-Age I-Age I-Age O B-Symptom I-Symptom I-Symptom I-Symptom O O O O B-Symptom I-Symptom O O B-Medicine O O O O,Age,12.70900445399991,,170.0
আমার ইদানিং অনেক এসিডিটির সমস্যা হচ্ছে ৷ বিশেষ করে বিকালের পর থেকে ৷ মাঝে মাঝে Seclo 20 খেয়ে ৩০ মিনিট পর রাতের খাবার খেলে তারপর ভাল বোধ করি ৷ যতক্ষন এসিডিটি থাকে ততক্ষন প্রচন্ড মাথা ব্যাথা করে ৷ স্থায়ী মুক্তির উপায় জানতে চাই ৷ ,O O O B-Health_Condition I-Health_Condition O O O O O O O O O O B-Medicine I-Medicine O O O O O O O O O O O O O B-Health_Condition O O B-Symptom I-Symptom I-Symptom O O O O O O O O,O O O B-Symptom I-Symptom O O O O O O O O O O B-Medicine I-Medicine O B-Dosage I-Dosage O O O O O O O O O O B-Symptom I-Symptom O O O B-Symptom I-Symptom O O O O O O O,Health Condition,9.317393228000014,,171.0
"ডাক্তার ভাই কে প্রশ্ন করার জন্য ধন্যবাদ । আপনি হাল্কা গরম পানি একটা বোলে নিয়ে সেখানে ১৫ মিনিট বসে থাকুন দিনে ২ বার । ১০ দিন করেন । ভালো না হলে বিশেষজ্ঞ র পরামর্শ নিন । ধন্যবাদ । প্রিয় গ্রাহক , আপনার রোগটির চিকিৎসার জন্য আরও বিস্তারিত তথ্য জানা দরকার । আপনি ডাক্তারভাই এপ্লিকেশন থেকে ' Video Call To A Doctor ' সার্ভিসটি ব্যবহার করে একজন ( * * * ) বিশেষজ্ঞ ডাক্তারের এপয়েন্টমেন্ট নিয়ে ভিডিও কল এ কথা বলতে পারেন এবং ডাক্তারএর লেখা প্রেস্ক্রিপশন আপনি আপনার এপ্লিকেশন এ পেয়ে যাবেন । আরও বিস্তারিত জানতে < NUMBER > তে কল করুন । ধন্যবাদ । ",O O O O O O O O O O O O O O O O B-Dosage I-Dosage O O B-Dosage I-Dosage I-Dosage O B-Dosage I-Dosage O O O O O O O O O O O O O O O O O O O O O O O O O O O O O O O O O O O O O O O O O O O O O O O O O O O O O O O O O O O O O O O O O O O O O O O O O O O O O O,O O O O O O O O O O O O O O O O O O O O O O O O O O O O O O O O O O O O O O O O O O O O O O O O O O O O O O O O O O O O O O O O O O O O O O O O O O O O O O O O O O O O O O O O O O O O O O O O O O O O O O O O,Dosage,8.365687374999993,,172.0
"প্রশ্ন করার জন্য ধন্যবাদ / বাসার সবাই যে খাবার খান তাই খাবে তবে কম ঝালযুক্ত / মাছ , মাংশ , সবজি , ডাল , ভাত , ডিম সব ধরনের খাবার খাওয়াবেন / ধন্যবাদ / ",O O O O O O O O O O O O O O O O O O O O O O O O O O O O O O O O O O,O O O O O O O O O O O O O O O O O O O O O O O O O O O O O O O O O O,,2.4022535540000263,,173.0
Thanks for questioning to daktervai . Tab napa 500mg 1 + 1 + 1 + 1 for 3 days . If temperature 100 degree . If temperature more than 100 then take suppositories 1 stick per rectal as needed,O O O O O O B-Medicine I-Medicine I-Medicine B-Dosage I-Dosage I-Dosage I-Dosage I-Dosage I-Dosage I-Dosage I-Dosage I-Dosage I-Dosage O O O O O O O O O O O O O B-Medicine B-Dosage I-Dosage I-Dosage I-Dosage O O,O O O O B-Specialist O B-Medicine I-Medicine B-Dosage B-Dosage O B-Dosage O B-Dosage O B-Dosage O B-Dosage I-Dosage O O B-Symptom I-Symptom I-Symptom O O B-Symptom I-Symptom I-Symptom I-Symptom O O B-Medicine B-Dosage I-Dosage O O O O,Medicine,24.82898856399993,,174.0
Thanks for questioning to daktervai . Syrup FENADIN 1 / 2 tsf twice a day for 7 days,O O O O O O B-Medicine I-Medicine B-Dosage I-Dosage I-Dosage I-Dosage I-Dosage I-Dosage I-Dosage O O O,O O O O B-Specialist O B-Medicine I-Medicine B-Dosage O I-Dosage I-Dosage O O O O B-Dosage I-Dosage,Medicine,4.328380158999948,,175.0
Thanks for questioning daktarbhai . Tab . Rupadin 10mg continue koren ager Moto sinus a Valo kaj kore . Thanks,O O O O O O O B-Medicine I-Medicine O O O O O O O O O O O,O O O B-Specialist O B-Medicine O B-Medicine B-Dosage O O O O B-Health_Condition O O O O O O,Medicine,7.02478575400005,,176.0
ডাক্তার ভাই কে প্রশ্ন করার জন্য ধন্যবাদ । জর কত হয় মেপে বলবেন । আর কোন অসুবিধা আছে ? ধন্যবাদ । ,O O O O O O O O B-Symptom O O O O O O O O O O O O,O O O O O O O O B-Symptom O O O O O O O B-Health_Condition O O O O,Symptom,1.7427011759999689,,177.0
আমার রানের মাঝে সাদা সাদা হয়ে থাকে পানি পরলে কালো হয়ে যায় প্রচন্ড চুলকায় চুলকাতে মজা লাগে but পরবর্তীতে জ্বলে অনেক সময় চুলকালে চামড়া উঠে মাঝে মাঝে পানি বের হয় কিছুটা দাদ এর মত নির্দিষ্ট জায়গা জুরে এই সমস্যা সমাধান দিবেন আশা করি,O B-Symptom I-Symptom I-Symptom I-Symptom I-Symptom I-Symptom O O B-Symptom I-Symptom I-Symptom B-Symptom I-Symptom B-Symptom I-Symptom I-Symptom I-Symptom I-Symptom I-Symptom O O B-Symptom I-Symptom I-Symptom I-Symptom I-Symptom I-Symptom I-Symptom I-Symptom O B-Health_Condition O O O O O O O O O O O,O O O O O O O O O O O O O O O O O O O O O O O O O O O O O O O O O O O O O O O O O O O,Symptom,4.444819908,,178.0
"Sir , Amr baby boiyos 11 mas . Sir baby wait 9 - 10 kezir muto . Sir baby guto 5 din jabod 2 - 3 ber paikhana kore paikhaner aker jola bap are fosfose . Pet fola dekha jai . Baby ke khete gele bumi korer bap kore aber kukhono bumi kore . Flacol are motigut drop dessi kinto kuno kas hosse na . ekn ki kurbo sir . ",O O O O O B-Age I-Age O O O O O O O O O O O O O O O O B-Symptom I-Symptom I-Symptom I-Symptom I-Symptom I-Symptom B-Symptom I-Symptom I-Symptom I-Symptom I-Symptom I-Symptom O B-Symptom I-Symptom O O O O O B-Symptom I-Symptom I-Symptom I-Symptom I-Symptom I-Symptom O O B-Symptom I-Symptom O B-Medicine O B-Medicine I-Medicine O O O O O O O O O O O O,O O O O O B-Age I-Age O O O O O O O O O O O O O O O O O O O O O O O O O O O O B-Symptom I-Symptom O O O O O O O O O O O O O O O O O B-Medicine O B-Medicine I-Medicine O O O O O O O O O O O O,Symptom,4.265893485999982,,179.0
"আচ্ছা , নাপা খুব বেশি খেলে কি হার্টের কিংবা অন্য কোনো প্রবলেম হবে ? যেমন , আমার বাবা একটু শরীর ব্যথা , পিঠ ব্যথা কিংবা একটু জ্বর জ্বর ভাব হলেই নাপা খায় । গড়ে প্রায়ই প্রতিদিন ২ - ৩টা করে নাপা খাওয়া পরে । এতে কি পরবর্তীতে তার কোনো সমস্যা হবে ? ? ? বেশি নাপা ট্যবলেট খাওয়া কি খারাপ ? ",O O B-Medicine O O O O O O O O O O O O O O O O B-Symptom I-Symptom O B-Symptom I-Symptom O O B-Symptom I-Symptom I-Symptom O B-Medicine I-Medicine O O O O O O O O O O O O O O O O O O O O O O O B-Medicine I-Medicine O O O O,O O O O O O O O O O O O O O O O O O O O O O O O O O O O O O O O O O O O O O O O O O O O O O O O O O O O O O O O O O O O O,Medicine,14.969811488000005,,180.0
"আপনাকে ধন্যবাদ প্রশ্ন করার জন্য । আপনার বাচ্চাকে আদা , মধু , গরম পানি খাওয়ান । সিরাপ ব্রডিল এক চামচ করে তিন বেলা , ট্যাবলেট মোনাস ১০ মিলিগ্রাম খাওয়ান । ধন্যবাদ । ",O O O O O O O O O O O O O O O O B-Medicine I-Medicine B-Dosage I-Dosage I-Dosage I-Dosage I-Dosage O B-Medicine I-Medicine I-Medicine I-Medicine O O O O,O O O O O O O O B-Medicine O B-Medicine O B-Dosage I-Dosage O O B-Medicine I-Medicine B-Dosage I-Dosage O B-Dosage I-Dosage O B-Medicine I-Medicine B-Dosage I-Dosage O O O O,Medicine,12.485875302000068,,181.0
ধন্যবাদ আপনার প্রশ্নের জন্য । আপনার সমস্যা গুরুতর । অতিসত্বর নিকটবর্তী হাসপাতালের জরুরি বিভাগে যান । ধন্যবাদ,O O O O O O O O O O O O O O O O O,O O O O O O O O O O O O O O O O O,,2.22090708899998,,182.0
"গতকাল সকালে আমার চোখ উঠছে । এখন চোখ অনেক চুলকায় , চোখে ময়লা জমে , ফুলে আছে , পানিও আসে চোখে , আমাকে কোন মেডিসিন ইউজ করব । নাকি এমনি এমনি কমে যাবে । মেডিসিন ব্যবহার করলে , কি মেডিসিন ব্যবহার করব জানাবেন প্লিজ",O O O O O O O O O O O O O O O O O O O O O O O O O O O O O O O O O O O O O O O O O O O O,O O O O O O O O O O O O O O O O O O O O O O O O O O O O O O O O O O O O O O O O O O O O,,4.492433005000066,,183.0
"female , Age 27 , weight 70kgs . amar last 3 din dhore pete uneasy . khawar poro pet kamrai . abar khele thik hoi olpo time er jonno . amar stool o ektu constipated . daily hoi but pressure diye korte hoi . Sergel r omidon khacchi 3 din dhore but still hocche same . amr weight gain hoise ato khawar jonno . ki koronio ? ",O O B-Age I-Age O O O O O O B-Symptom I-Symptom I-Symptom I-Symptom I-Symptom O O O B-Symptom I-Symptom O O O O O O O O O O O B-Symptom I-Symptom I-Symptom I-Symptom O O O O B-Symptom I-Symptom I-Symptom I-Symptom O B-Medicine O B-Medicine O B-Dosage I-Dosage O O O O O O O B-Symptom I-Symptom I-Symptom O O O O O O O,O O B-Age I-Age O O O O O O O O O B-Symptom I-Symptom O O O B-Symptom I-Symptom O O O O O O O O O O O O O O B-Symptom O O O O O O O O O B-Medicine O B-Medicine O O O O O O O O O O O O O O O O O O O O,Symptom,4.305712877000019,,184.0
আমার বাচ্চার বয়স চার বছর কিছু দিন যাবত ওর ঘাড়ে দুইটা চাক দেখা যাচ্ছে ধরলে নরাচরা করে টনসিলের চাকের মতো কিন্তূ কোনো ব্যথা নেই । তার জন্য কি করোনিও আছে যাতে চাক চলে যায়,O O O B-Age I-Age O O O O B-Symptom I-Symptom I-Symptom I-Symptom I-Symptom B-Symptom I-Symptom I-Symptom B-Symptom I-Symptom I-Symptom O O B-Symptom O O O O O O O O O O O,O O O O O O O O O O O O O O O O O O O O O O O O O O O O O O O O O O,Symptom,3.662323314999981,,185.0
আপনাকে ধন্যবাদ প্রশ্ন করার জন্য । আপনার সিফিলিস হয়েছে । ধন্যবাদ । ,O O O O O O O B-Health_Condition O O O O,O O O O O O O B-Health_Condition I-Health_Condition O O O,Health Condition,1.2862239560000717,,186.0
"আমার ছেলের বয়স ৬ বছর । তার গোপনাঙ্গের অণ্ডকোষের বীচি দুটো প্রায় সময় উপড়ে উঠে যায় , অনেক সময় অণ্ডকোষ টা ঝুলানো থাকে না । এমনি তে অন্য কোন সমস্যা পরিলক্ষিত হয় না । আপনার সহৃদয় পরামর্শ কামনা করছি । ",O O O B-Age O O O B-Symptom I-Symptom I-Symptom I-Symptom I-Symptom I-Symptom I-Symptom I-Symptom I-Symptom O B-Symptom I-Symptom I-Symptom I-Symptom I-Symptom I-Symptom I-Symptom O O O O O O O O O O O O O O O O,O O B-Age I-Age I-Age O O O B-Symptom I-Symptom I-Symptom O O I-Symptom I-Symptom I-Symptom O O O B-Symptom I-Symptom I-Symptom I-Symptom I-Symptom O O O O O O O O O O O O O O O O,Symptom,8.992598258000044,,187.0
syrup Antista half spoon 1 times for 5 days,B-Medicine I-Medicine B-Dosage I-Dosage I-Dosage I-Dosage I-Dosage I-Dosage I-Dosage,B-Medicine I-Medicine B-Dosage I-Dosage O O O B-Dosage I-Dosage,Medicine,6.08850745999996,,188.0
আমর মেয়ে বাচ্চার বয়স ১ মাস ১৮ দিন । গত ২৪ ঘন্টা যাবত পায়খানা করতেছে না । অথচ এর আগে প্রতিদিন কমপক্ষে ৫ - ৭ বার পায়খানা করতো । মূল্যবান পরামর্শ চাই . . . ,O O O O B-Age I-Age I-Age I-Age O O B-Symptom I-Symptom I-Symptom I-Symptom I-Symptom I-Symptom O O O O O B-Symptom I-Symptom I-Symptom I-Symptom I-Symptom I-Symptom O O O O O O O O,O O O O O O O O O O O O O O O O O O O O O O O O O O O O O O O O O O O,Symptom,3.3809322500000007,,189.0
ডাক্তারভাইকে প্রশ্ন করার জন্য ধন্যবাদ । খেয়াল রাখুন এই লক্ষণ গুলোর পাশাপাশি তার জ্বর এসেছে কিনা । যদি জ্বর থাকে তাহলে অবশ্যই ডেঙ্গু পরীক্ষা করিয়ে নিন । Tab Napa 665mg 1 + 1 + 1 after meal জ্বর বা ব্যথা থাকলে খাবেন । লক্ষ্য রাখুন উনার অন্যান্য কোন অসুবিধা হচ্ছে কিনা । সে অনুযায়ী ডাক্তারের পরামর্শ নিয়ে ঔষধ খাবেন । ধন্যবাদ । ,O O O O O O O O O O O O O O O O O O O O O O B-Medical_Procedure I-Medical_Procedure O O O B-Medicine I-Medicine I-Medicine B-Dosage I-Dosage I-Dosage I-Dosage I-Dosage O O O O O O O O O O O O O O O O O O O O O O O O O O O,O O O O O O O O O O O O O O O O O O O O O O O O O O O O O O O O O O O O O O O O O O O O O O O O O O O O O O O O O O O O O O,Medical Procedure,5.349724141000024,,190.0
আমার বাবার বয়স 55 বছর । আমার বাবার উচ্চ রক্তচাপ আছে । আমার বাবা সামান্য কিছু নিয়ে টেনশন করে । যেকোনো ছোট কাজ নিয়েই টেনশন করে । এ কাজটা কিভাবে করব কিভাবে হায় হায় । বাড়িতে কেউ অসুস্থ হলে সেই অসুস্থ রোগীর চেয়ে আমার বাবা বেশি অসুস্থ হয়ে যায় । টেনশনের কারণে সে ছটফট করে হাত পা থাবরায় । এখন আমি কি করতে পারি ? ,O O O B-Age I-Age O O O B-Health_Condition I-Health_Condition O O O O O O O B-Symptom I-Symptom O O O O O B-Symptom I-Symptom O O O O O O O O O O O O O O O O O O O O O O O O O O O O O B-Symptom I-Symptom I-Symptom O O O O O O O,O O O O O O O O O O O O O O O O O O O O O O O O O O O O O O O O O O O O O O O O O O O O O O O O O O O O O O O O O O O O O O O O O,Symptom,8.931715897999993,,191.0
"ডাক্তার ভাই কে প্রশ্ন করার জন্য ধন্যবাদ । এই অবস্হায় বাচ্চাকে সরাসরি না দেখে কিছু বলা ঠিক হবেনা , কৃমির ঔষধও খাওয়ানো যাবেনা সরাসরি একজন Pediatricianএর সাথে যোগাযোগ করতে পারেন ধন্যবাদ । ",O O O O O O O O O O O O O O O O O O O B-Medicine I-Medicine O O O O B-Specialist O O O O O O,O O O O O O O O O O O O O O O O O O O O O O O O O O O O O O O O,Medicine,3.257965022999997,,192.0
"pregnancyr 6th month er sas dike cholse . aj sokal thaka matha ghurai , jhim dai . saline dim sob e khawa hossa tarpor o jassa na sua thakla valo nahola matha ghurai bomi asha",B-Health_Condition I-Health_Condition I-Health_Condition O O O O O O O O B-Symptom I-Symptom O B-Symptom I-Symptom O B-Medicine O O O O O O O O O O O O O B-Symptom I-Symptom B-Symptom I-Symptom,O B-Age I-Age O O O O O O O O B-Symptom I-Symptom O B-Symptom I-Symptom O B-Medicine O O O O O O O O O O O O O B-Symptom I-Symptom B-Symptom I-Symptom,Symptom,2.2358916970000564,,193.0
"আমার বয়স এখন ২৬ । আজ থেকে প্রায় দু বছর আগে আমি একটা বিষয় নিয়ে খুব উদ্বেগের মধ্যে দিন পার করছিলাম । এর ফলে আমার শারীরিক সমস্যাও দেখা দেয় , যেমন সবসময় শরীর ম্যাচ ম্যাচ করত , অস্থির লাগত । এরপর আমি একজন মেডিসিন বিশেষজ্ঞের শরণাপর্ণ হয় , উনি প্রেসার মেপে দেখলেন ১৪০ / ১০০ । তারপর উনি ৭ দিন সকাল বেলা খাওয়ার জন্য bislol 5 দেন । খেয়ে আমি ৭ দিন পর উনার কাছে গেলে উনি প্রেসার পান ১৬০ / ১০০ ! এর পর উনি olmezest 20 যোগ করেন । এরপর থেকে আমি এই দুইটা মেডিসিন খেয়ে চলেছি , আজ পর্যন্ত প্রেসার বাড়ে নি । এখন কি মেডিসিন পরিবর্তন করা উচিত ? ",O O O B-Age O O O O B-Symptom I-Symptom I-Symptom I-Symptom I-Symptom I-Symptom I-Symptom I-Symptom I-Symptom I-Symptom I-Symptom I-Symptom I-Symptom I-Symptom I-Symptom I-Symptom I-Symptom I-Symptom I-Symptom I-Symptom I-Symptom I-Symptom I-Symptom I-Symptom I-Symptom I-Symptom I-Symptom I-Symptom I-Symptom I-Symptom I-Symptom O O O O O O O O O O O O O O O O O O O B-Dosage I-Dosage I-Dosage O O O B-Medicine I-Medicine O O O O O O O O O O O O O O O O O O O O B-Medicine I-Medicine O O O O O O O O O O O O O O B-Symptom I-Symptom O O O O O O O O O,O B-Age O I-Age O O O O O O O O O O O O O O O O O O O O O O O O O O O O O O O O O O O O O O O O B-Specialist I-Specialist O O O O O O O O O O O O O O O O O O O O O B-Medicine I-Medicine B-Dosage O O O O O O O O O O O O O O O O O O O O O B-Medicine I-Medicine B-Dosage O O O O O O O O O O O O O O O O O O O,Symptom,19.61515171999997,,194.0
"ধন্যবাদ আপনাকে প্রশ্ন করার জন্য । খালি পেটে রেব - ২০ মিগ্রা খাবেন দুইবেলা ১০ দিন । আপনি শাকসব্জি , ফল , আঁশযুক্ত খাবার খাবেন , পানি খাবেন , ইসুবগুলের ভূষি খাবেন । খালিপেটে থাকবেন না । চা , কফি , গরু , খাসী , মসলাযুক্ত , ভাজাপোড়া কম খাবেন । ধন্যবাদ",O O O O O O O O B-Medicine I-Medicine I-Medicine I-Medicine O B-Dosage O O O O O O O O O O O O O O O O O O O O O O O O O O O O O O O O O O O O O O,O O O O O O O O O O O O O O O O O O O O O O O O O O O O O O O O O O O O O O O O O O O O O O O O O O O O,Medicine,11.435339043999988,,195.0
ডাক্তার ভাইকে প্রশ্ন করার জন্য ধন্যবাদ । চোখ ঠান্ডা পানিতে বারবার ধুবেন । ধন্যবাদ,O O O O O O O O O O O O O O,O O O O O O O O O O O O O O,,7.166376660000083,,196.0
ধন্যবাদ আপনাকে প্রশ্নের জন্য । এতদিন পুরনো সমস্যার জন্য আরো আগেই ডাক্তার দেখানো দরকার ছিল । আপনি সরাসরি একজন মেডিসিন বিশেষজ্ঞ ডাক্তারের পরামর্শ নিন । কিছু টেস্ট করতে হবে । ধন্যবাদ,O O O O O O O O O O O O O O O O O O O B-Specialist I-Specialist O O O O O O O O O O,O O O O O O O B-Health_Condition O O O O O O O O O O O B-Specialist I-Specialist I-Specialist O O O O B-Medical_Procedure O O O O,Specialist,1.7283404800000426,,197.0
আমার মেয়ের বয়স ৮ মাস মেয়ের পায়খানা অনেক কষা হয়ে গেছে টয়লেট করতে অনেক সময় লাগে এখন মেয়েকে কি খাওয়ালে নরমাল টয়লেট করবে,O O O B-Age I-Age O B-Symptom I-Symptom I-Symptom I-Symptom I-Symptom B-Symptom I-Symptom I-Symptom I-Symptom I-Symptom O O O O O O O,O O B-Age I-Age I-Age O B-Symptom I-Symptom I-Symptom I-Symptom I-Symptom I-Symptom I-Symptom I-Symptom I-Symptom I-Symptom O O O O O O O,Symptom,8.034287576999986,,198.0
আমার ঘুমার মধ্যে বীর্যপাত হয় এটা থেকে কীভাবে রক্ষা পেতে পারি ? ,O B-Symptom I-Symptom I-Symptom I-Symptom O O O O O O O,O O O O O O O O O O O O,Symptom,2.32024061300001,,199.0
ডাক্তার ভাই কে প্রশ্ন করার জন্য ধন্যবাদ । নাপা ট্যাব ভরা পেটে দুইবেলা খাবেন । ৩ দিন কথা একদম কম বলবেন । গরম পানি লবন দিয়ে গড়গড়া করবেন । ধন্যবাদ । ,O O O O O O O O B-Medicine I-Medicine O O B-Dosage O O O O O O O O O O O O O O O O O O,O O O O O O O O O O O O O O O O O O O O O O O O O O O O O O O,Medicine,2.94405162399994,,200.0
"Thanks for your question to daktar Bhai . You can take omlet , fried egg , you can take dried food in container , all salty food . Thanks",O O O O O O O O O O O O O O O O O O O O O O O O O O O O O,O O O O O O O O O O O O O O O O O O O O O O O O O O O O O,,1.043069757000012,,201.0
আসসালামু আলাইকুম গতকাল দুপুরের পর থেকে আমার কোন জ্বর হয় নাই । আজ সকাল থেকে প্রচুর শরীর ব্যথা বিছানা থেকে উঠতেও কষ্ট হচ্ছে । দয়াকরে পরামর্শ দেবেন । ধন্যবাদ । ,O O O O O O O O B-Symptom O O O O O O O B-Symptom I-Symptom B-Symptom I-Symptom I-Symptom I-Symptom I-Symptom O O O O O O O,O O O O O O O O O O O O O O O O O O O O O O O O O O O O O O,Symptom,7.79949604400008,,202.0
আমার বয়স ২৭ । আমার প্রেসার সব সময় ১৬০ / ১১০ থাকত । আমি মেডিসিন ডা : দেখানোর পর আমাকে ডা : এডারবি ৪০ এবং সেকলো দিসে প্রতিদিন সকালে ১ টি করে । আজ ২০ দিন দরে আমি খাচ্ছি । এখন আমার ১৪০ / ১০০ থাকে । এবং এর বেশি ও থাকে । এখন কি করবো কমানোর জন্য প্রেসার । আমার ঘুম ও ভাল হয় । । আমি লম্বা ৫ ফিট১০ . ওজন ৮৫ কেজি । ,O O B-Age O O O O O O O O O O O O O O O O O O O B-Medicine I-Medicine O B-Medicine O O O B-Dosage I-Dosage I-Dosage O O O O O O O O O O O O O O O O O O O O O O O O O O O O O O O O O O O O O O O O O O O O,O O O O O O O O O O O O O O O O O O O O O O O O O O O O O O O O O O O O O O O O O O O O O O O O O O O O O O O O O O O O O O O O O O O O O O O O O O O O,Medicine,6.5779374789999565,,203.0
"স্যার , অর্ধেক মাথা ব্যাথা । এক্ষেত্রে কি করনীয় ? ",O O O B-Symptom I-Symptom O O O O O,O O O O O O O O O O,Symptom,3.9043609999999935,,204.0
"আমার এী পেগনেট ৬মাস হলো । ২ দিন হলো জর ঠান্ডা কাশি । আপনাদের পরামর্শ মতো নাপা খাওয়ানোর পর জর কমেছে কিন্তু ঠান্ডা কাশি আছে এবং নাক দিয়ে পানি পরছে , এখন কি কোন ওষুধ খাওয়ানো যাবে জানাবেন",O O B-Health_Condition O O O O O O B-Symptom B-Symptom B-Symptom O O O O B-Medicine O O B-Symptom I-Symptom I-Symptom I-Symptom I-Symptom O O B-Symptom I-Symptom I-Symptom O O O O O O O O O,O O O O O O O O O O O O O O O O O O O O O O O O O O O O O O O O O O O O O O,Symptom,3.500534172000016,,205.0
ডাক্তার ভাই কে প্রশ্ন করার জন্য ধন্যবাদ । আপনি আবার FNAC টেস্ট করে ব্রেস্ট বিশেষজ্ঞের পরামর্শ নিন । ,O O O O O O O O O O B-Medical_Procedure I-Medical_Procedure O B-Specialist I-Specialist O O O,O O O O O O O O O O B-Medical_Procedure I-Medical_Procedure O O B-Specialist I-Specialist O O,Medical Procedure,3.783704553999996,,206.0
আপনাকে ধন্যবাদ প্রশ্ন করার জন্য । এলার্জি কখনো ভাল হয় না । আপনি একজন চর্ম রোগের ডাক্তার কে দেখান । ধন্যবাদ,O O O O O O B-Health_Condition O O O O O O O B-Specialist I-Specialist I-Specialist O O O O,O O O O O O O O O O O O O O O O O O O O O,Health Condition,2.361991622000005,,207.0
"আমার হাতে চুলকায় এবং মাথায় চুলকায় এবং চাকাচাকা হয় , এখন আমি কি ঔষধ খাবো । ",O B-Symptom I-Symptom I-Symptom I-Symptom I-Symptom I-Symptom I-Symptom I-Symptom O O O O O O O,O O O O O O O O O O O O O O O O,Symptom,2.151645837999922,,208.0
Thanks for questioning daktarbhai . Please do to a ENT doctor check your Ear and then clean . . Don ' t touch now please . Thanks,O O O O O O O O O B-Specialist I-Specialist O O O O O O O O O O O O O O O O,O O O B-Specialist O O O O O B-Specialist I-Specialist O O B-Symptom O O O O O O O O O O O O O,Specialist,0.8424746779999168,,209.0
chest pain on the left side sometimes and sometimes this pain come on the center chest,B-Symptom I-Symptom I-Symptom I-Symptom I-Symptom I-Symptom O O O O B-Symptom I-Symptom I-Symptom I-Symptom I-Symptom I-Symptom,O O O O O O O O O O O O O O O O,Symptom,4.4882105960000445,,210.0
ডাক্তার ভাই কে প্রশ্ন করার জন্য ধন্যবাদ । Ambrox এর সাথে Alatrol Pediatric drop 10 ফোটা করে রাতে খাওয়াতে পারেন সরাসরি একজন Pediatricianএর সাথে যোগাযোগ করতে পারেন ধন্যবাদ । ,O O O O O O O O B-Medicine O O B-Medicine I-Medicine I-Medicine B-Dosage I-Dosage O O O O O O B-Specialist O O O O O O,O O O O O O O O B-Medicine I-Medicine O B-Medicine I-Medicine I-Medicine B-Dosage I-Dosage O O O O O O B-Specialist I-Specialist O O O O O,Medicine,1.2482838320000835,,211.0
ডাক্তার ভাইকে প্রশ্ন করার জন্য ধন্যবাদ । যদি আপনার ঠান্ডার ধাঁত অথবা কোন এলার্জি না থাকে তবে আপনি ঠান্ডা পানিতে গোসল করতে পারেন ‌ । তবে ঠাণ্ডা পানিতে গোসল করার পরে যদি সর্দি কাশি হয় এরপর গরম পানিতে গোসল করবেন । ধন্যবাদ,O O O O O O O O O B-Health_Condition I-Health_Condition O O B-Health_Condition O O O O O O O O O O O O O O O O O O B-Symptom I-Symptom O O O O O O O O,O O O O O O O O O O O O O O O O O O O O O O O O O O O O O O O O O O O O O O O O O O,Health Condition,4.627929934999997,,212.0
আমার মারি গোরার বুছ জমছে আমি কি করতে পারি এবং দাঁত বেতা করে,O B-Symptom I-Symptom I-Symptom O O O O O O B-Symptom I-Symptom O,O O O O O O O O O O O O O,Symptom,1.9725362880000148,,213.0
ডাক্তার ভাই কে প্রশ্ন করার জন্য ধন্যবাদ । অল্প অল্প করে খেতে বলবেন । ঝাউ খেতে বলবেন । ঘরের ভিতর হাল্কা হাঁটাহাঁটি করতে বলবেন । ধন্যবাদ । ,O O O O O O O O O O O O O O O O O O O O O O O O O O O,O O O O O O O O O O O O O O O O O O O O O O O O O O O,,5.758022056999948,,214.0
"নাম , < NAME > , বয়স ৫৫ , প্রেসার লো ৭০ / ১০০ , মাথা বেথা , বেথা উঠে মাথার তালুর ভিতর ঘুরে মাঝে মদ্দে ঘারে বাম পাশে নামে , ২ , ৩ বছর ধরে ছিল কিনফু ইদানিং প্রায় দেখা যায় । পরামর্শ চাই কি খেতে পারি সার ? ",O O O O O O O B-Age O B-Symptom I-Symptom I-Symptom I-Symptom I-Symptom O B-Symptom I-Symptom O B-Symptom I-Symptom I-Symptom I-Symptom I-Symptom I-Symptom I-Symptom I-Symptom I-Symptom I-Symptom I-Symptom I-Symptom O O O O O O O O O O O O O O O O O O O O,O O O O O O O O O O O O O O O O O O O O O O O O O O O O O O O O O O O O O O O O O O O O O O O O O O,Symptom,6.73032350099993,,215.0
Thanks for asking question . You can take Tab . Ace 500 mg when you have fever or pain 6 hry with food . 7 days . For cold take Tab . fexo120mg at night - 7 days,O O O O O O O O B-Medicine I-Medicine I-Medicine I-Medicine I-Medicine O O O B-Symptom O B-Symptom O O O O O B-Dosage I-Dosage O O B-Symptom O B-Medicine I-Medicine I-Medicine O B-Dosage I-Dosage I-Dosage I-Dosage,O O O O O O O O O O B-Medicine B-Dosage I-Dosage O O O B-Symptom O B-Symptom B-Dosage I-Dosage O O O B-Dosage I-Dosage O O B-Health_Condition O O O B-Medicine O O O B-Dosage I-Dosage,Symptom,2.4121132650000163,,216.0
ডাক্তার ভাইকে প্রশ্ন করার জন্য ধন্যবাদ । আপনার গালের সাদা স্পট না দেখে চিকিত্সা দেয়া সম্ভব হবে না । সুতরাং আপনি একজন চর্মরোগ বিশেষজ্ঞের পরামর্শ নিন । ধন্যবাদ,O O O O O O O O O O O O O O O O O O O O O O B-Specialist I-Specialist O O O O,O O O O O O O O O B-Symptom I-Symptom O O B-Medical_Procedure O O O O O O O O B-Specialist I-Specialist O O O O,Specialist,27.316788111999927,,217.0
ক্রিমির সিরাপ বাচ্চাদের কিভাবে খাওয়াব । বয়স ৩ বছর । নিয়ম জানতে চাচ্ছিলাম । ,B-Medicine I-Medicine O O O O O B-Age I-Age O O O O O,O O O O O O B-Age I-Age I-Age O O O O O,Medicine,1.5375575489999846,,218.0
"আমার কোমড়ের হাড় ক্ষয় হচ্ছে , আগে পরিক্ষা করেছিলাম । ঔষধ খেলে ভালো চলে , ভারি কাজ করলে ব্যথা বেড়ে যায় । ক্যালবো খাই , গতকাল ফার্মেসি থেকে কোরালেক্স দিয়েছে , এটা খাওয়া যাবে কি ? ",O B-Health_Condition I-Health_Condition I-Health_Condition O O O O O O O O O O O B-Symptom I-Symptom I-Symptom I-Symptom I-Symptom I-Symptom O B-Medicine O O O O O B-Medicine O O O O O O O,O O O O O O O O O O O O O O O O O O O O O O O O O O O O O O O O O O O O,Medicine,5.495376933999978,,219.0
ডাক্তার ভাইকে প্রশ্ন করার জন্য ধন্যবাদ । অবশ্যই অতি দ্রুত একজন মেডিসিন বিশেষজ্ঞ অথবা বক্ষব্যাধি বিশেষজ্ঞের পরামর্শ নিন । ধন্যবাদ,O O O O O O O O O O O B-Specialist I-Specialist O B-Specialist I-Specialist O O O O,O O O O O O O O O O O O O O O O O O O O,Specialist,2.8887286919999724,,220.0
আমার মেয়ের বয়স 5মাস 6দিন সে দিনের বেলা 10মিনিটের ঘুম দেয় 2বার । আর রাত 12টা বাজলেও ঘুমায় না আবার সকাল সকাল উঠে একবারে ঘুম কম কি করনিয় ? ,O O O B-Age I-Age O O O O O O O O O O O O O O O O O O O O O O O O,O O B-Age I-Age I-Age O O O O O O O O O O O O O O O O O O O O O O O O,Age,16.95155634499997,,221.0
"আমার ৩ দিন জ্বর , রোদ থে‌কে এ‌সে বিকা‌লে ঠান্ডা পা‌নি দি‌য়ে গোসল করার পর থে‌কে জ্বর বা‌ড়ে , জ্বর বন্ধ হ‌য়ে আবার আ‌সে , প্যারা‌সিটামল ৫০০ এম‌জি ২টা ক‌রে ৩ বার গতকাল থে‌কে খা‌চ্ছি , কাজ হ‌চ্ছেনা , করনীয় কি ? ",O O O B-Symptom O O O O O O O O B-Symptom I-Symptom I-Symptom I-Symptom I-Symptom I-Symptom O B-Symptom I-Symptom I-Symptom I-Symptom I-Symptom O B-Medicine I-Medicine I-Medicine B-Dosage I-Dosage I-Dosage I-Dosage I-Dosage I-Dosage O O O O O O O O,O B-Age I-Age B-Symptom O O O O O B-Symptom I-Symptom O O O O O B-Symptom O O B-Symptom O O O O O B-Medicine B-Dosage I-Dosage I-Dosage O B-Dosage I-Dosage O O O O O O O O O O,Symptom,7.127066120999984,,222.0
"I have been suffering from some fungal infection ( probably ringworm ) . for several months . My affected areas are private parts , hands and leg . Due to lockdown i can not go to see a doctor . I tried home remedies like applying aloe vera , coconut oil but nothing is working . what should i do ? ",O O O O O O B-Health_Condition I-Health_Condition O O B-Health_Condition O O O O O O O O O O O O O O O O O O O O O O O O O O O O O O O O O O O O O O O O O O O O O O O O O O,O O O O O O B-Health_Condition I-Health_Condition O O I-Health_Condition O O O O O O O O O O O O O O O O O O O O O O O O O O O O O O O O O O O O O O O O O O O O O O O O O O,Health Condition,1.7903037060000315,,223.0
"আসসালামু আলাইকুম । শ্রদ্ধেয় ডা : সাহেব আমি < NAME > , বয়স ৪৩ আমার সমস্যা : আমার মাথায় অতিরিক্ত খুশকি এবং চুল পড়ে যাচ্ছে এমতাবস্থায় পরামর্শ দিলে উপকৃত হইবো ইনশাআল্লাহ । ",O O O O O O O O O O O O O B-Age O O O O B-Health_Condition I-Health_Condition I-Health_Condition O B-Symptom I-Symptom I-Symptom O O O O O O O,O O O O O O O O O O O O B-Age I-Age O O O O O B-Symptom I-Symptom O B-Symptom I-Symptom I-Symptom O O O O O O O,Age,2.538961157000017,,224.0
"amar babar age 48 tar daybetic sokal aj kali pete mapa hoyse 13 silo , ata ki kono problem , ar normal rakhar jonno ki korte hobe , chokhe japsa dekhe durer jinis . ",O O O B-Age O B-Health_Condition I-Health_Condition I-Health_Condition I-Health_Condition I-Health_Condition I-Health_Condition I-Health_Condition I-Health_Condition I-Health_Condition O O O O O O O O O O O O O O B-Symptom I-Symptom I-Symptom I-Symptom I-Symptom O,O O O O O O O O O O O O O O O O O O O O O O O O O O O O O O O O O O,Age,3.639240459000007,,225.0
আমার বয়স ১৯ । আমার এলার্জিক রাইনাইটিস ও সাইনাসাইটিস আছে । আমার ১০ মাস আগে IGE ছিল ৮৯৪ । এখন ১৬৭ আমার ৩ সপ্তাহ ধরে হাতে পায়ে চুলকানি হচ্ছে তখন হালকা লাল হয় কিছুক্ষন পর মিলিয়ে যায় । সবসময় হচ্ছে না । আমি মন্টিলুকাস্ট ১০ এমজি ও ফেনাডিন ১২০ এমজি গ্রহণ করছি । এখন করনীয় কি অনুগ্রহ করে যদি বলতেন । ,O O B-Age O O B-Health_Condition I-Health_Condition I-Health_Condition I-Health_Condition O O B-Health_Condition I-Health_Condition I-Health_Condition I-Health_Condition I-Health_Condition I-Health_Condition I-Health_Condition O B-Symptom I-Symptom I-Symptom I-Symptom I-Symptom I-Symptom I-Symptom I-Symptom I-Symptom I-Symptom I-Symptom I-Symptom I-Symptom I-Symptom I-Symptom I-Symptom I-Symptom I-Symptom O O O O O O B-Medicine I-Medicine I-Medicine O B-Medicine I-Medicine O O O O O O O O O O O O,O O O O O O O O O O O O O O O O O O O O O O O O O O O O O O O O O O O O O O O O O O O O O O O O O O O O O O O O O O O O O,Health Condition,5.351358146000052,,226.0
Thanks for your question to daktar bhai . please tell her not to take any spicy food . Meanwhile you can see a throat specialist to see what has happened to her toungue . Thanks,O O O O O O O O O O O O O O O O O O O O O O O B-Specialist I-Specialist O O O O O O O O O O,O O O O O O O O O O O O O O O O O O O O O O O B-Specialist I-Specialist O O O O O O O O O O,Specialist,44.829572859,,227.0
আমার বাবার বয়স around 42 বছর তিনি ঘুমের মধ্যে নাক ডাকে এ থেকে রক্ষা পেতে কি করতে হবে,O O O O B-Age I-Age O B-Symptom I-Symptom I-Symptom I-Symptom O O O O O O O,O O O O B-Age I-Age O O O B-Symptom I-Symptom O O O O O O O,Age,1.5813167840000233,,228.0
Amar patla paykhana ami ki korbo . please help me . ,O B-Symptom I-Symptom O O O O O O O O,O B-Symptom I-Symptom O O O O O O O O,Symptom,0.8711426700000402,,229.0
"Mucomix DT , Clamox , Moxibac , Esonix , D - rise ei ওষুধ গুলো কি করোনা রোগীর জন্য ব্যবহার করতে দেয় নাকি অন্য কোনো সমস্যার জন্য । । জানালে উপকৃত হব । ",B-Medicine I-Medicine O B-Medicine O B-Medicine O B-Medicine O B-Medicine I-Medicine I-Medicine O O O O B-Health_Condition O O O O O O O O O O O O O O O O,O O O O O O O O O O O O O O O O O O O O O O O O O O O O O O O O O,Medicine,6.237343647999978,,230.0
"I am very sound - sensitive ! ( specially at night ) even very minor sounds give me so much trouble ! ! as a result i cant concentrate on my study and cant sleep properly . . . It is not possible to stop / control all the sounds around me ; so , what can i do to get rid off this traumatic feeling . Is it a disease ? please help me with a good solution . ",O O O O O O O O O O O O O O O O O O O O O O O O O O O B-Symptom I-Symptom I-Symptom I-Symptom I-Symptom O B-Symptom I-Symptom I-Symptom O O O O O O O O O O O O O O O O O O O O O O O O O O O O O O O O O O O O O O O O O O O O,O O O B-Symptom I-Symptom I-Symptom O O O O O O O O O B-Symptom O O O O B-Symptom O O O O O O O O O O O O O O O O O O O O O O O O O O O O O O O O O O O O O O O O O O O O O O O O O O O O O O O O O O O,Symptom,6.115125645000035,,231.0
আপনাকে ধন্যবাদ প্রশ্ন করার জন্য । একজন Neurologist এর সাথে যোগাযোগ করুন । ধন্যবাদ । ,O O O O O O O B-Specialist O O O O O O O,O O O O O O O B-Specialist I-Specialist O O O O O O,Specialist,9.558734956999956,,232.0
"ডাক্তার ভাইকে প্রশ্ন করার জন্য ধন্যবাদ । Tab Fexo 120 0 + 0 + 1 , 7 days খেতে পারেন । ধন্যবাদ",O O O O O O O B-Medicine I-Medicine I-Medicine B-Dosage I-Dosage I-Dosage I-Dosage I-Dosage I-Dosage I-Dosage I-Dosage O O O O,O O O O O O O B-Medicine I-Medicine B-Dosage O O O O O O O O O O O O,Medicine,15.844417133999968,,233.0
ধন্যবাদ আপনাকে প্রশ্ন করার জন্য । মেন্থলের ভাপ নিন । ধন্যবাদ,O O O O O O O O O O O,O O O O O O B-Medicine O O O O,,5.552534691000005,,234.0
"যদি আপনার বাচ্চার ওজন ৮ কেজি হয়ে থাকে তাহলে , Rx , P / D Omidon 5mg / ml - ৫ ফোটা মুখে দিনে ৪ বার - ৫ দিন ( পাতলা পায়খানা হলে বন্ধ ) Advice : বাহিরের খাবার সম্পূর্ণ নিষিদ্ধ Dr . < NAME > Mbbs ( DU ) ",O O O O O O O O O O B-Medicine I-Medicine I-Medicine I-Medicine I-Medicine I-Medicine I-Medicine I-Medicine I-Medicine O B-Health_Condition I-Health_Condition I-Health_Condition I-Health_Condition I-Health_Condition I-Health_Condition I-Health_Condition I-Health_Condition I-Health_Condition I-Health_Condition I-Health_Condition I-Health_Condition I-Health_Condition I-Health_Condition O O O O O O O O O O O O O O O O,O O O O B-Age I-Age O O O O O O O O O B-Medicine I-Medicine O O O B-Dosage O O O I-Dosage O O B-Dosage I-Dosage O O O O O O O O O O O O O O O O O O O O O,Medicine,2.3984739740000123,,235.0
"৪ দিন যাবৎ টয়লেট হচ্ছে না । বেগ হয় , টয়লেট বসলে খুবই অল্প পরিমানে হচ্ছে . . উল্লেখঃ ২ মাসের প্রেগনেন্সি । পরামর্শ দিন প্লিজ । ",O O O B-Symptom I-Symptom I-Symptom O O O O B-Symptom I-Symptom I-Symptom I-Symptom I-Symptom O O O O O O B-Health_Condition O O O O O,O O O O O O O O O O O O O O O O O O O O O O O O O O O,Symptom,5.161102243999949,,236.0
ডাক্তার ভাই কে প্রশ্ন করার জন্য ধন্যবাদ । আসলে করোনার লক্ষন এর শেষ নায় । নাকে কি সর্দি আছে ? ? অনেক সময় সর্দি থাকলে নাকে গন্ধ পাওয়া যায় না । সর্দি না থাকলে অবশ্যই করোনা টেষ্ট করে দেখা উচিত । প্রয়োজনে মেডিসিন বিশেষঙ্গের পরামর্শ নিতে পারেন । প্রচুর পরিমানে ভিটামিন সি যুক্ত খাবার গ্রহণ করুন । ,O O O O O O O O O B-Health_Condition O O O O O O O B-Symptom O O O O O B-Symptom O B-Symptom I-Symptom I-Symptom I-Symptom I-Symptom O B-Symptom O O O B-Medical_Procedure I-Medical_Procedure O O O O O B-Specialist I-Specialist O O O O O O O O O O O O O,O O O O O O O O O O O O O O O O O O O O O O O O O O O O O O O O O O O O O O O O O O O O O O O O O O O O O O O O O,Symptom,49.72524514600002,,237.0
আপনাকে ধন্যবাদ প্রশ্ন করার জন্য । আপনি ট্যাবলেট প্যান্টোনিক্স ২০ মিলিগ্রাম সকালে ও রাতে একটা করে খাবার আগে খান । ট্যাবলেট ওমিডন ১০ মিলিগ্রাম সকালে ও রাতে খাবার আগে একটা করে খান । বেশি সমস্যা হলে সিরাপ এন্টাসিড প্লাস খেতে পারেন । ধন্যবাদ । ,O O O O O O O B-Medicine I-Medicine I-Medicine I-Medicine B-Dosage I-Dosage I-Dosage I-Dosage O O O O O B-Medicine I-Medicine I-Medicine I-Medicine B-Dosage I-Dosage I-Dosage I-Dosage I-Dosage O O O O O O O B-Medicine I-Medicine I-Medicine O O O O O,O O O O O O O O O O O O O O O O O O O O O O O O O O O O O O O O O O O O O O O O O O O O,Medicine,13.465362021000033,,238.0
আপনাকে ধন্যবাদ প্রশ্ন করার জন্য । কোনো সমস্যা নাই । খেতে পারেন । শশা একটি লো ক্যালরি ডায়েট । ধন্যবাদ । ,O O O O O O O O O O O O O O O O O O O O O,O O O O O O O O O O O O O O O O O O O O O,,2.904528775000017,,239.0
"আপনার প্রশ্নের জন্য ধন্যবাদ । ছেলেদের প্রস্টেট নামক এক ধরনের গ্রন্থি থাকে যা কিনা বয়স ৫৫বছর এর পর অনেকেরই বড় হতে থাকে । এর জন্য বিভিন্ন সমস্যা দেখা দেয় , যেমন - প্রস্রাবে জ্বালাপোড়া / ফোটায় ফোটায় প্রস্রাব হওয়া / ক্লিয়ারলি না হওয়া , ঘনঘন বেগ হওয়া ইত্যাদি । এই জন্য আপনার বাবার পেটের আল্ট্রাসনোগ্রাফি করানো প্রয়োজন । আপনি একজন ইউরোলজিস্টের পরামর্শ নিন । ধন্যবাদ । ",O O O O O O O O O O O O O O O B-Age O O O O O O O O O O O O O O O O B-Symptom I-Symptom O B-Symptom I-Symptom I-Symptom I-Symptom O B-Symptom I-Symptom I-Symptom O B-Symptom I-Symptom I-Symptom O O O O O O B-Medical_Procedure I-Medical_Procedure O O O O O B-Specialist O O O O O,O O O O O O B-Health_Condition O O O O O O O B-Age I-Age O O O O O O O O O O O O O O O O B-Symptom I-Symptom O B-Symptom I-Symptom I-Symptom I-Symptom O O O O O B-Symptom I-Symptom I-Symptom O O O O O O B-Medical_Procedure O O O O O B-Specialist O O O O O O,Symptom,5.046276654999929,,240.0
আপনাকে ধন্যবাদ প্রশ্ন করার জন্য । আপনার সমস্যা ভাল ভাবে পরীক্ষা করে দেখতে হবে । আপনি একজন গাইনী বিশেষজ্ঞ চিকিৎসক কে দেখান । ধন্যবাদ । ,O O O O O O O O O O O O O O O O O B-Specialist I-Specialist O O O O O O,O O O O O O O B-Symptom O O O O O O O O O B-Specialist I-Specialist I-Specialist O O O O O,Specialist,4.226301643000056,,241.0
আমার গলায় রেশ মতো হয়েছে এটা অনেক চুলকাই । আমি মলম ব্যবহার করছি তাতেও কমছে না দিন দিন শুধু বাড়ছে । এখন আমার করনীয় কি দয়া করে জানাবেন । ,O B-Symptom I-Symptom O O O O B-Symptom O O O O O O O O O O O O O O O O O O O O O,O O O O O O O O O O O O O O O O O O O O O O O O O O O O O,Symptom,5.435086995999996,,242.0
"ডাক্তার ভাই কে প্রশ্ন করার জন্য ধন্যবাদ । ঔষধ দিয়ে নাকের রাগ কমানো যায়না , এই জন্য পরামর্শ প্রয়োজন আপনি সরাসরি একজন Psychiatrist এর পরামর্শ নিন ধন্যবাদ",O O O O O O O O O O O O O O O O O O O O O O B-Specialist O O O O,O O O O O O O O O O O O O O O O O O O O O O O O O O O,Specialist,4.355535186999987,,243.0
"ধন্যবাদ আপনাকে প্রশ্ন করার জন্য । আপনি তরল খাবার , স্যালাইন , পানি খাবেন । আপনি টক ফল , সিভিট খান । গরম পানি খাবেন একটু পর পর । মাথায় পানি দিবেন , গা মুছবেন । জ্বর ১০০ ডিগ্রির উপরে উঠলে নাপা খাবেন । ১০২ এর উপরে উঠলে সাপোসিটর দিবেন । জ্বর ৭ দিন এমন উঠানামা করতে পারে , চিন্তার কারণ নেই । বমির জন্য Omid খাবেন খালিপেটে দুইবার করে ৩ দিন । ধন্যবাদ",O O O O O O O O O O B-Medicine O O O O O O O O B-Medicine O O O O O O O O O O O O O O O O B-Symptom I-Symptom I-Symptom I-Symptom O B-Medicine O O O O O O B-Medicine O O B-Symptom O O O O O O O O O O O B-Symptom O B-Medicine O O B-Dosage I-Dosage O O O O,O O O O O O O O O O O O O O O O O O O O O O O O O O O O O O O O O O O O O O O O O O O O O O O O O O O O O O O O O O O O O O O O O O O O O O O O O O,Medicine,6.039227380999932,,244.0
amar buker bampase majemaje pin pin betha onuvob hoy . kono tension e thakle besi kore . . . ami pani daily 3 litre er moto khai . porar jonno rate jagte hoy . abar kokhono kokhono rate ghum e ase na . . buke edoroner betha hoy keno ? ,O B-Symptom I-Symptom I-Symptom I-Symptom I-Symptom I-Symptom O O O O O O O O O O O O O O O O O O O O O O O O O O O O O O B-Symptom I-Symptom I-Symptom I-Symptom I-Symptom O O B-Symptom I-Symptom I-Symptom O O O,O O O O O O O O O O O O O O O O O O O O O O O O O O O O O O O O O O O O O O O O O O O O O O O O O O,Symptom,4.476727912000001,,245.0
ডাক্তারভাইকে প্রশ্ন করার জন্য ধন্যবাদ । Tab Algin 50mg - - 1 + 1 + 1 After meal when there is pain . আপাতত ব্যথার জন্য ঔষধটি খাবেন । আপনার স্ত্রী যে গাইনী ডাক্তারের চিকিৎসাধীন আছেন দ্রুত উনার পরামর্শ নিন । ধন্যবাদ । ,O O O O O O B-Medicine I-Medicine I-Medicine O O B-Dosage I-Dosage I-Dosage I-Dosage I-Dosage I-Dosage I-Dosage O O O O O O O O O O O O O O B-Specialist I-Specialist I-Specialist O O O O O O O O,O O O O O O B-Medicine I-Medicine B-Dosage O O B-Dosage O B-Dosage O O O O O O O B-Symptom O O O B-Medicine O O O O O B-Specialist I-Specialist O O O O O O O O O O,Medicine,10.890269195999965,,246.0
amar skin keloid asa pri 2 years . . . ai poristitita ami ki korta pari . . . keloid ki kono koti kore sorirer . . r keloid ki ? plz tell bangla . . . ,O B-Health_Condition I-Health_Condition O O O O O O O O O O O O O O O O B-Health_Condition O O O O O O O O B-Health_Condition O O O O O O O O,O B-Symptom I-Symptom O O B-Age I-Age O O O O O O O O O O O O B-Symptom O O O O O O O O B-Symptom O O O O O O O O,Health Condition,2.173917991000053,,247.0
Thanks for your question to daktar Bhai . Please take Tab omidon 3 times daily for a week . If you suffer from anxiety pl consult with psychiatrist . Thanks,O O O O O O O O O O B-Medicine I-Medicine B-Dosage I-Dosage I-Dosage I-Dosage I-Dosage I-Dosage O O O O O O O O O B-Specialist O O,O O O O O O O O O O O O O O O O O O O O O O O O O O O O O O,Medicine,2.87108754999997,,248.0
ধন্যবাদ আপনাকে প্রশ্নের জন্য । সরাসরি একজন বিশেষজ্ঞ ডাক্তার দেখান । বুক পরীক্ষা করে দেখতে হবে । ইনফেকশন থাকলে এন্টিবায়োটিক দিতে হবে । অথবা হাসপাতালে নিয়ে যান । এই বয়সের চিকিৎসা সাবধানে করতে হবে । ধন্যবাদ,O O O O O O O B-Specialist O O O O O O O O O B-Health_Condition O O O O O O O O O O O O O O O O O O,O O O O O O O B-Specialist I-Specialist O O B-Medical_Procedure I-Medical_Procedure O O O O B-Health_Condition O B-Medicine O O O O O O O O O B-Age B-Medical_Procedure O O O O O,Specialist,16.684440289999998,,249.0
"Amar wife 7 . 5 month pregnancy , but khub besi Kashi , thanda , ai bepare ki medicine khaoano jete pare ? ",O O B-Health_Condition I-Health_Condition I-Health_Condition I-Health_Condition I-Health_Condition O O O O B-Symptom O B-Symptom O O O O O O O O O,O O O O O O O O O O O O O O O O O O O O O O O,Symptom,2.445489228000042,,250.0
"1 week dore amr private jayga te gorom e chulkani hoccey , eti moddey jayga lal hoye gese , prochur chulkani hoccey , powder diye raki , pani lagle abr chulkani suru hoye jay , dag pore gese",O O O O B-Symptom I-Symptom I-Symptom I-Symptom I-Symptom I-Symptom I-Symptom O B-Symptom I-Symptom I-Symptom I-Symptom I-Symptom I-Symptom O B-Symptom I-Symptom I-Symptom O O O O O B-Symptom I-Symptom I-Symptom I-Symptom I-Symptom I-Symptom I-Symptom O B-Symptom I-Symptom I-Symptom,O O O O O O O O O B-Symptom O O O O O B-Symptom O O O O B-Symptom O O O O O O O O B-Symptom O O O O B-Symptom O O O,Symptom,1.3753835259999505,,251.0
ডাক্তার ভাইতে প্রশ্ন করার জন্যে আপনাকে ধন্যবাদ । একজন শিশু বিশেষজ্ঞ চিকিৎসক কে দেখান । ,O O O O O O O O O B-Specialist I-Specialist O O O O,O O O O O O O O O B-Specialist I-Specialist I-Specialist O O O,Specialist,28.02555896199999,,252.0
আপনাকে ধন্যবাদ প্রশ্ন করার জন্য । আপনার সমস্যা এমন একটি স্পর্শ কাতর জায়গায় হয়েছে যে না দেখে চিকিৎসা দেয়া উচিত নয় । এতে সমস্যা বাড়তে পারে । আপনি দ্রুত একজন চর্ম রোগের বিশেষজ্ঞ কে দেখান । ভাল হয়ে যাবেন । দুশ্চিন্তা করবেন না । ধন্যবাদ । ,O O O O O O O O O O O O O O O O O O O O O O O O O O O O O O B-Specialist I-Specialist I-Specialist O O O O O O O O O O O O O,O O O O O O O O O O O O O O O O O O O O O O O O O O O O O O O O O O O O O O O O O O O O O O,Specialist,2.942870125000013,,253.0
হলায় হালকা ব্যাথা অনুবভ হচ্ছে আমি কি জি মাক্স খেতে পারবো,O O B-Symptom O O O O B-Medicine I-Medicine O O,O O B-Symptom I-Symptom O O O B-Medicine I-Medicine O O,Symptom,1.5035112990000243,,254.0
আমার অনবরত ঘার বাএথা করে মাথা উথাতে পারিনা । এখন কি করবু । পেসার কম ৬০ / ৮০ থাকে অনেক কিচু করচি কিন্তু কিচু হচ্চে না,O O B-Symptom I-Symptom I-Symptom I-Symptom I-Symptom I-Symptom O O O O O B-Symptom I-Symptom I-Symptom I-Symptom I-Symptom O O O O O O O O,O O O O O O O O O O O O O O O O O O O O O O O O O O,Symptom,4.62580036199995,,255.0
"ডাক্তার ভাই কে প্রশ্ন করার জন্য ধন্যবাদ । emergency pill খাওয়ার কারনে মাঝে মাঝে মাসিক দেরি তে হতে পারে । এতে চিন্তার কিছু নেই , আপনি ১সপ্তাহ দেখুন এর মধ্যে মাসিক না হলে গাইনী বিশেষজ্ঞের পরামর্শ নিন । ",O O O O O O O O O O O O O O O O O O O O O O O O O O O O O O O O O B-Specialist I-Specialist O O O,O O O O O O O O O O O O O O O O O O O O O O O O O O O O O O O O O O O O O O,Specialist,3.395896516000107,,256.0
Amar celer boyos 7 bosor . go - to 4 din jabot thik moto khete chacce na pet fule thake . . vave 60 ml khawacci kono somadhan hocce na . ,O O O B-Age I-Age O O O O B-Symptom I-Symptom I-Symptom I-Symptom I-Symptom I-Symptom I-Symptom I-Symptom I-Symptom I-Symptom I-Symptom O O B-Medicine I-Medicine I-Medicine O O O O O O,O O O O O O O O O O O O O O O O O O O O O O O O O O O O O O O,Age,4.422705153000038,,257.0
ডাক্তার ভাই কে প্রশ্ন করার জন্য ধন্যবাদ । গোসল করার পানি বদলিয়ে দেখুন । Mineral water বেবহার করে দেখুন । ধন্যবাদ । ,O O O O O O O O O O O O O O O O O O O O O O,O O O O O O O O O O O O O O O O O O O O O O,,1.2795517010000594,,258.0
"Feel back pain and knee pain , so what should I do ? ",O B-Symptom I-Symptom O B-Symptom I-Symptom O O O O O O O,O B-Symptom I-Symptom O B-Symptom I-Symptom O O O O O O O,Symptom,0.8638453209999852,,259.0
আপনাকে ধন্যবাদ প্রশ্ন করার জন্য । একজিমার সুনির্দিষ্ট চিকিৎসা আছে কিন্তু নিশ্চিত হতে হবে যে একজিমা । চর্ম রোগ না দেখে চিকিৎসা দিলে ভুল চিকিৎসা হতে পারে । আপনি একজন ভাল চর্ম রোগ বিশেষজ্ঞকে দেখিয়ে চিকিৎসা নিন । ধন্যবাদ,O O O O O O O O O O O O O O O B-Health_Condition O O O O O O O O O O O O O O O B-Specialist I-Specialist I-Specialist O O O O O,O O O O O O O O O O O O O O O O O O O O O O O O O O O O O O O O O O O O O O O,Health Condition,8.070545272000004,,260.0
"আমার ছেলে , বয়স ১০ । রাত থেকে বমি করতেছে । এখন পর্যন্ত সাত বার । পায়খানা হয়নি । সকালে emistat ft 4 & motigut খাওয়ানো হয়েছে । খাওয়ানোর পর একবার বমি করেছে । ",O O O O B-Age O B-Symptom I-Symptom I-Symptom I-Symptom O O O O O O B-Symptom I-Symptom O O B-Medicine I-Medicine I-Medicine O B-Medicine O O O O O O O O O,O O O O B-Age O O O B-Symptom I-Symptom O O O O O O B-Symptom I-Symptom O O B-Medicine I-Medicine B-Dosage O B-Medicine O O O O O O B-Symptom I-Symptom O,Symptom,2.7068433910000067,,261.0
আপনাকে ধন্যবাদ প্রশ্ন করার জন্য । না দেখে সমাধান দেয়া যাচ্ছে না । App এর Video Consultation এর সহায়তা নিতে পারেন । ধন্যবাদ । ,O O O O O O O O O O O O O O O O O O O O O O O O,O O O O O O O O O O O O O O O O O O O O O O O O,,2.2304489880000347,,262.0
"ওটস খাচ্ছি দুধ দিয়ে রোজ সকালে ৩০ গ্রাম করে । কিন্ত মনে হচ্ছে হাটু আর পায়ের হারিয়ে দুর্বলতা অনুভব করবি । এর কারন কি ? ওজন ৬০ কেজি উচ্চতা ৫ . ৯ "" ",O O O O O O O O O O O O O B-Symptom I-Symptom I-Symptom I-Symptom I-Symptom O O O O O O O B-Health_Condition I-Health_Condition I-Health_Condition B-Health_Condition I-Health_Condition I-Health_Condition I-Health_Condition I-Health_Condition,O O O O O O O O O O O O O O O O O O O O O O O O O O O O O O O O O,Health Condition,3.476461527999959,,263.0
"আমার করোনা পজিটিভ অসুধ সেভ৩ ডি এস , নাপা , ফেকছোফাস্ট , মোনাস , জিংক , ক্যালসিয়াম ট্যাব খাচ্ছি , কোন সমস্যা হবে কি । ",O B-Health_Condition I-Health_Condition O B-Medicine I-Medicine I-Medicine O B-Medicine O B-Medicine O B-Medicine O B-Medicine O B-Medicine I-Medicine O O O O O O O,O B-Health_Condition I-Health_Condition O B-Medicine I-Medicine I-Medicine O B-Medicine O B-Medicine O B-Medicine O B-Medicine O B-Medicine I-Medicine O O B-Symptom O O O O,Medicine,22.52432444499993,,264.0
আপনাকে ধন্যবাদ প্রশ্ন করার জন্য । আপনি পায়খানা নরম রাখুন । ইসুপগুলের ভুষি খান । পানি বেশি করে খান । একজন সার্জারি ডাক্তারের পরামর্শ নিন । ধন্যবাদ,O O O O O O O O O O O O O O O O O O O O O B-Specialist I-Specialist O O O O,O O O O O O O O O O O O O O O O O O O O O O O O O O O,Specialist,1.8884836340000677,,265.0
"Thank you for your question to Daktar Bhai . Her FBS is higher than normal level , she should control her diabetes first and then should go for vaccination . thank you . ",O O O O O O O O O O B-Symptom I-Symptom I-Symptom I-Symptom I-Symptom I-Symptom O O O O O B-Health_Condition O O O O O O O O O O O,O O O O O O O O O O O O O O O O O O O O O O O O O O O O O O O O O,Symptom,4.343299767999952,,266.0
আপনাকে ধন্যবাদ প্রশ্ন করার জন্য । আপনি পুড়া জায়গায় প্রথমে ভালকরে আধা ঘন্টা টেপের পানিতে ভিজিয়ে রাখুন । silcream দিনে দুইবার ব্যবহার করুন । বেশি পড়ে গেলে এন্টিবায়োটিক লাগতে পারে । সিভিট খেতে পারেন । ড্রেসিং করতে হবে । একজন অভিজ্ঞ চিকিৎসক কে দেখিয়ে নিতে পারেন । ধন্যবাদ,O O O O O O O O O O O O O O O O O O B-Medicine O O O O O O O O O O O O B-Medicine O O O O O O O O O O O O O O O O,O O O O O O O B-Symptom I-Symptom O O B-Dosage I-Dosage O O O O O B-Medicine B-Dosage I-Dosage O O O O O O B-Medicine O O O B-Medicine O O O B-Medical_Procedure O O O O O B-Specialist O O O O O O,Medicine,2.6473812869999165,,267.0
"Thanks for asking question . you should modify your life stlye . Like do excercise at least 3o minutes before sleep , have healthy food , maintain good sleep environment and fix a time for sleep everyday . Avoid watch news or mobile or tv before sleep . . Hope it will help you . Thanks",O O O O O O O O O O O O O O O O O O O O O O O O O O O O O O O O O O O O O O O O O O O O O O O O O O O O O O O O,O O O O O O O O O O O O O O O O O B-Dosage I-Dosage O O O O O O O O O O O O O O O O O O O O O O O O O O O O O O O O O O O O O,,25.318493456000056,,268.0
"আসসালামু আলাইকুম ডাক্তার ভাই , কইএক দিন হলো আমার মুখে কোনো রুচি নাই জিব্বাটাও কেমন যেন টক কইষ্টা হয়ে আছে প্লিজ একটু সমাধান চাই , মুখে রুচির জন্যে ভাল ওষুধ বা ভিটামিন কি খাইতে হবে । আমার বয়স 29 , ওজন 53 , হাইট 5 "" 6ইঞ্চি । ",O O O O O B-Symptom I-Symptom I-Symptom I-Symptom I-Symptom I-Symptom I-Symptom I-Symptom B-Symptom I-Symptom I-Symptom I-Symptom I-Symptom I-Symptom O O O O O O O O O O O O O O O O O O O B-Age O O O O O O O O O,O O O O O O O O O O O O O O O O O O O O O O O O O O O O O O O O O O O O O O O O O O O O O O O O,Symptom,4.405059423000012,,269.0
"আমার নাক প্রায়ই বন্ধ থাকে । একটু পর পর নাক টানি । রাতে ঘুমানোর সময় আরও বেশি সমস্যা হয় । শ্বাস নিতে কষ্ট হয় । এ সমস্যাটা অনেকদিন ধরেই । ঠান্ডার ওষুধ নিলে একটু ভাল থাকি । আফরিন ড্রপারটা কিছুদিন আগে ব্যবহার করেছিলাম । তখন মনে হয়েছিল অনেকটা ভাল আছি । ঘুম ভাল না হলে আমার অনেক সমস্যা হয় । আমার চোখ , মাথা ব্যাথা করে । তাই চেষ্টা করি যেন ভাল ঘুম হয় । আমার নাকের এ সমস্যাটা কেন হয় । কি করলে ভাল সম্পূর্ণ ভাল থাকবো ? ",O B-Symptom I-Symptom I-Symptom O O O O O B-Symptom I-Symptom O O O O O O O O O B-Symptom I-Symptom I-Symptom I-Symptom O O O O O O O O O O O O O B-Medicine O O O O O O O O O O O O O O O O O O O O O O O B-Symptom I-Symptom I-Symptom I-Symptom O O O O O O O O O O O O O O O O O O O O O O O O,O B-Symptom O B-Symptom I-Symptom O O O O B-Symptom I-Symptom O O O O O O B-Health_Condition O O B-Symptom O B-Symptom O O O B-Health_Condition O O O B-Health_Condition B-Medicine O O O O O B-Medicine I-Medicine O O O O O O O O O O O O O O O O O B-Health_Condition O O O B-Symptom O B-Symptom I-Symptom O O O O O O O O O O O O O B-Symptom O B-Health_Condition O O O O O O O O O,Symptom,10.718553553999982,,270.0
"আমার মেয়ের বয়স ৬ মাস চলছে , গত ২ দিন আগে একেবারে পানির মত ২ - ৩ বার টয়লেট হয়ে এখন আবার ঠিক হয়েছে , কিছুটা জিংক সিরাপ খাওয়ানো হয়েছে । গতকাল রাত থেকে মেয়ের জ্বর । ১০২ পর্যন্ত উঠানামা করেছে । নাপা সিরাপ খাওয়ানো হচ্ছে ৬ ঘন্টা পর পর । আপনাদের পরামর্শ কামনা করছি এই অবস্হায়",O O O B-Age I-Age O O O O O O O B-Symptom I-Symptom I-Symptom I-Symptom I-Symptom I-Symptom I-Symptom I-Symptom O O O O O O B-Medicine I-Medicine O O O O O O O B-Symptom O B-Symptom I-Symptom I-Symptom I-Symptom O B-Medicine I-Medicine O O O O O O O O O O O O O,O O B-Age I-Age I-Age O O O O O O O O O O O O O O O O O O O O O O B-Medicine I-Medicine O O O O O O O B-Symptom O O O O O O O B-Medicine I-Medicine O O B-Dosage I-Dosage O O O O O O O,Symptom,6.238047162000044,,271.0
"আপনাকে ধন্যবাদ প্রশ্ন করার জন্য । Drylief eye Drop ২ ফোটা করে উভয় চোখে দিনে দুই বার পাঁচ দিন ব্যাবহার করুন , একজন চক্ষু বিশেষজ্ঞের পরামর্শ নিন । ধন্যবাদ । ",O O O O O O B-Medicine I-Medicine I-Medicine B-Dosage I-Dosage O O O B-Dosage I-Dosage I-Dosage I-Dosage I-Dosage O O O O B-Specialist I-Specialist O O O O O,O O O O O O B-Medicine I-Medicine I-Medicine B-Dosage I-Dosage I-Dosage O O O B-Dosage I-Dosage B-Dosage I-Dosage O O O O B-Specialist I-Specialist O O O O O,Dosage,21.316111571999954,,272.0
"My Mother is having pain in whole body , almost all the bone joints , pain in hand , back , and ribs . She has been taking Peracetamol ( Napa Rapid ) but nothing has helped . Kindly prescribe few medicines and also any concerned thing . she is 52 years old . ",O O O O B-Symptom I-Symptom I-Symptom I-Symptom O O O O B-Symptom I-Symptom O B-Symptom I-Symptom I-Symptom O B-Symptom O O B-Symptom O O O O O B-Medicine I-Medicine I-Medicine I-Medicine O O O O O O O O O O O O O O O O O O B-Age O O O,O O O O B-Symptom O O I-Symptom O O O O O I-Symptom O B-Symptom O I-Symptom O B-Symptom O O I-Symptom O O O O O B-Medicine O B-Medicine I-Medicine O O O O O O O O O O O O O O O O O O B-Age I-Age O O,Symptom,23.33978138300006,,273.0
তলপেট ব্যথা আস্তে আস্তে পুরো পেট ব্যথা করে ব্যথা যদি না থাকে তাহলে তল পেটে চিন চিন করে আর পেট ভারভার হয়ে থাকে । কোন ওষুধ খাওয়া যায় । ,B-Symptom I-Symptom B-Symptom I-Symptom I-Symptom I-Symptom I-Symptom O O O O O O B-Symptom I-Symptom I-Symptom I-Symptom I-Symptom O B-Symptom I-Symptom I-Symptom I-Symptom O O O O O O,O O O O O O O O O O O O O O O O O O O O O O O O O O O O O,Symptom,7.096654617000013,,274.0
একটা ভালো ময়েশ্চারাইজার ক্রীম এর নাম জানাবেন স্যার . . ? ? ,O O B-Medicine I-Medicine O O O O O O O O,O O O O O O O O O O O O,Medicine,14.804697145999969,,275.0
আপনাকে ধন্যবাদ প্রশ্ন করার জন্য । আপনার রক্তের পরিমান মোটামুটি ঠিক আছে । থ্যালাসেমিয়া আছে কিনা তা জানার জন্য অন্য পরীক্ষার প্রয়োজন । আপনার বাবা মা কারো থ্যালাসেমিয়া থাকলে একজন রক্ত রীগ বিশেষজ্ঞ কে দেখিয়ে প্রয়োজনীয় পরীক্ষা করিয়ে নিশ্চিত হন যে আপনার থ্যালাসেমিয়া আছে কিনা । ধন্যবাদ,O O O O O O O O O O O O O B-Health_Condition O O O O O O O O O O O O O B-Health_Condition O O B-Specialist I-Specialist I-Specialist O O O O O O O O O B-Health_Condition O O O O,O O O O O O O O O O O O O B-Health_Condition O O O O O O O O O O O O O B-Health_Condition O O O O B-Specialist O O O O O O O O O O B-Health_Condition O O O,Health Condition,5.290213243999915,,276.0
"ডাক্তার ভাইকে প্রশ্ন করার জন্য ধন্যবাদ । এন্টিবায়োটিক ইনফেকসাস ডিজিজে ব্যবহার করা হয় । কাশি বা কফের জন্য না । তবে আপনার যদি ফুসফুসের কোন ইনফেকশন এ কাশি হয় , তাহলে ডাক্তারের পরামর্শ মত এন্টিবায়োটিক শুরু করবেন । ধন্যবাদ । ",O O O O O O O O B-Health_Condition I-Health_Condition O O O O B-Health_Condition I-Health_Condition I-Health_Condition O O O O O O B-Symptom I-Symptom I-Symptom I-Symptom I-Symptom O O O O O O O O O O O O,O O O O O O O O O O O O O O O O O O O O O O O O O O O O O O O O O O O O O O O O,Health Condition,3.649847179999938,,277.0
amar wife pregnant 5 month + kisu din dore or tolpat ar niche bhetha o soril bhetha aj jor o ase,O O B-Health_Condition O O O O O O O B-Symptom I-Symptom I-Symptom I-Symptom O B-Symptom I-Symptom O B-Symptom O O,O O O O O O O O O O O O O O O O O O O O O,Symptom,2.4370710360000203,,278.0
Gender - Male Age - 30 BMI - Normal Riz ( Cetrizine Dihydrocloride ) tablet allergy problem er jonno everyday long time ( 4 - 5 years or more ) khele ki mejor kono side effect hote pare ? ,O O O O O B-Age O O O O O B-Medicine I-Medicine I-Medicine I-Medicine B-Health_Condition I-Health_Condition O O O O O O O O O O O O O O O O O O O O O O,O O O O O B-Age O O O B-Medicine O B-Medicine I-Medicine O O B-Health_Condition I-Health_Condition O O O O O O O B-Age O B-Age B-Age O O O O O O O O O O O,Age,2.9065174329999763,,279.0
ডাক্তার ভাই কে প্রশ্ন করার জন্য ধন্যবাদ । আপনাকে পরিক্ষা করার পর বলতে পারব । ধন্যবাদ । ,O O O O O O O O O O O O O O O O O,O O O O O O O O O O O O O O O O O,,2.900181754000073,,280.0
"আপনাকে ধন্যবাদ প্রশ্ন করার জন্য । আপনার আব্বার সমস্যা জটিল , যা সমাধানের জন্য আপনাকে একজন হার্ট বিশেষজ্ঞ কে দেখাতে হবে । হাসপাতালে ভর্তি হয়ে চিকিৎসা নিলে আরো ভাল । ধন্যবাদ । ",O O O O O O O O O O O O O O O O B-Specialist I-Specialist O O O O O O O O O O O O O O,O O O O O O O O B-Symptom O O O O O O O B-Specialist I-Specialist O O O O O O O B-Medical_Procedure O O O O O O,Specialist,1.4956200419999277,,281.0
ডাক্তার ভাইকে প্রশ্ন করার জন্য ধন্যবাদ । আপনি এই বিষয়ে একজন নিউরো মেডিসিন বিশেষজ্ঞের পরামর্শ নিন এবং সে অনুযায়ী চিকিৎসা গ্রহণ করুন । ধন্যবাদ,O O O O O O O O O O O B-Specialist I-Specialist I-Specialist O O O O O O O O O O,O O O O O O O O O O O O O O O O O O O O O O O O,Specialist,6.968243517000019,,282.0
ডাক্তার ভাই কে প্রশ্ন করার জন্য ধন্যবাদ । আপনি MEDITATION করবেন । ব্যায়াম করবেন । বন্ধু দের সাথে গল্প করবেন । ঘুরতে বের হবেন । ভালো লাগবে । ধন্যবাদ । ,O O O O O O O O O O O O O O O O O O O O O O O O O O O O O O,O O O O O O O O O O O O O O O O O O O O O O O O O O O O O O,,2.9656332829999883,,283.0
ধন্যবাদ আপনাকে প্রশ্ন করার জন্য । কাশি আছে ? ,O O O O O O B-Symptom O O,O O O O O O O O O,Symptom,3.2940995519999205,,284.0
এখনো পর্যন্ত ডাক্তারের সাথে কথা বলতে পারলাম না । ,O O O O O O O O O,O O B-Specialist O O O O O O,,0.7989756719999832,,285.0
"আমার বাচ্চার বয়স চার বছর , তার খাবারে কোন রুচি নেই । সে খাবার খেতে চাই না । তার শরীর খুব চিকন । বাচ্চার খাবারে রুচি এবং সাস্থ ভালো করার জন্য কি ঔষধ খাওয়াবো বা কি করবো । ",O O O B-Age O O B-Symptom I-Symptom I-Symptom I-Symptom I-Symptom O B-Symptom I-Symptom I-Symptom I-Symptom I-Symptom O B-Symptom I-Symptom I-Symptom I-Symptom O O O O O O O O O O O O O O O O,O O O B-Age I-Age O O O O B-Symptom I-Symptom O O O O O O O O O O B-Symptom O O O B-Symptom O B-Health_Condition O O O O B-Medicine O O O O O,Symptom,17.609686682000074,,286.0
ামি গত ৪ - ৫ দিন ধরে জরে আক্রান্ত । সাথে সর্দি রয়েছে । এখন কিছুটা শুকনো কাশি রয়েছে । সর্দির কারণে নাক বন্ধ হয়ে যায় । এখনো হালকা জর রয়েছে । পরামর্শ চাচ্ছি । ,O B-Symptom I-Symptom I-Symptom I-Symptom I-Symptom I-Symptom I-Symptom O O O O O O O B-Symptom I-Symptom I-Symptom I-Symptom O B-Symptom I-Symptom I-Symptom I-Symptom I-Symptom I-Symptom O B-Symptom I-Symptom I-Symptom I-Symptom O O O O,O O O O O O O B-Symptom O O O B-Symptom O O O O O I-Symptom O O B-Symptom O O O O O O O O B-Symptom O O O O O,Symptom,4.568963597000106,,287.0
"ধন্যবাদ আপনাকে প্রশ্নের জন্য ৷ সামনা সামনি পরীক্ষা করে দেখতে হবে ভিতরে কতখানি ছিড়েছে , কতটা গভীর ক্ষত । আপনি সরাসরি কোনো সার্জনের পরামর্শ নিন । প্রতিবেলা শাকসবজি , ফলমূল , ভূষি খাবেন । বেশি করে পানি খান । ধন্যবাদ",O O O O O O O O O O O B-Health_Condition I-Health_Condition I-Health_Condition O O B-Health_Condition I-Health_Condition O O O O B-Specialist O O O O O O O O O O O O O O O O O,O O O O O O O O O O O O O O O O O B-Symptom O O O O B-Specialist O O O O O O O O O O O O O O O O O,Health Condition,1.2404064579999383,,288.0
"Always try to avoid stress , avoid tea / coffee before going to bed , try to ingest milk / horlicks , keep away ur anger keep calm , try to sleep in a dark cool nd calm room , dont ingest sleeping pill ; it will create a dependency on it . if u cant sleep well u might loss ur appetite . try to sleep well . nd try to eat vitamin C rich food like lemon juice , orange , guava , mango , it will increase ur hunger . sleeplessness might b d symptom of several physical and mental disease . try to contact with a specialist doctor . ",O O O O O O O O O O O O O O O O O O O O O O O O O O O O O O O O O O O O O O O O O O O O O O O O O O O O O O O O O O O O O O O O O O O O O O O O O O O O O O O O O O O O O O O O O O O O O B-Symptom O O O O O O O O O O O O O O O O O O O,O O O O B-Symptom O O B-Medicine O I-Medicine O O O O O O O O B-Medicine O I-Medicine O O O O O O O O O O O O O O O O O O O B-Medicine I-Medicine O O O O O O O O O O O O O O O O O O O O O O O O O O O O O O O O O O O O O O O O O O O O O O O O O B-Symptom O O O B-Health_Condition O O O O O B-Health_Condition O O O O O O O O O B-Specialist I-Specialist,Symptom,11.286352260999934,,289.0
"আমার নাকে পলিপাস , ৩বছর আগে আপারেশন করা হয়েছিল । এখন সেটা আবার বেড়েছে , আমার কি করণীয় আছ ? আর ব্যাবস্থাপত্র দিলে ভাল হয় । আমার মাথাব্যথা - ও হয় প্রচন্ড । ",O O B-Health_Condition O O O O O O O O O O O O O O O O O O O O O O O O B-Symptom O O O O O,O O O O O O O O O O O O O O O O O O O O O O O O O O O O O O O O O,Health Condition,3.5765443509999386,,290.0
My baby is seven days old and has jaundice in his bloodstream and needs medical advice,O O O B-Age I-Age I-Age O O B-Health_Condition O O O O O O O,O O O B-Age I-Age O O O B-Health_Condition O O O O O O O,Age,2.38328806100003,,291.0
"ডাক্তার ভাইকে প্রশ্ন করার জন্য ধন্যবাদ । কোন নিকটস্থ নার্সিংহোম অথবা ক্লিনিকে যেয়ে জরায়ুর একটি ছোট্ট পরীক্ষা VIA TEST করিয়ে রিপোর্ট গাইনোকোলজিস্ট কে দেখিয়ে , সেই অনুযায়ী দ্রুত চিকিৎসা গ্রহণ করুন । এবং মেলামেশার সময় কনডম ব্যবহার করুন । মেলামেশার সময় ব্যথা বেশি হলে Tab Rolac 10 mg খেয়ে নিতে পারেন । ধন্যবাদ",O O O O O O O O O O O O O B-Medical_Procedure I-Medical_Procedure I-Medical_Procedure I-Medical_Procedure I-Medical_Procedure I-Medical_Procedure O O B-Specialist O O O O O O O O O O O O O O O O O O O O O O B-Medicine I-Medicine I-Medicine I-Medicine O O O O O,O O O O O O O O O O O O O O O O O O O O O O O O O O O O O O O O O O O O O O O O O O O O O O O O O O O O O,Medical Procedure,9.67329375600002,,292.0
"আস সালামু আলাইকুম আমার প্রতিদিন শুধুমাত্র সকালে প্রচুর হাচি হচ্ছে আর নাক দিয়ে কাচা পানি পরে । এমতা বস্তায় গত ২দিন যাবত আমার গলা ব্যাথা করছে , প্রয়োজনীয় ঔষধ পরামর্শ দিলে উপকৃত হতাম",O O O O O O B-Symptom I-Symptom I-Symptom O O B-Symptom I-Symptom I-Symptom I-Symptom O O O O O O O O B-Symptom I-Symptom O O O O O O O O,O O O O O O O O B-Symptom I-Symptom O B-Symptom I-Symptom I-Symptom I-Symptom I-Symptom O O O O O O O B-Symptom I-Symptom O O O B-Medicine O O O O,Symptom,2.8101617890000625,,293.0
amar prai hallucination hoi . koroniyo ki,O O B-Symptom O O O O,O O B-Symptom O O O O,Symptom,1.0070543079999652,,294.0
আপনাকে ধন্যবাদ প্রশ্ন করার জন্য । সিগারেট এ - র কোনো withdrawal effect bai . আপনি ছেড়ে দেয়ার মানসিকতা করেছেন এটা ই যথেষ্ট আপনাকে ছাড়তে সাহায্য করবে । মনকে নিয়ন্ত্রন করুন । মেডিটেশন করতে পারেন । মন রোগের কাউন্সিলরের সাহায্য নিতে পারেন । সিগারেট ছাড়লে কোনো শারীরিক সমস্যা তৈরি হয় না । ধন্যবাদ । ,O O O O O O O O O O O O O O O O O O O O O O O O O O O O O O O O O O O O B-Specialist I-Specialist I-Specialist O O O O O O O O O O O O O O O,O O O O O O O O O O O O O O O O O O O O O O O O O O O O O O O O O O O O O O O O O O O O O O O O O O O O O O,Specialist,5.43934302599996,,295.0
আমি একজন মেয়ে বয়স ১৮ বছর । আমার অনেক বেশি চুল পড়ছে কিভাবে চুল পড়া বন্ধ করবো এবং কিভাবে চুল জগাবে কি কি করলে / খেলে ? ,O O O O B-Age I-Age O O O O B-Symptom I-Symptom O B-Symptom I-Symptom O O O O O O O O O O O O,O O O B-Age I-Age I-Age O O O O B-Symptom I-Symptom O B-Symptom I-Symptom O O O O B-Symptom I-Symptom O O O O O O,Symptom,1.7790692969999782,,296.0
ডাক্তার ভাই কে প্রশ্ন করার জন্য ধন্যবাদ । একজন শিশু ডাক্তার দিয়ে দেখান । পরিক্ষা করতে হবে । জর কত ? ধন্যবাদ । ,O O O O O O O O O B-Specialist I-Specialist O O O O O O O O O O O O,O O O O O O O O O O O O O O O O O O O O O O O,Specialist,2.457860645999972,,297.0
naker polyp er jonno koroniyo ki . . . . . . ? ? ,O B-Health_Condition O O O O O O O O O O O O,B-Symptom I-Symptom O O O O O O O O O O O O,Health Condition,1.3001775019999968,,298.0
আমার বুকের বাম পাশে হালকা ব্যাথা হাটতে ও সিরিতে উঠা নামা করলে করে,O B-Symptom I-Symptom I-Symptom I-Symptom I-Symptom I-Symptom I-Symptom I-Symptom I-Symptom I-Symptom I-Symptom I-Symptom,O O O O O O O O O O O O O,Symptom,2.101959625999939,,299.0
amar maye baby hoicay . baby er hormon test kortay dici koto point holay bipod jonok,O O O O O O O B-Medical_Procedure I-Medical_Procedure O O O O O O O,O O B-Health_Condition O O B-Health_Condition O B-Medical_Procedure I-Medical_Procedure O O B-Dosage I-Dosage O B-Health_Condition O,Medical Procedure,4.01214002200004,,300.0
"আমার দীর্ঘদিন ধরে গ্যাসের সমস্যা । টয়লেট ক্লিয়ার হয়না , ১০ / ১৫ মিনিট টয়লেটে বসে থাকতে হয় , তারপর ক্লিয়ার হয়না । মাঝে মাঝে ঢেকুর আসে , কিন্তু ঢেকুর বেড়াতে চায় , খুবেই অসস্তি লাগে । মাঝেমধ্যে বুকে ব্যাথা অনুভব করি , কখনও কোমরের পিছন দিকে । পেটে প্রায়শই ভুটভাট আওয়াজ হয় , নিম্ন গামি বায়ুত্যাগ হলে ভাল লাগে । মাঝেমাঝে রেব ২০ ট্যাবলেট খাই , কিন্তু কিছুই হয়না । খুব অসহনীয় পর্যায় আছি । আপনার সুপরামর্শ কামণা করছি । ",O O O B-Symptom I-Symptom O B-Symptom I-Symptom I-Symptom O O O O O O O O O O O O O O O O B-Symptom I-Symptom O O B-Symptom I-Symptom I-Symptom O O B-Symptom I-Symptom O O B-Symptom I-Symptom O O O O B-Symptom I-Symptom I-Symptom O B-Symptom I-Symptom I-Symptom I-Symptom I-Symptom O O O O O O O O O B-Medicine I-Medicine I-Medicine O O O O O O O O O O O O O O O O,O O O O O O O O O O O O O O O O O O O O O O O O O O O O O O O O O O O O O O O O O O O O O O O O O O O O O O O O O O O O O O O O O O O O O O O O O O O O O O O O O,Symptom,6.914466770999979,,301.0
আমার ঘাডে পাচ টাকার কয়েন সম পরিমান দাউদ কিংবা ফাংগাল এর মত হইছে । কোন ধরনের চুলকানী বা কষ নেই এমনই ছুলুং হয় কয়েকমাস যাবত । কি করব স্যার ? ? ,O O O O O O O B-Symptom I-Symptom I-Symptom O O O O O O B-Symptom I-Symptom I-Symptom I-Symptom O B-Symptom I-Symptom O O O O O O O O,O O O O O O O O O O O O O O O O O O O O O O O O O O O O O O O,Symptom,79.86388299700002,,302.0
আমার ছোট ভাইয়ের বয়স 22 সকালে পেট ব্যথা হয়েছিল কিন্তু দুপুরে হয় নাই কিন্তু আবার সন্ধার পরে পেট ব্যাথা হয়েছে ওষুধ খাইছে কিন্তু ব্যথা কমে নাই এখনো ব্যথা করে এখন কি করতে পারি,O O O O B-Age B-Symptom I-Symptom I-Symptom O O O O O O O B-Symptom I-Symptom I-Symptom I-Symptom O O O O O O O O O O O O O O,O O O O O O O O O O O O O O O O O O O O O O O O O O O O O O O O O,Symptom,5.995526483000049,,303.0
Thanks for questioning to daktervai . Alternative Minipill use korte parben,O O O O O O O B-Medicine O O O,O O O O B-Specialist O O B-Medicine O O O,Medicine,6.119645121000076,,304.0
ধন্যবাদ আপনাকে প্রশ্ন করার জন্য । ব্যাথা হলে নাপা খাবেন । ধন্যবাদ,O O O O O O B-Symptom O B-Medicine O O O,O O O O O O B-Symptom O B-Medicine O O O,Symptom,5.0596400499999845,,305.0
"ডাক্তার ভাইকে প্রশ্ন করার জন্য ধন্যবাদ । Optimox Eye drop , ২ ফোঁটা , ৪ বেলা , ৭ দিন । চোখ ঠান্ডা পরিষ্কার পানি পরিষ্কার করবেন রেস্টে থাকবেন , বাইরে যাবেন না বাইরে গেলে কারো সানগ্লাস ব্যবহার করবেন । ধন্যবাদ",O O O O O O O B-Medicine I-Medicine I-Medicine O B-Dosage I-Dosage O B-Dosage I-Dosage O B-Dosage I-Dosage O O O O O O O O O O O O O O O O O O O O O,O O O O O O O B-Medicine I-Medicine I-Medicine O B-Dosage I-Dosage O B-Dosage I-Dosage O B-Dosage I-Dosage O B-Symptom I-Symptom O O O O O O O O O O O O O O O O O O,Dosage,5.267488008999976,,306.0
Thanks for asking question . you can consult with Gastroenterologist . Thanks,O O O O O O O O O B-Specialist O O,O O O O O O O O O B-Specialist O O,Specialist,2.4665739349999285,,307.0
গর্বে বাচ্চা কম নড়ে । শরীর ব্যাথা শরীর দূর্বল । মাথা গুড়ায় । ঠান্ডা বুকে কফ জমা আছে । গর্ববস্থা ৫ মাস ২৫ দিন,B-Symptom I-Symptom I-Symptom I-Symptom O B-Symptom I-Symptom B-Symptom I-Symptom O B-Symptom I-Symptom O B-Symptom I-Symptom I-Symptom I-Symptom I-Symptom O B-Health_Condition I-Health_Condition I-Health_Condition I-Health_Condition I-Health_Condition,B-Health_Condition B-Symptom I-Symptom I-Symptom O B-Symptom I-Symptom B-Symptom I-Symptom O B-Symptom I-Symptom O B-Symptom B-Symptom I-Symptom I-Symptom I-Symptom O B-Health_Condition B-Age I-Age I-Age I-Age,Symptom,62.70316144000003,,308.0
"ধন্যবাদ আপনাকে প্রশ্নের জন্য । আপনার ব্যবস্থা ঠিক আছে । জ্বর ১০০ ডিগ্রির উপরে উঠলে নাপা দিবেন । নাহলে দরকার নেই । তরল খাবার , স্যালাইন , পানি দিবেন । টক ফল , সিভিট খাওয়ান । জ্বর ৭ দিন এমন উঠানামা করতে পারে , চিন্তার কারণ নেই । ধন্যবাদ",O O O O O O O O O O B-Symptom O O O O B-Medicine O O O O O O O O O B-Medicine O O O O O O O O O O B-Symptom O O O O O O O O O O O O,O O O O O O O O O O B-Symptom O O O O B-Medicine O O O O O O O O O B-Medicine O O O O O O O B-Medicine O O B-Symptom B-Age O O O O O O O O O O O,Symptom,2.593688956000051,,309.0
আমার সমসা হলো বুকের বাম পাসে কয় এক দিন জাবত বেথা ওনোভাব করছি এবন কপ উঠালে বিকট গন্দ বের হচ্ছে সাদা সাদা আটার মোত,O O O B-Symptom I-Symptom I-Symptom I-Symptom I-Symptom I-Symptom I-Symptom I-Symptom I-Symptom I-Symptom O B-Symptom I-Symptom I-Symptom I-Symptom I-Symptom I-Symptom B-Symptom I-Symptom I-Symptom I-Symptom,O O O B-Symptom I-Symptom I-Symptom O O O O B-Symptom I-Symptom O O B-Symptom I-Symptom I-Symptom I-Symptom I-Symptom I-Symptom I-Symptom I-Symptom I-Symptom I-Symptom,Symptom,2.118118891999984,,310.0
আমার পেটের বাম পাশের উপরের দিকে সব সময় একটু অস্বস্তি লাগে । বসা অবস্থায় বেশি আরো বেশি অনুভূত হয় আমি কি করবো । ,O B-Symptom I-Symptom I-Symptom I-Symptom I-Symptom I-Symptom I-Symptom I-Symptom I-Symptom O O B-Symptom I-Symptom I-Symptom I-Symptom I-Symptom O O O O O O,O O O O O O O O O O O O O O O O O O O O O O O,Symptom,4.702444043000014,,311.0
বাম পায়ে ভীষণ ব্যাথা করতেছে কি করবো একটা সমাধান দিন,B-Symptom I-Symptom I-Symptom I-Symptom I-Symptom O O O O O,O O O B-Symptom O O O O O O,Symptom,1.5020696579999822,,312.0
লম্বা হওয়ার জন্য কোন দরনের ডক্টর দেখাবো । ,O O O O O O O O,O O O O O B-Specialist O O,,5.364373452999985,,313.0
"গর্ভবতী নারীরা , কি গ্যাস্টিকের ঔষধ খেতে পারবে ? ",B-Health_Condition O O O B-Medicine I-Medicine O O O,O O O O B-Health_Condition B-Medicine O O O,Health Condition,1.0131986439999991,,314.0
আমার শরীরে দঁাদ হয়েছে প্রায় ১বছর যাবদ অনেক medicines try করেছি কিন্তু তাতে কাজ হচ্ছে না . দিন দিন আরও বেশি সমস্যা হচ্ছে . এখন আমি কী করতে পারি ? ,O B-Health_Condition I-Health_Condition O O O O O O O O O O O O O O O O O O O O O O O O O O O,O O O O O O O O O O O O O O O O O O O O O O O O O O O O O O,Health Condition,2.807966164999925,,315.0
স্যার বাচ্চা জন্মের ২ - ৩ দিন পরেও মায়ের বুকে ঠিক মতো দুধ না আসলে কি করণীয় ? ,O O O O O O O O B-Symptom I-Symptom I-Symptom I-Symptom I-Symptom I-Symptom I-Symptom O O O,O O O O O O O O O O O O O O O O O O,Symptom,1.1420329960000115,,316.0
ডাক্তার ভাইতে প্রশ্ন করার জন্যে আপনাকে ধন্যবাদ । এই সময় টাতে শুধু মায়ের দুধ যথেষ্ট । আর ল্যাকটোজেন এর সাথে আলাদা চিনি না দেওয়াই ভালো । ,O O O O O O O O O O O O O O O O O O O O O O O O O O,O O O O O O O O O O O O O O O O O O O O O O O O O O,,2.8522768770000084,,317.0
"গত কয়েকদিন ধরে আমার বমি বমি ভাব হয় , এবং বমিও হয় , যা খাই খাওয়ার পর বমির ভাব আসে , পরবর্তীতে বমিও হয় । এখন আমি কি করতে পারি । ",B-Symptom I-Symptom I-Symptom I-Symptom I-Symptom I-Symptom I-Symptom I-Symptom O O B-Symptom I-Symptom O B-Symptom I-Symptom I-Symptom I-Symptom I-Symptom I-Symptom I-Symptom O B-Symptom I-Symptom I-Symptom O O O O O O O,O O O O O O O O O O O O O O O O O O O O O O O O O O O O O O O,Symptom,4.641783227000019,,318.0
"Sir , Amr baby age 27 mas . Sir baby weat 11 kg . Sir gutokal ratee baby jor silo 99 degree . Kinto ajj jor nei . Sir baby ajj dupor theke sokh na kasi are hutat hutat nak dea pani ache . Eter junno ki kurbo sir . . ",O O O O O B-Age I-Age O O O O O O O O B-Symptom I-Symptom I-Symptom I-Symptom I-Symptom I-Symptom I-Symptom O O O O O O O O B-Symptom I-Symptom I-Symptom I-Symptom I-Symptom I-Symptom I-Symptom I-Symptom I-Symptom I-Symptom I-Symptom I-Symptom I-Symptom O O O O O O O O,O O O O B-Age I-Age I-Age O O O O O O O O O O O B-Symptom I-Symptom O O O O O B-Symptom I-Symptom O O O O O O O O O O O O O O O O O O O O O O O O,Symptom,9.775821026000015,,319.0
ডাক্তার ভাইকে প্রশ্ন করার জন্য ধন্যবাদ । অবশ্যই বাচ্চাদের ছয় মাস বয়স হতে বাড়তি খাবার দিবেন বুকের দুধের পাশাপাশি । ধন্যবাদ,O O O O O O O O O B-Age I-Age O O O O O O O O O O,O O O O O O O O O B-Age I-Age I-Age O O O O O O O O O,Age,94.01808049600017,,320.0
আসসালামু আলাইকুম । আমার বাচ্চার বয়স ৩ বছর ১ মাস । রাত থেকেই জ্বর । এখন ১০৩ ডিগ্রি । আর ওর জ্বর হলেই ১০২ - ১০৩ ডিগ্রির কম হয় না । এখন কি করতে পারি পরামর্শ চাচ্ছি । বিদ্রঃ বাচ্চার মায়ের ২ দিন জ্বর ছিলো তবে এখন সে সুস্থ । ,O O O O O O B-Age I-Age I-Age I-Age O O O B-Symptom O O O O O O O B-Symptom I-Symptom I-Symptom I-Symptom I-Symptom I-Symptom I-Symptom I-Symptom I-Symptom O O O O O O O O O B-Symptom I-Symptom I-Symptom I-Symptom I-Symptom I-Symptom O O O O O,O O O O O O O O O O O O O O O O O O O O O O O O O O O O O O O O O O O O O O O O O O O O O O O O O O,Symptom,6.666721774000052,,321.0
"আমার ওয়াইফ ওমান থাকে , ওর মাথা ব্যাথা ছিল আগামীকাল সারাদিন কিন্তু রাতে সেটা বেড়ে যায় , রাতে তার জ্বর ফোটে , এখন সকাল বেলা কিছুক্ষণ ভালো ছিল এখন আবারও তার মাথা ব্যাথা হল , এবং সাথে জ্বরও আছে শরীরটাও কেমন কেমন লাগছে , সেটা কিসের লক্ষণ আমাকে জানাবেন প্লিজ",O O O O O O B-Symptom I-Symptom O O O O O O O O O O O B-Symptom O O O O O O O O O O O B-Symptom I-Symptom O O O O B-Symptom O O O O O O O O O O O O,O O O O O O B-Symptom I-Symptom O O O O O O O O O O O B-Symptom O O O O O O O O O O O B-Symptom I-Symptom O O O O B-Symptom O O O O O O O O O O O O,Symptom,3.68271510999989,,322.0
"i am 37 yr old . hv a six yr old child . wnt to conceive for 2nd issue . but i hv pcos for long time and i dont ovaluate . my period is irregular . it occurs after 2 - 3 months , if i gain weight . i am 5ft 1 inch and weight is 83 kg . i tk eripra 10mg - 2 tablets everyday for some psychological issues , i hv been taking medicine for phychological issues for last 15 yrs . i tk betanol 25 mg for high bp . i also tk commet 500 mg - 2 tablets / day . i hv high carb and sugar cravings . how 2 cure pcos and irregular period ? ",O O B-Age I-Age O O O O B-Age I-Age O O O O O O O O O O O O O B-Health_Condition O O O O O B-Symptom I-Symptom O O B-Symptom I-Symptom I-Symptom O O O O O O O O O O O O O O O O O O O O O O O O O O O B-Medicine I-Medicine O B-Dosage I-Dosage I-Dosage O O O O O O O O O O O O O O O O O O O O B-Medicine I-Medicine I-Medicine O B-Health_Condition I-Health_Condition O O O O B-Medicine I-Medicine I-Medicine O B-Dosage I-Dosage I-Dosage I-Dosage O O O B-Symptom I-Symptom O B-Symptom I-Symptom O O O O B-Health_Condition O B-Symptom I-Symptom O,O O O O O O O O O O O O O O O O O O O O O O O O O O O O O O O O O O O O O O O O O O O O O O O O O O O O O O O O O O O O O O O O O O O O O O O O O O O O O O O O O O O O O O O O O O O O O O O O O O O O O O O O O O O O O O O O O O O O O O O O O O O O,Symptom,21.832432133999987,,323.0
"আপনাকে ধন্যবাদ প্রশ্ন করার জন্য । কফের জন্য আদা , মধু , গরম পানি খাওয়ান । সিরাপ এমব্রোক্স খাওয়াতে পারেন । কফের রং হলুদ হলে এন্টিবায়োটিক লাগবে । ধন্যবাদ । ",O O O O O O O O O O O O O O O O B-Medicine I-Medicine O O O O O O O O O O O O,O O O O O O B-Symptom O B-Medicine O B-Medicine O B-Dosage I-Dosage O O B-Medicine I-Medicine O O O B-Symptom I-Symptom I-Symptom O B-Medicine O O O O,Medicine,6.40098465899996,,324.0
আরে ভাই পেটের ভিতর বাচ্চা নড়ে না । । । । । । । ,O O B-Symptom I-Symptom I-Symptom I-Symptom I-Symptom O O O O O O O,O O B-Symptom I-Symptom B-Health_Condition I-Health_Condition O O O O O O O O,Symptom,1.653241191999996,,325.0
"Sir , Amr maa age 49 . Sir guto 1 month dore amr maar pet betha kore paikhana dore . Sir paikhana nurom bisla bisla ache . R Ter surire ekto ekto jor thake . Sir maa ke amodis tab r ciprocin tab 7 diner junno khease kinto kuno full hoini . ekn ki kurbo sir . ",O O O O B-Age I-Age O O O O O O O O B-Symptom I-Symptom I-Symptom B-Symptom I-Symptom O O B-Symptom I-Symptom I-Symptom I-Symptom I-Symptom O O O O B-Symptom I-Symptom I-Symptom I-Symptom O O O O B-Medicine I-Medicine O B-Medicine I-Medicine B-Dosage I-Dosage O O O O O O O O O O O O,O O O O O O O O O O O O O O O O O O O O O O O O O O O O O O O O O O O O O O O O O O O O O O O O O O O O O O O O O,Symptom,5.87734609600011,,326.0
বাচ্চার বয়স মাএ ৬মাস পূর্ণ হয়েছে । এখন থেকে বুকের দুধের পাশাপাশি কি কি স্বাভাবিক খাবার দিয়ে খাওয়ানো শুরু করা যেতে পারে,O O O B-Age O O O O O O O O O O O O O O O O O O,O O O O O O O O O O O O O O O O O O O O O O,Age,14.739665109999804,,327.0
ডাক্তার ভাইতে প্রশ্ন করার জন্যে আপনাকে ধন্যবাদ । আপনি এজিথ্রোমাইসিন খেতে পারবেন । monas 10mg 0 + 0 + 1 7 days khaben Tab - xinc B 1 + 0 + 1 15 days . . . বাকি ঔষধ খাবেন সাথে আগের নিয়মে,O O O O O O O O O B-Medicine O O O B-Medicine I-Medicine B-Dosage I-Dosage I-Dosage I-Dosage I-Dosage O O O B-Medicine I-Medicine I-Medicine I-Medicine B-Dosage I-Dosage I-Dosage I-Dosage I-Dosage O O O O O O O O O O O,O O O O O O O O O B-Medicine O O O B-Medicine B-Dosage O O O O O B-Dosage I-Dosage O O O B-Medicine I-Medicine O O O O O B-Dosage I-Dosage O O O O O O O O O,Medicine,24.80599314799997,,328.0
ডাক্তার ভাই কে প্রশ্ন করার জন্য ধন্যবাদ । ব্যাথার জন্য tab Etorix ( 60mg ) - ( 0 + 0 + 1 ) ভরা পেটে ৩ দিন খেয়ে দেখতে পারেন । সাথে যেকোনো গ্যাসের ঔষধ খাবেন যেমন tab sergel ( 20 mg ) - ( 1 + 0 + 1 ) খাবার খাওয়ার আগে । গরম পানির সাথে লবন মিশিয়ে কুলি করবেন । এতে আরাম পাবেন । আর অবশ্যই একজন দন্ত চিকিৎসককে দেখাবেন । ,O O O O O O O O B-Symptom O B-Medicine I-Medicine I-Medicine I-Medicine I-Medicine O B-Dosage I-Dosage I-Dosage I-Dosage I-Dosage I-Dosage I-Dosage I-Dosage I-Dosage I-Dosage I-Dosage O O O O O O O O O O B-Medicine I-Medicine I-Medicine I-Medicine I-Medicine I-Medicine O B-Dosage I-Dosage I-Dosage I-Dosage I-Dosage I-Dosage I-Dosage O O O O O O O O O O O O O O O O O O O B-Specialist I-Specialist O O,O O O O O O O O O O O O O O O O O O O O O O O O O O O O O O O O O O O O O O O O O O O O O O O O O O O O O O O O O O O O O O O O O O O O O O O O O O,Medicine,12.719769145999862,,329.0
"আমার wife এর খুসখুসে কাসি কাসির সাথে বমিও হয় মাঝেমাঝে , , ঠান্ডার কাজ করলেই কাসি বেরে যায় , , , এর জন্য কী ঔষধ খাওয়াবো",O O O B-Symptom I-Symptom O O B-Symptom O O O O B-Symptom I-Symptom I-Symptom I-Symptom I-Symptom I-Symptom O O O O O O O O,O O O O O O O O O O O O O O O O O O O O O O O O O O,Symptom,3.700971907000167,,330.0
ডাক্তার ভাই কে প্রশ্ন করার জন্য ধন্যবাদ । জর কত মেপে বলবেন । ১ চামচ আদা রসুন ভর্তা গরম পানিতে নিয়ে সকালে খেতে দিবেন । ১০ দিন খাবে । গরম পানির বাষ্প নিতে বলবেন । ধন্যবাদ । ,O O O O O O O O B-Symptom O O O O O O O O O O O O O O O O O O O O O O O O O O O O,O O O O O O O O O O O O O O O O O O O O O O O O O O O O O O O O O O O O O,Symptom,3.492920566999828,,331.0
Thanks for your question to daktar Bhai . Please take E cap one daily for 1 month . Thanks,O O O O O O O O O O B-Medicine I-Medicine B-Dosage I-Dosage I-Dosage I-Dosage I-Dosage O O,O O O O O B-Specialist I-Specialist O O O B-Medicine I-Medicine B-Dosage I-Dosage O B-Dosage I-Dosage O O,Medicine,6.194988141000067,,332.0
physio করে দেখেন । ধন্যবাদ । ,B-Medical_Procedure O O O O O,B-Medical_Procedure O O O O O,Medical Procedure,1.4334808959999918,,333.0
"amr abbur aj k hatath jor asce . . . 100 - 101° . . . sordi halka ace . . . bt nak die pani pre na . . kasi o nay . . . . r paa er mussel gula betha . . . ata chara r onno kono prblm nay . . diabetes , presser others kono prblm nay . akhn ki krte pari . ? ? ",O O O O O B-Symptom O O O O O O O O O O B-Symptom O O O O O O B-Symptom I-Symptom I-Symptom I-Symptom O O O B-Symptom O O O O O O O B-Symptom I-Symptom I-Symptom I-Symptom I-Symptom O O O O O O O O O O O O B-Health_Condition O B-Health_Condition O O O O O O O O O O O O,O O O O O O O O O O O O O O O O O O O O O O O O O O O O O O O O O O O O O O O O O O O O O O O O O O O O O O O O O O O O O O O O O O O O O O,Symptom,6.070104575999949,,334.0
" : ধন্যবাদ আপনার প্রশ্নের জন্য । মসলাযুক্ত , ভাজাপোড়া খাবার , চা , কফি বাদে ঘরের সব খাবার খেতে পারবেন । ধন্যবাদ",O O O O O O O O O O O O O O O O O O O O O O,O O O O O O O O O O O O O O O O O O O O O O,,8.325813955000058,,335.0
"আমি আমার দাত সাদা করতে চাই । একবার আমি আমার দাতে স্কেলিং করিয়েছি , কিন্ত তবু ও আমার দাত একটু লালচে কালারের । যদি ও আমি প্রতিদিন নিয়মিত ঘুমানোর আগে এবং খাওয়ার পর নিয়মিতভাবে দাত ব্রাশ করে থাকি । আমার দাতের লালচে লালচে ভাবটা কীভাবে দূর করতে পারি ? ",O O O O O O O O O O B-Medical_Procedure I-Medical_Procedure O O O O O O B-Symptom I-Symptom I-Symptom I-Symptom O O O O O O O O O O O O O O O O O O O O O O O O O O O,O O B-Symptom O O O O O O O B-Symptom B-Medical_Procedure O O O O O O I-Symptom I-Symptom O O O O O O O O O O O O O O O O O O O B-Symptom I-Symptom I-Symptom O O O O O O O,Medical Procedure,9.44362812700001,,336.0
What can I do to avoid eye problems because of sitting in front of computer & using smart phones all day ? ? Sometimes I ' m facing blurred vision & headache . My doctor suggested me to have Tufnil tablet . ,O O O O O O B-Symptom I-Symptom O O O O O O O O O O O O O O O O O O O O B-Symptom I-Symptom O B-Symptom O O O O O O O B-Medicine I-Medicine O,O O O O O O B-Symptom I-Symptom O O O O O O O O O O O O O O O O O O O B-Symptom I-Symptom O B-Symptom O O O O O O O B-Medicine I-Medicine O O,Symptom,5.828139650999901,,337.0
"আমার স্ত্রীর বাচ্চা প্রসব করেছে গত চার দিন হলো । নরমাল ডেলিভারিতে হালকা চিরে গিয়েছিলো ফলে cef3 খাওয়ানো হচ্ছে একজনের পরামর্শে । ব্যাথা কমে গেছে কিন্তু মাসিক বা রক্তস্রাব বন্ধ হয়ে গেছে আর বুকের দুধ আসতেছে না , ডিগাট খাওয়ানো হচ্ছে তবু দুধ হচ্ছে না । এখন দুধের জন্য বাচ্চা কান্না করছে । এখন কি করতে পারি , আর মাসিক হচ্ছে না এজন্য কোন সমস্যা হবে কি ? দয়া করে জানালে কৃতজ্ঞ হবো । ",O O O O O O O O O O O O O O O O B-Medicine O O O O O B-Symptom O O O B-Symptom I-Symptom I-Symptom I-Symptom I-Symptom I-Symptom O B-Symptom I-Symptom I-Symptom I-Symptom O B-Medicine O O O B-Symptom I-Symptom I-Symptom O O O O O O O O O O O O O O O O O O O O O O O O O O O O O,O O O O O O O O O O O O O O O O B-Medicine O O O O O B-Symptom O O O B-Symptom O B-Symptom O O O O O O O O O O B-Medicine O O O O O O O O O O O O O O O O O O O O O O O O O O O O O O O O O O,Symptom,9.821641394000151,,338.0
"Thanks for your question to Daktar bhai . She has to move a lot , has to do exercise while in bed . she can use a hardboard below her waist . Consult with a diabetic specialist . Thanks",O O O O O O O O O O O O O O O O O O O O O O O O O O O O O O O O O O O B-Specialist I-Specialist O O,O O O O O O O O O O O O O O O O O O O O O O O O O O O O O O O O O O B-Specialist I-Specialist O O O,Specialist,2.3235437329999518,,339.0
"আ মার ব্রেস্ট ক্যান্সার , কেমো শেস ১২ তারিখ থেকে রেডিও থেরাপি শুরু । কিন্তু ডক্টর আমাকে Simulization করতে বলেনি । রেডিয়েশন এর আগে এটা জুরুরি কিনা ? ",O O B-Health_Condition I-Health_Condition O O O O O O B-Medical_Procedure I-Medical_Procedure O O O O O O O O O O O O O O O O,O O O O O O O O O O O O O O O O O O O O O O O O O O O O,Health Condition,24.726611246999937,,340.0
আমি প্রায় ৩ মাস ধরে নিয়মিত সাবান দিয়ে হাত ধুচ্ছি । কিন্তু গত কিছুদিন আগে থেকে আমার হাতের কব্জির কাছে লাল লাল দাগ দেখা গিয়েছিলো । এখন সেই দাগ গুলো কালো হয়ে গেছে ৷ সেই জায়গায় ঘামাচির মতো ছোট ছোট বিচি বিচি হয়ে গেছে ৷ হাত দিলে অনুভব করা যায় । যেখানে কালো দাগ হয়েছে সেই জায়গায় সাবান লাগলে প্রচন্ড জ্বালা পোড়া করে ৷ এর সমাধান দিতে পারবেন . . ? ? ,O O O O O O O O O O O O O O O O O B-Symptom I-Symptom I-Symptom I-Symptom I-Symptom I-Symptom O O O O O B-Symptom I-Symptom I-Symptom I-Symptom I-Symptom O O O B-Symptom I-Symptom I-Symptom I-Symptom I-Symptom I-Symptom O O O O O O O O O O B-Symptom I-Symptom O O O B-Symptom I-Symptom I-Symptom I-Symptom I-Symptom O O O O O O O O O O,O O O O O O O O O O O O O O O O O O O O B-Symptom I-Symptom I-Symptom O O O O O I-Symptom O O O O O O O O O O O O O O O O O O O O O O O O O O O O O O O O O O O O O O O O O O O,Symptom,29.059416445000124,,341.0
ধন্যবাদ আপনাকে প্রশ্ন করার জন্য । আপনি চোখের পাওয়ার পরীক্ষা করেন । চক্ষু বিশেষজ্ঞের পরামর্শ নিতে পারেন । ধন্যবাদ,O O O O O O O O O O O O B-Specialist I-Specialist O O O O O,O O O O O O O O O O O O B-Specialist I-Specialist O O O O O,Specialist,1.4518360639999628,,342.0
আপনাকে ধন্যবাদ প্রশ্ন করার জন্য । সর্দির জন্য এলাট্রল খেতে অয়ারেন রাতে একটা করে । এলার্জিক রাইনাইটিস হলে অনেক সময়ে দীর্ঘদিন পর্যন্ত সর্দি থাকতে পারে । একজন মেডিসিন ডাক্তারের পরামর্শ নিতে পারেন । ধন্যবাদ,O O O O O O O O B-Medicine O O O O O O B-Health_Condition I-Health_Condition O O O O O O O O O O B-Specialist I-Specialist O O O O O,O O O O O O B-Symptom O B-Medicine O O O O O O B-Health_Condition I-Health_Condition O O O O O B-Symptom O O O O B-Specialist I-Specialist O O O O O,Medicine,6.938298950000217,,343.0
ডাক্তারভাইকে প্রশ্ন করার জন্য ধন্যবাদ । উল্লেখ্য ঔষধগুলোর মধ্যে শুধু Tab Monas 10 Pregnancy Safe . বাকি ঔষধগুলো খাবেন না । এখন প্রথমত অতি দ্রুত অবশ্যই একজন Gynae & Obstetrics Doctor এর কাছে নিয়মিত checkup শুরু করবেন । কেবল মাত্র উনার পরামর্শ নিয়েই এজমার চিকিৎসা করবেন এবং ঔষধ সেবন করবেন । ধন্যবাদ । ,O O O O O O O O O O B-Medicine I-Medicine I-Medicine O O O O O O O O O O O O O O B-Specialist I-Specialist I-Specialist I-Specialist O O O O O O O O O O O O O O O O O O O O O O,O O O O O O O O O O B-Medicine I-Medicine B-Dosage O O O O O O O O O O O O O O B-Specialist I-Specialist I-Specialist I-Specialist O O O O B-Medical_Procedure O O O O O O O O O B-Health_Condition O O O O O O O,Medicine,2.1556027440001344,,344.0
আমার অনেক চুল পড়ে কোন তেল বা শ্যাম্পু ব্যবহার করলে আগের তুলনায় আরও অনেক বেশী চুল পড়ে কি করব ? ,O O B-Symptom I-Symptom B-Symptom I-Symptom I-Symptom I-Symptom I-Symptom I-Symptom I-Symptom I-Symptom I-Symptom I-Symptom I-Symptom I-Symptom I-Symptom O O O,O O B-Symptom I-Symptom O O O O O O O O O O O B-Symptom I-Symptom O O O,Symptom,3.296501774000035,,345.0
"ডাক্তার ভাইকে প্রশ্ন করার জন্য ধন্যবাদ । Syrup Adovas দুই চামচ তিনবেলা খেতে পারেন , ৩ - ৫ দিন । সাথে গরম পানিতে গারগেল করুন দিনে পাঁচ থেকে ছয় বার । ধন্যবাদ",O O O O O O O B-Medicine I-Medicine B-Dosage I-Dosage I-Dosage O O O B-Dosage I-Dosage I-Dosage I-Dosage O O O O O O O O O O O O O,O O O O O O O B-Medicine I-Medicine B-Dosage I-Dosage I-Dosage O O O B-Dosage O I-Dosage I-Dosage O O O O B-Medical_Procedure O B-Dosage I-Dosage I-Dosage I-Dosage I-Dosage O O,Dosage,30.73438171599992,,346.0
"ডাক্তার ভাইকে প্রশ্ন করার জন্য ধন্যবাদ । Tab Fexo 120 0 + 0 + 1 , 5 days . ধন্যবাদ । ",O O O O O O O B-Medicine I-Medicine I-Medicine B-Dosage I-Dosage I-Dosage I-Dosage I-Dosage O B-Dosage I-Dosage O O O,O O O O O O O O B-Medicine I-Medicine B-Dosage O B-Dosage O B-Dosage O B-Dosage I-Dosage O O O,Dosage,2.855640967,,347.0
amar sorir e onek pain sathe halka jor amar ki kora uchit,O B-Symptom I-Symptom I-Symptom I-Symptom O B-Symptom I-Symptom O O O O,O O O O O O O O O O O O,Symptom,2.144739227999935,,348.0
"আপনাকে ধন্যবাদ প্রশ্ন করার জন্য । আপনি ওরস্যালাইন খান প্রতিবার পাতলা পায়খানা হবার পরে । কাঁচ কলা জাউ ভাত খান । কাশির জন্য সিরাপ বাসক দুই চামচ করে তিন বেলা করে খান । আদা , মধু , গরম পানি খান । ধন্যবাদ । ",O O O O O O O B-Medicine O B-Dosage I-Dosage I-Dosage I-Dosage I-Dosage O O O O O O O O O B-Medicine I-Medicine B-Dosage I-Dosage I-Dosage I-Dosage I-Dosage O O O O O O O O O O O O O,O O O O O O O O O O O O O O O O O O O O O O O O O O O O O O O O O O O O O O O O O O O,Medicine,4.139690003000169,,349.0
বিগত ৬ মাস যাবত আমার শুষ্ক কাশি । সারাখন গলায় কফ জমে থাকে । দয়া করে সমাধান দিবেন । ,O O O O O B-Symptom I-Symptom O B-Symptom I-Symptom I-Symptom I-Symptom I-Symptom O O O O O O,O O O O O O O O O O O O O O O O O O O,Symptom,3.0548477390000244,,350.0
ধন্যবাদ আপনাকে প্রশ্নের জন্য । আপনার কি রক্ত যায় ? ,O O O O O O O O O O,O O O O O O O B-Symptom I-Symptom O,,4.672820621000028,,351.0
"স্যার , , আমার মায়ের বয়স ৬৫ । আমার মাকে প্রতিটি রাতেই "" বোবা "" ধরে । বোবা কথাটা গ্রামের ভাষায় বলে থাকে । মাকে যখন বোবা ধরে তখন মার স্বাস নিতে অনেক কষ্ট হয় , তার জরে জরে স্বাস নেয়ার কারনে আমদের সকলের ঘুম ভেঙে যায় । যতক্ষণ তাকে কেউ স্পর্শ না করে ততক্ষণ তার এই অবস্থা চলতে থাকে । স্পর্শ করার পর দেখা যায় মার গা ঘেমে পানি পরছে । মাকে জিজ্ঞেসা করলে মা বলে , , কি জেন আমার বুকের উপর বসে তার এতই ওজন যে আমি স্বাস নিতে পারি না , মনে হয় জেন মারা জাই জাই অবস্থা । তার এই অবস্থা আমি প্রায় ২০ বছর ধরে দেখে আস্তেছি । এটাকি কোন রোগ ? ",O O O O O O B-Age O B-Symptom I-Symptom I-Symptom I-Symptom I-Symptom I-Symptom I-Symptom O O O O O O O O O B-Symptom I-Symptom I-Symptom I-Symptom I-Symptom I-Symptom I-Symptom I-Symptom I-Symptom I-Symptom I-Symptom I-Symptom I-Symptom I-Symptom I-Symptom I-Symptom I-Symptom I-Symptom I-Symptom I-Symptom I-Symptom I-Symptom I-Symptom I-Symptom I-Symptom I-Symptom I-Symptom I-Symptom I-Symptom I-Symptom I-Symptom I-Symptom I-Symptom I-Symptom I-Symptom I-Symptom I-Symptom I-Symptom I-Symptom I-Symptom I-Symptom I-Symptom I-Symptom I-Symptom I-Symptom I-Symptom I-Symptom O O O O O O O O O O O O O O O O O O O O O O O O O O O O O O O O O O O O O O O O O O O O O O O,O O O O O O O O O O O O O O O O O O O O O O O O O O O O O O O O O O O O O O O O O O O O O O O O O O O O O O O O O O O O O O O O O O O O O O O O O O O O O O O O O O O O O O O O O O O O O O O O O O O O O O O O O O O O O O O O O O O O O O,Symptom,9.342628317999925,,352.0
ধন্যবাদ আপনার প্রশ্নের জন্য । কিছু অংশ এখনো ভিতরে রয়ে গেছে । ডি এন্ড সি করতে হতে পারে । একটা আল্ট্রাসাউন্ড করান । ধন্যবাদ,O O O O O O O O O O O O B-Medical_Procedure I-Medical_Procedure I-Medical_Procedure O O O O O B-Medical_Procedure O O O,O O O O O O O O O O O O B-Medical_Procedure I-Medical_Procedure I-Medical_Procedure O O O O O B-Medical_Procedure O O O,Medical Procedure,47.83561920499983,,353.0
আজকে আমার করোনা পজেটিভ হইছে কিন্তু উপজেলা স্বাস্থ্য কেন্দ্র থেকে কোন ঔষুধ দেয় নায়,O O B-Health_Condition I-Health_Condition O O O O O O O O O O,O O B-Health_Condition I-Health_Condition O O O O O O O B-Medicine O O,Health Condition,1.6824101469999275,,354.0
আপনাকে ধন্যবাদ প্রশ্ন করার জন্য । আপনি মাউথ ওয়াস ব্যবহার করুন । মুখ পরিষ্কার রাখুন । মাইকোওরাল ওরাল পেস্ট দিনে ৩ বার ব্যবহার করুন । ধন্যবাদ,O O O O O O O B-Medicine I-Medicine O O O O O O O B-Medicine I-Medicine I-Medicine B-Dosage I-Dosage I-Dosage O O O O,O O O O O O O B-Medicine I-Medicine O O O O O O O B-Medicine I-Medicine I-Medicine B-Dosage I-Dosage I-Dosage O O O O,Medicine,1.1576447139998436,,355.0
আমার তিন বছ‌রের বাচ্চা ব‌মি আর পাতলা পায়খানা হচ্ছে এখন কি করা যায় ? ,O B-Age I-Age O B-Symptom I-Symptom I-Symptom I-Symptom O O O O O O,O O O O O O O O O O O O O O,Age,17.531404186999907,,356.0
"আপনাকে ধন্যবাদ প্রশ্ন করার জন্য । আপনি প্রতিবার পাতলা পায়খানা হলে এক গ্লাস ওরস্যালাইন খাবেন । কাচ কলা , জাউ ভাত খান । বেশি পাতলা পায়খানা হলে শিরা পথে স্যালাইন দিতে হবে । ধন্যবাদ । ",O O O O O O O B-Dosage I-Dosage I-Dosage I-Dosage I-Dosage I-Dosage B-Medicine O O O O O O O O O O O O O B-Medical_Procedure I-Medical_Procedure I-Medical_Procedure O O O O O,O O O O O O O O O O O O O O O O O O O O O O O O O O O O O O O O O O O,Dosage,3.494511585999817,,357.0
"আপনাকে ধন্যবাদ প্রশ্ন করার জন্য । আপনি ট্যাবলেট নাপা ৫০০ মিলিগ্রাম একটা করে খেতে পারেন । আদা , মধু , লেবু , গরম পানি খান । ধন্যবাদ । ",O O O O O O O B-Medicine I-Medicine I-Medicine I-Medicine B-Dosage I-Dosage O O O O O O O O O O O O O O O,O O O O O O O O B-Medicine B-Dosage I-Dosage O O O O O O O O O O O O O O O O O,Medicine,2.5102111890000742,,358.0
"ডাক্তার ভাইকে প্রশ্ন করার জন্য ধন্যবাদ । Syrup Omastin , দুই চামচ , দুই বেলা , একমাস । Lulitop Ointment , আক্রান্ত স্থানে দুই থেকে তিন বেলা ব্যবহার করবেন , এক মাস । Dansel Shampoo মাথায় ব্যবহার করবেন । ধন্যবাদ",O O O O O O O B-Medicine I-Medicine O B-Dosage I-Dosage O B-Dosage I-Dosage O B-Dosage O B-Medicine I-Medicine O O O B-Dosage I-Dosage I-Dosage I-Dosage O O O O O O B-Medicine I-Medicine O O O O O,O O O O O O O O O O O O O O O O O O O O O O O O O O O O O O O O O O O O O O O O,Dosage,3.983124361000137,,359.0
"ডাক্তার ভাই কে প্রশ্ন করার জন্য ধন্যবাদ । আপনার মাসিক নির্ভর করবে আপনার শারীরিক অবস্থা , হরমোনাল অবস্থা , বাচ্চাকে নিয়মিত খাওয়ান কিনা তার উপর । ",O O O O O O O O O O O O O O O O O O O O O O O O O O,O O O O O O O O O O O O O O O O O O O O O O O O O O,,1.397205349999922,,360.0
"আপনাকে ধন্যবাদ প্রশ্ন করার জন্য । আপনি দ্রুত হাসপাতালে ভর্তি হন অথবা হাসপাতালে ইমার্জেন্সি বিভাগে যোগাযোগ করুন । আপনার প্রেসার কেমন , প্রস্রাব ঠিকমতো হচ্ছে কিনা ইত্যাদির উপরে নির্ভর করবে যে আপনাকে ভর্তি হয়ে স্যালাইন নিতে হবে কিনা । প্রতিবার পাতলা পায়খানা হলে একগ্লাস ওরস্যালাইন খান । পোলার চালের জাউ ভাত , কাচ কলা খান । বমির জন্য এভোমিন খাবার আগে খেতে পারেন । তরল । খবারা বেশি খান । ধন্যবাদ । ",O O O O O O O O O O O O O O O O O O O O O O O O O O O O O O O O O O B-Medicine O O O O O O O O O B-Medicine O O O O O O O O O O O O O B-Medicine O O O O O O O O O O O O O,O O O O O O O O O O O O O O O O O O O O O O O O O O O O O O O O O O O O O O O O O O O O O O O O O O O O O O O O O O O O O O O O O O O O O O O O,Medicine,9.0795589679999,,361.0
"আমার মেয়ের বয়স ৪ মাস , ২ দিন ধরে পায়খানা করে না । এটা কি কোন সমস্যা , নাকি বাচ্ছাদের এমন হয়ে থাকে । কি করব এখন ? ? ",O O O B-Age I-Age O B-Symptom I-Symptom I-Symptom I-Symptom I-Symptom I-Symptom O O O O O O O O O O O O O O O O O,O O O O O O O O O O O O O O O O O O O O O O O O O O O O O,Age,6.45769681999991,,362.0
amar kicho din jabot rate akdom ghom hoy na saradin ghomer jonno kicho korte parina,O B-Symptom I-Symptom I-Symptom I-Symptom I-Symptom I-Symptom I-Symptom I-Symptom O O O O O O,O O O O O O O O O O O O O O O,Symptom,2.191495761999932,,363.0
গর্ভবতী অবস্থায় ফলিক্স ৫ এর পরিবর্তে ফলিসন ৫ মি . গ্রা খাওয়া যাবে কি ? ,B-Health_Condition I-Health_Condition B-Medicine I-Medicine O O B-Medicine I-Medicine I-Medicine I-Medicine I-Medicine O O O O,O O B-Medicine I-Medicine O O B-Medicine I-Medicine I-Medicine I-Medicine I-Medicine O O O O,Medicine,1.6088803439999992,,364.0
Thanks for your question . yes You can directly seek advice via this app through video conference . thanks,O O O O O O O O O O O O O O O O O O O,O O O O O O O O O O O O O O O O O O O,,1.3217480790001446,,365.0
Thanks for questioning to daktervai . Its due to nutritional deficiency . Also for calcium deficiency . . Give proper nutritional food and milk,O O O O O O O O O O O O O O O O O O O O O O O O,O O O O B-Specialist O O O O B-Health_Condition I-Health_Condition O O O B-Health_Condition I-Health_Condition O O O O B-Health_Condition I-Health_Condition O B-Medicine,,1.805656300999999,,366.0
আপনাকে ধন্যবাদ প্রশ্ন করার জন্য । আপনি ওমেপ্রাজল ২০ মিলিগ্রাম সকালে ও রাতে খাবার আগে খেতে পারেন । ধন্যবাদ । ,O O O O O O O B-Medicine I-Medicine I-Medicine B-Dosage I-Dosage I-Dosage I-Dosage I-Dosage O O O O O,O O O O O O O O O O O O O O O O O O O O,Medicine,4.012810487000024,,367.0
ডাক্তার ভাইকে প্রশ্ন করার জন্য ধন্যবাদ । Tab Norvis 50 . 1 + 1 + 1 পেট ব্যথা হলে খেতে পারেন । সাথে পেটে গরম সেঁক দিতে পারেন । ধন্যবাদ,O O O O O O O B-Medicine I-Medicine I-Medicine O B-Dosage I-Dosage I-Dosage I-Dosage I-Dosage B-Symptom I-Symptom O O O O O O O O O O O O,O O O O O O O O O O O O O O O O O O O O O O O O O O O O O O,Medicine,5.38193642400006,,368.0
আপনি কি বেথা পেয়েছেন ? ধন্যবাদ । ,O O B-Symptom O O O O,O O O O O O O,Symptom,2.3304932429998644,,369.0
থাইরয়েড সমস্যা হলে কি হাতের তালু চামড়া খোষখসে হলে যায় ? ,B-Health_Condition I-Health_Condition O O B-Symptom I-Symptom I-Symptom I-Symptom O O O,O O O O O O O O O O O,Health Condition,19.12718796100012,,370.0
আপনাকে ধন্যবাদ প্রশ্ন করার জন্য । আপনার যে সমস্যার কথা বলেছেন তা ইয়াবা খাওয়ার পার্শ্ব প্রতিক্রিয়া । আপনি একজন মন রোগ বিশেষজ্ঞ কে দেখান । মাদকাসক্তি নিরাময় কেন্দ্র এ যোগাযোগ করুন । ধন্যবাদ । ,O O O O O O O O O O O O O O O O O O O B-Specialist I-Specialist I-Specialist O O O B-Specialist I-Specialist I-Specialist O O O O O O,O O O O O O O O O O O O O O O O O O O O O O O O O O O O O O O O O O,Specialist,4.1303740480000215,,371.0
ডেল্টা কটের কাজ কি হাত পায়ের পানি কমানো ? এটা কি যে কেউ খেতে পারবে,B-Medicine I-Medicine O O B-Symptom I-Symptom I-Symptom O O O O O O O O,O O O O O O O O O O O O O O O,Medicine,1.1723509199998716,,372.0
আমার ঘুম হয়না ঠিক মতো । রাতে প্রায় ঘন্টার পর ঘন্টা চোখ বন্ধ করে শুয়ে থেকে ঘুমানোর চেষ্টা করলে চোখ ও মাথা ব্যথা করে । ফার্মেসি থেকে 0 . 5mg এর ঔষধ নিয়ে খেয়েছি তাও কাজ হয়নি । পরবর্তীতে 3mg এর ঔষধ খেয়ে ঘুমানোর ২ / ৩ ঘন্টা পর আবারও ঘুম ভেঙে যায় । কোনো কিছু নিয়ে টেনশনও করি না যে সে কারনে ঘুম হবে না । এখন আমি কি করতে পারি ? ,O O B-Symptom I-Symptom I-Symptom O O O O O O O O O O O O O O B-Symptom I-Symptom I-Symptom I-Symptom I-Symptom O O O O O O O O O O O O O O O O O O O O O O O O O O O O O O O O O O O O O O O O O O O O O O O O O,O O O O O O O O O O O O O O O O O O O B-Symptom O B-Symptom I-Symptom O O O O O O O O B-Medicine O O O O O O O O B-Dosage O B-Medicine O O O O O O O O O O O O O O O O O O O O O O O O O O O O O O,Symptom,6.593626904000075,,373.0
sir amr onk din dhore gola dia cough asha thn tan dia ber kori abr Jokhon ac te same obostha ki korta Pari ami medicine myolax use korsi,O O O O O O O B-Symptom O O O O O O O O O O O O O O O O O B-Medicine O O,O O O O O B-Symptom O B-Symptom O O O O O O O O O O O O O O O O O B-Medicine O O,Symptom,18.908542188999945,,374.0
মোনাস কিসের জন্য খাওয়া হয় ? জনাবেন প্লিজ । ,B-Medicine O O O O O O O O,O O O O O O O O O,Medicine,3.852791316999856,,375.0
"ডাক্তার ভাইকে প্রশ্ন করার জন্য ধন্যবাদ । আপনি এখন Syp . Entacid plus 4tsf ও Tab . Motigut 10mg ১ টা খান । পরবর্তীতে Tab . Pantonix 20 mg 1 + 0 + 1 ( 30 min before meal ) 14days , Syp . Entacid plus 2tsf 3times daily for 14days খাবেন । ধন্যবাদ । ",O O O O O O O O O B-Medicine I-Medicine I-Medicine I-Medicine B-Dosage O B-Medicine I-Medicine I-Medicine I-Medicine B-Dosage I-Dosage O O O B-Medicine I-Medicine I-Medicine I-Medicine I-Medicine B-Dosage I-Dosage I-Dosage I-Dosage I-Dosage I-Dosage I-Dosage I-Dosage I-Dosage I-Dosage I-Dosage I-Dosage O B-Medicine I-Medicine I-Medicine I-Medicine B-Dosage I-Dosage I-Dosage I-Dosage I-Dosage O O O O,O O O O O O O O O B-Medicine O I-Medicine O B-Dosage O B-Medicine O I-Medicine B-Dosage O O O O O B-Medicine O I-Medicine B-Dosage O O O O O O O O O O O O B-Dosage O B-Medicine O I-Medicine B-Dosage B-Dosage O O O B-Dosage O O O O,Medicine,6.668504990999963,,376.0
আপনাকে ধন্যবাদ প্রশ্ন করার জন্য । আপনার সমস্যা না দেখে সমাধান করা যাবে না । প্রাথমিকভাবে আপনি ভিটামিন বি১ বি ৬ ও বি ১২ এর কম্বিনেশন খেতে পারেন প্রতিদিন ২ টা করে । একজন নিউরো মেডিসিন বিশেষজ্ঞের পরামর্শ নিতে পারেন । ধন্যবাদ,O O O O O O O O O O O O O O O O O B-Medicine I-Medicine I-Medicine I-Medicine I-Medicine I-Medicine I-Medicine O O O O O B-Dosage I-Dosage O O O B-Specialist I-Specialist I-Specialist O O O O O,O O O O O O O O O O O O O O O O O O O O O O O O O O O O O O O O O O O O O O O O O O,Medicine,4.07699930900003,,377.0
na dekhe suggestion dile eta onek bere jete pare . dhonnobad . ,O O O O O O O O O O O O,O O O O O O O O O O O O,,1.7702449839998735,,378.0
নাম : < NAME > । বয়স : 40 । আমার বেশ কয়েক দিন ধরে কোনো কিছু খেলে পেট ফুলে থাকছে । পেট ভার ভার মনে হয় । প্রায় সময় পেট ফেপে থাকে । পেট একটি জায়গাই অবশ হয়ে থাকে । তাই আমার এই সমস্যা কীভাবে দূর করা যায় সে সম্পর্কে কিছু বলেন । . . . . . . ,O O O O O O O O B-Age O O O O O O B-Symptom I-Symptom I-Symptom I-Symptom I-Symptom I-Symptom O B-Symptom I-Symptom I-Symptom I-Symptom I-Symptom O O O B-Symptom I-Symptom I-Symptom O B-Symptom I-Symptom I-Symptom I-Symptom I-Symptom I-Symptom O O O O O O O O O O O O O O O O O O O O,O O O O O O O O O O O O O O O O O O O O O O O O O O O O O O O O O O O O O O O O O O O O O O O O O O O O O O O O O O O O,Symptom,5.028701763000072,,379.0
আমার মায়ের বা পায়ে হাঁটুর উপর ও নিচে মাংস পেশীর মধ্যে প্রচণ্ড ব্যথা করছে । ব্যথায় রাতে ঘুমাতে ও পারছে না । করণীয় কি ? ,O O B-Symptom I-Symptom I-Symptom I-Symptom I-Symptom I-Symptom I-Symptom I-Symptom I-Symptom I-Symptom I-Symptom O O B-Symptom I-Symptom I-Symptom I-Symptom I-Symptom I-Symptom O O O O,O O O O O O O O O O O O B-Symptom I-Symptom O B-Symptom O O O O O O O O O,Symptom,7.409361276999789,,380.0
akie kas thaka kom dakta pai akon kee korta pare,O B-Symptom I-Symptom I-Symptom I-Symptom I-Symptom O O O O,O O O O O O O O O O,Symptom,15.065121697999984,,381.0
আমার এলাজি আছে । বুক এক্স - রে করিয়েছি ৪ বার রিপোর্ট নরমাল । বুক ভারি হয়ে থাকে । আমার এ্যাজমা হবার সম্ভাবনা কতটুকু ? ,O B-Health_Condition I-Health_Condition O O B-Medical_Procedure I-Medical_Procedure I-Medical_Procedure O O O O O O B-Symptom I-Symptom O O O O B-Health_Condition O O O O,O B-Symptom O O B-Symptom B-Medical_Procedure I-Medical_Procedure I-Medical_Procedure O B-Dosage I-Dosage O O O B-Symptom I-Symptom O O O O B-Health_Condition O O O O,Health Condition,1.4598065399998177,,382.0
ডাক্তারভাইকে প্রশ্ন করার জন্য ধন্যবাদ । Post Covid Symptoms এর মধ্যে শারীরিক দূর্বলতা অন্যতম । Multivitamins খেতে থাকুন । সেই সাথে ফলমূল এবং সবজি বেশী করে খাবেন । প্রচুর পানি পান করবেন । সময়ের সাথে আপনি এ দূর্বলতা কাটিয়ে উঠতে পারবেন । Medicine Specialist Doctor এর পরামর্শ নিন । ধন্যবাদ । ,O O O O O O O O O O O B-Symptom I-Symptom O O O O O O O O O O O O O O O O O O O O O O O O O O O O O B-Specialist I-Specialist O O O O O O O,O O O O O O O O O O O O O O O O O O O O O O O O O O O O O O O O O O O O O O O O O O O O O O O O O O O,Symptom,34.53504862199998,,383.0
cyst in the overy . need to consult with a specialized doctor if surgery is required . thanks,B-Health_Condition I-Health_Condition I-Health_Condition I-Health_Condition O O O O O O O O O O O O O O,O O O O O O O O O O O O O O O O O O,Health Condition,6.599916065999878,,384.0
"Thank you for your question . Take tab . Napa 500mg if pain severe . Compress with Luke warm towel , if pus is there , will come out . If nail got whitish , use afun ointment for fungal infection . Thank you",O O O O O O O B-Medicine I-Medicine I-Medicine I-Medicine O B-Symptom O O O O O O O O O O O O O O O O O O B-Symptom I-Symptom I-Symptom O O B-Medicine I-Medicine O B-Health_Condition I-Health_Condition O O O,O O O O O O O O O O O O O O O O O O O O O O O O O O O O O O O O O O O O O O O O O O O O,Medicine,4.122712922999881,,385.0
Thank you for asking question to Daktarbhai . Do test for typhoid and jaundice . ( Widal test and s . bilirubin . ) Take tab . omidon 10mg - - 1 + 1 + 1 - - 5 days . Tab rabe 20mg - - 1 + 0 + 1 - - 20 days . Consult medicine specialist . Thanks . ,O O O O O O O O O B-Medical_Procedure I-Medical_Procedure I-Medical_Procedure I-Medical_Procedure I-Medical_Procedure O O B-Medical_Procedure I-Medical_Procedure I-Medical_Procedure I-Medical_Procedure I-Medical_Procedure I-Medical_Procedure O O O B-Medicine I-Medicine I-Medicine I-Medicine O O B-Dosage I-Dosage I-Dosage I-Dosage I-Dosage I-Dosage I-Dosage I-Dosage I-Dosage O B-Medicine I-Medicine I-Medicine O O B-Dosage I-Dosage I-Dosage I-Dosage I-Dosage O O O O O O B-Specialist I-Specialist O O O,O O O O O O O O O O O O O O O O O O O O O O O O O O O O O O O O O O O O O O O O O O O O O O O O O O O O O O O O O O O O O O,Medical Procedure,9.536679749000086,,386.0
"Thank you for asking your question to daktarbhai . Goromer jonno amon gham hote pare , othoba apnar gaye halka jor thake jokhon sere jay tokhon hoyto gham ta hoy . Apni lebu , malta , anarosh . . . agula niyom kore khan asha korsi apnar ruchi phire ashbe . ",O O O O O O O O O O O O O O O O O O O O B-Symptom O O O O O O O O O O O O O O O O O O O O O O O O O O O O O O,O O O O O O O O O O O O O O O O O O O O O O O O O O O O O O O O O O O O O O O O O O O O O O O O O O O,Symptom,7.07112624499996,,387.0
Tab . Maxpro 20mg 1 + 0 + 1 14days 30 min before meal . hope it will improve your condition . Thanks,B-Medicine I-Medicine I-Medicine I-Medicine B-Dosage I-Dosage I-Dosage I-Dosage I-Dosage I-Dosage I-Dosage I-Dosage I-Dosage I-Dosage O O O O O O O O O,O O B-Medicine B-Dosage O O O O O B-Dosage I-Dosage O O O O O O O O B-Health_Condition O O O,Medicine,2.042118386000084,,388.0
"স্যার , আমার বাম নাকে পলিপাচ হয়েছে প্রায় চার বছর এখন নিশ্বাস নিতে খুব কষ্ট হয় রাতে ঘুমাতে গেলে । এখন আমি কি করতে পারি ? পলিপাচ অনেক বড় হয়ে গেছে । ",O O O B-Health_Condition I-Health_Condition I-Health_Condition I-Health_Condition O O O O B-Symptom I-Symptom I-Symptom I-Symptom I-Symptom I-Symptom I-Symptom I-Symptom O O O O O O O B-Health_Condition I-Health_Condition I-Health_Condition I-Health_Condition I-Health_Condition O,O O O O O O O O O O O O O O O O O O O O O O O O O O O O O O O O,Health Condition,73.42117238100013,,389.0
ডাক্তারভাইকে প্রশ্ন করার জন্য ধন্যবাদ । Pregnancy Kit Test প্রয়োজনে আবার করুন । সকালের প্রস্রাব দিয়ে পররীক্ষা করা ভালো । এক দাগ স্পষ্ট ও আরেক দাগ হালকা এটি গর্ভবতীই বোঝাচ্ছে । আরও নির্দিষ্ট করে জানার জন্য Beta HCG ও USG of lower abdomen পরীক্ষা করিয়ে ডাক্তারের পরামর্শ নিন । ধন্যবাদ । ,O O O O O O O O O O O O O B-Medical_Procedure I-Medical_Procedure I-Medical_Procedure I-Medical_Procedure O O O O O O O O O O O O O O O O O O O B-Medical_Procedure I-Medical_Procedure O B-Medical_Procedure I-Medical_Procedure I-Medical_Procedure I-Medical_Procedure O O O O O O O O,O O O O O O B-Medical_Procedure I-Medical_Procedure I-Medical_Procedure O O O O O O O O O O O O O O O O O O O B-Health_Condition O O O O O O O B-Medical_Procedure I-Medical_Procedure O B-Medical_Procedure I-Medical_Procedure I-Medical_Procedure I-Medical_Procedure I-Medical_Procedure O O O O O O O,Medical Procedure,9.193809125000143,,390.0
ডাক্তার ভাই কে প্রশ্ন করার জন্য ধন্যবাদ । হাল্কা গরম পানিতে লেবুর রস এবং অর্ধেক চামচ চিনি দিয়ে দিনে ২ বার লাগাবেন । ধন্যবাদ । ,O O O O O O O O O O O O O O O O O O O O O O O O O,O O O O O O O O O O O O O O O O O O O O O O O O O,,2.799304314999972,,391.0
যৌন স্বাস্থ্য ভালো রাখার উপায় জনাবেন please,O O O O O O O,O O O O O O O,,1.6799371699999028,,392.0
আপনাকে ধন্যবাদ প্রশ্ন করার জন্য । আপনি স্কেবেস ঔষধ বাচ্চার শরীরে লাগান । আট ঘন্টা রাখুন । পানি লাগাবেন না । এর পরেও ভাল বনা হলে একজন চর্ম রোগ বিশেষজ্ঞ কে দেখিয়ে নিন । ধন্যবাদ । ,O O O O O O O B-Medicine I-Medicine O O O O O O O O O O O O O O O O O O B-Specialist I-Specialist I-Specialist O O O O O O,O O O O O O O O O O O O O O O O O O O O O O O O O O O O O O O O O O O O,Medicine,3.6927047059998586,,393.0
amer rata gum hoi na . ami ke korbo ? amai sajason dan . ,O B-Symptom I-Symptom I-Symptom I-Symptom O O O O O O O O O,O O O O O O O O O O O O O O,Symptom,2.4366827710000507,,394.0
ধন্যবাদ আপনাকে প্রশ্নের জন্য । সরাসরি স্কিন ডাক্তার দেখিয়ে পরামর্শ নিন । । না দেখে ওষুধ দেয়া যাবেনা । ধন্যবাদ,O O O O O O B-Specialist I-Specialist O O O O O O O O O O O O,O O O O O O B-Specialist I-Specialist O O O O O O O B-Medicine O O O O,Specialist,5.0787385749999885,,395.0
ধন্যবাদ আপনার প্রশ্নের জন্য । হানিকল সিরাপ খাওয়াতে পারেন । ধন্যবাদ,O O O O O B-Medicine I-Medicine O O O O,O O O O O B-Medicine I-Medicine O O O O,Medicine,8.890477783000051,,396.0
ডাক্তার ভাই থাইরাইর সমস্যা থাকলে কি করনীয়,O O B-Health_Condition I-Health_Condition O O O,O O O O O O O,Health Condition,2.8582316490001176,,397.0
"আপনাকে ধন্যবাদ প্রশ্ন করার জন্য । চুল পড়ার অনেক কারনের মধ্যে বংশগত , হরমনের সমস্যা , থাইরয়েডের সমস্যা , কিছু অভ্যাসের কারনে , রক্ত স্বল্পতা , ক্যালসিয়াম সমস্যা ইত্যাদি । আপনি একজন চর্ম ডাক্তারকে দেখান । সমস্যা সমাধানের জন্য কারন খুজে বের করা জরুরি । ধন্যবাদ",O O O O O O O O O O O O O B-Health_Condition I-Health_Condition O B-Health_Condition I-Health_Condition O O O O O B-Health_Condition I-Health_Condition O B-Health_Condition I-Health_Condition O O O O B-Specialist I-Specialist O O O O O O O O O O O O,O O O O O O O O O O O O O O O O O O O O O O O O O O O O O O O O O O O O O O O O O O O O O O,Health Condition,5.035062531999984,,398.0
আপনাকে ধন্যবাদ প্রশ্ন করার জন্য । আপনি একটানা দাড়িয়া বা বসে থাকবেন না । ১ ঘন্টা পর পর বিশ্রাম নিবেন । হাটুতে বেশি চাপ পরে এমন কাজ করবেন না যেমন ঝুকে ভাড়ি জিনিস উঠানো । হাটুতে গরম পানির সেক দিন আধা ঘন্টা করে দুই বার । হাটুর মোজা ( knee cap ) ব্যবহার করুন । হাটুর কিছু ব্যায়াম আছে যা আপনার হাটুকে ব্যাথা মুক্ত করতে সহায়তা করবে । একটি হাটুর এক্স রে করিয়ে একজন ফিজিক্যাল মেডিসিন বিশেষজ্ঞর পরামর্শ নিতে পারেন । ধন্যবাদ,O O O O O O O O O O O O O O O O O O O O O O O O O O O O O O O O O O O O O O O O O O O O O O O O O O O O O O O O O O O O O O O O O O O O O O B-Medical_Procedure I-Medical_Procedure O O B-Specialist I-Specialist I-Specialist O O O O O,O O O O O O O O O O O O O O B-Dosage I-Dosage O O O O O B-Symptom O O O O O O O O O O O O O B-Symptom B-Medicine I-Medicine I-Medicine O B-Dosage I-Dosage O O O O O B-Medical_Procedure O O O O O O O B-Symptom O O O O O O O O O O O O B-Medical_Procedure I-Medical_Procedure O B-Medical_Procedure I-Medical_Procedure I-Medical_Procedure I-Medical_Procedure B-Specialist I-Specialist O O O O O,Medical Procedure,40.10519513500003,,399.0
ডাক্তারভাইকে প্রশ্ন করার জন্য ধন্যবাদ । মুখের ভিতর জিহবায় Mico oral Gel দিনে ৩ / ৪ বার ব্যবহার করতে পারেন । বেশি গরম ও ঝাল খাবার খাবেন না । লাভবান না হলে সশরীরে গিয়ে ডাক্তারের পরামর্শ নিবেন । ধন্যবাদ । ,O O O O O O O O O B-Medicine I-Medicine I-Medicine B-Dosage I-Dosage I-Dosage I-Dosage I-Dosage O O O O O O O O O O O O O O O O O O O O O O O,O O O O O O O O O B-Medicine I-Medicine I-Medicine B-Dosage I-Dosage O I-Dosage I-Dosage O O O O O O O O O O O O O O O O O O O O O O O,Medicine,2.403259783000067,,400.0
আপনাকে ধন্যবাদ প্রশ্ন করার জন্য । আপনি ব্যাথার জন্য প্যারাসিটামল ৫০০ মিলিগ্রাম কগেতে পারেন । ট্যাবলেট সিভিট একটা করে দুই বার খান । মাউথ ওয়াস ব্যবহার করুন । একজন ডেন্টিস্ট জে দেখিয়ে নিন । ধন্যবাদ । ,O O O O O O O O O B-Medicine I-Medicine I-Medicine O O O B-Medicine I-Medicine B-Dosage I-Dosage I-Dosage I-Dosage O O B-Medicine I-Medicine O O O O B-Specialist O O O O O O,O O O O O O O O O O O O O O O O O O O O O O O O O O O O O O O O O O O O,Medicine,5.46785047100002,,401.0
Amar ondokosh er ak ongshe chamra uthe Athalo hoye gase . . jole . . . . . er medication ki kindly bolben . . . . . ,O B-Symptom I-Symptom I-Symptom I-Symptom I-Symptom I-Symptom I-Symptom I-Symptom I-Symptom O O B-Symptom O O O O O O O O O O O O O O O,O O O O O O O O O O O O O O O O O O O O O O O O O O O O,Symptom,3.619944013999884,,402.0
"কয়েক দিন যাবত হালকা জ্বর , তবে কাশি , গলা ব্যাথা নেই । এমতাবস্তায় আমি কি করতে পারি ? ",O O O O B-Symptom O O B-Symptom O B-Symptom I-Symptom O O O O O O O O,O O O O B-Symptom O O B-Symptom O B-Symptom I-Symptom O O O O O O O O,Symptom,1.46317195000006,,403.0
আমার অনেক এলারজি মুখের গালে আমি কি সেবন করতে পারি,O O B-Health_Condition I-Health_Condition I-Health_Condition O O O O O,O O O O O O O O O O,Health Condition,4.8469229229999655,,404.0
ধন্যবাদ আপনাকে প্রশ্ন করার জন্য । রোগীর সাথে সরাসরি কথা বলে হিস্ট্রি নিয়ে সমস্যা শুনে সমাধান দিতে হবে । বিশদ আলোচনার জন্য আপনি একজন paediatric চিকিৎসকের পরামর্শ নিন । আপনি এই এপের মাধ্যমে ভিডিও কনফারেন্সে চিকিৎসকের পরামর্শ নিতে পারেন । ধন্যবাদ,O O O O O O O O O O O O O O O O O O O O O O O O B-Specialist I-Specialist O O O O O O O O O O O O O O O,O O O O O O O O O O O O O B-Symptom O O O O O O O O O O B-Specialist I-Specialist O O O O O O O O O O O O O O O,Specialist,2.277044955999827,,405.0
"আমার মেয়ে , বয়স ১৬ মাস , ১ দিনে ১০ বার বমি করে সাথে পাতলা পায়খানা ৪ / ৫ বার , এখন বমি নাই কিন্তু পায়খানা কমেনি , কি খাওয়াবো",O O O O B-Age I-Age O B-Symptom I-Symptom I-Symptom I-Symptom I-Symptom I-Symptom O B-Symptom I-Symptom I-Symptom I-Symptom I-Symptom I-Symptom O O B-Symptom O O O O O O O,O O O O O O O O O O O O O O O O O O O O O O O O O O O O O O,Symptom,5.995547263000162,,406.0
"গ্রাহক , আপনার প্রশ্নের জন্য ধন্যবাদ । আপনার সমস্যাটি না দেখে এটি কতটুকু ক্ষত বা কি সমস্যা বলা যাচ্ছে না । তাই আপনি একজন ডাক্তারকে সরাসরি দেখিয়ে সেই অনুযায়ী ঔষধ সেবন করুন । ডাক্তার ভাই এর সাথে থাকার জন্য আপনাকে ধন্যবাদ । ",O O O O O O O O O O O O O O O O O O O O O O O O O O O O O O O O O O O O O O O O O O,O O O O O O O O O O O O O O O O O O O O O O O O O B-Specialist O O O O O B-Medicine O O O O O O O O O O,,1.8528296770000448,,407.0
"কানের ভিতরে ব্যাথা , মাথার অর্ধেকসহ ব্যাথা করে । ",B-Symptom I-Symptom I-Symptom O B-Symptom I-Symptom I-Symptom O O,O O O O O O O O O,Symptom,1.9077441130000352,,408.0
ডাক্তার ভাইতে প্রশ্ন করার জন্যে আপনাকে ধন্যবাদ । আপনি Tab - telfin 250 mg 1 + 0 + 0 14 days Fungidal hc ointment দইনে ৩ বার মাখব্বন ১৫ সিন,O O O O O O O O O B-Medicine I-Medicine I-Medicine I-Medicine I-Medicine B-Dosage I-Dosage I-Dosage I-Dosage I-Dosage O O B-Medicine I-Medicine I-Medicine B-Dosage I-Dosage I-Dosage O O O,O O O O O O O O O O O B-Medicine B-Dosage I-Dosage B-Dosage O B-Dosage O B-Dosage I-Dosage B-Medicine I-Medicine I-Medicine O B-Dosage I-Dosage O B-Dosage I-Dosage O,Medicine,2.140648801999987,,409.0
ডাক্তার ভাইতে প্রশ্ন করার জন্যে আপনাকে ধন্যবাদ । আপনি tab - napa 500 mg ব্যাথার জন্যে খেতে পারেন ভরা পেটে খেতে পারেন । খাবার আগে cap - maxpro 20 mg খেয়ে নিবেন । গরম শেক দিবেন । ,O O O O O O O O O B-Medicine I-Medicine I-Medicine I-Medicine I-Medicine O O O O O O O O O O O B-Medicine I-Medicine I-Medicine I-Medicine I-Medicine O O O O O O O,O O O O O O O O O O O O O O O O O O O O O O O O O O O O O O O O O O O O O,Medicine,7.645567084000049,,410.0
"ধন্যবাদ আপনাকে প্রশ্ন করার জন্য । জ্বর ১০০ ডিগ্রির উপরে উঠলে নাপা খাবেন । আপনি তরল খাবার , স্যালাইন , পানি খাবেন । আপনি টক ফল , সিভিট খান । ধন্যবাদ",O O O O O O B-Symptom I-Symptom I-Symptom I-Symptom O B-Medicine O O O O O O B-Medicine O O O O O O O O B-Medicine O O O,O O O O O O B-Symptom B-Dosage I-Dosage O O B-Medicine O O O O O O B-Medicine O O O O O O O O B-Medicine O O O,Medicine,1.604717350999863,,411.0
you have tachycardia for sure . Thanks . ,O O B-Health_Condition O O O O O,O O B-Symptom O O O O O,Health Condition,1.8446423750001488,,412.0
আমার শুকনো বমি হয় । খাবারের প্রতি অরুচি । কিছু খেলে জিহ্বায় তিতা তিতা অনুভব করি । যেকোনো কিছুর গন্ধ সহ্য করতে পারি না । এখন আমি কি করতে পারি ? দয়া করে সঠিক ঔষধের পরামর্শ দেবেন । ,O B-Symptom I-Symptom I-Symptom O B-Symptom I-Symptom I-Symptom O B-Symptom I-Symptom I-Symptom I-Symptom I-Symptom I-Symptom I-Symptom O B-Symptom I-Symptom I-Symptom I-Symptom I-Symptom I-Symptom I-Symptom O O O O O O O O O O O O O O,O B-Symptom I-Symptom O O O O B-Symptom O O O O B-Symptom I-Symptom O O O O O B-Symptom O O O O O O O O O O O O O O B-Medicine O O O,Symptom,13.675752197000064,,413.0
এখন কোথায় পরীক্ষা করবো কোনো ঔষধ আছে । ভালো হওয়ার জন্য । ,O O O O O O O O O O O O,O O O O O B-Medicine O O O O O O,,1.0385974579999129,,414.0
আমার বয়স 17 বছর । পিরিয়ডের সময় অতিরিক্ত বেশি পেটেও মাজায় ব্যথা হয় । সাধারণ প্যারাসিটামলের ব্যথা কমেনা । এ সময় আমি কি ওষুধ খেতে পারি ? এলজিন 50 মিলিগ্রাম খেলে কি ক্ষতি হতে পারে ? ,O O B-Age I-Age O B-Symptom I-Symptom I-Symptom I-Symptom I-Symptom I-Symptom I-Symptom O O O B-Medicine O O O O O O O O O O O B-Medicine I-Medicine I-Medicine O O O O O O,O O O O O O O O O O O O O O O O O O O O O O O O O O O O O O O O O O O O,Medicine,6.524723619999804,,415.0
"ডাক্তার ভাইকে প্রশ্ন করার জন্য ধন্যবাদ । Flacol Paediatric drop , ছয়ফোটা , করে দুই থেকে তিন বেলা , পায়খানা নরম হওয়ার আগ পর্যন্ত খাওয়াতে পারেন । ধন্যবাদ",O O O O O O O B-Medicine I-Medicine I-Medicine O B-Dosage O O B-Dosage I-Dosage I-Dosage I-Dosage O O O O O O O O O O,O O O O O O O B-Medicine I-Medicine I-Medicine O B-Dosage O O O O O O O B-Symptom I-Symptom O O O O O O O,Dosage,1.7269431270001403,,416.0
"আইভারমেকটিন - ৬ মিঃগ্রাঃ খাওয়ার নিয়ম বলবেন , আমার ওজন ৬৪Kg । ",B-Medicine I-Medicine I-Medicine I-Medicine O O O O O O O O,O O O O O O O O O O O O,Medicine,2.092639346999931,,417.0
"আমার বিগত দুই যাবত জ্বর , এবং শরীর ব্যাথা , দুইদিন ধরে নাপা রেপিড খাচ্ছি , জ্বর কমে , আবার জ্বর আসে । ",O O O O B-Symptom O O B-Symptom I-Symptom O O O B-Medicine I-Medicine O O B-Symptom O O O B-Symptom O O,O O O O O O O O O O O O O O O O O O O O O O O,Symptom,2.901275999000063,,418.0
"আপনাকে ধন্যবাদ প্রশ্ন করার জন্য । আপনি গলা ব্যাথার জন্য প্যারাসিটামল খেতে পারেন । আদা , মধু , গরম পানি খান । সিরাপ হানিকল দুই চামচ করে তিন বেলা খেতে পারেন । ভাল না হলে একজন নাক কান গলা বিশেষজ্ঞ ডাক্তার কে দেখিয়ে নিন । ধন্যবাদ । ",O O O O O O O O O O B-Medicine O O O O O O O O O O O B-Medicine I-Medicine B-Dosage I-Dosage I-Dosage I-Dosage I-Dosage O O O O O O O B-Specialist I-Specialist I-Specialist I-Specialist O O O O O O O,O O O O O O O B-Symptom I-Symptom O B-Medicine O O O O O O O O O O O B-Medicine I-Medicine B-Dosage I-Dosage O B-Dosage I-Dosage O O O O O O O B-Specialist I-Specialist I-Specialist I-Specialist I-Specialist O O O O O O,Medicine,3.0261593909999647,,419.0
আমার ঘুম হচ্ছে না কয়েকদিন ধরে । এরকম সমস্যা আগেও ছিল । গতবছর নভেম্বর এ ডাক্তার দেখিয়েছিলাম । ঘুমের জন্য্ Nortin 10 দিয়েছিলেন । আর তাছাড়া ওজন হ্রাস পাচ্ছে ওজন বৃদ্ধির জন্য কি করতে পারি,O B-Symptom I-Symptom I-Symptom O O O O O O O O O O O O O O O O B-Medicine I-Medicine O O O O B-Symptom I-Symptom I-Symptom O O O O O O,O O O O O O O O O O O O O O O O O O O O O O O O O O O O O O O O O O O,Symptom,6.471870276000118,,420.0
"Thank you for your question . yes , You can find it in Popular and large drug pharmacy like Laz pharma , vaccination center like lab Aid vaccination center etc . Thank you . ",O O O O O O O O O O O O O O O O O O O O O O O O O O O O O O O O O O,O O O O O O O O O O O O O O O O O O O O O O O O O O O O O O O O O O,,6.209649973000069,,421.0
ডাক্তার ভাইকে প্রশ্ন করার জন্য ধন্যবাদ । আপনি দ্রুত একজন কোলোরেক্টাল সার্জন এর পরামর্শ নিবেন । ধন্যবাদ,O O O O O O O O O O B-Specialist I-Specialist O O O O O,O O O O O O O O O O B-Specialist I-Specialist O O O O O,Specialist,1.3932948330000272,,422.0
"amr nail r problem ace , ki korle nail ta more jay and new nail utbe . . please janaben . . ki medicine khete hobe . . ? ",O B-Health_Condition I-Health_Condition I-Health_Condition I-Health_Condition O O O O O O O O O O O O O O O O O O O O O O O O,O B-Symptom O B-Health_Condition O O O O B-Symptom O O O O O B-Symptom O O O O O O O O B-Medicine O O O O O,Health Condition,6.303315087000101,,423.0
আমার ছেলের বয়স ২৬ মাস । কয়েক দিন যাবত বলে বমি বমি । গতকাল ২ বার বমি করছে । পেট ফ্লোরে দিয়ে শুয়ে থাকে পায়খানার রাস্তায় চুলকায় । খেতে ছায় না । এখন কি করতে পারি । একটু পরামর্শ দিলে ভাল হত । ,O O O B-Age I-Age O B-Symptom I-Symptom I-Symptom I-Symptom I-Symptom I-Symptom O B-Symptom I-Symptom I-Symptom I-Symptom I-Symptom O B-Symptom I-Symptom I-Symptom I-Symptom I-Symptom I-Symptom I-Symptom I-Symptom O B-Symptom I-Symptom I-Symptom O O O O O O O O O O O O,O O O B-Age I-Age O O O O O B-Symptom I-Symptom O O B-Dosage I-Dosage B-Symptom O O B-Symptom I-Symptom O O O O O O O O O O O O O O O O O O O O O O,Symptom,1.6190666709999275,,424.0
"Thank You for your question . Nasal congestion during winter season is called Allergic Rhinitis . You should visit an ENT specialist for your problem . Most of the case , Allergic Rhinitis is not preventable but you will be symptoms free if you take medicine and proper treatment . Thank you",O O O O O O O O O O O O O B-Health_Condition I-Health_Condition O O O O O B-Specialist I-Specialist O O O O O O O O O B-Health_Condition I-Health_Condition O O O O O O O O O O O O O O O O O O O,O O O O O O O O O O O O O O O O O O O O O O O O O O O O O O O O O O O O O O O O O O O O O O O O O O O O,Health Condition,9.559512128000051,,425.0
"আমার ছেলের বয়স ২৩ মাস । সে মায়ের দুধ , গরুর দুধ ও পাশাপাশি অন্য খাবার অল্প অল্প পরিমানে খায় । কিন্তু প্রতিদিন রাতে বমি করে । মনে হয় খাবার হযম হয় না । এখন কি ঔষধ খাওয়াতে পারি । ",O O O B-Age I-Age O O O O O O O O O O O O O O O O O O O B-Symptom O O O O B-Symptom I-Symptom I-Symptom I-Symptom O O O O O O O,O O O B-Age I-Age O O O O O O O O O O O O O O O O O O O B-Symptom I-Symptom O O O O B-Health_Condition I-Health_Condition O O O O B-Medicine O O O,Symptom,10.28885421100017,,426.0
"Sir , ATV 10 mg livarer chobri combe ki sir . Are eta 1 / 2 kore dine koiber khete hobe",O O B-Medicine I-Medicine I-Medicine B-Symptom I-Symptom O O O O O O O O O O O O O O,O O O O O O O O O O O O O O O O O O O O O,Medicine,2.9480781439999646,,427.0
"Thanks for your question . for fever , take Napa , citrus food , plenty amount of liquid food . drink ginger tea , gurgle with salt hot water . thanks . ",O O O O O O B-Symptom O O B-Medicine O O O O O O O O O O O O O O O O O O O O O O,O O O O O O B-Symptom O O B-Medicine O O O O O O O O O O O O O O O O O O O O O O,Symptom,3.925983139999971,,428.0
"আমার শিশুর বয়স 10 মাস । যদি সে অত্যধিক কাঁদতে শুরু করে , তার টাক লেগে যায় , তাহলে Senseless হয়ে যাই এবং দুর্বল হয়ে যাই । দয়া করে চিকিৎসা করুন",O O O B-Age I-Age O O O B-Symptom I-Symptom O O O O B-Symptom I-Symptom I-Symptom O O B-Symptom O O O B-Symptom O O O O O O O,O O B-Age I-Age I-Age O O O O O O O O O B-Symptom I-Symptom I-Symptom O O B-Health_Condition I-Health_Condition I-Health_Condition O B-Symptom I-Symptom I-Symptom O O O B-Medical_Procedure I-Medical_Procedure,Symptom,2.6411297600000125,,429.0
"আমার ছেলের বয়স ১৬ মাস , আমার ছেলে ঘন ঘন ( অল্প পরিমাণ ) প্রস্রাব করে গত তিন চার দিন যাবত । প্রতিকার জানাবেন প্লিজ",O O O B-Age I-Age O O O B-Symptom I-Symptom I-Symptom I-Symptom I-Symptom I-Symptom I-Symptom O O O O O O O O O O,O O O O O O O O O O O O O O O O O O O O O O O O O,Age,2.831689935999975,,430.0
"স্যার , আমার মায়ের বয়স ৪৬ বছর । তার কিছুদিন ধরে শ্বাসকষ্ট , ঘাড়ের পেছনে ব্যাথা , ঘুমের সমস্যা , বুক ধড়ফড় এবং বুকে ব্যাথা হয় । এখন কি করা উচিত ? ? ? ",O O O O O B-Age I-Age O O O O B-Symptom O B-Symptom I-Symptom I-Symptom O B-Symptom I-Symptom O B-Symptom I-Symptom O B-Symptom I-Symptom O O O O O O O O O,O O O O O B-Age I-Age O O O O B-Symptom O O O B-Symptom O O O B-Symptom I-Symptom O B-Symptom I-Symptom O O O O O O O O O O,Symptom,5.443838120999999,,431.0
আমি কোন প্রকার ব্যথার ওষুধ খেতে পারি না খেলে হাত পা মুখ ফুলে যায় অনেকেই বলছে কিডনির সমস্যা তাই এমন হচ্ছে এখন আমার করনীয় কি ? আর এই কথার ভিত্তি কতটুকু ? এখন কি আমার কিডনি পরীক্ষা করাতে হবে আর হলে কোন পরীক্ষাটি করা দরকার বলে মনে হয়,O O O B-Symptom I-Symptom I-Symptom I-Symptom I-Symptom I-Symptom I-Symptom I-Symptom I-Symptom I-Symptom O O O B-Health_Condition I-Health_Condition O O O O O O O O O O O O O O O O O B-Medical_Procedure I-Medical_Procedure O O O O O O O O O O O,O O O O O O O O O O O O O O O O O O O O O O O O O O O O O O O O O O O O O O O O O O O O O O O O,Symptom,5.464679153000134,,432.0
ধন্যবাদ আপনাকে প্রশ্ন করার জন্য । একজন মেডিসিন বিশেষজ্ঞের পরামর্শ নিন । রিপোর্ট ও দেখাতে পারবেন । এই এপের মাধ্যমে ভিডিও কনফারেন্সে চিকিৎসকের পরামর্শ নিতে পারেন । ধন্যবাদ,O O O O O O O B-Specialist I-Specialist O O O O O O O O O O O O O O O O O O O,O O O O O O O O O O O O O O O O O O O O O O O O O O O O,Specialist,3.3668929620000654,,433.0
"Thanks for your question to daktar Bhai . If you have low blood pressure it can happen . Also anxiety , tension may cause increase heart rate . Thanks",O O O O O O O O O O O O O O O O O O O O O O O O O O O O O,O O O O O B-Specialist I-Specialist O O O O B-Health_Condition I-Health_Condition I-Health_Condition O O O O O B-Symptom O B-Symptom O O O B-Symptom I-Symptom I-Symptom O,,3.1566283030001614,,434.0
Thanks for your question to daktar Bhai . You can give dextrose saline if she is non diabetic . Thanks,O O O O O O O O O O O B-Medicine I-Medicine O O O O O O O,O O O O O O O O O O O O O O O O O O O O,Medicine,2.6192716440000368,,435.0
আমার বাচ্চার বয়স ১৩ মাস । প্রায় সময়ই তার মাথাটা গরম থাকে এবং নাক দিয়ে পানি যায় ( জ্বর থাকে না ) । কিছু খেতে চায় না এবং পায়খানা কশা থাকে ও দূর্গন্ধযুক্ত । ,O O O B-Age I-Age O O O O B-Symptom I-Symptom O O B-Symptom I-Symptom I-Symptom I-Symptom O B-Symptom O O O O B-Symptom I-Symptom I-Symptom I-Symptom O B-Symptom I-Symptom O O B-Symptom O,O O O O O O O O O O O O O O O O O O O O O O O O O O O O O O O O O O,Symptom,3.54570492400012,,436.0
ডাক্তার ভাই কে প্রশ্ন করার জন্য ধন্যবাদ এই অবস্হায় ব্যাবহার করা যাবেনা আপনি একজন Gynaecologist এর পরামর্শ নিন ধন্যবাদ,O O O O O O O O O O O O O O B-Specialist O O O O,O O O O O O O O O O O O O O O O O O O,Specialist,3.3863958710001043,,437.0
"Sir , Emn ki rome beboher korle musa thake na r baby problem hoi na . ",O O O O O O O O O O O O O O O O,O O O O O O O B-Medicine O O O B-Symptom I-Symptom O O O,,1.5042224510000324,,438.0
আমার মেয়ের বয়স ১৪ মাস চলছে এখনো দাঁত বের হচ্ছে না । কি করব ? ,O O O B-Age I-Age O O O O O O O O O O,O O O O O O O O O O O O O O O,Age,3.061359275000086,,439.0
দাত দিয়ে নখ কাটলে কি কৃমি হতে পারে ? কৃমি হলে কি ওষুধ কতদিন খেতে হবে ? বয়স ২৪ । ,O O O O O O O O O B-Health_Condition I-Health_Condition O O O O O O O O O,O O O O O O O O O O O O O O O O O O O O,Health Condition,2.296753659999922,,440.0
হঠাৎ করে গায়ের রং কালো হয়ে যাচ্ছে এমতাবস্থায় করনীয় কি ? ,B-Symptom I-Symptom I-Symptom I-Symptom I-Symptom I-Symptom I-Symptom O O O O,O O O O O O O O O O O,Symptom,2.5358634100000472,,441.0
ডাক্তার ভাইতে প্রশ্ন করার জন্য আপনাকে ধন্যবাদ । আপনি Tab - norium 10 mg 0 + 0 + 1 ৭ দিন খাবেন । tab - Filwel silver 0 + 1 + 0 ১ মাস খাবেন । ,O O O O O O O O O B-Medicine I-Medicine I-Medicine I-Medicine I-Medicine B-Dosage I-Dosage I-Dosage I-Dosage I-Dosage O O O O B-Medicine I-Medicine I-Medicine I-Medicine B-Dosage I-Dosage I-Dosage I-Dosage I-Dosage I-Dosage O O O,O O O O O O O O O B-Medicine O I-Medicine B-Dosage I-Dosage I-Dosage I-Dosage I-Dosage I-Dosage I-Dosage I-Dosage I-Dosage O O B-Medicine O I-Medicine I-Medicine B-Dosage I-Dosage I-Dosage I-Dosage I-Dosage I-Dosage I-Dosage O O,Medicine,4.3313857779999125,,442.0
আমার বাচ্চার বয়স ১বছর ৭ মাস । গতকাল রাতে একটি চোখ দিয়ে ময়লা জমছিল আর পানি পড়ছিল । আজ সকালে একটি চোখ ফুলে লাল হয়ে গেছে । এখন কি ঔষধ দিব বা কি করনীয় ? ,O O O B-Age I-Age I-Age O O O B-Symptom I-Symptom I-Symptom I-Symptom I-Symptom O B-Symptom I-Symptom O O O B-Symptom I-Symptom I-Symptom I-Symptom O O O O O O O O O O O,O O O O O O O O O O O O O O O O O O O O O O O O O O O O O O O O O O O,Symptom,3.561427882000089,,443.0
বয়স ১৭ সমস্যাটি হল বুকে ব্যথা একটু ভারি কাজ করলে বেথা আরো বারে,O B-Age O O B-Symptom I-Symptom O B-Symptom I-Symptom I-Symptom I-Symptom I-Symptom I-Symptom,B-Age I-Age O O B-Symptom I-Symptom O O O O B-Symptom O O,Symptom,1.2813006189999214,,444.0
করোনন নেগেটিভ হওয়ার কত দিন পর করোনার ভ্যাকসিন নেয়া যেতে পারে । ,B-Health_Condition O O O O O B-Medicine I-Medicine O O O O,O O O O O O O O O O O O,Health Condition,5.703450515999975,,445.0
"amar wife er piles problem ase aaj shokal 11 tar dike toilet korte shomossha hoy , erpor dupor 1 ta theke gaye jor ashe temperature 102 gaye mild betha ase onno kono shomosha nai , Napa extend kheyese . Boyosh 45 . Piles er betha ase ekhono . please advice . ",O O O B-Health_Condition I-Health_Condition O O O B-Symptom I-Symptom I-Symptom I-Symptom I-Symptom I-Symptom I-Symptom O O B-Symptom I-Symptom I-Symptom I-Symptom I-Symptom I-Symptom I-Symptom I-Symptom I-Symptom I-Symptom B-Symptom I-Symptom I-Symptom O O O O O B-Medicine I-Medicine O O O B-Age O B-Symptom I-Symptom I-Symptom I-Symptom I-Symptom O O O O,O O O B-Health_Condition I-Health_Condition O O O B-Age I-Age O O O O O O O O B-Age I-Age O O O O B-Symptom I-Symptom O B-Symptom I-Symptom O O O O O O B-Medicine I-Medicine O O O B-Age I-Age O B-Health_Condition I-Health_Condition B-Symptom O O O O O,Symptom,1.5475083880000966,,446.0
আমি লাইফ নিয়ে চিন্তিত । কিছুই ভালো লাগে না । কোন কিছু তে ইন্টারেস্ট নাই । সব সময় ডিপ্রেশনে থাকি । কি করতে পারি ? ,O O O O O O O O O O O O O O O O O O B-Symptom O O O O O O,O O O O O O O O O O O O O O O O O O B-Health_Condition O O O O O O,Symptom,1.5197720109999864,,447.0
"ডাক্তার ভাই কে প্রশ্ন করার জন্য ধন্যবাদ । গরম শেক নিতে পারে । cap Indomet 25 mg 1 + 0 + 1 , 5 days after food , Liquid Entacid 4 spoon 6 hrly , 5 days before food . । ধন্যবাদ । ",O O O O O O O O O O O O O B-Medicine I-Medicine I-Medicine I-Medicine B-Dosage I-Dosage I-Dosage I-Dosage I-Dosage I-Dosage I-Dosage I-Dosage O O O B-Medicine I-Medicine B-Dosage I-Dosage I-Dosage I-Dosage I-Dosage I-Dosage I-Dosage O O O O O O,O O O O O O O O B-Symptom I-Symptom O O O B-Medicine I-Medicine B-Dosage I-Dosage B-Dosage O B-Dosage O B-Dosage O B-Dosage I-Dosage I-Dosage I-Dosage O B-Medicine I-Medicine B-Dosage I-Dosage B-Dosage I-Dosage O B-Dosage I-Dosage I-Dosage I-Dosage O O O O,Medicine,1.4945878379999158,,448.0
Thanks for your question to daktar Bhai . Please give Napa paediatric suppository . Also you can wash head and dry hair good . Thanks,O O O O O O O O O O B-Medicine I-Medicine I-Medicine O O O O O O O O O O O O,O O O O O B-Specialist I-Specialist O O O B-Medicine I-Medicine I-Medicine O O O O O O O O O O O O,Medicine,4.729808443000138,,449.0
"আমার গলায় উপরি ভাগের বাম দিকে ব্যাথা করে , , , , , বিকাল 5 টার দিকে শুরু হলে পরের দিন সকাল 8 / 9 পর্যন্ত থাকে । প্লিজ পরামর্শ দিবেন । গতকাল থেকে এরকম হচ্ছে । ",O B-Symptom I-Symptom I-Symptom I-Symptom I-Symptom I-Symptom O O O O O O O O O O O O O O O O O O O O O O O O O O O O O O,O O O O O O B-Symptom O O O O O O O O O O O O O O O O O O O O O O O O O O O O O O,Symptom,1.7894864559998496,,450.0
"আমি একজন পুরুষ । আমার বয়স ৬৪ বছর । প্রায় ৪ মাস যাবৎ আমার চোখ জ্বালা করে , ঘুম আদৌ হয় না । রাতে ৩ / ৪ বার প্রসাব করতে উঠতে হয় । ২ / ৩ দিন হলো তলপেটের নীচে দুইপাশেই চিড়িকমারা ব্যাথা করে মাঝে মাঝে । এর সমাধান কি । অনুগ্রহ করে জানাবেন কি ? ",O O O O O O B-Age I-Age O B-Symptom I-Symptom I-Symptom I-Symptom I-Symptom I-Symptom I-Symptom I-Symptom O B-Symptom I-Symptom I-Symptom I-Symptom O B-Symptom I-Symptom I-Symptom I-Symptom I-Symptom I-Symptom I-Symptom I-Symptom O O B-Symptom I-Symptom I-Symptom I-Symptom I-Symptom I-Symptom I-Symptom I-Symptom I-Symptom I-Symptom I-Symptom I-Symptom I-Symptom O O O O O O O O O O,O O O O O O B-Age I-Age O O B-Dosage I-Dosage O O O B-Symptom O O O O O O O O B-Dosage I-Dosage I-Dosage O O O O O O B-Dosage I-Dosage I-Dosage O O O O O B-Symptom O O O O O O O O O O O O O O,Symptom,5.720322186999965,,451.0
"প্রসাব হওয়ার সময় মাঝে মাঝে প্রসাবের রাস্তায় জ্বালাপোড়া ও হালকা ব্যথা হয় , প্রসাবে মাঝে মাঝে গন্ধ হয় . . . কি মেডিসিন খেলে এ সমস্যা থেকে সুস্থ হতে পারি . . প্লিজ জানাবেন",O O O O O B-Symptom I-Symptom I-Symptom O O B-Symptom O O B-Symptom I-Symptom I-Symptom I-Symptom O O O O O O O O O O O O O O O O O,O O O O O O O O O O O O O O O O O O O O O O O O O O O O O O O O O O,Symptom,5.181993700000021,,452.0
আমার শরিরে অনেক ক্যালসিয়ামের অভাব কি করব ? ? ,O O O O O O O O O,O O O O O O O O O,,1.2861688230000254,,453.0
বাবুর বয়স ৫ মাস গ্যাসের ঔষধ খাওয়ালে পায়খানা ভাল হয় ঔষধ খাওয়া বন্ধ রাখলে বার বার পায়খানা করে গ্যাসের ঔষধ চালিয়ে যাওয়া যাবেকি ? আথবা কি করব । ,O O B-Age I-Age O O O O O O O O O O B-Symptom I-Symptom I-Symptom I-Symptom O O O O O O O O O O,O B-Age I-Age I-Age B-Health_Condition B-Medicine O B-Symptom O O B-Medicine O O O O O B-Symptom O B-Health_Condition B-Medicine O O O O O O O O,Age,2.233397510000032,,454.0
আমার মায়ের বয়স ৬০ বছর । উনি কোভিড পজিটিভ ছিলেন । এখন সুস্থ । তবে গত দুই দিন যাবত দুই পায়ের থাই থেকে পায়ের পাতা পর্যন্ত প্রচন্ড ব্যাথা অনুভব করছে । পা ফেলে হাটতে কস্ট হচ্ছে । এখন এই ব্যাথা কমানোর জন্য কি করা যায় ? ,O O O B-Age I-Age O O B-Health_Condition I-Health_Condition O O O O O O O B-Symptom I-Symptom I-Symptom I-Symptom I-Symptom I-Symptom I-Symptom I-Symptom I-Symptom I-Symptom I-Symptom I-Symptom O O O B-Symptom I-Symptom I-Symptom I-Symptom O O O O O O O O O O O,O O B-Age I-Age I-Age O O B-Health_Condition I-Health_Condition O O O O O O O O O O O O O O O O O B-Symptom I-Symptom I-Symptom O O O O O O O O O O B-Symptom O O O O O O,Symptom,8.268264116999944,,455.0
আমার রাতে ঘুম কম হয় . . . . . কি করণীয় ? একটু ভালো পরামর্শ দিবেন কি ? ,O B-Symptom I-Symptom I-Symptom I-Symptom O O O O O O O O O O O O O O,O O B-Symptom I-Symptom I-Symptom O O O O O O O O O O O O O O,Symptom,0.6796583670000018,,456.0
গ্রাহক ডাক্তার ভাইকে প্রশ্ন করার জন্য আপনাকে ধন্যবাদ । আপনি নিম্নলিখিত ঔষধ সেবন করতে পারেন - - Cap . Fluclox 500mg ১ + ১ + ১ + ১ - - - - - - - - - - - - ৭ দিন Bactrocin ointment আক্রান্ত স্থানে লাগাবেন দিনে তিনবার - - - - - - - - ৭ দিন । ধন্যবাদ । ,O O O O O O O O O O O O O O O O O B-Medicine I-Medicine I-Medicine I-Medicine B-Dosage I-Dosage I-Dosage I-Dosage I-Dosage I-Dosage I-Dosage I-Dosage I-Dosage I-Dosage I-Dosage I-Dosage I-Dosage I-Dosage I-Dosage I-Dosage I-Dosage I-Dosage I-Dosage I-Dosage I-Dosage B-Medicine I-Medicine O O O B-Dosage I-Dosage I-Dosage I-Dosage I-Dosage I-Dosage I-Dosage I-Dosage I-Dosage I-Dosage I-Dosage I-Dosage O O O,O O O O O O O O O O O O O O O O O O O O O O O O O O O O O O O O O O O O O O O O O O O O O O O O O O O O O O O O O O O O O O,Medicine,4.7940953109998645,,457.0
Thanks for the question . Consult an orthopedic specialist . X ray and blood tests are needed . Thanks,O O O O O O O B-Specialist I-Specialist O B-Medical_Procedure I-Medical_Procedure O B-Medical_Procedure I-Medical_Procedure O O O O,O O O O O O O O O O O O O O O O O O O,Medical Procedure,2.808337249000033,,458.0
ডাক্তার ভাই কে প্রশ্ন করার জন্য ধন্যবাদ । আপনি Cap Sergel 20mg সকাল আর রাতে এবং Tab Omidon 10 mg প্রতি বেলা ১ টা করে খাওয়ার আগে খাবেনk এই সমস্যার জন্য কিছু পরীক্ষা ও সরাসরি রোগী দেখে চিকিত্সা প্রয়োজন আপনি সরাসরি একজন Gastroenterologist এর পরামর্শ নিন ধন্যবাদ,O O O O O O O O O B-Medicine I-Medicine I-Medicine B-Dosage I-Dosage I-Dosage O B-Medicine I-Medicine I-Medicine I-Medicine B-Dosage I-Dosage I-Dosage I-Dosage I-Dosage O O O O O O O O O O O O O O O O O B-Specialist O O O O,O O O O O O O O O O O O O O O O O O O O O O O O O O O O O O O O O O O O O O O O O O O O O O O,Medicine,3.80252791199996,,459.0
assalamualaikum আমার কানে ? ব্যাথা করছে ঠান্ডা জাতীয় অতিরিক্ত খেলেই আমার এরকম সমস্যা হয় কিছু ভালো মেডিসিন prescribe করুন,O O B-Symptom I-Symptom I-Symptom I-Symptom I-Symptom I-Symptom I-Symptom I-Symptom I-Symptom I-Symptom I-Symptom I-Symptom O O O O O,O O O O B-Symptom O B-Health_Condition O O O O O B-Symptom O O O B-Medicine O O,Symptom,1.6056700849999288,,460.0
7 weeks pregnant . gotokal theke lower pelvis e sharp cramping pain . kono blood or spotting nei . ki koronio ? ,O O B-Health_Condition O O O B-Symptom I-Symptom I-Symptom I-Symptom I-Symptom I-Symptom O O O O O O O O O O,B-Age I-Age I-Age O O O B-Symptom I-Symptom I-Symptom I-Symptom I-Symptom I-Symptom O O B-Symptom I-Symptom I-Symptom O O O O O,Health Condition,0.9438896200001636,,461.0
"আমার বয়স ২৬ বছর এবং প্রথম প্রেগনেন্সি । গত ১৪ ই মে ২০২০ ডেলিভারি তারিখ ছিল । আজ ১৫ মে অর্থাৎ একদিন অতিক্রান্ত হলো । প্রসব হয়নি । প্রেগনেন্সি ৭ মাস থাকাকালে এই ডেলিভারি তারিখ পেয়ছি । ডাক্তারের সর্বশেষ পরামর্শ নিয়েছি ফেব্রুয়ারি মাসে । ভিতরে বাচ্চার নড়াচড়া অনুভূত হয় । এখন পর্যন্ত কোন ব্যথা নেই । করোনাভাইরাস প্রাদুর্ভাবের কারণে চেম্বার বন্ধ থাকায় ঐ ডাক্তার ( গাইনোকোলজিস্ট ) এর পরামর্শ নিতে পারছি না । স্থানীয় হাসপাতাল ও করোনার কারণে লকডাউন । এখন কয়দিন পর্যন্ত অপেক্ষা করতে পারি , পরামর্শ দিলে উপকৃত হবো",O O B-Age I-Age O O B-Health_Condition O O O O O O B-Medical_Procedure O O O O O O O O O O O B-Symptom I-Symptom O B-Health_Condition O O O O B-Medical_Procedure O O O O O O O O O O O O O O O O O O O B-Symptom O O O O O O O O O O O B-Specialist O O O O O O O O O O O O O O O O O O O O O O O O O,O O O O O O O O O O O O O O O O O O O O O O O O O O O O O O O O O O O O O O O O O O O O O O O O O O O O O O O O O O O O O O O O O O O O O O O O O O O O O O O O O O O O O O O O O O O,Health Condition,6.925651111999969,,462.0
আপনাকে ধন্যবাদ প্রশ্ন করার জন্য । আপনার আপুকে একজন মেডিসিন বিশেষজ্ঞ কে দ্রুত দেখান । আপনার আপুর যক্ষা বা অন্য কোনো ক্রনিক রোগ হতে পারে । ধন্যবাদ,O O O O O O O O O B-Specialist I-Specialist O O O O O O B-Health_Condition O O O O O O O O O,O O O O O O O O O O O O O O O O O O O O O O O O O O O,Specialist,4.242009026000005,,463.0
"age 18 , pregnant 8 mas running kono doctor dekayni , akon maja betha kore . ki koro nio , ar baki ki step adapt korle bacca abong ma dujon sostho sababik thakbe kindly jodi bolten mam ? ",O B-Age O B-Health_Condition O O O O O O O O B-Symptom I-Symptom O O O O O O O O O O O O O O O O O O O O O O O O,O O O O O O O O O O O O O O O O O O O O O O O O O O O O O O O O O O O O O O,Age,3.649468583000044,,464.0
জর কত মেপে বলবেন ? ধন্যবাদ । ,B-Symptom O O O O O O,O O O O O O O,Symptom,1.9027050899999267,,465.0
আপনাকে ধন্যবাদ প্রশ্ন করার জন্য । আপনার সমস্যা গুরুতর যা প্রাথমিক চিকিৎসা তে ভাল হবে না । একজন মেডিসিন বিশেষজ্ঞ ডাক্তার কে দেখিয়ে চিকিৎসা নিন । ধন্যবাদ । ,O O O O O O O O O O O O O O O O O O B-Specialist I-Specialist I-Specialist O O O O O O O,O O O O O O O O O O O O O O O O O O O O O O O O O O O O,Specialist,3.143251848999853,,466.0
Thanks for your question . maintain social distance . do not go outside . eat nutritious food . your regular supplement will help you to boost your immunity . thanks,O O O O O O O O O O O O O O O O O O O O O O O O O O O O O O,O O O O O O O O O O O O O O O O O O O O O O O O O O O O O O,,4.3297038640000665,,467.0
আমার বয়স ২০ ওজন ৪০থেকে ৪৩ মানে কিছুদিন পর পর বাড়ে আর কমে ৷ বয়সের তুলনায় আমার ওজন কি ঠিক আছে ? ? ? কিনবা আর একটু healthy হতে চাইলে কি কি পদ্ধতি গ্রহন করা যেতে ? পারে দয়া করে জানাবেন . ,O O B-Age O O O O O O O O O O O O O O O O O O O O O O O O O O O O O O O O O O O O O O O,O O O O O O O O O O O O O O O O O O O O O O O O O O O O O O O O O O O O O O O O O O,Age,6.231696081000109,,468.0
ডাক্তার ভাই কে প্রশ্ন করার জন্য ধন্যবাদ । জর কত মেপে বলেন ? ধন্যবাদ । ,O O O O O O O O B-Symptom O O O O O O,O O O O O O O O B-Symptom O O O O O O,Symptom,0.4628872399998727,,469.0
ডাক্তার ভাই কে প্রশ্ন করার জন্য ধন্যবাদ । । বাবুর বুক পরীক্ষা না করে চিকিৎসা দেয়া সম্ভব হচ্ছে না । । আপনি হাসপাতাল এ গিয়ে সরাসরি ডাক্তার এর সাথে যোগাযোগ করেন । । এবং একজন শিশু বিশেষজ্ঞ এর পরামর্শ নিবেন । । ধন্যবাদ । । ,O O O O O O O O O O O O O O O O O O O O O O O O O O O O O O O O O O O B-Specialist I-Specialist O O O O O O O O,O O O O O O O O O O O O O O O O O O O O O O O O O O O O O O O O O O O O O O O O O O O O O,Specialist,4.150258215000122,,470.0
"ডাক্তার ভাই কে প্রশ্ন করার জন্য ধন্যবাদ । একজন প্রাপ্ত বয়স্ক দৈনিক 55 % carbohydrate , 25 % protein , 20 % fat গ্রহন করতে পারে । ধন্যবাদ । ",O O O O O O O O O O O O O O O O O O O O O O O O O O O O O,O O O O O O O O B-Age I-Age I-Age O B-Dosage I-Dosage O O B-Dosage I-Dosage O O B-Dosage I-Dosage O O O O O O O,,1.8792852450001192,,471.0
আমার যখন প্রসাব আসে তখন সাথে সাথে প্রসাব করতে হয় । এবং প্রসাব আটকানোর কোনো উপায় থাকে না । খুব ঘন ঘন প্রসাব হয়,O O O O O B-Symptom I-Symptom I-Symptom I-Symptom I-Symptom O O B-Symptom I-Symptom I-Symptom I-Symptom I-Symptom I-Symptom O O B-Symptom I-Symptom I-Symptom O,O O O O O O O O O O O O O O O O O O O O O O O O,Symptom,3.720778361999919,,472.0
ডাক্তার ভাইকে প্রশ্ন করার জন্য ধন্যবাদ । Hydrocort 1 % আক্রান্ত স্থানে লাগাতে পারেন দিনে দুই থেকে তিন বেলা পাচ থেকে সাত দিন । এছাড়া চুলকানি থাকলে Tab Deslor 5mg দৈনিক একটা করে খেতে পারেন তিন থেকে পাঁচ দিন । ধন্যবাদ,O O O O O O O B-Health_Condition I-Health_Condition I-Health_Condition I-Health_Condition O O O O B-Dosage I-Dosage I-Dosage I-Dosage I-Dosage I-Dosage I-Dosage I-Dosage O O B-Symptom O B-Medicine I-Medicine I-Medicine B-Dosage I-Dosage I-Dosage I-Dosage I-Dosage I-Dosage I-Dosage I-Dosage I-Dosage O O,O O O O O O O O O O O O O O O O O O O O O O O O O O O O O O O O O O O O O O O O O,Dosage,3.708728603000054,,473.0
"2015 সাল থেকে আমার বাবা ক্যান্সার রোগে আক্রান্ত রেডিও থেরাপি দেওয়া হয়েছে কেমোথেরাপি দেওয়া হয়েছে এখন ডক্টর বলছেন সার্জারি করার জন্য কারণ কেমোথেরাপি আর কোন কাজ হচ্ছে না আমার প্রশ্ন হল যেহেতু আমার বাবার গলায় ভোকাল কর্ডে সমস্যা , সার্জারি করা প্রয়োজন . বাংলাদেশের নাক কান গলা বিশেষজ্ঞ সার্জন ডাক্তার ও হাসপাতাল ভালো হবে এই চিকিৎসার জন্য জানাবেন দয়া করে",O O O O O B-Health_Condition O O B-Medical_Procedure I-Medical_Procedure O O B-Medical_Procedure O O O O O O O O O B-Medical_Procedure O O O O O O O O O O O B-Symptom I-Symptom I-Symptom I-Symptom O B-Medical_Procedure O O O O B-Specialist I-Specialist I-Specialist I-Specialist O O O O O O O O O O O O,O O O O O B-Health_Condition I-Health_Condition O B-Medical_Procedure I-Medical_Procedure O O B-Medical_Procedure O O O B-Specialist O B-Medical_Procedure O O O B-Medical_Procedure O O O O O O O O O O O O B-Symptom I-Symptom I-Symptom I-Symptom O B-Medical_Procedure O O O O B-Specialist I-Specialist I-Specialist I-Specialist I-Specialist I-Specialist I-Specialist O O O O O O O O,Medical Procedure,26.234994611000047,,474.0
ডাক্তার ভাইকে প্রশ্ন করার জন্য ধন্যবাদ । আপনি একজন চক্ষু বিশেষজ্ঞের পরামর্শ নিন । ধন্যবাদ । ,O O O O O O O O O B-Specialist I-Specialist O O O O O,O O O O O O O O O O O O O O O O,Specialist,2.935027730999991,,475.0
Thank you for your question Please consult with that doctor . He knows which operation had been done and what is the condition of the patient . Thank you,O O O O O O O O O O O O O O O O O O O O O O O O O O O O O,O O O O O O O O O O O O O O O O O O O O O O O O O O O O O,,3.229982109000048,,476.0
ডাক্তার ভাই কে প্রশ্ন করার জন্য ধন্যবাদ । চোখের বেপার তো । দেখতে হবে । ধন্যবাদ । ,O O O O O O O O O O O O O O O O O,O O O O O O O O B-Symptom I-Symptom O O O O O O O,,2.105884721999928,,477.0
Urine infaction . ki antibiotic khabo ? ? ,B-Symptom I-Symptom O O O O O O,B-Health_Condition I-Health_Condition O O B-Medicine O O O,Symptom,1.8338757030001036,,478.0
1 . Tab . Flexi 100 mg - - 1 + 0 + 1 - - after meal ( if pain ) for 3 days . 2 . Tab . Esonix 20 mg - - 1 + 0 + 1 - - before meal for 3 days . It may help you . Thanks . ,O O B-Medicine I-Medicine I-Medicine I-Medicine I-Medicine O O B-Dosage I-Dosage I-Dosage I-Dosage I-Dosage I-Dosage I-Dosage I-Dosage I-Dosage O O O O O O O O O O B-Medicine I-Medicine I-Medicine I-Medicine I-Medicine O O B-Dosage I-Dosage I-Dosage I-Dosage I-Dosage I-Dosage I-Dosage I-Dosage I-Dosage O O O O O O O O O O O,O O O O O O O O O O O O O O O O O O O O O O O O O O O O O O O O O O O O O O O O O O O O O O O O O O O O O O O,Medicine,6.105133893000129,,479.0
ভালো অর্থোপেডিক ডাক্তার দেখিয়াছি । কিন্তু কাজ হয়নি । তারপর শেখ মজিবর মেডিকেল এ অর্থোপেডিক ডাক্তার দেখিয়াছি । তাও কাজ হয়নি । প্লিজ একটু হেল্প করলে ভীষন উপকৃত হতাম,O B-Specialist I-Specialist O O O O O O O O O O O B-Specialist I-Specialist O O O O O O O O O O O O O,O B-Specialist I-Specialist O O O O O O O O O O O B-Specialist I-Specialist O O O O O O O O O O O O O,Specialist,5.679988962999914,,480.0
"স্যার আমার ৩ সপ্তাহ আগে হারপিস জোস্টার হয়েছিল , প্রথম অবস্থায় পেটের বাম দিকে কিছু ফোসকা উঠেছিল লোকাল ডাক্তার দেখালে উনি বাইরাক্স টেবলট এবং বাইরাক্স ক্রিম ব্যাবহার করতে বলেন , এখন ঐ ওষুধ প্রয়োগ করে ফোসকা চলে গেছে কিন্তু চামড়ার ব্যাথা ও জ্বালাপোড়া কমতেছেনা । এই অবস্থায় কি করণীয় ? ",O O O O O B-Health_Condition I-Health_Condition O O O O B-Symptom I-Symptom I-Symptom I-Symptom I-Symptom O O O O O B-Medicine I-Medicine O B-Medicine I-Medicine O O O O O O O O O B-Symptom O O O B-Symptom I-Symptom I-Symptom I-Symptom O O O O O O O,O O B-Age I-Age O B-Health_Condition I-Health_Condition O O O O O O O O B-Symptom O O B-Specialist O O B-Medicine I-Medicine O B-Medicine I-Medicine O O O O O O O O O O B-Symptom O O O O O B-Symptom O B-Symptom O O O O O,Symptom,2.865431183999817,,481.0
ডাক্তার ভাইতে প্রশ্ন করার জন্যে আপনাকে ধন্যবাদ । না দেখে আসলে ঠিকভাবে বলা পসিবল না । আপনি একজন গাইনী বিশেষজ্ঞ চিকিৎসক কে দেখিয়ে পরামর্শ নিন । ,O O O O O O O O O O O O O O O O O O B-Specialist I-Specialist I-Specialist O O O O O,O O O O O O O O O O O O O O O O O O B-Specialist I-Specialist I-Specialist O O O O O,Specialist,0.8524075469999843,,482.0
আসসালামু আলাইকুম স্যার আমার স্ত্রীর গর্ভাবস্থায় ৯ মাস চলছে এখন খাবার খেলে বমি হচ্ছে এর প্রতিকার কি ? আমার স্ত্রীর বয়স ২০ বছর এটা আমাদের প্রথম বাচ্চা । ,O O O O O B-Health_Condition I-Health_Condition I-Health_Condition O O O O B-Symptom O O O O O O O O B-Age I-Age O O O O O,O O O O O O O O O O O O B-Symptom I-Symptom O O O O O O B-Age I-Age O O O O O O,Health Condition,16.829272188000004,,483.0
what are the benefits for spouse . will she get all benefits like me,O O O O O O O O O O O O O O,O O O O O O O O O O O O O O,,2.3399018329998853,,484.0
"আমার হাটুর নিচ থেকে কামড়ায় , পায়ের তলায় টনটন করে । বিশেষ করে সকালে ঘুম থেকে উঠে হাটার সময় পায়ের তলায় টনটন করে । কি করতে পারি পরামর্শ দিলে উপকৃত হবো । ",O B-Symptom I-Symptom I-Symptom I-Symptom O B-Symptom I-Symptom I-Symptom I-Symptom O O O O O O O O O B-Symptom I-Symptom I-Symptom I-Symptom O O O O O O O O O,O B-Symptom I-Symptom I-Symptom I-Symptom O B-Symptom I-Symptom I-Symptom I-Symptom O O O O O O O O O B-Symptom I-Symptom I-Symptom I-Symptom O O O O O O O O O,Symptom,1.0645740479999404,,485.0
meglu 500 eta kiser osudh r ki kaj kore ? ? ? ? ,B-Medicine I-Medicine O O O O O O O O O O O,B-Medicine B-Dosage O O O O O O O O O O O,Medicine,1.3842230959999142,,486.0
আপনাকে ধন্যবাদ প্রশ্ন করার জন্য । আপনি হাটুতে ব্যাথা পেয়ে থাকলে এক্স রে করাতে হবে । ব্যাথা কমার জন্য প্যারাসিটামল একটা বা দুইটা খেতে পারেন । গরম পানির সেক দিন ৷ একজন অর্থপেডিক্স ডাক্তারের পরামর্শ নিন । ধন্যবাদ,O O O O O O O O O O O B-Medical_Procedure I-Medical_Procedure O O O O O O B-Medicine O O O O O O O O O O O O B-Specialist I-Specialist O O O O,O O O O O O O O B-Symptom O O B-Medical_Procedure I-Medical_Procedure O O O B-Symptom O O B-Medicine B-Dosage O I-Dosage O O O O O B-Medical_Procedure O O O B-Specialist I-Specialist O O O O,Medical Procedure,2.010575720999896,,487.0
"আপনাকে ধন্যবাদ প্রশ্ন করার জন্য । আপনি জ্বরের জন্য ট্যাবলেট নাপা ৫০০ মিলিগ্রাম দুইটা করে তিন বেলা খান । পানি বেশি করে পান করুন । পাতলা পায়খানার জন্য কাঁচ কলা , জাউ ভাত খান । ওরস্যালাইন খান । ধন্যবাদ । ",O O O O O O O B-Symptom O B-Medicine I-Medicine I-Medicine I-Medicine B-Dosage I-Dosage I-Dosage I-Dosage O O O O O O O O B-Symptom I-Symptom O O O O O O O O B-Medicine O O O O,O O O O O O O B-Symptom O O B-Medicine I-Medicine B-Dosage I-Dosage B-Dosage O B-Dosage I-Dosage O O O O O O O O B-Symptom I-Symptom O O O O O O O O B-Medicine O O O,Symptom,3.2389223739999125,,488.0
আমার মা হাড়ের ব্যাথা নিয়ে ভুগতেছে । প্রতি জয়েন্টে জয়েন্টে ব্যাথা । এখন করনীয় কি ? ,O O B-Symptom I-Symptom I-Symptom I-Symptom O O B-Symptom I-Symptom I-Symptom O O O O O,O O B-Symptom I-Symptom O O O O B-Symptom I-Symptom I-Symptom O O O O O,Symptom,1.6417993439999918,,489.0
"আসসালামুয়ালাইকুম "" প্রিয় ডাক্তার আমার পেটের ডান সাইডে হাড়ের নিচে একটু একটু ব্যাথা হয় এটা কি গ্যাস জনিত কোন ব্যাথা ? ? ",O O O O O B-Symptom I-Symptom I-Symptom I-Symptom I-Symptom I-Symptom I-Symptom I-Symptom I-Symptom O O B-Symptom I-Symptom I-Symptom I-Symptom O O,O O O B-Specialist O B-Symptom I-Symptom I-Symptom I-Symptom I-Symptom O O I-Symptom O O O B-Health_Condition I-Health_Condition O B-Symptom O O,Symptom,3.9644411899998886,,490.0
"আজ সকাল থেকে ঘাড়ের ডান পাশে এবং পিঠে হাতের জয়েন্টের জায়গায় প্রচুর ব্যাথা , ঘাড় ঘোরাতেও অনেক সমস্যা হচ্ছে । একটা ন্যাপ্রোক্সেন প্লাস খেয়েছি কিন্তু একটুও ব্যাথা কমেনি । এখন কি করতে পারি ? ",O O O B-Symptom I-Symptom I-Symptom I-Symptom I-Symptom I-Symptom I-Symptom I-Symptom I-Symptom I-Symptom O B-Symptom I-Symptom I-Symptom I-Symptom O O O B-Medicine I-Medicine O B-Symptom I-Symptom I-Symptom I-Symptom O O O O O O,O O O B-Symptom I-Symptom I-Symptom O I-Symptom I-Symptom I-Symptom I-Symptom O I-Symptom O B-Symptom I-Symptom O I-Symptom I-Symptom O O B-Medicine I-Medicine O O O B-Symptom O O O O O O O,Symptom,2.275682177000135,,491.0
আপনাকে ধন্যবাদ প্রশ্ন করার জন্য । আপনি একজন গাইনি ডাক্তার কে দেখান । প্রেগন্যান্সির অবস্থায় বেশি ঔষধ খাওয়া যায় না । ধন্যবাদ,O O O O O O O O B-Specialist I-Specialist O O O B-Health_Condition O O O O O O O O,O O O O O O O O B-Specialist I-Specialist O O O B-Health_Condition I-Health_Condition O B-Medicine O O O O O,Specialist,5.887990870000067,,492.0
ডান হাতে কবজি রগ কেটে জায় আঙ্গুল গুলি ভাল কাজ হয় না । ,B-Symptom I-Symptom I-Symptom I-Symptom I-Symptom I-Symptom B-Symptom I-Symptom I-Symptom I-Symptom I-Symptom I-Symptom O,O O O O O O O O O O O O O,Symptom,2.0490611800000806,,493.0
ডাক্তার ভাইতে প্রশ্ন করার জন্যে আপনাকে ধন্যবাদ । আপনি tab - rolac 10 mg 1 + 0 + 1 ব্যাথার জন্যে ভরা পেটে খাবে । । খাবার আগে cap - maxpro 20 mg 1 + 0 + 1 কহায়ে নিবেন । । । যে কোনো হসপিটালের ইমার্জেন্সি তে দেখাতে পারেন । ,O O O O O O O O O B-Medicine I-Medicine I-Medicine I-Medicine I-Medicine B-Dosage I-Dosage I-Dosage I-Dosage I-Dosage I-Dosage I-Dosage I-Dosage I-Dosage I-Dosage O O O O B-Medicine I-Medicine I-Medicine I-Medicine I-Medicine B-Dosage I-Dosage I-Dosage I-Dosage I-Dosage O O O O O O O O O O O O O,O O O O O O O O O B-Medicine I-Medicine I-Medicine B-Dosage I-Dosage B-Dosage I-Dosage I-Dosage I-Dosage B-Symptom O O O O O O O O B-Medicine I-Medicine I-Medicine B-Dosage I-Dosage B-Dosage I-Dosage I-Dosage I-Dosage O O O O O O O B-Medical_Procedure O O O O O O O,Medicine,7.097121837000032,,494.0
ডায়েট করা ভাল সিদ্ধান্ত না এই ক্ষেত্রে । ধন্যবাদ । ,O O O O O O O O O O,O O O O O O O O O O,,4.742382382000187,,495.0
আপনাকে ধন্যবাদ প্রশ্ন করার জন্য । আপনি ট্যাবলেট নাপা এক্সটেন্ড ৬৬৫ মিলিগ্রাম একটা করে দুই বেলা খান । বিশ্রাম নিন । ধন্যবাদ । ,O O O O O O O B-Medicine I-Medicine I-Medicine I-Medicine I-Medicine B-Dosage I-Dosage I-Dosage I-Dosage O O O O O O O,O O O O O O O O B-Medicine I-Medicine B-Dosage I-Dosage O O O O O O O O O O O,Medicine,2.2112966170000163,,496.0
আপনাকে ধন্যবাদ প্রশ্ন করার জন্য । চোখে ঠান্ডা পানির সেক দিন । ভাল না হলে চোখের ডাক্তার কে দেখিয়ে নিন । ধন্যবাদ । ,O O O O O O O O O O O O O O O B-Specialist I-Specialist O O O O O O,O O O O O O B-Symptom I-Symptom I-Symptom B-Medical_Procedure O O O O O B-Symptom B-Specialist O O O O O O,Specialist,0.8676673319998827,,497.0
কয়েকদিন ধরে জ্বর না কমায় কোভিড টেস্ট করালে আমার পজিটিভ আসে । কাশি এবং শরীর অনেক দুরবল । খাওয়ার কোন রুচি নেই । এখন আমার কি করা উচিত ? ,O O O O O B-Medical_Procedure I-Medical_Procedure O O O O O B-Symptom O B-Symptom I-Symptom I-Symptom O O O B-Symptom I-Symptom O O O O O O O,O O O O O O O O O O O O O O O O O O O O O O O O O O O O O,Symptom,5.247343310000133,,498.0
আমার covid - 19 . পজেটিভ আসছে ! জ্বর নায় কাশি আছে শুধু ! এখন কি ঔষধ খাইতে হবে ? ,O B-Health_Condition I-Health_Condition I-Health_Condition I-Health_Condition I-Health_Condition O O B-Symptom I-Symptom B-Symptom I-Symptom I-Symptom O O O O O O O,O O O O O O O O O O O O O O O O O O O O,Symptom,3.5341496109999757,,499.0
"আমার পায়ের হাটুর নিচের মাংস পেশীর ভিতর প্রচুর ব্যাথা করে এবং হাটুর ভিতর কেমন খালি খালি লাগে । হাটুর ভিতর সমস্যা তেমন একটা না কিন্তু মাংস পেশীর ব্যথা অনেক বেশি । শুয়ে থাকলে আরো বেশি ব্যথা অনুভূত হয় । আমি ভিটামিন ডি + ক্যালসিয়াম , ভিটামিন বি১ , ৬ , ১২ কম্পলেক্স ও বিভিন্ন ব্যথার ওষুধ খেয়েছি কিন্তু ব্যথা কমেনা । কিছুদিন থেকে হাটতে গেলে পেশিতে কেমন টান লাগে , ঠিক ভাবে হাটতে পারিনা । এমতাবস্থায় আমি কি করতে পারি প্লিজ হেল্প । ",O B-Symptom I-Symptom I-Symptom I-Symptom I-Symptom I-Symptom I-Symptom I-Symptom O O B-Symptom I-Symptom I-Symptom I-Symptom I-Symptom I-Symptom O O O O O O O O B-Symptom I-Symptom I-Symptom O O O O O O B-Symptom I-Symptom I-Symptom O O O B-Medicine I-Medicine I-Medicine I-Medicine I-Medicine I-Medicine I-Medicine I-Medicine I-Medicine I-Medicine I-Medicine I-Medicine I-Medicine I-Medicine I-Medicine I-Medicine O O O O O O O B-Symptom I-Symptom I-Symptom I-Symptom I-Symptom O O O O O O O O O O O O O O O,O O O O O O O O O O O O O O O O O O O O O O O O O O O O O O O O O O O O O O O O O O O O O O O O O O O O O O O O O O O O O O O O O O O O O O O O O O O O O O O O O O O,Symptom,12.57842096399986,,500.0
আমার আম্মুর হার্ট এ মোডারেট ব্লকেজ আছে । এখন ওনার ডায়রিয়া হয়েছে । অনেক দুর্বল লাগতেছে ওনার । এখন কি ধরনের খাবার খেতে পারবে ওনি ? ,O O B-Health_Condition I-Health_Condition I-Health_Condition I-Health_Condition O O O O B-Health_Condition O O O B-Symptom I-Symptom O O O O O O O O O O,O O B-Health_Condition O O I-Health_Condition O O O O B-Symptom O O O B-Symptom O O O O O O O O O O O,Health Condition,4.540163046000089,,501.0
"ধন্যবাদ প্রশ্নের জন্য । এন্টিবায়োটিক চলাকালীন সময়ে মাল্টিভিটামিন ট্যাবলেট , বিশেষ করে ভিটামিন সি খেলে আপনি দুর্বলতা অনুভব করবেন না , পাশাপাশি প্রচুর পানি পানকরুন । ভাল থাকুন । ",O O O O B-Medicine O O B-Medicine I-Medicine O O O B-Medicine I-Medicine O O B-Symptom O O O O O O O O O O O O,O O O O O O O O O O O O O O O O O O O O O O O O O O O O O,Medicine,2.7623339520000627,,502.0
I am feeling light pointy chest pain on left side which comes and goes from yesterday . Its not stable pain . But it is more like beeping . Had done ecg few days back & report was normal . Checked pressure today its 102 / 68 . I take neotack 150 at night . Can you please advise what could be the possible reason ? ,O O O B-Symptom I-Symptom I-Symptom I-Symptom I-Symptom I-Symptom I-Symptom I-Symptom I-Symptom I-Symptom I-Symptom I-Symptom I-Symptom O B-Symptom I-Symptom I-Symptom I-Symptom I-Symptom I-Symptom I-Symptom I-Symptom I-Symptom I-Symptom I-Symptom I-Symptom O O B-Medical_Procedure O O O O O O O O O O O O O O O O O O O O O O O O O O O O O O O O O O,O O O O O O O O O O O O O O O O O O O O O O O O O O O O O O O O O O O O O O O O O O O O O O O O O O O O O O O O O O O O O O O O O O,Symptom,10.209263336000047,,503.0
ডাক্তার ভাই কে প্রশ্ন করার জন্য ধন্যবাদ | আপনি উরগেন্ত ECG করাই ফেলেন এবং BLOOD PRESSURE ছেচক করবেন । নিকত হস্পিতাল এ পারলে যোগাযোগ করুন । ধন্যবাদ । ,O O O O O O O O O O B-Medical_Procedure O O O O O O O O O O O O O O O O O,O O O O O O O O O O O O O O O O O O O O O O O O O O O O,Medical Procedure,3.2259966399999485,,504.0
আমার গতকাল হতে জ্বর এবং প্রচন্ড শরীর ব্যথা এক্ষেত্রে আমার করনীয় কি,O O O B-Symptom O O B-Symptom I-Symptom O O O O,O O O B-Symptom O O B-Symptom I-Symptom O O O O,Symptom,4.84797775800007,,505.0
ডাক্তার ভাইতে প্রশ্ন করার জন্যে আপনাকে ধন্যবাদ । নিকটতম হাসপাতালে অথবা গাইনি বিশেষজ্ঞ চিকিৎসক এর চেম্বারে যোগাযোগ করবেন । । । বমির জন্য tab - emistat 8 mg 1 + 1 + 1 বমি হলে দিতে পারেন । । । ,O O O O O O O O O O O B-Specialist I-Specialist O O O O O O O O O O B-Medicine I-Medicine I-Medicine I-Medicine I-Medicine B-Dosage I-Dosage I-Dosage I-Dosage I-Dosage I-Dosage I-Dosage I-Dosage O O O O,O O O O O O O O O O O O O O O O O O O O O O O O O O O O O O O O O O O O O O O O,Specialist,3.3077258520002037,,506.0
Thank you for your question Do a CBC test and dengue NS 1 ag test . Take tab . Napa 1 + 1 + 1 for 3days . Drink sufficient liquid . Take lemon ginger tea . If fever persist then antibiotic will be required,O O O O O O O B-Medical_Procedure I-Medical_Procedure O B-Medical_Procedure I-Medical_Procedure I-Medical_Procedure I-Medical_Procedure I-Medical_Procedure O O B-Medicine I-Medicine I-Medicine B-Dosage I-Dosage I-Dosage I-Dosage I-Dosage O O O O O O O O O O O O O O O O O O O O,O O O O O O O B-Medical_Procedure I-Medical_Procedure O B-Health_Condition I-Health_Condition I-Health_Condition I-Health_Condition I-Health_Condition O O O O B-Medicine B-Dosage O B-Dosage O B-Dosage O B-Dosage O O O O O O O O O O B-Symptom O O B-Medicine O O O O,Medical Procedure,4.578451184999949,,507.0
ডাক্তার ভাইকে প্রশ্ন করার জন্য ধন্যবাদ । Tab Naproxen 500 একটি করে ট্যাবলেট সকালে ও রাতে পাঁচদিন খাবেন । Tab Myolax 50 একটি করে ট্যাবলেট তিনবেলা তিন দিন খাবেন । Tab Calbo - D ১ টি করে ট্যাবলেট একমাস খাবেন । Cap Maxpro 20 ১ করে ক্যাপসুল দুই বেলা খাবেন 14 দিন । হাঁটা চলাফেরা কম করবেন এবং প্রয়োজনে একজন অর্থোপেডিক্স ডাক্তারের পরামর্শ নেবেন । ধন্যবাদ । ,O O O O O O O B-Medicine I-Medicine I-Medicine B-Dosage I-Dosage I-Dosage I-Dosage I-Dosage I-Dosage I-Dosage O O B-Medicine I-Medicine I-Medicine B-Dosage I-Dosage I-Dosage I-Dosage I-Dosage I-Dosage O O B-Medicine I-Medicine I-Medicine I-Medicine B-Dosage I-Dosage I-Dosage I-Dosage I-Dosage O O B-Medicine I-Medicine I-Medicine B-Dosage I-Dosage I-Dosage I-Dosage I-Dosage I-Dosage I-Dosage I-Dosage O O O O O O O O B-Specialist I-Specialist O O O O O,O O O O O O O B-Medicine I-Medicine B-Dosage O O O O O O O O O B-Medicine I-Medicine B-Dosage O O O O O O O B-Medicine I-Medicine I-Medicine I-Medicine B-Dosage O O O O O O B-Medicine I-Medicine B-Dosage O O O O O O B-Dosage O O O O O O O O B-Specialist I-Specialist O O O O O O O,Medicine,3.414506199000016,,508.0
Amar pochondo Gola betha r dhok gilte parchina . ami kon medicine khabo,O B-Symptom I-Symptom I-Symptom O B-Symptom I-Symptom I-Symptom O O O O O,O O O O O O O O O O O O O,Symptom,3.5498102820001805,,509.0
ডাক্তার ভাই কে প্রশ্ন করার জন্য ধন্যবাদ । বাচ্চার বয়স কত এবং কালো দাগ কি ধরনের না জেনে না দেখে কোন Cream use করা যাবে না । তবে আপনি Calamine lotion লাগায়ে দিতে পারবেন । এতে আরাম পাবে এবং দাগ হালকা হয়ে যাবে । ধন্যবাদ,O O O O O O O O O O O O O O O O O O O O O O O O O O O O O B-Medicine I-Medicine O O O O O O O O O O O O O O,O O O O O O O O O O O O O O O O O O O O O O O O O O O O O O O O O O O O O O O O O O O O O,Medicine,5.233007168999848,,510.0
"ধন্যবাদ আপনাকে প্রশ্নের জন্য । পরিমিত খেতে হবে , হাটতে হবে , সাথে ওষুধ ও ইনসুলিন নিতে হবে । ধন্যবাদ",O O O O O O O O O O O O O O O O O O O O,O O O O O O O O O O O O O O O O O O O O,,2.480295063000085,,511.0
আমার বুকের ডান সাইডে হাড়ে ব্যাথা করে এবং চাপ দিলে ব্যাথা লাগে । দম বন্ধ বন্ধ লাগে । ,O B-Symptom I-Symptom I-Symptom I-Symptom I-Symptom I-Symptom I-Symptom I-Symptom I-Symptom I-Symptom I-Symptom O B-Symptom I-Symptom I-Symptom I-Symptom O,O B-Symptom O O O I-Symptom O O O O I-Symptom O O B-Symptom I-Symptom I-Symptom O O,Symptom,1.5104459250001128,,512.0
আমার মেয়ের বয়স 4মাস গত কয়েক দিন ধরে আমাশার মত পায়খানা করছে কোন ওষুধ খাওয়ানো হয়নি 2দিন আগে টিকা দিয়েছে দুই পায়ে দুইটা । আগে বুকের দুধ খাওয়ার রুচি খুব ছিলো কিন্ত গতকাল থেকে খেতে চাচ্ছে না করনিয় কি ? ,O O O B-Age O O O O B-Health_Condition B-Symptom I-Symptom I-Symptom O O O O O O O O O O O O O O O O O O O O B-Symptom I-Symptom I-Symptom I-Symptom I-Symptom O O O,O O O O O O O O O O O O O O O O O O O O O O O O O O O O O O O O O O O O O O O O,Symptom,3.525782088000142,,513.0
আমি অফিসে কাজের সময় মেরুদণ্ড বাকা করে বসে থাকি । মেরুদণ্ড সোজা রাখার জন্য Posture Correction belt ব্যবহার করার পরামর্শ দিলো একজন । এটা ব্যবহারে কি উপকার হবে ? এর ক্ষতিকর দিক কি ? পরামর্শ চাচ্ছি । ,O O O O B-Symptom I-Symptom I-Symptom I-Symptom I-Symptom O O O O O O O O O O O O O O O O O O O O O O O O O O O O,O O O O B-Health_Condition I-Health_Condition O O O O B-Health_Condition I-Health_Condition O O B-Medical_Procedure I-Medical_Procedure I-Medical_Procedure O O O O O O O O O O O O O O O O O O O O,Symptom,5.2017501130001165,,514.0
"স্যার , আমার স্ত্রীর বয়স ২১ , সাধারণ মিন্সের তারিখ পার হয়ে ৮ দিন হয়ে যাচ্ছে কিন্তু এখনো তার মিন্স হচ্ছে না । এ মাসের ১৫ তারিখে মিন্সের তারিখ ছিল , আমারা ৯ - ১০ তারিখে মিলন করি । সে কি তাহলে প্রেগন্যান্ট ? আমরা চাচ্ছিনা যে এখন বাচ্ছা নিতে । এক্ষেত্রে করনীয় কি ? । তার সবসয় মাথা খারাপ লাগে , ঘোম পায় , ক্লান্ত অনুভূতি হয় , খেতে মন চায় না । পূর্বএ তার কখনো মিন্স দেরিতে হয় নাই । এখন আমাদের করনীয় কি ? ধন্যবাদ । ",O O O O B-Age I-Age O O B-Health_Condition I-Health_Condition I-Health_Condition I-Health_Condition I-Health_Condition I-Health_Condition I-Health_Condition I-Health_Condition O B-Symptom I-Symptom I-Symptom I-Symptom I-Symptom O O O O O O O O O O O O O O O O O O O O B-Health_Condition O O O O O O O O O O O O O O B-Symptom I-Symptom I-Symptom I-Symptom O B-Symptom I-Symptom O B-Symptom I-Symptom I-Symptom O B-Symptom I-Symptom I-Symptom I-Symptom O O B-Health_Condition I-Health_Condition I-Health_Condition I-Health_Condition I-Health_Condition I-Health_Condition O O O O O O O O,O O O O O O O O O O O O O O O O O O O O O O O O O O O O O O O O O O O O O O O O O O O O O O O O O O O O O O O O O O O O O O O O O O O O O O O O O O O O O O O O O O O O O O O O O,Symptom,18.63565312699984,,515.0
"আপনাকে ধন্যবাদ প্রশ্ন করার জন্য । আপনি ভাত , আলু , রুটি , মিষ্টি কম খাবেন । প্রতিদিন আধা ঘন্টা ব্যায়াম করবেন । রাত জাগবেন না । একজন পুষ্টি বিশেষজ্ঞ কে দেখিয়ে নিতে পারেন । থাইরয়েড পরীক্ষা করিয়ে নিন । ধন্যবাদ । ",O O O O O O O O O O O O O O O O O O O O O O O O O O O O B-Specialist I-Specialist O O O O O B-Specialist I-Specialist O O O O O,O O O O O O O O O O O O O O O O O O O O O O O O O O B-Specialist I-Specialist O O O O O B-Medical_Procedure I-Medical_Procedure O O O O O O O,Specialist,14.601045982999947,,516.0
আমার প্রস্রাব হয় ঘন ঘন । এটার কারণ কি হতে পারে ? ? ? ,O B-Symptom I-Symptom I-Symptom I-Symptom O O O O O O O O O,O O O O O O O O O O O O O O,Symptom,2.310574093000014,,517.0
আসসালামুয়ালাইকুম আমার বয়স ২৫ বছর । অনেক দিন যাবৎ চুল পড়া সমস্যায় ভুগছি । গোড়া থেকে প্রচুর পরিমাণে চুল পড়ছে । স্থায়ি সমাধান কি ? ,O O O B-Age I-Age O O O O B-Symptom I-Symptom O O O O O B-Symptom I-Symptom I-Symptom I-Symptom O O O O O,O O O O O O O O O O O O O O O O O O O O O O O O O,Symptom,4.055730177000214,,518.0
"From yesterday I feel tailbone pain . This problem has never happened to me before . I ' m not sure if the source of the pain is in the bones or in the flesh . It hurts all the time , it hurts more when I sit down . I can ' t sleep at night . The pain is neither increasing nor decreasing . It makes me very uncomfortable . Even though I am lying on my back , the pain is more . I guess , Its coccyx . ( About myself . age 28 . Male . Father of a kid . In my office I work most of the time sitting in a chair ) ",O O O O B-Symptom I-Symptom O O O O O O O O O O O O O O O O O O O O O O O O O O O O O O O B-Symptom I-Symptom I-Symptom I-Symptom O O B-Symptom I-Symptom I-Symptom I-Symptom I-Symptom I-Symptom O O O O O O O O O O B-Symptom O O O O O O O O O O O O O O O O B-Symptom I-Symptom I-Symptom I-Symptom I-Symptom I-Symptom I-Symptom I-Symptom I-Symptom O O O O O O O O O O O O B-Age O O O O O O B-Medicine I-Medicine I-Medicine I-Medicine I-Medicine I-Medicine I-Medicine I-Medicine I-Medicine I-Medicine I-Medicine I-Medicine I-Medicine I-Medicine I-Medicine I-Medicine,O O O O O O O O O O O O O O O O O O O O O O O O O O O O O O O O O O O O O O O O O O O O O O O O O O O O O O O O O O O O O O O O O O O O O O O O O O O O O O O O O O O O O O O O O O O O O O O O O O O O O O O O O O O O O O O O O O O O O O O O,Symptom,10.130647724000028,,519.0
ডাক্তার ভাই কে প্রশ্ন করার জন্য ধন্যবাদ । Neuromedicine doctor দেখান । ধন্যবাদ । ,O O O O O O O O B-Specialist I-Specialist O O O O,O O O O O O O O B-Specialist I-Specialist O O O O,Specialist,1.164820655999847,,520.0
নাম < NAME > বয়স 24 . চার দিন যাবত জ্বর 100 থেকে 102 . প্যারাসিটামল খাইতেছে কিন্তু কমছে না . সাথে বমি হচ্ছে . ,O O O O O B-Age O B-Symptom I-Symptom I-Symptom I-Symptom I-Symptom I-Symptom I-Symptom O B-Medicine O O O O O B-Symptom I-Symptom I-Symptom O,O O O O O O O O O O O O O O O O O O O O O O O O O,Symptom,3.273067269999956,,521.0
আমার গায় সুদু চুলকা কি করবো ও কি খাবো ? ,O B-Symptom I-Symptom I-Symptom O O O O O O,O O O O O O O O O O,Symptom,2.1488741119999304,,522.0
"আমি নতুন ১মাস হলো গর্ভবতী , আজ ৩দিন যাবত সকালে বমি শুরু হয় আর পেট এর ভিতর ছিনছিন করে ব্যথা করে , , আর কিছু খেতে মন চাই না এর থেকে সমাধান",O O O O B-Health_Condition O O B-Symptom I-Symptom I-Symptom I-Symptom I-Symptom I-Symptom O B-Symptom I-Symptom I-Symptom I-Symptom I-Symptom I-Symptom O O O O B-Symptom I-Symptom I-Symptom I-Symptom I-Symptom O O O,O O O O O O O O O O O O O O O O O O O O O O O O O O O O O O O O,Symptom,3.5183609749999505,,523.0
"আমার শীতের শুরুতে শুধু সর্দি লেগেছে , এইযে নাক পরিষ্কার করি যেন পরিষ্কার ই হতে চায় না । এখন শুকিয়ে যাচ্ছে । সাদা রং এর সর্দি পাকে নাই । আবার একটা সি - ভিট ও খেয়েছিলাম । কি করতে পারি ? ",O O O O B-Symptom O O O O O O O O O O O O O O O O O O O O O O O O O O B-Medicine I-Medicine I-Medicine O O O O O O O,O O O O B-Symptom I-Symptom O O O O O O O O O O O O O O O O O O O B-Symptom O O O O O B-Medicine I-Medicine I-Medicine O O O O O O O,Symptom,4.7826206919999095,,524.0
বেশির ভাগ সময় মাথা ব্যাথা থাকে । ব্যাথা বেশি হলে মাঝে মধ্যে বমি হয় । এখন করনীয় কি । ,B-Symptom I-Symptom I-Symptom I-Symptom I-Symptom I-Symptom O B-Symptom I-Symptom I-Symptom I-Symptom I-Symptom I-Symptom I-Symptom O O O O O,O O O O O O O O O O O O O O O O O O O,Symptom,3.142972514000121,,525.0
"Assalamu Alaikum doctor amar babar age 60 up . uni diabetes and heart patients , numito medicine khai . basi kotha bola uner obbas . kisu din jabot onek basi katha bole . ak kotha ber ber bole . mara mari kore sobai birokto hoya jai . onek kotha bole , abar porono dener kotha ber ber bole . akto age jata korse seta bule jai . ki korte pari",O O O O O O B-Age I-Age O O B-Health_Condition O O O O O O O O O O O O O O O O O O O O O O O O O O O O O O O O O O O O O O O O O O O O O O O O B-Symptom I-Symptom I-Symptom I-Symptom I-Symptom I-Symptom I-Symptom O O O O,O O O O O O O O O O O O O O O O O O O O O O O O O O O O O O O O O O O O O O O O O O O O O O O O O O O O O O O O O O O O O O O O O O O O O O,Age,6.409954519999928,,526.0
"আমার বয়স ৩৭ , অবিবাহিত । আমার আজ প্রায় ৬ মাস যাবৎ পাতলা পায়খানা হচ্ছে । দিনে ১বার ই যাওয়া হয় মেক্সিমাম । মাঝে মাঝে পায়খানা পানির মতও হয় এবং কন্ট্রোল করতে পারিনা অনেক সময় । এছাড়া প্রস্রাব এর চাপও বেশি । আবার পানি কম খেলে প্রস্রাব হলুদ হয়ে যায় । এক্ষেত্রে কি করতে পারি",O O B-Age O O O O O O B-Symptom I-Symptom I-Symptom I-Symptom I-Symptom O O O O O O O O O O O B-Symptom I-Symptom I-Symptom O O O O O O O O O B-Symptom I-Symptom I-Symptom I-Symptom O O O O O B-Symptom I-Symptom O O O O O O O,O B-Age I-Age O O O O O O O O O B-Symptom I-Symptom O O O O O O O O O O O B-Symptom I-Symptom I-Symptom O O O O O O O O O B-Symptom I-Symptom I-Symptom O O O O O O O B-Symptom I-Symptom O O O O O O,Symptom,2.003272170999935,,527.0
আপনাকে ধন্যভাদ প্রশ্ন করার জন্য । প্রতিদিত আধা ঘন্টা করে জোর কদমে হাটলেই হয় । আপনার ৩ ঘন্টা যদি জোর কদমে হাটা পরে তাহলে আর প্রয়োজন নাই । ধন্যবাদ,O O O O O O O O O O O O O O O O O O O O O O O O O O O O O,O O O O O O O O O O O O O O O O O O O O O O O O O O O O O,,3.2650519040000745,,528.0
আপনাকে ধন্যবাদ প্রশ্ন করার জন্য । আরো বিস্তারিত তথ্য দরকার । প্রয়োজনে App এর Video Call এর সহায়তা নিতে পারেন । ধন্যবাদ । ,O O O O O O O O O O O O O O O O O O O O O O O,O O O O O O O O O O O O O O O O O O O O O O O,,1.4155202160000044,,529.0
ডাক্তার ভাইতে প্রশ্ন করার জন্যে আপনাকে ধন্যবাদ । আপনি চুলে কিছুদিন সিলেক্ট প্লাস শ্যাম্পু ব্যাবহার করতে পারেন । আর জেল ব্যবহার করা চুলের জন্যে ক্ষতিকর । আপনি জেল ব্যবহার না করে হেয়ার ক্রিম ব্যাবহার করতে পারেন । ,O O O O O O O O O O O O O O O O O O O O O O O O O O O O O O O O O O O O O,O O O O O O O O O O O O O O O O O O O O O O O O O O O O O O O O O O O O O,,8.65311791199997,,530.0
"আমার ছেলের বয়স ৩ বছর , সকাল থেকে তার খুস খুস কাশি হচ্ছে ৷ কি মেডিসিন দেব ? হাল্কা ঠান্ডা আছে কিন্তু সর্দি বের হচ্ছে না ৷ ",O O O B-Age O O B-Symptom I-Symptom I-Symptom I-Symptom I-Symptom I-Symptom I-Symptom O O O O O O O O O O O O O O,O O O O O O O O O O O O O O O O O O O O O O O O O O O,Age,2.9144566850000047,,531.0
This question is better be answered by an ENT Specialist . Thanks,O O O O O O O O B-Specialist I-Specialist O O,O O O O O O O O O O O O,Specialist,2.254634864999844,,532.0
আমার সিজারে বেবি হয়েছে ৫ দিন হয় । বর্তমানে আমার কাশি হয়েছে । আমি কাশি দিলে পেটে প্রচন্ড ব্যথা হয় । এমতাবস্থায় কি করতে পারি । ,O B-Health_Condition I-Health_Condition I-Health_Condition I-Health_Condition I-Health_Condition I-Health_Condition O O O B-Symptom O O O O O O O O O O O O O O O,O O O O O O O O O O O O O O O O O O O O O O O O O O,Health Condition,3.0266962299999705,,533.0
আমি অনেক চিকন ওজনও কম মোটা হওয়ার জন্য কি করব ? ,O B-Health_Condition I-Health_Condition B-Health_Condition I-Health_Condition O O O O O O,O O O O O O O O O O O,Health Condition,2.5777313940000117,,534.0
Assalamu Alaikum . Amar jodi kono private gari ta Huthi ba jodi hutbo ai kotha jani ar huthar poro amar bomoi bomoi vab ashe ar pata ar mathai osthir kore . Ta oi somoi ba aga ba pore ke korle ba ar kono jodi pernament Solution ase ? ,O O O O O O O O O O O O O O O O O O O O B-Symptom I-Symptom I-Symptom O O B-Symptom I-Symptom I-Symptom I-Symptom I-Symptom O O O O O O O O O O O O O O O O O O,O O O O O O O O O O O O O O O O O O O O O O O O O O O O O O O O O O O O O O O O O O O O O O O O,Symptom,9.57895511300012,,535.0
"Thank you for asking your question to daktarbhai . Ashole ata menstruation er regularity er upor depend kore . apnar menstruation jodi akdom regular hoy tahole . . Menstruation er 3din age ar menstruation er 3din por safe dhora hoy . # ) condom - je kono sexually transmitted disease , infection theke protect kore . Jodi possible hoy condom bebohar korar chesta korben . ",O O O O O O O O O O O O O O O O O O O O O O O O O O O O O O O O O O O O O O O O O O O O O O O B-Health_Condition I-Health_Condition I-Health_Condition O B-Health_Condition O O O O O O O O O O O O O,O O O O O O O B-Specialist O O O O O O O O O O O O O O O O O O O O O O B-Dosage O O O O B-Dosage O O O O O O O O O O O O B-Health_Condition I-Health_Condition I-Health_Condition O B-Health_Condition O O O O O O O O O O O O,Health Condition,44.486386263999975,,536.0
ডাক্তার ভাইকে প্রশ্ন করার জন্য ধন্যবাদ । আপনার বাবাকে আপনি একজন কলোরেক্টাল সার্জনকে দেখান । ধন্যবাদ । ,O O O O O O O O O O O B-Specialist I-Specialist O O O O,O O O O O O O O O O O O O O O O O,Specialist,2.9126209609999023,,537.0
আপনাকে ধন্যবাদ প্রশ্ন করার জন্য । চুল পড়ার অন্যতম কারন রাত জাগা । আপনি রাত জাগা বন্ধ করুন । আপনি সিলেক্ট প্লাস শেম্পু দিয়ে সপ্তাহে দুই বার শ্যাম্পু করুন । একজন চর্ম রোগের ডাক্তার কে দেখিয়ে নিন । ধন্যবাদ,O O O O O O B-Symptom I-Symptom O O O O O O O O O O O O B-Medicine I-Medicine I-Medicine O B-Dosage I-Dosage I-Dosage O O O O B-Specialist I-Specialist I-Specialist O O O O O,O O O O O O B-Symptom I-Symptom O O B-Symptom I-Symptom O O B-Symptom I-Symptom O O O O B-Medicine I-Medicine I-Medicine O O O O O O O O B-Health_Condition I-Health_Condition B-Specialist O O O O O,Symptom,2.983631956999943,,538.0
"Thanks for asking question . she can takevTab : Renova 500 mg - 1 + 1 + 1 - 7 days , after meal . thanks",O O O O O O O B-Medicine I-Medicine I-Medicine I-Medicine I-Medicine O B-Dosage I-Dosage I-Dosage I-Dosage I-Dosage O O O O B-Dosage I-Dosage O O,O O O O O O O O O B-Medicine B-Dosage I-Dosage O B-Dosage O B-Dosage O B-Dosage O B-Dosage I-Dosage O O O O O,Dosage,3.3108833890000824,,539.0
আসসালামু আলাইকুম । আমার বয়স ১৮ বছর । গত রাত থেকে আমার বুকে ব্যাথা । খুব বেশি যে তা না । বলে রাখা ভালো আমার গ্যাস্ট্রিকের প্রবলেম আছে । গতরাতে একটা কারণে প্রচন্ড টেনশনের মাঝে ছিলাম । ব্যাথাটাও তখন থেকেই শুরু হয়েছিলো । এমতাবস্থায় আমার করণীয় কী ? ! ব্যাথার জন্যে কি কোন ওষুধ আছে ? ! ,O O O O O B-Age I-Age O O O O O B-Symptom I-Symptom O O O O O O O O O O O B-Symptom I-Symptom O O O O O O O O O O O O O O O O O O O O O O O O O O B-Medicine O O O,O O O O O B-Age I-Age O O O O O O B-Symptom O O O O O O O O O O B-Health_Condition I-Health_Condition O O O O O O O O O O B-Symptom O O O O O O O O O O O O O O B-Medicine O O O O O,Symptom,6.105852225000035,,540.0
"Thanks for your question to daktar bhai . you can take Tab Ace 500 mg , of fever more than 100F . please take warm water , hot tea , and please do warm salt water gurgling . please do RT - PCR test for covid 19 . Thanks",O O O O O O O O O O O B-Medicine I-Medicine I-Medicine I-Medicine O O B-Symptom I-Symptom I-Symptom I-Symptom O O O O O O O O O O O O O O O O O O O B-Medical_Procedure I-Medical_Procedure I-Medical_Procedure I-Medical_Procedure I-Medical_Procedure I-Medical_Procedure I-Medical_Procedure O O,O O O O O O O O O O O O O O O O O O O O O O O O O O O O O O O O O O O O O O O O O O O O O O O O O,Medicine,4.452193910999995,,541.0
"I have pain in back bone , I need to work computer over 9 - 10 hour . it ' s my job . what I do now . I am 30 years old",O O B-Symptom I-Symptom I-Symptom I-Symptom I-Symptom I-Symptom I-Symptom I-Symptom I-Symptom I-Symptom I-Symptom I-Symptom I-Symptom I-Symptom I-Symptom O O O O O O O O O O O O O O B-Age I-Age O,O O B-Symptom O B-Symptom I-Symptom O O O O O O O B-Dosage O I-Dosage O O O O O O O O O O O O O O B-Age I-Age I-Age O,Symptom,3.384772372999805,,542.0
Assalamualikum . Dear daktar bhai amar age 39 . Aj sokale ghum theke uthe dekhi amar dui chokh lal hoe onek pichuni hochche . Sara din onek pichuni o chokhe pani eshe chokh jhapsha hoe jai . basay 5 month er twin girl baby ache . aj bikel theke tader akjoner chokh lal hoe ache . Please suggest me medicine for me & my child . ,O O O O O O O B-Age O O O O O O O O B-Symptom I-Symptom I-Symptom I-Symptom I-Symptom I-Symptom O O B-Symptom I-Symptom I-Symptom I-Symptom I-Symptom I-Symptom I-Symptom I-Symptom I-Symptom I-Symptom O O O O O O O O O O O O O O O O O B-Symptom I-Symptom O O O O O O O O O O O O O,O O O B-Specialist O O B-Age I-Age O O O O O O O O O B-Symptom I-Symptom O O B-Symptom O O O O O B-Symptom O O O O O B-Symptom O O O O O O O O O O O O O O O O O B-Symptom I-Symptom O O O O O O B-Medicine O O O O O O,Symptom,6.173326796000083,,543.0
"নামঃ < NAME > , বয়সঃ ৫২ বছর । আমার ডায়বেটিস ও হাই পেসার আছে । এছাড়াও প্রস্টেড এর সমস্যা আছে । হঠাৎ করে আমার তল পেটে ব্যথা করছে । প্রসাবে মাঝে মাঝে জালা করে । আমি Uromax - D & Duopres 5 / 20 খাই । এখন আমি কী করতে পারি ? ",O O O O O O B-Age I-Age O O B-Health_Condition O B-Health_Condition I-Health_Condition O O O B-Health_Condition I-Health_Condition I-Health_Condition O O O O B-Symptom I-Symptom I-Symptom I-Symptom I-Symptom O B-Symptom I-Symptom I-Symptom I-Symptom I-Symptom O O B-Medicine I-Medicine I-Medicine O B-Medicine I-Medicine I-Medicine I-Medicine O O O O O O O O,O O O O O O B-Age I-Age O O B-Health_Condition O I-Health_Condition I-Health_Condition O O O B-Health_Condition O O O O O O O O O B-Symptom O O O O O O O O B-Symptom O O O B-Medicine I-Medicine I-Medicine O B-Medicine B-Dosage I-Dosage I-Dosage O O O O O,Health Condition,37.6569307960001,,544.0
আসসালামু আলাইকুম আমার প্রত্যেক গিরাই প্রচুর ব্যথা ডাক্তার ব্লাড টেস্ট করার পরে বলছে ইউরিক এসিড হয়েছে এখন এটা আমাকে কমানোর জন্য আমাকে কি করতে হবে কি খেতে পারব কিনা খেতে পারব যদি একটু বলতেন ভালো হতো এবং এটার কোন সাইড এফেক্ট আছে আমি কি পুকুরের সব মাছ খেতে পারব নদীর সব মাছ এবং ফল জাতীয় সব খাবার খেতে পারব সব সবজি খেতে পারব,O O O O B-Symptom I-Symptom I-Symptom O B-Medical_Procedure I-Medical_Procedure O O O B-Health_Condition I-Health_Condition O O O O O O O O O O O O O O O O O O O O O O O O O O O O O O O O O O O O O O O O O O O O O O O O,O O O O O O B-Symptom O B-Medical_Procedure I-Medical_Procedure O O O B-Health_Condition I-Health_Condition O O O O O O O O O O O O O O O O O O O O O O O O O O O O O O O O O O O O O O O O O O O O O O O O,Symptom,34.522975149000104,,545.0
ধন্যবাদ আপনাকে প্রশ্ন করার জন্য । খাওয়াতে পারেন । ধন্যবাদ,O O O O O O O O O O,O O O O O O O O O O,,1.5197176300000592,,546.0
জ্বর এর জন্য paracetamol 500mg আর গলা ব্যাথার জন্য xpa xr 665mg একসাথে একি বেলায় খাওয়া যাবে ? ,B-Symptom O O B-Medicine I-Medicine O B-Symptom I-Symptom O B-Medicine I-Medicine I-Medicine O O O O O O,O O O O O O O O O O O O O O O O O O,Symptom,3.3339331279998987,,547.0
"ডাক্তার ভাই কে প্রশ্ন করার জন্য ধন্যবাদ । Fungidal ointment আক্রান্ত স্থানে দিনে ২ বার লাগাবেন . . . ১মাস এবং syp , xyril ১ / ২ চামচ * শুধু রাতে . . . . ৭দিন । ",O O O O O O O O B-Medicine I-Medicine O O O B-Dosage I-Dosage O O O O O O B-Medicine I-Medicine I-Medicine B-Dosage I-Dosage I-Dosage I-Dosage O O O O O O O O O,B-Specialist O O O O O O O B-Medicine I-Medicine O O O B-Dosage I-Dosage O O O O B-Dosage O O O B-Medicine B-Dosage I-Dosage I-Dosage I-Dosage O O O O O O O B-Dosage O,Medicine,25.986002433000067,,548.0
Thanks for questioning daktarbhai . 5 days khete parben . Shathe ORS saline o khaben . Thanks,O O O O O O O O O O O B-Medicine I-Medicine O O O O,O O O O O O O O O O O O O O O O O,Medicine,2.180187703999991,,549.0
"পেটে প্রচুর পরিমাণে গ্যাস হয়েছে । কিছুক্ষণ পর পর বায়ু নির্গত হচ্ছে । সাথে পেট ব্যথা করছে । পায়খানা ক্লিয়ার হচ্ছে না । মনে হচ্ছে পেটে আরো পায়খানা আছে । ঘুম থেকে উঠার পর পেট জ্বালাপোড়া করেছে । প্রচুর পরিমাণে পানি খাচ্ছে তবুও কোন কাজ হচ্ছে না । ডাক্তার omiprazol , vitamin b / c , omidon , osmolax , hysomide prescriped করেছে । কিন্তু তারপরেও পেটে প্রচুর গ্যাস হচ্ছে । ঠিকমতো ঘুমাতে পারছিনা । খুবই অস্বস্তিতে আছি । দয়া করে এমন কিছু বলুন যাতে পেট থেকে গ্যাস দূর হয় । ",O O O B-Symptom O O O O O B-Symptom I-Symptom I-Symptom O O B-Symptom I-Symptom O O B-Symptom I-Symptom O O O O O O O B-Symptom I-Symptom O O O O O B-Symptom I-Symptom O O O O O O O O O O O O O B-Medicine O B-Medicine I-Medicine I-Medicine I-Medicine O B-Medicine O B-Medicine O B-Medicine I-Medicine O O O O B-Symptom I-Symptom I-Symptom O O O O O O O O O O O O O O O O O O O O O O,O O O B-Symptom O O O O O O O O O O B-Symptom I-Symptom O O O O O O O O O O O O O O O O O B-Symptom I-Symptom O O O O O O O O O O O O O B-Specialist O O B-Medicine I-Medicine I-Medicine I-Medicine O B-Medicine O B-Medicine O B-Medicine O O O O O O O O O O O O O O O O O B-Symptom O O O O O O O O O O O O,Symptom,39.76478052300013,,550.0
"গলায় ব্যাথা , কাশি । কথা বলতে ও কাশি দেওয়ার সময় খুব কষ্ট হয় । কী ওষধ খাব ? ",B-Symptom I-Symptom I-Symptom I-Symptom O B-Symptom I-Symptom I-Symptom I-Symptom I-Symptom I-Symptom I-Symptom I-Symptom I-Symptom O O O O O,B-Symptom I-Symptom O B-Symptom O O O O B-Symptom O O O B-Symptom O O O B-Medicine O O,Symptom,40.03166572800001,,551.0
"আমার বাচ্চার বয়স ৭মাস , ২ দিন যাবত ছাকা ছাকা পায়খানা করে দিনে ৫থেকে ৬ বার , স্যালাইন খাওয়াচ্ছি কমছে না করনীয় কি ? ",O O O B-Age O O O O B-Symptom I-Symptom I-Symptom O O O O O O B-Medicine O O O O O O,O O O B-Age O I-Age O O B-Symptom I-Symptom I-Symptom O O O O O O B-Medicine O O O O O O,Age,1.5800480699999753,,552.0
Consult with a plastic surgeon,O O O B-Specialist I-Specialist,O O O B-Specialist I-Specialist,Specialist,0.5955431009999756,,553.0
আমার সাথে যার বিয়ের কথা হচ্ছে তার কান দিয়ে রক্ত পরে আর প্রচুর ব্যথা করে । দুই বার ডাক্তার দেখাইছে । ভাল লাগছে আবার সেইম পানি আর ব্লাড যায় কিছুদিন পর । ডাক্তার বলেছেন এটা ঠান্ডা থেকে হয় । মেনথল দিয়ে গরম পানির ভাব আর গরম পানি খেলে একটু ভাল লাগে । এটা কি বড় কোন সমস্যা ? এর থেকে পরিত্রানের উপায় কি ? বয়স ২০ । ,O O O O O O O B-Symptom I-Symptom I-Symptom I-Symptom I-Symptom I-Symptom I-Symptom I-Symptom O O O O O O O O O O O O O O O O O O O O B-Symptom O O O B-Medicine O O O O O O O O O O O O O O O O O O O O O O O O O B-Age O,O O O O O O O O O O O O O O O O O O O O O O O O O O O O O O O O O O O O O O O O O O O O O O O O O O O O O O O O O O O O O O O O O O O,Symptom,103.55405289400004,,554.0
"ধন্যবাদ আপনাকে প্রশ্নের জন্য । সব ওষুধের সাইড এফেক্ট থাকে যদি দীর্ঘদিন ধরে খাওয়া হয় । আপনি সুষম খাবার খান । ধূমপান পরিহার করু । । ব্যায়াম করুন । প্রতিদিন দুধ , ডিম , বাদাম , শাক সব্জি , ফল্ মূল খাবেন । ৭ - ৮ ঘন্টা ঘুমাবেন । শারীরিক পরিশ্রম করবেন । ধন্যবাদ",O O O O O O O O O O O O O O O O O O O O O O O O O O O O O O O O O O O O O O O O O O O O O O O O O O O O O O,O O O O O O B-Medicine I-Medicine I-Medicine O O O O O O O O O O O O O O O O O O O O O O O O O O O O O O O O O B-Age O B-Age O O O O O O O O O,,2.684577992000186,,555.0
আমি খায়তে পারি না । এখন মুখের রুচি বারানোর জন্য কি করতে পারি । কা,O B-Symptom I-Symptom I-Symptom O O O O O O O O O O O,O O O O O O O O O O O O O O O,Symptom,18.108581133999905,,556.0
"প্রোটিন জাতীয় খাবার বেশি খাবেন , পর্যাপ্ত পরিমাণ পানি পান করবেন । দৈনিক ৬ - ৭ ঘন্টা ঘুমাবেন । নিচের পরীক্ষা করে যোগাযোগ করবেন - Serum Vit D ( OH ) Dr < NAME > Mbbs",O O O O O O O O O O O O O O O O O O O O O O O O O B-Medical_Procedure I-Medical_Procedure I-Medical_Procedure I-Medical_Procedure I-Medical_Procedure I-Medical_Procedure O O O O O,O O O O O O O O O O O O O O O O O O O O O O O O O O O O O O O O O O O O,Medical Procedure,4.4626326279999375,,557.0
ডাক্তারভাইকে প্রশ্ন করার জন্য ধন্যবাদ । বাইরে থেকে আসলে প্রথমত হাত পরিস্কার করে কেবল পানি দিয়ে চোখ পরিস্কার করতে হবে । চোখে ঘন ঘন পানির ঝাপটা দিতে হবে । লক্ষ্য রাখুন চোখে কখনও সরাসরি সাবান পানি যেন না লাগে । চোখ লাল ও চুলকানি আ্যালার্জীর লক্ষন হতে পারে । প্রাথমিকভাবে Eyedrop Tearfresh Liquigel ১ ফোঁটা করে ২ চোখে দিনে ২ বার করে ব্যবহার করুন । অবশ্যই দ্রুত সশরীরে গিয়ে চক্ষু বিশেষজ্ঞের পরামর্শ নিবেন । ধন্যবাদ,O O O O O O O O O O O O O O O O O O O O O O O O O O O O O O O O O O O O O O O O B-Symptom I-Symptom O B-Symptom B-Health_Condition O O O O O B-Medicine I-Medicine I-Medicine B-Dosage I-Dosage I-Dosage I-Dosage I-Dosage I-Dosage I-Dosage I-Dosage O O O O O O O O B-Specialist I-Specialist O O O O,O O O O O O O O O O O O O O O O O O O O O O O O O O O O O O O O O O O O O O O O O O O O O O O O O O O O O O O O O O O O O O O O O O O O O O O O O O O,Symptom,21.40961646300002,,558.0
ডাক্তার ভাই কে প্রশ্ন করার জন্য ধন্যবাদ আপনি Almex - 400mg ১ টা ট্যাবলেট একবার খাবেন ধন্যবাদ,O O O O O O O O B-Medicine I-Medicine I-Medicine B-Dosage I-Dosage I-Dosage I-Dosage O O,O O O O O O O O O O O O O O O O O,Medicine,2.182458533000045,,559.0
আপনাকে ধন্যবাদ প্রশ্ন করার জন্য । আপনার মায়ের সমস্যা প্রাথমিক চিকিৎসা তে ভাল হবে বা । রোগ ধরে চিকিৎসা করতে হবে । একজন মেডিসিন বিশেষজ্ঞ দেখান । ধন্যবাদ । ,O O O O O O O O O O O O O O O O O O O O O O O B-Specialist I-Specialist O O O O,O O O O O O O O B-Symptom O B-Medical_Procedure I-Medical_Procedure O O O O B-Health_Condition O B-Medical_Procedure I-Medical_Procedure O O O B-Medicine B-Specialist O O O O,Specialist,1.7854354379999222,,560.0
আপনাকে ধন্যবাদ প্রশ্ন করার জন্য । আপনি দ্রুত নাক জোরে চাপ দিয়ে ১৫ মিনিট চেপে ধরে রাখেন । বরফ ব্যবহার করতে পারেন । বন্ধ না হলে দ্রুত হাসপাতালে ইমার্জেন্সি বিভাগে যোগাযোগ করুন । ব্লাড প্রেসার মাপুন । ধন্যবাদ । ,O O O O O O O O O O O O O O O O O O O O O O O O O O O B-Specialist I-Specialist I-Specialist O O O B-Medical_Procedure I-Medical_Procedure I-Medical_Procedure O O O,O O O O O O O O B-Symptom O O O B-Dosage I-Dosage O O O O O O O O O O O O O O B-Medical_Procedure I-Medical_Procedure O O O B-Health_Condition I-Health_Condition O O O O,Specialist,12.143917117,,561.0
"আমার বাচ্চার বয়স ৬ মাস । সিজারে হয়েছে । এখন আমার স্ত্রীর ২ মাস যাবত পিরিয়ড হয়নি , আজকে টেষ্ট করল পজিটিভ আসছে । এখন আসলে কি করব বুঝে উঠতে পারছিনা । একটা পরামর্শ চাচ্ছিলাম । ",O O B-Age I-Age I-Age O O O O O O O O O O B-Health_Condition O O O O O O O O O O O O O O O O O O O O,O O O O O O O O O O O O O O O O O O O O O O O O O O O O O O O O O O O O,Age,33.342257306999954,,562.0
Tab fexo 180mg 0 + 0 + 1 for 7 days . Tab napa 500mg 1 + 1 + 1 after meal for 3 days . Tab azith 500mg 0 + 1 + 0 for 3 days,B-Medicine I-Medicine I-Medicine B-Dosage I-Dosage I-Dosage I-Dosage I-Dosage I-Dosage I-Dosage I-Dosage O B-Medicine I-Medicine I-Medicine B-Dosage I-Dosage I-Dosage I-Dosage I-Dosage I-Dosage I-Dosage I-Dosage I-Dosage I-Dosage O B-Medicine I-Medicine I-Medicine B-Dosage I-Dosage I-Dosage I-Dosage I-Dosage I-Dosage I-Dosage I-Dosage,O B-Medicine B-Dosage O O O O O O B-Dosage O O O B-Medicine B-Dosage O O O O O O O O B-Dosage O O O B-Medicine B-Dosage O O O O O O B-Dosage O,Medicine,14.471913351000012,,563.0
স্যার আমি EEG করিয়েছি EEG করার সময় দুইবার হাচি দিয়েছি । হাচির কারনে রিপোর্টে কোন সমস্যা হবে কি ? ,O O B-Medical_Procedure O B-Medical_Procedure O O O O O O O O O O O O O O,O O O O O O O O O O O O O O O O O O O,Medical Procedure,4.633010175999971,,564.0
"ডাক্তার ভাই কে প্রশ্ন করার জন্য ধন্যবাদ । Acidity হতে পারে । গরম মসল্লা , মরিচ , এগুলা বাদ দেন । ধন্যবাদ । ",O O O O O O O O B-Health_Condition O O O O O O O O O O O O O O,O O O O O O O O B-Symptom I-Symptom I-Symptom O O O O O O O O O O O O,Health Condition,5.538569198999994,,565.0
"Thank you for asking question to Daktar Bhai . I need more information to give proper treatment , but you can give your wife Tab . Alcet ( 5mg ) , 1 + 0 + 1 , after meal , for 7days for itching . Thank you . ",O O O O O O O O O O O O O O O O O O O O O O O O B-Medicine I-Medicine I-Medicine I-Medicine I-Medicine O O B-Dosage I-Dosage I-Dosage I-Dosage I-Dosage I-Dosage I-Dosage I-Dosage I-Dosage I-Dosage I-Dosage O O O O O O,O O O O O O O O O O O O O O O O O O O O O O O O O O O O O O O O O O O O O O O O O O O O O O O O,Medicine,4.866494482999997,,566.0
পযাপ্ত খাবার গ্রহন করার পর ও সাস্থ্য নাহ বাড়লে কি কি টেস্ট করা উচিত ? ,O O O O O O B-Symptom I-Symptom I-Symptom O O O O O O,O O O O O O O O O O O O O O O,Symptom,2.0936345970001184,,567.0
Amar khub hair wearing hoy and hair roughly what to do now,O O B-Symptom I-Symptom O O B-Symptom I-Symptom O O O O,O O O O O O O O O O O O,Symptom,2.6977569929999845,,568.0
"ডাক্তার ভাইকে প্রশ্ন করার জন্য ধন্যবাদ । Tab Filwel Gold , . 0 + 1 + 0 , 1 month Tab Bicozin , 1 + 0 + 1 , . 15 days . এছাড়া প্রতিদিন ৩০ মিনিট হাটাহাটি ফ্রি হ্যান্ড এক্সারসাইজ করবেন । প্রচুর পরিমাণে পানি , শাকসবজি ফলমূল খাবেন । পরিমিত ঘুম দিবেন । ধন্যবাদ",O O O O O O O B-Medicine I-Medicine I-Medicine O O B-Dosage I-Dosage I-Dosage I-Dosage I-Dosage O O O B-Medicine I-Medicine O B-Dosage I-Dosage I-Dosage I-Dosage I-Dosage O O O O O O O O O O O O O O O O O O O O O O O O O O O O,O O O O O O O O B-Medicine I-Medicine O O B-Dosage O I-Dosage O I-Dosage O O B-Dosage O B-Medicine O B-Dosage O I-Dosage O I-Dosage O O B-Dosage I-Dosage O O O O O O O O O O O O O O O O O O O O O O O O,Medicine,3.4741740849999587,,569.0
আমার বয়স 60 বছর । আমার ডায়াবেটিস আছে । এখন ডায়বেটিক্স 6 পয়েন্ট । এখন কি আমার কোন ঔষধ সেবন করতে হবে । ডায়াবেটিস কন্ট্রোল এর জন্য কোন কোন ঔষধ খাব । ,O O B-Age I-Age O O B-Health_Condition O O O O O O O O O O O O O O O O O O O O O O O O O,O B-Age I-Age I-Age O O B-Health_Condition O O O B-Health_Condition I-Health_Condition I-Health_Condition O O O O O B-Medicine O O O O B-Health_Condition O O O O O B-Medicine O O,Age,3.0555518830001347,,570.0
"আসসালামু আলাইকুম , আমার মেয়ের বয়স ১১ মাস , ওজন - ৮ . ৫ কেজি আস ৩দিন যাবত মেয়ের খুব কাশি , ঠান্ডা , নাকের পানি , চোখের পানি পড়ছে , জ্বর নেই , কিন্তু কাশি দিচ্ছে অনেক , কাশির সাথে বমি ও হচ্ছে , এতে কি করনীয় ? ",O O O O O O B-Age I-Age O O O O O O O O O O O O B-Symptom O B-Symptom O B-Symptom I-Symptom O B-Symptom I-Symptom I-Symptom O B-Symptom O O O B-Symptom O O O O O B-Symptom I-Symptom I-Symptom O O O O O,O O O O O O O O O O O O O O O O O O O O O O O O O O O O O O O O O O O O O O O O O O O O O O O O O,Symptom,4.768639381999947,,571.0
"ভাই / আপা , বয়স - ৩০ । ওজন ৪৬ কেজি । খাওয়া দাওয়ায় অরুচি । মুখে জ্বরনঠোয়া । করণীয় কী জানালে উপকৃত হতাম । ",O O O O O O B-Age O O O O O B-Symptom I-Symptom I-Symptom O B-Symptom I-Symptom O O O O O O O,O O O O O O B-Age O O O O O O O B-Symptom O O B-Symptom O O O O O O O,Symptom,12.36772912299989,,572.0
ডাক্তার ভাই এর সাথে থাকার জন্য আপনাকে ধন্যবাদ । আপনার উচ্চতা অনুযায়ী আপনার আদর্শ ওজন হওয়া উচিত ৭২ - ৭৩ কেজি । Dr < NAME > Mbbs ( du ) ,O O O O O O O O O O O O O O O O O O O O O O O O O O O O O O,O O O O O O O O O O O O O O O O O O O O O O O O O O O O O O,,6.7086915279999175,,573.0
"ডাক্তার ভাইতে প্রশ্ন করার জন্যে আপনাকে ধন্যবাদ । আপনি নাপা , ফেক্সোর সাথে Tab - rozith 500 mg 1 + 0 + 0 ৭ দিন Norsol nasal drop নাক বন্ধ থাকলে ১ - ২ ফোটা করে প্রয়োজন মত ব্যবহার করুন । ",O O O O O O O O O B-Medicine I-Medicine I-Medicine I-Medicine I-Medicine I-Medicine I-Medicine I-Medicine I-Medicine B-Dosage I-Dosage I-Dosage I-Dosage I-Dosage O O B-Medicine I-Medicine I-Medicine O O O B-Dosage I-Dosage I-Dosage I-Dosage O O O O O O,O O O O O O O O O O O O O O O O O O O O O O O O O O O O O O O O O O O O O O O O O,Medicine,4.112425066000014,,574.0
আমার এী পেগনেট৪ মাস হলো আজকে হঠৎ করে পিঠের মাঝখানে এবং বুকে বাথা করছে এবং শ্বাস নিতে কষ্ট হচ্ছে এখন কোন ওষুধ খাওয়াবো জানাবেন,O O B-Health_Condition O O O O O B-Symptom I-Symptom I-Symptom I-Symptom I-Symptom I-Symptom O B-Symptom I-Symptom I-Symptom I-Symptom O O O O O,O O B-Health_Condition I-Health_Condition O O O O O O O O B-Symptom O O O O B-Symptom O O O B-Medicine O O,Symptom,2.0091548039999907,,575.0
বাচ্চাকে একজন শিশু বিশেষজ্ঞ ডাক্তার দেখান । ধন্যবাদ,O O B-Specialist I-Specialist O O O O,O O O O O O O O,Specialist,1.926288913000008,,576.0
আমার পাছার দুই সাইডে পিছলির মাঝে প্রচুর চুলকানি রাতে ঠিক মতো ঘুমাতে পারিনা একটু ঘামলে আরও বেশি চুলকায় তাই বার বার পানি দিয়ে ধুয়ে রাখি ছোট ছোট গুটা গুটা ফুসুরির মতো আবার দাওদ এর মতোও আছে ডাকতার দেখাইছি কমে নাই ফ্রোগাল 150 টেবলেট টা খেলে একটু কম থাকে আবার না খেলে আবার বাড়ে এ ছাড়া কি করবো চুলকানি জন্যে একটু জানতে চাইছিলাম । দয়া করে কোন ওষুধ লেখে দেবেন বা মলব কোনটা দেব । পেবিসন দেইয়া যাবে,O O O O B-Symptom I-Symptom I-Symptom I-Symptom B-Symptom I-Symptom I-Symptom I-Symptom I-Symptom O B-Symptom I-Symptom I-Symptom I-Symptom O O O O O O O B-Symptom I-Symptom I-Symptom I-Symptom I-Symptom I-Symptom I-Symptom I-Symptom I-Symptom I-Symptom I-Symptom O O O O B-Medicine I-Medicine I-Medicine O O O O O O O O O O O O O O B-Symptom O O O O O O O O O O O O O O O O O O O,O O O O O O O O O O O O O O O O O O O O O O O O O O O O O O O O O O O O O O O O O O O O O O O O O O O O O O O O O O O O O O O O O O O O O O O O O O O O O,Symptom,6.75907421199986,,577.0
আমার মাম্মার বয়স ৫৫ বছর ওনার মারির দাত এর গোরালী দিয়ে ব্লাড আসে অনেক দিন ধরে কি করবো ? ,O O O B-Age I-Age O B-Symptom I-Symptom I-Symptom I-Symptom I-Symptom I-Symptom I-Symptom I-Symptom I-Symptom I-Symptom O O O,O O B-Age I-Age I-Age O O B-Symptom I-Symptom I-Symptom O B-Symptom I-Symptom O O O O O O,Age,11.317693224000095,,578.0
I am suffering back pain for last few months . Give me a suggestion,O O B-Symptom I-Symptom I-Symptom O O O O O O O O O,O O O B-Symptom I-Symptom O O O O O O O O O,Symptom,0.9938046939998912,,579.0
sir Amar ak mash age constipation hoisilo takhon Ami presher create kore bathroom Kori tar por theke bathroom Korar somoy betha hoy ar paikhanar Sathe blood lege thake halka . akhon Ami ke Korte pari er somadhan er Jonno . ,O O O O O B-Health_Condition O O O O O O O O O O O B-Symptom I-Symptom I-Symptom I-Symptom I-Symptom O B-Symptom I-Symptom I-Symptom I-Symptom I-Symptom O O O O O O O O O O O O,O O B-Age I-Age I-Age B-Health_Condition O O O O O O O O O O O O O O B-Symptom O O O O B-Symptom I-Symptom O O O O O O O O O O O O O,Symptom,2.7549560079999083,,580.0
"Sir , Goto 3 / 4 din theke ghare khub pain kortese . B / P 123 / 74 ache . R er sathe chukher uporer side kopale o pain ache . . kunu vabe e relief pacchi na . . ki kora jay ? ",O O O O O O O O B-Symptom I-Symptom I-Symptom O O O O O O O O O O O O O B-Symptom I-Symptom I-Symptom I-Symptom I-Symptom I-Symptom I-Symptom O O O O O O O O O O O O O O,O O O O O O O O O O B-Symptom O O O O O O O O O O O O O O O O O B-Symptom O O O O O O O O O O O O O O O O,Symptom,2.328260652999916,,581.0
"ডাক্তার ভাইকে প্রশ্ন করার জন্য ধন্যবাদ । Tab Xinc B , 1 + 0 + 1 , 15 days . অন্যান্য সমস্ত ঔষধ পূর্বের নিয়মে চলবে । প্রেসার , সুগার নরমাল থাকলে প্রত্যেকবার পাতলা পায়খানার পর স্যালাইন খাবে এবং সাথে ডাবের পানি খাবে । কাঁচা কলার ভর্তা , জাও ভাত , পাতলা শিং মাছের ঝোল , বাচ্চা মুরগির পাতলা ঝোল খেতে পারে । দুধ , দুধ জাতীয় খাবার , আটা , গমের রুটি খাবে না । বাসায় বানানো পাতলা চালের গুড়া রুটি খেতে পারে । ধন্যবাদ । ",O O O O O O O B-Medicine I-Medicine I-Medicine O B-Dosage I-Dosage I-Dosage I-Dosage I-Dosage O O O O O O O O O O O O O O O O O O O O B-Medicine O O O O O O O O O O O O O O O O O O O O O O O O O O O O O O O O O O O O O O O O O O O O O O O O O O,O O O O O O O B-Medicine I-Medicine I-Medicine O B-Dosage O I-Dosage O I-Dosage O B-Dosage I-Dosage O O O O O O O B-Health_Condition O B-Health_Condition O O O O O O B-Medicine O O O O O O O O O O O O O O O O O O O O O O O O O O O O O O O O O O O O O O O O O O O O O O O O O O O,Medicine,5.673385005,,582.0
"গতকাল রাতে ও জ্বর মাথা ব্যথা ছিল ডাক্তার ভাইয়ের পরামর্শে ওষুধ খেয়েছি Napa , fexo , omiprazol সারাদিন জ্বর ছিল না এখন আবার জ্বর আসছে । জ্বর যাচ্ছে আসছে । এখন ও এন্ট্যোবায়োটিক খাই নি । জ্বর যে খুব বেশি তা কিন্তু না but শরীরটা দুর্বল করে ফেলছে । এখন কি করা উচিত",O O O B-Symptom I-Symptom I-Symptom I-Symptom O O O O O B-Medicine O B-Medicine O B-Medicine B-Symptom I-Symptom I-Symptom I-Symptom I-Symptom I-Symptom I-Symptom I-Symptom O O O O O O O O O O O O O O O O O O O B-Symptom I-Symptom O O O O O O O,O O O B-Symptom I-Symptom I-Symptom O B-Specialist O O O O B-Medicine O B-Medicine O B-Medicine O B-Symptom O O O O B-Symptom O O B-Symptom O O O O O B-Medicine O O O B-Symptom O O O O O O O O O O O O O O O O,Symptom,3.134356239999988,,583.0
"ধন্যবাদ আপনাকে প্রশ্ন করার জন্য । নাপা খাবেন , গরম সেঁক দিবেন । ধন্যবাদ",O O O O O O B-Medicine O O O O O O O,O O O O O O B-Medicine O O B-Symptom I-Symptom O O O,Medicine,2.321178472999918,,584.0
আমআর দাদ হয়েছিল । এখন ঠিক হয়ে গেছে । কিন্তু দাগ রয়ে গেছে কি করা উচিৎ ? ,O B-Health_Condition O O O O O O O B-Symptom I-Symptom I-Symptom I-Symptom O O O O,O B-Symptom O O O O O O O O B-Symptom I-Symptom O O O O O,Health Condition,1.7934472239999195,,585.0
"There is a itching in my son ' s eye , White portion around the Irish become a bit red . He always try to rub the eye . Plz advise what to do . . Age : 10 months . . Is there any way to share image . ",O O O B-Symptom I-Symptom I-Symptom I-Symptom I-Symptom I-Symptom I-Symptom O B-Symptom I-Symptom I-Symptom I-Symptom I-Symptom I-Symptom I-Symptom I-Symptom I-Symptom O O O O O O O O O O O O O O O O O O B-Age I-Age O O O O O O O O O O,O O O B-Symptom O O O O O O O B-Symptom O O O O O O I-Symptom O O O O O O O O O O O O O O O O B-Age O I-Age O O O O O O O O O O O O,Symptom,8.980321526000125,,586.0
"আমার ১৮ তারিখ সেহেরিতে 100 F জ্বর হয় । ঐ দিন দুপুর দুইটায় রোজা ভেঙ্গে Napa Extend , Zimax 500 . Monas 10 ও Neocllor 5mg খেয়েছি । ১৯ তারিখ দুপুরে Napa বাদে অন্য ঔষধ গুলো খেয়েছি গত কাল 99 F এর উপরে জ্বর ওঠে নি । আজ রাত একটায় আবার 100 F জ্বর উঠলে গ‍্যসের ঔষধের সঙ্গে Napa খেয়েছি , এখন বিকেল চারটায় 100 F জ্বর ( জিহ্বার নিচে ) আছে । শরীরে কোন ব‍্যাথা নেই , কাশি নেই তবে রাতে নাক বন্ধ হলে Antazol ব‍্যবহার করি মাঝেমাঝে গলায় কিছু আটকে আছে মনে হয় । গরম পানি খাচ্ছি ও গরম ভাপ নিচ্ছি । আমি কি ঔষধ গুলো চালিয়ে যাব ? নতুন কোন ঔষধ খেতে হবে ? উল্লেখ্য বতর্মানে আমার কোন শ্বাসকষ্ট বা কাসি নেই । তবে ডাষ্ট এর কারণে শ্বাসকষ্টের ইতিহাস আছে । < NAME > , পেশা - সরকারি চাকরি , বয়স - ৫৭ বছর , ওজন - ৫৯ কেজি , উচ্চতা - ৫ ফুট ৩ ইঞ্চি । ",O O O O B-Symptom I-Symptom I-Symptom O O O O O O O O B-Medicine I-Medicine O B-Medicine I-Medicine O B-Medicine I-Medicine O B-Medicine I-Medicine O O O O O B-Medicine O O O O O O O B-Symptom I-Symptom O O B-Symptom O O O O O O O B-Symptom I-Symptom I-Symptom O O O O B-Medicine O O O O O B-Symptom I-Symptom I-Symptom O O O O O O O O B-Symptom O O B-Symptom O O O B-Symptom I-Symptom O B-Medicine O O O B-Symptom I-Symptom I-Symptom I-Symptom O O O O O O O O O O O O O O O O O O O O O O O O O O O O B-Symptom O B-Symptom O O O O O O B-Symptom O O O O O O O O O O O O O O B-Age O O O O O O O O O O O O O O,O B-Age O O B-Dosage O B-Symptom O O O O O O O O B-Medicine I-Medicine O B-Medicine B-Dosage O B-Medicine B-Dosage O B-Medicine B-Dosage O O B-Age O O B-Medicine O O O O O O O B-Dosage O O O B-Symptom O O O O O O O B-Dosage O B-Symptom O O O O B-Medicine O O O O B-Dosage O B-Symptom O O O O O O O O O O O O O O O O B-Medicine O O O O O O O O O O O O O O O O O O O O O O O O O O O O O O O O O O O O O O O O O O O O O O O O O O O O O O O O O O O O O O O O O O O O O O O O O O O O O,Symptom,73.88446738499988,,587.0
ডাক্তার ভাইকে প্রশ্ন করার জন্য ধন্যবাদ । আপনার ভাইকে দ্রুত একজন হেমাটোলজিস্ট আর অনকোলজিস্ট ডাক্তারকে দেখান । তাদের পরামর্শ অনুযায়ী চিকিৎসা গ্রহন করুন । ধন্যবাদ । ,O O O O O O O O O O O B-Specialist O B-Specialist I-Specialist O O O O O O O O O O O,O O O O O O O O O O O B-Specialist O B-Specialist O O O O O O O O O O O O,Specialist,1.4842339330000414,,588.0
"আমি ঠান্ডা কিছু ধরলে , গরমের সময়ও কক্ষ তাপমাত্রারর পানি দিয়ে গোসল করলে হাচি , কাশি ঠাণ্ডা লেগে যায় । এর প্রতিকারে কি করতে পারি ? ",O B-Health_Condition I-Health_Condition I-Health_Condition I-Health_Condition I-Health_Condition I-Health_Condition I-Health_Condition I-Health_Condition I-Health_Condition I-Health_Condition I-Health_Condition I-Health_Condition I-Health_Condition I-Health_Condition I-Health_Condition I-Health_Condition I-Health_Condition I-Health_Condition O O O O O O O,O B-Symptom O O O O O O O O O O O B-Symptom O B-Symptom I-Symptom O O O O O O O O O,Health Condition,1.9186852789998736,,589.0
"জর দুই দিন দরে , নাপা খাওয়াচ্ছি , আজ এজিথ্যাোমাইজিন দিয়েছি , তাও কমছে নাকি করবো",B-Symptom O O O O B-Medicine O O O B-Medicine O O O O O O,O B-Age I-Age O O B-Medicine O O O B-Medicine O O O O O O,Medicine,1.729842084999973,,590.0
ডাক্তার ভাই কে প্রশ্ন করার জন্য ধন্যবাদ । Syp Tofen 1 . 5 চামচ করে রাতে খাওয়াতে পারেন আপনি সরাসরি একজন Pedatrician এর পরামর্শ নিন ধন্যবাদ,O O O O O O O O B-Medicine I-Medicine B-Dosage I-Dosage I-Dosage I-Dosage I-Dosage I-Dosage O O O O O B-Specialist O O O O,O O O O O O O O O O O O O O O O O O O O O O O O O O,Medicine,2.940425406000031,,591.0
ডাক্তার ভাই কে প্রশ্ন করার জন্য ধন্যবাদ । একটু হাঁটতে চেষ্টা করুন । হাল্কা ব্যায়াম করুন । প্রছুর পানি আর শব্জি খান । Tab omidon 10 mg 1 + 1 + 1 10 days before food খাবেন । একজন মেডিসিন বিশেষজ্ঞ দেখান । ধন্যবাদ । ,O O O O O O O O O O O O O O O O O O O O O O O B-Medicine I-Medicine I-Medicine I-Medicine B-Dosage I-Dosage I-Dosage I-Dosage I-Dosage O O O O O O O B-Specialist I-Specialist O O O O,O O O O O O O O O O O O O O O O O O O O O O O B-Medicine I-Medicine B-Dosage I-Dosage B-Dosage I-Dosage B-Dosage I-Dosage B-Dosage I-Dosage I-Dosage I-Dosage I-Dosage O B-Specialist I-Specialist I-Specialist O O O O O,Medicine,2.079152869999916,,592.0
"ডাক্তার ভাই কে প্রশ্ন করার জন্য ধন্যবাদ । vaccine নেওয়ার পর এমন হতে পারে , আপনি Napa 500mg প্রতিবেলা ১ টা করে ৫দিন খেতে পারেন । একজন Medicine বিশেষজ্ঞ চিকিৎসকের পরামর্শ নিতে পারেন ধন্যবাদ । ",O O O O O O O O O O O O O O O O B-Medicine I-Medicine B-Dosage I-Dosage I-Dosage I-Dosage I-Dosage O O O O B-Specialist I-Specialist O O O O O O,O O O O O O O O O O O O O O O O O O O O O O O O O O O O O O O O O O O,Medicine,17.718997132999903,,593.0
"২৬ + সপ্তাহ বাচ্চা জন্মগ্রহণ করছে , বাচ্চা আইসিইউতে রয়েছে , এই মুহুর্তে বাচ্চা কতটুকু ভালো থাকার সম্ভাবনা আছে ? ? কি করনীয় ? বাচ্চার নাড়াচাড়া আছে এবং কান্না ও করে মাঝে মাঝে তাহলে ? ",B-Age I-Age I-Age O O O O B-Health_Condition I-Health_Condition I-Health_Condition O O O O O O O O O O O O O O B-Symptom I-Symptom I-Symptom O B-Symptom I-Symptom I-Symptom I-Symptom I-Symptom O O,O O O O O O O O O O O O O O O O O O O O O O O O O O O O O O O O O O O,Symptom,5.747533881999971,,594.0
I ' m 40 years old and have been having allergic problem . . . to response this problem I used to take cetrizine when it gets worst . . . and sometimes also take fexofenadine 180mg . . . . along with regular montilucust . . right now I ' m have problems with my left ear pain for last few days . . . . it seems my left ear is strucked . . . having discomfort while talking over phone through left ear . . . So which medicine I ' m to take . . . . thanks,O O O B-Age O O O O O O B-Symptom I-Symptom O O O O O O O O O O O B-Medicine O O O O O O O O O O O B-Medicine I-Medicine O O O O O O O B-Medicine O O O O O O O O O O O B-Symptom I-Symptom I-Symptom O O O O O O O O O O O O O O O O O O O O O O O O O O O O O O O O O O O O O O O O O O O,O O O B-Age I-Age O O O O O B-Symptom I-Symptom O O O O O O O O O O O B-Medicine O O O O O O O O O O B-Medicine B-Dosage O O O O O O O B-Medicine O O O O O O O O O O O O B-Symptom O O O O O O O O O O O O O O O O O O O O O O O O O O O O O O O O O O O O O O O O O O O O O,Medicine,34.24966174400015,,595.0
ডাক্তার ভাই কে প্রশ্ন করার জন্য ধন্যবাদ । আপনি চর্ম বিশেষজ্ঞের পরামর্শ নিন । ,O O O O O O O O O B-Specialist I-Specialist O O O,O O O O O O O O O O O O O O,Specialist,3.0405421969999225,,596.0
avolac 100ml sirap kolar koidin pojonto khw jai . ,B-Medicine I-Medicine I-Medicine O O O O O O,B-Medicine B-Dosage I-Dosage O O O O O O,Medicine,1.3641219179999098,,597.0
Amar bachar boiyos 5 or golai 2ti toncil dekha jacha akhon kikora ocit . ,O O B-Age I-Age O O O B-Health_Condition O O O O O O,O O O O O O O O O O O O O O,Age,2.5280923110001368,,598.0
আপনাকে ধন্যবাদ প্রশ্ন করার জন্য । মেলামেশার পরে অনেকক্ষন শুয়ে থাকার বা বীর্য অনেকক্ষন ধরে রাখার প্রয়োজন নাই । অল্প কিছুক্ষন পরে ধুয়ে ফেলতে পারেন । ধন্যবাদ । ,O O O O O O O O O O O O O O O O O O O O O O O O O O O O,O O O O O O O O O O O O O O O O O O O O O O O O O O O O,,1.4556149049999476,,599.0
ডাক্তার ভাই কে প্রশ্ন করার জন্য ধন্যবাদ । মেডিসিন দিতে থাকুন । না কোমলে gynae বিশেষজ্ঞ দেখান । কটন কাপড় পড়তে বলবেন । সাবান না ব্যাবহার ভালো । ধন্যবাদ । ,O O O O O O O O B-Medicine O O O O O B-Specialist I-Specialist O O O O O O O O O O O O O O,O O O O O O O O O O O O O O O O O O O O O O O O O O O O O O,Medicine,3.8208074720000695,,600.0
ডাক্তার ভাই এর সাথে থাকার জন্য আপনাকে ধন্যবাদ । দ্রুত ক্যান্সার বিশেষজ্ঞ চিকিৎসক এর সাথে যোগাযোগ করবেন । Dr < NAME > Mbbs,O O O O O O O O O O B-Specialist I-Specialist I-Specialist O O O O O O O O O O,O O O O O O O O O O O O O O O O O O O O O O O,Specialist,3.023708013000032,,601.0
আপনাকে ধন্যবাদ প্রশ্ন করার জন্য । আপনাকে অবশ্যই দ্রুত টিটেনাসের টিকা টিটি এবং টি আইজি দিতে হবে । হাসপাতাল জুরুরি বিভাগে যোগাযোগ করুন । ধন্যবাদ,O O O O O O O O O O O B-Medicine O B-Medicine I-Medicine O O O O O O O O O O,O O O O O O O O O B-Health_Condition O B-Medicine O B-Medicine I-Medicine O O O O O O O O O O,Medicine,1.8847174109998832,,602.0
দয়া করে বলুন ষে কেন আমার দাতের গুরা ক্ষয় হয়ে যাচ্ছে ? এর প্রতিকার কি ? ,O O O O O O B-Symptom I-Symptom I-Symptom I-Symptom I-Symptom O O O O O,O O O O O O B-Symptom I-Symptom I-Symptom I-Symptom I-Symptom O O O O O,Symptom,2.1411424239997814,,603.0
"আপনাকে ধন্যবাদ প্রশ্ন করার জন্য । আপনার মেয়েকে হাসপাতাল ইমার্জেন্সি তে নিয়ে যান । বমি , পেটের ব্যাথার অনেক কারনে হতে পারে যেমন এপেন্ডিসাইটিস , গেস্ট্রোএন্টেরাইটিস , ফুড পয়জনিং ইত্যাদি । পরিক্ষা করে দেখতে হবে । ধন্যবাদ",O O O O O O O O O O O O O O O O O O O O O O O O O O O O O O O O O O O O O,O O O O O O O O O O O O O O B-Symptom O B-Symptom I-Symptom O O O O O B-Health_Condition O B-Health_Condition O B-Health_Condition I-Health_Condition O O O O O O O O,,5.715245131000074,,604.0
"Thank you for your question . Are you Feeling relaxed now ? It would have been better If you could Directle consult with your doctor , If it is not possible then you can continue your medicines . Thank you . ",O O O O O O O O O O O O O O O O O O O O O O O O O O O O O O O O O O O O O O O O O,O O O O O O O O O O O O O O O O O O O O O O O O O O O O O O O O O O O O O O O O O,,5.961027561000037,,605.0
"আমার গত দুই দিন ধরে জ্বর , কাশি , ও সমস্ত শরীর ব্যথা কি ওষুধ খেতে পারি",O O O O O B-Symptom O B-Symptom O O B-Symptom I-Symptom I-Symptom O O O O,O O O O O O O O O O O O O O O O O,Symptom,2.5799641520000023,,606.0
"আমার মাথা থেকে পা পর্যন্ত বোনস মাসল নার্ভ সব ব্যথা । সারা শরীরে সুঁচ ফোটানোর মত ব্যথা হয় , মাসল চাকা চাকা আর শক্ত । ব্যথার স্থানে মেসেজ করলে লাল হয় আর গরম হয়ে যায় । জয়েন্টে ব্যথা হয় , শরীরের তাপমাত্রা বেশি ও জ্বর থাকে কিন্তু থার্মোমিটারে ওঠে না । সারা শরীর খুব জলে , চোখ মুখ জ্বালা করে । মাথা খুব গরম থাকে , আমার মাইগ্রেনের সমস্যা আছে । খুব বুক ধড়পড় করে । শরীরে শক্তি পাইনা । টেস্ট রিপোর্টৈ‌ ভিটামিন ডি এর পরিমাণ 5 . 8 আমি নিয়মিত প্রোভাল সিআর 200 , আর ইন্ডিভার 40 খাই । কিন্তু কোন কাজ হয় না । খুব ঘাম হয় আমার",O B-Symptom I-Symptom I-Symptom I-Symptom I-Symptom I-Symptom I-Symptom I-Symptom I-Symptom O B-Symptom I-Symptom I-Symptom I-Symptom I-Symptom I-Symptom I-Symptom I-Symptom I-Symptom I-Symptom I-Symptom I-Symptom I-Symptom I-Symptom B-Symptom I-Symptom I-Symptom I-Symptom I-Symptom I-Symptom I-Symptom I-Symptom I-Symptom I-Symptom O B-Symptom I-Symptom I-Symptom I-Symptom B-Symptom I-Symptom I-Symptom I-Symptom I-Symptom I-Symptom I-Symptom I-Symptom I-Symptom I-Symptom O B-Symptom I-Symptom I-Symptom I-Symptom O B-Symptom I-Symptom I-Symptom I-Symptom O B-Symptom I-Symptom I-Symptom I-Symptom O O B-Health_Condition I-Health_Condition I-Health_Condition O O B-Symptom I-Symptom I-Symptom O B-Symptom I-Symptom I-Symptom O B-Health_Condition I-Health_Condition I-Health_Condition I-Health_Condition I-Health_Condition I-Health_Condition I-Health_Condition I-Health_Condition I-Health_Condition O O B-Medicine I-Medicine I-Medicine O O B-Medicine I-Medicine I-Medicine O O O O O O O O O O O,O B-Symptom O O O O O O O I-Symptom O O O O O O B-Symptom O O O O O O O O O B-Symptom O O O O O O O O O O B-Symptom O O O O O O B-Health_Condition O O O O O O O O O O O O O O O O O B-Symptom O O O O O B-Health_Condition I-Health_Condition O O O O O O O O O O O O O O O O O O O O O O O O O O B-Medicine I-Medicine B-Dosage O O B-Medicine B-Dosage O O O O O O O,Symptom,4.544836364000048,,607.0
"আপনাকে ধন্যবাদ প্রশ্ন করার জন্য । অতিসত্বর একজন শিশু বিশেষজ্ঞের সাথে দেখা করে সরাসরি পরামর্শ নিন , কিছু প্রয়োজনীয় পরীক্ষা ও টেস্ট ছাড়া জ্বরের কারণ নির্নয় ও এজন্য উপযুক্ত ঔষধ দেয়া সম্ভব হচ্ছে না । বর্তমান পরিস্থিতিতে তা সম্ভব না হলে , আপনি ডাক্তারভাই এপ্লিকেশন থেকে ' Video Call To A Doctor ' সার্ভিসটি ব্যবহার করে একজন শিশু বিশেষজ্ঞ ডাক্তারের এপয়েন্টমেন্ট নিয়ে ভিডিও কল এ কথা বলতে পারেন এবং ডাক্তার - এর লেখা প্রেস্ক্রিপশন আপনি আপনার এপ্লিকেশন এ পেয়ে যাবেন । আরও বিস্তারিত জানতে < NUMBER > তে কল করুন । ধন্যবাদ । ",O O O O O O O O B-Specialist I-Specialist O O O O O O O O O O O O O O O O O O O O O O O O O O O O O O O O O O O O O O O O O O O O O O O B-Specialist I-Specialist O O O O O O O O O O O O O O O O O O O O O O O O O O O O O O O O O O,O O O O O O O O B-Specialist I-Specialist O O O O O O O O O B-Medical_Procedure O B-Medical_Procedure O B-Symptom O O O O O B-Medicine O O O O O O O O O O O O O O O O O O O O O O O O O O O B-Specialist I-Specialist I-Specialist O O O O O O O O O O O O O O O O O O O O O O O O O O O O O O O O O,Specialist,39.17159160899996,,608.0
"স্যার , আমার বয়স 36 আমি একা . প্রশ্ন হচ্ছে আমি মানসিক কারণে এবং পারিপার্শ্বিক বিষন্নতা থেকে ইয়াবা অ্যাডিক্টেড হয়ে পড়ি . প্রথমে একটা করে খেতাম দুই দিন বা চার দিন পর এখন প্রায় 6 মাস একটানা 5টা - 7টা করে খেতে হচ্ছে কারণ প্রতিদিন খাওয়ার প্রবণতায় . আমার প্রচন্ড ছাড়ার ইচ্ছা কিন্তু গার্ডিয়ান কেউ নেই এবং আমি নিজে একা পারছিনা আমার দেখা যারা রিহাব সেন্টারে ভর্তি হয়েছে তারা এখন ঘুমের ঔষধের নেশায় জড়িত হয়ে পড়েছে . সে ক্ষেত্রে দয়া করে আমাকে একটি পরামর্শ দিন যেন আমি এই ভয়ঙ্করনেশা থেকে বেরিয়ে আসতে পারি . ",O O O O B-Age O O O O O O O O O O O O B-Health_Condition I-Health_Condition O O O O O O O O O O O O O O B-Symptom I-Symptom I-Symptom I-Symptom I-Symptom I-Symptom I-Symptom I-Symptom I-Symptom I-Symptom O O O O O O O O O O O O O O O O O O O O O O O O O O O O O O O O O O O O O O O O O O O O O O O O O O O,O O O O B-Age O O O O O O O O O O B-Health_Condition O B-Medicine B-Health_Condition O O O O O O O O O O O O O O O O O O B-Dosage I-Dosage I-Dosage O O O O O O O O O O O O O O O O O O O O O O O O B-Medical_Procedure I-Medical_Procedure O O O O B-Medicine I-Medicine B-Health_Condition O O O O O O O O O O O O O O O B-Health_Condition O O O O O,Age,33.62458097699982,,609.0
"গ্রাহক , ডাক্তার ভাইকে প্রশ্ন করার জন্য আপনাকে ধন্যবাদ । আপনি ভালো ঘুমের জন্য নির্দিষ্ট রুটিন মেনে চলুন । ঘুমের ২ ঘন্টা আগে থেকে মোবাইল ফোন , টিভি ইত্যাদি দেখা থেকে বিরত থাকুন । নির্দিষ্ট সময়ে ঘুমাতে যান ও নির্দিষ্ট সময়ে উঠুন । ধন্যবাদ । ",O O O O O O O O O O O O O O O O O O O O O O O O O O O O O O O O O O O O O O O O O O O O O,O O O O O O O O O O O O O O O O O O O O B-Dosage I-Dosage O O O O O O O O O O O O O O O O O O O O O O O,,1.861304001999997,,610.0
ধন্যবাদ আপনাকে প্রশ্ন করার জন্য । নাপা ট্যাবলেট খান । অযথা কান খোচাখুচি করবেন না । ধন্যবাদ,O O O O O O B-Medicine O O O O O O O O O O,O O O O O O O O O O O O O O O O O,Medicine,8.459693816000026,,611.0
Smart sex e problem amai 2 miniter besi sex korte pari na ami akhon ki korbo,O B-Symptom I-Symptom I-Symptom O B-Symptom I-Symptom I-Symptom I-Symptom I-Symptom I-Symptom I-Symptom O O O O,O O O O O O O O O O O O O O O O,Symptom,2.3017573080001057,,612.0
আমার বাম কান আটকে গেছে কি করবো এখন ? ? ? ঠান্ডার কারনে এরকম হতে পারে কি ? ? ? ,O B-Symptom I-Symptom I-Symptom I-Symptom O O O O O O O O O O O O O O O,O B-Symptom I-Symptom I-Symptom I-Symptom O O O O O O B-Health_Condition O O O O O O O O,Symptom,1.822849486999985,,613.0
"আপনাকে ধন্যবাদ প্রশ্ন করার জন্য । বাচ্চার ওজন কিছুটা কম আছে । ওজন ৩ কেজি হলে ভাল । আপনি ডিম , দুধ , প্রটিন বেশি খান । ভালভানে বিশ্রাম নিন । আপনার বাচ্চার নাড়াচাড়া বুুঝতে পারেন কিনা খেয়াল করুন । একজন গাইনি ডাক্তারের পরামর্শ নিন । ধন্যবাদ",O O O O O O O O O O O O O O O O O O O O O O O O O O O O O O O O O O O O O O O O O B-Specialist I-Specialist O O O O,O O O O O O O B-Symptom O O I-Symptom O O B-Symptom B-Age I-Age O O O O O O O O B-Medicine O O O O O O O O O O O O O O O O O B-Specialist I-Specialist O O O,Specialist,2.230030743000043,,614.0
ডাক্তার পায়ের নোক মরে কালো হয়েগেছে এর কি সমাদান হতে পারে,O B-Symptom I-Symptom I-Symptom I-Symptom I-Symptom O O O O O,O O O O O O O O O O O,Symptom,1.8742012620000423,,615.0
"আমার ছেলের বয়স ৬ বছর ২ মাস । তিন দিন যাবত জ্বর ছিল । দিনের তুলনায় রাতে অধিকমাত্রায় জ্বর থাকে । জ্বর কিছুতেই ১০২ এর নিচে নামে না । কখনো কখনো ১০৫ পর্যন্ত উঠে যায় । গতকাল শিশু বিশেষজ্ঞ ডাক্তার দেখানো হয়েছে । CBC , CRP , Triple Antigens , Chest P / A View test করানো হয়েছে । Test a CRP Positive 12 এসেছে । HB - 12 . 1 , ESR - 45 , WBC count - 14 , 000 , Neutrophils - 77 % , Lymphocytes - 18 % , HTC - 7 % । ডাক্তারি ঔষধ সাজেস্ট করেছে । Avloclav , Montair 5 , ketomar , Aritone Z , Brezojil . কিন্তু জ্বর এখনো কমেনি । ১০২ এর উপর থাকে । কি করনীয়",O O O B-Age I-Age I-Age I-Age O B-Age I-Age I-Age I-Age I-Age O B-Age I-Age I-Age I-Age I-Age I-Age O B-Age I-Age I-Age I-Age I-Age I-Age I-Age O B-Age I-Age I-Age I-Age I-Age I-Age O O B-Specialist I-Specialist O O O O B-Medical_Procedure O B-Medical_Procedure O B-Medical_Procedure I-Medical_Procedure O B-Medical_Procedure I-Medical_Procedure I-Medical_Procedure I-Medical_Procedure I-Medical_Procedure I-Medical_Procedure O O O O O B-Health_Condition I-Health_Condition I-Health_Condition O O O O O O O O O O O O O O O O O O O O O O O O O O O O O O O O O O O O O O O B-Medicine O B-Medicine I-Medicine O B-Medicine O B-Medicine I-Medicine O B-Medicine O O B-Symptom I-Symptom I-Symptom O B-Symptom I-Symptom I-Symptom O O O O,O O O B-Age I-Age I-Age I-Age O O O O B-Symptom O O O O O O B-Symptom O O B-Symptom O O O O O O O O O O O O O O O O B-Specialist I-Specialist O O O O B-Medical_Procedure O B-Medical_Procedure O B-Medical_Procedure I-Medical_Procedure O B-Medical_Procedure O O O I-Medical_Procedure O O O O O O O O O O O O O O O O O O O O O O O O O O O O O O O O O O O O O O O O O O O O O O O O B-Medicine O B-Medicine O O B-Medicine O B-Medicine O O B-Medicine O O B-Symptom O O O O O O O O O,Age,6.447058294000044,,616.0
Thanks for your question to daktar bhai . It is always better to take medicine . she has to control her diet and also has to do some walking . Thanks,O O O O O O O O O O O O O O O O O O O O O O O O O O O O O O O,O O O O O O O O O O O O O O B-Medicine O O O O O O O O O O O O O O O O,,0.7523688100000072,,617.0
"I am suffering fever , of 5 days use Zemax ( 1 + 0 + 1 ) but faver up down",O O O B-Symptom O O O O O B-Medicine O B-Dosage I-Dosage I-Dosage I-Dosage I-Dosage O O B-Symptom O O,O O O B-Symptom O O B-Age I-Age O B-Medicine O B-Dosage O B-Dosage O B-Dosage O O B-Symptom O O,Symptom,1.6900401550001334,,618.0
Thanks for questioning daktarbhai . stop lytex syrup and start syrup mirakof 1 . 5 spoon 3 times in a day for 7 days Drink warm water always Thanks,O O O O O O B-Medicine I-Medicine O O B-Medicine I-Medicine B-Dosage I-Dosage I-Dosage I-Dosage I-Dosage I-Dosage I-Dosage I-Dosage I-Dosage O O O O O O O O,O O O O O O B-Medicine I-Medicine O O B-Medicine I-Medicine B-Dosage O I-Dosage I-Dosage I-Dosage I-Dosage O O O O B-Dosage I-Dosage O O O O O,Medicine,1.9584290360000975,,619.0
ডাক্তার ভাই কে প্রশ্ন করার জন্য ধন্যবাদ । হাল্কা গরম পানি তে গোসল দেন । পেটে হাল্কা চাপ দেন । পা এর নড়াচড়া করান । আশা করি ঠিক হবে । ধন্যবাদ । ,O O O O O O O O O O O O O O O O O O O O O O O O O O O O O O O O,O O O O O O O O O O O O O O O O O O O O O O O O O O O O O O O O,,11.130457036000053,,620.0
"Thank you for your question . Continue your medicines as per advice of your Doctor , Hopefully you will Get well Soon . Thank you . ",O O O O O O O O O O O O O O O O O O O O O O O O O O,O O O O O O O O O O O O O O O O O O O O O O O O O O,,6.848678555999868,,621.0
"Dental problems child , help me . age 6 years . ",O O O O O O O O B-Age I-Age O,O O O O O O O O O O O,Age,2.3610837209998863,,622.0
কোনো কিছুর সাথে কি ঘুমের ঔষধ মিশিয়ে খাওয়া যায় ? ,O O O O O O O O O O,O O O O O B-Medicine O O O O,,0.4281547589998808,,623.0
Syrup Napa 2 tsf 6 hourly in a day for 5 days . Syrup Fenadin 2 tsf twice a day for 7 days Syrup Ambrox 2 tsf twice a day for 7 days,B-Medicine I-Medicine B-Dosage I-Dosage I-Dosage I-Dosage I-Dosage I-Dosage I-Dosage O O O O B-Medicine I-Medicine B-Dosage I-Dosage I-Dosage I-Dosage I-Dosage O O O B-Medicine I-Medicine B-Dosage I-Dosage I-Dosage I-Dosage I-Dosage O O O,O B-Medicine B-Dosage I-Dosage O O O O O O O O O O B-Medicine I-Medicine B-Dosage I-Dosage O O O O O O O B-Medicine I-Medicine B-Dosage I-Dosage O O O O,Medicine,2.8480560030000106,,624.0
Thank you for asking your question to daktarbhai . Khabarer pore khete hobe . ,O O O O O O O O O O O O O O,O O O O O O O O O O O O O O,,2.3128811950000454,,625.0
মাথা গরম হয়ে থাকে মাথা জলে ও চুল উঠে যাচ্ছে কি করনীয় । ,B-Symptom I-Symptom I-Symptom I-Symptom B-Symptom I-Symptom O B-Symptom I-Symptom O O O O,B-Symptom I-Symptom O O B-Symptom I-Symptom O B-Symptom I-Symptom I-Symptom O O O,Symptom,1.0098276329999862,,626.0
"আপনাকে ধন্যবাদ প্রশ্ন করার জন্য । প্রশ্ন অসম্পূর্ণ । আরও কিছু তথ্য জানা প্রয়োজন , App এর Video Call এর সহায়তা নিতে পারেন । ধন্যবাদ । ",O O O O O O O O O O O O O O O O O O O O O O O O O O,O O O O O O O O O O O O O O O O O O O O O O O O O O,,1.5501270989998377,,627.0
ডাক্তার ভাই কে প্রশ্ন করার জন্য ধন্যবাদ । এগুলো সব ডায়লায়সিস এর প্রভাব এ হয়েছে । জর এর জন্য নাপা ৫০০মিলিগাম ৬ ঘণ্টা পর পর দিন এবং বমির জন্য Tab . Emistat 8mg 1 + 1 + 1 খালি পেটে খাওয়ান । যদি এতে ও না কমে তবে দেরি না করে হাসপাতালে নিয়ে যাবেন এবং চেক করাতে হবে তার শরীরের আয়ন Electrolytes সব ঠিক আছে কিনা । ধন্যবাদ,O O O O O O O O O O B-Medical_Procedure O O O O O O O O B-Medicine I-Medicine B-Dosage I-Dosage I-Dosage I-Dosage O O O O B-Medicine I-Medicine I-Medicine I-Medicine B-Dosage I-Dosage I-Dosage I-Dosage I-Dosage O O O O O O O O O O O O O O O O O B-Medical_Procedure O O O B-Health_Condition I-Health_Condition I-Health_Condition I-Health_Condition I-Health_Condition I-Health_Condition I-Health_Condition O O,O O O O O O O O O O O O O O O O O O O O O O O O O O O O O O O O O O O O O O O O O O O O O O O O O O O O O O O O O O O O O O O O O O O O,Medical Procedure,7.091375824999886,,628.0
"ডাক্তার ভাই কে প্রশ্ন করার জন্য ধন্যবাদ । Tab Aristosilver , 0 + 1 + 0 , ৩০ দিন খাওয়ার পর । ধন্যবাদ । ",O O O O O O O O B-Medicine I-Medicine O B-Dosage I-Dosage I-Dosage I-Dosage I-Dosage O O O O O O O O,O O O O O O O O O B-Medicine O B-Dosage O I-Dosage O I-Dosage O B-Dosage I-Dosage O O O O O,Medicine,1.7265472199999294,,629.0
"স্যার , গত দু ' দিন আগে সকালে ঘুম থেকে উঠার পর ডান কানে আর ভাল করে শুনছি না । কানে কোনরকম ব্যাথা অনুভব হয় না । এখন কি করা উচিত । ",O O O O O O O O O O O O B-Symptom I-Symptom I-Symptom I-Symptom I-Symptom I-Symptom I-Symptom O O O B-Symptom O O O O O O O O O,O O O O O O O O O O O O O O O O O O O O O O O O O O O O O O O O,Symptom,3.7702840419999575,,630.0
ডাক্তার ভাই কে প্রশ্ন করার জন্য ধন্যবাদ । একজন ভালো মেডিসিন বিশেষজ্ঞ দেখান । complete blood count করতে পারেন । ধন্যবাদ । ,O O O O O O O O O O B-Specialist I-Specialist O O B-Medical_Procedure I-Medical_Procedure I-Medical_Procedure O O O O O,O O O O O O O O O O O O O O O O O O O O O O,Specialist,3.098082882999961,,631.0
আমার বড় ভাই এর টাইফয়েড হয়েছে । ডাক্তার CEF 200 ( 3 - 0 - 3 ) . দিয়েছে । প্রথমে ইনজেকশন দিতে বলছিল কিন্তু ভাই টেবলেট খাইতে চাইছে । এখন জ্বর কমতেছে না । এখন ইনজেকশন দিতে চাইতেছি । কি ইনজেকশন কত এম জি দিবো . . ? আর হেলথকেয়ার এর ইনজেকশন থাকলে একটু তারাতারি জানান প্লিজ । ,O O O O B-Health_Condition O O O B-Medicine I-Medicine O B-Dosage I-Dosage I-Dosage I-Dosage I-Dosage O O O O O O O O O O O O O O O B-Symptom O O O O O O O O O O O O O O O O O O O O O O O O O O O,O O O O O O O O O O O O O O O O O O O O O O O O O O O O O O O O O O O O O O O O O O O O O O O O O O O O O O O O O O O,Health Condition,5.573759369999834,,632.0
"পিরিয়ড কে ডিলে করার জন্য পিল খেয়েছিলাম । মার্চ মাস ২০১৯ সনে খেয়েছিলাম । এর পর থেকে আমার প্রতি মাসে পিরিয়ড না হয়ে ২ মাস পর পর হচ্ছে । ১ বছর যাবত এইরকম সমস্যা ছিল । হঠাত ২ মাস টানা পিরিয়ড হওয়ার পর আবার আগের অবস্থায় ফিরে গেছে । এখন ২ মাস হয়ে গেলো প্রায় পিরিয়ড হচ্ছে না এখনও । আমার বয়স ২৩ বছর , ওজন ৫৮ কেজি । এমতাবস্থায় আমার কি করা উচিত ? এখন করোনার জন্য কোথায় যাবো কোন ডাক্টারকে দেখাবো সেটাও সম্ভব হচ্ছে না । - on behalf of my wife",B-Health_Condition O O O O O O O O O O O O O O O O O O O B-Health_Condition O O O O O O O O O O O O O O O O O O O B-Health_Condition O O O O O O O O O O O O O O B-Health_Condition O O O O O B-Age I-Age I-Age O O O O O O O O O O O O B-Health_Condition O O O O O O O O O O O O O O O O O,O O O O O O O O O O O O O O O O O O O O O O O O O O O O O O O O O O O O O O O O O O O O O O O O O O O O O O O O O O O O O O O O O O O O O O O O O O O O O O O O O O O O O O O O O O O O O O,Health Condition,5.910213022000107,,633.0
শরীর গরম না তবে জ্বরের মত দুর্বলতা কাজ করে । দাড়ালে মাথা ঘুরায় । এছাড়া কফ সহ কাশি হয় অনেক । কিভাবে পরিত্রাণ পেতে পারি । ,O O O O B-Symptom I-Symptom I-Symptom O O O B-Symptom I-Symptom I-Symptom O O B-Symptom I-Symptom I-Symptom O O O O O O O O,O O O O B-Symptom I-Symptom B-Symptom O O O O B-Symptom I-Symptom O O B-Symptom O B-Symptom O O O O O O O O,Symptom,1.500876199999993,,634.0
"আপনাকে ধন্যবাদ প্রশ্ন করার জন্য । আপনি প্যারাসিটামল ৫০০ মিলিগ্রাম দুইটা করে তিন বেলা খান । আদা , মধু , গরম পানি খান । সিরাপ হানিকল দুই চামচ করে তিন বেলা খান । ধন্যবাদ । ",O O O O O O O B-Medicine I-Medicine I-Medicine B-Dosage I-Dosage I-Dosage I-Dosage O O O O O O O O O O B-Medicine I-Medicine B-Dosage I-Dosage I-Dosage I-Dosage I-Dosage O O O O,O O O O O O O B-Medicine B-Dosage I-Dosage O O O O O O O O O O O O O O B-Medicine I-Medicine B-Dosage I-Dosage O O O O O O O,Medicine,5.516550726000105,,635.0
"বাড়ির ২ কুকুর এরা বাইরে ঘুরাফেরা করে , মারামারিও করে অন্য কুকুরের সাথে । ওদের শরীরে অন্য কুকুরের কামরের দাগ আছে কিছু দিন আগের । ওদের vaccine দেয়া হয়েছে ১০ মাস আগে জলাতঙ্ক । আর একবার ৬ মাস আগে । বাড়ির কুকুর হেটে যাওয়ার সময় আমার পায়ে কামছি দিয়েছে নখ দিয়ে আমার পায়ে । রক্ত বের হয়নি , কিন্তু চামড়া ছুলেছে এবং জলেছে । এখন আমি কি ইঞ্জেকশন নিব ? ? ",O O O O O O O O O O O O O O O O O O O O O O O O O O B-Medicine O O O O O O O O O O O O O O O O O O O B-Health_Condition I-Health_Condition I-Health_Condition I-Health_Condition I-Health_Condition I-Health_Condition I-Health_Condition O B-Symptom I-Symptom I-Symptom I-Symptom I-Symptom I-Symptom I-Symptom I-Symptom I-Symptom O O O O O O O O,O O O O O O O O O O O O O O O O O O O O O O O O O O B-Medicine O O B-Dosage I-Dosage O B-Health_Condition O O O B-Dosage I-Dosage O O O O O O O O O O O O O O O O O O O O O O O O O O O O O O O O O,Medicine,1.979942182000059,,636.0
"amar 2 din age ratre khub jor aschilo pray 102 . sokale abar thik hoe jy tobe mathy r cokhe ank betha kore . pordin jor aseni . tobe tarpor din dupure khaoar por jor ase , tokhn napa extra khele sondhy sob thik hoe jy . tobe aktu ghorer modde thaki . aj k dupure abaro jor ase 101 . napa kheyeci . mane 2 din dupure jor asce sondhy abar kome jy . ki korte pari ? ",O O O O O B-Symptom I-Symptom I-Symptom I-Symptom I-Symptom O O O O O O O B-Symptom I-Symptom I-Symptom I-Symptom I-Symptom O O O O O O O O B-Symptom I-Symptom I-Symptom I-Symptom I-Symptom O O O B-Medicine I-Medicine O O O O O O O O B-Symptom I-Symptom I-Symptom I-Symptom O O O O O B-Symptom I-Symptom I-Symptom O B-Medicine O O O B-Symptom I-Symptom I-Symptom I-Symptom I-Symptom I-Symptom I-Symptom I-Symptom I-Symptom O O O O O,O O O O O O B-Symptom O O B-Symptom I-Symptom O O O O O O O O O O B-Symptom I-Symptom O O O B-Symptom O O O O O O O B-Symptom O O O B-Medicine O O O O O O O O O O O O O O O O O O O B-Symptom O B-Symptom I-Symptom O B-Medicine O O O O O O O O O O O O O O O,Symptom,10.631093211000008,,637.0
"গ্রাহক , ডাক্তার ভাইকে প্রশ্ন করার জন্য আপনাকে ধন্যবাদ । এই রিপোর্ট আস্তে ৩ দিন সময় লাগে",O O O O O O O O O O O O O O O O O,O O O O O O O O O O O O O O O O O,,2.479749623999851,,638.0
আপনাকে ধন্যবাদ প্রশ্ন করার জন্য । আপনি ইতিমধ্যে প্রাথমিক চিকিৎসা আপনার মেয়েকে দিয়েছেন । সবজি পানি বেশি করে পান করান । একজন শিশু সার্জারি বিশেষজ্ঞের পরামর্শ নিন । ধন্যবাদ,O O O O O O O O O O O O O O O O O O O O O O B-Specialist I-Specialist I-Specialist O O O O,O O O O O O O O B-Medical_Procedure I-Medical_Procedure O O O O B-Medicine I-Medicine O O O O O O B-Specialist I-Specialist I-Specialist O O O O,Specialist,42.85827425899993,,639.0
"দুইদিন ধরে গলা ব্যাথা হচ্ছে অনেক , আজ সকাল থেকে আবার গলার এক পাসে ব্যাথা হচ্ছে . . কি মেডিসিন খাবো এটার জন্য ? ",O O B-Symptom I-Symptom O O O O O O O B-Symptom I-Symptom I-Symptom I-Symptom O O O O O O O O O,O O B-Symptom I-Symptom O O O O O O O B-Symptom O O I-Symptom O O O O B-Medicine O O O O,Symptom,2.876689906000138,,640.0
"১ম দিনে গোসল এর পর থেকে সর্দি + জ্বর ১০১ পর্যন্ত সকাল বিকাল উঠে + ৩য় দিনে আজ গলা ব্যাথা । কি খেতে হবে ? ঘরে নাপা এক্সট্রা , হিসটাসিন আছে । কয়বেলা কতদিন খাবো ? ",O O O O O O B-Symptom O B-Symptom I-Symptom O O O O O O O O B-Symptom I-Symptom O O O O O O B-Medicine I-Medicine O B-Medicine O O O O O O,O O O O O O O O O O O O O O O O O O O O O O O O O O O O O O O O O O O O,Symptom,4.456050656999878,,641.0
"আমার মেয়ের বয়স দেড় বছর , আগে কয়েক বার খিচুনি হয়েছিল । ডাক্তার দেখিয়েছি বারবিট ট্যাবলেট দিয়েছে , নিয়মিত খাওয়াচ্ছি , ১০দিন আগে একবার খিচুনি হয়েছে ২মিনিট ছিলো । আজকে আবার হয়েছে ৪ মিনিট ছিলো খিচুনির সময় বাম হাত পা কাপে পরে স্বাভাবিক হয়ে গেছে । এখন করনীয় কি ? ",O O O B-Age I-Age O O O O B-Symptom O O O O B-Medicine I-Medicine O O O O O O O O B-Symptom O O O O O O O O O O B-Symptom O B-Symptom I-Symptom I-Symptom I-Symptom O O O O O O O O O,O O B-Age I-Age I-Age O O O O B-Symptom O O O O B-Medicine I-Medicine O O O O O O O O B-Symptom O O O O O O O O O O B-Symptom O O O O O O O O O O O O O O,Symptom,6.652843509999912,,642.0
"আমার মাঝেমধ্যে মাথা ব্যাথা করে । তখন হালকা সর্দি সর্দি মনে হয় । এই ব্যাথা হলে শুয়ে থাকা যয়না । শুয়ে থাকলে মাথা আরো বেশী ভার হয়ে যায় । ব্যাথা বেশী হলে মাঝেমাঝে বমি হয় কখনো কখনো একাধিকবার । এটা কি ধরনের সমস্যা , স্যার ? আর এ থেকে পরিত্রানের উপায় কি ? ",O O B-Symptom I-Symptom O O O O B-Symptom I-Symptom I-Symptom I-Symptom O O B-Symptom O O O O O B-Symptom I-Symptom I-Symptom I-Symptom I-Symptom I-Symptom I-Symptom I-Symptom O B-Symptom O O O B-Symptom O O O O O O O O O O O O O O O O O O O,O O O O O O O O O O O O O O O O O O O O O O O O O O O O O O O O O O O O O O O O O O O O O O O O O O O O O,Symptom,7.870689877000132,,643.0
"আমার ১২ দিন আগে , কোষ্ঠকাঠিন্য মতো হয়েছিল । ঐদিন পায়খানার সাথে একটু রক্ত পড়েছিল । তারপর থেকে মল ত্যাগ করতে গেলে কষ্ট হয় । ব্যাথা অনুভূত হয় । মাঝে মাঝে রক্ত ও পড়ে । কি করণীয় আমাকে দয়া করে বলুন । ধন্যবাদ । ",O O O O O B-Health_Condition O O O O B-Symptom I-Symptom I-Symptom I-Symptom I-Symptom O O O B-Symptom I-Symptom I-Symptom I-Symptom I-Symptom I-Symptom O B-Symptom O O O O O B-Symptom I-Symptom I-Symptom O O O O O O O O O O,O O O O O O O O O O O O O O O O O O O O O O O O O O O O O O O O O O O O O O O O O O O O,Symptom,6.407983770000101,,644.0
"আমার বেবির বয়স ৬ + , , সে প্রায় প্রতিদিনই সকালে উঠে পেট ব্যাথার কথা বলে , , সমাধান কি ? ? ",O O O B-Age I-Age O O O O B-Symptom I-Symptom I-Symptom I-Symptom I-Symptom O O O O O O O O,O O O O O O O O O O O O O O O O O O O O O O,Age,2.940997203000052,,645.0
"আমার বেশ কিছুদিন যাবত কানের ভিতরে ব্যাথা , কিছুটা চুলকানির মত । গলায় হালকা টনসিলের সমস্যাও আছে । তাই গর গর করলে এবং আঙ্গুল দিয়ে কান ঝাকালেএকটু আরাম লাগে । দুই কানেই সমস্যা কিন্তু ডান কানের তুলনায় বাম কানে একটু বেশি সমস্যা । দিনের তুলনায় রাতে গুমালে বেশি ব্যাথা অনুভব হয় । রাতে পানির মত কিছু একটা আসে কান ভিজা ভিজা লাগে , এবং তখন হালগা ব্যাথা করে , গলাও চুলকায় মনে হয় । কানে শুনতে কোন সমস্যা হয় না । মনে হয় কানের ভিতরে কিছু হাটা হাটি করে । এখন আমি কি করতে পারি ? ",O O O O B-Symptom I-Symptom I-Symptom O O B-Symptom O O B-Symptom I-Symptom I-Symptom I-Symptom O O O O O O O O O O O O O O O O O O O O O O O O O O O O O O O O B-Symptom O O O O B-Symptom I-Symptom I-Symptom I-Symptom I-Symptom I-Symptom I-Symptom I-Symptom I-Symptom O O O O B-Symptom O O B-Symptom I-Symptom O O O O O O O O O O O O O O O O O O O O O O O O O,O O O O B-Symptom I-Symptom I-Symptom O O I-Symptom O O B-Symptom O B-Health_Condition I-Health_Condition O O O O O O O O O O O O O O O O B-Health_Condition O O O O O O O O O O O O O O O O B-Symptom O O O O O O O O O O O O O O O O O O O O O O O O O O O O O O O O O O O O O O O O O O O O O O,Symptom,14.239127134,,646.0
আপনাকে ধন্যবাদ প্রশ্ন করার জন্য । যেহেতু আপনার গ্যারটিকের সমস্যা আছে বলছেন তাই ফল খাবার পরে খেলেই ভাল । ধন্যবাদ । ,O O O O O O O O O O O O O O O O O O O O O,O O O O O O O O O O O O O O O O O O O O O,,2.5407044010000845,,647.0
ডাক্তার ভাইতে প্রশ্ন করার জন্যে আপনাকে ধন্যবাদ । আপনি ব্যায়ামের পাশাপাশি tab - neuro b 1 + 0 + 1 ১ মাস খেয়ে দেখতে পারেন । গরম শেক দিবেন । ,O O O O O O O O O O O B-Medicine I-Medicine I-Medicine I-Medicine B-Dosage I-Dosage I-Dosage I-Dosage I-Dosage I-Dosage I-Dosage O O O O O O O O,O O O O O O O O O O O O O O O O O O O O O O O O O O O O O O,Medicine,4.233504324000023,,648.0
আপনাকে ধন্যবাদ প্রশ্ন করার জন্য । Syp . Hunycof ২ চামচ করে দিনে তিন বার খান । ধন্যবাদ । ,O O O O O O B-Medicine I-Medicine I-Medicine O B-Dosage I-Dosage I-Dosage I-Dosage I-Dosage O O O O,O O O O O O B-Medicine O B-Medicine B-Dosage I-Dosage O O B-Dosage I-Dosage O O O O,Medicine,7.972966443000132,,649.0
ডাক্তারভাইকে প্রশ্ন করার জন্য ধন্যবাদ । বাচ্চাকে ঘন ঘন বুকের দুধ টানাবেন । বাচ্চার মা যেন ঠিকমত খায় সে দিকে লক্ষ্য রাখবেন । Tab Omidon 10mg 1 + 1 + 1 after meal খাবেন । ২ / ৩ দিন পরও যদি বুকের দুধ না আসে সে ক্ষেত্রে অবশ্যই গাইনী ও অবস . ডাক্তারের পরামর্শ নিবেন । ধন্যবাদ । ,O O O O O O O O O O O O O O O O O O O O O O O B-Medicine I-Medicine I-Medicine B-Dosage I-Dosage I-Dosage I-Dosage I-Dosage O O O O O O O O O O O O O O O O O B-Specialist O O O O O O O O O,O O O O O O O O O O O O O O O O O O O O O O O O O O O O O O O O O O O O O O O O O O O O O O O O O O O O O O O O O O,Medicine,98.10244501499984,,650.0
"Thank you for your question . This may take 1 / 2days . If the baby is in hospital , they will check whether anus and urethral opening is alright or not . Also look for belly distension . Thank you",O O O O O O O O O O O O O O O O O O O O O O O O O O O O O O O O O O O O O O O O O,O O O O O O O O O O O O O O O O O O O O O O O B-Symptom O B-Symptom I-Symptom O O O O O O O O B-Symptom I-Symptom O O O O,,5.190717338000013,,651.0
আমার অন্ডোকষে কয়েকটা গোটা বা ফোড়া হয়েছে অনেক দিন থেকে । মাঝে মাঝে সাদা শালবের হয় । আমি কি করবো জানাবেন ? ,O B-Symptom I-Symptom I-Symptom I-Symptom I-Symptom I-Symptom O O O O O O B-Symptom I-Symptom O O O O O O O,O O O O O O O O O O O O O O O O O O O O O O,Symptom,2.9142430489998787,,652.0
আপনাকে ধন্যবাদ প্রশ্ন করার জন্য । আপনার ঘুমের উল্টা পাল্টা হয়েছে কিনা তা লক্ষ করুন । ঠান্ডা পানির সেক দিন । যেহেতু বার বার হচ্ছে তাই একজন অর্থপেডিক্স বিশেষজ্ঞ চিকিৎসক কে দেখিয়ে নিতে পারেন । ধন্যবাদ । ,O O O O O O O O O O O O O O O O O O O O O O O O O O O B-Specialist I-Specialist O O O O O O O O,O O O O O O O O O O O O O O O O O O B-Medical_Procedure O O O O O O O O B-Specialist I-Specialist I-Specialist O O O O O O O,Specialist,2.3683677269998498,,653.0
"01 . 7 mash baccar adorsho ojon koto hote pare ? ai babuke ki gorur dut khano jabe , ar kon theke tar adorsho pustigunagun ki kabar hote pare ? ",O O B-Age I-Age O O O O O O O O O O O O O O O O O O O O O O O O O O,O O O O O O O O O O O O O O O O O O O O O O O O O O O O O O,Age,6.297804110000016,,654.0
সর্দি জ্বর দুইদিন যাবত খুস খুশি কাশি নাপা এক্সট্রা খাচ্ছি এখন কি খাব কি ওষুধ খাবো । ,B-Symptom B-Symptom O O B-Symptom I-Symptom I-Symptom B-Medicine I-Medicine O O O O O O O O,B-Symptom I-Symptom B-Age O O O B-Symptom B-Medicine I-Medicine O O O O O B-Medicine O O,Symptom,2.1721794299996877,,655.0
"আমার এক আত্মীয় মহিলা বয়স ৫০ বছর । ডায়াবেটিস আছে , এবং দিনে ৪০ - ৫০ বার প্রস্রাব হচ্ছে । পাথরকুচি পাতার রস খেলে সমস্যা বা ইনফেকশন হতে পারে ? ",O O O O O B-Age O O B-Health_Condition O O O B-Symptom I-Symptom I-Symptom I-Symptom I-Symptom I-Symptom O O O O O O O O O O O O,O O O O O O O O O O O O O O O O O O O O O O O O O O O O O O,Age,3.6090037760000087,,656.0
"ধন্যবাদ আপনার প্রশ্নের জন্য । ইনফেকশন থাকতে পারে , টেস্ট করে নিশ্চিত হতে হবে । ব্যাথা হলে নাপা খাবেন , গরম সেঁক দিবেন । ধন্যবাদ",O O O O O O O O O O O O O O O O O B-Medicine O O O O O O O,O O O O O B-Health_Condition O O O B-Medical_Procedure O O O O B-Symptom O B-Medicine O O O O O O O O,Medicine,3.994630467999741,,657.0
আমার মেয়ের বয়স ৮ মাস আমি রাতে ওকে প্যামপাশ পরিয়ে রাখি কয়দিন ধরে দেখতে পাচ্ছি ও একটা জায়াগায় লাল রংয়ের ফোকসার মত ব্যাথা নাই এখন এখানে কি মেডিসিন আমি দিতে পারি,O O O B-Age I-Age O O O O O O O O O O O B-Symptom I-Symptom I-Symptom I-Symptom I-Symptom I-Symptom I-Symptom I-Symptom O O O O O O O,O O O O O O O O O O O O O O O O O O O O O O O O O O O O O O O,Age,4.007126534000236,,658.0
আপনাকে প্রশ্ন করার জন্য ধন্যবাদ । আপনার প্রশ্ন টি ভালভাবে বুঝতে পারছি না । দয়াকরে ভাল ভাবে এবং যথা সম্ভব বেশি তথ্য দিয়ে প্রশ্ন করুন । একজন যৌন ডাক্তারের পরামর্শ নিতে পারেন । ধন্যবাদ,O O O O O O O O O O O O O O O O O O O O O O O O O O O B-Specialist I-Specialist O O O O O,O O O O O O O O O O O O O O O O O O O O O O O O O O O B-Specialist I-Specialist O O O O O,Specialist,1.7548101600000336,,659.0
Pain all over the body including left arm joint and finger joint & around the waist . what should I do . ,B-Symptom I-Symptom I-Symptom I-Symptom I-Symptom I-Symptom I-Symptom I-Symptom I-Symptom I-Symptom I-Symptom I-Symptom I-Symptom I-Symptom I-Symptom I-Symptom O O O O O O,B-Symptom O O O O O O O O O O O O O O O O O O O O O,Symptom,2.6656253189999006,,660.0
I ' m 34 kgs over weighted . how can i reduce weight ? ,O O O O O O O O O O O O O O,O O O B-Age I-Age O B-Symptom O O O O O B-Symptom O,,1.5196173700001054,,661.0
গত দুইদিন ধরে পিঠে এবং পেটে লাল লাল ফুসকুড়ি উঠেছেl এখনো চুলকায় এবং জলেl এখন কি করতে পারি ? ,O O O B-Symptom I-Symptom I-Symptom I-Symptom I-Symptom I-Symptom I-Symptom O B-Symptom O O O O O O O,O O O O O O O O B-Symptom O O O O O O O O O O,Symptom,0.9921973440000328,,662.0
"amar proscription koi , doctor too bollo 10 minute er moddhe proscription pabe",O O O O O O O O O O O O O,O O O O O O O O O O O O O,,2.9560549539996828,,663.0
"ডাক্তার ভাই কে প্রশ্ন করার জন্য ধন্যবাদ । , এক্ষণ হাসপাতাল নিয়ে যান , ধন্যবাদ । ",O O O O O O O O O O O O O O O O,O O O O O O O O O O O O O O O O,,2.385110471999724,,664.0
আমার গতকাল থেকে গলায় ব্যাথা ৷ ঢোগ গিলতে গেলে ব্যাথা লাগছে ৷ টনসিল ফুলে গেছে ৷ গায়ে জর নেই তবে ব্যাথা আছে ৷ কি মেডিসিন খাব ? ,O O O B-Symptom I-Symptom O B-Symptom I-Symptom I-Symptom I-Symptom O O B-Symptom I-Symptom I-Symptom O O B-Symptom O O B-Symptom O O O O O O,O O O O B-Symptom O O O O B-Symptom O O B-Health_Condition O O O O B-Symptom O O B-Symptom O O O B-Medicine O O,Symptom,2.5393499870001506,,665.0
ডাক্তার ভাইকে প্রশ্ন করার জন্য ধন্যবাদ । আপনার বাচ্চার যেহেতু আট মাস ধরে ঠান্ডা যেহেতু আপনি অবশ্যই একজন শিশু বিশেষজ্ঞের পরামর্শ নিন । ধন্যবাদ,O O O O O O O O O O B-Age I-Age O B-Symptom O O O O B-Specialist I-Specialist O O O O,O O O O O O O O O O O O O O O O O O O O O O O O,Age,3.148335250999935,,666.0
আমার মায়ের বয়স ৫২ বছর । তিনি অসুস্থ হওয়া প্রথমে একজন ডাক্তার দেখানোর পর ডাক্তার বলেছিলো পেটে গ্যাস আর প্রসাবে ইনফেকশন হয়েছে । সেই অনুয়ায়ী ওষধ দেন । কিন্তু পরে পেটা ডান সাইডে প্রচন্ড ব্যথা থাকায় বরিশাল মেডিকেলে নিয়ে যাই । সেখানে তিন দিন ভর্তি ছিলো । পেটে ব্যথা কমার কারনে ডাক্তার ছুটি দিয়ে দেয় । তখনই ডাক্তার কে বলেছিলাম গলায় ব্যথা করছে । ডাক্তার নিচে ওষুধ গুলো দিয়ে ছুটে দিয়ে দেয় । ১ । Omidon ( 5mg ) 2 ciprox ( 500mg ) 3 . pren at - CI 4 . Viset ( 50mg ) ওষুধ গুলো চলছে । এখন মুখে জিবায়ে গা হইছে । কিছু খাইতে পারে না । গলায় ব্যথা ও আছে । ,O O O B-Age I-Age O O O O O O O O O O O B-Health_Condition I-Health_Condition O B-Health_Condition I-Health_Condition O O O O O O O O O B-Symptom I-Symptom I-Symptom I-Symptom I-Symptom O O O O O O O O O O O O O O O O O O O O O O O O O B-Symptom I-Symptom I-Symptom O O O O O O O O O O O O B-Medicine I-Medicine I-Medicine O O B-Medicine I-Medicine I-Medicine I-Medicine O O B-Medicine I-Medicine I-Medicine I-Medicine O O B-Medicine I-Medicine I-Medicine I-Medicine O O O O O B-Symptom I-Symptom I-Symptom I-Symptom O O B-Symptom I-Symptom I-Symptom O B-Symptom I-Symptom O O O,O O O O O O O O O O O O O O O O O O O O O O O O O O O O O O O O O O O O O O O O O O O O O O O O O O O O O O O O O O O O O O O O O O O O O O O O O O O O O O O O O O O O O O O O O O O O O O O O O O O O O O O O O O O O O O O O O O O O,Symptom,9.94145996899988,,667.0
"ডাক্তার ভাই কে প্রশ্ন করার জন্য ধন্যবাদ । syp , tofen 1 / 4 চামচ করে তিন বেলা খাওয়াবেন ঠান্ডা ও ধুলা বালি থেকে দুরে রাখবেন । ",O O O O O O O O B-Medicine I-Medicine I-Medicine B-Dosage I-Dosage I-Dosage I-Dosage I-Dosage I-Dosage I-Dosage O O O O O O O O O,O O O O O O O O B-Medicine O B-Medicine B-Dosage I-Dosage I-Dosage I-Dosage O O O B-Symptom O O O O O O O O,Medicine,1.473733707000065,,668.0
"গত 02 . 04 . 2021 তারিখে আমার হঠাৎ অনেক জ্বর আসে ও সেই সঙ্গে মেরুদন্ড সহ সমস্ত শরীর এ প্রচন্ড ব্যাথা অনুভব করি । নাপা খাবার পর বর্তমানে জ্বর নাই । তবে হালকা কাশি সহ ঠান্ডা আছে সেই সাথে সর্দি আছে । শরীরের উপরে জোরে চাপ দিলে ব্যথা অনুভূত হয় না , তবে হালকা টাচ লাগলেই মনে হয় চামড়া উঠে যাবে ও মেরুদন্ডের মধ্যে প্রচন্ড ব্যথা অনুভুত হচ্ছে । আমি বর্তমানে বসে কোন কাজ করতে পারছিনা । এ অবস্থায় আমি কি করবো ? ",O O O O O O O O O B-Symptom I-Symptom O O O O B-Symptom I-Symptom I-Symptom I-Symptom I-Symptom I-Symptom I-Symptom O O O B-Medicine O O O B-Symptom O O O B-Symptom I-Symptom I-Symptom I-Symptom O O O B-Symptom O O O O O O O B-Symptom I-Symptom O O O O O O O O O B-Symptom I-Symptom I-Symptom O B-Symptom I-Symptom I-Symptom I-Symptom I-Symptom O O O O O O B-Symptom I-Symptom I-Symptom O O O O O O O,O O O O O O O O O O O O O O O O O O O O O O O O O O O O O O O O O O O O O O O O O O O O O O O O O O O O O O O O O O O O O O O O O O O O O O O O O O O O O O O O O O O O,Symptom,12.959724665000069,,669.0
"ধন্যবাদ আপনার প্রশ্নের জন্য । ফাটিয়ে দিবেন না । ইনফেকশন হয়ে যাবে । আপাতত এলারজি উদ্রেককারী খাবার , ধূলাবালি এড়িয়ে চলুন । । এলাট্রল খান । না দেখে সমাধান দেয়া যাচ্ছে না । সরাসরি চর্মরোগ বিশেষজ্ঞ দেখিয়ে পরামর্শ নিতে হবে ধন্যবাদ",O O O O O O O O O B-Health_Condition O O O O O O O O O O O O O B-Medicine O O O O O O O O O O B-Specialist I-Specialist O O O O O,O O O O O O O O O B-Health_Condition I-Health_Condition I-Health_Condition O O B-Symptom I-Symptom O O O O O O O B-Medicine O O O O O O O O O O B-Specialist O O O O O O,Health Condition,2.3504525280000053,,670.0
আপনাকে ধন্যবাদ প্রশ্ন করার জন্য । এটা লিভারের একটি বিশেষ ধরনের রোগ প্রাইমারি বিলিয়ারি কোলেনজাইটিস এর কারনে দেয়া হয় । rocovas 5 mg খেলে রক্তে চর্বি কমার ঔষধ । ধন্যবাদ । ,O O O O O O O O O O O O B-Health_Condition I-Health_Condition I-Health_Condition O O O O O B-Medicine I-Medicine I-Medicine O B-Symptom I-Symptom O O O O O,O O O O O O O O O O O B-Health_Condition I-Health_Condition I-Health_Condition I-Health_Condition O O O O O B-Medicine B-Dosage I-Dosage O O O O B-Medicine O O O,Health Condition,1.7468362820000038,,671.0
আমার স্ত্রীর নাম < NAME > । বয়স ৩৬ বছর । সে দিনে স্বাভাবিক কাজকর্ম করলে তেমন সমস্যা হয় না । কিন্তু রাতে ঘুমাতে যাওয়ার সময় রাত বৃদ্ধির সাথে সাথে হাতের মাংসপেশিতে প্রচন্ড ব্যাথা ও জ্বালাপোড়া করে । সাথে সাথে হাতের তালু ও আঙ্গুল অবশ হয়ে যায় । উল্লেখ্য যে তার থাইরক্সের সমস্যা আছে । এই অবস্থায় করণীয় কি । দয়া করে জানাবেন । ,O O O O O O O O B-Age I-Age O O O O O O O O O O O O B-Symptom I-Symptom I-Symptom I-Symptom I-Symptom I-Symptom I-Symptom I-Symptom I-Symptom I-Symptom I-Symptom I-Symptom I-Symptom I-Symptom I-Symptom I-Symptom I-Symptom I-Symptom I-Symptom I-Symptom I-Symptom I-Symptom I-Symptom I-Symptom I-Symptom O O O O B-Health_Condition I-Health_Condition O O O O O O O O O O O,O O O O O O O O O O O O O O O O O O O O O O O O O O O O O O O O O O O O O O O O O O O O O O O O O O O O O O O O O O O O O O O O,Age,12.485332370999911,,672.0
"ডাক্তার ভাইতে প্রশ্ন করার জন্য আপনাকে ধন্যবাদ । tab - Naprosyn 500 mg 1 + 0 + 1 ভরা পেটে ১০ দিন cap - maxpro 20 mg 1 + 0 + 1 , খাবার আগে ১০ দিন । খাবেন । ",O O O O O O O O B-Medicine I-Medicine I-Medicine I-Medicine I-Medicine B-Dosage I-Dosage I-Dosage I-Dosage I-Dosage I-Dosage I-Dosage I-Dosage I-Dosage B-Medicine I-Medicine I-Medicine I-Medicine I-Medicine B-Dosage I-Dosage I-Dosage I-Dosage I-Dosage I-Dosage I-Dosage I-Dosage I-Dosage I-Dosage O O O,O O O O O O O O O O B-Medicine B-Dosage I-Dosage B-Dosage O B-Dosage O I-Dosage O O B-Dosage I-Dosage O O B-Medicine B-Dosage I-Dosage B-Dosage O B-Dosage O I-Dosage O O O B-Dosage I-Dosage O O O,Medicine,7.99984916700032,,673.0
"আমার বাবার ( বয়স - ৬৫ , কোন স্ব্যাস্থ সমস্যা নেই ) গত ৫ / ৬ দিন ধরে খাওয়ার পরপরই গ্যাসের সমস্যা হয় এবং শরীর খুব দুর্বল হয়ে যায় । ফলে ঠিকমতো খাওয়াও হয় না । এ অবস্হায় কি করনীয় দয়া করে বলবেন । ",O O O O O B-Age O O O O O O O O O O O O O O B-Symptom I-Symptom O O B-Symptom I-Symptom I-Symptom O O O O O O O O O O O O O O O O O,O O O O O O O O O O O O O O O O O O O O O O O O O O O O O O O O O O O O O O O O O O O O,Symptom,9.01622043999987,,674.0
"আপনাকে ধন্যবাদ প্রশ্ন করার জন্য । আপনি গরম পানি দিয়ে আদা , মধু , লেবু খান । ধুমপান করলে তা বন্ধ করুন । ধন্যবাদ । ",O O O O O O O O O O O O O O O O O O O O O O O O O,O O O O O O O O O O O O O O O O O O O O O O O O O,,4.405698087000019,,675.0
লিভার সিরোসিস সমস্যার জন্য ভাল চিকিৎসকগনের ঠিকানা ও চেম্বার সম্পর্কে জানা যাবে ? ,B-Health_Condition I-Health_Condition O O O O O O O O O O O,B-Health_Condition I-Health_Condition O O O O O O O O O O O,Health Condition,1.3210936309997123,,676.0
"আপনাকে ধন্যবাদ প্রশ্ন করার জন্য । দুধ , পনির , সামুদ্রিক মাছ , ছোট মাছ , হাঁড় , সূর্যের আলোতে ভিটামিন ডি পাওয়া যায় । শীতকালে ঠোটে ভেসেলিন লাগাবেন । পাবি বেশি করে পান করুন । ধন্যবাদ । ",O O O O O O O O O O O O O O O O O O O O O O O O O O O O O O O O O O O O O O,O O O O O O O O O O O O O O O O O O B-Medicine I-Medicine O O O O O B-Medicine O O O O O O O O O O O O,,1.3784702240000115,,677.0
"Daktar bhai ke question korar jonno dhonnobad . Liquid Entacid 4 spoon 6 hrly 7 days . . Tab Omidon 1 + 1 + 1 , 14 days before food . Thanks . ",O O O O O O O O B-Medicine I-Medicine B-Dosage I-Dosage I-Dosage I-Dosage I-Dosage I-Dosage O O B-Medicine I-Medicine B-Dosage I-Dosage I-Dosage I-Dosage I-Dosage I-Dosage I-Dosage I-Dosage O O O O O,O O O O O O O O B-Medicine I-Medicine B-Dosage I-Dosage B-Dosage I-Dosage B-Dosage I-Dosage O O B-Medicine I-Medicine B-Dosage O I-Dosage O I-Dosage O B-Dosage I-Dosage O O O O O,Medicine,6.21197324700006,,678.0
৮ - ৯মাস যাবত খেয়াল করছি আমার মুখের ভিতরে মাসখানেক পরপর ঐ আলসার হয় । মুখের ভিতরে ঠোঁটের দুই কোণার কিছুটা পিছনে দুটি গোটাঁর মতন হয় আছে । ঘাঁ হয়ে ঠোঁট কিছুটা বন্ধ হয়ে গেছে নাকি এলার্জি থেকে হয়েছে কিছুই বুঝতে পারছি না । সমস্যাটি দুই বছর ধরে । এতদিন বুঝতে পারিনি । তবে যখন আলসারের জন্য ভিটামিন ' বি জাতীয় ওষুধ খাই তখন ঠোঁটের দুই দিকের দুই কোণায় চুলকোয় । এই কারণেই কি আলসার হচ্ছে ? আর এখন আমি কি করব ? ,O O O O O O O B-Health_Condition I-Health_Condition I-Health_Condition I-Health_Condition I-Health_Condition I-Health_Condition I-Health_Condition O B-Symptom I-Symptom I-Symptom I-Symptom I-Symptom I-Symptom I-Symptom I-Symptom I-Symptom I-Symptom I-Symptom I-Symptom O O B-Symptom I-Symptom I-Symptom I-Symptom I-Symptom I-Symptom O O O O O O O O O O O O O O O O O O O O B-Health_Condition O B-Medicine I-Medicine I-Medicine I-Medicine I-Medicine O O B-Symptom I-Symptom I-Symptom I-Symptom I-Symptom I-Symptom O O O O B-Health_Condition O O O O O O O O,O O O O O O O O O O O O O O O O O O O O O O O O O O O O O O O O O O O O O O O O O O O O O O O O O O O O O O O O O O O O O O O O O O O O O O O O O O O O O O O O O O O,Health Condition,7.34221255500006,,679.0
Thanks for questioning to daktervai . Use burna ointment over the affected area if there is any redness and irritation,O O O O O O O O O O O O O O O O O B-Symptom O B-Symptom,O O O O O O O O O O O O O O O O O O O O,Symptom,3.9313052170000446,,680.0
ডাক্তার ভাই ‌কে প্রশ্ন করার জন্য ধন্যবাদ । Tab . Entacyd plus 1 + 0 + 1 খাবার পর খাবেন ১৪ দিন এবং Tab . Acifix 20 mg 1 + 0 + 1 খাবার ২০ মিনিট আগে খাবেন ১৪ দিন । সমস্যা হলে আমাদের সাথে যোগাযোগ করবেন । ধন্যবাদ,O O O O O O O O B-Medicine I-Medicine I-Medicine I-Medicine B-Dosage I-Dosage I-Dosage I-Dosage I-Dosage O O O B-Dosage I-Dosage O B-Medicine I-Medicine I-Medicine I-Medicine I-Medicine B-Dosage I-Dosage I-Dosage I-Dosage I-Dosage O O O O O B-Dosage I-Dosage O O O O O O O O O,O O O O O O O O O O B-Medicine I-Medicine B-Dosage O I-Dosage O O O O B-Dosage I-Dosage O O O B-Medicine I-Medicine I-Medicine B-Dosage O I-Dosage O O O B-Dosage I-Dosage I-Dosage O O B-Dosage I-Dosage O O O O O O O O O,Dosage,38.09499372000028,,681.0
আমার ছেলের বয়স ৩৪ মাস । গত ২০ দিন পূর্বে ডিলিনটিন সিরাপ ১ চা চামচ সেবন করায় । তার ৪ - ৫ দিন পর জ্বর সর্দি হওয়ায় অন্য ঔষধ চলার কারনে আর ডিলিনটিন সিরাপ সেবন করাতে পারি নায় । এখন সে রাতে গুমের মাঝে দাঁত কামরায় মাঝে মধ্যে পায়খানার রাস্তায় চুলকায় । এখন কি করতে পারি পরামর্শ চায় । ,O O O B-Age I-Age O O O O O B-Medicine I-Medicine B-Dosage I-Dosage I-Dosage O O O O O O O O O B-Symptom B-Symptom O O O O O O B-Medicine I-Medicine O O O O O O O O O O O O O O O O O O O O O O O O O,O O O B-Age I-Age O O O O O B-Medicine I-Medicine B-Dosage I-Dosage I-Dosage O O O O O O O O O B-Symptom I-Symptom O O O O O O B-Medicine I-Medicine O O O O O O O O O O O O O O O O O B-Symptom O O O O O O O,Medicine,11.97001787399995,,682.0
"আমার শরীর খুব দূবল অনুভব করি , কাজ করতে শক্তি পায়না , সবসময় শুয়ে থাকতে মন চায় । উল্লেখ্য আমি প্রচুর পরিমানে পানি পান করি , এবং সময় মত খাবার খায় । এ অবস্থায় আমি কি করতে পারি । ",O B-Symptom I-Symptom I-Symptom O O O B-Symptom I-Symptom I-Symptom I-Symptom O O O O O O O O O O O O O O O O O O O O O O O O O O O O,O O O B-Symptom I-Symptom O O O O B-Symptom I-Symptom O O O O O O O O O O O O O O O O O O O O O B-Health_Condition O O O O O O,Symptom,1.7617991840002103,,683.0
"ডাক্তার ভাইকে প্রশ্ন করার জন্য ধন্যবাদ । Tab . Napa Extend 665mg 1 + 1 + 1 if fever or pain , Tab . Fexo 120mg 1 + 0 + 1 5days",O O O O O O O B-Medicine I-Medicine I-Medicine I-Medicine I-Medicine B-Dosage I-Dosage I-Dosage I-Dosage I-Dosage O B-Symptom O B-Symptom O B-Medicine I-Medicine I-Medicine I-Medicine B-Dosage I-Dosage I-Dosage I-Dosage I-Dosage I-Dosage,O O O O O O O O O O O O O O O O O O O O O O O O O O O O O O O O,Medicine,3.23603255099988,,684.0
"ডাক্তার ভাই কে প্রশ্ন করার জন্য ধন্যবাদ এই অবস্হায় সরাসরি না দেখে এবং পরীক্ষা না করে ঔষধ দেওয়া ঠিক হবেনা , আপনি হাসপাতালে যান এবং X - ray করানোর ব্যাবস্থা করুন আপনি একজন Orthopedics specialist এর পরামর্শ নিতে পারেন ধন্যবাদ । ",O O O O O O O O O O O O O O O O O O O O O O O O O B-Medical_Procedure I-Medical_Procedure I-Medical_Procedure O O O O O B-Specialist I-Specialist O O O O O O,O O O O O O O O O O O O O O O O B-Medicine O O O O O O O O B-Medical_Procedure I-Medical_Procedure I-Medical_Procedure O O O O O B-Specialist I-Specialist O O O O O O,Medical Procedure,4.070314378000148,,685.0
"amar babar type 2 diabetic , ajke after meal measure korlo , result is 7 . 9 . is it normal ? ? ? , pls",O O B-Health_Condition I-Health_Condition I-Health_Condition O O B-Symptom I-Symptom I-Symptom I-Symptom I-Symptom I-Symptom I-Symptom I-Symptom I-Symptom I-Symptom O O O O O O O O O,O O B-Health_Condition I-Health_Condition I-Health_Condition O O O O O O O O O B-Dosage O I-Dosage O O O O O O O O O,Health Condition,2.479764069000339,,686.0
আপনাকে ধন্যবাদ প্রশ্ন করার জন্য । আপনি জ্বরের জন্য প্যারাসিটামল একটা বা দুইটা খেতে পারেন । এলার্জির জন্য এলাট্রল জাতীয় ঔষধ রাতে একটা করে খেতে পারেন । পানি বেশি করে পান করুন । একজন মেডিসিন ডাক্তারের পরামর্শ নিতে পারেন । ধন্যবাদ,O O O O O O O O O B-Medicine O O O O O O B-Health_Condition O B-Medicine O O O O O O O O O O O O O O O B-Specialist I-Specialist O O O O O,O O O O O O O B-Symptom O B-Medicine B-Dosage O B-Dosage O O O B-Health_Condition O B-Medicine I-Medicine I-Medicine O B-Dosage O O O O O O O O O O O B-Specialist I-Specialist O O O O O,Medicine,79.29299265099962,,687.0
"আমার ছেলের বয়স ১৩ মাস , কিছুক্ষণ আগে থেকে তার খুব জর , এবং সে খুব কান্না করতেছে । আমরা খুব আতংকে আছি । কি করবো এখন ? প্লিজ স্যার তারাতাড়ি জানাবেন । ",O O O B-Age I-Age O O O O O O B-Symptom O O O O B-Symptom O O O O O O O O O O O O O O O O,O O O O O O O O O O O O O O O O O O O O O O O O O O O O O O O O O,Symptom,4.60478103000014,,688.0
আপনাকে ধন্যবাদ প্রশ্ন করার জন্য । আপনি একজন দন্ত বিশেষজ্ঞ - কে সরাসরি দেখিয়ে এর সমাধান নিন । দীর্ঘ মেয়াদি চিকিৎসার মাধ্যমে এই সমস্যার সমাধান হয় । ধন্যবাদ । ,O O O O O O O O B-Specialist I-Specialist O O O O O O O O O O O O O O O O O O O,O O O O O O O O B-Specialist I-Specialist O O O O O O O O O O O O O O O O O O O,Specialist,1.5702431169997908,,689.0
আমার মিছেস এর মাসিক প্রায় ৩ মাস বন্ধো আছে । এখোন মাসিক ক্লিয়ার করতে আমার করনীয় কি ? ? ,O O O B-Symptom I-Symptom I-Symptom I-Symptom I-Symptom O O O O O O O O O O O,O O O O O O O O O O O O O O O O O O O,Symptom,5.793291821999901,,690.0
ডাক্তারভাইকে প্রশ্ন করার জন্য ধন্যবাদ । Asymptomatic / লক্ষণবিহীন হয়ে থাকলেও Covid Infection এর পর আপনাকে অন্তত ১০দিন isolation এ থাকতে হবে । সাধারণত Covid Infection এর পর রিপোর্ট negative হওয়া পর্যন্ত অপেক্ষা করতে হয় এবং negative হবার ২৮দিন পর করেনা টীকা নেয়ার পরামর্শ দেয়া হয় । সেক্ষেত্রে অপেক্ষা করুন এবং সম্পূর্ণ সুস্থ হবার পরেই টাকা গ্রহন করবেন । ধন্যবাদ । ,O O O O O O O O O O O B-Health_Condition I-Health_Condition O O O O O O O O O O O B-Health_Condition I-Health_Condition O O O O O O O O O O O O O O B-Medicine I-Medicine O O O O O O O O O O O O O O O O O O O,O O O O O O O O O O O O O O O O O O O O O O O O O O O O O O O O O O O O O O O O O O O O O O O O O O O O O O O O O O O O O,Health Condition,6.844654440999875,,691.0
স্যার . . . . . আমি ছেলে বয়স ১৯ । নিয়মিত দাঁত ব্রাশ করি না । সম্ভবত টানা মাস ৩ পর দাঁত ব্রাশ করলাম । এখন আমার মুখের নিচের সারির ডানপাশে সর্বশেষ যে দাঁতটা বিদ্যমান সেই দাঁতের গোড়ায় চারপাশে যে গোশত তার একপাশে ব্যথা করছে . . . . . . ,O O O O O O O O O B-Age O O O O O O O O O O O O O O O O O O B-Symptom I-Symptom I-Symptom I-Symptom I-Symptom I-Symptom I-Symptom I-Symptom I-Symptom I-Symptom I-Symptom I-Symptom I-Symptom I-Symptom I-Symptom I-Symptom I-Symptom O O O O O O O,O O O O O O O O O O O O O O O O O O O O O O O O O O O O O O O O O O O O O O O O O O O O O O O O O O O O,Age,4.97864562299992,,692.0
"ডাক্তার ভাই কে প্রশ্ন করার জন্য ধন্যবাদ । এটা নির্ভর করবে কত টুক পানি জমসে সেটার উপর । আমার তো কোন ধারনা নেই । কাজেই বলতে পারছি না । ধন্যবাদ , । ",O O O O O O O O O O O O O O O O O O O O O O O O O O O O O O O O,O O O O O O O O O O O O O O O O O O O O O O O O O O O O O O O O,,3.624247132000164,,693.0
আপনাকে ধন্যবাদ প্রশ্ন করার জন্য । আপনি ডমপেরিডন ১০ মিলিগ্রাম খেতে পারেন খাবার আগে ১টা করে ২ বার । মাল্টিভিটামিন খেতে পারেন । একজন মেডিসিন ডাক্তারের পরামর্শ নিন । ধন্যবাদ,O O O O O O O B-Medicine I-Medicine I-Medicine O O B-Dosage I-Dosage I-Dosage I-Dosage I-Dosage I-Dosage O B-Medicine O O O O B-Specialist I-Specialist O O O O,O O O O O O O O O O O O O O O O O O O O O O O O O O O O O O,Medicine,20.920289135000075,,694.0
Thank you for your question . Tab . Fexofast 0 + 0 + 1 . . . . . . . For 5 Days . Thank you . ,O O O O O O O O B-Medicine B-Dosage I-Dosage I-Dosage I-Dosage I-Dosage I-Dosage I-Dosage I-Dosage I-Dosage I-Dosage I-Dosage I-Dosage I-Dosage I-Dosage I-Dosage O O O O,O O O O O O O O B-Medicine B-Dosage O I-Dosage O I-Dosage O O O O O O O O B-Dosage I-Dosage O O O O,Medicine,2.7571500310000374,,695.0
"আমার বয়স ২৮ । আমার প্রায় ই মাথা ব্যাথা হয় । যেমন , রোদে গেলে , কান্না করলে , জোরে কথা বললে , হাইপার হলে এমন কি টেনশন করলেও মাথা ব্যাথা হয় । ডাক্তার দেখানোর পর মাইগ্রেন এর ব্যাথা এটা বলা হয় । কিন্তু গত কয়েকদিন যাবত মাথা ব্যাথা টা খুব বেড়ে গিয়েছে । কিছু বিষয় নিয়ে চিন্তা ও করছি । মাথা ব্যাথা টা অসহ্য রকমের । কাশি দিলে বা হাল্কা মাথা টা নড়ালেও ব্যাথা হয় । এখন এই অবস্থায় কি করতে পারি । ",O O B-Age O O B-Symptom I-Symptom I-Symptom I-Symptom I-Symptom O O O O O O O O O O O O O O O O O O O B-Symptom I-Symptom I-Symptom O O O O B-Health_Condition I-Health_Condition I-Health_Condition O O O O O O B-Symptom I-Symptom I-Symptom I-Symptom I-Symptom I-Symptom I-Symptom I-Symptom O O O O O O O O B-Symptom I-Symptom I-Symptom I-Symptom I-Symptom I-Symptom B-Symptom I-Symptom I-Symptom I-Symptom I-Symptom I-Symptom I-Symptom I-Symptom I-Symptom O O O O O O O O,O O O O O O O O O O O O O O O O O O O O O O O O O O O O O O O O O O O O O O O O O O O O O O O O O O O O O O O O O O O O O O O O O O O O O O O O O O O O O O O O O O O O,Symptom,8.016883821999727,,696.0
Thanks for your question to daktar Bhai . Please tell your wife to go to outside for 15 minute when there is sunlight . Thanks,O O O O O O O O O O O O O O O O O O O O O O O O O,O O O O O O O O O O O O O O O O O O O O O O O O O,,2.649670319000052,,697.0
"আমার বাচ্চার বয়স তিন মাস । খাওয়া দাওয়া ঠিক মত করে খেলা করে , কিন্তু প্রতিদিন পায়খানা করে না ডাক্তার ৩ - ৪ দিন পায়খানা না করলে সাপোজিটরি দিয়ে পায়খানা করতে বলেছে , এখন তো তিন চার দিন পর পর সাপোজিটরি দিয়ে পায়খানার অভ্যাস হয়ে গেছে , এইটা দীর্ঘমেয়াদে কোনো সমস্যা কি না",O O O B-Age I-Age O O O O O O O O O O O B-Symptom I-Symptom I-Symptom O O O O O O O O B-Medicine O O O O O O O O O O O O B-Medicine O O O O O O O O O O O O,O O B-Age I-Age I-Age O O O O O O O O O O O O O O O O O O O O O O B-Medicine O O O O O O O O O O O O B-Medicine O O O O O O O O O O O O,Medicine,6.300287419000142,,698.0
"প্রশ্ন করার জন্য ধন্যবাদ , ইসবগুলের ভুষি এক চামচ পরিমান এক গ্লাস পানিতে গুলিয়ে প্রতিদিন খাবেন । ভাজা , পোড়া ল , তেল চর্বি যুক্ত খাবার পরিহার করুন । আগামী কয়েক দিন শাক সবজি সমৃদ্ধ নরম খিচুড়ি জাতীয় খাবার খাবেন । ধন্যবাদ । ",O O O O O O O O O O O O O O O O O O O O O O O O O O O O O O O O O O O O O O O O O O O,O O O O O B-Medicine I-Medicine B-Dosage I-Dosage O B-Dosage I-Dosage O O O O O O O O O O O O O O O O O O O O O O O O O O O O O O O,,6.828825856000094,,699.0
শিশুদের কতদিন পরে পরে কৃমির ঔষধ খাওয়ানোর নিয়ম ? ,O O O O B-Medicine I-Medicine O O O,O O O O O O O O O,Medicine,3.063553216999935,,700.0
আমার বাচ্চার জন্য রাত জাগতে হয় তাই চোখের নিচে তিরিক্ত কালো হয়ে যাচ্ছে । কি করা উচিত আমার ? ,O O O O O O O B-Symptom I-Symptom I-Symptom I-Symptom O O O O O O O O,O O O O O O O B-Symptom I-Symptom O B-Symptom I-Symptom I-Symptom O O O O O O,Symptom,1.3297696750000796,,701.0
"আমার বয়স ২৭ , দীর্ঘদিন যাবৎ আমার লিঙ্গের অন্ডকোষের নিচের চামড়ার ওপর এক ধরনের প্রলেপ পরে , কিছুদিন পর সেটা শুকিয়ে যায় , আর তখন সেখানে হাত দিলে চামড়ার খোসা খোসা অংশ খসে পরে মলিন হয়ে যায় । এভাবে আবার প্রলেপ পরে . . . কিছুদিন পর আবার প্রলেপ শুকিয়ে যায় , ক্রমাগত এই সমস্যা টি আমার দীর্ঘদিন যাবৎ হয়ে আসছে , অনেক দিন আগে একজন এমবিবিএস ডাক্তার এর পরামর্শে ওষুধ খেয়েছিলাম তখন এই সমস্যা টি ভালো হয়ে গিয়েছিলো ! দুঃখের বিষয় হলো ঐ ডাক্তার টি মারা গিয়েছে , আর আমি ঐ প্রেসক্রিপশন টি হারিয়ে ফেলেছি , এখন আমার করণীয় কি ? ধন্যবাদ",O O B-Age O O O O B-Symptom I-Symptom I-Symptom I-Symptom I-Symptom I-Symptom I-Symptom I-Symptom I-Symptom I-Symptom I-Symptom I-Symptom I-Symptom I-Symptom I-Symptom I-Symptom I-Symptom I-Symptom I-Symptom I-Symptom I-Symptom I-Symptom I-Symptom I-Symptom I-Symptom I-Symptom I-Symptom I-Symptom I-Symptom I-Symptom O O B-Symptom I-Symptom I-Symptom I-Symptom I-Symptom I-Symptom I-Symptom I-Symptom I-Symptom I-Symptom I-Symptom I-Symptom O O O O O O O O O O O O O O O O O O O O O O O O O O O O O O O O O O O O O O O O O O O O O O O O O O O O,O O O O O O O O O O O O O O O O O O O O O O O O O O O O O O O O O O O O O O O O O O O O O O O O O O O O O O O O O O O O O O O O O O O O O O O O O O O O O O O O O O O O O O O O O O O O O O O O O O O O O O O,Symptom,9.196028811999897,,702.0
"সরিল দুর্বল , নাক মূক কান দিয়ে ভিতর থেকে গরম হওয়া বের হয় , অস্তির করে , বমি বমি ভাব , সরিল কাপে , মাথা অন্দকার হয় এ যায়",B-Symptom I-Symptom O B-Symptom I-Symptom I-Symptom I-Symptom I-Symptom I-Symptom I-Symptom I-Symptom I-Symptom I-Symptom O O O O B-Symptom I-Symptom I-Symptom O B-Symptom I-Symptom I-Symptom B-Symptom I-Symptom I-Symptom I-Symptom I-Symptom,O O O O O O O O O O O O O O O O O O O O O O O O O O O O O,Symptom,6.512327603999893,,703.0
"ডাক্তার ভাইকে প্রশ্ন করার জন্য ধন্যবাদ । Tab Monas 10 প্রতি রাতে একটি করে ট্যাবলেট , ৭ - ১০ দিন । এছাড়া একজন অভিজ্ঞ বক্ষব্যাধি বিশেষজ্ঞ এর পরামর্শ নিন । ধন্যবাদ",O O O O O O O B-Medicine I-Medicine I-Medicine B-Dosage I-Dosage I-Dosage I-Dosage O O B-Dosage I-Dosage I-Dosage I-Dosage O O O O B-Specialist I-Specialist O O O O O,O O O O O O O O O O O O O O O O O O O O O O O O O O O O O O O,Dosage,6.803668620999815,,704.0
আমার হাত মুসকে গেছিলো পড়ে যেয়ে এবং হাতের এক সাইডে ব্যাথা টিপলে লাগে না তবে জোরে নাড়ালে ব্যাথা লাগে মনে হয় শিরা জমাট বেধে আছে এর জন্য কি ঔষধ খাওয়া যাবে ? ,O O O O O O O O O O B-Symptom O O O O B-Symptom I-Symptom I-Symptom I-Symptom O O O O O O O O O O O O O,O B-Symptom O O O O O O O O B-Symptom O O O O O O I-Symptom O O O B-Health_Condition I-Health_Condition I-Health_Condition I-Health_Condition O O O O B-Medicine O O,Symptom,6.35417292000011,,705.0
"কোমর এর ডান পাশে ব্যাথা ৬ মাসের পুরোনো , ওষুধ খেলে ভালো হয় আর ওষূধ না খেলে পুনরায় ব্যাথা করে । কি করা যায় উপায় জানাবেন প্লিজ । ",B-Symptom I-Symptom I-Symptom I-Symptom I-Symptom O O O O O O O O O O O O O O O O O O O O O O O,O O O O O O O O O O O O O O O O O O O O O O O O O O O O,Symptom,3.108208784999988,,706.0
আমার বয়স ৩৭ বছর ৷ গত ৫ - ৬ দিন হলো আমার মুখে ঘা এবং গতকাল লক্ষ্য করলাম ঠোঁটে ফাটা ফাটা ঘা বের হয়েছে ৷ এজন্য Solvit b খাচ্ছি কিন্তু কোনো কাজ হচ্ছে না এখন কি করব ? ,O O B-Age I-Age O O O O O O O O B-Symptom I-Symptom O O O O B-Symptom I-Symptom I-Symptom I-Symptom O O O O B-Medicine I-Medicine O O O O O O O O O O,O O O O O O O O O O O O O O O O O O O O O O O O O O O O O O O O O O O O O O,Symptom,4.526537245999862,,707.0
"Thanks for asking Doctor bhai . Yes , you can give your child Monas 4 , every night for 10 to 15 days . You can also give him syrup Phenadryl , one spoon 2 times daily for 5 to 7 days . He can also take Ceevit daily 1 time , which is chewable . Nd Gurgle with Luke warm water everyday 3 - 4 times , Daily . Thank you",O O O O O O O O O O O O O B-Medicine I-Medicine O O O O B-Dosage I-Dosage I-Dosage I-Dosage O O O O O O B-Medicine I-Medicine O B-Dosage I-Dosage I-Dosage I-Dosage I-Dosage I-Dosage I-Dosage I-Dosage I-Dosage I-Dosage O O O O O B-Medicine B-Dosage I-Dosage I-Dosage O O O O O O O O O O O O O O O O O O O O O,O O O O O O O O O O O O O O O O O O O O O O O O O O O O O O O O O O O O O O O O O O O O O O O O O O O O O O O O O O O O O O O O O O O O O O O O,Medicine,13.22776186100009,,708.0
TSH test results . 55 ulU / ml . Is it good to me ? ,B-Symptom I-Symptom I-Symptom I-Symptom I-Symptom I-Symptom I-Symptom I-Symptom O O O O O O O,O O O O O O O O O O O O O O O,Symptom,2.1904505239999708,,709.0
আমার ক্যান্সা অপরশন করেছিলাম একন করোণা বেকসিন নিতে পারবও,O B-Health_Condition O O O O B-Medicine O O,O O O O O O O O O,Health Condition,3.1407887839995965,,710.0
ডাক্তার ভাইতে প্রশ্ন করার জন্যে আপনাকে ধন্যবাদ । বেশি করে পানি খাবেন । রাত জাগবেন না । একজন স্কিন স্পেশালিষ্ট চিকিৎসক এর পরামর্শ নিবেন । ,O O O O O O O O O O O O O O O O O O B-Specialist I-Specialist O O O O O,O O O O O O O O O O O O O O O O O O O O O O O O O,Specialist,4.6256440769998335,,711.0
আমার দুদিন যাবত জ্বর সাথে কোন কিছু বলতে গেলে গলায় ধারানি হয়ে শুকনো কাশ হয় আমি রাতে হিস্টাসিন ও প্যারাসিটামল খেয়েছি কিন্তু তাতে কোন লাভ হয়নি জ্বর ১০০ নিচে আছে । ,O O O B-Symptom O B-Symptom I-Symptom I-Symptom I-Symptom I-Symptom I-Symptom I-Symptom B-Symptom I-Symptom O O O B-Medicine O B-Medicine O O O O O O B-Symptom I-Symptom I-Symptom O O,O O O B-Symptom O O O O O O B-Symptom O B-Symptom I-Symptom O O O B-Medicine O B-Medicine O O O O O O B-Symptom O O O O,Symptom,2.0811407880000843,,712.0
"ডাক্তার আমাকে পেটে ব্যাথা , মাথা ব্যাথার জন্য Biofast , Tinium50 , Neurobist এই মেডিসিন গুলো দিয়েছে । এখন এখানে কি একই মেডিসিন দুইবার আছে জানাবেন । আর Mele এবং Melaট্যাব্লেট কেন দেয়া হয়েছে জানাবেন । ",O O B-Symptom I-Symptom O B-Symptom I-Symptom O B-Medicine O B-Medicine O B-Medicine O O O O O O O O O O O O O O O B-Medicine O B-Medicine O O O O O,O O O O O O O O O O O O O O O O O O O O O O O O O O O O O O O O O O O O,Medicine,4.337463403000129,,713.0
"ডাক্তার ভাইকে প্রশ্ন করার জন্য ধন্যবাদ । Fungidal HC Ointment , চুলকানির রাস্তায় ব্যবহার করবেন , দিনে ২ - ৩ বার । লবণ , গরম পানি দিয়ে প্রসাবের রাস্তা পরিষ্কার করবেন , দুই থেকে তিনবার । মেলামেশার সময় কনডম ব্যবহার করবেন । ধন্যবাদ",O O O O O O O B-Medicine I-Medicine I-Medicine O O O O O O B-Dosage I-Dosage I-Dosage I-Dosage I-Dosage O O O O O O O O O O O O O O O O O O O O O O,O O O O O O O B-Medicine I-Medicine I-Medicine O B-Symptom O O O O B-Dosage I-Dosage I-Dosage I-Dosage O O O O O O O O O O O O O O O O O O O O O O O,Medicine,1.8878646240000307,,714.0
আমার মুখে অনেক বরন ওঠে . . এটার জন্য কি করা যায় . . এখন মুখে অনেক দাগ পড়েছে এখন কি করা যায় . . ,O B-Dosage I-Dosage I-Dosage I-Dosage O O O O O O O O O O B-Dosage I-Dosage I-Dosage I-Dosage O O O O O O,O O O B-Symptom I-Symptom O O O O O O O O O O O O B-Symptom I-Symptom O O O O O O,Dosage,1.3285854579999068,,715.0
"গ্রাহক , আপনার প্রশ্নের জন্য ধন্যবাদ । আপনার বাচ্চা কি ঠিক মত মায়ের বুকের দুধ পাচ্ছে ? বাচ্চার পায়খানা কেমন হচ্ছে ? পায়খানার রঙ কি ? বাচ্চার পেটে গ্যাস থাকলে কখনো কখনো বাচচার পেটে ব্যথা হতে পারে । সেক্ষেত্রে আপনি বাচ্চাকে দুধ খাওয়ানোর পর পিঠে হালকা বারি দিয়ে ঢেকুর তোলাবেন । এতে করে গ্যাস বের হয়ে যাবে ও বাচ্চা আরাম বোধ করবে । আপনাকে প্রশ্ন করার জন্য ধন্যবাদ । ",O O O O O O O O O O O O O O O O O O O O O O O O O O O O O O O O O O O O O O O O O O O O O O O O O O O O O O O O O O O O O O O O O O O O O,O O O O O O O O O O O O O O O O O O O O O O O O O O O O O O O O O O O O O O O O O O O O O O O O O O O O O O O O O O O O O O O O O O O O O,,47.01722844400001,,716.0
"আমার বাবা বয়স 85 । বার্ধক্যজনিত সমস্যা 2বছর । সামান্য ডায়াবেটিস ও হাইবারনেশন আছে , ঔষধ খাচ্ছে । গত 12 দিন থেকে বাবার পায়খানা হচ্ছে না , antacid , glycerine suppository , dlac lactulose খেলেও উপকার হয় নি । জরুরি পরামর্শ চাই ! ",O O O B-Age O O O O O O B-Health_Condition O B-Health_Condition O O O O O O O O O O B-Symptom I-Symptom I-Symptom O B-Medicine O B-Medicine I-Medicine O B-Medicine I-Medicine O O O O O O O O O,O O B-Age I-Age O B-Health_Condition I-Health_Condition O O O B-Health_Condition O B-Health_Condition O O B-Medicine O O O O O O O B-Symptom O O O B-Medicine O B-Medicine I-Medicine O B-Medicine I-Medicine O O O O O O O O O,Medicine,3.634711466000226,,717.0
Thanks for your question . Consult with a neurologist . Thanks,O O O O O O O O B-Specialist O O,O O O O O O O O B-Specialist O O,Specialist,2.2269352630000867,,718.0
হ্যাঁ পরীক্ষা করেছিলাম ভালো ডাক্তার ও দেখেছিলাম ওখান থেকে ব্লাড টেস্ট করানোর জন্য কিছু কাগজ দিছে তাও কোন সমাধান পাচ্ছিনা,O O O O O O O O O B-Medical_Procedure I-Medical_Procedure O O O O O O O O O,O O O O O O O O O O O O O O O O O O O O,Medical Procedure,3.702115152999795,,719.0
13 din age milon hoyesilo . 3 din age hoyesilo abar Emergency pill 2 ta kawya hoyese . ek din por por . ekon srab er shate cha Colour er panir mto sharb ber hoiyese . . er karon ki hote pare . aj ke 3rd day . ,O O O O O O O O O O O O O O O O O O O O O O O B-Symptom I-Symptom I-Symptom I-Symptom I-Symptom I-Symptom I-Symptom I-Symptom I-Symptom I-Symptom I-Symptom I-Symptom O O O O O O O O O O O O O,O O O O O O O O O O O O O O O O O O O O O O O O O O O O O O O O O O O O O O O O O O O O O O O O,Symptom,4.612113465999755,,720.0
Amr wife pregnant . 2 month & 10 days hoice . Amr question holo o amr mamato Bon n amader dujon er blood group B + . Kono problem hobe naki . Any suggestions plz . Thank you,O O B-Health_Condition I-Health_Condition I-Health_Condition I-Health_Condition I-Health_Condition I-Health_Condition I-Health_Condition O O O O O O O O O O O O O O O O O O O O O O O O O O O O O,O O O O O O O O O O O O O O O O O O O O O O O O O O O O O O O O O O O O O O,Health Condition,3.7964209349997873,,721.0
আপনাকে ধন্যবাদ প্রশ্ন করার জন্য । আপনি দ্রুত আপনার স্ত্রী কে একজন সার্জারি বিশেষজ্ঞ কে দেখান । উনার সম্ভবত ব্রেস্ট ইনফেকশন হয়েছে । চিকিৎসা না করালে বড় কোনো সমস্যা হতে পারে । ধন্যবাদ । ,O O O O O O O O O O O O B-Specialist I-Specialist O O O O O O O O O O O O O O O O O O O O,O O O O O O O O O O O O B-Medical_Procedure I-Medical_Procedure O O O O O B-Symptom I-Symptom O O O O O O O O O O O O O,Specialist,1.8095186319997083,,722.0
ধন্যবাদ আপনাকে প্রশ্নের জন্য । শরীর কখন কাঁপে ? ,O O O O O O O O O,O O O O O O O O O,,7.414238976999968,,723.0
"আমার শরিরে নানা ধরনের সমস্যা দেখা দিচ্ছে , , পায়ের গোড়ালিতে ব্যাথা , বুকে ধড়ফড় করে মাঝে মাঝে , বুকের বাসপাশে চিন চিন করে , , মাঝে মাঝে মনে হয় বুকে ভাইব্রেশনের মত লাগে , , গালের ভিতর অবসাদ লাগে , গালের ভিতর লবন লবন ভাব , , , খাবার হজমে সমস্যা হচ্ছে , , , , গ্যাসের সমস্যা , , ইত্যাদি সমস্যা দেখা দিচ্ছে , , আসলে কি সমস্যা হয়েছে বলতে পারবেন দয়াকরে , , , আপনারা তো কোন সমস্যার কথা বল্লেই বলেন বিশেষজ্ঞ ডাক্তার দেখান , , , এটা বলে বলেন আগে শরিরে কি সমস্যা হয়েছে . . . ",O B-Symptom I-Symptom I-Symptom I-Symptom O O O O B-Symptom I-Symptom I-Symptom O B-Symptom I-Symptom I-Symptom I-Symptom I-Symptom O B-Symptom I-Symptom I-Symptom I-Symptom O O O B-Symptom I-Symptom I-Symptom I-Symptom I-Symptom I-Symptom O O O O B-Symptom I-Symptom I-Symptom I-Symptom O B-Symptom I-Symptom I-Symptom I-Symptom I-Symptom O O O B-Symptom I-Symptom I-Symptom O O O O O B-Symptom I-Symptom O O O O O O O O O O O O O O O O O O O O O O O O O O O O O O O O O O O O O O O O O O,O O O O B-Symptom O O O O O O B-Symptom O B-Symptom I-Symptom O O O O O O O O O O O O O O O O O O O O O O B-Symptom O O O O O O O O O O O B-Symptom O O O O O B-Symptom O O O O B-Symptom O O O O O O O O O O O O O O O O O O O O O O O O O O O O O O O O O O O O O O O O,Symptom,13.316102047000186,,724.0
আপনাকে ধন্যবাদ প্রশ্ন করার জন্য । না নেই । করোনা ভাইরাস আক্রান্ত ব্যক্তি একমাত্র মহাখালি আইইসিআর এ যোগাযোগ করতে হবে । হট লাইনে ফোন দিতে পারেন । ধন্যবাদ । ,O O O O O O O O O B-Health_Condition I-Health_Condition I-Health_Condition O O O O O O O O O O O O O O O O O,O O O O O O O O O O O O O O O O O O O O O O O O O O O O O,Health Condition,2.7140605030003826,,725.0
আমার বাচ্চার বয়স ১৮মাস । তার ছৌদ হয়েছে কি ঔষধ খাওযাবো জানাবেন,O O O B-Age O O B-Health_Condition I-Health_Condition O O O O,O O O B-Age O O B-Symptom O O O O O,Age,1.0613545350001914,,726.0
আপনাকে ধন্যবাদ প্রশ্ন করার জন্য । সমস্যাটি দেখা প্রয়োজন । একজন চর্মরোগ বিশেষজ্ঞের সাথে সরাসরি যোগাযোগ করে সমস্যাটি দেখিয়ে এর চিকিৎসা নিন । ধন্যবাদ । ,O O O O O O O O O O O B-Specialist I-Specialist O O O O O O O O O O O O,O O O O O O O O O O O B-Specialist I-Specialist O O O O O O O O O O O O,Specialist,12.84329244699984,,727.0
আমি কয়েক মাস থেকেই আমার বাম হাতের জয়েন্টে ব্যথা অনুভব করছি । আমি প্যারাসিটামল নিয়েছি এবং মুভ দিয়ে ম্যাসাজ করি তবে ব্যথা দিন দিন বাড়ছে । আপনি কি আমাকে পরামর্শ দিতে পারেন আমি কি করব ? ,O O O O O B-Symptom I-Symptom I-Symptom I-Symptom O O O O B-Medicine O O B-Medicine O O O O B-Symptom O O O O O O O O O O O O O O,O O O O O O O O B-Symptom I-Symptom O O O B-Medicine O O B-Medicine O B-Medical_Procedure O O B-Symptom O O O O O O O O O O O O O O,Symptom,13.129200005000255,,728.0
ধন্যবাদ আপনাকে প্রশ্নের জন্য । গাইনি চিকিৎসকের পরামর্শ নিন । ধন্যবাদ,O O O O O B-Specialist I-Specialist O O O O,O O O O O B-Specialist I-Specialist O O O O,Specialist,1.824365761000081,,729.0
আমার মেয়ের বয়স ১৫ বছর । প্রায় প্রতিদিনই ওর ডান খুব হাতে জ্বলে । বাম হাতও জ্বলে মাঝে মাঝে । এখন করণীয় কী ? ,O O O B-Age I-Age O O O O B-Symptom I-Symptom I-Symptom I-Symptom O B-Symptom I-Symptom I-Symptom O O O O O O O,O O O O O O O O O O O O O O O O O O O O O O O O,Symptom,3.237241687000278,,730.0
ঠান্ডায় নাক বন্ধ হয়ে থাকে । ডপ দিয়ে দিয়ে নাক খুলতে হয় । ,O B-Symptom I-Symptom O O O O O O O O O O,O O O O O O O O O O O O O,Symptom,2.6334020399999645,,731.0
আমার বয়স ৩০ বছর ১৫ / ২০দিন পরপর মুখে ও জিবায় ঠোসকার মতো পরে এর জন্য কি ঔষধ খেতে পারি । ,O O B-Age I-Age O O O O B-Symptom I-Symptom I-Symptom I-Symptom O O O O O O O O O,O O O O O O O O O O O O O O O O O O O O O,Age,2.625193871999727,,732.0
"আমি < NAME > । আমার বয়স 27 বছর । সাম্প্রতিক সময়ে আমি আমার শরীরে অস্বস্তি ভোগ করছি , সেই সাথে একাধারে মাটিতে বসে থাকলে মাজার দুই সাইড অবশ অনুভূত হয় , আবার পুরো শরীরে ক্লান্তি অনুভব হয় , একটু হাটলেই মনে হয় ক্লান্ত হয়ে গেছি , আগের থেকে শরীরের ওজন বৃদ্ধি পেয়েছে , পেটে প্রচুর গ্যাস্ট্রিকের সমস্যা , খাবার বেশি খেতে পারিনা প্রস্রাবের পরিমাণ অনেকটা কমে গেছে যেটুকু হয় হলুদ বর্ণের অতিরিক্ত গ্যাসে পেট ফুলে থাকে এবং প্রচুর বায়ু বের হয় এক্ষেত্রে আমার করনীয় কি বুঝে উঠতে পারছিনা একটু জানাবেন ধন্যবাদ",O O O O O O O B-Age O O O O B-Symptom I-Symptom I-Symptom I-Symptom I-Symptom I-Symptom O O O B-Symptom I-Symptom I-Symptom I-Symptom I-Symptom I-Symptom I-Symptom I-Symptom I-Symptom I-Symptom O O B-Symptom I-Symptom I-Symptom I-Symptom I-Symptom O B-Symptom I-Symptom I-Symptom I-Symptom I-Symptom I-Symptom I-Symptom O O O B-Symptom I-Symptom I-Symptom I-Symptom O B-Symptom I-Symptom I-Symptom I-Symptom O B-Symptom I-Symptom I-Symptom I-Symptom I-Symptom I-Symptom I-Symptom I-Symptom I-Symptom I-Symptom I-Symptom I-Symptom I-Symptom I-Symptom I-Symptom I-Symptom I-Symptom I-Symptom I-Symptom I-Symptom I-Symptom I-Symptom I-Symptom O O O O O O O O O O,O O O O O O B-Age I-Age O O O O O O O B-Symptom O O O O O O O O O O O O B-Symptom I-Symptom O O O O O B-Symptom I-Symptom O O O O O O O O O O O O O O O O O O O B-Health_Condition I-Health_Condition O O O O O O O O O O O O O O O O O O O O O O O O O O O O O O O O O O,Symptom,9.210054609000052,,733.0
আপনাকে ধন্যবাদ প্রশ্ন করার জন্য । আপনার মনকে শান্ত করুন । মনোযোগ দিন পড়ালেখাতে । দুশ্চিন্তা করবেন না । মেডিটেশন করতে পারেন । একজন মন রোগের ডাক্তার কে দেখিয়ে নিতে পারেন । ধন্যবাদ,O O O O O O O O O O O O O O O O O O O O O O O O B-Specialist I-Specialist I-Specialist O O O O O O,O O O O O O O O O O O O O O O O O O O O O O O B-Specialist I-Specialist I-Specialist O O O O O O O,Specialist,1.245947754000099,,734.0
"আপনাকে ধন্যবাদ প্রশ্ন করার জন্য । গোস্ল করতে কন নিষেধ নাই । মাছ , মাংস খাওয়া যাবে । বেশি করে পানি পান করুন । ধন্যবাদ",O O O O O O O O O O O O O O O O O O O O O O O O O,O O O O O O O O O O O O O O O O O O O O O O O O O,,1.5297952109999642,,735.0
বাথরুম অনেক টাইট বাথরুম ঠিক করে হয় না অল্প অল্প করে বাথরুম হয় । প্রচন্ড ঠেকুর আসে । পেটে অনেক গ‍্যাস হয় । আমি maxpoo 40 গ‍্যাসের ঔষধ খাই কিন্তু গ‍্যাসের কোন কাজ হয় না কি করতে হবে কি ঔষধ খাবো,B-Symptom I-Symptom I-Symptom I-Symptom I-Symptom I-Symptom I-Symptom I-Symptom B-Symptom I-Symptom I-Symptom I-Symptom I-Symptom O B-Symptom I-Symptom I-Symptom O B-Symptom I-Symptom I-Symptom I-Symptom O O B-Medicine I-Medicine I-Medicine I-Medicine O O O O O O O O O O O O O,O O O O O O O O O O O O O O O O O O O O O O O O O O O O O O O O O O O O O O O O O,Symptom,3.695917075000125,,736.0
বয়স ২৩ । গুয়াভা সিড দাঁতে বেঁধে আছে । কোনোভাবেই বের করা যাচ্ছে না । করণীয় কি হতে পারে ? আমি আসলে ক্যাভিটি নিয়ে ভয় পাচ্ছি । অগ্রীম ধন্যবাদ । ,O B-Age O B-Symptom I-Symptom I-Symptom I-Symptom I-Symptom I-Symptom I-Symptom I-Symptom I-Symptom I-Symptom I-Symptom I-Symptom O O O O O O O O O O O O O O O,O O O O O O O O O O O O O O O O O O O O O O O O O O O O O O,Age,4.00679223599991,,737.0
Thank you for your question . Your sister should go to a doctor as your sisters fever i ' s persisting more than 7 days . she might need antibiotics . Test i ' s disease specific . You can do CBC and urine R / E test and consult with a doctor . Thank you . ,O O O O O O O O O O O O O O O O O O O O O O O O O O O O O O O O O O O O O O O O O B-Medical_Procedure O B-Medical_Procedure I-Medical_Procedure I-Medical_Procedure I-Medical_Procedure I-Medical_Procedure O O O O O O O O O,O O O O O O O O O O O O B-Specialist O O O B-Symptom O O O O O O B-Age I-Age O O O O B-Medicine O O O O O B-Health_Condition O O O O O B-Medical_Procedure O B-Medical_Procedure O O B-Medical_Procedure O O O O B-Specialist O O O O O,Medical Procedure,2.361632744999952,,738.0
আমার স্ত্রীর এর পিরিয়ড মিস হওয়ায় কিট দিয়ে প্রেগন্যান্সির টেস্ট পজিটিভ আসে । আমরা এই মূহুর্তে বাচ্ছা নিতে চাচ্ছি না এখন আমাদের করনিয় কি ? উল্লেখ যে এই প্রথম তার পিরিয়ড মিস হয় । ,O O O B-Symptom I-Symptom O O O O O O O O O O O O O O O O O O O O O O O O O O O O O,O O O O O O O O O O O O O O O O O O O O O O O O O O O O O O O O O O,Symptom,5.618257962000371,,739.0
amr besh 3 theke 4din dhore chere chere jor ashe . . . . aitar jonno ki kora jay ? ,O O B-Symptom I-Symptom I-Symptom I-Symptom I-Symptom I-Symptom I-Symptom I-Symptom O O O O O O O O O O,O O O O O O O O O O O O O O O O O O O O,Symptom,3.242955464999796,,740.0
আপনাকে ধন্যবাদ প্রশ্ন করার জন্য । আপনার এন্ডাস্কোপি লাগতে পারে । একজন গ্যাস্ট্রোএন্টারোলোজিস্ট কে দেখান । ধন্যবাদ,O O O O O O O B-Medical_Procedure O O O O B-Specialist O O O O,O O O O O O O B-Medical_Procedure O O O O B-Specialist O O O O,Medical Procedure,2.007318859999941,,741.0
Amar Mayer boyos 51 bochor . goto 8 month Dore komor hote pa porjonto betha kore . maje maje hato hotel pa obos hoyejay . obos hole hata Jay na . onek somoy pa tonton kore . . ar Jodi ekto deri hoy porshabe korte tahole komore betha kore . tarpor Ami komore xra kori . osod Kai kinto Kono kaj hoyni . akon somosa barche . ki korbo ekon,O O O B-Age O O O O O O B-Symptom I-Symptom I-Symptom I-Symptom I-Symptom O O B-Symptom I-Symptom I-Symptom I-Symptom I-Symptom I-Symptom I-Symptom O B-Symptom I-Symptom I-Symptom I-Symptom I-Symptom O B-Symptom I-Symptom I-Symptom I-Symptom O O O O O O O O B-Symptom I-Symptom I-Symptom I-Symptom I-Symptom I-Symptom O O O B-Medical_Procedure I-Medical_Procedure O O O O O O O O O O O O O O O O,O O B-Age I-Age I-Age O O B-Dosage I-Dosage O B-Symptom I-Symptom I-Symptom I-Symptom I-Symptom I-Symptom O O O B-Symptom I-Symptom I-Symptom I-Symptom I-Symptom O B-Symptom I-Symptom I-Symptom I-Symptom I-Symptom O O O B-Symptom I-Symptom I-Symptom O O O O O O O O O O B-Symptom I-Symptom I-Symptom O O O B-Medical_Procedure I-Medical_Procedure I-Medical_Procedure O B-Medicine I-Medicine O O O O O O O B-Health_Condition I-Health_Condition O O O,Symptom,7.156352326999695,,742.0
আপনাকে ধন্যবাদ প্রশ্ন করার জন্য । একজন চিকিৎসককে সমস্যাটি দেখিয়ে এর চিকিৎসা নিন । ধন্যবাদ । ,O O O O O O O O O O O O O O O O,O O O O O O O B-Specialist B-Symptom O O B-Health_Condition O O O O,,3.292996600000152,,743.0
গ্রাহক ডাক্তার ভাইকে প্রশ্ন করার জন্য আপনাকে ধন্যবাদ । আপনি আপনার এই সমস্যার জন্য অতি দ্রুত একজন মেডিসিন বিশেষজ্ঞ বা ক্যান্সার বিশেষজ্ঞের পরামর্শ নি । ধন্যবাদ,O O O O O O O O O O O O O O O O O B-Specialist I-Specialist O B-Specialist I-Specialist O O O O,O O O O O O O O O O O O O O O O O O O O O O O O O O,Specialist,82.17163958399988,,744.0
"কোনো ব্যথা পাইনি , ব্যথা ৮ - ১০ দিন দরে এখনো কমছে না । । ",O B-Symptom I-Symptom I-Symptom I-Symptom I-Symptom I-Symptom I-Symptom I-Symptom I-Symptom I-Symptom I-Symptom I-Symptom I-Symptom O,O O O O O O O O O O O O O O O,Symptom,2.122365109999919,,745.0
আমার বাবার দুই দিন পর পর শুধুই আমাসার সমস্যা দেখা দেয় ঔষধ খেলে ঠিক হয় আবার শুরু হয়ে যায় কিছু ভালো মেডিসিন prescribe করুন যাতে একে বারে যায় সমস্যা টা আমার বাবা বলে আমাসার ঔষধ খেলে পেটে ভালো লাগে এবং অনেক গ্যাসের সমস্যা আছে,O O O B-Symptom I-Symptom I-Symptom I-Symptom I-Symptom I-Symptom I-Symptom I-Symptom O O O O O O O O O O O O O O O O O O O O O O O O O O O O O O B-Symptom I-Symptom I-Symptom,O O O O O O O O O O O O O O O O O O O O O O O O O O O O O O O O O O O O O O O O O O O O,Symptom,5.30414332700002,,746.0
আমার বাচ্ছার বয়স ৩ মাস । সে বুকের দুধ খায় অন্য কিছু না । বর্তমানে মনে হচ্ছে সে পর্যাপ্ত বুকের দুধ পাচ্ছে না । সেই সাথে তার পায়খানা কঠিন । ৩ - ৬ দিন পায়খানা হয় না । কি করতে পারি ? ,O O O B-Age I-Age O O O O O O O O O O O O O O O O O O O O O O B-Symptom I-Symptom O O O O O B-Symptom I-Symptom I-Symptom O O O O O,O O O B-Age I-Age O O O O O O O O O O O O O O O O O O O O O O B-Symptom I-Symptom O O O O O B-Symptom O O O O O O O,Symptom,3.823781655999938,,747.0
"আসসালামু আলাইকুম , আমার দাতের মাড়ি ফুলে গেছে দুই তিন হলো । কোন ঔষধ খাইনি । আজ মুখের মধ্যেও ব্যাথা হয়ছে । করনীয় কি । ",O O O O B-Symptom I-Symptom I-Symptom I-Symptom O O O O O O O O O B-Symptom I-Symptom I-Symptom O O O O O,O O O O O B-Symptom I-Symptom I-Symptom O O O O O B-Medicine O O O B-Symptom I-Symptom I-Symptom I-Symptom O O O O,Symptom,0.9318592059998992,,748.0
"Hello Sir , I am < NAME > from Brahmanbaria . I have received your contact number from Health Brahmanbaria page . My right eye has been very red for 2 days , Very scared for this . ",O O O O O O O O O O O O O O O O O O O O O O O B-Symptom I-Symptom I-Symptom I-Symptom I-Symptom I-Symptom O O O O O O O O O,O O O O O O O O O O O O O O O O O O O O O O O O O O O O O B-Symptom O B-Age I-Age O O B-Symptom O O,Symptom,2.3810775369997828,,749.0
"ডাক্তার ভাইকে প্রশ্ন করার জন্য ধন্যবাদ । Ambolyt Paediatric drop , 0 . 5ml , দুই বেলা , পাঁচ থেকে সাত দিন , খাওয়াতে পারেন । Omidon Paediatric drop , 0 . 2ml , তিন বেলা তিন থেকে পাঁচ দিন খাওয়াতে পারেন । অবস্থা সংকটাপন্ন মনে হলে বাচ্চাকে সরাসরি ডাক্তারের কাছে নিয়ে চিকিৎসা গ্রহণ করবেন । ধন্যবাদ",O O O O O O O B-Medicine I-Medicine I-Medicine I-Medicine I-Medicine I-Medicine I-Medicine O B-Dosage I-Dosage O O O O O O O O O B-Medicine I-Medicine I-Medicine I-Medicine I-Medicine I-Medicine I-Medicine O B-Dosage I-Dosage O O O O O O O O O O O O O O O O O O O O O,O O O O O O O O O O O O O O O O O O O O O O O O O O O O O O O O O O O O O O O O O O O O O O O O O O O O O O O O O,Medicine,8.938497955999992,,750.0
"আসছালামু আলাইকুম , , আামার স্ত্রী বর্তমানে প্রায় তিন মাসের অন্তঃসত্ত্বা গতকাল থেকে পেট ফাপ দিয়ে আছে ও খাবার খেতে পারছে না । এখন গ্যাস্ট্রিকের ঔষদ খেতে চায় , সেই খেক্ষে কি ঔষদ এবং কোন গ্যাস্ট্রিকের ঔষদ সেবন করা যাবে , , ",O O O O O O O O B-Health_Condition I-Health_Condition I-Health_Condition O O B-Symptom I-Symptom O O O B-Symptom I-Symptom I-Symptom I-Symptom O O B-Medicine I-Medicine O O O O O O O O O B-Medicine I-Medicine O O O O O,O O O O O O O O B-Age I-Age B-Health_Condition O O B-Symptom I-Symptom O O O O O O O O O O B-Medicine O O O O O O B-Medicine O O B-Medicine I-Medicine O O O O O,Symptom,6.536180157999752,,751.0
"করোনা পজেটিভ রুগী হিসেবে অন্যান্য ঔষধের সাথে মোনাস১০ এবং ফেক্সো ১৮০ খাচ্ছিলাম । ১৫ দিন ধরে টানা । প্রশ্ন হলো , ফেক্সো ১৮০ আর কত দিন খাবো ? ",B-Health_Condition I-Health_Condition O O O O O B-Medicine O B-Medicine I-Medicine O O B-Dosage I-Dosage I-Dosage I-Dosage O O O O B-Medicine I-Medicine O O O O O,O O O O O O O O O O O O O O O O O O O O O O O O O O O O,Medicine,4.383287384000141,,752.0
আমার তিন দিন যাবত কাশি হচ্ছে এবং জ্বর ও আছে আমি এখন কি ঔষদ নিবো ? ,O O O O B-Symptom O O B-Symptom O O O O O O O O,O B-Age I-Age O B-Symptom O O B-Symptom O O O O O B-Medicine O O,Symptom,1.1764074490001803,,753.0
আমার হালকা কাশি আমি কি xiclav 250mg ও Doxiva 200mg কোতে পারি,O B-Symptom I-Symptom O O B-Medicine I-Medicine O B-Medicine I-Medicine O O,O O O O O O O O O O O O,Medicine,7.218515450000268,,754.0
ডাক্তারভাইকে প্রশ্ন করার জন্য ধন্যবাদ । Lulizole cream - - আক্রান্ত স্থানে দিনে ২ বার দিবেন - - - - - 15 days Tab . Deslor 5mg - - - 0 + 0 + 1 - - - - 15 days Dancare Shampoo - - - - আক্রান্ত স্থানে লাগিয়ে ১০ মিনিট পর ধুয়ে ফেলবেন - - - 15 days Prescription টি follow করুন । সেই সাথে অবশ্যই দ্রুত একজন Dermatologist এর পরামর্শ নিন । ধন্যবাদ,O O O O O O B-Medicine I-Medicine O O O O B-Dosage I-Dosage I-Dosage O O O O O O O O B-Medicine I-Medicine I-Medicine I-Medicine O O O B-Dosage I-Dosage I-Dosage I-Dosage I-Dosage O O O O O O B-Medicine I-Medicine O O O O O O O O O O O O O O O O O O O O O O O O O O O B-Specialist O O O O O,O O O O O O O O O O O O O O O O O O O O O O O O O O O O O O O O O O O O O O O O O O O O O O O O O O O O O O O O O O O O O O O O O O O O O O O O O O O O,Medicine,6.677382819999821,,755.0
My age is 37 . I often feel feverish and cold with hard cough . Please suggest me medicine . ,O O O B-Age O O O O B-Symptom O B-Symptom O B-Symptom I-Symptom O O O O O O,O O O O O O O O O O O O O O O O O O O O,Symptom,2.4178870000000643,,756.0
"আপনাকে ধন্যবাদ প্রশ্ন করার জন্য । আপনি হানিকন কফ সিরাপ খেতে পারেন । গরম পানিতে আদা , মধু দিয়ে খান । পেটে গ্যাসের জন্য ওমেপ্রাজল ২০মিলিগ্রাম খেতে পারেন সকালে ও রাতে একটা করে । সিরাপ এন্টাসিড তিন চামচ প্রয়োজনে খেতে পারেন । একজন মেডিসিন ডাক্তার কে দেখিয়ে নিন । ধন্যবাদ",O O O O O O O B-Medicine I-Medicine I-Medicine O O O O O O O O O O O O B-Symptom O B-Medicine I-Medicine O O B-Dosage I-Dosage I-Dosage I-Dosage O O B-Medicine I-Medicine B-Dosage I-Dosage O O O O O B-Specialist I-Specialist O O O O O,O O O O O O O B-Medicine I-Medicine I-Medicine O O O O O O O O O O O O B-Symptom O B-Medicine B-Dosage O O O O O O O O B-Medicine I-Medicine B-Dosage I-Dosage O O O O O B-Specialist I-Specialist O O O O O,Medicine,4.549991088999832,,757.0
Amar cheler age 2 years 9 month . o thik moto khawa dawa kore kintu sharik improve hocce na . prai rate bole moldare culkay . . . kisudin jabot rater bela gum theke ute shudu bole khuda lagse . . . . pani khete say . . . kremir medicine khawisilam goto 3 month age . . . . akhon ki korte pari . . . janaben pls . ,O O O B-Age I-Age I-Age I-Age O O O O O O O O B-Symptom I-Symptom I-Symptom I-Symptom O O O O B-Symptom I-Symptom O O O O O B-Symptom I-Symptom I-Symptom I-Symptom I-Symptom I-Symptom I-Symptom I-Symptom I-Symptom O O O O B-Symptom I-Symptom I-Symptom O O O O O O O O O O O O O O O O O O O O O O O O,O O O O O O O O O O O O O O O O O O O O O O O O O O O O O O O O O O O O O O O O O O O O O O O O O O O O O O O O O O O O O O O O O O O O O O,Symptom,11.823982405000152,,758.0
স্যার আমার মেয়ের বয়স 1বছর 10 মাস খেতে চায় কম আর ওজন বাড়ছে না বেশি শুকনা কি করতে পারি ? ,O O O O B-Age I-Age I-Age B-Symptom I-Symptom I-Symptom I-Symptom I-Symptom I-Symptom I-Symptom I-Symptom I-Symptom O O O O,O O O O B-Age I-Age I-Age O O O O B-Symptom I-Symptom I-Symptom O B-Symptom O O O O,Age,30.028408600000148,,759.0
"ব্ল্যাডে আমার আমার আঙ্গুলের ডগা কাটা যাওয়ায় ডাক্তার ভাইয়ে পরামর্শ অনুযায়ী ব্যাথার জন্য নাপা এক্সটেনট ৬২৫ এমজি দিনে ৩টি এবং সিভিট এর পরিবর্তে আমড়া , আমলকি ও টক জাতীয় খাবার খাচ্ছি । ডাইবেটিস থাকায় ক্ষত স্থান শুকানোর ব্যাপারে দুশ্চিন্তা হওয়ায় হওয়ায় ফার্মেসি থেকে নিচের নিয়মে ওষধ সেবন করছি * Napa extent 625 mg 1 + 1 + 1 kilbak 500 mg . 1 + 0 + 1 Muron ointment দিনে ২বার ক্ষত স্থানে ব্যবহার করছি সাথে Betadin ( R ) oinment ও দিনে ২ বার ব্যবহার করছি গত ২দিন যাবৎ । আমার ক্ষত শুকাবে কিনা ? আপনার পরামর্শ চাই । ",O O O B-Symptom I-Symptom I-Symptom I-Symptom O O O O O O B-Medicine I-Medicine I-Medicine I-Medicine B-Dosage I-Dosage O B-Medicine O O O O O O O O O O O B-Health_Condition O O O O O O O O O O O O O O O O B-Medicine I-Medicine I-Medicine I-Medicine B-Dosage I-Dosage I-Dosage I-Dosage I-Dosage B-Medicine I-Medicine I-Medicine O B-Dosage I-Dosage I-Dosage I-Dosage I-Dosage B-Medicine I-Medicine B-Dosage I-Dosage O O O O O B-Medicine I-Medicine I-Medicine I-Medicine I-Medicine O O B-Dosage I-Dosage O O O O O O O O O O O O O O O,O O O O O O O O O O O O O O O O O O O O O O O O O O O O O O O O O O O O O O O O O O O O O O O O O O O O O O O O O O O O O O O O O O O O O O O O O O O O O O O O O O O O O O O O O O O O O O O O O O O O,Medicine,12.187713915999666,,760.0
ডাক্তারভাইকে প্রশ্ন করার জন্য ধন্যবাদ । Tab Napa extend 665mg 1 + 1 + 1 after meal if there is fever or pain . Napa Supp . 500mg 1stick per rectal if fever is 102F or more . Tab Histacin 4mg 0 + 0 + 1 for 15 days . জ্বর মেপে দেখবেন । ঠান্ডা জাতীয় খাবার খাবেন না । প্রচুর পানি পান করবেন । ভিটামিন সি জাতীয় খাবার বেশী করে খাবেন । লক্ষ্য রাখুন অন্য কোন উপসর্গ আসে কিনা । ধন্যবাদ । ,O O O O O O B-Medicine I-Medicine I-Medicine I-Medicine B-Dosage I-Dosage I-Dosage I-Dosage I-Dosage I-Dosage I-Dosage O O O O O O O B-Medicine I-Medicine I-Medicine I-Medicine B-Dosage I-Dosage I-Dosage O O O O O O O B-Medicine I-Medicine I-Medicine B-Dosage I-Dosage I-Dosage I-Dosage I-Dosage I-Dosage I-Dosage I-Dosage O O O O O O O O O O O O O O O O O O O O O O O O O O O O O O O O O O,O O O O O O O O O O O O O O O O O O O O O O O O O O O O O O O O O O O O O O O O O O O O O O O O O O O O O O O O O O O O O O O O O O O O O O O O O O O O O O O O O O O,Medicine,7.204967025999849,,761.0
"২২ তারিখ এ প্রিয়ড শুরু হয় এবং ২৪ তারিখ রাত থেকে ব্লিডিং বন্ধ হয়ে যায় , , , , তবে এখন প্রসাব করতে গেলে প্রসাবের রাস্তা জ্বালা পোড়া করছে , , , , , , endofree 2 . 5 = 1 + 0 + 1 প্রিয়ডের পরের দিন থেকে চলছে । , , , ",B-Symptom I-Symptom I-Symptom I-Symptom I-Symptom O O O B-Symptom I-Symptom I-Symptom I-Symptom I-Symptom O O O O O O O O O O O B-Symptom I-Symptom I-Symptom I-Symptom O O O O O O O B-Medicine I-Medicine I-Medicine I-Medicine O B-Dosage I-Dosage I-Dosage I-Dosage I-Dosage O O O O O O O O O,O O O B-Health_Condition O O O O O O O B-Symptom O O O O O O O O O O O O O B-Symptom I-Symptom O O O O O O O O O O O O O O O O O O O O O O O O O O O,Symptom,7.8748117309996815,,762.0
আপনাকে ধন্যবাদ প্রশ্ন করার জন্য । আপনি ওমেপ্রাজল ও ভিসারালজিন ঔষধ খেতে পারেন । এরপরও না কমলে একজন ডাক্তার কে দেখান । আপনার আল্ট্রাসনোগ্রাম লাগতে পারে । ধন্যবাদ,O O O O O O O B-Medicine O B-Medicine O O O O O O O O O O O O O B-Medical_Procedure O O O O,O O O O O O O B-Medicine O B-Medicine I-Medicine O O O O O O O B-Specialist O O O O B-Medical_Procedure O O O O,Medicine,1.9428988979998396,,763.0
আপনাকে ধন্যবাদ প্রশ্ন করার জন্য । খাবারে অরুচি কোনো রোগ নয় । রোগের লক্ষন । আপনি কিছু পরীক্ষা নিরিক্ষা করে রোগ সম্পর্কে নিশ্চিত হয়ে নিন । ট্যাবলেট ওমিডন ১০ মিলিগ্রাম সকালে ও রাতে একটা করে খাবার আগে খান । একজন মেডিসিন বিশেষজ্ঞ কে দেখিয়ে চিকিৎসা নিন । ধন্যবাদ । ,O O O O O O O O O O O O O O O O O O O O O O O O O O B-Medicine I-Medicine I-Medicine I-Medicine B-Dosage I-Dosage I-Dosage I-Dosage I-Dosage O O O O O B-Specialist I-Specialist O O O O O O O,O O O O O O O B-Symptom O O O O O B-Symptom O O O O O O O O O O O O O B-Medicine B-Dosage I-Dosage O O O O O O O O O O B-Specialist I-Specialist O O O O O O O,Medicine,2.381317078999928,,764.0
ডাক্তার ভাইকে প্রশ্ন করার জন্য ধন্যবাদ । আপনিই ডাক্তারের পরামর্শ অনুযায়ী ঔষধ গ্রহন করুন এবং প্রয়োজনে একটি করোনা টেস্ট করে ফেলতে পারেন । ধন্যবাদ,O O O O O O O O O O O O O O O O O B-Medical_Procedure I-Medical_Procedure O O O O O,O O O O O O O O O O O O O O O O O O O O O O O O,Medical Procedure,2.977728594999917,,765.0
"আপনাকে ধন্যবাদ প্রশ্ন করার জন্য । আপনি প্রতিদিন আধা ঘন্টা করে জোর কদমে হাটবেন । ভাত , চর্বি জাতীয় খাবার কম খাবেন । একজন ডাক্তারের পরামর্শ নিয়ে দেখুন আপনার কোনো কোলোস্টেরলের ঔষধ খেতে হবে কিনা । ধন্যবাদ",O O O O O O O O O O O O O O O O O O O O O O O O O O O O O O O O O O O O O,O O O O O O O O O O O O O O O O O O O O O O O O O O O O O O O O O O O O O,,6.622739802000069,,766.0
Thanks for your question to daktar Bhai . Usually it takes 20 min but it is not always same . Depends on various factors . Thanks,O O O O O O O O O O O O O O O O O O O O O O O O O O,O O O O O O O O O O O O O O O O O O O O O O O O O O,,5.386405003999698,,767.0
its emergency its my nephew little girl 21 days year old,O O O O O O O B-Age I-Age O O,O O O O O O O O O O O,Age,3.830448628999875,,768.0
ডাক্তার ভাই কে প্রশ্ন করার জন্য ধন্যবাদ । কিডনী বা লিভার এর ক্ষতি হতে পারে আপনি সরাসরি একজন Medicine বিশেষজ্ঞ এর পরামর্শ নিতে পারেন ধন্যবাদ,O O O O O O O O O O O O O O O O O O B-Specialist I-Specialist O O O O O,O O O O O O O O O O O O B-Health_Condition O O O O O B-Specialist I-Specialist O O O O O,Specialist,88.58486251400018,,769.0
আমার পেট ও মাজা ব্যাথা করছে সাথে আমাশয় পড়ছে । আমি রোজাদার কি করব এখন । help me,O B-Symptom I-Symptom I-Symptom I-Symptom O O B-Symptom I-Symptom O O O O O O O O O,O B-Symptom O B-Symptom I-Symptom O O B-Health_Condition O O O O O O O O O O,Symptom,1.1496191969999927,,770.0
ডাক্তারভাইকে প্রশ্ন করার জন্য ধন্যবাদ । আর দেরী না করে বাচ্চাকে দ্রুত হাসপাতাল নিয়ে যান । ঘন ঘন এভাবে পায়খানা হলে বাচ্চা dehydrated হয়ে যাবে । ৫০০মিলি বোতলে এক প্যাকেট saline মিশিয়ে বাচ্চাকে ১৫ - ২০ মিনিট পর পর ২ চামচ করে খাওয়ান । ধন্যবাদ । ,O O O O O O O O O O O O B-Specialist O O O O O O O O O O O O O B-Dosage I-Dosage I-Dosage I-Dosage B-Medicine O O B-Dosage I-Dosage I-Dosage I-Dosage I-Dosage I-Dosage I-Dosage I-Dosage O O O O O,B-Specialist O O O O O O O O O O O O O O O O O O B-Symptom O O B-Health_Condition O O O B-Dosage O O O B-Medicine O O B-Dosage I-Dosage I-Dosage I-Dosage I-Dosage I-Dosage I-Dosage I-Dosage I-Dosage O O O O,Dosage,61.95151854599999,,771.0
আপনাকে ধন্যবাদ প্রশ্ন করার জন্য । মুখ ধুয়ে শুকিয়ে Nospot Cream অল্প পরিমানে রাতে ঘুমানোর আধা ঘন্টা আগে আক্রান্ত স্থানে ব্যাবহার করতে বলুন । রোদে যাবার সময় Sunscreen Cream অথবা ছাতা ব্যাবহার করতে বলুন । ধন্যবাদ । ,O O O O O O O O O B-Medicine I-Medicine O O O O O O O O O O O O O O O O B-Medicine I-Medicine O O O O O O O O,O O O O O O O O O O O O O O O O O O O O O O O O O O O O O O O O O O O O O,Medicine,6.262732524000057,,772.0
আসসালামু আলাইকুম । আমার নাম < NAME > । বয়স ২০ বছর । আমার প্রথম দিকে সর্দি আর জ্বর ছিল । Fexo 120 mg 0 + 0 + 1 আর Napa Extend 665mg 0 + 2 + 2খাওয়ার পর সর্দি কমে গিয়ে হলুদ কফ বের হচ্ছে আর কাশি হচ্ছে । সন্ধ্যার সময় শরীর গরম থাকে । এমতাবস্থায় কোন ধরনের মেডিসিন খাওয়া উচিত ? ,O O O O O O O O O O B-Age O O O B-Symptom I-Symptom I-Symptom I-Symptom I-Symptom O O B-Medicine I-Medicine I-Medicine B-Dosage I-Dosage I-Dosage I-Dosage I-Dosage O B-Medicine I-Medicine I-Medicine B-Dosage I-Dosage I-Dosage I-Dosage I-Dosage O B-Symptom I-Symptom I-Symptom I-Symptom I-Symptom I-Symptom I-Symptom I-Symptom I-Symptom O O B-Symptom I-Symptom I-Symptom I-Symptom O O O O O O O O O,O O O O O O O O O O O O O O O O O O O O O O O O O O O O O O O O O O O O O O O O O O O O O O O O O O O O O O O O O O O O O O O,Symptom,13.359566557999642,,773.0
"ডাক্তার ভাই কে প্রশ্ন করার জন্য ধন্যবাদ । করোনা হোলে উপসর্গ না ও থাকতে পারে । আবার কেঊ র জর , কাষী , পাতলা পায়খানা , শ্বাসকষ্ট , গলা বেতা এগুলা হতে পারে । ধন্যবাদ । ",O O O O O O O O B-Health_Condition O O O O O O O O O O B-Symptom O B-Symptom O B-Symptom I-Symptom O B-Symptom O B-Symptom I-Symptom O O O O O O,O O O O O O O O B-Health_Condition O O O O O O O O O O B-Symptom O B-Symptom O B-Symptom I-Symptom O B-Symptom O B-Symptom I-Symptom O O O O O O,Symptom,27.045609953000167,,774.0
আমার প্রায়ই ঘুম থেকে সকালে উঠলে শরীর প্রচুর গরম হয়ে থাকে এবং আস্তে আস্তে আবার শরীর ঠান্ডা হয়ে যায় কিছুক্ষণের মধ্যেই । শরীর গরম হয়ে যাওয়ার কারন এবং উপশমের জন্য যদি কোনো ঔষধ দিতেন তবে খুবই উপকৃত হতাম । ,O O O O O O B-Symptom I-Symptom I-Symptom I-Symptom I-Symptom O B-Symptom I-Symptom I-Symptom I-Symptom I-Symptom I-Symptom I-Symptom O O O O O O O O O O O O O O O O O O O O,O O O O O O O O O O O O O O O O O O O O O O O O O O O O O O O O O O O O O O O,Symptom,3.8910723900003177,,775.0
আমার রাতে পায়ের মাংসপেসি কামড়ায় এবং রাতে ঘুম কম হয় আর সামান্য হাটলে পা ব্যাথা করে সমাধান কি,O O B-Symptom I-Symptom I-Symptom O B-Symptom I-Symptom I-Symptom O O B-Symptom I-Symptom I-Symptom I-Symptom I-Symptom O O,O O O O O O O O O O O O O O O O O O,Symptom,3.030237201000091,,776.0
amr wife pregnancy test korar por ekta full pink dag asche & arekta halka dag asche . test er 2 ta pic attach kore dilam . amr wife er age - 24yrs & 2 yrs biye hoyese . masik er last date gotokal 31st dec . pregnancy test ti aajk sokale koresi . apnr motamot chassi . ,O O O O O O O O O O O O O O O O O O O O O O O O O O O O O O O B-Age O O O O O O O O O O O O O O O O O O O O O O O O O,O O B-Medical_Procedure I-Medical_Procedure O O O O O O O O O O O O O O O O O O O O O O O O O O O B-Age O O O O O O O O O O O O O O O B-Medical_Procedure I-Medical_Procedure O O O O O O O O,Age,6.232071908999842,,777.0
"আমার বাচ্চার বয়স প্রায় ১০ মাস , শরীরে প্রচুর ঘামাচি বের হয়েছে এই গরমে , বরফ দিয়ে ঘসা দিলে , সর্দি , কাশি বাড়তেছে , কোন কিছু করার থাকলে জানাবেন । ",O O O O B-Age I-Age O B-Symptom I-Symptom I-Symptom O O O O O O O O O O B-Symptom I-Symptom I-Symptom I-Symptom O O O O O O O,O O O O O O O O O O O O O O O O O O O O O O O O O O O O O O O,Symptom,3.1712493379995976,,778.0
ডাক্তার ভাইতে প্রশ্ন করার জন্য আপনাকে ধন্যবাদ । দয়া করে বাচ্চার বয়স এবং ডিটেইলস বলুন । ,O O O O O O O O O O O O O O O O,O O O O O O O O O O O O O O O O,,2.0869993020000948,,779.0
আপনাকে ধন্যবাদ প্রশ্ন করার জন্য । আপনি ট্যাবলেট এলাট্রল ১০ মিলিগ্রাম রাতে একটা করে খেতে পারেন । ভাল না হলে একজন মেডিসিন বিশেষজ্ঞ কে দেখাতে পারেন । ধন্যবাদ । ,O O O O O O O O B-Medicine I-Medicine I-Medicine O B-Dosage O O O O O O O O B-Specialist I-Specialist O O O O O O,O O O O O O O O O O O O O O O O O O O O O O O O O O O O O,Medicine,36.77148503399985,,780.0
ডাক্তারভাইকে প্রশ্ন করার জন্য ধন্যবাদ । 1 ) Tab . Deslor 5mg - - 0 + 0 + 1 for 15 days . 2 ) Tab Fexo 120mg - - 0 + 0 + 1 for 15 days . 3 ) Tab Napa 500mg - - 2 + 2 + 2 after meal when there is fever or pain . ঠান্ডা জাতীয় খাবার খাবেন না । গরম পানির ভাপ নিবেন । সে সাথে কুসুমগরম পানিতে ১ চিমটি লবণ মিশিয়ে দু ' বেলা গার্গল করবেন । ভিটামিন সি সমৃদ্ধ খাবার বেশী করে খাবেন । লক্ষ্য রাখুন অন্য কোন অস্বাভাবিক লক্ষণ বা করোনার লক্ষন দেখা দেয় কিনা । সে ক্ষেত্রে অবশ্যই ডাক্তারের পরামর্শ নিয়ে নিবেন । ধন্যবাদ । ,O O O O O O O O B-Medicine I-Medicine I-Medicine I-Medicine O O B-Dosage I-Dosage I-Dosage I-Dosage I-Dosage O O O O O O B-Medicine I-Medicine I-Medicine O O B-Dosage I-Dosage I-Dosage I-Dosage I-Dosage O O O O O O B-Medicine I-Medicine I-Medicine O O B-Dosage I-Dosage I-Dosage I-Dosage I-Dosage O O O O O B-Symptom O B-Symptom O O O O O O O O O O O O O O O O O O O O O O O O O O O O O O O O O O O O O O O O O B-Health_Condition O O O O O O O O O O O O O O O,O O O O O O O O O O O O O O O O O O O O O O O O O O O O O O O O O O O O O O O O O O O O O O O O O O O O O O O O O O O O O O O O O O O O O O O O O O O O O O O O O O O O O O O O O O O O O O O O O O O O O O O O O O O O O O O O O O O O,Medicine,9.398591553999722,,781.0
Then you can check your Serum Vitamin D level to exclude hypervitaminosis . You may Need to Consult with medicine specialist for this purpose . Thanks . ,O O O O O B-Medical_Procedure I-Medical_Procedure I-Medical_Procedure I-Medical_Procedure O O O O O O O O O O B-Specialist I-Specialist O O O O O O,O O O O O B-Medical_Procedure I-Medical_Procedure I-Medical_Procedure I-Medical_Procedure O O B-Health_Condition O O O O O O O B-Specialist I-Specialist O O O O O O,Medical Procedure,1.2493613579999874,,782.0
ami ak maser pregnant . 4 Din holo khob kasi hocca ki medicine khete pari janaben,O B-Health_Condition I-Health_Condition I-Health_Condition O O O O B-Symptom I-Symptom O O O O O O,O O O B-Health_Condition O B-Age I-Age O O B-Symptom O O B-Medicine O O O,Health Condition,1.3649862939996638,,783.0
"ডাক্তার ভাই ; আমার মেয়ে , বয়স ১৮ ( আঠার ) মাস । তাকে চকলেট , চিপস , চানাচুর যত ফালতু খাবার দিবেন খাবে । কিন্তু , ভাত - ডাল , ডিম , শাকসবজি , ফলমূল ইত্যাদি স্বাস্থ্যকর খাবার একেবারেই খায় না । অনেক পন্থা অবলম্বন করি , তাতেও কাজ হয় না । এই অবস্থায় কী করণীয় ? ",O O O O O O O B-Age I-Age I-Age I-Age I-Age O O O O O O O O O O O O O O O O O O O O O O O O O O O O O O O O O O O O O O O O O O O O O O,O O O O O O O O O O O O O O O O O O O O O O O O O O O O O O O O O O O O O O O O O O O O O O O O O O O O O O O O O O,Age,5.844836985999791,,784.0
"আপনাকে ধন্যবাদ প্রশ্ন করার জন্য । কোভিড - ১৯ এর লক্ষন গুলোর একটি স্বাদ , ঘ্রাণ না পাওয়া । স্বাভাবিক রোগীদের কোন ঔষধ ছাড়াই ১ - ২সপ্তাহর মধ্যেই এটি ঠিক হয়ে যায় , কারও কারও ক্ষেত্রে একটু সময় বেশি লাগে । ভয় পাবেন না । যেহেতু জ্বর নেই তেমন একটা দুশ্চিন্তার কিছু নেই । রক্তের অক্সিজেনের মাত্রা পরীক্ষা করুন । শ্বাস প্রশ্বাসের গতি ঠিক আছে কিনা দেখুন । দিনে দুইবার করে , ২০ সেকেন্ড করে , লেবু , লবঙ্গ , গোলাপজল , আতর এর ঘ্রান নিয়ে দেখতে পারেন । এতে সমস্যার দ্রুত সমাধান হতে পারে । স্বাদ না পেলেও প্রয়োজনীয় পূষ্টি উপাদান সমৃদ্ধ খাবার খেয়ে যেতে হবে , সাধারনের থেকে বেশি পরিমানে । ধন্যবাদ । ",O O O O O O B-Health_Condition I-Health_Condition I-Health_Condition O O O O B-Symptom I-Symptom I-Symptom I-Symptom I-Symptom O O O O O O O O O O O O O O O O O O O O O O O O O O O O B-Symptom O O O O O O O O O O O O O O O O O O O O O O O O O O O O O O O O O O O O O O O O O O O O O O O O O O O O O O O O O O O O O O O O O O O O,O O O O O O O O O O O O O O O O O O O O O O O O O O O O O O O O O O O O O O O O O O O O O O O O O O O O O O O O O O O O O O O O O O O O O O O O O O O O O O O O O O O O O O O O O O O O O O O O O O O O O O O O O O O O O O O O O O O,Symptom,9.399665221000305,,785.0
"আপনাকে ধন্যবাদ প্রশ্ন করার জন্য । জ্বর মাপবেন , জ্বর ১০০ * বা তার বেশি হলে Tab . Reset PLUS খান ছয় ঘন্টা অন্তর । ধন্যবাদ । ",O O O O O O O O O O O O O O O O B-Medicine I-Medicine I-Medicine I-Medicine O B-Dosage I-Dosage I-Dosage O O O,O O O O O O B-Symptom O O B-Symptom B-Dosage O O O O O B-Medicine O B-Medicine I-Medicine O B-Dosage I-Dosage I-Dosage O O O,Medicine,1.8369721589997423,,786.0
"আমার ভাবীর বয়স 25 বছর - তার ঠান্ডা লাগলে কানে প্রথম ফির ফির করে 5 - 6 দিন পর্যন্ত করে , তারপর কানে ব্যাথা লাগে . অনেক সময় দেখা যায় কান্ কিছু শুনি না - আজ 15 দিন পর্যন্ত এই সমস্যা হচ্ছে ! আমাকে কি করতে হবে সেটা বলেন",O O O B-Age O O O B-Symptom I-Symptom I-Symptom I-Symptom I-Symptom I-Symptom I-Symptom O O O O O O O O B-Symptom I-Symptom O O B-Symptom I-Symptom I-Symptom I-Symptom I-Symptom I-Symptom I-Symptom I-Symptom O O O O O O O O O O O O O O O,O O O O O O O O O O O O O O O O O O O O O O O O O O O O O O O O O O O O O O O O O O O O O O O O O,Symptom,4.992591769999763,,787.0
ডাক্তার ভাই কে প্রশ্ন করার জন্য ধন্যবাদ । apni savlon liquid hand wash with antiseptic shield use kore dekhen . ধন্যবাদ । ,O O O O O O O O O B-Medicine I-Medicine I-Medicine I-Medicine I-Medicine I-Medicine I-Medicine O O O O O O,O O O O O O O O O B-Medicine I-Medicine I-Medicine I-Medicine I-Medicine I-Medicine I-Medicine O O O O O O,Medicine,1.505910954999763,,788.0
"ডাক্তারভাইকে প্রশ্ন করার জন্য ধন্যবাদ । বাচ্চাকে সহজ পাচ্য এবং হাই - ফাইবারযুক্ত খাবার খাওয়াবেন যেমন , কলা , ওটমিল , দুধ , আলু সিদ্ধ , ফল - সবজী এগুলো । প্রয়োজনের থেকে বেশী খাবার খাওয়াবেন না । লক্ষ্য রাখবেন বাচ্চা যেন পর্যাপ্ত পানি পান করে । কোষ্ঠকাঠিন্যর জন্য Syp Osmolax 1 TSF 2 times daily after meal এ ঔষধটি দিতে পারেন । যেহেতু বাচ্চা পেট ব্যথার কথা বলে অবশ্যই Paediatrics Specialist Doctor দেখিয়ে পরামর্শ নিয়ে নিবেন । ধন্যবাদ । ",O O O O O O O O O O O O O O O O O O O O O O O O O O O O O O O B-Symptom I-Symptom I-Symptom I-Symptom I-Symptom I-Symptom O O O O O O O O O O O O B-Medicine I-Medicine B-Dosage I-Dosage I-Dosage I-Dosage I-Dosage O O O O O O O O O O O O O O B-Specialist I-Specialist O O O O O O O O,O O O O O O O O O O O O O O O O O O O O O O O O O O O O O O O O O O O O O O O O O O O O O O O B-Health_Condition O B-Medicine I-Medicine B-Dosage I-Dosage I-Dosage I-Dosage I-Dosage I-Dosage I-Dosage I-Dosage O O O O O O O B-Symptom I-Symptom O O O B-Specialist I-Specialist I-Specialist O O O O O O,Symptom,37.56196349699985,,789.0
আপনাকে ধন্যবাদ প্রশ্ন করার জন্য । আপনি থাইরয়েড পরীক্ষা করান । পানি বেশি করে পান করুন । একজন মেডিসিন বিশেষজ্ঞ কে দেখিয়ে নিতে পারেন । ধন্যবাদ । ,O O O O O O O B-Medical_Procedure I-Medical_Procedure O O O O O O O O O B-Specialist I-Specialist O O O O O O O,O O O O O O O B-Medical_Procedure I-Medical_Procedure O O O O O O O O O B-Specialist I-Specialist O O O O O O O,Medical Procedure,4.793355948999761,,790.0
"আমি একটা ফার্মা তে জব করি , অফিসের প্রয়োজনে খুব ভোর এ ঘুম থেকে উঠতে হয় . . সারাদিন অফিস করে আসার পর অনেক টায়ার্ড লাগে , ঘুম পায় , কিছুইতেই মনোযোগ আসেনা , এই প্রব্লেম থেকে পরিত্রান এর উপায় কি ! জানালে উপকৃত হতাম",O O O O O O O O O O O O O O O O O O O O O O O O B-Symptom I-Symptom O B-Symptom I-Symptom O B-Symptom I-Symptom I-Symptom O O O O O O O O O O O O,O O O O O O O O O O O O O O O O O O O O O O O O B-Symptom I-Symptom O B-Symptom I-Symptom O O O O O B-Health_Condition O O O O O O O O O O,Symptom,6.392258718999983,,791.0
assalamualaikum ২ দিন ধরে আমার হাটুতে বেথা । এবং ফুলে গিয়েছে । কিন্তু কোনো বেথা পাইনি । পরামর্শ দেওয়ার জন্য অনুরোধ করছি । ধন্যবাদ । ,O O O O O B-Symptom I-Symptom O O B-Symptom I-Symptom O O O O O O O O O O O O O O,O O O O O B-Symptom I-Symptom O O B-Symptom I-Symptom O O O B-Symptom O O O O O O O O O O,Symptom,1.6575711559999036,,792.0
আমার মেয়ের বয়স দের বছর । দের মাস আগে ওকে melphin syrup খাইয়েছিলাম আর আমি ও আমার স্ত্রী খেয়েছিলাম Alben DS . কিন্তু আজ আমার মেয়ের পায়ুপথে আবারও কৃমি দেখতে পেয়েছি এবং আমার ও গুড়া কৃমি এখনো আছে । দের মাস পরে আবারও কি কৃমির ওষুধ খাওয়া যাবে । কি ওষুধ খাবো ? ,O O O B-Age I-Age O O O O O B-Medicine I-Medicine O O O O O O O B-Medicine I-Medicine O O O O O B-Symptom I-Symptom I-Symptom O O O O O B-Symptom I-Symptom O O O O O O O O O O O O O O O O O,O O B-Age I-Age I-Age O O O O O B-Medicine I-Medicine O O O O O O O B-Medicine I-Medicine O O O O O O O B-Symptom O O O O O O B-Symptom O O O O O O O O O B-Health_Condition B-Medicine O O O O B-Medicine O,Medicine,3.085472960000061,,793.0
1 + 0 + 1 for 3 days,B-Dosage I-Dosage I-Dosage I-Dosage I-Dosage O O O,O O O O O O B-Dosage I-Dosage,Dosage,0.9890653469997231,,794.0
"What would be the safest way of abortion when I have two caesarian babies within 1 year gap and aborted once via MM Kit after six months of my second baby born . timeline - 2018 , May - 2019 , May - 2019 November ( Abort ) - 2020 August ( Need Abortion ) ",O O O O O O O O O O O O O O O O O O O O O O O O O O O O O O O O O O O O O O O O O O O O O O O O O O O O O O O,O O O O O O O O O O O O O O O O O O O O O O O O O O O O O O O O O O O O O O O O O O O O O O O O O O O O O O O,,5.224487107000186,,795.0
Hello Thank you for your question . You can take paracetamol for your fever . Take plenty of water and sponging when temperature is more than 100 . Thank you,O O O O O O O O O O B-Medicine O O O O O O O O O O O O O O O O O O O,O O O O O O O O O O B-Medicine O O B-Symptom O O O O O O B-Medical_Procedure O B-Symptom O O O B-Dosage O O O,Medicine,2.0989234280000346,,796.0
আমার ছেলের বয়স ৪ বছর ৭ মাস গত ২৩ / ০৯ / ২২ ইং তারিখে ক্লিনিকে অপারেশন শিলাইয়ের মাধ্যমে সুন্নতে খাতনা দেয়া হয়েছে ঔষধ দিয়েছে cef 3 50ml সিরাপ ৭ দিন ও প‍্যারাসিটামল সিরাপ ৫ দিন দিয়েছিল তা তিন দিনে শেষ হয়ে গেছে এখন আবার সিরাপ নিয়ে এসে খাওবো ? এখন পযর্ন্ত পানি লাগানো হয়নি । পরবর্তী করনীয় কি এ বিষয়ে সুপরামর্শ চাচ্ছি ? ধন্যবাদ । ,O O O B-Age I-Age I-Age I-Age O O O O O O O O O B-Medical_Procedure I-Medical_Procedure O B-Health_Condition I-Health_Condition I-Health_Condition I-Health_Condition O O B-Medicine I-Medicine I-Medicine I-Medicine B-Dosage I-Dosage O B-Medicine I-Medicine B-Dosage I-Dosage O O O O O O O O O O O O O O O O O O O O O O O O O O O O O O,O O O B-Age I-Age I-Age I-Age O O O O O O O O B-Medical_Procedure I-Medical_Procedure I-Medical_Procedure I-Medical_Procedure I-Medical_Procedure O O O B-Medicine O B-Medicine I-Medicine I-Medicine I-Medicine I-Medicine I-Medicine O B-Medicine I-Medicine I-Medicine I-Medicine O O O O O O O O O O O O O O O O O O O O O O O O O O O O O O,Medicine,14.542877168999894,,797.0
ডাক্তার ভাই কে প্রশ্ন করার জন্য ধন্যবাদ আপনার রেজাল্ট স্বাভাবিক দেখা যাচ্ছে । আপনি একজন Medicine specialist এর পরামর্শ নিতে পারেন । ধন্যবাদ,O O O O O O O O O O O O O O O B-Specialist I-Specialist O O O O O O,O O O O O O O O O O O O O O O B-Medicine I-Medicine O O O O O O,Specialist,6.455880710000201,,798.0
"রিকশা থেকে নামতে গিয়ে হঠাৎ করে পা মচকে , পায়ের গোড়ালি ও তালুতে প্রচন্ড ব্যথা হচ্ছে । পরামর্শ চাইছি । ",O O O O O O B-Health_Condition I-Health_Condition O B-Symptom I-Symptom I-Symptom I-Symptom I-Symptom I-Symptom O O O O O,O O O O O O O O O O O O O O O O O O O O,Health Condition,3.057832135999888,,799.0
Doctor appointment দিছি ওটা কি চেম্বারে গিয়ে দেখাতে হবে নাকি ? ? ,O O O O O O O O O O O O,O O O O O O O O O O O O,,1.889694861999942,,800.0
"প্রায় ২০ দিন যাবৎ আমার শুস্ক কাসি হচ্চে , কোনো কফ বের হচ্চে না , নাকে সর্দি আছে , হালকা শ্বাসকষ্ট হচ্ছে , গলায় জাম জাম মনে হয় , জ্বর নেয় , গলা ব্যাথা নেই , কফ কোনো ভাবে ফুসফুস থেকে বের হচ্ছে না , এাটা বের করার দরকার",O O O O O B-Symptom I-Symptom O O O B-Symptom O O O O O B-Symptom O O O B-Symptom O O B-Symptom I-Symptom I-Symptom I-Symptom I-Symptom O B-Symptom O O B-Symptom I-Symptom O O B-Symptom O O O O O O O O O O O O,O B-Age I-Age O O B-Symptom I-Symptom O O O B-Symptom O O O O B-Symptom I-Symptom O O O B-Symptom O O B-Symptom I-Symptom O O O O O O B-Symptom I-Symptom O O B-Symptom O O B-Health_Condition O O O O O O O O O O,Symptom,11.0106588929998,,801.0
"এন্ট্রিবাইটিক সিরাপ zimax খাওয়ানোর সাথে সাথে বমি করে দুবার ফেলে দিয়েছে , , , তৃতীয় বার কি আবার ঔষধ দেওয়া যাবে ? ? ",B-Medical_Procedure I-Medical_Procedure I-Medical_Procedure O O O B-Health_Condition I-Health_Condition I-Health_Condition I-Health_Condition I-Health_Condition O O O O O O O O O O O O,O O B-Medicine O O O B-Symptom O O O O O O O O O O O B-Medicine O O O O,Medical Procedure,3.47850820900021,,802.0
আসসালামু আলাইকুম । আমার বোনের মেয়ের বয়স ১বছর ৬মাস । ওর পায়খানা ২দিন ধরে হচ্ছে না । পায়খানা করতে বসলে কান্না করে । এখন কোন ধরনের মেডিসিন খাওয়ানো উচিত । ,O O O O O O O B-Age I-Age O O B-Symptom I-Symptom I-Symptom I-Symptom I-Symptom O B-Symptom I-Symptom I-Symptom I-Symptom O O O O O O O O O,O O O O O O O B-Age I-Age O O B-Symptom O O O O O B-Symptom O O B-Symptom O O O O O B-Medicine O O O,Symptom,3.3933490589997746,,803.0
ডাক্তার ভাইতে প্রশ্ন করার জন্য আপনাকে ধন্যবাদ । syp - fexo 1 . 5 ml করে রাতে খাওয়াবেন ৫ দিন । প্রয়োজনে শিশু বিশেষজ্ঞ চিকিৎসক এর পরামর্শ নিবেন । ,O O O O O O O O B-Medicine I-Medicine I-Medicine B-Dosage I-Dosage I-Dosage I-Dosage I-Dosage I-Dosage O O O O O B-Specialist I-Specialist O O O O O,O O O O O O O O O O O O O O O O O O O O O O O O O O O O O,Medicine,3.048238195999602,,804.0
আমার ছেলের বয়স 13 বছর । তার মুখের ভিতর দাঁতের গোড়ায় ও মুখের উপরের অংশে ছোট ছোট গোটার মতো হয়েছে । সেক্ষেত্রে যদি কিছু বলতেন । ,O O O B-Age I-Age O O B-Symptom I-Symptom I-Symptom I-Symptom I-Symptom I-Symptom I-Symptom I-Symptom I-Symptom I-Symptom I-Symptom I-Symptom O O O O O O O,O O O O O O O O O O O O O O O O O O O O O O O O O O,Age,7.138006841000333,,805.0
"Thank you for your question . There is probably fungal infection as you said . For confirmation , please consult with her gynaecologist , she will inspect the secretion and give her ointment according . And please maintain proper hygiene . Thank you",O O O O O O O O O B-Health_Condition I-Health_Condition O O O O O O O O O O O B-Specialist O O O B-Medical_Procedure I-Medical_Procedure I-Medical_Procedure O O O B-Medicine O O O O O O O O O O,O O O O O O O O O O O O O O O O O O O O O O O O O O O O O O O O O O O O O O O O O O O,Health Condition,7.787539619999734,,806.0
Thanks for asking question . you can do pregnancy test after 30 days . Thanks,O O O O O O O O B-Medical_Procedure I-Medical_Procedure O O O O O,O O O O O O O O B-Medical_Procedure I-Medical_Procedure O B-Age I-Age O O,Medical Procedure,1.191446328999973,,807.0
"আমার জর ঠানডা নাকে দিয়ে পানি পড়ছিল napa extend , fexo 120 , monocast 10 , খেয়েছি তাতে জর নেই তবে ঠানডাটি ভালো হচছে না কি করবো স্যার",O B-Symptom B-Symptom B-Symptom I-Symptom I-Symptom I-Symptom B-Medicine I-Medicine O B-Medicine I-Medicine O B-Medicine I-Medicine O O O B-Symptom O O B-Symptom O O O O O O,O B-Symptom I-Symptom O O O O B-Medicine I-Medicine O B-Medicine B-Dosage O B-Medicine B-Dosage O O O B-Symptom O O B-Symptom O O O O O O,Symptom,3.087540259999969,,808.0
Please consult a doctor physically and then apply medicine . Thanks,O O O O O O O O O O O,O O O O O O O O O O O,,2.4471279839999625,,809.0
"ধন্যবাদ আপনার প্রশ্নের জন্য । লো বিপি এর একমাত্র চিকিৎসা হল ঠিকমত খাওয়া দাওয়া করা । টক ফম খান , রুচি বাড়বে । ধন্যবাদ",O O O O O B-Symptom I-Symptom O O O O O O O O O O O O O O O O O,O O O O O B-Health_Condition I-Health_Condition O O O O O O O O O B-Medicine I-Medicine O O O O O O,Symptom,9.075437942000008,,810.0
"ডাক্তারভাইকে প্রশ্ন করার জন্য ধন্যবাদ । না , আপনি সঠিক ঔষধ খাননি । এতগুলো Antibiotic , Anti - diarrhoea ও ব্যথার ঔষধ এক সাথে খাওয়া ঠিক হয়নি । এতে করে উল্টা reaction হবার সম্ভাবনা আছে । পরবর্তীতে ডাক্তারের পরামর্শ ব্যতীত এভাবে ভুল নিয়মে আর ঔষধ খাবেন না । প্রথমত , প্রত্যেক বার পাতলা পায়খানার পর ORS পান করবেন । ৫০০মিলি পানিতে ১ প্যাক ORS গুলাবেন । জাউভাত , আলুভর্তা , কাঁচাকলা ভর্তা এমন পেট শক্ত করা খাবার খাবেন । তেলও মসলা যুক্ত ভাজাপোড়া খাবার পরিহার করবেন । dehydration রোধ করার জন্য প্রচুর পানি পান করবেন । 1 ) Cap . Probitor 20mg - - 1 + 0 + 1 - - 30min before meal for 15 days . 2 ) Tab . Simpli3 500mg - - 1 tablet tomorrow morning . 3 ) Tab . Filmet 400mg - - 1 + 1 + 1 after meal for 3 days . উপরোক্ত ঔষধগুলো নেবার পরও যদি লাভবান না হয়ে থাকেন অথবা অন্য কোন সমস্যা যদি দেখা দেয় তবে দ্রুত ডাক্তারের সাথে যোগাযোগ করবেন । ধন্যবাদ । ",O O O O O O O O O O O O O O B-Medicine O B-Medicine I-Medicine I-Medicine O B-Medicine I-Medicine O O O O O O O O O O O O O O O O O O O O O O O O O O O O O O B-Symptom I-Symptom O B-Medicine O O O O O B-Dosage I-Dosage B-Medicine O O O O O O O O O O O O O O O O O O O O O O O B-Health_Condition O O O O O O O O O O B-Medicine I-Medicine I-Medicine I-Medicine O O B-Dosage I-Dosage I-Dosage I-Dosage I-Dosage O O O O O O O O O O O B-Medicine I-Medicine I-Medicine I-Medicine O O B-Dosage I-Dosage I-Dosage I-Dosage O O O B-Medicine I-Medicine I-Medicine I-Medicine O O B-Dosage I-Dosage I-Dosage I-Dosage I-Dosage O O O O O O O O O O O O O O O O O O O O O O O O O O O O O O O,O O O O O O O O O O B-Medicine O O O B-Medicine O O I-Medicine O O B-Medicine O O O O O O O O O O O O O O O O B-Specialist O O O O O O B-Medicine O O O O O O O O O O O B-Medicine O O O B-Dosage O B-Dosage O B-Medicine O O O O O O O O O O O O O O O O O O O O O O O O O O O O O O O O O O O O O O O O O O O O O O O O O O O O O O O O O O O O O O O O O O O O O O O O O O O O O O O O O O O O O O O O O O O O O O O O O O O O O O O O O O O O O O,Medicine,29.27240671899972,,811.0
আমি চিকোন তাই হালকা মোটা হতে চাই আমার বয়স ১৮ বছর । ,O O O O O O O O O B-Age I-Age O,O O O O O O O O O O O O,Age,2.775773776999813,,812.0
আপনাকে ধন্যবাদ প্রশ্ন করার জন্য । আপনি প্রাথমিক ভাবে ট্যাবলেট লং প্যারা একটা করে দুই বেলা খান । ধন্যবাদ । ,O O O O O O O O O B-Medicine I-Medicine I-Medicine B-Dosage I-Dosage I-Dosage I-Dosage O O O O,O O O O O O O O O B-Medicine I-Medicine I-Medicine B-Dosage I-Dosage I-Dosage I-Dosage O O O O,Medicine,0.8521758460001365,,813.0
"Sir , Ami elish r chigri mas khele amr chokher paprir ongse cholkai r chik lal hoiye jai r pani pore r chok fole poch ache . . ekn ki kurbo sir",O O O O O O O O O O B-Symptom I-Symptom I-Symptom I-Symptom I-Symptom I-Symptom I-Symptom I-Symptom I-Symptom I-Symptom I-Symptom I-Symptom I-Symptom I-Symptom I-Symptom I-Symptom O O O O O O,O O O O O O O O O O O O O O O O O O O O O O O O O O O O O O O O,Symptom,3.202013778000037,,814.0
আমার স্ত্রীর বয়স ২৫ বছর ৬ মাস । আমার স্ত্রী ৩০ সপ্তাহের প্রেগন্যান্ট তাকে কোভিড ভ্যাকসিন দেয়া যাবে কিনা . ? কোন পার্শপ্রতিক্রিয়া আছে কিনা . . ? ,O O O B-Age I-Age I-Age I-Age O O O O O O O O O O O O O O O O O O O O O,O O O B-Age I-Age I-Age I-Age O O O O O B-Health_Condition O O B-Medicine O O O O O O O B-Symptom O O O O,Age,7.591897170000266,,815.0
আমাদের সন্তানের বয়স ২৮ বৎসর । প্রায়ই সাদা আমাশয় হয় । তাছাড়া হাত পা টেনে ধরে । প্রতিকার বা ঔষধ পত্রের পরামর্শ চাই । ,O O O B-Age O O O B-Symptom I-Symptom O O O B-Symptom I-Symptom I-Symptom I-Symptom O O O O O O O O,O O O O O O O O O O O O O O O O O O O O O O O O,Symptom,2.5007123280001906,,816.0
ডাক্তার ভাই কে প্রশ্ন করার জন্য ধন্যবাদ । শিশুকে ভালো করে পরীক্ষা করে দেখা উচিৎ এবং বুকের xray ও পেটের আল্ট্রাসনোগ্রাম না করে বলা যায় না । আপনি শিশু বিশেযজ্ঞের পরামর্শ নিন । ,O O O O O O O O O O O O O O O O B-Medical_Procedure I-Medical_Procedure O B-Medical_Procedure I-Medical_Procedure O O O O O O O B-Specialist I-Specialist O O O,O O O O O O O O O O O O O O O O O B-Medical_Procedure O O B-Medical_Procedure O O O O O O O O O O O O,Medical Procedure,1.1888786360000267,,817.0
আমার স্ত্রী এর গত কয়েক দিন ধরে সাদা স্রাব হচ্ছে কি ওষুধ খাওয়াব । এটা তার মাঝে মাঝে হয় । যার কারনে তার সাস্থ্যের অবস্তা খুব খারাপ । ,O O O O O O O B-Symptom I-Symptom O O O O O O O O O O O O O O O O O O O,O O O O O O O B-Symptom I-Symptom O O O O O O O O O O O O O O O O O O O,Symptom,27.90242786299996,,818.0
"ডাক্তার ভাই এর সাথে থাকার জন্য ধন্যবাদ Rx , Tan Napa 500mg : 2 + 2 + 2 ভরা পেটে ব্যাথা থাকলে Tab Sergel 20 : 1 + 0 + 1 খাবার আগে Dr < NAME > Mbbs ( du ) ",O O O O O O O B-Medicine I-Medicine I-Medicine I-Medicine I-Medicine O B-Dosage I-Dosage I-Dosage I-Dosage I-Dosage I-Dosage I-Dosage O O B-Medicine I-Medicine I-Medicine O B-Dosage I-Dosage I-Dosage I-Dosage I-Dosage I-Dosage I-Dosage O O O O O O O O,O O O O O O O O O O O O O O O O O O O O O O O O O O O O O O O O O O O O O O O O O,Medicine,51.63112261200013,,819.0
Thanks for your question to daktar Bhai . Please give him warm water bath and massage his belly very softly with warm clothes . And visit a child doctor . Thanks,O O O O O O O O O O O O O O O O O O O O O O O O O O O B-Specialist I-Specialist O O,O O O O O O O O O O O O O B-Medical_Procedure O O O B-Symptom O O O O O O O O O O B-Specialist I-Specialist O,Specialist,1.765856044999964,,820.0
nonnotomo kotokkhon ghomale shasther kono kkhoti hobe na . amar samne porikkha tai ghomanor somoy kom . ,B-Symptom I-Symptom I-Symptom I-Symptom I-Symptom I-Symptom I-Symptom I-Symptom O O O O O O O O O,O O O O O O O O O O O O O O O O O,Symptom,6.962128741000015,,821.0
"ধন্যবাদ আপনার প্রশ্নের জন্য । না দেখে সমাধান দেয়া যাচ্ছে না । আপাতত এলারজি উদ্রেককারী খাবার , ধূলাবালি এড়িয়ে চলুন । সরাসরি চর্মরোগ বিশেষজ্ঞ দেখিয়ে পরামর্শ নিতে হবে ধন্যবাদ",O O O O O O O O O O O O O O O O O O O O O O B-Specialist I-Specialist O O O O O,O O O O O O O O O O O O O B-Symptom O O O O O O O O B-Health_Condition B-Specialist O O O O O,Specialist,2.152325864999966,,822.0
আপনাকে ধন্যবাদ প্রশ্ন করার জন্য । আপনি প্যারাসিটামল ১ টা খেতে পারেন । নিয়মিত কিছুদিন সকালে ও রাতে ১টা করে গ্যাস্টিকের ঔষধ খেতে পারেন । একটা ইসিজি করিয়ে নিন । একজন মেডিসিন ডাক্তারকে দেখিয়ে নিতে পারেন । ধন্যবাদ,O O O O O O O B-Medicine O O O O O B-Dosage I-Dosage I-Dosage I-Dosage I-Dosage I-Dosage I-Dosage B-Medicine I-Medicine O O O O B-Medical_Procedure O O O O B-Specialist I-Specialist O O O O O,O O O O O O O B-Medicine O O O O O O O O O O O O B-Health_Condition I-Health_Condition O O O O B-Medical_Procedure O O O O B-Specialist I-Specialist O O O O O,Medicine,21.00554423499989,,823.0
"আমর মায়ের বয়স ৪২ । ওনার কিছু দিন যাবত অনেক মাথা ঘুরছে , শরীর অনেক দূর্বল মনে হচ্ছে , পেটের ভিতর কেমন একটা সমস্যা হচ্ছে , বমি বমি ভাবও আছে , আর ঘুম অনেক কম হচ্ছে । এখন কী ভাবে সমস্যার সমাধান করা যাই ? ",O O O B-Age O O O O O O B-Symptom I-Symptom O B-Symptom I-Symptom I-Symptom O O O B-Symptom I-Symptom I-Symptom I-Symptom I-Symptom I-Symptom O B-Symptom I-Symptom I-Symptom I-Symptom O O B-Symptom I-Symptom I-Symptom I-Symptom O O O O O O O O O,O O O O O O O O O O O O O O O O O O O O O O O O O O O O O O O O O O O O O O O O O O O O O,Symptom,5.254867494999871,,824.0
পেটে ব্যাথা । সকাল থেকে সন্ধ্যা পর্যন্ত 15 বার প্রসাব হয়েছে । শরীর খারাপ লাগছে । ডাক্তার এর পরামর্শ চাই । ,B-Symptom I-Symptom O B-Symptom I-Symptom I-Symptom I-Symptom I-Symptom I-Symptom I-Symptom O O B-Symptom I-Symptom I-Symptom O O O O O O,B-Symptom I-Symptom O O O O O O O O O O B-Symptom I-Symptom I-Symptom O B-Specialist O O O O,Symptom,4.454433216000325,,825.0
আপনাকে ধন্যবাদ প্রশ্ন করার জন্য । চুল পরে যাওয়া বংশগত হতে পারে যা থেকে রক্ষা পাওয়ার খুব বেশি উপায় নাই । কিন্তু কিছু মেডিকেল কারনেও চুল পরতে পারে । আবার চুলে খুশকি থাকলেও চুল পরে । আপনি একজন চর্ম ডাক্তারের পরামর্শ নিন । দুশ্চিন্তা করলে চুল বেশি পরে । ধন্যবাদ,O O O O O O O O O O O O O O O O O O O O O O O O O O O O O O O O O O O O O O B-Specialist I-Specialist O O O O O O O O O O,O O O O O O O O O O O O O O O O O O O O O O O O O O O O O O O O O O O O O O O O O O O O O O O O O O,Specialist,5.637498224999945,,826.0
"আমার গ্লুটিয়াল রিজিয়নে গত ৫ মাস ধরে প্রচুর চুল্কানি হচ্ছে । ১৫ দিনের মত মিকোনাজল ব্যবহার করেছিলাম , কোন কাজ হয়নি । মিকোনাজল দিয়ে শুধু গ্রয়েন আরিয়ার চুল্কানি সেরেছে কিন্তু গ্লুটিয়াল রিজিয়ন প্রচুর চুল্কায় , সারাদিন আর একদম কালো হয়ে গেছে । কি করা যায় ? ",O B-Symptom I-Symptom I-Symptom I-Symptom I-Symptom I-Symptom I-Symptom I-Symptom I-Symptom O O O O B-Medicine O O O O O O O B-Medicine O O B-Symptom I-Symptom I-Symptom I-Symptom I-Symptom I-Symptom I-Symptom I-Symptom O O O O O O O O O O O O O,O O O O O O O O O O O O O O O O O O O O O O O O O O O O O O O O O O O O O O O O O O O O O O,Symptom,8.671720182000172,,827.0
রাতে ঘুমানোর আগে হাত পা গরম থাকে এবং জ্বালা পোড়া করে ? এইটার কারণ কি এবং কি করা যায় ? ,O B-Symptom I-Symptom I-Symptom I-Symptom I-Symptom I-Symptom O B-Symptom I-Symptom O O O O O O O O O O,O O O O O O O O B-Symptom I-Symptom O O O O O O O O O O,Symptom,1.2709720829998332,,828.0
age 3 years aj jor utcay por paracitamol syp . khower por komcilo akhon abar jor 103 er kasakasi ki Karboo,O B-Age I-Age O O O O B-Medicine I-Medicine O O O O O O B-Symptom I-Symptom I-Symptom I-Symptom O O,O O O O O O O O O O O O O O O O O O O O O,Age,4.38040068600003,,829.0
Thanks for asking question . Your wife can take Tab : Ace 500 mg 1 + 1 + 1 _ when pain after meal . Thanks,O O O O O O O O O B-Medicine I-Medicine I-Medicine I-Medicine I-Medicine B-Dosage I-Dosage I-Dosage I-Dosage I-Dosage O O O O O O O,O O O O O O O O O O O B-Medicine B-Dosage I-Dosage B-Dosage O I-Dosage O I-Dosage O O B-Symptom O O O O,Medicine,2.6324046360000466,,830.0
"ডাক্তার ভাই কে প্রশ্ন করার জন্য ধন্যবাদ আপনি খাওয়ার আগে Tab Ace 500mg , Tab Motigut 10mg প্রতি বেলা ১টা করে এবং Cap Sergel 20mg এবং Xinc B সকাল ও রাতে ১ টা করে এবং Tab Fexo ও Tab M - kast রাতে ১ টা করে খাওয়াতে পারেন । আপনি Dengue NS1 এবং CBC পরীক্ষা দুটি করাবেন আপনি একজন Medicine specialist এর পরামর্শ নিতে পারেন । ধন্যবাদ",O O O O O O O O O O B-Medicine I-Medicine I-Medicine O B-Medicine I-Medicine I-Medicine B-Dosage I-Dosage I-Dosage I-Dosage O B-Medicine I-Medicine I-Medicine O B-Medicine I-Medicine B-Dosage I-Dosage I-Dosage I-Dosage I-Dosage O O B-Medicine I-Medicine O B-Medicine I-Medicine I-Medicine I-Medicine B-Dosage I-Dosage I-Dosage O O O O O B-Medical_Procedure I-Medical_Procedure O B-Medical_Procedure I-Medical_Procedure O O O O B-Specialist I-Specialist O O O O O O,O O O O O O O O O O O O O O O O O O O O O O O O O O O O O O O O O O O O O O O O O O O O O O O O O O O O O O O O O O O O O O O O O O O,Medicine,12.586918424000032,,831.0
walikum salam . Thanks for your question to Daktar bhai . some times presure medicine can cause increase uric acid . you have to check with specialist . Thanks . ,O O O O O O O O O O O O O B-Medicine I-Medicine O O B-Symptom I-Symptom I-Symptom O O O O O O O O O O,O O O O O O O O O O O O O O O O O O O O O O O O O O O O O O,Medicine,3.846258913999918,,832.0
"গতকাল থেকে আমার শরীর ব্যাথা , কাশি আর জ্বর ১০১ । রাতে ২ টা নাপা খাবার পর এখন জ্বর ১০০ তে এসেছে । কাশির সময় মাথার তালুতে অনেক ব্যাথা হয় । এই অবস্থায় কী করা উচিৎ ? ",O O O B-Symptom I-Symptom O B-Symptom O B-Symptom I-Symptom O O B-Dosage I-Dosage B-Medicine O O O B-Symptom I-Symptom I-Symptom I-Symptom O B-Symptom I-Symptom I-Symptom I-Symptom I-Symptom I-Symptom I-Symptom O O O O O O O,O O O O O O O O O O O O O O O O O O O O O O O O O O O O O O O O O O O O O,Symptom,4.510370258999956,,833.0
প্রশ্ন করার জন্য ধন্যবাদ / আপনার মেয়ের বয়স উল্লেখ করতে হবে নয়তো / ধন্যবাদ / ,O O O O O O O O O O O O O O O,O O O O O O O O O O O O O O O,,2.179403984000146,,834.0
ডাক্তার ভাইতে প্রশ্ন করার জন্যে আপনাকে ধন্যবাদ । আসলে এভাবে শুধু একটি ইম্প্রেশন শুনে সবকিছু বোঝা যায়না . . . ফুসফুসে সংক্রমণ বুঝানো হয়েছে . . . আপনাকে যে চিকিৎসক এটি করতে দিয়েছেন উনার কাছ থেকে ডিটেইলস জেনে নিতে পারেন । ,O O O O O O O O O O O O O O O O O O O O B-Health_Condition I-Health_Condition O O O O O O O O O O O O O O O O O O O,O O O O O O O O O O O O O O O O O O O O O O O O O O O O O O O O O O O O O O O O O,Health Condition,4.274785424999664,,835.0
Hello Apnake dhonnobad prosno Korar jonno . Apni tab . Napa Extend 665mg akta tablet khate paren Matha bathar jonno . Thank you Dr . < NAME > ,O O O O O O O O O O B-Medicine I-Medicine I-Medicine B-Dosage I-Dosage O O O O O O O O O O O O O,O O O O O O O O O O O O O O O O O O O O O O O O O O O O,Medicine,3.1790222539998467,,836.0
আপনাকে ধন্যবাদ প্রশ্ন করার জন্য । আপনার চাকরির সময়সূচী র কারনে এমন হয়েছে । আপনি একজন মেডিসিন ডাক্তার কে দেখান । আপনার কিছিদিন ঔষধ খেতে হতে পারে । ধন্যবাদ,O O O O O O O O O O O O O O O O B-Specialist I-Specialist O O O O O O O O O O O,O O O O O O O O O O O O O O O O B-Specialist I-Specialist O O O O B-Dosage B-Medicine O O O O O,Specialist,1.97183561599968,,837.0
Amar babur boyos 11 mash 20 din . Babu 4 - 5 din dhore regular prosab korse na . . . daily 2 - 3 bar oalpo oalpo prosab kore . . . but bathroom thikmoto korse . . Pani o khatse . . formula o khatse . . but tulonamulok kom . . . ata ki urine infection ? ? ba onno kono kisur lokkhon ? ? ,O O O B-Age I-Age I-Age I-Age O O B-Symptom I-Symptom I-Symptom I-Symptom I-Symptom I-Symptom I-Symptom I-Symptom I-Symptom O O O B-Symptom I-Symptom I-Symptom I-Symptom I-Symptom I-Symptom I-Symptom I-Symptom I-Symptom O O O O O O O O O O O O O O O O O O O O O O O O O O O O O O O O O O O O O O,O O O O O O O O O O O O O O O O O O O O O O O O O O O O O O O O O O O O O O O O O O O O O O O O O O O O O O O O O O O O O O O O O O O O,Symptom,7.192902376000347,,838.0
My pregnancy week is 33 . My fetal weight is 1888gm . Is it right weight in this stage ? Or if it not accurate so what can i do to increase my fetal weight ? Now my baby is breech position why it occurred ? Is it my any fault for this ? & For this any problem could be with my baby ? Like breathing problem or movement etc . . . . . ,O B-Health_Condition I-Health_Condition I-Health_Condition I-Health_Condition O O B-Health_Condition I-Health_Condition I-Health_Condition I-Health_Condition O O O O O O O O O O O O O O O O O O O O O O O O O O O O O O O O O O O O O O O O O O O O O O O O O O O O O O O B-Symptom I-Symptom O O O O O O O O,O O O O O O O O O O O O O O O O O O O O O O O O O O O O O O O O O O O O O O O O O O O O O O O O O O O O O O O O O O O O O O O O O O O O O O O O O O O O,Health Condition,7.529650305999894,,839.0
ধন্যবাদ আপনার প্রশ্নের জন্য । রক্ত পরীক্ষা না করে বলা যাচ্ছেনা হিমোগ্লোবিন কম কিনা । কম থাকলে ডোজ এডজাস্ট করতে হবে । আপনার আগে টিটি টিকার ফুল ডোজ কমপ্লিট থাকলে বুস্টার ডোজ নিলেই চলবে । ধন্যবাদ,O O O O O O O O O O O O O O O O O O O O O O O O B-Medicine I-Medicine O O O O B-Medicine I-Medicine O O O O,O O O O O O O O O O O O O O O O O O O O O O O O O O O O O O O O O O O O,Medicine,3.578924575000201,,840.0
"আপনাকে ধন্যবাদ প্রশ্ন করার জন্য । রোগ প্রতিরোধ ক্ষমতা বাড়ার জন্য আপনি ব্যালান্স ডায়েট খান । সবজি , ফলমূল খান । ব্যায়াম করুন । পানি খান প্রতিদিন ৩ লিটার । দুশ্চিন্তা করবেন না । ঘুম ঠিক মত হচ্ছে কিনা লক্ষ করুন । একজন ডাক্তারকে দেখিয়ে কিছু রুটিন পরীক্ষা করিয়ে দেখান যে কোন রোগ আছে কিনা । ধন্যবাদ",O O O O O O O O O O O O O O O O O O O O O O O O O O O O O O O O O O O O O O O O O O O O O O B-Medical_Procedure I-Medical_Procedure O O O O O O O O O,O O O O O O B-Health_Condition I-Health_Condition I-Health_Condition I-Health_Condition O O O O O O O O O O O O O O O O B-Dosage I-Dosage O O O O O O O O O O O O O O B-Specialist O O O O B-Medical_Procedure O O O O B-Health_Condition O O O O,Medical Procedure,3.389579490999949,,841.0
"আপনাকে ধন্যবাদ প্রশ্ন করার জন্য । আপনি ডাক্তার দেখিয়ে কাজ হয়নি , তাহলে প্রাথমিক চিকিৎসা তে আর কাজ হবে না । আমরা এই প্লাটফর্ম থেকে প্রাথমিক চিকিৎসা এবং প্রয়োজনীয় পরামর্শ ছাড়া সরাসরি চিকিৎসা দিতে পারি না । কারন আমাদের রোগী দেখার সুযোগ বা পরীক্ষা করার সুযোগ নাই । আপনি পিজি হাসপাতালে চর্ম রোগের ডাক্তার কে দেখাতে পারেন । জায়গাটি পরিষ্কার রাখুন । পানি বেশি করে পান করুন । পায়খানা নরম রাখুন । রাত জাগবেন না । দুশ্চিন্তা করবেন না । ধন্যবাদ । ",O O O O O O O O O O O O O O O O O O O O O O O O O O O O O O O O O O O O O O O O O O O O O O O O O O O B-Specialist I-Specialist I-Specialist O O O O O O O O O O O O O O O O O O O O O O O O O O O O,O O O O O O O O O O O O O O O O O O O O O O O O O O O O O O O O O O O O O O O O O O O O O O O O B-Medical_Procedure I-Medical_Procedure B-Health_Condition I-Health_Condition B-Specialist O O O O O O O O O O O O O O O O O O O O O O O O O O O O O,Specialist,10.60603008499993,,842.0
what is the right time to get child or baby ? ,O O O O O O O O O O O,O O O O O O O O O O O,,2.7283274710002843,,843.0
I ' m 37 and I have Motor Neuron Disease ( MND ) . Recently I can ' t eat anything because I feel everything bitter and my mouth becomes slobbery . I ' m feeling very weak . To continue to eat like before what should I do ? Is there anything to increase my taste ? I also feel nausea and vomiting sometimes . I can not go to the doctor now cause I can ' t walk or move . Suggest something . Thanks in advance . ,O O O B-Age O O O B-Health_Condition I-Health_Condition I-Health_Condition I-Health_Condition I-Health_Condition O O O O B-Symptom I-Symptom I-Symptom I-Symptom I-Symptom O O B-Symptom I-Symptom I-Symptom O O B-Symptom I-Symptom I-Symptom O O O O O O B-Symptom O O O O O O O O O O O O O O O O O O O O O O O B-Symptom O B-Symptom O O O O O O O O O O O O B-Symptom I-Symptom I-Symptom I-Symptom I-Symptom I-Symptom O O O O O O O O,O O O O O O O O O O O O O O O O O O O O O O O O O O O O O O O O O O O O O O O O O O O O O O O O O O O O O O O O O O O O O O O O O O O O O O O O O O O O O O O O O O O O O O O O O O,Symptom,15.546575008999753,,844.0
"আমার বয়স - ৪৫ , ওজন - ৭৫ , উচ্চতা - ৫ ' ৮ "" উচ্চরক্তচাপ আছে , আমার ডান কানে শোঁশোঁ শব্দ করে , কানের নিচে গলায় একটি রগে টিপটিপ করে ঐ রগটিকে চেপে ধরলে কানে শব্দ করেনা । এর সমাধান কি ? ",O O O B-Age O O O O O O O O O O O B-Health_Condition O O O B-Symptom I-Symptom I-Symptom I-Symptom O O B-Symptom I-Symptom I-Symptom I-Symptom I-Symptom I-Symptom I-Symptom O O O O O O O O O O O O,O O O O O O O O O O O O O O O O O O O O O O O O O O O O O O O O O O O O O O O O O O O O,Symptom,4.29881715800002,,845.0
Thanks for questioning to daktervai . Yes you can continue,O O O O O O O O O O,O O O O O O O O O O,,2.177665149999939,,846.0
"আমার মেয়ের বয়স ৭মাস এখনও বুকের দুধ পায় পুরোপুরি । অন্যান্য খাবার দেয়াও শুরু করেছি । এখন পায়েস , সুজি ইত্যাদি খাবারের সাথে কি গুড়া দুধ ( নেসলের নান ২ ) মিশিয়ে খাওয়ানো যাবে কি ? ",O O O B-Age O O O O O O O O O O O O O O O O O O O O O O O O O O O O O O O O,O O B-Age I-Age O O O O O O O O O O O O O O O O O O O O O O O O O O O O O O O O,Age,2.1670053859998006,,847.0
আমার ওয়াইফ বয়স ২৫ সমস্যা : - ১ / প্রস্রাবের রাস্তা জ্বালা যন্ত্রণা করে । রাত ৯টা থেকে শুরু করে রাত ১২টার দিকে কমে । এখন আমার কি করা উচিত যদি বলতেন উপকৃত হতাম । ধন্যবাদ,O O O B-Age O O O O O B-Symptom I-Symptom I-Symptom I-Symptom I-Symptom O O O O O O O O O O O O O O O O O O O O O O,O O O O O O O O O O O O O O O O O O O O O O O O O O O O O O O O O O O O,Age,3.495948292999856,,848.0
আমার চুল ভীষণ রুক্ষ শুস্ক । চুল পড়ে অনেক । চুলের যত্ন কিভাবে নেবো ? ,O B-Symptom I-Symptom I-Symptom I-Symptom O B-Symptom I-Symptom O O O O O O O,O O O O O O O O O O O O O O O,Symptom,93.76168922399984,,849.0
"পায়খানা করার সময় পায়খানার রাস্তার মুখের চারদিকে সামান্য ফুলা ফুলা লাগে , একটু একটু ব্যাথাও অনুভব হয় , এটা কি পাইলস্ এর সমস্যা নাকি , কি ঔষধ খেতে হবে",O O O B-Symptom I-Symptom I-Symptom I-Symptom I-Symptom I-Symptom I-Symptom O O O O B-Symptom O O O O O B-Health_Condition O O O O O O O O,O O O O O O O O O O O O O O O O O O O O O O O O O O O O O,Symptom,4.012515511999936,,850.0
"গত ২০ / ২৫ দিন যাবত আমার মুখ শুকিয়ে যায় , অনেক পিপাসা , প্রচুর পরিমাণ পানি পান করি । কিন্তু , পিপাসা কমে না । ইদানীং মুখে খাবারের স্বাদ ও পাই না । পরামর্শ দিবেন প্লিজ । ",B-Symptom I-Symptom I-Symptom I-Symptom I-Symptom I-Symptom I-Symptom I-Symptom I-Symptom I-Symptom O B-Symptom I-Symptom O O O O O O O O O O O O O O B-Symptom I-Symptom I-Symptom I-Symptom I-Symptom I-Symptom O O O O O,O O O O O O O O O O O O B-Symptom O O O O O O O O B-Symptom O O O O B-Symptom I-Symptom I-Symptom I-Symptom O O O O O O O O,Symptom,16.196766923999803,,851.0
ধন্যবাদ আপনার প্রশ্নের জন্য । ওনার সাথে কথা বলে আরো সমস্যার কথা জেনে ওষুধ দিতে হবে । ধন্যবাদ,O O O O O O O O O O O O O O O O O O,O O O O O O O O O O O O O O O O O O,,3.0879383930000586,,852.0
Tab finix 20mg 1 + 0 + 1,B-Medicine I-Medicine I-Medicine B-Dosage I-Dosage I-Dosage I-Dosage I-Dosage,B-Medicine I-Medicine B-Dosage B-Dosage O B-Dosage O B-Dosage,Medicine,6.9230459299997165,,853.0
"আপনার প্রদত্ত প্রেসক্রিপশন অনুযায়ী ঔষধ নিয়মিত খাচ্ছি , তবে জ্বর থেমে থেমে আসছে । শরীরের প্রচন্ড ব্যাথা কমছে না । কাশি সামান্য আছে । করোনার নমুনা পরীক্ষার জন্যে দিয়েছি গত ২৬ / ৬ / ২০২১ তারিখে । এখনো রিপোর্ট দেয়নি । আপনার পরামর্শ চাচ্ছি । ",O O O O O O O O O B-Symptom O O O O B-Symptom I-Symptom I-Symptom O O O B-Symptom O O O O O O O O O O O O O O O O O O O O O O O O,O O O O O O O O O O O O O O O O O O O O O O O O O O O O O O O O O O O O O O O O O O O O O,Symptom,5.5945719080000345,,854.0
আমি হস্থমোথন করতাম প্রচুর পরিমাণ এ এখন আমি এখন অনেক চিকন হয়ে গেছি মোটা হওয়ার উপায় জানতে চাই,O B-Health_Condition I-Health_Condition I-Health_Condition I-Health_Condition I-Health_Condition I-Health_Condition I-Health_Condition I-Health_Condition I-Health_Condition I-Health_Condition I-Health_Condition I-Health_Condition O O O O O,O B-Medical_Procedure O O O O O O O O B-Symptom O O B-Symptom O O O O,Health Condition,2.394564524000089,,855.0
ডাক্তার ভাইকে প্রশ্ন করার জন্য ধন্যবাদ । প্রেগন্যান্সিতে এগুলো হওয়া স্বাভাবিক । হরমোনজনিত পরিবর্তন এর কারনে হয় । এগুলো আস্তে আস্তে ঠিক হয়ে যাবে । একটু সময় লাগে । তবে দাগের জায়গাতে অলিভ ওয়েল মাসাজ করতে পারেন । ধন্যবাদ । ,O O O O O O O B-Health_Condition O O O O O O O O O O O O O O O O O O O O O O O O O O O O O O O O,O O O O O O O O O O O O O O O O O O O O O O O O O O O O O O O O O O O O O O O O,Health Condition,19.081114395999972,,856.0
আপনাকে ধন্যবাদ প্রশ্ন করার জন্য । আপনি একজন মানূষিক ডাক্তাররের পরামর্শ নিতে পারেন । ধন্যবাদ,O O O O O O O O B-Specialist I-Specialist O O O O O,O O O O O O O O B-Specialist I-Specialist O O O O O,Specialist,0.9841951199996402,,857.0
"neck pain . . I have pain in my neck , , I can ' t move my neck flexibily . . . ",B-Symptom I-Symptom I-Symptom O O O B-Symptom I-Symptom I-Symptom I-Symptom O O O B-Symptom I-Symptom I-Symptom I-Symptom I-Symptom I-Symptom I-Symptom O O O,O O O O O O O O O O O O O O O O O O O O O O O,Symptom,2.4624330520000512,,858.0
"আমার প্রতিটি জয়েন্টে জয়েন্টে ব্যাথা করতেছে , ২দিন ধরে । নাক দিয়ে পানি পড়ে নাক বন্ধ হয়ে যায় & গলার স্বর বসে গেছে । আর ভিতর থেকে জ্বর জ্বর ভাব , শরীরের তাপমাত্রা 98F ' . দুই সপ্তাহ ধরে হাছি হচ্ছে । অনেক দুর্বল দুর্বল অনুভব হচ্ছে । ",O O B-Symptom I-Symptom I-Symptom O O O O O B-Symptom I-Symptom I-Symptom I-Symptom B-Symptom I-Symptom I-Symptom O O B-Symptom I-Symptom I-Symptom I-Symptom O O O O B-Symptom I-Symptom I-Symptom O O O O O O O O O B-Symptom O O O B-Symptom O O O O,O O B-Symptom I-Symptom I-Symptom O O B-Dosage I-Dosage O B-Symptom O I-Symptom O B-Symptom I-Symptom I-Symptom I-Symptom O O O O O O O O O B-Symptom I-Symptom I-Symptom O O O B-Health_Condition O O O B-Dosage I-Dosage O B-Symptom O O O B-Symptom I-Symptom I-Symptom O,Symptom,3.2292974470001354,,859.0
আমার মার বয়স ৫৮ উনি কিডনি ডিজিজে ভুগছেন ওনাকে কি কৃমির ওষুধ দেওয়া যাবে জানালে উপকৃত হতাম,O O O B-Age O B-Health_Condition I-Health_Condition O O O O O O O O O O,O O B-Age I-Age O B-Health_Condition I-Health_Condition O O O O B-Medicine O O O O O,Age,9.37782046600023,,860.0
"Tab . Omidon 10mg 1 + 1 + 1 ( before meal ) , Tab . Xinc - B 0 + 1 + 0 after meal for 15 days . . Thanks for questioning daktarbhai . ",B-Medicine I-Medicine I-Medicine I-Medicine B-Dosage I-Dosage I-Dosage I-Dosage I-Dosage O O O O O B-Medicine I-Medicine I-Medicine I-Medicine I-Medicine B-Dosage I-Dosage I-Dosage I-Dosage I-Dosage O O O O O O O O O O O O,O O O O O O O O O O O O O O O O O O O O O O O O O O O O O O O O O O O O,Medicine,3.5409332429999267,,861.0
আপনাকে ধন্যবাদ প্রশ্ন করার জন্য । আপনি থাইরয়েড এর পরিক্ষা করুন । মেডিসিন ডাক্তারের পরামর্ষ নিন । ধন্যবাদ,O O O O O O O B-Medical_Procedure I-Medical_Procedure I-Medical_Procedure O O B-Specialist I-Specialist O O O O,O O O O O O O O O O O O O O O O O O,Medical Procedure,2.743753520000155,,862.0
ফেইস স্কিন অনেক অয়েলি থাকে এবং হাল্কা চুল্কানি হয়ে Acne হয় এর থেকে পরিত্রাণের উপায় কি ? ,O O O B-Symptom I-Symptom O B-Symptom I-Symptom I-Symptom B-Symptom I-Symptom O O O O O O,O O O O O O O B-Symptom O B-Health_Condition O O O O O O O,Symptom,4.720404986000176,,863.0
ধন্যবাদ আপনাকে প্রশ্ন করার জন্য । মাসিক অনেক সময় আগে হয়ে যায় । ইমারজেন্সি পিলের প্রভাবে । ধন্যবাদ,O O O O O O B-Health_Condition O O O O O O B-Medicine I-Medicine O O O,O O O O O O O O O O O O O O O O O O,Health Condition,2.890369608000128,,864.0
"প্রেগ্ন্যাসির বয়স ৪ মাস , হঠাত করেই ব্লিডিং শুরু হইছে । আর পেটে ব্যাথা । কোন রকম আঘাত ও পায় নাই । প্রথমে হালকা ব্লিডিং শুরু হইছে । এখন বেশি হইতেছে । ",B-Health_Condition I-Health_Condition I-Health_Condition I-Health_Condition O O O B-Symptom O O O O B-Symptom I-Symptom O O O O O O O O O O B-Symptom O O O O O O O,O O O O O O O O O O O O O O O O O O O O O O O O O O O O O O O O,Symptom,4.512432881999757,,865.0
আমার স্তীর বয়স ৩৩ বছর দুই সন্তানের মা বহুদিন যাবত তার মাথা ব্যাথা অনেক ডাক্তার দেখিয়েছি কিন্তু মাথা ব্যাথা ভালো হচ্ছে না আমি আর কি করতে পারি । ,O O O B-Age I-Age O O O O O O B-Symptom I-Symptom O O O O B-Symptom I-Symptom O O O O O O O O O,O O O O O O O O O O O O O O O O O O O O O O O O O O O O,Symptom,10.9131465129999,,866.0
20 bocor age calcium 5 ta tablet ak sathe keye felse ki koro nio akon ? ,O O O B-Medicine I-Medicine O O O O O O O O O O O,B-Age I-Age O B-Medicine B-Dosage I-Dosage I-Dosage O O O O O O O O O,Medicine,4.250517057000252,,867.0
আমার গালার স্বর ভাঙ্গা । গলায় খুব ব্যাথা । কাশি নেই তবে কাশলে ব্যাথা অনুভব হয় । । কী করতে পারি ? আমার ছোট বোনেরও ( বয়স ১৫ ) খুব কাশি হচ্ছে । ,O B-Symptom I-Symptom I-Symptom O B-Symptom I-Symptom I-Symptom O B-Symptom I-Symptom I-Symptom I-Symptom I-Symptom I-Symptom I-Symptom O O O O O O O O O O O B-Age O B-Symptom I-Symptom I-Symptom O,O O O B-Symptom O O O B-Symptom O B-Symptom O O O I-Symptom O O O O O O O O O O O O B-Age I-Age O O B-Symptom I-Symptom O,Symptom,2.854534978999709,,868.0
আমার পেটে অল্প অল্প ব্যথা করছে এবং পায়খানা হচ্ছে । পাতলা পায়খানা নয় । এখন আমার করনীয় কি এবং কি ঔষধ খাব ? ,O B-Symptom I-Symptom I-Symptom I-Symptom I-Symptom O B-Symptom O O O O O O O O O O O O O O O,O O O O O O O O O O O O O O O O O O O O O O O,Symptom,3.004232332999891,,869.0
"ডাক্তার ভাইতে প্রশ্ন করার জন্যে আপনাকে ধন্যবাদ । আপনি tab - algin 50 mg 1 + 1 + 1 ভরা পেটে ৩ দিন , cap - maxpro 20 mg 1 + 0 + 1 খাবার আগে ১৪ দিন । syp - avolac ২ চামচ করে সকাল ও রাতে ৭ দিন খাবেন । । । পায়খানা নরম হলে খাবেন না । । । ",O O O O O O O O O B-Medicine I-Medicine I-Medicine I-Medicine I-Medicine B-Dosage I-Dosage I-Dosage I-Dosage I-Dosage I-Dosage I-Dosage I-Dosage I-Dosage O B-Medicine I-Medicine I-Medicine I-Medicine I-Medicine B-Dosage I-Dosage I-Dosage I-Dosage I-Dosage I-Dosage I-Dosage I-Dosage I-Dosage O B-Medicine I-Medicine I-Medicine B-Dosage I-Dosage I-Dosage I-Dosage I-Dosage I-Dosage I-Dosage I-Dosage O O O O O O O O O O O O,O O O O O O O O O O O O O O O O O O O O O O O O O O O O O O O O O O O O O O O O O O O O O O O O O O O O O O O O O O O O O O,Medicine,5.185993353999947,,870.0
আমার জরায়ু থেকে প্রচুর পরিমানে সাদা স্রাব বের হচ্ছে । তা দেখতে অনেকটা ক্রিম রাবারের মতো । আর জরায়ুর পাশে অনেক চুলকানি হয় এখন কি করবো বুঝতে পারছি না । ,O B-Symptom I-Symptom I-Symptom I-Symptom I-Symptom I-Symptom O O O O O O O O O O B-Symptom I-Symptom I-Symptom I-Symptom I-Symptom I-Symptom I-Symptom I-Symptom I-Symptom I-Symptom I-Symptom I-Symptom O,O B-Symptom O O O O I-Symptom I-Symptom I-Symptom O O O O O O O O O B-Symptom O O I-Symptom O O O O O O O O,Symptom,1.7179225970003245,,871.0
গতকাল রাতে আর আজ রাতে টয়লেট অনেক কষা হচ্ছে । অনেক প্রেসার দিতে হচ্ছে । টয়লেট অসম্পূর্ন হচ্ছে এবং টয়লেট থেকে বের হবার পর মনে হচ্ছে আবার লাগবে বাট টয়লেটে গেলে অনেক প্রেসার দিতে হচ্ছে । কি করতে পারি ? উল্লেখ্য যে আমি এখন omidon 10 mg খাচ্ছি কারন আমার ঘন ঘন বাথরুম এর সমস্যা ছিলো । ,B-Symptom I-Symptom I-Symptom I-Symptom I-Symptom I-Symptom I-Symptom I-Symptom I-Symptom O O O O O O B-Symptom I-Symptom I-Symptom O B-Symptom I-Symptom I-Symptom I-Symptom I-Symptom I-Symptom I-Symptom I-Symptom I-Symptom I-Symptom I-Symptom I-Symptom I-Symptom I-Symptom I-Symptom I-Symptom O O O O O O O O O B-Medicine I-Medicine I-Medicine O O O B-Health_Condition I-Health_Condition I-Health_Condition I-Health_Condition I-Health_Condition O O,O O O O O O O B-Symptom I-Symptom O O B-Symptom I-Symptom I-Symptom O O B-Symptom I-Symptom O I-Symptom O O O O O O O O O O O O B-Symptom I-Symptom I-Symptom O O O O O O O O O B-Medicine B-Dosage I-Dosage O O O B-Symptom I-Symptom I-Symptom O B-Health_Condition I-Health_Condition O,Symptom,35.493860970999776,,872.0
"Daktar bhai ke question korar jonno dhonnobad . Medicine er sathe jody vaja , pora ar alga lobon khai tahole medicine kaj kore na . ekjon bisheshoggo dekhan . dhonnobad",O O O O O O O O O O O O O O O O O O O O O O O O O O O O O O,O O O O O O O O B-Medicine O O O O O O O O O O O B-Medicine O O O O O B-Specialist O O O,,16.780031333000352,,873.0
3din dhore amar onk jor ami azithromicin r napa khaisi ebong 3 din khawar por vlo hoi kintu akhn dui din dhore matha jam hye thake hat te pari na ghar ghurate pari na . matha ghuray,O O O B-Symptom I-Symptom O B-Medicine O B-Medicine O O O O O O O O O O O O O B-Symptom I-Symptom I-Symptom I-Symptom B-Symptom I-Symptom I-Symptom I-Symptom B-Symptom I-Symptom I-Symptom I-Symptom O B-Symptom I-Symptom,O O O O O O O O O O O O O O O O O O O O O O O O O O O O O O O O O O O O O,Symptom,3.90681066299976,,874.0
Thanks for questioning daktarbhai . Please consult with a skin Dr . . uni dekhe den treatment diben . skin r problem na dekhe medicine dawa thik na . Thanks,O O O O O O O O O B-Specialist I-Specialist O O O O O O O O O O O O O O O O O O O,O O O O O O O O O B-Symptom B-Specialist O O O O O B-Medical_Procedure O O B-Symptom O B-Health_Condition O O B-Medicine O O O O O,Specialist,3.064671001000079,,875.0
Tab . Fexo 120mg 1 + 0 + 1 for 7 days Tab . Monas 10mg 0 + 0 + 1 for 15 days Syrup Adovas 2 spoon ৩ বেলা খাবেন । ধন্যবাদ,B-Medicine I-Medicine I-Medicine I-Medicine O B-Dosage I-Dosage I-Dosage I-Dosage I-Dosage I-Dosage I-Dosage B-Medicine I-Medicine I-Medicine I-Medicine B-Dosage I-Dosage I-Dosage I-Dosage I-Dosage I-Dosage I-Dosage I-Dosage B-Medicine I-Medicine B-Dosage I-Dosage I-Dosage I-Dosage O O O,O O O O O O O O O O O O O O O O O O O O O O O O O O O O O O O O O,Medicine,11.326195334000204,,876.0
আপনাকে ধন্যবাদ প্রশ্ন করার জন্য । আপনার রাইনাইটিস হয়েছে । আপনি একজন নাক কান গলা রোগ বিশেষজ্ঞের পরামর্শ নিন । ধন্যবাদ,O O O O O O O B-Health_Condition O O O O B-Specialist I-Specialist I-Specialist I-Specialist I-Specialist O O O O,O O O O O O O O O O O O O O O O O O O O O,Health Condition,3.209684081999967,,877.0
আপনাকে ধন্যবাদ প্রশ্ন করার জন্য । কবজির রগ কাটলে একজন অর্থপেডিক্স বিশেষজ্ঞ কে দ্রুত দেখাতে হবে । দেড়ি করলে আপনার হাত আগের মত আর কাজ নাও করতে পারে । ধন্যবাদ,O O O O O O O O O O B-Specialist I-Specialist O O O O O O O O O O O O O O O O O O,O O O O O O O B-Health_Condition B-Health_Condition O B-Specialist I-Specialist O O O O O O O O B-Symptom O O O O O O O O O,Specialist,14.803289061000214,,878.0
amr Babu r hoysa 11 din . Babu rath a aktu aktu Kasi dessa r thanda lagsa Mona hoy . akn ki korbo,O O O O B-Age I-Age O O B-Symptom I-Symptom I-Symptom I-Symptom I-Symptom I-Symptom O B-Symptom I-Symptom I-Symptom I-Symptom O O O O,O O O O B-Age I-Age O O O O B-Dosage I-Dosage O O O B-Symptom I-Symptom O O O O O O,Symptom,16.099299513999995,,879.0
ধন্যবাদ আপনাকে প্রশ্ন করার জন্য । ভাপ নিন । এন্টাজল ড্রপ ব্যবহার করুন । ধন্যবাদ,O O O O O O O O O B-Medicine I-Medicine O O O O,O O O O O O B-Medical_Procedure I-Medical_Procedure O B-Medicine I-Medicine O O O O,Medicine,3.306651133000287,,880.0
প্রশ্ন করার জন্য ধন্যবাদ / আপনার মনে যদি কোনও কিছু নিয়ে চিন্তা থাকে তাহলে তা কাছে্র কোনও মানুষের সাথে শেয়ার করুন এবং তা যদি না পারেন তাহলে ডাক্তারের সাথে আলোচনা করুন / এটি মানসিকভাবে বিষণ্ণতার লক্ষন / কোনও কথা নিজের মধ্যে না রেখে শেয়ার করুন / ধন্যবাদ / ,O O O O O O O O O O O O O O O O O O O O O O O O O O O O O O O O O O O O O O O O O O O O O O O O,O O O O O O O O O O O O O O O O O O O O O O O O O O O O O O O O O O O O O O O O O O O O O O O O,,100.56651156999988,,881.0
which medicine used for foot cracked ? ,O O O O B-Health_Condition I-Health_Condition O,O O O O O O O,Health Condition,3.280278943999747,,882.0
"Thank you for asking your question to daktarbhai . 1 ) pusti kor khabar khaben jemon : - dim , dudh , mach , mangso , shak , shobji khaben . 2 ) Time moto ghumaben , besi raat jaga jabe na , protidin 30min kore exercise korben . 3 ) akjon gynecologist er shate consult korben . ",O O O O O O O O O O O O O O O O O O O O O O O O O O O O O O O O O O O O O O O O O O O O O O O O O O O O B-Specialist O O O O O,O O O O O O O O O O O O O O O O O O O O O O O O O O O O O O O O O O O O O O O O O O O O O O O O O O B-Specialist I-Specialist O O O O O O,Specialist,4.389770650999708,,883.0
"আপনাকে ধন্যবাদ প্রশ্ন করার জন্য । যেহেতু ব্যাথানাশক ঔষধ খেয়েও ব্যাথা কমেনি , সমস্যাটি গুরুতর । একজন অর্থোপেডিক্স বিশেষজ্ঞের সাথে সরাসরি দেখা করে পরামর্শ নিন । গরম শেক দিন । ধন্যবাদ । ",O O O O O O O B-Medicine I-Medicine O O O O O O O O B-Specialist O O O O O O O O O O O O O O,O O O O O O O B-Medicine I-Medicine O B-Symptom O O B-Health_Condition O O O B-Specialist I-Specialist O O O O O O O B-Medical_Procedure I-Medical_Procedure O O O O,Medicine,1.7010696399997869,,884.0
আপনাকে ধন্যবাদ প্রশ্ন করার জন্য । ধূমপান ছাড়ার জন্য ইচ্ছাই যথেষ্ট । ধূমপান ছাড়লে কোনো পার্শ্ব প্রতিক্রিয়া হয় না । মনকে নিয়ন্ত্রণ করুন । একজন মন রোগ বিশেষজ্ঞ কে দেখাতে পারেন । ধন্যবাদ,O O O O O O O O O O O O O O O O O O O O O O O O O B-Specialist I-Specialist I-Specialist O O O O O,O O O O O O O O O O O O O O O O O O O O O O O O O O O O O O O O O,Specialist,4.037982264999755,,885.0
how long teak phenoxymethyl penicillin during rheumatic fever ? ,O O O B-Medicine I-Medicine O B-Health_Condition I-Health_Condition O,O O O O O O O O O,Medicine,2.523900322999907,,886.0
8 . 5 - 9 month running 2 থেকে তিন দিন যাবত পাতলা পানির মত সাদা স্রাব যাচ্ছে এটা কেন হচ্ছে জানাবেন কি এটা কি স্বাভাবিক নাকি কোন সমস্যা,O O O O O O O O O O O O B-Symptom I-Symptom I-Symptom I-Symptom I-Symptom I-Symptom O O O O O O O O O O O,O O O O O O O O O O O O O O O O O O O O O O O O O O O O O,Symptom,5.239477843000259,,887.0
" < NAME > বয়স ৪৫ বছর , আমার কোন ডায়বিটিকস নেই । বাম পায়ের হাটুতে প্রচুর ব্যথা করে । বসলে উঠতে পারি না । কিন্তু ডান পায়ের হাটুতে ব্যথা করে না কিন্তু হাটুর উপরে রানের মধ্যে প্রচুর ব্যথা করে অবস অবস লাগে কোনো অনুভূতি পাই না । ",O O O O B-Age I-Age O O O B-Health_Condition O O B-Symptom I-Symptom I-Symptom I-Symptom I-Symptom O O B-Symptom I-Symptom I-Symptom I-Symptom O O B-Symptom I-Symptom I-Symptom I-Symptom I-Symptom I-Symptom I-Symptom I-Symptom I-Symptom I-Symptom I-Symptom I-Symptom I-Symptom I-Symptom I-Symptom I-Symptom I-Symptom I-Symptom I-Symptom I-Symptom I-Symptom O,O O O O B-Age I-Age O O O B-Health_Condition O O O O O O B-Symptom O O O O O O O O O O O B-Symptom O O O O O O O O B-Symptom O O O O O O O O O,Symptom,5.749266934000389,,888.0
ডাক্তার ভাই কে প্রশ্ন করার জন্য ধন্যবাদ । সহজ হুচ্ছে ল্যাব এ গিয়ে খালি পেটে ব্লাড সুগার আর খাওয়ার ২ ঘণ্টা পর ব্লাড সুগার মাপবেন । ধন্যবাদ । ,O O O O O O O O O O O O O O O O O O O O O O O O O O O O,O O O O O O O O O O O O O O O O O O O O O O O O O O O O,,4.537986799000009,,889.0
আপনাকে ধন্যবাদ প্রশ্ন করার জন্য । Cap . Omep 20mg 1 + 0 + 1 খাবার আগে খাবেন । ধন্যবাদ । ,O O O O O O B-Medicine I-Medicine I-Medicine I-Medicine B-Dosage I-Dosage I-Dosage I-Dosage I-Dosage O O O O O O,O O O O O O O O O O O O O O O O O O O O O,Medicine,2.7382529850001447,,890.0
ডাক্তার ভাইকে প্রশ্ন করার জন্য ধন্যবাদ । ব্যথার জন্য Tab Tory 90 1 টি করে ট্যাবলেট তিন থেকে পাঁচ দিন খেতে পারেন এবং মাড়ি ফোলার জন্য অবশ্য ডেন্টিস্ট পরামর্শ নিন । দাঁত পরীক্ষা করে ওই হিসেবে উনি ওষুধ দিয়ে দেবেন । ধন্যবাদ,O O O O O O O O O B-Medicine I-Medicine I-Medicine B-Dosage I-Dosage I-Dosage I-Dosage I-Dosage I-Dosage I-Dosage I-Dosage O O O O O O O B-Specialist O O O O O O O O O O O O O O,O O O O O O O O O O O O O O O O O O O O O O O O O O O O O O O O O O O O O O O O O O,Medicine,3.6872474070000862,,891.0
"আপনাকে ধন্যবাদ প্রশ্ন করার জন্য । যেই ঔষধ দেয়া আছে তাই ব্যাবহার করুন , অসুস্থ অবস্থায় রোজা রাখার প্রয়োজন নেই , পরবর্তীতে কাযা করবেন । ধন্যবাদ । ",O O O O O O O O O O O O O O O O O O O O O O O O O O O,O O O O O O O O O O O O O O O O O O O O O O O O O O O,,3.5308193589999064,,892.0
আমার বাম চোখ একটু পর পর চুলকায় এখন আমি কি করতাম বলবেন ভাই ? ? ,O B-Symptom I-Symptom I-Symptom I-Symptom I-Symptom I-Symptom O O O O O O O O,O B-Symptom I-Symptom O O O I-Symptom O O O O O O O O,Symptom,1.49485436499981,,893.0
"Hello . I do workout 4 times a week for 40 minutes . Now due to this I saw some hair related problems such as Roughness , dryness , hair fall and my scalp also becomes oily . . so what can I do ? ? ",O O O O O O O O O O O O O O O O O O O O O O O O O B-Symptom O B-Symptom O B-Symptom I-Symptom O O B-Symptom I-Symptom I-Symptom I-Symptom O O O O O O O O O,O O O O O O O O O O O O O O O O O O O O B-Symptom I-Symptom O O O B-Symptom O B-Symptom O B-Symptom I-Symptom O O O O O O B-Symptom O O O O O O O O,Symptom,2.0198243889999503,,894.0
"আমার বেবির বয়স ৪ মাস গত কিছু দিন ধরে ঠান্ডা লেগে হালকা কাশি ও নিশ্বাস নিলে বুকে ঘর ঘর করে , শিশু ডা . দেখালে Drop , Vanprox , Syp . Pedeamin & Ambrox Drop দেয়ও নেবুলাইজ চলছে , এখন কাশি টা সেরে গেছে কিন্তু বুকের ঘর ঘর শব্দ টা যাচ্ছে না , করনীয় কি ? ? ",O O O B-Age I-Age B-Symptom I-Symptom I-Symptom I-Symptom I-Symptom I-Symptom I-Symptom I-Symptom O B-Symptom I-Symptom I-Symptom I-Symptom I-Symptom I-Symptom O O O O O B-Medicine I-Medicine I-Medicine O B-Medicine I-Medicine I-Medicine O B-Medicine I-Medicine O O O O O B-Symptom O O O O B-Symptom I-Symptom I-Symptom I-Symptom O O O O O O O O,O O O O O O O O O O O O O O O O O O O O O O O O O O O O O O O O O O O O O O O O O O O O O O O O O O O O O O O O O,Symptom,5.004032204000396,,895.0
"আপনাকে ধন্যবাদ প্রশ্ন করার জন্য । এগুলো সবই ঘরোয়া চিকিৎসা । কতটুকু উপকার পাওয়া যায় বা কতদিন ব্যবহার করতে হবে তার নির্দিষ্ট কোন নিয়ম নেই । অনেক বিউটিশিয়ানদের মতে চুলে ডিম দিলে চুল সিল্কি হয় , চুল পড়া কমে । কিন্তু চিকিৎসা শাস্ত্রে এর উপর গবেষণাপত্র কম । এ ব্যাপারে আপনি একজন বিউটিশিয়ানের পরামর্শ নিতে পারেন । ধন্যবাদ । ",O O O O O O O O O O O O O O O O O O O O O O O O O O O O O O O O O O O O O O O O O O O O O O O O O O O O O O O O O O O,O O O O O O O O O O O O O O O O O O O O O O O O O O O O O O O O O O O O O O O O O O O O O O O O O O O O O O O O O O O,,1.853344377999747,,896.0
ডাক্তার ভাই এর সাথে থাকার জন্য আপনাকে ধন্যবাদ । জ্বি রেখে দিতে হবে । বের করার উপায় বা প্রয়োজন নেই । Dr < NAME > Mbbs,O O O O O O O O O O O O O O O O O O O O O O O O O O,O O O O O O O O O O O O O O O O O O O O O O O O O O,,3.759059793999768,,897.0
"গ্রাহক , ডাক্তার ভাইকে প্রশ্ন করার জন্য আপনাকে ধন্যবাদ । আপনি নিম্নলিখিত ওষুধগুলো সেবন করবেন . . . . Tab . Fexo 120mg ০ + ০ + ১ . . . . . ৭ দিন Clopirox cream আক্রান্ত স্থানে লাগাবেন দিনে তিন থেকে চার বার . . . . . ৭দিন ধন্যবাদ । ",O O O O O O O O O O O O O O O O O O O B-Medicine I-Medicine I-Medicine I-Medicine B-Dosage I-Dosage I-Dosage I-Dosage I-Dosage O O O O O O O B-Medicine I-Medicine O O O O B-Dosage I-Dosage I-Dosage I-Dosage O O O O O O O O,O O O O O O O O O O O O O O O O O O O O O O O O O O O O O O O O O O O O O O O O O O O O O O O O O O O O O,Medicine,6.63114884200013,,898.0
"amar pete khub somossa hocce , 2 / 3 din dore kichuu khete o parsi nah , kichu e khete valo lage na , bomi vab hoy , kal ekbr vobi koresi , ondesteron tablet kheyesi kintu kome nai , ondsteron khele 4 / 5 minutes bomi vab thake nah pore abar cole ase bomir vab , mone hoy pet theke sob kichu ber boye jabe emon vabe bomi vab kore",O B-Symptom I-Symptom I-Symptom I-Symptom O O O O O O B-Symptom I-Symptom I-Symptom I-Symptom I-Symptom O B-Symptom I-Symptom I-Symptom I-Symptom I-Symptom I-Symptom O B-Symptom I-Symptom O O O O B-Symptom O O B-Medicine I-Medicine O O O O O B-Medicine O O O O O B-Symptom I-Symptom O O O O O O B-Symptom I-Symptom O B-Symptom I-Symptom I-Symptom I-Symptom I-Symptom I-Symptom I-Symptom I-Symptom I-Symptom O O B-Symptom I-Symptom O,O O O O O O O O O O O O O O O O O O O O O O O O O O O O O O O O O O O O O O O O O O O O O O O O O O O O O O O O O O O O O O O O O O O O O O O,Symptom,12.409342868999827,,899.0
"অন্ডকোস সাভাবিক এবং সাধারণ সুস্থ এর Ultasono রিপর্ট কি হয় , ",O O O O O O B-Medical_Procedure O O O O,O O O O O O B-Medical_Procedure O O O O,Medical Procedure,1.967862422000053,,900.0
"Thank you for asking question to Daktar Bhai . Please brush your teeth properly twice a day , clean & gurgle properly after taking food . consult with a dentist . Thank you . ",O O O O O O O O O O O O O O O O O O O O O O O O O O O O O B-Specialist O O O O,O O O O O O O O O O O O O O O O O O O O O O O O O O O O O O O O O O,Specialist,3.928783570999713,,901.0
বয়স ১৮ + বিড়াল খুব সামান্য আচর দিয়েছে এবং রক্ত খুবই সামান্য বের হয়েছে । এক্ষেত্রে কি ভ্যাকসিন দিতে হবে ? ,O B-Age I-Age B-Health_Condition I-Health_Condition I-Health_Condition I-Health_Condition I-Health_Condition O B-Symptom I-Symptom I-Symptom I-Symptom I-Symptom O O O B-Medicine O O O,O O O O O O O O O O O O O O O O O O O O O,Age,18.794537181999655,,902.0
Thank you for asking your question to daktarbhai . Apni akjon psychiatrist er shate consult korben . ,O O O O O O O O O O O B-Specialist O O O O O,O O O O O O O O O O O O O O O O O,Specialist,16.079263956000432,,903.0
আপনাকে ধন্যবাদ প্রশ্ন করার জন্য । আপনি এইবার একজন গাইনি চিকিৎসকের পরামর্শ নিন । ধন্যবাদ,O O O O O O O O O B-Specialist I-Specialist O O O O,O O O O O O O O O B-Specialist I-Specialist O O O O,Specialist,7.327806698999666,,904.0
আপনাকে ধন্যবাদ প্রশ্ন করার জন্য । একজন দন্ত বিশেষজ্ঞের সাথে সরাসরি যোগাযোগ করে সমস্যাটি দেখিয়ে চিকিৎসা নিন । ধন্যবাদ । ,O O O O O O O B-Specialist I-Specialist O O O O O O O O O O O,O O O O O O O O O O O O O O O O O O O O,Specialist,3.209981402999801,,905.0
প্রেগন্যান্ট হয়েছে ২ মাস ১৫ দিন এর মত । এ অবস্থায় কি যাতায়াত করতে পারবে ? যেমনঃ ঢাকা থেকে বাসে করে কুমিল্লা যাবে । ,B-Health_Condition O O O O O O O O O O O O O O O O O O O O O O O,B-Health_Condition O B-Age I-Age I-Age I-Age O O O O O O O O O O O O O O O O O O,Health Condition,6.027183496999896,,906.0
স্যার সকালবেলা ঘুম থেকে ওঠার পরে আমার কথা একটু ভার ভার শোনা যায় আর অনেক সময় নাক বন্ধ হয়ে আসে কিন্তু আমার কোনো সর্দির বা ঠান্ডার কোনো ভাবনাই এটার জন্য আমি এখন কি করতে পারি একটু বলবেন,O B-Symptom I-Symptom I-Symptom I-Symptom I-Symptom I-Symptom I-Symptom I-Symptom I-Symptom I-Symptom I-Symptom I-Symptom O O O B-Symptom I-Symptom I-Symptom I-Symptom O O O B-Symptom I-Symptom I-Symptom I-Symptom I-Symptom O O O O O O O O O,O O O O O O O O O O O O O O O O O O O O O O O O O O O O O O O O O O O O O,Symptom,20.180815280999923,,907.0
"jibbar seser dike gha hoyce , r golay futi futi gha hoyce kintu batha nay Ami ki medicine nite pare janaben please . ",B-Symptom I-Symptom I-Symptom I-Symptom I-Symptom O O B-Symptom I-Symptom I-Symptom I-Symptom I-Symptom O B-Symptom I-Symptom O O O O O O O O,O O O B-Symptom O O O O B-Symptom I-Symptom I-Symptom O O B-Symptom O O O B-Medicine O O O O O,Symptom,2.5095996240002023,,908.0
ডাক্তার ভাই কে প্রশ্ন করার জন্য ধন্যবাদ । এরকম হতে পারে । ভয় পাবেন না । Meditation করলে উপকার পাবেন । ধন্যবাদ । ,O O O O O O O O O O O O O O O O O O O O O O O,B-Specialist I-Specialist O O O O O O O O O O B-Symptom O O O B-Medical_Procedure O O O O O O,,10.708316110999933,,909.0
"আস্সালামুআলাইকুম । আমার আম্মুর বয়স ৪৭ , খুব গাড় ব্যথা করে , জ্বর ওঠে মাথা ব্যাথা করে আর সর্দি । ",O O O O O B-Age O B-Symptom I-Symptom I-Symptom O O B-Symptom I-Symptom B-Symptom I-Symptom O O B-Symptom O,O O O O O B-Age O O O B-Symptom O O B-Symptom O B-Symptom I-Symptom O O B-Symptom O,Symptom,1.4402147229998263,,910.0
"আমার নাক এবং গলা দিয়ে বেশ কিছু দিন আগে রক্ত এসেছিল । তখন একজন ডক্টরের পরামর্শে নাকে nebanol & Antazol . 1 % ব্যবহার করা হয়েছে । fexo - 120 , cefotil - 500 mg খাওয়া হয়েছে । কয়েক দিন বন্ধ থাকার পর আজকে আবার একইভাবে রক্ত আসছে । সমাধান কি ? জানালে করিতজ্ঞ তাকব । ",O B-Symptom I-Symptom I-Symptom I-Symptom I-Symptom I-Symptom I-Symptom I-Symptom I-Symptom I-Symptom O O O O O O B-Medicine O B-Medicine I-Medicine I-Medicine I-Medicine O O O O B-Medicine I-Medicine I-Medicine O B-Medicine I-Medicine I-Medicine I-Medicine O O O O O O O O O O O B-Symptom I-Symptom O O O O O O O O,O B-Symptom O B-Symptom O O O O O B-Symptom O O O O O O O B-Medicine O B-Medicine O B-Dosage O O O O O B-Medicine O B-Dosage O B-Medicine O B-Dosage O O O O O O O O O O O B-Symptom O O O O O O O O O O,Medicine,6.041324509999868,,911.0
গর্ভবর্তী মহিলারা ডাবের পানি খেলে নাকি বাচ্চার চোখের রং নাকি পাল্টে যায়,B-Health_Condition O O O O O O O O O O O,O O O O O O O O O O O O,Health Condition,1.4557635159999336,,912.0
"ডাক্তার ভাইকে প্রশ্ন করার জন্য ধন্যবাদ । Susp . Gavicid , দুই থেকে চার চামচ , দুই বেলা , খাবার ২০ মিনিট পরে খাবেন এক থেকে দুই সপ্তাহ । এছাড়া প্রতিদিন ২০ থেকে ৩০ মিনিট হাটাহাটি , ফ্রি হ্যান্ড এক্সারসাইজ করবেন । ধন্যবাদ",O O O O O O O B-Medicine I-Medicine I-Medicine O B-Dosage I-Dosage I-Dosage I-Dosage I-Dosage I-Dosage I-Dosage I-Dosage I-Dosage I-Dosage I-Dosage I-Dosage O O O O O O O O O O O O O O O O O O O O,B-Specialist O O O O O O O O B-Medicine O B-Dosage I-Dosage I-Dosage I-Dosage O B-Dosage I-Dosage O O B-Dosage I-Dosage O O B-Dosage I-Dosage I-Dosage I-Dosage O O O B-Dosage I-Dosage I-Dosage I-Dosage B-Medical_Procedure O B-Medical_Procedure I-Medical_Procedure I-Medical_Procedure O O O,Medicine,30.983691488000204,,913.0
ধন্যবাদ আপনার প্রশ্নের জন্য । urinary incontinence বলা হয় এই সমস্যা কে । বিশদ আলোচনার জন্য আপনি একজন গাইনি চিকিৎসকের পরামর্শ নিন । আপনি এই এপের মাধ্যমে ভিডিও কনফারেন্সে চিকিৎসকের পরামর্শ নিতে পারেন । ধন্যবাদ,O O O O O B-Health_Condition I-Health_Condition O O O O O O O O O O O B-Specialist I-Specialist O O O O O O O O O O O O O O O,O O O O O B-Health_Condition I-Health_Condition O O O O O O O O O O O B-Specialist I-Specialist O O O O O O O O O O O O O O O,Health Condition,8.986136980000083,,914.0
ডাক্তার ভাই কে প্রশ্ন করার জন্য ধন্যবাদ । প্রতিদিন সকালে এবং রাতে পেসার মাপাতে হবে । যদি বেশি থাকে তাহলে গাইনী বিশেষজ্ঞ চিকিৎসকের পরামর্শ অনুযায়ী ওষুধ সেবন করতে হবে । তেল এবং চর্বি জাতীয় খাবার খেতে পারবে না । ধন্যবাদ,O O O O O O O O O O O O O O O O O O O O B-Specialist I-Specialist O O O O O O O O O O O O O O O O O O,O O O O O O O O O O O O O O O O O O O O O O O O O O O O O O O O O O O O O O O O,Specialist,4.459434472999874,,915.0
প্রশ্ন করার জন্য ধন্যবাদ । আপনার স্ত্রীর কোন সমস্যা আছে কিনা আরো বিস্তারিত তথ্য জেনে এই ওষুধ সেবন করা যাবে কিনা তা বলা যাবে । আপনি একজন গাইনী বিশেষজ্ঞ ডাক্তারের পরামর্শ অনুযায়ী জন্মনিরোধক পদ্ধতি ব্যবহার করুন । ধন্যবাদ । ,O O O O O O O O O O O O O O O O O O O O O O O O O O O B-Specialist I-Specialist I-Specialist O O O O O O O O O,O O O O O O O O B-Symptom O O O O O O O B-Medicine O O O O O O O O O O O B-Specialist I-Specialist O O O B-Medical_Procedure O O O O O,Specialist,2.5899606880002466,,916.0
ডাক্তার ভাইতে প্রশ্ন করার জন্যে আপনাকে ধন্যবাদ । আপনি Tab - rivotril 0 . 5 mg 0 + 0 + 1 ঘুম না হলে ৭ দিন খেতে পারেন । Tab - Neuro b 1 + 0 + 1 ১ মাস খেতে পারেন । ,O O O O O O O O O B-Medicine I-Medicine I-Medicine I-Medicine I-Medicine I-Medicine I-Medicine B-Dosage I-Dosage I-Dosage I-Dosage I-Dosage O O O O O O O O B-Medicine I-Medicine I-Medicine I-Medicine B-Dosage I-Dosage I-Dosage I-Dosage I-Dosage I-Dosage I-Dosage O O O,O O O O O O O O O O O B-Medicine O O B-Dosage I-Dosage O O O O O B-Symptom O O B-Dosage I-Dosage O O O O O B-Medicine I-Medicine O O O O B-Dosage I-Dosage O O O O,Medicine,2.749734645999979,,917.0
আমার ঠোঁটের দুপাশে লাগাম ফাটা । কি ঔষধ ব্যবহার করলে বা খেলে ঠিক হবে ? ,O B-Symptom I-Symptom I-Symptom I-Symptom O O O O O O O O O O,O B-Symptom I-Symptom I-Symptom I-Symptom O O B-Medicine O O O O O O O,Symptom,1.3967985499998576,,918.0
Amr kopal ar chokh fule geche Akta forar karone Ami akhon ki korte pari ? ? ? ,O B-Symptom I-Symptom I-Symptom I-Symptom I-Symptom I-Symptom I-Symptom I-Symptom O O O O O O O O,O O O O O O O O O O O O O O O O O,Symptom,2.830004490999727,,919.0
"আমার পুরো শরীর হঠাৎ লাল হয়ে ফুলে গেছে , হালকা চুলকায় , গলা শুকিয়ে যায় , , হাম নাকি এলার্জি বুঝতে পারছি না । কি ঔষধ খাবো ? ",O B-Symptom I-Symptom I-Symptom I-Symptom I-Symptom I-Symptom I-Symptom O B-Symptom I-Symptom O B-Symptom I-Symptom I-Symptom O O B-Health_Condition O B-Health_Condition O O O O O O O O,O O O O O O O O O O O O O O O O O O O O O O O O O O O O,Symptom,5.9767364439999255,,920.0
doctor ami bahire gele e gheme jai amar face ta o ghame . . ekhon ami ki korte pari ? ? jeno eto ta na ghami . . . ,O O B-Symptom I-Symptom I-Symptom I-Symptom I-Symptom O B-Symptom I-Symptom I-Symptom I-Symptom O O O O O O O O O O O O O B-Symptom O O O,O O O O O O O O O O O O O O O O O O O O O O O O O O O O O,Symptom,4.044418099000268,,921.0
1 . ORS - N Mix with 500 ml of water and intake after passage of each loose stool 2 . Tab . Zinc 20 mg 1 + 0 + 1 for 7 days Hopefully it will cure the diarrhoea . ,O O B-Medicine I-Medicine I-Medicine B-Dosage I-Dosage I-Dosage I-Dosage O O O O O O O O O O O O B-Medicine I-Medicine I-Medicine I-Medicine I-Medicine B-Dosage I-Dosage I-Dosage I-Dosage I-Dosage O O O O O O O O O O,O O O O O O O O O O O O O O O O O O O O O O O O O O O O O O O O O O O O O O O O O,Medicine,5.076005210999938,,922.0
ORS saline খাওয়ান । অনেক বেশি পরিমাণে হলে হাসপাতালে ভর্তি করেন । ধন্যবাদ,B-Medicine I-Medicine O O O O O O O O O O O,O O O O O O O O O O O O O,Medicine,1.7787746009998957,,923.0
আমার দুই পায়ের গোড়ালী সকালে ঘুম থেকে উঠার পর প্রচন্ড ব‍্যথা করে । বেশিক্ষণ দাড়িয়ে থাকলেও ব‍্যথা শুরু করে । স্হায়ী সমাধান কি ? ,O B-Symptom I-Symptom I-Symptom I-Symptom I-Symptom I-Symptom I-Symptom I-Symptom I-Symptom I-Symptom O O B-Symptom I-Symptom I-Symptom I-Symptom I-Symptom O O O O O O,O O O B-Symptom O O O O O O I-Symptom O O O O O B-Symptom O O O O O O O,Symptom,11.742798709999988,,924.0
"আসসালামু আলাইকুম , আমার বাচ্চার বয়স ৩ মাস ২০ দিন । আজ বিকাল থেকে তার পয়খানায় সমস্যা হচ্ছে । ৩ . ৩০ থেকে ৯ . ০০ পর্যন্ত ৪ বার পায়খানা করেছে । এবং পায়খানা কিছুটা পিছলা অথবা তৈলাক্ত । কিছু দিন আগে তাকে ডাক্তার দেখিয়েছিলাম তার পায়খানা না হবার কারণে । ডাক্তারের পরামর্শে মুটিগাড , ফ্রাগল , বিপ্লেক্স খাওয়ানো হচ্ছে । আমার বাড়ি প্রত্যন্ত এলাকায় হওয়ায় এখন তাকে ডাক্তারের কাছে নিয়ে যাওয়া সম্বব না । বর্তমান পরিস্থিতিতে আমি কি করতে পারি । তাকে কি কোন ঔষধ খাওয়ানো যাবে ? প্লিজ দয়া করে জানাবেন । ",O O O O O O B-Age I-Age I-Age I-Age O O B-Symptom I-Symptom I-Symptom I-Symptom I-Symptom O O O O O O O O O O B-Symptom I-Symptom I-Symptom O O O B-Symptom I-Symptom I-Symptom I-Symptom I-Symptom O O O O O O O O B-Health_Condition I-Health_Condition I-Health_Condition O O O O B-Medicine O B-Medicine O B-Medicine O O O O O O O O O O O O O O O O O O O O O O O O O O O O O O O O O O O O,O O O O O O O O O O O O O O O O O O O O O O O O O O O O O O O O O O O O O O O O O O O O O O O O O O O O O O O O O O O O O O O O O O O O O O O O O O O O O O O O O O O O O O O O O O O O O O,Symptom,8.76633429200001,,925.0
ডাক্তার ভাইতে প্রশ্ন করার জন্যে আপনাকে ধন্যবাদ । ইসিজি কি কোনো কার্ডিওলজিস্ট কে দেখিয়েছেন ? ডাক্তার দেখিয়ে থাকলে সেই অনুযায়ী যে মেডিসিন খাচ্ছেন সেটা খাবেন । প্রয়োজনে পুনরায় পূর্বের চিকিৎসক এর পরামর্শ নিন । ,O O O O O O O O B-Medical_Procedure O O B-Specialist O O O O O O O O O O O O O O O O O O O O O O,O O O O O O O O O O O O O O O O O O O O O O O O O O O O O O O O O O,Medical Procedure,4.6589566990001,,926.0
"আমার মেয়ের বয়স ৫ মাস ১২ দিন , ইদানিং মনে হচ্ছে সে বুকের দুধ কম খাচ্ছে , তাই বুকের দুধের পাশাপাশি আর বাইরের কি কি খাওয়ানো যায় । বিস্তারিত জানাবেন প্লিজ । ",O O O B-Age I-Age I-Age I-Age O O O O O O O O O O O O O O O O O O O O O O O O O,O O O O O O O O O O O O O O O O O O O O O O O O O O O O O O O O,Age,2.6404626940002345,,927.0
amr Babu r age 5 month colsa . . . koydin daksi Babu r thanda thanda vab . or thanda lagla nak dea Pani pora na . . Nessa ' s ar somy sobdo hossa . kicu akta somadan Dan . . . ,O O O O B-Age I-Age O O O O O O O O B-Symptom I-Symptom I-Symptom O O B-Symptom O B-Symptom I-Symptom I-Symptom I-Symptom O O O O O O O O O O O O O O O O O O,O O O O B-Age I-Age O O O O O O O O B-Symptom I-Symptom O O O B-Symptom O O O O O O O O O O O O O O O O O O O O O O O,Symptom,2.953752572000212,,928.0
কাঁচা আম ভর্তা দিতে পারেন । আমলকী । ধন্যবাদ । ,O O O O O O O O O O,O O O O O O O O O O,,3.93327422099992,,929.0
"আমার মুখে বরণ উঠে , এবং বরণ টিপে দিলে কালো দাগ হয় সেক্ষেত্রে কালো দাগ দূর করার জন্য কি করতে পারি ? ",O B-Symptom I-Symptom I-Symptom O O B-Symptom I-Symptom I-Symptom I-Symptom I-Symptom I-Symptom O B-Symptom I-Symptom O O O O O O O,O O B-Symptom I-Symptom O O B-Symptom I-Symptom I-Symptom I-Symptom I-Symptom O O I-Symptom I-Symptom O O O O O O O,Symptom,10.026152065000131,,930.0
আমার কমরে ডান পাশে অনেক ব্যাথা । মাঝে মাঝে এ রকম হয় । ,O B-Symptom I-Symptom I-Symptom I-Symptom I-Symptom I-Symptom I-Symptom I-Symptom I-Symptom I-Symptom I-Symptom O,O B-Symptom O O O I-Symptom O O O O O O O,Symptom,0.730501710000226,,931.0
ধন্যবাদ আপনাকে প্রশ্নের জন্য । আপনি ভিডিও কলের মাধ্যমে একজন oncologist এর এপয়েনমেন্ট নিয়ে রিপোর্ট দেখাতে পারবেন । এ ব্যাপারে কাস্টোমার কেয়ার সেন্টার থেকে আপনার সাথে যোগাযোগ করা হবে । ধন্যবাদ,O O O O O O O O O O B-Specialist O O O O O O O O O O O O O O O O O O O O,O O O O O O O O O O B-Specialist I-Specialist O O O O O O O O O O O O O O O O O O O,Specialist,1.0768492669999432,,932.0
"আমার ডায়বেটিস বা প্রেসার নাই । মাঝে মাঝে আমার চোখ জ্বালা পোরা করে । স্মাটফোন ফোন দিকে তাকিয়ে থাকি , বেশীর ভাগ সময় । প্রাথমিক চিকিৎসা আছে কি । কোন ড্রপ ব্যবহার করা যাবে কি জানাবেন । ",O O O O O O O O O B-Symptom I-Symptom I-Symptom O O O O O O O O O O O O O O O O O O O O O O O O O,O B-Health_Condition O B-Health_Condition O O O O O B-Symptom I-Symptom I-Symptom O O O O O O O O O O O O B-Medical_Procedure I-Medical_Procedure O O O O B-Medicine O O O O O O,Symptom,1.981019178000224,,933.0
"ধন্যবাদ আপনাকে প্রশ্ন করার জন্য । শুধু ওষুধ খেলেই হবে না । আপনি শাকসব্জি , ফল , আঁশযুক্ত খাবার খাবেন , পানি খাবেন , ইসুবগুলের ভূষি খাবেন । চা , কফি , গরু , খাসী , মসলাযুক্ত , ভাজাপোড়া কম খাবেন । ধন্যবাদ",O O O O O O O O O O O O O O O O O O O O O O O O O O O O O O O O O O O O O O O O O O O,O O O O O O O B-Medicine O O O O O O O O O O O O O O O O B-Medicine B-Medicine O O O O O O O O O O O O O O O O O,,35.41782567200016,,934.0
ডাক্তার ভাইতে প্রশ্ন করার জন্য আপনাকে ধন্যবাদ । এটা এমনিতেই হতে পারে । একজন হরমোন বিশেষজ্ঞ চিকিৎসক এর পরামর্শ নিবেন । ,O O O O O O O O O O O O O O B-Specialist I-Specialist O O O O O,O O O O O O O O O O O O O O O O O O O O O,Specialist,8.216455704000055,,935.0
"আমার সাত দিন গলা ব্যথা তার পর আমি নরমাল ঔষধ খেয়েছি বাট কমে নেই তার কিছুদিন পর ডাক্তার এন্টিবায়োটিক ঔষধ দিয়েছে এবং আমি খেয়ে ছি কিন্তু তার পর অ কমে নাই মাঝে মাঝে ঠান্ডা বাতাস লাগলেই ব্যথা সকালে অনুভব করতে হয় , ডাক্তার বলে আমার কোনো সমস্যা নাই বাট গলা নাকি জ্বরছে ! সুন্দর ভাবে বুঝে আমাকে উওর দিন আর কি ঔষধ খেতে পারি ? ",O O O B-Symptom I-Symptom O O O O O O O O O O O O O B-Medicine I-Medicine O O O O O O O O O O O O O B-Symptom I-Symptom I-Symptom I-Symptom O O O O O O O O O O O O B-Symptom I-Symptom I-Symptom O O O O O O O O O O O O O,O O O O O O O O O O O O O O O O O O O O O O O O O O O O O O O O O O O O O O O O O O O O O O O O O O O O O O O O O O O O O O O O O,Symptom,4.711791558000186,,936.0
"ডাক্তারভাইকে প্রশ্ন করার জন্য ধন্যবাদ । প্রত্যেকবার পাতলা পায়খানার পর ৫০০মিলি পানিতে ১ প্যাক ORS মিশিয়ে পান করুন । বেশি করে পানি , ডাবের পানি পান করবেন । পেট শক্ত করা খাবার জাউ ভাত , কাঁচা কলা ভর্তা , পেপে ভর্তা খাবেন । Tab Amodis 200mg - - 1 + 1 + 1 after meal for 3 days খেতে পারেন । ব্যথার জন্য Tab Napa Extend 665mg - - 1 + 1 + 1 after meal খেতে পারেন । লাভবান না হলে দ্রুত হাসপাতালে চলে যাবেন । ধন্যবাদ । ",O O O O O O O B-Dosage I-Dosage I-Dosage I-Dosage I-Dosage I-Dosage I-Dosage B-Medicine O O O O O O O O O O O O O O O O O O O O O O O O O O O O B-Medicine I-Medicine I-Medicine O O B-Dosage I-Dosage I-Dosage I-Dosage I-Dosage I-Dosage I-Dosage O O O O O O O O B-Medicine I-Medicine I-Medicine I-Medicine O O B-Dosage I-Dosage I-Dosage I-Dosage I-Dosage I-Dosage I-Dosage O O O O O O O O O O O O O,O O O O O O O O O O O O O O O O O O O O O O O O O O O O O O O O O O O O O O O O O O O O O O O O O O O O O O O O O O O O O O O O O O O O O O O O O O O O O O O O O O O O O O O O O,Dosage,41.67509198899961,,937.0
আমার এলার্জি সমস্যা সাথে শ্বাসকষ্ট আছে শীতের শুরুতে সর্দি হাঁচির মত সমস্যা বাড়ে এবং কখনো কখনো নাক বন্ধ থাকে । এমতাবস্থায় ইনসেপ্টা নির্মিত inj . Influvex ভ্যাকসিনটি আমার কি উপকারে আসবে ? ? আমি কি ভ্যাকসিনটি নেবো পরামর্শ চাচ্ছি । ,O B-Symptom I-Symptom O B-Symptom O B-Symptom I-Symptom I-Symptom I-Symptom I-Symptom I-Symptom I-Symptom O B-Symptom I-Symptom I-Symptom I-Symptom O O O O O B-Medicine I-Medicine I-Medicine O O O O O O O O O O O O O O,O B-Health_Condition I-Health_Condition O B-Symptom O O O B-Symptom I-Symptom O O O O O O B-Symptom I-Symptom O O O B-Medicine O O O B-Medicine I-Medicine O O O O O O O O I-Medicine O O O O,Symptom,2.536848640000244,,938.0
Thank you for your question Depends on dose and age . Please take him to a hospital for further evaluation . Thank you,O O O O O O O O O O O O O O O O O O O O O O O,O O O O O O O O O O O O O O O O O O O O O O O,,12.705500111999754,,939.0
মাঝে মধ্যে মাথা ও শরীর হালকা দুলতে থাকে কি ঔষধ খেলে উপকার পাওয়া যাবে । দয়া করে জানাবেন,B-Symptom I-Symptom I-Symptom I-Symptom I-Symptom I-Symptom I-Symptom I-Symptom O O O O O O O O O O,O O B-Symptom O B-Symptom I-Symptom I-Symptom I-Symptom O B-Medicine O O O O O O O O,Symptom,1.414206755000123,,940.0
She didn ' t interest the medicine . But she feel pain in hand and leg now . she feel week in boody . ,O O O O O O O O O O O B-Symptom I-Symptom I-Symptom I-Symptom I-Symptom O O O B-Symptom I-Symptom I-Symptom I-Symptom O,O O O O O O O O O O O O O O O O O O O O O O O O,Symptom,7.109275754000009,,941.0
আমার হঠাৎ বাম কান বন্ধ হয়ে গেছে এখন শো শো শব্দ করে এবং মনে হচ্ছে একটা পর্দার মত এবং এখন কানের ভিতরে ব্যাথা লাগে । একজন ফার্মেসি ডাক্তার এর পরামর্শ অনুযায়ী cero 0 . 3 % drop use korci . ,O O B-Symptom I-Symptom I-Symptom I-Symptom I-Symptom O B-Symptom I-Symptom I-Symptom I-Symptom O O O O O O O O B-Symptom I-Symptom I-Symptom I-Symptom O O O O O O O B-Medicine I-Medicine I-Medicine I-Medicine I-Medicine I-Medicine O O O,O O B-Symptom I-Symptom I-Symptom O O O B-Symptom I-Symptom I-Symptom O O O O O B-Symptom I-Symptom O O B-Symptom I-Symptom I-Symptom O O O B-Specialist I-Specialist O O O B-Medicine B-Dosage I-Dosage I-Dosage I-Dosage I-Dosage O O O,Symptom,43.87414071400008,,942.0
"ধন্যবাদ আপনার প্রশ্নের জন্য । রোদে যেহেতু আপনার সমস্যা হয় চেষ্টা করুন রোদ কে এড়িয়ে চলার । বিশেষ করে দুপুরের কড়া রোদ কে । বাহিরে যাবার আগে অবশ্যই ছাতা নিয়ে বের হবেন । সানস্ক্রিন ব্যবহার করবেন রোদে যাবার ১৫মিনিট আগে । ধন্যবাদ , ভাল থাকুন । ",O O O O O O O O O O O O O O O O O O O O O O O O O O O O O O O O O O O O O O O O O O O O O O,O O O O O O O O O O O O O O O O O O O O O O O O O O O O O O O O O O O O O O O O O O O O O O,,5.4682061749999775,,943.0
"আমার রা‌তে এ‌সি‌তে ঘুমা‌নোর পর সকাল থে‌কে হালকা মাথা ধরা , না‌কে বিকাল থে‌কে হালকা পা‌নি আস‌ছে , জ্বর নাই , কি করনীয় ? ",O B-Dosage I-Dosage I-Dosage I-Dosage I-Dosage I-Dosage I-Dosage I-Dosage I-Dosage O B-Dosage I-Dosage I-Dosage I-Dosage I-Dosage I-Dosage O B-Dosage O O O O O,O O O O O O O B-Symptom I-Symptom I-Symptom O O O O B-Symptom I-Symptom I-Symptom O B-Symptom O O O O O,Dosage,5.908558625999831,,944.0
ডাক্তার ভাই এর সাথে থাকার জন্য আপনাকে ধন্যবাদ । জরুরি ভিত্তিতে চিকিৎসা ও পরীক্ষা করার জন্য নিকটস্থ হাসপাতালে যোগাযোগ করুন । Dr < NAME > Mbbs,O O O O O O O O O O O O O O O O O O O O O O O O O O,O O O O O O O O O O O B-Medical_Procedure O B-Medical_Procedure I-Medical_Procedure O O B-Health_Condition O O O O O O O O,,3.982132238999839,,945.0
"আমি গতকাল গলায় কাটা আটকানোর একটা প্রশ্ন করেছিলাম , আমি প্রাথমিক পরামর্শ পাই নাই , আর আমার বাসার আসেপাসে ত কোন নাক কান গলা বিশেষজ্ঞ নেই আমি তাইলে কি করতাম সেটা জানতে চেয়েছিলাম , প্রাথমিক পরামর্শ আমার জানা দরকার ছিল না",O O O O O O O O O O O O O O O O O O O O O O O O O O O O O O O O O O O O O O O O O,O O B-Symptom I-Symptom I-Symptom O O O O O O O O O O O O O O O O B-Specialist I-Specialist I-Specialist I-Specialist O O O O O O O O O O O O O O O O,,3.52882076700007,,946.0
ডাক্তার ভাইকে প্রশ্ন করার জন্য ধন্যবাদ । Tab Fexo 120mg - 1 টি করে ট্যাবলেট দুই বেলা তিন থেকে পাঁচ দিন খেতে পারেন । ধন্যবাদ,O O O O O O O B-Medicine I-Medicine I-Medicine O B-Dosage I-Dosage I-Dosage I-Dosage I-Dosage I-Dosage I-Dosage I-Dosage I-Dosage I-Dosage O O O O,O O O O O O O O O O O O O O O O O O O O O O O O O,Medicine,2.353034700999615,,947.0
আমার চোখে ময়লা পড়ার পর চোখের ভিতরে লাল হয়ে বাম চোখের বাম পাশের সাদা অংশ লাল হয়ে ফুলে গেছে,O B-Health_Condition I-Health_Condition I-Health_Condition I-Health_Condition I-Health_Condition I-Health_Condition I-Health_Condition I-Health_Condition I-Health_Condition I-Health_Condition I-Health_Condition I-Health_Condition I-Health_Condition I-Health_Condition I-Health_Condition I-Health_Condition I-Health_Condition I-Health_Condition,O O O O O O O O O O O O O O O O O O O,Health Condition,2.544202341000073,,948.0
আমার ছেলের বয়স 2 বছর 5 মাস কিন্তু সে শুধু মায়ের বুকের দুধ খায় এখনো অন্য কিছুই খেতে চায় না এখন অবস্থায় আমি কি করতে পারি একটু বলবেন,O O O B-Age I-Age I-Age I-Age O O O O O O O O O O O O O O O O O O O O O,O O O B-Age I-Age I-Age I-Age O O O O O O O O O O O O O O O O O O O O O,Age,1.9338347619996057,,949.0
ডাক্তার ভাই কে প্রশ্ন করার জন্য ধন্যবাদ । চোখ পরিক্ষা করার পর মেডিসিন দিতে হবে । চোখের ডাক্তার দেখান । ধন্যবাদ । ,O O O O O O O O B-Medical_Procedure I-Medical_Procedure O O O O O O B-Specialist I-Specialist O O O O,O O O O O O O O B-Symptom I-Symptom O O B-Medicine O O O B-Symptom B-Specialist O O O O,Medical Procedure,2.07366051300005,,950.0
"ধন্যবাদ আপনাকে প্রশ্ন করার জন্য । ব্যাথা হলে নাপা খাবেন , সিভিট খান । ধন্যবাদ",O O O O O O B-Symptom O B-Medicine O O B-Medicine O O O,O O O O O O B-Symptom O B-Medicine O O B-Medicine O O O,Medicine,6.547677251000096,,951.0
Thank you for your question Look for any particle is there or not . Remove it . If no particle new tooth is growing or not please check . Do toothbrush two times regularly . Visit a dentist . Thank you,O O O O O O O O O O O O O O O O O O O O O O O O O O O O O O O O O O O O O B-Specialist O O O,O O O O O O O O O O O O O O O O O O O O O O O O O O O O O O O O O O O O O O O O O,Specialist,3.4881703740002195,,952.0
আমার খুব ঘন ঘন মাথা ব্যাথা করে মাথা ব্যথা করলে কি করণীয় একটু বিস্তারিত যদি বলতেন স্যার । ,O O O O B-Symptom I-Symptom O B-Symptom I-Symptom O O O O O O O O O,O O O O B-Symptom I-Symptom O B-Symptom I-Symptom O O O O O O O O O,Symptom,0.9720865319995936,,953.0
"আমার স্ত্রী গর্ভবতী , কাশি দেখা দিছে , ডাঃ বলছে fexo 120 খেতে । এটা কি আমার স্ত্রীর জন্য নিরাপদ ? ",O B-Health_Condition I-Health_Condition O B-Symptom I-Symptom I-Symptom O O O B-Medicine I-Medicine O O O O O O O O O,O O B-Health_Condition O B-Symptom O O O B-Specialist O B-Medicine B-Dosage O O O O O O O O O,Health Condition,30.175889981000186,,954.0
"আমার মায়ের পায়ের হাটু থেকে পাতা পর্যন্ত খুব ব্যাথা করে মাঝে মাঝে । ঔষধ খেলে ভাল হয় আবার ব্যাথা করে । বয়স ৫০ বছর । কি ঔষধ খেলে ভাল হবে ? ডাক্তার প্রফিন নামে একটা ঔষধ দিয়েছিল , এই কম্পানি বন্ধ হয়ে গেছে । ",O O B-Symptom I-Symptom I-Symptom I-Symptom I-Symptom I-Symptom I-Symptom O O O O O O O O O O O O O B-Age O O O O O O O O O B-Medicine O O O O O O O O O O O,O O O B-Symptom O I-Symptom O O B-Symptom O O O O O O O O O B-Symptom O O B-Age I-Age I-Age O O O O O O O B-Specialist B-Medicine O O I-Medicine O O O O O O O O,Symptom,4.401843594000184,,955.0
i have gynecomastia problem . i wants to talk a surgery doctor about its treatment . how can i got this help . ,O O B-Health_Condition O O O O O O O B-Specialist I-Specialist O O O O O O O O O O O,O O B-Health_Condition I-Health_Condition O O O O O O B-Medical_Procedure B-Specialist O O O O O O O O O O O,Health Condition,0.9545641790000444,,956.0
ডাক্তার ভাইকে প্রশ্ন করার জন্য ধন্যবাদ । আপনি এই বিষয়ে একজন বিউটিশিয়ান এর পরামর্শ নিন । ধন্যবাদ,O O O O O O O O O O O B-Specialist O O O O O,O O O O O O O O O O O O O O O O O,Specialist,5.955228824999722,,957.0
My baby is 8 months old and got HFMD . Should we give him any medicine ? Can we give him Tyclav syrup ? ,O O O B-Age I-Age O O O B-Health_Condition O O O O O O O O O O O O B-Medicine I-Medicine O,O O O B-Age I-Age O O O B-Health_Condition O O O O O O B-Medicine O O O O O B-Medicine I-Medicine O,Age,2.8187013149999984,,958.0
"ডাক্তার ভাই সালাম নিবেন , গুড়া কৃমির জন্য ভালো একটা ওষুধ সাজেশন করবেন । কয়েক মাস আগে কৃমির ওষুধ খেয়ে ছিলাম তার পরেও মলদ্বারে কৃমির অনুভব হচ্ছে",O O O O O B-Health_Condition I-Health_Condition O O O O O O O O O O B-Medicine I-Medicine O O O O B-Symptom I-Symptom I-Symptom O,O O O O O O B-Health_Condition O O O B-Medicine O O O B-Age I-Age O B-Health_Condition O O O O O B-Symptom I-Symptom I-Symptom O,Health Condition,2.7767501469998024,,959.0
Thank you for your question Do as your doctor suggested . He knows her history and condition . She can take any regular diet Thank you,O O O O O O O O O O O O O O O O O O O O O O O O O O,O O O O O O O O O O O O O O O O O O O O O O O O O O,,3.336545331000252,,960.0
"ডাক্তারভাইকে প্রশ্ন করার জন্য ধন্যবাদ । কেবল কুসুম গরম পানি দিয়ে পরিস্কার করবেন । লক্ষ্য রাখবেন প্রত্যেক বার প্রস্রাব করার পর যেন ঠিকমত গোপনাঙ্গ পরিস্কার করা হয় । বেশি করে পানি , ডাবের পানি , ফলের রস খাওয়াবেন । লাভবান না হলে দ্রুত সশরীরে ডাক্তারের পরামর্শ নিবেন । ধন্যবাদ । ",O O O O O O O O O O O O O O O O O O O O O O O O O O O O O O O O O O O O O O O O O O O O O O O O O O,O O O O O O O O O O O O O O O O O O O O O O O O O O O O O O O O O O O O O O O O O O O O O O O O O O,,5.710044395000296,,961.0
ডাক্তার ভাই কে প্রশ্ন করার জন্য ধন্যবাদ । syp Flacol 1 / 2 spoon 2 times 3 days . । অল্প করে খেতে দিবেন । আস্তে আস্তে খেলে ভালো । ধন্যবাদ । ,O O O O O O O O B-Medicine I-Medicine B-Dosage I-Dosage I-Dosage I-Dosage I-Dosage I-Dosage I-Dosage I-Dosage O O O O O O O O O O O O O O,O O O O O O O O B-Medicine I-Medicine B-Dosage O I-Dosage I-Dosage I-Dosage I-Dosage I-Dosage I-Dosage O O O O O O O O O O O O O O,Medicine,1.1288329090002662,,962.0
"আমার বয়স ২৬ বছর , কয়েক মাস হতে আমার পিরিয়ড ঠিক সময়ে - ই হচ্ছে কিন্তু ২দিন পর ব্লাড যাওয়া বন্ধ হয়ে যাচ্ছে , এটা কি কোনো সমস্যা ? আমার করনীয় কি ? ",O O B-Age I-Age O O O O O B-Symptom I-Symptom I-Symptom I-Symptom I-Symptom I-Symptom O B-Symptom I-Symptom I-Symptom I-Symptom I-Symptom I-Symptom I-Symptom O O O O O O O O O O,O O O O O O O O O O O O O O O O O O O O O O O O O O O O O O O O O,Symptom,3.494874947999961,,963.0
"আমার বাচ্চার বয়স ৩০মাস তার জন্য একটি ভিটামিন ডি ফাইল ক্রয় করা হয় । পরে কয়েকদিন খায়নি , মোট কথা এটি মেয়াদ ৬ / ২০২১ পর্যন্ত , অর্থাৎ একটি ভিটামিন ফাইল খোলার পর কত দিন পর্যন্ত খাওয়ানো যায় । ধন্যবাদ । ",O O O B-Age O O O B-Medicine I-Medicine O O O O O O O O O O O O O O O O O O O O O O O O O O O O O O O O,O O O B-Age O O O B-Medicine I-Medicine I-Medicine O O O O O O O O O O O O B-Dosage O I-Dosage O O O O B-Medicine I-Medicine O O O O O O O O O O,Age,1.471849298000052,,964.0
"ব্রাশ করার সময় বা কোনো কিছুর খোচা লাগলে দাত দিয়ে রক্ত বের হয় , আর দাতের মাড়ি সব সময় ফোলা থাকে , এখন আমার কি করা উচিত ? ? ",O O O O O O B-Symptom I-Symptom I-Symptom I-Symptom I-Symptom O O O O B-Symptom I-Symptom I-Symptom I-Symptom I-Symptom O O O O O O O O O,O O O O O O O O B-Symptom I-Symptom I-Symptom I-Symptom I-Symptom O O B-Symptom I-Symptom I-Symptom I-Symptom I-Symptom I-Symptom O O O O O O O O,Symptom,5.535625592000088,,965.0
"আমার ওয়াইফের সাদা স্রাপ ভাংগে , যার কারনে অনেক চুলকায় , এটার সমাধান কি ? ",O O B-Symptom I-Symptom I-Symptom O O O O B-Symptom O O O O O,O O O B-Symptom I-Symptom O O O O B-Symptom O O O O O,Symptom,1.973679410999921,,966.0
"age 27 male , majay somossa ada gonta dariye thakle maja betha hoye jay , ki koro nio ? ",O B-Age O O B-Symptom I-Symptom O O O O B-Symptom I-Symptom O O O O O O O,O B-Age O O O O O O O O O B-Symptom I-Symptom I-Symptom O O O O O,Symptom,0.9382463340002688,,967.0
"১৬০ কি উপরের টা ( systolic ) ? নাকি নিচের টা ( diastolic ) ? দুটি ক্ষেত্রেই প্রেসার বেশি । মেডিসিন বিশেষজ্ঞ দেখিয়ে প্রেসার বাড়ার কারণটা জেনে , সেই কারণ দূর করতে ও প্রেসার নিয়ন্ত্রণের জন্য বিশেষজ্ঞ এর উপদেশ করা ঔষধ খাওয়া উচিত হবে । ধন্যবাদ । ",O O O O O O O O O O O O O O O O O O O O B-Specialist I-Specialist O O O O O O O O O O O O O O O O O O O O O O O O O,O O O O O O O O O O O O O O O O O B-Health_Condition O O B-Medicine B-Specialist O B-Health_Condition O O O O O O O O O B-Health_Condition O O B-Specialist O O O B-Medicine O O O O O O,Specialist,2.286620056999709,,968.0
গ্যাস্টিকের কারণে পিঠে খুব নিঃশ্বাস আটকে যাচ্ছে । কি খাব ? ,B-Symptom I-Symptom I-Symptom I-Symptom I-Symptom I-Symptom I-Symptom O O O O,B-Health_Condition O O O B-Symptom I-Symptom I-Symptom O O O O,Symptom,1.0266558070002247,,969.0
আমার বেশ কিছুদিন যাবত খুশখুশে কাশি । মাঝে মাঝে কাশি শেষে কালো কফ বের হয় । এখন পর্যন্ত কোন প্রকার ঔষধ খাই নি । মাঝে মাঝে গরম পানিতে গারগিল করি তখন কিছুটা কমে যায় । কি করলে কাশি থেকে মুক্তি পাব । আমার ঠান্ডার কোন সমস্যা নাই । ,O O O O B-Symptom I-Symptom O O O O O B-Symptom I-Symptom I-Symptom I-Symptom O O O O O O O O O O O O O O O O O O O O O O O O O O O O O O O O O,O O O O B-Symptom I-Symptom O O O B-Symptom O O B-Symptom O O O O O O O O O O O O O O O O O O O O O O O O B-Symptom O O O O O O O O O O,Symptom,7.86947778800004,,970.0
আমার মেয়ে বয়স 11 বছর পেটে গেস পাম্প করছে বমি ও পাতলা পায়খানা বমি করলে অনেক গন্দ হয় কি ঔষধ খাওয়া যায়,O O O B-Age I-Age B-Symptom I-Symptom I-Symptom I-Symptom B-Symptom O B-Symptom I-Symptom B-Symptom I-Symptom I-Symptom I-Symptom O O O O O,O O B-Age I-Age I-Age B-Symptom I-Symptom O O B-Symptom O B-Symptom I-Symptom B-Symptom O O O O O B-Medicine O O,Symptom,1.5533131830002276,,971.0
আমার মেয়ের বয়স ৭ মাস । তাকে এখন কি কি খাওয়ানো যেতে পারে ? তাকে এখন যা যা খাওয়ায় সে কিছুই মুখে নেয় না । বমি ও করে দেয় অনেক সময় । ,O O O B-Age I-Age O O O O O O O O O O B-Symptom I-Symptom I-Symptom I-Symptom I-Symptom I-Symptom I-Symptom I-Symptom I-Symptom O B-Symptom I-Symptom I-Symptom I-Symptom I-Symptom I-Symptom O,O O O B-Age I-Age O O O O O O O O O O O O O O O O O O O O B-Symptom O O O O O O,Symptom,1.7946570249996512,,972.0
"ডাক্তার ভাই কে প্রশ্ন করার জন্য ধন্যবাদ । ওরস্যালাইন খাওয়ান এবং তার সাথে tab , Racedot 100mg 1 + 1 + 1 , tab , Emistat 8mg 1 + 1 + 1 খাওয়ান । আস্তে আস্তে ঠিক হয়ে যাবে । ",O O O O O O O O B-Medicine O O O O B-Medicine I-Medicine I-Medicine I-Medicine B-Dosage I-Dosage I-Dosage I-Dosage I-Dosage O B-Medicine I-Medicine I-Medicine I-Medicine B-Dosage I-Dosage I-Dosage I-Dosage I-Dosage O O O O O O O O,O O O O O O O O O O O O O O O O O O O O O O O O O O O O O O O O O O O O O O O O,Medicine,3.525984064000113,,973.0
"আপনাকে ধন্যবাদ প্রশ্ন করার জন্য । আপনি ধুমপান করলে তা বন্ধ করেন । আপনার cough variant asthma থাকতে পারে । এর জন্য একজন রেসপিরেটরি মেডিসিন বিশেষজ্ঞ ডাক্তার এর পরামর্শ নিন । আদা , মধু গরম পানি খান । ধন্যবাদ । ",O O O O O O O O O O O O O O B-Health_Condition I-Health_Condition I-Health_Condition O O O O O O B-Specialist I-Specialist I-Specialist O O O O O O O O O O O O O O,O O O O O O O O O O O O O O O O O O O O O O O O O O O O O O O O O O O O O O O O,Health Condition,3.5921850820000145,,974.0
প্রতিদিনই ঘুম ঠিকমতো হয়না দুই তিন ঘন্টা পর চলে যায় পেইস ০ . ৫ ও filfresh 3mg খেয়েদেখছি অনেকদিন কাজ হচ্ছে । মানষিক দুঃচিন্তায় কমেনা তার উপর ঠিকমত ঘুম না হওয়ায় ডিপ্রেশনে ভুগছি । উচ্চ রক্তচাপের রুগি নিয়মিত ঔষধ খাই । ,O B-Symptom I-Symptom I-Symptom B-Symptom I-Symptom I-Symptom I-Symptom I-Symptom I-Symptom B-Medicine I-Medicine I-Medicine I-Medicine O B-Medicine I-Medicine O O O O O B-Symptom I-Symptom O O O B-Symptom I-Symptom I-Symptom I-Symptom B-Health_Condition O O B-Health_Condition I-Health_Condition O O O O O,O O O O O O O O O O B-Medicine O O O O B-Medicine B-Dosage O O O O O O O O O O O O O O B-Health_Condition O O B-Health_Condition I-Health_Condition O O B-Medicine O O,Symptom,1.955025734999708,,975.0
"ডাক্তার ভাইকে প্রশ্ন করার জন্য ধন্যবাদ । Tab . Rupa 10mg 0 + 0 + 1 5days , Tab . Omidon 10mg 1 + 1 + 1 3days ( 30 min before meal ) , Tab . Cevit 250 mg 1 + 0 + 1 10days ( chewable ) . ",O O O O O O O B-Medicine I-Medicine I-Medicine I-Medicine B-Dosage I-Dosage I-Dosage I-Dosage I-Dosage O O B-Medicine I-Medicine I-Medicine I-Medicine B-Dosage I-Dosage I-Dosage I-Dosage I-Dosage I-Dosage I-Dosage I-Dosage I-Dosage I-Dosage I-Dosage I-Dosage O B-Medicine I-Medicine I-Medicine I-Medicine I-Medicine B-Dosage I-Dosage I-Dosage I-Dosage I-Dosage O O O O O,O O O O O O O O O O O O O O O O O O O O O O O O O O O O O O O O O O O O O O O O O O O O O O O O O O,Medicine,6.256921978999799,,976.0
আপনাকে ধন্যবাদ প্রশ্ন করার জন্য । আপনি থার্মোমিটার দিয়ে জ্বর পরিমাপ করুন । জ্বর থাকলে সিরাপ নাপা খাওয়াতে পারেন । এখন ডেংগু রোগ অনেক বেশি হচ্ছে । জ্বর বা শরীরে লাল লাল দানা থাকলে অবশ্যই একজন শিশু ডাক্তার কে দেখাতে হবে । প্রয়োজনে ডেংগু র পরীক্ষা করিয়ে নিতে হবে । ধন্যবাদ,O O O O O O O O O B-Symptom O O O B-Symptom O B-Medicine I-Medicine O O O O B-Health_Condition O O O O O B-Symptom O B-Symptom I-Symptom I-Symptom I-Symptom O O O B-Specialist I-Specialist O O O O O B-Medical_Procedure I-Medical_Procedure I-Medical_Procedure O O O O O,O O O O O O O O O O O O O O O O O O O O O O O O O O O O O O O O O O O O O O O O O O O O O O O O O O O,Symptom,7.89765591000014,,977.0
আমার চার বছরের ছেলের আজ দুই দিন জাবত পচন্ড ঠান্ডা আর নাক বন্ধ হয়ে আসে কি ঔষধ খাওয়ালে ভালো হবে পরামর্শ দিলে ভালো হয়,O B-Age I-Age O O O O O B-Symptom I-Symptom O B-Symptom I-Symptom O O O O O O O O O O O,O O O O O O O O O O O O O O O O O O O O O O O O,Symptom,4.805825413000093,,978.0
ধন্যবাদ আপনাকে প্রশ্নের জন্য । একটা এক্স রে করলে ভাল ভাবে বোঝা যাবে সমস্যা কোথায় । আপাতত গরম সেক দিন । নাপা খান । ধন্যবাদ,O O O O O O B-Medical_Procedure I-Medical_Procedure O O O O O O O O O O O O O B-Medicine O O O,O O O O O O B-Medical_Procedure I-Medical_Procedure O O O O O B-Symptom O O O B-Medical_Procedure I-Medical_Procedure O O B-Medicine O O O,Medical Procedure,1.6883083550001174,,979.0
Ami garir steering khulte giye dan hater joint e betha pai . Ei betha majhe majhe hoy abar chole jay . Vari kichu uthate gele betha ta dekha dey . Betha tar matra prochondo rokomer kostodayok ! Ki kora jete pare ? ,O O O O O O B-Health_Condition I-Health_Condition I-Health_Condition I-Health_Condition O O O B-Symptom O O O O O O O O O O O B-Symptom O O O O B-Symptom O O O O O O O O O O O,O O O O O O O B-Health_Condition I-Health_Condition B-Symptom O O O B-Symptom O O O O O O O O O O O B-Symptom O O O O B-Symptom O O O O O O O O O O O,Symptom,2.940082838000308,,980.0
ডাক্তার ভাই কে প্রশ্ন করার জন্য ধন্যবাদ । আপনি tab . Myolax 50mg ১টি এবং tab . seclo20 mg ১টি খাবেন । ঠিক হয়ে যাবে,O O O O O O O O O B-Medicine I-Medicine I-Medicine I-Medicine B-Dosage O B-Medicine I-Medicine I-Medicine I-Medicine B-Dosage O O O O O,O O O O O O O O O O O B-Medicine B-Dosage I-Dosage O O O B-Medicine I-Medicine I-Dosage O O O O O,Medicine,1.7666971459998422,,981.0
প্রশ্ন করার জন্য ধন্যবাদ । আপনার যেহেতু অনেক ধরনের সমস্যা আছে আপনার আরও বিস্তারিত তথ্য জানা প্রয়োজন এবং আপনি একজন বাত রোগ বিশেষজ্ঞ ডাক্তার দেখান । ধন্যবাদ । ,O O O O O O O O O O O O O O O O O O O O B-Specialist I-Specialist I-Specialist O O O O O,O O O O O O O O O O O O O O O O O O O O O O O O O O O O,Specialist,2.7184317910000573,,982.0
"আপনাকে ধন্যবাদ প্রশ্ন করার জন্য । আপনি গলা ব্যাথার জন্য গরম পানি , আদা , মধু খান । সর্দির জন্য ট্যাবলেট এলাট্রল ১০ মিলিগ্রাম রাতে একটা করে খেতে পারেন । একজন মেডিসিন ডাক্তার কে দেখাতে পারেন । ধন্যবাদ । ",O O O O O O O O O O O O O O O O O O O O B-Medicine I-Medicine I-Medicine I-Medicine B-Dosage I-Dosage O O O O O B-Specialist I-Specialist O O O O O O,O O O O O O O O O O O O O O O O O O O O O O O O O O O O O O O O O O O O O O O,Medicine,3.668186823999804,,983.0
"আমার চোখে ভাইরাল ভাইরাজ হয়ছিল , গোপালগঙ্গ থেকে ডাক্তার দেখাইছিলাম , ড্রপ এবং জেল দিছিলো , সেরে গিছে কিন্তু , যে চোখে হয়ছিলো বা পাসের চোখ ওটা এখনো হালকা ছোট হয়ে আছে ডান পাসের টার থেকে , এটা কি সমস্য , সমাধান বলেন প্লিজ",O B-Health_Condition I-Health_Condition I-Health_Condition O O O O O O O O O O O O O O O O O B-Symptom I-Symptom I-Symptom I-Symptom I-Symptom I-Symptom I-Symptom I-Symptom I-Symptom I-Symptom I-Symptom I-Symptom I-Symptom I-Symptom I-Symptom O O O O O O O O,O O O O O O O O O O O O O O O O O O O O O O O O O O O O O O O O O O O O O O O O O O O O,Health Condition,4.451092682000308,,984.0
"amar dui hat pa er talu jala korche . majhy majhy hatu , komor , konui betha Kore . Please help me . ",O O B-Symptom I-Symptom I-Symptom I-Symptom I-Symptom O O B-Symptom I-Symptom I-Symptom I-Symptom I-Symptom I-Symptom I-Symptom I-Symptom I-Symptom O O O O O,O O O O O O O O O O O O O O O O O O O O O O O,Symptom,3.1998952469998585,,985.0
"আসসালামু আলাইকুম । আমার কিছু দিন ধরে , এক রকম থাকলে , অনেক জিঞ্জি উঠে । আগে এমন হত না । জিঞ্জি উঠলে হাত - পা নড়তেই পারি না । প্লিজ বলবেন । ধন্যবাদ । ",O O O O O O O O O O O O O B-Symptom I-Symptom O O O O O O B-Symptom I-Symptom I-Symptom I-Symptom I-Symptom I-Symptom I-Symptom I-Symptom O O O O O O,O O O O O O O O O O O O O B-Symptom I-Symptom O O O O O O B-Symptom I-Symptom O O O O O O O O O O O O,Symptom,1.5989942539999902,,986.0
কানে প্রচন্ড ব্যথা অনুভব করি সমাধান চাই । ,B-Symptom I-Symptom I-Symptom O O O O O,B-Symptom I-Symptom I-Symptom O O O O O,Symptom,1.9235305930001232,,987.0
"আপনাকে ধন্যবাদ প্রশ্ন করার জন্য । আপনি কাচ কলা , জাউ ভাত খান । পাতলা পায়খানা হলে ওরস্যালাইন খাবেন । দুধ , শাক আপাতত খাওয়া দরকার নাই । না কমলে হাসপাতাল ইমার্জেন্সি বিভাগে যোগাযোগ করুন । ধন্যবাদ । ",O O O O O O O O O O O O O O O O O B-Medicine O O O O O O O O O O O O O O O O O O O O,O O O O O O O O O O O O O O O O O O O O O O O O O O O O O O O O O O O O O O,Medicine,4.642189892999795,,988.0
"আসসালামুওয়ালাইকুম , গতকাল সকালে ঘুম ভাংগার পর থেকে হঠাৎ করে আমার বাম পাশে ঘাড় ব্যাথা করতেছে বা দিকে একদম ফিরতে পিরতে পারতেছি না । প্রচুর ব্যাথা করতেছে । একটা নাপাও খাইছিলাম কিন্ত ব্যাথা কমে নাই । প্লিজ জানাবেন কি মিডিসিন নিব । ",O O O O O O O O O O O B-Symptom I-Symptom I-Symptom I-Symptom O O O O O O O O O O B-Symptom O O O B-Medicine O O O O O O O O O O O O,O O O O O O O O O O O O O O O O O O O O O O O O O O O O O O O O O O O O O O O O O O,Symptom,4.8613757090001855,,989.0
xinc b syrup ki child der deya jay to bostup there immunity,B-Medicine I-Medicine I-Medicine O O O O O O O O O,O O B-Medicine O O O O O O O O O,Medicine,1.228332032000253,,990.0
Golai cough ase . halka jor ase . cough komate kun osud ta khabo . ata dirgodin dore ase . ,O B-Symptom O O O B-Symptom O O B-Symptom O O O O O O O O O O O,O O O O O O O O O O O O O O O O O O O O,Symptom,1.9751807529996768,,991.0
Daktar bhai ke question korar jonno dhonnobad . gynae doctor er sathe consult korun . Thanks . ,O O O O O O O O B-Specialist I-Specialist O O O O O O O,O O O O O O O O O O O O O O O O O,Specialist,1.667271527000139,,992.0
মোনাস - ১০ খাওয়ার পরে কাশি কমে গেছে কিন্তু বুকের মধ্যে জমানো কফ অনেক ভারী মনে হচ্ছে এ অবস্থায় কি ওষুধ গ্রহণ করতে পারি ? করোণা টেস্ট পজিটিভ হওয়ার পর আবার করোনা টেস্ট নেগেটিভ এসেছে । ,B-Medicine I-Medicine I-Medicine O O B-Symptom I-Symptom I-Symptom I-Symptom I-Symptom I-Symptom I-Symptom I-Symptom O O O O O O O O O O O O B-Medical_Procedure I-Medical_Procedure O O O O O O O O O,O O O O O O O O O O O O O O O O O O O O O O O O O O O O O O O O O O O O,Medicine,4.455853653999839,,993.0
ডাক্তার ভাইকে প্রশ্ন করার জন্য ধন্যবাদ । শুধুমাত্র ডায়বেটিস এর কারনে এমন ব্লিডিং হওয়ার কথা না । আপনার কোন গাইনীকোলজিকাল সমস্যা আছে কিনা তা নির্নয় করা জুরুরি । আপনি একজন গাইনোলজিস্ট ডাক্তার এর শরণাপন্ন হন । যাবতীয় পরীক্ষা নিরিক্ষার মাধ্যমে সঠিক রোগ নির্নয় করে চিকিৎসা গ্রহণ করুন । ধন্যবাদ । ,O O O O O O O O B-Health_Condition O O O O O O O O O O O O O O O O O O O O O B-Specialist I-Specialist O O O O O O O O O O O O O O O O O O,O O O O O O O O O O O O O O O O O O O O O O O O O O O O O O O O O O O O O O O O O O O O O O O O O O,Health Condition,4.790154462000373,,994.0
"আমার মেয়ের বয়স ৫ । নাক দিয়ে পানি পড়ে , হালকা কাশি ও জ্বর আছে । ",O O O B-Age O B-Symptom I-Symptom I-Symptom I-Symptom O B-Symptom I-Symptom O B-Symptom O O,O O B-Age I-Age O B-Symptom I-Symptom I-Symptom I-Symptom O B-Symptom I-Symptom O B-Symptom O O,Symptom,94.33684568099989,,995.0
"ডাক্তার ভাই কে প্রশ্ন করার জন্য ধন্যবাদ । ১০৩ জর থাকলে napa suppository 250 mg দিতে পারবেন । গোসল দিতে পারেন । মাথা ওয়াশ করে দিতে পারেন । গলায় পট্টি , কপালে পট্টি দিতে পারেন । ধন্যবাদ । ",O O O O O O O O O O O B-Medicine I-Medicine I-Medicine I-Medicine O O O O O O O O O O O O O O O O O O O O O O O,O O O O O O O O B-Age I-Age I-Age B-Medicine I-Medicine B-Dosage I-Dosage O O O O O O O O O O O O O I-Symptom O O I-Symptom O O O O O O,Medicine,8.336548446000052,,996.0
2nd test of covid 19 kore felun . resul Pele amader janan,B-Medical_Procedure I-Medical_Procedure I-Medical_Procedure I-Medical_Procedure I-Medical_Procedure O O O O O O O,O O O O O O O O O O O O,Medical Procedure,2.666754373999993,,997.0
Thanks for questioning to daktervai . Continue flacol drop total 15 days . . ,O O O O O O O B-Medicine I-Medicine O O O O O,O O O O B-Specialist O O B-Medicine I-Medicine O B-Dosage I-Dosage O O,Medicine,8.599603840999862,,998.0
"Thanks for your question to daktar Bhai . Dialysis helps to restore kidney function . It has some side effect such as low blood pressure , muscle cramps , electrolyte imbalance etc . Thanks",O O O O O O O O O O O O O O O O O O O O O O B-Health_Condition I-Health_Condition I-Health_Condition O B-Health_Condition I-Health_Condition O B-Health_Condition I-Health_Condition O O O,O O O O O B-Specialist I-Specialist O B-Medical_Procedure O O O B-Health_Condition I-Health_Condition O O O O B-Symptom I-Symptom O O B-Symptom I-Symptom I-Symptom O B-Symptom I-Symptom O B-Symptom I-Symptom O O O,Health Condition,2.379085934000159,,999.0
"ডাক্তার বাবু , শুভ বিকাল । আমি গতকাল থেকে জরে ভুগতেছি । এখন জর ২ . পয়েন্ট এর কাছাকাছি আছে । সিরদি ও আছে সামান্য । মাথা ব্যাথা করে । অন্য কোন সমস্যা নেই । নাপা খাচ্ছি ডেলি তিন টা করে । উপদেশ দিলে কৃতজ্ঞ থাকবা । ধন্যবাদ",O O O O O O O O O B-Symptom I-Symptom O O O O O O O O O O B-Symptom O O O O B-Symptom I-Symptom I-Symptom O O O O O O B-Medicine O O O O O O O O O O O O,B-Specialist O O O O O O O O B-Symptom I-Symptom O O B-Symptom I-Symptom O O O O O O B-Symptom O O O O B-Symptom I-Symptom O O O O O O O B-Medicine O B-Dosage I-Dosage O O O O O O O O O,Symptom,2.9368724450000627,,1000.0
হঠাৎ করে আমার হাতটা গরম পানিতে পুড়ে গেছে এখন করনীয় কি,B-Health_Condition I-Health_Condition I-Health_Condition I-Health_Condition I-Health_Condition I-Health_Condition I-Health_Condition I-Health_Condition O O O,O O O B-Symptom I-Symptom I-Symptom I-Symptom I-Symptom O O O,Health Condition,1.2449981669997214,,1001.0
আপনাকে ধন্যবাদ প্রশ্ন করার জন্য । আপনি ট্যাবলেট নাপা এক্সটেন্ড ৬৬৫ মিলিগ্রাম সকালে ও রাতে একটা করে দুই বেলা খান । গরম পানির সেক দিন । ধন্যবাদ । ,O O O O O O O B-Medicine I-Medicine I-Medicine I-Medicine I-Medicine B-Dosage I-Dosage I-Dosage I-Dosage I-Dosage I-Dosage I-Dosage O O O O O O O O O,O O O O O O O O B-Medicine I-Medicine B-Dosage I-Dosage O O O O O O O O O O O B-Medical_Procedure I-Medical_Procedure O O O,Medicine,1.557137030999911,,1002.0
"ডাক্তার ভাই কে প্রশ্ন করার জন্য ধন্যবাদ । আপনি গরম পানি , লবণ দওয়ে গার্গল করুন , দিনে ৩ - ৪ বার । এবং অবশ্যই নাক , কান , গলা বিশেষজ্ঞের পরামর্শ নিন । ধন্যবাদ । ",O O O O O O O O O O O O O O O O O O O O O O O O O B-Specialist I-Specialist I-Specialist I-Specialist I-Specialist I-Specialist O O O O O,O O O O O O O O O O O O O O O O O B-Dosage I-Dosage I-Dosage I-Dosage O O O O O O O B-Specialist I-Specialist O O O O O O,Specialist,2.594261318999997,,1003.0
"গতকাল থেকে ডান চোখ লাল ও খচখচ করে , আজ সকাল থেকে বাম চোখে একই সমস্যা । অনুগ্রহ করে সমাধান দিলে বাধিত হবো । ",O O B-Symptom I-Symptom I-Symptom O B-Symptom I-Symptom O O O O B-Symptom I-Symptom I-Symptom I-Symptom O O O O O O O O,O O O O B-Symptom O B-Symptom O O O O O O O O B-Symptom O O O O O O O O,Symptom,1.7015240579999045,,1004.0
"আমার পায়ের নখ উঠাইছি ৪০ দিন হলো , এখন কি আমি শো বা লোফার জাতীয় জুতা পরতে পারব . . ? নখ পুরাপুরি এখনো উঠে নি উঠতেছে",O B-Symptom I-Symptom I-Symptom I-Symptom I-Symptom O O O O O O O O O O O O O O O O O O O O O,O B-Symptom I-Symptom I-Symptom B-Dosage I-Dosage O O O O O O O O O O O O O O O B-Symptom I-Symptom I-Symptom I-Symptom I-Symptom I-Symptom,Symptom,5.433905408999635,,1005.0
"ডাক্তার ভাই কে প্রশ্ন করার জন্য ধন্যবাদ । পায়খানা কষা হলে syrup , Actilac ২ চামচ করে দিনে ৩ বার খাবে । পায়খানা স্বাভাবিক হলে খাওয়ার দরকার নেই । চাপ দিয়ে পায়খানা করা থেকে বিরত থাকুন । আপাতত ব্যাথার জন্য tab . napa extend ১ টি ট্যাবলেট খাবেন । ",O O O O O O O O O O O B-Medicine I-Medicine I-Medicine B-Dosage I-Dosage I-Dosage I-Dosage I-Dosage I-Dosage O O O O O O O O O O O O O O O O O O O O B-Medicine I-Medicine I-Medicine I-Medicine B-Dosage I-Dosage O O O,O O O O O O O O O O O B-Medicine O B-Medicine B-Dosage I-Dosage O O B-Dosage I-Dosage O O O O O O O O O O O O O O O O O O O O O B-Medicine I-Medicine B-Dosage I-Dosage I-Dosage O O O,Medicine,1.7597964579999823,,1006.0
"আমি বিবাহিত । আমার বয়স ২১ বছর । বিয়ে হল ১ বছর হইছে । আমি প্রেগন্যান্সির জন্য ট্রাই করতেছি । আমার পিরিয়ড মিস হইছে ১ মাস ২১ দিন । এর মধ্যে আমি একবার প্রেগন্যান্সি টেস্ট করিয়েছি কিন্তু নেগেটিভ আসছে । আমার প্রেগন্যান্সির কিছু কিছু সিনড্রোম দেখা যাচ্ছে । যেমন - মাথা ঘোরা , দুর্বল ভাব , ক্লান্তি , বমি ভাব অল্প । আমার তলপেট এবং কোমর এ ব্যাথা আছে । তলপেট এর বাম পাশে হাত দিলে শক্ত কি একটা ধরা যাচ্ছে । তলপেট ফুলে আছে অনেক । আমি কিভাবে সিউর হব আমি প্রেগন্যান্ট কিনা ? তলপেটে বাম পাশে শক্ত যে জিনিস টা ধরা যাচ্ছে এইটা কি হতে পারে ? ",O O O O O B-Age I-Age O O O O O O O O O O O O O O B-Symptom I-Symptom O O O O O O O O O O O O O O O O O O O O O O O O O O O B-Symptom I-Symptom O B-Symptom I-Symptom O B-Symptom O B-Symptom I-Symptom O O O B-Symptom I-Symptom I-Symptom I-Symptom I-Symptom O O B-Symptom I-Symptom I-Symptom I-Symptom I-Symptom I-Symptom I-Symptom O O O O O B-Symptom I-Symptom I-Symptom O O O O O O O O O O O O O O O O O O O O O O O O,O O O O B-Age I-Age I-Age O O O O O O O O B-Health_Condition O O O O O B-Symptom I-Symptom O O O O O O O O O O O B-Medical_Procedure I-Medical_Procedure O O O O O O B-Health_Condition O O B-Symptom O O O O O O O B-Symptom I-Symptom O B-Symptom I-Symptom O B-Symptom I-Symptom I-Symptom O O O B-Symptom I-Symptom O B-Symptom O B-Symptom O O O B-Symptom O O O O O O O O O O O O O O O O O O O O O O O O O O O O O O O O O O,Symptom,36.42442169399965,,1007.0
Thank you for your question . I already answered your query in your previous message . Your problem will not solve in primary treatment . you need to visit a ortho paedic specialist . Thank you . ,O O O O O O O O O O O O O O O O O O O O O O O O O O O O O O B-Specialist I-Specialist I-Specialist O O O O,O O O O O O O O O O O O O O O O O O O O O O O O O O O O O B-Specialist I-Specialist I-Specialist O O O O O,Specialist,50.18386552399989,,1008.0
Thanks for your question to daktar Bhai . It really varies . The woman whose menstruation is regular usually gets her menstruation after 6 months of child birth as the woman stops her regular breast feeding at 6 months . But if she continue her breast feeding as before then it might take long . Thanks,O O O O O O O O O O O O O O O B-Health_Condition O O O O O B-Health_Condition O O O O O O O O O O O O O O O O O O O O O O O B-Health_Condition I-Health_Condition O O O O O O O O O,O O O O O O O O O O O O O O O O O O O O O O O O O O O O O O O O O O O O O O O O O O O O O O O O O O O O O O O O,Health Condition,10.47043732200018,,1009.0
আমার স্ত্রী গর্ভবতী ৬ মাস চলতেছে তার পেট এবং সরিল পূচুর চুলকায় এটা কেন কি কারনে এমন হতে পাড়ে পরামর্শ দিবেন পিল্জ । ,O O B-Health_Condition O O O O B-Symptom I-Symptom I-Symptom I-Symptom I-Symptom O O O O O O O O O O O,O O B-Health_Condition B-Age I-Age O O B-Symptom O O O I-Symptom O O O O O O O O O O O,Health Condition,2.746961405000093,,1010.0
"আমার আম্মুর , শরির দুরবল লাগে সব সময় , , কিছু খেতে পারে না মনে হয় যে পেট ভরা আছে , পরান অস্তির লাখে সব সময় , কাজ করতে গিলে শরির দুরবল লাগে ঘুম ঘুম আসে , সমস্য কি প্লিজ বলেন",O O O B-Symptom I-Symptom O O O O O O O O O O O O O O O O O O O O O O O O O O O O O O O O O O O O,O O O B-Symptom I-Symptom I-Symptom O O O O O O O O O O O B-Symptom I-Symptom I-Symptom O B-Symptom I-Symptom I-Symptom O O O O O O B-Symptom I-Symptom I-Symptom B-Symptom I-Symptom I-Symptom O O O O O,Symptom,1.682140876000176,,1011.0
"স্যার , আমার বয়স ৩০ । কয়েকদিন ধরে আমার গলার ভিতরে বাম পাশে , মনে হচ্ছে কোন কিছু সুড়সুড়ি দিচ্ছে । অনেক সময় মনে হয় গলা দিয়ে বেড়িয়ে আসবে , কিন্তু কিছু আসছে না । শুধু সুড়সুড়ি দিচ্ছে , বড় বিরক্ত লাগতেছে । আমি ২ বেলা করে ৩ দিনে ৬ টি সোলাস ট্যাবলেট খেয়েছি , কিন্তু কোন লাভ হয় নি । ( উল্লেখ্য - আমি প্রায় ১০ বছর আগে গলাতে একটা আঘাত পেয়েছিলাম যা , অনেক দিন পরেও মাঝে মাঝে ব্যাথা করত । ) প্লিজ পরমর্শ দিলে কৃতজ্ঞ থাকব । ",O O O O B-Age O O O O B-Symptom I-Symptom I-Symptom I-Symptom I-Symptom I-Symptom I-Symptom I-Symptom I-Symptom I-Symptom I-Symptom O O O B-Symptom I-Symptom I-Symptom I-Symptom I-Symptom I-Symptom I-Symptom I-Symptom I-Symptom I-Symptom I-Symptom O B-Symptom I-Symptom I-Symptom O O O O O O B-Dosage I-Dosage I-Dosage I-Dosage I-Dosage I-Dosage I-Dosage B-Medicine I-Medicine O O O O O O O O O O O O O O O O B-Health_Condition I-Health_Condition I-Health_Condition I-Health_Condition O O O O O O O B-Symptom O O O O O O O O O,O O O O O O O O O O O O O O O O O O O O O O O O O O O O O O O O O O O O O O O O O O O O O O O O O O O O O O O O O O O O O O O O O O O O O O O O O O O O O O O O O O O O O O O O O O,Symptom,14.961217595999642,,1012.0
"গত ১০ / ৯ / ২০ থেকে আজ পর্যন্ত কোন কথা বলে না , কিছু খায়না , পেশাব পায়খানা বন্দ লোকাল MBBSডাক্তার এনে সেলাইন দিয়েছে ডায়াবেটিস পরিক্ষা করেছে৫ . ১৪ শুধু এপাশ ওপাশ ঘুরে কিছু খায় না কোন কথাও বলে না কোন সমস্যা কি আর কি করতে পারি বিস্তারিত জানালে উপকৃত হব । ",O O O O O O O O O O B-Symptom I-Symptom I-Symptom O O B-Symptom O B-Symptom I-Symptom I-Symptom O O O B-Medicine O O O O O O O O O O O B-Symptom I-Symptom O B-Symptom I-Symptom I-Symptom O O O O O O O O O O O O,O O O O O O O O O O O O O O O O O O O O O O O O O O O O O O O O O O O O O O O O O O O O O O O O O O O O O,Symptom,16.214728120000018,,1013.0
ডাক্তার ভাই কে প্রশ্ন করার জন্য ধন্যবাদ আপনি একজন Gynae specialist এর পরামর্শ নিন । ধন্যবাদ,O O O O O O O O O B-Specialist I-Specialist O O O O O,O O O O O O O O O B-Specialist I-Specialist O O O O O,Specialist,1.909134799000185,,1014.0
আমার ডান পায়ে রানের উপরে বলটার সোজা পিছনে পাচার দুই অংশের ডান পাশে 20 - 25 দিন যাবত প্রচন্ড ব্যাথা অনুভব করতেছি ওষুধ খেয়েও কোনো কাজ হচ্ছেনা ব্যথার আবার যখন শুয়ে থাকি তখন ব্যথাটা কম অনুভব হয় । আবার যখন বিছানা থেকে দাঁড়ায় থাকি তখন ব্যাথা বেশি অনুভব হয । যেসব ওষুধ খেয়েছি সেসব ওষুধের নাম 1 . Tolpa 50 2 . Etorix 90 3 . Tryptin 10 4 . Esolox 20 5 . Neurep,O O O O O O O O O O O O O O O O O O O B-Symptom O O O O O O O B-Symptom O O O O O B-Symptom O O O O O O O O O O O B-Symptom O O O O O O O O O O O O B-Medicine I-Medicine O O B-Medicine I-Medicine O O B-Medicine I-Medicine O O B-Medicine I-Medicine O O B-Medicine,O O O O O O O O O O O O O O O O O O O O O O O O O O O O O O O O O O O O O O O O O O O O O O O O O O O O O O O O O O O O O O O O O O O O O O O O O O O,Medicine,9.43215574199985,,1015.0
আমার পিঠে খিল যায় অবশ হয়ে যাচ্ছে আমার রাতে ঘুম হয়না কোন ঔষধ খেতে হবে,O B-Symptom I-Symptom I-Symptom I-Symptom I-Symptom I-Symptom O B-Symptom I-Symptom I-Symptom O O O O,O B-Symptom I-Symptom O B-Symptom O O O O B-Symptom O O B-Medicine O O,Symptom,10.800423670000328,,1016.0
"আপনাকে ধন্যবাদ প্রশ্ন করার জন্য । আপনি চোখে বেশি করে পানি দেন । চোখকে বিশ্রাম দিন । টিভি , কম্পিউটার চালাবেন না । আকুয়া ফ্রেস নাচারাল টিয়ার ব্যবহার করতে পারেন । একজন চোখের ডাক্তার কে দেখিয়ে নিন । ধন্যবাদ",O O O O O O O O O O O O O O O O O O O O O O O O O O O O O O O O B-Specialist I-Specialist O O O O O,O O O O O O O O O O O O O O O O O O O O O O O B-Medicine I-Medicine I-Medicine I-Medicine O O O O O O B-Specialist O O O O O,Specialist,17.43500456699985,,1017.0
Thanks for questioning daktarbhai . . Physically consult with a skin specialist doctor and then apply medicine . Thanks,O O O O O O O O O O B-Specialist I-Specialist O O O O O O O,O O O O O O O O O O O O O O O O O O O,Specialist,2.1117957860001297,,1018.0
ডাক্তার ভাইকে প্রশ্ন করার জন্য ধন্যবাদ । বাচ্চার ওজন কত জানান নাই । আপনি একজন অভিজ্ঞ শিশু বিশেষজ্ঞের পরামর্শ নিন দ্রুত । ধন্যবাদ,O O O O O O O O O O O O O O O O B-Specialist I-Specialist O O O O O,O O O O O O O O O O O O O O O O B-Specialist I-Specialist O O O O O,Specialist,8.179933413000072,,1019.0
"7 weeks ago I had an Open Reduction and Internal Fixation ( ORIF ) surgery on my broken tibia of right leg . A titanium rod was fixed . It is 1 . 5 months now . My doctor advised me to start walking now . But I have noticed when I walk , a very odd sound ( the sound like that - "" kut "" ) comes from the fractured place and bring a tittle pain . But this does not happen regularly . the sound does not heard regularly , may be twice in a day , sometimes it is not heard . what should I do now ? My age is 21 . ",O O O O O O B-Medical_Procedure I-Medical_Procedure I-Medical_Procedure I-Medical_Procedure I-Medical_Procedure I-Medical_Procedure I-Medical_Procedure I-Medical_Procedure I-Medical_Procedure O O B-Health_Condition I-Health_Condition I-Health_Condition I-Health_Condition I-Health_Condition O O O O O O O O O O O O O O O O O O O O O O O O O O O O O O O O O B-Symptom I-Symptom I-Symptom O O O O O O O O O O O O O B-Health_Condition O O O O B-Symptom I-Symptom O O O O O O O O O O O O O O O O O O O O O O O O O O O O O O O O O O O O O B-Age O,O O O O O O O O O O O O O O O O O O O O O O O O O O O O O O O O O O O O O O O O O O O O O O O O O O O O O O O O O O O O O O O O O O O O O O O O O O O O O O O O O O O O O O O O O O O O O O O O O O O O O O O O O O O O O O O O O O O O O,Health Condition,10.625986834000289,,1020.0
Thank you for your question . Please Visit a dentist . Thank you . ,O O O O O O O O O B-Specialist O O O O,O O O O O O O O O O O O O O,Specialist,3.172792990999824,,1021.0
"ডাক্তার ভাই কে প্রশ্ন করার জন্য ধন্যবাদ । মাসিক চলাকালীন পেটে ব্যাথার জন্য tab , Norvis 50mg 1 + 0 + 1 খেতে পারবে । ",O O O O O O O O O O O O O B-Medicine I-Medicine I-Medicine I-Medicine B-Medicine I-Medicine I-Medicine I-Medicine I-Medicine O O O,O O O O O O O O O O B-Symptom I-Symptom O B-Medicine O B-Medicine B-Dosage B-Dosage O B-Dosage O B-Dosage O O O,Medicine,3.1470717950001017,,1022.0
আপনাকে ধন্যবাদ প্রশ্ন করার জন্য । আপনার সমস্যা গুরতর । আপনি পিজি হাসপাতাল অথবা ঢাকা মেডিকেলের মেডিসিন বিভাগে দেখান । ধন্যবাদ । ,O O O O O O O O O O O O O O O O B-Specialist I-Specialist O O O O,O O O O O O O B-Symptom I-Symptom O O B-Medical_Procedure I-Medical_Procedure O B-Medical_Procedure I-Medical_Procedure B-Medical_Procedure I-Medical_Procedure O O O O,Specialist,1.9993506350001555,,1023.0
"আমার ওয়াইফ এর মাসিক নিয়মিত না . . ডাক্তার তাকে Gyane দিলে সেটা খেলে মাসিক হয় , আবার অফ করে দিলে হয় না । । তারপর আমরা ডাক্তারের কাছে বেবি নিব বললে তিনি আমার ওয়াইফকে October 20 তারিখ Orgatrill , carva এবং Seclo খেতে দেয় এবং বলে দেয় যে Orgatrill ১০ দিন খাওয়ার পর Period হলে Period এর তিন দিন থেকে অন্য ঔষধ খেতে বলে কিন্তু সমস্যা হচ্ছে আজ ১১ তারিখ , এখনো তার Period হচ্ছে না । । এখন কি করতে পারি ? ",O O O B-Symptom I-Symptom I-Symptom O O O O B-Medicine O O O O O O O O O O O O O O O O O O O O O O O O O O O B-Medicine O B-Medicine O B-Medicine O O O O O O B-Medicine O O O O O O B-Dosage I-Dosage I-Dosage I-Dosage I-Dosage I-Dosage I-Dosage O O O O O O O O O O O B-Symptom I-Symptom I-Symptom O O O O O O O,O O O B-Symptom I-Symptom O O O B-Specialist O B-Medicine O O O B-Symptom O O O O O O O O O O O O B-Specialist O O O O O O O B-Age I-Age O B-Medicine O B-Medicine O B-Medicine O O O O O O B-Medicine B-Dosage I-Dosage O O B-Symptom O B-Symptom O B-Dosage I-Dosage O O O O O O O O O O B-Age I-Age O O O B-Symptom O O O O O O O O,Medicine,6.40742049399978,,1024.0
"একজন ডা . অনলাইনে আর্টিফিশিয়াল টিয়ার ড্রপ সাজেস্ট করেছিলেন , কিন্তু ফার্মেসি তে খুজে পাচ্ছি না । ডা . এর সাথে কথা বলে বিকল্প ওষধ ও নিতে পারছি না । এটা কি আসলেই ওষুধ ? যদি তা হয়ে থাকে তবে তা কোথায় পেতে পারি ? এটা ঘুম থেকে উঠতেই চোখ ব্যথার জন্য দিয়েছিলেন । আর্টিফিশিয়াল টিয়ার ড্রপ এর বিকল্প কি নেয়া যেতে পারে ? ",O O O O O O O O O O O O O O O O O O O O O O O O O O O O O O O O O O O O O O O O O O O O O O O O O O O O O O O O O O O O O O O O,O O O O O O O O O O O O O O O O O O O O O O O O O O O O O O O O O O O O O O O O O O O O O O O O O O O O O O O O O O O O O O O O,,6.069120514999668,,1025.0
"আমার ২ - ৩ দিন হল হাত চুলকাচ্ছে , আমার এমনিতে এলার্জি প্রব্লেম আছে , কিন্তু আমি এই কইদিন কোন এলার্জি জাতীয় খাবার খাই নাই । আমার কি করা উচিত এবং আর এলার্জি জাতীয় ট্যাবলেট কি রেগুলার খাওয়া উচিত",O O O O O O B-Symptom I-Symptom O O O B-Health_Condition I-Health_Condition O O O O O O O O O O O O O O O O O O O O O O O O O O,O O O O O O O O O O O O O O O O O O O O O O O O O O O O O O O O O O O O O O O,Symptom,3.315933924000092,,1026.0
ডাক্তার ভাই কে প্রশ্ন করার জন্য ধন্যবাদ । হ্যা পুর্বের ওষুধ আর ও ৫দিন খান । ,O O O O O O O O O O O O O O O O,O O O O O O O O O O O O O O O O,,2.089751764000084,,1027.0
"Dear Dr . Bhai , My name is < NAME > working at BRAC Learning and Leadership Development program . My pin number is < NUMBER > . Caught with fever and dry cough for the last two or three days . Please help me with your kind suggestion . My mobile number is < NUMBER > . Hope for your kind advise soon . Best wishes",O O O O O O O O O O O O O O O O O O O O O O O O O O O O B-Symptom I-Symptom I-Symptom O B-Symptom I-Symptom I-Symptom I-Symptom I-Symptom I-Symptom I-Symptom I-Symptom I-Symptom O O O O O O O O O O O O O O O O O O O O O O O O O O,O O O O O O O O O O O O O O O O O O O O O O O O O O O O O B-Symptom O I-Symptom B-Symptom O O O O O O O O O O O O O O O O O O O O O O O O O O O O O O O O O O,Symptom,29.57099598699961,,1028.0
"আমার বয়স ৪১ , উচ্চতা ৫ - ৬ "" "" , ওজন ৭০ প্রায় ২ / ৩ বছর যাবৎ পায়ের গোড়ালি তে ব্যথা হয় । দুই পায়েই হয় তবে ডান পায়ে বেশি । হাটাহাটি বেশি করলে ঘুম থেকে ওঠার পরে হাটতে খুব কস্ট হয় । ১ / ২ মিনিট হাটলে আস্তে আস্তে কমে কিন্ত সারাদিনই ব্যথা থেকেই যায় । আমি তেমন কোন ঔষধ খায় নাই এজন্য । অনুগ্রহ করে আমাকে সহযোগিতা করবেন ধন্যবাদ । ",O O B-Age O O O O O O O O O O O O O O O O B-Symptom I-Symptom I-Symptom I-Symptom O O O O O O B-Symptom I-Symptom I-Symptom O O O O O O O O B-Symptom I-Symptom I-Symptom O O O O O O O O O O O B-Symptom I-Symptom I-Symptom I-Symptom O O O O O O O O O O O O O O O O,O B-Age I-Age O O O O O O O O O O O O O O O O O O B-Symptom O O O O O O O O O O O O O O O O O O O O O O O O O O O O O O O O O B-Symptom O O O O O O O O O O O O O O O O O O,Symptom,96.07572324800005,,1029.0
ডাক্তার ভাই কে প্রশ্ন করার জন্য ধন্যবাদ । ১০ গ্লাস পানি খাবেন । পর পর ৪ দিন ৪০ - ৫০ গ্রাম পেপে ভর্তা খান । তারপর কয়েকদিন বেগুন ভর্তা খান । হাল্কা ব্যায়াম করুন । ধন্যবাদ । ,O O O O O O O O O O O O O O O O O O O O O O O O O O O O O O O O O O O O O,O O O O O O O O B-Dosage I-Dosage O O O O O B-Dosage I-Dosage I-Dosage I-Dosage I-Dosage I-Dosage O O O O O O O O O O O O O O O O,,2.110724619999928,,1030.0
hi আমার মেয়ে 7 years old . 3 months before she had covid19 . After that time to time she show discomfort in breathing . today was same . along with breathing problem today she was complaining about headache and she bomit once . what should we do ? ,O O O B-Age I-Age I-Age O B-Health_Condition I-Health_Condition I-Health_Condition I-Health_Condition I-Health_Condition I-Health_Condition O B-Symptom I-Symptom I-Symptom I-Symptom I-Symptom I-Symptom I-Symptom I-Symptom I-Symptom I-Symptom I-Symptom I-Symptom I-Symptom I-Symptom O B-Symptom I-Symptom I-Symptom I-Symptom I-Symptom I-Symptom I-Symptom I-Symptom I-Symptom I-Symptom O B-Symptom I-Symptom I-Symptom O O O O O O,O O O O O O O O O O O O O O O O O O O O O O O O O O O O O O O O O O O O O O O O O O O O O O O O O,Symptom,8.835324675000265,,1031.0
ডাক্তার ভাইতে প্রশ্ন করার জন্যে আপনাকে ধন্যবাদ । আপনি Betaderm ointment দিনে ২ - ৩ বার করে মাসখানেক ব্যাবহার করে দেখতে পারেন । ,O O O O O O O O O B-Medicine I-Medicine B-Dosage I-Dosage I-Dosage I-Dosage I-Dosage I-Dosage I-Dosage O O O O O,O O O O O O O O O O O O O O O O O O O O O O O,Medicine,3.1424459119998573,,1032.0
How to remove black spots under the eyes ? Is there any cream,O O O O O O O O O O O O O,O O O O O O O O O O O O O,,2.1499520510001275,,1033.0
"আসসালামু আলাইকুম । । রোগীর গতকাল থেকে জর । । কখনো যায় কখনো আসে ৷ নাপা খেলে কমে , আবার বাড়ে । । মাথা ব্যাথা আছে । । । নাক আধা বন্ধ । । জর ১০০ - ১০১ এর মধ্যে থাকছে । । হঠাত হঠাত কাশি হচ্ছে । । । কি ওষুধ , বা কি চিকিৎসা নিবে ? ? ? । বয়স ৩৩ + ধন্যবাদ",O O O O O O O B-Health_Condition O O O O O O O B-Medicine O B-Symptom I-Symptom I-Symptom I-Symptom O O B-Symptom I-Symptom O O O O O B-Symptom O O O B-Symptom I-Symptom I-Symptom I-Symptom O O O O O B-Symptom I-Symptom I-Symptom O O O O O O O O O O O O O O O O B-Age I-Age O,O O O O O O O B-Symptom O O O O O O O B-Medicine O O O O O O O B-Symptom I-Symptom O O O O O O O O B-Symptom B-Dosage O B-Dosage O O O O O O O O B-Symptom O O O O O O B-Medicine O O B-Medical_Procedure O O O O O B-Age I-Age O O,Symptom,25.95958868900016,,1034.0
ডাক্তার ভাই কে প্রশ্ন করার জন্য ধন্যবাদ । মনে হয় বদহজম হয়েছে । গ্যাসের জন্য syp . famotack 2 চামচ করে দিনে ২বার খাওয়াবেন । আর পায়খানা যদি একদম পাতলা হয় তাহলে নরমাল স্যলাইন খাওয়াবেন । বমির জন্য কিছু লাগবে না । বদহজম ঠিক হয়ে গেলে বমি বন্ধ হয়ে যাবার কথা । ,O O O O O O O O O O O O O O O B-Medicine I-Medicine I-Medicine B-Dosage I-Dosage I-Dosage I-Dosage I-Dosage O O O O O O O O O B-Medicine I-Medicine O O O O O O O O O O O O O O O O O O,O O O O O O O O O O B-Health_Condition O O O O B-Medicine O B-Medicine B-Dosage I-Dosage O O B-Dosage O O O O O O O O O O B-Medicine O O O O O O O B-Health_Condition O O O O B-Symptom O O O O O,Medicine,2.615025820000028,,1035.0
আমার চোখ ৩ / ৪ দিন যাবত লাল হয়ে আছে । কিন্তু আমার চোখে কোনো ব্যথা নেই এবং চোখ দিয়ে পানিও পড়ে না । চোখ একটু স্বাভাবিক হয়ে আসলে যদি চোখ চুলকায় তাহলে আবার চোখ লাল হয়ে যায় । আর আমি এই কয়েক দিনে কোনো এলার্জিক খাবার খায় নি । ,O B-Symptom I-Symptom I-Symptom I-Symptom I-Symptom I-Symptom I-Symptom O O O O O O O B-Symptom O O B-Symptom I-Symptom I-Symptom I-Symptom O O O O O O O O B-Symptom I-Symptom O O B-Symptom I-Symptom I-Symptom I-Symptom O O O O O O O O O O O O,O O O O O O O B-Symptom I-Symptom I-Symptom O O O O O B-Symptom O O O O O O O O O O O O O O O O O O O B-Symptom I-Symptom I-Symptom O O O O O O O O O O O O,Symptom,6.435247271999742,,1036.0
My serum triglycerides 435 Mg / dl . It is major problem ? ,O O B-Medicine I-Medicine I-Medicine I-Medicine I-Medicine O O O O O O,O O O O O O O O O O O O O,Medicine,1.958845637000195,,1037.0
ডাক্তার ভাই এর সাথে থাকার জন্য ধন্যবাদ । সরাসরি অথবা ছবি দেখা প্রয়োজন । একজন স্কিন বিশেষজ্ঞ এর সাথে যোগাযোগ করুন । Dr < NAME > Mbbs,O O O O O O O O O O O O O O O B-Specialist I-Specialist O O O O O O O O O O,O O O O O O O O O O O O O O O O O O O O O O O O O O O,Specialist,2.581550965000133,,1038.0
ডাক্তার ভাই কে প্রশ্ন করার জন্য ধন্যবাদ । আপনি কি ঠিক দেখেসেন যে এটা ইঁদুর ছিল । রাত ১২ টা ত । যাই হোক আপনার জলাতঙ্ক র সম্ভাবনা কম । চাইলে নিতে পারেন । ধন্যবাদ । ,O O O O O O O O O O O O O O O O O O O O O O O O O B-Health_Condition O O O O O O O O O O,O O O O O O O O O O O O O O O O O O O O O O O O O O O O O O O O O O O O,Health Condition,5.492543002000275,,1039.0
"আপনাকে ধন্যবাদ প্রশ্ন করার জন্য । একশিরা রোগ পুরুষের এমন একটি সমস্যা , যাতে পুরুষের অণ্ডথলির এক দিক বা উভয় দিক ক্রমশ তরলজাতীয় পদার্থ জমা হয়ে বড় হতে থাকে । ধন্যবাদ । ",O O O O O O O O O O O O O O O O O O O O O O O O O O O O O O O O,O O O O O O O O O O O O O O O O O O O O O O O O O O O O O O O O,,2.860024379999686,,1040.0
i do workout 4 times a week for 40 mins so due to this I think my hair scalp is being oily and I saw breakouts in my hair like roughness and dryness and hairfall what can I do ? ? ? peace,O O O O O O O O O O O O O O O O O B-Symptom I-Symptom I-Symptom I-Symptom I-Symptom O O O B-Symptom I-Symptom I-Symptom I-Symptom O B-Symptom O B-Symptom O B-Symptom O O O O O O O O,O O O O O O O O O O O O O O O O O O O O O B-Symptom O O O B-Symptom O O O O B-Symptom O B-Symptom O B-Symptom O O O O O O O O,Symptom,8.188205775999904,,1041.0
"ডাক্তার ভাই কে প্রশ্ন করার জন্য ধন্যবাদ । একজন বক্ষ ব্যাধি ডাক্তার এর পরামর্শ নিন । ধন্যবাদ । প্রিয় গ্রাহক , আপনার রোগটির চিকিৎসার জন্য আরও বিস্তারিত তথ্য জানা দরকার । আপনি ডাক্তারভাই এপ্লিকেশন থেকে ' Video Call To A Doctor ' সার্ভিসটি ব্যবহার করে একজন ( * * * ) বিশেষজ্ঞ ডাক্তারের এপয়েন্টমেন্ট নিয়ে ভিডিও কল এ কথা বলতে পারেন এবং ডাক্তারএর লেখা প্রেস্ক্রিপশন আপনি আপনার এপ্লিকেশন এ পেয়ে যাবেন । আরও বিস্তারিত জানতে < NUMBER > তে কল করুন । ধন্যবাদ । ",O O O O O O O O O B-Specialist I-Specialist O O O O O O O O O O O O O O O O O O O O O O O O O O O O O O O O O O O O O O O O O O O O O O O O O O O O O O O O O O O O O O O O O O O O O O O O O,O O O O O O O O O O O O O O O O O O O O O O O O O O O O O O O O O O O O O O O O O O O O O O O O O O O O O O O O O O O O O O O O O O O O O O O O O O O O O O O O O O O O,Specialist,12.276334152000343,,1042.0
"আমি একজন ব্রাক কর্মী , আমার স্ত্রীর শরীরের তাপমাত্রা স্বাভাবিক অবস্থায় থেকে একটু বেশি থাকে ও সাথে সবসময় পেট গরম থাকে স্বাভাবিক অবস্থায় থেকে এটা কি কোন সমস্যা , নাকি এটা স্বাভাবিক । প্রায় তিন মাস হল , এখনো ওরকম কিছু খেতে পারে না খেলেই বমি আসে । করণীয় কি",O O O O O O O O O O O O O O O O O O B-Symptom I-Symptom I-Symptom O O O O O O O O O O O O O O O O O O O O O O O O B-Symptom O O O O,O O O O O O O O O O O O O O O O O O B-Symptom I-Symptom O O O O O O O O O O O O O O O O O O O O O O O O O B-Symptom O O O O,Symptom,2.625923366999814,,1043.0
"গত দুই তিন দিন ধরে আমার বাম চোখের কেমন জানি একটা আশঁ আশঁ ফিল হয় . . , , , পানির ঝাপ্টা দিলাম অনেক তাও দেখি যায় না . . এমতাবস্থায় কি করা যায় ? ",O O O O O O B-Symptom I-Symptom I-Symptom I-Symptom I-Symptom I-Symptom I-Symptom I-Symptom I-Symptom O O O O O O O O O O O O O O O O O O O O,O O O O O O O O O O O O O O O O O O O O O O O O O O O O O O O O O O O,Symptom,5.899241417999747,,1044.0
"ডাক্তার ভাই কে প্রশ্ন করার জন্য ধন্যবাদ । আপনার চোখ , দাত এবং কান কি ঠিক আছে ? আপনি cap Indomet 25 mg 1 + 0 + 1 , 5days after food , Liquid Entacid 4 spoon 6 hrly খেয়ে দেখেন । ধন্যবাদ । ",O O O O O O O O O O O O O O O O O O O B-Medicine I-Medicine I-Medicine I-Medicine B-Dosage I-Dosage I-Dosage I-Dosage I-Dosage O O O O O B-Medicine I-Medicine B-Dosage I-Dosage I-Dosage I-Dosage O O O O O,O O O O O O O O O O O O O O O O O O O O O O O O O O O O O O O O O O O O O O O O O O O O,Medicine,4.850373445000059,,1045.0
প্রশ্ন করার জন্য ধন্যবাদ । আপনার বাচ্চার কান পরীক্ষা করে দেখতে হবে যে কানে কোন ইনফেকশন আছে কিনা তাই আপনি একজন নাক কান গলা বিশেষজ্ঞ ডাক্তারের কাছে আপনার বাচ্চাকে দেখান এবং তার পরামর্শ অনুযায়ী চিকিৎসা নেন । ধন্যবাদ । ,O O O O O O O B-Medical_Procedure I-Medical_Procedure O O O O O O O O O O O O B-Specialist I-Specialist I-Specialist I-Specialist O O O O O O O O O O O O O O,O O O O O O O B-Medical_Procedure I-Medical_Procedure O O O O O O B-Health_Condition O O O O O B-Medical_Procedure I-Medical_Procedure I-Medical_Procedure B-Specialist I-Specialist O O O O O O O O O B-Health_Condition O O O,Medical Procedure,7.872708820999833,,1046.0
"Thanks for your question . Eat timely , sleep adequately , Eat less spicy foods , avoid deep fried oily foods , drink plenty of water . don ' t skip meal . take finix 20mg twice . Thanks",O O O O O O O O O O O O O O O O O O O O O O O O O O O O O O O O O O B-Medicine I-Medicine B-Dosage O O,O O O O O O O O O O O O O O O O O O O O O O O O O O O O O O O B-Medicine B-Dosage O O O O O O,Medicine,3.7698853350002537,,1047.0
"আপনাকে ধন্যবাদ প্রশ্ন করার জন্য । বিশেষজ্ঞের পরাএই ধরনের Extreme ডায়েট কন্ট্রোল করা উচিত না । Tab . Paracetamol 500mg খেতে দিন খাবার পরে । Tab . Pantonix 20mg খাবার আগে খেতে দিন । একটি Full Diet খেতে বলুন । প্রিয় গ্রাহক , আপনি ডাক্তারভাই এপ্লিকেশন থেকে ' Video Call To A Doctor ' সার্ভিসটি ব্যবহার করে একজন বিশেষজ্ঞ ডাক্তারের এপয়েন্টমেন্ট নিয়ে ভিডিও কল এ কথা বলতে পারেন এবং ডাক্তার এর লেখা প্রেস্ক্রিপশন আপনি আপনার এপ্লিকেশন এ পেয়ে যাবেন । আরও বিস্তারিত জানতে < NUMBER > তে কল করুন । ধন্যবাদ । ",O O O O O O O O O O O O O O O O B-Medicine I-Medicine I-Medicine I-Medicine O O O O O B-Medicine I-Medicine I-Medicine I-Medicine O O O O O O O O O O O O O O O O O O O O O O O O O O O O O O O O O O O O O O O O O O O O O O O O O O O O O O O O O O O O O O O,O O O O O O O O O B-Symptom I-Symptom I-Symptom O O O O O O B-Medicine B-Dosage O O O O O O O B-Medicine B-Dosage O O O O O O B-Health_Condition I-Health_Condition O O O O O O O O O O O O O O O O O O O O O O O O O O O O O O O O O O O O O O O O O O O O O O O O O O O O O O O,Medicine,6.409021940999992,,1048.0
"Thank you for your question . Follow A Proper Diet Chart , You can also Consult with a Nutritionist , Exercise Daily . Thank you . ",O O O O O O O O O O O O O O O O O O B-Specialist O O O O O O O,O O O O O O O O O O O O O O O O O B-Specialist O O O O O O O O,Specialist,1.8653783449999537,,1049.0
প্রশ্ন করার জন্য ধন্যবাদ । আপনি syp Mucolyt . . . দুই চামচ করে দিনে তিনবার ৭ দিন খাবেন । এরপর কোন সমস্যা থাকলে একজন ডাক্তারের সাথে সরাসরি ভাবে কথা বলবেন । ধন্যবাদ । ,O O O O O O B-Medicine I-Medicine O O O B-Dosage I-Dosage I-Dosage I-Dosage I-Dosage O O O O O O O O O B-Specialist O O O O O O O O,O O O O O O O O O O O O O O O O O O O O O O O O O O O O O O O O O O,Medicine,5.090692285999921,,1050.0
"আমার মেয়ের বয়স ২৫ মাস ওজন ১২ . ৫ কেজি ওর গত ৩ দিন থেকে জ্বর , কাশি নাপা ও লিভোস্টার খাওয়াচ্ছি । জ্বর কমে আবার বারে এমনকি ১০৪ পর্যন্ত উঠে যায় । আমাকে পরামর্শ করবেন কি করতে পারি এখন ? ",O O O B-Age I-Age O O O O O O B-Symptom I-Symptom I-Symptom I-Symptom I-Symptom I-Symptom I-Symptom B-Medicine O B-Medicine O O B-Symptom I-Symptom I-Symptom I-Symptom I-Symptom I-Symptom I-Symptom I-Symptom I-Symptom O O O O O O O O O,O O O B-Age I-Age O O O O O O O O O O B-Symptom O B-Symptom B-Medicine O B-Medicine O O B-Symptom O O O O O O O O O O O O O O O O O,Symptom,2.4989188059998924,,1051.0
আপনাকে ধন্যবাদ প্রশ্ন করার জন্য । যেহেতু আপনার সমস্যা সমাধান হয় নাই তাই এখন ডাক্তার কে দেখিয়ে নিতে হবে । সিরাপ এন্টাসিড প্লাস প্রয়োজন এ খাবার পরে দুই চামচ খেতে পারেন । ধন্যবাদ । ,O O O O O O O O O O O O O O O O O O O O B-Medicine I-Medicine I-Medicine O O B-Dosage I-Dosage I-Dosage I-Dosage O O O O O,O O O O O O O O B-Symptom O O O O O B-Specialist O O O O O B-Medicine I-Medicine I-Medicine O O O O B-Dosage I-Dosage O O O O O,Medicine,5.297627497999656,,1052.0
ধন্যবাদ আপনাকে প্রশ্ন করার জন্য । আপনি চোখের পাওয়ার পরীক্ষা করেন । এছাড়া ছানি পড়েছে কিনা তাও দেখা দরকার । ড্রপগুলো বন্ধ রাখেন আপাতত । ধন্যবাদ,O O O O O O O B-Medical_Procedure I-Medical_Procedure I-Medical_Procedure O O O B-Health_Condition I-Health_Condition O O O O O O O O O O O,O O O O O O O O O O O O O B-Health_Condition I-Health_Condition O O O O O B-Medicine O O O O O,Medical Procedure,3.639116574000127,,1053.0
"Sir , Amr 7 busor agge tifoyed jor hoiye silo . Sir sei jore amr mather maj khane chol kome geasilo . Ekhono ta agger muto hoi ni r chol patla patla othe . Sir ekn ami judi chol chasi tahole ki chol valovabe gujabe . ",O O O O O O O O O O O O O B-Symptom I-Symptom I-Symptom I-Symptom I-Symptom I-Symptom I-Symptom I-Symptom O O O O O O O O B-Symptom I-Symptom I-Symptom O O O O O O O O O O O O O O,O O O B-Age I-Age O B-Symptom I-Symptom O O O O O O O O O O B-Symptom I-Symptom O O O O O O O O O O B-Symptom I-Symptom I-Symptom O O O O O O O O O O O O O,Symptom,4.039462262000143,,1054.0
"আপনার প্রশ্নের জন্য ধন্যবাদ । দুইটি বাথরুম সম্পন্ন বাসা নিতে পারলে ভাল হয় । নাহলে বাথ্রুমে ঢুকেই ফ্লোর সেভলন দিয়ে পরিষ্কার করতে হবে । এছাড়া বালতি , মগ , বেসিন , কল প্রতিবার পরিষ্কার করতে হবে জীবানুনাশক দিয়ে । একই সাবান ব্যবহার করা যাবেনা । ধন্যবাদ",O O O O O O O O O O O O O O O O O O O O O O O O O O O O O O O O O O O O O O O O O O O O O O,O O O O O O O O O O O O O O O O O O O O O O O O O O O O O O O O O O O O O O O O O O O O O O,,6.442529518999891,,1055.0
Amar Meyer age 15 month . o problem hocche o Shara din Raat miliye matro 7 / 8 hours ghumay . Ami sob type we process e try korchi but kono result pacchi na . khabar routine change korechi . room soundless korechi khabar change korechi almost onk Kichu e try korechi . ekhn ki korbo Ami ? should I go for any supplements or not ? ,O O O B-Age I-Age O O O O O B-Symptom I-Symptom I-Symptom I-Symptom I-Symptom I-Symptom I-Symptom I-Symptom I-Symptom I-Symptom O O O O O O O O O O O O O O O O O O O O O O O O O O O O O O O O O O O O O O O O O O O O O O O,O O O B-Age I-Age O O B-Symptom O O I-Symptom I-Symptom I-Symptom I-Symptom O B-Age O I-Age O O O O O O O O O O O O O O O O O O O O O O O O O O O O O O O O O O O O O O O O O O O O O O O O O,Age,3.2210920079996868,,1056.0
আপনাকে ধন্যবাদ প্রশ্ন করার জন্য । খাবার কে সুস্বাদু করুন । বিভিন্ন রং এর সবজি দিয়ে খাবার কে Colorful ও Interesting করুন । খাবার সময় বাচ্চাকে টিভি অথবা মোবাইল দিবেন না । ধন্যবাদ । ,O O O O O O O O O O O O O O O O O O O O O O O O O O O O O O O O O O,O O O O O O O O O O O O O O O O O O O O O O O O O O O O O O O O O O,,0.9816689450003652,,1057.0
আপনাকে ধন্যবাদ প্রশ্ন করার জন্য । আপনি ট্যাবলেট নাপা এক্সটেন্ড একটা করে দুই বেলা খান । বিশ্রাম নিন । দুপুরে ভাল করে খাওয়া দাওয়া করুন । ধন্যবাদ । ,O O O O O O O B-Medicine I-Medicine I-Medicine B-Dosage I-Dosage I-Dosage I-Dosage O O O O O O O O O O O O O O,O O O O O O O O O O O O O O O O O O O O O O O O O O O O,Medicine,4.054343319000054,,1058.0
আপনাকে ধন্যবাদ প্রশ্ন করার জন্য । আপনি ট্যাবলেট এলাট্রল রাতে একটা করে খেতে পারেন । একজন মেডিসিন ডাক্তারের পরামর্শ নিতে পারেন । ধন্যবাদ,O O O O O O O B-Medicine I-Medicine B-Dosage I-Dosage O O O O O B-Specialist I-Specialist O O O O O,O O O O O O O O B-Medicine O B-Dosage I-Dosage O O O O B-Specialist I-Specialist O O O O O,Medicine,1.40104677599993,,1059.0
আপনাকে ধন্যবাদ প্রশ্ন করার জন্য । কি ধরনের সমস্যা ? আপনি এই App এর ' Video Call To a Doctor ' সুবিধার মাধ্যমে একজন গাইনী বিশেষজ্ঞের সাথে যোগাযোগ করুন । আপনার সমস্যার সমাধানের পর প্রেসক্রিপশন আপনাকে পৌছে দেয়া হবে । ধন্যবাদ । ,O O O O O O O O O O O O O O O O O O O O O O O O B-Specialist I-Specialist O O O O O O O O O O O O O O O O,O O O O O O O O B-Symptom O O O O O O O O O O O O O O O B-Specialist I-Specialist O O O O O B-Symptom O O O B-Medicine O O O O O O,Specialist,4.450856665999709,,1060.0
"আপনাকে ধন্যবাদ প্রশ্ন করার জন্য । Hexitane Cream লাগান আক্রান্ত স্থানে দিনে ২ বার , Oralis Cavicare mouthwash দিয়ে মাউথওয়াশ করুন দিনে দুইবার । ধন্যবাদ । ",O O O O O O B-Medicine I-Medicine O O O B-Dosage I-Dosage I-Dosage O B-Medicine I-Medicine I-Medicine O O O O O O O O,O O O O O O O O O O O O O O O O O O O O O O O O O O,Medicine,4.615242709000086,,1061.0
"আমার আজ ৪ / ৫ দিন ধরে জ্বর । শুরুতে শরীর ব্যাথা + হালকা ঠাণ্ডা ছিলো , তবে এখন ব্যাথা আর ঠাণ্ডা নাই । কিন্তু জ্বর ভালো হচ্ছে না , ফার্মেসী থেকে Ace XR , Apeclo , Fexo tab 120 খাচ্ছি । ঔষধ খাইলে ভালো থাকে , একবেলা না খাইলেই জ্বর জ্বর লাগে । এই অবস্থায় কি করতে পারি ? ? ? ",O O O O O O O B-Symptom O O B-Symptom I-Symptom O O B-Symptom O O O O B-Symptom O B-Symptom O O O B-Symptom O O O O O O B-Medicine I-Medicine O B-Medicine O B-Medicine I-Medicine I-Medicine O O O O O O O O O O B-Symptom I-Symptom I-Symptom O O O O O O O O O,O O O O O O O B-Symptom O O O B-Symptom O O I-Symptom O O O O B-Symptom O I-Symptom O O O B-Symptom O O O O O O B-Medicine I-Medicine O B-Medicine O B-Medicine I-Medicine I-Medicine O O O O O O O O O O O B-Symptom I-Symptom O O O O O O O O O,Symptom,12.772521835000134,,1062.0
আপনাকে ধন্যবাদ প্রশ্ন করার জন্য । আপনার কিছু পরিক্ষা করা প্রয়োজন । একজন মেডিসিন বিশেষজ্ঞ কে দেখান । ধন্যবাদ,O O O O O O O O O O O O O B-Specialist I-Specialist O O O O,O O O O O O O O B-Medical_Procedure O O O O B-Specialist I-Specialist O O O O,Specialist,58.916761638000025,,1063.0
"is maleria vaccine available in Bangladesh , and where ? ",O B-Medicine I-Medicine O O O O O O O,O B-Health_Condition I-Health_Condition O O O O O O O,Medicine,1.6721678169997176,,1064.0
আমার বাম চোখের মনির পাশে ছোট একটা কালো দাগের মত আছে । চোখে দেখতে কিংবা অন্য কোনো সমস্যা এটার জন্য ফেইস করিনা । এটার জন্য কি ডাক্তার দেখানো প্রয়োজন হতে পারে ? ,O B-Symptom I-Symptom I-Symptom I-Symptom I-Symptom I-Symptom I-Symptom I-Symptom I-Symptom O O O O O O O O O O O O O O O O O O O O O O,O O O O O O O O B-Symptom I-Symptom O O O O O O O O O O O O O O O O B-Specialist O O O O O,Symptom,2.881813844999669,,1065.0
"৭‌দিন ধ‌রে জ্বর , মাথা ব্যাথা , কিছু খে‌তে ইচ্ছে ক‌রে না , হাত পা ব্যাথা",O O B-Symptom O B-Symptom I-Symptom O B-Symptom I-Symptom I-Symptom I-Symptom I-Symptom O B-Symptom I-Symptom I-Symptom,O O O O O O O O O O O O O O O O,Symptom,2.642425409000225,,1066.0
ডাক্তার ভাইতে প্রশ্ন করার জন্যে আপনাকে ধন্যবাদ । আপনি Tab - Fexo 120 mg 0 + 0 + 1 7 din Tab - Bukof 1 + 0 + 1 7 din খেতে পারেন । ,O O O O O O O O O B-Medicine I-Medicine I-Medicine I-Medicine I-Medicine B-Dosage I-Dosage I-Dosage I-Dosage I-Dosage I-Dosage I-Dosage B-Medicine I-Medicine I-Medicine B-Dosage I-Dosage I-Dosage I-Dosage I-Dosage I-Dosage I-Dosage O O O,O O O O O O O O O B-Medicine O I-Medicine B-Dosage I-Dosage I-Dosage I-Dosage I-Dosage I-Dosage I-Dosage I-Dosage I-Dosage B-Medicine O I-Medicine B-Dosage I-Dosage I-Dosage I-Dosage I-Dosage I-Dosage I-Dosage O O O,Medicine,2.031825490000301,,1067.0
"কানে দুল পরলেই কানে চুলকায় আর পানি জাতীয় কিছু বের হয় , , কানে দুল পরার ছিদ্রে চুলকাতে চুলতাকে ঘা ও হয়ে যায় , , সলুশন কি ? ",O O O O B-Symptom O B-Symptom I-Symptom I-Symptom I-Symptom I-Symptom O O O O O O B-Symptom I-Symptom I-Symptom I-Symptom I-Symptom I-Symptom O O O O O,O O O O B-Symptom O O O O O O O O O O O O I-Symptom I-Symptom B-Symptom O O O O O O O O,Symptom,1.0585592450001968,,1068.0
আপনাকে ধন্যবাদ প্রশ্ন করার জন্য । আপনি এ খেত্রে পিজি হাসপাতাল এ চর্ম বিভাগে যোগাযোগ করতে পারেন । চর্ম রোগ না দেখে বোঝা যাচ্ছে না । ধন্যবাদ । ,O O O O O O O O O O O O O O O O O O B-Health_Condition I-Health_Condition O O O O O O O O,O O O O O O O O O B-Medical_Procedure I-Medical_Procedure O B-Specialist I-Specialist O O O O B-Symptom I-Symptom O O O O O O O O,Health Condition,1.6346290999999835,,1069.0
"ধন্যবাদ আপনার প্রশ্নের জন্য । আপনি টক ফল , সিভিট খান । রুচি বাড়বে । অনেক ওষুধের সাইড এফেক্টে মুখ তেতো হয়ে থাকে । ধন্যবাদ",O O O O O O O O O O O O O O O O O O O O O O O O O,O O O O O O O O O O O O O O O O O O O O O O O O O,,2.4680925909997318,,1070.0
"গ্রামের বাড়ির আশেপাশে বর্ষাকালে জন্মানো বিষাক্ত আগাছা নামটা শিউর জানি না , সেটা আমার আম্মু ভুল করে তুলতে গিয়ে হাতে পাতা লেগে আজকে চারদিন হল হাতে প্রচুর চুলকানো হচ্ছে , চুলকানো তে হাতের চামড়াও উঠে যাচ্ছে , কি ব্যবস্থা নেব ? ",O O O O O O O O O O O O O O O O O O O O O O O O O O O B-Symptom O O O O B-Symptom I-Symptom I-Symptom I-Symptom O O O O O,O O O O O O O O O O O O O O O O O O O O O O O O O O O O O O O O O O O O O O O O O,Symptom,5.896840934000011,,1071.0
আমার ছেলের বয়স ১০ মাস । গত কয়েক দিন যাবত তার পায়খানা খুব কশা হচ্ছে । কিভাবে এই সমস্যার সমাধান করা যায় । ,O O O B-Age I-Age O B-Symptom I-Symptom I-Symptom I-Symptom I-Symptom I-Symptom I-Symptom I-Symptom I-Symptom O O O O O O O O,O O O O O O O O O O O O O O O O O O O O O O O,Age,3.073715134999929,,1072.0
boyes 26 sokal theke gola betha ar puro sorir betha ? ,O B-Age B-Symptom I-Symptom I-Symptom I-Symptom I-Symptom I-Symptom I-Symptom I-Symptom O,O O O O O O O O O O O,Age,1.6004427390003002,,1073.0
"Thanks for questioning to daktervai . At first you have to exercise 2 times in a day . Maintaining diet chart after visiting a nutritionist . Your weight is very high , that will destroy your body in several aspects . Please consult with a Endocrinologist physically . It will help you to get your appropriate solutions . ",O O O O O O O O O O O O O O O O O O O O O O O O B-Specialist O O O O O O O O O O O O O O O O O O O O B-Specialist O O O O O O O O O O O O,O O O O O O O O O O O O O O O O O O O O O O O O O O O O O O O O O O O O O O O O O O O O O O O O O O O O O O O O O O,Specialist,4.223470921999706,,1074.0
আমার ৯ মাস চলছে শুনেছি এ সময় বাচচারা হেচকি দেয় এটা কি সত্যি ? ? আমার পেটে কিছুক্ষণ পর পর কেমন বারি খায় । । কিনতু বাচচা তখন নরাচরা অবস্থায় থাকে না । । ,O O O O O O O O B-Symptom O O O O O O O B-Symptom I-Symptom I-Symptom I-Symptom I-Symptom I-Symptom I-Symptom O O O O O O O O O O O,O B-Age I-Age O O O O O B-Symptom I-Symptom O O O O O O O B-Symptom O O O O O O O O O O O O O O O O,Symptom,2.9862267180001254,,1075.0
আমি গত তিন মাস ধরে HBsAg positive জনতে পেরেছি । আমার রিপট Serum bilirubin ( 0 . 27mg / dl ) serum ALT ( 95u / l ) serum ATS ( 57u / l ) serum Alkaine phosphatase ( 85u / l ) HBsAg ( 2350 ) এখন আমার করনিয় কি,O O O O O B-Health_Condition I-Health_Condition O O O O O O O O O O O O O O O O O O O O O O O O O O O O O O O O O O O O O O O O O O O O,O O O O O O O O O O O O O O O O O O O O O O O O O O O O O O O O O O O O O O O O O O O O O O O O O O O,Health Condition,5.192825597000137,,1076.0
"sir , I am having medium weight about 73 kgs . I am doing exercise in gym regularly . but weight is not loosing comparatively because of proper diet plan . you know it is quiet impossible if your mother is blind about your weight . I need a diet plan . specially for dinning . please do help sir . ",O O O O O O O O O O O O O O O O O O O O O O O O O O O O O O O O O O O O O O O O O O O O O O O O O O O O O O O O O O O O O,O O O O O O O O O O O O O O O O O O O O O O O O O O O O O O O O O O O O O O O O O O O O O O O O O O O O O O O O O O O O O,,2.5091407780000736,,1077.0
আপনাকে ধন্যবাদ প্রশ্ন করার জন্য । আপনি একজন ইউরোলোজিস্ট কে দেখান । ডায়াবেটিস পরীক্ষা করান । হস্তমৈথুনের অভ্যাস বাদ দিন । ধন্যবাদ,O O O O O O O O B-Specialist O O O B-Medical_Procedure I-Medical_Procedure O O O O O O O O,O O O O O O O O O O O O O O O O O O O O O O,Specialist,3.032153460000245,,1078.0
"আপনাকে ধন্যবাদ প্রশ্ন করার জন্য । এটা এক ধরনের বিশেষ চিকিৎসা যা মোম , প্যারাফিন দিয়ে তৈরি করে ব্যাথা বা স্টিফ জায়গায় মেশিনের সাহায্য এ দেয়া হয় । ধন্যবাদ । ",O O O O O O O O O O O O O O O O O O O O O O O O O O O O O O,O O O O O O O O O O O O O O O O O O O O O O O O O O O O O O,,5.030507319000208,,1079.0
Thank you for your question This is self resolving . Please consult with an ophthalmologist and act accordingly . You can use warm compress . Thank you,O O O O O O O O O O O O O O B-Specialist O O O O O O O O O O O O,O O O O O O O O O O O O O O B-Specialist O O O O O O O O O O O O,Specialist,2.188873360999878,,1080.0
Thank you for your question If you are having diarrhea then take 2tab . zimax500 now then 1tab . zimax for 5days Take oral redrydrating saline also by mixing 1packet with 500ml water . Avoid spicy food . Take cap . Seclo 20mg 1 + 0 + 1 before meal for 5days . If pain persists please visit a medicine specialist and act accordingly . Thank you,O O O O O O O O O O O O B-Medicine I-Medicine I-Medicine O O B-Medicine I-Medicine I-Medicine O O O B-Medicine I-Medicine I-Medicine O O O B-Dosage O O O O O O O O O B-Medicine I-Medicine I-Medicine I-Medicine B-Medicine I-Medicine I-Medicine I-Medicine I-Medicine I-Medicine I-Medicine O O O O O O O O O B-Specialist I-Specialist O O O O O O,O O O O O O O O O O O O O O O O O O O O O O O O O O O O O O O O O O O O O O O O O O O O O O O O O O O O O O O O O O O O O O O O O O O,Medicine,4.978905228999793,,1081.0
প্রশ্ন করার জন্য ধন্যবাদ । আপনার বাচ্চাকে একজন শিশু বিশেষজ্ঞ ডাক্তার দেখান । বাচ্চাকে সরাসরিভাবে দেখে চিকিৎসা দিতে হবে । ধন্যবাদ । ,O O O O O O O O B-Specialist I-Specialist O O O O O O O O O O O O,O O O O O O O O B-Specialist I-Specialist I-Specialist O O O O O O O O O O O,Specialist,2.46354088399994,,1082.0
গ্রাহক ডাক্তার ভাইকে প্রশ্ন করার জন্য আপনাকে ধন্যবাদ । আপনার মেডিসিন ঠিক আছে এতে উদ্বিগ্ন হওয়ার কিছু নেই । এই মেডিসিন খাওয়াতে আপনার যদি কোন ধরনের কোন সমস্যা হয় তাহলে আপনাকে এই মেডিসিন যে ডাক্তার দিয়েছেন তার সাথে পরবর্তী ফলো আপের জন্য আবার সাক্ষাৎ করুন । ধন্যবাদ । ,O O O O O O O O O O O O O O O O O O O O O O O O O O O O O O O O O O O O O O O O O O O O O O O O,O O O O O O O O O O B-Medicine O O O O O O O O O B-Medicine O O O O O O B-Symptom O O O O B-Medicine O O O O O O O O O O O O O O O,,23.35891968299984,,1083.0
kcudin age akta problem e doctorer kace gele uni blood tester jonne bolen . . blood near por deklam blood kcuta black clr . . test e doctor bolcilo sob ok . tar kcudin por akjon k blood dear jonne abaro blood ney . tokhn deklam injection er vitor blood akdom black cloor er . . eta ki kno problem jodi bolten tension komto . . . . ,O O O O O O O O O B-Medical_Procedure I-Medical_Procedure O O O O O O O O O O O O O O O O O O O O O O O O O O B-Symptom I-Symptom I-Symptom I-Symptom I-Symptom I-Symptom I-Symptom I-Symptom I-Symptom I-Symptom I-Symptom I-Symptom I-Symptom I-Symptom I-Symptom I-Symptom I-Symptom I-Symptom O O O O O O O O O O O O O,O O O O O O O O O O O O O O O O O O O O O O O O O O O O O O O O O O O O O O O O O O O O O O O O O O O O O O O O O O O O O O O O O O O O,Medical Procedure,7.289487112999723,,1084.0
"ডাক্তার ভাই কে প্রশ্ন করার জন্য ধন্যবাদ ভিটামিন মিনারেলস এর অভাবে অথবা ডায়াবেটিকস এর জন্য এমন হতে পারেএই অবস্হায় সরাসরি না দেখে এবং পরীক্ষা না করে ঔষধ দেওয়া ঠিক হবেনা , এতে সমস্যা আরও বাড়তে পারে আপনি একজন Medicine specialist এর পরামর্শ নিন ধন্যবাদ",O O O O O O O B-Medicine B-Medicine O O O B-Health_Condition O O O O O O O O O O B-Medical_Procedure O O O O O O O O O O O O O O B-Specialist I-Specialist O O O O,O O O O O O O B-Medicine I-Medicine O O O B-Health_Condition O O O O O O O O O O B-Medical_Procedure O O O B-Medicine O O O O O B-Symptom O O O O O O B-Specialist I-Specialist O O,Medicine,1.569153389999883,,1085.0
ডাক্তার ভাই কে প্রশ্ন করার জন্য ধন্যবাদ । কিছু মেডিসিন নাকের ড্রপ এর সাথে দিলে সমস্যা করে । cardiologist এর সাথে কথা বলে নেন । ধন্যবাদ । ,O O O O O O O O O O B-Medicine I-Medicine O O O O O O B-Specialist O O O O O O O O,O O O O O O O O O B-Medicine I-Medicine I-Medicine I-Medicine O O B-Symptom O O B-Specialist O O O O O O O O,Medicine,1.263437422000152,,1086.0
আমার পা ব্যাথা করে প্রায় নিয়মিত । হাটুর জোড়ায় জোড়ায় ব্যাথা করে । এই বয়সেই এমন কেনো হচ্ছে ? ? ? ? এক্ষেত্রে কি করনীয় ? ? ? ? ,O B-Symptom I-Symptom O O O O B-Symptom I-Symptom I-Symptom I-Symptom O O O O O O O O O O O O O O O O O O,O O O O O O O O O O O O O O O O O O O O O O O O O O O O O,Symptom,4.715206092000244,,1087.0
"হঠাৎ আমরা শরীলের পচুর ব্যাথা মাজা টাটানো এবংপচুর মাথা ধরেছে , তাছাড়াও আমার ঘুম নিয়মিত হয় না , আজকে আমি এইস প্লাস প্যারসিটামল খেয়েছি এখন কি করোনিও । ",O O B-Symptom I-Symptom I-Symptom B-Symptom I-Symptom B-Symptom I-Symptom I-Symptom O O O B-Symptom I-Symptom I-Symptom I-Symptom O O O B-Medicine I-Medicine I-Medicine O O O O O,O O O O B-Symptom I-Symptom I-Symptom O B-Symptom I-Symptom O O O O O O O O O O B-Medicine O B-Medicine O O O O O,Symptom,2.965835982000044,,1088.0
স্যার আমার গত কয়কদিন ধরে পায়খনা কষা হচ্ছে । এখন সমাধান কি ? ? ? ,O O O O O B-Symptom I-Symptom O O O O O O O O,O O O O O O O O O O O O O O O,Symptom,2.054721965000226,,1089.0
ডাক্তার ভাই কে প্রশ্ন করার জন্য ধন্যবাদ । ঠান্ডার জন্য Tab Fexo 120 এবং Tab M - last প্রতিদিন রাতে ১ টা করে খেতে পারেন আপনি সরাসরি একজন Medicine specialist এর পরামর্শ নিন ধন্যবাদ,O O O O O O O O O O B-Medicine I-Medicine I-Medicine O B-Medicine I-Medicine I-Medicine I-Medicine B-Dosage I-Dosage I-Dosage I-Dosage O O O O O O B-Specialist I-Specialist O O O O,O O O O O O O O O O O O O O O O O O O O O O O O O O O O O O O O O O,Medicine,6.543699878999632,,1090.0
Please suggest a good medicine specialist for video call regarding my high cholesterol and Triglycerides . ,O O O O B-Specialist I-Specialist O O O O O B-Health_Condition I-Health_Condition O B-Health_Condition O,O O O O O O O O O O O O O O O O,Health Condition,2.622385309000037,,1091.0
ডাক্তার ভাই কে প্রশ্ন করার জন্য ধন্যবাদ রাতে ১ টা করে Tab Bextram Silver খাওয়াতে পারেন । আপনি একজন Medicine specialist এর পরামর্শ নিতে পারেন । ধন্যবাদ,O O O O O O O B-Dosage I-Dosage I-Dosage O B-Medicine I-Medicine I-Medicine O O O O O B-Specialist I-Specialist O O O O O O,O O O O O O O O O O O O O O O O O O O O O O O O O O O,Dosage,3.3807817239999167,,1092.0
Thank you for asking your question to daktarbhai . Apnar TT vaccine abar 1st dose theke start korte hobe . ,O O O O O O O O O O B-Medicine I-Medicine O B-Dosage I-Dosage O O O O O,O O O O O O O O O O B-Medicine I-Medicine O B-Dosage I-Dosage O O O O O,Medicine,3.2767166270000416,,1093.0
"Dear Sir , I have been under severe pressure of work lately driving my bike 5 / 6 hours daily for over a few weeks . My entire body is hurting very bad specially my back is aching and all my muscles are in pain . What do i do . . ? ",O O O O O O O O O O O O O O O O O O O O O O O O O O O B-Symptom I-Symptom I-Symptom I-Symptom O O O O B-Symptom I-Symptom I-Symptom O O O B-Symptom I-Symptom I-Symptom I-Symptom O O O O O O O O,O O O O O O O O O O O O O O O O O O O O O O O O O O O O O O B-Symptom I-Symptom O O O B-Symptom O I-Symptom O O O O O O B-Symptom O O O O O O O O,Symptom,1.6170496370000365,,1094.0
"আজকে দুই মাস যাবত কাশি , এবং একটু ঠান্ডা লাগলে হাছি হয় ও নাক দিয়া পানি পরে । প্রথেম কাশির সাথে অনেক কপ বের হতো এখন কাশির সাথে কপ কম বের হয় । বতর্মানে কাশিটা সন্ধ্যায় এরং সকালে বেশি হয় । ",O O O O B-Symptom O O O B-Symptom O O O O B-Symptom I-Symptom I-Symptom O O O B-Symptom O O B-Symptom I-Symptom I-Symptom O B-Symptom O O O O O O O B-Symptom O O O O O O,O O O O O O O O O O O O O O O O O O O O O O O O O O O O O O O O O O O O O O O O O,Symptom,3.29058968199979,,1095.0
"1 . Injury to scotrum 2 . Inflammation to scotrum 3 . Infections Also many other causes are there . You need to consult with surgery specialist , for evaluation and treatment . Thanks . ",O O O O O O O O O O O O O O O O O O O O O O O O O B-Specialist I-Specialist O O O O O O O O,O O O O O O O O O O O O O O O O O O O O O O O O O O O O O O O O O O O,Specialist,7.708609675999924,,1096.0
Amar Wife ar 2 bochor hoyeche cigare baccha hoy . abong porerdin mara Jay . ekhon somossa hocche goto 7 mas Dore pregnant thakche na mashik hoye jacche . ei aboshtay ki korte pari ? Janale Khushi hobo,O O O O O O O O O O O O O O O O O O O O O O B-Symptom I-Symptom I-Symptom I-Symptom I-Symptom I-Symptom O O O O O O O O O O,O O O B-Age I-Age O O O O O O O O O O O B-Health_Condition O O B-Age I-Age O O O O O O O O O O O O O O O O O,Symptom,1.9461699230000704,,1097.0
আপনাকে ধন্যবাদ প্রশ্ন করার জন্য । আপনার কিছুটা উপকারে আসতে পারে । দিতে পারেন । একজন নাক কান গলা অথবা রেস্পিরেটরি বিশেষজ্ঞ কে দেখান । ধন্যবাদ । ,O O O O O O O O O O O O O O O O B-Specialist I-Specialist I-Specialist O B-Specialist I-Specialist O O O O O,O O O O O O O O O O O O O O O O B-Medical_Procedure I-Medical_Procedure I-Medical_Procedure O I-Medical_Procedure B-Specialist O O O O O,Specialist,11.634524888000216,,1098.0
"আপনাকে ধন্যবাদ প্রশ্ন করার জন্য । দীর্ঘ সময় বসে থাকবেন না , অতিরিক্ত ওজন কমাবেন , হাটা - চলা , ব্যায়াম করবেন । ধন্যবাদ । ",O O O O O O O O O O O O O O O O O O O O O O O O O,O O O O O O O O O O O O O O O O O O O O O O O O O,,6.611196597000344,,1099.0
আপনাকে ধন্যবাদ প্রশ্ন করার জন্য । সিরাপ সোলাস দিনে দুইবার এক চামচ করে খাওয়াতে পারেন তিন দিন । ধন্যবাদ,O O O O O O B-Medicine I-Medicine B-Dosage I-Dosage I-Dosage I-Dosage O O O O O O O,O O O O O O O O O O O O O O O O O O O,Medicine,2.28238228500004,,1100.0
ডাক্তার ভাই কে প্রশ্ন করার জন্য ধন্যবাদ । জর ১০৩ র উপরে হলে নাপা suppository নিবেন । আর জর ১০১ হলে নাপা ট্যাব খাবেন । বেশি জর থাকলে গোসল করে নিবেন । মাথা ওয়াশ করবেন । ধন্যবাদ । ,O O O O O O O O B-Symptom I-Symptom O O O B-Medicine I-Medicine O O O B-Symptom I-Symptom O B-Medicine I-Medicine O O O B-Symptom O O O O O O O O O O O,O O O O O O O O O O O O O O O O O O O O O O O O O O O O O O O O O O O O O O,Symptom,4.990261495000141,,1101.0
"বেশ কিছুদিন আগে আমার হঠাৎ প্রেসার উঠে এবং পালস বেরে যায় । আমি তখন রাস্তায় ছিলাম । তখন আমি রাস্তার পাশে বসে পড়ি । আমাকে আমার বন্ধু চোখে মুখে পানি দিয়ে বাসায় নিয়ে আসে । তারপর আমি ডাক্তার দেখাই ইসিজি করি । কিন্তু ইসিজিতে কোনো সমস্যা পাইনি । বিভিন্ন টেস্ট করার পর বুঝতে পারি আমার ডায়াবেটিকস , উচ্চ রক্তচাপ ও কোলেস্টরেল রয়েছে । ডাক্তারের পরামর্শে আমি ঔষধ সেব শুরু করি । বর্তমানে আমার ডায়বেটিকস , এবং উচ্চ রক্তচাপ নিয়ন্ত্রনে আছে । কিন্তু আমি পরিবারের সবাইকে নিয়ে কোথাও যেতে ভয় পাই পালস বেরে যাবার ভয় । এবং এই ভাবনা থেকে যখনই আমি পরিবারের কাউকে নিয়ে দুরে কোথাও যাই প্রায়ই দেখি আমার পালস বেরে যাচ্ছে আমি অসুস্থ বোধ করছি । এই রকম অবস্থায় আমি ইনডেভার - 10 ট্যবলেটটি কেলে অনেক স্বস্থি পাই । আমি েএকা কোথাও গেলে এই সমস্যাটা একটু কম হয় । এটা কি আমার মানসিক চিন্তা থেকে হচ্ছে নাকি অন্য কোনো সমস্যা ? এক্ষেত্রে আমি কি করতে পারি সে বিষয়ে একটু পরামর্শ পেলে উপকৃত হবো । ",O O O O B-Symptom I-Symptom I-Symptom I-Symptom I-Symptom I-Symptom I-Symptom O O O O O O O O O O O O O O O O O O O O O O O O O O O O B-Medical_Procedure O O O B-Medical_Procedure O O O O O O O O O O O B-Health_Condition I-Health_Condition I-Health_Condition I-Health_Condition I-Health_Condition I-Health_Condition O O O O O O O O O O O O B-Health_Condition O O B-Health_Condition I-Health_Condition O O O O O O O O O O O O O O O O O O O O O O O O O O O O O O O O O O O O O O O O O O O O B-Medicine I-Medicine I-Medicine I-Medicine O O O O O O O O O O O O O O O O O O O O O O O O O O O O O O O O O O O O O O O O,O O O O O O O O O O O O O O O O O O O O O O O O O O O O O O O O O O O O O O O O O O O O O O O O O O O O O O O O O O O O O O O O O O O O O O O O O O O O O O O O O O O O O O O O O O O O O O O O O O O O O O O O O O O O O O O O O O O O O O O O O O O O O O O O O O O O O O O O O O O O O O O O O O O O O O O O O O O O O O O O O O O O O O,Health Condition,29.914123679000117,,1102.0
"৩২সপ্তাহের গর্ভবতী । শেষ আল্ট্রাসাউন্ড করেছি জুনের ১৫তারিখ । সব রিপোর্ট নরমাল । বেবি অনেক বেশি মুভ করতো । খুব জোরে মুভ করতো । কিন্তু ২১তারিখ থেকে মুভমেন্ট অনেক কম । ২দিন তো খুবই কম মুভমেন্ট ছিলো , এমনকি খাওয়ার পরও অল্প নড়তো , ১০ বারও মুভ করেনি । ২৩ , ২৪ তারিখ ১০বারের বেশি মুভ করছে কিন্তু আগের মতো মুভ করছে না । আগের থেকে কম ও আস্তে মুভ করছে । এটা কি সাভাবিক নাকি সমস্যা হচ্ছে ? আমি গ্লুকোজ , প্রটিন একটা ডিম , এক গ্লাস দুধ , সবজি খাচ্ছি । আর কি খাবার খাবো ? আমার বিপি ১২৪ / ৭২ , হার্টরেট ১০৪পার মিনিট , অক্সিজেন লেভেল ৯৭ % ",O B-Health_Condition O O B-Medical_Procedure O O O O O O O O O B-Symptom I-Symptom I-Symptom I-Symptom O B-Symptom I-Symptom I-Symptom I-Symptom O O O O B-Symptom I-Symptom I-Symptom O O O B-Symptom I-Symptom I-Symptom O O O B-Symptom I-Symptom I-Symptom I-Symptom O B-Symptom I-Symptom I-Symptom I-Symptom O O O O O B-Symptom I-Symptom I-Symptom O O B-Symptom I-Symptom I-Symptom I-Symptom I-Symptom O B-Symptom I-Symptom I-Symptom I-Symptom I-Symptom I-Symptom O O O O O O O O O O O O O O O O O O O O O O O O O O O O O B-Symptom I-Symptom I-Symptom I-Symptom O B-Symptom I-Symptom I-Symptom O B-Symptom I-Symptom I-Symptom I-Symptom,B-Age O O O O O O O O O O O O O O O O O O O O O O O O O O O O O O O O O O O O O O O O O O O O O O O O O O O O O O O O O O O O O O O O O O O O O O O O O O O O O O O O O O O O O O O O O O O O O O O O O O O O O O O O O O O O O O O,Symptom,59.265703998999925,,1103.0
"ডাক্তার ভাই কে প্রশ্ন করার জন্য ধন্যবাদ । আপনি কোন গ্যাসের ওষুধ খাচ্ছেন কিনা বলেন নাই । সেক্ষেত্রে আপনি Tap Antacid plus চুষে খাবেন দিনে ২ টা - ৫ দিন । এছাড়া , খাদ্যাভ্যাস ঠিক করুন । তেল , ঝাল , ভাজাপোড়া , ধুমপান পরিহার করুন । ধন্যবাদ । ",O O O O O O O O O O B-Medicine I-Medicine O O O O O O O B-Medicine I-Medicine I-Medicine O O B-Dosage I-Dosage I-Dosage O O O O O O O O O O O O O O O O O O O O O O,O O O O O O O O O O O O O O O O O O O O O O O O O O O O O O O O O O O O O O O O O O O O O O O O O,Medicine,4.758516021000105,,1104.0
ডাক্তার ভাই কে প্রশ্ন করার জন্য ধন্যবাদ । ভাতের মাড় খাওয়ার তো আসলে কোন প্রয়োজনীয়তা নাই । আপনার বাবাকে দুপুরে ভাত দিবেন ডায়াবেটিস এর ডায়েট চার্ট অনুযায়ী । ,O O O O O O O O O O O O O O O O O O O O O O O O O O O O,O O O O O O O O O O O O O O O O O O O O O O O O O O O O,,3.7357918970001274,,1105.0
"ধন্যবাদ আপনাকে প্রশ্ন করার জন্য । বাচ্চাকে চাপ প্রয়োগ না করে বুঝাতে হবে । ও কেন ভয় পাচ্ছে , কি ভাবছে জানার জন্য । ধন্যবাদ",O O O O O O O O O O O O O O O O O O O O O O O O O,O O O O O O O O O O O O O O O O O O O O O O O O O,,3.4742604690000007,,1106.0
বেশ কিছুদিন ধরে আমার ঘুম সম্পূর্ন হচ্ছে না । রাত ৪ টার দিকে আজে বাজে স্বপ্ন দেখে ঘুম ভেংগে যাচ্ছে । এটা কিভাবে ঠিক করা যায় ? বি : দ্র : আমি আমার চাকরী হচ্ছে না সেই জন্য একটু টেনশন করি । ,B-Symptom I-Symptom I-Symptom I-Symptom I-Symptom I-Symptom I-Symptom I-Symptom O B-Symptom I-Symptom I-Symptom I-Symptom I-Symptom I-Symptom I-Symptom I-Symptom I-Symptom I-Symptom I-Symptom O O O O O O O O O O O O O O O O O O O O O O,O O O O O O O O O O O O O O O O O O O O O O O O O O O O O O O O O O O O O O O O O O,Symptom,15.410044638999809,,1107.0
Thanks for questioning daktarbhai . Brush korben shabdhane regularly . Viodin mouth wash gorom panite 1 spoon mixed kore daily tin Bela gurgling korben for 5 days . Eteo na komle Dentist r kache jaben . Thanks,O O O O O O O O O O O O O O O O O O O O O O O O O O O O O O O B-Specialist O O O O O,O O O O O O O O O O O O O O O O O O O O O O O O O O O O O O O O O O O O O,Specialist,2.092535520999718,,1108.0
"অন্ডকোস আলট্রাসনো করছি , রিপর্ট নরমাল আসছে , অন্ডকোসে কেন সমস্য নেই , কিন্তু মাঝে মাঝে ডান পাসের অন্ডকোস ব্যথা করে হালকা , ",B-Medical_Procedure I-Medical_Procedure O O O O O O O O O O O O O O B-Symptom I-Symptom I-Symptom I-Symptom O O O,O O O O O O O O O O O O O O O O O O O O O O O,Medical Procedure,3.5377715619997616,,1109.0
"আমার স্ত্রি ৪ মাসের অন্তসত্তা , তার কোমর প্রচন্ড ব্যাথা করে বসলে উঠতে কস্ট হয় এবং আমরা সাররিক মিলন করলে প্রচুর পরিমানে হাত পা কামড়ায় । এগুলো সাভাবিক কিনা ? ",O O O O B-Health_Condition O O B-Symptom I-Symptom I-Symptom O B-Symptom I-Symptom I-Symptom O O O O O O O O B-Symptom I-Symptom I-Symptom O O O O O,O O B-Age I-Age B-Health_Condition O O B-Symptom O I-Symptom O O O O O O O O O O O O O O O O O O O O,Symptom,1.2412524689998463,,1110.0
ডাক্তার ভাইতে প্রশ্ন করার জন্যে আপনাকে ধন্যবাদ । Tab - Filwel gold 0 + 1 + 0 ১ মাস খাবেন । একজন মেডিসিন বিশেষজ্ঞ চিকিৎসক এর পরামর্শ নিবেন । ,O O O O O O O O B-Medicine I-Medicine I-Medicine I-Medicine B-Dosage I-Dosage I-Dosage I-Dosage I-Dosage O O O O O B-Specialist I-Specialist O O O O O,O O O O O O O O O O B-Medicine I-Medicine B-Dosage O B-Dosage O B-Dosage B-Dosage I-Dosage O O O B-Specialist I-Specialist I-Specialist O O O O,Medicine,3.825643261000096,,1111.0
রাতে ঘুম হয়না বললেই চলে । দিনেও হয়না । সেজন্য প্রচুর ডিপ্রেশন কাজ করে । নানান রকম বাজে চিন্তা আসে । ঘুম ভালো হওয়ার জন্য ও ডিপ্রেশন কমানোর জন্য কি করা যেতে পারে ? কি ঔষধ খাবো ? ,B-Symptom I-Symptom I-Symptom O O O B-Symptom I-Symptom O O O B-Symptom I-Symptom I-Symptom O O O B-Symptom I-Symptom I-Symptom O O O O O O O O O O O O O O O O O O,O O O O O O O O O O O B-Health_Condition O O O O O O O O O O O O O O B-Health_Condition O O O O O O O O B-Medicine O O,Symptom,1.2767938350002623,,1112.0
ডাক্তার ভাইতে প্রশ্ন করার জন্যে আপনাকে ধন্যবাদ । Tab - neuro B 1 + 0 + 1 ১ মাস tab - Ciprocin 500 mg 1 + 0 + 1 ৭ দিন খাওয়াবেন । ,O O O O O O O O B-Medicine I-Medicine I-Medicine I-Medicine B-Dosage I-Dosage I-Dosage I-Dosage I-Dosage O O B-Medicine I-Medicine I-Medicine I-Medicine I-Medicine B-Dosage I-Dosage I-Dosage I-Dosage I-Dosage O O O O,O O O O O O O O O O O O O O O O O O O O O O O O O O O O O O O O O,Medicine,3.754940221999732,,1113.0
"প্রায় মাসখানেক যাবৎ আমার প্রচুর কফ এবং কাশি । গায়ে গায়ে জ্বর লেগেই আছে । মাথা অনেক ব্যাথা থাকে প্রায়শই । কাশি কমে গেছিলো এখন আবার হচ্ছে । তাই একজন বক্ষব্যাধি বিশেষজ্ঞের পরামর্শ নিয়েছিলাম । শ্বাস নিতে বুকে ব্যাথাও আছে তাই উনা রেফারেন্স আরেকজন কার্ডিওলোজি দেখাই । দুজন বিশেষজ্ঞ অনেক টেস্ট করতে দেন । কিন্তু আল্লাহরহমতে রিপোর্ট ভালো আসে । কিন্তু এখনো প্রচুর কফ । হালকা বাতাসে কাশি হচ্ছেই । বক্ষব্যাধি বিশেষজ্ঞ বলেন এ্যাজমা প্রবলেম । ইনহেলার , মেক্সহেলার এগুলো ইউস করছি এবং Azyth500 , Monas10 , Fenadin120",O O O O O B-Symptom O B-Symptom O O B-Symptom I-Symptom O O O B-Symptom I-Symptom I-Symptom O O O O O O O O O O O O B-Specialist I-Specialist O O O B-Symptom I-Symptom I-Symptom I-Symptom O O O O O B-Specialist O O O O O O O O O O O O O O O O O B-Symptom I-Symptom O O O B-Symptom O O B-Specialist I-Specialist O B-Symptom I-Symptom O B-Medicine O B-Medicine O O O O B-Medicine O B-Medicine O B-Medicine,O O O O O O O O O O O O O O O O O O O O O O O O O O O O O O O O O O O O O O O O O O O O O O O O O O O O O O O O O O O O O O O O O O O O O O O O O O O O O O O O O O O O O O O O,Symptom,7.570148098000118,,1114.0
Amar celer kal rat their patpaikhana ar pat betha korce ki korbo,O O O O O B-Symptom O B-Symptom I-Symptom O O O,O O O O O O O O O O O O,Symptom,2.642004677999921,,1115.0
প্রশ্ন করার জন্য ধন্যবাদ । আপনার বাচ্চাকে একজন শিশু বিশেষজ্ঞ ডাক্তার দেখান কারণ না দেখে কেন এ ধরনের সমস্যা হচ্ছে বলা সম্ভব নয় । ধন্যবাদ । ,O O O O O O O O B-Specialist I-Specialist O O O O O O O O O O O O O O O O,O O O O O O O O O O O O O O O O O O O O O O O O O O,Specialist,3.6495746180003152,,1116.0
Thanks for questioning to daktervai . Tab Cipro A 500mg 1 + 0 + 1 for 7 days,O O O O O O B-Medicine I-Medicine I-Medicine I-Medicine B-Dosage I-Dosage I-Dosage I-Dosage I-Dosage O O O,O O O O O O O O O O O O O O O O O O,Medicine,2.4916966089999733,,1117.0
আপনাকে ধন্যবাদ প্রশ্ন করার জন্য । একটি ঔষধ অনেক কারনেই দিতে পারে । যেমন প্যারাসিটামল জ্বরের ঔকার । আবার ব্যাথাও কমায় । আপনি আপনার ডাক্তারকে জিজ্ঞাসা করুন কেন আপনাকে ওই দুইটা ঔষধ দেয়া হয়েছে । lithsun ও perkinil দুইটা ঔষধ এর প্রায় ২০ টা indication আছে । ধন্যবাদ,O O O O O O O O O O O O O O B-Medicine O O O O O O O O O O O O O O O O O O O O B-Medicine O B-Medicine O O O O O O O O O O,O O O O O O O O O O O O O O B-Medicine O O O O O O O O O B-Specialist O O O O O O O O O O B-Medicine O B-Medicine O O O O B-Dosage O O O O O,Medicine,1.8774955429998956,,1118.0
"গত ১১ / ০৪ / ২০২০ তারিখে বাথরুমে পরে গিয়ে আমার ডান পায়ের রগ কেটে যায় ( Achilles Tanton Injury ) . এমতাবস্থায় ঐ দিনেই পঙ্গু হাসপালে অপারেশন হয় , প্রায় ২৬ দিন পর আমার পায়ের ব্যান্ডেজ ও সিলাই খুলে নতুন করে প্লাস্টার করা হয় , ইতোমধ্যে লক্ষ্য করছি আমার রানের মাংসপেশি বসে গেছে মানে পা অনেকটা চিকন হয়ে গেছে , এখন ডাক্তার ও পাচ্ছিনা এখন আমার করণীয় কি ? আক্রান্ত স্থানে হালকা ব্যাথা আছে , কোনো সমস্যা হবে ? প্লাস্টার করার ১৫দিন পর দেখা করতে বলা হয়েছে কিন্তু ঐদিন হাসপাতাল বন্ধ আরো ১ সপ্তাহ পর গেলে সমস্যা হবে ? ",O O O O O O O O O O O B-Health_Condition I-Health_Condition I-Health_Condition I-Health_Condition I-Health_Condition O B-Health_Condition I-Health_Condition I-Health_Condition O O O O O O O O O O O O O O O O O O O O O O O O O O O O O O B-Symptom I-Symptom I-Symptom I-Symptom O O B-Symptom I-Symptom I-Symptom I-Symptom O O O O O O O O O O O O O B-Symptom O O O O O O O O O O O O O O O O O O O O O O O O O O,O O O O O O O O O O O O O O O O O O O O O O O O O O O O O O O O O O O O O O O O O O O O O O O O O O O O O O O O O O O O O O O O O O O O O O O O O O O O O O O O O O O O O O O O O O O O O O O O O O O O,Symptom,9.927235340999689,,1119.0
"ভাইজান , আমার সমস‍্যা হলো মনোযোগের । আমি কোনো পড়া দুই তিন লাইন পড়ার পর আমি মনোযোগ ধরে রাখতে পারিনা । আর যদি আমি কারো সাথে কথা বলি তাহলে বেশিক্ষন মনোযোগ ধরে রাগতে পারিনা । আমি যখন কোনো ক্লাস করি আর কোনো টিচারে যখন কোনো বিষয় বুঝায় তাহলে আমার বন্ধু বান্ধবেরা বুজে যায় কিন্তু আমার বুঝতে সমস‍্যা হয় । এবং আমার আত্মবিশ্বাস অ কম । এটা কি কোনো মানসিক রোগ । আর যদি মানসিক রোগই হয়ে থাকে । তাহলে কিভাবে আমি এই সমস‍্যা থেকে বের হতে পারি । দয়া করে জানাবেন ? ",O O O O O O O O O O O O O O O O B-Symptom I-Symptom I-Symptom I-Symptom O O O O O O B-Symptom I-Symptom I-Symptom I-Symptom I-Symptom I-Symptom I-Symptom I-Symptom O O O O O O O O O O O O O O O O O O O O O B-Symptom I-Symptom I-Symptom O O O B-Symptom I-Symptom I-Symptom O O O O O O O O O O O O O O O O O O O O O O O O O O O O,O O O O O O O O O O O O O O O O O O O O O O O O O O O O O O O O O O O O O O O O O O O O O O O O O O O O O O O O O O O O O O O O O O O O O O O O O O O O O O O O O O O O O O O O O O O O,Symptom,17.99131829800035,,1120.0
তিনদিন আপনাদের পরামর্শ অনুযায়ী Syp . Miracof কাশির জন্য খাচ্ছি । আজ শেষ হল কিন্তু কাশি কমতেছে না । রাতে কাশিটা বেড়ে যায় । শুধু শুষ্ক কাশি । এখন কী করনীয় । বললে উপকৃত হব । ,B-Dosage O O O B-Medicine I-Medicine I-Medicine B-Symptom O O O O O O O B-Symptom I-Symptom I-Symptom O B-Symptom I-Symptom I-Symptom O O B-Symptom I-Symptom I-Symptom O O O O O O O O O,O O O O O O O O O O O O O O O O O O O O O O O O O O O O O O O O O O O O,Symptom,3.0152457869999125,,1121.0
Thanks for questioning to daktervai . Please continue previous prescription if not resolve consult with a paediatrician . Give 8to 10 tea spoon ORS after each loose motion,O O O O O O O O O O O O O O O O B-Specialist O O B-Dosage I-Dosage I-Dosage I-Dosage B-Medicine O O O O,O O O O B-Specialist O O O O O O O O O O O B-Specialist O O B-Dosage I-Dosage O O B-Medicine O O B-Symptom I-Symptom,Specialist,2.303897200999927,,1122.0
প্রেগন্যান্ট অবস্থায় কি তুলসীপাতার রস খাওয়া যাবে । ,B-Health_Condition O O O O O O O,O O O O O O O O,Health Condition,1.8162603499999928,,1123.0
Thanks for your question to daktar bhai . I have to see her hand before giving any medicine . you can consult with any skin doctor . Thanks . ,O O O O O O O O O O O O O O O O O O O O O O O O B-Specialist I-Specialist O O O,O O O O O O O O O O O O O O O O O B-Medicine O O O O O O B-Specialist I-Specialist O O O,Specialist,2.0448149210001247,,1124.0
"ডাক্তার ভাইকে প্রশ্ন করার জন্য ধন্যবাদ । আপনি অতি দ্রুত অবশ্যই একজন গাইনী বিশেষজ্ঞ কে দেখান , এ বিষয়ে আর অপেক্ষা করা ঠিক হবে না । ধন্যবাদ । ",O O O O O O O O O O O O B-Specialist I-Specialist O O O O O O O O O O O O O O,O O O O O O O O O O O O B-Specialist I-Specialist O O O O O O O O O O O O O O,Specialist,1.4574436319999222,,1125.0
ডাক্তার ভাইতে প্রশ্ন করার জন্যে আপনাকে ধন্যবাদ । একজন মেডিসিন বিশেষজ্ঞ চিকিৎসক এর পরামর্শ নিবেন । ,O O O O O O O O O B-Specialist I-Specialist O O O O O,O O O O O O O O O B-Medicine I-Medicine I-Medicine O O O O,Specialist,1.152769588999945,,1126.0
amar wifer sathe goto 5 tarikhe milon korsilam . korar por o akta pil khaisilo baby na houar . asole amra 2jn e job kori tai akn baby nite chaichina . or age 28 . or last priod hysilo 15 din age bt aj hotat dekhe halka halka blood jacce . or abr timely e priod hy . 27 tarikhe hour kotha bt agei hoa galo . then or bomi bomi r ghum ghum o vab . sorir dorbol . acca asbki oi piltar karone holo . jodi amn hy pls akta solution din,O O O O O O O O O O O O O B-Medicine O O O O O O O O O O O O O O O O O O O B-Age O O O O O O O O O O O O B-Symptom I-Symptom I-Symptom O O O O O O O O O O O O O O O O O O O O B-Symptom I-Symptom O B-Symptom I-Symptom I-Symptom I-Symptom O B-Symptom I-Symptom O O O O O O O O O O O O O O O,O O O O B-Dosage O O O O O O O O O O O O O O O O O O O O O O O O O O O B-Age I-Age O O O O O B-Dosage O O O O O O O O O O O O O O O O O O B-Dosage O O O O O O O O O O O O O O O O O O O O O O O O O O O O O O O O O O O,Symptom,7.061975106999853,,1127.0
আপনার প্রশ্নের জন্য ধন্যবাদ । অতিসত্বর নিকটবর্তী হাসপাতালের জরুরি বিভাগে যান । ধন্যবাদ,O O O O O O O O O O O O O,O O O O O O O O O O O O O,,3.3929535240004043,,1128.0
ডাক্তার ভাইতে প্রশ্ন করার জন্যে আপনাকে ধন্যবাদ । নাক বন্ধ থাকার জন্যে norsol nasal drop ১ - ২ ফোটা করে প্রয়োজন মত ব্যবহার করুন । একজন শিশু বিশেষজ্ঞ চিকিৎসক এর পরামর্শ নিবেন । ,O O O O O O O O B-Symptom I-Symptom O O B-Medicine I-Medicine B-Dosage I-Dosage I-Dosage I-Dosage I-Dosage I-Dosage I-Dosage I-Dosage O O O O B-Specialist I-Specialist O O O O O,O O O O O O O O O O O O O O O O O O O O O O O O O O O O O O O O O,Symptom,3.206787555000119,,1129.0
ডাক্তার ভাইতে প্রশ্ন করার জন্যে আপনাকে ধন্যবাদ । আপনি মাথা ঘুরলে tab - Norium 10 mg 0 + 0 + 1 ৭ দিন খেতে পারেন । দাতের জন্যে tab - ceevit 1 + 0 + 1 ১০ দিন খেতে পারেন । প্রয়োজনে দাতের বিশেষজ্ঞ চিকিৎসক এর পরামর্শ নিন । ,O O O O O O O O O O O B-Medicine I-Medicine I-Medicine I-Medicine I-Medicine B-Dosage I-Dosage I-Dosage I-Dosage I-Dosage O O O O O O O B-Medicine I-Medicine I-Medicine B-Dosage I-Dosage I-Dosage I-Dosage I-Dosage O O O O O O B-Specialist I-Specialist I-Specialist O O O O,O O O O O O O O O B-Symptom I-Symptom O O B-Medicine B-Dosage I-Dosage I-Dosage I-Dosage I-Dosage I-Dosage I-Dosage I-Dosage O O O O O O O B-Medicine B-Dosage I-Dosage I-Dosage I-Dosage I-Dosage I-Dosage I-Dosage O O O O B-Specialist I-Specialist O O O O O O,Medicine,8.122688130999904,,1130.0
আপনাকে ধন্যবাদ প্রশ্ন করার জন্য । হাইপোথাইরয়েড রোগের জন্য চুল পড়তে পারে । আবার অন্য কারনেও হতে পারে । আপনি একজন চর্ম রোগের বিশেষজ্ঞ কে দেখিয়ে নিন । ধন্যবাদ,O O O O O O O O O O O O O O O O O O O O O B-Specialist I-Specialist O O O O O O,O O O O O O O O O O O O O O O O O O O O O O O O O O O O O,Specialist,19.789463396999963,,1131.0
Thank you for your question . Do Physical exercise regularly . Avoid fatty food . check your lipid profile every six month interval and consult with your doctor . Thank you . ,O O O O O O O O O O O O O O O B-Medical_Procedure I-Medical_Procedure I-Medical_Procedure I-Medical_Procedure O O O O O O O O O O O O O,O O O O O O O O O O O O O O O O O B-Medical_Procedure I-Medical_Procedure O O O O O O O O B-Specialist O O O O,Medical Procedure,23.87347688399996,,1132.0
ডাক্তার ভাই কে প্রশ্ন করার জন্য ধন্যবাদ । Syp Tofen ১ চামচ করে ২ বেলা ৭ দিন খাওয়াতে পারেন আপনি সরাসরি একজন Pediatrician এর পরামর্শ নিতে পারেন ধন্যবাদ,O O O O O O O O B-Medicine I-Medicine B-Dosage I-Dosage I-Dosage I-Dosage I-Dosage O O O O O O O B-Specialist O O O O O,O O O O O O O O O O O O O O O O O O O O O O O O O O O O,Medicine,2.142102912000155,,1133.0
Thank you for your question . Eat fruits which are rich in Vitamin - C . Maintain proper oral hygiene . Thank you . ,O O O O O O O O O O O O B-Medicine I-Medicine I-Medicine O O O O O O O O O,O O O O O O O O O O O O O O O O O O O O O O O O,Medicine,4.568303583000215,,1134.0
"Thank you for your question . Tab . Napa 500 1 + 1 + 1 , tab . Alatrol 0 + 0 + 1 for 3days for mother . Norsol drop for both mother and baby 1 / 2 drop 2 / 3times a day . Thank you",O O O O O O B-Medicine I-Medicine I-Medicine I-Medicine B-Dosage I-Dosage I-Dosage I-Dosage I-Dosage O B-Medicine I-Medicine I-Medicine B-Dosage I-Dosage I-Dosage I-Dosage I-Dosage I-Dosage I-Dosage O O O B-Medicine I-Medicine O O O O O B-Dosage I-Dosage I-Dosage I-Dosage I-Dosage I-Dosage I-Dosage I-Dosage I-Dosage O O O,O O O O O O O O O O O O O O O O O O O O O O O O O O O O O O O O O O O O O O O O O O O O O O O O,Medicine,4.407155207999949,,1135.0
"প্রশ্ন করার জন্য ধন্যবাদ / উনার কি ডায়বেটিস ও হাইপ্রেসার আছে নাকি জানা প্রয়োজন / যদি না থাকে তাহলে tab calbo D . . . . . 0 + 1 + 0 . . . . . . . . ১ মাস cap D rise ( 40000 IU "" ) . . . . . . . প্রতি রবিবার একটি করে ৪ সপ্তাহে ৪ টি ক্যাপ্সুল খাবেন / এরপর কোনও সমস্যা হলে আবার ডাক্তারের পরামর্শ নিবেন / ধন্যবাদ / ",O O O O O O O B-Health_Condition O B-Health_Condition O O O O O O O O O B-Medicine I-Medicine I-Medicine O O O O O B-Dosage I-Dosage I-Dosage I-Dosage I-Dosage I-Dosage I-Dosage I-Dosage I-Dosage I-Dosage I-Dosage I-Dosage I-Dosage I-Dosage I-Dosage B-Medicine I-Medicine I-Medicine I-Medicine I-Medicine I-Medicine O O O O O O O O O B-Dosage I-Dosage I-Dosage I-Dosage I-Dosage I-Dosage I-Dosage I-Dosage I-Dosage O O O O O O O O O O O O O,O O O O O O O B-Health_Condition O B-Health_Condition O O O O O O O O O B-Medicine I-Medicine O O O O O O O O O O O O O O O O O O O O B-Dosage O B-Medicine I-Medicine O O B-Dosage I-Dosage O O O O O O O O O O B-Dosage O B-Dosage O B-Dosage O B-Medicine O O O O B-Symptom O O O B-Specialist O O O O,Health Condition,19.39449348900007,,1136.0
আমার বয়স ২৪ ওজন ৫৮ কেজি আমার কিছুখন পর পর প্রসাব হয় খুবকম এখন আমি কি করতে পারি । ,O O B-Age O O O O B-Symptom I-Symptom I-Symptom I-Symptom I-Symptom I-Symptom O O O O O O,O O O O O O O O O O O O O O O O O O O,Age,3.705680827999913,,1137.0
"১৩ মাসের ছেলে বাবুর তিন / চার দিন যাবত পাতলা পায়খানা ও বমি হচ্ছে . . . . . . কিন্তু আজকে বমি নাই , তিন ঘন্টা পর পর পায়খানা হচ্ছে পাতলা ও অনেক গন্ধ যুক্ত , এখন কি ঔষধ খাওয়াতে পারি ? ",B-Age I-Age O O B-Symptom I-Symptom I-Symptom I-Symptom I-Symptom I-Symptom I-Symptom I-Symptom I-Symptom I-Symptom O O O O O O O O O O O O O O O O O O O O O O O O O O O O O,B-Age I-Age O O O O O O O B-Symptom I-Symptom O B-Symptom O O O O O O O O O B-Symptom O O O O O O B-Symptom I-Symptom O O O O O O O B-Medicine O O O O,Age,2.9450332480000725,,1138.0
diereah ar patla phaikhana ar modde parthokko ki . . . direaha hole ki ki khabar besi khete hoye ar patla paikhana hole ki ki khabar khete hoye aktu bistarito bolben plz,B-Health_Condition O B-Health_Condition I-Health_Condition O O O O O O O O O O O O O O O O O O O O O O O O O O O O,B-Symptom O B-Symptom I-Symptom O O O O O O O B-Symptom O O O O O O O B-Symptom I-Symptom O O O O O O O O O O O,Health Condition,1.5534347570001046,,1139.0
"আমার বাবুর বয়স ৮ মাস , ২ চোখে ময়লা আসে , বাম চোখটা ফোলা এবং হালকা লাল , এখন কি ঔষধ ব্যবহার করবো , জানালে উপকৃত হবো , একজন ডাক্তার Tobrabac দিয়েছে একা কি ব্যবহার করা যাবে",O O O B-Age I-Age O B-Symptom I-Symptom I-Symptom O O B-Symptom I-Symptom I-Symptom O B-Symptom I-Symptom O O O O O O O O O O O O O B-Medicine O O O O O O,O O O O O O O O O O O O O O O O O O O O O O O O O O O O O O O O O O O O O,Symptom,3.275534651000271,,1140.0
amr matay ak jaigay onk betha kore . . jokon oi jaigar chule haat dei betha ta aro bere jai . . abong ak choke o onk pressure feel kori . . amr ki hoise . . ? ami ki korbo ? ,B-Symptom I-Symptom I-Symptom I-Symptom I-Symptom I-Symptom I-Symptom O O B-Symptom I-Symptom I-Symptom I-Symptom I-Symptom I-Symptom I-Symptom I-Symptom I-Symptom I-Symptom I-Symptom O O B-Symptom I-Symptom I-Symptom I-Symptom I-Symptom I-Symptom I-Symptom I-Symptom O O O O O O O O O O O O,O O O O O B-Symptom O O O O O O O O O B-Symptom I-Symptom O O O O O O O O O B-Symptom O O O O O O O O O O O O O O O,Symptom,2.097610240999984,,1141.0
sir please apni prothome amar question ta balo kore poren then ans diben please . amar question ar topic hochche hair . ,O O O O O O O O O O O O O O O O O O O O O O,O O O O O O O O O O O O O O O O O O O O O O,,5.262920965999911,,1142.0
ডাক্তার ভাইতে প্রশ্ন করার জন্যে আপনাকে ধন্যবাদ । আপনি vitamin e cap 200 mg 0 + 1 + 0 1 mas khete paren . . . . Select plus শ্যাম্পু ব্যবহার করুন । । । স্কিন স্পেশালিষ্ট চিকিৎসক এর পরামর্শ নিবেন । ,O O O O O O O O O B-Medicine I-Medicine I-Medicine I-Medicine I-Medicine B-Dosage I-Dosage I-Dosage I-Dosage I-Dosage I-Dosage I-Dosage I-Dosage I-Dosage O O O O O O O O O O O O B-Specialist I-Specialist O O O O O,O O O O O O O O O B-Medicine I-Medicine I-Medicine B-Dosage I-Dosage O O O O O O B-Dosage O O O O O O O O B-Medicine O O O O O B-Specialist I-Specialist I-Specialist O O O O,Medicine,1.856769376000102,,1143.0
"Thanks for your question . it is common in pregnancy . for more info , consult with gynaecologist . You can directly seek advice via this app through video conference . thanks",O O O O O O O O O B-Health_Condition O O O O O O O B-Specialist O O O O O O O O O O O O O O,O O O O O O O O O B-Health_Condition O O O O O O O B-Specialist O O O O O O O O O O O O O O,Health Condition,1.362038403999577,,1144.0
আপনাকে ধন্যবাদ প্রশ্ন করার জন্য । আপনি মাথা ব্যাথার জন্য প্যারাসিটামল একটা খেতে পারেন খাবার পরে । কফি খেয়ে দেখতে পারেন । একজন মেডিসিন ডাক্তারকে দেখিয়ে নিন । ধন্যবাদ,O O O O O O O B-Symptom I-Symptom O B-Medicine B-Dosage I-Dosage I-Dosage I-Dosage I-Dosage O O O O O O O B-Specialist I-Specialist O O O O,O O O O O O O O O O O O O O O O O O O O O O O O O O O O O,Symptom,4.0108739100001,,1145.0
"গ্রাহক , ডাক্তার ভাইকে প্রশ্ন করার জন্য আপনাকে ধন্যবাদ । আপনার বাচ্চাকে প্রতিবার পাতলা পায়খানার পর ২০ / ২২ চা চামচ করে খাবার স্যালাইন খাওয়ান । জ্বরের জন্য তার ওজনের ওপর ভিত্তি করে নির্দিষ্ট ডোজে প্যারাসিটামল খেতে হবে । এজন্য আপনার বাচ্চার ওজন জানা প্রয়োজন । এছাড়াও বাচ্চাকে স্বাভাবিক খাবারের পাশাপাশি মায়ের বুকের দুধ দেবেন । ধন্যবাদ । ",O O O O O O O O O O O O O O O O B-Dosage I-Dosage I-Dosage I-Dosage I-Dosage O O B-Medicine O O O O O O O O O O O B-Medicine O O O O O O O O O O O O O O O O O O O O O O,O O O O O O O O O O O O O O O O O O O O O O O O O O O O O O O O O O O O O O O O O O O O O O O O O O O O O O O O O O,Medicine,11.5363570479999,,1146.0
amar baby age 8 month 21 days wetgh 9 kg . problem suji sara onno kesu kaile pete gas hoi . onno ke khabar deawa jai & gas ar jonno ke medicine debo pls . ,O O O B-Age I-Age I-Age I-Age O O O O O O O O O O B-Symptom I-Symptom I-Symptom O O O O O O O O O O O O O O O,O O O O O O O O O O O O O O O O O O O O O O O O O O O O O O O O O O O,Age,8.27099434899992,,1147.0
"বাবুর খুব পাতলা পায়খানা হচ্ছে । ফিলমেট আর পেপ 2 দিচ্ছে কিন্তু ফিলমেট তিতা জন্য খেতেই পারছে না , খাইলেও বুমি করে দিচ্ছে । কি করবো এখন",O O B-Symptom I-Symptom O O B-Medicine O B-Medicine I-Medicine O O B-Medicine O O O O O O O O O O O O O O,O O O O O O O O O O O O O O O O O O O O O O O O O O O,Medicine,2.780790427000284,,1148.0
"For the last 4 months , my left hand ' s Ring finger seems to be fragile . A little bit pain in the joints of the finger is present . And when I take an object ( such as book , file etc . ) I feet the Ringfinger is going to break by the weight / pressure of the thing . Recently the Ring finger of my right hand seems to have the same problem . Today , my left hand ' s thumb also seems to catch same problem . So far of my knowledge , it is likely to be osteoporosis . Now I seek your valuable treatment plan of this . Please advise me thereby . ",O O O O O O O O B-Symptom I-Symptom I-Symptom I-Symptom I-Symptom I-Symptom I-Symptom I-Symptom I-Symptom O O O O B-Symptom I-Symptom I-Symptom I-Symptom O O O O O O O O O O O O O O O O O O O O O O O O O O O O O O O O O O O O O O O O O O O O O O O O O O O O O O O O O O O O O O O O O O O O O O O O O O O O O O O B-Health_Condition O O O O O O O O O O O O O O O O,O O O O O O O O O O O O O O O O O O O O O O O O O O O O O O O O O O O O O O O O O O O O O O O O O O O O O O O O O O O O O O O O O O O O O O O O O O O O O O O O O O O O O O O O O O O O O O O O O O O O O O O O O O O O O O O O O O O O O O O O O,Symptom,17.66075216299987,,1149.0
"আমার স্তীর বয়স ৪৩ বছর । তার জ্বর ও শ্বাস - টান ( শ্বাস কষ্ট ) ছিল । আপনাদের নির্দেশণামতে ওষধ সেবন করে জ্বর সেরে গেলে ও কিন্ত শ্বাস - কষ্ট রয়ে গেছে । শ্বাস - কষ্টের জন্য monas 10 , রাতে ১ টি করে সেবন করে ছিল । শ্বাস - কষ্ট কমে নাই । এখন করনীয় কী ? দয়া করে প্রেসক্রাইব করবেন । ",O O O B-Age I-Age O O B-Symptom O B-Symptom I-Symptom I-Symptom O B-Symptom I-Symptom O O O O O O O O B-Symptom I-Symptom I-Symptom I-Symptom I-Symptom I-Symptom I-Symptom I-Symptom I-Symptom I-Symptom O O O O O B-Medicine I-Medicine O B-Dosage I-Dosage I-Dosage I-Dosage O O O O B-Symptom I-Symptom I-Symptom I-Symptom I-Symptom O O O O O O O O O O,O O O O O O O O O O O O O O O O O O O O O O O O O O O O O O O O O O O O O O O O O O O O O O O O O O O O O O O O O O O O O O O O,Symptom,10.10763780499974,,1150.0
"আপনাকে ধন্যবাদ প্রশ্ন করার জন্য । স্তন বড় হওয়ার অনেক কারন থাকে যেমন ওজন বেড়ে যাওয়া , কিছু ঔষধের পার্শ্বপ্রতিক্রিয়া , হরমনের সমস্যা ইত্যাদি । আপনি একজন মেডিসিন এর ডাক্তারের পরামর্শ নিন । ওজন কমান । ধন্যবাদ",O O O O O O B-Symptom I-Symptom I-Symptom O O O O O O O O O O O O O O O O O O B-Specialist I-Specialist I-Specialist O O O O O O O,O O O O O O B-Symptom I-Symptom I-Symptom O O O O B-Health_Condition I-Health_Condition I-Health_Condition O O B-Medicine I-Medicine O O B-Health_Condition O O O O B-Specialist I-Specialist I-Specialist O O O O B-Health_Condition I-Health_Condition O,Symptom,3.6076367169998775,,1151.0
amr baby er age 2 years . akno breast feed kore . kon contraceptive feel safe ? ja kno tai ki naoa jabe ? ,O O O O B-Age I-Age O O O O O O O B-Medicine O O O O O O O O O O,O O O O O O O O O O O O O O O O O O O O O O O O,Age,15.855135815999802,,1152.0
আমার ডান পাশের দাতে হঠাৎ করে আজকে দুপুর থেকে ব্যথা হালকা ফুলে গেছে এর আগে এমন ব্যথা ছিল না কিন্তু তিন চারদিন ধরে ঠান্ডা কিছু খেলে দাঁতে শিরশির করতো এখন ব্যথা কমার জন্য আমি কি ওষুধ নিতে পারি,O B-Symptom I-Symptom I-Symptom I-Symptom I-Symptom I-Symptom I-Symptom I-Symptom I-Symptom I-Symptom I-Symptom I-Symptom O O O O O O O O O O B-Symptom I-Symptom I-Symptom I-Symptom I-Symptom I-Symptom O O O O O O O O O,O O O O O O O O O O O O O O O O O O O O O O O O O O O O O O O O O O O O O O,Symptom,6.8460114180002165,,1153.0
"পরিবারের সকল সদস্যের চুল্কানি । । প্রথমে groin থেকে পুরো শরীরে সরিয়ে পরেছে । বিশেষ করে পেটে । । আমরা কয়েকজন ডাক্তার এর কাছে গিয়েছি । বাট আমার আম্মু অনেক অসুস্থ হওয়াতে ডাক্তারের কাছে যেতে পারতেছে না । ওনার পেটে এবং হাত পায়ে চুল্কানি ছড়িয়ে পরেছে । সকল ধরনের ক্রিম যেমন neosten fc , pevison এগুলা দিয়েছে । সাথে xyril ও খেয়েছে । এখন প্রায় ৩ মাস হল । তাও কমতেছে না । দয়া করে একটু বলবেন কি ওষুধ খেতে হবে এখন ? ? ",O O O B-Symptom O O O B-Symptom I-Symptom I-Symptom I-Symptom I-Symptom I-Symptom O O O O O O O O O O O O O O O O O O O O O O O O O O B-Symptom I-Symptom I-Symptom I-Symptom I-Symptom I-Symptom I-Symptom O O O O O B-Medicine I-Medicine O B-Medicine O O O O B-Medicine O O O O O O O O O O O O O O O O O O O O O O O O,O O O B-Symptom O O O O O O O O O O O O O O O O O O O O O O O O O O B-Health_Condition O O O O O O O O O O O O B-Symptom O O O O O O O B-Medicine I-Medicine O B-Medicine O O O O B-Medicine O O O O O O O O O O O O O O O O O O O O O O O O,Symptom,20.76318799899991,,1154.0
গ্যাস এর মেডিসিন খেয়ে দেখতে পাড়েণ । ধন্যবাদ । ,B-Medicine I-Medicine I-Medicine O O O O O O,O O B-Medicine O O O O O O,Medicine,0.9150945000001228,,1155.0
ধন্যবাদ আপনাকে প্রশ্নের জন্য । আপনি সরাসরি একজন মেডিসিন বিশেষজ্ঞ ডাক্তারের পরামর্শ নিন । সামনাসামনি পরীক্ষা করে দেখতে হবে । ধন্যবাদ,O O O O O O O O B-Specialist I-Specialist O O O O O O O O O O O,O O O O O O O O B-Specialist I-Specialist I-Specialist O O O O O O O O O O,Specialist,4.965226190000067,,1156.0
ডাক্তার ভাই এর সাথে থাকার জন্য ধন্যবাদ । পূর্ণ চিকিৎসার জন্য রোগীর অবস্থা দেখা প্রয়োজন । Rx Tab Artica 25 mg - ০ + ০ + ১ - ১ মাস ( ঔষধ এ ঘুমের ভাব আসতে পারে ) Advice : নখ ছোট রাখবেন Dr < NAME > Mbbs,O O O O O O O O O O O O O O O O O B-Medicine I-Medicine I-Medicine I-Medicine O B-Dosage I-Dosage I-Dosage I-Dosage I-Dosage I-Dosage I-Dosage I-Dosage O O O O O O O O O O O O O O O O O O,O O O O O O O O O O O O O O O O O O B-Medicine B-Dosage I-Dosage O B-Dosage O B-Dosage O B-Dosage O B-Dosage I-Dosage O O O O O O O O O O O O O O O O O O,Medicine,1.2171515169998202,,1157.0
আসসালামু আলাইকুম । আমার এক বন্ধুর স্ত্রীর নাভির নিচে ডান পাশে রক টান খাওয়ার মত ব্যথা অনুভব করছে । এবং ব্যথাটা আস্তে আস্তে বুকের দিকে আসা - যাওয়া করতেছে । ব্যাথাটা কেন হচ্ছে ? এটার জন্য কোন ডাক্তার দেখালে ভালো হবে এবং আপনি কোন ধরনের ঔষধ আমাকে এডভাইস করবেন । তাদের বিবাহিত জীবনের ১৬ বছর অতিক্রম করেছে এবং দুইটা সন্তান আছে । দয়া করে আমাকে বিস্তারিত সাহায্য করার জন্য চেষ্টা করবেন । ,O O O O O O O B-Symptom I-Symptom I-Symptom I-Symptom I-Symptom I-Symptom I-Symptom I-Symptom I-Symptom I-Symptom I-Symptom I-Symptom I-Symptom I-Symptom I-Symptom I-Symptom I-Symptom I-Symptom I-Symptom I-Symptom I-Symptom I-Symptom O O O O O O O O O O O O O O O O O O O O O O O O O O O O O O O O O O O O O O O O O O O,O O O O O O O O O O O O O O O O O O O O O O O O O O O O O O O O O O O O O O O O O O O O O O O O O O O O O O O O O O O O O O O O O O O O O O O O,Symptom,5.6087942029998885,,1158.0
ডাক্তার ভাইতে প্রশ্ন করার জন্যে আপনাকে ধন্যবাদ । একজন মেডিসিন বিশেষজ্ঞ চিকিৎসক দেখিয়ে পরীক্ষা করে সেই অনুযায়ী পরামর্শ নিবেন । ,O O O O O O O O O B-Specialist I-Specialist O O B-Medical_Procedure O O O O O O,O O O O O O O O O B-Specialist I-Specialist I-Specialist O O O O O O O O,Specialist,4.533551209000052,,1159.0
আমার পায়ের তালু জালাপোড়া করে শুধু রাতের বেলা ঘুমাতে যাবার আগে । বয়স ২৮,O B-Symptom I-Symptom I-Symptom I-Symptom I-Symptom I-Symptom I-Symptom I-Symptom I-Symptom I-Symptom O O B-Age,O O O B-Symptom O O O O O O O O B-Age I-Age,Symptom,1.9161210130000652,,1160.0
"আমার প্রেগন্যান্সির বয়স ৬মাস ১০ দিন । আমার পেটে ব্যথা হচ্ছে আজ বিকেল থেকে , , , আমার আগের বাচ্চা ৬ মাস ২৬ দিনে ডেলিভারি হয়েছে , , আমি চাই আমার বাচ্চা ৯ মাসে পৃথিবীতে আসুক কি ঔষধ খাবো । ",O O O B-Health_Condition I-Health_Condition I-Health_Condition O B-Symptom I-Symptom I-Symptom I-Symptom I-Symptom I-Symptom I-Symptom O O O O O O O O O O O O O O O O O O O O O O O O O O,O B-Health_Condition O B-Age I-Age I-Age O O O B-Symptom I-Symptom O O O O O O O O O O O O O B-Medical_Procedure O O O O O O O O O O O O B-Medicine O O,Health Condition,1.739645685999676,,1161.0
Thanks for the query to Daktarbhai . Sordi jonno apni Nasal drop xylomethazoline 0 . 10 % 3 drops in each nostril nite paren for 7 DAYS . Chulkani jonno apni TAB ALATROL 10 Mg nite paren . Thank you . ,O O O O O O O B-Symptom O O B-Medicine I-Medicine I-Medicine I-Medicine I-Medicine I-Medicine I-Medicine B-Dosage I-Dosage I-Dosage I-Dosage I-Dosage O O O O O O B-Symptom O O B-Medicine I-Medicine I-Medicine I-Medicine O O O O O O,O O O O O O O B-Symptom O O O O B-Medicine O O O O O O O O O O O O B-Dosage O O O O O B-Medicine I-Medicine B-Dosage I-Dosage O O O O O O,Symptom,16.168382457999996,,1162.0
ডাক্তার ভাই কে প্রশ্ন করার জন্য ধন্যবাদ । চর্ম ডাক্তার এর পরামর্শ নিন । ধন্যবাদ । ,O O O O O O O O B-Specialist I-Specialist O O O O O O,O O O O O O O O B-Specialist I-Specialist O O O O O O,Specialist,0.5579694480002217,,1163.0
"আসসালামু আলাইকুম ওয়ারাহমাতুল্লাহ । আমার মেয়ে প্রচন্ডভাবে এলার্জি সমস্যায় ভুগছে । এলার্জির ঔষধ , এলোপ্যাথি বা হোমিওপ্যাথি খাওয়াইলে অল্প সময় ভালো থাকে , তারপর পুনরায় যন্ত্রণায় ভোগে । ওর বয়স ১৪ বছর । চেহারাসহ সারা শরীরে এলার্জি প্রবলেম । দীর্ঘমেয়াদি সমাধান পেতে স্থায়ী খাদ্য পরামর্শ ও চিকিৎসা সহযোগিতা প্রার্থনা করছি । ",O O O O O O O B-Health_Condition O O O B-Medicine I-Medicine O B-Medicine O B-Medicine O O O O O O O O O O O O O B-Age I-Age O O B-Symptom I-Symptom I-Symptom O O O O O O O O O O O O O O,O O O O O O O O O O O O O O O O O O O O O O O O O O O O O O O O O O O O O O O O O O O O O O O O O O O,Medicine,3.926059089999853,,1164.0
ডাক্তারভাইকে প্রশ্ন করার জন্য ধন্যবাদ । কিছু টীকা আছে যা শৈশবে নিয়ে নিতে হয় । যদি আপনার টীকাগুলো নেয়া থাকে তাহলে আপনার রেজিমেন মোটামোটি কমপ্লিট আছে । আর না নেয়া থাকলে যে কোন স্বাস্থ্যকেন্দ্র যেখানে টীকা দেয় সে খানে যোগাযোগ করে পরামর্শ করে নিবেন । সুস্থ থাকার জন্য প্রথমত সকল অস্বাস্থ্যকর অভ্যাস ত্যাগ করবেন এবং পুষ্টিকর খাবার তালিকা মেনে চলবেন । দৈনিক ২ - ৩ লিটার পানি পান করবেন । নিয়মিত ব্যায়াম অথবা হাঁটার অভ্যাস করুন । ধন্যবাদ । ,O O O O O O O O O O O O O O O O O O O O O O O O O O O O O O O O O O O O O O O O O O O O O O O O O O O O O O O O O O O O O O O O O O O O O O O O O O O O O O O,O O O O O O O O O O O O O O O O O O O O O O O O O O O O O O O O O O O O O O O O O O O O O O O O O O O O O O O O O O O O O O O O O O O O O O O O O O O O O O O,,7.311382136999782,,1165.0
মুখের ভেতর একেবারে শেষে দাতের গোড়ায় অনেক ব্যাথা করছে আজ দুপুর থেকে এখন কি করণীয়,O O O O B-Symptom I-Symptom I-Symptom I-Symptom O O O O O O O,O O O O O O O B-Symptom O O O O O O O,Symptom,45.69621693299996,,1166.0
ডাক্তার ভাই কে প্রশ্ন করার জন্য ধন্যবাদ । পা বালিশ এর উপর রাখতে বলেন । আলগা লবন দিবেন না । প্রেসার এবং liver function test করান । ধন্যবাদ । ,O O O O O O O O O O O O O O O O O O O O B-Medical_Procedure I-Medical_Procedure I-Medical_Procedure I-Medical_Procedure I-Medical_Procedure I-Medical_Procedure O O O,O O O O O O O O O O O O O O O O O O O O B-Health_Condition O B-Medical_Procedure I-Medical_Procedure I-Medical_Procedure O O O O,Medical Procedure,1.0744164550001187,,1167.0
বাচ্চার বয়স ৫ বছর ৩ মাস । ঝাল একেবারেই খেতে পারে না । সামান্য খেলেই ঝাল লাগে । প্রতি নলাতেই পানি খেতে হয় । করণীয় জানতে চাই । ,O O B-Age O O O O O O O O O O O O O O O O O O O O O O O O O,O O O O O O O O O O O O O O O O O O O O O O O O O O O O,Age,6.774013883999942,,1168.0
আপনাকে ধন্যবাদ প্রশ্ন করার জন্য । আপনি ব্যাথার জন্য প্যারাসিটামল খেতে পারেন ১টা বা ২ টা । গরম পানির সেক দিবেন । এক্স রে করান । একজন অর্থোপেডিক্স ডাক্তারের পরামর্শ নিন । ধন্যবাদ,O O O O O O O O O B-Medicine O O O O O O O O O O O O B-Medical_Procedure I-Medical_Procedure O O O B-Specialist I-Specialist O O O O,O O O O O O O O O O O O O O O O O O O O O O O O O O O O O O O O O,Medicine,2.7990342510001938,,1169.0
ডাক্তার ভাইতে প্রশ্ন করার জন্যে আপনাকে ধন্যবাদ । এটা ঠান্ডার কারনে হতে পারে । আপনি tab - fexo 120 mg 0 + 0 + 1 ৭ দিন খেতে পারেন । ,O O O O O O O O O O O O O O O B-Medicine I-Medicine I-Medicine I-Medicine I-Medicine B-Dosage I-Dosage I-Dosage I-Dosage I-Dosage I-Dosage I-Dosage O O O,O O O O O O O O O B-Health_Condition O O O O O B-Medicine O I-Medicine B-Dosage I-Dosage O O O O B-Dosage I-Dosage O O O O,Medicine,2.083361671000148,,1170.0
"আমার স্ত্রীর বয়স ২০ বছর । কাল থেকে ঠান্ডা লেগেছে । হালকা জ্বর আছে । মাথা ব্যাথা ও মাথার মধ্যে মাঝে মাঝে কামর মারে । কি ওষুধ খাওয়াবো , পরামর্শ চাই । ",O O O B-Age I-Age O O O B-Symptom I-Symptom O B-Symptom I-Symptom I-Symptom O B-Symptom I-Symptom O B-Symptom I-Symptom I-Symptom I-Symptom I-Symptom I-Symptom O O O O O O O O,O O B-Age I-Age I-Age O O O B-Symptom I-Symptom O B-Symptom I-Symptom O O B-Symptom I-Symptom O I-Symptom I-Symptom O O O O O O B-Medicine O O O O O,Symptom,11.163729061999677,,1171.0
"আমার ছেলের বয়স ১৫ মাস । জন্মের প্রথম ৮ মাস ভালোই ছিল কিন্তু গত কয়েক মাস ধরে ঠান্ডা , জ্বর , কাশি লেগেই আছে । ঔষধ খাওয়ালে ভাল হওয়ার ৩ - ৪ দিনের মাথায় আবার ঠান্ডা লাগতেছে । পুরো পুরি সুস্থ হওয়ার জন্যে পরামর্শ চাচ্চি । ",O O O B-Age I-Age O O O O O O O O O O O O B-Symptom O B-Symptom O B-Symptom O O O O O O O O O O O O O B-Symptom O O O O O O O O O O,O O O O O O O O O O O O O O O O O O O O O O O O O O O O O O O O O O O O O O O O O O O O O O,Symptom,3.508263900000202,,1172.0
আমার মেয়ের বয়স ৪ বছর চলছে । ওর মুখের ডান পাশের উপরের অংশে একটি দঁাত হলুদ হয়েছে আর একটিতে কালো হয়েছে । এখন ব্যাথা করতেছে আর মাড়ি ফুলে গেছে । এখন করনীয় কি ? ,O O O B-Age I-Age O O O O B-Health_Condition I-Health_Condition I-Health_Condition I-Health_Condition I-Health_Condition I-Health_Condition I-Health_Condition I-Health_Condition I-Health_Condition I-Health_Condition I-Health_Condition I-Health_Condition O O B-Symptom I-Symptom O B-Symptom I-Symptom I-Symptom O O O O O,O O O B-Age I-Age O O O O O O O O O O O O O O O O O O B-Symptom I-Symptom O B-Symptom I-Symptom I-Symptom O O O O O,Symptom,0.9400284809998992,,1173.0
"আসসালামু আলাইকুম । । আমার ওয়াফ প্র্যাগনেন্ট , এখন প্রায় নয় মাস চলতেছে । এবং তার পুষ্টির অভাব রয়েছে , লো প্রেসার এবং শরীরে রক্তের পরিমাণ কম । । এজন্য আপনাদের কাছ থেকে কিছু পরামর্শ দিলে খুবই উপকৃত হবো । এবং কোন কোন মেডিসিন খাওয়াবো ? ? প্লিজ । । ",O O O O O O B-Health_Condition I-Health_Condition I-Health_Condition I-Health_Condition I-Health_Condition I-Health_Condition O O O O O O O O B-Health_Condition I-Health_Condition O B-Health_Condition I-Health_Condition I-Health_Condition I-Health_Condition O O O O O O O O O O O O O O O O O O O O O O O,O O O O O O O O O O O O O O O O O O O O O O O O O O O O O O O O O O O O O O O O O O O O O O O O O O,Health Condition,4.906456621000416,,1174.0
can I take tab azythromicin to remove cough from chest and throat . at present I am taking monas10 . any other advice fromu ? ,O O O B-Medicine I-Medicine O O B-Symptom I-Symptom I-Symptom I-Symptom I-Symptom O O O O O O B-Medicine O O O O O O,O O O O O O O O O O O O O O O O O O O O O O O O O,Medicine,3.4082260259997383,,1175.0
ধন্যবাদ আপনাকে প্রশ্ন করার জন্য । খেতে পারেন । ধন্যবাদ,O O O O O O O O O O,O O O O O O O O O O,,0.5669373739997354,,1176.0
walikum salam . Daktar bhai ke question korar jonno dhonnobad . khali pete blood sugar check kore bolben . Thanks,O O O O O O O O O O O O O O O O O O O O,O O O B-Specialist I-Specialist O O O O O O O O B-Health_Condition I-Health_Condition O O O O O,,0.8859014780000507,,1177.0
Thank you for your question . You can try our book appointment system to find out a good neurologist as your desire . One thing you said your father is suffering from mental health for last 5 year . Does he need a psychiatrist or neurologist ? You can find both psychiatrist and neurologist in our boobook appointment system . Thank you for staying with us . ,O O O O O O O O O O O O O O O O O O B-Specialist O O O O O O O O O O O O O B-Symptom I-Symptom O O O O O O O O O B-Specialist O B-Specialist O O O O O B-Specialist O B-Specialist O O O O O O O O O O O O O,O O O O O O O O O O O O O O O O O O B-Specialist O O O O O O O O O O O O O B-Health_Condition I-Health_Condition O O B-Age I-Age O O O O O B-Specialist O B-Specialist O O O O O B-Specialist O B-Specialist O O O O O O O O O O O O O,Specialist,2.6679500370000824,,1178.0
"ধন্যবাদ আপনাকে প্রশ্ন করার জন্য । আপনি শাকসব্জি , ফল , আঁশযুক্ত খাবার খাবেন , পানি খাবেন , ইসুবগুলের ভূষি খাবেন । আপনি তরল খাবার , স্যালাইন , ডাবের পানি , শসা , তরমুজ খাবেন , এরা পানি ধরে রাখে শরীরে । দুশ্চিন্তা কমান , পর্যাপ্ত বিশ্রাম নিন । সন্ধ্যার পর চা , কফি খাবেন না । ঘুমানোর আগে গরম পানিতে গোসল করুন । ধন্যবাদ",O O O O O O O O O O O O O O O O O O O O O O O O O O B-Medicine O O O O O O O O O O O O O O O O O O O O O O O O O O O O O O O O O O O O O O,O O O O O O O O O O O O O O O O O O O O O O O O O O O O O O O O O O O O O O O O O O O O O O O O O O O O O O O O O O O O O O O O O,Medicine,1.9666356980001185,,1179.0
"আমার মেয়ের বয়স ৮ মাস চলছে গত দুই দিন থেকে ওর পায়খানা খুব শক্ত হচ্ছে পায়খানা করার সময় কান্না করে । বুকের দুধের পাশাপাশি খিচুড়ি , সুজি এগুলো খাইতে দিচ্ছি এখন কি করতে হবে জানাবেন । ",O O B-Age I-Age I-Age O O O O O O B-Symptom I-Symptom I-Symptom O O O O O O O O O O O O O O O O O O O O O O,O O O O O O O O O O O O O O O O O O O O O O O O O O O O O O O O O O O O,Age,13.694981999999982,,1180.0
"ডাক্তার ভাইকে প্রশ্ন করার জন্য ধন্যবাদ । Tab Vertina Plus - তিন বেলা খালি পেটে তিনদিন , Tab Fexo 120 - দুই বেলা , ৩ - ৫ দিন খেতে পারেন । ধন্যবাদ",O O O O O O O B-Medicine I-Medicine I-Medicine O B-Dosage I-Dosage I-Dosage I-Dosage I-Dosage O B-Medicine I-Medicine I-Medicine O B-Dosage I-Dosage I-Dosage I-Dosage I-Dosage I-Dosage I-Dosage O O O O,O O O O O O O O O O O O O O O O O O O O O O O O O O O O O O O O,Medicine,38.31610247300023,,1181.0
Thanks for questioning daktarbhai . Continue Tab . Rupa for 10 days and start Tab . Zimax 500mg 0 + 1 + 0 for 5 days . Thanks,O O O O O O B-Medicine I-Medicine I-Medicine O B-Dosage I-Dosage O O B-Medicine I-Medicine I-Medicine I-Medicine B-Dosage I-Dosage I-Dosage I-Dosage I-Dosage I-Dosage I-Dosage I-Dosage O O,O O O O O O O O O O O O O O O O O O O O O O O O O O O O,Medicine,3.670984129999852,,1182.0
"ডাক্তার ভাইকে প্রশ্ন করার জন্য ধন্যবাদ । আপনি অতি দ্রুত একজন অভিজ্ঞ গাইনি বিশেষজ্ঞের পরামর্শ নিন , দেরি করবেন না । ধন্যবাদ",O O O O O O O O O O O O B-Specialist I-Specialist O O O O O O O O,O O O O O O O O O O O O B-Specialist I-Specialist O O O O O O O O,Specialist,2.5339396019999185,,1183.0
ডাক্তারভাইকে প্রশ্ন করার জন্য ধন্যবাদ । প্রথমত জ্বর মাপবেন । লক্ষ্য রাখুন খাবারের স্বাদ গন্ধ ঠিক মত পাচ্ছেন কিনা অথবা শরীরে কোথাও rash অথবা কোমরে বা চোখের চারপাশে ব্যথা করছে কিনা । তা হলে আগে ডাক্তারের পরামর্শ নিবেন । ঠান্ডা খাবার খাবেন না । কুসুম গরম পানিতে ১ চিমটি লবণ দিয়ে সকালে ও রাতে গার্গল করবেন । Tab Napa 665mg 1 + 1 + 1 after meal if there is pain or fever Supp Napa 500mg 1 stick per rectally if fever is 102F or more Syp Adovas 2 - 3 TSF 3 times daily Tab Monas 10mg 0 + 0 + 1 প্রচুর পানি পান করবেন এবং ভিটামিন সি সমৃদ্ধ খাবার বেশী করে খাবেন । ধন্যবাদ । ,O O O O O O O O O O O O O O O O O O O O O O O O O O O O O O O O O O O O O O O O O O O O O O O O O O O O O O O O O B-Medicine I-Medicine I-Medicine B-Dosage I-Dosage I-Dosage I-Dosage I-Dosage O O O O O O O O O B-Medicine I-Medicine B-Dosage I-Dosage I-Dosage I-Dosage O O O O O O B-Medicine I-Medicine B-Dosage I-Dosage I-Dosage I-Dosage I-Dosage I-Dosage I-Dosage B-Medicine I-Medicine I-Medicine B-Dosage I-Dosage I-Dosage I-Dosage I-Dosage O O O O O O O O O O O O O O O,O O O O O O O O O O O O O O O O O O O O O O O O O O O O O O O O O O O O O O O O O O O O O O O O O O O O O O O O O O O O O O O O O O O O O O O O O O O O O O O O O O O O O O O O O O O O O O O O O O O O O O O O O O O O O O O O O O O O O O,Medicine,14.56061819300021,,1184.0
আমার ভাই < NAME > । বয়স ২ বছর ৪মাস । ওজন - ১১কেজি । কীভাবে তার ওজন বাড়ানো যায় ? ? ,O O O O O O O B-Age I-Age I-Age O O O O O O O O O O O O,O O O O O O O B-Age I-Age I-Age O O O O O O O O O O O O,Age,3.4183067039998605,,1185.0
Thank you for your question Consult with a medicine specialist and act Accordingly Thank you,O O O O O O O O B-Specialist I-Specialist O O O O O,O O O O O O O O B-Medicine B-Specialist O O O O O,Specialist,3.160151184999904,,1186.0
"ডাক্তার ভাইতে প্রশ্ন করার জন্যে আপনাকে ধন্যবাদ । এটা স্বাভাবিক ভাবেই হতে পারে . . . যদি সাথে অন্য কোনো সমস্যা না থাকে , তাহলে চিন্তার কোনো কারন নেই . . . ",O O O O O O O O O O O O O O O O O O O O O O O O O O O O O O O O,O O O O O O O O O O O O O O O O O O O O O O O O O O O O O O O O,,10.353314376000071,,1187.0
"ডাক্তার ভাই কে প্রশ্ন করার জন্য ধন্যবাদ । এটা হতে পারে , বা অন্য কোন সমস্যা তে ও হতে পারে । পায়খানা কশা হলে বা প্রস্রাব এর সংক্রমণ হলে হতে পারে । একজন বিশেষজ্ঞ র পরামর্শ নিন । ধন্যবাদ । ",O O O O O O O O O O O O O O O O O O O O O O O O O O O O O O O O O O O O O O O O,O O O O O O O O O O O O O O O O O O O O O O O O O O O O O O O O O O O O O O O O,,4.82096576899994,,1188.0
স্যার আমার ইউরোলজিতে সমস্যা আমি এক ইউরোলজির স্যার দেখায় পরিক্ষা নিরিক্ষার করি ২০১৯ এখন আবার সমস্যা দেখা যাচ্ছে । পরিক্ষা নিরিক্ষার রিপোর্ট গুলো দেখানো যাবে । এখন কি করবো । ,O O B-Symptom I-Symptom O O B-Medical_Procedure I-Medical_Procedure I-Medical_Procedure I-Medical_Procedure I-Medical_Procedure O O O O O O O O O O O O O O O O O O O,O O O O O O O O O O O O O O O O O O O O O O O O O O O O O O,Symptom,9.83024686800036,,1189.0
দুই মাসের অন্তঃসত্ত্বা অবস্থায় কোন চুলকানি / দাউদ এর ক্রীম ব্যবহার করা যাবে কিনা ? ? তাছাড়া Darmomix ক্রীম ব্যবহারে কোন অসুবিধা হবে কি ? ? ,O O B-Health_Condition O O O O B-Health_Condition O O O O O O O O O B-Medicine I-Medicine O O O O O O O,O O O O O O O O O O O O O O O O O O O O O O O O O O,Health Condition,3.5608674550003343,,1190.0
"বয়স ৩২ , পিঠে ঘড়ের একটু নিচে ব্যাথা মনে হয় মেরুদণ্ডে কোন সমস্যা",O B-Age O B-Symptom I-Symptom I-Symptom I-Symptom I-Symptom I-Symptom I-Symptom O O O,O O O O O O O O O O O O O,Age,3.194770800000242,,1191.0
ধন্যবাদ আপনাকে প্রশ্নের জন্য । আপনার কাউন্সেলিং দরকার । একজন মনোরোগ বিশেষজ্ঞের পরামর্শ নিন । ধন্যবাদ,O O O O O O O O O O B-Specialist I-Specialist O O O O,O O O O O O O O O O O O O O O O,Specialist,1.8153785109998355,,1192.0
আরাই মাস ধরে প্রেগনেনট ভমির সাথে রক্ত পরে কি করনিয় । মাঝে মদ্দে কোন সমসসা কি ? ,B-Health_Condition I-Health_Condition I-Health_Condition I-Health_Condition B-Symptom I-Symptom I-Symptom I-Symptom O O O O O O O O O,O O O O O O O O O O O O O O O O O,Health Condition,6.047802076000153,,1193.0
আপনাকে ধন্যবাদ প্রশ্ন করার জন্য । টিউমার কেটে ঔগুলো ক্যান্সার আছে কিনা তার জন্য পরীক্ষা করতে হবে । বেশিরভাগ ক্ষেত্রেই টিউমার গুলো লাইপোমা হয়ে থাকে যা ক্যান্সার না । ধন্যবাদ,O O O O O O O O O B-Health_Condition O O O O O O O O O O O O O O O O B-Health_Condition O O O,O O O O O O B-Health_Condition O O B-Health_Condition O O O O B-Medical_Procedure O O O O O B-Health_Condition O B-Health_Condition O O O B-Health_Condition O O O,Health Condition,2.404471282000032,,1194.0
"আপনাকে ধন্যবাদ প্রশ্ন করার জন্য । আপনি আদা , মধু , গরম পানি খান । লেবু দিয়ে লাল চা খেতে পারেন । ধুমপান থেকে বিরত থাকুন । খাবার খাওয়ার আধা ঘন্টার মধ্যে ঘুমাবেন না । একজন মেডিসিন ডাক্তারের পরামর্শ নিন । ধন্যবাদ",O O O O O O O O O O O O O O O O O O O O O O O O O O O O O O O O O O O O B-Specialist I-Specialist O O O O,O O O O O O O O O O O O O O O O O O O O O O O O O O O O O O O O O O O O O O O O O O,Specialist,6.5395472619998145,,
Thank you for your question . You can naturally boost your immunity by taking healthy foods . Thank you . ,O O O O O O O O O O O O O O O O O O O O,O O O O O O O O O O O O O O O O O O O O,,3.9343275760002143,,
H / O laparotomy due to chronic ectopic pregnancy . ,B-Health_Condition I-Health_Condition I-Health_Condition I-Health_Condition O O B-Health_Condition I-Health_Condition I-Health_Condition O,O O O O O O B-Medical_Procedure O O O,Health Condition,1.772962778999954,,
"ধন্যবাদ আপনাকে প্রশ্ন করার জন্য । শুধু ওষুঢ খেলেই হবে না । খাদ্যাভ্যাসে পরিবর্তন আনতে হবে । ইসোমেপ ২০ মিগ্রা খালিপেটে খান দুইবেলা ১ মাস । আপনি শাকসব্জি , ফল , আঁশযুক্ত খাবার খাবেন , পানি খাবেন , ইসুবগুলের ভূষি খাবেন । খালিপেটে থাকবেন না । চা , কফি , গরু , খাসী , মসলাযুক্ত , ভাজাপোড়া কম খাবেন । ধন্যবাদ",O O O O O O O O O O O O O O O O O B-Medicine I-Medicine I-Medicine O O B-Dosage O O O O O O O O O O O O O O O O O O O O O O O O O O O O O O O O O O O O O O,O O O O O O O B-Medicine O O O O O O O O B-Medicine B-Dosage I-Dosage O O B-Dosage B-Dosage I-Dosage O O O O O O O O O O O O O O O O O O O O O O O O O O O O O O O O O O O O O,Medicine,9.54788378000012,,
আমার স্ত্রীর বয়স ২৮ বছর । ১০ বছর হলো কানে কম শোনে । কারণ হিসেবে বলে ১০ বছর আগে প্রচণ্ড সর্দি ও শ্বাসকষ্ট হয়েছিল । শ্বাসকষ্ট টা এখনো মাঝে মাঝে হয় । স্থায়ী কোন সমাধান আছে কি না ? ,O O O B-Age I-Age O O O O B-Symptom I-Symptom I-Symptom O O O O O O O B-Symptom I-Symptom I-Symptom I-Symptom I-Symptom O B-Symptom O O O O O O O O O O O O O,O O B-Age I-Age I-Age O B-Age I-Age O B-Symptom I-Symptom I-Symptom O O O B-Age I-Age O O B-Symptom O B-Symptom O O B-Symptom O O O O O O O O O O O O O O,Symptom,4.4111314619999575,,
ডাক্তার ভাই কে প্রশ্ন করার জন্য ধন্যবাদ । বেশি করে শব্জি খাবে । পেপে ভর্তা দিবেন । বেগুন দিতে পারেন । পানি যেন ৫ গ্লাস খায় । একটু হাঁটতে হবে । ধন্যবাদ । ,O O O O O O O O O O O O O O O O O O O O O O O O O O O O O O O O O,O O O O O O O O O O O O O O O O O O O O O O B-Dosage I-Dosage O O O O O O O O O,,4.671738718000142,,
"আমার মুখে দুর্গন্ধ হচ্ছে , কি করতে পারি ? ",O O O O O O O O O,O O O O O O O O O,,2.1661733440000717,,
4 weeks e Porlo pregnancy . TVS korlam doctor bollo heartbeat pawa jainai . jei size er hoise heartbeat pawar kotha but akhono painai . 2 weeks por abar jete bolse . eta ki kono risk er bepar ? ,O O O O B-Health_Condition O B-Medical_Procedure O O O B-Symptom I-Symptom I-Symptom O O O O O O O O O O O O O O O O O O O O O O O O O O,O O O O O O O O O O O O O O O O O O O O O O O O O O O O O O O O O O O O O O O,Health Condition,3.974610397000106,,
আপনাকে ধন্যবাদ প্রশ্ন করার জন্য । আপনার আম্মার সমস্যা প্যারাসিটামল না খেয়ে কমলে প্রাথমিক চিকিৎসা তে আর কমবে না । আপনি একজন অর্থপেডিক্স বিশেষজ্ঞ কে দেখিয়ে নিন । ধন্যবাদ । ,O O O O O O O O O B-Medicine O O O O O O O O O O O O B-Specialist I-Specialist O O O O O O,O O O O O O O O O B-Medicine O O O O B-Medical_Procedure O O O O O O O B-Specialist I-Specialist O O O O O O,Medicine,1.4093535380002322,,
আপনাকে ধন্যবাদ প্রশ্ন করার জন্য । না দেখে সমাধান দেয়া যাচ্ছে না । প্রয়োজনে App এর Video Consultation এর সহায়তা নিতে পারেন । ধন্যবাদ । ,O O O O O O O O O O O O O O O O O O O O O O O O O,O O O O O O O O O O O O O O O O O O O O O O O O O,,2.5018699849997574,,
"প্রস্রাব করলে হলুদ হয় , প্রস্রাব করার সময় জালাপোড়া , কি খাবো স্যার । ",B-Symptom I-Symptom I-Symptom O O B-Symptom I-Symptom I-Symptom I-Symptom O O O O O,O O O O O O O O O O O O O O,Symptom,1.7692827079999915,,
"In my throat area , there are some allergies . They are spreading more when I ' m sweaty and when I am outside they feel like burning . I wish I can add pictures here ! ! ! I have a very tight schedule for the next 10 days so I can ' t go to the doctor . I want some suggestions . ",B-Symptom I-Symptom I-Symptom I-Symptom I-Symptom I-Symptom I-Symptom I-Symptom I-Symptom O O O O O O O O O O O O O O O O O O O O O O O O O O O O O O O O O O O O O O O O O O O O O O O O O O O O O O O O,O O O O O O O O O O O O O O O O O O O O O O O O O O O O O O O O O O O O O O O O O O O O O O O O O O O O O O O O O O O O O O O O O,Symptom,16.876311017999797,,
১০ দিন পর থেকে জ্বর নেই । কিন্তু ১৩ - ১৪ তম দিনে ১ - ২ বার টেম্পারেচার ৯৯ - ৯৯ . ৪ পর্যন্ত উঠছে । আমাকে কি প্যারাসিটামল খেতে হবে ? যখন ৯৯ - ৯৯ . ৪ হয় তখন হালকা মাথা ব্যথা থাকে । আল্লাহর রহমতে আর কোন সমস্যা নাই । ,O O O O B-Symptom O O O O O O O O O O O O O O O O O O O O O O O B-Medicine O O O B-Symptom I-Symptom I-Symptom I-Symptom I-Symptom I-Symptom I-Symptom I-Symptom I-Symptom I-Symptom I-Symptom O O O O O O O O O,O O O O B-Symptom O O O O O O O O O O O O O O O O O O O O O O O B-Medicine O O O O O O O O O O O O B-Symptom I-Symptom I-Symptom O O O O O O O O,Symptom,1.6260085839999192,,
"আসসালামু আলাইকুম , স্যার , মনটেয়ার ১০ , বিকোজিন ট্যাবলেট খাওয়া অবস্থায় গরভনিরোধক পিল নরেট ২৮ কি কাজ করবে ? ",O O O O O B-Medicine I-Medicine O B-Medicine I-Medicine O O B-Medicine I-Medicine B-Medicine I-Medicine O O O O,O O O O O O O O O O O O O O O O O O O O,Medicine,3.7948702650000996,,
"How to take interogermina 5ml liquid , Before or after eating meal ? & m I need to freeze it if need to reserve it for 5days ? ",O O O B-Medicine I-Medicine I-Medicine O O O O O O O O O O O O O O O O O O O O O O,O O O O O O O O O O O O O O O O O O O O O O O O O O O O,Medicine,4.901096368999788,,
আপনাকে ধন্যবাদ প্রশ্ন করার জন্য । আপনি একটি ভাল হাসপাতালে ভর্তি হয়ে চিকিৎসা নিন । পিজি হাসপাতালে চেষ্টা করে দেখুন । ধন্যবাদ,O O O O O O O O O O O O O O O O O O O O O O,O O O O O O O O O O O O O O B-Medical_Procedure O O O O O O O,,2.9147787750002863,,
"আমার বাম চোখ গত কাল থেকে লাফাচ্ছে । মাথা ব্যাথা করছে । বমি বমি লাগে । হঠাৎ করে পেট ফুলে ফেপে উঠেছে , পেট খুব ভারি লাগে । নিশ্বাস নিতে কষ্ট হয় । আমার ব্যাক পেইন হয়েছিল , তাই ডাক্তারের পরামর্শে ইডমেট ২০ খেয়েছিলাম । ",O O B-Symptom I-Symptom I-Symptom I-Symptom I-Symptom O B-Symptom I-Symptom O O B-Symptom I-Symptom O O O O B-Symptom I-Symptom I-Symptom I-Symptom O B-Symptom I-Symptom I-Symptom I-Symptom O B-Symptom I-Symptom I-Symptom I-Symptom O O B-Symptom I-Symptom O O O O O B-Medicine I-Medicine O O,O O O O O O O O O O O O O O O O O O O O O O O O O O O O O O O O O O O O O O O O O O O O O,Symptom,5.47067734500024,,
"আসসালামু আলাইকুম , আমার প্রশ্ন হচ্ছে শিশুদের প্রস্রাবের রং হলুদ হওয়া কতটুকু স্বাভাবিক বা অস্বাভাবিক বিষয় ? আমার প্রায় ৮ মাস বয়সী একটি মেয়ে সন্তান রয়েছে । বেশকিছু দিন ধরে ওর প্রস্রাবের রং হলুদ হচ্ছে । প্রথম দিকে মনে হয়ছে জ্বর - ঠান্ডার কারনে যে সিরাপ খাওয়ানো হত হইতো সে কারণে হলুদ হচ্ছে । কিন্তু বিষয়টি এখন ভাবিয়ে তুলেছে আমাদের । যদিও এর বাইরে তেমন কোন সমস্যা নেই । প্লিজ পরামর্শ দিবেন । ৬ মাসের পর থেকে বুকের দুধের পাশাপাশি বাড়তি খাবার দেওয়া হচ্ছে । যেমন - সেরেলাক , গরুর দুধ , খিচুড়ি , ফলের রস ইত্যাদি । ",O O O O O O O O O O O O O O O O O O O B-Age I-Age O O O O O O O O O O B-Symptom I-Symptom I-Symptom O O O O O O O O O O O B-Medicine O O O O O O O O O O O O O O O O B-Symptom I-Symptom I-Symptom I-Symptom I-Symptom I-Symptom O O O O O B-Age I-Age O O O O O O O O O O O O O O O O O O O O O O O,O O O O O O O O O O O O O O O O O O O O O O O O O O O O O O O O O O O O O O O O O O O O O O O O O O O O O O O O O O O O O O O O O O O O O O O O O O O O O O O O O O O O O O O O O O O O O O O O O O,Age,7.597712581999986,,
আমার ওয়াইফ এর কিছুদিন ধরে প্রশ্রাবের পর জ্বালা পূড়া করে । প্রশ্রাব ও ঘন ঘন হচ্ছে কিন্তু অল্প । আমরা নতুন বিবাহিত । পরামর্শ আশা করছি । ,O O O O O B-Symptom I-Symptom I-Symptom I-Symptom O O B-Symptom I-Symptom I-Symptom I-Symptom I-Symptom O B-Symptom O O O O O O O O O,O O O O O O O O O O O O O O O O O O O O O O O O O O O,Symptom,3.5599652840001,,
আমার বাচ্চার বয়স ৪ মাস । হাত পা ' র তালু প্রচুর পরিমাণে ঘামে । ঘেমে ঘেমে পানি পড়ে । এমতাবস্থায় কি করা উচিত । ,O O O B-Age I-Age O B-Symptom I-Symptom I-Symptom I-Symptom I-Symptom I-Symptom I-Symptom I-Symptom O B-Symptom I-Symptom I-Symptom I-Symptom O O O O O O,O O O O O O O O O O O O O O O O O O O O O O O O O,Symptom,38.1045855440002,,
"আপনাকে ধন্যবাদ প্রশ্ন করার জন্য , আপনি আপনার খাওয়ার জন্য একটা রুটিন তৈরি করুন । আমিস জাতীয় খাবার খান । এক্সেরসাইস করুন । প্রয়োজনে একজন পুস্তিবিদ র সাথে কথা যোগাযোগ করুন । ",O O O O O O O O O O O O O O O O O O O O O O O O O B-Specialist O O O O O O,O O O O O O O O O O O O O O O O O O O O O O O B-Specialist I-Specialist O O O O O O O,Specialist,2.579144762999931,,
"আপনাকে ধন্যবাদ প্রশ্ন করার জন্য । আপনি প্রাথমিক চিকিৎসা ইতিমধ্যে নিয়েছেন । গরম পানি , আদা , মধু , তুলসি খান । একজন মেডিসিন বিশেষজ্ঞ কে দেখান । ধন্যবাদ । ",O O O O O O O O O O O O O O O O O O O O O O O B-Specialist I-Specialist O O O O O,O O O O O O O O O O O O O O O O O O O O O O O O O O O O O O,Specialist,3.598599859999922,,
"ডাক্তার ভাই কে প্রশ্ন করার জন্য ধন্যবাদ । Tab Aristosilver 0 + 1 + 0 30 days খাওয়ার পর । লেবুর শরবত , ফলের রস এ দুর্বলতা দ্রুত কাটবে । ডিম , দুধ দিবেন । ধন্যবাদ । ",O O O O O O O O B-Medicine I-Medicine B-Dosage I-Dosage I-Dosage I-Dosage I-Dosage O O O O O O O O O O O B-Symptom O O O O O O O O O O,O O O O O O O O O O O O O O O O O O O O O O O O O O O O O O O O O O O O O,Medicine,3.148031121999793,,
Thank you for your question Bukof syrup 3times a day for 3days . Tab . Fexo 120mg 0 + 0 + 1 for 3days . If not cured antibiotic will be required . Thank you,O O O O O B-Medicine I-Medicine B-Dosage I-Dosage I-Dosage I-Dosage I-Dosage O B-Medicine I-Medicine I-Medicine I-Medicine B-Dosage I-Dosage I-Dosage I-Dosage I-Dosage O O O O O O O O O O O O O,O O O O O O O O O O O O O O O O O O O O O O O O O O O O O O O O O O O,Medicine,18.962985584000307,,
thanks for your question to daktarbhai . . . You can take Bicozin 1 + 0 + 1 for another 1 month . . . You also can take a multivitamin one tab for 1 month,O O O O O O O O O O O O B-Medicine B-Dosage I-Dosage I-Dosage I-Dosage I-Dosage I-Dosage I-Dosage I-Dosage I-Dosage O O O O O O O O B-Medicine I-Medicine I-Medicine O O O,O O O O O O O O O O O B-Medicine B-Dosage O O B-Dosage O O B-Dosage I-Dosage O O O O O O O O B-Medicine B-Dosage I-Dosage O B-Dosage I-Dosage O O,Medicine,3.5269964389999586,,
ডাক্তার ভাই কে প্রশ্ন করার জন্য ধন্যবাদ । পায়খানা নরম থাকবে । কয়বার করে ? সারাদিনে ? পায়খানা কি পাতলা ? কেউ বেশি করে কেউ কম । পায়খানা ঠিক থাকলে কোন সমস্যা না । ধন্যবাদ । . ,O O O O O O O O O O O O O O O O O O O O O O O O O O O O O O O O O O O O O,O O O O O O O O B-Symptom I-Symptom O O O O O O B-Symptom O I-Symptom O O O O O O O O O O O O O O O O O O,,4.96050237999998,,
Thank you for asking your question to daktarbhai . Apnar keno ai shomossha hosse ta na jene kono oushud khawa jabe na . apni akjon urology doctor ke dekhaben . ,O O O O O O O O O O O O O O O O O O O O O O O O O B-Specialist I-Specialist O O O,O O O O O O O O O O O O O O O O O O B-Medicine O O O O O O B-Specialist I-Specialist O O O,Specialist,11.307424341000115,,
"আমর কোমরো খুব ব্যাথা , বসা , হাটা , ওনুয়ে কাজ করায় খুব সমস্যা , রাতের গুমাইতে নড়াচড়া করতে পারি না আমি কি করব । ",O B-Symptom I-Symptom I-Symptom O O O O O O O O O O O B-Symptom I-Symptom I-Symptom I-Symptom I-Symptom I-Symptom O O O O,O B-Symptom I-Symptom I-Symptom O O O O O O O O O O O O O O O O O O O O O,Symptom,3.9309731980001743,,
আমার মায়ের বয়স ৪০ + তার মাঝে মাঝে অনেক শরীর ব্যাথা হয় । শরীর ব্যাথা হলে তার করনীয় জানাবেন । ধন্যবাদ । ,O O O B-Age I-Age O O O O B-Symptom I-Symptom O O B-Symptom I-Symptom O O O O O O O,O O O O O O O O O O O O O O O O O O O O O O,Symptom,14.503827746000297,,
গোসল এর সময় কানে পানি যেন না যায় । ধন্যবাদ । ,O O O O O O O O O O O,O O O O O O O O O O O,,2.0894357880001735,,
I am observing bright red blood on my rectum while pooping for last three days . I am not feeling any pain and I am not suffering from constipation . Requesting doctor ' s guidance in this regard . ,O O O B-Symptom I-Symptom I-Symptom I-Symptom I-Symptom I-Symptom I-Symptom I-Symptom I-Symptom I-Symptom I-Symptom I-Symptom O O O O O O O O O O O O O O O O O O O O O O O O,O O O O O O O O O O O O O O O O O O O O O O O O O O O O O O O O O O O O O O O,Symptom,3.40188456199985,,
"আপনাকে ধন্যবাদ প্রশ্ন করার জন্য । বংশপরম্পরায় লম্বা অথবা খাটো হওয়া নির্ভর করে , আপনি পূষ্টিকর খাবার গ্রহণ করুন , ব্যায়াম করতে পারেন । Internet এ এই সংক্রান্ত তথ্য পাবেন । ধন্যবাদ । ",O O O O O O O O O O O O O O O O O O O O O O O O O O O O O O O O O,O O O O O O O O O O O O O O O O O O O O O O O O O O O O O O O O O,,6.190081690999705,,
ডাক্তার ভাই কে প্রশ্ন করার জন্য ধন্যবাদ । ২ টা medicine ই deepression & anxiety র ওষুধ । তেমন কোনো সমস্যা হবার কথা না । সুতরাং ভয় এর কিছু নাই । ,O O O O O O O O O O O O B-Health_Condition O B-Health_Condition O O O O O O O O O O O O O O O O,O O O O O O O O O O O O O O O O O O O O O O O O O O O O O O O,Health Condition,4.71419319000006,,
তিন সপ্তাহ যাবত আমার মায়ের কাছে ছিল এরপর যখন কফ পরীক্ষা করে তখন তার টিবি রোগ ধরা পড়ে তার কফের মধ্যে জীবাণু পাওয়া যায় . . . তিনি এখন টিবির রোগের ওষুধ খাচ্ছেন . . . কিন্তু বাসায় আমার ভাগ্নি থাকে তার বয়স ২ মাস ৭ দিন . . . . আমার মায়ের কাশি শুরু হবার পর থেকে তিনি আলাদা থাকতেন এই তিন সপ্তাহে আমার ভাগ্নেকে মাঝে মধ্যে খুলে নিয়েছেন . . . . . খুলে নিলে বেশিক্ষণ সময় রাখতেন না . . . ওকে আমরা বিসিজি টিকা দিয়েছি জন্মের পরে . . . . বর্তমানে আমার ভাগ্নি কোন সমস্যা দেখা দেয়নি . . সবকিছ নর্মাল আছে . . এখন আমাদের আর কিছু করতে হবে কিনা,O O O O O B-Symptom O O O B-Medical_Procedure I-Medical_Procedure O O O B-Health_Condition I-Health_Condition O O O B-Symptom O O O O O O O O O B-Health_Condition I-Health_Condition O O O O O O O O O O O O B-Age I-Age I-Age I-Age O O O O O O B-Symptom O O O O O O O O O O O O O O O O O O O O O O O O O O O O O O O O B-Medicine I-Medicine O O O O O O O O O O O O O O O O O O O O O O O O O O O O,O O O O O O O O O O O O O O O O O O O O O O O O O O O O O O O O O O O O O O O O O O O O O O O O O O O O O O O O O O O O O O O O O O O O O O O O O O O O O O O O O O O O O O O O O O O O O O O O O O O O O O O O O O O O O O O O O O O O,Symptom,19.55484873200021,,
"ধন্যবাদ আপনাকে প্রশ্ন করার জন্য । প্রিয় গ্রাহক , আপনার রোগটির চিকিৎসার জন্য আরও বিস্তারিত তথ্য জানা দরকার । আপনি ডাক্তারভাই এপ্লিকেশন থেকে ' Video Call To A Doctor ' সার্ভিসটি ব্যবহার করে একজন গ্যাস্ট্রোএন্টেরোলজি বিশেষজ্ঞ ডাক্তারের এপয়েন্টমেন্ট নিয়ে ভিডিও কল এ কথা বলতে পারেন এবং ডাক্তারএর লেখা প্রেস্ক্রিপশন আপনি আপনার এপ্লিকেশন এ পেয়ে যাবেন । আরও বিস্তারিত জানতে < NUMBER > তে কল করুন । ধন্যবাদ । ",O O O O O O O O O O O O O O O O O O O O O O O O O O O O O O O O O O B-Specialist I-Specialist O O O O O O O O O O O O O O O O O O O O O O O O O O O O O O O O,O O O O O O O O O O O O O O O O O O O O O O O O O O O O O O O O O O O O O O O O O O O O O O O O O O O O O O O O O O O O O O O O O O O O,Specialist,8.305708755999603,,
ডাক্তার ভাই কে প্রশ্ন করার জন্য ধন্যবাদ । বাচ্চা কে বাড়তি খাবার খেতে দেওয়া যাবেনা । আপনি একজন Pediatricianএর সাথে যোগাযোগ করতে পারেন ধন্যবাদ । ,O O O O O O O O O O O O O O O O O O B-Specialist O O O O O O,O O O O O O O O O O O O O O O O O O O O O O O O O,Specialist,4.648625771000297,,
"বয়স ৩২ , প্রেসার আছে আমি কি ডিম , দুধ খেতে পারবোনা । ১৪০ / ৯৫ , ১৩০ / ৯০ , সকালে bisopro - 5 , রাতে - Bizoran - 5 / 40",O B-Age O B-Health_Condition O O O O O O O O O O O O O O O O O O B-Medicine I-Medicine I-Medicine O O O B-Medicine I-Medicine I-Medicine I-Medicine I-Medicine,O O O O O O O O O O O O O O O O O O O O O O O O O O O O O O O O O,Medicine,30.958118675999685,,
"আমার আব্বার হঠাৎ করে ডায়াবেটিস ( fasting 4 . 9 & 2 HOUR POR 7 ) এবং প্রেসার ( ১২০ / ৫০ ) কমে যায় , ঘুম কম হইছিল ওইদিন । ওইদিন কোন ঔষধ না খেয়ে ডায়াবেটিস & প্রেসার কমই ছিল । প্রেসার সবসময় ১৫০ / ৬০ থাকত osartil 100mg 1 + 0 + 0 , cildip 5mg 1 + 0 + 1 , myocor 2 . 5mg 1 + 0 + 1 ঔষধ গুলো রেগুলার খাওয়ার পর । ডায়াবেটিস এর ঔষধ amaryl 1mg & linatab 5mg খাইত । এখন ডায়াবেটিস ঔষধ গুলো বন্ধ আছে এবং ডায়াবেটিস নরমাল আছে । এখন cildip বাদ দিয়ে osartil 100mg 1 + 0 + 0 , myocor 2 . 5mg 1 + 0 + 1 ঔষধ গুলো খাওয়ার পর প্রেসার ১৬৫ / ৭০ থাকে সবসময় । cildip কি বাদ কি দিব , করনীয় কি ? ",O O O O B-Health_Condition O O O O O O O O O O O O O O O O O O O O O O O O O O O O O O O B-Health_Condition O B-Health_Condition O O O O O O O O O B-Medicine I-Medicine B-Dosage I-Dosage I-Dosage I-Dosage I-Dosage O B-Medicine I-Medicine B-Dosage I-Dosage I-Dosage I-Dosage I-Dosage O B-Medicine I-Medicine I-Medicine I-Medicine B-Dosage I-Dosage I-Dosage I-Dosage I-Dosage O O O O O O B-Health_Condition O O B-Medicine I-Medicine O B-Medicine I-Medicine O O O B-Health_Condition O O O O O B-Health_Condition O O O O B-Medicine O O B-Medicine I-Medicine B-Dosage I-Dosage I-Dosage I-Dosage I-Dosage O B-Medicine I-Medicine I-Medicine I-Medicine B-Dosage I-Dosage I-Dosage I-Dosage I-Dosage O O O O O O O O O O O B-Medicine O O O O O O O O,O O O O B-Health_Condition O O O O O O O O O O O B-Health_Condition O O O O O O O O O O O O O O O O O O O O O O O O O O O O O O O O O O O O O O O O O O O O O O O O O O O O O O O O O O O O O O O O O O O O O O O O O O O O O O O O O O O O O O O O O O O O O O O O O O O O O O O O O O O O O O O O O O O O O O O O O O O O,Medicine,73.34976635199973,,
Gestic er jonno khub dhekus hosse ( gestic coming up ) and khub uneasy feel korse . Ki medicine use kora jai . ,B-Symptom O O O B-Symptom O O B-Symptom O O O O O O O O O O O O O O O,O O O O O O O O O O O O O O O O O O O O O O O,Symptom,2.0812058120000074,,
"ধন্যবাদ আপনাকে প্রশ্ন করার জন্য । আপনি তরল খাবার , স্যালাইন , পানি খাবেন । আপনি টক ফল , সিভিট খান । গরম পানি খাবেন একটু পর পর । মাথায় পানি দিবেন , গা মুছবেন । জ্বর ১০০ ডিগ্রির উপরে উঠলে নাপা খাবেন । ১০২ এর উপরে উঠলে সাপোসিটর দিবেন । ভাইরাল জরে এন্টিবায়োটিকের কাজ নেই । ধন্যবাদ",O O O O O O O O O O B-Medicine O O O O O O O O B-Medicine O O O O O O O O O O O O O O O O B-Symptom I-Symptom I-Symptom I-Symptom O B-Medicine O O O O O O B-Medicine O O B-Symptom I-Symptom B-Medicine O O O O,O O O O O O B-Symptom O O O O O B-Symptom O O O O O O O B-Dosage O O B-Symptom O O O O O B-Health_Condition B-Age O O O B-Medicine O B-Health_Condition O O O B-Medicine O O O O O O O O O O O O O O O O O,Medicine,11.647287906999736,,
আমি কানে কম শুনি এবং কানের ভিতরে শো শো ঝি ঝি শব্দ হয় কানে নার্ভ সমস্যা আছে । কি এমন ওষুধ খেলে আমি কানে ভাল করে শুনতে পারবো,O B-Symptom I-Symptom I-Symptom O B-Symptom I-Symptom I-Symptom I-Symptom I-Symptom I-Symptom I-Symptom O B-Symptom I-Symptom I-Symptom O O O O O O O O O O O O,O O O O O O O O O O O O O B-Health_Condition I-Health_Condition I-Health_Condition O O O O B-Medicine O O O O O O O,Symptom,6.559198512999956,,
"Amar bon er LH test er result 8 . 27 mlU / ml asche , eta ki normal range . ",O O O B-Medical_Procedure I-Medical_Procedure O B-Symptom I-Symptom I-Symptom I-Symptom I-Symptom I-Symptom I-Symptom I-Symptom O O O O O O,O O O O O O O O O O O O O O O O O O O O,Medical Procedure,2.2885208699999566,,
আপনাকে ধন্যবাদ প্রশ্ন করার জন্য । আপনি আপনার আম্মাকে একজন ডাক্তারকে দেখান । ডায়াবেটিস রোগির যেকোন ঘা বা পায়ের সমস্যা গুরুতর সমস্যাতে পরিণত হতে পারে । তাই অল্প থাকতেই তা সঠিক চিকিৎসা নেয়া প্রয়োজন । ধন্যবাদ,O O O O O O O O O O O O O B-Health_Condition O O B-Symptom O B-Symptom I-Symptom O O O O O O O O O O O O O O O O,O O O O O O O O O O O O O O O O O O O O O O O O O O O O O O O O O O O O,Symptom,27.724440883999705,,
আমার মায়ের পায়ের গোড়ালি খুব ব্যাথা করে । আর কোমরে ব্যাথা করে । মাঝে মাঝে যন্ত্রনার জন্য ম্যসাজ করলেও কাজ হয়না । প্রেসার লো,O B-Symptom I-Symptom I-Symptom I-Symptom I-Symptom O O O B-Symptom I-Symptom O O O O O O O O O O O B-Symptom I-Symptom,O O O O O O O O O O O O O O O O O O O O O O O O,Symptom,4.915529887000048,,
"আমার বয়স ২৩ , আমার গত ৩ দিন ভারী ধরনের জ্বর ছিল , প্রচুর পানি - স্যালাইন - ডাবের পানি - লেবুর শরবত - কাচা আম খেয়েছি , যা এখনও চলছে , সাথে প্যারাসিটামল । এখন জ্বর নেই , তবে মাথা ভার হয়ে থাকে , কিছু খেলেই পায়খানা করা লাগে , পায়খানা পাতলা ও হয় আবার শক্ত ও হয় । শরীর দূর্বল , শরীরে স্বাভাবিক ভাব নেই , মাথা ব্যাথা টা সকালে হচ্ছে ১ দিন ধরে , যা আগে আমার কখনই হয়নি । এমতাবস্থায় আমার করণীয় গুলো কী কী হতে পারে , যদি বলতেন , খুবই কৃতজ্ঞ থাকতাম । বলা বাহুল্য যে , গত ১ মাসে আমার মা এবং বোনের ও একই সমস্যা ছিল । ",O O B-Age O O O O O O O B-Symptom O O O O O B-Medicine O O O O O O O O O O O O O O O O B-Medicine O O B-Symptom O O O B-Symptom I-Symptom O O O B-Symptom I-Symptom I-Symptom I-Symptom I-Symptom O B-Symptom I-Symptom O O O O O O O B-Symptom I-Symptom O B-Symptom I-Symptom I-Symptom I-Symptom O B-Symptom I-Symptom O O O O O O O O O O O O O O O O O O O O O O O O O O O O O O O O O O O O O O O O O O O O O,O O O O O O O O O O O O O O O O O O O O O O O O O O O O O O O O O O O O O O O O O O O O O O O O O O O O O O O O O O O O O O O O O O O O O O O O O O O O O O O O O O O O O O O O O O O O O O O O O O O O O O O O O O O O O O O O O O O,Symptom,9.384527680000247,,
"Ami moner dik theke khub problem e achi . kno karon charai sobar sathe baze behave kori , keu kcu akta bolley rege jy . familyr sobar satheo okarone baze behave kori . ami amon ta kkrte cy na tao kmn jno hoe jy . sob somoy bivinno bisoy tension hoy . gf er satheo ager moto kotha bolte parina , or satheo ank kharap behave kori . ami relax thakte cy tao pari na . friends der karo sathe ager moto kotha bolte parina , keu moja kore kcu bollei khub rege jy . age amon ta hoto na . ami ki korte pari , , , please help me",O B-Health_Condition I-Health_Condition I-Health_Condition I-Health_Condition I-Health_Condition I-Health_Condition I-Health_Condition O O O O O O O O O O O O O O O O O O O O O O O O O O O O O O O O O O O O O O O O O O O O O O O O O O O O O O O O O O O O O O O O O O O O O O O O O O O O O O O O O O O O O O O O O O O O O O O O O O O O O O O,O O O O O O O O O O O O O O O O O O O O O O O O O O O O O O O O O O O O O O O O O O O O O O O O O O O O O O O O O O O O O O O O O O O O O O O O O O O O O O O O O O O O O O O O O O O O O O O O O O O O O O O O O O O O O O O,Health Condition,8.4524809429995,,
আমার অনেকদিন জাবত শরীর দুর্বল শরীরে জালাপোড়া কোন কাজে মাথা ব্যথা জর সর্দি রোগে ভুগতেছি আমি আপনাদের কাছে একটু হেল্প চাই,O O O B-Symptom I-Symptom B-Symptom I-Symptom O O B-Symptom I-Symptom B-Symptom B-Symptom O O O O O O O O,O O O O O O O O O O O O O O O O O O O O O,Symptom,2.4498185190004733,,
"আমার বয়স , ৩৪ বছর ২৫ দিন আগে জ্বর এবংকাশি হয় ৩ দিন পর জ্বর সেরে গেলেও কাশি সারেনি , ৬ তারিখ কভিড১৯ টেষ্ট করাই ১০ জুন রিপোর্ট পজেটিভ আসছে , জ্বরের সময় Azithrocin 500 mg , ৬ দিন , Fenadin120 mg 6 দিন , Ambrox সিরাপ ১০ দিন খেয়েছি , নাপা এখনও খাচ্ছি কারন প্রায়ই মাথা ব্যাথা থাকে , এখন কাশির জন্য কি খাওয়া যাবে , দয়াকরে যানাবেন । ",O O O B-Age I-Age O O O B-Symptom B-Symptom O O O O B-Symptom O O B-Symptom O O O O B-Medical_Procedure I-Medical_Procedure O O O O O O O B-Symptom O B-Medicine I-Medicine I-Medicine O O O O B-Medicine I-Medicine O O O B-Medicine I-Medicine O O O O B-Medicine O O O O B-Symptom I-Symptom O O O B-Symptom O O O O O O O O,O O O O O O O O O O O O O O O O O O O O O O O O O O O O O O O O O O O O O O O O O O O O O O O O O O O O O O O O O O O O O O O O O O O O O O,Symptom,5.710053963000064,,
"ধন্যবাদ আপনাকে প্রশ্ন করার জন্য । গ্যাসের জন্য হতে পারে । আপনি শাকসব্জি , ফল , আঁশযুক্ত খাবার খাবেন , পানি খাবেন , ইসুবগুলের ভূষি খাবেন । মসলাযুক্ত , ভাজাপোড়া কম খাবেন । ধন্যবাদ",O O O O O O B-Symptom O O O O O O O O O O O O O O O O O O O O O O O O O O O,O O O O O O O O O O O O O O O O O O O O O O O O O O O O O O O O O O,Symptom,3.4181340060004004,,
"আমার ছেলের পাতলা পায়খানা , বয়স 2 মাস কি ঔষধ খাওয়াব",O O B-Symptom I-Symptom O O B-Health_Condition I-Health_Condition O O O,O O O O O O O O O O O,Symptom,4.289553039000566,,
"বুকে কফ জমাট বাধা আছে , কাশি আছে , কফ বের হয় শক্ত শক্ত , বুক সব সময় জাম থাকে , অনেক সময় দম ছাড়তে সমস্যা হয় । উচ্চ রক্তচাপ আছে এন্জিলক ৫০ + খাই নিয়মিত । তবে বুকের কফ সব বের হয়ে গেলে আমি সুস্থ্যতা বোধ করি । বুকের জমাট বাধা কফ তরল করে বের হওয়ার প্রয়োজনীয় ব্যবস্থা দিলে উপকৃত হব । ",B-Symptom I-Symptom I-Symptom I-Symptom O O B-Symptom O O B-Symptom I-Symptom I-Symptom I-Symptom I-Symptom O B-Symptom I-Symptom I-Symptom I-Symptom I-Symptom O O O B-Symptom I-Symptom I-Symptom O O B-Health_Condition I-Health_Condition O B-Medicine I-Medicine I-Medicine O B-Dosage O O B-Symptom I-Symptom O O O O O O O O O B-Symptom I-Symptom I-Symptom I-Symptom O O O O O O O O O O,O O O O O O O O O O O O O O O O O O O O O O O O O O O O O O O O O O O O O O O O O O O O O O O O O O O O O O O O O O O O O O O,Symptom,4.464162613000553,,
"I am 37 years of old . I come from office everyday and take bath at night . My question is , will there be any physical ( Health ) problems if i take a bath every night . . . . ? ? ? ",O O B-Age O O O O O O O O O O O O O O O O O O O O O O O O O O O O O O O O O O O O O O O O O O,O O B-Age I-Age O O O O O O O O O O O O O O O O O O O O O O O O O O O O O O O O O O O O O O O O O,Age,3.946358012000019,,
"You may use mouthwash in this case . Mouthwash oral c , is a good option . But you first consult with a Dentist to know the exact cause of your problem and proper management . Thank you . ",O O O O O O O O O O O O O O O O O O O O O O O O O O O O O O O O O O O O O O O,O O O O O O O O O O O O O O O O O O O O O O O O O O O O O O O O O O O O O O O,,3.386699294000209,,
"আপনাকে ধন্যবাদ প্রশ্ন করার জন্য । ওজন বাড়ানোর অনেক ডায়েট প্লান আছে যা বয়স ও উচ্চতা অনুযায়ী একজন ডায়েটিসিয়ান দিয়ে থাকেন । আমি আপনাকে একটি সহজ প্লান দিচ্ছি । আপনি মাংস , দুধ , ডিম , ভাত , আলু , মিষ্টি , মাছ বেশি করে খাবেন । নিয়মিত ব্যায়াম করবেন । রাত জাগবেন না । দুশ্চিন্তা করবেন না । ধন্যবাদ",O O O O O O O O O O O O O O O O O O B-Specialist O O O O O O O O O O O O O O O O O O O O O O O O O O O O O O O O O O O O O O O O O,O O O O O O O O O O O O O O O O O O B-Specialist O O O O O O O O O O O O O O O O O O O O O O O O O O O O O O O O O O O O O O O O O,Specialist,4.177736587999789,,
suffering from pain in knee and back of ma za it occurs time to time . in the meantime i use d febustat40 1yr back . now I want ur valuable advice . ,O O B-Symptom I-Symptom I-Symptom I-Symptom I-Symptom I-Symptom I-Symptom I-Symptom O O O O O O O O O O O B-Medicine I-Medicine O O O O O O O O O O,O O B-Symptom O B-Symptom O B-Symptom O O O O O O O O O O O O O O O O B-Medicine B-Age O O O O O O O O,Symptom,1.0071716259999448,,
বর্তমানে আমার সুগার 8 আছে এখন আমি কোন ঔষধ খাই না । কোন ঔষধ খাব কিনা । ,O B-Health_Condition I-Health_Condition I-Health_Condition I-Health_Condition O O O O O O O O O O O O,O O B-Health_Condition I-Health_Condition O O O O B-Medicine O O O O B-Medicine O O O,Health Condition,28.298389688000498,,
ডাক্তার ভাই কে প্রশ্ন করার জন্য ধন্যবাদ হ্যাঁ কমপ্লিট করতে হবে ধন্যবাদ,O O O O O O O O O O O O,O O O O O O O O O O O O,,6.25176611400002,,
প্রচন্ড মাইগ্রেন এর ব্যাথা কি করনিও ৷ ৷ ৷ ,O B-Health_Condition O O O O O O O,O O O O O O O O O,Health Condition,2.1872119320005368,,
"আপনাকে ধন্যবাদ প্রশ্ন করার জন্য । না দেখে সমাধান দিতে পারছি না , প্রয়োজনে App এর Video Call এর সহায়তা নিতে পারেন । ধন্যবাদ । ",O O O O O O O O O O O O O O O O O O O O O O O O O,O O O O O O O O O O O O O O O O O O O O O O O O O,,0.9772117060001619,,
আমার চোখের চশমার পাওয়ার - ২ . ৭৫ । আমি কি ল্যাসেক করাতে পারবো ? কেমন খরচ হতে পারে ? আর ন্যাচারাল উপায় আছে কি যেভাবে এমনিতেই ঠিক হয়ে যাবে ? ,O O O O O O O O O O O O O O O O O O O O O O O O O O O O O O O,O O O O O B-Dosage I-Dosage O O O B-Medical_Procedure O O O O O O O O O O O O O O O O O O O O,,2.2116475119992174,,
"Formatide unicap 400 , এর জেনেরিক নাম কি ? এটি পাওয়া যাচ্ছে না , এর পরিবর্তে কি নেয়া যেতে পারে ? ? ",B-Medicine I-Medicine I-Medicine O O O O O O O O O O O O O O O O O O O,O O O O O O O O O O O O O O O O O O O O O O,Medicine,11.556350758000008,,
"আমার বয়স ২৯ বছর ৩ বছর যাবত আমি কোন কিছু খেলে তা সম্পুর্ন হজম হয়না , যার ফলে আমাকে দৈনিক ৩ - ৪ বার টয়লেটে যেতে হয় , আমার স্বাস্থ দিন দিন শুকিয়ে যাচ্ছে , আমার উচ্চতা ৫ . ৭ "" ওজন ৫৩ কেজি",O O B-Age O O O O O O B-Symptom I-Symptom I-Symptom I-Symptom I-Symptom I-Symptom O O O O B-Symptom I-Symptom I-Symptom I-Symptom I-Symptom I-Symptom I-Symptom I-Symptom O O B-Symptom I-Symptom I-Symptom I-Symptom I-Symptom O O O O O O O O O O,O O O O O O O O O O O O O O O O O O O O O O O O O O O O O O O O O O O O O O O O O O O O,Symptom,4.241791343999466,,
Just golar 1pase tonchiler motho bajtece r kichu na . So aitar jonno ki medicine newa jete pare ? ,O B-Symptom I-Symptom I-Symptom I-Symptom I-Symptom O O O O O O O O O O O O O,O O O O O O O O O O O O O O O O O O O,Symptom,2.7142082810005377,,
Amar nam Meghla . Amar boys 13 bosor . prothom jokhon pireod hoyese tokhon pray 12 din chilo . tarpor theke pray 3 - 4 mas por pireod hoy . but jokhoni pireod hoy tokhoni pray 10 - 12 din thake . abar kokhono kokhono pireod valo hoye jawar 10 - 15 por of abar pireod hoye Jay . daktar normens 5mg 1 + 0 + 1 khete bole chilo . 3 mas kintu osud khawa obosthay thik thake na khele abar ager motoi problem hoi . akhon Amar koronio ki ? ,O O O O O O B-Age I-Age O O O O O O O O O O O O O O B-Symptom I-Symptom I-Symptom I-Symptom I-Symptom I-Symptom I-Symptom O O B-Symptom I-Symptom I-Symptom I-Symptom I-Symptom I-Symptom I-Symptom I-Symptom I-Symptom I-Symptom O O B-Symptom I-Symptom I-Symptom I-Symptom I-Symptom I-Symptom I-Symptom I-Symptom I-Symptom I-Symptom I-Symptom I-Symptom I-Symptom I-Symptom I-Symptom O O B-Medicine I-Medicine B-Dosage I-Dosage I-Dosage I-Dosage I-Dosage O O O O B-Dosage I-Dosage O B-Symptom I-Symptom I-Symptom I-Symptom I-Symptom I-Symptom I-Symptom I-Symptom I-Symptom I-Symptom I-Symptom O O O O O O O,O O O O O O O O O O O O O O O O O O O O O O O O O O O O O O O O O O O O O O O O O O O O O O O O O O O O O O O O O O O O O O O O O O O O O O O O O O O O O O O O O O O O O O O O O O O O,Symptom,7.272297520999928,,
আমার মুখে ঠান্ডা কিছু খেলে দাতের শিরশির করে,O B-Symptom I-Symptom I-Symptom I-Symptom I-Symptom I-Symptom I-Symptom,O O O O O O O O,Symptom,1.9697267420006028,,
ডাক্তার ভাই কে প্রশ্ন করার জন্য ধন্যবাদ । পারবেন । ধন্যবাদ । ,O O O O O O O O O O O O,O O O O O O O O O O O O,,1.3771442019997266,,
"আপনাকে ধন্যবাদ প্রশ্ন করার জন্য । পরীক্ষার মাধ্যমে সমস্যার বর্তমান অবস্থা দেখে এর চিকিৎসা করতে হবে , প্রাথমিক অবস্থায় একজন ব্যায়ামের মাধ্যমে ভালো হওয়া সম্ভব । একজন অর্থোপেডিক্স বিশেষজ্ঞের সাথে যোগাযোগ করে এর চিকিৎসা নিন । ধন্যবাদ । ",O O O O O O O O O O O O O O O O O O O O O O O O O O O B-Specialist I-Specialist O O O O O O O O O,O O O O O O O O O O O O O O O O O O O O O O O O O O O O O O O O O O O O O O,Specialist,4.152870464999978,,
আপনাকে ধন্যবাদ প্রশ্ন করার জন্য । আপনার ছেলেকে চোখের ডাক্তার দেখান । নাক বন্ধ থাকলে গরম বাতাসের ভাপ নিতে পারেন । একজন নাক কান গলা বিশেষজ্ঞ কে দেখান । ধন্যবাদ । ,O O O O O O O O O O O O O O O O O O O O O O B-Specialist I-Specialist I-Specialist I-Specialist O O O O O,O O O O O O O O O B-Specialist O O B-Symptom I-Symptom O O O O O O O B-Specialist I-Specialist I-Specialist I-Specialist O O O O O O,Specialist,13.229246169000362,,
"হা করতে গেলে বাম পাশের চোয়ালে ভেতরের দিকে ব্যথা করছে , ঢোক গিললে কোন ব্যাথা নেই ৷ বাম পাশের চোয়াল আর কানের দিকে বাইরের দিকে হাল্কা ফুলে আছে ৷ গলার ভেতর লাইট দিয়ে দেখলে কোন ফুলা কিছু দেখা যাচ্ছে না ৷ কি মেডিসিন খাব ? ",B-Symptom I-Symptom I-Symptom I-Symptom I-Symptom I-Symptom I-Symptom I-Symptom I-Symptom O O B-Symptom I-Symptom I-Symptom I-Symptom I-Symptom O B-Symptom I-Symptom I-Symptom I-Symptom I-Symptom I-Symptom I-Symptom I-Symptom I-Symptom I-Symptom O O B-Symptom I-Symptom I-Symptom I-Symptom I-Symptom I-Symptom I-Symptom I-Symptom I-Symptom I-Symptom I-Symptom O O O O O,O O O O O O O O O O O O O O O O O O O O O O O O O O O O O O O O O O O O O O O O O O O O O,Symptom,4.349419475000104,,
আপনাকে ধন্যবাদ প্রশ্ন করার জন্য । আপনি প্রাথমিক ভাবে প্যারাসিটামল একটা বা দুইটা খাবার পরে খেতে পারেন । কিছুক্ষণ বিশ্রাম নিয়ে দেখতে পারেন । এরপরেও না কমলে একজন ডাক্তারের কাছে গিয়ে পরামর্শ নিতে হবে । ধন্যবাদ,O O O O O O O O O B-Medicine B-Dosage I-Dosage I-Dosage O O O O O O O O O O O O O O O O O O O O O O O,O O O O O O O O O O O O O O O O O O O O O O O O O O O O O O O O O O O O,Medicine,3.1019197480000003,,
"আপনাকে ধন্যবাদ প্রশ্ন করার জন্য । যক্ষা নির্মুল হবার পরে যক্ষা আবার হতে পারে । রাতে জ্বর , ওজন কমে যাওয়া , শুকনা কাশি , অবসাদ ইত্যাদি যক্ষা রোগের লক্ষন । ধন্যবাদ",O O O O O O B-Health_Condition O O O B-Health_Condition O O O O B-Symptom I-Symptom O B-Symptom I-Symptom I-Symptom O B-Symptom I-Symptom O B-Symptom O B-Health_Condition O O O O,O O O O O O B-Health_Condition I-Health_Condition O O B-Health_Condition O O O O O B-Symptom O B-Symptom I-Symptom I-Symptom B-Symptom I-Symptom B-Symptom O O B-Health_Condition O O O O O,Symptom,3.524666430000252,,
"গত বৃহঃবার ইফতারের পর ডিম পোলাও খেয়ে ঘুমালাম । ঘুম থেকে উঠার পর থেকে শুরু হয় মাথায় ব্যাথা । মাথার ডান পাশে ( কানের উপরে ) প্রচন্ড পেইন । এই ব্যাথা বেড়ে এখন ডান চোখ , ডান পাশের উপরের মাড়ি ইত্যাদি ব্যাথা । নাপা এক্সটেন্ড খেয়েছি । কমেনি । আজ নরমাল নাপা খেলাম । ব্যাথা তো কমছে না । মনে হয় মাথার ডান পাশের কোনো রগের থেকে ব্যাথার উতপত্তি । জোড়ে চেপে ধরে রাখলে ভালো লাগে । খুব পেইন , কিছু খেতেও কষ্ট হচ্ছে । আপনার পরামর্শ পেলে উপকৃত হব । ধন্যবাদ । < NAME > বয়সঃ ২৪",O O O O O O O O O O O O O O O O B-Symptom I-Symptom O B-Symptom I-Symptom I-Symptom I-Symptom I-Symptom I-Symptom I-Symptom I-Symptom I-Symptom O O B-Symptom O O B-Symptom I-Symptom I-Symptom I-Symptom I-Symptom I-Symptom I-Symptom I-Symptom I-Symptom O B-Medicine I-Medicine O O O O O O B-Medicine O O B-Symptom O O O O O O O O O O O O B-Symptom O O O O O O O O O O B-Symptom O B-Symptom I-Symptom I-Symptom I-Symptom O O O O O O O O O O O O O B-Age,O O O O O O O O O O O O O O O O O O O O O O O O O O O O O O O O O O O O O O O O O O O O O O O O O O O O O O O O O O O O O O O O O O O O O O O O O O O O O O O O O O O O O O O O O O O O O O O O O O,Symptom,8.867697051000505,,
দীর্ঘ সময় ধরে মোবাইল / কম্পিউটার চালালে চোখের কোন ক্ষতি হয় কি ? ,O O O O O O O O O O O O O,O O O O O O O O O O O O O,,2.946615902999838,,
আমার ছেলের বয়স সারে ৬ বছর । বাইরে থেকে আসলে চোখ দুইটা অনেক লাল হয়ে থাকে আর অনেক চুলকায় । আর কোন সমস্যা নাই । ,O O O O B-Age I-Age O O O O B-Symptom I-Symptom I-Symptom I-Symptom I-Symptom I-Symptom O O B-Symptom O O O O O O,O O B-Age I-Age I-Age I-Age O O O O B-Symptom I-Symptom O I-Symptom I-Symptom I-Symptom O O I-Symptom O O O O O O,Symptom,1.8137244360004843,,
"ছোট বিরালের বাচ্চা কামড় দিয়েছে , এখন কি করতে হবে ? ? ",B-Health_Condition I-Health_Condition I-Health_Condition I-Health_Condition O O O O O O O O,O O O O O O O O O O O O,Health Condition,0.6483804260005854,,
আমার শাশুড়ি আম্মুর মানসিক সমস্যা প্রায় ১৫ বছর ধরে অনেক ডা : দেখিয়েছি কোন সমাধান হয় নি . . এখন করনিয় কি ? জানাবেন প্লিজ . . উত্তরা অথবা গাজিপুর মধ্যে এই রোগের কোন ভালো ডা : থাকলে জানাবেন প্লিজ,O O O B-Health_Condition I-Health_Condition I-Health_Condition I-Health_Condition I-Health_Condition O O O O O O O O O O O O O O O O O O O O O O O O O O O O O O O O,O O O O O O O O O O O O O O O O O O O O O O O O O O O O O O O O O O O O O O O O,Health Condition,4.3251578849994985,,
ধন্যবাদ আপনাকে প্রশ্ন করার জন্য । রোগীর সাথে সরাসরি কথা বলে হিস্ট্রি নিয়ে সমস্যা শুনে সমাধান দিতে হবে । বিশদ আলোচনার জন্য আপনি ভিডিও কলের এপয়েনমেন্ট নিন । আপনার সাথে বিস্তারিত আলোচনা করে prescription সহ বুঝিয়ে দিবেন । ধন্যবাদ,O O O O O O O O O O O O O O O O O O O O O O O O O O O O O O O O O O O O O O O,O O O O O O O O O O O O O O O O O O O O O O O O O O O O O O O O O O O O O O O,,4.063212164999641,,
"আপনাকে ধন্যবাদ প্রশ্ন করার জন্য । আপনি ঠিকই জানেন , হরমনের কারনে মুখে দাড়ি কম উঠতে পারে । বংশগত বা কিছু চর্ম রোগের কারনেও এমন হতে পারে । আপনি একজন হরমনের ডাক্তারের পরামর্শ নিন । ধন্যবাদ",O O O O O O O O O O O O O O O O O O B-Health_Condition O O B-Health_Condition I-Health_Condition O O O O O O O B-Specialist I-Specialist O O O O,O O O O O O O O O O B-Health_Condition O O B-Symptom I-Symptom O O O O O O O B-Health_Condition I-Health_Condition O O O O O O B-Specialist I-Specialist O O O O,Health Condition,1.2309892639996178,,
"There are no set recommendations on when a woman would be able to conceive and have a baby after epilepsy surgery . In general , we would like to make sure that the surgery was able to control seizures ( for this reason , we like to wait 6 to12 months after surgery ) , minimize the number of medications that the woman is taking ( we prefer that no more than one medication is given ) , and that there have been no other surgical complications . Thank you",O O O O O O O O O O O O O B-Health_Condition O O O O O B-Medical_Procedure I-Medical_Procedure O O O O O O O O O O O O O O O O O B-Health_Condition O O O O O O O O O O O O O O O O O O O O O O O O O O O O O O O O O O O O O O O O O O O O O O O O O O O,O O O O O O O O O O O O O O O O O O O O O O O O O O O O O O O O O O O O O O O O O O O O O O O O O O O O O O O O O O O O O O O O O O O O O O O O O O O O O O O O O O O O O O O O O O,Health Condition,11.114880441000423,,
আপনাকে ধন্যবাদ প্রশ্ন করার জন্য । আপনার সমস্যাটি না দেখে ঠিকমত বোঝা যাচ্ছে না । আপনার কথা শুনে মনে হচ্ছে মামস হয়েছে অথবা আপনার কোনো লিমফ গ্লান্ড ফুলে গেছে । এর প্রতিকার না দেখে চিকিৎসা দেয়া যাবে না । আপনি একজন মেডিসিন বিশেষজ্ঞ কে দেখান । প্রাথমিকভাবে গরম পানি খেতে পাতেন । ব্যাথার জন্য প্যারাসিটামল ৫০০ মিলিগ্রাম একটা করে খেতে পারেন । ধন্যবাদ । ,O O O O O O O O O O O O O O O O O O O O B-Health_Condition O O O O B-Health_Condition I-Health_Condition I-Health_Condition I-Health_Condition O O O O O O O O O O O O B-Specialist I-Specialist O O O O O O O O O O O B-Medicine I-Medicine I-Medicine B-Dosage I-Dosage O O O O O,O O O O O O O O O O O O O O O O O O O B-Health_Condition O O O O O B-Health_Condition I-Health_Condition O O O O O O O O O O O O O O B-Specialist I-Specialist O O O O O O O O O O O B-Medicine O B-Dosage I-Dosage O O O O O O,Health Condition,2.6359513859997605,,
মোটা কমানোর ঔষধ আছে কি আমার ওজন ৮৬ কেজি ৯মাস হয়ছে আমার সিজার হয়ছে বেবি এখনো ফিডিং করে কিভাবে ওজন কমাতে পারি,O O O O O O O O O O O O B-Medical_Procedure O O O O O O O O O,O O B-Medicine O O O B-Age I-Age O B-Age I-Age O B-Medical_Procedure O O O O O O O O O,Medical Procedure,2.3958204040000055,,
আমার মাঝেমাঝে পেট কামড়াচ্ছে আর পায়খানা হচ্ছে । একটু চিন্তা উত্তেজনা হলেও মাঝে মাঝে পেট কামরাচ্ছে । আগে গ্যাসের সমস্যা হলে এরকম হত । কিন্তু আমি এখন নিয়মিত গ্যাসের ওষধ খাই তারপরেও হচ্ছে । পায়খানার ধরন পাতলা পায়খানা না কিন্তু নরম । এখন আমি কি করতে পারি । কোন ওষধ খেলে ভাল হয়ে যাব দয়া করে বলবেন । ধন্যবাদ । ,O O B-Symptom I-Symptom O B-Symptom I-Symptom O O O O O O O B-Symptom I-Symptom O O B-Symptom I-Symptom O O O O O O O O B-Medicine I-Medicine O O O O B-Symptom I-Symptom I-Symptom I-Symptom I-Symptom I-Symptom I-Symptom O O O O O O O O O O O O O O O O O O O,O O B-Symptom I-Symptom O B-Symptom I-Symptom O O O O O O O B-Symptom I-Symptom O O B-Health_Condition I-Health_Condition O O O O O O O O B-Health_Condition I-Health_Condition B-Medicine O O O O O B-Symptom I-Symptom O O O O O O O O O O O O O O O O O O O O O O,Symptom,7.1484473430000435,,
আমার ওয়াইফ প্রেগ্নেন্ট । সে কিছু খেলেই বমি করে । এটা প্রায় এক মাস যাবত । এমতাবস্থায় কি করা উচিত ? ,O O B-Health_Condition O O O O B-Symptom O O O O O O O O O O O O O,O O B-Health_Condition O O O O B-Symptom O O O O B-Age I-Age O O O O O O O,Health Condition,1.6353446250004708,,
"আমার গত ৪ দিন ধরে প্রচন্ড কাশি , হাল্কা জ্বর , শরীর খুব দুর্বল । আমি tofen , r miracof খাইসিলাম কমে নাই । । । বুকে cough জমে আছে । কি করনীয় ? ? ? ",O O B-Symptom I-Symptom I-Symptom I-Symptom I-Symptom O B-Symptom I-Symptom O B-Symptom I-Symptom I-Symptom O O B-Medicine O B-Medicine I-Medicine O O O O O O B-Medicine I-Medicine I-Medicine O O O O O O O,O O B-Age I-Age O O B-Symptom O B-Symptom O O O B-Symptom O O B-Medicine O B-Medicine O O O O O O O O O O O O O O O O O O,Symptom,5.833493520000047,,
আপনাকে ধন্যবাদ প্রশ্ন করার জন্য । আপনার সমস্যা কানের ভিতরে যন্ত্র দিয়ে না দেখে বোঝা যাচ্ছে না । নাক কান গলা বিশেষজ্ঞ কে দেখাতে হবে । কানে কোনো মলম বা ড্রপ আপাতত দিয়েন না । ধন্যবাদ । ,O O O O O O O O O O O O O O O O O O B-Specialist I-Specialist I-Specialist I-Specialist O O O O O O O O O O O O O O O,O O O O O O O O O O O O O O O O O O O O O O O O O O O O O O O O O O O O O,Specialist,2.897344461999637,,
"আপনাকে ধন্যবাদ প্রশ্ন করার জন্য । প্রশার এর জন্য আপনার প্রসারের ঔষধ প্রতিদিন খেতে হবে । আপনার খাদ্যাভ্যাস পরিবর্তন করুন । ভাত , গরুর মাংস , চিংড়ি , চর্বি জাতীয় খাবার বাদ দিন । নিয়মিত ব্যায়াম করুন । ধূমপান বা অন্য বদ অভ্যাস ত্যাগ করুন । একজন ডাক্তারকে দেখিয়ে পরামর্শ নিন । ধন্যবাদ",O O O O O O O O O O O O O O O O O O O O O O O O O O O O O O O O O O O O O O O O O O O O O O O O O O O O O,O O O O O O O O O O O B-Medicine B-Dosage O O O O O O O O O O O O O O O O O O O O O O O O O O O O B-Specialist O O O O O O O O O O O,,2.2645733660001497,,
হাতের রগ ফুলে যায় আবার চুপসে যায় । যখন রগ চিকন হয়ে যায় তখন হাতে ভারী কিছু নিয়ে দাড়িয়ে থাকলে স্বাভাবিক অবস্থায় ফিরে আসে ( ফুলে যায় ) এবং অসাড়তা চলে যায় । এটা কি ধরনের রোগ ? কেন হয় এমনটা ? কোন স্পেশালিষ্ট - এর কাছে যাওয়া উচিৎ ? ,B-Symptom I-Symptom I-Symptom I-Symptom O B-Symptom I-Symptom O O O O O O O O O O O O O O O O O O O O O O O O O O O O O O O O O O O O O O O O O O O,O O O O O O O O O O O O O O O O O O O O O O O O O O O O O O O O O O O O O O O O O O O O O O O O O O,Symptom,7.6574925220002115,,
"আমার ছেলের বয়স ১৭ মাস বুকে কফ হাল্কা কাশি আছে , টোফেন সিরাপ কতটুকু দিব ? ধন্যবাদ",O O O B-Age I-Age B-Symptom I-Symptom O B-Symptom O O B-Medicine I-Medicine O O O O,O O O O O O O O O O O O O O O O O,Symptom,2.5974682089999988,,
Daktar bhai ke question korar jonno dhonnobad . rokto bonder medicine porikkha chara deowa jabe na . apni kacher kono hospital a jan . dhonnobad . ,O O O O O O O O O O O O O O O O O O O O O O O O O O,O O O O O O O O B-Medicine I-Medicine I-Medicine O O O O O O O O O O O O O O O,,3.2010599940003885,,
"আমার খুব পেট ব্যাথা করতেছে , এবং পেট ব্যাথা করে হালকা হালকা টয়লেট ও হচ্ছে । কি ঔষধ খেতে পারি ? ? ",O O B-Symptom I-Symptom O O O O O O B-Symptom I-Symptom I-Symptom O O O O O O O O O,O O O O O O O O O O O O O O O O O O O O O O,Symptom,2.6477159269998083,,
"বয়স ৪০ , ছেলে , তিনদিন যাবত মাথা ঘুরাচ্ছে , বসলে এবং দাড়ালে । ব্যাথা নাই , ডায়াবেটিস নাই , পেশার নাই , রোজা আছি । কি করতে পারি ? ",O B-Age O O O B-Symptom I-Symptom I-Symptom I-Symptom I-Symptom I-Symptom I-Symptom I-Symptom O O O O O O O O O O O O O O O O O,O B-Age O O O O B-Symptom I-Symptom O O O O O O O O O O O O O O O O O O O O O O,Age,1.701304622999487,,
"Hello sir , I am a patient of schizophrenia . I regularly take sedil , , perkinil , , tiapine50mg as prescribed by an experienced physician . Now I am facing few problems as indecisions , premature ijaculation , hyper tensions and so many . What should I do ? I have been suffering from this deases since 2008 . Help me sir . ",O O O O O O O O B-Health_Condition O O O O B-Medicine O O B-Medicine O O B-Medicine O O O O O B-Specialist O O O O O O O O B-Health_Condition O B-Health_Condition I-Health_Condition O B-Health_Condition I-Health_Condition O O O O O O O O O O O O O O O O O O O O O O O,O O O O O O O B-Health_Condition I-Health_Condition O O O O B-Medicine O O B-Medicine O O B-Medicine O O O O O O O B-Specialist O O O O O O O O B-Symptom O B-Symptom I-Symptom O B-Symptom I-Symptom O O O O O O O O O O O O O O O O B-Health_Condition O O B-Age O,Health Condition,9.200222394000775,,
ধন্যবাদ আপনাকে প্রশ্ন করার জন্য । না দেখে সমাধান দেয়া যাচ্ছেনা । সরাসরি একজন চর্ম বিশেষজ্ঞ দেখান । ধন্যবাদ,O O O O O O O O O O O O O O B-Specialist I-Specialist O O O,O O O O O O O O O O O O B-Specialist I-Specialist I-Specialist O O O O,Specialist,1.195926172000327,,
ধন্যবাদ আপনাকে প্রশ্নের জন্য । আপনার মাথার চামড়ায় কোন ব্যাকটেরিয়া বা ফাংগাল ইনফেকশন আছে কিনা তা না দেখে ওষুধ দেয়া যাবেনা । সরাসরি একজন চর্ম বিশেষজ্ঞ দেখান । ধন্যবাদ,O O O O O O O O O O O O O O O O O O O O O O O O B-Specialist I-Specialist O O O,O O O O O O O O O O O O O O O O O O O O O O O O O O O O O,Specialist,4.595339186999809,,
Thanks for your question to daktar bhai . please do urine r / e and ultrasound lower abdomen and visit a gynae doctor . Thanks . ,O O O O O O O O O O B-Medical_Procedure I-Medical_Procedure I-Medical_Procedure I-Medical_Procedure O B-Medical_Procedure I-Medical_Procedure I-Medical_Procedure O O O B-Specialist I-Specialist O O O,O O O O O O O O O O O O O O O O O O O O O O O O O O,Medical Procedure,4.434286505000273,,
"বয়স ২৩ বছর , ওজন ৫০ কেজি । হাইপ্রেসার , এলারজি , ডায়বেটিস শ্বাসকষ্ট নেই । দুইদিন ধরে আমার প্রচন্ড জ্বর আর মাথা ব্যথা । আমি নাপা এক্সটেন্ড খাচ্ছি , মাথা ব্যাথা কমলেও জ্বর ভালো হচ্ছে না । রাতে জ্বর বেশি আসে । গলার স্বর ভেংগে গেছে । শরির ব্যথা করছে । অল্প কাশিও আছে । এমতাবস্থায় আমার করনীয় কি ? ",O B-Age I-Age O B-Health_Condition I-Health_Condition I-Health_Condition O B-Symptom O B-Symptom O B-Health_Condition I-Health_Condition I-Health_Condition O B-Symptom I-Symptom I-Symptom I-Symptom I-Symptom I-Symptom I-Symptom I-Symptom I-Symptom O B-Medicine I-Medicine O O B-Health_Condition I-Health_Condition I-Health_Condition I-Health_Condition I-Health_Condition I-Health_Condition I-Health_Condition O B-Symptom I-Symptom I-Symptom I-Symptom O B-Symptom I-Symptom I-Symptom I-Symptom O B-Symptom I-Symptom I-Symptom O B-Symptom I-Symptom I-Symptom O O O O O O,O B-Age I-Age O O B-Dosage I-Dosage O B-Health_Condition O B-Health_Condition O B-Health_Condition B-Symptom O O O O O B-Symptom O B-Symptom I-Symptom O O B-Medicine I-Medicine O O B-Symptom I-Symptom O B-Symptom O O O O O B-Symptom O O O O B-Symptom I-Symptom O O O B-Symptom O O O O O O O O O O O O,Symptom,11.05234472200027,,
Hello . Recently amr face a akta problem hocce . Jekhane chap dari thake oi area and eyebrows er ashey pashey dandruff er moton kicu hocce regular . ecara naker pashe pashe r kaner lotir moddheo hocce . ullekkho je Amr face a dari nei . Eta chulkay r dandruff er moton hye thakey . soap diye dhouile halka jay but sompurno jayna . abr skin chulkay r khoshkhoshey hye thakey . Eta jonno ki korte pari please janaben Note : 1 . 5 month agey amr jor hyecilo tar por theke doctor er prescription onujai Cicloson Nasal spray use korteci . dine dui bar 2 month use korte bolce . etar sathey kono problem ace kina janaben . ,O O O O O O O O O O O B-Symptom I-Symptom I-Symptom I-Symptom I-Symptom I-Symptom I-Symptom I-Symptom I-Symptom I-Symptom I-Symptom I-Symptom I-Symptom I-Symptom I-Symptom O O O B-Symptom I-Symptom I-Symptom I-Symptom I-Symptom I-Symptom I-Symptom I-Symptom O O O O O O O O O O B-Symptom I-Symptom I-Symptom I-Symptom I-Symptom I-Symptom I-Symptom O O O O O O O O O O O B-Symptom I-Symptom I-Symptom I-Symptom I-Symptom I-Symptom O O O O O O O O O O O O O O O O O O O O O O O O O B-Medicine I-Medicine I-Medicine O O O B-Dosage I-Dosage I-Dosage I-Dosage I-Dosage O O O O O O O O O O O O,O O O O O O O O O O O O O O O O O O O O O O O O O O O O O O O O O O O O O O O O O O O O O O O O O O O O O O O O O O O O O O O O O O O O O O O O O O O O O O O O O O O O O O O O O O O O O O O O O O O O O O O O O O O O O O O O O O O O O O O,Symptom,8.093205389000104,,
"golay , ghare kalo dag pore kalo hoye gese . . koroniyo ki ? er age doctor dekhanor por ekta molom diyechilo . . but oita dile golay culkani hoto . e sara o ghorowa vabe lebu use korechi fol paini . . . ghorowa kono tips ba kono upay dile upokrito hobo . ",B-Symptom I-Symptom I-Symptom I-Symptom I-Symptom I-Symptom I-Symptom I-Symptom I-Symptom O O O O O O O O O O O O O O O O O O B-Symptom I-Symptom O O O O O O O O O O O O O O O O O O O O O O O O O,O O O B-Symptom I-Symptom O B-Health_Condition I-Health_Condition I-Health_Condition O O O O O O O B-Specialist O O O B-Medicine O O O O O O O B-Symptom O O O O O O O B-Medicine O O O O O O O O O O O O O O O O O,Symptom,63.54990174900013,,
আমার এী একমাস এর পেগনেট কিন্তু হঠাৎ করে কিছুই খায়তে পারতেছে না শুধু বমি করে এখন কি কোন ওষুধ খাওয়াতে পারব বা কি ওষুধ খাওয়াবো জানাবেন,O O B-Health_Condition I-Health_Condition I-Health_Condition O B-Symptom I-Symptom I-Symptom I-Symptom I-Symptom I-Symptom I-Symptom I-Symptom I-Symptom O O O O O O O O O O O,O O O O B-Health_Condition O O O O O O O O B-Symptom O O O O O O O O O O O O,Health Condition,3.9079997409999123,,
ডাক্তারভাইকে প্রশ্ন করার জন্য ধন্যবাদ । আপনি যে লক্ষণ গুলো উল্লেখ করেছেন সে অনুযায়ী ডাক্তারের দেয়া ঔষধগুলো চিকিৎসা অনুযায়ী সঠিক আছে । ঔষধগুলো ডাক্তার যেভাবে যেকটা দিন খাওয়ার পরামর্শ দিয়েছেন সে ভাবেই খাওয়াবেন । সমস্যা হলে তাঁর সাথেই আবার আলোচনা করুন । প্রয়োজন হলে তিনিই বাচ্চার ঔষধ পরিবর্তন করে দিবেন । লক্ষ্য রাখুন বাসার বাকি সদস্যদের ও চুলকানি হচ্ছে কিনা । পরিস্কার পরিচ্ছন্নতা বজায় রাখুন । ধন্যবাদ । ,O O O O O O O O O O O O O O O O O O O O O O O O O O O O O O O O O O O O O O O O O O O O O O O O O O O O O O O O O B-Symptom O O O O O O O O O O,O O O O O O O O B-Symptom O O O O O O O O O O O O O O O O O O O O O O O O O O O O O O O O O O O O O O O O O O O O O O O O O O O O O O O O O O O,Symptom,13.413118493000184,,
শিশু ডাক্তার দেখিয়ে নিন । ধন্যবাদ । ,B-Specialist I-Specialist O O O O O,O O O O O O O,Specialist,2.050272170000426,,
"ধন্যবাদ আপনাকে প্রশ্নের জন্য । সকল প্রকার তরল খাবার , কালোজিরা , লাউ , শিং মাছ খান । ধন্যবাদ",O O O O O O O O O O O O O O O O O O O,O O O O O O O O O O O O O O O O O O O,,3.814157693999732,,
ডাক্তার ভাই এর সাথে থাকার জন্য ধন্যবাদ । পূর্বের উওর অনুসরণ করুন,O O O O O O O O O O O O,O O O O O O O O O O O O,,1.3058744270001625,,
"গত ৪ দিন ধরে জ্বর , মাথাব্যথা । নাপা , মায়োট্রিল এবং মাইগ্রিয়াম খাওয়ার পর ও জ্বর এবং মাথাব্যথা কমছে না । মাথার একপাশে ব্যথা করছিল গত পরশুদিন , আজকে মাথার দুই দিকেই ব্যথা । ",O O O O B-Symptom O B-Symptom O B-Medicine O B-Medicine O B-Medicine O O O B-Symptom O B-Symptom O O O B-Symptom I-Symptom I-Symptom O O O O O B-Symptom I-Symptom I-Symptom I-Symptom O,O O O O O O O O O O O O O O O O O O O O O O O O O O O O O O O O O O O,Symptom,94.23740879999968,,
"আপনাকে ধন্যবাদ প্রশ্ন করার জন্য । এর নানা কারন থাকতে পারে , আপনি সরাসরি একজন মেডিসিন বিশেষজ্ঞের পরামর্শ নিন । ধন্যবাদ । ",O O O O O O O O O O O O O O O B-Specialist I-Specialist O O O O O,O O O O O O O O O O O O O O B-Specialist I-Specialist O O O O O O,Specialist,1.518647380999937,,
ধন্যবাদ আপনাকে প্রশ্নের জন্য । আপনার সমস্যার সমাধান না হলে আপনি সেই সার্জনের কাছে আবার যান ৷ উনি আপনাকে ভাল ব্যাখ্যা দিতে পারবে । । ধন্যবাদ,O O O O O O O O O O O O B-Specialist O O O O O O O O O O O O O,O O O O O O O O O O O O B-Specialist O O O O O O O O O O O O O,Specialist,2.127653786999872,,
"আমার বিয়ে হয়েছে ২ বছর , আমি এখন বাচ্চা নিতে চাই , কিন্তু আমার উপযুক্ত সময়ে স্বামী কাছে থাকতে পারে না , ওর চাকরি দূরে সপ্তাহে ২ দিন আসে , এই মাসে ছুটি থাকায় কাছে থাকতে পেরেছি , ২১ তারিখ পিরিয়ড হবার তারিখ । আজ ১৬ তারিখ খুব ব্রেস্টে ব্যথা হচ্ছে আর খুব দুর্বল লাগছে । । আমি এই মাসে প্রেগনেন্ট হবার কোনো সম্ভাবনা কি আছে ? ",O O O O O O O O O O O O O O O O O O O O O O O O O O O O O O O O O O O O O O O O B-Health_Condition O O O O O O O B-Symptom I-Symptom O O O B-Symptom I-Symptom O O O O O B-Health_Condition O O O O O O,O O O B-Age I-Age O O O O O O O O O O O O O O O O O O O O B-Age I-Age O O O O O O O O O B-Age I-Age O O O O O O O B-Age I-Age O O B-Symptom I-Symptom O O O B-Symptom O O O O O O O O O O O O,Health Condition,11.316515925999738,,
Thanks for questioning to daktervai . Don ' t worry . it wil resolve by itself,O O O O O O O O O O O O O O O O,O O O O B-Specialist O O O O O O O O O O O,,1.9092314219997206,,
"এক সপ্তাহ যাবত মাথাটা কেমন জানি জাম হয়ে থাকে কেমন জানি হ্যাং হয়ে যায় , , , মনে হয় যেন প্রচন্ড চাপ । তেতুল খেলে সামান্য একটু কমে আবার বেড়ে যায় , , , , । কি করনীয় আছে পরামর্শ দিন প্লিজ । ",O O O B-Symptom I-Symptom I-Symptom I-Symptom I-Symptom I-Symptom O O O O O O O O O O O O O O O O O O O O O O O O O O O O O O O O O O,O O O B-Symptom O O O O O O O O O O O O O O O O B-Symptom O O O O O O O O O O O O O O O O O O O O O O,Symptom,7.707032605000677,,
আপনাকে ধন্যবাদ প্রশ্ন করার জন্য । আপনি একজন চর্ম রোগের বিশেষজ্ঞের পরামর্শ নিন । ধন্যবাদ,O O O O O O O O B-Specialist I-Specialist I-Specialist O O O O,O O O O O O O O B-Specialist I-Specialist I-Specialist O O O O,Specialist,7.337044551999497,,
আমার মেয়ের বয়স ৩ বছর । হাট এর রুগী pdA stant করানো আছে ২বছর হল । এখন জিহবায় ঘ্যাঁ । জি করতে পারি । ,O O O B-Age I-Age O O O O O O O O O O O O B-Symptom I-Symptom O O O O O,O O O O O O O O O O O O O O O O O O O O O O O O,Age,16.48635288300011,,
ধন্যবাদ আপনাকে প্রশ্নের জন্য । বৃদ্ধির জন্য এই বয়সে এমন ব্যাথা হয় । চিন্তার কারণ নেই ৷ খুব ব্যাথা হলে গরম পানির সেঁক দিবেন । ধন্যবাদ,O O O O O O O O O O O O O O O O O O O O O O O O O O,O O O O O O O O O O O O O O O O O O O O O O O O O O,,4.216377058000035,,
"ধন্যবাদ প্রশ্ন করার জন্য । টয়লেট নরম রাখতে হবে , সকাল এ খালি পেটে ইসুপগুলের ভুষি খাবেন , সহজ পাচ্য খাবার খাবেন , প্রচুর পানি পান করবেন । আপনি আপনার ডাক্তারের ফলোআপএ থাকুন নিয়মিত । ভাল থাকুন । ",O O O O O O O O O O O O O O O O O O O O O O O O O O O O O O O O O O O O O O,O O O O O O O O O O O O O O O O O O O O O O O O O O O O O O O O O O O O O O,,3.2199794369998926,,
"মেডাম আমার ওয়াইফ এর মাঝে মাঝে তলপেটে ব্যাথা হয় । কিন্ত ডাক্তার কিছুই পাচ্ছে না যে কেনো হয় , উনারা বলছে সব ঠিক আছে । আমি এখন কি করতে পারি বলবেন মেডাম । ",O O B-Symptom I-Symptom I-Symptom I-Symptom I-Symptom I-Symptom O O O O O O O O O O O O O O O O O O O O O O O O O,O O O O O O O O O O O O O O O O O O O O O O O O O O O O O O O O O,Symptom,3.6846890309998344,,
Thanks for questioning to daktervai . For Acne you have to drink plenty of water . Tab azith 500mg 0 + 1 + 0 for 5 days . Wash your face 3 hourly with water daily . Use any well known brand oil free face wash,O O O O O O O O O O O O O O O O B-Medicine I-Medicine I-Medicine B-Dosage I-Dosage I-Dosage I-Dosage I-Dosage O O O O O O O O O O O O O O O O O O O O O O,O O O O O O O O O O O O O O O O O O O O O O O O O O O O O O O O O O O O O O O O O O O O O O,Medicine,23.538863886999934,,
ডাক্তার ভাইতে প্রশ্ন করার জন্যে আপনাকে ধন্যবাদ । আপনি দয়া করে একজন শিশু বিশেষজ্ঞ চিকিৎসক এর পরামর্শ নিন । ,O O O O O O O O O O O O B-Specialist I-Specialist O O O O O,O O O O O O O O O O O O O O O O O O O,Specialist,4.551008192000154,,
"আমার বুকের ডান পাশে শাস নিলে বেথা করছে প্রায় ১ সপ্তাহ । এখন শাস নিলে বেথা হয় না কিন্তু হাচি দিলে বেথা করে । এ অবস্থায় আমি কি করব ? ? হস্পিতালে যাব , যদি যেতে হই কোন হস্পিতালে যাব ? ? ? ? ? ",O B-Symptom I-Symptom I-Symptom I-Symptom I-Symptom I-Symptom I-Symptom O O O O O B-Symptom I-Symptom I-Symptom I-Symptom O O B-Symptom I-Symptom I-Symptom I-Symptom O O O O O O O O O O O O O O O O O O O O O O,O B-Symptom I-Symptom I-Symptom O O B-Symptom I-Symptom O B-Age I-Age O O O O O B-Symptom I-Symptom O O O O O B-Symptom I-Symptom O O O O O O O O O O O O O O O O O O O O,Symptom,27.41850012499981,,
আমার পায়খানার রাস্তায় খুব বেশি বেদনা এবং পায়খানার সাথে রক্ত যায় । ,O B-Symptom I-Symptom I-Symptom I-Symptom I-Symptom O B-Symptom I-Symptom I-Symptom O O,O O O O O B-Symptom O O O B-Symptom O O,Symptom,0.7448265670000183,,
ফেব্রয়ারীতে ডাক্তার দেখিয়েছিলাম । এখন সব ডকুমেন্টস দিয়ে ক্যাশ ক্লেইম করতে পারব ? ,O O O O O O O O O O O O O,O B-Specialist O O O O O O O O O O O,,41.3258509139996,,
"আপনাকে ধন্যবাদ প্রশ্ন করার জন্য । তিনটি ডোজ , প্রথম ডোজ তার এক মাস পর দ্বিতীয় , তার ছয়মাস পর তৃতীয় । বাজারে প্রচলিত সব গুলো টিকাই ভালো । টিকা দেয়ার জন্য নিকটস্থ ভ্যাকসিনেশন সেন্টারে যোগাযোগ করুন । ধন্যবাদ । ",O O O O O O O O O O O O O O O O O O O O O O O O O O O O O O O O O O O O O O O O,O O O O O O O O O O O O O O O O O O O O O O O O O O O O O O O O O O O O O O O O,,3.3508014859999093,,
"আপনাকে ধন্যবাদ প্রশ্ন করার জন্য । কৃমির ঔষধ , এটি একটি পরজীবীনাশক । রোগের ধরন ( Symptoms ) - এর উপর নির্ভর করে ও পরজীবী ভেদে চিকিৎসক যার প্রয়োগ প্রক্রিয়া নির্ধারণ করেন । আমাদের দেশে সাধারণত যে ধরনের পরজীবীর আক্রমণ হয় তার উপর ভিত্তি করে - Tab . Alben DS 400mg একটি ট্যাবলেট এক বেলা একবার মাত্র খেতে হবে । ধন্যবাদ । ",O O O O O O O O O O O O O O O O O O O O O O O O O O O O O O O O O O O O O O O O O O O O O O B-Medicine I-Medicine I-Medicine I-Medicine I-Medicine O O B-Dosage I-Dosage I-Dosage O O O O O O,O O O O O O B-Medicine I-Medicine O O O B-Health_Condition I-Health_Condition O O O O O O O O O O B-Specialist O O O O O O O O O O O O O O O O O O O O O B-Medicine I-Medicine B-Dosage O O B-Dosage I-Dosage I-Dosage I-Dosage I-Dosage O O O O O O O,Medicine,25.422892517000037,,
"Amar babar goto 2 / 3 din low BP silo . . kal bikale porikkha korar por ta bere 104 / 152 hoe . . . ekhon sorir khub kharap . . Matha gurae , ghar batha . . ekhon unar ki kora uchit ? . . BP ta maintain korar upae bolben ? ",O O O O O O O B-Symptom I-Symptom O O O O O O O O O O O O O O O O O O B-Symptom I-Symptom I-Symptom O O B-Symptom I-Symptom O B-Symptom I-Symptom O O O O O O O O O O O O O O O O O,O O O B-Age I-Age I-Age I-Age B-Symptom I-Symptom O O O O O O O O O B-Symptom I-Symptom I-Symptom O O O O O O O O O O B-Symptom I-Symptom O B-Symptom I-Symptom O O O O O O O O O O O O B-Health_Condition I-Health_Condition O O O O,Symptom,2.3620276559995546,,
আমার ১০দিন থেকে মাথা বেথা করতেছে । শুধুই মাথা বেথা করে । আর চোখ মাঝে মাঝে বেথা করে । যখন চোখ বন্ধ করে তখন বেথা কম লাগে । মাথাটা সব সময় বেথা করে,O O O B-Symptom I-Symptom O O O B-Symptom I-Symptom O O O B-Symptom I-Symptom I-Symptom I-Symptom O O O O O O O B-Symptom O O O B-Symptom I-Symptom I-Symptom I-Symptom O,O O O O O O O O O O O O O O O O O O O O O O O O O O O O O O O O O,Symptom,3.7611697829997865,,
আপনাকে ধন্যবাদ প্রশ্ন করার জন্য । আপনি একজন মেডিসিন বিশেষজ্ঞের সাথে সাক্ষাৎ করে সরাসরি পরামর্শ নিন । ধন্যবাদ । ,O O O O O O O O B-Specialist I-Specialist O O O O O O O O O,O O O O O O O O O O O O O O O O O O O,Specialist,4.221261266000511,,
ডাক্তার ভাই কে প্রশ্ন করার জন্য ধন্যবাদ । একজন মেডিসিন বিশেষজ্ঞ দেখান । পরিক্ষা করা দরকার । ধন্যবাদ । ,O O O O O O O O O B-Specialist I-Specialist O O O O O O O O,O O O O O O O O B-Specialist I-Specialist I-Specialist O O O O O O O O,Specialist,2.0451050229994507,,
আপনাকে ধন্যবাদ প্রশ্ন করার জন্য । আপনি নাক বন্ধের জন্য গরম পানির ভাপ নিতে পারেন । রাতে ১টা এলাট্রল খেতে পারেন । একজন ডাক্তারকে দেখিয়ে পরামর্শ নিলে ভাল হবে । ধন্যবাদ,O O O O O O O B-Symptom I-Symptom O O O O O O O B-Dosage I-Dosage B-Medicine O O O O O O O O O O O O,O O O O O O O B-Symptom I-Symptom O O O O B-Medical_Procedure I-Medical_Procedure O O B-Dosage B-Medicine O O O O B-Specialist I-Specialist O O O O O O,Symptom,2.839828036999279,,
আপনাকে ধন্যবাদ প্রশ্ন করার জন্য । আপনার বাচ্চার নিউমোনিয়া হতে পারে । আপনি একজন শিশু বিশেষজ্ঞ ডাক্তার র পরামর্শ নিন । ধন্যবাদ,O O O O O O O O O O O O O O B-Specialist I-Specialist O O O O O O,O O O O O O O O B-Health_Condition O O O O O O B-Specialist O O O O O O,Specialist,6.211929511000562,,
Thank you for your question . well you can take conflex everyda in breakfast . Food value is ok . It is made up carbohydrates and other food content . But it depends upon the manufacturing company . Different company mixes different foods with carbohydrate . Thus it is difficult to assess complete food value . Thank You,O O O O O O O O O O O O O O O O O O O O O O O O O O O O O O O O O O O O O O O O O O O O O O O O O O O O O O O O O O,O O O O O O O O O O B-Medicine O O O O O O O O O O O O O O O O O O O O O O O O O O O O O O O O O O O O O O O O O O O O O O O,,11.020596537000529,,
এলারজির জন্য কি dinafex 60mg খাওয়া যাবে ? আর যদি খাওয়া যায় তাহলে কইটা করে খাওয়া যাবে ? বয়স 26 বছর . ,B-Symptom O O B-Medicine I-Medicine O O O O O O O O O O O O O O B-Age I-Age O,O O O O O O O O O O O O O O O O O O O O O O,Symptom,1.416624442000284,,
Problem : দুই সপ্তাহ থেকে একটু বেশি সময় ধরে আমার সর্দি রয়েছে । প্রতি সপ্তাহ এক দিন অফিস করা হয় । দেহের তাপমাত্রা ৯৬ . ৭ থেকে ৯৭ . ৫ থাকে । সর্দির কারনে ডান নাক বন্ধ থাকে এবং সর্দি বেশি থাকে না । বাসায় এসি আছে এবং প্রায়শই চলে । Age : 34 Gender : Male কি ভাবে সর্দি উপশম হবে ? ? দয়াকরে জানাবেন । Thank you . ,O O B-Health_Condition I-Health_Condition I-Health_Condition I-Health_Condition I-Health_Condition I-Health_Condition I-Health_Condition I-Health_Condition I-Health_Condition O O O O O O O O O O O O B-Health_Condition I-Health_Condition I-Health_Condition I-Health_Condition I-Health_Condition I-Health_Condition I-Health_Condition I-Health_Condition O B-Symptom O B-Symptom I-Symptom I-Symptom O O B-Symptom I-Symptom I-Symptom I-Symptom O O O O O O O O O O B-Age O O O O O O O O O O O O O O O O,O O O O O O O O O O O O O O O O O O O O O O O O O O O O O O O O O O O O O O O O O O O O O O O O O O O O O O O O O O O O O O O O O O O O O O,Symptom,4.941059257000234,,
"ডাক্তার ভাইকে প্রশ্ন করার জন্য ধন্যবাদ । Ambolyt Paediatric Drop , 0 . 5ml করে দুই বেলা 5 দিন খাওয়াতে পারেন । এছাড়া প্রচুর পরিমানের বুকের দুধ খাওয়াবেন । এবং বুকে ঘরঘর শব্দ হলে অবশ্যই একজন শিশু বিশেষজ্ঞের সরাসরি পরামর্শ নেবেন । বাচ্চার বুক পরীক্ষা করে প্রয়োজনে ডাক্তার গ্যাস দেওয়ার ব্যবস্থা করে দিবে । ধন্যবাদ",O O O O O O O B-Medicine I-Medicine I-Medicine O B-Dosage I-Dosage I-Dosage I-Dosage I-Dosage I-Dosage I-Dosage I-Dosage O O O O O O O O O O O B-Symptom I-Symptom I-Symptom O O O B-Specialist I-Specialist O O O O O B-Medical_Procedure I-Medical_Procedure O O O B-Medicine O O O O O O,O O O O O O O B-Medicine I-Medicine I-Medicine O B-Dosage I-Dosage I-Dosage O O O O O O O O O O O O O O O O O B-Symptom I-Symptom O O O O B-Specialist I-Specialist O O O O O B-Medical_Procedure I-Medical_Procedure O O O B-Health_Condition O O O O O,Medicine,40.07004505399982,,
আপনাকে ধন্যবাদ প্রশ্ন করার জন্য । আপনি পা গরম পানিতে সেক দিন । ব্যাথার জন্য প্যারাসিটামল খেতে পারেন । একজন ফিজিক্যাল মেডিসিন ডাক্তারের পরামর্ষ নিন । ধন্যবাদ,O O O O O O O O O O O O O B-Symptom O B-Medicine O O O O B-Specialist I-Specialist I-Specialist O O O O,O O O O O O O B-Symptom I-Symptom O B-Medical_Procedure O O B-Symptom O B-Medicine O O O O B-Specialist I-Specialist I-Specialist O O O O,Symptom,2.0875268729996606,,
amar2choke chanirjanna 1month purbeleft eye faco surgery hoeche . ar kto month par right eye faco surgery valo ? ,B-Health_Condition I-Health_Condition O B-Medical_Procedure I-Medical_Procedure I-Medical_Procedure I-Medical_Procedure O O O O O O B-Medical_Procedure I-Medical_Procedure I-Medical_Procedure I-Medical_Procedure O O,O B-Health_Condition O O O B-Medical_Procedure I-Medical_Procedure O O O O O O O O B-Medical_Procedure I-Medical_Procedure O O,Medical Procedure,14.716472047000025,,
Thanks for questioning to daktervai . Walk daily 2 times in a day for 20 min . Avoid carbohydrates,O O O O O O O O O O O O O O O O O O O,O O O O B-Specialist O O O B-Dosage I-Dosage O O O O B-Dosage I-Dosage O O O,,3.514380545999302,,
"আমার বাচ্চার বয়স ৭ দিন , ৪ দিন বয়সে বিলিরুবিন ছিল ১২ . ১০ আজকে ৭ দিন বয়সে এসেছে ১৪ . ৮০ . ও প্রথম দুইদিন আইসিইউ তে ছিল । খাওয়া , প্রসাব , পায়খানা ঠিক আছে । এখন কি করব",O O O B-Age I-Age O B-Health_Condition I-Health_Condition I-Health_Condition I-Health_Condition I-Health_Condition I-Health_Condition I-Health_Condition I-Health_Condition O B-Age I-Age B-Health_Condition I-Health_Condition I-Health_Condition I-Health_Condition I-Health_Condition O O O O O O O O O O O O O O O O O O O,O O O O O O O O O O O O O O O O O O O O O O O O O O O O O O O O O O O O O O O O O,Age,4.117401903000427,,
প্রশ্ন করার জন্য ধন্যবাদ । টিকা নেওয়ার পর এই ধরনের সমস্যা হতে পারে । জ্বরের জন্য tab Napa 500mg . . . 2 + 2 + 2 + 2 করে খাবেন । বেশি পানি খাবেন । ধন্যবাদ । ,O O O O O B-Medicine O O O O O O O O B-Symptom O B-Medicine I-Medicine I-Medicine O O O B-Dosage I-Dosage I-Dosage I-Dosage I-Dosage I-Dosage I-Dosage I-Dosage O O O O O O O O,O O O O O O O O O O O O O O O O O O O O O O O O O O O O O O O O O O O O O O,Medicine,4.960840833000475,,
আমার আজকে যাবত অনেক জ্বর । শরীর দুর্বল হয়ে গেছে । সকালে থেকে ৩ - ৪ টা নাপা খেয়েছি । কিন্তু কোন সমাধান হচ্ছে না । কি করবো ? ,O O O O B-Symptom O B-Symptom I-Symptom O O O O O B-Dosage I-Dosage I-Dosage I-Dosage B-Medicine O O O O O O O O O O O,O O O O O O O O O O O O O O O O O O O O O O O O O O O O O,Symptom,4.595969304000391,,
নিউরো বি ট্যাবলেট ki bethar kajer jonno use hoy,B-Medicine I-Medicine I-Medicine O B-Symptom O O O O,O O O O O O O O O,Medicine,2.033491959999992,,
আমার প্রচুর গলাব্যথা ও কাশ ? কি করা যায় . . ? ? ,O O B-Symptom O B-Symptom O O O O O O O O,O O O O O O O O O O O O O,Symptom,2.7135017249993325,,
"dry cough , sneezing and fever for 2 days . ",B-Symptom I-Symptom O B-Symptom O B-Symptom O O O O,O O O O O O O O O O,Symptom,2.0538770660004957,,
Thanks for your question . age of the baby ? ,O O O O O O O O O O,O O O O O B-Age O O I-Age O,,1.203572430999884,,
আপনার প্রশ্নের জন্য ধন্যবাদ । আগে যে ওষুধ খাইয়েছিলেন সেটাই খাওয়ান । ধন্যবাদ,O O O O O O O O O O O O O,O O O O O O O B-Medicine I-Medicine O O O O,,0.7063043480002307,,
Shahabuddin Medical College And University of Michigan and am interested in the position of the company and the company is a great company for a great price for the new year of,O O O O O O O O O O O O O O O O O O O O O O O O O O O O O O O O,O O O O O O O O O O O O O O O O O O O O O O O O O O O O O O O O,,5.430564563999724,,
"আপনাকে ধন্যবাদ প্রশ্ন করার জন্য । চিকিৎসকের পরামর্শ ছাড়া ঔষধ খাবেন না , একজন অর্থোপেডিকস বিশেষজ্ঞের সাথে সরাসরি দেখা করে বিস্তারিত পরামর্শ করে প্রয়োজনীয় পরীক্ষার পর চিকিৎসা নিন । ধন্যবাদ । ",O O O O O O O O O O O O O O B-Specialist I-Specialist O O O O O O O O O O O O O O O,O O O O O O B-Specialist O O B-Medicine O O O B-Specialist I-Specialist O O O O O O O O O O O O O O O O,Specialist,4.5914479590001065,,
"dear doctor , My wife ( 22yrs ) is pregnant of 12 weeks ; can we start intercourse after 12 week ? Should I take protection ? please suggest if anything else we have to concern as she is pregnant . ",O O O B-Health_Condition I-Health_Condition I-Health_Condition I-Health_Condition I-Health_Condition I-Health_Condition I-Health_Condition I-Health_Condition I-Health_Condition I-Health_Condition O O O O O O O O O O O O O O O O O O O O O O O O O O O O,O O O O O B-Age O O O O B-Age I-Age O O O O O O O B-Age I-Age O O O O O O O O O O O O O O O O O O O O,Health Condition,3.9332766380002795,,
Thanks for questioning daktarbhai . Give Napa Suppository 60mg পায়খানার রাস্তায় জল ১০১ হলে । দিনে ৫ - ৬ ঘণ্টা পর পর দিতে পারবেন । সিরাপ Tofen 0 . 5ml ৩ বেলা করে খাওয়ান ৭ দিন । Flacol drop দিন ৬ ফোঁটা করে দিনে ৩ বেলা ৫ দিন । ধন্যবাদ,O O O O O O B-Medicine I-Medicine I-Medicine O O O O O O B-Dosage I-Dosage I-Dosage I-Dosage I-Dosage I-Dosage I-Dosage O O O B-Medicine I-Medicine I-Medicine I-Medicine I-Medicine B-Dosage I-Dosage O O O O O B-Medicine I-Medicine O B-Dosage I-Dosage I-Dosage I-Dosage I-Dosage I-Dosage O O O O,O O O B-Specialist O O B-Medicine I-Medicine B-Dosage O O O O O O O B-Dosage I-Dosage O O O O O O B-Medicine I-Medicine B-Dosage I-Dosage I-Dosage B-Dosage O O O O B-Dosage O B-Medicine I-Medicine O B-Dosage I-Dosage O O B-Dosage I-Dosage O O O O O,Medicine,3.565338884999619,,
"You should avoid allergic foods like beef , prawn , mutton , sea foods . Avoid dust and dirt . Thanks",O O O O O O O O O O O O O O O O O O O O O,O O O O O O O O O O O O O O O O O O O O O,,2.556651208000403,,
"amr baby girl 4 Years + , hotat kore dekhi upper lip blackish hoie jasse , akhon ki medicine khaobo , r kon speciality dr dekhabo , suggesion pls",O O O B-Age I-Age O O B-Symptom I-Symptom I-Symptom I-Symptom I-Symptom I-Symptom I-Symptom I-Symptom O O O O O O O O O O O O O O,O O O O O O O O O O O O O O O O O O O O O O O O O O O O O,Age,2.843324542999653,,
ডাক্তার ভাইতে প্রশ্ন করার জন্য আপনাকে ধন্যবাদ । আপনি tab - naprosyn 500 mg 1 + 0 + 1 ভরা পেটে ৭ দিন cap - maxpro 20 mg 1 + 0 + 1 খাবার আগে ৭ দিন খাবেন । একজন বিশেষজ্ঞ চিকিৎসক এর পরামর্শ নিবেন । । ,O O O O O O O O O B-Medicine I-Medicine I-Medicine I-Medicine I-Medicine B-Dosage I-Dosage I-Dosage I-Dosage I-Dosage I-Dosage I-Dosage I-Dosage I-Dosage B-Medicine I-Medicine I-Medicine I-Medicine I-Medicine B-Dosage I-Dosage I-Dosage I-Dosage I-Dosage I-Dosage I-Dosage I-Dosage I-Dosage O O O O O O O O O O,O O O O O O O O O O O O O O O O O O O O O O O O O O O O O O O O O O O O O O O O O O O O O O O,Medicine,3.6770817800006625,,
"nok chipar jonno , kon dhoroner medicine newa jay . . ? ? ",B-Symptom I-Symptom O O O O O O O O O O O,O O O O O O O O O O O O O,Symptom,12.640876389000368,,
আমার স্ত্রীর ২তৃতীয় বার গর্ভ ৯ মাস চলছে এমন অবস্থা আজকে তল পেটে খিল লেগে বেদনা হচ্ছে আর ভুমি ভুমি হচ্ছে মাজা বেদনা হচ্ছে,O O B-Health_Condition I-Health_Condition I-Health_Condition I-Health_Condition I-Health_Condition I-Health_Condition O O B-Symptom I-Symptom I-Symptom I-Symptom I-Symptom I-Symptom I-Symptom O B-Symptom I-Symptom I-Symptom I-Symptom I-Symptom I-Symptom,O O O O B-Health_Condition B-Age I-Age O O O O O B-Symptom I-Symptom I-Symptom I-Symptom I-Symptom O O O O O O O,Symptom,1.5926170049997381,,
"স্যার আমার স্ত্রী ৯ মাসের অন্তঃসত্ত্বা , কাল রাত থেকেই ঘাড় অনেক বেথা করছে , শুইতে গেলে বেথা বাড়ে তবে কোন বেথার ঔষধ খায়নি , তবে পেইন কিলার লাগালে একটু কমে , এই অবস্থায় কি কোন বেথার ঔষধ খাওয়া যাবে কিনা , বা এর সমাধান কি ? ? ",O O O O O B-Health_Condition O O B-Symptom I-Symptom I-Symptom I-Symptom I-Symptom I-Symptom O B-Symptom I-Symptom I-Symptom I-Symptom O O O O O O O O O O O O O O O O O O O O O O O O O O O O O,O O O B-Health_Condition I-Health_Condition I-Health_Condition O O O O O O B-Symptom O O O O B-Symptom O O O O B-Medicine O O O B-Medicine I-Medicine O O O O O O O O O B-Medicine O O O O O O O O O O,Symptom,37.03888154800006,,
আমার বাবুর বয়স 2 মাস । ও আজ সন্ধা থেকে পায়খানা প্রসাব করেনি । এটাকি কোনো সমস‍্যা ? কি করতে পারি ? ,O O O B-Age I-Age O O O B-Symptom I-Symptom I-Symptom I-Symptom I-Symptom O O O O O O O O O,O O O O O O O O O O O O O O O O O O O O O O,Age,2.4916689249994306,,
"আমার স্ত্রী বয়স ২৪ ও ১৪ দিনের প্রেগন্যান্ট অবস্থা MM Kit খায় ২৫ তারিখে এন্ড , ঐ দিন মাসিক হয় , কিন্তু আজ দু দিন যাবত bleeding আনে বেশি যাচ্ছে , তাই আমি আল্টাস্রোফ্রাগি করাতে চাই , দয়া করে আমাকে পরিক্ষার নাম টা লিখে দিবেন",O O O B-Age O B-Health_Condition I-Health_Condition I-Health_Condition O B-Medicine I-Medicine O O O O O O O B-Health_Condition O O O O O O O B-Symptom I-Symptom I-Symptom I-Symptom O O O B-Medicine O O O O O O O O O O O,O O O O O O O O O O O O O O O O O O O O O O O O O O O O O O O O O O O O O O O O O O O O O,Health Condition,4.066236306000064,,
1 টি Azithromycin tab সেবন করেই । balance হারাই ফেলছি । আবার doze complet করতে হবে তো balance ঠিক রাখার জন্য কি করতে পারি । দয়াকরে জানালে উপকৃত হব । ,O O B-Medicine I-Medicine O O O O O O O O O O O O O O O O O O O O O O O O O O,O O O O O O O O O O O O O O O O O O O O O O O O O O O O O O,Medicine,2.8884376100004374,,
ডাক্তার ভাই কে প্রশ্ন করার জন্য ধন্যবাদ । কোনো সমস্যা নেই । সিজার এর পর এমন হতে পারে প্রায় ৬ - ৭ মাস । চিন্তা রং কারন নেই । কিন্তু অতিরিক্ত রক্তক্ষরণ হলে ডাকতারের পরামর্শ নিতে হবে । ধন্যবাদ,O O O O O O O O O O O O B-Medical_Procedure O O O O O O O O O O O O O O O O O O O O O O O O O O,O O O O O O O O O O O O B-Medical_Procedure O O O O O B-Age O O I-Age O O O O O O O O O B-Symptom O O O O O O O,Medical Procedure,1.184809244000462,,
আমার পায়ের নখ কালো । পরিষ্কার করলেও কালো যাচ্ছে না । এখন আমি কি করতে পারি ? ,O B-Symptom I-Symptom I-Symptom O B-Symptom I-Symptom I-Symptom I-Symptom I-Symptom O O O O O O O,O O O O O O O O O O O O O O O O O,Symptom,1.838591983000697,,
"গত ৫ দিন ধরে আমার হালকা শরীর ব্যাথা , জ্বর আর অনেক সর্দি ছিল । এখন জ্বর নেই । Rupa Tablet ar Napa Extra খেয়েছিলাম । এখন সমস্যা হচ্ছে , সর্দি বসে গিয়ে কাশি হচ্ছে কফ জমেছে হালকা । মাঝে মাঝে নাখ দিয়ে বের হলে আঠালো আঠালো ভাব সর্দির । আর ডান নাখ বন্ধ থাকছে মাঝে মাঝে । এই জন্য শুধু ডান চোখসহ মাথার ডান পাশে ব্যাথা করছে । এখন কি ঔষধ খাব ? কাল থেকে Rupa Paracetamol খাইনি । ",O O O O O B-Symptom I-Symptom I-Symptom O O O B-Symptom I-Symptom O O O O O O B-Medicine I-Medicine O B-Medicine I-Medicine O O O O O O B-Symptom I-Symptom I-Symptom I-Symptom I-Symptom I-Symptom I-Symptom I-Symptom O O O B-Symptom I-Symptom I-Symptom I-Symptom I-Symptom I-Symptom I-Symptom I-Symptom O O B-Symptom I-Symptom I-Symptom I-Symptom I-Symptom I-Symptom O O O O B-Symptom I-Symptom I-Symptom I-Symptom I-Symptom I-Symptom O O O O O O O O O B-Medicine B-Medicine O O,O B-Age O O O O O B-Symptom O B-Symptom O O B-Symptom O O O B-Symptom O O B-Medicine I-Medicine O B-Medicine I-Medicine O O O O O B-Symptom O O B-Symptom O B-Symptom O O O O O O O O O O O O O O O O O O O O O O O O O O O O O O O O O O O O O O O O O O O O O,Symptom,36.48069187700003,,
আপনাকে ধন্যবাদ প্রশ্ন করার জন্য । আপনি নিয়মিত ব্যালেন্স ডায়েট খান । ঠিকমত ঘুমান । দুশ্চিন্তা করবেন না । নিয়মিত ব্যায়াম করুন । কোনো রোগ থাকলে একজন মেডিসিন ডাক্তার কে দেখিয়ে নিতে পারেন । ধন্যবাদ । ,O O O O O O O O O O O O O O O O O O O O O O O O O O O B-Specialist I-Specialist O O O O O O O,O O O O O O O O O O O O O O O O O O O O O O O O O O O O O O O O O O O O,Specialist,3.315727193999919,,
"আপনাকে ধন্যবাদ প্রশ্ন করার জন্য । Syp . Mucosol . . . . ১ চামচ করে তিন বেলা দিন । কিছু পরীক্ষার প্রয়োজন আছে , একজন শিশু বিশেষজ্ঞ এর সাথে সরাসরি পরামর্শ করুন । ধন্যবাদ । ",O O O O O O B-Medicine I-Medicine I-Medicine O O O O B-Dosage I-Dosage I-Dosage I-Dosage I-Dosage O O O O O O O O B-Specialist I-Specialist O O O O O O O O,O O O O O O O O O O O O O O O O O O O O O O O O O O O O O O O O O O O O,Medicine,3.426773057999526,,
"ডাক্তার ভাইকে প্রশ্ন করার জন্য ধন্যবাদ । এ বিষয়ে আপনি স্ত্রীকে সরাসরি গাইনোকোলজিস্ট এর কাছে নিয়ে যান , কিছু শারীরিক চেকআপ করিয়ে তারপরে গাইনোকোলজিস্ট উনাকে পিল সাজেস্ট করবেন । ধন্যবাদ",O O O O O O O O O O O O B-Specialist O O O O O O O O O O B-Specialist O O O O O O,O O O O O O O O O O O O B-Specialist O O O O O O O B-Medical_Procedure O O B-Specialist O B-Medicine O O O O,Specialist,2.8391670740002155,,
আমার wife এর গতকাল থেকে সর্দি জ্বর । তিন মাস হলো গর্ভবতী । এখন পর্যন্ত কোন ঔষধ খাওয়ানো হয়নি । বয়স ২৫ বছর । দয়া করে যদি পরামর্শ দিতেন । ,O O O B-Symptom I-Symptom I-Symptom I-Symptom O B-Health_Condition I-Health_Condition I-Health_Condition I-Health_Condition O O O O O O O O O B-Age I-Age O O O O O O O,O O O O O O O O O O O O O O O O O O O O O O O O O O O O O O,Symptom,2.120058079000046,,
"কোনো উওর করেননা আপনারা , সমস্যা হলে সলিউশন পাবো কি করে ? ",O O O O O O O O O O O O,O O O O O O O O O O O O,,0.8371134389999497,,
"আমার গতকাল রাত হতে জ্বর , গলায় শুকনো কফ কফ লাগে , মাথা অনপক ভার , শরীরের ব্যাথা , রাতে নাপা এক্সট্রা এাকটি খাইছি , , এখন কি ঔযদ খাব দয়া করে আমাকে ঔষধ এর নাম এবং খাবার প্রক্রিয়া বলে দেন । ",O O O O B-Symptom O O B-Symptom I-Symptom I-Symptom I-Symptom O B-Symptom I-Symptom I-Symptom O B-Symptom I-Symptom O O B-Medicine I-Medicine B-Dosage O O O O O O O O O O O O O O O O O O O,O O O O O O O O O O O O O O O O O O O O O O O O O O O O O O O O O O O O O O O O O O,Symptom,3.543998763999298,,
আপনাকে ধন্যবাদ প্রশ্ন করার জন্য । আপনি বেকলোফেন ১০ মিলিগ্রাম সকালে ও রাতে খাবার পরে কগান । ট্যাবলেট প্যারাসিটামল ৫০০ মিলিগ্রাম দুই বেলা খাবার পরে একটা করে এবং ট্যাবলেট ওমেপ্রাজল ২০ মিলিগ্রাম সকালে ও রাতে একটা করে খাবার আগে খান । গরম পানির সেক দিন । ভাল না হলে একজন অর্থপেডিক্স বিশেষজ্ঞ চিকিৎসক কে দেখিয়ে নিন । ধন্যবাদ । ,O O O O O O O B-Medicine I-Medicine I-Medicine B-Dosage I-Dosage I-Dosage I-Dosage I-Dosage O O B-Medicine I-Medicine I-Medicine I-Medicine B-Dosage I-Dosage I-Dosage I-Dosage I-Dosage I-Dosage O B-Medicine I-Medicine I-Medicine I-Medicine B-Dosage I-Dosage I-Dosage I-Dosage I-Dosage I-Dosage I-Dosage O O O O O O O O O O O B-Specialist I-Specialist I-Specialist O O O O O O,O O O O O O O B-Medicine B-Dosage I-Dosage O O O O O O O B-Medicine B-Dosage I-Dosage O O O O O O O O B-Medicine B-Dosage I-Dosage O O O O O O O O O O O O O O O B-Specialist I-Specialist I-Specialist O O O O O O O O O O,Medicine,3.8287576279999485,,
"ডাক্তার ভাই কে প্রশ্ন করার জন্য ধন্যবাদ । আপনার আম্মার বয়স কত ? sgpt , Fasting blood sugar করে বিশেষজ্ঞ ডাক্তার এর সাথে কথা বলুন । ধন্যবাদ । প্রিয় গ্রাহক , আপনার রোগটির চিকিৎসার জন্য আরও বিস্তারিত তথ্য জানা দরকার । আপনি ডাক্তারভাই এপ্লিকেশন থেকে ' Video Call To A Doctor ' সার্ভিসটি ব্যবহার করে একজন ( * * * ) বিশেষজ্ঞ ডাক্তারের এপয়েন্টমেন্ট নিয়ে ভিডিও কল এ কথা বলতে পারেন এবং ডাক্তারএর লেখা প্রেস্ক্রিপশন আপনি আপনার এপ্লিকেশন এ পেয়ে যাবেন । আরও বিস্তারিত জানতে < NUMBER > তে কল করুন । ধন্যবাদ । ",O O O O O O O O O O O O O B-Medical_Procedure I-Medical_Procedure I-Medical_Procedure I-Medical_Procedure I-Medical_Procedure O O O O O O O O O O O O O O O O O O O O O O O O O O O O O O O O O O O O O O O O O O O O O O O O O O O O O O O O O O O O O O O O O O O O O O O O O O O O,O O O O O O O O O O O O O O O O O O O O O O O O O O O O O O O O O O O O O O O O O O O O O O O O O O O O O O O O O O O O O O O O O O O O O O O O O O O O O O O O O O O O O O O O O O O O O O,Medical Procedure,7.634726035999847,,
My daughter has asthmatic problem . Thus she takes Montair 10 . But her course is finished . Is it necessary to take it now in case of cold and allergy ? ,O O O B-Health_Condition O O O O O B-Medicine I-Medicine O O O O O O O O O O O O O O O O O B-Symptom O B-Health_Condition O,O O O O O O O O O O O O O O O O O O O O O O O O O O O O O O O O,Health Condition,4.595905318000405,,
I had suffered from tuberculosis in 2010 and severe pneumonia in 2013 . Then in 2017 I suffered from Chikunguniya fever and was hospitalised for weeks . These three illness damaged my lungs . From mid 2017 I was suffering from respiratory problems which become severe . Initially I was given Azmasol & Seroxyn inhaler and Montene 10 which I am continuing till now . If I skip inhaler dose now I always feel discomfort . How often should I do checkup with my doctor and keep track of my lungs condition ? ,O O O O B-Health_Condition O O O O B-Health_Condition O O O O O O O O O B-Health_Condition I-Health_Condition O O O O O O O O O B-Symptom I-Symptom I-Symptom O O O O O O O O B-Symptom I-Symptom O O O O O O O O B-Medicine O B-Medicine I-Medicine O B-Medicine I-Medicine O O O O O O O O O O B-Medicine I-Medicine O O O O O O O O O O O O O O O O O O O O O O O,O O O O O O O O O O O O O O O O O O O O O O O O O O O O O O O O O O O O O O O O O O O O O O O O O O O O O O O O O O O O O O O O O O O O O O O O O O O O O O O O O O O O O O O O O O O O O,Medicine,9.337255242000538,,
"উরুতে ২টি বিশ ফোড়া হয়েছে , ব্যাথা আছে , চারপাশে শক্ত হয়ে আছে , ৬ দিন হলো , করনিয়ো কি বা কোন ঔষধ খেতে হবে জানালে উপকৃত হব । ",B-Symptom I-Symptom I-Symptom I-Symptom I-Symptom I-Symptom I-Symptom I-Symptom I-Symptom I-Symptom I-Symptom I-Symptom I-Symptom I-Symptom I-Symptom I-Symptom O O O O O O O O O O O O O,O O O O O O O O O O O O O O O O O O O O O O O O O O O O O,Symptom,5.180954477999876,,
"Sir , Amr babyter boiyos 08 mas . Sir babyter guto 9 din ajj thanda legese . Sir baby ke Deslor , levostar , Zimax deasi . Sir , babyter thanda ekto komese kinto sir ekn nsg dea jool ase r kase . Sir or boker mudde gor gor supdo hoi r kop ache . ",O O O O O B-Age I-Age O O O O B-Symptom I-Symptom I-Symptom I-Symptom O O O O O B-Medicine O B-Medicine O B-Medicine O O O O O O O O O O O B-Symptom I-Symptom I-Symptom I-Symptom O B-Symptom O O O B-Symptom I-Symptom I-Symptom I-Symptom I-Symptom I-Symptom O B-Symptom O O,O O O O O O O O O O O O O O O O O O O O O O O O O O O O O O O O O O O O O O O O O O O O O O O O O O O O O O O,Symptom,4.293235725999693,,
"Thanks for your question to daktar Bhai . Please take shower to reduce temperature . Take Napa and do cbc , urine r / e , WIDAL test . Thanks",O O O O O O O O O O O O O O O O B-Medicine O O B-Medical_Procedure I-Medical_Procedure I-Medical_Procedure I-Medical_Procedure I-Medical_Procedure I-Medical_Procedure I-Medical_Procedure I-Medical_Procedure I-Medical_Procedure O O,O O O O O B-Specialist I-Specialist O O O O O O B-Symptom O O B-Medicine O O B-Medical_Procedure O B-Medical_Procedure O O B-Medical_Procedure O O O O O,Medicine,1.7870557450005435,,
Thanks for questioning daktarbhai . Only take Tab . Napa extend 665mg 1 + 1 + 1 if pain . and take rest dnt pressure at pain site . Thanks,O O O O O O O B-Medicine I-Medicine I-Medicine I-Medicine I-Medicine B-Dosage I-Dosage I-Dosage I-Dosage I-Dosage O B-Symptom O O O O O O O O O O O,O O O B-Specialist O O O B-Medicine O B-Medicine I-Medicine B-Dosage O O O O O O B-Symptom O O O O O O O B-Symptom O O O,Medicine,60.42003179099993,,
আমি একজন মানুষিক ডাক্তারের সন্ধান চাই ঢাকা মিরপুরের ভিতরে,O O B-Specialist I-Specialist O O O O O,O O O O O O O O O,Specialist,1.509902616000545,,
"Amar back pain onk din dore Tobe seta onk kom age doctor dakhaise , osud dai vlo hoy jai . but abr hotat onk pain korce kisu din bosa thake utte Pari na , abr bosle utte Pari na . abr pain kome gase but pain kome komor thake niche neme gaselo . pore oi pain o kome gase , tarpor akn amr Paa ar rok e tan khacc age onk kheto akn abr kom Khai but ata kheai jacce plus Halka pain o pacci ar improve hocc na . akn ki krte Pari ? ",O B-Symptom I-Symptom O O O O O O O O O O O O O O O O O O O O O B-Symptom O O O B-Symptom I-Symptom I-Symptom I-Symptom I-Symptom O O B-Symptom I-Symptom I-Symptom I-Symptom O O B-Symptom O O O B-Symptom O B-Symptom I-Symptom I-Symptom I-Symptom I-Symptom O O O B-Symptom O O O O O O O B-Symptom I-Symptom I-Symptom I-Symptom I-Symptom I-Symptom O O O O O O O O O O O O O B-Symptom O O O O O O O O O O O O,O B-Symptom I-Symptom O O O O O O O O B-Specialist O O O O O O O O O O O O B-Symptom I-Symptom O O O O O O O O O O O O O O O O O O O O O O O O O O O O O O O O O O O O O O O O O O O O O O O O O O O O O O O O O O O O O O O O O O O O O,Symptom,9.364703543999894,,
আমার বউয়ের শরীর দিন দিন শুকিয়ে যাচ্ছে । খাওয়া দাওয়া কোন রুচি নেই । সাধারণত এক প্লেট ভাত খেতে পারে না । তিন মাস যাবৎ বিয়ে হইছে । আমরা সন্তান নিতে চাই । কিন্তু শরীর অবস্থা ভালো না । তাই শরীরের উন্নতির জন্য কোন ঔষধ বা ভিটামিন ব্যবহার করতে পারি ? বয়স১৭ ওজন ৩৮,O O B-Symptom I-Symptom I-Symptom I-Symptom I-Symptom O B-Symptom I-Symptom I-Symptom I-Symptom I-Symptom O O O O O O O O O O O O O O O O O O O O O O O O O O O O O O O O O O O O O O B-Age O O,O O O O O O O O O O O O O O O O O O O O O O O O O O O O O O O O O O O O O O O O O O O O O O O O O O O O O O,Symptom,29.245505320999655,,
Thanks for questioning to daktervai . Its normal . No need to worry,O O O O O O O O O O O O O,O O O O O O O O O O O O O,,2.8679612070000076,,
Thanks for questioning to daktervai . . . Take some medicine given below . . . you will feel better in _ sha _ Allah . . Tab Zinc 1 + 0 + 1 for 15 days . Tab Ceevit 1 + 0 + 1 for 15 days . Eat Lemon juice and orange,O O O O O O O O O O O O O O O O O O O O O O O O O O O B-Symptom I-Symptom B-Dosage I-Dosage I-Dosage I-Dosage I-Dosage O O O O B-Symptom I-Symptom B-Dosage I-Dosage I-Dosage I-Dosage I-Dosage O O O O O O O O O,O O O O B-Specialist O O O O O B-Medicine O O O O O O O O O O O O O O O B-Medicine I-Medicine B-Dosage O O B-Dosage O B-Dosage O B-Dosage O B-Medicine I-Medicine B-Dosage O O B-Dosage O B-Dosage O B-Dosage O O O O O O O,Symptom,12.714600522999717,,
আমার covid 19 follow up dr < NAME > . আপা আপনার পাঠানো এস এম এস টি যদি প্টেসক্রিপশন আকারে পাঠানো হতো তাহলে বুঝতে সহজ হতো । ,O B-Health_Condition I-Health_Condition O O O O O O O O O O O O O O O O O O O O O O O O,O O O O O O O O O O O O O O O O O O O O O O O O O O O,Health Condition,2.8556240319994686,,
"গতকাল হতে প্রেসার ১৩০ / ৯০ হয়ে আছে । সাথে গ্যাস এর সমস্যা । শাস নিতে কষ্ট হচ্ছে । পেট ক্লিয়ার হচ্ছে না সাথে গলার কাছে একরকম দলা দলা ভাব । প্রেসার এর জন্য fixocard 50 , azican 80 এবং গ্যাস এর জন্য esotid 20 খেয়েছি । কিন্তু পরিবর্তন হচ্ছে না । ",O O B-Symptom I-Symptom I-Symptom I-Symptom O O O O B-Symptom I-Symptom I-Symptom O B-Symptom I-Symptom I-Symptom O O B-Symptom I-Symptom I-Symptom I-Symptom O B-Symptom I-Symptom I-Symptom I-Symptom I-Symptom I-Symptom O O O O B-Medicine I-Medicine O B-Medicine I-Medicine O O O O B-Medicine I-Medicine O O O O O O O,O O O O O O O O O O O O O O O O O O O O O O O O O O O O O O O O O O O O O O O O O O O O O O O O O O O O,Symptom,5.114216723000027,,
"আসসালামু ওয়ালাইকুম স্যার , আমার আজ ৪ / ৫ দিন জর ছিলো এখন কমে গেছে , সাথে ঠাণ্ডা , মাথা , কফ আছে । মাথার উপরের অংশ প্রচন্ড ব্যাথা । আমার এলার্জি সমস্যা আছে ১৩ / ১৪ বছর যাবত । এটার জন্য স্প্রে ব্যবহার করছি প্রতিদিন ১বার । এখন জ্বর ঠাণ্ডা সর্দি কফের জন্য জিমেক্স ৫০০ ফেক্স ১২০ নাপা খাচ্ছি , তার পরও সর্দি কফ কছেনা মাথাব্যথা কমছেনা । কি ঔষধ খেতে পারি । মেনথলের ভাপ নিচ্ছি । ",O O O O O O O O O O B-Symptom O O O O O O B-Symptom O O O B-Symptom O O B-Symptom I-Symptom I-Symptom I-Symptom I-Symptom O O B-Health_Condition I-Health_Condition O O O O O O O O O B-Medicine O O O B-Dosage O O B-Symptom B-Symptom B-Symptom B-Symptom O B-Medicine I-Medicine B-Medicine I-Medicine B-Medicine O O O O B-Symptom B-Symptom O B-Symptom O O O O O O O O O O O,O O O O O O O O O B-Symptom O O O O O O B-Symptom O B-Symptom O B-Symptom O O O O O B-Symptom O O B-Health_Condition O O O O O O O O O O B-Medicine O O O O O B-Dosage O O B-Symptom B-Symptom B-Symptom B-Symptom O O B-Medicine O B-Medicine O B-Medicine O O O O O B-Symptom B-Symptom O O B-Symptom O O O O O O O O,Symptom,9.690264013999695,,
"স্যার আমার বয়স ২৩ কিন্তু আমার মুখের দাড়ি লাল হয়ে যাচ্ছে তাও আবার ৭০ % , এই সমস্যা আমার একা না আমি অনেক মধ্যে দেখি সবাইর একটা প্রশ্ন যে কেন হইতেছে বা কেন হচ্ছে , স্যার ছবি পাঠানোর সুকিধা থাকলে পাঠাতাম , স্যার আমি বেক্তি গত ভাবে অনেক খুশি হবো এর সামাধান যদি আমাকে বলতেন । ",O O O B-Age O O B-Symptom I-Symptom I-Symptom I-Symptom I-Symptom I-Symptom I-Symptom I-Symptom I-Symptom O O O O O O O O O O O O O O O O O O O O O O O O O O O O O O O O O O O O O O O O O,O O B-Age I-Age O O O O B-Symptom I-Symptom I-Symptom O O B-Age I-Age O O O O O O O O O O O O O O O O O O O O O O O O O O O O O O O O O O O O O O O O O,Age,9.747348995999346,,
"Dear respected Dr . How can I increase my BP . last 4 - 5 days , I observed my BP is 60 / 100 mm . for this reason , I have felt sick . Would you give me suggestions , what the steps should have i taken to increase my BP ? ? ? Thanks and Regards Your Patient",O O O O O O O O O O O O O O O O O O O B-Symptom I-Symptom I-Symptom I-Symptom I-Symptom I-Symptom I-Symptom O O O O O O B-Symptom I-Symptom I-Symptom O O O O O O O O O O O O O O O O O O O O O O O O O O,O O O O O O O O B-Health_Condition O O O O O O O O O B-Health_Condition O O B-Health_Condition O O O O O O O O O O O O O O O O O O O O O O O O O O O O O O O O O O O O O O O,Symptom,32.76838293699984,,
ডাক্তার ভাই কে প্রশ্ন করার জন্য ধন্যবাদ । Operation এর মাধ্যমে সমাধান সম্ভব আপনি সরাসরি একজন ENT বিশেষজ্ঞ চিকিৎসক এর পরামর্শ নিন ধন্যবাদ,O O O O O O O O O O O O O O O O B-Specialist I-Specialist I-Specialist O O O O,O O O O O O O O O O O O O O O O O O O O O O O,Specialist,2.6533371460000126,,
কয়েক দিন ধরে আমার দুই চোখ খুব চুলকায় এর কারন কি,O O O O B-Symptom I-Symptom I-Symptom I-Symptom O O O,O O O O O O O O O O O,Symptom,3.476854980999633,,
আমার ছেলের বয়স ১ বছর ৯ মাস আমার ছেলের গুড়া কৃমি হয়েছে পায়খানার রাস্তা দিয়ে কৃমি বের হচ্ছে দেখা যাচ্ছে বাচ্চা পায়খানার রাস্তায় প্রচুর চুলকাচ্ছে কি করব ? ? ,O O O B-Age I-Age I-Age I-Age O O B-Symptom I-Symptom O B-Symptom I-Symptom I-Symptom I-Symptom I-Symptom I-Symptom O O O B-Symptom I-Symptom I-Symptom I-Symptom O O O O,O O B-Age I-Age I-Age I-Age I-Age O O O B-Symptom I-Symptom O O O O B-Symptom I-Symptom I-Symptom I-Symptom I-Symptom O O O O B-Symptom O O O,Symptom,8.89968813500036,,
আমার ভাতিজা মানসিক ভাবে সমস্যা আছে । এখন কোন ডাক্তার দেখাবো । ,O O B-Symptom I-Symptom I-Symptom O O O O O O O,O O O O O O O O O O O O,Symptom,1.3294027590000042,,
আপনাকে ধন্যবাদ প্রশ্ন করার জন্য । আপনি ট্যাবলেট ক্যালবো ডি একটা করে খেতে পারেন । বেশি ব্যাথা হলে ট্যাবলেট নাপা খান । ধন্যবাদ । ,O O O O O O O B-Medicine I-Medicine I-Medicine B-Dosage I-Dosage O O O O B-Symptom O B-Medicine I-Medicine O O O O,O O O O O O O O O O O O O O O O O O O O O O O O,Medicine,3.31790539099984,,
"ডাক্তার ভাই কে প্রশ্ন করার জন্য ধন্যবাদ আপনার অনেক সমস্যা , এই অবস্হায় সরাসরি না দেখে এবং পরীক্ষা না করে ঔষধ দেওয়া ঠিক হবেনা আপনি একজন Medicine বিশেষজ্ঞ চিকিৎসকের পরামর্শ নিতে পারেন ধন্যবাদ । ",O O O O O O O O O O O O O O O O O O O O O O O O O O B-Specialist I-Specialist I-Specialist O O O O O,O O O O O O O O O O O O O O O O O O O O O O O O O O O O O O O O O O,Specialist,4.911346844000036,,
assalualaikum আমার বাবার প্রায় মনে হয় যেন মেরুদন্ড নিচে বাম পাশে ব্যাথা অনুভব করে এতে আমাদের করনীয় কি,O O O O O O O B-Symptom I-Symptom I-Symptom I-Symptom I-Symptom O O O O O O,O O O O O O O O O O O O O O O O O O,Symptom,3.8196414659996663,,
ডাক্তার ভাই কে প্রশ্ন করার জন্য ধন্যবাদ । চশমার পাওয়ার এডজাস্টমেন্ট ঠিক না হলে মাথা ব্যথা করতে পারে । আপনি পুনরায় চক্ষু বিশেষজ্ঞ ডাক্তারের পরামর্শ নিন । ধন্যবাদ । ,O O O O O O O O O O O O O O O O O O O O O B-Specialist I-Specialist O O O O O O,O O O O O O O O B-Symptom I-Symptom O O O O B-Symptom I-Symptom O O O O O O B-Specialist I-Specialist O O O O O,Specialist,1.6949646140001278,,
Thanks for asking question . Pls consult with a colorectal surgeon for laser treatment . ,O O O O O O O O O B-Specialist I-Specialist O O O O,O O O O O O O O B-Specialist I-Specialist O B-Medical_Procedure I-Medical_Procedure O O,Specialist,1.8310624859996096,,
"আপনাকে ধন্যবাদ প্রশ্ন করার জন্য । চুল পরার অনেক কারন আছে যেমন খুশকি , হরমনের সমস্যা , থাইরয়েড সমস্যা , কিছু অভ্যাস যেমন চুল টানা , রক্তশুন্যতা ইত্যাদি কারন । আপনার কি সমস্যা আছে তা বের করার চেষ্টা করুন । একজন চর্মরোগ বিশেষজ্ঞ কে দেখান । ধন্যবাদ । ",O O O O O O O O O O O O B-Health_Condition O B-Health_Condition I-Health_Condition O B-Health_Condition I-Health_Condition O O O O O O O B-Health_Condition O O O O O O O O O O O O O O B-Specialist I-Specialist O O O O O,O O O O O O O O O O O O O O O O O O O O O O O O O O O O O O O O O O O O O O O O O O O O O O O O,Health Condition,20.260876655000175,,
ধন্যবাদ আপনার প্রশ্নের জন্য । ওনাদের হাড় ক্ষয়জনিত সমস্যা থাকতে পারে । টেস্ট করে নিশ্চিত হয়ে ওষুধ দিতে হবে । ধন্যবাদ,O O O O O O B-Health_Condition I-Health_Condition I-Health_Condition O O O O O O O O O O O O,O O O O O O B-Symptom I-Symptom I-Symptom O O O B-Medical_Procedure O O O O B-Medicine O O O,Health Condition,10.049088585999925,,
Thank you for asking question to Daktarbhai . Consult a gynaecologist physically . Thanks . ,O O O O O O O O O O B-Specialist O O O O,O O O O O O B-Specialist O O O B-Specialist O O O O,Specialist,1.2865049720003299,,
Thanks for questioning daktarbhai . Please consult with a skin specialist . Give vitamin E capsule mixed with your hair oil . Thanks,O O O O O O O O O B-Specialist I-Specialist O O B-Medicine I-Medicine I-Medicine O O O O O O O,O O O O O O O O O O O O O O O O O O O O O O O,Specialist,2.4340936560001865,,
দুইদিন আগে প্রচন্ড হাচ্ছি ও নাক দিয়ে পানি পড়ে তাই রূপা ট্যাবলেট খেয়েছি ফলে উক্ত সমস্যা কমে যায় কিন্তু এখন নাক বন্ধ থাকে এই সমস্যা থেকে পরিত্রাণের উপায় কি জানাবেন দয়া করে ! ,O O B-Symptom I-Symptom O B-Symptom I-Symptom I-Symptom I-Symptom O B-Medicine I-Medicine O O O O O O O O B-Symptom I-Symptom I-Symptom O O O O O O O O O O,O O B-Symptom O O B-Symptom O B-Symptom O O B-Medicine I-Medicine O O O B-Health_Condition O O O O B-Symptom I-Symptom O O B-Health_Condition O O O O O O O O,Symptom,2.4019791340006122,,
"আমার বড় বোন , তার সমস্যা হচ্ছে ভাত খাওয়ার পর বুক - গলা পর্যন্ত জালা করে , গত ১মাস যাবৎ চিকিৎসা চলছে । এখনো পরিবর্তন দেখছি না । ",O O O O O O O B-Symptom I-Symptom I-Symptom I-Symptom I-Symptom I-Symptom I-Symptom I-Symptom I-Symptom I-Symptom I-Symptom I-Symptom I-Symptom I-Symptom I-Symptom I-Symptom I-Symptom I-Symptom I-Symptom I-Symptom O,O O O O O O O O O O O O O O O O O O O O O O O O O O O O,Symptom,1.512953985000422,,
বাচ্চার শরীরে জ্বর আছে ডাক্তার নাপা সিরাপ খাওয়াতে বলছিল । কিন্ত এইছ সিরাপ ছাড়া দোকানে পাইনি । এটা খাওয়াতে পারব কিনা ? ,O O B-Symptom O O B-Medicine I-Medicine O O O O B-Medicine I-Medicine O O O O O O O O O,O O B-Symptom O B-Specialist B-Medicine I-Medicine O O O O B-Medicine I-Medicine O O O O O O O O O,Medicine,15.547698410000521,,
ডাক্তার ভাই কে প্রশ্ন করার জন্য ধন্যবাদ । syp Alben ১ চামচ দিবেন । ধন্যবাদ । ,O O O O O O O O B-Medicine I-Medicine B-Dosage I-Dosage O O O O,O O O O O O O O O O O O O O O O,Medicine,2.013663466000253,,
"আঙুলের গুতা খাইছে , তারপর চোখের কালো অংশের নিচে সাদা অংশে নিদিষ্ট স্থানে লাল হয়ে গেছে । কোন সমস্যা হবে কিনা স্যার ? ",O O O O O B-Symptom I-Symptom I-Symptom I-Symptom I-Symptom I-Symptom I-Symptom I-Symptom I-Symptom I-Symptom I-Symptom O O O O O O O,O O O O O O O O O O O O O O O O O O O O O O O,Symptom,2.667458171999897,,
"আমার বয়স অনুযায়ী আমার ওজন খুবই কম চিরস্থায়ী ভাবে ওজন বাড়ানোর জন্য কি ট্যবলেট খেতে হবে , কোন পার্শপ্রতিক্রিয়া ছাড়া , , অথবা চিরস্থায়ী ভাবে সাস্থ বাড়ানোর জন্য কি ট্যবলেট খেতে হবে",O O O O B-Symptom I-Symptom I-Symptom O O O O O O O O O O O O O O O O O O O O O O O O O,O O O O O O O O O O O O O B-Medicine O O O O O O O O O O O O O O O B-Medicine O O,Symptom,4.57704833400021,,
"আসসালামুআলাইকুম , আমার ভাইয়ের বয়স ৩০ বছর । ওর পায়ে ছোট ছোট ফোড়া হয়েছে , একটা ভালো হয় আবার আরেকটা হচ্ছে প্রায় ৪ / ৫ দিন ধরে । সঠিক পরামর্শ কামনা করছি । আরেকটা সমস্যা , ওর মুখে ঘাঁ হয় একজন চর্ম ও যৌন বিশেষজ্ঞ বিভাগীয় প্রধান তিনি ওরাডেক্সন ট্যাবলেট দিয়েছিলো । আগে ভালোই কাজ করতে এখন আর কাজ করতেছে না । করলেও সময় লাগতেছে অনেক । এখানেও সঠিকর পরামর্শ কামনা করছি । অগ্রিম ধন্যবাদ । ",O O O O O B-Age I-Age O O B-Symptom I-Symptom I-Symptom I-Symptom I-Symptom O O O O O O O O O O O O O O O O O O O O O O B-Symptom I-Symptom I-Symptom I-Symptom O B-Specialist I-Specialist I-Specialist I-Specialist O O O B-Medicine O O O O O O O O O O O O O O O O O O O O O O O O O O O,O O O O B-Age I-Age O O O O O B-Symptom I-Symptom O O O O O O O O O O O O O O O O O O O O O O O O B-Symptom O O O O O B-Specialist O O I-Specialist O O O B-Medicine I-Medicine O O O O O O O O O O O O O O O O O O O O O O O O,Symptom,9.554013623000174,,
"ডাক্তার ভাই কে প্রশ্ন করার জন্য ধন্যবাদ . Tab Fexo 120 mg , 1 + 0 + 0 , ৩ দিন খাবেন । গরম পানি আর গরম চা খান । গরম পানি লবন দিয়ে গড়গড়া করেন দিনে ২ বার । ধন্যবাদ । ",O O O O O O O O B-Medicine I-Medicine I-Medicine I-Medicine O B-Dosage I-Dosage I-Dosage I-Dosage I-Dosage O O O O O O O O O O O O O O O O O O O O O O O O,O O O O O O O O O O O O O O O O O O O O O O O O O O O O O O O O O O O O O O O O O O,Medicine,4.493061073999343,,
"Thank you for your question . If your eyes become yellow , urine become yellow or dark colour you might have jaundice . Important Cause of jaundice are viral hepatitis by HepatitisA , B , C , D , E . It can be due to taking unhygienic food ( Hepatitis A , E ) or due to un healthy blood transfusion , niddle sharing or unprotected sex with hepatitis patient ( Hepatitis B , C ) . If you have suspicion you should consult with a hepatologist and do the needful test to identify your problem . Take rest adequately . Avoid paracetamol or any pain killer . Take plenty of water . Thank you . ",O O O O O O O O B-Symptom I-Symptom I-Symptom O B-Symptom I-Symptom I-Symptom I-Symptom I-Symptom I-Symptom O O O B-Health_Condition O O O O O O O O O B-Health_Condition I-Health_Condition I-Health_Condition I-Health_Condition I-Health_Condition I-Health_Condition I-Health_Condition I-Health_Condition I-Health_Condition O O O O O O O O O O O O O O O O O O O O O O O O O O O O O O O O O O O O O O O O O O O O O O O B-Specialist O O O O O O O O O O O O O O O O O O O O O O O O O O O O O,O O O O O O O O O B-Symptom O O B-Symptom B-Symptom O I-Symptom O O O B-Health_Condition O O B-Health_Condition O O B-Health_Condition O I-Health_Condition O B-Health_Condition O B-Health_Condition O O O O O O O O O O O O O O O O O O O B-Health_Condition O O O O O O O O O O O O O O O O O O O O O O B-Specialist O O O O O O O O O O O O O O O O O O O O O O O O O O O O O O O O O O O O O O O O O O,Symptom,15.635475299999598,,
ডাক্তারভাই কে প্রশ্ন করার জন্য ধন্যবাদ । আপনি tab . Alcet এর সাথে tab . Monas 10mg 0 + 0 + 1 . . . . ৭দিন । নাক বন্ধ থাকলে Antazol 0 . 1 % nasal drop ২ফোটা করে ২নাকের ছিদ্রতে দিনে ২বার দিবেন । ঠান্ডা ও ধুলা থেকে দুরে থাকুন । ,O O O O O O O O B-Medicine I-Medicine I-Medicine O O B-Medicine I-Medicine I-Medicine I-Medicine B-Dosage I-Dosage I-Dosage I-Dosage I-Dosage I-Dosage I-Dosage I-Dosage I-Dosage I-Dosage O O O O B-Medicine I-Medicine I-Medicine I-Medicine I-Medicine I-Medicine I-Medicine B-Dosage I-Dosage I-Dosage I-Dosage I-Dosage I-Dosage O O O O O O O O O,O O O O O O O O O O O O O O O O O O O O O O O O O O O O O O O O O O O O O O O O O O O O O O O O O O O O O,Medicine,4.429099072000099,,
ডাক্তার ভাইতে প্রশ্ন করার জন্যে আপনাকে ধন্যবাদ । স্বাভাবিক যে সময়ে হভার কথা সেই সময়েই হবে । ,O O O O O O O O O O O O O O O O O,O O O O O O O O O O O O O O O O O,,1.5934467979996043,,
"ডাক্তার ভাই কে প্রশ্ন করার জন্য ধন্যবাদ আপনার প্রসাবে ইনফেকশন থাকতে পারে , কিছু পরীক্ষা করতে হবে । আপনি একজন Gynae specialist এর পরামর্শ নিন । ধন্যবাদ",O O O O O O O O O O O O O O O O O O O O B-Specialist I-Specialist O O O O O,O O O O O O O O O O O O O O O O O O O O O O O O O O O,Specialist,2.3961729040001956,,
"ধন্যবাদ আপনাকে প্রশ্ন করার জন্য । গ্যাসের জন্য এমন হচ্ছে । আপনি শাকসব্জি , ফল , আঁশযুক্ত খাবার খাবেন , পানি খাবেন , ইসুবগুলের ভূষি খাবেন । খালিপেটে থাকবেন না । চা , কফি , গরু , খাসী , মসলাযুক্ত , ভাজাপোড়া কম খাবেন । ফিনিক্স ২০ মিগ্রা দুইবেলা খান । ধন্যবাদ",O O O O O O B-Symptom O O O O O O O O O O O O O O O O O O O O O O O O O O O O O O O O O O O O O O B-Medicine I-Medicine I-Medicine B-Dosage O O O,O O O O O O O O O O O O O O O O O O O O O O O O O O O O O O O O O O O O O O O O O O O O O O O O O O O O,Symptom,4.4286356239999805,,
"আমার কোমর এর নিচে , এনাস এরিয়া তে চুলকানি হয়েছে ২ মাস হলো । কোনোভাবে সারছে না ৷ আমার একটু আমাশয় সমস্যা আছে ৷ কিছু খেলেই বাথরুম লাগে ৷ এজন্য এরকম হতে পারে । রাতে বেশি চুলকায় । কোনো ওষুধ বা মলম ব্যবহার করা যেতে পারে কি ? ",O B-Symptom I-Symptom I-Symptom I-Symptom I-Symptom I-Symptom I-Symptom I-Symptom I-Symptom I-Symptom I-Symptom I-Symptom O O O O O O O B-Health_Condition O O O O O O O O O O O O O B-Symptom I-Symptom I-Symptom O O O O O O O O O O O,O O O O O O O O O O O O O O O O O O O O O O O O O O O O O O O O O O O O O O O O O O O O O O O O,Symptom,28.310148497000228,,
"আমার মায়ের সারা শরীরে বিষ ব্যাথার কারনে বিভিন্ন যায়গায় কালো দাগ হয়েছে , সুতরাং কী বিশেষজ্ঞ ডাক্তার দেখাব ? ? ? ",O O B-Symptom I-Symptom I-Symptom I-Symptom I-Symptom I-Symptom I-Symptom I-Symptom I-Symptom O O O O O O O O O O,O O O O B-Symptom I-Symptom O O O B-Symptom I-Symptom O O O O B-Specialist I-Specialist O O O O,Symptom,4.10887369899956,,
"আমার বাম নাকের ভিতরের অংশে একটি ফোঁড়ার মত হয়েছে । এবং এমনটা আমার প্রায় প্রতি মাসেই হয় । খুবই ব্যাথা হচ্ছে এবং ফুলে আছে । আমার ক্রনিক সাইনুসাইটিস আছে , ফ্রন্টাল এবং ম্যাক্সিলারি । জেনারেলি চেহারার ডান পাশে ব্যাথা হয় । এখন এই ফোঁড়ার জন্য কি করতে পারি ? ",O B-Symptom I-Symptom I-Symptom I-Symptom I-Symptom I-Symptom O O O O O O O O O O O O B-Symptom O O B-Symptom I-Symptom O O B-Health_Condition I-Health_Condition O O B-Health_Condition O B-Health_Condition O O B-Symptom I-Symptom I-Symptom I-Symptom O O O O B-Symptom O O O O O,O B-Symptom I-Symptom I-Symptom I-Symptom O O O O O O O O O O O O O O B-Symptom O O O O O O B-Health_Condition I-Health_Condition O O B-Health_Condition I-Health_Condition I-Health_Condition O O O O B-Symptom O O O O O O O O O O O,Symptom,3.186644888000046,,
হটাৎ কর ২ দিন ধরে হালকা মাসিকের সমস্যা দেখা দিয়েছে এখন কি করব ? ? ? ,O O O O O O O O O O O O O O O O,O O O O O O O O O O O O O O O O,,1.9183292840007198,,
আপনাকে ধন্যবাদ প্রশ্ন করার জন্য । থাইরয়েড সমস্যার সাথে খাবারের কোনো সম্পর্ক নাই । সব ধরনের খাবার খেতে পারবেন । একজন হরমন রোগ বিশেষজ্ঞ কে দেখিয়ে চিকিৎসা নিন । ধন্যবাদ । ,O O O O O O O O O O O O O O O O O O O O O B-Specialist I-Specialist I-Specialist O O O O O O O,O O O O O O B-Health_Condition I-Health_Condition O O O O O O O O O O O O O B-Specialist I-Specialist I-Specialist O O O O O O O,Specialist,13.692408037999485,,
আপনাকে ধন্যবাদ প্রশ্ন করার জন্য । এই সমস্যা গুরুতর । আপনি একজন শিশু বিশেষজ্ঞের সাথে সরাসরি যোগাযোগ করুন । ধন্যবাদ । ,O O O O O O O O O O O O B-Specialist I-Specialist O O O O O O O,O O O O O O O O O O O O O O O O O O O O O,Specialist,3.178165768999861,,
আমার বয়স 28 বছর আমার সাস্থ্য খুবই দুর্বল আমি সাস্থ্যের জন্য কি করনীয় একটু বললে উপকৃত হব,O B-Age I-Age I-Age O O O O O O O O O O O O O,O B-Age I-Age I-Age O B-Health_Condition I-Health_Condition I-Health_Condition O O O O O O O O O,Age,3.126960216999578,,
ডাক্তার ভাই কে প্রশ্ন করার জন্য ধন্যবাদ । আপনি অতি দ্রুত একজন চক্ষু বিশেষজ্ঞের পরামর্শ নিন । চোখে পরিষ্কার ঠান পানির ঝাপটা দিন । রোদে গেলে অবশ্যই রোদচশমা ব্যবহার করবেন । ধন্যবাদ,O O O O O O O O O O O O B-Specialist I-Specialist O O O O O O O O O O O O O O O O O O,O O O O O O O O O O O O O O O O O O O O O O O O O O O O O O O O,Specialist,2.88414434599963,,
"আমার স্ত্রীর বয়স ২৯ বছর , তিনি গত রমজান মাসে মানসিক সমস্যায় অসুস্থ হলে শেষ পর্যন্ত বারডেম হাসপাতাল এর চিকিৎসক Professor Dr . < NAME > এর শরণাপন্ন হলে তিনি ঔষধ Rispolux - 4 , Cyclid - 5 , Oleanz - 10 দেন । ঔষধ খেয়ে সে এখন সুস্থ , তারমধ্যে আর কোন ঐ জাতীয় সিনড্রোম নেই । ডাক্তার বলেছিলেন এগুলো আজীবন খেতে হবে , কিন্তু রোগী এই২০২০ সালের রমজানের শুরুর এক সপ্তাহ আগে তার পা - মুখ ফোলে যাওয়াতে রমজানের এক সপ্তাহ পার হলে তার ঔষধ বন্ধ করে দেয় । তার কোন পিরিয়ড হয় না । please সার্বিক বিষয়ে এর সমাধান দিবেন । ",O O O B-Age I-Age O O O O O B-Health_Condition I-Health_Condition O O O O O O O O O O O O O O O O O O O B-Medicine I-Medicine I-Medicine O B-Medicine I-Medicine I-Medicine O B-Medicine I-Medicine I-Medicine O O O O O O O O O O O O O O O O O O O O O O O O O O O O O O O O O B-Symptom I-Symptom I-Symptom I-Symptom I-Symptom O O O O O O O O O O O O O B-Symptom I-Symptom I-Symptom O O O O O O O O,O O B-Age I-Age O O O O O O B-Symptom I-Symptom O O O O B-Medical_Procedure I-Medical_Procedure O O B-Specialist I-Specialist I-Specialist O O O O O O O O O O B-Medicine O O O O O O O O O O O O O O O O O O O O O O B-Symptom O O O O O O O O O O O O O O O O O O O O O O O O O B-Specialist O O O O O O O O O O O O O O O O O O O O O,Medicine,19.59120673399957,,
আপনাকে ধন্যবাদ প্রশ্ন করার জন্য । আপনার সমস্যা একবারে কখনো ভাল হবে না । নিয়ন্ত্রণে থাকবে । আপনার এলার্জির সাথে সাথে IBS রোগ আছে যা দুশ্চিন্তা র সাথে জরিত । আপনি দুশ্চিন্তা করবেন না । দুধ খাবেন না । একজন মেডিসিন ডাক্তার কে দেখিয়ে চিকিৎসা নিন । কিন্তু মনে রাখতে হবে আপনি রোগ থেকে একেবারে মুক্তি পাবেন না শুধু নিয়ন্ত্রণে রাখা যাবে । ধন্যবাদ । ,O O O O O O O O O O O O O O O O O O O O O O O O O O O O O O O O O O O O O O O O B-Specialist I-Specialist O O O O O O O O O O O O O O O O O O O O O O O,O O O O O O O O O O O O O O O O O O O O B-Health_Condition I-Health_Condition O O O O O O O O O O O O O O O O O O B-Specialist I-Specialist O O O O O O O O O O O O O O O O O O O O O O O,Specialist,4.436109964000025,,
আপনাকে ধন্যবাদ প্রশ্ন করার জন্য । কি ঔষধ খাওয়াবেন ? ডাক্তার কে না দেখিয়ে কোনো ঔষধ খাওয়ানো যাবে না । ধন্যবাদ । ,O O O O O O O O O O O O O O O O O O O O O O,O O O O O O O O O O B-Specialist O O O O O O O O O O O,,3.786889205999614,,
"আমার বয়স ৩২ বছর , গত ২ দিন ধরে দুই পায়ের নিচে মাংসে চাকা হয়ে আছে এবং অনেক ব্যাথা হচ্ছে কি ওষুধ খাওয়া যাবে ? ",O O B-Age O O O O O O B-Symptom I-Symptom I-Symptom I-Symptom I-Symptom O O O B-Symptom I-Symptom O O O O O O,O B-Age I-Age I-Age O O O O O O O O O O O O O O B-Symptom I-Symptom O O B-Medicine O O,Symptom,4.504071626000041,,
"assalamowalaikum , , amar boyos 22 bochor , , amar face onk sukiye jacche , nak mukh er mangsho chepe jacche , 3 / 4 mash ageo face onk vorpur cilo . kintu edaning chokh vitore chole jacche mukh sukiye chepe jacche , , r amr ghum a kono somossa nai , , porjapto porimane ghumai r porjapto poriman pani o pan kori . . . ",O O O O O B-Age I-Age O O O B-Symptom I-Symptom I-Symptom I-Symptom O B-Symptom I-Symptom I-Symptom I-Symptom I-Symptom I-Symptom O O O O O O O O O O O O O B-Symptom I-Symptom I-Symptom I-Symptom B-Symptom I-Symptom I-Symptom I-Symptom O O O O O O O O O O O O O O O O O O O O O O O O,O O O O O O O O O O O O O O O O O O O O O O O O O O O O O O O O O O O O O O O O O O O O O O O O O O O O O O O O O O O O O O O O O O,Symptom,6.356870271999469,,
"ডাক্তার ভাই কে প্রশ্ন করার জন্য ধন্যবাদ । আপনি বাচ্চার নাড়াচাড়া খেয়াল করবেন । ব্যথা হলে , যদি তা কোমর , পা তে ছড়ায় , কোন ধরনের রক্তপাত হলে , পানি ভাঙলে সাথে সাথে নিকটস্থ হাসপাতালে যাবেন । সর্বপরি সাবধানতা অবলম্বন করবেন । ধন্যবাদ । ",O O O O O O O O O O O O O O B-Symptom I-Symptom O O O B-Symptom I-Symptom I-Symptom I-Symptom I-Symptom O B-Symptom I-Symptom I-Symptom O O B-Symptom I-Symptom O O O B-Specialist O O O O O O O O O,O O O O O O O O O O O O O O B-Symptom O O O O B-Symptom I-Symptom O O O O B-Symptom O O B-Symptom O O O O O O O O O O O O O O O O,Symptom,6.548541244999797,,
"আমি গতকাল হাসপাতাল থেকে বাসায় এসেছি , ডক্টর এক সপ্তাহ এর মেডিসিন দিয়েছে , এখন আমি ইনসুরে্নস কিভাবে ক্লেইম করব",O O O O O O O O B-Dosage I-Dosage O O O O O O O O O O,O O O O O O O O O O O O O O O O O O O O,Dosage,2.242522671000188,,
আপনাকে ধন্যবাদ প্রশ্ন করার জন্য । আপনি ক্যালসিয়াম ট্যাবলেট প্রতিদিন খেতে পারেন । পানি বেশি করে পান করুন । দুধ খান । ব্যায়াম করুন । একজন ডাক্তারকে দেখিয়ে কিছু পরিক্ষা করে নিতে পারেন । ধন্যবাদ,O O O O O O O B-Medicine I-Medicine O O O O O O O O O O O O O O O O O O O O O O O O O O,O O O O O O O O O O O O O O O B-Medicine O I-Medicine O O O O O O O O O O O O O O O O O,Medicine,11.930766157999642,,
ডাক্তার ভাইকে প্রশ্ন করার জন্য ধন্যবাদ । আঙ্গুলের চামড়া খসখসে থাকলে হাতে সাবান পানি কম ব্যবহার করবেন এবং সাবান পানি ব্যবহার করার পরেই ভ্যাসলিন ব্যবহার করবেন । এছাড়া Emollient Cream হাতের আঙ্গুলে ব্যবহার করতে পারেন দিনে দুই থেকে তিনবার । ধন্যবাদ,O O O O O O O O O O O O O O O O O O O O O O O O O O O O B-Medicine I-Medicine O O O O O B-Dosage I-Dosage I-Dosage I-Dosage O O,O O O O O O O B-Symptom I-Symptom I-Symptom O O O O O O O O O O O O O O B-Medicine O O O O B-Medicine I-Medicine O O O O O O B-Dosage I-Dosage I-Dosage I-Dosage,Medicine,8.708726799000033,,
"আসসালামু আলাইকুম মায়া , । আমার বয়স 26 বছর । আমি ছয় মাসের অন্তঃসত্ত্বা । প্রচন্ড গ্যাসের সমস্যা হয় । মনে হয় খাবার হজম হচ্ছে না । খাবারের রুচি কম , পেট ফুলে থাকে ও টয়লেট কষা হয় । হিমোগ্লোবিন ৯ . ১২ । আমাকে কিছু পরামর্শ দিয়েন প্লিজ । ",O O O O O O O B-Age I-Age O O B-Health_Condition I-Health_Condition I-Health_Condition O B-Symptom I-Symptom I-Symptom O O B-Symptom I-Symptom I-Symptom I-Symptom I-Symptom I-Symptom O B-Symptom I-Symptom I-Symptom O B-Symptom I-Symptom I-Symptom O B-Symptom I-Symptom I-Symptom O B-Symptom I-Symptom I-Symptom I-Symptom O O O O O O O,O O O O O O O O O O O O O O O O O O O O O O O O O O O O O O O O O O O O O O O O O O O O O O O O O O,Symptom,5.797355882999909,,
"আপনাকে ধন্যবাদ প্রশ্ন করার জন্য । আপনি গলা ব্যাথার জন্য ট্যাবলেট নাপা ৫০০ মিলিগ্রাম খান । আদা , মধু , গরম পানি খান । ধন্যবাদ । ",O O O O O O O O O O B-Medicine I-Medicine I-Medicine I-Medicine O O O O O O O O O O O O,O O O O O O O O O O O O O O O O O O O O O O O O O O,Medicine,3.007283804000508,,
স্যার গত ২দিন যাবত আমার জৃর ছিলো আমি শুধু নাপা এক্সটেন্ড আর ফেনসোফেনাডিন রাতে একটি করে খেলাম কিন্তুআজ দুই দিন শরিরের সমস্ত জাগায় ব্যথা জৃর কিন্তু নাই রাতে ফেন্সফেনাদিন ছারা কিছু খাইনা তবে আরো কিছু ওষধ কি খেতে হবে জানাবেন,O O O O O B-Symptom O O O B-Medicine I-Medicine O B-Medicine B-Dosage I-Dosage I-Dosage O O O O B-Symptom I-Symptom I-Symptom I-Symptom B-Symptom O O O B-Medicine O O O O O O O O O O O,O O O O O O O O O O O O O O O O O O O O O O O O O O O O O O O O O O O O O O O O,Symptom,3.866751161999673,,
"ডাক্তার ভাইকে প্রশ্ন করার জন্য ধন্যবাদ । রোগীর যদি বিভিন্ন ধরনের শারীরিক জটিলতা যেমন গর্ভকালীন উচ্চ রক্তচাপ বা ডায়াবেটিস , বাচ্চার পজিশন অর্থাৎ মাথা যদি নিচের দিকে আছে কিনা , বাচ্চার ওজন অতিরিক্ত কিনা ‌সবকিছু বিবেচনা করেই রোগীর বাচ্চা সিজারে হবে নাকি নরমালে হবে সেই সিদ্ধান্ত নিতে হবে । অতএব , যে ডাক্তার রোগীকে সরাসরি দেখেছেন , তিনিই ভালো বলতে পারবেন নরমাল ডেলিভারি সম্ভব নাকি সিজারিয়ান ভেলিভারি সম্ভব । ধন্যবাদ",O O O O O O O O O O O O O O O O B-Health_Condition O B-Health_Condition O B-Health_Condition I-Health_Condition O O O O O O O O O O O O O O O O O B-Medical_Procedure O O B-Medical_Procedure O O O O O O O O O O O O O O O O O O B-Medical_Procedure I-Medical_Procedure O O B-Medical_Procedure I-Medical_Procedure O O O,O O O O O O O O O O O O O O O O O O O O O O O O O O O O O O O O O O O O O O O O O O O O O O O O O O O O O O O O O O O O O O O O O O O O O O,Medical Procedure,10.678912997000225,,
সাময়িক স্বস্তি দিতে পারে গরম সেক । Dr < NAME > Mbbs,O O O O O O O O O O O O,O O O O B-Symptom B-Medical_Procedure O B-Specialist O O O O,,1.9941904209999848,,
"ধন্যবাদ আপনার প্রশ্নের জন্য । ইনফেকশন থাকতে পারে , টেস্ট করে নিশ্চিত হতে হবে । সরাসরি দন্তবিশেষজ্ঞ দেখিয়ে পরামর্শ নিতে হবে । এর আগ পর্যন্ত আপনি সিভিট খান । ধন্যবাদ",O O O O O B-Health_Condition O O O O O O O O O O B-Specialist O O O O O O O O O B-Medicine O O O,O O O O O B-Health_Condition O O O B-Medical_Procedure O O O O O O B-Specialist O O O O O O O O O B-Medicine O O O,Health Condition,2.276949799000249,,
ডায়রিয়া হলে প্যানটোনিক্স ২০ ওষুধ খেতে পারি ? ,B-Symptom O B-Medicine I-Medicine O O O O,B-Symptom O B-Medicine B-Dosage O O O O,Symptom,4.720121425999423,,
আমার পিঠে একটি ফোড়া উঠছে । প্রচন্ড ব্যাথা । কি করতে পারি এখন ? ,O B-Symptom I-Symptom I-Symptom O O B-Symptom I-Symptom O O O O O O,O O O O O O O O O O O O O O,Symptom,2.390220040000713,,
ধন্যবাদ আপনার প্রশ্নের জন্য । না দেখে সমাধান দেয়া যাচ্ছে না । ইনফেকশন থাকতে পারে । অনেকদিনের সমস্যা হলে অপারেশনের ও প্রয়োজন হতে পারে । ধন্যবাদ,O O O O O O O O O O O O B-Health_Condition O O O O O O O O O O O O O,O O O O O O O O O O O O O O O O O O O O O O O O O O,Health Condition,3.3961726119996456,,
আমার স্ত্রীর পিরিয়ড সাইকেল পারফেক্ট টাইমিং ছিলো লাস্ট ৪ / ৫ মাস । হঠাত এই মাসে ৪ / ৫ দিন বেশি হয়ে গেলো কিন্তু এখনও পিরিয়ড হচ্ছে না । বিষয়টা নিয়ে এখন চিন্তিত । উল্লেখ্য যে আমার স্ত্রীর অনিয়মিত পিরিয়ড সমস্যা ছিলো সেটার সলভ হয়ে গেছে ৪ / ৫ মাস আগে । রেগুলার হচ্ছিলো কিন্তু হটাত এই মাসেই ৪ / ৫ দিন ডেট ক্রস হয়ে গেছে । এমতাবস্থায় কি করতে পারি ? ,O O O O O O O O O O O O O O O O O O O O O O O O O B-Symptom I-Symptom I-Symptom O O O O O O O O O O B-Symptom I-Symptom I-Symptom I-Symptom I-Symptom I-Symptom I-Symptom I-Symptom I-Symptom I-Symptom I-Symptom I-Symptom I-Symptom O O O O O O O O O O O O O O O O O O O O O,O O O O O O O O O O O O O O O O O O O O O O O O O O O O O O O O O O O O O O O O O O O O O O O O O O O O O O O O O O O O O O O O O O O O O O O O,Symptom,9.210930225000084,,
"মারির দাতে হলুদ হলুদ দাগ শক্ত হয়ে গেছ , িদনে ও রাতে ২ বার ব্রাশ করি কিন্তু পরিস্কার হচ্ছে না , করনীয় কি , ",B-Symptom I-Symptom I-Symptom I-Symptom I-Symptom I-Symptom I-Symptom I-Symptom O B-Symptom I-Symptom I-Symptom I-Symptom I-Symptom I-Symptom I-Symptom I-Symptom I-Symptom I-Symptom I-Symptom O O O O,O O O O O O O O O O O O O O O O O O O O O O O O,Symptom,2.6443180129999746,,
আপনাকে ধন্যবাদ প্রশ্ন করার জন্য । আমের আচার খেতে পারবে । কিন্তু বাইরের খাবার খাওয়া উচিত নয় । ধন্যবাদ । ,O O O O O O O O O O O O O O O O O O O O,O O O O O O O O O O O O O O O O O O O O,,3.524964594999801,,
দুই দিন থেকে শারীরিক দুর্বলতা । কাজে শক্তি পাওয়া যাচ্ছেনা । ,O O O B-Symptom I-Symptom O B-Symptom I-Symptom I-Symptom I-Symptom O,O O O O O O O O O O O,Symptom,2.6144207229999665,,
"dear doctor , I would like to know about the preparation of ultrasonogrph test as I have to go for test tomorrow . ",O O O O O O O O O O O O B-Medical_Procedure I-Medical_Procedure O O O O O O O O O,O O O O O O O O O O O O O O O O O O O O O O O,Medical Procedure,2.7027061770004366,,
"আমার স্ত্রী এক সপ্তাহে দুইটা ইমকন খেয়ে ফেলেছে , এখন পেটে অনেক ব্যাথা আমার করনীয় কি প্লিজ জানাবেন । ",O O O O O B-Medicine O O O O B-Symptom I-Symptom I-Symptom O O O O O O,O O O O O B-Medicine O O O O B-Symptom I-Symptom I-Symptom O O O O O O,Medicine,2.038805740000498,,
"sir , amar chul peke gece 20 - 30 ta ami akhone kibhabe protirodh korbo",O O O B-Symptom I-Symptom I-Symptom O O O O O O O O O,O O O O O O B-Age I-Age O O O O O O O,Symptom,2.1334957029994257,,
আল্লাহর রহমতে দশম দিন থেকে জ্বর নেই । হালকা গলা ভার হয়ে আছে । রাতে ঘুম হয়না । আল্লাহর রহমতে অন্য কোন সমস্যা নেই । আজ আমার ১৩তম আইসোলেশন দিন । আর কতদিন নিজেকে আইসোলেশন এ রাখতে হবে । ফ্যামিলির সাথে কবে থেকে একসাথে থাকতে পারবো । একা একা অতিষ্ঠ হয়ে আছি । ,O O O O O B-Symptom O O O B-Symptom I-Symptom O O O B-Symptom I-Symptom I-Symptom O O O O O O O O O O O O O O O O O O O O O O O O O O O O O O O O O O O O,O O O O O O O O O O O O O O O O O O O O O O O O O O O O O O O O O O O O O O O O O O O O O O O O O O O O O,Symptom,11.073108033999233,,
Amer 1 mash jabot gola betha . dr furotil 250mg 7 din & fexo 14 din khete bolse shate menthol er vap nete bolse dine 3 ber . kotha bolte nished korse . but amader je kaj kotha na bole kaj kora shombob na . 8din hoise but golar improv dekhe na . golar tone change hoye gese . kotha bolte kosto hoi . ami akhon ki korte pari pls suggest korben . ,O O O O B-Symptom I-Symptom O O B-Medicine I-Medicine B-Dosage I-Dosage O B-Medicine B-Dosage I-Dosage O O O B-Medicine O O O O O B-Dosage I-Dosage O O O O O O O O O O O O O O O O O O O O O O O O O O O O O O O O B-Symptom I-Symptom I-Symptom I-Symptom O O O O O O O O O O,O O O O O O O O O O O O O O O O O O O O O O O O O O O O O O O O O O O O O O O O O O O O O O O O O O O O O O O O O O O O O O O O O O O O O O O O O,Medicine,9.211993943999914,,
আপনাকে ধন্যবাদ প্রশ্ন করার জন্য । আপনি থাইরয়েড পরীক্ষা করিয়ে দেখতে পারেন কোনো সমস্যা আছে কিনা তা দেখুন । রিপোর্ট সহ একজন হরমনের ডাক্তার কে দেখিয়ে নিন । পানি বেশি করে পান করুন । ধন্যবাদ । ,O O O O O O O B-Medical_Procedure I-Medical_Procedure O O O O O O O O O O O O O B-Specialist I-Specialist O O O O O O O O O O O O,O O O O O O O O O O O O O O O O O O O O O O O O O O O O O O O O O O O O,Medical Procedure,7.8448369339994315,,
Thanks for your question . continue your drug for at least 3 months . Take plenty of water . Don ' t go to bed or lie down one hour after taking lunch / dinner . you can visit a gastro enterologist . You may need endoscopy of upper GIT . Thank you,O O O O O O O O O B-Dosage I-Dosage I-Dosage I-Dosage O O O O O O O O O O O O O O O O O O O O O O O O O O O B-Specialist I-Specialist O O O O B-Medical_Procedure I-Medical_Procedure I-Medical_Procedure I-Medical_Procedure O O O,O O O O O O O B-Medicine O O O B-Dosage I-Dosage O O O O O O O O O O O O O O O O O O O O O O O O O O O B-Specialist I-Specialist O O O O B-Medical_Procedure O O O O O O,Dosage,13.978576747000261,,
amar 2 ranerchipay dad ring warm akmas flugal 50 deslor5mg khyci afun cream use korci vlo hoy nar akn kalo hoye gece maje maje culkay akn ki korbo plz advice me . ,O B-Symptom I-Symptom I-Symptom I-Symptom I-Symptom O B-Medicine I-Medicine I-Medicine O O O O O O O O O B-Symptom I-Symptom I-Symptom O O B-Symptom O O O O O O O,O O O O O O O O O O O O O O O O O O O O O O O O O O O O O O O O,Symptom,5.178781352999977,,
আমার বয়স ৪৬ বৎসর । আমার প্রশ্রা‌বে একটু জ্বালা পোড়া আ‌ছে কিন্তু প্রস্রাব কর‌তে সমস‌্যা বা দ‌ুর্গন্দ্ নাই । ক‌য়েক উপ‌জেলা স্বাস্থ‌্য কমপ্লক্স এর সা‌থে পটা‌সিড সিরাপ খে‌য়ে‌ছি । ক‌মে গি‌য়ে‌ছিল ব‌লে আর খাই নি । এখন একটু জ্বালা পোড়া ক‌রে দি‌নে কম থা‌কে রা‌ত্রে বে‌শি হয় । করনীয় কি ? ধন‌্যবাদ । ,O O B-Age I-Age O B-Symptom I-Symptom I-Symptom I-Symptom I-Symptom I-Symptom I-Symptom I-Symptom I-Symptom I-Symptom I-Symptom I-Symptom I-Symptom O O O O O O O B-Medicine I-Medicine O O B-Symptom I-Symptom I-Symptom I-Symptom I-Symptom I-Symptom I-Symptom I-Symptom I-Symptom I-Symptom I-Symptom I-Symptom I-Symptom I-Symptom I-Symptom I-Symptom I-Symptom I-Symptom O O O O O O,O O O O O O O O O O O O O O O O O O O O O O O O O O O O O O O O O O O O O O O O O O O O O O O O O O O O O,Symptom,6.703401961999589,,
Thank you for your question Take tab . Deslor 5mg 0 + 0 + 1 for 5days . Afrin nasal drop on congested nose 2 / 3drops . Take lemon ginger tea . If symptoms persist do covid test . Thank you,O O O O O O B-Medicine I-Medicine I-Medicine I-Medicine B-Dosage I-Dosage I-Dosage I-Dosage I-Dosage O O O B-Medicine I-Medicine I-Medicine O B-Dosage I-Dosage I-Dosage I-Dosage I-Dosage O O O O O O O O O O B-Medical_Procedure I-Medical_Procedure O O O,O O O O O O O O O O O O O O O O O O O O O O O O O O O O O O O O O O O O O O O O O O,Medicine,8.346877492000203,,
আপনাকে ধন্যবাদ প্রশ্ন করার জন্য । আপনি দ্রুত হাসঅপাতালে ভর্তি হোন । আপনার ইতিমধ্যে অনেক দেড়ি হয়ে গেছে । ধন্যবাদ,O O O O O O O O O O O O O O O O O O O O,O O O O O O O O O O O O O O O O O O O O,,1.9399690390000615,,
ধন্যবাদ আপনাকে প্রশ্নের জন্য । বারবার কেন হচ্ছে তা ওনার আগের রিপোর্ট দেখে বলা যেতে পারে । আপনি সরাসরি ডাক্তার দেখিয়ে পরামর্শ নিন । ধন্যবাদ,O O O O O O O O O O O O O O O O O O O O O O O O O,O O O O O O O O O O O O O O O O O O O O O O O O O,,3.884758780000084,,
"আমার দীর্ঘ ৫ দিন যাবত টানা জ্বর । দিনের দিকে কিছুটা কমলেও রাত্রে তা বেড়ে যায় । সাথে পুরো শরীরে প্রচন্ড ব্যাথা । বুকে হালকা কফ জমে । ডাক্তারের সংগে পরামর্শ করে নাপা , কফ সিরাপ ও ZIMAX 500 এন্টিবায়োটিক নিচ্ছি । সাথে লেবুর রস ও চা পান করছি । তবে তেমন সুবিধা হচ্ছে । এ অবস্থায় কি করা উচিত ? ? ( ডায়াবেটিস বা অন্য দীর্ঘ মেয়াদি রোগ নেই ) ",O O O O O O B-Symptom O O O O O O O O O O O B-Symptom I-Symptom I-Symptom I-Symptom O B-Symptom I-Symptom I-Symptom O O O O O O B-Medicine O B-Medicine I-Medicine O B-Medicine I-Medicine B-Medicine O O O O O O O O O O O O O O O O O O O O O O O B-Health_Condition O O O O O O O,O O O O O O O O O O O O O O O O O O O O O O O O O O O O O O O O O O O O O O O O O O O O O O O O O O O O O O O O O O O O O O O O O O O O O O O,Medicine,15.640115006999622,,
আমার ঠান্ডা এলার্জি আছে অনেক দিন ধরে । আমার অনবরত বাঁ নাক দিয়ে সর্দি পরে । এখন আবার সর্দির সাথে গুঁড়ো গুঁড়ো কিছু বের হচ্ছে । আমাকে এটার কারণ এবং উপায় বলুন । ,O B-Health_Condition I-Health_Condition O O O O O O O B-Health_Condition I-Health_Condition I-Health_Condition I-Health_Condition O O O O B-Symptom I-Symptom I-Symptom I-Symptom I-Symptom I-Symptom I-Symptom O O O O O O O O,O B-Symptom I-Symptom O O O O O O O O O O B-Symptom O O O O B-Symptom O O O O O O O O O O O O O O,Health Condition,2.2191728820007484,,
আপনাকে ধন্যবাদ প্রশ্ন করার জন্য । আপনি মুখে কোনো প্রসাধনী ব্যবহার করবেন না । পিজি হাসপাতালে চর্ম রোগ বিভাগে যোগাযোগ করুন । ধন্যবাদ,O O O O O O O O O O O O O O O O B-Specialist O O O O O O,O O O O O O O O O O O O O O O B-Health_Condition I-Health_Condition O O O O O O,Specialist,1.238190037000095,,
করোনার ভ্যাক্সিন এর ডেট এসেছে ২৩ আগস্ট ২০২১ । আমার পিরিয়ড এর তিন নম্বর দিন হবে ২৩ তারিখ । ব্যাথার জন্য ২২ তারিখে HPrds অষুধ খেয়েছি । পিরিয়ড চলাকালীন সময়ে কি তাহলে আমি ভ্যাক্সিন নিতে পারবো ? আর সিনোফার্মের ভ্যাক্সিন কি আসলে নিরাপদ ? ,O O O O O O O O O O O O O O O O O O O O O O O O O O O O O O O O O O O O O O O O O O O O,O O O O O B-Age I-Age O O O B-Symptom O B-Age I-Age I-Age O O B-Age I-Age O O O B-Age I-Age O B-Medicine O O O B-Symptom O O O O O O O O O O O O O O,,2.2847152989997994,,
"ডান পাসে রানের মাঝে ব্যথা করে মানে ২রানের মাঝের বস্তুর শুরুতেই কেবল , ওখান এ , ",B-Symptom I-Symptom I-Symptom I-Symptom I-Symptom O O O O O O O O O O O,O O O O B-Symptom O O O O O O O O O O O,Symptom,2.1515983890003554,,
ধন্যবাদ আপনাকে প্রশ্ন করার জন্য । এক চামচ এক বার । আমের সাথে একসঙ্গে কোন খাবার খাওয়া উচিত না প্রশ্ন টি বুঝিনি । আবার করুন । ধন্যবাদ,O O O O O O B-Dosage I-Dosage I-Dosage I-Dosage O O O O O O O O O O O O O O O O O,O O O O O O O O O O O O O O O O O O O O O O O O O O O,Dosage,2.839974276999783,,
আমার টনসিল এর সমস্যা আছে গলা ব্যাথা করছে । । একজন ডাক্তার ম্যাম আমাকে বল্লো সেফা ক্লাব ৫০০ দৈনিক ২টা আর সাথে ফেক্সো ১২০ খেতে,O B-Health_Condition I-Health_Condition I-Health_Condition O B-Symptom I-Symptom O O O O O O O O B-Medicine I-Medicine I-Medicine B-Dosage I-Dosage O O B-Medicine I-Medicine O,O B-Health_Condition O O O B-Symptom I-Symptom O O O O B-Specialist O O O B-Medicine I-Medicine B-Dosage O B-Dosage O O B-Medicine B-Dosage O,Medicine,2.8695695460000934,,
ধন্যবাদ ডাকতার ভাই কে প্রশ্ন করার জন্য । মনে হচ্ছে আপনার Pox হয়েছে । প্রেসার কমার জন্য ORS saline খান । ব্যাথার জন্য Tab . Napa 500mg 1 + 1 + 1 খান । ধন্যবাদ,O O O O O O O O O O O B-Health_Condition O O O O O B-Medicine I-Medicine O O O O B-Medicine I-Medicine I-Medicine I-Medicine B-Dosage I-Dosage I-Dosage I-Dosage I-Dosage O O O,O O O O O O O O O O O O O O O O O O O O O O O O O O O O O O O O O O O,Medicine,3.2471336649996374,,
ডাক্তার ভাইতে প্রশ্ন করার জন্য আপনাকে ধন্যবাদ । দয়া করে আওনার কি কি প্রবলেম হয় সেগুলো বিস্তারিত লিখুন । ,O O O O O O O O O O O O O O O O O O O,O O O O O O O O O O O O O O O O O O O,,1.1337995809999484,,
"আমার ওয়াইফ এর বয়স ৩২ বছর । তার আজমার সমস্যা । এলার্জি সমস্যা খুব বেশি । বুকের নিচে পিঠের পিছনে চুলকা । মুনাস - ১০ , ইবাটিন - খায় । তার পর ও কমতেছে না । এখন কি করা যায়",O O O O B-Age I-Age O O B-Symptom I-Symptom O B-Symptom I-Symptom O O O B-Symptom I-Symptom I-Symptom I-Symptom I-Symptom O B-Medicine I-Medicine I-Medicine O B-Medicine O O O O O O O O O O O O O,O O O B-Age I-Age I-Age O O O O O B-Health_Condition I-Health_Condition O O O O O O O B-Symptom O B-Medicine I-Medicine O B-Medicine O O O O O O O O O O O O O O,Symptom,3.0462319620000926,,
"গ্রাহক , ডাক্তার ভাইকে আপনার প্রশ্নটি করার জন্য ধন্যবাদ । গর্ভাবস্থায় করোনার টিকা না নেওয়ায় উত্তম । ধন্যবাদ । ",O O O O O O O O O O B-Health_Condition B-Medicine I-Medicine O O O O O O,O O O O O O O O O O O O O O O O O O O,Health Condition,2.1945155920002435,,
গত ২১ মে ২০২০ থেকে আমি একটা সমস্যা অনুভব করছি । কোনো কিছু থেকে কোন রকম ঘ্রাণ পাচ্ছি না । আমার জর বা অন্য কোন সমস্যা নেই । দয়া করে বলবেন কি করতে পারি ? ,O O O O O O O O O O O B-Symptom I-Symptom I-Symptom I-Symptom I-Symptom I-Symptom I-Symptom I-Symptom O O B-Symptom O O O O O O O O O O O O O,O O O O O O O O O O O O O O O O O O O O O O O O O O O O O O O O O O O,Symptom,7.263877430000321,,
"ডাক্তার সাহেব , আমার প্রসাব হলুদ ও গন্ধ একটু কম পানি খেলে এমনটি হয় , প্রসাবের বেগ কম । ক্রিটিনাইন ১ . ০২ . ",O O O O B-Symptom I-Symptom I-Symptom I-Symptom O O O O O O O B-Symptom I-Symptom I-Symptom O O O O O O,O O O O O O O O O O O O O O O O O O B-Health_Condition O O O O O,Symptom,1.1991774080006508,,
"5 দিন আগে জ্বর গলাব্যথা ছিল । নাপা খাওয়ার পর ভাল হয়েছে । এখন হালকা গলা ব্যথা আছে । মাঝে মাঝে শ্বাসের সাথে বুকে ব্যথা করে , শরীর দুর্বল লাগে । সঠিক চিকিৎসা জানতে চাই ? ",O O O B-Symptom B-Symptom O O B-Medicine O O O O O B-Symptom I-Symptom I-Symptom I-Symptom O O O O B-Symptom I-Symptom I-Symptom I-Symptom I-Symptom O B-Symptom I-Symptom O O O O O O O,O O O O O O O O O O O O O O O O O O O O O O O O O O O O O O O O O O O O,Symptom,2.9355562709997685,,
আমার ছেলের বয়স ৫ মাস ইদানিং লক্ষ্য করছি তার পায় এবং পেটের দিকে ফাটা ফাটা দাগের মতন আর খসখসে ত্বক এটা কি কারণ হয়েছে আরে সমাধান কি ? ? ? ,O O O B-Age I-Age O O O O B-Symptom I-Symptom I-Symptom I-Symptom I-Symptom I-Symptom I-Symptom I-Symptom I-Symptom I-Symptom I-Symptom O O O O O O O O O O,O O O O O O O O O O O O O O O O O O O O O O O O O O O O O O,Age,2.90964169200015,,
আমার মেয়ের ৫ বছর চলে গত তিনদিন যাবত সে ঠান্ডা ও গতকাল থেকে কাশি তে ফোগছি এখন আমার আর কি করনিয় আছে দয়াকরে জানাবেন আর তাক Renova syp & Nosemin syp খাওয়ানো হচ্ছে ? ? ? ? ? ,O O B-Age I-Age O O O O O B-Symptom O O O B-Symptom O O O O O O O O O O O O B-Medicine I-Medicine O B-Medicine I-Medicine O O O O O O O,O O O O O O O O O O O O O O O O O O O O O O O O O O O O O O O O O O O O O O,Symptom,6.259983541000111,,
ধন্যবাদ আপনার প্রশ্নের জন্য । ড্রপগুলো বন্ধ করে দিন । ধন্যবাদ,O O O O O O O O O O O,O O O O O B-Medicine O O O O O,,1.9638748329998634,,
"আপনাকে ধন্যবাদ প্রশ্ন করার জন্য । স্যালাইন খাবেন , পূষ্টিকর খাবার খান , Tab . Domin 10mg খাবেন । ধন্যবাদ । ",O O O O O O B-Medicine O O O O O O B-Medicine I-Medicine I-Medicine I-Medicine O O O O,O O O O O O B-Medicine O O O O B-Medicine I-Medicine B-Dosage O O O O O O O,Medicine,5.1371326230000705,,
প্রশ্ন করার জন্য ধন্যবাদ । এত ছোট বাচ্চাকে না দেখে চিকিৎসা দেওয়া সম্ভব নয় । আপনি একজন শিশু বিশেষজ্ঞ ডাক্তার দেখান । ধন্যবাদ । ,O O O O O O O O O O O O O O O O O B-Specialist I-Specialist I-Specialist O O O O,O O O O O O O O O O O O O O O O O O O O O O O O,Specialist,1.6506343159999233,,
Thank you for asking question to Daktarbhai . There Won ' t be any problem . Again Consult a gynaecologist physically . Thanks . ,O O O O O O O O O O O O O O O O O O O B-Specialist O O O O,O O O O O O O O O O O O O O O O O O O O O O O O,Specialist,2.2968411019992345,,
6 - 7 মাস জাবদ হাঁচি পচুর পরি মানে । নাকে কখন ধুলা ডুকলেও এমন টা হয়ে থাকে । ( অ্যালসেট ) খাবার পর কিছুটা সময় ভালো পরে আবার সুরু হয় হাঁচি । এর থেকে মুক্তির উপায় । ,O O O O O B-Symptom O O O O O O O O O O O O O O O O O O O O O O O O O B-Symptom O O O O O O,O O B-Age I-Age B-Symptom I-Symptom O O O O O O O O O O O O B-Medicine O O O O O O O O O B-Symptom O O O O O O O O O,Symptom,5.1152499589998115,,
"আমার বেবীর নাম < NAME > চার বছর চার মাস আজ ৫ দিন ধরে ওর অনেক ঠান্ডা ও জ্বর বিশেষ করে রাতে জ্বর আসে এ পর্যন্ত ওকে যে ঔষধগুলো খাওয়ানোর হয়েছে রোনোভা , নসিমিন দুই দিন পর তারপর সেফ৩ , মিরাকফ , সিসেট এবং নাপা সিরাপ ও তিন দিন ধরে খাওয়ানো হচ্ছে ফলাফল কিছুই পাইনি তাই দয়াকরে উপদেশ দিন আমাদের করনীয় কি ? ? ? ? ",O O O O O O B-Health_Condition I-Health_Condition I-Health_Condition I-Health_Condition O O O O O O B-Symptom O B-Symptom O O O O O O O O O O O O B-Medicine O B-Medicine O O O O B-Medicine O B-Medicine O B-Medicine O B-Medicine I-Medicine O O O O O O O O O O O O O O O O O O O O,O O O O O O O O O O O O O O O O O O O O O O O O O O O O O O O O O O O O O O O O O O O O O O O O O O O O O O O O O O O O O O O O O O,Medicine,5.217500255000232,,
"আপনাকে ধন্যবাদ প্রশ্ন করার জন্য । আপনি হানিকল খান দুই চামচ করে দিনে তিন বার করে খান । গরম পানিতে আদা , মধু , গরম পানি খান । না কমলে একজন বক্ষ ব্যাধি বিশেষজ্ঞ কে দেখাতে হবে । ধন্যবাদ",O O O O O O O O O O O O O O O O O O O O O O O O O O O O O O O B-Specialist I-Specialist I-Specialist O O O O O,O O O O O O O O O O O O O O O O O O O O O O O O O O O O O O O O O O O O O O O,Specialist,3.802839144000245,,
"ডাক্তার ভাই কে প্রশ্ন করার জন্য ধন্যবাদ । যাউ , নরম খাওয়া খাবেন , জুস খাবেন । ডিম খাবেন । পাতলা খিচুরি খাবেন । বেথা হলে ভরা পেটে নাপা খাবেন । আপনি একজন গলার ডাক্তার দেখান । এটা দেখতে হবে । গরম পানি লবন দিয়ে গড়গড়া করতে পারেন । ধন্যবাদ । ",O O O O O O O O O O O O O O O O O O O O O O O O B-Symptom O O O B-Medicine O O O O B-Specialist I-Specialist O O O O O O O O O O O O O O O O,O O O O O O O O O O O O O O O O O O O O O O B-Symptom O O O B-Medicine O O O O O B-Specialist O B-Medical_Procedure O O O O O O O O O O O O O O O O,Symptom,2.243022251000184,,
ডাক্তার ভাই কে প্রশ্ন করার জন্য ধন্যবাদ । কান পরীক্ষা করতে হবে । কানের ডাক্তার দেখান । ধন্যবাদ । ,O O O O O O O O B-Medical_Procedure I-Medical_Procedure O O O B-Specialist I-Specialist O O O O,O O O O O O O O O O O O O O O O O O O,Medical Procedure,3.545723678000286,,
"প্রথম বার টয়লেট এ গেলে পুরোপুরি পেট পরিস্কার হচ্ছে না , আবার পরের বার টয়লেট এর চাপ হলে তারপর clear হচ্ছে । এ রকম আগে কখনও হয় নি । এই দশ পনের দিন হল এমন হচ্ছে । আবার আমি সবসময় বেশি বেশি জল পান করি । এটা সমাধান এর উপায় কি ? ? ? ? ",B-Symptom I-Symptom I-Symptom I-Symptom I-Symptom I-Symptom I-Symptom I-Symptom I-Symptom I-Symptom O O B-Symptom I-Symptom I-Symptom I-Symptom I-Symptom I-Symptom I-Symptom I-Symptom I-Symptom O O O O O O O O O O O O O O O O O O O O O O O O O O O O O O O O O O,O O O O O O O O O O O O O O O O O O O O O O O O O O O O O O O O O O O O O O O O O O O O O O O O O O O O O O O,Symptom,4.423903443000199,,
"আপনাকে ধন্যবাদ প্রশ্ন করার জন্য । আপনি কাঁচ কলা , পোলার চালের জাউ ভাত খান । ট্যাবলেট সিপ্রোফ্লক্সাসিন ৫০০ মিলিগ্রাম সকালে ও রাতে একটা করে ৩ দিন খান । পানি বেশি করে পান করুন । ওরস্যালাইন খান । ধন্যবাদ । ",O O O O O O O O O O O O O O O O B-Medicine I-Medicine I-Medicine I-Medicine B-Dosage I-Dosage I-Dosage I-Dosage I-Dosage O O O O O O O O O O B-Medicine O O O O,O O O O O O O O O O O O O O B-Medicine I-Medicine B-Dosage I-Dosage O O O O O B-Dosage I-Dosage O O O O O O O O B-Medicine O O O O O O,Medicine,3.026529603999734,,
ubcare 60 এটা কিসের ওষুধ ? ? ? ? ? ? ? ? ? ? ? / ? ? ? ,B-Medicine I-Medicine O O O O O O O O O O O O O O O O O O,O O O O O O O O O O O O O O O O O O O O,Medicine,2.255729323000196,,
My one year old baby girl does not want to eat pogo ( vitamin ) syrup in full stomach . she vomits . Can this syrup be consumed on empty stomach ? pls tell . . . ,O B-Age I-Age O O O B-Symptom I-Symptom I-Symptom I-Symptom I-Symptom I-Symptom I-Symptom I-Symptom I-Symptom I-Symptom O O O O B-Symptom I-Symptom O O O B-Medicine O O O O O O O O O O O,O B-Age I-Age O O O O O O O O B-Medicine O I-Medicine O I-Medicine O O O O O B-Symptom O O O O O O O O O O O O O O O,Symptom,1.9295294500007003,,
Thanks for your question to daktar bhai . please drink enough water and begun vorta and cabbage . please do mild walking in the room . Thanks,O O O O O O O O O O O O O O O O O O O O O O O O O O O,O O O O O O O O O O O O O O O O O O O O O O O O O O O,,4.625394783000047,,
"আমার মেয়ের বয়স ৩ মাস ২৬ দিন । গত ২৬ / ৯ / ২০২০ তারিখ পায়খানা করেছে , তারপর এখন পর্যন্ত পায়খানা হয়নি । খাওয়া দাওয়া ঠিকঠাক করছে । শারীরিক কোন সমস্যা নাই । কিন্তু পাদু করে ঘনঘন । প্রস্রাবও করে । বিস্তারিত জানাবেন প্লিজ । ",O O O B-Age I-Age I-Age I-Age O O O O O O O O O O O O O O B-Symptom I-Symptom O O O O O O B-Symptom I-Symptom I-Symptom I-Symptom O O B-Symptom I-Symptom I-Symptom O B-Symptom I-Symptom I-Symptom O O O O,O O B-Age I-Age I-Age I-Age I-Age O O O O O O O O O O O O O O O O O O O O O O O O O O O O O O O O O O O O O O O,Symptom,1.8047917009998855,,
ভাই আমার সিজার হয়েছে আজ 20 দিন তারপর ছিরিক পারে হালকা ব্যথাছ আমি সোজা হয়ে দাঁড়াতে পারতেছি না এখন আমি কি করতে পারি,O O O O O O O O B-Symptom I-Symptom I-Symptom I-Symptom O O O O O O O O O O O,O O B-Medical_Procedure O O B-Age I-Age O O O O B-Symptom O O O O O O O O O O O,Symptom,2.1575427510006193,,
"আপনাকে ধন্যবাদ প্রশ্ন করার জন্য । এ ধরনের খাবার পরিহার করা টাই সব থেকে ভালো , এখন আপনি যেটা করছেন সেটা অনেকটা বিষ এবং প্রতিষেধক একই সাথে খাওয়ার মত । ধন্যবাদ । ",O O O O O O O O O O O O O O O O O O O O O O O O O O O O O O O O,O O O O O O O O O O O O O O O O O O O O O O O O O O O O O O O O,,2.1042396410002766,,
I am 43 years old and have been having allergic problem . . If I go under sun and swoeted then sneezing stars along with nose irritation and watering . . if I be wet by rain then feel same sneezing and watering in nose . . I can ' t drink frozen water if I do it then fell irritation in throt . . during winter I have to cover my throt at night or else I feel awkward in throt and sleep broken . . I have also problem with some vegetables as well . like beans . . If I eat beans then sneezing and watering stars . ,O O B-Age O O O O O O B-Health_Condition I-Health_Condition O O B-Symptom I-Symptom I-Symptom I-Symptom I-Symptom I-Symptom I-Symptom I-Symptom I-Symptom I-Symptom I-Symptom I-Symptom I-Symptom I-Symptom I-Symptom I-Symptom O O B-Symptom I-Symptom I-Symptom I-Symptom I-Symptom I-Symptom I-Symptom I-Symptom I-Symptom I-Symptom I-Symptom I-Symptom I-Symptom I-Symptom O O B-Symptom I-Symptom I-Symptom I-Symptom I-Symptom I-Symptom I-Symptom I-Symptom I-Symptom I-Symptom I-Symptom I-Symptom I-Symptom I-Symptom I-Symptom I-Symptom O O B-Symptom I-Symptom I-Symptom I-Symptom I-Symptom I-Symptom I-Symptom I-Symptom I-Symptom I-Symptom I-Symptom I-Symptom I-Symptom I-Symptom I-Symptom I-Symptom I-Symptom I-Symptom I-Symptom I-Symptom O O O O O O O O O O O O O O O O B-Symptom I-Symptom I-Symptom I-Symptom I-Symptom I-Symptom I-Symptom I-Symptom I-Symptom O,O O O O O O O O O O O O O O O O O O O O O O O O O O O O O O O O O O O O O O O O O O O O O O O O O O O O O O O O O O O O O O O O O O O O O O O O O O O O O O O O O O O O O O O O O O O O O O O O O O O O O O O O O O O O O O O,Symptom,29.777616291999948,,
আপনাকে ধন্যবাদ প্রশ্ন করার জন্য । আপনি এলাট্রল ট্যাবলেট রাতে একটা করে খান । ভাল না হলে একজন মেডিসিন ডাক্তারের পরামর্শ নিন । ধন্যবাদ,O O O O O O O B-Medicine I-Medicine B-Dosage I-Dosage O O O O O O O B-Specialist I-Specialist O O O O,O O O O O O O B-Medicine I-Medicine O B-Dosage O O O O O O B-Specialist I-Specialist I-Specialist O O O O,Medicine,1.622344009999324,,
"হজমশক্তি বাড়াতে করনীয় কি জানতে চাই । আমার ওজন ৬০ কেজি । উচ্চতা ৫ . ৯ "" । ",O O O O O O O O O O O O O O O O O O,O O O O O O O O O O O O O O O O O O,,8.819300952999583,,
স্যার আমার হাতের কব্জির তলায় ছোট একটা গোটা থেকে এখন দাউদ এর আকার ধারণ করেছে আমি এখন কি ঔষধ খেতে পারি,O O B-Symptom I-Symptom I-Symptom I-Symptom I-Symptom I-Symptom O O B-Symptom O O O O O O O O O O,O O O O O O O O O O O O O O O O O O O O O,Symptom,3.97869831800017,,
স‍্যার আমার দুই বছরের একটা বাচ্চা আছে মেয়ে মায়ের বুকের দুধ খাচ্ছে এখন এই অবস্থায় কি করোনার টিকা যে কোন কোম্পানীর নিতে পারবে R টিকা কি নেয়া যাবে দয়া করে এই সমাধানটা একটু বলে দিলে ভাল হত,O O B-Age O O O O O O O O O O O O O B-Medical_Procedure I-Medical_Procedure O O O O O O O O O O O O O O O O O O O,O O B-Age I-Age O O O O O O O O O O O O O O O O O O O O O O O O O O O O O O O O O,Age,9.573522554000192,,
"গতকাল করোনার ২য় ভ্যাকসিন দিয়েছি , রাতে XPA XR খেয়েছি , এখনো গায়ে জ্বর আছে , এখন কি আরেক টা XPA XR খাওয়া যাবে ? ? ? ",O O O O O O O B-Medicine I-Medicine O O O B-Symptom I-Symptom O O O O O O B-Medicine I-Medicine O O O O O,O O O O O O O O O O O O O O O O O O O O O O O O O O O,Medicine,3.23272676400029,,
ডাক্তার ভাইকে প্রশ্ন করার জন্য ধন্যবাদ । অবশ্যই চার বছরের বাচ্চাকে Etorix খাওয়ানো যাবে না । তার বদলে বাচ্চাকে Syrup Napa 1 থেকে 2 চামচ তিনবেলা খাওয়াতে পারেন দুই থেকে তিন দিন । ধন্যবাদ,O O O O O O O O B-Age I-Age O B-Medicine O O O O O O O B-Medicine I-Medicine B-Dosage I-Dosage I-Dosage I-Dosage I-Dosage I-Dosage I-Dosage I-Dosage I-Dosage I-Dosage I-Dosage O O,O O O O O O O O B-Age I-Age O B-Medicine O O O O O O O B-Medicine I-Medicine B-Dosage O B-Dosage I-Dosage I-Dosage O O O B-Dosage O B-Dosage I-Dosage O,Medicine,4.096047498000189,,
Daktar bhai ke proshno korar jonno dhonnobad . 8 mg / kg / day deowa jete pare . Thanks,O O O O O O O O B-Dosage I-Dosage I-Dosage I-Dosage I-Dosage I-Dosage O O O O O,O O O O O O O O B-Dosage I-Dosage I-Dosage I-Dosage I-Dosage O O O O O O,Dosage,2.283416968999518,,
"ডাক্তার ভাই কে প্রশ্ন করার জন্য ধন্যবাদ । এই অবস্হায় বাচ্চাকে সরাসরি না দেখে কিছু বলা ঠিক হবেনা , কিছু পরীক্ষার প্রয়োজন সরাসরি একজন Pediatricianএর সাথে যোগাযোগ করতে পারেন ধন্যবাদ । ",O O O O O O O O O O O O O O O O O O O O O O O O B-Specialist O O O O O O,O O O O O O O O O O O O O O O O O O O O O O O O O O O O O O O,Specialist,2.7721519770002487,,
আমার নাকের বিতরে সর্দি জমে থাকে আর না পেললে বমিভাব হয় কিরবো,O B-Symptom I-Symptom I-Symptom I-Symptom I-Symptom O O O B-Symptom O O,O O O O O O O O O O O O,Symptom,2.044416671000363,,
"গরমের দিনেও শীত শীত ভাব অনুভব হওয়া , কোনভাবে ফ্যানের বাতাস সহ্য না হওয়া , ",B-Symptom I-Symptom I-Symptom I-Symptom I-Symptom I-Symptom I-Symptom O O O O O O O O,O O O O O O O O O O O O O O O,Symptom,2.075806912000189,,
"ভাড়ি ওজন উঠাতে গিয়ে কোমরে ব্যাথা পেয়েছিলাম । প্যারাসিটামল খাবার পর কমে গিয়েছিল , কিন্তু এখন আবার মেরুদণ্ড এর নিচের দিকে কোমরের দুই পাশে ব্যাথা হয় । একটা বেশিক্ষণ বসে , শুয়ে বা দাড়িয়ে থাকলে , , , সামনে উপুড় হতে গেলে একটু সময় নিয়ে উপুড় হয়ে হয় । ",B-Health_Condition I-Health_Condition I-Health_Condition I-Health_Condition I-Health_Condition I-Health_Condition I-Health_Condition O B-Medicine O O O O O O O O B-Symptom I-Symptom I-Symptom I-Symptom I-Symptom I-Symptom I-Symptom I-Symptom O O O O O O O O O O O O O O O O O O O O O O O O,O O O O O O O O O O O O O O O O O O O O O O O O O O O O O O O O O O O O O O O O O O O O O O O O O,Health Condition,4.305651908999607,,
"আমার কিছুদিন যাবত জায়গায় জায়গায় চুলকায়ে দাউদ এর মতো হচ্ছে এর উপক্রম কি , আমি প্রেগন্যান্ট ডায়াবেটিস ও আছে",O B-Symptom I-Symptom I-Symptom I-Symptom I-Symptom I-Symptom O O O O O O O O B-Health_Condition B-Health_Condition O O,O O O O O O O O O O O O O O O O O O O,Health Condition,2.127919769000073,,
"ডাক্তার ভাইতে প্রশ্ন করার জন্যে আপনাকে ধন্যবাদ । ৪ , ৫ বার পায়খানা স্বাভাবিক ভাবেই করতে পারে । অবজার্ভ করুন । ",O O O O O O O O O O O O O O O O O O O O O,O O O O O O O O O O O O O O O O O O O O O,,2.3063971530000345,,
amr wife er 5 month 10 din choltase akon halka paye ros astase . akon ki koronio ase . she botomane 1 . nerocare . 2 . proguat . 3 . doxavit10 . 4 . allynol5 . 5 . actrapid flexipen . 6 . lebeta 200 mg . medicine niche doctor er poramorsho onojai . kento hotat paye halka ros astase . ,O O O B-Health_Condition I-Health_Condition I-Health_Condition I-Health_Condition I-Health_Condition I-Health_Condition I-Health_Condition I-Health_Condition I-Health_Condition I-Health_Condition O O O O O O O O O O B-Medicine O O O B-Medicine O O O B-Medicine O O O B-Medicine O O O B-Medicine I-Medicine O O O B-Medicine I-Medicine I-Medicine O O O O O O O O O O B-Symptom I-Symptom I-Symptom I-Symptom O,O O O B-Age I-Age O O O O B-Symptom I-Symptom O O O O O O O O O O O B-Medicine O O B-Medicine O O B-Medicine O O B-Medicine O O B-Medicine O O B-Medicine I-Medicine O O B-Medicine O B-Dosage I-Dosage O O O O O O O O O O B-Symptom I-Symptom O O O O O,Medicine,2.2109154660001877,,
আপনাকে ধন্যবাদ প্রশ্ন করার জন্য । আপনার রিফ্লাক্স হচ্ছে বলে মনে হচ্ছে । ট্যাবলেট ফিনিক্স ২০ মিলিগ্রাম সকালে ও রাতে একটা করে খাবার আগে খান । ট্যাবলেট ওমিডন ১০ মিলিগ্রাম সকালে ও রাতে খাবার আগে একটা করে খেতে পারেন । ধন্যবাদ । ,O O O O O O O O O O O O O B-Medicine I-Medicine I-Medicine I-Medicine B-Dosage I-Dosage I-Dosage I-Dosage I-Dosage O O O O B-Medicine I-Medicine I-Medicine I-Medicine B-Dosage I-Dosage I-Dosage I-Dosage I-Dosage I-Dosage I-Dosage O O O O O,O O O O O O O O O O O O O O O O O O O O O O O O O O O O O O O O O O O O O O O O O O,Medicine,4.82923110000047,,
আমার ঠিকমতো ঘুম হচ্ছে না । আমি চেষ্টা করছি কিন্তু ঘুম আসছে না । আমার ঘুম বাড়ানোর জন্য কী করতে পারি ? ,O O B-Symptom I-Symptom I-Symptom O O O O O O O O O O O O O O O O O,O O O O O O O O O O O O O O O O O O O O O O,Symptom,5.298715524999352,,
আমার স্ত্রীর পায়খানার সাথে রক্ত যায় । পায়খানা করার পর না । পায়খানার সাথেই রক্ত মিশে থাকে । তাজা রক্তই যায় । চাপ প্র‍য়গ করতে হয় । নরম করার জন্য ইশবগুলের ভুশি খাওয়াচ্ছি কোনো কাজ হচ্ছে না । ১ দিন পর পর পায়খানা হয় । পায়পথ চুলকায় এবং ব্যাথা করে পায়খানা করতে বসলে । কি করবো আমি ? প্রায় ১ মাস যাবত হচ্ছে এমন । কোন বিভাগের ডাক্তার এর সাথে কথা বলবো ? ,O O B-Symptom I-Symptom I-Symptom I-Symptom O O O O O O B-Symptom I-Symptom I-Symptom I-Symptom I-Symptom O B-Symptom I-Symptom I-Symptom O O O O O O O O O O O O O O O O O O O O O O O O B-Symptom I-Symptom O B-Symptom I-Symptom I-Symptom I-Symptom I-Symptom O O O O O O O O O O O O O O O O O O O O,O O O O O O O O O O O O O O O O O O O O O O O O O O O O O O O O O O O O O O O O O O O O O O O O O O O O O O O O O O O O O O O O O O O O O O O O O,Symptom,3.953443232999234,,
"I am suffering from fever last 2 or 3 days also I have cough and Cold , at this moment what should I do for being well ? ? ",O O B-Symptom I-Symptom I-Symptom I-Symptom I-Symptom I-Symptom I-Symptom I-Symptom O B-Symptom I-Symptom I-Symptom I-Symptom I-Symptom O O O O O O O O O O O O O,O O O O O O O O O O O O O O O O O O O O O O O O O O O O O,Symptom,6.196268431000135,,
"আসসালামুয়ালাইকুম ডাক্তার ভাই আমার একটা প্রশ্ন আছে আমার একটা কন্যা সন্তান হইছে তার বয়স 16 দিন , সে শুধু কান্না করে আবার যখন মায়ের বুকের দুধ দেওয়া হয় তখন চুপচাপ থাকে একঘন্টা যদি মায়ের বুকের দুধ খেতে থাকে এক ঘন্টায় চুপ থাকে , আবার এক ঘন্টা পর দুধ সরিয়ে ফেললে কান্না শুরু করতে থাকে দয়া করে এটির সঠিক পরামর্শ দিবেন ধন্যবাদ । ",O O O O O O O O O O O O O O B-Age I-Age O O O O O O O O O O O O O O O O O O O O O O O O O O O O O O O O O O O O O O O O O O O O O O,O B-Specialist O O O O O O O O O O O B-Age I-Age O O O O O O O O O O O O O O O O O O O O O O O O O O O O O O O O O O O O O O O O O O O O O O O,Age,29.440259251000498,,
ডাক্তার ভাই এর সাথে থাকার জন্য ধন্যবাদ । - সকালে খালি পেটে রক্তের স্যাম্পল প্রদান করতে যাবেন Dr < NAME > Mbbs,O O O O O O O O O O O O O O O O O O O O O O,O O O O O O O O O O O O O O O O O O O O O O,,1.7683201229992846,,
সাইড কেটে ডেলিভারি করলে কি কোনো সমস্যা হয় ? ,B-Health_Condition I-Health_Condition I-Health_Condition O O O O O O,O O B-Medical_Procedure O O O O O O,Health Condition,0.8964475189995937,,
Daktar bhai ke question korar jonno dhonnobad . qns means quatity not sufficient . If you have confusion you can repeat the test . Thanks . ,O O O O O O O O O O O O O O O O O O O O O O O O O O,O O O O O O O O O O O O O O O O O O O O O O O O O O,,3.5582775620005123,,
amar boosh 18 . amar majar shiray tan legecilo . onek medicine niysi . renovit tablet khaysi . tau jole r batha . majar vitor . akhon ki medicine nite Pari . ,O O B-Age O O B-Health_Condition I-Health_Condition I-Health_Condition I-Health_Condition O O O O O B-Medicine I-Medicine O O O B-Symptom I-Symptom I-Symptom I-Symptom I-Symptom I-Symptom O O O O O O O,O O O O O O O O O O O O O O O O O O O O O O O O O O O O O O O O,Age,2.9501385990006384,,
হোমিওপ্যাথি ঔষধ সেবনকালীন এলোপ্যাথিক ঔষধ সেবন করা যাবে কি ? ,O O O O O O O O O O,O O O O O O O O O O,,3.8871562509993964,,
ডাক্তার ভাইতে প্রশ্ন করার জন্যে আপনাকে ধন্যবাদ । প্রথমত আপনাকে খাবার খেতে হবে ঠিকমতো । tab - filwel gold 0 + 1 + 0 ১ মাস এই মাল্টিভিটামিন খেতে পারেন । Tab - ovocal D 1 + 0 + 0 ১ মাস খাবেন । একজন গাইনি বিশেষজ্ঞ চিকিৎসক এর পরামর্শ নিবেন । ,O O O O O O O O O O O O O O O B-Medicine I-Medicine I-Medicine I-Medicine B-Dosage I-Dosage I-Dosage I-Dosage I-Dosage O O O O O O O B-Medicine I-Medicine I-Medicine I-Medicine B-Dosage I-Dosage I-Dosage I-Dosage I-Dosage O O O O O B-Specialist I-Specialist I-Specialist O O O O,O O O O O O O O O O O O O O O O B-Medicine I-Medicine O O O O O O B-Medicine O O O O O O B-Medicine I-Medicine O O O O O O O O O B-Specialist I-Specialist O O O O O O O O,Medicine,1.821637233999354,,
"Tab . Rupastin 10 mg - - 0 + 0 + 1 - - for 7 days , after meal . It will decrease the itching . You may need to consult with consultant of opthalmology . Thanks",B-Medicine I-Medicine I-Medicine I-Medicine I-Medicine O O B-Dosage I-Dosage I-Dosage I-Dosage I-Dosage O O O O O O O O O O O O O O O O O O O O O O O B-Specialist O O,O O O O O O O O O O O O O O O O O O O O O O O O O O O O O O O O O O O O O O,Medicine,4.233796597000037,,
Thank you for your question . Iron tablets are indicated during pregnancy like tab . Zif CI . 0 + 1 + 0 . Please consult with a gynaecologist and act accordingly Thank you,O O O O O O B-Medicine I-Medicine O O O O O B-Medicine I-Medicine I-Medicine I-Medicine O B-Dosage I-Dosage I-Dosage I-Dosage I-Dosage O O O O O B-Specialist O O O O O,O O O O O O B-Medicine I-Medicine O O O B-Health_Condition O O O B-Medicine O B-Dosage O O O O O O O O O B-Specialist O O O O O O,Medicine,1.4525414119998459,,
"ধন্যবাদ আপনাকে প্রশ্ন করার জন্য । আপনি নাপা খান ৬ ঘন্টা পর পর ভরা পেটে । ব্যাথা জ্বর চলে যাবে । স্যালাইন , পানি খান । ধন্যবাদ",O O O O O O O B-Medicine O B-Dosage I-Dosage I-Dosage I-Dosage O O O O O O O O O O O O O O,O O O O O O O O O O O O O O O O O O O O O O O O O O O,Medicine,6.33901071299988,,
ধন্যবাদ আপনাকে প্রশ্নের জন্য । উনি কি কোন cardiologist এর আন্ডারে আছেন ? ,O O O O O O O O B-Specialist O O O O,O O O O O O O O B-Specialist O O O O,Specialist,1.909206538000035,,
"আপনাকে ধন্যবাদ প্রশ্ন করার জন্য । আপনার সমস্যা সমাধান প্রাথমিক চিকিৎসা তে ভাল হবে না । প্রাকৃতিক চিকিৎসা কিছু আছে । কিন্তু আপনি যেহেতু নিতে চাচ্ছেন না তাই আর উল্লেখ করলাম না । প্রি ম্যাচিয়র এ - র অনেক কারন আছে । একেক টার একেক চিকিৎসা । যেমন ডায়াবেটিস , থাইরয়েড , মানষিক সমস্যা ইত্যাদি । প্রত্যেকটার চিকিৎসা ভিন্ন ভিন্ন । এভাবে রোগ না জেনে আপনাকে চিকিৎসা দেয়া সম্ভব না । আপনি একজন ভাল চর্ম ও যৌন রোগ বিশেষজ্ঞ কে দেখান । ধন্যবাদ । ",O O O O O O O O O O O O O O O O O O O O O O O O O O O O O O O O O O O O O O O O O O O O O O O O O O O O O O O O O O O O O O O O O O O O O O O O O O B-Specialist I-Specialist I-Specialist I-Specialist I-Specialist O O O O O,O O O O O O O O O O O O O O O O O O O O O O O O O O O O O O O O O O O O O O O O O O O O O O O O O O O O O O O O O O O O O O O O O O O O O O O O O O O O O O O O O O O O,Specialist,32.175304325999605,,
"ওয়ালাইকুম সালাম , প্রশ্ন করার জন্য ধন্যবাদ । জ্বরের জন্য Tab Napa extend 665 mg 1 + 1 + 1 + 1 . . যদি শরীরের তাপমাত্রা > 100 F থাকে তাহলে খাওয়াবেন । জ্বরের সাথে যদি ঠান্ডা সর্দি কাশি থাকে তাহলে অবশ্যই করোনা টেস্ট করাবেন এবং পরবর্তী পরামর্শের জন্য আবার ডাক্তারের সাথে কথা বলবেন । ধন্যবাদ । ",O O O O O O O O O O B-Medicine I-Medicine I-Medicine I-Medicine I-Medicine B-Dosage I-Dosage I-Dosage I-Dosage I-Dosage I-Dosage I-Dosage O O O B-Symptom I-Symptom I-Symptom I-Symptom I-Symptom O O O O B-Symptom O O B-Symptom I-Symptom I-Symptom O O O B-Medical_Procedure I-Medical_Procedure O O O O O O O O O O O O O,O O O O O O O O O O O O O O O O O O O O O O O O O O O O O O O O O O O O O O O O O O O O O O O O O O O O O O O O O O,Symptom,5.221259670999643,,
আজকে সকালে পায়খানা করার সময় কফ কফ পরেছে । হটাৎ করে এই ভাবে হবার কারন কী ? ,O O B-Symptom I-Symptom I-Symptom I-Symptom I-Symptom O O O O O O O O O O,O O O O O O O O O O O O O O O O O,Symptom,2.017166098999951,,
ডাক্তার ভাই কে প্রশ্ন করার জন্য ধন্যবাদ । একজন চোখের ডাক্তার এর পরামর্শ নিতে পারেন । ধন্যবাদ । ,O O O O O O O O O B-Specialist I-Specialist O O O O O O O,O O O O O O O O O O O O O O O O O O,Specialist,2.2722301710000465,,
"ধন্যবাদ আপনার প্রশ্নের জন্য । pasteurized টা খাওয়া যায় , Raw টা না । কিন্তু ভিনেগার প্রচুর গ্যাসের সমস্যা করে । ধন্যবাদ",O O O O O O O O O O O O O O O O O B-Symptom I-Symptom O O O,O O O O O O O O O O O O O O O O O O O O O O,Symptom,3.012348963000477,,
"আমার চার দিন ধরে জ্বর , ঠান্ডা , শরীর দূর্বল , খাবারের রুচি নেই , নাকে কোনো গন্ধ পাচ্ছি না । হাচি বা কাশি নেই । আমি নাপা এক্সটেন্ড খাচ্ছি । ",O O O O B-Symptom O B-Symptom O B-Symptom I-Symptom O B-Symptom I-Symptom I-Symptom O B-Symptom I-Symptom I-Symptom I-Symptom I-Symptom O B-Symptom I-Symptom I-Symptom I-Symptom O O O O O O,O O O O B-Symptom O B-Symptom O I-Symptom O O O O O O O O O O O O O O O B-Medicine I-Medicine O O O O O,Symptom,1.4236347719997866,,
"গতো দুই সপ্তাহ ধরে আমার অনেক ঠান্ডা লেগেছে , নাক দিয়ে শুধু পানি পরে । নিষ্সাশ নিতে কষ্ট হয় । অনেক ঔষধ খাচ্ছি কিন্তু নাক দিয়ে পানি পরা কমছে না । আমাকে তারাতাড়ি ঠান্ডা ভাল হাওয়ার ঔষধ এর পরামর্শ দিন । ",B-Symptom I-Symptom I-Symptom I-Symptom I-Symptom I-Symptom I-Symptom I-Symptom I-Symptom I-Symptom I-Symptom I-Symptom I-Symptom I-Symptom O B-Symptom I-Symptom I-Symptom I-Symptom O O O O O B-Symptom I-Symptom I-Symptom I-Symptom I-Symptom I-Symptom O O O O O O O O O O O,O O O O O O B-Symptom O O B-Symptom O O O O O B-Symptom O O O O O B-Medicine O O B-Symptom O O O O O O O O B-Symptom O O O O O O O,Symptom,95.32649611299985,,
"ডাক্তার ভাইকে প্রশ্ন করার জন্য ধন্যবাদ । এ বিষয়ে বাচ্চার বয়স অনুযায়ী ওজন পরীক্ষা করে , বাচ্চার যথাযথ স্বাস্থ্যসম্মত ও পুষ্টিকর খাবারের বিষয়ে একজন শিশু বিশেষজ্ঞের সরাসরি পরামর্শ নিন । ধন",O O O O O O O O O O O O O O O O O O O O O O O O B-Specialist I-Specialist O O O O O,O O O O O O O O O B-Age O O O O O O O O O O O O O B-Specialist I-Specialist O O O O O O,Specialist,5.5754400329997225,,
ধন্যবাদ আপনাকে প্রশ্ন করার জন্য । আপনি ইনসুলিন নেন না ওষুধ খান ? ,O O O O O O O B-Medicine O O O O O,O O O O O O O O O O O O O,Medicine,2.81468545000007,,
"আপনাকে ধন্যবাদ প্রশ্ন করার জন্য । আপনার সমস্যা সমাধান এর জন্য আপনার বিস্তারিত ইতিহাস , কিছু পরীক্ষা করা দরকার । আপনি একজন মেডিসিন বিশেষজ্ঞ কে দেখান । আপনার সমস্যা ভাল হতে সময় লাগবে । ধন্যবাদ । ",O O O O O O O O O O O O O O O O O O O O O O B-Specialist I-Specialist O O O O O O O O O O O O,O O O O O O O O O O O O O O O O O O O O O B-Specialist I-Specialist O O O O O O O O O O O O O,Specialist,4.543329701000403,,
"ডাক্তার ভাইকে প্রশ্ন করার জন্য আপনাকে ধন্যবাদ । আপনি হালকা গরম পানি লবন মিশিয়ে গড়গড়া করবেন দিনে কয়েকবার ৷ সাথে syrp . Adovas - ২ চামচ x দিনে ৩ বার খাবেন । গরম পানি , গরম - আদা চা , আদা কুচি , লং খাবেন । সাথে strepsils tablet চুষে চুষে খাবেন । এতে আরাম পাবেন । ধন্যবাদ",O O O O O O O O O O O O O O O O O O O O B-Medicine I-Medicine I-Medicine O B-Dosage I-Dosage I-Dosage I-Dosage I-Dosage I-Dosage O O O O O O O O O O O O O O O O O B-Medicine I-Medicine O O O O O O O O O,O O O O O O O O O O O O O O O O O O O O O O O O O O O O O O O O O O O O O O O O O O O O O O O O O O O O O O O O O O,Medicine,5.08888913499959,,
"ami bigmet 500 , nintoin SR , cranbiotic , maxpro mups , bextnum gold , Rosen 28 , Cora DX ai oshud gulo khacci ajk 15 din . . . aigulo suru korar por theke amr gas er khub prb hocca . . . ajk sokal theke 2 bar bomi hoica . . . . amr bathroom a aga khub akta baje gondo cilo nah . . . . akhn khub e somossa hocca gas er ai oshud gulo suru korar por theke",O B-Medicine I-Medicine O B-Medicine I-Medicine O B-Medicine O B-Medicine I-Medicine O B-Medicine I-Medicine O B-Medicine I-Medicine O B-Medicine I-Medicine O O O O O O O O O O O O O O O O B-Symptom I-Symptom I-Symptom I-Symptom O O O O O O O O O B-Symptom O O O O O O B-Symptom I-Symptom I-Symptom I-Symptom I-Symptom I-Symptom I-Symptom O O O O O O O O O O O O O O O O O O O O,O O O O O O O O O O O O O O O O O O O O O O O O O O O O O O O O O O O O O O O O O O O O O O O O O O O O O O O O O O O O O O O O O O O O O O O O O O O O O O O O O O O,Medicine,10.440107965000607,,
"ধন্যবাদ আপনাকে প্রশ্ন করার জন্য । আপনি বাচ্চাকে বেশি করে শাকসব্জি , ফল , আঁশযুক্ত খাবার দিবেন , পানি দিবেন । প্রয়োজনে বিস্তারিত আলোচনার জন্য ডাক্তারভাই এপ্লিকেশন থেকে ' Video Call To A Doctor ' সার্ভিসটি ব্যবহার করে একজন শিশু বিশেষজ্ঞ ডাক্তারের এপয়েন্টমেন্ট নিয়ে ভিডিও কল এ কথা বলতে পারেন এবং আপনার রিপোর্ট র ছবি তুলে ডাক্তার কে পাঠাতে পারবেন । ডাক্তারএর লেখা প্রেস্ক্রিপশন আপনি আপনার এপ্লিকেশন এ পেয়ে যাবেন । ধন্যবাদ",O O O O O O O O O O O O O O O O O O O O O O O O O O O O O O O O O O O O O O O B-Specialist I-Specialist O O O O O O O O O O O O O O O O O O O O O O O O O O O O O O O,O O O O O O O O O O O O O O O O O O O O O O O O O O O O O O O O O O O O O O O O O O O O O O O O O O O O O O O O O O O O O O O O O O O O O O O O,Specialist,3.8201322909999362,,
আপনাকে ধন্যবাদ প্রশ্ন করার জন্য । আপনি স্টিম নিতে পারেন । আরাম পাবেন । একজন নাক কান গলা ডাক্তারকে দেখিয়ে নিতে পারেন । ধন্যবাদ,O O O O O O O O O O O O O O O B-Specialist I-Specialist I-Specialist I-Specialist O O O O O,O O O O O O O B-Medicine O O O O O O B-Medical_Procedure I-Medical_Procedure I-Medical_Procedure B-Specialist O O O O O O,Specialist,4.35201924500052,,
"আমার সব সময় মাথা এলোমোলো আর অস্থিতিকর লাগে , স্বাভাভিক ভাবে থাকতে পারতেছিনা মানুষিক চাপ টেনশন আছে , বদহজম এর সমস্যা , সাথে হাই প্রেসার ও আছে অনেক ডাক্তার পরিক্ষা নিরিক্ষা করে ঔষধ খাচ্ছি olmezest am 5 / 20 , ribotril 0 . 5 mg , rabe 20 mg , apuldon 10 mg , এগুলান খেয়ে কিছুটা স্বাভাবিক থাকলেও পুরো স্বাভাবিক থাকতে পারতেছিনা , স্বাস্থ্য ও খারাপ , আপনাদের কাছে এসব এর প্রতিকার জানতে চাইলে আপনারা প্রতিবারেই একই উত্তর যাচ্ছেন সাধারণ ডাক্তার এর মত , তাহলে এই সেবা টা চালু করার দরকার ছিলো না , এখন আমাকে কিছু পরামর্শ দেন",O O O B-Symptom I-Symptom I-Symptom I-Symptom I-Symptom O O O O O B-Symptom I-Symptom I-Symptom O O B-Health_Condition I-Health_Condition I-Health_Condition O O B-Health_Condition I-Health_Condition O O O O O O O O O B-Medicine I-Medicine I-Medicine I-Medicine I-Medicine O B-Medicine I-Medicine I-Medicine I-Medicine I-Medicine O B-Medicine I-Medicine I-Medicine O B-Medicine I-Medicine I-Medicine O O O O O O O O O O O O O O O O O O O O O O O O O O O O O O O O O O O O O O O O O O O O O O O,O O O B-Symptom I-Symptom O B-Symptom O O B-Health_Condition O I-Health_Condition O B-Symptom I-Symptom I-Symptom O B-Symptom O O O O B-Health_Condition I-Health_Condition O O O O B-Specialist O O O B-Medicine B-Medicine B-Dosage O O B-Medicine O B-Dosage O B-Dosage B-Medicine O B-Dosage B-Medicine O B-Dosage B-Medicine O O O O O O O O O O O O O O O O O O O O O O O O O O O O O O O O O O O O O O O O O O O O O O O O O O O,Medicine,116.18307249600002,,
"এলাজি কারণে মাথা দিয়ে রস পড়ে , doctor দেখানো হয়েছে , কয়েক বার ভেকসিন দেওয়া হয়েছে , কমে আবার বাড়ে , বয়স ৩০ , এখন কি করবো ( BEXIMCO pharmaceuticals ) ",B-Health_Condition O B-Symptom I-Symptom I-Symptom I-Symptom O O O O O O O B-Medicine O O O O O O O O B-Age O O O O O O O O,O O B-Symptom O O O O B-Specialist O O O O B-Medicine O O O O O O B-Age I-Age O O O O O O O O O O,Health Condition,2.064201922000393,,
ডাক্তার ভাই কে প্রশ্ন করার জন্য ধন্যবাদ । পিছের মাংসপেশি র ব্যায়াম করতে হবে । শুয়ে থেকে করতে পারবেন । ভারী জিনিষ নিবেন না । প্রতিদিন হাঁটবেন । ধন্যবাদ । ,O O O O O O O O O O O O O O O O O O O O O O O O O O O O O O,O O O O O O O O O O O O O O O O O O O O O O O O O O O O O O,,3.2246165480000855,,
কিছু দিন থেকে আমি লক্ষ করতেছি যে আমার মাথার চুল এমনি এমনিই উঠে যাচ্ছে ৷ আমি মাথায় কোনো প্রকার শ্যাম্পু ব্যবহার করিনা । এমতাবস্থায় আমার কী করণীয় ? ,O O O O O O O O B-Symptom I-Symptom I-Symptom I-Symptom I-Symptom I-Symptom O O O O O O O O O O O O O O,O O O O O O O O O O O O O O O O O O O O O O O O O O O O,Symptom,2.6813654430006864,,
ডাক্তার ভাই কে প্রশ্ন করার জন্য ধন্যবাদ । দিতে পারবেন যদি তার হজম হয় । ধন্যবাদ । ,O O O O O O O O O O O O O O O O O,O O O O O O O O O O O O O O O O O,,3.576053103999584,,
আপনাকে ধন্যবাদ প্রশ্ন করার জন্য । এমন কোনো ঔষধ নাই যার পার্শ্বপ্রতিক্রিয়া নাই । তাই যে কোনো ঔষধ খাওয়ার আগে ডাক্তার এর পরামর্শ নেয়া উচিত । ধন্যবাদ । ,O O O O O O O O O O O O O O O O O O O O O O O O O O O O,O O O O O O O O O O O O O O O O O O O O O B-Specialist O O O O O O,,1.2078148589998818,,
হস্তমৈথুনের কারনে আমার লিঙ্গ এবং শরীরে উভয় টিই দুর্বল হয়ে গেছে । লিঙ্গ স্ট্রং হয় না এবং আমার বীর্য পাতলা হয়ে গেছে আমার স্বাভাবিক গঠন অনেক পরিবর্তন হয়ে গেছে অনেক বছর ধরে এই সমস্যায় ভূগতেসি সানি ক্ষেত্রে কি চিকিৎসা নিতে পারি,O O O B-Symptom I-Symptom I-Symptom I-Symptom I-Symptom I-Symptom I-Symptom I-Symptom O B-Symptom I-Symptom I-Symptom I-Symptom O O B-Symptom I-Symptom I-Symptom I-Symptom O O O O O O O O O O O O O O O O O O O,O O O O O O O O O O O O O O O O O O O O O O O O O O O O O O O O O O O O O O O O O,Symptom,3.678884535999714,,
আপনাকে ধন্যবাদ প্রশ্ন করার জন্য । আপনি নাপা এক্সট্রা খেতে পারেন । ধন্যবাদ,O O O O O O O B-Medicine I-Medicine O O O O,O O O O O O O O O O O O O,Medicine,4.611574471000495,,
অয়েলি স্কিনের জন্য শীতকালে মুখের যত্ন কিভাবে নেবো ? কি ক্রিম ব্যাবহার করা ভাল হবে ? ,B-Health_Condition I-Health_Condition O O O O O O O O O O O O O O,O O O O O O O O O O O O O O O O,Health Condition,1.1317177429991716,,
my mother ' s age is around 60 . She feels her whole body itching at night . She doesn ' t have any medical condition . what can be the reason ? what medication or remedy should be followed ? ,O O O O O O O B-Age O O O O B-Symptom I-Symptom I-Symptom O O O O O O O O O O O O O O O O O O O O O O O O O O,O O O O O O O O O O O O O O O O O O O O O O O O O O O O O O O O O O O O O O O O O,Age,3.751292862999435,,
"আপনাকে ধন্যবাদ প্রশ্ন করার জন্য । আপনার ভাইয়ের সমস্যা উনার সাথে কথা না বলে , রোগের ইতিহাস না শুনে , পরিক্ষা না করে সঠিক পরামর্শ দেয়া যাবে না । আপনি উনাকে পিজি হাসপাতালে ভর্তি করে দিন । ধন্যবাদ",O O O O O O O O O O O O O O O O O O O O O O O O O O O O O O O O O O O O O O,O O O O O O O O O O O O O O O O O O O O O O O O O O O O O O O O O O O O O O,,2.271428885000205,,
আপনাকে ধন্যবাদ প্রশ্ন করার জন্য । natural tear দিতে পারেন । একজন চক্ষু বিশেষজ্ঞ কে দেখিয়ে নিতে পারেন । ধন্যবাদ । ,O O O O O O B-Medicine I-Medicine O O O O B-Specialist I-Specialist O O O O O O O,O O O O O O O O O O O O O O O O O O O O O,Medicine,2.2278986729997996,,
আমার বাচ্চার বয়স ৪ মাস ২০ দিন । হঠাৎ করে গতকাল থেকে সর্দি কাশি । নাক দিয়ে পানি পরতেছে তবে জ্বর নেই । কি ওষুধ দিতে পারি একটু জানাবেন । ,O O O B-Age I-Age I-Age I-Age O O O B-Symptom I-Symptom I-Symptom I-Symptom O B-Symptom I-Symptom I-Symptom O O B-Symptom I-Symptom O O O O O O O O,O O O B-Age I-Age I-Age I-Age O O O O O B-Symptom I-Symptom O O O B-Symptom I-Symptom O B-Symptom O O O B-Medicine O O O O O,Symptom,18.00929167800041,,
ডাক্তার ভাই কে প্রশ্ন করার জন্য ধন্যবাদ । আপনি প্রতিদিন ৮ - ১০ গ্লাস পানি খাবেন । প্রচুর সবজী খাবেন । ফল খাবেন । SPOT CLEAN CREAM ব্যাবহার করবেন । ধন্যবাদ । ,O O O O O O O O O O O O O O O O O O O O O O O O O O O O O O O O,O O O O O O O O O O B-Dosage I-Dosage I-Dosage O O O O O O O O O O B-Medicine I-Medicine I-Medicine O O O O O O,,1.392580547999387,,
আমার ডান হাতের কনুই ( Elbow ) সোজা অবস্থায় একজনের দ্বারা উল্টো ( Back pressure ) দিকের একটু চাপ লেগে ব্যাথা পেয়েছি এবং কনুইয়ের হাড়ে একটু ব্যাথা লাগে । আবার একটু ভারি ভরন কাজ করলেও ব্যাথা লাগে । পরামর্শ দিলে উপকৃত হতাম,O B-Health_Condition I-Health_Condition I-Health_Condition I-Health_Condition I-Health_Condition I-Health_Condition I-Health_Condition I-Health_Condition I-Health_Condition I-Health_Condition I-Health_Condition I-Health_Condition I-Health_Condition I-Health_Condition I-Health_Condition I-Health_Condition I-Health_Condition I-Health_Condition I-Health_Condition I-Health_Condition I-Health_Condition O B-Symptom I-Symptom I-Symptom I-Symptom O O O O B-Symptom I-Symptom I-Symptom I-Symptom I-Symptom O O O O O O,O B-Symptom I-Symptom I-Symptom O O O O O O O O O O O O O B-Symptom O O B-Symptom I-Symptom O B-Symptom O O O O O O O O B-Symptom O O O O O O O O O,Symptom,1.8872137879998263,,
" < NAME > ( ২৭ ) আমি ৩ / ৪ মাস আগে খুলনায় বক্ষব্যাধি ডাক্তার দেখাইছি ডাক্তার ওষুধ দিছে , আমার বর্তমানের সমস্যা এক নাক বন্ধ হয়ে থাকে এর জন্য আমি কি ব্যবহার করতে পারি ? পরামর্শ প্রয়োজন আমি প্রয়োজনীয় টেস্ট করিয়েছি টেস্টে কোন খারাপ কিছু ধরা পড়ে নাই এখন নিঃশ্বাসটা যেন স্বাভাবিক ভাবে নিতে পারি এর জন্য কি ব্যবহার করতে পারি",O O O O B-Age O O O O O O O O O O O O O O O O O O B-Symptom I-Symptom I-Symptom I-Symptom I-Symptom O O O O O O O O O O O O O O O O O O O O O O O O O O O O O O O O O O,O O O O O O O O O O O O O O O O O O O O O O O O O O O O O O O O O O O O O O O O O O O O O O O O O O O O O O O O O O O O O O,Age,10.700246543000503,,
amr fupar 2ta kudnir 7 . 1 damage hoyece rongpur medical avorti ace tar ki bacar somvobona ace r akhon amader ki koronio,O O B-Symptom I-Symptom I-Symptom I-Symptom I-Symptom I-Symptom O O O O O O O O O O O O O O O,O O O O O O O O O O O O O O O O O O O O O O O,Symptom,1.3334772240004895,,
ডাক্তার ভাইতে প্রশ্ন করার জন্যে আপনাকে ধন্যবাদ । আপনি fexo 60 mg রাতে একটা করে আরো ৭ দিন দিবেন . . . এলার্জি যুক্ত খাবার পরিহার করার চেষ্টা করবেন . . . ,O O O O O O O O O B-Medicine I-Medicine I-Medicine B-Dosage I-Dosage I-Dosage I-Dosage I-Dosage I-Dosage I-Dosage O O O O O O O O O O O O O,O O O O O O O O O O O O O O O O O O O O O O O O O O O O O O O O,Medicine,3.717007521000596,,
"আমার শেষ কয়েক মাস ঠিকঠাক পিরিয়ড হচ্ছিলো । এই মাসে টানা ৩দিন হওয়ার পর ভালো হয় । তার একদিন পর থেকে প্রতিদিন রাতে শুধু পিরিয়ড হই । এই রকম অবস্থা টানা ৪দিন হয় । তারপর ৮ম দিন সারাদিন পিরিয়ড হয় । আমি একজন Intern doctor ( < NAME > medical College , uttara ) এর সাথে কথা বলাতে সে Normens - 5mg ( 1 + 1 + 1 ) করে ৭ দিন খেতে বলে । এতে কি আমার কোনো সমস্যা হবে ? ",O O O O O B-Health_Condition O O O O O O O O O O O O O O O B-Symptom I-Symptom I-Symptom I-Symptom I-Symptom O O O O O O O O O O O B-Symptom I-Symptom I-Symptom O O O O O O O O O O O O O O O O O O O B-Medicine I-Medicine I-Medicine O B-Dosage I-Dosage I-Dosage I-Dosage I-Dosage O O O O O O O O O O O O O O,O O O O O B-Symptom O O O O O B-Dosage O O O O O O O O O O O O B-Symptom O O O O O O O O O O O O O O O O O O B-Specialist I-Specialist O O O O O O O O O O O B-Medicine I-Medicine O B-Dosage O O O O O O O O O O O O O O O O O O O O O O,Symptom,43.744350713999665,,
"Thanks for asking Daktarbhai . Please consult with a dietitian as soon as possible . Take carbohydrate , fatty food as much as possible . Thanks",O O O O O O O O O B-Specialist O O O O O O O O O O O O O O O O,O O O O O O O O O O O O O O O O O O O O O O O O O O,Specialist,2.690425253000285,,
ডাক্তার ভাই কে প্রশ্ন করার জন্য ধন্যবাদ । urine r / e করে শিশু ডাক্তার এর পরামর্শ নিন । ধন্যবাদ । ,O O O O O O O O B-Medical_Procedure I-Medical_Procedure I-Medical_Procedure I-Medical_Procedure O B-Specialist I-Specialist O O O O O O,O O O O O O O O O O O O O O O O O O O O O,Medical Procedure,3.082980004000092,,
I am a Staf of ( UNDP ) . I have many problem to my face ( skin ) . I need solutions of this problem . ,O O O O O O O O O O O O O O O O O O O O O O O O O O O,O O O B-Specialist O O B-Health_Condition O O O O O B-Symptom O O O O B-Health_Condition O O O O O O O O O,,8.130476649999764,,
"Rx , ORS - প্রতি বার পাতলা পায়খানা হলে একটা প্যাকেট স্যালাইন ৫০০ মিলি পানিতে মিশিয়ে খাবেন Tab Famotid 20mg ১ + ০ + ১ - খাবার আগে Dr < NAME > Mbbs",O O B-Medicine O B-Dosage I-Dosage I-Dosage I-Dosage I-Dosage I-Dosage I-Dosage I-Dosage I-Dosage I-Dosage I-Dosage O O B-Medicine I-Medicine I-Medicine B-Dosage I-Dosage I-Dosage I-Dosage I-Dosage O O O O O O O O,O O B-Medicine O O O O O O O B-Medicine B-Dosage I-Dosage O O O O B-Medicine I-Medicine B-Dosage O O O O O O O B-Specialist O O O O O,Medicine,1.6163060379994931,,
ধন্যবাদ আপনাকে প্রশ্ন করার জন্য । হ্যা anxiety থেকে এমন হয়ে থাকে । আপনি কোন ওষুধ খাচ্ছেন ? ,O O O O O O O O O O O O O O O O O O,O O O O O O O O O O O O O O O O O O,,2.830077973999323,,
আমার বউয়ের প্রস্রাবের রাস্তার মুখের নিচের দিকে ফেটে গেছে । কি মলম দিলে ভাল হবে ? আমি নেবানল প্লাস অয়েন্টমেন্ট দিচ্ছি । ঠিক আছে কি ? ,O O B-Health_Condition I-Health_Condition I-Health_Condition I-Health_Condition I-Health_Condition I-Health_Condition I-Health_Condition O O O O O O O O B-Medicine I-Medicine I-Medicine O O O O O O,O O O O O O O O O O O O O O O O O B-Medicine I-Medicine I-Medicine O O O O O O,Health Condition,2.438405289000002,,
"আমার বাচ্চার বয়স ৪ মাস , সে প্রায় রাতে অনেক বমি করে এখন আমি কি করতে পারি ? ",O O B-Age I-Age I-Age O O O O B-Symptom I-Symptom I-Symptom O O O O O O,O O O O O O O O O O O O O O O O O O,Age,15.518374465999841,,
Thank you for asking Daktarbhai . Usually EPI vaccine start from BCG vaccine and followed by others vaccine as per vaccines schedule . Please consult with your nearest child specialist and make epi vaccine card and give vaccine according to the card . ,O O O O O O O B-Medicine I-Medicine O O B-Medicine I-Medicine O O O O B-Medicine O O O O O O O O O O B-Specialist I-Specialist O O B-Medicine I-Medicine O O O B-Medicine O O O O O,O O O O B-Specialist O O B-Medical_Procedure I-Medical_Procedure O O B-Medicine I-Medicine O O O O O O O O O O O O O O O B-Specialist O O B-Medical_Procedure I-Medical_Procedure I-Medical_Procedure O O O O O O O O O,Medicine,8.88656602500032,,
আপনাকে ধন্যবাদ প্রশ্ন করার জন্য । ওজন অন্য কারনে কমছে । ফ্যাটি লিভারের জন্য ওজন কমার কথা না । ধন্যবাদ । ,O O O O O O O O O O O B-Health_Condition I-Health_Condition O O O O O O O O,O O O O O O B-Symptom O O I-Symptom O B-Health_Condition I-Health_Condition O B-Symptom I-Symptom O O O O O,Health Condition,0.8368898400003673,,
"আমার চর্মরোগ দেখা দিয়েছে , , এটা দীর্ঘদিন ধরে । তলপেট জুড়ে দাগগুলো দিন দিন বিকট অবস্থা ধারন করছে । আর একইসাথে ওই স্থানে প্রচুর চুল্কানি হচ্ছে ও চুলকাতে হচ্ছে এতে করে জায়গাটা ফুলে যাচ্ছে , আরো বেড়ে যাচ্ছে । এখন আমার করনীয় কি ? প্লিজ সমস্যার সমাধান বলবেন । ",O B-Health_Condition O O O O O O O O B-Symptom I-Symptom I-Symptom I-Symptom I-Symptom I-Symptom I-Symptom I-Symptom I-Symptom O O O O O O B-Symptom O O O O O O B-Symptom I-Symptom I-Symptom O O O O O O O O O O O O O O O,O B-Health_Condition O O O O O O O O B-Symptom I-Symptom O O O O O O O O O O O O O B-Symptom O O O O O O O O O O O O O O O O O O O O O O O O,Symptom,3.1236475149999023,,
ধন্যবাদ আপনাকে প্রশ্ন করার জন্য । প্রেশার মেপেছিলেন ? ,O O O O O O B-Health_Condition O O,O O O O O O O O O,Health Condition,2.718000167000355,,
আমরা মিসেসের ৬ মাস প্রেগন্সি চলছে । হঠাৎ করে গতকাল সকাল থেকে দিনে চার থেকে পাঁচ বার পাতলা পাইখানা হচ্ছে । আপনাদের পরামর্শ আশা করছি । ,O O O O O O O O O O O O O B-Symptom I-Symptom I-Symptom I-Symptom I-Symptom I-Symptom O O O O O O O,O O O O O O O O O O O O O O O O O O O O O O O O O O,Symptom,2.5156261120000636,,
"আপনাকে ধন্যবাদ প্রশ্ন করার জন্য । আপনি নিয়মিত ব্যায়াম করুন । ভাত , আলু , রুটি খাবেন না । পানি বেশি করে পান করুন । ইসুপগুলের ভুষি খান । ধন্যবাদ",O O O O O O O O O O O O O O O O O O O O O O O O O O O O O O,O O O O O O O O O O O O O O O O O O O O O O O O O O O O O O,,1.706207768999775,,
আসসালামু আলাইকুম । আমার খুব ঘন ঘন প্রসাব হয় । রাতে বিশেষ করে বেশি । এটা কি কোন সমস্যা ? ,O O O O B-Symptom I-Symptom I-Symptom I-Symptom O O O O O O O O O O O O,O O O O O O O O O O O O O O O O O O O O,Symptom,4.375967328000115,,
"আমার বেবির বয়স ৪৮ দিন , হালকা ঠান্ডা লেগে আছে নিশ্বাস নিতে গেলে বুকে শব্দ করে কিন্তু শেষ রাতে একটু বেশি হয় কি ওষুধ দিব ? ",O O O B-Age I-Age O B-Symptom I-Symptom O O B-Symptom I-Symptom I-Symptom I-Symptom I-Symptom O O O O O O O O O O O,O O O O O O O O O O O O O O O O O O O O O O O O O O,Symptom,2.804631594000057,,
আমার মেয়ের এর বয়স ৫ বসর গত ২ দিন ধরে রাত আনেক বেশি কাশি হচ্ছে । কাশতে কাশতে বমি হইয়ে জাচ্ছে । রাত ৩ - ৪তা পর্যন্ত জেগে থাকে ঘুমাতে পারে না । জর নাই গা এর তাপমাত্রা সাভাবিক । দিন এর বেলা ভাল থাকে রাত ১০ - ১১ তার দিক থেকে বেশি কাশি সুরু করে । অগ্রিম ধন্যবাদ আপনার পরামরশের জন্য,O O O O B-Specialist I-Specialist O O O O O B-Symptom I-Symptom I-Symptom I-Symptom O B-Symptom I-Symptom I-Symptom I-Symptom I-Symptom O O O O O O O O O O O O O O B-Symptom I-Symptom I-Symptom I-Symptom O O O O O O B-Symptom I-Symptom I-Symptom I-Symptom I-Symptom I-Symptom I-Symptom I-Symptom I-Symptom I-Symptom I-Symptom O O O O O O,O O O B-Age I-Age I-Age O O O O O O O B-Symptom I-Symptom O B-Symptom I-Symptom O B-Symptom I-Symptom I-Symptom O O O O O O O O O O O O O O O O O O O O O O O O O O O O O O O O O O O O O O O O,Symptom,31.574517920999824,,
আসসালামু আলাইকুম । আমার স্ত্রীর বয়স ২৯ বছর । তার সাত মাস বয়সের বাবু আছে । সে বুকের দুধ খায় । তার সাত বছর এবং তিন বছরের আরো দুটো বাবু আছে । স্ত্রীর সার্বিক শারীরিক অবস্থা আলহামদুলিল্লাহ ভালো । এমতাবস্থায় সে করোনার টিকা নিতে পারবে কিনা ? অনুগ্রহপূর্বক উত্তর দিলে উপকৃত হতাম । অনেক ধন্যবাদ । ,O O O O O O B-Age I-Age O O B-Age I-Age O O O O O O O O O O B-Age I-Age O B-Age I-Age O O O O O O O O O O O O O O B-Medicine I-Medicine O O O O O O O O O O O O O,O O O O O B-Age I-Age I-Age O O O O O O O O O O O O O O O O O O O O O O O O O O O O O O O O O O O O O O O O O O O O O O O O,Age,29.138085499000226,,
আমার আম্মুর বয়স ৫৬ বছর আমার আম্মু একজান ডাইবেডিস এর রুগি আজকে হঠাৎ করে আমার আম্মুর ডান পা টা চুলকাতে চুলকাতে একদম বেশি ফুলে গেছে এবং অনেক ব্যাথা করতেছে এখন কি করা যায় । ,O O O B-Age I-Age O O O B-Health_Condition O O O O O O O B-Symptom I-Symptom I-Symptom I-Symptom I-Symptom I-Symptom I-Symptom I-Symptom I-Symptom I-Symptom I-Symptom I-Symptom I-Symptom O O O O O,O O O O O O O O O O O O O O O O O O O O O O O O O O O O O O O O O O,Age,4.376008517000628,,
আমার পায়ে অনেক দিন যাবৎ রগের সমস্যার কারণে ব্যথা ভুগছি পায়ের মধ্যে অনেক জায়গায় গা হয়েছে এবং ভাস্কুলার সাজারি ডাক্তার সাকলাইন রাসেল কে দেখিয়াছি এবং সঠিক কোনো পরামর্শ পায় নি এমন অবস্থায় আমার করণিয় কি ? ,O O B-Symptom I-Symptom I-Symptom I-Symptom I-Symptom I-Symptom I-Symptom O B-Symptom I-Symptom I-Symptom I-Symptom I-Symptom O O B-Specialist I-Specialist I-Specialist O O O O O O O O O O O O O O O O,O O O O O O O O O O O O O O O O O O O O O O O O O O O O O O O O O O O O,Symptom,3.3246349490000284,,
"আমার স্ত্রী দিন দিন শুকিয়ে যাচ্ছি খাবার দাবার কম খায় , চিকনা হয়ে যাচ্ছে এমন অবস্থায় কি করা যায় কি ব্যবস্থা নিলে এ সমস্যা থেকে মুক্তি পাওয়া যাবে তার শরীরের ওজন ৪০ কেজি কিছু রুচি বৃদ্ধি হওয়ার জন্য ওষুধ খেয়েছিলো জিং বি । এখন কি করবো ? ",O O B-Symptom I-Symptom I-Symptom I-Symptom B-Symptom I-Symptom I-Symptom I-Symptom O B-Symptom I-Symptom I-Symptom O O O O O O O O O O O O O O O O O O O O O O O O O O B-Medicine I-Medicine O O O O O,O O O O O O O O O O O O O O O O O O O O O O O O O O O O O O B-Age I-Age O O O O O O O O O O O O O O O,Symptom,5.445726979000028,,
হামদাদ এর peniton ointment ক্রিম কেমন কাজ করে যানাবেন,O O B-Medicine I-Medicine O O O O O,O O O O O O O O O,Medicine,2.5691681300004348,,
গত তিন চার দিন আগে পায়ে চাপ পড়েছিলো আরেক জনের জুতোর । এখন নখের ভেতর পচন্ড ব্যাথা আর ইফেকশন হয়ে গেছে । এই মুহুর্তে কি মেডিসিন আমার জন্য সবচেয়ে ভালো হয় দয়া করে দ্রুত সাহায্য করলে উপকৃত হব । ,O O O O O O O O O O O O O B-Symptom I-Symptom I-Symptom I-Symptom O B-Symptom O O O O O O O O O O O O O O O O O O O O,O O O O O O O O O O O O O O O O O O O O O O O O O O O O O O O O O O O O O O O,Symptom,5.830951546000506,,
আমি জানতে চাই পেটের পেটের ওবিসিটি বা মেদ কিভাবে দূর করা যায় এটা আমি জানতে চাই এটা । ,O O O O B-Health_Condition I-Health_Condition I-Health_Condition I-Health_Condition O O O O O O O O O O,O O O B-Symptom I-Symptom O O O O O O O O O O O O O,Health Condition,3.1513745699994615,,
Thank you for your question You can take tab . Calbo D 0 + 1 + 0 for 1month . This might be due nerve compression also . Tests and examination are required for diagnosis . Please consult with a medicine specialist and act accordingly . Thank you,O O O O O O O O O O B-Medicine I-Medicine B-Dosage I-Dosage I-Dosage I-Dosage I-Dosage O O O O O O O B-Health_Condition I-Health_Condition O O O O O O O O O O O O O O B-Specialist I-Specialist O O O O O O,O O O O O O O O O O B-Medicine I-Medicine O O O O O B-Dosage O O O O O O B-Symptom I-Symptom O O O O O O O O O O O O O O O B-Specialist O O O O O O,Medicine,3.0406775970004674,,
"বয়সঃ১৭ . ৫ বছর ভরঃ ৬৯ কেজি উচ্চতাঃ ৫ ' ৬ "" দ্রুত কার্যকরী উপায়ে কিভাবে দেহের উচ্চতা বৃদ্ধি করা যায় ? আর কি কি খাদ্যাভ্যাস আর নিয়ম মেনে চলতে হয় দয়া করে জানাবেন । ",B-Age I-Age I-Age I-Age O O O O O O O O O O O O O O O O O O O O O O O O O O O O O O O,O O O O O O O O O O O O O O O O O O O O O O O O O O O O O O O O O O O,Age,2.878610308000134,,
ডাক্তার ভাই কে প্রশ্ন করার জন্য ধন্যবাদ । এটা ছত্রাক বা ব্যাকটেরিয়া র জন্য হতে পারে । গায়নি ডাক্তার র পরামর্শ নিন । ধন্যবাদ । ,O O O O O O O O O O O O O O O O O B-Specialist I-Specialist O O O O O O,O O O O O O O O O O O O O O O O O O O O O O O O O,Specialist,2.4064597289998346,,
"গ্রাহক , ডাক্তার ভাইকে প্রশ্ন করার জন্য আপনাকে ধন্যবাদ । গর্ভপাত বিষয়ে এই প্ল্যাটফর্ম থেকে সাহায্য করা হয় না , এজন্য আমরা দুঃখিত । আপনি নিকটস্থ সরকারি হাসপাতালে গিয়ে এ ব্যাপারে চিকিৎসা ও সিদ্ধান্ত নেবেন । ধন্যবাদ । ",O O O O O O O O O O O O O O O O O O O O O O O O O O O O O O O O O O O O O O,O O O O O O O O O O O O O O O O O O O O O O O O O O O O O O O O O O O O O O,,7.567772759000036,,
কোন ঘ্রাণ অনুভব হচ্ছেননা কেন ? সাইনাসের সমস্যা রয়েছে,O B-Symptom I-Symptom I-Symptom O O B-Symptom I-Symptom O,O O O O O O O O O,Symptom,1.758053210000071,,
Thanks for questioning daktarbhai . Negative ashche akhon apni office join Korte parben Normal vabe thakte parben but double mask pore Baire jaite hbe r healthy food khaite hobe . Thanks,O O O O O O O O O O O O O O O O O O O O O O O O O O O O O O O,O O O O O O O O O O O O O O O O O O O O O O O O O O O O O O O,,3.781680107000284,,
আপনাকে ধন্যবাদ প্রশ্ন করার জন্য । আপনার সমস্যা জটিল যা প্রাথমিক চিকিৎসা তে কমবে না । আপনি একজন নিউরোমেডিসিন বিশেষজ্ঞ কে দেখান । ধন্যবাদ । ,O O O O O O O O O O O O O O O O O O B-Specialist I-Specialist O O O O O,O O O O O O O O O O O O O O O O O O O O O O O O O,Specialist,3.258638964999591,,
Amar ammur koyakdin dora naka culkaccilo . Ai jonno ammu naka vab nowar jonno menthol nicca . Aitar ki kono side effects asa . ,O O O O B-Symptom I-Symptom O O O O O O O O O O O O O O O O O O,O O O O O O O O O B-Symptom O I-Symptom O O O O O O O O O B-Symptom O O,Symptom,7.823657460000504,,
আপনাকে ধন্যবাদ প্রশ্ন করার জন্য । আপনার সমস্যা গুরুতর যা প্রাথমিক চিকিৎসা তে ভাল হবে না । আপনি ট্যাবলেট সিভিট একটা করে দুই বেলা খান । মাউথ ওয়াস ব্যবহার করুন । একজন দাঁতের ডাক্তার কে দেখিয়ে নিন । ধন্যবাদ । ,O O O O O O O O O O O O O O O O O O B-Medicine I-Medicine B-Dosage I-Dosage I-Dosage I-Dosage O O O O O O O O B-Specialist I-Specialist O O O O O O,O O O O O O O O O O O O O O O O O O O O O O O O O O O O O O O O O O O O O O O O,Medicine,3.8999808910002685,,
আমার পলিপাস সমস্যা আছে । হাছি হয় বেশি । নাকে পানি এসে যায় । কি করব দয়াকরে জানাবেন । ,O B-Health_Condition I-Health_Condition O O B-Symptom I-Symptom I-Symptom O B-Symptom I-Symptom I-Symptom I-Symptom O O O O O O,O B-Health_Condition O O O O O O O O O O O O O O O O O,Symptom,0.7519103859995084,,
ডাক্তারভাইকে প্রশ্ন করার জন্য ধন্যবাদ । ব্যথা অসহনীয় পর্যায়ের হলে Tab Napa 500mg 2 + 2 + 2 after meal only if there is pain . . . . ঔষধ খেতে পারেন । খুব ঠান্ডা বা খুব গরম কোন খাবারই খাবেন না । কুসুমগরম বা room temperature এ খাবার বা পানীয় গ্রহণ করুন । Oral Solution Viodin - - 3 TSF mixed with half glass lukewarm water - - gurgle twice daily - - এ ঔষধ দিয়ে গার্গল করতে পারেন । অনেক সময় কাশি সেরে যাবার পর গলা ব্যথা ঠিক হতে একটু সময় লাগতে পারে । সাবধানতা অবলম্বন করে চলুন । ব্যথা ১৪ দিন পরও না কমলে অবশ্যই আবার ডাক্তারের পরামর্শ নিবেন । ধন্যবাদ । ,O O O O O O O O O O B-Medicine I-Medicine I-Medicine B-Dosage I-Dosage I-Dosage I-Dosage I-Dosage O O O O O O O O O O O O O O O O O O O O O O O O O O O O O O O O O O O O B-Medicine I-Medicine I-Medicine O O O B-Dosage I-Dosage I-Dosage I-Dosage I-Dosage I-Dosage I-Dosage I-Dosage I-Dosage I-Dosage I-Dosage I-Dosage O O O O O O O O O O O O O O O O O O O O O O O O O O O O O O O O O O O O O O O O O O O,B-Specialist O O O O O B-Symptom O O O O B-Medicine B-Dosage I-Dosage O O O O O O O O O O O O O O O O O O O O O O O O O O O O O O B-Medicine B-Medical_Procedure I-Medical_Procedure I-Medical_Procedure B-Dosage I-Dosage O O O O O O O O O O O O O O O O O O O O O B-Symptom O O O O O O O O O O O O O O O O O O B-Symptom B-Age I-Age O O O O O O O O O O O O O O O O O O O O O O,Medicine,9.385223471000245,,
"ORS and egg khaben Bp normai hoya jabe , ",B-Medicine O B-Medicine O O O O O O,O O O O B-Health_Condition I-Health_Condition O O O,Medicine,3.629812426999706,,
ডাক্তার ভাইকে প্রশ্ন করার জন্য ধন্যবাদ । Tab Napa 500 . 1 + 1 + 1 ( জ্বর গা ব্যথা মাথাব্যথার জন্য ) Tablet monas 10 . 0 + 0 + 1 . 10 days . Tab Xinc B . 1 + 0 + 1 . 15 days . Tab Ivera 6 mg . 2 + 0 + 1 . Today only . গরম পানি দিয়ে গার্গল করবেন দিনে চার থেকে পাঁচবার । ধন্যবাদ,O O O O O O O B-Medicine I-Medicine I-Medicine O B-Dosage I-Dosage I-Dosage I-Dosage I-Dosage O B-Symptom B-Symptom I-Symptom B-Symptom O O B-Medicine I-Medicine I-Medicine O B-Dosage I-Dosage I-Dosage I-Dosage I-Dosage O O O O B-Medicine I-Medicine I-Medicine O B-Dosage I-Dosage I-Dosage I-Dosage I-Dosage O O O O B-Medicine I-Medicine I-Medicine I-Medicine O B-Dosage I-Dosage I-Dosage I-Dosage I-Dosage O O O O O O O O O O O O O O O,O O O O O O O O O O O O O O O O O O O O O O O O O O O O O O O O O O O O O O O O O O O O O O O O O O O O O O O O O O O O O O O O O O O O O O O O O O,Medicine,14.13590918799946,,
"ছেলের বয়স ০৯ মাস মাত্রই জ্বর সর্দি থেকে সুস্থ হলো । এখন আগের মতো অন্যান্য খাবার মুখে নেয় না , রুচি কম মুখে খাবার নিলে উকি বা বমি করে । কি করণীয় ? ",O O B-Age I-Age O B-Symptom B-Symptom O O O O O O O O O O O O O O O O O O O O O O O O O O,O B-Age I-Age I-Age O B-Symptom I-Symptom O O O O O O O O O O O O O B-Symptom O O O O B-Symptom O B-Symptom I-Symptom O O O O,Symptom,1.7842639699993015,,
ডাক্তার ভাই কে প্রশ্ন করার জন্য ধন্যবাদ । জাউ খিছুরির সাথে পেপে ভরতা মিশিয়ে ৩ দিন দিবেন । আম খেতে দিন । এক্তু পর পর উষ্ণ পানি খেতে দিবেন । খেলবেন তার সাথে দিনে ২ বার ৩০ মিনিট । বাচ্চা কে বিছানায় সওয়াবেন তারপর পা দুইটা হাল্কা উপরে দিতে বলবেন অল্প করে । দিনে ২ বার ৫ বার করে করতে দিবেন । এগুলা করলে পায়খানা হবে । ভয়ের কিছু নেই । ধন্যবাদ । ,O O O O O O O O O O O O O O O O O O O O O O O O O O O O O O O O O O O O O O O O O O O O O O O O O O O O O O O O O O O O O O O O O O O O O O O O O,O O O O O O O O O O O O O O B-Dosage O O O O O O O O O O O O O O O O O O O O O O O O O O O O O O O O O O O O O O O O O O O O O O O O O O O O O O O O O O,,41.566095399000005,,
ডাক্তার ভাই কে প্রশ্ন করার জন্য ধন্যবাদ । এর জন্য আপাতত Tab Tufnil 200 ১ টা করে খাওয়াতে পারেন আপনি সরাসরি একজন Medicine specialist এর পরামর্শ নিন ধন্যবাদ,O O O O O O O O O O O B-Medicine I-Medicine I-Medicine B-Dosage I-Dosage O O O O O O B-Specialist I-Specialist O O O O,O O O O O O O O O O O O O O O O O O O O O O O O O O O O,Medicine,3.1922643369998696,,
"আমি ৯ মাসের গর্ভবর্তী , ডেলিভারি Date : 25 - 08 - 21 এখন আমার প্রচন্ড কোমর ব্যাথা , কোমর হইতে পা পর্যন্ত ( ১ পায়ে ) খুব ব্যাথা পা সৌজা করতে পারছি না , ঠিক মত হাঁটাহাঁটি করতে পারছি না । ভালো ভাবে নড়াচড়া করতে পারি না । আর খেলে বমি হয় সাথে সাথে । এখন আমি কি মেডিসিন নেব বা এটার সলিউশন কি একটু বলবেন ? ? ",O B-Symptom I-Symptom I-Symptom O O O O O O O O O O O O B-Symptom I-Symptom O B-Symptom I-Symptom I-Symptom I-Symptom I-Symptom I-Symptom I-Symptom I-Symptom I-Symptom I-Symptom B-Symptom I-Symptom I-Symptom I-Symptom I-Symptom O B-Symptom I-Symptom I-Symptom I-Symptom I-Symptom I-Symptom O O O B-Symptom I-Symptom I-Symptom I-Symptom O O B-Symptom I-Symptom I-Symptom O O O O O O O O O O O O O O O O,O O O O O O O O O O O O O O O O O O O O O O O O O O O O O O O O O O O O O O O O O O O O O O O O O O O O O O O O O O O O O O O O O O O O O,Symptom,100.07704441700025,,
ডাক্তার ভারতে প্রশ্ন করার জন্য ধন্যবাদ । ঔষধগুলো সেবন করে অসুখ সারিয়ে তারপর করোণা টিকা নিন । ধন্যবাদ,O O O O O O O O O O O O O B-Medicine I-Medicine O O O,O O O O O O O B-Medicine O O B-Health_Condition O O B-Health_Condition I-Health_Condition O O O,Medicine,1.171246427999904,,
ধন্যবাদ আপনাকে প্রশ্ন করার জন্য । নরসল ড্রপ দুই নাকে দিন । ধন্যবাদ,O O O O O O B-Medicine I-Medicine B-Dosage I-Dosage O O O,O O O O O O B-Medicine I-Medicine B-Dosage O O O O,Medicine,2.8664230430003954,,
Norium 10 mg Adelax Amilin 25 mg Bislol 5 mg Finix 20 mg Vitrum Gold এই ঔষধ খাওয়ার পর এখন পিঠে অনেক ব্যাথা করে কি করবো,B-Medicine I-Medicine I-Medicine B-Medicine I-Medicine I-Medicine I-Medicine B-Medicine I-Medicine I-Medicine B-Medicine I-Medicine I-Medicine B-Medicine I-Medicine O O O O O B-Symptom I-Symptom I-Symptom O O O,O O O O O O O O O O O O O O O O O O O O O O O O O O,Medicine,5.932913579999877,,
আমার মেয়ের বয়স 6 বছর । গলার আলটাকরার ভিতর ছোট ছোট ঘা হয়ে ঢোক গিলতে pain হচ্ছে । চিকিৎসা কি করবো ? ,O O O B-Age I-Age O B-Symptom I-Symptom I-Symptom I-Symptom I-Symptom I-Symptom O B-Symptom I-Symptom I-Symptom O O O O O O,O O B-Age I-Age I-Age O O O O B-Symptom I-Symptom I-Symptom I-Symptom I-Symptom I-Symptom I-Symptom I-Symptom I-Symptom O O O O,Symptom,7.660561756999414,,
"I with a minor infection in lungs having 1 . tofen 1 mg twice daily 2 . ciprocin 3 . meverin 135mg 4 . ulfate 5 . solupred / monas 10mg / brezofil 400 6 . tebast 10 7 rivarox 10mg for last 7days , Now I feel somewhat comfort But problems are very weakness , particularly my hands and legs seems to be deposited water and somewhat thick I am worried with this , pls suggest me",O O O B-Health_Condition I-Health_Condition I-Health_Condition I-Health_Condition O O O B-Medicine I-Medicine I-Medicine O O O O B-Medicine O O B-Medicine I-Medicine O O B-Medicine O O B-Medicine O B-Medicine I-Medicine O B-Medicine I-Medicine O O B-Medicine I-Medicine O B-Medicine I-Medicine O O O O O O O O O O O O O B-Symptom O O O O O O O O O O O O O O O O O O O O O O O,O O O O O O B-Health_Condition I-Health_Condition O B-Dosage O B-Medicine B-Dosage I-Dosage O B-Dosage O B-Medicine O B-Dosage O B-Medicine B-Dosage O B-Medicine O B-Medicine I-Medicine B-Dosage I-Dosage O B-Medicine I-Medicine B-Dosage O B-Medicine B-Dosage O O B-Dosage I-Dosage O O O O O O O O O O O O O O O O O O O O O O O O O O O O O O O O O O O O O,Medicine,48.818422289999944,,
"আপনাকে ধন্যবাদ প্রশ্ন করার জন্য । আপনি ভা , , আলু , রুটি , মিষ্টি জাতীয় খাবার কম খাবেন । প্রতিদিন ব্যায়াম করবেন বিশেষ করে পেট কমানোর ব্যায়াম । সাতার বা জোরে হাটতে পারেন । যারা অনেক্ষন বসে কাজ করেন বা হাটা চলা কম করেন তাদের এই সমস্যা বেশি হয় । একজন ডায়েটিসিয়ানের সাথে পরামর্শ করতে পারেন । ধন্যবাদ",O O O O O O O O O O O O O O O O O O O O O O O O O O O O O O O O O O O O O O O O O O O O O O O O O O O O B-Specialist O O O O O O,O O O O O O O O O O O O O O O O O O O O O O O O O O O O O O O O O O O O O O O O O O O O O O O O O O O O O O O O O O O,Specialist,4.39564040499954,,
"গত দুদিন থেকে আমার বড় ভাইয়ের গায়ে জ্বর , শরীরের ব্যথা কাশি এবং কাশি দিলে বুকে গলার নিচে ব্যথা এজন্য কি কি ওষুধ সেবন করতে পারি পরামর্শ দিন আমার বড় ভাইয়ের বয়স , 40 + ",O O O O O O B-Symptom I-Symptom O B-Symptom I-Symptom I-Symptom O B-Symptom I-Symptom I-Symptom I-Symptom I-Symptom I-Symptom O O O O O O O O O O O O O O B-Age I-Age,O O O O O O O B-Symptom O B-Symptom I-Symptom B-Symptom O B-Symptom O O O O B-Symptom O O O B-Medicine O O O O O O O O B-Age O O O,Symptom,6.038556196999707,,
"Thank you for your question Cap . Seclo 20mg 1 + 0 + 1 before meal when acidity problem occurs . If stool is normal odour , consistency then nothing to worry Thank you",O O O O O B-Medicine I-Medicine I-Medicine I-Medicine B-Dosage I-Dosage I-Dosage I-Dosage I-Dosage O O O B-Symptom I-Symptom O O O O O O O O O O O O O O O,O O O O O O O B-Medicine B-Dosage O O O O O O O B-Symptom O O O O B-Symptom O O O O O O O O O O O O,Medicine,11.790186065000853,,
"দুপুর থেকেই মাথা ব্যথা করছে বিকেলের পর থেকেই মাথার ডানপাশে প্রচন্ড ব্যথা শুরু হয়েছে , বিকেল ৪টায় খেলাম Napa Extrand সন্ধ্যা খেলাম Napa কিছুসময় আগে খেলাম Tafnil কিন্তু মাথা ব্যাথা কিছুতেই যাচ্ছেনা ব্যাথায় চোখমুখ অন্ধকার হয়ে আসে । আশাকরি যতদ্রুত সম্ভব পরামর্শ দিয়ে সহযোগিতা করবেন । ধন্যবাদ । ",O O B-Symptom I-Symptom O O O O B-Symptom I-Symptom I-Symptom I-Symptom O O O O O O B-Medicine I-Medicine O O B-Medicine O O O B-Medicine O O O O O B-Symptom I-Symptom I-Symptom I-Symptom I-Symptom O O O O O O O O O O O,O O O O O O O O O O O O O O O O O O O O O O O O O O O O O O O O O O O O O O O O O O O O O O O O,Symptom,10.84861367999929,,
"আপনাকে ধন্যবাদ প্রশ্ন করার জন্য । হাটুতে ব্যাথার কারন গুলোর মধ্যে ব্যাথা পাওয়া , অস্টিও আর্থাইটিস , লিগামেন্ট টান খাওয়া ইত্যাদি আছে । আপনি একজন অর্থপেডিক্স বিশেষজ্ঞ এর পরামর্শ নিন । ধন্যবাদ",O O O O O O O O O O O O O O B-Health_Condition I-Health_Condition O O O O O O O O O B-Specialist I-Specialist O O O O O,O O O O O O B-Symptom I-Symptom O O O B-Symptom I-Symptom O B-Health_Condition I-Health_Condition O B-Health_Condition I-Health_Condition I-Health_Condition O O O O O B-Specialist I-Specialist O O O O O,Health Condition,39.55689101799999,,
আমার হজম টিকমতে হচ্চে না ৷ বেশিরভাগ পাতলা পায়খানা হয় । পায়খানা টিকমতে হয় না । পেট ফুলে থাকে বেশিরভাগ । এখন আমি কি ওষুধ খেতে পারি । জানাবেন প্লিজ,O B-Symptom I-Symptom I-Symptom I-Symptom O O B-Symptom I-Symptom O O B-Symptom I-Symptom I-Symptom I-Symptom O B-Symptom I-Symptom I-Symptom O O O O O O O O O O O,O O O O O O O O O O O O O O O O O O O O O O O O O O O O O O,Symptom,3.911268842000027,,
"Thanks for questioning daktarbhai . না , ঔষধ না খেতে চাইলে পানি অথবা দুধের সাথে মিশিয়ে খাওয়াতে পারেন । তাতেও না খেতে চাইলে হাসপাতালে নিয়ে যেতে হবে । ধন্যবাদ",O O O O O O O O O O O O O O O O O O O O O O O O O O O O O,O O O O O O O O O O O O O O O O O O O O O O O O O O O O O,,3.0866880759995183,,
"আমার ২ দিন হলো জ্বর আর পাতলা পায়খানা , এখন আমার করনীয় কি ? ",O O O O B-Symptom O B-Symptom I-Symptom O O O O O O,O O O O O O O O O O O O O O,Symptom,2.8141982520000965,,
প্রশ্ন করার জন্য অনেক ধন্যবাদ / ব্লিচিং পাউডার মিশানো পানি সাধারণত ৪৮ ঘণ্টা পযর্ন্ত ব্যবহার করা যাবে । তবে ২৪ ঘণ্টার মধ্যে ব্যবহার করা ভালো / ,O O O O O O B-Medicine I-Medicine O O O O O O O O O O O O O O O O O O,O O O O O O O O O O O O O O O O O O O O O O O O O O,Medicine,3.1953000269995755,,
ডাক্তার ভাইকে প্রশ্ন করার জন্য ধন্যবাদ । Tab Bextrum Gold দিনে একটি করে ট্যাবলেট খেতে পারেন 1 মাস । প্রতিদিন কিছু সময় নিয়ে শারীরিক এক্সারসাইজ করেন । আর বেশি অসুবিধা হলে একজন ইন্টারনাল মেডিসিন বিশেষজ্ঞের পরামর্শ নিতে পারেন । ধন্যবাদ,O O O O O O O B-Medicine I-Medicine I-Medicine B-Dosage I-Dosage I-Dosage I-Dosage I-Dosage I-Dosage I-Dosage I-Dosage O O O O O O O O O O O O O O B-Specialist I-Specialist I-Specialist O O O O O,O O O O O O O O B-Medicine I-Medicine B-Dosage I-Dosage O B-Dosage O O O B-Age I-Age O O O O O O B-Medical_Procedure O O O O O O O B-Specialist I-Specialist I-Specialist O O O O,Medicine,2.054448725999464,,
ধন্যবাদ আপনাকে প্রশ্ন করার জন্য । বাচ্চার দাঁত উঠার আগে এমন হয় । ওষুধের দরকার নেই । ধন্যবাদ,O O O O O O O O O O O O O O O O O O,O O O O O O B-Age O O O O O O O O O O O,,1.5467295340004057,,
ধন্যবাদ আপনাকে প্রশ্ন করার জন্য । আপনার ব্লাড প্রেশার কেমন থাকে ? ,O O O O O O O O O O O O,O O O O O O O O O O O O,,7.31341335200068,,
আপনাকে ধন্যবাদ প্রশ্ন করার জন্য । আপনার প্রশ্ন বোঝা যাচ্ছে না । ভাল করে আবার নতুন করে প্রশ্ন করুন । ধন্যবাদ । ,O O O O O O O O O O O O O O O O O O O O O O,O O O O O O O O O O O O O O O O O O O O O O,,1.8822368139999526,,
unake protidin paper poraben ar tv dekhte bolben . apnara o unake somoy diben . dhonnobad . ,O O O O O O O O O O O O O O O O O,O O O O O O O O O O O O O O O O O,,1.4264051749996725,,
আমার মা বয়স ৪৫ . তার ডায়বেটক আজকে ২৪ . তার শরীরের গরমে কারনে সারা শরীরের ঘামাচি হইছে ? এখন কি ডায়বেটিক কমাতে কি করতে হবে ? ঘামাচি কমাতে কোন মেডিসিন নাম বলুন ? ,O O O B-Age O O O O O O O O O O B-Symptom I-Symptom I-Symptom O O O O O O O O O O B-Symptom O O O O O O,O O B-Age I-Age O O B-Health_Condition O O O O O O O O B-Symptom O O O O B-Health_Condition O O O O O B-Symptom O O B-Medicine O O O O,Symptom,3.951979260000371,,
ডাক্তারভাইকে প্রশ্ন করার জন্য ধন্যবাদ । Tab Napa 500mg 1 + 1 + 1 after meal when there is pain or fever . Tab Fexo 120mg 0 + 0 + 1 for 10 days . ঠান্ডা জাতীয় খাবার খাবেন না । বেশী করে পানি পান করবেন । জ্বর মাপবেন কত উঠে । জ্বর না কমলে আগে আপনার স্ত্রীর গাইনী ডাক্তারের পরামর্শ নিবেন । ধন্যবাদ । ,O O O O O O B-Medicine I-Medicine I-Medicine B-Dosage I-Dosage I-Dosage I-Dosage I-Dosage O O O O O O O O O B-Medicine I-Medicine I-Medicine B-Dosage I-Dosage I-Dosage I-Dosage I-Dosage I-Dosage I-Dosage I-Dosage O O O O O O O O O O O O O O O O O O O O O O O O B-Specialist I-Specialist O O O O O,O O O O O O O O O O O O O O O O O O O O O O O O O O O O O O O O O O O O O O O O O O O O O O O O O O O O O O O O O O O O O O O O O,Medicine,39.33244558299975,,
"আমার গতকাল থেকে মেরুদণ্ড এর একদম নিচের দিকে , নিতম্বের কাছাকাছি ব্যাথা করছে । নির্দিষ্ট পজিশনে শুইলে বা বসলে ব্যাথা করছে না । বাট একটু নড়াচড়া বা এদিক সেদিক করলে ব্যাথা অনুভব করছি । অন্য কোনো শারীরিক সমস্যা নাই ৷ এমতাবস্থায় কি করণীয় ? ",O O O B-Symptom I-Symptom I-Symptom I-Symptom I-Symptom I-Symptom I-Symptom I-Symptom I-Symptom O O O O B-Symptom I-Symptom I-Symptom I-Symptom I-Symptom I-Symptom O O O B-Symptom I-Symptom I-Symptom I-Symptom I-Symptom I-Symptom O O O O O O O O O O O O O,O O O O O O O O O O O O O O O O O O O O O O O O O O O O O O O O O O O O O O O O O O O O,Symptom,5.1490705579999485,,
"ডাক্তার ভাই কে প্রশ্ন করার জন্য ধন্যবাদ । আমার মনে হচ্ছে যে দাতের এই অবস্থায় বেথার মেডিসিন কাজ করবে না । দাতের ডাক্তার এর কাছে যেতে হবে । আপনি Tab Flexi 100 mg 1 + 0 + 0 5 days after food . Liquid Entacid 2 spoon 4 times ৫ দিন । , এগুলা খেয়ে দেখেন । ধন্যবাদ । ",O O O O O O O O O O O O O O O O O O O O O O O O O O O O O B-Medicine I-Medicine I-Medicine I-Medicine B-Dosage I-Dosage I-Dosage I-Dosage I-Dosage O O O O O B-Medicine I-Medicine B-Dosage I-Dosage O O O O O O O O O O O O,O O O O O O O O O O O O B-Health_Condition I-Health_Condition I-Health_Condition B-Symptom B-Medicine O O O O B-Health_Condition B-Specialist O O O O O O B-Medicine I-Medicine B-Dosage I-Dosage O O O O O O O O O B-Medicine I-Medicine B-Dosage I-Dosage O O O B-Age I-Age O O O O O O O O,Medicine,3.6731095110008027,,
আপনাকে ধন্যবাদ প্রশ্ন করার জন্য । গলা ব্যাথার জন্য আপনি গরম পানিতে মধু মিশিয়ে খেতে পারেন । প্যারািসটামল জাতীয় ঔষদ খেতে পারেন । ধন্যবাদ,O O O O O O O O O O O O O O O O O B-Medicine O O O O O O,O O O O O O B-Symptom I-Symptom O O O O B-Medicine O O O O B-Medicine O O O O O O,Medicine,2.2117306159998407,,
"আসসালামুয়ালাইকুম , স্যার , আমার আম্মুর ডায়েবেটিসের সমস্যা প্রায় গত ৭ বছর থেকে । এখন উনার বয়স ৪০ । প্রতিদিন রাতে ঘুমানোর আগে খুব বেশী পা ব্যাথা করে । এখন পা ব্যাথার জন্য করণীয় কী ? ? ? ",O O O O O O B-Health_Condition O O O O O O O O O O B-Age O O O B-Symptom I-Symptom I-Symptom I-Symptom I-Symptom I-Symptom O O O O O O O O O O O,O O O O O B-Health_Condition I-Health_Condition O O O B-Age I-Age O O O O B-Age I-Age O O O O O O O O B-Symptom I-Symptom O O O O B-Symptom I-Symptom O O O O,Health Condition,1.958646754000256,,
"আসসালামু আলাইকুম । শ্রদ্ধেয় ডাক্তার সাহেব , আমার ভাবির বয়স ৩০ , তার মেরুদন্ডের নিম্নাংশ ( কোমরের উপরে ) ও কোমরে প্রচন্ড ব্যথা , রাতে চিত হয়ে বিছানায় শুইয়ে পড়লে প্রচন্ড ব্যাথা পাই , ডায়াবেটিস ছিল এখন নিয়ন্ত্রণে আছে । এমতাবস্থায় কি করতে পারি পরামর্শ দিলে উপকৃত হইবো ইনশাআল্লাহ । ",O O O O O O O O O O B-Age O O B-Symptom I-Symptom I-Symptom I-Symptom I-Symptom I-Symptom I-Symptom I-Symptom I-Symptom I-Symptom O O O O O B-Symptom I-Symptom I-Symptom I-Symptom O O B-Health_Condition O O O O O O O O O O O O O O O,O O O O O O O O O O O O O O O O O O O O O O O O O O O O O O O O O O O O O O O O O O O O O O O O O O,Symptom,5.3977378919998955,,
"ধন্যবাদ আপনাকে প্রশ্ন করার জন্য । আপনি তরল খাবার , স্যালাইন , পানি খাবেন । আপনি টক ফল , সিভিট খান । গরম পানি খাবেন একটু পর পর । জ্বর ১০০ ডিগ্রির উপরে উঠলে নাপা খাবেন ৬ ঘনটা পর পর । ১০২ এর উপরে উঠলে সাপোসিটর দিবেন । জ্বর ৭ দিন এমন উঠানামা করতে পারে , চিন্তার কারণ নেই । ধন্যবাদ",O O O O O O O O O O O O O O O O O O O O O O O O O O O O O B-Symptom I-Symptom I-Symptom O O B-Medicine O O O O O O B-Symptom O O O B-Medicine O O B-Symptom O O O O O O O O O O O O,O O O O O O O O O O O O O O O O O O O O O O O O O B-Symptom B-Health_Condition I-Health_Condition O O O B-Medicine O B-Dosage I-Dosage O O B-Health_Condition O O O B-Medicine O O B-Symptom B-Dosage O O O O O O O O O O O O O O O,Symptom,3.808639267000217,,
amar babar pa sudu jalapura kore bisess kore payer patar niche . . jodio spinal korde aktu problem ase mane injury hoyesilo . dr . owsod disilo akhono khasse . . jemon nervalin 100 mg 2 times per day . neuro B . calbo D . abar dibetic ase sitomet 50 / 500 khasse ar insulin nisse . . . ai payer jalapura kombe ki korle aktu bolben,O O B-Symptom I-Symptom I-Symptom I-Symptom I-Symptom I-Symptom I-Symptom I-Symptom I-Symptom O O O B-Health_Condition I-Health_Condition I-Health_Condition I-Health_Condition I-Health_Condition I-Health_Condition I-Health_Condition O O O O O O O O O O O B-Medicine I-Medicine I-Medicine B-Dosage I-Dosage I-Dosage I-Dosage O B-Medicine I-Medicine O B-Medicine I-Medicine O O O O B-Medicine I-Medicine I-Medicine I-Medicine O O B-Medicine O O O O O B-Symptom I-Symptom O O O O O,O O O O O O O O O O O O O O O O O O O O O O O O O O O O O O O O O O O O O O O O O O O O O O O O O O O O O O O O O O O O O O O O O O O O,Medicine,8.046389936000196,,
"ডাক্তার ভাইকে প্রশ্ন করার জন্য ধন্যবাদ । Syrup Alatro , হাফ চামচ , প্রতি রাতে , সাত থেকে ১০ দিন খাবে । চোখে ময়লা জমেছে কিনা জানান নেই । চোখ পরিষ্কার ঠান্ডা পানি দিয়ে পরিষ্কার করবেন এবং বাচ্চাকে নিয়ে বাসার বাইরে বের হবেন না । ধন্যবাদ",O O O O O O O B-Medicine I-Medicine O B-Dosage I-Dosage O O O O B-Dosage I-Dosage I-Dosage I-Dosage O O O O O O O O O O O O O O O O O O O O O O O O O O,O O O O O O O O O O O O O O O O O O O O O O O O O O O O O O O O O O O O O O O O O O O O O O,Dosage,4.540182620999985,,
"গত দুই সপ্তাহ যাবত আমার বুকের মাঝখানে ও ডানদিকে , বামদিকে জলাপুরা করে , গলার ডানদিকে জলে সমস্ত শরীর জালাপুরা করে , ব্যাথা , ক্লান্তি ঘুমের অসুবিধা , খাওয়ায় রুচি কম , প্রচণ্ড মানসিক চাপ ও ভয় কাজ করে , গলার মধ্যে কেমন জানি খুচা মারে , বুকের জলা পুরা বেশি , অস্থির লাগে , শারীরিক ও মানসিক ভাবে দুর্বল খাবার হজম কম হচ্ছে , প্রচুর ডেকুর হয় । মাঝে মধ্য চুকা ডেক , পায়খানা তিন চার বার হয় , অবশ্য পাতলা হয় না । মল দার চুলকায় । ",O O O O O B-Symptom I-Symptom I-Symptom I-Symptom I-Symptom I-Symptom I-Symptom I-Symptom O B-Symptom I-Symptom I-Symptom B-Symptom I-Symptom I-Symptom I-Symptom O B-Symptom O B-Symptom B-Symptom I-Symptom O B-Symptom I-Symptom I-Symptom O B-Symptom I-Symptom I-Symptom O B-Symptom O O O B-Symptom I-Symptom I-Symptom I-Symptom I-Symptom I-Symptom O B-Symptom I-Symptom I-Symptom I-Symptom O B-Symptom I-Symptom O B-Symptom I-Symptom I-Symptom I-Symptom I-Symptom B-Symptom I-Symptom I-Symptom I-Symptom O B-Symptom I-Symptom I-Symptom O O O B-Symptom I-Symptom O B-Symptom I-Symptom I-Symptom I-Symptom I-Symptom O O O O O O B-Symptom I-Symptom I-Symptom O,O O O O O B-Symptom I-Symptom O B-Symptom O B-Symptom B-Symptom O B-Symptom I-Symptom I-Symptom B-Symptom I-Symptom I-Symptom O B-Symptom O B-Symptom B-Symptom O B-Symptom I-Symptom I-Symptom O B-Symptom I-Symptom O B-Symptom O B-Symptom O O B-Symptom O B-Symptom I-Symptom O B-Symptom I-Symptom O B-Symptom I-Symptom O B-Symptom O B-Symptom O O O B-Symptom O B-Symptom O B-Symptom I-Symptom O B-Symptom I-Symptom B-Symptom I-Symptom I-Symptom O B-Symptom O B-Symptom I-Symptom I-Symptom O O O O O B-Symptom I-Symptom B-Symptom O B-Symptom B-Symptom O B-Symptom O O B-Symptom O,Symptom,30.796325311000146,,
"convresison disorder মানে কি । এটা কি দরনের রোগ , এ টা থেকে মুক্তির উপায় কি ? ",O O O O O O O O O O O O O O O O O,O O O O O O O O O O O O O O O O O,,1.2794877169999381,,
"Thank u for questioning us . . You have to check your Blood pressure first . . if it is low then take ORS saline , 2 eggs daily . . Bt if it is low after taking Saline . Then you have to go to a hospital . . And your neck pain is happening due to Ur low pressure . it will relieved once your blood pressure will ok . Thanks",O O O O O O O O O O O O O O O O O O O O O O O B-Medicine I-Medicine O O O O O O O O O O O O O B-Medicine O O O O O O O O O O O O O B-Symptom I-Symptom O O O O O B-Symptom I-Symptom O O O O O O O O O O O O,O O O O O O O O O O O B-Health_Condition I-Health_Condition O O O O O O O B-Health_Condition O O B-Medicine I-Medicine O B-Dosage I-Dosage O O O O O O O O O B-Medicine O O O O O O O O O O O O O O O O O O B-Symptom I-Symptom O O O O O O B-Health_Condition I-Health_Condition O O O O O O O,Medicine,3.860524145000454,,
আজ সকাল থেকে আমার ৬ বার পাতলা পায়খানা হয়েছে । মনে হচ্ছে পেট ফেপে আছে । ইমোটিল ও ওর স্যালাইন খেয়েছি । কিন্তু পায়খানা এখনও পানির মতই হচ্ছে । খাবারে একেবারে রুচি নেই । বমি বমি ভাব লাগছে । আপনার পরামর্শ চাই । ,O O O O B-Symptom I-Symptom I-Symptom I-Symptom O O O O B-Symptom I-Symptom I-Symptom O B-Medicine O B-Medicine I-Medicine O O O O O O O O O B-Symptom I-Symptom I-Symptom I-Symptom O B-Symptom I-Symptom I-Symptom O O O O O O,O O O O O O O O O O O O O O O O O O O O O O O O O O O O O O O O O O O O O O O O O O O,Symptom,4.0426080630004435,,
আমার হাইট ৫ ফুট সাড়ে ৫ ইঞ্চি ওজন ৬৭ কেজি কোমরের আশেপাশে অল্প একটু চর্বি আছে আর চেস্টে চার্বি আছে শরীরের অন্য জাগায় তেমন আর কোন চর্বি নাই এখন আমাকে কত কেজি কমাতে হবে আরো ? ধন্যবাদ,O O O O O O O O O O O O O O O O O O O O O O O O O O O O O O O O O O O O O,O O O O O O O O O O O O O O O O O O O O O O O O O O O O O O O O O O O O O,,1.7773068979995514,,
"গ্রাহক , ডাক্তার ভাইকে প্রশ্ন করার জন্য আপনাকে ধন্যবাদ । এটি স্বাভাবিক । এতে ভয়ের কিছু নেই । ",O O O O O O O O O O O O O O O O O O,O O O O O O O O O O O O O O O O O O,,1.1974415479999152,,
ডাক্তার ভাই কে প্রশ্ন করার জন্য ধন্যবাদ । আপনি কি ওষুধ খেয়েছেন বলেন নাই । আপনি যদি করোনা পরীক্ষা না করে থাকেন তাহলে পরীক্ষা করুন । রিপোর্ট অনুযায়ী ওষুধ সেবন করবেন ধন্যবাদ,O O O O O O O O O O O O O O O O O O O O O O O O O O O O O O O O,O O O O O O O O O O O O O O O O O O O O O O O O O O O O O O O O,,6.428403425999932,,
এমএম কিট খাওয়ানের কয়দিন পরে অন্য অন্য ওষুধ খাইতে পারবে যেমন ধরেন জ্বর পেটব্যথা মাথা ধরা ইত্যাদি,B-Medicine I-Medicine O O O O O O O O O O B-Symptom B-Symptom B-Symptom I-Symptom O,O O O O O O O O O O O O B-Symptom B-Symptom B-Symptom I-Symptom O,Symptom,3.841291027000807,,
Assalamualaikum my blood pressure evening time 140 / 100 and morning time 130 / 90 . doctor prescribed me BIZORAN 5 / 40 each tablet at night . my lipid profile before six months it was normal but Uric acid test little higher than normal range . I need suggestion from you ? Regards Monir,O O O O O O O O O O O O O O O O O O O B-Medicine I-Medicine I-Medicine I-Medicine B-Dosage I-Dosage I-Dosage I-Dosage O O B-Medical_Procedure I-Medical_Procedure O O O O O O O B-Symptom I-Symptom I-Symptom I-Symptom I-Symptom I-Symptom I-Symptom I-Symptom O O O O O O O O O,O O O O O O O O O O O O O O O O O O O O O O O O O O O O O O O O O O O O O O O O O O O O O O O O O O O O O O O,Medicine,5.0389909479999915,,
৩০ ঘন্টা জাগনা চোখে ঘুম সুইতে গেলে ঘুম আসেনা আজে ভাঁজে কথা মনে পড়ে,O O O O O O O B-Symptom I-Symptom O O O O O,O O O O O O O O O O O O O O,Symptom,1.2297239030003766,,
আমার ছোট বেলা হতে মুখে অনেক থুথু আসে । এর সমাধান কী ? ,O O O O B-Symptom I-Symptom I-Symptom O O O O O O,O O O O O O O O O O O O O,Symptom,0.7825835300000108,,
ডাক্তার ভাইকে প্রশ্ন করার জন্য ধন্যবাদ । আপনি এক্ষেত্রে একজন শিশু বিশেষজ্ঞের পরামর্শ নিন । ধন্যবাদ,O O O O O O O O O O B-Specialist I-Specialist O O O O,O O O O O O O O O O O O O O O O,Specialist,3.631926174,,
"jor , tonsil , kan betha sb eksathe chilo , ekhn sudhu kan khub olpo betha ase , r oi kan ta bondho bondho mone hosse , oi kan diye tmn shunchi na . . ",B-Symptom O B-Symptom O B-Symptom I-Symptom O O O O O O O O O O O O O O O O O O O O O O O O O O O O O,O O B-Symptom I-Symptom O O O O O O B-Symptom O O O O O O O O O O O O O O O O O O O O O O O O,Symptom,1.6182399919998716,,
প্রশ্ন করার জন্য ধন্যবাদ । এখন কোন ধরনের সমস্যা না থাকলে কোন ধরনের পরীক্ষা করার দরকার নেই আর যদি এখনও সমস্যা থাকে তাহলে কোন ডাক্তারের সাথে সরাসরি ভাবে কথা বলে পরামর্শ নিন । ধন্যবাদ,O O O O O O O O O O O O O O O O O O O O O O O O O O O O O O O O O O,O O O O O O O O O O O O O O O O O O O O O O O O O O O O O O O O O O,,1.2668370239998694,,
"আপনাকে ধন্যবাদ প্রশ্ন করার জন্য । চুল সব মানূষের পরে । কারো যদি দিনে ১০০টার বেশি পরে তাহলে অবশ্যই ডাক্তার দেখাতে হবে । চুল পড়ার কারনের মধ্যে বংশগত সমস্যা বেশি । বাবা মার চুল পড়লে ছেলে / মেয়ের চুল পড়তে পারে । কিছু হরমনের সমস্যা যেমন থাইরয়েড , টেস্টেস্টেরন ইত্যাদির সমস্যার কারনেও চুল পড়তে পারে । কিছু অভ্যাস যেমন বার বার মাথায় চুলে হাত দেয়া , খুশকি , ময়লা মাথা ইত্যাদির কারনেও চুল পরে । রক্ত শূন্যতা , ভিটামিনের অভাব ইত্যাদি কারনেও চুল পরে । রোগ হলে চর্ম রোগের বিশেষজ্ঞ কে না দেখালে সমাধান হবে না । আজকাল অনেক ভাল ভাল চিকিৎসা বের হয়েছে । তেল লাগাতে পারেন । খুশকি দূর করতে হবে । সিলেক্ট প্লাস শ্যাম্পু ব্যবহার করুন তিন দিন পর পর । ধন্যবাদ",O O O O O O O O O O O O O O O O O O O O O O O B-Health_Condition I-Health_Condition I-Health_Condition I-Health_Condition I-Health_Condition I-Health_Condition I-Health_Condition O O O O O O O O O O O O O O O O O O O O O O O O O O O O O O O O O O O O O O O O O O O O O O O O O O O O O O O O O B-Specialist I-Specialist O O O O O O O O O O O O O O O O O O O O O O O O O B-Medicine I-Medicine I-Medicine O O O O O O O O,O O O O O O B-Symptom O O O O O O O O O O O O B-Specialist O O O O B-Symptom O O O O B-Health_Condition O O O O O B-Symptom O O O O B-Symptom O O O O O B-Health_Condition O O B-Health_Condition O B-Health_Condition O O O O O B-Symptom O O O O O O O O O O B-Symptom O B-Symptom O O O O O O O O B-Symptom O O B-Health_Condition O B-Health_Condition O O O O B-Symptom O O B-Health_Condition O B-Health_Condition O O O O B-Symptom O O O O O B-Specialist O O O O O O O O O O O O O O O O O O O,Health Condition,12.761422563000451,,
"আপনার প্রশ্নের জন্য ধন্যবাদ , একজন পুরুষের জন্য স্বপ্নদোষ খুব স্বাভাবিক ব্যাপার । অনেক পুরুষের প্রতি রাতেই স্বপ্নদোষ হতে পারে আবার অনেকের হয়তোবা বছরে একবার কি দুইবার । দুটোই স্বাভাবিক । স্বপ্নদোষ এর পর আপনি আপনি অবশ্যই আপনার অন্ডকোষ এবং পুরুষাঙ্গ ভালভাবে ধুবেন । অনেক বেশী স্বপ্নদোষ থেকে পরিত্রান এর জন্য বিছানায় যাওয়ার আগে গোসল করবেন । রাতে শোবার আগে কোন পর্নগ্রাফী দেখবেন না । ঢিলাঢালা রাতের পোশাক পরবেন । নিয়মিত ব্যায়াম করবেন । দুঃশ্চিন্তা কমাবেন এবং নিয়মিত প্রার্থনা করবেন । পর্যাপ্ত পানি , পুষ্টিকর খাবার এবং ফলমূল খাবেন । ধন্যবাদ । ",O O O O O O O O O O O O O O O O O O O O O O O O O O O O O O O O O O O O O O O O O O O O O O O O O O O O O O O O O O O O O O O O O O O O O O O O O O O O O O O O O O O O O O O O O O O O,O O O O O O O O O O O O O O O O O O O O O O O O O O O O O O O O O O O O O O O O O O O O O O O O O O O O O O O O O O O O O O O O O O O O O O O O O O O O O O O O O O O O O O O O O O O O,,7.580933798999467,,
"ধন্যবাদ আপনার প্রশ্নের জন্য । মায়ের জন্য - এলারজি উদ্রেককারী খাবার , ধূলাবালি এড়িয়ে চলুন । ঠান্ডা লাগাবেন না । বেশি পানি খাবেন আর কাঁচা কলা খান । আর বাচ্চাকে হোমিওপ্যাথ ওষুধ দিবেন না । স্যালাইন চলুক সাথে বিকোজিন ২ . ৫ মিলি করে ২ বার । ধন্যবাদ",O O O O O O O O B-Symptom O O O O O O O O O O O O O O O O O O O O O B-Medicine O O O O B-Medicine O O B-Medicine B-Dosage I-Dosage I-Dosage I-Dosage I-Dosage I-Dosage I-Dosage O O,O O O O O O O B-Symptom I-Symptom O O O O O O B-Symptom O O O O O O O O O O O O O B-Specialist O O O O O B-Medicine O O B-Medicine B-Dosage I-Dosage I-Dosage O B-Dosage I-Dosage O O O,Medicine,1.9959515129994543,,
বেশ কিছুদিন ধরে আমার ঘন ঘন পিপাসা লাগে . . . . এতে করে বার বার পানি পান করতে হয় . . . . এর ফলে ঘন ঘন প্রশাব হয় . . . . বলে রাখা ভালো আমার কোনো প্রকার শারিরীক সমস্যা নেই . . . . কিন্তু ঘন ঘন প্রশাব আমার দুশ্চিন্তা বাড়িয়ে দিচ্ছে . . . . পরামর্শের জন্য অগ্রীম ধন্যবাদ . . . . ,O O O O B-Symptom I-Symptom I-Symptom O O O O O O O O O O O O O O O O O O O B-Symptom I-Symptom I-Symptom O O O O O O O O O O O O O O O O O O O O O O O O O O O O O O O O O O O O O O,O O O O B-Symptom I-Symptom I-Symptom O O O O O O O O O O O O O O O O B-Symptom I-Symptom I-Symptom O O O O O O O O O O O O O O O O O O O O O O O O O O O O O O O O O O O O O O O O O,Symptom,7.286594323999452,,
"My sister is 40 yrs old . she has been suffering from fever for 6 - 7 days . She has also respiratory problem . She can ' t breathe easily . she feel severe pain while breathing . she also doesn ' t get any taste while taking food . she ' s tongue also getting dry . she do n ' t get enough strength to sit . We also consulted with a prescribed doctor . doctor prescribed some tested like cbc , crp and chest x - ray . in crp report she ' s test showed TH : 1 : 160 BH : 1 : 160 now she ' s condition is worsening . plz give some med",O O O B-Age I-Age I-Age O O O O B-Symptom I-Symptom I-Symptom I-Symptom I-Symptom I-Symptom I-Symptom I-Symptom O O O O B-Symptom I-Symptom I-Symptom B-Symptom I-Symptom I-Symptom I-Symptom I-Symptom I-Symptom B-Symptom I-Symptom I-Symptom I-Symptom I-Symptom I-Symptom I-Symptom O B-Symptom I-Symptom I-Symptom I-Symptom I-Symptom I-Symptom I-Symptom I-Symptom I-Symptom I-Symptom I-Symptom O B-Symptom I-Symptom I-Symptom I-Symptom I-Symptom I-Symptom I-Symptom O O B-Symptom I-Symptom I-Symptom I-Symptom I-Symptom I-Symptom I-Symptom I-Symptom I-Symptom I-Symptom O O O O O O O O O O O O O B-Medical_Procedure O B-Medical_Procedure O B-Medical_Procedure I-Medical_Procedure I-Medical_Procedure I-Medical_Procedure O B-Symptom I-Symptom I-Symptom I-Symptom I-Symptom I-Symptom I-Symptom I-Symptom I-Symptom I-Symptom I-Symptom I-Symptom I-Symptom I-Symptom I-Symptom I-Symptom I-Symptom I-Symptom I-Symptom I-Symptom I-Symptom I-Symptom I-Symptom I-Symptom I-Symptom O O O O O,O O O O O O O O O O O O O O O O O O O O O O O O O O O O O O O O O O O O O O O O O O O O O O O O O O O O O O O O O O O O O O O O O O O O O O O O O O O O O O O O O O O O O O O O O O O O O O O O O O O O O O O O O O O O O O O O O O O O O O O O O O,Symptom,8.91319410199958,,
Thank you for your question Give oral saline mixed with 500ml water and feed after each motion . Give soft rice with mashed banana . If flutanil causes diarrhea then you can stop . Otherwise continue for 3days . Thank you,O O O O O O B-Medicine I-Medicine B-Dosage I-Dosage I-Dosage I-Dosage I-Dosage I-Dosage I-Dosage I-Dosage I-Dosage O O O O O O O O O B-Medicine O B-Health_Condition O O O O O O O O O O O O,O O O O O O O O O O O O O O O O O O O O O O O O O O O O O O O O O O O O O O O O O,Medicine,3.2904730589998508,,
"গর্ভবতী মেয়েরা কি ফার্স্ট ফুড জাতীয় খাবারগুলো খেতে পারবে ? কেপ্সিকেপ চিজ জাতীয় খাবার , পিজ্জা ? ",B-Health_Condition O O O O O O O O O O O O O O O O,O O O O O O O O O O O O O O O O O,Health Condition,2.0741999909996593,,
"ধন্যবাদ আপনাকে প্রশ্নের জন্য । আপনি যখন মোটর সাইকেল চালাবেন , গলা পাতলা কোন মাফলার দিয়ে পেচিয়ে রাখবেন । বাসায় এসেই গরম মশলা চা খাবেন । । ধন্যবাদ",O O O O O O O O O O O O O O O O O O O O O O O O O O O O,O O O O O O O O O O O O O O O O O O O O O O O O O O O O,,6.334676213000421,,
"গলায় কন্ঠ ব্যথা , ডোগ করার সময় সমস্যা হয়",B-Symptom I-Symptom I-Symptom O B-Symptom I-Symptom I-Symptom I-Symptom I-Symptom,O O B-Symptom O O O O O O,Symptom,0.7021402410000519,,
আপনাকে ধন্যবাদ প্রশ্ন করার জন্য । এটা কোনো ক্রনিক রোগের লক্ষন হতে পারে । একজন মেডিসিন বিশেষজ্ঞ কে দেখান । ধন্যবাদ । ,O O O O O O O O O O O O O O O B-Specialist I-Specialist O O O O O,O O O O O O O O B-Health_Condition I-Health_Condition B-Symptom O O O O B-Specialist I-Specialist O O O O O,Specialist,1.2384318949998487,,
আপনাকে ধন্যবাদ প্রশ্ন করার জন্য । টাইফয়েড জ্বরে চুল পরে যেতে পারে । আগের অবস্থায় আপনি আপনার চুল আর নাও আসতে পারে । আপনি একজন চর্ম রোগের ডাক্তার কে দেখিয়ে নিন । ধন্যবাদ,O O O O O O B-Health_Condition B-Symptom O O O O O O O O O O O O O O O O O B-Specialist I-Specialist I-Specialist O O O O O,O O O O O O O O O O O O O O O O O O O O O O O O O O O O O O O O O,Health Condition,4.4092057049992945,,
স্যার আমার দাউদ হয়েছে । এখন আমি কি ঔষধ খেতে পারি যদি দয়া করে বলেন তাহলে আমার খুবই উপকার হয়,O O B-Health_Condition I-Health_Condition O O O O O O O O O O O O O O O O,O O B-Symptom O O O O O B-Medicine O O O O O O O O O O O,Health Condition,1.27333783100039,,
আপনি একজন চর্মরোগ বিশেষজ্ঞের পরামর্শ নিন । চাইলে আমাদের তালিকাভুক্ত ডাক্তারদের সাথেও যোগাযোগ করতে পারেন । ধন্যবাদ,O O B-Specialist I-Specialist O O O O O O O O O O O O O,O O B-Specialist I-Specialist O O O O O O O O O O O O O,Specialist,3.6290014589994826,,
"আমার শ‌রীর ফু‌লে যায় অল্প সম‌য়ের জন্য ও হাট‌তে পারি না । হাট‌লে পা বেশি ফু‌লে , পি‌রিয়ড অ‌নিয়‌মিত , সহবাস করার প‌রে বে‌শি ফ‌ুলে , তখন হাট‌তে গে‌লে পা গু‌লো হালকা ব্যথ্যা লা‌গে রে‌স্টে থাক‌লে ক‌মে । এই পরি‌স্থিতি‌তে কোন ডাক্তা‌রের কা‌ছে ও যে‌তে পার‌ছি না । এখন আ‌মি কি ঔষধ খে‌তে পা‌রি ? ",O B-Symptom I-Symptom I-Symptom B-Symptom I-Symptom I-Symptom I-Symptom I-Symptom I-Symptom I-Symptom O B-Symptom I-Symptom I-Symptom I-Symptom O B-Symptom I-Symptom O B-Symptom I-Symptom I-Symptom I-Symptom I-Symptom O O B-Symptom I-Symptom I-Symptom I-Symptom I-Symptom I-Symptom I-Symptom O O O O O O O O O O O O O O O O O O O O O,O O O O O O O O O O O O O O O O O O O O O O O O O O O O O O O O O O O O O O O O O O O O O O O O O O O O O O O,Symptom,5.380814575999466,,
"ধন্যবাদ আপনাকে প্রশ্ন করার জন্য । কচু শাক , কাচা কলা , কচুর লতি , কচু , লাল মাংস , ডালিম , শিং মাছ , কবুতর রক্ত বাড়ায় । গ্যাসের জন্য আপনি শাকসব্জি , ফল , আঁশযুক্ত খাবার খাবেন , পানি খাবেন , ইসুবগুলের ভূষি খাবেন । চা , কফি , গরু , খাসী , মসলাযুক্ত , ভাজাপোড়া কম খাবেন । ধন্যবাদ",O O O O O O O O O O O O O O O O O O O O O O O O O O O O O B-Symptom O O O O O O O O O O O O O O O O O O O O O O O O O O O O O O O O,O O O O O O O O O O O O O O O O O O O O O O O O O O O O O O O O O O O O O O O O O O O O O O O O O O O O O O O O O O O O O O,Symptom,5.198346043999663,,
"Thank you for asking question to Daktar Bhai . you can take Tab . Alcet ( 5mg ) , 0 + 0 + 1 , 7days . please avoid dust and cold . thank you . ",O O O O O O O O O O O O B-Medicine I-Medicine I-Medicine I-Medicine I-Medicine O O B-Dosage I-Dosage I-Dosage I-Dosage I-Dosage I-Dosage I-Dosage O O O O O O O O O O,O O O O O O O O O O O O O O O O O O O O O O O O O O O O O O O O O O O O,Medicine,3.681815044999894,,
আপনাকে ধন্যবাদ প্রশ্ন করার জন্য । এন্টিবায়োটিক ব্যাকটেরিয়া দ্বারা তৈরি রোগ এ কাজ করে । ভাইরাস জ্বরে কাজ করে না । আপনার জ্বর কেন হচ্ছে তা জানার জন্য রক্ত পরীক্ষা করা প্রয়োজন । আপনি CBC পরীক্ষা করিয়ে রিপোর্ট সহ একজন মেডিসিন বিশেষজ্ঞ ডাক্তার এর পরামর্শ নিন । আপাতত নাপা দুইটা করে তিন বেলা খান । পানি বেশি করে খান । গরম পানি দিয়ে শরীর মুছে দিন । ধন্যবাদ । ,O O O O O O B-Medicine O O O O O O O O O O O O O O O O O O O O O B-Medical_Procedure I-Medical_Procedure O O O O B-Medical_Procedure I-Medical_Procedure O O O O B-Specialist I-Specialist O O O O O O B-Medicine B-Dosage I-Dosage I-Dosage I-Dosage O O O O O O O O O O O O O O O O,O O O O O O B-Medicine O O O O O O O O O O O O O O O O O O O O O O O O O O O O O O O B-Specialist I-Specialist O O O O O B-Medicine O O B-Dosage O O O O O O O O O O O O O O O O O O O O,Medicine,4.8318075520001,,
"ডাক্তার ভাই কে প্রশ্ন করার জন্য ধন্যবাদ । syp emistat 1 spoon 2 times 3 days , oral saline দিনে ২ গ্লাস খাওয়ান । ধন্যবাদ । ",O O O O O O O O B-Medicine I-Medicine B-Dosage I-Dosage I-Dosage I-Dosage I-Dosage I-Dosage O B-Medicine I-Medicine O B-Dosage I-Dosage O O O O,O O O O O O O O B-Medicine I-Medicine B-Dosage O B-Dosage O B-Dosage O B-Medicine I-Medicine B-Dosage I-Dosage I-Dosage O O O O O,Medicine,14.001750135000293,,
"আমার ডান হাতের কব্জিতে হঠাৎ করে অনেক ব্যাথা , আজ থেকে ১৫ বছর আগে আমরা হাতের কব্জিতে ফুটবল খেলতে গিয়ে ব্যাথা পায় , তার পর ঔষধ সেবনের পর আমার হাতের ব্যাথা কিন্তু আবার আমার হাতের কব্জিতে ব্যাথা করছে এখন আমি কি ঔষধ খাবো বা কি করবো । আমার বয়স ৩২বছর । ",O B-Symptom I-Symptom I-Symptom I-Symptom I-Symptom I-Symptom I-Symptom O O O B-Symptom I-Symptom I-Symptom I-Symptom I-Symptom I-Symptom I-Symptom I-Symptom I-Symptom I-Symptom I-Symptom I-Symptom I-Symptom I-Symptom I-Symptom I-Symptom I-Symptom I-Symptom I-Symptom I-Symptom I-Symptom I-Symptom I-Symptom I-Symptom I-Symptom I-Symptom O O O O O O O O O O O O B-Age O,O B-Symptom I-Symptom I-Symptom O O O B-Symptom O O O B-Age I-Age O O O O O O O B-Symptom O O O O B-Medicine O O O O B-Symptom O O O O O O B-Symptom O O O O O O B-Medicine O O O O O O,Symptom,3.241508129999602,,
আমার বয়স ৩২ বছর । আমার হাতে পায়ে ঠোঁটে শ্বেত আছে । হাতে কবজির উপরে এবং পায়ে হাটুর উপরে এখনো ছড়াই নাই । কি ওষুধ ব্যবহার করতে পারি । ,O O B-Age I-Age O O B-Health_Condition I-Health_Condition I-Health_Condition I-Health_Condition I-Health_Condition O O O O O O O O O O O O O O O O O O,O B-Age I-Age I-Age O O O O O B-Symptom O O O O O O O O O O O O O O B-Medicine O O O O,Age,2.4354101250000895,,
ডাক্তার ভাই কে প্রশ্ন করার জন্য ধন্যবাদ । গরম কিছু খাবেন না । আর দাতের ডাক্তার দেখাতে হবে । ধন্যবাদ । ,O O O O O O O O O O O O O O B-Specialist I-Specialist O O O O O,O O O O O O O O O O O O O O O O O O O O O,Specialist,2.3910034120008277,,
regular vlo thakar kisu tips din jate vlo thaka jai,O O O O O O O O O O,O O O O O O O O O O,,2.2093326610001895,,
ডাক্তার ভাইতে প্রশ্ন করার জন্যে আপনাকে ধন্যবাদ । করোনার নির্দিষ্ট কোনো চিকিৎসা নেই । । । করোনা হলে যে সমস্ত লক্ষ্মণ থস্কে সেগুলোর চিকিৎসা দিতে হয় । । । সুস্থ হবার জন্যে প্রয়োজনীয় চিকিৎসা প্রয়োজনীয় খাবার খাওয়া জরুরী । । । ,O O O O O O O O O O O O O O O O O O O O O O O O O O O O O O O O O O O O O O O O O,B-Specialist O O O O O O O B-Health_Condition O O B-Medical_Procedure O O O O B-Health_Condition O O O B-Symptom O O B-Medical_Procedure O O O O O O O O O B-Medical_Procedure O O O O O O O,,21.00983153099969,,
I haven ' t seen my period though it ' s already 10 days late . I am married but I don ' t want to conceive now . What medicine should I take to regulate my period . Thanks . ,O B-Symptom I-Symptom I-Symptom I-Symptom I-Symptom I-Symptom I-Symptom I-Symptom I-Symptom I-Symptom I-Symptom I-Symptom I-Symptom I-Symptom O O O O O O O O O O O B-Health_Condition O O O O O O O O O O B-Health_Condition O O O,O O O O O O O O O O O O O O O O O O O O O O O O O O O O O O O O O O O O O O O O O,Health Condition,4.271231426000668,,
আমার ভাবীর বয়স ৩০ বছর । গলার ভিতরে ঘাঁ হয়েছে খাবার খেতে সমস্যা হয় । গলা ব্যাথা করে । কি করবো ? ,O O O B-Age I-Age O B-Symptom I-Symptom I-Symptom I-Symptom B-Symptom I-Symptom I-Symptom I-Symptom O B-Symptom I-Symptom O O O O O,O O B-Age I-Age I-Age O B-Symptom I-Symptom I-Symptom I-Symptom O O B-Symptom O O B-Symptom I-Symptom O O O O O,Symptom,5.410084776999611,,
"আমি ফেব্রুয়ারি / ২০ মাসে প্রথম পায়খানা করার সময় রক্ত যেতে দেখি । এসময় শক্ত পায়খানা হচ্ছিল , ক্যালসিয়াম টেবলেট খাওয়ার কারণে হয়তো । ডাক্তার Lubilux 8 খেতে দেন , ভালো না হলে phoktoscopy করতে বলেন । কয়েকদিন টেবলেটটি খাওয়ার পর সমস্যা সমাধান হয় । আমি পায়খানা নরম রাখার চেষ্টা করি । কিন্তু মাঝে মাঝে শক্ত হলে টিস্যু পেপারে রক্ত লাগে । এ সময় পায়ুপথে ব্যথা লাগে , ভেতরে বামপাশে একটু ফোলা বা মাংস বেড়ে গেছে মনে হয় এবং নিচের অংশ ছিড়ে গেছে এমন মনে হয় । আমার বাবার পাইলস রোগ আছে । দয়া করে পরামর্শ দিলে উপকৃত হবো । ",O O O O O O B-Symptom I-Symptom I-Symptom I-Symptom O O O O B-Symptom I-Symptom I-Symptom O B-Medicine I-Medicine O O O O O B-Medicine I-Medicine O O O O O O B-Medical_Procedure O O O O O O O O O O O O O O O O O O O O O O O O O O O O O O B-Symptom I-Symptom I-Symptom O O B-Symptom I-Symptom I-Symptom O B-Symptom I-Symptom I-Symptom O O O B-Symptom I-Symptom I-Symptom I-Symptom O O O O O O B-Health_Condition O O O O O O O O O O,O O O O O O O O O O O O O O O O O O O O O O O O O O O O O O O O O O O O O O O O O O O O O O O O O O O O O O O O O O O O O O O O O O O O O O O O O O O O O O O O O O O O O O O O O O O O O O O O O O O O,Symptom,27.620103090000157,,
"ডাক্তার ভাই কে প্রশ্ন করার জন্য ধন্যবাদ । আপনি পেপে ভর্তা , বেগুন ভর্তা এবং ঢেঁড়স ভর্তা খেতে থাকুন । পানি ১০ গ্লাস । ঠিক হয়ে যাবে । হাঁটতে হবে । ধন্যবাদ । ",O O O O O O O O O O O O O O O O O O O O O O O O O O O O O O O O O,O O O O O O O O O O O O O O O O O O O O O O O O O O O O O O O O O,,1.127115987000252,,
আমার স্ত্রী পেগনেট কিন্তু তার রক্তে হিমোগ্লোবিন ৯ . ৯ । এতে কি কোন সমস্যা । ,O O B-Health_Condition O O O O O O O O O O O O O,O O O O O O O O O O O O O O O O,Health Condition,2.8878368610003236,,
আমি কেমন জানি দিন দিন সুখিয়ে যাই এ জন্য আমার কি করতে,O O O O O B-Symptom I-Symptom O O O O O,O O O O O O O O O O O O,Symptom,4.3211536759999944,,
Thanks for your question . measure your blood pressure . try to reduce your weight . you can consult with a nutritionist via this app . thanks,O O O O O O O O O O O O O O O O O O O O O B-Specialist O O O O O,O O O O O O O O O O O O O O O O O O O O O O O O O O O,Specialist,5.0263444659995,,
আপনাকে ধন্যবাদ প্রশ্ন করার জন্য । আপনার দাদিকে না দেখে বোঝা মুশকিল কেন হচ্ছে । আপনি ট্যাবলেট সিনারন ১৫ মিলিগ্রাম একটা করে তিন বেলা খান । ধন্যবাদ । ,O O O O O O O O O O O O O O O O B-Medicine I-Medicine I-Medicine I-Medicine B-Dosage I-Dosage I-Dosage I-Dosage O O O O,O O O O O O O O O O O O O O O O B-Medicine I-Medicine B-Dosage I-Dosage O O B-Dosage O O O O O,Medicine,1.74995800600027,,
"স্যার , আমার বুকে হালকা ব্যাথা হয় মাঝে মাঝে , বুক ধরপর করে , কাধে আর ঘারে ব্যাথা হয় মাথা নিচু করলে ও ব্যাথা হয় , আবার মাথা উপর দিক করলে ও ঘারে ব্যাথা হয় , পেশার সব সময় লো থাকে । প্লিজ হেল্প ? ",O O O B-Symptom I-Symptom I-Symptom I-Symptom I-Symptom I-Symptom O B-Symptom I-Symptom I-Symptom O B-Symptom I-Symptom I-Symptom I-Symptom I-Symptom B-Symptom I-Symptom I-Symptom I-Symptom I-Symptom I-Symptom O O B-Symptom I-Symptom I-Symptom I-Symptom I-Symptom I-Symptom I-Symptom I-Symptom O B-Symptom I-Symptom I-Symptom I-Symptom I-Symptom O O O O,O O O B-Symptom I-Symptom O O O O B-Symptom I-Symptom O O B-Symptom O B-Symptom I-Symptom O B-Symptom I-Symptom O O B-Symptom O O B-Symptom I-Symptom O O B-Symptom I-Symptom O O B-Symptom O O O O O O O O O O O,Symptom,9.639321808999739,,
আমি করোনা পজিটিভ কিন্তু সিম্পটম তেমন নাই । এমতাবস্থায় আমি কি তৃতীয় ডোজ টিকা নিতে পারবো ? ,O B-Health_Condition I-Health_Condition O O O O O O O O B-Medicine I-Medicine I-Medicine O O O,O B-Health_Condition I-Health_Condition O B-Symptom O O O O O O B-Dosage I-Dosage O O O O,Health Condition,5.949164405999909,,
আমার ঠুটের ভেতরে ও গালের ভেতরে খাল উঠে গেছে কিছু খেতে গেলে জ্বলে ব্যাথা লাগে । এখন করনী কি জানাবেন ? ,O B-Symptom I-Symptom I-Symptom I-Symptom I-Symptom I-Symptom I-Symptom I-Symptom B-Symptom I-Symptom I-Symptom I-Symptom B-Symptom O O O O O O O,O O O O O O O O O O O O O O O O O O O O O,Symptom,2.0096638179993533,,
"গ্রাহক , ডাক্তার ভাইকে প্রশ্ন করার জন্য আপনাকে ধন্যবাদ । আপনি অতি সত্তর একজন নাককান গলা বিশেষজ্ঞের সাথে সাক্ষাত করে তার পরামর্শ গ্রহন করুন । এতে সরেজমিনে পরিক্ষা করে কাটা বের করা প্রয়োজন । ধন্যবাদ । ",O O O O O O O O O O O O O O B-Specialist I-Specialist I-Specialist O O O O O O O O O O O O O O O O O O O,O O B-Specialist I-Specialist O O O O O O O O O B-Symptom I-Symptom B-Specialist I-Specialist O O O O O O O O O O O O O O O O O O O,Specialist,1.314054208000016,,
"ল্যাক্টেটিং মাদার । বাচ্চার বয়স ১৬ দিন । মা এর আমাশয় এর সিম্পটম দেখা দিয়েছে ২ দিন ধরে । এ অবস্থায় করনিও কি ? বা Amodis 400 mg এই ঔষধ খাওয়া যাবে কিনা বা কিভাবে খাওয়া উচিত , এবং এর ফলে বাচ্চার উপর কোনো প্রভাব পরবে কিনা ? একটু বিস্তারিত পরামর্শ প্রার্থী । ধন্যবাদ । ",B-Health_Condition I-Health_Condition O O O B-Age I-Age O O O B-Health_Condition O O O O O O O O O O O O O O B-Medicine I-Medicine I-Medicine O O O O O O O O O O O O O O O O O O O O O O O O O O O,O O O O O B-Age I-Age O O O B-Health_Condition I-Health_Condition O O O O O B-Dosage I-Dosage O O O O O O O O O B-Medicine I-Medicine B-Dosage I-Dosage O O O O O O O O O O O O O O O O O O O O O O O,Health Condition,22.971763120000105,,
আপনাকে ধন্যবাদ প্রশ্ন করার জন্য । এটা বংশগত হতে পারে । একজন চর্ম রোগ বিশেষজ্ঞ কে দেখান । ধন্যবাদ । ,O O O O O O O O O O O O B-Specialist I-Specialist I-Specialist O O O O O,O O O O O O O O O O O O O O O O O O O O,Specialist,4.50647420399946,,
"Thank you for asking question to Daktarbhai . There are many causes for cracked heels like Dryness , diabetes , eczema , obesity . Put your feet in luke warm water for 30 min . Gently scrub your heels , dry it and use some moisturizer like petroleum jelly , vaseline . Thanks",O O O O O O O O O O O O O O O O B-Health_Condition O B-Health_Condition O B-Health_Condition O B-Health_Condition O O O O O O O O O O O O O O O O O O O O O O O O O O O O O O,O O O O O O O O O O O O O O O O O O O O O O O O O O O O O O O O O O O O O O O O O O O O O O O O O O O O O,Health Condition,41.78229676899991,,
"Thank you for your question . Syp . Mom . . . . . 3 tsf . . . . . . 2 times daily , at morning & bed time for 1 week . Thank you . ",O O O O O O B-Medicine I-Medicine I-Medicine O O O O O B-Dosage I-Dosage I-Dosage I-Dosage I-Dosage I-Dosage I-Dosage I-Dosage I-Dosage I-Dosage I-Dosage I-Dosage I-Dosage I-Dosage I-Dosage I-Dosage I-Dosage I-Dosage I-Dosage I-Dosage O O O O,O O O O O O O O O O O O O O O O O O O O O O O O O O O O O O O O O O O O O O,Medicine,3.7536760149996553,,
"আমার প্রচন্ড কাশি কাশতে কাশতে বমি বমি বমি ভাব হয় , এখন কি করতে পারি কোন ওষুধ ভালো হবে জানালে উপকৃত হব , রোজা রেখেছি । শরীরের আঙ্গুলগুলো চুলকায় , কেমন যেন শরীরের চুলকানি বেড়ে গেছে এখন কোন ওষুধ ব্যবহার করতে পারি । ",O B-Symptom I-Symptom I-Symptom I-Symptom I-Symptom I-Symptom I-Symptom I-Symptom O O O O O O O O O O O O O O O O B-Symptom I-Symptom I-Symptom I-Symptom O B-Symptom I-Symptom I-Symptom I-Symptom I-Symptom I-Symptom O O O O O O O,O B-Symptom I-Symptom O O B-Symptom I-Symptom I-Symptom O O O O O O O O B-Medicine O O O O O O O O O O O B-Symptom O O O B-Symptom I-Symptom O O O O B-Medicine O O O O,Symptom,3.21395142900019,,
sir amar wife age 24 dengu hoisilo 6 din a 2 ta test koresilam 2nd test er somoy ekta salline push kora hoy akhon onek Matha betha 4 din still aktu o kom hoy na rat a ghum hoy na khub kosto hoy sojjo korar moto na please jodi aktu quick response petam khub e upokrito hotam please,O O O O B-Age B-Health_Condition O O O O O O O O O O O O O B-Medicine O O O O O B-Symptom I-Symptom O O O O O O O O O O B-Symptom I-Symptom I-Symptom O O O O O O O O O O O O O O O O O O,O O O B-Age I-Age B-Health_Condition O B-Dosage I-Dosage O O O O O O O O O O B-Medical_Procedure O O O O O B-Symptom I-Symptom B-Dosage I-Dosage O O O O O O O O O O O O O O O O O O O O O O O O O O O O O,Symptom,7.743178351000097,,
"ওয়ালিকুম সালাম । এজ মা রোগী দের শ্বাসকষ্ট অ্যালার্জি থেকে হয় । যদি অ্যালার্জি থাকে তাহলে নিতে পারবে না । ধন্যবাদ । , ",O O O B-Health_Condition I-Health_Condition O O B-Health_Condition I-Health_Condition O O O O B-Health_Condition O O O O O O O O O,O O O O O O O O O O O O O O O O O O O O O O O,Health Condition,1.3050023220002913,,
আমার ছেলেটার বয়স 16 বছর । মাসখানেক হল প্রতিদিন তিন - চারবার করে পায়খানা করছে । পায়খানার প্রচন্ড বেগ হলেও পায়খানা অল্প হয় । একটু পরামর্শ চাই । ,O O O B-Age I-Age O O O O B-Symptom I-Symptom I-Symptom I-Symptom I-Symptom I-Symptom O O O O O B-Symptom I-Symptom I-Symptom O O O O O,O O B-Age I-Age I-Age O O O O B-Dosage I-Dosage I-Dosage O O O O O O O O O O O O O O O O,Symptom,12.12036479499966,,
আমার সাদাস্রাবটা বেশি যাই । এ ক্ষেত্রে আমি কি করবো ? ,O B-Symptom I-Symptom O O O O O O O O,O O O O O O O O O O O,Symptom,4.129670159999478,,
ধন্যবাদ আপনার প্রশ্নের জন্য । ওনার শেষ মাসিক কবে হয়েছিল ? ,O O O O O O O O O O O,O O O O O O O O O O O,,1.3845225759996538,,
আমার বাবার জর আসছে । সে বাসার বাহিরে গেলে বাসায় ফিরলে সে কোনো হাত ধৌত করে না । এক কথায় সে কোনো নিয়মই মানে না । শরীর অনেক ব্যাথা সাথে ঠান্ডাও লেগেছে । এখন কি করতে হবে . . ? ,O O B-Symptom O O O O O O O O O O O O O O O O O O O O O O O O O B-Symptom O B-Symptom O O O O O O O O O,O O O O O O O O O O O O O O O O O O O O O O O O O O O O O O O O O O O O O O O O,Symptom,8.376292963000196,,
ডাক্তার ভাই কে প্রশ্ন করার জন্য ধন্যবাদ । প্রেগনেন্সির ঝুকি নাই তা বলা যাবে না তবে ঝুকি কম থাকবে । এই ইন্জেকশন এর মেয়াদ শেষ হলে আবার নিতে হবে । এই ইন্জেকশন ৩ মাস মেয়াদি অস্থায়ী জন্মনিয়ন্ত্রণের জন্য । মেয়াদ শেষ হলে আবার দিতে হবে । ,O O O O O O O O O O O O O O O O O O O O O O O O O O O O O O O O O O O O O O O O O O O O O O,O O O O O O O O B-Health_Condition I-Health_Condition O O O O O O O O O O O B-Medicine O O O O O O O O O B-Medicine B-Dosage I-Dosage O O O O O O O O O O O O,,2.3567430490002153,,
Thank you for your question . Use Vaseline or other moisturizer . It ' s normal due to less humidity . thank you,O O O O O O O B-Medicine O O O O O O O O O O O O O O O,O O O O O O O B-Medicine O O O O O O O O O O O O O O O,Medicine,7.650486528000329,,
"ধন্যবাদ আপনাকে প্রশ্নের জন্য । ওরস্যালাইন দিন প্রতিবার বাথরুমের পর । প্রচুর তরল খাবার , স্যুপ দিন । কাচকলা ও ডাবের পানি দিন । ধন্যবাদ",O O O O O B-Medicine O B-Dosage I-Dosage I-Dosage O O O O O O O O O O O O O O O,O O O O O O O O O O O O O O O O O O O O O O O O O,Medicine,2.4016038569998273,,
"ধন্যবাদ আপনার প্রশ্নের জন্য । এটা সাধারণ সুস্থ মানুষের জন্য এত হাই পাওয়ার লাগে না । পুষ্টিকর খাবার , সুষম খাদ্য , আদা চা , মধু , সিভিট খান । ধন্যবাদ",O O O O O O O O O O O O O O O O O O O O O O O O O O O B-Medicine O O O,O O O O O O O O O O O O O O O O O O O O O O O O O O O O O O O,Medicine,3.787829461000001,,
আপনাকে ধন্যবাদ প্রশ্ন করার জন্য । আপনি দ্রুত হাসপাতালে ইমার্জেন্সি তে যোগাযোগ করুন । ব্লাড প্রেশার বাড়া কিংবা সুগার কমে যাওয়া দুইটা ই খুব বিপদজনক । ধন্যবাদ,O O O O O O O O O O O O O O O O O O O O O O O O O O O,O O O O O O O O O O O O O O O O O O O O O O O O O O O,,2.0768694560001677,,
"তীব্র শুস্ক কাশি , টনসিল । । । নাক কান গলার । ডাক্তার দেখাইছি Clacidio 625 mg খেলাম Monas 10 , rupadine 10 খেলাম । কাশি কমছে না । গলার শাস নিতে সমস্যা হচ্ছে । কি করবো",B-Symptom I-Symptom I-Symptom O B-Symptom O O O B-Specialist I-Specialist I-Specialist I-Specialist I-Specialist O B-Medicine I-Medicine I-Medicine O B-Medicine I-Medicine O B-Medicine I-Medicine O O B-Symptom I-Symptom I-Symptom O B-Symptom I-Symptom I-Symptom I-Symptom O O O O,O O O O O O O O O O O O O O O O O O O O O O O O O O O O O O O O O O O O O,Symptom,8.786153451000246,,
"is there any gyne doctor near shamoli , mohammadpur & mirpur 1 ? ",O O O B-Specialist I-Specialist O O O O O O O O,O O O O O O O O O O O O O,Specialist,1.896742846000052,,
"আমার মেয়ের বয়স ৫ বছর কাল থেকে তার জ্বর হচ্ছে , আজকে তার জ্বর এর মাত্রা বেশি ৯৯ - ১০১ এর মধ্যে শুধু মাত্র জ্বর আছে যে",O O O B-Age I-Age O O O B-Symptom O O O B-Symptom I-Symptom I-Symptom I-Symptom I-Symptom I-Symptom I-Symptom I-Symptom I-Symptom I-Symptom O O B-Symptom O O,O O O O O O O O O O O O O O O O O O O O O O O O O O O,Symptom,3.0332199150007,,
খাবারের হজম ক্রিয়ায় সমস্যা হচ্ছে কিছু দিন থেকে । ,B-Dosage I-Dosage I-Dosage I-Dosage O O O O O,O O O O O O O O O,Dosage,2.3749642590000803,,
Proshono korar jonno onek dhonnobad . period er first duidin bleeding ektu beshi hote pare tobe jodi 6 ta r beshi pad change korte hoy tahole obossoi doctor er poramorsho niben . Tab ALGIN 1 + 1 + 1 . . . . . jodi betha thakbe khaben ebong sohoniyo tapmatrar gorom sekh diben tolpete . Asha korchi etei apnar betha kome jabe . Tarpro kono shomossha hole abar poramorsho niben . Dhonnobad . ,O O O O O O O O O O O O O O O O O O O O O O O O O O O O O O O O B-Medicine I-Medicine B-Dosage I-Dosage I-Dosage I-Dosage I-Dosage O O O O O O O O O O O O O O O O O O O O O O O O O O O O O O O O O O O,O O O O O O O O O B-Symptom I-Symptom O O O O O O B-Dosage I-Dosage O O O O O O O O O O O O O O O B-Medicine O B-Dosage O B-Dosage O B-Dosage O O O O O O O O O O O O O O O O O O O O O O O O O O O O O O O O O,Medicine,6.384887775000607,,
আমি ৩ / ৪ বছর যাবৎ রাতে / সকালে ঘুম থেকে উঠার পর চোখের ভিতর এবং হাত পায়ের জয়েন্ট এমনকি পুরো শরীরে অনেক বেথা অনুভব করি । তবে রাতে খাবার কম / না খেলে ব্যাথা কম হয় । আমার প্রেসার বেশিরভাগ সময় ১৪৫ - ১৫০ / ৯০ - ৯৫ থাকে । বর্তমানে খাওয়া কমিয়ে ওজন কমিয়েছি । এখন প্রেসার এর ওষুধ খাই না । কভিড ১৯ এর কারণে প্রেসার চেক করা হয় না গত তিন মাস । মনে হচ্ছে প্রেসার টা নিয়ন্ত্রণে আছে । কিন্তু ঘুম থেকে জাগার পর ব্যাথাটা এখনো প্রবল । আমি কোন বিভাগের ডাক্তার দেখালে ভালো হয় । দয়া করে একটু পরামর্শ দিবেন । আমার ডায়বেটিস নেই । কিডনির টেস্ট ও করানো আছে । কোনো সমস্যা নেই । ,O O O O O O O O O B-Symptom I-Symptom I-Symptom I-Symptom I-Symptom I-Symptom I-Symptom I-Symptom I-Symptom I-Symptom I-Symptom I-Symptom I-Symptom I-Symptom I-Symptom O O O O O O O O O O B-Symptom O O O O O O O O O O O O O O O O O O O O O O O B-Medicine I-Medicine I-Medicine O O O O O O O O O O O O O O O O O O O O O O O O B-Symptom I-Symptom I-Symptom I-Symptom I-Symptom O O O O O O O O O O O O O O O O O O B-Health_Condition O O B-Medical_Procedure I-Medical_Procedure O O O O O O O O,O O O O B-Age O O O O O O O O O O O O O O O O O O B-Symptom O O O O O O O O O O O B-Symptom O O O O O B-Health_Condition O O O O O O O O O O O O O O O O O O O O O O O O O O O O O O O O O O O O O O O O O O O O O O O O O O O O O O O O O O O O O O O O O O O O O O O O O O O O O O O,Symptom,52.10172356699968,,
স্যার আমার ঘন ঘন প্রসাব আর জালাপুরা আছে এর জন্য কি অসুদ খেতে পারি । ,O O B-Symptom I-Symptom I-Symptom I-Symptom I-Symptom I-Symptom O O O O O O O,O O O O O O O O O O O O O O O,Symptom,1.7500629209998806,,
amr sorir khub mota ki korbo bujte parci nah,O O O O O O O O O,O O O O O O O O O,,3.878843063000204,,
Thanks for asking question . yes you can take that . Thanks,O O O O O O O O O O O O,O O O O O O O O O O O O,,0.5832255039995289,,
"আপনাকে ধন্যবাদ প্রশ্ন করার জন্য । আপনার প্রেশার স্বাভাবিক প্রেশার এর সর্বোচ্চ অবস্থায় আছে । আপনার যদি কোনো রোগের লক্ষন না থাকে আপনি কিছু দিন খাদ্যাভ্যাস পরিবর্তন , নিয়মিত ব্যায়াম , সঠিক সময়ে ঘুমের অভ্যাস ইত্যাদি করে চেষ্টা করে দেখতে পারেন প্রশার নিয়ন্ত্রণ হয় কিনা । নিয়ন্ত্রনে না আসলে একজন মেডিসিনের ডাক্তারের পরামর্শ নিতে পারেন । ধনবাদ",O O O O O O O B-Health_Condition O O O O O O O O O O O O O O O O O O O O O O O O O O O O O O O O O O O O O O O O O O B-Specialist I-Specialist O O O O O,O O O O O O O O O O O O O O O O O O O O O O O O O O O O O O O O O O O O O O O O O O O O O O O O O O O O O O O O O,Health Condition,5.78942991599979,,
আমার জর কি ওষুধ খাবো . . . . . . . . . . . . . . . . . . . ,O B-Symptom O O O O O O O O O O O O O O O O O O O O O O,O O O O O O O O O O O O O O O O O O O O O O O O,Symptom,4.733714914999837,,
আমি পর্ণ দেখা ও হস্তুমৈথুনে আসক্ত প্রায় ৭ বছর ধরে । প্লিজ কিছু করুন অনেক চেষ্টা করেছি নিজের সাথে নিজে আসক্ত হয়ে গেছি । প্লিজ,O B-Symptom I-Symptom O B-Symptom I-Symptom O O O O O O O O O O O O O O O O O O O,O O O O O O O B-Age I-Age O O O O O O O O O O O O O O O O,Symptom,1.025075415000174,,
good afternoon sir / madam My name is < NAME > i have something problem,O O O O O O O O O O O O O O O,O O O O O O O O O O O O O O O,,2.1215729220002686,,
সকাল থেকে পেট এ মারাত্নক গ্যাস হচ্ছে . . পেট ফাফঁ দিয়ে থাকে এবং ঢেকুর উঠতেছে . . এই অবস্থায় কি করা যায় . . ,O O B-Symptom I-Symptom I-Symptom I-Symptom I-Symptom O O B-Symptom I-Symptom I-Symptom I-Symptom O B-Symptom I-Symptom I-Symptom I-Symptom O O O O O O O,O O O O O O O O O O O O O O O O O O O O O O O O O,Symptom,3.3912116110004717,,
ডাক্তার ভাই কে প্রশ্ন করার জন্য ধন্যবাদ ঔষধ এর কোর্স সম্পন্ন করুন ধন্যবাদ,O O O O O O O O O O O O O,O O O O O O O O O O O O O,,2.1801980150003146,,
Please do exercise daily . It can help you,O O O O O O O O O,O O O O O O O O O,,1.4590254999993704,,
"mohila Doctor , cormo bisesoggo and , ma o sisu bisesoggo ak sathe kono doctor pawa jabe naki alada alada dekate hobe , jante chai ? ",O O O B-Specialist I-Specialist O O B-Specialist I-Specialist I-Specialist I-Specialist O O O O O O O O O O O O O O O,O O O O O O O O O O O O O O O O O O O O O O O O O O,Specialist,3.2713692460001766,,
ধন্যবাদ আপনাকে প্রশ্ন করার জন্য । কি জন্য খেতে চাচ্ছেন ? শিশুর বয়স কত ? ,O O O O O O O O O O O O O O O,O O O O O O O O O O O O O O O,,2.571939520000342,,
"আসসালামু আলাইকুম , আমার সমস্যা হচ্ছে বিশেষ করে শীতকালে ভোরে ঘুম থেকে উঠলে বা ফজরের নামাজের সময় উঠলে হঠাৎ করেই সর্দি শুরু হয়ে যায় । নাক দিয়ে শুধু সর্দি বের হতে থাকে মাঝে মাঝে হাচ্ছি হয় । যা দীর্ঘদিন ধরে আমার সমস্যা আছে । এ থেকে পরিত্রাণের উপায় কী । ",O O O O O O O O O O O O O O O O O O O O B-Symptom O O O O O O O O O O O O O B-Symptom O O O O O O O O O O O O O O O,O O O O O O O O O O O O O O O O O O O O B-Symptom I-Symptom O O O O O O O B-Symptom I-Symptom O O O O O O O O O O O O O O O O O O O,Symptom,17.4269996969997,,
"আপনাকে ধন্যবাদ প্রশ্ন করার জন্য । আপনি ব্যালেন্স ডায়েট খান । প্রতিদিন এর খাবারে দুধ , ডিম , মাছ , মাংস , পনির খান । নিয়মিত ব্যায়াম করুন । ধুমপান করবেন না । নেশা থেকে দূরে থাকুন । ঘুম ঠিক মত হতে হবে । দুশ্চিন্তা করবেন না । ডায়াবেটিস , থাইরয়েড পরীক্ষা করান । একজন মেডিসিন বিশেষজ্ঞ ডাক্তার কে দেখিয়ে নিশ্চিত হয়ে চিকিৎসা নিন । ধন্যবাদ । ",O O O O O O O O O O O O O O O O O O O O O O O O O O O O O O O O O O O O O O O O O O O O O O O O B-Medical_Procedure I-Medical_Procedure I-Medical_Procedure I-Medical_Procedure O O O B-Specialist I-Specialist I-Specialist O O O O O O O O O,O O O O O O O O O O O O O O O O O O O O O O O O O O O O O O O O O O O O O O O O O O O O O O O O O O O O O O O O O O O O O O O O O O O,Medical Procedure,9.777280952000183,,
স্যার আমার হঠাৎ আজকে বিকাল থেকে জ্বর উঠেছে আমি কি ঔষুধ খেতে পারি বলবেন প্লিজ ? ? ? ? ,O O O O O O B-Symptom O O O O O O O O O O O O,O O O O O O B-Symptom O O O B-Medicine O O O O O O O O,Symptom,15.82459782100068,,
Thanks for questioning daktarbhai . Please contact with a paediatric doctor physically then take any medicine . Thanks,O O O O O O O O O B-Specialist I-Specialist O O O O O O O,O O O B-Specialist O O O O O B-Specialist I-Specialist O O O O B-Medicine O O,Specialist,13.74323168599949,,
আপনাকে ধন্যবাদ প্রশ্ন করার জন্য । আপনি ট্যাবলেট নাপা এক্সটেন্ড ৬৬৫ মিলিগ্রাম একটা করে দুই বেলা খাওয়াতে পারেন । ধন্যবাদ । ,O O O O O O O B-Medicine I-Medicine I-Medicine I-Medicine I-Medicine I-Medicine O B-Dosage I-Dosage O O O O O,O O O O O O O O O O O O O O O O O O O O O,Medicine,72.01860748200033,,
ডাক্তার ভাইতে প্রশ্ন করার জন্যে আপনাকে ধন্যবাদ । আপনি Tab - Norium 10 mg 0 + 0 + 1 ১৪ দিন Tab - Minaril 8 mg 1 + 0 + 1 ১৪ দিন খেয়ে দেখতে পারেন । । । প্রয়োজনে পরবর্তীতে নিউরোলজি বিশেষজ্ঞ চিকিৎসক এর পরামর্শ নিতে পারেন । ,O O O O O O O O O B-Medicine I-Medicine I-Medicine I-Medicine I-Medicine B-Dosage I-Dosage I-Dosage I-Dosage I-Dosage I-Dosage I-Dosage B-Medicine I-Medicine I-Medicine I-Medicine I-Medicine B-Dosage I-Dosage I-Dosage I-Dosage I-Dosage I-Dosage I-Dosage O O O O O O O O B-Specialist I-Specialist O O O O O O,O O O O O O O O O O B-Medicine I-Medicine B-Dosage I-Dosage O O O O O O O B-Medicine I-Medicine B-Dosage I-Dosage O O O O O O O O O O O B-Specialist I-Specialist O O O O O O O O O O O,Medicine,2.2860648070000025,,
আমার প্রায় দেড় বছর যাবত এলার্জি সমস্যা । প্রচন্ড চুলকানি শুরু তে ছিল ছোট গোটা থেকে ছড়িয়ে বড় হয়ে অনেকটা দাউদের মতো । এখন তার সাথে আবার ছিলে যায় গোটা হয়ে শক্ত হয়ে অনেক চুলকায় । কি করা যায় ? ,O O O O O B-Health_Condition O O B-Symptom I-Symptom O O O O O O O O O O O O O O O O O B-Symptom I-Symptom I-Symptom I-Symptom I-Symptom I-Symptom I-Symptom I-Symptom O O O O O,O O O O O O O O O O O O O O O O O O O O O O O O O O O O O O O O O O O O O O O O,Symptom,3.667352137999842,,
ডাক্তার ভাইকে প্রশ্ন করার জন্য ধন্যবাদ । আপনি অবশ্যই অতি দ্রুত একজন অভিজ্ঞ শিশু বিশেষজ্ঞের পরামর্শ নিন । ধন্যবাদ,O O O O O O O O O O O O O B-Specialist I-Specialist O O O O,O O O O O O O O O O O B-Specialist I-Specialist I-Specialist I-Specialist O O O O,Specialist,1.343479441999989,,
"আপনাকে ধন্যবাদ প্রশ্ন করার জন্য । বুকের কোন এক্সরে করা হয়েছিল ? না করা হয়ে থাকলে একটি এক্সরে করে একজন মেডিসিন বিশেষজ্ঞের সাথে সরাসরি পরামর্শ করুন । প্রয়োজনে , আপনি ডাক্তারভাই এপ্লিকেশন থেকে ' Video Call To A Doctor ' সার্ভিসটি ব্যবহার করে একজন বিশেষজ্ঞ ডাক্তারের এপয়েন্টমেন্ট নিয়ে ভিডিও কল এ কথা বলতে পারেন এবং ডাক্তার - এর লেখা প্রেস্ক্রিপশন আপনি আপনার এপ্লিকেশন এ পেয়ে যাবেন । আরও বিস্তারিত জানতে < NUMBER > তে কল করুন । ধন্যবাদ । ",O O O O O O O O B-Medical_Procedure O O O O O O O O O O O B-Specialist I-Specialist O O O O O O O O O O O O O O O O O O O O O O O O O O O O O O O O O O O O O O O O O O O O O O O O O O O O O O O O O,O O O O O O O O O O O O O O O O O O O O O O O O O O O O O O O O O O O O O O O O O O O O O O O O O O O O O O O O O O O O O O O O O O O O O O O O O O O O O O O,Medical Procedure,5.810233147999497,,
টনসিল এর সমস্যা কি ওষুধ খাবো ? অনেক দিন ধরে শুধু গলার ডান পাশে কান এর গোড়া পযন্ত,B-Symptom I-Symptom I-Symptom O O O O O O O O O O O O O O O,B-Health_Condition O O O B-Medicine O O O O O O O O O O O O O,Symptom,28.2616088019995,,
ধন্যবাদ আপনাকে প্রশ্ন করার জন্য । করোনা ভাইরাস এর অনেক লক্ষণ এর একটা । আপনি বাসার বাইরে না গিয়ে থাকেন বা বাইরে থেকে যদি কেউ না আসে তাহলে চিন্তার কোন কারণ নেই । ঠান্ডার জন্যেও এমন হয় । ধন্যবাদ,O O O O O O B-Health_Condition O O O O O O O O O O O O O O O O O O O O O O O O O O O O O O O O,O O O O O O B-Health_Condition I-Health_Condition O O B-Symptom O O O O O O O O O O O O O O O O O O O O O O O O O O O O,Health Condition,24.235845561000133,,
"ডাক্তার ভাই কে প্রশ্ন করার জন্য ধন্যবাদ Syp pogo ১ চামচ করে ৩ বেলা খাওয়াবেন , বাচ্চার রুচি বাড়বে । ধন্যবাদ । ",O O O O O O O B-Medicine I-Medicine B-Dosage I-Dosage I-Dosage I-Dosage I-Dosage I-Dosage O O O O O O O,O O O O O O O O O O O O O O O O O O O O O O,Medicine,4.03509245999976,,
গ্রাহক ডাক্তার ভাইকে প্রশ্ন করার জন্য আপনাকে ধন্যবাদ । আপনার লক্ষণ শুনে মনে হচ্ছে আপনার প্রসাবে ইনফেকশন হতে পারে অথবা ডায়াবেটিস হতে পারে । তাই আপনি নিম্নলিখিত পরীক্ষাগুলো করবেন - 1 . OGTT 2 . Urine R / E,O O O O O O O O O O O O O O O B-Health_Condition I-Health_Condition O O O B-Health_Condition O O O O O O O O O O O B-Medical_Procedure O O B-Medical_Procedure I-Medical_Procedure I-Medical_Procedure I-Medical_Procedure,O O O O O O O O O O O O O O O O O O O O O O O O O O O O O O O O O O O O O O O,Health Condition,4.025872604000142,,
"আমার আম্মু বয়স ৩৮ - ৪০ হবে । তার তিনি যখন হাটা চলা করেন তখন তার পায়ের পাতা ব্যাথা করেন , এমতা অবস্থায় কি করনীয় অনুগ্রহ করে যদি বলতেন । ",O O O B-Age I-Age I-Age O O O O B-Symptom I-Symptom I-Symptom I-Symptom I-Symptom I-Symptom I-Symptom I-Symptom I-Symptom O O O O O O O O O O O,O O B-Age I-Age I-Age I-Age O O O O O O O O O O B-Symptom I-Symptom O O O O O O O O O O O O,Age,2.50244775200008,,
আমার ছেলের বয়স ১মাস ২৭ দিন গতকাল রাতে মৃদু জর কিন্তু আজকে বিকেলে 100 . 8 জর ছিল এই মুহুর্তে আমার কি করণীয় ? ,O O O B-Age I-Age I-Age B-Symptom I-Symptom I-Symptom I-Symptom O B-Symptom I-Symptom I-Symptom I-Symptom I-Symptom O O O O O O O O,O O O O O O O O O O O O O O O O O O O O O O O O,Symptom,4.215693473000101,,
সারা শরীর মনে হয় ব্যাথা কি করনীয় । বয়স৩২ । ,B-Symptom I-Symptom I-Symptom I-Symptom I-Symptom O O O B-Age O,O O O O O O O O O O,Symptom,1.6315908520000448,,
সার ঘুমে ভাংলে চোখের মদ্যে ব্যাথা করি সারা দিন ভাল যাই বিকালে চোখ থেকে কপালের দিকে ব্যাথা মাথা ব্যাথা শুরু হই তারপর মাথার পিছনের ব্যাথা থাকে ওষুধ হিসাবে nortin 10mg . fluver 10mg,O O O O O B-Symptom O O O O O O O O B-Symptom I-Symptom I-Symptom B-Symptom I-Symptom O O O B-Symptom I-Symptom I-Symptom O O O B-Medicine I-Medicine O B-Medicine I-Medicine,O O O O O B-Symptom O O O O O O O O O O B-Symptom B-Symptom I-Symptom O O O O O O B-Symptom O O O B-Medicine B-Dosage O B-Medicine,Symptom,2.318930813999941,,
"আমার স্ত্রীর ২দিন হলো পেট ব্যাথা করে টয়লেট হয় ! এক বার শক্ত , আবার পাতলা ! মাঝে মাঝে পেট ব্যাথা করে আবার ঠিক হয়ে যায় ! ",O O O O B-Symptom I-Symptom I-Symptom I-Symptom I-Symptom I-Symptom I-Symptom I-Symptom I-Symptom I-Symptom I-Symptom I-Symptom O O O B-Symptom I-Symptom O O O O O O,O O B-Age O B-Symptom I-Symptom O B-Symptom O O O O O O O O O O B-Symptom I-Symptom O O O O O O O,Symptom,2.6001935099993716,,
আপনাকে ধন্যবাদ প্রশ্ন করার জন্য । আপনার রিপোর্ট ভাল এটা আপনার স্ত্রী র প্রেগ্ন্যাসি হওয়ার জন্য খুবই ভাল । এই আপনার গাইনি চিকিৎসকের পরামর্শ মতো চলুন । যে ইঞ্জেকশন দিয়েছেন তাতে প্রেগন্যান্ট হতে সহায়তা করবে । ধন্যবাদ । ,O O O O O O O O O O O O O O O O O O O O O O O O O O O O O O O O O O O O O O,O O O O O O O O O O O O O O O O O O O O O O O O O O O O O O O O O O O O O O,,3.688257834000069,,
গলায় টনসিল এর ব্যাথা এখন টনসিল বড় হচ্ছে,B-Symptom I-Symptom I-Symptom I-Symptom O B-Symptom I-Symptom I-Symptom,O B-Health_Condition O B-Symptom O I-Health_Condition I-Health_Condition O,Symptom,1.0193429949995334,,
আমার স্ত্রী বয়স ২২ বছর । মাসিক বন্ধ হওয়ার ১৫ দিন পর বেবি টেস্ট করায় আলহামদুলিল্লাহ পজেটিপ আসছে এখন সমস্যা কিছু খেতে পারছে না এবং পেটে প্রচুর পরিমাণ গ্যাস হচ্ছে এখন কি করতে পারি এবং কোন গ্যাসের ঔষধ খেতে পারবে কি না ? ,O O O B-Age I-Age O O O O O O O O O O O O O O O B-Symptom I-Symptom I-Symptom I-Symptom O B-Symptom I-Symptom I-Symptom I-Symptom I-Symptom O O O O O O O O O O O O O,O O B-Age I-Age O O O O O O O O O O O O O O O O O O O O O O O O O O O O O O O O O O O O O O O,Symptom,1.9112736000006407,,
আপনাকে ধন্যবাদ প্রশ্ন করার জন্য । আপনি গ্যাসের জন্য ওমেপ্রাজল জাতীয় ঔষধ খেতে পারেন । ভাজাপোড়া কম খাবেন । ধন্যবাদ,O O O O O O O O O O O O O O O O O O O O,O O O O O O O O O B-Medicine I-Medicine I-Medicine O O O O O O O O,,5.078982013000314,,
"আমার প্রত্যেক মাসে প্রায় ১ - ২ পাতলাপায়খানা হয় । ভাজা - পোড়া খেলে সমস্যা টা বেশী হয় । যেমন : ডিম ভাজি , ছোলা বোট ইত্যাদি । এখন কী করা যায় । ",O O O O B-Symptom I-Symptom I-Symptom I-Symptom O O O O O O O O O O O O O O O O O O O O O O O O O,O O O O O O O O O O O O O O O O O O O O O O O O O O O O O O O O O,Symptom,2.7034053850002238,,
আপনাকে ধন্যবাদ প্রশ্ন করার জন্য । আপনি গরম পানির সেক দিন । এক্স - রেয় করা লাগতে পারে । একজন অর্থপেডিক্স ডাক্তারের পরামর্শ নিতে পারেন । ধন্যবাদ,O O O O O O O O O O O O O O O O O O O O B-Specialist I-Specialist O O O O O,O O O O O O O O O O O O O O O O O O O O O O O O O O O,Specialist,1.675393399999848,,
বাস‌ে বুমি‌ হয় ক‌ি করব‌ো ? বয়স ৪ / প্রস্রব ঘাঢ় হুলদ হয় ক‌েন ? ঠান্ডার সমস্যা আছ‌ে । ,O B-Symptom O O O O O B-Age O B-Symptom I-Symptom I-Symptom O O O B-Symptom O O O,O O O O O O B-Age I-Age O O O O O O O B-Symptom O O O,Symptom,1.26014612400013,,
Thanks for your question to daktar bhai . please do urine for r / e . And then consult with medicine specialist with reports . Thanks,O O O O O O O O O O B-Medical_Procedure I-Medical_Procedure I-Medical_Procedure I-Medical_Procedure I-Medical_Procedure O O O O O B-Specialist I-Specialist O O O O,O O O O O B-Specialist I-Specialist O O O O O O O O O O O O B-Specialist I-Specialist O O O O O,Medical Procedure,1.6396228679996057,,
আমার পেরেসার ১২০ / ১৭০ছিলো ঔষধ খাওয়ার পর আজ সনদার সময় পেরেসার মাপলাম ৭০ / ১০০ এখন কি আমি ওই ঔষধ খাবো কি,O O O O O O O O O O O O O O O O O O O O O O O,O O O O O O O O O O O O O O O O O O O O O O O,,2.2049313369998345,,
ডাক্তার ভাই কে প্রশ্ন করার জন্য ধন্যবাদ । করোনা নেগেটিভ হওয়ার ৩০ দিন পর টিকা নিতে পারবেন ধন্যবাদ,O O O O O O O O B-Health_Condition O O O O O B-Medicine O O O,O O O O O O O O O O O O O O O O O O,Health Condition,2.7156745729998875,,
আপনাকে ধন্যবাদ প্রশ্ন করার জন্য । আপনি একজন মেডিসিন ডাক্তারের পরামর্শ নিন । ঔষধ গুলো চালিয়ে যান । ধন্যবাদ,O O O O O O O O B-Specialist I-Specialist O O O O O O O O O,O O O O O O O O B-Specialist I-Specialist O O O O O O O O O,Specialist,1.7561430649993781,,
"i have low fever , i have hadack also , so that i confused , what is it ? ",O O O B-Symptom O O O B-Symptom O O O O O O O O O O O,O O O O O O O O O O O O O O O O O O O,Symptom,16.099464975000046,,
"ধন্যবাদ আপনার প্রশ্নের জন্য । আপনার যেহেতু প্রেগনেন্সি প্রায় শেষের দিকে এজন্য স্ট্রেস / টেনশন থেকে ঘুম হচ্ছে না ঠিকমত । তাই স্কিন এ পিগমেন্টেশন / ব্রন / গোটা হতে পারে । টেনশন মুক্ত থাকার চেষ্টা করুন , পর্যাপ্ত পানি পান করুন , হাশিখুশি থাকুন । সময়ের সাথে এই কালো গোটা মিলিয়ে যাবে আপনার । গর্ভকালীন সময়ে নিরাপদ থাকুন । ধন্যবাদ । ",O O O O O O O B-Health_Condition O O O O O O O O O O O O O O B-Symptom I-Symptom I-Symptom O B-Health_Condition O B-Symptom O O O O O O O O O O O O O O O O O O O O B-Symptom I-Symptom O O O O B-Health_Condition O O O O O O,O O O O O O O O O O O O O O O O O O O O O O O O O O O O O O O O O O O O O O O O O O O O O O O O O O O O O O O O O O O O O O,Health Condition,5.276041453999824,,
আমার পায়ের নখ কালো হয়ে গেছে পরিষ্কাট করলেও দূর হচ্ছে না এখন আমি কি করতে পারি ? ,O B-Symptom I-Symptom I-Symptom I-Symptom I-Symptom B-Symptom I-Symptom I-Symptom I-Symptom I-Symptom O O O O O O,O O O B-Symptom I-Symptom O O O O O O O O O O O O,Symptom,11.32479522199992,,
sep 2019 a Amar Sgpt and Sopt barcilo . onno sob riport normal cilo . b and c nagative . er por kome giasilo . dr bolsilo fatty liver ase . fibroscan cilo 7 . 1 abar pore amar sgpt ektu bere giacilo . akhon lockdown er modhe ki korbo bujte parci na . majhe majhe peter uporer dan dike halka detha hoy . allergy osud na kaile sorir chulkay . ami j medicine kassi ta holo - 1 . Obeticholic Acid 10 mg . ( Obeliva 10 ) 2 . Ursocol 300 . 3 . omega 3 4 . Provair 10 5 . Biltin . 6 . Rabeprazole 20 . 7 . colostral er osud akhon bondho raksi . akhon ki korbo,O O O O B-Symptom I-Symptom I-Symptom I-Symptom O O O O O O O O O O O O O O O O O O O B-Health_Condition I-Health_Condition O O O O O O O O O O B-Symptom I-Symptom I-Symptom I-Symptom O O O O O O O O O O O O O B-Symptom I-Symptom I-Symptom I-Symptom I-Symptom I-Symptom O O B-Medicine I-Medicine O O B-Symptom I-Symptom O O O O O O O O O O B-Medicine I-Medicine I-Medicine I-Medicine O O B-Medicine I-Medicine O O O B-Medicine I-Medicine O O O B-Medicine I-Medicine O O B-Medicine I-Medicine O O B-Medicine O O O B-Medicine I-Medicine O O O B-Medicine I-Medicine I-Medicine O O O O O O O,O O O O B-Health_Condition O O O O O O O O O O O O O O O O O O O B-Specialist O B-Health_Condition I-Health_Condition O B-Medical_Procedure O O O O O O O O O O O O O O O O O O O O O O O O O O O O O O O O O O O O O O O O O O O O O O O O O O O O O O O O O O O O O O O O O O O O O O O O O O O O O O O O O O O O O O O O O O O O O,Medicine,25.611670643000252,,
স্যার আমার দাদার খুব কাশ বয়স 60 বছর এখন আমি কি ওষুধ খাওয়াবো,O O O B-Symptom I-Symptom O B-Age I-Age O O O O O,O O O O O O O O O O O O O,Symptom,3.901091335000274,,
"গতকাল করোনার প্রথম ডোজ দিয়েছি । জ্বর suppository 500 mg দেয়ার পর ও ১০২ থেকে নামছেনা । পেটে বাম পাশে নিচে , বুকের বাম পাশে নিচে , বুকের ডান পাশে আর মাথার বামে উপরের কোনায় প্রচুর ব্যথা করতেছে । পিটে নিচে বাম পাশে সেইম জ্বর এখন ১০২ . ৩ । রোজা রাখব ? গতকাল নিম্নোক্ত ঔষধ দেয়া হইছিল - Napq - 500mg . 2 + 2 + 2 , ভরা পেটে । Rivotril 0 . 5mg . 0 + 0 + 1 ভরা পেটে suppository 500mg - 1 Stick . যদি জ্বর ১০২ এর উপরে থাকে । ",O B-Medicine I-Medicine I-Medicine O O B-Symptom I-Symptom I-Symptom I-Symptom I-Symptom I-Symptom I-Symptom I-Symptom I-Symptom I-Symptom O B-Symptom I-Symptom I-Symptom I-Symptom I-Symptom I-Symptom I-Symptom I-Symptom I-Symptom I-Symptom I-Symptom I-Symptom I-Symptom I-Symptom I-Symptom I-Symptom I-Symptom I-Symptom I-Symptom I-Symptom O O B-Symptom I-Symptom I-Symptom I-Symptom I-Symptom I-Symptom I-Symptom I-Symptom I-Symptom I-Symptom O O O O O O O O O O B-Medicine I-Medicine I-Medicine O O B-Dosage I-Dosage I-Dosage I-Dosage I-Dosage I-Dosage I-Dosage O B-Medicine I-Medicine I-Medicine I-Medicine O B-Dosage I-Dosage I-Dosage I-Dosage I-Dosage I-Dosage I-Dosage B-Medicine I-Medicine O B-Dosage I-Dosage I-Dosage O O O O O O O,O O O O O O O O O O O O O O O O O O O O O O O O O O O O O O O O O O O O O O O O O O O O O O O O O O O O O O O O O O O O O O O O O O O O O O O O O O O O O O O O O O O O O O O O O O O O O O O O O,Medicine,7.136003388000063,,
আমার মেয়ের বয়স 4মাস । গত কয়েক দিন থেকে আমাশার মত পায়খানা করছে এবং বুকের দুধ খেতে চাচ্ছেনা করনিয় কি ? ,O O O B-Age O O O O O B-Symptom I-Symptom I-Symptom I-Symptom O B-Symptom I-Symptom I-Symptom I-Symptom O O O,O O O O O O O O O O O O O O O O O O O O O,Symptom,12.652229389999775,,
amar babyer gato du din thakay thanda jor hoyasay already paracital khowano hoyasay kintu jor saray abar jor assy ki karbo advise me . please . . . age 1 . 5years,O O O O O O B-Symptom I-Symptom O O B-Medicine O O O O O O O O O O O O O O O O O O B-Age I-Age I-Age,O O O O O O O O O O O O O O O O O O O O O O O O O O O O O O O O,Symptom,4.688468030999502,,
"ডাক্তার ভাই কে প্রশ্ন করার জন্য ধন্যবাদ । চর্ম ডাক্তার এর পরামর্শ নিতে হবে । Tab Xyril 10 mg 1 + 0 + 0 , 5 days , ধন্যবাদ । ",O O O O O O O O O O O O O O O B-Medicine I-Medicine I-Medicine I-Medicine B-Dosage I-Dosage I-Dosage I-Dosage I-Dosage O O O O O O,O O O O O O O O O O O O O O O O O O O O O O O O O O O O O O,Medicine,3.166343740999764,,
আসসালামুআলাইকুম ৷ আমার মাথার উপরের দিকে স্কাল্প এ ছোট ফোড়ার মত উঠেছে ৷ হাত দিলে হাল্কা ব্যাথা পাই ৷ এখন ২ দিন ধরে মাথা ব্যাথা ( তীব্র না ) ৷ কোন ঔষুধ খেতে হবে কি ? পরামর্শ চাই ৷ ধন্যবাদ ৷ ,O O O B-Symptom I-Symptom I-Symptom I-Symptom I-Symptom I-Symptom I-Symptom I-Symptom I-Symptom O B-Symptom I-Symptom I-Symptom I-Symptom I-Symptom O O O O O B-Symptom I-Symptom O O O O O O O O O O O O O O O O,O O O O O O O O O O O O O O O O O O O O O O O O O O O O O O O O O O O O O O O O O,Symptom,3.7412026109996077,,
maja bata hoy k kora jay somadhen chi,B-Symptom I-Symptom I-Symptom O O O O O,O O O O O O O O,Symptom,2.012353028999314,,
ধন্যবাদ আপনার প্রশ্নের জন্য । এই এপের মাধ্যমে ভিডিও কনফারেন্সে চিকিৎসকের পরামর্শ নিতে পারেন । ধন্যবাদ,O O O O O O O O O O O O O O O O,O O O O O O O O O O O O O O O O,,12.336247002000164,,
আপনাকে ধন্যবাদ প্রশ্ন করার জন্য । আপনি নিজেকে পরিশ্রান্ত করুন । ব্যায়াম করুন । গভীর রাত পর্যন্ত টিভি দেখবেন না । মেডিটেশন করে দেখতে পারেন । তার পরেও ঘুম না হলে একজন ডাক্তারের পরামর্শ নিতে পারেন । ধন্যবাদ,O O O O O O O O O O O O O O O O O O O O O O O O O O O O O O O O O O O O O O,O O O O O O O O O O O O O O O O O O O O O O O O O O O O O O O O O O O O O O,,3.1359639649999735,,
how can i remove fluconazole ' s side effects ? ,O O O O B-Health_Condition O O O O O,O O O O B-Medicine O O B-Symptom I-Symptom O,Health Condition,1.3667453110001588,,
"আপনাকে ধন্যবাদ প্রশ্ন করার জন্য । রক্তচাপ পরীক্ষা করুন , ওজন নিয়ন্ত্রণে রাখুন । ব্যায়াম করুন , হাঁটার অভ্যাস করুন । ধন্যবাদ । ",O O O O O O O O O O O O O O O O O O O O O O O,O O O O O O O O O O O O O O O O O O O O O O O,,12.506331975000649,,
আমার মেয়ের বয়স ১০ মাস + আজকে হঠাৎ শরীর ও মাথা গরম হয়ে গেছে । জ্বর হওয়ার সম্ভাবনা এমতা অবস্থায় কোন ঔষধ খাওয়ানো যেতে পারে । ,O O O B-Age I-Age I-Age O O B-Symptom I-Symptom I-Symptom I-Symptom O O O B-Symptom O O O O O O O O O O,O O B-Age I-Age I-Age O O O B-Symptom O I-Symptom I-Symptom O O O B-Symptom O O O O O O B-Medicine O O O,Symptom,3.8056493539997973,,
I aam feeling pain on chest pain . what is the probelm,O O O O O B-Symptom I-Symptom O O O O O,O O O B-Symptom O B-Symptom I-Symptom O O O O O,Symptom,32.34277738499986,,
Thank you for your question . Tab . Histacin 4mg 1 + 0 + 1 . Thank you . ,O O O O O O B-Medicine I-Medicine I-Medicine I-Medicine B-Dosage I-Dosage I-Dosage I-Dosage I-Dosage O O O O,O O O O O O O O B-Medicine B-Dosage O O O O O O O O O,Medicine,1.954229332000068,,
Knee Joint এ Osteoarthritis এর ব্যথা কমানোর জন্য কি করা যেতে পারে ? ,B-Symptom I-Symptom I-Symptom I-Symptom I-Symptom I-Symptom O O O O O O O,O O O O O O O O O O O O O,Symptom,17.97646491100022,,
ধন্যবাদ আপনাকে প্রশ্নের জন্য । মাইগ্রেনের সমস্যা আছে ? ,O O O O O O O O O,O O O O O B-Health_Condition O O O,,1.0375079460000052,,
"গত ১ থেকে ২ বসর ধরে আমার কপালে , দুই গালে , নাকে ফোড়া উত্তাসে . এই ফোড়ার কারনে চেহারাই অনেক দাগ বসে গেসে . এখন আমার কি করলে এই ফোড়া এবং দাগ থেকে মুক্তি পাব ? ? ",B-Symptom I-Symptom I-Symptom I-Symptom I-Symptom I-Symptom I-Symptom I-Symptom I-Symptom I-Symptom I-Symptom I-Symptom I-Symptom I-Symptom I-Symptom I-Symptom I-Symptom I-Symptom I-Symptom I-Symptom I-Symptom I-Symptom I-Symptom I-Symptom O O O O O O O O O O O O O O,O O O O O O O O O O O O B-Symptom I-Symptom O O B-Symptom O O O O O O O O O O O O O B-Symptom O B-Symptom O O O O O,Symptom,4.269212582999899,,
কারও এনজিওগ্রামের রিপোর্টে যদি লিখা থাকে Distal LAD has minor plaque burden . আর অন্য সব Normal . এর মানি টা ইটু বলবেন ? ,O B-Medical_Procedure O O O O B-Symptom I-Symptom I-Symptom I-Symptom I-Symptom I-Symptom O O O O O O O O O O O O,O B-Medical_Procedure O O O O B-Health_Condition I-Health_Condition O O O O O O O O O O O O O O O O,Medical Procedure,1.922335240999928,,
আমার ভাগিনার বয়স ১৮ মাস । গতকাল থেকে তার পেট খারাপ । গতকাল থেকে মেট্রিল এবং গ্যাসের ঔষধ হার্বিসল খাইয়েছি । এখন তার পায়খানা আরো পাতলা হয়ে গেসে ৷ ওরস্যালাইন ও খাতে দিসি । আমার প্রশ্ন হলো চিকিৎসা কি ঠিক আছে ? ,O O O B-Age I-Age O O O O B-Symptom I-Symptom O O O B-Medicine O B-Medicine I-Medicine I-Medicine O O O O B-Symptom I-Symptom I-Symptom O O O B-Medicine I-Medicine O O O O O O O O O O O,O O O O O O O O O O O O O O O O O O O O O O O O O O O O O O O O O O O O O O O O O O,Medicine,7.084862386000168,,
আপনাকে ধন্যবাদ প্রশ্ন করার জন্য । আপনি একজন মানসিক রোগ বিশেষজ্ঞ কে দেখান । বেশি ঘুমের ঔষধ খাওয়া মোটেও ভাল কিছুনা । ধন্যবাদ,O O O O O O O O B-Specialist I-Specialist I-Specialist O O O O O O O O O O O O,O O O O O O O O O O O O O O O O O O O O O O O,Specialist,3.356637666000097,,
ডাক্তার ভাইকে প্রশ্ন করার জন্য ধন্যবাদ । আপনি গরম পানি লবণ দিয়ে গার্গল করুন দিনে পাঁচ থেকে ছয় বার । গরম আদা জল খাবেন যতবার পারবেন ততবার । এছাড়া দ্রুত একজন বক্ষব্যাধি বিশেষজ্ঞের পরামর্শ নিন । ধন্যবাদ । ,O O O O O O O O O O O O O O O O O O O O O O O O O O O O O O O B-Specialist I-Specialist O O O O O,O O O O O O O O O O O O O O O O O O O O O O O O O O O O O O B-Specialist I-Specialist O O O O O O,Specialist,5.360230743999637,,
"কিছুদিন যাবৎ আমার ডান পায়ের আঙুলের মাঝে প্রথমে পানি ডোস বের হলে আমি সেটা পানি বের করে চামড়া টা তুলে ফেলি , চুলকানোর কারনে চারপাশে চামড়া ওঠে এখন ঘা মত হয়েছে , শুকাচ্ছে না । আবার পাশের নখে একি রকম হচ্ছে । আমি এখন পযর্ন্ত কোন ঔষধ খাইনি । কিন্তু পরিস্থিতি এখন ভালো মনে হচ্ছে । চামডা ওঠে মাংস বের হয়েছে । প্লিজ আপনার পরামর্শ দিয়ে আমাকে হেল্প করুন",O O O B-Symptom I-Symptom I-Symptom I-Symptom I-Symptom I-Symptom I-Symptom I-Symptom I-Symptom I-Symptom I-Symptom I-Symptom I-Symptom I-Symptom I-Symptom I-Symptom I-Symptom I-Symptom I-Symptom I-Symptom I-Symptom I-Symptom I-Symptom I-Symptom I-Symptom I-Symptom I-Symptom I-Symptom I-Symptom I-Symptom I-Symptom I-Symptom I-Symptom I-Symptom I-Symptom I-Symptom I-Symptom I-Symptom O O O O O O O O O O O O O O O B-Symptom I-Symptom I-Symptom I-Symptom I-Symptom O O O O O O O O,O O O O O O O O O O O O O O O O O O O O O O O O O O O O O O O O O O O O O O O O O O O O O O O O O O O O O O O O O O O O O O O O O O O O O,Symptom,11.1099205849996,,
ডাক্তার ভাইকে প্রশ্ন করার জন্য ধন্যবাদ । মাঝে মাঝে হালকা ব্যথা হতে পারে । অবশ্যই নিয়মিত ANC visit আপনার স্ত্রীকে নিয়ে যাবেন ৷ ধন্যবাদ । ,O O O O O O O O O O O O O O O O O O O O O O O O O,O O O O O O O O O O O O O O O O O O O O O O O O O,,2.481829891000416,,
গত কাল থেকে আমার গলা জ্বালা পোড়া করছে । আমি এখন কি করতে পারি । ,O O O O B-Symptom I-Symptom I-Symptom O O O O O O O O,O O O O B-Symptom I-Symptom I-Symptom O O O O O O O O,Symptom,0.969123715999558,,
আমার সিস্ট আছে ডাক্তার আমাকে Nobesit 500 mg ৩ মাস আর Thyrox সবসময় খেতে বলসে । এখন Nebosit ৩ মাস খাওয়া শেষ কিন্তু ডাক্তার দেখাতে পারছি না । এখন আমি কি Nobesit টা খেয়ে যাবো নাকি খাওয়া অফ করে দিবো ? ? ? ,O B-Health_Condition O O O B-Medicine I-Medicine I-Medicine B-Dosage I-Dosage O B-Medicine O O O O O B-Medicine B-Dosage I-Dosage O O O O O O O O O O O B-Medicine O O O O O O O O O O O,O B-Symptom O B-Specialist O B-Medicine B-Dosage I-Dosage B-Dosage I-Dosage O B-Medicine O O O O O O B-Medicine B-Dosage I-Dosage O O O O B-Specialist O O O O O O O B-Medicine O O O O O O O O O,Medicine,2.2357942789994922,,
"মাসখানেক ধরে আমি এই সমস্যা টি ফেইস করছি । মাঝে মাঝে মনে হয় যেন আমি নৌকায় অথবা সরু কিছুতে দাঁড়িয়ে আছি । ব্যালেন্স হীন মনে হয় শরীর । ভূমিকম্প হলে যেরকম টা ফিল হয় , সেরকম । মনে হয় ঘুরে পরে যাব । শরীর দূর্বল না । কিন্তু এই সমস্যা ফেইস করছি কেনো বুঝতে পারছিনা । দয়া করে পরামর্শ দিবেন । এটা কি কোনো নিউরোলজিকাল সমস্যা কিনা ! ",O O O O O O O O O O O O O O O O O O O O O O B-Symptom I-Symptom I-Symptom I-Symptom I-Symptom O O O O O O O O O O O O B-Symptom I-Symptom I-Symptom O B-Symptom I-Symptom O O O O O O O O O O O O O O O O O O O O O O O,O O O O B-Symptom I-Symptom O O O O O O O O O O O O O O O O O O O O O O O O O O O O O O O O O O O O O O O O O O O O O O O O O O O O O O O O O O O O O O,Symptom,8.823697488999642,,
আপনাকে ধন্যবাদ প্রশ্ন করার জন্য । হ্যা যাবে । দুইটা ঔষদ এক সাথে খেলে কোনো সমস্যা হবে না । ধন্যবাদ । ,O O O O O O O O O O O O O O O O O O O O O,O O O O O O O O O O O O O O O O O O O O O,,2.8754384069998196,,
ডাক্তার ভাইতে প্রশ্ন করার জন্যে আপনাকে ধন্যবাদ । মাথা ব্যাথার জন্যে আপনি ভরা পেটে Tab - Napa Extra খেতে পারেন একটা করে প্রয়োজন মত । পায়ের গোড়ালি ব্যাথার জন্যে প্রথমত আপনি নরম জুতা পরিধান করবেন । ব্যাথা হলে Tab - Flexi 100 mg 1 + 0 + 1 ভরা পেটে এভাবে খেতে পারেন . . . সাথে অবশ্যই গ্যাসের ঔষধ খাবেন । ,O O O O O O O O O O O O O O B-Medicine I-Medicine I-Medicine I-Medicine O O O O O O O O O O O O O O O O O O O O B-Medicine I-Medicine I-Medicine I-Medicine I-Medicine B-Dosage I-Dosage I-Dosage I-Dosage I-Dosage O O O O O O O O O O B-Medicine I-Medicine O O,O O O O O O O O O O O O O O O O O O O O O O O O O O O O O O O O O O O O O O O O O O O O O O O O O O O O O O O O O O O O O O,Medicine,4.99558849099958,,
আপনাকে ধন্যবাদ প্রশ্ন করার জন্য । এক ফাইল খেলে অসুবিধা হবে না । দুশ্চিন্তা করবেন না । ধন্যবাদ । ,O O O O O O O O O O O O O O O O O O O,O O O O O O O O O O O O O O O O O O O,,0.6976586600003429,,
আমার জ্বর সর্দি মাথাব্যথা কোন কিছু নাই । কিন্তু গলা থেকে হালকা হালকা কাশ । তবে গলা ব্যাথা নেই । ,O B-Symptom B-Symptom B-Symptom O O O O O B-Symptom I-Symptom I-Symptom I-Symptom I-Symptom O O B-Symptom I-Symptom O O,O O O O O O O O O O O O O O O O O O O O,Symptom,2.7330783039997186,,
আপনাকে ধন্যবাদ প্রশ্ন করার জন্য । ইউনানি ঔষধ এর ব্যপারে আপনাকে কোনো পরামর্শ দেয়া কঠিন । কারন ইউনানি ঔষধ সম্বন্ধে আমার জানা নাই । তবে একসাথে না খাওয়াই ভাল । ধন্যবাদ,O O O O O O B-Medicine I-Medicine O O O O O O O O O B-Medicine I-Medicine O O O O O O O O O O O O,O O O O O O B-Medicine I-Medicine O O O O O O O O O B-Medicine I-Medicine O O O O O O O O O O O O,Medicine,2.2062886700005038,,
৫ দিন পূর্বে হটাৎ কানে ছোট একটি চ্যালা ঢুকে । শরিষার তেল কানে দিলে চ্যালাটি বাহির হয়ে যায় । ২ দিন ভালই ছিল । ২ দিন পর থেকে আজ ৩ দিন যাবত কানে প্রচুর ব্যাথা । নাপা ট্যাবলেট এবং প্রোসেফ ৫০০মি . গ্রা . খাওয়ানো হয়েছে । কোন ফল পাওয়া যায় নাই । এখন কি করনীয় । দয়া করে সুপরার্শ দিলে উপকৃত হব । বয়স ৩৫ বছর । ,O O O O B-Health_Condition I-Health_Condition I-Health_Condition I-Health_Condition I-Health_Condition O O O O O O O O O O O O O O O O O O O O O O O B-Symptom I-Symptom I-Symptom O B-Medicine I-Medicine O B-Medicine I-Medicine I-Medicine I-Medicine I-Medicine O O O O O O O O O O O O O O O O O O O O O B-Age I-Age O,O O O O O O O B-Symptom O O B-Medicine O O O O O O O O B-Age O O O O O B-Age O O O O O O O O O B-Symptom O B-Medicine O O B-Medicine I-Medicine O O O O O O O O O O O O O O O O O O O O O O O O O O,Medicine,8.645301454000219,,
ডাক্তার ভাইকে প্রশ্ন করার জন্য ধন্যবাদ । আপনার উচ্চ রক্তচাপের সমস্যা আছে কিনা জানান নাই । সুতরাং ব্যথার স্থানে গরম সেক নিতে পারেন । ব্যথা বেশি অনুভব হলে Tab Flexi 100 mg একটি করে ট্যাবলেট দুইবেলা তিন দিন খেতে পারেন । ধন্যবাদ,O O O O O O O O B-Health_Condition I-Health_Condition I-Health_Condition I-Health_Condition O O O O O O O O O O O O O O O O B-Medicine I-Medicine I-Medicine I-Medicine B-Dosage I-Dosage I-Dosage I-Dosage I-Dosage I-Dosage O O O O,O O O O O O O O O O O O O O O O O O O O O O O O O O O O O O O O O O O O O O O O O O,Health Condition,11.842931805999797,,
Thanks for questioning daktarbhai . Tab . Napa 500mg 1 + 1 + 1 + 1 for 3 days . eteo na thik hole amader shathe Abar jogajog korben . Thanks,O O O O O B-Medicine I-Medicine I-Medicine I-Medicine B-Dosage I-Dosage I-Dosage I-Dosage I-Dosage I-Dosage I-Dosage I-Dosage I-Dosage I-Dosage O O O O O O O O O O O O,O O O B-Specialist O O O B-Medicine B-Dosage O O O O O O B-Age I-Age O O O O O O O O O O O O O O,Medicine,1.2035188480003853,,
"আপনাকে ধন্যবাদ প্রশ্ন করার জন্য । আপনি পানি বেশি করে পান করুন , রাতে ঠিকমত ঘুমান । মুখের দাগের জন্য একজন চর্ম ডাক্তারের পরামর্শ নিন । ধন্যবাদ",O O O O O O O O O O O O O O O O O O O O O B-Specialist I-Specialist O O O O,O O O O O O O O O O O O O O O O O O O O O O O O O O O,Specialist,5.289231480000126,,
"আমার স্ত্রীর ডান‌ ব্রেস্টটি‌ গতকাল থেকে চাকা বেধে ব্যথা করতেছে এবং আমার স্ত্রীর গায়ে একশ জ্বর আছে অন্য কোন উপসর্গ‌ নেই , 15 দিন আগে এই ব্রেষ্টের অন্য সাইট দিয়ে ব্যথা করেছিল তখনও হালকা জর ছিল , নাপা খাওয়ার পরে কমে গেছে । আমাদের এক বছর ২ মাস বয়সী একটা ছেলে আছে সে বুকের দুধ খায় , পরামর্শ চাচ্ছি কি করবো ? ? কাল রাতে নাপা খেয়েছে । ",O O B-Symptom I-Symptom I-Symptom I-Symptom I-Symptom I-Symptom I-Symptom O O O O O B-Symptom I-Symptom O O O O O O O O O O B-Symptom I-Symptom I-Symptom I-Symptom I-Symptom O O O B-Symptom O O B-Medicine O O O O O O B-Age I-Age I-Age I-Age O O O O O O O O O O O O O O O O O B-Medicine O O,O O B-Symptom I-Symptom O O B-Symptom I-Symptom I-Symptom I-Symptom O O O O B-Symptom I-Symptom O O O O O O B-Age I-Age O O O O O O B-Symptom I-Symptom O O B-Symptom I-Symptom O O B-Medicine O O O O O O O B-Age I-Age I-Age I-Age O O O O O O O O O O O O O O O O O O,Symptom,3.1559443920004924,,
obecol 5mg kiser oshudh r ki kaj kore ? ? ? ? ? ? ,B-Medicine I-Medicine O O O O O O O O O O O O,O B-Dosage O O O O O O O O O O O O,Medicine,1.158242995999899,,
"আমার ভাইয়ের বয়স ২৬ . নিচের উপসর্গগুলো দেখা দিচ্ছে - উপসর্গঃ # শরীরে দূর্বলতা আছে । # মাথাব্যথা হালকা আছে । # গলা শুকিয়ে যায় । # ঘ্রানশক্তি একদমই নাই । # সর্দি নাই কাশি আছে , তবে শুকনো কাশি । # বুক ভিতরে গরম হয়ে যায় , বাহিরে ঠান্ডা । করোনা সন্দেহ করছে । আপনার মতামত এবং পরামর্শ আশা করছি",O O B-Age I-Age O O O O O O O O B-Symptom I-Symptom I-Symptom O O B-Symptom I-Symptom I-Symptom O O B-Symptom I-Symptom I-Symptom O O B-Symptom I-Symptom I-Symptom O O B-Symptom I-Symptom I-Symptom I-Symptom O O B-Symptom I-Symptom I-Symptom O B-Symptom I-Symptom I-Symptom I-Symptom I-Symptom O B-Symptom I-Symptom O B-Health_Condition O O O O O O O O O,O O B-Age I-Age O O B-Symptom I-Symptom O O O O O O O B-Symptom I-Symptom O O O O O O O O O O O O O B-Symptom I-Symptom O O O O O O O B-Symptom I-Symptom O O O O O O O O O O B-Health_Condition O O O O O O O O O,Symptom,5.8647877670000526,,
"ডাক্তার ভাই কে প্রশ্ন করার জন্য ধন্যবাদ এই অবস্হায় সরাসরি না দেখে এবং পরীক্ষা না করে কিছু বলা ঠিক হবেনা , আপাতত Syrup Avolac খেতে পারেন আপনি একজন Surgery Specialist এর পরামর্শ নিন ধন্যবাদ",O O O O O O O O O O O O O O O O O O O O O O B-Medicine I-Medicine O O O O B-Specialist I-Specialist O O O O,O O O O O O O O O O O O O O O O O O O O O O B-Medicine I-Medicine O O O O O B-Medical_Procedure I-Medical_Procedure O O O,Medicine,2.230278924999766,,
ডাক্তার ভাই ‌কে প্রশ্ন করার জন্য ধন্যবাদ । আপনি একজন ভালো মানসিক রোগ এর চিকিৎসক কে দেখিয়ে Counseling করিয়ে নিন আপনারwife এর । ধন্যবাদ,O O O O O O O O O O O B-Specialist I-Specialist I-Specialist I-Specialist O O O O O O O O O,O O O O O O O O O O O O O O O O O O O O O O O O,Specialist,2.268233220000184,,
ডাক্তারকে ভাইকে প্রশ্ন করার জন্য ধন্যবাদ । Tab Neuro B দুই বেলা খাবেন 15 দিন । এছাড়া একজন অর্থোপেডিক্স ডাক্তারের পরামর্শ নিন । ধন্যবাদ,O O O O O O O B-Medicine I-Medicine I-Medicine B-Dosage I-Dosage O O O O O O B-Specialist O O O O O,O O O O O O O O B-Specialist I-Specialist O B-Dosage I-Dosage O B-Dosage I-Dosage O O O B-Specialist I-Specialist O O O,Medicine,3.0779633960000865,,
আমার স্ত্রী ৪মাসের pregnant প্রায় এক সপ্তাহ ধরে তার টয়লেট হচ্ছেনা যা একটু হচ্ছে খুব কষা পরামর্শ চাই,O O O B-Health_Condition O O O O O B-Symptom I-Symptom O O O B-Symptom I-Symptom O O,O O O O O O O O O O O O O O O O O O,Symptom,2.742285948999779,,
নাম - কেয়া পাল বয়স - ২০ আমি ২২ সপ্তাহের গর্ভবতী । আমার বেবির গত কিছু দিন ধরে নাড়াচাড়া করছে । কিন্তু আজ সকালে একবার নাড়াচাড়া করছে এরপর আর নাড়াচাড়া করে নি । বুঝতে পারছি না কি হয়েছে । পরামর্শ দিয়ে সাহায্য করুন । ,O O O O B-Age I-Age I-Age O B-Health_Condition I-Health_Condition I-Health_Condition O O B-Symptom I-Symptom I-Symptom I-Symptom I-Symptom I-Symptom I-Symptom O O B-Symptom I-Symptom I-Symptom I-Symptom I-Symptom I-Symptom I-Symptom I-Symptom I-Symptom I-Symptom O O O O O O O O O O O O,O O O O O O O B-Age O I-Age B-Health_Condition O O O O O O O O O O O O O O O O O O O O O O O O O O O O O O O O O,Symptom,6.2673858970001675,,
amar wife sara din onek kag kre . . . rat hoilai matha r payer gorali batha kre . . . akn hospital a niye jabo . se obosthaw to nai . . akn kno oushud ace ki je ta kawyaile . . apadoto o susto fell krbe . . . upay ta aktu bolben,O O O O O O O O O O O O B-Symptom I-Symptom I-Symptom I-Symptom I-Symptom I-Symptom O O O O O O O O O O O O O O O O O O O O O O O O O O O O O O O O O O O O O,O O O O O O O O O O O B-Symptom O B-Symptom I-Symptom I-Symptom O O O O O O O O O O O O O O O O O O O O O O O O O O O O O O O O O O O O O O O,Symptom,4.631014661000336,,
আপনাকে ধন্যবাদ প্রশ্ন করার জন্য । আপনি মুখ পরিষ্কার রাখুন । ঘূম ঠিক মত হতে হবে । একজন চর্ম রোগের ডাক্তার কে দেখিয়ে নিন । ধন্যবাদ,O O O O O O O O O O O O O O O O O O B-Specialist I-Specialist I-Specialist O O O O O,O O O O O O O O O O O O O O O O O O O O O O O O O O,Specialist,4.3850996390001455,,
আপনাকে ধন্যবাদ প্রশ্ন করার জন্য । আপনার সমস্যা প্রাথমিক চিকিৎসা তে যাবে না । একজন ভাল নাক কান গলা বিশেষজ্ঞ কে দেখান । ধন্যবাদ । ,O O O O O O O O O O O O O O O O B-Specialist I-Specialist I-Specialist I-Specialist O O O O O,O O O O O O O O O O O O O O O O B-Specialist I-Specialist I-Specialist I-Specialist O O O O O,Specialist,1.658130759999949,,
"আমার স্ত্রীর বয়স 43 বৎসর । গতকাল বিকালে থেকে ২০ / ৩০মিনিট পর পর পেট ব্যথা , পাতলা পায়খানা অল্প অল্প পরিমাণ । ডায়াবেটিকস আছে । ঔষধ / পরামর্শ । ",O O B-Age I-Age I-Age O O O O O O O O O B-Symptom I-Symptom O B-Symptom I-Symptom O O O O B-Health_Condition O O O O O O,O O O O O O O O O O O O O O O O O O O O O O O O O O O O O O,Symptom,3.741240679999464,,
"স্যার , শুভেচ্ছা নিবেন । আমার বয়স ৪৭ . আমার এলার্জির সমস্যা আছে পূর্বে ডাঃ দেখালে আমাকে ওরাডিন , লিভক্সিং ৫০০মিগ্রা এবং মাথায় ব্যবহার এর জন্য নিডাজল শ্যাম্পু দিয়েছিলেন , এর পর আবার ২ / ৩ বছর পর এলার্জি দেখা দিলে আর একজন ডাঃ আমাকে লিভক্সিং ৭৫০ মিগ্রা এবং রুপা ওষুধ দেন । এখন আমি আবার এলার্জি আক্রান্ত আমার মাথায় বিচি বিচি চুলকালে রস আসে গালে এবং গায়ে এলার্জি , চিকিৎসা চাই । ধন্যবাদ । ",O O O O O O B-Age I-Age O O B-Health_Condition I-Health_Condition O O O O O B-Medicine O B-Medicine I-Medicine O O O O O B-Medicine I-Medicine O O O O O O O O O O O O O O O O O B-Medicine I-Medicine I-Medicine O B-Medicine O O O O O O O O O B-Symptom I-Symptom I-Symptom B-Symptom I-Symptom I-Symptom I-Symptom O B-Symptom I-Symptom O O O O O O,O O O O O O O O O O O O O O O O O O O O O O O O O O O O O O O O O O O O O O O O O O O O O O O O O O O O O O O O O O O O O O O O O O O O O O O O O O O,Medicine,5.449363399000504,,
ডাক্তার ভাইকে প্রশ্ন করার জন্য ধন্যবাদ । আপনি দ্রুত গাইনোকোলজিস্ট এর পরামর্শ নিন । ধন্যবাদ,O O O O O O O O O B-Specialist O O O O O,O O O O O O O O O B-Specialist O O O O O,Specialist,1.5064345139999205,,
"ডাক্তার ভাই এর সাথে থাকার জন্য আপনাকে ধন্যবাদ । এটি কোনো মেডিসিন পণ্য নয় তাই এর ব্যবহার আপনার নিজের দায়িত্বে । ব্যাক্তিবিশেষে কিছু সাইড ইফেক্ট থাকতে পারে , এছাড়া ভেজাল পন্য এলার্জি , চামড়ায় র‍্যাশ , চুলকানি ইত্যাদি সমস্যা সৃষ্টি করতে পারে । Dr < NAME > Mbbs ( DU ) ",O O O O O O O O O O O O O O O O O O O O O O O O O O O O O O O B-Symptom O B-Symptom I-Symptom O B-Symptom O O O O O O O O O O O O O O,O O O O O O O O O O O O O O O O O O O O O O O O O O O O O O O O O O O O O O O O O O O O O O O O O O O,Symptom,11.007448615000612,,
আপনাকে ধন্যবাদ প্রশ্ন করার জন্য । আপনি বাচ্চাকে সিরাপ প্যারাসিটামল খাওয়াতে পারেন । একচামচ করে দিনে দুই তিনবার । কুসুম গরম পানি দিয়ে শরীর মুছে দিবেন । জ্বর তিন দিনের বেশি হলে একজন শিশু ডাক্তারের পরামর্শ নিন । ধন্যবাদ,O O O O O O O O B-Medicine I-Medicine O O O B-Dosage O B-Dosage I-Dosage I-Dosage O O O O O O O O O O O O O O O B-Specialist I-Specialist O O O O,O O O O O O O O O O O O O O O O O O O O O O O O O O O O O O O O O O O O O O O,Dosage,10.44834322999941,,
How many sleeping pills can painless death ? ,O O B-Medicine I-Medicine O O O O,O O B-Medicine I-Medicine O O O O,Medicine,10.02161870800046,,
"ডাক্তার ভাইকে প্রশ্ন করার জন্য ধন্যবাদ । Tab Fexo 120 , 1 + 0 + 1 , . 5 days . ধন্যবাদ",O O O O O O O B-Medicine I-Medicine I-Medicine O B-Dosage I-Dosage I-Dosage I-Dosage I-Dosage O O O O O O,O O O O O O O O B-Medicine B-Dosage O B-Dosage O B-Dosage O B-Dosage O B-Dosage I-Dosage O O O,Medicine,2.1363421980004205,,
ফাইজারের ৩য় ডোজ টিকা নানিলে কী কোন সমস্যা,B-Medicine O O O O O O O,O O O O O O O O,Medicine,1.6947008090000963,,
"স্যার , আমার ইস্তির ২৪ / ০৬ / ২০১৮ মাসিক হোইসিল তো এই মাসে ২৪ / ০৭ / ২০১৮ হয়ার কথা কিন্তু হচ্ছে না । এর ভিতর আমি এই মসে ১৮ তারিখে সহবার করি কোন কিছু না ব্যাবহার করে । কি করবো",O O B-Symptom I-Symptom I-Symptom I-Symptom I-Symptom I-Symptom I-Symptom I-Symptom I-Symptom I-Symptom I-Symptom I-Symptom I-Symptom I-Symptom I-Symptom I-Symptom I-Symptom I-Symptom I-Symptom I-Symptom I-Symptom I-Symptom O O O O O O O O O O O O O O O O O O,O O O O O O O O O O O O O O O O O O O O O O O O O O O O O O O O O O O O O O O O O O,Symptom,2.248254887999792,,
"আসসালামু আলাইকুম আমার ৪ দিন আগে রাতে জ্বর উঠেছিল ১০২ ডিগ্রি , আমি নাপা খেয়েছি , তারপর দিনে আর জ্বর উঠেনি কিন্তু রাতে আবার আসতো , কিন্তু এখন , আর জ্বর নাই কিন্তু টনসিলের ব্যাথা হচ্ছে , কিছু খেতে কস্ট হচ্ছে এখন কি করব , বললে উপকৃত হতাম",O O O O O O O B-Symptom I-Symptom I-Symptom I-Symptom O O B-Medicine O O O O O B-Symptom O O O O O O O O O O B-Symptom O O B-Symptom I-Symptom O O O B-Symptom I-Symptom I-Symptom O O O O O O O,O O O O O O O O O O O O O O O O O O O O O O O O O O O O O O O O O O O O O O O O O O O O O O O O,Symptom,3.7526879659999395,,
ডাক্তার ভাইতে প্রশ্ন করার জন্যে আপনাকে ধন্যবাদ । syp - tofen ১ / ৪ চামচ সকাল ও রাতে দিতে পারেন । syp - ambrox ১ / ৪ চামচ সকাল ও রাতে দিতে পারেন । কাশি ও ঠান্ডা থাকা পর্যন্ত । তবে ছোট বাবুদের ডাক্তার দেখিয়ে ঔষধ খাওয়ানো উচিত । সম্ভব হলে কোনো শিশু বিশেষজ্ঞ চিকিৎসক এর পরামর্শ নিন । ,O O O O O O O O B-Medicine I-Medicine I-Medicine B-Dosage I-Dosage I-Dosage I-Dosage O O O O O O B-Medicine I-Medicine I-Medicine B-Dosage I-Dosage I-Dosage I-Dosage O O O O O O B-Symptom O B-Symptom O O O O O O O O O O O O O O O B-Specialist I-Specialist O O O O O,O O O O O O O O B-Medicine I-Medicine B-Dosage I-Dosage I-Dosage I-Dosage I-Dosage I-Dosage I-Dosage O O O O O B-Medicine I-Medicine B-Dosage I-Dosage I-Dosage I-Dosage I-Dosage I-Dosage I-Dosage O O O B-Symptom O B-Symptom O O O O O O O O O O O O O O O O O O O B-Specialist I-Specialist O,Medicine,3.7426682619998246,,
sir ekbar Amar pani theke ki Jani ekta jibano chokhe duksilo tarpor chok lal hoye thakto Dhaka ispahani eye hospital dekhaisilam Dr . bolsilo Oni amk Drylief ekta jibanomukto eye drop dey ekhon ajk koyek din Dore Dan chokta ektu lal thake Ami ki ei drop ta use korte pare obosso Dr . bolsilo eta safe drop kono khoti korena besi use korleo Drylief ( Carboxymethylcellulose,O O O B-Health_Condition I-Health_Condition I-Health_Condition I-Health_Condition I-Health_Condition I-Health_Condition I-Health_Condition I-Health_Condition O B-Symptom I-Symptom O O O O O O O O O O O O B-Medicine O O B-Medicine I-Medicine O O O O O O B-Symptom I-Symptom I-Symptom I-Symptom O O O O O O O O O O O O O O O O O O O O O O B-Medicine O B-Medicine,O O O O O O O O O O O O O O O O O O O O O O O O O O O O O O O O O O O O O O O O O O O O O O O O O O O O O O O O O O O O O O O O O O,Medicine,5.168187743999624,,
"আচ্ছালামুআলাইকূম ! আমার স্ত্রী বয়স 33 . গত 1 মাস থেকে বিরতি দিয়ে 2 / 3 বার বাম ব্রেষ্টে ব্যথা হচ্ছে । মাঝে মাঝে ছোট চাকা পিন্ড অনূভূত হয় , অনেক সময় সারা শরীর ব্যথা করছে , মাঝে মাঝে হালকা জ্বর ( 99 , 5 ) দেখা যায় , প্যারাসিটামল খেলে ব্যথা সামান্যই কমে । কি ধরণের সমস্যা হতে পারে , নিরাময় কি ? আপনার আন্তরিক পরামর্শ কামনা করছি ! ",O O O O O B-Age O O B-Symptom I-Symptom I-Symptom I-Symptom I-Symptom I-Symptom I-Symptom I-Symptom I-Symptom I-Symptom I-Symptom I-Symptom O O O O B-Symptom I-Symptom I-Symptom O O O O O B-Symptom I-Symptom I-Symptom O O O O B-Symptom I-Symptom O O O O O O O O B-Medicine O O O O O O O O O O O O O O O O O O O O,O O O O B-Age I-Age O B-Age I-Age O O O O O O O B-Symptom I-Symptom I-Symptom O O O O O B-Symptom I-Symptom I-Symptom O O O O O O O B-Symptom I-Symptom O O O O O B-Symptom I-Symptom O O O O O O O O O O O O B-Medicine O B-Symptom O O O O O O O O O O O O,Symptom,54.77720432099977,,
ডাক্তার ভাইতে প্রশ্ন করার জন্যে আপনাকে ধন্যবাদ । h + খাওয়াবেন সাথে tab - zimax 500 mg 1 + 0 + 0 ৫ দিন খাওয়াবেন । cap - seclo 20 mg 1 + 0 + 1 খাবার আগে খাওয়াবেন ৫ দিন । ,O O O O O O O O B-Medicine I-Medicine O O B-Medicine I-Medicine I-Medicine I-Medicine I-Medicine B-Dosage I-Dosage I-Dosage I-Dosage I-Dosage O O O O B-Medicine I-Medicine I-Medicine I-Medicine I-Medicine B-Dosage I-Dosage I-Dosage I-Dosage I-Dosage I-Dosage I-Dosage O O O O,O O O O O O O O O O O O B-Medicine B-Dosage I-Dosage O O O O B-Dosage I-Dosage O O B-Medicine B-Dosage I-Dosage O O O O O O B-Dosage I-Dosage O O O O O O O O,Medicine,2.4520576230006554,,
"My son , 11 years old having fever and coughing from last night . What medicine to give . Pls advise . ",O O O B-Age O O B-Symptom I-Symptom I-Symptom I-Symptom O O O O O O O O O O O O,O O O B-Age I-Age O O B-Symptom O B-Symptom O O O O O O B-Medicine O O O O O,Age,4.1350300320000315,,
"প্রিয় ডাক্তার ভাইয়া স্লামালাইকুম , গত পরশু রাত্রে পায়খানা করার সময় পায়খানার সাথে কিছু রক্ত বের হয় , আবার এক দিন পর আজ রাতে পায়খানা করার সময় অল্পকিছু রক্ত বের হয়েছে , এছাড়া কোন ব্যথা বা অন্য কোন সমস্যা হচ্ছে না । বুঝতে পারছি না এটা কিসের সমস্যা এবং এর সমাধান কি । আশা রাখি সঠিক পরামর্শ পাব । আপনাকে ধন্যবাদ । ",O O O O O O O O O O O B-Symptom I-Symptom I-Symptom I-Symptom O O O O O O O O O B-Symptom I-Symptom I-Symptom I-Symptom I-Symptom O O O O O O O O O O O O O O O O O O O O O O O O O O O O O O O O O,O B-Specialist O O O O O O O O O O O O B-Symptom O O O O O O O O O O O O O B-Symptom O O O O O O O O O O O O O O O O O O O O O O O O O O O O O O O O O,Symptom,19.00388213399947,,
"আপনাকে ধন্যবাদ প্রশ্ন করার জন্য । আপনি ব্যায়াম করুন । প্রতিদিন হাটুন আধা ঘন্টা করে । চিনি , আলু , মিষ্টি খাবেন না । দুশ্চিন্তা করবেন না । ঘুম ঠিকমত হতে হবে । নিজেকে এক্টিভ রাখুন । ধন্যবাদ",O O O O O O O O O O O O O O O O O O O O O O O O O O O O O O O O O O O O O O,O O O O O O O O O O O O O O O O O O O O O O O O O O O O O O O O O O O O O O,,3.3531465390005906,,
"Novophane anti hair loss lotion ব্যাবহার করার আগে বা পরে চুলে তেল ব্যবহার করা যাবে ? ? এই লোশন ব্যবহারকালে চুলে নারিকেল তেল , অলিভ অয়েল বা অন্য কোন তেল ব্যবহার করলে কি সমস্যা হবে ? ",B-Medicine I-Medicine I-Medicine I-Medicine I-Medicine O O O O O O O O O O O O O O O O O O O O O O O O O O O O O O O,O O O O O O O O O O O O O O O O O O O O O O O O O O O O O O O O O O O O,Medicine,23.21880162099933,,
আমি ৬ সপ্তাহের গর্ভবতী । আজকে সকাল ও রাতে আমার যোনিপথে হাল্কা খয়রি রঙের রক্ত আসছে । পরিমানে খুবই কম । আমার কোন পেটে ব্যাথা বা অনন্য কোন উপসর্গ নাই । আমার প্রথম বাচ্চা এইটা । আমার এখন কি করা উচিত ? এটা কি স্বাভাবিক নাকি ভয়ের কিছু আছে ? ,O O O O O O O O O O B-Symptom I-Symptom I-Symptom I-Symptom I-Symptom O O O O O O O O O O O O O O O O O O O O O O O O O O O O O O O O O O O,O B-Age I-Age B-Health_Condition O O O O O O B-Symptom I-Symptom I-Symptom I-Symptom I-Symptom O O O O O O O B-Symptom I-Symptom O O O O O O O O O O O O O O O O O O O O O O O O O O,Symptom,4.343747990999873,,
আপনাকে ধন্যবাদ প্রশ্ন করার জন্য । জিনক সিরাপ খাওয়াতে পারেন । খাওয়ার পরে বাচ্চাকে বসিয়ে পেট থেকে গ্যাস বের করে দিবেন । প্রয়োজন এ একজন শিয়াহু বিশেষজ্ঞ কে দেখিয়ে নিন । ধন্যবাদ । ,O O O O O O B-Medicine I-Medicine O O O O O O O O O O O O O O O O O B-Specialist I-Specialist O O O O O O,O O O O O O O O O O O O O O O O O O O O O O O O O O O O O O O O O,Medicine,2.7880099510002765,,
"স্যার , আমার ছেলের বয়স আজকে ১৯ দিন হয় , গতকাল সন্ধা ৬টা থেকে সকাল ৬টা পর্যন্ত কোন প্রস্রাব করেনি , এই নিয়ে খুব দুশ্চিন্তায় আছি , এই সমস্যার সমাধান কি ? ",O O O O O O B-Age I-Age O O O O O O O O O O B-Symptom I-Symptom O O O O O O O O O O O O,O O O O O O O O O O O O O O O O O O O O O O O O O O O O O O O O,Age,7.522855144999994,,
ডাক্তার ভাইকে প্রশ্ন করার জন্য ধন্যবাদ । বাচ্চাকে বুকের দুধ খাওয়াবেন বেশি করে সাথে প্রত্যেকবার বাথরুম করার পরে ১০ - ১২ চামচ ওর স্যালাইন খাওয়ান । ধন্যবাদ,O O O O O O O O O O O O O O O O O O B-Dosage I-Dosage I-Dosage I-Dosage B-Medicine I-Medicine O O O,O O O O O O O O O O O O O O O O O O O O O O O O O O O,Dosage,2.9440453399993203,,
১ । বাচ্চা নেওয়ার জন্য কখন মিলন করতে হয় ? ২ । পিড়িয়ডের পর কখন জরায়ুর মুখ খুলে ? ,O O O O O O O O O O O O O O O O O O O,O O O O O O O O O O O O O O O O O O O,,1.9728570729994317,,
"ডাক্তার ভাই ‌কে প্রশ্ন করার জন্য ধন্যবাদ । সেলাইন পানি পান করবেন প্রতিদিন দুপুরে ১ প্যাকেট ৫ দিন , Tab . Rivotril 0 . 5 mg 0 + 9 + 1 for 7 days . খেয়ে ভালো না হলে কোন ভাল সাইকিয়াট্রিস্ট এর পরামর্শ নিন ধন্যবাদ । ",O O O O O O O O O O O O O O O O O O O B-Medicine I-Medicine I-Medicine I-Medicine I-Medicine I-Medicine I-Medicine B-Dosage I-Dosage I-Dosage I-Dosage I-Dosage I-Dosage I-Dosage I-Dosage O O O O O O O B-Specialist O O O O O,O O O O O O O O B-Medical_Procedure I-Medical_Procedure O O O B-Dosage B-Dosage I-Dosage B-Dosage I-Dosage O O B-Medicine O B-Dosage I-Dosage O O O O O O O O O O O B-Specialist O O O O O O O O O O O,Medicine,4.40047023399984,,
"ভাই / আপা আসসালামু আলাউকুম । আমার বয়স ৩০ । আমার আজ সকালে বমি বমি ভাব ছিলো । বড় কৃমির উপদ্রব আছে , এক মাস হলো গুরা কৃমির ঔষদ খেয়ছি । দুপুরে টয়লেটে মলের সাথে হঠাৎ রক্ত যাচ্ছে দেখে চিন্তিত । এ অবস্থায় আপনাদের পরামর্শ আমার বেশ উপকার হবে । ধন্যবাদ । ",O O O O O O O O B-Age O O O B-Symptom I-Symptom I-Symptom I-Symptom O O B-Health_Condition I-Health_Condition I-Health_Condition I-Health_Condition O O O O O O O O O B-Symptom I-Symptom I-Symptom I-Symptom I-Symptom I-Symptom I-Symptom O O O O O O O O O O O O O O,O O O O O O O O O O O O O O O O O O O O O O O O O O O O O O O O O O O O O O O O O O O O O O O O O O O O,Symptom,30.571918677999747,,
আমার একজন relative ছিল । । । উনি গত ২৮জানুয়ারি মারা যায় । । । আর ওনার মারা যাওয়া আমি নিজের চোখে দেখায় এখন আমার মনে হয় আমিও ওনার মতো মারা যাব । । । আর আমার মাঝে মাঝে মনে হয় আমার ওনার মতো লক্ষন দেখা দিচ্ছে । । । আমার মাঝে মাঝে মনে হয় আমার নিঃশ্বাস আটকে আসছে । । । । আর আমার সন্দেহ আর রাগ হয় অনেক । । । কোনকিছু normally নিতে পারি না,O O O O O O O O O O O O O O O O O O O O O O O O O O O O O O O O O O O O O O O O O O O O O O O O O O O O O O O O B-Symptom I-Symptom I-Symptom O O O O O O O O O O O O O O O O O O O,O O O O O O O O O O O O O O O O O O O O O O O O O O O O O O O O O O O O O O O O O O O O O O O O O O O O O O O O O O O O O O O O O O O O O O O O O O O O O O,Symptom,12.083049902000312,,
Amar bam giray prochor betha more wowshod khai join guard tablet thoi sapta chalche betha kome nai Ami akhon ki kor . bo,O B-Symptom I-Symptom I-Symptom I-Symptom O O O O O O O O O B-Symptom O O O O O O O O,O O O B-Symptom I-Symptom O O O O O B-Medicine O O O B-Symptom O O O O O O O O,Symptom,1.6292231979996359,,
ডাক্তার ভাই কে প্রশ্ন করার জন্য ধন্যবাদ । আপনি ২ কানেে ২ / ৩ফোটা করে সরিষার তেল দিন । এছারা নাক কান গলা বিশেষজ্ঞের পরামর্শ নিন । ,O O O O O O O O O O O O O O O O O O O O O O B-Specialist I-Specialist O O O,O O O O O O O O O O O O O O O O O O O O O O O O O O O,Specialist,3.1066612029999305,,
"তিন চার দিন ধরে আমার বা চোখে অস্বস্তি হচ্ছে , চুলকাচ্ছে এবং লাল হয়ে যাচ্ছে চুলকানির ফলে । পানিও পড়ছে একই সাথে । সব সময় না । দিনে কয়েকবার । ব্যাথা নেই । এই মূহুর্তে কী করণীয় ? ",B-Symptom I-Symptom I-Symptom I-Symptom I-Symptom I-Symptom I-Symptom I-Symptom I-Symptom I-Symptom I-Symptom I-Symptom I-Symptom I-Symptom I-Symptom I-Symptom I-Symptom I-Symptom I-Symptom I-Symptom I-Symptom I-Symptom O O O O O O O O O O O O O O O O,O O O O O O O O O O O O O O O O O O O O O O O O O O O O O O O O O O O O O O,Symptom,2.2314907869995295,,
"Thank you for your question . Yes , but better wait till 4 months , not necessary , You have to be careful , If there is any discomfort ( i . e . Pain , Bleeding etc . ) before , during & after intercourse you should immediately see a Doctor , Also there is a chance of miscarriage . Thank you . ",O O O O O O O O O O O O O O O O O O O O O O O O O O O O O O O O O O O O O O O O O O O O O O O O O O O O O O O O O O O O O O O O,O O O O O O O O O O O B-Age I-Age O O O O O O O O O O O B-Symptom O O O O O B-Symptom O B-Symptom O O O O O O O O O O O O O O B-Specialist O O O O O O O B-Health_Condition O O O O O O O O,,4.396633444999679,,
বাচ্চা জন্মের পর শরীরে ছোট ছোট ঘামাচির মতো রক্ষা বের হলে কি করণীয় ? ,O O O B-Symptom I-Symptom I-Symptom I-Symptom I-Symptom O O O O O O,O O O O O O B-Symptom I-Symptom O O O O O O,Symptom,1.9672629430006054,,
"আমার স্ত্রীরবয়স ২৪ , একটা হঠাৎ ঠান্ডার কারনে কাসি হয়েছে গলা বসে গেছে , কথা স্পষ্ট বলতে পারছে না , এবং মুখে এবং জিহবায় ঘা হয়েছে কি করোনিয় । ",O O B-Age O O O B-Symptom I-Symptom I-Symptom I-Symptom I-Symptom I-Symptom I-Symptom O B-Symptom I-Symptom I-Symptom I-Symptom I-Symptom O O B-Symptom I-Symptom I-Symptom I-Symptom I-Symptom O O O,O O O O O O O O O O O O O O O O O O O O O O O O O O O O O,Symptom,2.8301339569998163,,
sir susto kono bekti ki sorirer rog potirod sokti thik rakhar jonno vitamin c & zinc tablet khete pare khete parle ta ki porimane system ki,O O O O O O O O O O O O B-Medicine I-Medicine O B-Medicine I-Medicine O O O O O O O O O,O O O O O O O O O O O O O O O O O O O O O O O O O O,Medicine,1.7264401400007046,,
আজ ৮ / ১০ দিন তেকে আমার লিংজ্ঞের পাশে নিচে খুব বেশি চুলকায় আর বেশি রাতে সম্যসা করে এতে কি করতে পারি আমি । ,O O O O O O O B-Symptom I-Symptom I-Symptom I-Symptom I-Symptom I-Symptom I-Symptom I-Symptom I-Symptom I-Symptom I-Symptom O O O O O O,O O O O O O O O O O O O O O O O O O O O O O O O,Symptom,2.852810594999937,,
"আমার কানে খুব ব্যথা । গত ছয়দিন যাবত । প্রথমে হালকা পানি ঢুকেছিল । তারপর কিছুদিন কান চুলকিয়ে ছিল । আমি কটনবাড ব্যবহার করতাম । তখন কান দিয়ে পানি বের হতো । তারপর কিছুদিন মগ দিয়ে গোসল করায় পানি কানে যায়নি । এখন পানি বের হয় না তবে অনেক ব্যথা করে । কানে কিছুটা দুর্গন্ধ আছে । লিব্যাক 500 , ওডোফেক্স 120 ও নাপা খেয়েছিলাম । কিন্তু ব্যথা কমেনি । আর কানটা ভার ভার মনে হচ্ছে । এমন অবস্থায় কি করনীয় ? ",O B-Symptom I-Symptom I-Symptom O O O O O B-Symptom I-Symptom I-Symptom I-Symptom O O O B-Symptom I-Symptom I-Symptom O O O O O O O B-Symptom I-Symptom I-Symptom I-Symptom I-Symptom O O O O O O O O O O O O B-Symptom I-Symptom I-Symptom I-Symptom I-Symptom I-Symptom I-Symptom I-Symptom O B-Symptom I-Symptom I-Symptom I-Symptom O B-Medicine I-Medicine O B-Medicine I-Medicine O B-Medicine O O O B-Symptom I-Symptom O O B-Symptom I-Symptom I-Symptom I-Symptom I-Symptom O O O O O O,O B-Symptom O B-Symptom O O B-Age O O O O O O O O O B-Symptom I-Symptom O O O O O O O O O O O O O O O O O O O O O O O O O O O O O O O B-Symptom O O O B-Symptom O O O O B-Medicine O B-Medicine O O B-Medicine O O O O B-Symptom O O O O O O O O O O O O O,Symptom,18.55114041700017,,
mazar bam passe batha ami ki medicine khate Paris,B-Symptom I-Symptom I-Symptom I-Symptom O O O O O,O O O O O O O O O,Symptom,1.6431535640003858,,
"আমার স্ত্রির প্রায় মাথা ব্যথা হয় , তার জন্য ace + খাইলে কমে জায় এতে করে কি পরবর্তিতে কোন সমস্যা হবে",O O O B-Symptom I-Symptom O O O O B-Medicine I-Medicine O O O O O O O O O O,O O O O O O O O O O O O O O O O O O O O O,Symptom,2.9621931290002976,,
"আমার ওয়াইপ এর বয়স ৩১ বছর । তার এজমার সমস্যা আছে । এলর্জির পরমান খুব বেশি । আগে শ্বাসকষ্ট হত না কিন্তু এখন কয়েকদিন ধরে মনে হয় বুকটা ভারি ভারি লাগে । এখন কাশি আছে হালকা মাথা , কানের ভিতর , গলার রগ ব্যথা ছিল নাপা খাওয়ার পর এখন কম । আর মেনথলের ভাপ নিচ্ছে । লমুনা১০ মাঝে মাঝে খায় । এখন আর কি করতে পারি পরামর্শ চায় । ",O O O O B-Age I-Age O O B-Health_Condition I-Health_Condition O O B-Health_Condition I-Health_Condition I-Health_Condition I-Health_Condition O B-Symptom I-Symptom I-Symptom I-Symptom I-Symptom I-Symptom I-Symptom I-Symptom I-Symptom I-Symptom I-Symptom I-Symptom I-Symptom I-Symptom O O B-Symptom I-Symptom I-Symptom I-Symptom O B-Symptom I-Symptom I-Symptom I-Symptom I-Symptom I-Symptom I-Symptom B-Medicine O O O O O O O O O O B-Medicine O O O O O O O O O O O O,O O O B-Age I-Age O O B-Health_Condition I-Health_Condition O O O B-Symptom I-Symptom O O O B-Symptom O O O O O O O O O O O O O O O O O O O O O O O O O O O O O O O O O O O O O O O O O O O O O O O O O O O,Symptom,16.883135668999785,,
BMI কী ? একটু বিস্তারিত বুঝিয়ে বলবেন । এটার কাজ কি । ,O O O O O O O O O O O O,O O O O O O O O O O O O,,9.738603530000546,,
আমার আজ সকাল থেকে প্রচন্ড পেট ব্যাথা ! পেটের নিচের অংশে কেমন যেন এক্টা অসস্তি ফিল করছি . . রোজা আছি ! এখন কি করা যায় ? ,O O O O O B-Symptom I-Symptom O B-Symptom I-Symptom I-Symptom I-Symptom I-Symptom I-Symptom I-Symptom I-Symptom I-Symptom O O O O O O O O O O,O O O O O O O O O O O O O O O O O O O O O O O O O O O,Symptom,4.473684292000144,,
ধন্যবাদ আপনাকে প্রশ্নের জন্য । আপনি একজন গাইনি চিকিৎসকের পরামর্শ নিন । ভিডিও কলের মাধ্যমে এপয়েনমেন্ট নিয়ে সরাসরি কথা বলতে পারবেন । ধন্যবাদ,O O O O O O O B-Specialist I-Specialist O O O O O O O O O O O O O O,O O O O O O O O O O O O O O O O O O O O O O O,Specialist,2.309155794999242,,
"আমার স্ত্রী ৪ মাসের প্রেগন্যান্ট । এখন সে প্রায় প্রতিদিনই বমি করে , কিছু খেতে পারেনা । বমির ওষুধ খাচ্ছে । রুচি বারানোর জন্য বা এই অবস্থায় কি করা যেতে পারে ? ? ",O O O O O O O O O O B-Symptom O O O B-Symptom I-Symptom O O O O O O O O O O O O O O O O O,O O O O O O O O O O O O O O O O O O O O O O O O O O O O O O O O O,Symptom,4.860580169000059,,
ডাক্তার ভাইকে প্রশ্ন করার জন্য ধন্যবাদ । আপনি দ্রুত একজন গাইনি বিশেষজ্ঞের পরামর্শ নিন । ধন্যবাদ । ,O O O O O O O O O O B-Specialist I-Specialist O O O O O,O O O O O O O O O O O O O O O O O,Specialist,1.450837940999918,,
"Proshno korar jonno dhonnobad . Ei boyosher baccha ke sudhu dudh jatiyo khabar khawale thikmoto pushti pabe na . bacchake khichuri ( chal , dal , mach , mangsho , dim ) ekdom norom kore khawaben echara kola o khawate parben esomoy cheshta korben baccha k bashar toiri pushtikor khabar dite . Dhonnobad . ",O O O O O O O O O O O O O O O O O O O O O O O O O O O O O O O O O O O O O O O O O O O O O O O O O O O O O O,O O O O O B-Age I-Age O O O O O O O O O O O O O O O O O O O O O O O O O O O O O O O O O O O O O O O O O O O O O O O,,10.323360901000342,,
"আমার বয়স ২৭ বছর । আমার বিয়ে হয়েছে তিন বছর হল , আমরা গত সাত মাস যাবত বেবি নেয়ার জন্য চেষ্টা করছি কিন্তু বেবি কনসিভ হচ্ছে না । গত মাসে আমার পিরিয়ড ৪৭ দিন বন্ধ ছিল এরপর আবার শুরু হয় পিরিয়ড সময় ব্যথা থাকে । এমতাবস্থায় বেবি নিতে হলে কোন পূর্ব পস্তুুতির দরকার আছে কিনা দয়া করে একটু জানালে উপকৃত হব । । ",O O B-Age I-Age O O O O O O O O O O O O O O O O O O O O B-Health_Condition O O O O O O B-Symptom I-Symptom I-Symptom I-Symptom I-Symptom I-Symptom I-Symptom I-Symptom I-Symptom B-Health_Condition O B-Symptom O O O O O O O O O O O O O O O O O O O O,O B-Age I-Age O O O O O O O O O O O O O O O O O O O O O O O O O O O O O B-Symptom O O O O O O O O O O O O O O O O O O O O O O O O O O O O O O,Health Condition,9.329504174000249,,
"gMy symptoms is polydipsia , polyuria , polyphagia . . . pls diagnose",O O O B-Symptom O B-Symptom O B-Symptom O O O O O,O O O O O O O O O O O O O,Symptom,14.125261228999989,,
Thanks for your question . consult with our nutritionist . you will be provided a diet chart and some rules . thanks,O O O O O O O O B-Specialist O O O O O O O O O O O O O,O O O O O O O O B-Specialist O O O O O O O O O O O O O,Specialist,2.4119557450003413,,
গলায় হালকা ব্যাথা অনুভব হচ্ছে আমি কি জি মাক্স খেতে পারবো,B-Symptom I-Symptom I-Symptom O O O O B-Medicine I-Medicine O O,O O O O O O O O O O O,Symptom,13.058285063999392,,
আপনাকে ধন্যবাদ প্রশ্ন করার জন্য । আপনি ট্যাবলেট ন্যাপ্রোসিন ৫০০ মিলিগ্রাম সকালে ও রাতে একটা করে খাবার পরে খান ৩ দিন । ট্যাবলেট প্যান্টোনিক্স ২০ মিলিগ্রাম সকালে ও রাতে খাবার আগে একটা করে খান । ঠান্ডা পানির সেক দিন । এক্স রে করিয়ে একজন অর্থপেডিক্স বিশেষজ্ঞ চিকিৎসক কে দেখাতে হবে । ধন্যবাদ । ,O O O O O O O B-Medicine I-Medicine I-Medicine I-Medicine B-Dosage I-Dosage I-Dosage I-Dosage I-Dosage O O O O O O B-Medicine I-Medicine I-Medicine I-Medicine B-Dosage I-Dosage I-Dosage I-Dosage I-Dosage I-Dosage I-Dosage O O O O O O O B-Medical_Procedure I-Medical_Procedure O O B-Specialist I-Specialist O O O O O O O,O O O O O O O O O O O O O O O O O O O O O O O O O O O O O O O O O O O O O O O O O O O O O O O O O O O O O,Medicine,18.593363578999742,,
Yamadin 40 gm খাবারের পূর্বে না পরে খাওয়া উচিৎ ? ,B-Medicine I-Medicine I-Medicine O O O O O O O,O O O O O O O O O O,Medicine,12.297729909000736,,
ছেলের বয়স ১৫ মাস । প্রতি দিন ১ - ২বার প্রচুর বমি করে । গরুর দুধ খায় । ,O O B-Age I-Age O B-Symptom I-Symptom I-Symptom I-Symptom I-Symptom I-Symptom I-Symptom I-Symptom O O O O O,O B-Age I-Age I-Age O O O O O B-Symptom O O O O O O O O,Age,81.6072740059999,,
ডাক্তার ভাই কে প্রশ্ন করার জন্য ধন্যবাদ রোগীর অবস্হার উপর নির্ভর করে ডোজ ঠিক করা হয় আপনি এই ব্যাপারে একজন Medicine বিশেষজ্ঞ এর পরামর্শ নিন ধন্যবাদ,O O O O O O O O O O O O O O O O O O O O B-Specialist I-Specialist O O O O,O O O O O O O O O O O O O O O O O O O O O O O O O O,Specialist,3.7735294949998206,,
ডাক্তার ভাই কে প্রশ্ন করার জন্য ধন্যবাদ । চর্ম বিশেষজ্ঞ র সাথে কথা বলুন । ধন্যবাদ । ,O O O O O O O O B-Specialist I-Specialist O O O O O O O,O O O O O O O O O O O O O O O O O,Specialist,4.88894043900018,,
"আমার বয়স ২১ , আমার মাথায় অনেক চুল ছিল কিন্তু ইদানিং মাথার সামনের দিক থেকে অনেক চুল উটতেছে বিয়ে হয়নি এমতাবস্থায় আমার করনিয় কি জানালে অনপক উপকৃত হব স্যার । ",O O B-Age O O O O O O O O B-Symptom I-Symptom I-Symptom I-Symptom I-Symptom I-Symptom I-Symptom O O O O O O O O O O O O,O O O O O O O O O O O O O O O O O O O O O O O O O O O O O O,Age,6.008062701000199,,
Amr period time moto hoina . . . date er o 10 / 15 din por hoi . . . atar karon ki and Ami er jonno ki korty pari ? ? ? ,O B-Symptom I-Symptom I-Symptom I-Symptom O O O O O O O O O O O O O O O O O O O O O O O O O O O O,O O O O O O O O O O O O O O O O O O O O O O O O O O O O O O O O O,Symptom,2.3329922379998607,,
sir ami Jekhane kaj Kori pharmacy . . but sekhane onek gorom and onek hard work . . . so beshi gorome gamar fole amar mukhe choto choto Bron er moto ber hoy pore segolo bare and boro hoy . . . ami ekjoner sathe Kotha bole chi se boleche . . aristo pharma A mycin lotion use korte,O O O O O O O O O O O O O O O O O O O O B-Symptom I-Symptom I-Symptom I-Symptom I-Symptom B-Symptom I-Symptom I-Symptom I-Symptom I-Symptom I-Symptom I-Symptom I-Symptom I-Symptom I-Symptom I-Symptom I-Symptom I-Symptom I-Symptom O O O O O O O O O O O O O O O O B-Medicine I-Medicine O O,O O O O O O O O O O O O O O O O O O O O O O O O O O O O O O O O O O O O O O O O O O O O O O O O O O O O O O O O O O O,Symptom,39.649778711999716,,
"আপনি এক দিন অন্তর অন্তর ওষুধ বন্ধ করে দেখা শুরু করেন , পরিমাণ কমিয়ে আনুন । Dr < NAME > Mbbs",O O O O O O O O O O O O O O O O O O O O O,O O O O O B-Medicine O O O O O O O O O O B-Specialist O O O O,,1.379712904000371,,
ডাক্তার ভাই কে প্রশ্ন করার জন্য ধন্যবাদ Tab Algin 50 এবং Cap Sergel 20 mg খাওয়াতে পারেন আপনি একজন Medicine specialist এর পরামর্শ নিতে পারেন । ধন্যবাদ,O O O O O O O B-Medicine I-Medicine I-Medicine O B-Medicine I-Medicine I-Medicine I-Medicine O O O O B-Specialist I-Specialist O O O O O O,O O O O O O O O B-Medicine I-Medicine B-Dosage O B-Medicine I-Medicine I-Medicine I-Dosage O O O O B-Specialist I-Specialist O O O O O,Medicine,3.2926319570005944,,
ডাক্তার ভাই কে প্রশ্ন করার জন্য ধন্যবাদ । বাচ্চাকে নিয়মিত গোসল করাবেন । পরিস্কার পরিচ্ছন্ন রাখবেন । সুতির কাপড় পরাবেন । ,O O O O O O O O O O O O O O O O O O O O O,O O O O O O O O O O O O O O O O O O O O O,,0.9142398610001692,,
"Corona test korun , medicine ja khachhean continue korun",B-Medical_Procedure I-Medical_Procedure O O O O O O O,B-Health_Condition O O O B-Medicine I-Medicine I-Medicine O O,Medical Procedure,0.905853967999974,,
আমার বেবি বয়স চারদিন এখন নাভি শুকানোর জন্য শেখ দিতে হবে কি,O O O B-Age O B-Symptom I-Symptom I-Symptom O O O O,O O O O O O O O O O O O,Age,1.4423244859999613,,
আপনাকে ধন্যবাদ প্রশ্ন করার জন্য । আপনি ব্যাথার জন্য প্যারাসিটামল ৫০০ mg খেতে পারেন । একজন দাঁতের ডাক্তার কে দেখিয়ে নিতে পারেন । ধন্যবাদ । ,O O O O O O O O O B-Medicine I-Medicine I-Medicine O O O O B-Specialist I-Specialist O O O O O O O,O O O O O O O B-Symptom O B-Medicine B-Dosage I-Dosage O O O O B-Specialist I-Specialist O O O O O O O,Medicine,7.3985499430000345,,
soril betha ar mhuk tita hoye thake jor shudhu mone hoy raat e ashe ki oshud khaite hbe bolle valo hoto,B-Symptom I-Symptom O B-Symptom I-Symptom I-Symptom I-Symptom B-Symptom I-Symptom I-Symptom I-Symptom I-Symptom I-Symptom I-Symptom O O O O O O O,O O O O O O O O O O O O O O O O O O O O O,Symptom,4.299456386000202,,
rater belay pani khaile posab dhore beshi ata ki kono somossa ? ,O O O O B-Symptom I-Symptom I-Symptom I-Symptom O O O O,O O O O O O O O O O O O,Symptom,3.268360256000051,,
"ডাক্তার ভাই কে প্রশ্ন করার জন্য ধন্যবাদ । কভি ড টেস্ট করিয়ে ফেলুন । গরম পানির বাষ্প নিন । গরম পানি , গরম চা খেতে থাকুন । ১ চামচ আদা রসুন ভর্তা র রস নিয়ে হাল্কা গরম পানি দিয়ে খান । ধন্যবাদ । , ",O O O O O O O O B-Medical_Procedure I-Medical_Procedure I-Medical_Procedure O O O O O O O O O O O O O O O O O O O O O O O O O O O O O O O O O,O O O O O O O O O O O O O O O O O O O O O O O O O O O O O O O O O O O O O O O O O O O O,Medical Procedure,5.285172163000425,,
Last 4 days I am suppering fever . Now taking only napa extended but not reduce can take anti biotic now and pls give me name . ,B-Symptom I-Symptom I-Symptom I-Symptom I-Symptom I-Symptom I-Symptom O O O O B-Medicine I-Medicine O O O O O B-Medicine I-Medicine O O O O O O O,O O O O O O O O O O O O O O O O O O O O O O O O O O O,Medicine,20.031171245000223,,
ডাক্তার ভাইকে প্রশ্ন করার জন্য ধন্যবাদ । আপনি এই বিষয়ে অবশ্যই একজন গাইনোকোলজিস্টের কাছ থেকে বিস্তারিত পরামর্শ নিয়ে নিন । ধন্যবাদ,O O O O O O O O O O O O B-Specialist O O O O O O O O,O O O O O O O O O O O O B-Specialist O O O O O O O O,Specialist,2.5666717999993125,,
"আসলামুআলাইকুম , আমার স্ত্রী ৩১ সপ্তাহের গর্ভবতী ২ / ৩ দিন ধরে পিঠ লাগে যায় আর সাদা স্রাবের মত আঠালো বের হয় কি জন্য এটা কি সাভাবিক বিষয় কি না আশা করছি উত্তর দিবেন প্লিজ । ",O O O O B-Health_Condition I-Health_Condition I-Health_Condition B-Symptom I-Symptom I-Symptom I-Symptom I-Symptom I-Symptom I-Symptom I-Symptom I-Symptom I-Symptom I-Symptom I-Symptom I-Symptom I-Symptom I-Symptom O O O O O O O O O O O O O O,O O O O B-Age O O O O O O O O O O O O O O O O O O O O O O O O O O O O O O O,Health Condition,6.341129427000851,,
ডাক্তার ভাই কে প্রশ্ন করার জন্য ধন্যবাদ এমতবস্থায় বাসায় না থেকে হাসপাতালে চলে যান আপনি একজন Medicine specialist এর পরামর্শ নিতে পারেন । ধন্যবাদ,O O O O O O O O O O O O O O O O B-Specialist I-Specialist O O O O O O,O O O O O O O O O O O O O O O O O O O O O O O O,Specialist,2.467167935999896,,
বাচ্চার চোখ উঠেছে আজকে সকাল থেকে দেখতেছি বাচ্চার বয়স দুই বছর কি ওষুধ ব্যবহার করা যায় একটু বলে দেন,O B-Health_Condition I-Health_Condition O O O O O O B-Age I-Age O O O O O O O O,O O O O O O O O O O O O O O O O O O O,Health Condition,2.3871100090000255,,
"আপনাকে ধন্যবাদ প্রশ্ন করার জন্য । নানা বিধ কারনে হতে পারে , আরও কিছু তথ্য জানা প্রয়োজন ও কিছু পরীক্ষারও প্রয়োজন আছে । আপনি একজন চিকিৎসকের সাথে সরাসরি যোগাযোগ করুন । ধন্যবাদ । ",O O O O O O O O O O O O O O O O O O O O O O O O O O O O O O O O O,O O O O O O O O O O O O O O O O O O O O O O O O O O O O O O O O O,,5.232451173999834,,
"আপনাকে ধন্যবাদ প্রশ্ন করার জন্য । না পারবেন না , আপাতত শুধু স্যালাইন খাবেন , প্রতিবার পায়খানার পর । পায়খানা বন্ধ না হলে চিকিৎসকের পরামর্শ নিন । ধন্যবাদ । ",O O O O O O O O O O O O O O O O O O O O O O O O O O O O O,O O O O O O O O O O O B-Medicine O O O O O O O O O O B-Specialist O O O O O O,,4.380234545999883,,
Thank you for your question Take tab napa 500 1 + 1 + 1 for 3days . Do dengue NS1 ag and CBC test . Tab . Fexo 120mg 1 + 0 + 0 for 5days . Gurgle with Luke warm water and salt . . drink adequate water . Covid test might be needed Thank you,O O O O O O B-Medicine I-Medicine I-Medicine B-Dosage I-Dosage I-Dosage I-Dosage I-Dosage O O O O B-Medical_Procedure I-Medical_Procedure I-Medical_Procedure O B-Medical_Procedure I-Medical_Procedure O B-Medicine I-Medicine I-Medicine I-Medicine B-Dosage I-Dosage I-Dosage I-Dosage I-Dosage O O O O O O O O O O O O O O O O O O O O O O O,O O O O O O O B-Medicine B-Dosage I-Dosage O I-Dosage O I-Dosage O B-Dosage O O B-Health_Condition B-Medical_Procedure I-Medical_Procedure O B-Medical_Procedure O O B-Medicine B-Dosage I-Dosage O I-Dosage O I-Dosage O B-Dosage O O O O O O O O O O O O B-Health_Condition B-Medical_Procedure O O O O O O O O O,Medicine,6.184586398000647,,
আপনাকে ধন্যবাদ প্রশ্ন করার জন্য । আপনি ঠান্ডা পানি দিয়ে দেখতে পারেন । ব্যাথা হলে প্যারাসিটামল খান । ধন্যবাদ,O O O O O O O O O O O O O O O B-Medicine O O O,O O O O O O O O O O O O O O O O O O O,Medicine,12.98825806900004,,
"আমি একটি হাসপাতালে কোলনস্কপি পরীক্ষা করাই , পরীক্ষা শেষে সাথে সাথেই কোলনস্কপি পরীক্ষার রিপোর্ট পেয়ে যাই , এতো তাড়াতাড়ি কিভাবে সম্ভব ? ",O O O B-Medical_Procedure I-Medical_Procedure O O O O O O B-Medical_Procedure I-Medical_Procedure O O O O O O O O O,O O O O O O O O O O O O O O O O O O O O O O,Medical Procedure,2.886822962000224,,
গতকাল রাত্রে থেকে পেটে ব্যথা থেকে থেকে পেটে কামড় মারে একই সাথে বাথরুমে হয় না । ,O O O B-Symptom I-Symptom O O B-Symptom I-Symptom I-Symptom O O B-Symptom I-Symptom I-Symptom O,O O O B-Symptom I-Symptom O O B-Symptom I-Symptom I-Symptom O O O O O O,Symptom,1.6013344029997825,,
আমার ওয়াইফের লিভারে ফ্যাট ও লিভারে ইনফেকশন ও হালকা ব্যাথা আছে এর আগে ডাক্তার দেখানোর পর ঊষধ দিয়েছিল ডন A রসুবা 5 আর নিয়মিত হাটাচলা ও খাবার নিয়ন্তন করা কিছুদিন ভাল ছিল এখন আবার লিভারে ব্যাথা হচ্ছে এখন কি করব দয়া করে বলবেন,O O O O O B-Health_Condition I-Health_Condition O B-Symptom I-Symptom I-Symptom O O O O O O O B-Medicine I-Medicine I-Medicine I-Medicine O O O O O O O O O O O O B-Symptom I-Symptom I-Symptom O O O O O O,O O B-Health_Condition I-Health_Condition O B-Health_Condition I-Health_Condition O B-Symptom I-Symptom O O O B-Medical_Procedure I-Medical_Procedure O O O B-Medicine I-Medicine I-Medicine B-Dosage O O O O O O O O O O O O B-Symptom I-Symptom O O O O O O O,Symptom,70.24007523799992,,
Some times i have been spasam in my left chest 5 / 6 times daily . My CAG report normal . Pls help me . ,O O O O O B-Symptom I-Symptom I-Symptom I-Symptom I-Symptom I-Symptom I-Symptom I-Symptom I-Symptom I-Symptom O O O O O O O O O O,O O O O O O O O O O O O O O O O O O O O O O O O O,Symptom,2.4050866299994595,,
আমার বাচ্চার বয়স ১০ মাস ছোট বেলা থেকেই মুখ থেকে লোল পরে কি করোনিও । ,O O O B-Age I-Age B-Symptom I-Symptom I-Symptom I-Symptom I-Symptom I-Symptom I-Symptom O O O,O O O B-Age I-Age O O O O O O O O O O,Age,1.7871353960008491,,
"আপনাকে ধন্যবাদ প্রশ্ন করার জন্য । মেনোপজ বা রজোনিবৃত্তির কারনে এমনটা হতে পারে , এছাড়াও ওনার Serum FT3 , FT4 , TSH পরীক্ষাগুলো করান । ধন্যবাদ । ",O O O O O O B-Health_Condition I-Health_Condition I-Health_Condition O O O O O O O B-Medical_Procedure I-Medical_Procedure O B-Medical_Procedure O B-Medical_Procedure O O O O O,O O O O O O O O O O O O O O O O O O O O O O O O O O O,Medical Procedure,96.30534515299951,,
"হাতের আঙ্গুলের কোনায় বেশ কিছুূদিন থেকে ব্যাথা , হালকা ফুলে গেছে , ডায়বেটিস আছে । ",O O O O O O B-Symptom O B-Symptom I-Symptom I-Symptom O B-Health_Condition O O,O O O O O O O O O O O O O O O,Symptom,2.351494311999886,,
ওষুধ গুলো চালু রাখুন Dr < NAME > Mbbs,O O O O O O O O O,O O O O O O O O O,,2.173271756999384,,
"আপনাকে ধন্যবাদ প্রশ্ন করার জন্য । লিভোস্টার খাওয়ার পরেও না কমলে আপনাকে শিশু ডাক্তার দেখাতে হবে । আদা , মধু , গরম পানি খাওয়াতে পারেন । সিরাপ মিউকোলাইট খাওয়াতে পারেন । ধন্যবাদ । ",O O O O O O O O O O O O B-Specialist I-Specialist O O O O O O O O O O O O B-Medicine I-Medicine O O O O O,O O O O O O B-Medicine O O O O O B-Specialist I-Specialist B-Medical_Procedure O O B-Medicine O B-Medicine O B-Medicine I-Medicine B-Medical_Procedure O O B-Dosage B-Medicine B-Medical_Procedure O O O O,Specialist,75.09542484999929,,
ami amar physical ki baba sababik rakta parba please bolban sir,O O O O O O O O O O O,O O O O O O O O O O O,,1.3858312820002539,,
pregnant ৬ মাস বেবী নড়া ছড়া কি বেশী হবে ? ? না কম হবে ? ? দয়া করে জানাবেন । টুইন বেবী,B-Health_Condition O O O O O O O O O O O O O O O O O O O O O,O O O O O O O O O O O O O O O O O O O O O O,Health Condition,3.1614096120001705,,
ডাক্তাররা কি প্রশ্ন করার জন্য ধন্যবাদ । জি আপনি ট্যাবলেট Fexo ১২০ দিনে একবার পাঁচ দিন খেতে পারেন । এছাড়া Syrup Adovas দিনে দুই বেলা খেতে পারেন এক ফাইল । গরম পানিতে গারগল করুন । ধন্যবাদ,O O O O O O O O O B-Medicine I-Medicine I-Medicine B-Dosage I-Dosage O O O O O O B-Medicine I-Medicine B-Dosage I-Dosage I-Dosage O O O O O O O O O O O,O O O O O O O O O B-Medicine I-Medicine B-Dosage I-Dosage I-Dosage I-Dosage I-Dosage O O O O B-Medicine I-Medicine I-Medicine I-Dosage I-Dosage I-Dosage O O O B-Dosage I-Dosage O O O B-Medical_Procedure O,Medicine,11.592098838000311,,
Daktar bhai ke proshno korar jonno dhonnobad . eto choto bacchar patla paykhanar chiktsha basai kora jabe na . onek risk . Hospital niye jan . Dhonnobad . ,O O O O O O O O O O O O O O O O O O O O O O O O O O O O,O O O O O O O O B-Age I-Age O B-Symptom O O O O O O O O O B-Medical_Procedure O O O O O O,,2.9345428209999227,,
ডাক্তার ভাইকে প্রশ্ন করার জন্য ধন্যবাদ । আপনি প্রস্রাব আটকায়ে রাখবেন না । পানি ও তরল খাবার বেশি খাবেন । আর প্রেসারের জন্য মেডিসিন বিশেষজ্ঞ ডাক্তারের পরামর্শ নিন । ,O O O O O O O O O O O O O O O O O O O O O B-Health_Condition O B-Specialist I-Specialist O O O O,O O O O O O O O O O O O O O O O O O O O O O O O O O O O O,Health Condition,5.5894521210002495,,
প্রশ্ন করার জন্য ধন্যবাদ / আপনি CXR P / A VIEW করিয়ে ডাক্তারকে দেখান / ধন্যবাদ / ,O O O O O O B-Medical_Procedure I-Medical_Procedure I-Medical_Procedure I-Medical_Procedure I-Medical_Procedure O O O O O O,O O O O O O B-Medical_Procedure I-Medical_Procedure I-Medical_Procedure I-Medical_Procedure O B-Specialist O O O O O,Medical Procedure,3.0840212279999832,,
"Thanks for your question . Eat timely , sleep adequately , Eat less spicy foods , high fiber diet , ispagula , oats etc . avoid deep fried oiy foods , drink plenty of water . don ' t skip breakfast . Thanks",O O O O O O O O O O O O O O O O O O O O O O O O O O O O O O O O O O O O O O O O O O O,O O O O O O O O O O O O O O O O O O O O O O O O O O O O O O O O O O O O O O O O O O O,,3.2617093389999354,,
আপনাকে ধন্যবাদ প্রশ্ন করার জন্য । আপনার সমস্যা বাচ্চাকে না দেখে ও কিছু পরীক্ষা না করে বোঝা যাবে না । আপিনি একজন শিশু বিশেষজ্ঞ চিকিৎসক কে দেখিয়ে নিন । ধন্যবাদ । ,O O O O O O O O O O O O O O O O O O O O O O B-Specialist I-Specialist O O O O O O O,O O O O O O O O O O O O O O O O O O O O O O B-Specialist I-Specialist O O O O O O O,Specialist,1.781018774999211,,
বার বার জ্বর আসছে আর চলে যাচ্ছে আর চোখ মুখ হলুদ লাগছে মাথায় ভিষণ চাপ কোন ঔষধ খাবো,O O B-Symptom O O O O O B-Symptom I-Symptom I-Symptom O B-Symptom I-Symptom I-Symptom O O O,O O O O O O O O O O O O O O O O O O,Symptom,1.8243033970002216,,
My 5 months baby facing problems with symptoms of Chicken Pox . She is continuously crying due to body pain and fever . Also suffering from cold cough . What should I do now ? Please provide your valuable suggestions . ,O B-Age I-Age O O O O O O B-Health_Condition I-Health_Condition O O O O O O O B-Symptom I-Symptom I-Symptom I-Symptom O O B-Symptom I-Symptom I-Symptom I-Symptom O O O O O O O O O O O O O,O O O O O O O O O O O O O O O O O O O O O O O O O O O O O O O O O O O O O O O O O,Symptom,6.487308366000434,,
আপনাকে ধন্যবাদ প্রশ্ন করার জন্য । আপনার সমস্যা গুরুতর যা প্রাথমিক চিকিৎসা তে কমবে না । না দেখে আপনার সমস্যার সমাধান হবে না । আপনি একজন হৃদ রোগ বিশেষজ্ঞ চিকিৎসক কে দেখিয়ে নিন । ধন্যবাদ । ,O O O O O O O O O O O O O O O O O O O O O O O O O O B-Specialist I-Specialist I-Specialist I-Specialist O O O O O O,O O O O O O O O O O O O O O O O O O O O O O O O O O O O O O O O O O O O,Specialist,2.8956240030001936,,
"আমার শরীরে সাদা সাদা দাগ দেখা দিয়েছে , আমার ডায়বেটিস আছে , এখন কি করা । ",O B-Symptom I-Symptom I-Symptom I-Symptom I-Symptom I-Symptom O O B-Health_Condition O O O O O O,O O O O O O O O O O O O O O O O,Symptom,2.3521416719995614,,
ডাক্তার ভাইতে প্রশ্ন করার জন্যে আপনাকে ধন্যবাদ । আসলে এই সময়টাতে বমি একটু বেশি হয় . . . কিছুদিন পর থেকে কমে যাবে । আপনি Tab - Emistat 8 mg 1 + 1 + 1এভাবে প্রয়োজন মত খাওয়াতে পারেন বমি হলে . . . ,O O O O O O O O O O O B-Symptom O O O O O O O O O O O O O B-Medicine I-Medicine I-Medicine I-Medicine I-Medicine B-Dosage I-Dosage I-Dosage I-Dosage I-Dosage O O O O O O O O O,O O O O O O O O O O O B-Symptom O O O O O O O O O O O O O B-Medicine I-Medicine I-Medicine B-Dosage I-Dosage O O O O O O O O B-Symptom O O O O O,Symptom,27.617744615000447,,
"গত তিন দিন যাবত আমার মা এর জ্বর , , , এ জ্বরটা রাতে বেশি হয় , , , দিনে জ্বরটা বোঝা যায়না , , , কিন্তু ভেতরে ভেতরে অনুভব করতে পারে , , , , রাতে জ্বর আসলে জ্বরের মাত্রা ১০১ + হয়ে থাকে , , , , আমার মায়ের বয়স আনুমানিক ৪০ + আর হ্যা জ্বরের সাথে , হাত - পায়ের গিরা ব্যাথা করে এবং জ্বিম জ্বিম করে , , , এ খেত্রে কি করব ? ",O O O O O O O B-Symptom O O O O B-Symptom O O O O O O O B-Symptom O O O O O O O O O O O O O O O O B-Symptom O B-Symptom I-Symptom I-Symptom I-Symptom O O O O O O O O O O B-Age I-Age O O B-Symptom O O B-Symptom I-Symptom I-Symptom I-Symptom I-Symptom O O B-Symptom I-Symptom I-Symptom O O O O O O O O,O O O O O O O B-Symptom O O O O O O O O O O O O O O O O O O O O O O O O O O O O O O O O O B-Age O B-Age O O O O O O O O O O B-Symptom O O O O O O O O O O O O O O O O O O O O O O O,Symptom,4.580308983000577,,
ডাক্তার ভাই কে প্রশ্ন করার জন্য ধন্যবাদ । দিনে ৬ কাপ পানি খাওয়াবেন । পেপে ভর্তা দিতে পারেন । একটু হাটতে হবে । তাহলে পায়খানা হবে । ধন্যবাদ । ,O O O O O O O O O O O O O O O O O O O O O O O O O O O O O,O O O O O O O O O O O O O O O O O O O O O O O O O O O O O,,54.72579247300018,,
"My younger brother is Covid positive . Since the symptoms began to show he kept himself in isolation in a room . Before observing any symptoms , my mother and I get into his contact . It has been 3 days since his covid positive confirmation . Though my mother and I haven ' t observed any symptoms in us , we are bit shocked and scared . We both are experiencing headache and feeling weak compared to before . It this a symptom of Covid infection ? ",O O O O B-Health_Condition I-Health_Condition O O O O O O O O O O O O O O O O O O O O O O O O O O O O O O O O O O O O O B-Health_Condition I-Health_Condition O O O O O O O O O O O O O O O O O O O O O O O O O O O B-Symptom O B-Symptom I-Symptom I-Symptom I-Symptom I-Symptom O O O O O O B-Health_Condition I-Health_Condition O,O O O O B-Health_Condition I-Health_Condition O O O B-Symptom O O O O O O O O O O O O O O O B-Symptom O O O O O O O O O O O O B-Age O O O O B-Health_Condition I-Health_Condition O O O O O O O O O O O O O O O O O O O O O O O O O O O O O O O O O O O O O O O O O O O,Health Condition,10.073348863999854,,
ডাক্তার ভাইকে প্রশ্ন করার জন্য ধন্যবাদ । এই ক্ষেত্রে আপনি অবশ্যই একজন গাইনি বিশেষজ্ঞের পরামর্শ নিয়ে সঠিক এন্টিবায়োটিক সেবন করাবেন । ধন্যবাদ,O O O O O O O O O O O O B-Specialist I-Specialist O O O B-Medicine O O O O,O O O O O O O O O O O O B-Specialist I-Specialist O O O B-Medicine O O O O,Specialist,2.0726654540003437,,
গত ৪ বছরের মধ্যে আমার বুকে ৩ বার ব্যাথা অনুভব হয়েছে যা ছিলো প্রচুর অসহনীয় । এই ব্যাথা হয়েছে রাতের খাবার খাওয়ার পর পর । যখন ব্যাথা হয় তখন আমি ঘুমাতে গেলে ব্যাথা আরও বেশি অনুভব হয় । এটা বেশি হয় যখন রাতের খবার পর পর শুতে যাই তখন । দয়া করে এই বিষয়ে যদি একটু পরামর্শ দিতেন । ,B-Symptom I-Symptom I-Symptom I-Symptom I-Symptom I-Symptom I-Symptom I-Symptom I-Symptom I-Symptom I-Symptom O O B-Symptom I-Symptom O O B-Symptom I-Symptom I-Symptom I-Symptom I-Symptom I-Symptom I-Symptom O O O O O O B-Symptom I-Symptom I-Symptom I-Symptom I-Symptom I-Symptom I-Symptom O O B-Symptom I-Symptom I-Symptom I-Symptom I-Symptom I-Symptom I-Symptom I-Symptom I-Symptom I-Symptom O O O O O O O O O O,O O O O O O O O O O O O O O O O O O O O O O O O O O O O O O O O O O O O O O O O O O O O O O O O O O O O O O O O O O O,Symptom,27.686441462999937,,
আপনাকে ধন্যবাদ প্রশ্ন করার জন্য । আপনার সম্ভবত স্কেবিস হয়েছে । পরিষ্কার পরিচ্ছন্ন থাকুন । কাপড় সব গরম পানিতে ধৌত করুন । স্কেবেক্স ক্রিম থুতনি থেকে শুরু কিরে সারা গায়ে মাখুন । আট ঘন্টা রাখুন । এলাট্রল ১০ মিলিগ্রাম রাতে খেতে পারুন । একজন চর্ম রোগ বিশেষজ্ঞ কে দেখান । ধন্যবাদ,O O O O O O O O B-Health_Condition O O O O O O O O O O O O O B-Medicine I-Medicine O O O O O O O O O O O O B-Medicine I-Medicine I-Medicine O O O O O B-Specialist I-Specialist I-Specialist O O O O,O O O O O O O O B-Health_Condition O O O O O O O O O O O B-Medicine I-Medicine O O O O O O O O B-Dosage I-Dosage O O O O B-Medicine B-Dosage I-Dosage O O O O O B-Specialist I-Specialist I-Specialist O O O O,Medicine,2.667435514999852,,
"আমার স্ত্রীর বয়স ২১ । ৫ ফুট ৫ ইনচি , ওজন মাত্র ৪৫ কেজি । গত প্রায় ৭ দিন আগে সে ৭ টি ক্লোনাজিপাম খেয়ে হাত কেটে প্রচন্ড মানসিক বিপর্যস্ত ছিল । ৭ দিন ধরে তার ঘুম অনিয়মিত , খুব অল্প । কিছুই খেতে পারছেনা । এমন এঅবস্থায় তাকে স্যালাইন দিয়ে স্ট্যাবল করতে চাচ্ছি । কোন স্যালাইন কি পরিমানে দিব আর সাথে ঘুমানো বা খাবার রুচি বাড়ানোর জন্য কিছু দিব কিনা ? ",O O O B-Age O O O O O O O O O O O O O O O O O B-Dosage I-Dosage B-Medicine O B-Health_Condition I-Health_Condition O O O O O O O O O B-Symptom I-Symptom O O O O B-Symptom I-Symptom I-Symptom O O O O B-Medicine O O O O O O B-Medicine O O O O O O O O O O O O O O O,O O O O O O O O O O O O O O O O O O O O O O O O O O O O O O O O O O O O O O O O O O O O O O O O O O O O O O O O O O O O O O O O O O O O O O O O,Medicine,16.884093679000216,,
"আমার বয়স ২৭ , আমার মুখে ব্রন সমস্যা , ব্রন সমস্যার সমাধান চাইছি",O O B-Age O O B-Symptom I-Symptom I-Symptom O O O O O,O O O O O O O O O O O O O,Age,3.4469611839995196,,
Thanks for questioning to daktervai . Tab Napa 500mg 1 + 1 + 1 + 1 for 3 days . Tab Cipro A 500mg 1 + 0 + 1 for 7 days,O O O O O O B-Medicine I-Medicine I-Medicine B-Dosage I-Dosage I-Dosage I-Dosage I-Dosage I-Dosage I-Dosage O O O O B-Medicine I-Medicine I-Medicine I-Medicine B-Dosage I-Dosage I-Dosage I-Dosage I-Dosage O O O,O O O O B-Specialist O O B-Medicine B-Dosage O O O O O O O B-Dosage I-Dosage O O B-Medicine O B-Dosage O O O O O B-Dosage I-Dosage O O,Medicine,4.541571792000468,,
গতকাল রাত থেকে আজকে সন্ধ্যা পর্যন্ত ৮ বার পাতলা পায়খানা হয়েছে । কিছু খেতে পারছি না । তার উপর টানা ১০ ঘন্টা করে ক্লাস করা লাগছে প্রতিদিন । খুব দুর্বল লাগছে । কিছুদিন আগেও এরকম হয়েছিল । imotil খেয়েছি রাতে আর সকালে দুইটা । কিছুই হয়নি । স্যালাইন খাচ্ছি । কি করবো ? মাল্টিভিটামিন খাওয়া যাবে কি ? আমার ওজনও কম । কিছুই খেতে পারছি না । কি করবো ? ,O O O O O O B-Symptom I-Symptom I-Symptom I-Symptom I-Symptom O B-Symptom I-Symptom I-Symptom I-Symptom O O O O O O O O O O O O B-Symptom I-Symptom I-Symptom O O O O O O B-Medicine O O O O B-Dosage O O O O B-Medicine O O O O O B-Medicine O O O O O O O O O O O O O O O O,O O O O O O O O O O O O O O O O O O O O O O O O O O O O O O O O O O O O O O O O O O O O O O O O O O O O O O O O O O O O O O O O O O O O O O,Symptom,7.109673136999845,,
Thank you for your question Please consult with a gynaecologist and act accordingly . She needs some investigation and clinical evaluation Thank you,O O O O O O O O O B-Specialist O O O O O O O O O O O O O,O O O O O O O O O O O O O O O O O O O O O O O,Specialist,2.414450861999285,,
"আমার বাবার বয়স ৬১ বছর , গত ১২ দিন যাবত ছেড়ে ছেড়ে জ্বর ছিল । জ্বর ১০১ - ১০২ এর মধ্যে থাকতো । সাথে সর্দি এবং হালকা কাশিও ছিলো । এতে করে খাওয়ার রুচি একদমই কমে গেছে । নাপা এক্সট্রা ও নাপা এক্সটেন্ড খেয়েছিল । কিন্তু জ্বরের কোন উন্নতি হয়নি । তবে নাপা খাওয়ার পর জ্বর গতকাল থেকে নেই । তবে জ্বরের পর থেকে এখন উনার শরীরের জয়েন্টে জয়েন্টে ব্যাথা আছে । এন্টিবায়োটিক সেফ - ৩ , ফেনাডিন ও জিন্ক খাচ্ছে এখন । তবে শরীর এখন দুর্বল হয়ে আছে এবং সাথে প্রচন্ড মাথাব্যাথা ও শুরু হয়েছে । এর প্রতিকারের উপায় কি ? । গত ১৩ দিন যাবত উনি অসুস্থ । ",O O O B-Age I-Age O O O O O O O B-Symptom O O B-Symptom I-Symptom I-Symptom I-Symptom O O O O O B-Symptom O O B-Symptom O O O O B-Symptom I-Symptom I-Symptom I-Symptom I-Symptom O B-Medicine I-Medicine O B-Medicine I-Medicine O O O B-Symptom O O O O O B-Medicine O O B-Symptom O O O O O B-Symptom O O O O B-Symptom I-Symptom I-Symptom I-Symptom O O B-Medicine B-Medicine I-Medicine I-Medicine O B-Medicine O B-Medicine O O O O B-Symptom I-Symptom I-Symptom O O O O O B-Symptom O O O O O O O O O O O O O O O O O,O O B-Age I-Age O O O B-Dosage O O O O B-Symptom O O O B-Symptom O O O O O O O O B-Symptom O O O O B-Symptom O O O O O O O O O O O O O O O B-Medicine I-Medicine O B-Medicine I-Medicine O O O O O O O O O O O O B-Medicine O O O B-Symptom O O O O O O O O O O O O O O O O O O O B-Medicine I-Medicine O O B-Medicine O B-Medicine O O O O O O O O O O O O O O O O,Symptom,34.26596051400065,,
"Sir , Amr baby age 2 year . Sir baby ke putidin 1 kg kore guror dod r doibela cerelac khawano hoi . Sir baby ke 1kg kore guror dod khawale kuno problem hobe ki . Baby dana jatio khaber khai na . ",O O O O O B-Age I-Age O O O O O O O O O O O O O O O O O O O B-Symptom I-Symptom I-Symptom I-Symptom I-Symptom I-Symptom I-Symptom O O O O O O O O O O,O O O O B-Age I-Age O O O O O B-Medicine O B-Dosage I-Dosage O O B-Medicine O O B-Medicine O O O O O O O O O O O O O O O O O O O O O O,Age,2.4311726979995,,
"আপনার প্রশ্নের জন্য ধন্যবাদ । দুশ্চিন্তা কমান , পর্যাপ্ত বিশ্রাম নিন । ব্যাথা হলে নাপা খাবেন , গরম সেঁক দিবেন । ধন্যবাদ",O O O O O O O O O O O O B-Symptom O B-Medicine O O O O O O O,O O O O O O O O O O O O O B-Medicine O O O O O O O O,Symptom,1.2749003839999205,,
ডাক্তার ভাই কে প্রশ্ন করার জন্য ধন্যবাদ । হ্যা খেতে পারবেন । ,O O O O O O O O O O O O,O O O O O O O O O O O O,,2.2611466700000165,,
করোনা মানবদেহে কতদিন অবস্থান করতে পারে ? ? ? ,O O O O O O O O O,B-Health_Condition O O O O O O O O,,1.6811195420004879,,
"ডাক্তার ভাই ; আমার মেয়ে , বয়স - সাড়ে চার বছর । গত ০৭ . ০৬ . ২০খ্রিঃ তারিখ বৃষ্টিতে ভিজে ও দুপুরে গোসল করার পর তার ঠান্ডা লেগে যায় । এখন তার ১ । কন্ঠস্বর অন্য রকম হয়ে আছে , ২ । কিছুক্ষণ পরপর কাশি হয় ( কাশির শব্দ ! গলা ভাঙ্গার মত , কপ যায় না ) । নাক দিয়ে পানি , উল্লেখ্য করার মত যাচ্ছে না । জ্বরও নাই । বর্তমানে ডাক্তার দেখাতে পারছি না । প্লিজ একটা ভালো পরামর্শ দেন , কি করতে পারি । ",O O O O O O O O B-Age I-Age I-Age O O O O O O O O O O O O O O O O B-Symptom O O O O O O O B-Symptom I-Symptom I-Symptom I-Symptom I-Symptom O O O O O B-Symptom O O B-Symptom I-Symptom I-Symptom I-Symptom I-Symptom I-Symptom O B-Symptom O O O O B-Symptom I-Symptom I-Symptom O O O O O O O B-Symptom O O O O O O O O O O O O O O O O O O,O O O O O O O O B-Age I-Age O O O O O O O O O O O O O O O O O O O O O O O O O O O O O O O O O O O O O O O O O O O O O O O O O O O O O O O O O O O O O O O O O O O O O O O O O O O O O O O,Symptom,10.334511897999619,,
"ডাক্তার ভাই এর সাথে থাকার জন্য ধন্যবাদ । ভ্যাক্সিন নেয়ার পর জ্বর , মাথা ব্যাথা স্বাভাবিক ভাবে হতে পারে । Rx , Tab Napa 500mg 2 + 2 + 2 - জ্বর ব্যাথা থাকলে , ভরা পেটে Suppository Napa 500mg - ১ স্টিক পায়খানার রাস্তায় দিবেন - জ্বর ১০২ ' এর বেশি থাকলে Tab Famotac 20mg 1 + 0 + 1 - খাবার আগে - ৩ দিন Tab Rivotril 0 . 5mg 0 + 0 + 1 - ঘুমে ব্যাঘাত হলে Advice : দিনে ২ . ৫ - ৩ লি পানি খাবেন Dr < NAME > Mbbs ( du ) ",O O O O O O O O B-Medicine O O O O O O O O O O O O O B-Medicine I-Medicine I-Medicine B-Dosage I-Dosage I-Dosage I-Dosage I-Dosage I-Dosage I-Dosage I-Dosage O O O O B-Medicine I-Medicine I-Medicine O B-Dosage I-Dosage O O O O O O O O O O B-Medicine I-Medicine I-Medicine B-Dosage I-Dosage I-Dosage I-Dosage I-Dosage I-Dosage I-Dosage I-Dosage I-Dosage I-Dosage I-Dosage B-Medicine I-Medicine I-Medicine I-Medicine I-Medicine B-Dosage I-Dosage I-Dosage I-Dosage I-Dosage I-Dosage I-Dosage I-Dosage O O O O O O O O O O O O O O O O O O O O,O O O O O O O O B-Medicine O O B-Symptom O I-Symptom O O O O O O O B-Medicine I-Medicine B-Dosage B-Dosage O B-Dosage O B-Dosage O B-Symptom I-Symptom O O O B-Medical_Procedure B-Medicine I-Medicine B-Dosage B-Dosage O O O O O O O B-Symptom B-Dosage O O O O O B-Medicine B-Medicine B-Dosage B-Dosage O B-Dosage O B-Dosage O O O B-Dosage B-Medicine B-Medicine B-Dosage O B-Dosage O B-Dosage O B-Dosage O B-Symptom O O O O O B-Dosage O B-Dosage O B-Dosage O B-Dosage O O O O O O O O O O O,Medicine,5.195747050000136,,
Amr Allergy hoyeche jeikhane Allergy hoyeche ekdom chulkiye obsta kharap hoye gese . . . toilet er rastar 2 pase hoise eita shudhu barche . . ki krle vlo hobe janaben plz,O B-Symptom O O O O O O O O O O O O O O O O O O O O O O O O O O O O O O,O B-Health_Condition O O B-Health_Condition O O O O O O O O O O O O O O O O O O O O O O O O O O O,Symptom,1.495336349000354,,
"ডাক্তার ভাইকে প্রশ্ন করার জন্য ধন্যবাদ । Tab Fexo 120 , . 0 + 0 + 1 , 7 days ধন্যবাদ",O O O O O O O B-Medicine I-Medicine I-Medicine O O B-Dosage I-Dosage I-Dosage I-Dosage I-Dosage O O O O,O O O O O O O O B-Medicine B-Dosage O O O O O O O O B-Dosage I-Dosage O,Medicine,1.9645519929999864,,
আমার হাত এবং পায়ের তালু ঘামে । এবং এটা নিয়ে বেশ বিব্রতকর পরিস্থিতিতে পড়তে হয় । অনুগ্রহ করে এটা থেকে পরিত্রাণের সঠিক সমাধান জানালে উপকৃত হতাম । ,O B-Symptom I-Symptom I-Symptom I-Symptom I-Symptom O O O O O O O O O O O O O O O O O O O O O,O O O O O O O O O O O O O O O O O O O O O O O O O O O,Symptom,2.4710702029997265,,
আপনাকে ধন্যবাদ প্রশ্ন করার জন্য । আপনি জাতীয় শিশু হাসপাতাল শ্যামলী অথবা পিজি হাসপাতালে শিশু বিভাগে যোগাযোগ করতে পারেন । ধন্যবাদ,O O O O O O O O O O O O O O B-Specialist I-Specialist O O O O O,O O O O O O O O O B-Medical_Procedure O O B-Medical_Procedure I-Medical_Procedure O O O O O O O,Specialist,2.0330782749997525,,
ডাক্তার ভাইকে প্রশ্ন করার জন্য ধন্যবাদ । Tab Bextrum Gold - একটি করে ট্যাবলেট ' একবেলা ১৫ দিন । Tab Xinc B - 1 টি করে ট্যাবলেট দুইবেলা দশ দিন । এবং পেটে ব্যথা হলে Tab Algin 50 - 1 টি করে ট্যাবলেট তিনবেলা তিন দিন খেতে পারেন । ধন্যবাদ,O O O O O O O B-Medicine I-Medicine I-Medicine O B-Dosage I-Dosage I-Dosage I-Dosage I-Dosage I-Dosage I-Dosage O B-Medicine I-Medicine I-Medicine O B-Dosage I-Dosage I-Dosage I-Dosage I-Dosage I-Dosage I-Dosage O O B-Symptom I-Symptom O B-Medicine I-Medicine I-Medicine O B-Dosage I-Dosage I-Dosage I-Dosage I-Dosage I-Dosage I-Dosage O O O O,O O O O O O O O O O O O O O O O O O O O O O O O O O O O O O O O O O O O O O O O O O O O O O O O O O,Medicine,21.014767579000363,,
আপনাকে ধন্যবাদ প্রশ্ন করার জন্য । আপনি একজন অভিজ্ঞ অরথোপেডিক্স সার্জন এর পরামর্শ নিন । ধন্যবাদ । ,O O O O O O O O O B-Specialist I-Specialist O O O O O O,O O O O O O O O O O O O O O O O O,Specialist,4.475861726999938,,
"ধন্যবাদ আপনাকে প্রশ্ন করার জন্য । আপনি গরম পানি লবণ দিয়ে গড়গড়া করুন । আদা চা , মধু , সিভিট খান । গরম পানি খাবেন একটু পর পর । এলারজি উদ্রেককারী খাবার , ধূলাবালি এড়িয়ে চলুন । ঠান্ডা লাগাবেন না । ধন্যবাদ",O O O O O O O O O O O O O O O O O O O O O O O O O O O O O O O O O O O O O B-Symptom O O O O,O O O O O O O O O O O B-Medical_Procedure O O O O O B-Medicine O O O O O O O O O O O O O O O O O O O O O O O O,Symptom,4.575867765000112,,
"আপনাকে ধন্যবাদ প্রশ্ন করার জন্য । এমন কোনো ঔষধ নাই যাতে ফর্সা হওয়া যায় না । বাজারে যে সব ঔষধ পাওয়া যায় তাতে ক্যান্সার হতে পারে । রোদ চশমা , সান গ্লাস , সান ব্লকার ব্যবহার করতে পারেন । ধন্যবাদ । ",O O O O O O O O O O O O O O O O O O O O O O O O O O O O O O O O O O O O O O O O O,O O O O O O O O O O O O O O O O O O O O O O O B-Health_Condition O O O O O O O O O O O O O O O O O,,2.412125367000044,,
ধন্যবাদ আপনাকে প্রশ্ন করার জন্য । এন্টিবায়োটিক ডাক্তারের পরামর্শ ছাড়া খাওয়া যাবেনা । শুধু নাপা খাওাতে পারবেন । ধন্যবাদ,O O O O O O B-Medicine O O O O O O O B-Medicine O O O O,O O O O O O B-Medicine B-Specialist O O O O O O B-Medicine O O O O,Medicine,20.434984471999996,,
আমার বাচ্চার বয়স ২১ দিন ওর শরীরে হালকা গামাছির মত দেখা যায় । বেবি পাউডার দিয়েছে কোন সমস্যা হবে কি ? আর বুকের দুধ কম পেলে দোকানের কোন দুধ খেতে পরবে কি না । ,O O O B-Age I-Age O B-Symptom I-Symptom I-Symptom I-Symptom I-Symptom I-Symptom I-Symptom O O O O O O O O O O O O O O O O O O O O O,O O O B-Age I-Age O O O B-Symptom O O O O O O O O O O O O O O O O O O O O O O O O O,Age,1.990547661999699,,
নাম : < NAME > বয়স : ২১ ৩ / ৪ দিন যাবত ঠান্ডা কাশি সর্দি ও বুকে কফ জমা । জ্বর শরীর ব্যাথা বা গলা ব্যাথা নেই । ঠান্ডার জন্য mirakof syrup টা খাচ্ছে আর পানির ভাপ নিচ্ছে & চা খাচ্ছে । আর কিছু করবে কি পরামর্শ চাচ্ছি । ,O O O O O O O B-Age O O O O O B-Symptom B-Symptom B-Symptom O B-Symptom I-Symptom O O O O O O O O O O O O B-Medicine I-Medicine O O O O O O O O O O O O O O O O O,O O O O O O O O O O O O O O O O O O O O O O O O O O O O O O O O O O O O O O O O O O O O O O O O O O,Symptom,4.444080893000319,,
আপনাকে ধন্যবাদ প্রশ্ন করার জন । ইসুপগুলের ভুষি দিনে বা রাতে যে কোনো সময়ে খাওয়া যায় । ধন্যবাফ,O O O O O O O O O O O O O O O O O O,O O O O O O O O O O O O O O O O O O,,2.8276455389996045,,
"গত দুইদিন আগে হঠাৎ করে জ্বর আসে , তারপর নাপা এবং সাথে এন্টিবায়োটিক খেয়ে নেই এখন শরীরের জ্বর নেই । কিন্তু শরীর খুবই দুর্বল লাগছে মুখে স্বাদ পাচ্ছি না এবং গন্ধ পাচ্ছি না প্রেসার ঠিক আছে । ",B-Symptom I-Symptom I-Symptom I-Symptom I-Symptom I-Symptom I-Symptom O O B-Medicine O O B-Medicine O O O O B-Symptom O O O B-Symptom I-Symptom I-Symptom I-Symptom B-Symptom I-Symptom I-Symptom I-Symptom O B-Symptom I-Symptom I-Symptom O O O O,O O O O O O O O O O O O O O O O O O O O O O O O O O O O O O O O O O O O O,Symptom,5.742080058000283,,
Yes some treatment can be help to grow your hair again . U have to consult with a dermatologist . ,O O O O O O O O O O O O O O O O O O B-Specialist O,O O O O O O O O O O O O O O O O O O B-Specialist O,Specialist,0.8593646369999988,,
"আমার মেয়ের বয়স সাত বছর দুদিন যাবত জ্বর বমি , নাপা খাইছে কিন্তু জর ছারছে না , ",O O O B-Age I-Age O O B-Symptom I-Symptom O B-Medicine O O B-Symptom I-Symptom I-Symptom O,O O O O O O O O O O O O O O O O O,Symptom,2.5179308579999997,,
ওজন কমানো কী এমন কোন ঔষধ বাজারে আছে যা খেলে ওজন কমে যাবে ? ,B-Symptom I-Symptom O O O O O O O O O O O O,O O O O O O O O O O O O O O,Symptom,2.662574682000013,,
লিবারে অতিরিক্ত চর্বি হলে কি করা এবং রক্তে চর্বি হলে কি করা । মহিলা বয়স 51 বছর । ,B-Symptom I-Symptom I-Symptom O O O O B-Symptom I-Symptom O O O O O O B-Age I-Age O,O O O O O O O O O O O O O O O O O O,Symptom,4.119617624000057,,
ডাক্তার ভাইকে প্রশ্ন করার জন্য ধন্যবাদ । অল্প তেল এ রান্না করার খাবার খাবেন । ভাজাপোড়া জাতীয় খাবার পরিহার করুন । ধন্যবাদ । ,O O O O O O O O O O O O O O O O O O O O O O O,O O O O O O O O O O O O O O O O O O O O O O O,,4.9822285959999135,,
"আমার স্ত্রী র বয়স ৩৬ এবং মেয়ের বয়স ১১ । দুজনের মাথার চুল খুব উঠে , মাথায় খুশকি নাই । পরামর্শ চাই",O O O B-Age I-Age O O B-Age I-Age O O B-Symptom I-Symptom I-Symptom I-Symptom O O O O O O O,O O O O O O O O O O O O O O O O O O O O O O,Age,22.86102194599971,,
"আমার ছোট ভাইয়ের জিহ্বার নিচে দুই মাস যাবৎ একটি সাদা গুটির মতো বিচি ওঠেছে । সে একজন ডাক্তার এর পরামর্শ মতো Tab cefotil plus 125mg 1 + 0 + 1 - 7 days . Micoral gel apply 3 times daily 7 days . / Trialon oral paste apply 2 times daily 7 days . use করেছে । কিন্তু সমস্যা সমাধান হচ্ছে না । সমস্যা সমাধানে পরামর্শ দেন । নতুবা নাক , কান , গলা বিশেষজ্ঞ চিকিৎসকের একজন ডাক্তার সাহেব এর Facebook I ' d চাচ্ছিলাম । ( আপনাকে ছবিসহ পাঠানো রেমিটেন্স জন্য ) Name : < NAME > age : 11",O O O B-Symptom I-Symptom I-Symptom I-Symptom I-Symptom I-Symptom I-Symptom I-Symptom I-Symptom I-Symptom I-Symptom O O O O O O O B-Medicine I-Medicine I-Medicine I-Medicine B-Dosage I-Dosage I-Dosage I-Dosage I-Dosage O O O O B-Medicine I-Medicine O B-Dosage I-Dosage I-Dosage O O O O B-Medicine I-Medicine I-Medicine O B-Dosage I-Dosage I-Dosage O O O O O O O O O O O O O O O O O O B-Specialist I-Specialist I-Specialist I-Specialist I-Specialist I-Specialist O O O O O O O O O O O O O O O O O O O O O O O O O B-Age,O O O O O O O O O O O O O O O O O O O O O O O O O O O O O O O O O O O O O O O O O O O O O O O O O O O O O O O O O O O O O O O O O O O O O O O O O O O O O O O O O O O O O O O O O O O O O O O O O O O O O,Medicine,30.34706037899923,,
"করোনা উপসর্গ রোগীর আজ চতুর্থ দিন , অল্প কাশির সাথে অল্প পরিমাণে কফ নির্গত হচ্ছে এটা কি ভালো না খারাপ লক্ষণ ? জ্বর আজ ১০০ . ৫ নিচে নামছে না । নাপা ৬৬৫ খাব নাকি নাপা ৫০০ দুটি একসাথে করে খাব । ",B-Health_Condition O O O O O O O B-Symptom O O O B-Symptom O O O O O O O O O B-Symptom I-Symptom I-Symptom I-Symptom O O O O O B-Medicine I-Medicine O O B-Medicine I-Medicine B-Dosage I-Dosage I-Dosage O O,O O O O O O O O O O O O O O O O O O O O O O O O O O O O O O O O O O O O O O O O O O,Symptom,6.34292342200024,,
আপনাকে ধন্যবাদ প্রশ্ন করার জন্য । আপনাকে প্রেশার এর ঔষধ খেতে হবে । একজন হৃদ রোগ বিশেষজ্ঞ চিকিৎসক এর পরামর্শ নিন । ধন্যবাদ । ,O O O O O O O B-Medicine I-Medicine I-Medicine O O O O B-Specialist I-Specialist I-Specialist O O O O O O O,O O O O O O O O O O O O O O O O O O O O O O O O,Medicine,2.5440801380000266,,
"আমার ছেলের বয়স ২ বছর ১ দিন , কিন্তু এখনও কথা বলে না . . ! শুধু দু ' একটা ইংরেজি লেটার বলে তা ও ওর যখন মন চায় তখন । এমতাবস্থায় করনীয় কি . . ? ",O O O B-Age I-Age I-Age I-Age O O B-Symptom I-Symptom I-Symptom I-Symptom O O O B-Symptom I-Symptom I-Symptom I-Symptom I-Symptom I-Symptom I-Symptom I-Symptom I-Symptom I-Symptom I-Symptom I-Symptom I-Symptom I-Symptom O O O O O O O,O O O O O O O O O O O O O O O O O O O O O O O O O O O O O O O O O O O O O,Symptom,5.566021850999277,,
Thanks for questioning daktarbhai . Syrup . Fenadin 1 . 5 spoon kore dine duibela khawaben for 5 days . Thanks,O O O O O B-Medicine I-Medicine I-Medicine B-Dosage I-Dosage I-Dosage I-Dosage O B-Dosage I-Dosage O O B-Dosage I-Dosage O O,O O O O O O O O O O O O O O O O O O O O O,Dosage,4.098444528000073,,
ডাক্তার ভাই কে প্রশ্ন করার জন্য ধন্যবাদ । Norsol nasal drop continue দিয়ে জান দিনে ৭ - ৮ বার । আর বেশি করে বুকের দুধ খাওয়ান ঠিক হয়ে যাবে । ধন্যবাদ,O O O O O O O O B-Medicine I-Medicine I-Medicine O O O O B-Dosage I-Dosage I-Dosage I-Dosage O O O O O O O O O O O O,O O O O O O O O B-Medicine I-Medicine I-Medicine I-Medicine O O O B-Dosage I-Dosage I-Dosage I-Dosage O O O O O O O O O O O O,Medicine,1.5597015920002377,,
আমার মুখ থেকে বাজে গন্ধ বের হয় এবং দাত কিছুটা হলদে । তারজন্য কি করতে পারি ? ,O B-Symptom I-Symptom I-Symptom I-Symptom I-Symptom I-Symptom O B-Symptom I-Symptom I-Symptom O O O O O O,O O O O O O O O O O O O O O O O O,Symptom,2.7381958300002225,,
"আপনাকে ধন্যবাদ প্রশ্ন করার জন্য । আপনি ভাত , আলু , রুটি , মিষ্টি , চিনি কম খাবেন । নিয়মিত ব্যায়াম করুন । সঠিক সময়ে ঘুমাবেন । রাত জাগবেন না । দুশ্চিন্তা করবেন না । একজন পুষ্টি বিশেষজ্ঞ কে দেখিয়ে আপনার ওজনের ও উচ্চতার অনুপাতে একটি ডায়েট চার্ট তৈরি করুন । ধন্যবাদ । ",O O O O O O O O O O O O O O O O O O O O O O O O O O O O O O O O O O O O B-Specialist I-Specialist O O O O O O O O O O O O O O O,O O O O O O O O O O O O O O O O O O O O O O O O O O O O O O O O O O O O O O O O O O O O O O O O O O O O O,Specialist,5.619454403999953,,
"গত বুধবার হঠাৎ করে বমি ও পাতলা পায়খানা হয় । পরদিন বমি ভালো হয়ে যায় কিন্তু রাতে জ্বর আসে , তাপমাত্রা ১০২ । । পরেরদিন সারাদিন জ্বর ছিল না । । রাতে আবার জ্বর আসে । পরেরদিন সারাদিন তাপমাত্রা ৯৯ F ছিল । । পরেরদিন থেকে আর জ্বর নাই । । প্রথমদিন জ্বরের সাথে কাশি ও সর্দি ছিল । । কাশির সিরাপ আর হিস্টাসিন খেলে ভালো হয়ে যায় । । এখন জ্বর , সর্দি , কাশি নাই । । শরীর দুর্বল ও প্রচন্ড মাথা ব্যাথা । । কি ঔষধ খেতে পারি । । প্রথম থেকে নাপা এক্সট্রা খাচ্ছি । । ",O O O O B-Symptom O B-Symptom I-Symptom O O O B-Symptom O O O O O B-Symptom I-Symptom I-Symptom I-Symptom I-Symptom O O O O B-Symptom O O O O O O B-Symptom O O O O O O O O O O O O O B-Symptom O O O O B-Symptom I-Symptom I-Symptom O B-Symptom O O O B-Medicine I-Medicine O B-Medicine O O O O O O O B-Symptom O B-Symptom O B-Symptom O O O B-Symptom I-Symptom O O B-Symptom I-Symptom O O O O O O O O O O B-Medicine I-Medicine O O O,O O O O B-Symptom O B-Symptom I-Symptom O O O B-Symptom O O O O O B-Symptom O O B-Symptom B-Dosage O O O O B-Symptom O O O O O B-Symptom O B-Symptom O O O O B-Symptom B-Dosage O O O O O O O O O O O O O B-Symptom O B-Symptom O B-Symptom O O O O B-Symptom O B-Symptom O B-Symptom O O O O B-Symptom O B-Symptom I-Symptom O B-Symptom I-Symptom O O O O B-Medicine O O O O O O O O O B-Symptom O B-Symptom O B-Symptom O O,Symptom,7.693020135999177,,
ami koyekdin jabot komore khub betha onubob kortesi ekhn ami ki korte pari ? ? ? ,O O O B-Symptom I-Symptom I-Symptom O O O O O O O O O O,O O O O O O O O O O O O O O O O,Symptom,1.949834412999735,,
"আপনাকে ধন্যবাদ প্রশ্ন করার জন্য । আপনি পানি ও ওরস্যালাইন খেতে পারেন । ক্যালসিয়াম , ভিটামিন বি১ , বি৬ , বি ১২ খেয়ে দেখতে পারেন । একজন মেডিসিন ডাক্তারকে দেখিয়ে নিন । ধন্যবাদ",O O O O O O O O O B-Medicine O O O B-Medicine O B-Medicine I-Medicine I-Medicine I-Medicine I-Medicine I-Medicine I-Medicine O O O O O B-Specialist I-Specialist O O O O,O O O O O O O O O B-Medicine O O O B-Medicine O B-Medicine I-Medicine I-Medicine I-Medicine O O O O O B-Specialist I-Specialist O O O O O O O,Medicine,1.8572620250006366,,
আমার বয়স ১৮বছর । আমার যখন ৭ / ৮ছিল তখন আমার ফগ ওঠেছিল । ফগের কিছু কিছু দাগ এখন ও রয়ে গেছে । কোন ক্রীম ব্যবহার করলে দাগ গুলো ওঠে যাবে ? বললে উপকৃত হব,O O B-Age O O O O O O O O B-Health_Condition I-Health_Condition O O O O O O O O O O O O O O O O O O O O O O,O O O O O O O O O O O O O O O O O O O O O O O O O O O O O O O O O O O,Age,3.839968530999613,,
আমার বউ ৮ মাস গরবোবতি কিন্তু পেটের ভিতরে বেথা করছে খিল মেরে ধরছে বমি করছে,O O B-Health_Condition I-Health_Condition I-Health_Condition O B-Health_Condition I-Health_Condition I-Health_Condition O B-Health_Condition I-Health_Condition I-Health_Condition B-Health_Condition I-Health_Condition,O O O O O O O O O O O O O O O,Health Condition,3.366733349000242,,
ডাক্তার ভাই কে প্রশ্ন করার জন্য ধন্যবাদ । কিসের ভয় করে ? মানুষ বা অন্য কিছু । রাতে কোন মুভি দেখা যাবে না । হরর মুভি বাদ । গেম খেলা যাবে না । হাল্কা ব্যায়াম করবেন । ঘুরতে যাবেন । কিসের ভয় গার্ডিয়ান এর সাথে শেয়ার করবেন । ধন্যবাদ । ,O O O O O O O O O O O O O O O O O O O O O O O O O O O O O O O O O O O O O O O O O O O O O O O O O O,O O O O O O O O O O O O O O O O O O O O O O O O O O O O O O O O O O O O O O O O O O O O O O O O O O,,3.4905999180000435,,
আপনাকে ধন্যবাদ প্রশ্ন করার জন্য । দুইটাই খান । দুইটার দুই কাজে ব্যবহার হয় । ধন্যবাদ । ,O O O O O O O O O O O O O O O O O,O O O O O O O O O O O O O O O O O,,2.4724221930000567,,
"রানের মাঝে ব্যধা করে কি করবো , ব্যধা অন্ডকোস প্রযন্ত গিছে",B-Symptom I-Symptom I-Symptom O O O O B-Symptom I-Symptom I-Symptom O,O O B-Symptom O O O O I-Symptom B-Health_Condition O O,Symptom,2.764854858000035,,
"ডাক্তার ভাই কে প্রশ্ন করার জন্য ধন্যবাদ । চর্ম রোগ আসলে না দেখে বলা যায় না । চুলকানির জন্য tab , Histal 1 + 1 + 1 টা খাবেন । চর্ম রোগ বিশেযজ্ঞের পরামর্শ নিন । ",O O O O O O O O O O O O O O O O O O O B-Medicine I-Medicine I-Medicine B-Dosage I-Dosage I-Dosage I-Dosage I-Dosage O O O B-Specialist I-Specialist I-Specialist O O O,O O O O O O O O O O O O O O O O O O O O O O O O O O O O O O O O O O O O,Medicine,5.1489730629991755,,
আমার বয়স 28 আমি গত 20 / 5 / 20 বৃষ্টিতে ভিজি । পরদিন আমার জর আসে 104 বমি ও পাতলা পায়খানা হয় এভাবে 2 দিন চলে । পরে ডাক্তার এর পরামর্শ অনুযায়ী ইনজেকশন exephine 1 gm bd ব্যবহার করতাছি আমি প্রথম ডোজ নেয়ার পর আমার কাশি শুরু হয় কিন্তু আমার জর বমি সফ সেরে যায় এবং এখন ও আল্লাহর রহমতে সুস্হ । কিন্তু কাশি রয়েছে এখন কি করতে পারি,O O B-Age O O O O O O O O O O O O B-Symptom I-Symptom I-Symptom B-Symptom O B-Symptom I-Symptom O O O O O O O O O O O B-Medicine I-Medicine I-Medicine I-Medicine O O O O O O O O O B-Symptom O O O O B-Symptom B-Symptom O O O O O O O O O O O B-Symptom O O O O O,O O O O O O O O O O O O O O O O O O O O O O O O O O O O O O O O O O O O O O O O O O O O O O O O O O O O O O O O O O O O O O O O O O O O O O,Symptom,3.5591685770004915,,
"প্রস্রাব করার পরও ৮ / ১০ মিনিট ধরে ঢিলা নিলেও অনেক সময় মনে হয় প্রস্রাব পরে এবং তা অনেকাংশে বেশিই হয় । আগে ইউরোলজিস্ট দেখাইসিলাম । কমেছিলো , এখন আবার বেড়ে গেছে । বয়স - ৩০ মেডিসিন , ওসারটিল ৫০ খাচ্ছি ৫ বছর । পরিবারের প্রায় সবারই প্রেসার আছে । ",B-Symptom I-Symptom I-Symptom I-Symptom I-Symptom I-Symptom I-Symptom I-Symptom I-Symptom I-Symptom I-Symptom I-Symptom I-Symptom I-Symptom I-Symptom I-Symptom O O O O O O O B-Specialist O O O O O O O O O O O B-Age O O B-Medicine I-Medicine O O O O O O O B-Health_Condition O O,O O O O O O O O O O O O O O O O O O O O O O O O O O O O O O O O O O O O O O O O O O O O O O O O O O,Symptom,3.787625253000442,,
"Thank you for your question . Your serum Triglyceride is slightly raised than normal . You should do physical exercise regularly . You might need drug . To confirm this you need to visit a doctor with your reports . Avoid fatty food , carbohydrate . Thank you . ",O O O O O O O B-Symptom I-Symptom I-Symptom I-Symptom I-Symptom I-Symptom I-Symptom O O O O O O O O O O O O O O O O O O O O O O O O O O O O O O O O O O O,O O O O O O O O O O O O O O O O O O O O O O O O O O O O O O O O O O O O O O O O O O O O O O O O O,Symptom,5.945058763999441,,
সর্দি দিয়ে রক্ত আসে এখন করনিও কি । আগে জ্বর ছিল কিন্তু এখন আর নেই । ,B-Symptom I-Symptom I-Symptom I-Symptom O O O O O B-Symptom O O O O O O,O O O O O O O O O O O O O O O O,Symptom,3.701489385000059,,
Thanks for your question to daktar Bhai . Please give him syp omidon and consult with child doctor . Thanks,O O O O O O O O O O O B-Medicine I-Medicine O O O B-Specialist I-Specialist O O,O O O O O O O O O O O O O O O O O O O O,Medicine,3.10789154899976,,
"৮ - ১০ যাবত জ্বর , দিনে জ্বর থাকে না , রাতে জ্বর আসে , সাধারণ জ্বরের ঔষধ খাইছে কমেনা , বয়স ২০ বছর । এখন কি যেতে পারে ? ",B-Symptom I-Symptom I-Symptom I-Symptom I-Symptom O B-Symptom I-Symptom I-Symptom I-Symptom O B-Symptom I-Symptom I-Symptom O B-Symptom I-Symptom I-Symptom I-Symptom I-Symptom O O B-Age I-Age O O O O O O,O O O O O O O O O O O O O O O O O O O O O O O O O O O O O O,Symptom,2.59839164099958,,
Face e Bron er prb er solution ki . . . . bolle khub upokar hoy . . . . ,B-Health_Condition I-Health_Condition I-Health_Condition O O O O O O O O O O O O O O O O O,O O O O O O O O O O O O O O O O O O O O,Health Condition,1.1452190629997858,,
"আমি আট মাসের গর্ভবতী , আজ হঠাৎ করে আমার সাদা স্রাব যাচ্ছে , আমার করণীয় কি । ",O B-Health_Condition I-Health_Condition I-Health_Condition O O O O O B-Symptom I-Symptom O O O O O O,O B-Age I-Age B-Health_Condition O O O O O B-Symptom I-Symptom O O O O O O,Health Condition,1.143331646999286,,
ধন্যবাদ আপনাকে প্রশ্ন করার জন্য । প্রতিবার দুধ খাওানোর পর ঢেকুর তোলাবেন । ধৈর্য ধরে ওষুধ খাওয়ান । তেলেভাজা খাবার দিবেন না । আঁশযুক্ত ফল ও সবজি দিন । ধন্যবাদ,O O O O O O O O O O O O O O O O O O O O O O O O O O O O O O,O O O O O O O O O O O O O O O O O O O O O O O O O O O O O O,,4.097410744999252,,
প্রসাবে জালা পরা করে । আমি নিয়মিত পানি পান করি তারপর ও এই সমস্যা এখন কি করব,B-Symptom I-Symptom I-Symptom I-Symptom O O O O O O O O O O O O O,O B-Symptom I-Symptom O O O O O O O O O O B-Health_Condition O O O,Symptom,1.7385967299996992,,
ধন্যবাদ আপনাকে প্রশ্ন করার জন্য । সিরাপ ব্রডিল খাওয়ান । ধন্যবাদ,O O O O O O B-Medicine I-Medicine O O O,O O O O O O B-Medicine I-Medicine O O O,Medicine,1.1441948379997484,,
"ডাক্তার সাহেব আমার খাবার খেতে কোনো রুচি পাইনা , কোনো কিছু খেতে ইচ্ছে করেনা , এখন কি করবো ? ",O O O B-Symptom I-Symptom I-Symptom I-Symptom I-Symptom O B-Symptom I-Symptom I-Symptom I-Symptom I-Symptom O O O O O,O O O O O O O O O O O O O O O O O O O,Symptom,2.5433070170001884,,
ডাক্তার ভাই কে প্রশ্ন করার জন্য ধন্যবাদ । চর্ম রোগের ক্ষেত্রে না দেখে ঔষধ দেওয়া যায় না । একজন Skin বিশেষজ্ঞ চিকিৎসকের পরামর্শ নিন ধন্যবাদ,O O O O O O O O O O O O O O O O O O O B-Specialist I-Specialist I-Specialist O O O,O O O O O O O O O O O O O O O O O O O O O O O O O,Specialist,4.910620310000013,,
আমি প্রায় তিন বছর আগে টিটি টিকার প্রথম ডোজ নিয়েছিলাম কিন্তু সঠিক সময়ে দ্বিতীয় ডোজ নেওয়া হয়নি আমি কি এখন দ্বিতীয় ডোজ নিতে পারবো নাকি প্রথম থেকে দিতে হবে । ,O O O O O B-Medicine I-Medicine B-Dosage I-Dosage O O O O B-Dosage I-Dosage O O O O O B-Dosage I-Dosage O O O O O O O O,O O O O O O O O O O O O O O O O O O O O O O O O O O O O O O,Dosage,95.5136662699997,,
"আসসালামু আলাইকুম , আমার মাতা প্রায় ২ মাস থেকে ঘুরে , অনেক ঔষধ খাইছি , কিন্তু মাতা ঘুরানো কমেনা , এখন আপনারার কাছ থেকে পরামর্শ চাই । ",O O O O B-Health_Condition I-Health_Condition I-Health_Condition I-Health_Condition I-Health_Condition I-Health_Condition O O O O O O O O O O O O O O O O O,O O O O B-Health_Condition O B-Age I-Age O O O O B-Medicine O O O B-Health_Condition O O O O O O O O O O,Health Condition,2.180715225000313,,
আমার স্ত্রী চলতি মাসে consept করেছে । তার গ্যাসটিকের সমস্যা এবং এলার্জি আছে । কোন ঔষধ সেবন করা যেতে পারে । ,O O B-Health_Condition I-Health_Condition I-Health_Condition I-Health_Condition O O B-Health_Condition I-Health_Condition O B-Health_Condition O O O O O O O O O,O O O O O O O O B-Health_Condition I-Health_Condition O B-Health_Condition O O O B-Medicine O O O O O,Health Condition,2.189419237999573,,
Thanks for questioning to daktervai . Yes its possible,O O O O O O O O O,O O O O O O O O O,,1.8106656680001834,,
"আপনাকে ধন্যবাদ প্রশ্ন করার জন্য । আপনি ওরস্যালাইন খান । কাচ কলা , জাউ ভাত খান । ভাল না হলে আবার যোগাযোগ করুন । ধন্যবাদ । ",O O O O O O O B-Medicine O O O O O O O O O O O O O O O O O O,O O O O O O O O O O O O O O O O O O O O O O O O O O,Medicine,10.037601643000016,,
দাঁতের মাড়িতে ব্যাথা একদম ভিতরে যেখানে আক্কেল দাঁত ওঠে ঔষধ টা লিখে দেন please,B-Symptom I-Symptom I-Symptom I-Symptom I-Symptom I-Symptom I-Symptom I-Symptom I-Symptom O O O O O,O O O O O O O O O O O O O O,Symptom,3.9769625949993497,,
owsud Anzet r cloron 2 aksathe khele ki kono prb hobe ? . . ,O B-Medicine O B-Medicine I-Medicine O O O O O O O O O,O O O O O O O O O O O O O O,Medicine,1.8731084990004092,,
"আমার সকাল থেকে জ্বর । ১০১° দিয়ে শুরু হয় এখন ১০৪° । নাপা সকালে , নাপা extend দুপুর ও রাতের খেয়েছি । কিন্তু এখনও কোনো উন্নতি হচ্ছে না । আমি এখন কি করতে পারি । আমি বাসাতেই থাকি । কোথাও যাও হয় নাই । ",O O O B-Symptom O B-Symptom I-Symptom I-Symptom I-Symptom I-Symptom I-Symptom O B-Medicine O O B-Medicine I-Medicine O O O O O O O O O O O O O O O O O O O O O O O O O O O,O O O B-Symptom O B-Symptom O O O O B-Symptom O B-Medicine O O B-Medicine I-Medicine O O O O O O O O O O O O O O O O O O O O O O O O O O O,Symptom,11.7810909359996,,
আপনাকে ধন্যবাদ প্রশ্ন করার জন্য । আপনি বাচ্চাকে আপাতত নরসল দিতে পারেন । বুকের দুধ ও তরল খাবার বেশি খাওয়ান । দুই বছরের আগে বাচ্চাকে প্রয়োজন ছাড়া ঔষধ দেয়া ঠিক নয় । একজন শিশু বিশেষজ্ঞ কে দেখাতে পারেন । ধন্যবাদ । ,O O O O O O O O O B-Medicine O O O O O O O O O O O O O O O O O O O O O O O B-Specialist I-Specialist O O O O O O,O O O O O O O O O B-Medicine O O O O O O O O O O B-Age I-Age O O O O O O O O O O B-Specialist O O O O O O O O,Medicine,4.0635781219998535,,
আপনাকে ধন্যবাদ প্রশ্ন করার জন্য । হেপাটাইটিস বি টেস্ট HbsAg negative থাকলে আপনি হেপাটাইটিস বি এর টিকা নিতে পারবেন । আপনি Engerix B টিকা নিতে পারেন । ধন্যবাদ,O O O O O O B-Medical_Procedure I-Medical_Procedure I-Medical_Procedure I-Medical_Procedure O O O O O O O O O O O B-Medicine I-Medicine I-Medicine O O O O,O O O O O O O O O O O O O O O O O O O O O O O O O O O O,Medical Procedure,5.315523635999853,,
"Thank you for your question Further examination and tests required to evaluate lymphoma and lymphadenopathy like Famly history of cancer , infection , consistency of node , drug history etc . Please visit a medicine specialist for proper diagnosis Thank you",O O O O O O O O B-Medical_Procedure O O O B-Health_Condition O B-Health_Condition O O O O B-Health_Condition O B-Health_Condition O B-Health_Condition I-Health_Condition I-Health_Condition O O O O O O O O B-Specialist I-Specialist O O O O O,O O O O O O O O O O O O B-Health_Condition O B-Health_Condition O O O O O O O O O O O O O O O O O O B-Specialist O O O O O O O,Health Condition,2.3868175830002656,,
amr biya 7yr . . . akn o bby hoine . . amr pblm acy pcos bt onk kom . amr ki osud khata prbo . plz,O O O O O O O O O O O O O O O B-Health_Condition O O O O O O O O O O O,O O B-Age O O O O O O O O O O O B-Health_Condition O O O O O O O O O O O O,Health Condition,2.338086822999685,,
"my babys problems , , orofessial clefts age 1 month 10 days , where i proper treatment , ? wi know present time passing covid 19",O O O O O B-Health_Condition I-Health_Condition O B-Age I-Age I-Age I-Age O O O O O O O O O O O O O O,O O O O O B-Health_Condition I-Health_Condition B-Age I-Age I-Age I-Age I-Age O O O O O O O O O O O O B-Health_Condition I-Health_Condition,Health Condition,7.490865123999356,,
"আস্ সালামু আলাইকুম ওয়া রহমাতুল্লাহ্ । আমার মার বয়স ৬০ বছর , উনার ডাইবেটিস আছে ইনসুলিন নেয় , এছাড়া ও গ্যাসটিক , প্রেসার , ডায়াবেটিস , এলার্জির ঔষধ নিয়মিত সেবন করছে । তাছাড়া ৬ / ৭ বছর আগে উনার গলব্লাডের অপারেশনে পিও থলে ফেলে দেয়া হয়েছে , যার কারনে হজম শক্তি একটু কম । রবিবার থেকে বলতেছে আমার শরীরটা খুব একটা ভাল লাগছে না হঠাৎ আজকে সোমবার সকাল হতে ডিসেন্টি হচ্ছে , এখন তাকে নিয়মিত স্যালাইন খাওয়ানো হচ্ছে , আর জিম্যাক্স ২৫০ মিগ্রা সকালে / রাতে ২ টা খাওয়ানো হয়েছে । এখন রোগী ঘুমাচ্ছে । এখন স্যারের নিকট সাজেশন চাচ্ছি কি করবো কিংবা কি খাওয়াবো । ধন্যবাদ",O O O O O O O O O B-Age I-Age O O B-Health_Condition O B-Medicine O O O O B-Medicine I-Medicine I-Medicine I-Medicine I-Medicine I-Medicine I-Medicine I-Medicine O O O O O O O O O O O B-Medical_Procedure I-Medical_Procedure I-Medical_Procedure I-Medical_Procedure I-Medical_Procedure I-Medical_Procedure I-Medical_Procedure O O O B-Symptom I-Symptom I-Symptom I-Symptom O O O O O O O O O O O O O O O O B-Symptom I-Symptom O O O O B-Medicine O O O O B-Medicine I-Medicine I-Medicine B-Dosage I-Dosage I-Dosage I-Dosage I-Dosage O O O O O O O O O O O O O O O O O O O,O O O O O O O O B-Age I-Age O O O B-Health_Condition O B-Medicine O O O B-Health_Condition O B-Health_Condition I-Health_Condition O B-Medicine O O O O O O O O O O O O B-Medical_Procedure O O O O O O O O O O O O O O O O O O O O O O O O O O O O O O O O O O O O O O O O O O O O O O O O O O O O O O O O O O O O O O O O O O O O O,Medicine,50.54699485099991,,
আপনাকে ধন্যবাদ প্রশ্ন করার জন্য । সমস্যাটি একজন চর্মরোগ বিশেষজ্ঞকে দেখিয়ে এ সংক্রান্ত পরামর্শ নিন । ধন্যবাদ । ,O O O O O O O O B-Specialist I-Specialist O O O O O O O O,O O O O O O O O O O O O O O O O O O,Specialist,2.984044990000257,,
amr kane hotat korer sobdo hoy . kintu ektu por thik hoye jai . ar amr buk dhorfor kore . sahos pai na . r cokh diye pani pore,O B-Symptom I-Symptom I-Symptom I-Symptom O O O O O O O O O O O B-Symptom I-Symptom O O B-Symptom I-Symptom I-Symptom O O B-Symptom I-Symptom I-Symptom I-Symptom,O O O O O O O O O O O O O O O O O O O O O O O O O O O O O,Symptom,20.133423186000073,,
"Thanks for # eeking help from daktar bhai . Yes , those medicines are used for cough , sneezing or asthma . Thank you",O O O O O O O O O O O O O O O O B-Symptom O B-Symptom O B-Symptom O O O,O O O O O O O O O O O O O O O O O O O O O O O O,Symptom,20.17887139100003,,
my son say he feel bad inside his belly . small pain . what can I do now ? ,O O O O B-Symptom I-Symptom I-Symptom I-Symptom I-Symptom O B-Symptom I-Symptom O O O O O O O,O O O O O O O O O O B-Symptom I-Symptom O O O O O O O,Symptom,2.584430961999715,,
আমার ছেলের বয়স ৪ মাস কানে ইনফেকশান কানে অনেক ব্যাথা কান দিয়ে পুজ পরে এই অব্থায় কি করা যায় এখন কোনো ডাক্তারে কাছে ও যেতে পারি না,O O O B-Age I-Age B-Health_Condition I-Health_Condition B-Symptom I-Symptom I-Symptom B-Symptom I-Symptom I-Symptom I-Symptom O O O O O O O O O O O O O,O O O O O O O O O O O O O O O O O O O O O O O O O O O,Symptom,2.1487997379999797,,
"আমি একটা বিষয় আপনাদের থেকে জানতে চাই , কুমারী মেয়েদের কোনো মাসে মাসিক বন্ধ হয়ে যায় কি , নাকি বিয়ের পর মাসিক বন্ধ হয়",O O O O O O O O O O O O O O O O O O O O O O O O,O O O O O O O O O O O O O O O O O O O O O O O O,,1.2897909820003406,,
আপনাকে ধন্যবাদ প্রশ্ন করার জন্য । আপনার সমস্যা গুরুতর যা প্রাথমিক চিকিৎসা তে কমবে না । আপনি একজন ফিজিক্যাল মেডিসিন বিশেষজ্ঞ কে দেখাতে পারেন । ধন্যবাদ । ,O O O O O O O O O O O O O O O O O O B-Specialist I-Specialist I-Specialist O O O O O O,O O O O O O O B-Symptom O O B-Medical_Procedure I-Medical_Procedure O O O O O O B-Specialist I-Specialist I-Specialist O O O O O O,Specialist,37.128191290999894,,
Tab napa 500mg 1 + 1 + 1 + 1 after meal for 5 days . Do covid 19 test,B-Medicine I-Medicine I-Medicine B-Dosage I-Dosage I-Dosage I-Dosage I-Dosage I-Dosage O O O O O O O O B-Medical_Procedure I-Medical_Procedure I-Medical_Procedure,O O O O O O O O O O O O O O O O O O O O,Medicine,7.353798361999907,,
"ডাক্তার ভাইকে প্রশ্ন করার জন্য ধন্যবাদ । Tab Monas 10 , 0 + 0 + 1 , 7 days . Tab Fexo 120 , 0 + 0 + 1 , 7 days . ধন্যবাদ",O O O O O O O B-Medicine I-Medicine I-Medicine O B-Dosage I-Dosage I-Dosage I-Dosage I-Dosage O O O O B-Medicine I-Medicine I-Medicine O B-Dosage I-Dosage I-Dosage I-Dosage I-Dosage O O O O O,O O O O O O O O O O O O O O O O O O O O O O O O O O O O O O O O O O,Medicine,3.131778076000046,,
আপনাকে ধন্যবাদ প্রশ্ন করার জন্য । আপনার সমস্যা না দেখে বোঝা যাচ্ছে না । আপনি একজন নাক কান গলা রোগ বিশেষজ্ঞ চিকিৎসক কে দেখিয়ে নিশ্চিত হয়ে চিকিৎসা নিন । ধন্যবাদ । ,O O O O O O O O O O O O O O O O B-Specialist I-Specialist I-Specialist I-Specialist I-Specialist I-Specialist O O O O O O O O O,O O O O O O O O O O O O O O O O O O O O O O O O O O O O O O O,Specialist,4.807625640999504,,
বেশ কয়েকদিন যাবত গলায় খুব ব্যাথা সেই সাথে কাশি হয় । কাশির সাথে ঘন কফ বেরহয় আর বুকে খুব ব্যাথা হয় । জর ও আছে । ,O O O B-Symptom I-Symptom I-Symptom O O B-Symptom O O B-Symptom I-Symptom I-Symptom I-Symptom O O B-Symptom I-Symptom I-Symptom O O B-Symptom O O O,O O O O O B-Symptom O O B-Symptom O O O O O B-Symptom O O O O B-Symptom O O B-Symptom O O O,Symptom,2.4360776240000632,,
আমার স্ত্রীর পেটের মধ্যে ব্যাথা করছে । কি ঔষধ খেলে তাড়াতাড়ি ভালো হয় । ,O O B-Symptom I-Symptom I-Symptom O O O O O O O O O,O O O O B-Symptom O O O B-Medicine O O O O O,Symptom,5.00696854600028,,
প্রশ্ন করার জন্য ধন্যবাদ । আপনি করোনা টেস্ট করান এবং সরাসরিভাবে ডাক্তারের সাথে কথা বলে পরামর্শ নিন । ধন্যবাদ । ,O O O O O O B-Medical_Procedure I-Medical_Procedure O O O O O O O O O O O O,O O O O O O O O O O O O O O O O O O O O,Medical Procedure,4.443129840999973,,
আসসালামু আলাইকুম । আমার বয়স ২৫ । গত পরশুদিন হালকা বৃষ্টিতে ভিজে রাতে অনেক জ্বর হয় । এরপর আমি এক্সপা এক্সআর খাই রাতে জ্বর একটু কমলেও আবার ভোর রাতে অনেক জ্বর উঠে । সকালে আবার এক্সপা এক্সআর খাই । তারপর সারাদিন আর জ্বর উঠে নাই । রাত ১০ টার দিকে আবার জ্বর উঠে । আজ দুপুরে টাইমেন এক্সআর খাই । জ্বরের সাথে হালকা খুসখুসে কাশি ছিল । আজ গরম পানির ভাপ দেয়ার পর আর নেই । আজ সকাল থেকে মনে হচ্ছে নাকে ঘ্রাণ পাচ্ছিনা । ফার্মেসিতে গেলে এ্যাজিরক্স - ৫০০ দেয় । নাকের একপাশ বন্ধ সর্দি নাই । হাত - পা চিবায় । পরামর্শ দিলে খুবই উপকৃত হব । ধন্যবাদ । ,O O O O O B-Age O O O O O O O O B-Symptom O O O O B-Medicine I-Medicine O O B-Symptom O O O O O O B-Symptom O O O O B-Medicine I-Medicine O O O O O B-Symptom O O O O O O O O B-Symptom O O O O B-Medicine I-Medicine O O B-Symptom O O B-Symptom I-Symptom O O O O O O O O O O O O O O O O B-Symptom I-Symptom I-Symptom O O O B-Medicine I-Medicine I-Medicine O O B-Symptom I-Symptom I-Symptom B-Symptom O O B-Symptom I-Symptom I-Symptom I-Symptom O O O O O O O O O,O O O O B-Age I-Age O O O O O O O O B-Symptom O O O O B-Medicine I-Medicine O O B-Symptom O O O O O O O B-Symptom O O O O B-Medicine I-Medicine O O O O O O B-Symptom O O O O O O O O O O B-Symptom O O O O B-Medicine I-Medicine O O B-Symptom O O O B-Symptom I-Symptom O O O O O O O O O O O O O O O O O O O O O O O O O O O O O O O O O O O O O O O O O,Symptom,50.14814073100024,,
প্রশ্ন করার জন্য অনেক ধন্যবাদ / ইসোবগুলের ভুসি আপনি পানিতে মিশিয়ে খেতে পারেন দুধ বা দই মিশানোর প্রয়োজন নেই / ,O O O O O O B-Medicine I-Medicine O O O O O O O O O O O O,O O O O O O O O O O O O O O O O O O O O,Medicine,3.255934109000009,,
"ডাক্তার ভাইকে প্রশ্ন করার জন্য ধন্যবাদ । Tab Cef 3 DS , 1 + 0 + 1 , 7 Days . এবং অবশ্যই একজন ডেন্টিস্টের পরামর্শ নিবেন । ধন্যবাদ",O O O O O O O B-Medicine I-Medicine I-Medicine I-Medicine O B-Dosage I-Dosage I-Dosage I-Dosage I-Dosage O O O O O O O B-Specialist O O O O,O O O O O O O O O O O O O O O O O O O O O O O O O O O O O,Medicine,2.9492542680000042,,
ডাক্তার ভাইতে প্রশ্ন করার জন্যে আপনাকে ধন্যবাদ । আপনি একজন শিশু বিশেষজ্ঞ চিকিৎসক কে দেখিয়ে পরামর্শ নিবেন । ,O O O O O O O O O O B-Specialist I-Specialist O O O O O O,O O O O O O O O O O B-Age I-Age B-Specialist I-Specialist O O O O,Specialist,1.138173827999708,,
Thank you for your question . She can but within limit . No contraindication . Thank you . ,O O O O O O O O O O O O O O O O O O,O O O O O O O O O O O O O O O O O O,,5.555397159000677,,
আপনার প্রশ্নের জন্য ধন্যবাদ । করোনা ভাইরাস প্রতিরোধের কোন ওষুধ নেই । ধন্যবাদ,O O O O O B-Health_Condition I-Health_Condition O O O O O O,O O O O O B-Health_Condition I-Health_Condition O O B-Medicine O O O,Health Condition,3.5934226509998553,,
"আমি তিন বছর পর বেবি নিবো , জাতে বেবি না হয় , এখন আমি কি পদখেপ নিতে পারি",O O O O O O O B-Health_Condition I-Health_Condition I-Health_Condition I-Health_Condition O O O O O O O,O O O O O O O O O O O O O O O O O O,Health Condition,1.8186093220001567,,
Thanks for questioning daktarbhai . Bethar jaygay ektu gorom shake din . voy pawar Karone hoise . Thik HOA jabe . gas r problem hole Tab . Acifix 1 + 0 + 1 for 7 days khan . Thanks,O O O O O O O O O O O O O O O O O O O O O O O O O O O B-Medicine B-Dosage I-Dosage I-Dosage I-Dosage I-Dosage I-Dosage I-Dosage I-Dosage O O O,O O O O O O O O O O O O O O O O O O O O O O O O O O O O O O O O O O O O O O O,Medicine,24.205329102000178,,
আপনাকে ধন্যবাদ প্রশ্ন করার জন্য । আপনি গরম পানির ধোয়া নাকে নিয়ে দেখতে পারেন । এলাট্রল জাতীয় ঔষধ রাতে একটা করে খান । একজন মেডিসিন বিশেষজ্ঞ পরামর্শ নিন । ধন্যবাদ,O O O O O O O O O O O O O O O B-Medicine O O O O O O O O B-Specialist I-Specialist O O O O,O O O O O O O O O O O O O O O O O O O O O O O O O O O O O O,Medicine,13.3578643740002,,
amr Age 22 . Hut pore prochondo matha var lagtese chokh betha kortese ki korte pari . ,O O B-Age O B-Symptom I-Symptom I-Symptom I-Symptom I-Symptom O B-Symptom I-Symptom O O O O O,O O O O O O O O O O O O O O O O O,Symptom,2.847114584999872,,
"আমার ছেলের বয়স ১ বছর ১৬ / ১৭ দিন গতকাল দুপুর থেকে মুখের ভিতরে দেখছি সাদা সাদা সাবু দানার মত বের হইছে , , আবার কোথায়ওও কেটে গেছে এমন ও মনে হচ্ছে , , কিছুই খেতে চাচ্ছে না , প্রায় সারারাত কান্নাকাটি করছে , ডক্টরের পরামর্শ নিয়ে নাইস্টাটিন ড্রব দিয়েও কোন কাজ হচ্ছে না । ",O O O B-Age I-Age I-Age I-Age I-Age I-Age O B-Symptom I-Symptom I-Symptom I-Symptom I-Symptom I-Symptom I-Symptom I-Symptom I-Symptom I-Symptom I-Symptom I-Symptom O O O B-Symptom I-Symptom I-Symptom I-Symptom I-Symptom I-Symptom I-Symptom O O B-Symptom I-Symptom I-Symptom I-Symptom O O O O O O O O O B-Medicine I-Medicine O O O O O O,O O B-Age I-Age I-Age I-Age I-Age I-Age O O O O O O O O O O O O O O O O O O O O O O O O O O O O O O O O O O O O O O O B-Medicine I-Medicine O O O O O O,Symptom,3.893191983000179,,
Thanks for questioning to daktervai . Do a pregnancy test to confirm and continue your others treatment and go for follow up,O O O O O O O O B-Medical_Procedure I-Medical_Procedure O O O O O O O O O O O O,O O O O B-Specialist O O O B-Medical_Procedure I-Medical_Procedure O O O O O O O O O O O O,Medical Procedure,1.3531096249998882,,
"psychiatrist ডাক্তারের সাথে যোগাযোগের ব্যবস্থা করে দেন স্যার , , , কিভাবে জোগাজোগ করতে পারব পরামর্শ দেন স্যার",B-Specialist O O O O O O O O O O O O O O O O O,O O O O O O O O O O O O O O O O O O,Specialist,2.2357701600003566,,
"আপনাকে ধন্যবাদ প্রশ্ন করার জন্য । শরীর দূর্বলের কারন না খুজে ঔষধ খেলে আপনার দূর্বলতা নাও কমতে পারে । ভিটামিন শুধু শরীরে ভিটামিন এর অভাবে যদি দূর্বলতা দেখা দেয় সেখানে কাজ করে । আপনি ডাক্তারকে দেখিয়ে দুর্বলতা এর কারন খুজে বের করে সেই মত ঔষধ সেবন করুন । পানি কাহ্ন । ওরস্যালাইন খেতে পারেন । দুধ , ডিম , মাংস , মাছ , ফল খান । ধন্যবাদ",O O O O O O O O O O O O O O O O O O O O O O O O O O O O O O O O O O O O O O O O O O O O O O O O O O O B-Medicine O O O O O O O O O O O O O O O,O O O O O O O O O O O O O O O O O O O O O O O O O O O O O O O O O O O O O O O O O O O O O O O O O O O O O O O O O O O O O O O O O O O,Medicine,6.852400618000502,,
বয়স প্রায় তিন বছর ঠিকমতন খাওয়া - দাওয়া করে না খেতে চায় না খাওয়ায় অরুচি একদিন পর পর পায়খানা করে পায়খানা কষা এখনো এখনো দাঁড়াতে পারে না মানে সেভাবে হাতে পায়ে বল না,O O B-Age I-Age O B-Symptom I-Symptom I-Symptom I-Symptom I-Symptom B-Symptom I-Symptom I-Symptom B-Symptom I-Symptom B-Symptom I-Symptom I-Symptom I-Symptom I-Symptom B-Symptom I-Symptom O O B-Symptom I-Symptom I-Symptom O O B-Symptom I-Symptom I-Symptom I-Symptom,O O O O O O O O O O O O O O O O O O O O O O O O O O O O O O O O O,Symptom,2.710716931999741,,
My daughter has been tested covid positive today . Please give me advice on how to manage the condition and look after her . She is 19 years old . ,O O O O O B-Health_Condition I-Health_Condition O O O O O O O O O O O O O O O O O O O B-Age I-Age I-Age O,O O O O O B-Health_Condition I-Health_Condition O O O O O O O O O O O O O O O O O O O B-Age I-Age I-Age O,Health Condition,17.639504019000015,,
"Rx , Jessocaine Jelly - apply locally Dr < NAME > Mbbs",O O B-Medicine I-Medicine O O O O O O O O,O O O O O O O O O O O O,Medicine,3.3282265010002448,,
 ( এনাল ফিশার ) এই রোগের জন্য কোন ডাক্তার কে দেখা ? ? ? ,O B-Health_Condition I-Health_Condition O O O O O O O O O O O,O B-Health_Condition I-Health_Condition O O O O O O O O O O O,Health Condition,7.953725260000283,,
"আমার স্ত্রীর বয়স ৩০ বছর , ৪দিন ধরে কাশি ও গলাব্যাথা । বাচ্ছা বুকের দুধ খায় । বাচ্ছার বয়স ১৪ মাস । ",O O O B-Age I-Age O B-Symptom I-Symptom I-Symptom O B-Symptom O B-Health_Condition I-Health_Condition I-Health_Condition O O O O B-Age I-Age O,O O O O O O O O O O O O O O O O O O O O O O,Age,3.2666909930003385,,
ডাক্তার ভাইকে প্রশ্ন করার জন্য আপনাকে ধন্যবাদ ৷ আপনার বাচ্চার বয়স ৪বছর নাকি ৪মাস তা এখানে বোধগম্য নয় । আপনি একজন শিশু বিশেষজ্ঞ কে দেখান । আর জরের জন্য নাপা সিরাপ খাওয়ান । ধন্যবাদ,O O O O O O O O O O O O O O O O O O O O O B-Specialist I-Specialist O O O O O O B-Medicine I-Medicine O O O,O O O O O O O O O O B-Age I-Age O B-Age I-Age O O O O O O O B-Specialist I-Specialist O O O O B-Symptom I-Symptom O B-Medicine I-Medicine O,Specialist,6.011326900000313,,
আপনাকে ধন্যবাদ প্রশ্ন করার জন্য । আপনার ঔষধ চালিয়ে যান । সাথে সিরাপ হানিকল দুই চামচ করে তিন বেলা খেতে পারেন । ধন্যবাদ । ,O O O O O O O O O O O O B-Medicine I-Medicine B-Dosage I-Dosage I-Dosage I-Dosage I-Dosage O O O O O,O O O O O O O O O O O O O O O O O O O O O O O O,Medicine,26.833377035000012,,
আপনাকে ধন্যবাদ প্রশ্ন করার জন্য । বাচ্চাকে বুকের দুধ খাওয়াতে হবে । নাক বন্ধ থাকলে নরসল দিতে পারেন । বাচ্চা যেন বেশি না ঘামে সেই দিকে লক্ষ রাখতে হবে । আবার ঠান্ডা সময় গরম কাপড় দিয়ে ঢেকে রাখতে হবে । অসুস্থ না হলে কোনো ঔষধ খাওয়ার প্রয়োজন নেই । ধন্যবাদ । ,O O O O O O O O O O O O B-Symptom I-Symptom O B-Medicine O O O O O O O O O O O O O O O O O O O O O O O O O O O O O O O O O O O,O O O O O O O O O O O O O O O O O O O O O O O O O O O O O O O O O O O O O O O O O O O O O O O O O O O,Symptom,5.6384619549999115,,
আপনার প্রশ্নের জন্য ধন্যবাদ । আপনার সমস্যা গুরুতর । না দেখে সমাধান দেয়া যাচ্ছে না । অতিসত্বর নিকটবর্তী হাসপাতালের জরুরি বিভাগে যান । ধন্যবাদ,O O O O O O O O O O O O O O O O O O O O O O O O,O O O O O O O O O O O O O O O O O O O O O O O O,,2.30580817200007,,
আমার মিসেস গর্ভবতি থাকা অবস্থায় সারা গায়ে অসংখ্য কালো কালো দাগ হয়েছিলো । এখন আমার বাচ্চার বয়স ৬ মাস কিন্তু দাগগুলো আগের মতোই আছে । কি করবো পরামর্শ দিতে মজি হয় । ,O O B-Health_Condition O O O B-Symptom I-Symptom I-Symptom I-Symptom I-Symptom O O O O O O B-Age I-Age O O O O O O O O O O O O O,O O B-Health_Condition I-Health_Condition I-Health_Condition O O O O O B-Symptom O O O O O B-Age I-Age O O B-Symptom O O O O O O O O O O O,Health Condition,3.7869350820001273,,
will my nominee get any discount from daktarbhaii app ? specially when he or she ( nominee ) needs to admit into a hospital,O O O O O O O O O O O O O O O O O O O O O O O O,O O O O O O O B-Specialist O O O O O O O O O O O O O O O O,,0.9862230740000086,,
ডাক্তার ভাই কে প্রশ্ন করার জন্য ধন্যবাদ । norsol drop ১ফোটা করে উভয় নাকে দিনে ৪বার । ,O O O O O O O O B-Medicine I-Medicine B-Dosage O O O O O O,O O O O O O O O O O O O O O O O O,Medicine,31.447142117000112,,
"Age 20 , male , facing these problems for 3 months matha betha kore , matha ghurai , matha var hoe jai , Nisshash nite kosto hoi , Chokh e often sob ghola ghola lage , some times bomi bomi lage , Weight gain hosse na , Physically weak lage , Most of the time khub osthir lage and nervous lage , Study te concentrate korte kosto hoi , Kisu valo lage na . why am i facing these problems ? what would be best to do for me ? ",O B-Age O O O O O O O O O B-Symptom I-Symptom O O B-Symptom I-Symptom O B-Symptom I-Symptom O O O B-Symptom I-Symptom I-Symptom I-Symptom O B-Symptom I-Symptom I-Symptom I-Symptom I-Symptom I-Symptom I-Symptom O B-Symptom I-Symptom I-Symptom I-Symptom I-Symptom O B-Symptom I-Symptom I-Symptom I-Symptom O B-Symptom I-Symptom I-Symptom O O O O O B-Symptom I-Symptom I-Symptom O B-Symptom I-Symptom O B-Symptom I-Symptom I-Symptom I-Symptom I-Symptom I-Symptom O B-Symptom I-Symptom I-Symptom I-Symptom O O O O O O O O O O O O O O O O O,O B-Age O O O O O O O B-Symptom I-Symptom O B-Symptom I-Symptom O B-Symptom I-Symptom I-Symptom O B-Symptom I-Symptom I-Symptom I-Symptom O B-Symptom O O O O B-Symptom I-Symptom I-Symptom I-Symptom O O O B-Symptom I-Symptom I-Symptom O B-Symptom I-Symptom O O O O O O O O O O O O O O O O O O O O O O O O O O O O O O O O O O O O O O O O O O O O O O O O,Symptom,110.45192060199952,,
করোলা ভাইরাস সংক্রমণের থেকে বাচার আমাদের কোরো নিয় কি ? আমাদের একটু বলেদেন । ,B-Health_Condition I-Health_Condition O O O O O O O O O O O O,O B-Health_Condition I-Health_Condition O O O O O O O O O O O,Health Condition,1.9468238989993552,,
আমার বউ কে কি ডি রাইজ ২০০০০ খাওয়ানো যাবে ? সে ৮ মাস ২০ দিনের গর্ভবতী । তার পায়ের রগ টান খায় অনেক বেশি । ,O O O O B-Medicine I-Medicine I-Medicine O O O O B-Health_Condition I-Health_Condition I-Health_Condition I-Health_Condition I-Health_Condition O O B-Symptom I-Symptom I-Symptom I-Symptom O O O,O O O O O O O O O O O O O O O O O O O O O O O O O,Medicine,2.330633886999749,,
"ধন্যবাদ আপনার প্রশ্নের জন্য । এলাট্রল খান । আদা চা , মধু , সিভিট খান । মাথা ব্যাথা হলে নাপা খাবেন । ধন্যবাদ",O O O O O B-Medicine O O O O O O O O O O O O O B-Medicine O O O,O O O O O O O O O O O O O O O O O O O O O O O,Medicine,3.3524283710003147,,
"urine Catheter jinis ta ki ? ar operation cost kmn hoy darona dite parle vlo hoto , Birdem hospital e ki koranu jai ? ? ? ",O O O O O O O O O O O O O O O O O O O O O O O O O O,O O O O O O O O O O O O O O O O O O O O O O O O O O,,2.7996755419999317,,
"আমার ভাবীর পাইলসের সমস্যা আজকে দুইতিন দিন ধরে টাটকা রক্ত যায় , এমনি কোনো ব্যথা হয় না । এখন কি করবো",O O B-Health_Condition O O O O O B-Symptom I-Symptom I-Symptom O O O B-Symptom O O O O O O,O O B-Health_Condition I-Health_Condition O B-Dosage I-Dosage O O B-Symptom O O O O O O O O O O O,Symptom,3.7753598869994676,,
ডাক্তার ভাইকে প্রশ্ন করার জন্য ধন্যবাদ । ঘাড়ে ব্যথার স্থানে গরম সেঁক দিতে পারেন । এছাড়া ঘাড়ে ব্যথা না কমলে Tab Myolax 50 mg দুইবেলা তিন দিন খেতে পারেন । ধন্যবাদ,O O O O O O O B-Symptom I-Symptom O O O O O O O B-Symptom I-Symptom I-Symptom I-Symptom B-Medicine I-Medicine I-Medicine I-Medicine B-Dosage I-Dosage I-Dosage O O O O,O O O O O O O O O O O O O O O O O O O O O O O O O O O O O O O,Symptom,2.884097713999836,,
"ধন্যবাদ আপনাকে প্রশ্ন করার জন্য । ব্লাড সুগার চেক করাবেন । আপনি তরল খাবার , স্যালাইন , পানি খাবেন । আপনি শাকসব্জি , ফল , আঁশযুক্ত খাবার , শসা , তরমুজ খাবেন । এরা শরীরে পানি ধরে রাখে । গোসল করবেন নিয়মিত । ধন্যবাদ । ",O O O O O O O O O O O O O O O B-Medicine O O O O O O O O O O O O O O O O O O O O O O O O O O O O O,O O O O O O B-Symptom I-Symptom O O O O O O O O O O O O O O O O O O O O O O O O O O O O O O O O O O O O O,Medicine,2.370340106000185,,
বাচ্চার বয়স ৬বছর ৭ মাস আজ দুপুরে তার জ্বর আসছে আমি তাকে নাপা সিরাপ খেয়েছি কিন্তু তার জ্বর এখন প্রায় ১০৩ ডিগ্রি সেলসিয়াস এখন একটা নাপা ১২৫ সাপোসিটরি দিছি এখন যদি জ্বর না কমে তাহলে আমি কি করতে পারি,O O B-Age I-Age I-Age O O O B-Symptom I-Symptom O O B-Medicine I-Medicine O O O B-Symptom I-Symptom I-Symptom I-Symptom I-Symptom I-Symptom O O B-Medicine I-Medicine I-Medicine O O O B-Symptom I-Symptom I-Symptom O O O O O,O O O O O O O O O O O O O O O O O O O O O O O O O O O O O O O O O O O O O O O,Symptom,7.689105213000403,,
আমি কথা বলার সময় মুখে লালা জমে যায় । আমার ভয়েজ ও অনেক লো শুনা যায় । কথা বলার সময় প্রতি টা শব্দ থেমে থেমে উচ্চারণ করছি এরকম শুনা যায় । এর কি কোন চিকিৎসা আছে । # আমার ঠান্ডা লাগলে টনসিলের ব্যাথা হয় । ,O B-Symptom I-Symptom I-Symptom I-Symptom I-Symptom I-Symptom O O O B-Symptom I-Symptom I-Symptom I-Symptom I-Symptom I-Symptom O B-Symptom I-Symptom I-Symptom I-Symptom I-Symptom I-Symptom I-Symptom I-Symptom I-Symptom I-Symptom I-Symptom I-Symptom I-Symptom O O O O O O O O O B-Symptom I-Symptom I-Symptom I-Symptom I-Symptom O,O O O O O B-Symptom I-Symptom O O O O O O O O O O O O O O O O O O O O O O O O O O O O O O O O O O B-Symptom O B-Health_Condition I-Health_Condition,Symptom,4.005417927999588,,
কাশি র জন্য ১ চামচ মধু গরম পানি তে নিয়ে দিনে ২ বার খেতে দিবেন । ধন্যবাদ । ,B-Symptom O O O O O O O O O O O O O O O O O,O O O O O O O O O O O O O O O O O O,Symptom,10.272778763000133,,
"Sir , Amr baby age 23 month . Sir baby gutokal theke pete gas . Pet fola dekha jai . Baby kal paikhana korese sonda bela kinto ajj koreni . khete chai na . Khete gelei bumi kore dei . Sir ami pepnor sirap half chamos deasi ajj sukal bela . Ekn ki korte sir baby junno . ",O O O O O B-Age I-Age O O O O O B-Symptom I-Symptom O B-Symptom I-Symptom O O O O O O O O O O O O O B-Symptom I-Symptom I-Symptom O O O B-Symptom O O O O O B-Medicine I-Medicine B-Dosage I-Dosage I-Dosage O O O O O O O O O O O,O O O O O O O O O O O O O O O O O O O O O O O O O O O O O O O O O O O O O O O O O O O O O O O O O O O O O O O O O O,Symptom,4.765658376999454,,
