sl,id,source_sentence,paraphrased_sentence
119738,95739,লেখক অধ্যাপক অমল কুমার চৌধুরী অধ্যাপক কার্ডিওলজি বিভাগ ন্যাশনাল ইন্সটিটিউট অব কার্ডিওভাসকুলার ডিজিজ এনআইসিভিডি,লেখক অধ্যাপক অমল কুমার চৌধুরী প্রফেসর কার্ডিওলজি বিভাগের ন্যাশনাল ইনস্টিটিউট অফ কার্ডিওভাসকুলার ডিজিজেস এনআইসিভিডি
72273,45168,এ জন্য কিছু পরীক্ষা করা যেতে পারে এবং সুষম খাওয়ার অভ্যাস করতে হবে,এ জন্য কিছু পরীক্ষা করা যেতে পারে এবং সুষম খাবারের অভ্যাস করতে হবে।
158155,136661,প্রচুর পরিমাণে পানি বা তরল খাবার ও ভিটামিন সিযুক্ত খাবার খেতে হবে,প্রচুর পানি বা তরল পান করুন এবং ভিটামিন সি সমৃদ্ধ খাবার খান।
65427,37964,কারণ প্রতিযোগিতার এ সময়ে কর্মক্ষেত্রে ইন্টারভিউয়ে সামাজিক অনুষ্ঠানে নিজেকে যোগ্য ও ভিন্নভাবে উপস্থাপনের চেষ্টা,কারণ প্রতিযোগিতার এই সময়ে কর্মক্ষেত্রের সাক্ষাৎকারে সামাজিক অনুষ্ঠানে নিজেকে যোগ্য ও ভিন্নভাবে উপস্থাপন করার চেষ্টা করুন।
30075,112,টুপি পরে বা অন্য কোনো চুলের প্রসাধনীর সাহায্যে চুলকে সুরক্ষিত রাখতে হবে,একটি টুপি বা অন্যান্য চুলের আনুষাঙ্গিক পরা দ্বারা চুল সুরক্ষিত করা উচিত।
23678,28189,পার্বত্য অঞ্চলের উর্বর জমিগুলোতে ব্যাপক আকারে তামাক চাষ হচ্ছে,পার্বত্য অঞ্চলের উর্বর জমিতে ব্যাপক হারে তামাক চাষ হয়।
134859,111741,যেহেতু এখনো নভেল করোনাভাইরাসের কোন ভ্যাকসিন আবিষ্কৃত হয়নি তাই আমরা হার্ড ইমিউনিটি বলতে বেশিরভাগ মানুষের জীবাণুর সংস্পর্শে আসাকে বুঝাচ্ছি,"যেহেতু নোভেল করোনাভাইরাসের কোনো ভ্যাকসিন আবিষ্কৃত হয়নি, তাই আমরা সবচেয়ে বেশি লোকের ভাইরাসের সংস্পর্শে আসার জন্য কঠোর প্রতিরোধ ক্ষমতা ব্যবহার করি।"
176419,156278,বলা হয় সর্বশেষ ২৪ ঘণ্টায় মঙ্গলবার সকাল আটটা থেকে বুধবার সকাল আটটা পর্যন্ত ডেঙ্গু নিয়ে ২৯৬ জন দেশের বিভিন্ন হাসপাতালে ভর্তি হয়েছেন,মঙ্গলবার সকাল ৮টা থেকে বুধবার সকাল ৮টা পর্যন্ত গত ২৪ ঘণ্টায় ডেঙ্গুতে আক্রান্ত হয়ে দেশের বিভিন্ন হাসপাতালে ২৯৬ জন ভর্তি হয়েছেন বলে জানা গেছে।
132468,109237,তবে ওষুধের ব্যবহার সম্পর্কে বিশ্ব স্বাস্থ্য সংস্থা সতর্ক করে দিয়েছে,তবে ওষুধের ব্যবহার নিয়ে সতর্ক করেছে বিশ্ব স্বাস্থ্য সংস্থা।
4083,4788," চীনাবাদামে পর্যাপ্ত অ্যান্টি-অক্সিডেন্ট থাকে, যা ক্যানসার প্রতিরোধ করে",চিনাবাদামে রয়েছে পর্যাপ্ত অ্যান্টি-অক্সিডেন্ট যা ক্যান্সার প্রতিরোধ করে।
74457,47504,এতে শরীরের কোনো ক্ষতি হয় না,এতে শরীরের কোনো ক্ষতি হয় না।
142134,119433,তবে এমন খবরে আতঙ্কিত হননি বলে জানান তিনি,তবে এ ধরনের খবরে তিনি ভীত নন বলে জানান।
186434,166328,সম্পূর্ণ সেদ্ধ হয়ে পানি শুকিয়ে যাওয়া পর্যন্ত মাঝারি আঁচে রান্না করুন,মাঝারি আঁচে রান্না করুন যতক্ষণ না সম্পূর্ণ সিদ্ধ হয় এবং জল শুকিয়ে যায়।
84661,58334,হাঁটতে গেলে মানুষ কেন হাঁপিয়ে ওঠে এ বিষয়ে বিস্তারিত জানিয়েছেন মুন্নু মেডিকেল কলেজ ও হাসপাতালের হৃদরোগ বিভাগের প্রধান  অধ্যাপক ডা মোহাম্মদ সাইফউল্লাহ,মুন্নু মেডিক্যাল কলেজ ও হাসপাতালের কার্ডিওলজি বিভাগের প্রধান অধ্যাপক ডাঃ মোহাম্মদ সাইফুল্লাহ কেন হাঁটার সময় হাঁটতে হাঁটতে হাঁটতে পারে সে সম্পর্কে বিস্তারিত জানিয়েছেন।
117168,93017,সেখান থেকেই মূলত মেডিসিনের প্রতি তার বিশেষ আগ্রহ তৈরি হয়,সেখান থেকেই চিকিৎসার প্রতি তার বিশেষ আগ্রহ গড়ে ওঠে।
110853,86323,যে কেউই করোনা আক্রান্ত হতে পারেন,যে কেউ করোনা ভাইরাসে আক্রান্ত হতে পারে।
105001,80124,ক্রনিক মায়েলোয়েড লিউকেমিয়া সিএমএল তার মধ্যে অন্যতম,ক্রনিক মাইলয়েড লিউকেমিয়া সিএমএল তাদের মধ্যে একটি।
181464,161342,জ্বাল কমিয়ে ভাজা ভাজা করে রান্না করুন,আঁচ কমিয়ে ভাজা না হওয়া পর্যন্ত রান্না করুন।
9448,11061, সেই কারণে কিডনি রোগীর সংখ্যা এখন বাড়ছে,যে কারণে কিডনি রোগীর সংখ্যা এখন বাড়ছে।
178532,158403,এদিকে গত ২৪ ঘণ্টায় করোনা থেকে সুস্থ হয়েছেন ৪৬ জন,গত ২৪ ঘণ্টায় ৪৬ জন কোভিড-১৯ থেকে সুস্থ হয়েছেন।
168259,147618,যেমন সন্তানধারণ করলে শুরু থেকেই দ্বিগুণ খাবার খেতে হবে প্রচুর ভাত খেতে হবে এসব ঠিক নয়,"যেমন, সন্তান হলে শুরু থেকেই দ্বিগুণ খাবার খেতে হবে এবং প্রচুর ভাত খেতে হবে- এগুলো ঠিক নয়।"
30069,106,সাদা চুল রং করতে চাইলে প্রাকৃতিক পদ্ধতি অবলম্বন করা যেতে পারে,সাদা চুলে রং করতে চাইলে প্রাকৃতিক উপায় অবলম্বন করা যেতে পারে।
28456,33802,চিকিৎসা পদ্ধতির অজস্র ত্রুটির দায় মাথায় নিয়ে ১৯৫১ সালে পরলোকে পাড়ি দেন ভোরোনফ,"1951 সালে, ভোরোনফ অসংখ্য চিকিৎসা ত্রুটির দায় নিয়ে মারা যান।"
156519,134896,নখ এবং ত্বকে নিয়মিত ময়েশ্চারাইজার ব্যবহার করে মসৃণ রাখুন,নিয়মিত ময়েশ্চারাইজার ব্যবহার করে নখ ও ত্বক মসৃণ রাখুন।
7817,9115,"চিকিৎসকদের কথায়, দুপুর বা বিকালের দিকে বাইরের তাপমাত্রা মারাত্মক আকার নেয়","চিকিৎসকদের মতে, বিকেল বা বিকেলে বাইরের তাপমাত্রা মারাত্মক আকার ধারণ করে।"
5255,6156, এই দুই ধরনের ফাইবার শরীরে রক্তে শর্করার মাত্রা কমায়,এই দুই ধরনের ফাইবার শরীরে রক্তে শর্করার মাত্রা কমায়।
9849,11539, গত একদিনে ডেঙ্গুতে আক্রান্ত হয়ে ১৮৯ জন রোগী হাসপাতালে ভর্তি হয়েছেন,গত দিনে ডেঙ্গুতে আক্রান্ত হয়ে হাসপাতালে ভর্তি হয়েছেন ১৮৯ জন।
130691,107384,বাংলাদেশের একজন বৈচিত্র্যময় এবং অগ্রগামী হেলথকেয়ার পেশাজীবী উদ্যোক্তা ও সমাজসেবী হিসেবে তিনি স্বাস্থ্যসেবা ব্যবস্থাপনায় উল্লেখযোগ্য পরিবর্তন সাধন করেছেন বিশেষত দীর্ঘদিন ধরে অসুস্থ রোগীদের মধ্যে রোগের নিরাময় বিষয়ক প্রচারণা এবং বাংলাদেশে কম খরচে উন্নত প্রযুক্তির আন্তর্জাতিক ফার্মা পণ্য ও মেডিক্যাল ডিভাইস নিয়ে আসার ক্ষেত্রে অত্যন্ত গুরুত্বপূর্ণ ভূমিকা রেখেছেন,"বাংলাদেশের একজন বৈচিত্র্যময় এবং অগ্রগামী স্বাস্থ্যসেবা পেশাদার উদ্যোক্তা এবং জনহিতৈষী হিসাবে, তিনি স্বাস্থ্যসেবা ব্যবস্থাপনায় উল্লেখযোগ্য পরিবর্তন করেছেন, বিশেষ করে দীর্ঘস্থায়ী অসুস্থ রোগীদের নিরাময়ের জন্য প্রচারাভিযানে, এবং কম খরচে, উচ্চ প্রযুক্তির আন্তর্জাতিক ফার্মা পণ্য এবং চিকিৎসা আনার ক্ষেত্রে সহায়ক ভূমিকা পালন করেছেন। বাংলাদেশে ডিভাইস।"
191767,171661,গরমে কাঁচা আমের ডাল সকলেরই খুব প্রিয় খাবার,গ্রীষ্মকালে কাঁচা আমের ডাল সবারই প্রিয় খাবার।
48711,19996,পাঁচ ধূমপান কিডনিতে রক্ত চলাচল ব্যহত করে,5. ধূমপান কিডনিতে রক্ত ​​​​প্রবাহকে ব্যাহত করে।
132177,108922,আমাদের দেশে গড় বয়স ২৭ বছর এখন পর্যন্ত মৃত্যু হার সবচেয়ে বেশি ১৬ ৬৫ থেকে ৭৪ বছর এর মধ্যে,"আমাদের দেশে গড় বয়স 27 বছর, এবং মৃত্যুর হার 1665 থেকে 74 বছরের মধ্যে সর্বোচ্চ।"
6604,7708, মেটাবলিজম বাড়ার কারণে দেহ থেকে মেদের বহর দ্রুত গতিতে কমে যাবে,"মেটাবলিজম বৃদ্ধির কারণে, শরীর দ্রুত হারে চর্বি হারাবে।"
22726,27037, তাকে দেখা গেছে একের পর এক কমেডি সিরিজেও,একের পর এক কমেডি ধারাবাহিকেও দেখা গেছে তাকে।
810,953,"সাংবাদিকদের আরেক প্রশ্নের জবাবে তিনি বলেন, ‘ঢালাওভাবে বলা—এটা কাজ করছে না, ওটা কাজ করছে না! আমার ফলাফলই তো বলে দিচ্ছে কোনটা কাজ করছে","সাংবাদিকদের আরেক প্রশ্নের জবাবে তিনি বলেন: 'এটা ক্লিনলি বললে- এটা কাজ করছে না, কাজ হচ্ছে না! আমার ফলাফল আমাকে বলে কি কাজ করে."
113504,89106,পটাশিয়াম ও খনিজসমৃদ্ধ ফলমূল ও শাকসবজি খেলে পটাশিয়াম শরীর থেকে সোডিয়ামকে বের করে দিয়ে রক্তচাপ কমিয়ে আনে,পটাসিয়াম এবং খনিজ পটাসিয়াম সমৃদ্ধ ফল এবং শাকসবজি খাওয়া শরীর থেকে সোডিয়াম অপসারণ করে রক্তচাপ কমায়।
90859,64897,এটি স্মৃতিশক্তি হ্রাসের পাশাপাশি সিদ্ধান্ত গ্রহণে কোনো বিষয়ে মনোনিবেশ করা ও সহজেই বিভ্রান্ত হওয়ার মতো সমস্যা দেখা দিতে পারে,এর ফলে স্মৃতিশক্তি হ্রাসের পাশাপাশি মনোযোগ দিতে এবং সহজে সিদ্ধান্ত নিতে সমস্যা হতে পারে।
37748,8290,এ সময়ে হঠাৎ গরম হঠাৎ বৃষ্টি,এ সময় হঠাৎ গরম ও হঠাৎ বৃষ্টি হচ্ছে।
129626,106269,যে কোনো রোগে আক্রান্ত হলেই নিকটস্থ হাসপাতালে যেন চিকিৎসা দেয়া হয়,কোনো রোগ হলে নিকটস্থ হাসপাতালে চিকিৎসা দিতে হবে।
19645,23339, কিন্তু যাদের শরীরে অ্যালবুমিনের পরিমাণ বেশি তারা সেদ্ধ ডিমের সাদা অংশ খাবেন না,কিন্তু যাদের শরীরে অ্যালবুমিনের পরিমাণ বেশি তাদের সেদ্ধ ডিমের সাদা অংশ খাওয়া উচিত নয়।
60152,32322,যাদের চিকেন পক্স অথবা সিঙ্গেল হয়েছে শুধু তাদের ক্ষেত্রে রামজি হান্ট সিনড্রম হতে পারে,চিকেন পক্স বা চিকেন পক্সে আক্রান্ত ব্যক্তিরাই রামজি-হান্ট সিনড্রোম হতে পারে।
64048,36447, জ্বর হলে জ্বর কমাতে শুধু প্যারাসিটামল খাওয়াতে হবে,জ্বর হলে জ্বর কমানোর জন্য শুধুমাত্র প্যারাসিটামল খেতে হবে।
160889,139624,থাইরয়েড গ্রন্থির কোনো অংশ টিউমারের মতো ফুলে উঠলে তাকে বলা হয় থাইরয়েড নডিউল,থাইরয়েড গ্রন্থির কোনো অংশ টিউমারের মতো ফুলে গেলে তাকে থাইরয়েড নডিউল বলে।
54784,26538,হঠাৎ পা ফুলে যাওয়া খুবই স্বাভাবিক ঘটনা,হঠাৎ পা ফুলে যাওয়া খুবই স্বাভাবিক।
129465,106086,তাই এখন আমাদের ঝুঁকি নিয়েই নিত্যদিনের কাজকর্ম ও যাতায়াত করতে হবে,তাই এখন আমাদের দৈনন্দিন কাজকর্ম করতে হবে এবং নিজ দায়িত্বে ভ্রমণ করতে হবে।
142388,119699,সার্স ও মার্স পরিবারের সদস্য নতুন ভাইরাসের নাম দেয়া হয়েছে নভেল করোনাভাইরাস,সারস এবং মঙ্গল গ্রহের পরিবারের সদস্য নতুন ভাইরাসটির নামকরণ করা হয়েছে নভেল করোনাভাইরাস।
142235,119538,বাবা বিদেশে অবস্থান করার কারণে পরিবারের সবার স্বাস্থ্যসেবার ব্যাপারে লক্ষ্য রাখতে হতো,বাবা বিদেশে থাকার সুবাদে তাকে পরিবারের সবার স্বাস্থ্যের যত্ন নিতে হয়েছে।
139137,116279,এ সময় গ্রামের লোকেরা তাকে গ্রামে থাকতে নিষেধ করে,এ সময় গ্রামের লোকজন তাকে গ্রামে থাকতে নিষেধ করে।
77727,50972,প্রশ্ন টেকসই উন্নয়ন নিশ্চিতকরণে জনগণের সুস্বাস্থ্য গুরুত্বপূর্ণ,প্র: টেকসই উন্নয়ন নিশ্চিত করতে মানুষের সুস্বাস্থ্য গুরুত্বপূর্ণ।
198811,178705,যাঁদের ত্বক অতিরিক্ত শুষ্ক তারা ময়েশ্চারাইজার লাগানোর আগে চাইলে হাইড্রেটিং সিরাম বা শিট মাস্ক বা টোনার ব্যবহার করতে পারেন,"যাদের ত্বক অত্যন্ত শুষ্ক তারা ময়েশ্চারাইজার লাগানোর আগে হাইড্রেটিং সিরাম, শীট মাস্ক বা টোনার ব্যবহার করতে পারেন।"
66401,38994,পরোক্ষ ধূমপানের কারণে প্রতি বছর মার্কিন অধুমপায়ীদের মধ্যে প্রায়ই ৭ হাজার ৩০০ জনের ফুসফুসের ক্যান্সারের কারণে মৃত্যুবরণ করে,"সেকেন্ডহ্যান্ড ধোঁয়া প্রতি বছর মার্কিন ধূমপায়ীদের মধ্যে ফুসফুসের ক্যান্সারে প্রায় 7,300 জন মারা যায়।"
166159,145371,রুচির সমস্যা যেমন খেতে ইচ্ছা না করা খিদে না থাকা বা বেশি বেশি খাওয়া,"ক্ষুধার সমস্যা যেমন খেতে না চাওয়া, ক্ষুধা না লাগা বা বেশি খাওয়া"
188688,168582,এক কথায় বলতে গেলে স্কিবেসজাম্পিং হলো এমন একটি চরম খেলা যেখানে উঁচু পাহাড় থেকে এক লাফে স্কি করতে হয়,"সংক্ষেপে, স্কি বেস জাম্পিং একটি চরম খেলা যেখানে আপনাকে একবারে একটি উঁচু পাহাড় থেকে লাফ দিতে হবে।"
150192,128056,যাঁদের মারাত্মক জটিলতা হওয়ার আশঙ্কা তাঁদের লক্ষণ শুরু হওয়ার দুই থেকে চার দিনের মধ্যে রেসপিরেটরি প্যানেল টেস্ট করাতে হবে,যাদের গুরুতর জটিলতার ঝুঁকি রয়েছে তাদের লক্ষণ শুরু হওয়ার দুই থেকে চার দিনের মধ্যে একটি শ্বাসযন্ত্রের প্যানেল পরীক্ষা করা উচিত।
163810,142808,কারণ এসব শরীরকে পানিশূন্য করে,কারণ এগুলো শরীরকে ডিহাইড্রেট করে।
65430,37967,শতাংশের দিক দিয়ে এর অবস্থান ৪৭ এর পর যথাক্রমে চোখ ৩১  সুগন্ধি ১১  পোশাক ৭ আর চুল ৪ শতাংশ,"শতাংশের দিক থেকে এর অবস্থান যথাক্রমে ৪৭, চোখ ৩১ পারফিউম, ১১ জামাকাপড় ৭ এবং চুল ৪ শতাংশ।"
181499,161379,বইপ্রেমীরা বুক মার্ক ব্যবহার করেন কেন বইয়ের পড়ার অংশটুকু খুঁজে পেতে,বইপ্রেমীরা বইয়ের যে অংশটি পড়ছেন তা খুঁজে বের করতে বুকমার্ক ব্যবহার করেন কেন?
112317,87890,সম্প্রতি গবেষণায় জানা যায় মাড়ি রোগের সঙ্গে শুধু হৃদরোগ সম্পৃক্ত নয় বরং মাড়ি রোগের কারণে ব্রেন স্ট্রোক হতে পারে,"সাম্প্রতিক গবেষণায় দেখা গেছে যে মাড়ির রোগের সাথে শুধু হৃদরোগই জড়িত নয়, মাড়ির রোগের কারণে ব্রেন স্ট্রোকও হতে পারে।"
128745,105336,তার আগেই লকডাউনের অধিকাংশ বিধিনিষেধ তুলে নেওয়া হয়েছে,তার আগেই লকডাউনের বেশিরভাগ নিষেধাজ্ঞা তুলে নেওয়া হয়েছে।
68412,41078,এ সময় জলবসন্ত বা চিকেনপক্সসহ অন্যান্য সংক্রামক রোগও বেশি হয়,এ সময় চিকেনপক্স বা চিকেনপক্সসহ অন্যান্য সংক্রামক রোগ বেশি দেখা যায়।
72465,45371,বিশেষ করে শিশুদের ঝুঁকি বেশি,শিশুরা বিশেষ করে ঝুঁকির মধ্যে রয়েছে।
89987,63951,লিউকোপ্লাকিয়ার পরীক্ষানিরীক্ষা  লিউকোপ্লাকিয়ার সাদা দাগ ধীরে ধীরে বিস্তার লাভ করে,লিউকোপ্লাকিয়া পরীক্ষা লিউকোপ্লাকিয়ার সাদা ছোপ ধীরে ধীরে বিকাশ লাভ করে।
160068,138736,আগে সন্তান ধারণের সময়ও গর্ভকালীন ডায়াবেটিস ছিল,পূর্ববর্তী গর্ভাবস্থায় গর্ভকালীন ডায়াবেটিস ছিল।
101073,75854,বিএমডি দ্বারা হাড়ের ঘনত্ব সঠিকভাবে নির্ণয় করে হাড় ভাঙার ঝুঁকি এবং এর সঠিক চিকিৎসা নির্ধারণ করা যায়,"সঠিকভাবে হাড়ের ঘনত্ব পরিমাপ করে, BMD ফ্র্যাকচারের ঝুঁকি এবং উপযুক্ত চিকিৎসা নির্ধারণে সাহায্য করতে পারে।"
106474,81676,তাই স্বাদু পানির মাছেও আয়োডিন খুব বেশি থাকে না,তাই মিঠা পানির মাছেও খুব বেশি আয়োডিন থাকে না।
9198,10750, মহামারির শুরু থেকে এ পর্যন্ত মোট শনাক্তের হার ১৩ দশমিক ২১ শতাংশ,মহামারী শুরুর পর থেকে মোট সনাক্তকরণের হার 13.21 শতাংশ।
21615,25687, যাদের ডায়াবেটিস আছে তাদের ১০ শতাংশ এই টাইপ ওয়ানে আক্রান্ত,ডায়াবেটিস রোগীদের প্রায় 10 শতাংশের টাইপ 1 ডায়াবেটিস রয়েছে।
112235,87791,এর আগে বিশ্বের অনেক দেশ টিকা গ্রহণের পর রোগীর প্রধান রক্তনালীতে রক্তচাপ বেড়ে যাওয়ার খবরে অ্যাস্ট্রাজেনেকার ভ্যাকসিন ব্যবহার স্থগিত করে,"এর আগে, ভ্যাকসিন গ্রহণের পর রোগীদের প্রধান রক্তনালীতে রক্তচাপ বেড়ে যাওয়ার খবরে বিশ্বের অনেক দেশ অ্যাস্ট্রাজেনেকার ভ্যাকসিনের ব্যবহার স্থগিত করেছিল।"
98626,73172,অভিভাবককে ১৪ দিন আইসোলেশনে থাকতে হবে এবং এটিকে স্বাভাবিকভাবে নিতে হবে,অভিভাবককে 14 দিনের জন্য বিচ্ছিন্ন অবস্থায় থাকতে হবে এবং সাধারণত এটি গ্রহণ করতে হবে।
129879,106538,ফুসফুস ছাড়া হৃদযন্ত্রও আক্রান্ত হতে পারে,ফুসফুস ছাড়াও হার্টও আক্রান্ত হতে পারে।
66177,38759,"শুষ্কতা
সারা দিন পানি পান না করার কারণে মুখে লালা নিঃসরণ কমে যাওয়ায় মুখ শুষ্ক হয়ে পড়ে",শুষ্কতা সারাদিন পানি না খাওয়ার কারণে মুখের লালা নিঃসরণ কমে যায় এবং মুখ শুষ্ক হয়ে যায়।
10076,11802,"এবারের ১০ম আন্তর্জাতিক এই ফোরামে ২৪টি দেশের ৪৩ জন আইএফসি প্রতিনিধি, নীতিনির্ধারক, শীর্ষ খাদ্য উৎপাদক, নির্মাতা, খুচরা বিক্রেতা, পর্যটন কোম্পানি, কোল্ড চেইন লজিস্টিক সরবরাহকারী, ভোক্তা সংস্থা এবং অন্যান্য মূল স্টেকহোল্ডারসহ ৩০০ জন প্রতিনিধিসহ অংশগ্রহণ করবেন","এই 10তম আন্তর্জাতিক ফোরামে 24টি দেশের 43 জন IFC প্রতিনিধি, নীতি নির্ধারক, শীর্ষ খাদ্য উৎপাদনকারী, প্রস্তুতকারক, খুচরা বিক্রেতা, পর্যটন কোম্পানি, কোল্ড চেইন লজিস্টিক প্রদানকারী, ভোক্তা সংস্থা এবং 300 জন প্রতিনিধি সহ অন্যান্য মূল স্টেকহোল্ডাররা অংশগ্রহণ করবেন।"
145013,122486,চাকাগুলো শক্ত যেমন ফাইব্রোডেনোমা বা ক্যানসার বা তরলে ভরা যেমন সিস্ট কি না তা নির্ধারণ করতে আলট্রাসাউন্ড পরিপূরক তথ্য প্রদান করে যা একটি ম্যামোগ্রাম পেতে পারে না,"আল্ট্রাসাউন্ড অতিরিক্ত তথ্য প্রদান করে যা একটি ম্যামোগ্রাম নিশ্চিত করতে পারে না যে পিণ্ডগুলি শক্ত কিনা, যেমন ফাইব্রোডেনোমাস বা ক্যান্সারযুক্ত, বা তরল ভরা, যেমন সিস্ট।"
54403,26115,ভিটামিনসি বা অ্যাসকরবিক এসিড আয়রন শোষণে সাহায্য করে,ভিটামিন সি বা অ্যাসকরবিক অ্যাসিড আয়রন শোষণে সাহায্য করে।
112813,88389,আর এই কাজটি কে করবে   সরকার ও নীতি নির্ধারকদেরকে এ কাজে এগিয়ে আসতে হবে,"আর এ কাজ কারা করবে, এ কাজে সরকার ও নীতিনির্ধারকদের এগিয়ে আসতে হবে।"
2816,3309, এ ছাড়াও অন্যান্য প্রায় সবগুলো হাসপাতালেই শয্যা ফাঁকা রয়েছে,এ ছাড়া বাকি প্রায় সব হাসপাতালেই শয্যা খালি রয়েছে।
41260,12068,তাতে দিনে শনাক্তের হার হয়েছে শূন্য দশমিক ৪৪ শতাংশ,প্রতিদিন সনাক্তকরণের হার 0.44 শতাংশ।
189058,168952,শরীরের পানিশূন্যতা পূরণ করে ক্লান্তি দূর করতে পানি এবং পানীয়জাতীয় খাবারের কোনো বিকল্প নেই,শরীরের হাইড্রেশন পূরণ করতে এবং ক্লান্তি দূর করতে পানি ও পানীয়ের কোনো বিকল্প নেই।
188902,168796,ভিটামিন সি নিউরোট্রান্সমিটার উৎপাদনের জন্য অপরিহার্য,ভিটামিন সি নিউরোট্রান্সমিটার উৎপাদনের জন্য অপরিহার্য।
167030,146305,যেমন পেটের আলট্রাসনোগ্রাম বা প্যাপস স্মিয়ার পরীক্ষা,যেমন পেটের আল্ট্রাসাউন্ড বা প্যাপ স্মিয়ার পরীক্ষা
134553,111419,মেন্যু সিলেকশন সঠিকভাবে করতে হবে যেন তা থেকে সব পুষ্টি উপাদান পাওয়া যায়,মেনু নির্বাচন সঠিকভাবে করা উচিত যাতে এটি থেকে সমস্ত পুষ্টি পাওয়া যায়।
92597,66752,তাই নিজেকে সুরক্ষিত রাখতে বিভিন্ন প্রক্রিয়াজাত মাংস ও চিজ খাওয়া থেকে বিরত থাকতে হবে,"নিজেকে রক্ষা করার জন্য, আপনাকে বিভিন্ন প্রক্রিয়াজাত মাংস এবং পনির খাওয়া এড়িয়ে চলতে হবে।"
178490,158361,মঙ্গলবার স্বাস্থ্য অধিদপ্তর থেকে পাঠানো করোনাবিষয়ক নিয়মিত সংবাদ বিজ্ঞপ্তিতে এসব তথ্য জানানো হয়েছে,মঙ্গলবার স্বাস্থ্য অধিদপ্তর থেকে পাঠানো করোনা সংক্রান্ত নিয়মিত প্রেস বিজ্ঞপ্তিতে এ তথ্য জানানো হয়।
190727,170621,সারাদিন না খেয়ে থাকার কারণে ইফতারের পর ক্লান্ত লাগতে পারে,সারাদিন না খেয়ে থাকার কারণে ইফতারের পর ক্লান্ত বোধ হতে পারে।
28291,33619, তবে বর্তমানে রোগীর চাপ আগের থেকে অনেক বেশি,কিন্তু আগের তুলনায় আজ রোগীর চাপ অনেক বেশি।
100164,74855,আবার কারো কারো দাঁতে গর্ত,কারও কারও দাঁতে ছিদ্র রয়েছে।
112904,88482,যখনই কোনো একটি হরমোনের ঘাটতি নজরে আসবে অতিদ্রুত তা পূরণের চেষ্টা করতে হবে,"যখনই হরমোনের ঘাটতি লক্ষ্য করা যায়, যত তাড়াতাড়ি সম্ভব তা সংশোধন করা উচিত।"
180473,160350,বিভিন্ন ভেষজ উপাদান হলুদ বেসন ও বাদামের গুঁড়ো মিশিয়ে তৈরি করা হতো এই রূপচর্চার পণ্য,"বিভিন্ন ভেষজ উপাদান, হলুদ, বেসন এবং বাদাম গুঁড়ো মিশিয়ে তৈরি করা হয়েছে এই সৌন্দর্য পণ্যটি।"
170637,150155,অবাক করা ব্যাপার হলো কোনো ধরনের ব্যথার অনুভূতি আমার হয়নি,"আশ্চর্যজনকভাবে, আমি কোন ব্যথা অনুভব করিনি।"
88987,62926,তাছাড়া পাইলস যখন খুব বড় হয় তখন মনে হয় মলদ্বারের চতুর্দিকের সব এলাকায় পাইলস ছড়িয়ে পড়ে,তাছাড়া পাইলস যখন অনেক বড় হয় তখন মনে হয় পাইলস মলদ্বারের আশেপাশের সব জায়গায় ছড়িয়ে পড়ে।
146322,123897,পুষ্টিসম্পন্ন খাবার গ্রহণ এবং নিয়মিত ব্যায়ামের মাধ্যমে ওজন এখনো ৬৩ কেজিতে ধরে রাখতে সক্ষম হয়েছি,পুষ্টিকর খাবার খেয়ে এবং নিয়মিত ব্যায়াম করে আমি আমার ওজন ৬৩ কেজি ধরে রাখতে পেরেছি।
137860,114954,৪ ঘরে ঢুকেই পরিহিত কাপড় ডিটারজেন্ট দিয়ে জীবাণুমুক্ত করতে হবে এবং হাত সাবানপানি দিয়ে কমপক্ষে ২০ সেকেন্ড ধরে ভালোভাবে ধুয়ে ফেলতে হবে,4 ঘরে ঢোকার পর পরা জামাকাপড় ডিটারজেন্ট দিয়ে জীবাণুমুক্ত করতে হবে এবং কমপক্ষে 20 সেকেন্ডের জন্য সাবান ও জল দিয়ে হাত ভালোভাবে ধুতে হবে।
143391,120736,কিন্তু এগুলোর কোনোটিই ভাইরাসটির নাম নয়,কিন্তু এগুলোর কোনোটিরই নাম ভাইরাস নয়।
171679,151273,লুপাস মাথার ত্বকে প্রদাহ সৃষ্টি করে চুল পড়ার হার বাড়িয়ে দেয়,"লুপাস মাথার ত্বকে প্রদাহ সৃষ্টি করে, চুল পড়ার হার বাড়িয়ে দেয়।"
164775,143878,অতিরিক্ত মিষ্টিজাতীয় খাবার না খাওয়াই ভালো,বেশি মিষ্টি জাতীয় খাবার না খাওয়াই ভালো।
171403,150969,ভারী ব্যায়াম শুরুর আগে বয়স ও ফিটনেস অনুযায়ী ৬ থেকে ১৫ মিনিট কিছুটা হালকা ব্যায়াম ওয়ার্মআপ করে নিতে পারেন,"ভারী ব্যায়াম শুরু করার আগে, আপনি আপনার বয়স এবং ফিটনেস স্তরের উপর নির্ভর করে কিছু হালকা ব্যায়ামের সাথে 6 থেকে 15 মিনিটের ওয়ার্ম-আপ করতে পারেন।"
182092,161972,তাই ঘামাচি প্রতিরোধের জন্য বরং ঘামের বিষয়েই বেশি সচেতন থাকা প্রয়োজন,তাই চ্যাফিং প্রতিরোধে ঘামের ব্যাপারে আরও সচেতন হওয়া প্রয়োজন।
31930,2078,শীতকাল এলেই যাদেরকে কানের ইনফেকশনে ভুগতে হয় তাদের জন্য পরামর্শ হচ্ছে নিয়মিত নাক পরিষ্কার করা,যারা শীতকালে কানের সংক্রমণে ভোগেন তাদের জন্য নিয়মিত নাক পরিষ্কার করার পরামর্শ দেওয়া হয়।
78447,51725,ব্যথানাশক ওষুধ ও এসপিরিন জাতীয় ওষুধ সেবন থেকে যথা সম্ভব বিরত থাকতে হবে এবং নিয়মিত খাবার খেতে হবে,যতটা সম্ভব ব্যথানাশক ও অ্যাসপিরিন গ্রহণ এড়িয়ে চলুন এবং নিয়মিত খাবার খান।
145115,122595,কিন্তু বাস্তবতা হলো ব্যায়ামপরবর্তী সময়ে পেশিগুলো স্বাভাবিক অবস্থায় ফিরে যাওয়ার জন্য পানি ধরে রাখে,কিন্তু বাস্তবতা হল ব্যায়ামের পর মাংসপেশি স্বাভাবিক অবস্থায় ফেরার জন্য পানি ধরে রাখে।
96762,71189,এর কারণে জিহ্বা খুব মসৃণ দেখা যেতে পারে,এর ফলে জিহ্বা খুব মসৃণ দেখাতে পারে।
153368,131468,এভাবে বাক্সটি ডিপ ফ্রিজে রেখে দিলে মাছের টুকরাগুলো সুন্দরভাবে বরফে থাকবে,ডিপ ফ্রিজারে বক্সটি এভাবে রাখলে মাছের টুকরোগুলো ভালোভাবে জমে থাকবে।
69029,41742,গত কয়েক দিন ধরে হাসপাতালটিতে ঘণ্টায় গড়ে ৮০ জন রোগী ভর্তি হচ্ছে,গত কয়েকদিন ধরে হাসপাতালে প্রতি ঘণ্টায় গড়ে ৮০ জন রোগী আসছে।
6683,7805, অভিযানকালে মেয়র আতিকুল ইসলাম কাউকে না জানিয়ে বিভিন্ন ওয়ার্ডে আকস্মিক পরিদর্শনে যাওয়ার ঘোষণাও দেন,প্রচারণা চলাকালে মেয়র আতিকুল ইসলামও কাউকে কিছু না জানিয়ে বিভিন্ন ওয়ার্ড পরিদর্শনের ঘোষণা দেন।
80570,53974,ক্রনিক বা দীর্ঘমেয়াদি অল্প অল্প ব্যথা থেকে পরে তীব্র ব্যথা হতে পারে,দীর্ঘস্থায়ী বা দীর্ঘমেয়াদী ব্যথা হালকা ব্যথা থেকে গুরুতর ব্যথা পর্যন্ত হতে পারে।
146280,123852, বেশির ভাগ রোগী অর্থাৎ প্রায় ৬১ শতাংশের বেশি থাকেন উপসর্গ ছাড়াই,"বেশিরভাগ রোগী, 61 শতাংশেরও বেশি, উপসর্গহীন থেকে যায়।"
9571,11211," জামে পাওয়া গেছে অ্যালার্জিক নামে এক ধরনের এসিডের উপস্থিতি, যা ত্বককে করে শক্তিশালী","জামে অ্যালার্জি নামক এক ধরনের অ্যাসিড পাওয়া গেছে, যা ত্বককে শক্তিশালী করে।"
138795,115920,তবে এখানে টেস্ট করার বিষয়টি রোগী সংখ্যার ওপরও নির্ভর করবে,এখানে পরীক্ষা করা রোগীর সংখ্যার উপরও নির্ভর করবে।
107075,82319,বাড়ির আঙিনা বা বাগানের কাজেমাটি খননের সময় জুতা লম্বা প্যান্ট লম্বা হাতা শার্ট ও গ্লাভস পরিধান করা,"আপনার উঠান বা বাগানে খনন করার সময় জুতা, লম্বা প্যান্ট, লম্বা-হাতা শার্ট এবং গ্লাভস পরুন।"
33645,3898,নবজাতকদের ওপেন হার্ট সার্জারি বাংলাদেশে খুব লিমেটেড,বাংলাদেশে নবজাতকের ওপেন হার্ট সার্জারি খুবই সীমিত।
123496,99791,হাসপাতাল থেকে ছাড়া পাওয়ার পরদিনই কাজে যোগ দিয়েছিলাম,হাসপাতাল থেকে ছাড়ার পরদিন আমি কাজে যোগ দিয়েছিলাম।
174673,154507,সিলেট সদর থানার বর্তমান দক্ষিণ সুরমা উপজেলা নোয়াগাঁও গ্রামে জন্ম অধ্যাপক আবদুল মালিকের,আবদুল মালিকের জন্ম সিলেট সদর থানার বর্তমান দক্ষিণ সুরমা উপজেলার নোয়াগাঁও গ্রামে।
70580,43374,শুধু মাথাব্যথা হলে যে কোনো পেইন কিলার সহজে কাজ করে,যেকোনো ব্যথানাশক সহজে কাজ করে যদি এটি শুধু মাথাব্যথা হয়।
179456,159330,যেমন লেখালেখি করা সেলাই করা টেনিস খেলা গলফ খেলা বা বেহালা বাজানো ইত্যাদি,"যেমন লেখা, সেলাই, টেনিস খেলা, গলফ বা বেহালা বাজানো ইত্যাদি।"
2676,3143,উল্লেখিত সময়ে হাসপাতালে ভর্তি হয়েছেন ১ হাজার ৭৫৭ জন,উল্লেখিত সময়ে হাসপাতালে ভর্তি হয়েছেন ১ হাজার ৭৫৭ জন।
3746,4397,"আলসারের সর্বাধিক কমন লক্ষণসমূহের মধ্যে একটি হচ্ছে, বদহজম এবং এই কারণেই আপনার ঢেকুর ওঠতে পারে","আলসারের সবচেয়ে সাধারণ লক্ষণগুলির মধ্যে একটি হল বদহজম, এবং এর ফলে আপনার ডায়রিয়া হতে পারে।"
126839,103334,নাকের প্রতি পাশে কতগুলো সাইনাস থাকে একটি ফ্রন্টাল সাইনাস একটি ম্যাক্সিলারি সাইনাস একটি স্ফেনয়েড সাইনাস এবং কতগুলো ইথময়েড মোট  ৪১৭টি গড়ে ৯টি সাইনাস বা সম্মুখভাবে এবং পশ্চাদভাগ এ দুই গুচ্ছে বিভক্ত,নাকের প্রতিটি পাশে কয়টি সাইনাস আছে একটি ফ্রন্টাল সাইনাস একটি ম্যাক্সিলারি সাইনাস একটি স্ফেনয়েড সাইনাস এবং মোট কতটি ইথময়েড রয়েছে যার মোট 417টি গড়ে 9টি সাইনাস রয়েছে বা সামনের এবং পিছনের দিকে দুটি গ্রুপে বিভক্ত?
185302,165196,গুগল নিউজে ফলো করুন আরটিভি অনলাইনভালো সার হিসেবে কাজ করতে পারে এই রকম কয়েকটা জিনিসের নাম জেনে নিনসবজির খোসা আলু পটল ঝিঙে কুমড়া ছাড়াও যে সব সবজি ব্যবহার করেন তার খোসা একটি পাত্রে জমা করে রাখুন,"গুগল নিউজে আরটিভি অনলাইন অনুসরণ করুন কয়েকটি জিনিসের নাম জেনে নিন যা একটি ভালো সার হিসেবে কাজ করতে পারে। আলু, জুচিনি এবং কুমড়া সহ সবজির খোসা, আপনার ব্যবহার করা সব সবজির খোসা একটি পাত্রে সংরক্ষণ করুন।"
33839,4107, এই অবস্থায় ভারী জিনিস তোলা নিষেধ,এই অবস্থায় ভারী উত্তোলন নিষিদ্ধ।
52781,24358,দই পায়েস ফিরনি নরম খিচুড়ি খাওয়ানো যেতে পারে,দই পিস ফিরনি নরম খিচুড়ি পরিবেশন করা যেতে পারে।
161294,140076,অনেক শিশু সরাসরি দুধ বা ডিম খেতে চায় না,অনেক শিশু সরাসরি দুধ বা ডিম খেতে চায় না।
121245,97356,পাইলস বলতে আমরা বুঝি মলদ্বারের ভেতরে ফুলে ওঠা রক্তের শিরার একটি মাংসপিণ্ড,পাইলস বলতে আমরা বুঝি মলদ্বারের ভিতরে ফুলে যাওয়া রক্তনালীগুলির একটি পিণ্ড।
43737,14670,গরমে ও রোদে বাইরে বেরোলে এমনকি ঘরেও পরিশ্রমের কাজ করলে প্রচুর ঘাম হয়,"আপনি যদি গরম এবং রোদে বাইরে যান, এমনকি আপনি বাড়িতে কঠোর পরিশ্রম করলেও আপনার প্রচুর ঘাম হবে।"
141313,118586,সংস্থাটির ডিরেক্টর টেডরস অ্যাডানম গেব্রিয়াস বলেছেন এটি কোনো মহড়া চলছে না,সংস্থাটির পরিচালক টেড্রোস আধানম ঘেব্রেয়েসুস বলেছেন যে এটি কোনও অনুশীলন ছিল না।
122530,98761,লেখক  মুখ ও দন্তরোগ বিশেষজ্ঞ,লেখক মৌখিক ও দাঁতের বিশেষজ্ঞ।
147697,125398,টিআইএর ক্ষেত্রেও মস্তিষ্কের কোনো রক্তনালিতে রক্ত জমাট বাঁধে কিন্তু তা সাময়িক,"টিআইএর ক্ষেত্রে, মস্তিষ্কের একটি রক্তনালীতে রক্ত ​​​​জমাট বাঁধে, তবে এটি অস্থায়ী।"
129029,105635,সম্প্রতি এক নতুন গবেষণায় এমনটি দাবি করা হয়েছে,সাম্প্রতিক এক গবেষণায় এমনটাই দাবি করা হয়েছে।
24357,28991," 
তিনি আরও জানান, এখন থেকে নতুন করে প্রসাধনী উৎপাদন করতে হলে সরকারের লাইসেন্স বা অনুমোদন নিতে হবে","তিনি আরও বলেন, নতুন প্রসাধনী উৎপাদন করতে হলে সরকারের লাইসেন্স বা অনুমোদন নিতে হবে।"
159378,138001,এমনকি উচ্চ রক্তচাপ ডায়াবেটিস রক্তে অতিরিক্ত চর্বি ইত্যাদি না থাকা সত্ত্বেও এই বয়সের সবাইকেই ঈদের খাবারের ব্যাপারে বাড়তি সতর্ক থাকা দরকার,"আপনার উচ্চ রক্তচাপ, ডায়াবেটিস, রক্তে অতিরিক্ত চর্বি ইত্যাদি না থাকলেও এই বয়সের সবাইকে ঈদের খাবারের প্রতি বাড়তি সতর্ক থাকতে হবে।"
142052,119348,এ উপাদান মানবদেহে প্রোটিন তৈরি করে শরীরের ভাইরাসের বিরুদ্ধে কার্যকরী ভূমিকা রাখে,এই উপাদান মানবদেহে প্রোটিন তৈরি করে শরীরে ভাইরাসের বিরুদ্ধে কার্যকর ভূমিকা পালন করে।
56900,28842,টাইফয়েড জ্বরের সব ক্ষেত্রে ভর্তির প্রয়োজন নাও হতে পারে,টাইফয়েড জ্বরের সমস্ত ক্ষেত্রে ভর্তির প্রয়োজন নাও হতে পারে।
11674,13751, কিন্তু তৃতীয় স্তরের ধূমপানে ক্ষতি বেশি হতে পারে,তবে তৃতীয় ডিগ্রি ধোঁয়ায় ক্ষতি বেশি হতে পারে।
14543,17165, আম পছন্দ করেন না এমন মানুষ খুঁজে পাওয়া ভার,আম পছন্দ করেন না এমন মানুষ খুঁজে পাওয়া কঠিন।
44128,15109,চিনি গলে গেলে গোলানো কর্নফ্লাওয়ার দিয়ে নাড়তে থাকুন,চিনি গলে গেলে তাতে কর্নফ্লাওয়ার দিয়ে নাড়ুন।
33363,3593,সাধারনত পাশ্চাত্যের দেশগুলোতে সচেতন নারীরা স্তন ক্যান্সার বিষয়টি অত্যন্ত গুরুত্ব সহকারে বিবেচনা করেন,"সাধারণভাবে, পশ্চিমা দেশগুলির মহিলারা স্তন ক্যান্সারকে খুব গুরুত্ব সহকারে নেয়।"
85451,59172, কোনো কোনো ওষুধ বুক জ্বালার সমস্যাটা বাড়িয়ে দিতে পারে যেমন অ্যাসপিরিনব্যাথানাশক,"কিছু ওষুধ অম্বলকে আরও খারাপ করে তুলতে পারে, যেমন ব্যথা উপশমকারী অ্যাসপিরিন।"
172703,152381,শীতকালে উত্তর গোলার্ধে দিনের আলো গ্রীষ্মকালের চেয়ে কম সময় ধরে পাওয়া যায় আলোর তীব্রতাও বেশ কম থাকে,"উত্তর গোলার্ধে, গ্রীষ্মের তুলনায় শীতকালে দিনের আলোর সময় কম হয় এবং আলোর তীব্রতাও অনেক কম।"
12409,14637,"এক প্রশ্নের জবাবে সেলিম রেজা বলেন, ‘ডেঙ্গুর প্রকোপ রোধে জনগণকে সচেতন ও সম্পৃক্ত করতে আমরা ডিএনসিসির কাউন্সিলর ও কর্মকর্তাদের পাশাপাশি বিএনসিসি ও স্কাউটকে যুক্ত করেছি","এক প্রশ্নের জবাবে সেলিম রেজা বলেন, ডেঙ্গুর প্রাদুর্ভাব প্রতিরোধে জনগণকে সংবেদনশীল ও সম্পৃক্ত করতে আমরা ডিএনসিসি কাউন্সিলর ও কর্মকর্তাদের পাশাপাশি বিএনসিসি ও স্কাউটদের নিযুক্ত করেছি।"
182954,162836,বাংলাদেশ সায়েন্স ফিকশন সোসাইটির সভাপতি বহুমাত্রিক লেখক মোশতাক আহমেদের সভাপতিত্বে মোড়ক উন্মোচন উৎসবে অংশ নেন সায়েন্স ফিকশন লেখক দীপু মাহমুদ মোস্তফা কামাল মিজানুর রহমান কল্লোল মুহাম্মদ মনিরুল হুদা কমলেশ রায় ইউনূস আহমেদ বদরুল আলম বিশ্বজিৎ দাসআসমা উল হুসনা সঞ্চিতা সাইফ ইমন ইফতেখার শিবলী খোন্দকার মেহেদী হাসান সরকার হুমায়ূনসহ সায়েন্স ফিকশন লেখক ও কয়েক শতাধিক পাঠক,মোড়ক উন্মোচন অনুষ্ঠানে অংশ নেন বাংলাদেশ সায়েন্স ফিকশন সোসাইটির সভাপতি মোশতাক আহমেদ। সায়েন্স ফিকশন লেখক হুমায়ুনসহ শত শত পাঠক
107682,82966,"লেখক  মুখ ও দন্তরোগ বিশেষজ্ঞ
drfaruqugmailcom",লেখক একজন মৌখিক ও দন্ত বিশেষজ্ঞ ডঃফারুক জিমেইলকম।
152039,130046,দুধ সহজেই নানা রকম জীবাণু দ্বারা সংক্রামিত হতে পারে তাই কাঁচা দুধ বা একবার ফোটানো ঠান্ডা দুধ খেতে হলে পুনরায় ফুটিয়ে নিতে হবে,"দুধ সহজেই বিভিন্ন ব্যাকটেরিয়া দ্বারা দূষিত হতে পারে, তাই কাঁচা দুধ বা ঠান্ডা দুধ যা একবার সিদ্ধ করা হয়েছে তা আবার ফুটিয়ে নিতে হবে।"
192056,171950,তা না হলে এসময় শিশুর ইলেকট্রিক গিটারের শব্দও মারাত্মক ক্ষতি করে,তা না হলে শিশুর ইলেকট্রিক গিটারের শব্দও মারাত্মক ক্ষতির কারণ হতে পারে।
169962,149431,এ সময় শিশুর হাতপা একটু ফোলা ফোলা ও বেশ লালচে দেখা যায়,এ সময় শিশুর হাত-পা সামান্য ফোলা এবং বেশ লাল দেখা যেতে পারে।
113761,89373,গ্লুকোমাজনিত অন্ধত্বের কোনো প্রতিকার নেই প্রতিরোধই একমাত্র উপায়,"গ্লুকোমা অন্ধত্বের কোন প্রতিকার নেই, প্রতিরোধই একমাত্র উপায়।"
62580,34882,অন্যদিকে শরীরের অনেক রোগের প্রাথমিক উপসর্গ মুখে দেখা যেতে পারে যেমন বিভিন্ন ভিটামিনের অভাব রক্ত স্বল্পতা হরমোনের তারতম্যতা ব্লাড ক্যান্সার থেকে শুরু করে রক্তের কোনো রোগ অনিয়ন্ত্রিত ডায়াবেটিস লিভার বা কিডনি রোগ গ্যাস্ট্রিক এসিডিটি হার্টের ব্যথা চোয়ালে অনুভব থেকে মরণব্যাধি এইডস পর্যন্ত,"অন্যদিকে শরীরের অনেক রোগের প্রাথমিক লক্ষণ দেখা যায় মুখে, যেমন বিভিন্ন ভিটামিনের ঘাটতি, রক্তের ঘাটতি, হরমোনের পরিবর্তন, ব্লাড ক্যান্সার থেকে শুরু করে যেকোনো রক্তের রোগ, অনিয়ন্ত্রিত ডায়াবেটিস, লিভার বা কিডনির রোগ, গ্যাস্ট্রিক। অ্যাসিডিটি, হার্টের ব্যথা, চোয়ালের ব্যথা থেকে মরণব্যাধি এইডস পর্যন্ত।"
120596,96652,ক্যালসিয়ামের পরীক্ষা ইউরিক এসিডের পরিমাণ শরীরে বাত আছে কি না এসব পরীক্ষা করতে হয়,ক্যালসিয়াম পরীক্ষা শরীরে ইউরিক অ্যাসিডের পরিমাণ বাত আছে কি না তা অবশ্যই পরীক্ষা করতে হবে।
2003,2350,"বিএনপিকে উদ্দেশ্য করে জাহিদ মালেক বলেন, তারাও দেশে ক্ষমতায় ছিলেন, কিন্তু এলাকায় কোনো উন্নয়ন করেনি","জাহিদ মালেক বিএনপিকে উদ্দেশ্য করে বলেন, তারাও দেশে ক্ষমতায় থাকলেও এলাকায় কোনো উন্নয়ন করেনি।"
67775,40415,কোনো রোগেই রোজা নিষেধ নয়,কোনো রোগে রোজা রাখা হারাম নয়।
100678,75418, নিশ্চিত করুন যে সে হালকা পোশাক পরে আছে,তিনি হালকা পোশাক পরেন তা নিশ্চিত করুন।
141970,119266,খুব প্রয়োজন না পড়লে বাইরে যাবেন না,একান্ত প্রয়োজন ছাড়া বাইরে যাবেন না।
173668,153410,দুঃখ পেয়ে সে কান্নার বদলে ভায়োলেন্ট আচরণ করতে পারে,"দু: খিত হলে, সে কাঁদার পরিবর্তে হিংস্র আচরণ করতে পারে।"
107245,82500,থাইরয়েড গ্লান্ডের কার্যকারিতা হ্রাস বা হাইপোথায়রয়েডিজম  আয়োডিনের অভাবে হাইপোথায়রয়েডিজম হতে পারে,থাইরয়েড গ্রন্থি বা হাইপোথাইরয়েডিজম আয়োডিনের অভাবের কারণে হাইপোথাইরয়েডিজম হতে পারে।
115627,91376,তেমনিভাবে যে কোনো বয়সী মানুষের মস্তিষ্কের রক্তনালিতে এই ক্লট জমাট বাঁধলে ভেনাস সাইনাস থ্রোম্বোসিসসহ বড় রক্তনালির ব্লক হয়ে ব্রেন স্ট্রোক হতে পারে,"একইভাবে, যে কোনও বয়সের মানুষের মধ্যে, যখন এই জমাট বাঁধা মস্তিষ্কের রক্তনালীতে তৈরি হয়, তখন এটি শিরাস্থ সাইনাস থ্রম্বোসিস সহ বড় রক্তনালীগুলিকে ব্লক করতে পারে এবং ব্রেন স্ট্রোকের দিকে পরিচালিত করতে পারে।"
39480,10155,৩ হাঁটা এবং শরীরচর্চার জন্য পর্যাপ্ত সবুজ জায়গার ব্যবস্থা করা আবশ্যক,3 হাঁটা এবং ব্যায়াম জন্য পর্যাপ্ত সবুজ স্থান প্রদান করা আবশ্যক.
178621,158493,সেমিনার শেষে মুক্ত প্রশ্নোত্তর পর্ব অনুষ্ঠিত হয়,সেমিনার শেষে উন্মুক্ত প্রশ্নোত্তর পর্ব অনুষ্ঠিত হয়।
181149,161027,তাই যত্নের আগে মাথার ত্বকের ধরন বুঝে নিন,তাই যত্ন নেওয়ার আগে আপনার মাথার ত্বকের ধরন বুঝে নিন।
37470,7995,এই মশা বংশবিস্তার করে ফুলের টবের নিচের জলকান্দার পানিতে বৃষ্টির দিনে রাস্তার ধারে জমা পানি নির্মাণসামগ্রীতে থাকা পানি পেপসির ক্যান নারিকেলের খোলায় জমা পানিতে,"এই মশা ফুলের টবের নিচে পুকুরে, বৃষ্টির দিনে রাস্তার ধারে দাঁড়িয়ে থাকা জল, নির্মাণ সামগ্রীতে দাঁড়িয়ে থাকা জল, পেপসির ক্যানে দাঁড়িয়ে থাকা জল, নারকেল খোলা ইত্যাদিতে বংশবিস্তার করে।"
113698,89304,গ্লুকোমাজনিত অন্ধ লোকের সংখ্যা প্রায় ৮ মিলিয়ন,গ্লুকোমার কারণে প্রায় 8 মিলিয়ন মানুষ অন্ধ।
155350,133639,মাঝারি আকারের খেজুর হলে তা একটি খাওয়াই যথেষ্ট,যদি এটি মাঝারি আকারের খেজুর হয় তবে একটি খাওয়াই যথেষ্ট।
183788,163675,এই স্পাইক প্রোটিনগুলো প্রভাবিত ব্যক্তিদের মধ্যে দীর্ঘস্থায়ী প্রদাহ সৃষ্টি করে এবং নিউরোডিজেনারেটিভ রোগের ঝুঁকি বাড়ায়,এই স্পাইক প্রোটিনগুলি আক্রান্ত ব্যক্তিদের মধ্যে দীর্ঘস্থায়ী প্রদাহ সৃষ্টি করে এবং নিউরোডিজেনারেটিভ রোগের ঝুঁকি বাড়ায়।
140994,118253,সহকারী অধ্যাপক সিলেট এমএজি ওসমানী মেডিকেল কলেজ সিলেট,সিলেটের এমএজি ওসমানী মেডিকেল কলেজ সিলেটের সহকারী অধ্যাপক ডা
193734,173628,১ টক্সিক মানুষেরা সাধারণত কোনো কিছুর দায়িত্ব নিতে চায় না,1 বিষাক্ত ব্যক্তিরা সাধারণত কোনো কিছুর দায়িত্ব নিতে চান না।
140571,117791,সরকার সব সময় এটাকে প্রাধান্য দিয়ে কাজ করেছেন,সরকার সব সময় এটাকে অগ্রাধিকার দিয়েছে।
70505,43293,এই নিউরোকেমিক্যাল সমস্যার কারণে মাইগ্রেন হওয়ার আগেই কিছু প্রি সিম্পটম দেখা যায়,এই নিউরোকেমিক্যাল সমস্যার কারণে মাইগ্রেন শুরু হওয়ার আগে কিছু উপসর্গ দেখা দেয়।
101936,76777,"হাইপোথায়রয়েডিজমের যে লক্ষণগুলো দেখা দেয়
 অবসাদগ্রস্ত হওয়া সাথে অলসতা ঘুমঘুম ভাব",হাইপোথাইরয়েডিজমের লক্ষণ অলসতার সাথে তন্দ্রা
78058,51310,তবে এর মাত্রা ৩ ৪ ৫ ও ৬ শতাংশের বেশি হবে না,"তবে এর মাত্রা ৩, ৪, ৫ ও ৬ শতাংশের বেশি হবে না।"
101239,76030,চর্বি ছাড়া গরুর মাংসে অর্থাৎ লিনকাট মাংসে যেহেতু চর্বির পরিমাণ অনেক কম থাকে ও প্রচুর প্রোটিন থাকে তাই ৩ আউন্স চর্বি ছাড়া মাংসে মাত্র ১৮০ ক্যালরি শক্তি থাকে কিন্তু ১০টিরও বেশি জরুরি খাদ্য উপাদান থাকে,"যেহেতু চর্বিহীন গরুর মাংস বা লিনকাটে চর্বি কম এবং প্রোটিন বেশি, তাই চর্বিহীন গরুর মাংসের একটি 3-আউন্স পরিবেশন মাত্র 180 ক্যালোরি ধারণ করে কিন্তু 10টিরও বেশি প্রয়োজনীয় পুষ্টি ধারণ করে।"
117569,93440,তার ওই স্বীকারোক্তিতে তুমুল বিতর্ক ও নানা প্রতিক্রিয়া সৃষ্টি হয়,তার এই স্বীকারোক্তিতে ব্যাপক বিতর্ক ও নানা প্রতিক্রিয়ার সৃষ্টি হয়।
41269,12077,তবে এ সময় ভাইরাসটিতে কারও মৃত্যুর তথ্য দেয়নি স্বাস্থ্য বিভাগ,তবে এ ভাইরাসে আক্রান্ত হয়ে কারো মৃত্যুর খবর জানায়নি স্বাস্থ্য বিভাগ।
51624,23124,অন্যান্য উপসর্গগুলো নির্ভর করে আপনার হাড়ের ব্যথার নির্দিষ্ট কারণগুলোর ওপর,অন্যান্য লক্ষণগুলি আপনার হাড়ের ব্যথার নির্দিষ্ট কারণের উপর নির্ভর করে।
121774,97948,সাধারণত গলাব্যথার সঙ্গে জ্বর থাকে যা অনেক সময় ১০৩ থেকে ১০৪ ডিগ্রি পর্যন্ত হতে পারে,গলা ব্যথা সাধারণত জ্বরের সাথে থাকে যা কখনও কখনও 103 থেকে 104 ডিগ্রি পর্যন্ত হতে পারে।
31070,1171,সাধারণত অ্যান্টিবায়োটিক গ্রহণ বন্ধ করে দিলে অর্থাৎ এর কোর্স সম্পন্ন হলে এই সমস্যাগুলো ঠিক হতে শুরু করে,অ্যান্টিবায়োটিকের কোর্স বন্ধ হয়ে গেলে সাধারণত এই সমস্যাগুলি চলে যায়।
152849,130911,তাই ময়দার চেয়ে আটা বেশি স্বাস্থ্যকর,তাই কেকের চেয়ে ময়দা স্বাস্থ্যকর।
165500,144661,বেশ কিছুদিন লাগামহীন খাওয়াদাওয়া চালিয়ে গেলে কিংবা নিয়মমাফিক শরীরচর্চা না করলে ওজন তো বাড়তেই পারে,আপনি যদি কিছুক্ষণ অনিয়ন্ত্রিতভাবে খাওয়া চালিয়ে যান বা নিয়মিত ব্যায়াম না করেন তবে আপনার ওজন বাড়তে পারে।
134684,111554,শনিবার তিনি যুগান্তরকে বলেন করোনা চিকিৎসায় এখন পর্যন্ত শতভাগ নিশ্চিত কোনো চিকিৎসা নেই,"শনিবার তিনি যুগান্তরকে বলেন, করোনার কোনো ১০০% নিশ্চিত চিকিৎসা নেই।"
168490,147867,৪ ডায়াবেটিস আছে কি না থাকলে নিয়ন্ত্রণে আছে কি না দেখে নিতে হবে,আপনার ডায়াবেটিস থাকলে তা নিয়ন্ত্রণে আছে কিনা তা পরীক্ষা করতে হবে।
149024,126827,পরামর্শ ডেঙ্গু সেরে যাওয়ার পর অনেকের মধ্যেই কিছু সমস্যা রয়ে যায়,পরামর্শ: ডেঙ্গু থেকে সেরে ওঠার পরও অনেকের কিছু সমস্যা রয়েছে।
1854,2165," গ্যাস্ট্রাইটিস কিংবা গ্যাস্ট্রিক আলসারে সাধারণত নাভির ওপরে পেটে ব্যথা হয় যা খালি পেটে অথবা ভোররাতের দিকে তীব্র হয়, সঙ্গে গলা-বুক-পেট জ্বলে ও টক ঢেঁকুর ওঠে","গ্যাস্ট্রাইটিস বা গ্যাস্ট্রিক আলসার সাধারণত নাভির উপরে পেটে ব্যথার সাথে উপস্থাপন করে, যা খালি পেটে বা ভোরবেলা বুকজ্বালা এবং বেলচিং সহ আরও খারাপ হয়।"
108865,84244,তবে রাতের খাবারে অবশ্যই লাল আটা অথবা লাল চালের ভাত কিছুটা রাখলে বেশি ভালো হবে,তবে রাতের খাবারে কিছু লাল আটা বা লাল চালের ভাত রাখলে ভালো হবে।
33043,3265,গতকাল হায়দরাবাদে ভারত বায়োটেক কারখানায় সফরে যাওয়া বাংলাদেশি সাংবাদিক প্রতিনিধি দলকে এক প্রেজেন্টেশনে এসব তথ্য জানায় ভারত বায়োটেক,গতকাল হায়দ্রাবাদে ভারত বায়োটেক কারখানা পরিদর্শনে আসা বাংলাদেশি সাংবাদিকদের একটি প্রতিনিধিদলের কাছে ভারত বায়োটেক এক উপস্থাপনায় এ তথ্য জানায়।
103759,78758,বিশ্বে হাজার হাজার মানুষ এই রোগে আক্রান্ত হচ্ছেন,বিশ্বের হাজার হাজার মানুষ এই রোগে আক্রান্ত।
24500,29169,"আয়ুর্বেদ মতে, মৌরি রুচিকর, শুক্রবর্ধক, মুখদোষ নিবারক, রক্তপিত্ত, জ্বর, পেটের অসুখে, চোখের অসুখে ও শ্লেষ্ম রোগে উপকারী","আয়ুর্বেদ অনুসারে মৌরি সুস্বাদু, কামোদ্দীপক, অ্যান্টিস্পাসমোডিক, পিত্তজনিত, জ্বর, পেটের অসুখ, চোখের অসুখ এবং শ্লেষ্মাজনিত রোগ।"
37184,7679,এক আউন্স পনিরে পাবেন ৭ গ্রাম প্রোটিন,এক আউন্স পনির 7 গ্রাম প্রোটিন সরবরাহ করে।
141648,118939,এটি চুলের খুশকির সমস্যা দূর করে,এটি খুশকির সমস্যা দূর করে।
93811,68038, পরিবার বা বন্ধুবান্ধব সহানুভূতিশীল না হলে,যদি পরিবার বা বন্ধুরা সহানুভূতিশীল না হয়।
6030,7025, বলা হয় যে সকাল ও বিকেলে সংক্রমণের সম্ভাবনা সব চেয়ে বেশি,"বলা হচ্ছে, সকাল ও বিকেলে আক্রান্ত হওয়ার সম্ভাবনা সবচেয়ে বেশি।"
169151,148576,এই অবস্থায় আমার করণীয় কী,এই পরিস্থিতিতে আমার কি করা উচিত?
167515,146830,যেকোনো ধরনের চিনিই এড়িয়ে চলা উচিত,যেকোনো ধরনের চিনি এড়িয়ে চলতে হবে।
126671,103164,আমাদের স্বাভাবিক জীবনযাপনে কথা বলার সময় কীভাবে মুখ থেকে থুতু বের হয় তার একটা গবেষণা করেছে জাপানের একটি গবেষণা প্রতিষ্ঠান,আমাদের স্বাভাবিক জীবনে কথা বলার সময় কীভাবে মুখ থেকে থুতু বের হয় তা নিয়ে একটি গবেষণা করেছে জাপানের একটি গবেষণা প্রতিষ্ঠান।
46602,17747,বাংলাদেশ পৃথিবীর অন্যতম দেশ যেখানে অসংখ্য মানুষ থাইরয়েড গ্রন্থি ও থাইরয়েড হরমোনজনিত সমস্যা নিয়ে বসবাস করছে,বাংলাদেশ বিশ্বের এমন একটি দেশ যেখানে অনেক মানুষ থাইরয়েড গ্রন্থি এবং থাইরয়েড হরমোন সংক্রান্ত সমস্যা নিয়ে বসবাস করে।
147139,124795,হালকা বা সাদা লোমে মেলানিন কম থাকায় লেজার রশ্মি কাজ করতে পারে না,লেজার বিম হালকা বা সাদা চুলে কাজ করতে পারে না কারণ এতে মেলানিন কম থাকে।
69086,41800,যাদের প্রাথমিক চিকিৎসা দিয়ে ছেড়ে দেওয়া হচ্ছে,যাদের প্রাথমিক চিকিৎসা দিয়ে ছেড়ে দেওয়া হয়েছে।
188876,168770,মুগ ছোলা মুসুর থেকে শুরু করে কাবুলি ছোলা রাজমার মতো ডালেও ফাইবার রয়েছে,"মুগ, ছোলা, মসুর ডাল এবং কাবুলি ছোলার মতো ডালেও ফাইবার থাকে।"
138413,115523,শুধু তাই নয় প্রত্যাহার করা হয় পরিচালককেও,"শুধু তাই নয়, পরিচালককে প্রত্যাহারও করা হয়।"
162816,141713,এভাবে আপনার ওজন ১০০ কেজি হলে তখন আপনাকে দিনে অন্তত ১৮ গ্লাস পানি পান করতে হবে,"আপনার ওজন যদি 100 কেজি হয়, তবে আপনাকে দিনে কমপক্ষে 18 গ্লাস জল পান করতে হবে।"
129242,105851,প্রধানমন্ত্রী বলেছেন প্রত্যেকটা হাসপাতালে আইসিইউ ইউনিট স্থাপন প্রত্যেকটি হাসপাতালে যেন ভেনটিলেটর স্থাপন যথেষ্ট পরিমাণ উচ্চমাত্রার পর্যাপ্ত অক্সিজেন সরবরাহ ব্যবস্থা যেন আরও বৃদ্ধি করা হয়,"প্রধানমন্ত্রী বলেন, প্রতিটি হাসপাতালে আইসিইউ ইউনিট স্থাপন করতে হবে, প্রতিটি হাসপাতালে ভেন্টিলেটর স্থাপন করতে হবে এবং পর্যাপ্ত পরিমাণে অক্সিজেন সরবরাহ বাড়াতে হবে।"
155996,134335,পেটের আলট্রাসনোগ্রাম করলে ফ্যাটি লিভার আছে কি না বোঝা যায়,একটি পেটের আল্ট্রাসাউন্ড আপনার ফ্যাটি লিভার আছে কিনা তা নির্ধারণ করতে পারে।
146736,124346,দীর্ঘদিন ধরে লম্বা সময়ের জন্য এভাবে বাড়তি চাপ সৃষ্টি হওয়ার কারণেই কিন্তু ওই রক্তনালিগুলো ফুলে যেতে পারে,কিন্তু দীর্ঘ সময় ধরে তৈরি হওয়া বর্ধিত চাপের কারণে এই রক্তনালীগুলি ফুলে যেতে পারে।
155059,133316,চিউ অর্থ মানসিক ও শারীরিক শক্তি যা মহাবিশ্বে ছড়িয়ে পড়ে,চিউ মানে মানসিক এবং শারীরিক শক্তি যা সমগ্র মহাবিশ্বে ছড়িয়ে পড়ে।
84371,58028,মেটাসটেসিস কি পরিমাণ হয়েছে এবং কোথায় কোথায় হয়েছে তার ওপর চিকিৎসা পদ্ধতি নির্ভর করে,চিকিত্সা মেটাস্টেসিসের পরিমাণ এবং অবস্থানের উপর নির্ভর করে।
155396,133688,এই যৌগটি শরীরের কোষ সুরক্ষিত রেখে দীর্ঘস্থায়ী রোগবালাই থেকে শরীরকে রক্ষা করে,এই যৌগটি শরীরের কোষকে রক্ষা করে দীর্ঘস্থায়ী রোগ থেকে শরীরকে রক্ষা করে।
56611,28531,২ পেনিট্রেশন ফেইলিউর অর্থাৎ লিঙ্গে যোনিদ্বার ছেদনে ব্যর্থতা ৩ প্রিম্যাচুর ইজাকুলেশন অর্থাৎ সহবাসে দ্রুত বীর্য স্খলন বা স্থায়িত্বের অভাব,2 অনুপ্রবেশ ব্যর্থতা অর্থাৎ লিঙ্গ দ্বারা যোনিতে প্রবেশ করতে ব্যর্থতা 3 অকাল বীর্যপাত অর্থাৎ দ্রুত বীর্যপাত বা সহবাসের সময় জেদ না থাকা।
26147,31091,"গুঁড়াদুধ, চিনি আর অলিভ অয়েল","গুঁড়ো দুধ, চিনি এবং জলপাই তেল"
28419,33764,১৮৯৬ সালে ফ্রান্স ছেড়ে মিশর চলে আসেন ভোরোনফ,ভোরোনফ 1896 সালে ফ্রান্স ছেড়ে মিশরে চলে যান।
79094,52424," পেট ফেঁপে ও ফুলে থাকে 
 বমি হয় 
 খাদ্যগ্রহণের পর খাদ্যনালীতে ব্যথা হয় 
 অল্প খেলে তৃপ্তি চলে আসে 
 রক্তস্বল্পতা দেখা দেয় 
 শরীরের ওজন কমে যায় 
 বমির সঙ্গে রক্ত কিংবা কালো পায়খানা হতে পারে
এ সমস্যাগুলো হলে অপারেশন করালেও রোগীর আয়ুকাল খুব বেশি বাড়ানো যায় না",পেট ফেটে যায় এবং ফুলে যায় .
194821,174715,এই লিপস্টিক স্পার্কেল করে তবে এই লিপস্টিক ঠোঁটও শুষ্ক করে না,"এই লিপস্টিক ঝকঝকে, কিন্তু এই লিপস্টিকও ঠোঁট শুকায় না।"
149808,127655,এটি নারীর জীবনচক্রের প্রতিটি অধ্যায়মাসিক গর্ভাবস্থা ও রজঃচক্রের নিবৃত্তি বা মেনোপজে প্রভাব রাখে,"এটি একজন মহিলার জীবনচক্রের প্রতিটি স্তরকে প্রভাবিত করে, মাসিক গর্ভাবস্থা থেকে মাসিক বন্ধ হওয়া বা মেনোপজ পর্যন্ত।"
45724,16806,তবে এ সমস্যা খুব সহজেই দূর করা যায়,তবে এই সমস্যা সহজেই দূর করা যায়।
184500,164392,লিপস্টিকের দাগও দূর করতে পারবেন একইভাবে,আপনিও একইভাবে লিপস্টিকের দাগ দূর করতে পারেন।
157290,135707,এগুলো হচ্ছে ধূমপান কম শাকসবজি ও ফলমূল গ্রহণ মদ্যপান ওজন বৃদ্ধি কায়িক পরিশ্রম না করা ইত্যাদি,"এগুলো হলো ধূমপান, শাকসবজি ও ফলমূল কম খাওয়া, অ্যালকোহল পান করা, ওজন বাড়ানো, শারীরিক ব্যায়াম না করা ইত্যাদি।"
10860,12758," যেসব কৃষক এই গরমে মাঠে কাজ করেন, তাঁরা এই খাবার দুপুরের দিকে খেয়ে শরীর শীতল করেন",এই গ্রীষ্মে ক্ষেতে কাজ করা কৃষকরা তাদের শরীর ঠান্ডা করতে দুপুরের দিকে এই খাবার খান।
128658,105245,"যখন রোগের মহামারী বা প্যান্ডেমিক দেখা দেয় তখন এর সাথে আরেকটি মহামারী  
দেখা দেয়","যখন একটি রোগ মহামারী বা মহামারী দেখা দেয়, তখন তার সাথে আরেকটি মহামারী হয়।"
42855,13741,তবে এক্ষেত্রে অবশ্যই চিকিৎসকের পরামর্শ নিতে হবে,"তবে এই ক্ষেত্রে, আপনাকে অবশ্যই একজন ডাক্তারের সাথে পরামর্শ করতে হবে।"
134854,111735,প্রথমেই চলুন জেনে নিই হার্ড ইমিউনিটি কী সে সম্পর্কে,আসুন প্রথমে জানি হার্ড ইমিউনিটি কাকে বলে।
142263,119567,যে কোনো সময় যে কোনো স্থান থেকে সে তথ্য আপনি সংগ্রহ করতে পারেন,আপনি যেকোনো সময় যেকোনো জায়গা থেকে এই তথ্য সংগ্রহ করতে পারেন।
49012,20329,খাদ্যনালির উপরের দিকে রক্তক্ষরণ হলে এটা হয়,খাদ্যনালীর উপরের অংশে রক্তপাত হলে এটি ঘটে।
29245,34738, করোনা সংক্রান্ত একের পর এক গবেষণায় উঠে আসছে চাঞ্চল্যকর তথ্য,করোনা সংক্রান্ত একের পর এক গবেষণায় উঠে আসছে চাঞ্চল্যকর তথ্য।
75584,48688, এয়ারড্রাম কানের পর্দা ক্ষতিগ্রস্ত হবে,এয়ারড্রাম কানের পর্দার ক্ষতি করবে।
73844,46844,সাইনাসের একটি এক্সরে করলেই রোগ সম্পর্কে অনেক ধারণা পাওয়া যায়,সাইনাসের একটি এক্স-রে রোগ সম্পর্কে অনেক অন্তর্দৃষ্টি দিতে পারে।
97862,72374,ব্রণের সমস্যা থেকে পরিত্রাণের উপায় সম্পর্কে যুগান্তরকে পরামর্শ দিয়েছেন আলরাজী হাসপাতালের চর্ম ও যৌনরোগ বিশেষজ্ঞ ডা দিদারুল আহসান,ব্রণের সমস্যা থেকে মুক্তির উপায় সম্পর্কে যুগান্তরকে পরামর্শ দিয়েছেন আলরাজি হাসপাতালের চর্মরোগ ও ভেনারোলজিস্ট ডাঃ দিদারুল আহসান।
130937,107636,এটি সংক্রমিত কোষের ভেতরে অ্যান্টিভাইরালঅনুশাসনও ধ্বংস করে,এটি সংক্রামিত কোষের ভিতরে অ্যান্টিভাইরালগুলিও ধ্বংস করে।
47927,19173,এক্ষেত্রে ডাক্তারের পরামর্শ নিতে হবে,এক্ষেত্রে চিকিৎসকের পরামর্শ নিতে হবে।
17311,20501, বরং কয়েকটি খাবার খেয়েই এই কাজটি অনায়াসে সেরে ফেলতে পারেন,বরং অল্প কিছু খাবার খেয়েই এই কাজটি সহজে সম্পন্ন করতে পারেন।
51452,22935,তাই শীতের দিনে অতি ভোরে বা সন্ধ্যার পর নয় ব্যায়াম করুন দিনের আলোয়,তাই শীতের দিনে সকালে বা সন্ধ্যায় নয় দিনের আলোতে ব্যায়াম করুন।
161760,140575,কম ওজনের শিশুর জন্মদান সময়ের আগে প্রসব মাতৃগর্ভে শিশুমৃত্যু এন্টিপারটাম হেমোরেজ ইত্যাদি সমস্যা প্রিএকলাম্পসিয়ায় আক্রান্ত মায়েদের ক্ষেত্রে সচরাচর ঘটে থাকে,"প্রি-ক্ল্যাম্পসিয়ায় আক্রান্ত মায়েদের কম জন্মের ওজন, অকাল জন্ম, মৃতপ্রসব এবং প্রসবের আগে রক্তক্ষরণের মতো সমস্যা দেখা যায়।"
140065,117248,সিদ্ধান্তসমূহ নেয়ার সময় নিজেদেরকে শুধু এই প্রশ্ন করলেই হবে না যে আমাদের ঠিক সামনে কোন বিপদটি দাঁড়িয়ে আছে বরং এই ঝড় থেমে যাওয়ার পরে আমরা কোন পৃথিবীতে বাস করতে যাচ্ছি সেটাও জানতে হবে,"সিদ্ধান্ত নেওয়ার সময়, আমাদের নিজেদেরকে জিজ্ঞাসা করতে হবে যে আমাদের সামনে কী বিপদ রয়েছে তা নয়, এই ঝড় শেষ হওয়ার পরে আমরা কী ধরনের পৃথিবীতে বাস করতে যাচ্ছি।"
157960,136440,এই যেমন মাথাব্যথা চুল পড়া মুখে অতিরিক্ত লোম বা ব্রণের মতো কিছু সমস্যা দেখা যেতে পারে,"কিছু সমস্যা যেমন মাথাব্যথা, চুল পড়া, মুখের অতিরিক্ত চুল বা ব্রণ হতে পারে।"
53621,25251,ওইদিন ২০টি জেনেরিকের ৫৩ ধরনের ওষুধের দাম বাড়ানোর প্রস্তাব অনুমোদন হয়,ওই দিন ৫৩ ধরনের ২০টি জেনেরিক ওষুধের দাম বাড়ানোর প্রস্তাব অনুমোদন করা হয়।
67902,40550,বিশ্ব স্বাস্থ্য দিবস উপলক্ষ্যে শনিবার আয়োজিত ওয়েবিনারে এমন আশঙ্কার কথা জানান,বিশ্ব স্বাস্থ্য দিবস উপলক্ষে শনিবার আয়োজিত ওয়েবিনারে এমন আশঙ্কা প্রকাশ করেন ড.
181858,161738,রোদ আর তীব্রতায় অনেক সময় তা মানানসই নাও লাগতে পারে,রোদ এবং তীব্রতার কারণে এটি অনেক সময় উপযুক্ত মনে হতে পারে না।
141983,119279,কোনো কারণ ছাড়া সাধারণ মানুষকে এন৯৫ ফেসিয়াল মাস্ক পরতে নিষেধ করেছে দুবাইয়ের স্বাস্থ্য ও প্রতিরোধ মন্ত্রণালয়,দুবাইয়ের স্বাস্থ্য ও প্রতিরোধ মন্ত্রক কোনও কারণ ছাড়াই সাধারণ মানুষকে N95 মুখোশ পরা নিষিদ্ধ করেছে।
181491,161370,তবে সারা দিনের কাজের চাপে সাজানো ডেস্কও অগোছালো হতে বাধ্য,"যাইহোক, এমনকি একটি সুসংগঠিত ডেস্ক পুরো দিনের কাজের চাপের কারণে অগোছালো হতে বাধ্য।"
181885,161765,ফিটিং পোশাক পরলে ঘামে শরীরে কাপড় লেগে থাকে,লাগানো কাপড় পরলে ঘাম শরীরে লেগে থাকে।
93379,67583,মানুষ তার সততা সৎকর্ম ও অটল আল্লাহপ্রীতির মাধ্যমে উল্লিখিত বদগুণ থেকে নিজেকে দূরে রেখে এ জীবনেই পরম সুখ ও প্রশান্তি লাভ করতে পারে,মানুষ তার সৎ সৎকর্ম ও ভগবানের প্রতি অটল ভালোবাসার মাধ্যমে উল্লেখিত কুফল থেকে নিজেকে দূরে রেখে এই জীবনে পরম সুখ ও শান্তি লাভ করতে পারে।
137111,114157,ভালো মানুষ বলেই তিনি করোনাক্রান্তিকালে রোগীদের অসহায়ত্বের  কথা ভেবে তার চেম্বার খোলা রেখেছিলেন,ভালো মানুষ হওয়ায় করোনা সংকটের সময় রোগীদের অসহায়ত্বের কথা চিন্তা করে চেম্বার খোলা রাখতেন।
25354,30166, এই রোগে হাড়ের ঘনত্ব ও শক্তি অনেকটাই কমে যায়,এ রোগে হাড়ের ঘনত্ব ও শক্তি অনেক কমে যায়।
162386,141252,ফলে রক্তনালির ওপর বাড়তি চাপ পড়ে না,ফলে রক্তনালিতে বাড়তি চাপ পড়ে না।
38953,9602,তবে রক্তদানের এ উপকারগুলো আসলে তারাই পাবেন যারা নিয়মিত রক্তদান করেন,তবে যারা নিয়মিত রক্ত ​​দেন তারা রক্তদানের এই সুবিধাগুলো পাবেন।
59478,31602,আমাদের খাবারের মধ্যে দুই ধরনের চর্বি আছে,আমাদের খাবারে দুই ধরনের চর্বি থাকে।
143245,120584,ওই ব্যক্তিও চীনা নাগরিক বলে জানা গেছে,ওই ব্যক্তি চীনের নাগরিক বলেও জানা গেছে।
142792,120115,আর গেলেও হাসপাতালে ভর্তি করার দরকার হয় না,হাসপাতালে ভর্তি হতে হবে না।
99578,74220,সব হাসপাতালে ডেঙ্গি কর্ণার হবে,সব হাসপাতালেই থাকবে ডেঙ্গু কর্নার।
38172,8746,লেখক অধ্যাপক মেডিসিন বিভাগ বারডেম হাসপাতাল ঢাকা,"লেখক অধ্যাপক, মেডিসিন বিভাগ, বারডেম হাসপাতাল, ঢাকা।"
138978,116113,ঘটনা এতটুকু থাকলে তো ভালোই হত অনেক দেশের জন্য,ঘটনা এতটা হলে অনেক দেশের জন্যই ভালো হতো।
104045,79100,চিকিৎসক তাদের এক্সরে এমআরআইসহ বিভিন্ন ডায়াগনসিস করাতে বলতে পারেন,ডাক্তার তাদের এক্স-রে এমআরআই সহ বিভিন্ন রোগ নির্ণয় করতে বলতে পারেন।
43807,14745,মন্ত্রী জানান সারা দেশের ৩৭টি সরকারি মেডিকেল কলেজে এবার শিক্ষার্থী ভর্তির জন্য আসন আছে ৪ হাজার ৩৫০টি,"মন্ত্রী বলেন, সারাদেশে ৩৭টি সরকারি মেডিকেল কলেজে শিক্ষার্থী ভর্তির আসন রয়েছে ৪ হাজার ৩৫০টি।"
78426,51701, ওষুধ ব্যথানাশক ও স্টেরয়েড জাতীয় ওষুধ বিশেষভাবে উল্লেখযোগ্য,ব্যথানাশক ও স্টেরয়েডের জন্য ওষুধ বিশেষভাবে উল্লেখযোগ্য।
108229,83560,গতানুগতিক ইচ্ছার বাইরে নিজেদের আনন্দকে সীমাবদ্ধ রাখতে হবে নিজ বাড়ির সীমানায়,"প্রচলিত আকাঙ্ক্ষার বাইরে, একজনকে অবশ্যই তার আনন্দকে তার বাড়ির সীমানায় সীমাবদ্ধ করতে হবে।"
189988,169882,এর বাইরে কোনও ব্যায়াম করতে চাইলে কার্ডিওলজিস্টের পরামর্শ মতো ট্রেডমিল টেস্ট করে নিন ও তার পরামর্শ মেনে চলুন,আপনি যদি অন্য কোন ব্যায়াম করতে চান তবে আপনার কার্ডিওলজিস্টের পরামর্শ অনুযায়ী একটি ট্রেডমিল পরীক্ষা করুন এবং তার পরামর্শ অনুসরণ করুন।
150078,127933,প্রয়োজনীয় খাদ্য উপাদান ছাড়া এসব খাবার আমরা হয়তো অজ্ঞতাবশতই খাই,প্রয়োজনীয় পুষ্টি ছাড়াই আমরা অজ্ঞতাবশত এই খাবারগুলো খেতে পারি।
19101,22691," লেবুর রস- ২চা-চামচ, গোলমরিচ- ১ চিমটে, দারচিনির গুঁড়া-১ চিমটে, বরফ কুচি","লেবুর রস- 2 চা চামচ, গোলমরিচ- 1 চিমটি, দারুচিনি গুঁড়া- 1 চিমটি, বরফ গুঁড়ো।"
157926,136402,কারণ তাঁর মা ও শাশুড়ি কেউই ঢাকায় থাকেন না,কারণ তার মা বা শাশুড়ি কেউই ঢাকায় থাকেন না
136873,113902,কোভিড১৯ পজিটিভ রোগী বিভিন্ন হাসপাতাল ঘুরলে তিনি অনেকজনকে এ রোগ ছড়িয়ে দেবেন,"যদি একজন কোভিড-১৯ পজিটিভ রোগী বিভিন্ন হাসপাতালে যান, তবে তিনি অনেকের মধ্যে রোগটি ছড়িয়ে দেবেন।"
134507,111371,যেমন এক গ্লাস শরবত দুইটা খেজুর ডালচাল ও সবজির তৈরি খিচুড়ি এবং ফলের সালাদ,"যেমন এক গ্লাস শরবত, দুই খেজুরের সঙ্গে ডালচাল ও সবজি খিচুড়ি এবং ফলের সালাদ।"
71364,44200,লেখক  চিফ নিউট্রিশন অফিসার ও বিভাগীয় প্রধান অব বারডেম,লেখক বারডেমের প্রধান পুষ্টি কর্মকর্তা এবং বিভাগীয় প্রধান।
123890,100229,এসব নির্মম তথ্যগুলো ডায়াবেটিস রোগীর মানসিক চাপ বৃদ্ধির অমোঘ কারণ হিসেবে কাজ করছে,এই নিষ্ঠুর তথ্যগুলো ডায়াবেটিস রোগীদের মানসিক চাপ বৃদ্ধির এক অবর্ণনীয় কারণ হিসেবে কাজ করছে।
87442,61255,আর হার্টঅ্যাটাকের কোনো ধরনের লক্ষণ দেখা দিলে তা নিয়ে দ্রুতই চিকিৎসকের সঙ্গে পরামর্শ করা উচিত,আর হার্ট অ্যাটাকের কোনো ধরনের উপসর্গ দেখা দিলে সঙ্গে সঙ্গে চিকিৎসকের পরামর্শ নেওয়া উচিত।
189052,168946,এই রকম পরিস্থিতিতে প্রথমেই যা করা দরকার তা হলো রোগীর শরীর ঠান্ডা করা এবং খোলা বা ফাঁকা স্থানে নিয়ে যাওয়া,এ ধরনের পরিস্থিতিতে প্রথমেই করণীয় হলো রোগীকে ঠান্ডা করা এবং তাকে খোলা বা খালি জায়গায় নিয়ে যাওয়া।
174161,153950,এতে শরীরে আয়রন ক্যালসিয়াম জিঙ্কের শোষণ করার ক্ষমতা কমিয়ে দেয়,"এতে শরীরের আয়রন, ক্যালসিয়াম ও জিঙ্ক শোষণের ক্ষমতা কমে যায়।"
147164,124820,দৃষ্টি ক্ষতিগ্রস্ত হয়ে যাওয়ার পর কিন্তু পুষ্টিকর খাবার খেয়ে সেই ক্ষতি পূরণ করা সম্ভব নয়,একবার দৃষ্টিশক্তি নষ্ট হয়ে গেলে পুষ্টিকর খাবার খেয়ে ক্ষতি পূরণ করা সম্ভব নয়।
118765,94696,সবচেয়ে বেশি মৃত্যুর তালিকায় দ্বিতীয় স্থানে রয়েছে স্ট্রোক,স্ট্রোক মৃত্যুর দ্বিতীয় প্রধান কারণ।
159190,137795,এ ছাড়া সার হিসেবেও ব্যবহার করতে পারেন,এছাড়া এটি সার হিসেবেও ব্যবহার করা যায়
4190,4916, এ কারণে পরিমিত পরিমাণে গ্রহণ করতে হবে,"অতএব, এটি পরিমিতভাবে গ্রহণ করা উচিত।"
13067,15421,সোনালি দুধ বা হলুদ মেশানো দুধ থাইরয়েডের সমস্যা দূর করতে দারুণ কাজ দেয়,সোনালি দুধ বা হলুদের সাথে দুধ মেশানো থাইরয়েডের সমস্যা দূর করতে দারুণ কাজ করে।
199798,179692,কেননা শীত শুরু হতেই বাত রোগীদের ব্যথাযন্ত্রণা বাড়তে শুরু করে,কারণ শীত শুরু হলেই বাতের রোগীদের ব্যথা বাড়তে শুরু করে।
69039,41752,যাদের প্রাথমিক চিকিৎসা দিয়ে ছেড়ে দেওয়া হচ্ছে,যাদের প্রাথমিক চিকিৎসা দিয়ে ছেড়ে দেওয়া হয়েছে।
65508,38048,কোরমা মুরগির হালকা মসলার রান্না খাবারে নতুনত্ব আনতে পারে,মুরগির কোরমার হালকা মশলা রান্না খাবারে সতেজতা আনতে পারে।
20469,24326, বিট ভিটামিন এবং খনিজগুলোর পাশাপাশি ভেষজ ঔষধি বৈশিষ্ট্যযুক্ত,বিটে ভিটামিন ও খনিজ উপাদানের পাশাপাশি ভেষজ গুণাগুণ রয়েছে।
49852,21241,সর্দি কাশি গলাব্যথা টনসিল ফুলে যাওয়া মাথাব্যথা নাক বন্ধ বা নাক দিয়ে পানি ঝরা ইত্যাদি বিরক্তিকর উপসর্গ দেখা দেয়,বিরক্তিকর উপসর্গ যেমন সর্দি কাশি গলা ব্যথা টনসিল ফুলে যাওয়া মাথাব্যথা ঠাসা বা নাক দিয়ে পানি পড়া।
46885,18056,কারণ হাইপো হলে যেটা হয় বাচ্চা ও মা দুইজনেরই মারাত্মক অবস্থা হয়,কারণ হাইপো দেখা দিলে শিশু ও মা উভয়ের অবস্থাই গুরুতর।
177339,157205,এ জন্য তাদের দরকার বাড়তি যত্ন,এ জন্য তাদের বাড়তি যত্ন প্রয়োজন।
60001,32166,একজন ক্লিনিক্যাল ডায়েটেশিয়ানের পরামর্শ নেয়া একান্ত জরুরি,একজন ক্লিনিক্যাল ডায়েটিশিয়ানের সাথে পরামর্শ করা খুবই গুরুত্বপূর্ণ।
67590,40227,এর কারণে জিহ্বা খুব মসৃণ দেখা যেতে পারে,এর ফলে জিহ্বা খুব মসৃণ দেখাতে পারে।
198521,178415,তবে ল্যাকটোজে অ্যালার্জি রয়েছে অনেক বাচ্চার,তবে অনেক শিশুর ল্যাকটোজ থেকে অ্যালার্জি থাকে।
93430,67635,শরীরে কোলেস্টেরলের মাত্রা বেশি বেড়ে যাওয়ার প্রধান কারণ অতিমাত্রায় ভাত রুটি চিনি কোল্ড ড্রিংক আইসক্রিম খাওয়াসহ অনিয়ন্ত্রিত জীবনযাপন করা,"শরীরে কোলেস্টেরলের মাত্রা বেশি হওয়ার প্রধান কারণ হলো ভাত, রুটি, চিনি, কোল্ড ড্রিংকস, আইসক্রিম অতিরিক্ত খাওয়া সহ একটি অনিয়ন্ত্রিত জীবনধারা।"
156323,134683,আচারের মতো খাবারে বিদ্যমান প্রোবায়োটিক ও এনজাইমকে পেঁপেতে বিদ্যমান এনজাইম ভেঙে দেয়,পেঁপেতে উপস্থিত এনজাইমগুলি আচারের মতো খাবারে উপস্থিত প্রোবায়োটিক এবং এনজাইমগুলিকে ভেঙে দেয়।
60686,32905,শুধু শারীরিক বর্ধন নয় বুদ্ধিবৃত্তিক গঠন এবং রক্ত বর্ধনেও এটি ভূমিকা রাখে,"এটি শুধুমাত্র শারীরিক বৃদ্ধিতে নয়, বুদ্ধিবৃত্তিক গঠন এবং রক্ত ​​বৃদ্ধিতেও ভূমিকা রাখে।"
55961,27822,দেশে অনিবন্ধিত হাসপাতাল ক্লিনিক ও ডায়াগনস্টিক সেন্টারগুলোকে ছাড় দেওয়ার সুযোগ নেই বলে জানিয়েছেন স্বাস্থ্য অধিদপ্তরের অতিরিক্ত মহাপরিচালক এডিজি অধ্যাপক ডা আহমেদুল কবীর,"স্বাস্থ্য অধিদপ্তরের অতিরিক্ত মহাপরিচালক অধ্যাপক ডাঃ আহমদুল কবির বলেন, দেশে অনিবন্ধিত হাসপাতাল ক্লিনিক ও ডায়াগনস্টিক সেন্টারগুলোকে ছাড় দেওয়ার সুযোগ নেই।"
161639,140447,কিডনির কাজ হলো বর্জ্য নিষ্কাশন করা,কিডনির কাজ বর্জ্য অপসারণ করা।
156958,135360,তা ছাড়া এর আছে অ্যান্টিভাইরাল গুণ যা ভাইরাল ইনফেকশন প্রতিহত করে,তা ছাড়া এতে রয়েছে অ্যান্টিভাইরাল বৈশিষ্ট্য যা ভাইরাল সংক্রমণ প্রতিরোধ করে।
125750,102199,১ জীবিকার তাগিদে নারীদের তুলনায় পুরুষরা ঘরে থেকে বেশি বের হন,1 পুরুষরা জীবিকা অর্জনের জন্য মহিলাদের চেয়ে বেশি বাড়ি ছেড়ে চলে যায়।
96289,70675, টিকা দেওয়ার জায়গায় টিকা নেওয়ার পরবর্তী ৪৮ ঘণ্টা ঘষামাজা করবেন না চাপ দিবেন না ঠান্ডা বা গরম স্যাক দিবেন না,"টিকা দেওয়ার পর 48 ঘন্টার জন্য ভ্যাকসিনেশন সাইটে ঘষবেন না, ঠান্ডা বা গরম প্যাক লাগান।"
188209,168103,তরমুজ পেট ঠান্ডা রাখার জন্য দইয়ের বদলে বেছে নিতে পারেন তরমুজ,তরমুজ: পেট ঠান্ডা রাখতে দইয়ের বদলে বেছে নিতে পারেন তরমুজ।
39437,10111,ফ্যাটি লিভারের একপর্যায়ে শুরু হওয়া লিভারের প্রদাহকে ন্যাশ বলা হয়,লিভারের প্রদাহ যা ফ্যাটি লিভারের পর্যায় থেকে শুরু হয় তাকে NASH বলা হয়।
29850,35419, তারা যদি মনে করে রোগীটা বেশি খারাপ পরিস্থিতির মধ্য দিয়ে যাচ্ছে তাকে আমাদের কাস্টমার নাম্বারে ফোন করে সমস্যা শেয়ার করতে পারে,"যদি তারা মনে করে যে রোগী আরও খারাপ পরিস্থিতির মধ্য দিয়ে যাচ্ছে, তারা আমাদের গ্রাহক নম্বরে কল করে সমস্যাটি শেয়ার করতে পারে।"
78308,51573, অনেকক্ষেত্রে মলদ্বারে ছোট্ট ছিদ্র হয়ে ফিস্টুলা হয় যেখান থেকে পুঁজপানি বের হয় সেই ছিদ্রপথও অনেক ক্ষেত্রে চুলকায়,অনেক ক্ষেত্রে ফিস্টুলা হল মলদ্বারের একটি ছোট ছিদ্র যেখান থেকে পুঁজ বের হয়। প্যাসেজটিও অনেক ক্ষেত্রে চুলকায়।
107696,82980,অধিকাংশ ক্ষেত্রে কিডনি হার্ট চোখ কান ত্বক স্নায়ুতন্ত্র অস্থিসন্ধি এবং প্রজননতন্ত্রের স্বাভাবিক কার্যক্ষমতা ব্যাহত করে থাকে,"বেশিরভাগ ক্ষেত্রে কিডনি, হৃদপিন্ড, চোখ, কান, ত্বক, স্নায়ুতন্ত্র, জয়েন্ট এবং প্রজনন ব্যবস্থা ক্ষতিগ্রস্ত হয়।"
62419,34716,প্রয়োজনে একই রূপে ভিন্ন ব্যাধির সম্ভাবনা দূরীকণকল্পে অভিজ্ঞ চিকিৎসকের পরামর্শ মোতাবেক নানা ল্যাবরেটরিতে পরীক্ষার প্রয়োজন হতে পারে,প্রয়োজনে একই ফর্মে বিভিন্ন রোগের সম্ভাবনা নাকচ করার জন্য অভিজ্ঞ চিকিৎসকের পরামর্শ অনুযায়ী বিভিন্ন পরীক্ষাগার পরীক্ষার প্রয়োজন হতে পারে।
83228,56809,পেশাগত মানোন্নয়নের লক্ষ্যে প্রায় তিন হাজার নার্সকে ফাউন্ডেশন প্রশিক্ষণ এবং ৮০০ নার্স ও মিডওয়াইফকে ইনফেকশন প্রিভেনশন অ্যান্ড কন্ট্রোল এর প্রশিক্ষণ দেওয়া হয়,"প্রায় 3,000 নার্সকে ফাউন্ডেশন প্রশিক্ষণে প্রশিক্ষণ দেওয়া হয়েছিল এবং পেশাদার বিকাশের জন্য 800 জন নার্স ও মিডওয়াইফদের সংক্রমণ প্রতিরোধ ও নিয়ন্ত্রণে প্রশিক্ষণ দেওয়া হয়েছিল।"
192729,172623,উপকরণ চিকেন বোনলেস ২০০ গ্রাম গোলমরিচগুঁড়ো আধচা চামচ নুন স্বাদ মতো শুকনা মরিচ গুঁড়ো  ১ চাচামচ কাচামরিচ ২ টি আদা রসুন বাটা ২ চামচ হলুদ গুঁড়ো ১৪ চাচামচ পিৎজা চিজ গ্রেটেড ৫০ গ্রাম সাদা তেল ভাজার জন্য,উপকরণ মুরগির হাড়বিহীন 200 গ্রাম মরিচের গুঁড়া 12 চা চামচ লবণ স্বাদমতো শুকনো মরিচের গুঁড়া 12 চা চামচ গোল মরিচ 2 লবঙ্গ আদা রসুনের পেস্ট 2 চা চামচ হলুদের গুঁড়া 14 চা চামচ পিজা চিজ গ্রেট করা 50 গ্রাম সাদা তেল ভাজার জন্য
78563,51851, শিশুর কোনো অ্যলার্জি আছে কিনা,শিশুর কি কোন এলার্জি আছে?
149500,127334,বি ভিটামিন যেমন বি৬ বি৯ ও বি১২ হোমোসিস্টাইনের মাত্রা নিয়ন্ত্রণে সাহায্য করে যা কার্ডিওভাস্কুলার রোগের সিভিডি ঝুঁকি কমায়,"বি ভিটামিন যেমন B6, B9 এবং B12 হোমোসিস্টাইনের মাত্রা নিয়ন্ত্রণে সাহায্য করে, যা কার্ডিওভাসকুলার রোগের (সিভিডি) ঝুঁকি কমায়।"
155602,133919,অনেক মানুষই কাউন্সেলিং সহায়তা এবং সাইকোথেরাপি নেওয়ার মাধ্যমে সুস্থ জীবনে ফিরে আসেন,অনেকে কাউন্সেলিং এবং সাইকোথেরাপির মাধ্যমে সুস্থ জীবনে ফিরে আসেন।
170548,150060,একটি হলো ফান্ডাস ফ্লোরেসেন্স এনজিওগ্রাম বা চোখের এনজিওগ্রাম এবং দ্বিতীয়টি  হলো ওসিটি মেকুলা,একটি হল ফান্ডাস ফ্লুরোসেন্স এনজিওগ্রাম বা চোখের এনজিওগ্রাম এবং দ্বিতীয়টি হল ওসিটি ম্যাকুলা।
96797,71224,এজন্য কাঠামোগত যত নিখুঁত নকশা প্রয়োজন তা যুক্ত করেছেন গবেষকরা,"এর জন্য, গবেষকরা যোগ করেছেন যে কাঠামোগত নিখুঁত নকশা প্রয়োজন।"
96424,70828,এডিস মশা মূলত দিনের বেলা সূর্যোদয়ের পরপর ও সূর্যাস্তের পূর্বে কামড়ায়,এডিস মশা প্রধানত দিনের বেলায় সূর্যোদয়ের পর এবং সূর্যাস্তের আগে কামড়ায়।
40552,11305,সাধারণত টনসিল একটু বড় হয়ে গেলে সেটা নিয়ে চিন্তিত হওয়ার কারণ নেই কিন্তু যদি সে কারণে বাচ্চার খাবার খেতেখাবার গিলতে কষ্ট হয় মুখ দিয়ে লালা বের হয় গলা ব্যথার সঙ্গে ঘনঘন জ্বর হয় রাতে ঘুমের ভেতর শ্বাস নিতে সমস্যা হয় তাহলে এটা বাচ্চার অনেক ক্ষতি করতে পারে,"সাধারণত টনসিল সামান্য বড় হলে চিন্তার কোনো কারণ নেই, তবে শিশুর যদি খাবার গিলতে অসুবিধা হয়, মুখ থেকে লালা বের হয়, গলা ব্যথার সঙ্গে ঘন ঘন জ্বর হয়, রাতে ঘুমানোর সময় শ্বাস নিতে কষ্ট হয়, তাহলে তা অনেকটাই হতে পারে। সন্তানের ক্ষতি।"
109058,84450,এ কারণেই ঠোঁট শুষ্ক হয়ে যায়,এ কারণে ঠোঁট শুষ্ক হয়ে যায়।
26482,31497,"চোখের সামনে কারও এমন সঙ্গে এমনটা ঘটলে তার চোখে-মুখে পানির ঝাপটা দিন, সঙ্গে এক গ্লাস পানি পানও করান",কারো চোখের সামনে এমন কিছু ঘটলে তাদের চোখে-মুখে পানি ছিটিয়ে এক গ্লাস পানি পান করান।
76092,49221, আইসিসি বা বেসিলোসিড অনুমোদিত হাসপাতাল জীবাণুনাশক ম্যানুফেকচারারের নির্দেশনা অনুযায়ী স্প্রে করতে হবে,একটি ICC বা Basilocid অনুমোদিত হাসপাতালের জীবাণুনাশক প্রস্তুতকারকের নির্দেশ অনুযায়ী স্প্রে করা উচিত।
106639,81847,কোনোভাবেই কালক্ষেপণ করা যাবে না,এটা কোনোভাবেই বিলম্বিত করা যাবে না।
31556,1695, সম্ভব হলে প্যাসেজওয়ের পাশের সিট বেছে নিন,"যদি সম্ভব হয়, একটি আইল সিট চয়ন করুন।"
11251,13236, তার পর মধু ও লেবু মিশিয়ে নিলেই তৈরি তুলসী চা,এরপর মধু ও লেবু মিশিয়ে তুলসী চা তৈরি করা হয়।
130177,106849,  সবাইকে জুতা ও মোজা পরার অভ্যাস করতে হবে,প্রত্যেকেরই জুতা ও মোজা পরার অভ্যাস করা উচিত।
194208,174102,নয়তো আপনার কষ্টের টাকা সঠিকভাবে খরচ নাও হতে পারে,"অন্যথায়, আপনার কষ্টার্জিত অর্থ সঠিকভাবে ব্যয় নাও হতে পারে।"
185557,165451,কারণ সিগারেট খাওয়ার দীর্ঘদিনের অভ্যাস ত্যাগ করলে অনেকেই তারপর হতাশায় ভোগেন,কারণ সিগারেট খাওয়ার দীর্ঘদিনের অভ্যাস ত্যাগ করার পর অনেকেই বিষণ্নতায় ভোগেন।
106525,81729,এর সবচেয়ে ভালো এবং সহজ উপায় হলো আয়োডিনযুক্ত লবণ খাওয়া,সবচেয়ে ভালো এবং সহজ উপায় হল আয়োডিনযুক্ত লবণ খাওয়া।
104095,79155,খাদ্য ব্যবস্থাপনা রোগিনীর দৈহিক ওজন কাঙ্ক্ষিত মাত্রায় পৌঁছাতে সাহায্য করবে বিপাকীয় প্রক্রিয়ার উন্নতি ঘটাবে যাতে করে ইনস্যুলিন রেজিস্ট্রেন্স কমে যাওয়ার সম্ভাবনা বৃদ্ধি পাবে,ডায়েটারি ম্যানেজমেন্ট রোগীকে কাঙ্খিত শরীরের ওজন অর্জন করতে এবং বিপাকীয় প্রক্রিয়াগুলিকে উন্নত করতে সাহায্য করবে যার ফলে ইনসুলিন প্রতিরোধের হ্রাসের সম্ভাবনা বৃদ্ধি পাবে।
101161,75949,তাই যাদের ফ্যাটি লিভার আছে তাদের উচিত রোগটি সম্পর্কে জানা এবং চিকিৎসা নেওয়া,ফ্যাটি লিভারে আক্রান্ত ব্যক্তিদের রোগ সম্পর্কে জেনে চিকিৎসা নেওয়া উচিত।
115989,91775,তাই যত খারাপই লাগুক না কেন একটা নির্দিষ্ট নিয়ম মেনে ঘুমাতে যান এবং ঘুম থেকে উঠুন,তাই ঘুমাতে যান এবং একটি নির্দিষ্ট রুটিন নিয়ে জেগে উঠুন তা যতই খারাপ লাগুক না কেন।
192576,172470,দইয়ের বদলে পেট ঠান্ডা রাখে যে খাবারতরমুজ পেট ঠান্ডা রাখার জন্য দইয়ের বদলে বেছে নিতে পারেন তরমুজ,দইয়ের বদলে পেট ঠাণ্ডা রাখে যেসব খাবার: তরমুজ পেট ঠাণ্ডা রাখতে দইয়ের বদলে তরমুজ বেছে নিতে পারেন।
141514,118797,দক্ষিণ কোরিয়ায় মৃতের সংখ্যা ৪২,দক্ষিণ কোরিয়ায় মৃতের সংখ্যা ৪২।
175413,155266,মনে রাখবেন প্রাথমিক অবস্থায় চিকিৎসা নিলে যে কোনো জটিলতা এড়ানো খুব সহজ,মনে রাখবেন যে আপনি যদি প্রাথমিক পর্যায়ে চিকিত্সা চান তবে কোনও জটিলতা এড়ানো খুব সহজ।
6541,7629, ৯ হাজারের বেশি রোগী চিকিৎসা নিয়ে বাড়ি ফিরেছেন,চিকিৎসা শেষে বাড়ি ফিরেছেন ৯ হাজারের বেশি রোগী।
185597,165491,কেননা সুস্বাস্থ্যের জন্য ঘুম খুবই জরুরি,কারণ সুস্বাস্থ্যের জন্য ঘুম খুবই গুরুত্বপূর্ণ।
27356,32551," কেউ কেউ জন্মান্ধ হয়ে পৃথিবীতে আসেন, কেউ কেউ আবার জন্মানোর পর নানা কারণে দৃষ্টিশক্তি হারান","কেউ জন্ম থেকে অন্ধ হয়ে পৃথিবীতে আসেন, কেউ আবার জন্মের পর নানা কারণে দৃষ্টিশক্তি হারান।"
62762,35074,ওয়ার্ল্ড হেলথ অর্গানাইজেশন WHO দ্বারা চিহ্নিত আটটি অফিশিয়াল গ্লোবাল পাবলিক হেলথ ক্যাম্পেইনিংয়ের মধ্যে একটি হলো বিশ্ব রক্তদাতা দিবস,বিশ্ব রক্তদাতা দিবস WHO বিশ্ব স্বাস্থ্য সংস্থা দ্বারা চিহ্নিত আটটি সরকারী বিশ্বব্যাপী জনস্বাস্থ্য প্রচারের একটি।
90907,64945,ধীরে ধীরে এরা কানে কম শুনতে শুরু করে,ধীরে ধীরে তারা কম শুনতে শুরু করে।
43209,14115,চাহিদামতো ওষুধ উৎপাদন বাধাগ্রস্ত হচ্ছে,চাহিদা অনুযায়ী ওষুধ উৎপাদন ব্যাহত হচ্ছে।
26646,31708," কারণ, ঠান্ডায় এসব খাবারই বেশি খেতে মন চায়",কারণ ঠান্ডায় এই খাবারগুলো বেশি করে খেতে চান।
133434,110245,কারণ এর প্রযুক্তি আমি আগেই ব্যবহার করেছি,কারণ আমি ইতিমধ্যে এর প্রযুক্তি ব্যবহার করেছি।
198953,178847,যেমন পালং শাক মুসুর ডাল মটরশুঁটি চর্বিহীন মাংস হাঁসমুরগি মাছ,"যেমন পালং শাক, মসুর ডাল, মটরশুটি, চর্বিহীন মাংস, মুরগি, মাছ"
88859,62797,চট্রগ্রাম ছাড়া এ সময়ে আরো ১৩টি জেলায় অন্তত ৩০ জন বা তার বেশি সংখ্যাক মানুষ পানিতে ডুবে মারা যায়,চট্টগ্রাম ছাড়াও আরও ১৩টি জেলায় অন্তত ৩০ বা তার বেশি মানুষ পানিতে ডুবে মারা গেছে।
166788,146036,বেশি রক্তবমি হলে দুর্বলতা অস্বস্তিবোধ শরীর ঠান্ডা হয়ে ঘেমে যাওয়া ধীরে ধীরে নেতিয়ে পড়া ভুলভাল বলতে শুরু করার মতো লক্ষণ দেখা যেতে পারে,"প্রচুর রক্ত ​​বমি হলে দুর্বলতা, অস্বস্তি, ঠান্ডা লাগা, ঘাম হওয়া এবং ধীরে ধীরে কমে যাওয়ার মতো উপসর্গ দেখা দিতে পারে।"
151212,129161,যদি কমপক্ষে ছয় মাস ধরে এই মনোযোগহীনতা থাকে এবং এর কারণে পড়ালেখা বা দৈনন্দিন কাজে সমস্যা হয় মানুষের সঙ্গে সম্পর্ক নষ্ট হতে থাকে তখন তাকে এডিডি বলা যেতে পারে,"যদি এই অসাবধানতা কমপক্ষে ছয় মাস ধরে চলতে থাকে এবং পড়াশোনা বা দৈনন্দিন কাজকর্মে সমস্যা সৃষ্টি করে বা মানুষের সাথে সম্পর্ক নষ্ট করে, তবে তাকে ADD বলা যেতে পারে।"
68459,41128, যদি বমি করে ১০ মিনিট অপেক্ষা করে আবার স্যালাইন খাওয়াতে হবে,বমি হলে ১০ মিনিট অপেক্ষা করে আবার স্যালাইন দিন।
81919,55438,চোখের পেছন দিকে থাকে স্ফেনয়েড সাইনাস,চোখের পিছনে রয়েছে স্ফেনয়েড সাইনাস।
53690,25324,দাম্পত্য সম্পর্ক স্ট্রেস হরমোন কমায় মানসিক প্রশান্তি দেয় হৃদস্পন্দন স্বাভাবিক রাখে এবং রক্তচাপ কমায় বা স্বাভাবিক রাখে ও হার্টঅ্যাটাকের ঝুঁকি কমায়,"বিয়ে স্ট্রেস হরমোন কমায়, মনকে শান্ত করে, হৃদস্পন্দন স্বাভাবিক করে এবং রক্তচাপ কমায় বা স্বাভাবিক করে এবং হার্ট অ্যাটাকের ঝুঁকি কমায়।"
104232,79305,৫ শিশুদের গলাব্যথা জ্বর ও ত্বকে খোসপাঁচড়ার দ্রুত সঠিক চিকিৎসা করা উচিত,"5 শিশুদের মধ্যে গলা ব্যথা, জ্বর এবং ত্বকের ফুসকুড়ি অবিলম্বে এবং সঠিকভাবে চিকিত্সা করা উচিত।"
170984,150522,মস্তিষ্কের অ্যানিউরিজমের ফলে সাবঅ্যারাকনয়েড হেমোরেজ বা রক্তক্ষরণ হতে পারে,মস্তিষ্কের অ্যানিউরিজমের কারণে সাবরাচনয়েড হেমোরেজ বা রক্তপাত হতে পারে।
146549,124148,জেনেটিক অথবা বংশগত রোগ যেমন ডাউন সিনড্রোম,জেনেটিক বা বংশগত রোগ যেমন ডাউন সিনড্রোম
96370,70770,পারতপক্ষে রাত ১০টার পর আর জেগে থাকবেন না,হয়তো রাত ১০টার পর জেগে থাকবেন না।
78666,51958,কারণ এতে ক্যারোটিন বেশি থাকে,কারণ এতে ক্যারোটিন বেশি থাকে।
51822,23333,এ থেকে পরিত্রাণের উপায় জানাবেন,এটা থেকে পরিত্রাণ পেতে আমাকে বলুন.
95721,70068,হালকা ব্যায়ামের মধ্যে জগিং ট্রেডমিল বা ইন্সট্রুমেন্টাল কিছু হালকা ব্যায়াম করা যেতে পারে,হালকা ব্যায়ামের মধ্যে জগিং ট্রেডমিল বা কিছু হালকা ইন্সট্রুমেন্টাল ব্যায়াম করা যেতে পারে।
49766,21149,খুব সকালে ঘুম থেকে ওঠার পর খালি পেটে অপারেশন করাই ভালো,সকালে ঘুম থেকে ওঠার পর খালি পেটে অপারেশন করা ভালো।
69996,42758,এ সমস্যার ট্রিটমেন্ট না করলে এবং দীর্ঘদিন চলতে থাকলে ব্যাকটেরিয়াল ভ্যাজাইনোসিস নামক সমস্যা হতে পারে,যদি এই সমস্যার চিকিৎসা না করা হয় এবং দীর্ঘ সময় ধরে চলতে থাকে তবে এটি ব্যাকটেরিয়াল ভ্যাজিনোসিস নামক সমস্যা সৃষ্টি করতে পারে।
14974,17697,"দেশের একমাত্র মাল্টিডিসিপ্লিনারি সুপার স্পেশালিটি হাসপাতাল হিসেবে ল্যাবএইড ক্যান্সার হাসপাতাল এন্ড সুপার স্পেশালিটি সেন্টার চিকিৎসা, রেডিয়েশন এবং ডায়াগনস্টিক সুবিধাসহ সকল ধরনের স্বাস্থ্য সেবা প্রদান করে আসছে","দেশের একমাত্র মাল্টিডিসিপ্লিনারি সুপার স্পেশালিটি হাসপাতাল হিসেবে, ল্যাবএইড ক্যান্সার হাসপাতাল এবং সুপার স্পেশালিটি সেন্টার চিকিৎসা, রেডিয়েশন এবং ডায়াগনস্টিক সুবিধা সহ সব ধরনের স্বাস্থ্য পরিষেবা প্রদান করে।"
46464,17594,লিভিং বা জীবিত ব্যক্তি থেকে কিডনি নিতে চাইলে ডোনারের মারাত্মক ও দীর্ঘস্থায়ী কোনো শারীরিক অসুস্থতা থাকা চলবে না,আপনি যদি জীবিত ব্যক্তির কাছ থেকে কিডনি নিতে চান তবে দাতার অবশ্যই গুরুতর বা দীর্ঘস্থায়ী শারীরিক অসুস্থতা থাকবে না।
99805,74465,আর শিশু ভূমিষ্ঠ হওয়ার পর থেকে পূর্ণাঙ্গ যুবক হওয়া পর্যন্ত পুরো সময়টার বৃদ্ধি মূলতঃ নিয়ন্ত্রিত হয় Growth hormone Thyroid hormone ও Insulin হরমোনের সমন্বিত কার্যক্রমের দ্বারা,"এবং জন্ম থেকে প্রাপ্তবয়স্ক হওয়া পর্যন্ত পুরো সময়কালের বৃদ্ধি মূলত বৃদ্ধি হরমোন, থাইরয়েড হরমোন এবং ইনসুলিন হরমোনের সমন্বিত ক্রিয়া দ্বারা নিয়ন্ত্রিত হয়।"
1458,1698,এডিস মশার জন্ম হয় পাত্রের জমে থাকা পানিতে,পাত্রে দাঁড়িয়ে থাকা পানিতে এডিস মশা বংশবিস্তার করে।
79899,53266,৬ কিছু ওষুধ আছে যেগুলো বমি বা বমি বমি ভাব বন্ধ করতে পারে চিকিৎসকের পরামর্শমতো বাহনে ওঠার আগেই এজাতীয় ওষুধ খেয়ে নিতে পারেন,কিছু ওষুধ আছে যা বমি বা বমি বমি ভাব বন্ধ করতে পারে। ডাক্তারের পরামর্শ অনুযায়ী বোর্ডিং করার আগে এই জাতীয় ওষুধ খান।
61807,34066,যে কারণে পাকস্থলীতে ক্যান্সার হয় তার মধ্যে উল্লেখযোগ্য হচ্ছে,যেসব কারণে পাকস্থলীর ক্যান্সার হয় তার মধ্যে উল্লেখযোগ্য।
19488,23175,"চিকিৎসকের মতে, এসময় তিনটি বিষয়ে সতর্ক থাকতে হবে","চিকিৎসকের মতে, তিনটি বিষয়ে সতর্ক থাকতে হবে।"
137823,114917,৯ শিশুদের খাদ্য তালিকায় প্রোটিন পর্যাপ্ত পরিমাণে শাকসবজি ও তরল খাবার আবশ্যক,"9 বাচ্চাদের ডায়েটে পর্যাপ্ত প্রোটিন, শাকসবজি এবং তরল খাবার অন্তর্ভুক্ত করা উচিত।"
145776,123310,৪০ থেকে ৬০ বছর বয়সে এ রোগ বেশি হয়ে থাকে,এই রোগটি 40 থেকে 60 বছর বয়সের মধ্যে বেশি দেখা যায়।
197863,177757,চিঠি কিংবা কবিতা নিজের মনের ভাবগুলো লিখে প্রিয় মানুষটিকে দিন,আপনার অনুভূতি সম্পর্কে একটি চিঠি বা কবিতা লিখুন এবং আপনার প্রিয়জনকে দিন
52193,23727,অথবা অতিরিক্ত চা পান বা কফি পান বা মদ্যপান করলেও বুক ধড়ফড় করতে পারে,অত্যধিক চা বা কফি বা অ্যালকোহল হৃদস্পন্দনের কারণ হতে পারে।
168246,147602, মায়ের স্পর্শ বাচ্চাদের শরীর ও মন শান্ত করে এবং তাদের স্বস্তি দেয়,মায়ের স্পর্শ শিশুদের শরীর ও মনকে শান্ত করে এবং তাদের আরাম দেয়
77799,51045,"ডা খালেদ হাসান
হেড অফ মেডিকেল সার্ভিসেস ডিজিটাল হসপিটাল ডিজিটাল হেলথকেয়ার সলিউশানস",ডাঃ খালেদ হাসান মেডিকেল সার্ভিসেস ডিজিটাল হাসপাতাল ডিজিটাল হেলথকেয়ার সলিউশনের প্রধান
125631,102067,CBT কীভাবে প্রয়োগ করা হয় সে সম্পর্কে বিশদ আলোচনা এ স্বল্প পরিসরে আসলে সম্ভব নয়,"এই সংক্ষিপ্ত স্থানে, কিভাবে CBT বাস্তবায়িত হয় তার বিস্তারিত আলোচনা সত্যিই সম্ভব নয়।"
56211,28086,তবে ঘরোয়া কয়েকটি উপায়েও নিয়ন্ত্রণ রাখতে পারেন হাইপারইউরিসেমিয়া,কিন্তু কিছু ঘরোয়া উপায়ে হাইপারইউরিসেমিয়া নিয়ন্ত্রণ করা যায়।
103687,78680,ব্রেইন টিউমার থেকেই সাধারণত ব্রেইন ক্যানসারের সৃষ্টি হয়,ব্রেন টিউমার সাধারণত ব্রেন টিউমার থেকে বিকাশ লাভ করে।
89108,63052,তাই এ ঝুঁকি এড়াতে আমাদের ফুসফুসকে যতটা সম্ভব সুরক্ষিত ও পরিষ্কার রাখতে হবে,এই ঝুঁকি এড়াতে আমাদের ফুসফুসকে যতটা সম্ভব নিরাপদ ও পরিষ্কার রাখতে হবে।
156792,135182,রোগীর ইতিহাস ও শারীরিক পরীক্ষার পর ইমেজিং সবচেয়ে কার্যকর পরীক্ষা যেমন এক্সরে প্রয়োজনে সিটি স্ক্যান এমআরআই পেট স্ক্যান বোন স্ক্যান,"রোগীর ইতিহাস এবং শারীরিক পরীক্ষার পরে, ইমেজিং হল সবচেয়ে দরকারী পরীক্ষা যেমন সিটি স্ক্যান, এমআরআই, পেট স্ক্যান, প্রয়োজনে হাড় স্ক্যান।"
178820,158694,রোজায় শরীরের ক্ষতিকারক টক্সিনের মাত্রা কমে যায়,রোজা রাখলে শরীরে ক্ষতিকর টক্সিনের মাত্রা কমে।
82309,55840,সাইকোসোমাটিক ব্যথাও মুখে একটি লম্বা সময় ধরে থাকতে পারে,মনস্তাত্ত্বিক ব্যথাও মুখে দীর্ঘ সময় ধরে চলতে পারে।
70104,42873,শিশুদের অনেকেই এখন কিডনি রোগে আক্রান্ত হচ্ছে,এখন অনেক শিশু কিডনি রোগে আক্রান্ত হচ্ছে।
141161,118425,সেখানে দেখা গেছে এ গ্রুপের রক্তধারীরা সবচেয়ে বেশি করোনায় আক্রান্ত হচ্ছেন আবার মারাও পড়ছেন,দেখা গেছে এই গ্রুপের রক্তের মানুষরাই করোনায় সবচেয়ে বেশি আক্রান্ত হচ্ছেন এবং মারা যাচ্ছেন।
29455,34978," অস্বাস্থ্যকর জীবনযাপন, অনিয়মিত খাওয়াদাওয়ার অভ্যাসের মতো বহু কারণে কিডনিতে পাথর জমে","অস্বাস্থ্যকর জীবনযাপন, অনিয়মিত খাদ্যাভ্যাসের মতো অনেক কারণে কিডনিতে পাথর জমে।"
154804,133029,প্রশ্ন আমার বয়স ২২ বছর,প্রশ্ন: আমার বয়স 22 বছর।
180818,160696,তৈলাক্ত স্ক্যাল্প  এ ধরনের স্ক্যাল্পে খুশকির সমস্যা বেশি হয়,তৈলাক্ত স্ক্যাল্প এই ধরনের স্ক্যাল্পে খুশকির প্রবণতা বেশি থাকে।
125855,102312,কারণ মিষ্টি কুমড়ার বিচিতে হয়েছে প্রচুর পরিমাণে ম্যাগনেসিয়াম সালফেট যা মাথাব্যথা উপশমে কাজ করে থাকে,"কারণ মিষ্টি কুমড়ার বীজে রয়েছে উচ্চ পরিমাণে ম্যাগনেসিয়াম সালফেট, যা মাথাব্যথা দূর করতে কাজ করে।"
96913,71350, বাইরে যাওয়ার সময় এবং ঘুমানোর সময় বাচ্চাদের শরীরে পর্যাপ্ত শীতের কাপড় যেন থাকে সেদিকে খেয়াল রাখতে হবে,বাচ্চাদের বাইরে এবং ঘুমানোর সময় পর্যাপ্ত শীতের পোশাক রয়েছে তা নিশ্চিত করুন।
167757,147086,ম্যাগনেশিয়াম আমাদের দেহের রক্তনালির সংকোচন এবং নিউরোট্রান্সমিটার পরিবহনে ভূমিকা রাখে,ম্যাগনেসিয়াম রক্তনালীগুলির সংকোচন এবং আমাদের দেহে নিউরোট্রান্সমিটার পরিবহনে ভূমিকা পালন করে।
5961,6945," বিজ্ঞানীদের কথায়, গরমের মধ্যে এমনিই শরীরে পানি কমে যাওয়ার প্রবণতা রয়েছে","বিজ্ঞানীদের মতে, গরমে শরীরে পানি কমে যাওয়ার প্রবণতা থাকে।"
183030,162912,বিশ্বখ্যাত শেফ রাফি বলেন আমরা চেষ্টা করেছি মানসম্পন্ন লেবানিজ ফুড খাবারপ্রেমীদের জন্য মেলে ধরতে,"বিশ্ববিখ্যাত শেফ রাফি বলেছেন: ""আমরা খাবার প্রেমীদের কাছে মানসম্পন্ন লেবানিজ খাবার আনার চেষ্টা করেছি।"""
88582,62507,সারাদিনে তিন বেলার খাবারের মেন্যুতে রাখতে পারেন বিভিন্ন ধরনের স্যুপ গরম দুধ দুধ ছাড়া চা তিনচার ফোঁটা লেবুর রস,সারাদিনের তিন বেলা খাবারের মেনুতে রাখতে পারেন বিভিন্ন ধরনের স্যুপ গরম দুধ দুধহীন চা তিন ফোঁটা লেবুর রস।
187189,167083,তবে ইলিশ খিচুড়িও বৈশাখের ভোজন আয়োজনে যোগ করতে পারে ভিন্ন মাত্রা,তবে ইলিশের খিচুড়িও বৈশাখের উৎসবে যোগ করতে পারে ভিন্ন মাত্রা।
26045,30978, রোজের ডায়েটে ওটস রাখলে রক্তে খারাপ কোলেস্টেরলের মাত্রা কমে ও ভাল কোলেস্টেরলের মাত্রা বৃদ্ধি পায়,প্রতিদিনের খাদ্যতালিকায় ওটস রাখলে তা রক্তে খারাপ কোলেস্টেরলের মাত্রা কমায় এবং ভালো কোলেস্টেরলের মাত্রা বাড়ায়।
120407,96442,কান চোখ ও বিভিন্ন জয়েন্ট থেকে সিগন্যালগুলো মস্তিষ্কের সেরিবেলামে যায় এবং এখানে বিভিন্ন দিকে এবং তার শুরুতে বিবেচনার মাধ্যমে শরীরে ভারসাম্য রক্ষা হয়ে থাকে,"কান, চোখ এবং বিভিন্ন জয়েন্ট থেকে সংকেত সেরিবেলামে যায়, যেখানে বিভিন্ন দিক এবং শুরু বিবেচনা করে শরীরের ভারসাম্য বজায় রাখা হয়।"
75359,48457,তবে বয়স অনুসার লক্ষণগুলো পরিবর্তিত হয়,"যাইহোক, বয়সের সাথে লক্ষণগুলি পরিবর্তিত হয়।"
104679,79773,২ গঠনত বৃদ্ধি  ব্র্যাকিংয়াল সিস্ট ল্যারিগোসিস,2 গঠনমূলক বৃদ্ধি Brachyngeal সিস্ট ল্যারিগোসিস
101942,76793,তবে বেশির ভাগ ক্ষেত্রে থায়রয়েড গ্রন্থি বা এর অংশবিশেষ ফুলে ওঠা মানেই কিন্তু ক্যান্সার নয়,তবে বেশিরভাগ ক্ষেত্রে থাইরয়েড গ্রন্থি বা এর অংশ ফুলে যাওয়া মানে ক্যান্সার নয়।
50154,21553,অবশ্য কয়েকটি সরকারি হাসপাতাল এবং বেসরকারি পর্যায়ে অলাভজনক প্রতিষ্ঠান যেমনকিডনি ফাউন্ডেশন হাসপাতাল রোগীদের ডায়ালাইসিস ও কিডনি সংযোজন কার্যক্রম পরিচালনা করলেও চাহিদার তুলনায় যথেষ্ট অপ্রতুল,তবে কিছু সরকারি হাসপাতাল এবং কিডনি ফাউন্ডেশন হাসপাতালের মতো বেসরকারি অলাভজনক প্রতিষ্ঠান রোগীদের জন্য ডায়ালাইসিস ও কিডনি প্রতিস্থাপন কার্যক্রম পরিচালনা করলেও চাহিদার তুলনায় তা অপ্রতুল।
29967,2,আসলে তা নয় তবে অন্যান্য সমস্যা দেখা দিতে পারে,"আসলে তা নয়, তবে অন্যান্য সমস্যা দেখা দিতে পারে।"
82711,56261,ঘরে যাতে পর্যাপ্ত আলোবাতাস থাকে সে ব্যবস্থা করুন,ঘরে পর্যাপ্ত আলো এবং বায়ুচলাচল রয়েছে তা নিশ্চিত করুন।
169930,149396,পানিশূন্যতা রোধে দিনে বা রাতে যেকোনো সময় তরমুজ খাওয়া যেতে পারে,ডিহাইড্রেশন প্রতিরোধে দিনে বা রাতে যে কোনো সময় তরমুজ খাওয়া যেতে পারে।
181285,161163,চুল কন্ডিশন করতে দুই টেবিল চামচ বাটার গলিয়ে নিয়ে তাতে আধা কাপ অলিভ অয়েল মিশিয়ে নিন,"আপনার চুল কন্ডিশন করার জন্য, দুই টেবিল চামচ মাখন গলিয়ে তাতে আধা কাপ অলিভ অয়েল মিশিয়ে নিন।"
90419,64407,কখনও কখনও যৌনাঙ্গে চুলকানি দেখা যায়,কখনও কখনও যৌনাঙ্গে চুলকানি দেখা যায়।
54667,26408,স্ক্যাবিসের চিকিৎসায় পারমিথ্রিন ক্রিম সঠিক নিয়মে ব্যবহার করতে হবে,পার্মেথ্রিন ক্রিম স্ক্যাবিসের চিকিত্সার জন্য সঠিকভাবে ব্যবহার করা উচিত।
149485,127318,বি কমপ্লেক্স আরও যেসব স্বাস্থ্যসুবিধা দেয় তা জেনে নিন,বি কমপ্লেক্সের আরও স্বাস্থ্য উপকারিতা জেনে নিন
178728,158602,কেউ কেউ তারও আগে থেকে পরিশ্রমে বুক ব্যথা পরিশ্রমে হাপিয়ে যাওয়া বা হাঁপিয়ে ওঠা কেউ কেউ এটাকে দম আটকে আসা কেউ বলে হাঁসফাঁস লাগে কারও কারও বুক ধড়ফড় করে থাকে,"কিছু লোকের আগে পরিশ্রমের কারণে বুকে ব্যথা হয়, পরিশ্রমের ফলে শ্বাসকষ্ট হয় বা হাঁপায়, কেউ একে বলে শ্বাসকষ্ট, কেউ বলে হাঁপাতে, কেউ বলে ধড়ফড়।"
32756,2978,২০১৯ সালে সারা বিশ্বে অ্যান্টিবায়োটিক রেজিস্ট্যান্সের সঙ্গে সম্পর্কিত মৃত্যুর সংখ্যা ৪৯ লাখ ৫০ হাজার জন,"2019 সালে, বিশ্বজুড়ে অ্যান্টিবায়োটিক প্রতিরোধের সাথে সম্পর্কিত মৃত্যুর সংখ্যা ছিল 4.95 মিলিয়ন।"
239,289, হাসপাতালে ভর্তি থাকার হার ৭ শতাংশ এবং মৃত্যুর হার শূন্য দশমিক পাঁচ শতাংশ,হাসপাতালে ভর্তির হার 7 শতাংশ এবং মৃত্যুর হার 0.5 শতাংশ।
183477,163363,সরকারিভাবে সব উপজেলা স্বাস্থ্য কমপ্লেক্সে ওষুধটি পৌঁছানো হয়েছে,সরকারিভাবে সব উপজেলা স্বাস্থ্য কমপ্লেক্সে ওষুধ পৌঁছে দেওয়া হয়েছে।
7816,9114,কী কী সমস্যা হচ্ছে এর ফলে? কীভাবে সামলাবেন সেগুলো? জেনে নিন,"ফলে কী কী সমস্যা হচ্ছে, সেগুলো কীভাবে সামলাবেন?"
185034,164928,এবার একটি কড়াইয়ে তেল গরম করুন,এবার একটি প্যানে তেল গরম করুন।
49979,21374,আপনার চিকিৎসকের সঙ্গে নিয়মিত যোগাযোগ এবং উপসর্গ ও উদ্বেগ নিয়ে আলোচনা করবেন,আপনার ডাক্তারের সাথে নিয়মিত যোগাযোগ করুন এবং লক্ষণ এবং উদ্বেগ নিয়ে আলোচনা করুন।
198726,178620,ঠিক এক রকম না হলেও একই নকশা বা ধরনের পোশাক ও তাদের জন্য ভারী আনন্দের,ঠিক একই রকম না হলেও একই ডিজাইন বা পোশাকের ধরন নিয়েও তারা খুব খুশি।
38331,8910,বিস্তারিত লিখেছেন সিলেট এমএজি ওসমানী মেডিকেল কলেজ হাসপাতালের নাক কান ও গলা বিভাগের রেজিস্ট্রার ডা মো আব্দুল হাফিজ শাফী,"এ বিষয়ে বিস্তারিত লিখেছেন সিলেট এমএজি ওসমানী মেডিকেল কলেজ হাসপাতালের কান, নাক ও গলা বিভাগের রেজিস্ট্রার ডাঃ মোঃ আব্দুল হাফিজ শফি।"
38607,9209, চোখের ব্যথা এড়াতে এবং সংক্রমণের আরও বিস্তার এড়াতে আপনার হাত সঠিকভাবে পরিষ্কার রাখুন ব্যথা কমাতে পরিষ্কার পানি দিয়ে আপনার চোখ বারবার ধুয়ে নিন,চোখের ব্যথা এবং সংক্রমণের আরও বিস্তার এড়াতে আপনার হাত সঠিকভাবে পরিষ্কার রাখুন ব্যথা কমাতে পরিষ্কার জল দিয়ে ঘন ঘন আপনার চোখ ধুয়ে নিন।
190255,170149,তারা ইলিশ মাছের মতো দেখতে সার্ডিন মাছকে ইলিশ বলে চালিয়ে দিচ্ছে,"ইলিশ মাছের মতো দেখতে সার্ডিন মাছকে তারা বলে, ইলিশ।"
190795,170689,তাই সুস্থসবল জীবন চাইলে ঝটপট এই পাতার শরণাপন্ন হন,"আপনি যদি একটি সুস্থ জীবন চান, অবিলম্বে এই পেজ ভিজিট করুন."
181160,161038,এ ক্ষেত্রে মাইল্ড শ্যাম্পু বেশি কার্যকর,এ ক্ষেত্রে মাইল্ড শ্যাম্পু বেশি কার্যকর।
52549,24113, মেনোপজের পর ইস্ট্রোজেন এবং প্রোজেস্টেরন প্রতিস্থাপনের জন্য পাঁচ বছরেরও বেশি সময় ধরে হরমোন ওষুধ গ্রহণ,মেনোপজের পরে ইস্ট্রোজেন এবং প্রোজেস্টেরন প্রতিস্থাপনের জন্য পাঁচ বছরের বেশি সময় ধরে হরমোনের ওষুধ গ্রহণ করা।
169879,149341,অর্থাৎ রাতে ঠান্ডা পানি দিয়ে গোসলের তেমন কোনো বৈজ্ঞানিক উপকারিতা নেই,অর্থাৎ রাতে ঠাণ্ডা গোসলের কোনো বৈজ্ঞানিক উপকারিতা নেই।
58806,30872, জেনেটিকস বা বংশগত কারণ থেকে হতে পারে তবে খুব কম,"জেনেটিক্স বা বংশগত কারণে হতে পারে, কিন্তু খুব বিরল।"
82020,55542,আমরা অবশ করে পলিপ বের করে নিয়ে আসতে পারি,আমরা আলতো করে পলিপ অপসারণ করতে পারি।
149568,127405,একদিকে ভাইরাসের কারণে হাড়ের মজ্জায় প্লাটিলেটের উৎপাদন কমে যায় অন্যদিকে ভাইরাস সংক্রমণের কারণে রক্তে কিছু বিষাক্ত পদার্থ উৎপন্ন হয় যা প্লাটিলেট ধ্বংসের হার বাড়ায়,"একদিকে ভাইরাস অস্থিমজ্জায় প্লেটলেটের উৎপাদন কমিয়ে দেয়, অন্যদিকে ভাইরাল সংক্রমণ রক্তে কিছু বিষাক্ত পদার্থ তৈরি করে যা প্লেটলেট ধ্বংসের হার বাড়িয়ে দেয়।"
176736,156599,পরবর্তী ফলো আপে দেখা গেল তার হার্টেরপাম্পিং সম্পূর্ণ স্বাভাবিক,পরবর্তী ফলোআপ দেখায় যে তার হার্ট পাম্পিং সম্পূর্ণ স্বাভাবিক ছিল।
160821,139546,তবে নবজাতকও আক্রান্ত হতে পারে,"তবে, নবজাতকও আক্রান্ত হতে পারে।"
194875,174769,কারণ বাসি ভাত দিয়ে কী করবেন ভেবে পান না,কারণ বাসি ভাত দিয়ে কী করবেন বুঝতে পারছেন না।
114628,90283,এ বিষয়ে জাতীয় ক্যানসার গবেষণা ইনস্টিটিউট ও হাসপাতালের পরিচালক অধ্যাপক ডা কাজী মোস্তাক হোসেন যুগান্তরকে বলেন আমার সর্বোচ্চ চেষ্টা করছি,"জাতীয় ক্যান্সার গবেষণা ইনস্টিটিউট ও হাসপাতালের পরিচালক ডাঃ কাজী মোস্তাক হোসেন যুগান্তরকে বলেন, আমি সাধ্যমত চেষ্টা করছি।"
149410,127240,প্রথাগত মাথাব্যথার ওষুধে ট্রাইজেমিনাল নিউরালজিয়ার ব্যথা সাধারণত কমে না,ট্রাইজেমিনাল নিউরালজিয়া ব্যথা সাধারণত প্রথাগত মাথাব্যথার ওষুধ দ্বারা উপশম হয় না।
188380,168274,ডিমের মধ্যে সেলমোনেলা নামক এক ধরনের ব্যাকটেরিয়া থাকে যা ত্বকের ক্ষতি করতে পারে,ডিমে সালমোনেলা নামক এক ধরনের ব্যাকটেরিয়া থাকে যা ত্বকের ক্ষতি করতে পারে।
175644,155497,মন ভালো রাখতে ও ভালো ঘুমের জন্য এই ম্যাগনেশিয়াম খুবই প্রয়োজন,সুস্থ মন এবং ভালো ঘুমের জন্য ম্যাগনেসিয়াম খুবই গুরুত্বপূর্ণ।
9660,11319, কিন্তু কিছুতেই কাঁচকলা মুখে তুলে দেখেন না,কিন্তু মুখে হাসি নিয়ে সে কিছুতেই তাকায় না।
186878,166772,এসব উপকরণ চুল পড়া বন্ধ করবে দ্রুতই,এই উপাদানগুলো দ্রুত চুল পড়া বন্ধ করবে।
76803,49968,কেউ কেউ মাংস জাতীয় খাবার বা চর্বিযুক্ত মাংস বেশি খেয়ে থাকেন,কেউ কেউ বেশি মাংস বা চর্বিযুক্ত মাংস খান।
180789,160667,যেহেতু শীত চলেই এসেছে তাই এ সময়ে একটু বাড়তি যত্ন প্রয়োজন,যেহেতু শীত এসেছে তাই এই সময়ে একটু বাড়তি যত্নের প্রয়োজন।
144646,122085,তবে সকালে স্কুলে যাওয়ার সময় ও বিকেলে খেলতে যাওয়ার সময় পর্যন্ত উষ্ণতা নিশ্চিত করুন,তবে সকালে স্কুলে যাওয়ার সময় এবং বিকেলে খেলতে যাওয়ার সময় আপনি উষ্ণ থাকুন তা নিশ্চিত করুন।
106452,81654,১৯৯৯ সালে এই মাত্রা ছিল যথাক্রমে ৫৪ মাইক্রোগ্রাম ও ৪৭ মাইক্রোগ্রাম,"1999 সালে, এই মাত্রা ছিল যথাক্রমে 54 মাইক্রোগ্রাম এবং 47 মাইক্রোগ্রাম।"
141274,118542,এদিকে করোনাভাইরাস ঠেকাতে ফেব্রুয়ারির শেষ থেকে মক্কা এবং মদিনায় প্রবেশের ওপরে নিষেধাজ্ঞা জারি করেছিল সৌদি সরকার,এদিকে করোনাভাইরাসের বিস্তার ঠেকাতে ফেব্রুয়ারির শেষ দিক থেকে মক্কা ও মদিনায় প্রবেশে নিষেধাজ্ঞা জারি করে সৌদি সরকার।
83979,57618,আর এটি হলে ত্বক থেকে মরা চামড়া উঠে যেতে শুরু করে এবং চুলকানি হতে পারে,"এবং যখন এটি ঘটে, মৃত ত্বকের খোসা ছাড়তে শুরু করে এবং এটি চুলকানি হতে পারে।"
195171,175065,সাধারণত রাস্তাঘাটে জগিং করা যায় না তাই চেষ্টা করবেন বাড়ির পাশাপাশি যদি কোথাও মাঠ থাকে তাহলে সেখানে জগিং করতে,"সাধারণত, আপনি রাস্তায় জগিং করতে পারবেন না, তাই আপনার বাড়ির কাছের মাঠে জগ করার চেষ্টা করুন যদি একটি থাকে।"
45466,16527,কফি পানে ঘুমের ব্যাঘাত হয় কফি ঘুম কমায়,কফি পান ঘুমের ব্যাঘাত ঘটায় কফি ঘুম কমায়।
153724,131845,ব্রণের সমস্যা থাকলে আঠালো তৈলাক্ত ক্রিম লোশন বা মেকআপ এড়িয়ে ওয়াটারবেইজড মেকআপ ব্যবহার করা ভালো,"ব্রণের সমস্যা থাকলে স্টিকি, তৈলাক্ত ক্রিম লোশন বা মেকআপের পরিবর্তে ওয়াটার বেসড মেকআপ ব্যবহার করা ভালো।"
140366,117566,এরপরও যদি করোনাভাইরাসে আক্রান্তের সংখ্যা বাড়ে তাতেও দুশ্চিন্তার কিছু নেই,করোনাভাইরাসে আক্রান্তের সংখ্যা বাড়লে চিন্তার কিছু নেই।
94226,68486,এক্ষেত্রে সিম্পটম অনুসারে ডাক্তারের কাছে গিয়ে চিকিৎসা নিতে হবে,এক্ষেত্রে লক্ষণ অনুযায়ী চিকিৎসকের কাছে গিয়ে চিকিৎসা করাতে হবে।
136136,113102,বাংলাদেশ সোসাইটি অফ ক্রিটিকেল কেয়ার মেডিসিনের প্রকাশিত সর্বশেষ হিসাব মতে মেডিসিন সার্জারি আঘাতের কারণে সৃষ্ট সমস্যা কার্ডিয়াক বার্ন ইত্যাদির কারণে এসকল ব্যবহৃত হয়,"বাংলাদেশ সোসাইটি অফ ক্রিটিক্যাল কেয়ার মেডিসিন দ্বারা প্রকাশিত সর্বশেষ প্রতিবেদন অনুসারে, ওষুধটি অস্ত্রোপচারের আঘাত, কার্ডিয়াক পোড়া ইত্যাদি সমস্যার জন্য ব্যবহৃত হয়।"
69532,42267,লিভারের কোষগুলোতে শতকরা পাঁচ ভাগের মতো চর্বি থাকে যা স্বাভাবিক কোনো কারণে অতিরিক্ত চর্বি জমা হলে তাকে ফ্যাটি লিভার রোগ বলা হয়,লিভারের কোষে প্রায় পাঁচ শতাংশ চর্বি থাকে এবং যখন স্বাভাবিক কারণে অতিরিক্ত চর্বি জমে তখন তাকে ফ্যাটি লিভার ডিজিজ বলে।
108888,84268,গ্যামালিয়ার দাবি হচ্ছে যেহেতু তারা তাদের ভ্যাকসিনের প্রাথমিক ডোজ এবং দ্বিতীয় ডোজে দুই ধরনের ভাইরাস ভেক্টর ব্যবহার করছে সেহেতু স্পুটনিক ভি অন্যান্য ভ্যাকসিনের চেয়ে বেশি দিন প্রতিরক্ষা দেবে,"গামালিয়া দাবি করেছেন যে যেহেতু তারা তাদের ভ্যাকসিনের প্রথম ডোজ এবং দ্বিতীয় ডোজে দুই ধরনের ভাইরাস ভেক্টর ব্যবহার করে, স্পুটনিক ভি অন্যান্য ভ্যাকসিনের তুলনায় দীর্ঘ সুরক্ষা প্রদান করবে।"
18923,22468,"যেমন প্লুরাতে প্লুরিসি, কেন্দ্রীয় স্নায়ুতন্ত্রে মেনিনজাইটিস, লসিকাতন্ত্রে স্ক্রফুলা, প্রজনন তন্ত্রে প্রজনন তন্ত্রীয় যক্ষ্মা, পরিপাক তন্ত্রে পরিপাক তন্ত্রীয় যক্ষ্মা এবং অস্থিকলায় পটস ডিজিস","যেমন প্লুরায় প্লুরিসি, কেন্দ্রীয় স্নায়ুতন্ত্রের মেনিনজাইটিস, লিম্ফ্যাটিক সিস্টেমে স্ক্রোফুলা, প্রজনন সিস্টেমে প্রজননতন্ত্রের যক্ষ্মা, পরিপাকতন্ত্রের যক্ষ্মা এবং হাড়ের পোটস রোগ।"
87866,61720,যারা সপ্তাহে অন্তত তিন ঘণ্টা অথবা দৈনিক আধা ঘণ্টা করে হাঁটেন তাদের ক্ষেত্রে হৃদরোগ হওয়ার ঝুঁকি অন্যদের চেয়ে ৩০ থেকে ৪০ শতাংশ কম,যারা সপ্তাহে অন্তত তিন ঘণ্টা বা দিনে আধা ঘণ্টা হাঁটেন তাদের হৃদরোগের ঝুঁকি অন্যদের তুলনায় ৩০ থেকে ৪০ শতাংশ কম।
86980,60783,তাই কোলেস্টেরলের মাত্রা কমাতে চাইলে ধূমপান এড়াতে হবে,কোলেস্টেরলের মাত্রা কমাতে চাইলে ধূমপান এড়িয়ে চলতে হবে।
4735,5550," মূত্রাশয়ের শক্তি ও প্রস্রাববর্ধক, পাথুরিনাশক","মূত্রাশয় টনিক এবং মূত্রবর্ধক, calcifying"
18851,22382,দ্রুত মুখের দুর্গন্ধ দূর করার কিছু উপায় নিচে দেয়া হলো-,নিঃশ্বাসের দুর্গন্ধ থেকে দ্রুত মুক্তি পাওয়ার কিছু উপায় নিচে দেওয়া হল:
34249,4568,আরও পড়ুন ডিপ্রেশন থেকে নিজেকে ভালো রাখার উপায়,বিষণ্নতা থেকে নিজেকে কিভাবে যত্ন নেবেন তাও পড়ুন।
23512,27974," যারা রাতের বেলা কাজ করেন, নাইট শিফট রয়েছে",যারা রাতে কাজ করেন তাদের জন্য রয়েছে নাইট শিফট।
183894,163782,দেশে পরিচালিত ল্যাবরেটরিগুলোর মান উন্নয়ন বাজেট সহায়তা বাড়ানোর মাধ্যমে চিকিৎসাশাস্ত্রের গবেষণা কার্যক্রম বৃদ্ধি করতে হবে,দেশে পরিচালিত পরীক্ষাগারগুলির মান উন্নয়নের জন্য বাজেট সহায়তা বৃদ্ধি করে চিকিৎসা গবেষণা কার্যক্রম বৃদ্ধি করতে হবে।
114966,90651,শুধু তাই নয় যে নারীর দেহে এই স্পার্ম থাকবে তার দেহেও অতি সহজে করোনার প্রবেশ ঘটবে,"শুধু তাই নয়, যে মহিলার শরীরে এই শুক্রাণু আছে তারও খুব সহজেই করোনা প্রবেশ করবে।"
162654,141541,ঠান্ডা পানি বিপাকে শরীরের অতিরিক্ত শক্তি ক্ষয় হয়,ঠাণ্ডা পানির কারণে শরীরের অতিরিক্ত শক্তি ক্ষয় হয়।
136304,113295,তবে কিছু কিছু রোগীদের আক্রান্তের ঝুঁকি বেশি রয়েই যায় এবং আক্রান্ত হলে জটিলতার আশংকা বেশি থাকে,"যাইহোক, কিছু রোগী সংক্রমণের উচ্চ ঝুঁকিতে থাকে এবং আক্রান্ত হলে জটিলতার ঝুঁকি বেশি থাকে।"
190433,170327,এদিকে ক্যালসিয়ামের বড় উৎস হলো দুধ,"এদিকে, দুধ ক্যালসিয়ামের একটি বড় উৎস।"
54586,26321,এ নবীন চিকিৎসকের মায়ের লিভার টিউমার ধরা পড়েছে,এই তরুণ চিকিৎসকের মায়ের লিভারে টিউমার ধরা পড়েছে।
72200,45082, টনসিলে তীব্র ইনফেকশন থাকলে অর্থাৎ জ্বর বা ব্যথা থাকা অবস্থায় অপারেশন করা যাবে না,"যদি টনসিলে তীব্র সংক্রমণ হয়, অর্থাৎ জ্বর বা ব্যথা হয়, তাহলে অপারেশন করা যাবে না।"
171147,150690,সোডিয়াম লরেল সালফেটের কারণে সংবেদনশীল ত্বকে জ্বালাপোড়া হতে পারে,সোডিয়াম লরিল সালফেট সংবেদনশীল ত্বকে জ্বালা সৃষ্টি করতে পারে।
123351,99642,এতে ফুসফুসের টিস্যুগুলো মোটা ও শক্ত হয়ে যায়,এটি ফুসফুসের টিস্যু পুরু এবং শক্ত হয়ে যায়।
106921,82152,যেসব মানুষের রক্তে আলফা১ এন্টিট্রিপসিন এনজাইমের ঘাটতি আছে তাদেরই সিওপিডি হওয়ার ঝুঁকি বেশি,যাদের রক্তে আলফা 1 অ্যান্টিট্রিপসিন এনজাইমের ঘাটতি রয়েছে তাদের সিওপিডি হওয়ার ঝুঁকি বেশি।
107036,82275,৩ ফুসফুস পুনর্বাসন কার্যক্রম ফুসফুসের শক্তি বাড়ানোর উদ্দেশ্যে নিয়মিত ফুসফুসের ব্যয়াম করতে থাকা,3 ফুসফুস পুনর্বাসন প্রোগ্রাম ফুসফুসের শক্তি বাড়ানোর জন্য নিয়মিত ফুসফুসের ব্যায়াম
120679,96736,কিন্তু অ্যান্টিজেন পরীক্ষার মাধ্যমে সেটি সম্ভব নয় বলে জানাচ্ছেন বিশেষজ্ঞরা,"কিন্তু বিশেষজ্ঞরা বলছেন, অ্যান্টিজেন পরীক্ষার মাধ্যমে তা সম্ভব নয়।"
17588,20841, ভিটামিন সি রোগ প্রতিরোধ ক্ষমতাও কয়েকগুণ বাড়ায়,ভিটামিন সি রোগ প্রতিরোধ ক্ষমতাও কয়েকগুণ বাড়িয়ে দেয়।
181296,161174,বালিশের গড়ন ঘুম অনেকটাই নিয়ন্ত্রণ করে,বালিশের আকৃতি ঘুমকে ব্যাপকভাবে প্রভাবিত করে
18295,21707," অ্যান্টিব্যাকটেরিয়াল এবং ক্ষত নিরাময় বৈশিষ্ট্য তো র‍য়েছে, কোষ্ঠকাঠিন্য নিরাময় এবং হজমশক্তি বাড়াতেও সাহায্য করে","অ্যান্টিব্যাকটেরিয়াল এবং ক্ষত নিরাময় বৈশিষ্ট্য, এটি কোষ্ঠকাঠিন্য নিরাময় এবং হজম উন্নত করতেও সহায়তা করে।"
114358,89997,৪মিথাইলইমিডাজল থেকে উৎপন্ন ক্যারামেল রং ক্যান্সার সৃষ্টির সহায়ক শক্তি হিসাবে কাজ করে,4-মিথিলিমিডাজল থেকে প্রাপ্ত ক্যারামেল রঙ একটি প্রো-কার্সিনোজেনিক এজেন্ট হিসাবে কাজ করে।
163324,142267, গরম আবহাওয়ায় পর্যাপ্ত বিশ্রাম ও ঘুম না হলে স্লিপ সাইকেল ঘুমের চক্র ব্যাহত হলে ত্বকে প্রভাব পড়ে,গরম আবহাওয়ায় পর্যাপ্ত বিশ্রাম ও ঘুমের অভাব ত্বকে প্রভাব ফেলতে পারে যদি ঘুমের চক্র ব্যাহত হয়।
13132,15509,এরপর অনুষ্ঠানে দ্বিতীয় বক্তা হিসেবে বিএসএমএমইউর এন্ডোক্রাইনোলজি বিভাগের সহকারী অধ্যাপক মারুফা মুস্তারি এবং মেম্বার সেক্রেটারি বিইএস তিনি বাংলাদেশ এন্ডোক্রাইন সোসাইটি কর্তৃক গর্ভাবস্থায় ডায়াবেটিস রোগ ব্যবস্থাপনা বিষয়ক গাইডলাইন এর নানা গুরুত্বপূর্ণ বিষয় ব্যাখ্যা করেন,এরপর বিএসএমএমইউর এন্ডোক্রাইনোলজি বিভাগের সহকারী অধ্যাপক মারুফা মুস্তারী ও সদস্য সচিব বিইএস বাংলাদেশ এন্ডোক্রাইন সোসাইটি কর্তৃক গর্ভাবস্থায় ডায়াবেটিস ব্যবস্থাপনা সংক্রান্ত নির্দেশনার গুরুত্বপূর্ণ বিষয়গুলো ব্যাখ্যা করেন।
16903,20019, এমনকি রোগীকে রান্না করতেও দেবেন না,এমনকি রোগীকে রান্না করতেও দেবেন না।
156526,134903,অন্ত্রের স্বাস্থ্য ভালো রাখার উপায় হলো উচ্চ ফাইবার বা আঁশযুক্ত খাবার খাওয়া,অন্ত্রের স্বাস্থ্য ভালো রাখার উপায় হল উচ্চ ফাইবারযুক্ত খাবার খাওয়া।
153694,131812,চিনির বদলে গুড় দিলে তা স্বাস্থ্যের জন্য উপকারী,চিনির বদলে গুড় খাওয়া স্বাস্থ্যের জন্য উপকারী।
17050,20198,"​চিকিৎসা বিশেষজ্ঞরা জানাচ্ছেন, ইউরিন ইনফেকশন প্রতিরোধ করার জন্য পর্যাপ্ত পরিমাণে পানিপান করতে হবে","চিকিৎসা বিশেষজ্ঞদের মতে, ইউরিন ইনফেকশন প্রতিরোধে পর্যাপ্ত পরিমাণ পানি পান করা উচিত।"
55911,27770,কিন্তু এটি ব্লাডার অথবা কিডনির ক্যান্সারের কারণে হতে পারে,কিন্তু এটি মূত্রাশয় বা কিডনি ক্যান্সারের কারণে হতে পারে।
3955,4632, ডালিমের রসের ভিটামিন দূর্বলতা দূর করে কাজে শক্তি দেবে,ডালিমের রসের ভিটামিন দুর্বলতা দূর করে কাজ করার শক্তি জোগাবে।
81660,55172,এছাড়া শিশুদের শীতকালীন ফল জুস এবং শাকসবজিও খাওয়াতে হবে,এছাড়া শিশুদের শীতকালীন ফলের রস ও শাকসবজি খাওয়া উচিত।
9015,10534, তবে এই ডায়েটে শরীরে কোনো ক্যালোরিই যায় না,কিন্তু এই খাবারে কোনো ক্যালরি শরীরে যায় না।
167137,146420,ছয় কাঁধে প্রতিদিন ভারী ব্যাগ বহন করলে পিঠে ব্যথা হতে পারে,প্রতিদিন ছয়টি কাঁধে ভারী ব্যাগ বহন করলে পিঠে ব্যথা হতে পারে
18847,22378, তবে মুখে দুর্গন্ধ হওয়ার পেছনে মুখের ভেতরে বা দাঁতের ফাঁকে জমে থাকা ব্যাকটেরিয়ার প্রভাব ছাড়াও আরও অনেক কারণ থাকতে পারে,মুখে বা দাঁতের মাঝখানে জমে থাকা ব্যাকটেরিয়ার প্রভাব ছাড়াও নিঃশ্বাসে দুর্গন্ধের আরও অনেক কারণ থাকতে পারে।
81505,55008,এবং সোরিয়াসিসের মতোই পা ফেটে যায়,আর সোরিয়াসিসের মতো পা ভেঙে বেরিয়ে যায়।
173561,153296,এসব সংক্রমণ নবদম্পতির কারও থাকলে অন্যজনকেও তা সংক্রামিত করতে পারে,নবদম্পতির মধ্যে একজনের যদি এই সংক্রমণ থাকে তবে তা অন্য ব্যক্তিকেও সংক্রমিত করতে পারে।
115003,90690,পেনিসিলিন আবিষ্কৃত হওয়ার পরবর্তী বছরগুলোয় বিশ্বব্যাপী বিভিন্ন ধরনের অ্যান্টিবায়োটিক বাজারজাত হয়,"পেনিসিলিন আবিষ্কারের পরের বছরগুলিতে, বিশ্বব্যাপী বিভিন্ন ধরণের অ্যান্টিবায়োটিক বাজারজাত করা হয়েছিল।"
135913,112868,সোমবার তাদের পরীক্ষার রিপোর্ট পাওয়ার পর  আমরা আইইডিসিআরের সঙ্গে যোগাযোগ করলে তারা হাসপাতাল লকডাউনের পরামর্শ দেন,সোমবার তাদের পরীক্ষার রিপোর্ট পাওয়ার পর আমরা আইইডিসিআরের সাথে যোগাযোগ করলে তারা হাসপাতাল লকডাউনের পরামর্শ দেয়।
46950,18125,মাঝ রাতে এসে তাপমাত্রা একটু বেশিই নেমে যায়,মধ্যরাত থেকে তাপমাত্রা কিছুটা কমে যায়।
125330,101749,এছাড়া পেশাগত কারণ খনি শ্রমিক বায়ুদূষণ জেনেটিক এবং রেডিয়েশন অন্যতম কারণ,"এছাড়াও, খনি শ্রমিকদের পেশাগত কারণ হল জেনেটিক এবং বিকিরণ দূষণ।"
145961,123503,তবে তা সম্ভব না হলে তেলের বিকল্প হিসেবে যেকোনো একটি অ্যান্টিবায়োটিক ড্রপ ব্যবহার করতে পারেন ওই একই নিয়মে,"যাইহোক, যদি তা সম্ভব না হয়, আপনি একই নিয়ম অনুসরণ করে তেলের বিকল্প হিসাবে যেকোনো অ্যান্টিবায়োটিক ড্রপ ব্যবহার করতে পারেন।"
43680,14609,এটি বমি ভাব দূর করে দেহমন তাজা করে,এটি বমি বমি ভাব দূর করে এবং শরীরকে সতেজ করে।
101943,76794,"থায়রয়েড ক্যান্সারে যে লক্ষণগুলো দেখা দিতে পারে
    গলার সম্মুখভাগে ফুলে ওঠা",থাইরয়েড ক্যান্সারে যে লক্ষণগুলো দেখা দিতে পারে গলার সামনের অংশ ফুলে যাওয়া।
82977,56550,ধূমপান সম্পূর্ণভাবে ত্যাগ করলে ধূমপায়ীর কাশি বন্ধ হয়ে যায় এমনকি ক্রনিক ব্রংকাইটিসের কাশি ও শ্বাসকষ্ট কমে যায় এবং রোগীর আয়ু বাড়ায়,ধূমপান ত্যাগ করলে ধূমপায়ীর কাশি পুরোপুরি বন্ধ হয়ে যায় এবং এমনকি দীর্ঘস্থায়ী ব্রঙ্কাইটিসে কাশি ও শ্বাসকষ্ট কম হয় এবং রোগীর জীবনকাল দীর্ঘায়িত হয়।
169663,149115,বিশ্বজুড়ে করোনার নতুন ধরনের প্রকোপ বাড়ছে,বিশ্বজুড়ে করোনার নতুন প্রাদুর্ভাব বাড়ছে।
191754,171648,সেই সঙ্গে ফাইব্রিনোলেটিক অ্যাকটিভিটিকে বাড়িয়ে দিয়ে মস্তিষ্কে যাতে ব্লাড ক্লট না হয় সেদিকেও খেয়াল রাখে মরিচ,"এর পাশাপাশি, কাঁচামরিচ ফাইব্রিনোলাইটিক কার্যকলাপ বাড়িয়ে মস্তিষ্কে রক্ত ​​​​জমাট বাঁধতে বাধা দেয়।"
119553,95540,ডাক্তারের কাছে যাওয়ার আগে আপনার আগের চিকিৎসা সংক্রান্ত সকল কাগজপত্র দ্রুত নিয়ে নিন,ডাক্তারের কাছে যাওয়ার আগে আপনার পূর্বের চিকিৎসা সংক্রান্ত সমস্ত কাগজপত্র দ্রুত নিয়ে নিন।
2380,2792," তার কারণেই অতিরিক্ত গ্যাস, অম্বল, পেট ভার, পেট ঠিকমতো পরিষ্কার না হওয়া","এতে অতিরিক্ত গ্যাস, বুকজ্বালা, পেটে ভারাক্রান্ততা, সঠিকভাবে পেট পরিষ্কার না হওয়া।"
58282,30300,এ রোগের লক্ষণ মূলত তিনটি,এই রোগের লক্ষণ প্রধানত তিনটি।
165060,144176,এ ছাড়া হালকা আঘাত কাটাছেঁড়া হাতপা ছিলে যাওয়ার মতো সমস্যা হতে পারে শিশুদের,"এ ছাড়া শিশুরা ছোটখাটো আঘাত, কেটে যাওয়া এবং অঙ্গচ্ছেদের সমস্যায় ভুগতে পারে।"
48584,19867,মাঝরাতে কারো শ্বাসকষ্ট হলে এক মুহূর্ত দেরি না করে ইমার্জেন্সিতে যেতে হবে,মাঝরাতে কারো শ্বাস নিতে সমস্যা হলে এক মুহূর্ত দেরি না করে জরুরি কক্ষে যেতে হবে।
97971,72488,ওরাল লাইকেন প্ল্যানাস সাধারণত গালের অভ্যন্তরে বাক্কাল মিউকোসাতে বেশি দেখা যায়,ওরাল লাইকেন প্ল্যানাস সাধারণত গালের ভেতরের বুকাল মিউকোসায় দেখা যায়।
171635,151228,কোনো ওষুধে পার্শ্বপ্রতিক্রিয়া হলে কিংবা ওই ওষুধ আপনার ক্ষেত্রে কার্যকর না হলে চিকিৎসক ওষুধ বদলে দিতে পারেন,আপনার ডাক্তার আপনার ওষুধ পরিবর্তন করতে পারেন যদি এর পার্শ্বপ্রতিক্রিয়া থাকে বা এটি আপনার জন্য কাজ না করে।
30419,480,হৃৎপিণ্ডের ওপর বাড়তি চাপ বোধ করা ও হৃৎস্পন্দন বেড়ে যাওয়া,হার্টের উপর অতিরিক্ত চাপ অনুভব করা এবং হৃদস্পন্দন বেড়ে যাওয়া।
197926,177820,তবে অর্থ উপার্জনই বড় কথা নয় অর্থের যথার্থ ব্যয়ের মধ্যেই মানুষের প্রকৃত পরিচয় উন্মোচিত হয়,"যাইহোক, অর্থ উপার্জন করা বড় কথা নয় - অর্থের সঠিক ব্যয়ের মধ্যেই একজন ব্যক্তির আসল পরিচয় প্রকাশ পায়।"
198058,177952,পাতে রাখতে পারেন স্ট্রবেরি ব্লুবেরি রাস্পবেরি আঙুল বেদানার মতো ফলও,"এছাড়াও আপনি আপনার পায়ে স্ট্রবেরি, ব্লুবেরি, রাস্পবেরি এবং ব্ল্যাকবেরি জাতীয় ফল রাখতে পারেন।"
173553,153287,এ সময় সচেতন থেকে খাওয়া বা বিশ্রামের ঘাটতি যদি পুষিয়ে নেওয়া যায় তাহলে শারীরিকভাবে অসুস্থ হওয়ার আশঙ্কা অনেকটাই কমিয়ে আনা যায়,এই সময়ে খাবার বা বিশ্রামের অভাব সচেতনভাবে পূরণ করতে পারলে শারীরিকভাবে অসুস্থ হওয়ার আশঙ্কা অনেকটাই কমে যায়।
20062,23835," পুষ্টিবিদের মতে, রসুনে একটি সক্রিয় উপাদান অ্যালাইন রয়েছে, যা রোগ প্রতিরোধ ক্ষমতা শক্তিশালী করতে সহায়ক","পুষ্টিবিদদের মতে, রসুনে একটি সক্রিয় উপাদান অ্যালাইন রয়েছে, যা রোগ প্রতিরোধ ক্ষমতা শক্তিশালী করতে সহায়ক।"
199893,179787,জার্মান গবেষকদের নতুন গবেষণায় এমন চাঞ্চল্যকর তথ্য উঠে এসেছে,জার্মান গবেষকদের নতুন এক গবেষণায় এমনই চাঞ্চল্যকর তথ্য উঠে এসেছে
164777,143880,এসব খাবার না খাওয়াই ভালো,এসব খাবার না খাওয়াই ভালো।
46712,17867,রোদে দিতে হলে জানালার পাশে বা ঘরের বারান্দা থেকে গায়ে রোদ লাগান,সূর্যের সংস্পর্শে আসতে চাইলে জানালা থেকে বা ঘরের বারান্দা থেকে রোদে লাগান।
45816,16902,এক সমীক্ষায় দেখা গেছে ফ্ল্যাক্সিডের তেল যারা ১২ সপ্তাহ নিয়মিত ত্বকে ব্যবহার করেছেন তাদের ত্বকে আর্দ্রতার পরিমাণ বেড়েছে ৩৯ শতাংশ,একটি গবেষণায় দেখা গেছে যে যারা নিয়মিত 12 সপ্তাহ ধরে ফ্ল্যাক্সসিড তেল ব্যবহার করেন তাদের ত্বকের আর্দ্রতা 39 শতাংশ বৃদ্ধি পায়।
149470,127302,পেশাগত ও ব্যক্তিগত জীবনে ভারসাম্য রক্ষায় নির্দিষ্ট কর্মঘণ্টা নির্ধারণ করে সেটার সঠিক বাস্তবায়ন করা,পেশাদার এবং ব্যক্তিগত জীবনের মধ্যে ভারসাম্য বজায় রাখার জন্য নির্দিষ্ট কাজের সময় স্থাপন এবং বাস্তবায়ন করা
198752,178646,ফাইবার পানির সঙ্গে দ্রবীভূত হয়ে যায় এবং জেল আকারে গঠিত হয়,ফাইবার পানিতে দ্রবীভূত হয় এবং একটি জেল গঠন করে
142132,119431,এর দুদিন পরই টিভিতে তিনি শুনতে পান সংবাদপাঠক বলছেন চীনের উহান শহর থেকে আগত মেডিকেলের এক শিক্ষার্থীর স্বাস্থ্য পরীক্ষায় দেখা গেছে তিনি করোনাভাইরাসে আক্রান্ত,দুই দিন পর তিনি টিভিতে শুনলেন যে চীনের উহানের এক মেডিকেল ছাত্র করোনাভাইরাস পজিটিভ পরীক্ষা করেছে।
161796,140615,রোজ হয়তো একটা কলা খান,হয়তো প্রতিদিন একটি করে কলা খান।
193320,173214,জেনে নিন এসির ক্ষতিকর দিকগুলো ব্রেন হ্যামারেজের ঘটনা বেশিরভাগই শীতকালে দেখা যায়,জেনে নিন এসির ক্ষতিকর প্রভাব। ব্রেন হেমারেজের ঘটনা বেশি দেখা যায় শীতকালে।
28922,34353, প্রাকৃতিকভাবে উৎপন্ন ভেষজ দীর্ঘদিন ধরে ব্যবহার করলেও একই ঘটনা ঘটতে পারে,একই জিনিস প্রাকৃতিকভাবে ঘটতে ভেষজ দীর্ঘমেয়াদী ব্যবহার সঙ্গে ঘটতে পারে.
151570,129536,সেই সঙ্গে আনুষঙ্গিক রক্তের শর্করা চর্বি বা লিভারের এনজাইম ইত্যাদি পরীক্ষা করা উচিত,"এর পাশাপাশি রক্তে শর্করা, চর্বি বা লিভারের এনজাইম পরীক্ষা করতে হবে।"
50844,22302,সাধারণত ভাইরাস এবং ব্যাকটেরিয়াজনিত কারণে সাইনাসজনিত সমস্যা হয়ে থাকে,সাইনাসের সমস্যা সাধারণত ভাইরাস এবং ব্যাকটেরিয়ার কারণে হয়ে থাকে।
54662,26403,এ ছাড়া অনেক শিশু বিদ্যালয় থেকেও স্ক্যাবিসে আক্রান্ত হয়,এ ছাড়া অনেক শিশু স্কুল থেকেও খোসপাঁচড়া পায়।
107405,82672,নারী দেহের প্রজননতন্ত্রের সবচেয়ে গুরুত্বপূর্ণ অঙ্গের নাম জরায়ু বা ইউটেরাস Uterus,জরায়ু মহিলাদের প্রজনন ব্যবস্থার সবচেয়ে গুরুত্বপূর্ণ অঙ্গ।
33332,3562,স্তন ক্যানসার সচেতনতায় যুগান্তর আমাদের সঙ্গে কাজ করায় ধন্যবাদ জানাচ্ছি,স্তন ক্যান্সার সচেতনতায় আমাদের সাথে কাজ করার জন্য আপনাকে ধন্যবাদ।
122505,98730,এলার্জির ক্ষেত্রে মাংসপেশির ব্যথা থাকে না,অ্যালার্জির কারণে পেশীতে ব্যথা হয় না।
76602,49751,"ও 
সানজিদা সুলতানা রুপা 
কাউন্সেলিং সাইকোলজি ঢাকা বিশ্ববিদ্যালয়",এবং সানজিদা সুলতানা সিলভার কাউন্সেলিং সাইকোলজি ঢাকা বিশ্ববিদ্যালয়ের ড
115573,91317,এ কথাও ঠিক যে নানাভাবে শীতের ঠান্ডা আমাদের শরীরের উপকারেও লেগে থাকে,এটাও ঠিক যে শীতের ঠাণ্ডা আমাদের শরীরের জন্য নানাভাবে উপকারী।
97887,72401,২০ বছর বয়সের মাঝামাঝি সময় থেকে ব্রণ হওয়ার হার কমে যেতে থাকে,"20-এর দশকের মাঝামাঝি থেকে, ব্রণের প্রকোপ কমতে শুরু করে।"
71399,44237,কিডনি রোগীদের ক্ষেত্রে নিয়মিত ওষুধ সেবন এবং রুটিন চেকআপ করানো আবশ্যক,কিডনি রোগীদের জন্য নিয়মিত ওষুধ এবং রুটিন চেকআপ অপরিহার্য।
127162,103673,তাদের মধ্যে হাসপাতালে মারা গেছেন ২৩ জন আর বাড়িতে ১৮ জন,তাদের মধ্যে 23 জন হাসপাতালে এবং 18 জন বাড়িতে মারা যান।
18484,21938, এখানে কোনো নিয়ম না মেনেই চলছে সবকিছু,এখানে সব কিছু চলছে নিয়ম না মেনে।
93587,67796,তারা আরও বলেছে তাদের গবেষণায় ১০ লাখের মধ্যে মাত্র ২ জন ছেলেমেয়ের করোনা আক্রান্ত হয়ে হাসপাতালের ইনটেন্সিভ চিকিৎসা সেবা গ্রহণ করতে হয়েছে,"তারা আরও বলেছে যে তাদের গবেষণায় 100,000 শিশুর মধ্যে মাত্র 2 জন এই ভাইরাসে সংক্রমিত হয়েছিল এবং তাদের হাসপাতালে নিবিড় পরিচর্যার প্রয়োজন ছিল।"
138311,115418,২৬ মার্চ দেশের একটি শীর্ষস্থানীয় দৈনিক সংবাদ প্রকাশ করে জানায় ঢাকার বাইরে আর কোনো জেলায় শ্বাসপ্রশ্বাসের কৃত্রিম যন্ত্র ভেন্টিলেটর নেই এবং ঢাকায়ও যা আছে সেটি একেবারেই নগণ্য,"26 মার্চ, দেশের একটি শীর্ষস্থানীয় দৈনিক রিপোর্ট করেছে যে ঢাকার বাইরে অন্য কোনো জেলায় ভেন্টিলেটর নেই এবং ঢাকায় যা আছে তা নগণ্য।"
100034,74709,পলিসিস্টিক ওভারি সিন্ড্রোমে আক্রান্ত নারীদের অধিকাংশই এ সমস্যার শারীরিক লক্ষণগুলোকে খুব দ্রুত বুঝতে পারেন না,পলিসিস্টিক ওভারি সিনড্রোমে আক্রান্ত বেশিরভাগ মহিলাই সমস্যার শারীরিক লক্ষণ খুব দ্রুত চিনতে পারেন না।
73442,46414,সিনিয়র টিচার থেকে শুরু করে জুনিয়ার ডাক্তার সবার কাছেই সমানভাবে প্রিয় ছিল,সিনিয়র শিক্ষক থেকে শুরু করে জুনিয়র ডাক্তার সবাই সমান প্রিয় ছিলেন।
7349,8568,"স্বাস্থ্য অধিদপ্তরের তথ্য অনুযায়ী, দেশে ২০০০ সালে প্রথম এডিস মশাবাহিত ডেঙ্গুরোগী শনাক্ত হয়","স্বাস্থ্য অধিদপ্তরের তথ্য অনুযায়ী, ২০০০ সালে দেশে প্রথম এডিস মশাবাহিত ডেঙ্গু রোগী শনাক্ত হয়।"
188643,168537,এ ছাড়া কাজু বাদাম পেস্তা কিশমিশ কুচি আধা কাপ এলাচ দুটি ও তেজপাতা দুটি,"এ ছাড়া আধা কাপ কাজুবাদাম, পেস্তা, কাটা কিশমিশ, দুটি এলাচ ও দুটি তেজপাতা।"
188725,168619,এবার ক্লিপের ওপর ইচ্ছেমতো ফুল লাগিয়ে নিন,এখনই ক্লিপে পছন্দসই ফুলগুলি সংযুক্ত করুন।
152119,130129,রক্তের শ্বেতকণিকার মাত্রা কমে যাওয়া কিংবা অ্যালবুমিন কমে যাওয়াও জটিলতার নির্দেশক,শ্বেত রক্তকণিকার মাত্রা কমে যাওয়া বা অ্যালবুমিন কমে যাওয়াও জটিলতার ইঙ্গিত দেয়
90312,64294,আপনি যদি পানি ঠিকমতো পান না করেন তবে বেছে নিতে হবে সেসব খাবার,আপনি যদি পর্যাপ্ত জল পান না করেন তবে আপনাকে এই খাবারগুলি বেছে নিতে হবে।
190825,170719,এক্ষেত্রে লেড লাইট বেশ ভালো কাজ করে,এক্ষেত্রে এলইডি লাইট খুব ভালো কাজ করে।
22171,26348," আঁশ খাদ্য হজম, পরিপাক ও বিপাক ক্রিয়ায় সহায়তা করে","ফাইবার খাদ্য হজম, পরিপাক ও বিপাক ক্রিয়ায় সাহায্য করে।"
124031,100377,এ রিপোর্টের মাধ্যমে ক্যান্সার যক্ষ্মা নিউমোনিয়াসহ আরও অনেক রোগ নির্ণয় করা যায়,"ক্যান্সার, যক্ষ্মা, নিউমোনিয়াসহ নানা রোগ নির্ণয় করা যাবে এই প্রতিবেদনের মাধ্যমে।"
169285,148719,হলুদে এমন কিছু উপাদান থাকে যা প্রদাহ কমায়,হলুদে এমন উপাদান রয়েছে যা প্রদাহ কমায়।
121616,97776,কিছু ক্ষেত্রে দাঁতের সংক্রমণ নিয়ন্ত্রণ করা না গেলে বা মুখের যত্নে চরম অবহেলা থাকলেও দাঁত ফেলে দিতে হতে পারে,"কিছু কিছু ক্ষেত্রে, যদি সংক্রমণ নিয়ন্ত্রণ না করা হয় বা মুখের যত্নকে চরমভাবে অবহেলা করা হয় তাহলে দাঁত ফেলে দিতে হতে পারে।"
69106,41821,হৃৎপিণ্ডের ডান দিকে গড় SpO হলো ৬০৬৫ এবং বাম দিকে SpO হল ৯৫,হার্টের ডান দিকে গড় SPO 6065 এবং বাম দিকে SPO 95।
101798,76616,ঙ    থায়রয়েড গ্লান্ড ছাড়া অন্য কোন উৎসের কারণে থায়রয়েড হরমোনের আধিক্য,E. থাইরয়েড গ্রন্থি ছাড়া অন্য উৎসের কারণে অতিরিক্ত থাইরয়েড হরমোন।
57412,29373,রক্ত উঠানামা একটি জটিল স্বাস্থ্যগত সমস্যা,রক্ত জমাট বাঁধা একটি জটিল স্বাস্থ্য সমস্যা।
188045,167939,আর বাঙালি বাড়িতে লাউ থাকবে না তাতো আর হয় না,বাঙালির ঘরে আর লাউ থাকবে না এমন নয়।
52806,24384,ছোট শিশু এবং সদ্য হাঁটা শুরু করা বাচ্চাদের toddlers মধ্যে অস্থিরতা কখনো কখনো ক্ষুধামন্দা বা অরুচি দেখা দেয় এবং শিশু অসুস্থতা বোধ করে,"ছোট বাচ্চাদের এবং ছোট বাচ্চাদের মধ্যে, অস্থিরতার ফলে কখনও কখনও ক্ষুধা কমে যায় বা ক্ষুধা না লাগে এবং শিশু অসুস্থ বোধ করে।"
194830,174724,গর্সকে প্রথম দিকে বার্গার কিনতে নিয়মিত ম্যাকডোনাল্ডে যেতেন,"প্রথম দিকে, গোর্স্ক নিয়মিত বার্গার কিনতে ম্যাকডোনাল্ডে যেতেন।"
161010,139766,রান্নায়ও কম লবণ দিতে হবে,রান্নায় লবণ কম ব্যবহার করা উচিত।
105359,80509,"ব্ল্যাক ফাঙ্গাসে আক্রান্ত হলে করণীয়
ধুলোবালি রয়েছে এমন জায়গায় গেলে অবশ্যই মাস্ক ব্যবহার করুন
চিকিৎসকের পরামর্শে অ্যান্টিফাংগাল বা অ্যান্টিবায়োটিক ওষুধ শুরু করা
ডায়াবেটিস নিয়ন্ত্রণে রাখতে হবে
সঠিক পরিমাণে স্টেরয়েডের ব্যবহার
উপসর্গ দেখলেই সাবধান হতে হবে",ব্ল্যাক ফাঙ্গাসে আক্রান্ত হলে কি করবেন ডাক্তারের পরামর্শে অ্যান্টিফাঙ্গাল বা অ্যান্টিবায়োটিক ওষুধ শুরু করুন ডায়াবেটিস নিয়ন্ত্রণে রাখতে হবে। সঠিক মাত্রায় স্টেরয়েড ব্যবহার করুন উপসর্গ দেখলে সতর্ক হোন।
46745,17904,তাই খুব বেশি গরম ও ভারী কাপড় পরার প্রয়োজন হয় না,তাই খুব গরম ও ভারী কাপড় পরার দরকার নেই।
140134,117323,প্রসঙ্গত গেল ডিসেম্বরের শেষদিকে চীনের উহানে উৎপত্তি হয়ে এরইমধ্যে বিশ্বজুড়ে করোনায় আক্রান্ত হয়ে মারা গেছেন ১৬ হাজার ৬০০ মানুষ,চীনের উহান থেকে উৎপত্তি হওয়া করোনা ভাইরাসে গত বছরের ডিসেম্বরের শেষের দিকে ১৬ হাজার ৬০০ জনের মৃত্যু হয়।
7601,8859, তাই ৮০ ডিগ্রি সেন্টিগ্রেড তাপমাত্রায় ধীরে ধীরে রান্না করা উচিত,তাই এটি 80 ডিগ্রি সেন্টিগ্রেড তাপমাত্রায় ধীরে ধীরে রান্না করা উচিত।
47560,18785,তাছাড়া আরো কতগুলা যেমন বিএমআই বেশি হওয়া,তাছাড়া আরও কিছু কারণ যেমন উচ্চ বিএমআই।
111040,86528,দেশে শনাক্ত হওয়া করোনাভাইরাসের কোভিড১৯ নতুন ধরন নিয়ে ব্যাপকভাবে আলোচনা চলছে,দেশে শনাক্ত হওয়া নতুন ধরনের করোনাভাইরাস কোভিড-১৯ নিয়ে তুমুল আলোচনা চলছে।
3383,3983, তাই হাঁটার সময়ে গতি কমালে চলবে না,তাই হাঁটার সময় ধীরগতি করবেন না।
150562,128461,চুলে খুশকি ও উকুনের সংক্রমণ চুলে খুশকি হলে অথবা উকুনের সংক্রমণ হলে অনেক বেশি চুলকায়,চুলে খুশকি ও উকুনের উপদ্রব: চুলে খুশকি বা উকুনের উপদ্রব থাকলে খুব চুলকায়।
6059,7055," যদি পাত্রটি এমন হয় যে, পানি ফেলে দেওয়া যাচ্ছে না তাহলে সেখানে কীটনাশক বা কেরোসিন বা ব্লিচিং পাউডার বা লবণ দিন","যদি পাত্রটি এমন হয় যাতে পানি নিষ্কাশন করা যায় না, তাহলে কীটনাশক বা কেরোসিন বা ব্লিচিং পাউডার বা লবণ যোগ করুন।"
130974,107673,সাইটোকাইন অতিপ্রবাহ বা ঝড় এর কারণে সমান্তরাল ক্ষতি ও রক্তজমাট বা ক্লটের সমস্যার ছাড়াও অন্যান্য জিনিস যেমন কম রক্তচাপ যা একটি গুরুতর অসুস্থতার ইঙ্গিতবহন করে কম অক্সিজেনের মাত্রা ভেন্টিলেটরের ব্যবহার এবং চিকিৎসায় ব্যবহৃত ওষুধ নিজেরাই হৃৎপিণ্ড কিডনি লিভার এবং মস্তিষ্কসহ শরীরের সমস্ত অঙ্গকে ক্ষতি করতে পারে,"সাইটোকাইন ওভারলোড বা ঝড়ের কারণে সমান্তরাল ক্ষতি এবং রক্ত ​​জমাট সমস্যা ছাড়াও, অন্যান্য জিনিস যেমন নিম্ন রক্তচাপ যা গুরুতর অসুস্থতার ইঙ্গিত দেয়, কম অক্সিজেনের মাত্রা, ভেন্টিলেটর ব্যবহার এবং চিকিত্সায় ব্যবহৃত ওষুধগুলি শরীরের সমস্ত অঙ্গের ক্ষতি করতে পারে, হৃদয়, কিডনি, লিভার এবং মস্তিষ্ক সহ।"
161663,140474,পিএলআইডির ব্যথা সাধারণত কোমর ও কোমরের পেছন দিয়ে ঊরু এবং পায়ের পেছন দিক দিয়ে পায়ের পাতা পর্যন্ত যেতে পারে,পিএলআইডির ব্যথা সাধারণত কোমর এবং কোমরের পিছনে থেকে উরু এবং পায়ের পিছনের দিকে বিকিরণ করে এবং পায়ের তলায় যেতে পারে।
172658,152334,মেলাটোনিন অ্যান্টিঅক্সিডেন্ট হিসেবেও কাজ করে,মেলাটোনিন অ্যান্টিঅক্সিডেন্ট হিসেবেও কাজ করে।
156735,135122,সেই সঙ্গে চাপ সামলানোর কিছু কৌশলও প্রয়োগ করা যেতে পারে,"এর সাথে, কিছু স্ট্রেস ম্যানেজমেন্ট কৌশলও প্রয়োগ করা যেতে পারে।"
115235,90936,ডেন্টাল এমালগাম ফিলিং দেয়ার সময় কোনোভাবে পারদ মুখের মিউকাস মেমব্রেনের সংস্পর্শে এলে এবং মোটামুটি একটি নির্দিষ্ট সময় অবস্থান করলে মুখে আলসার বা অন্য যে কোনো সমস্যা দেখা দিতে পারে,"ডেন্টাল অ্যামালগাম ফিলিংসের সময়, যদি পারদ কোনোভাবে মুখের মিউকাস মেমব্রেনের সংস্পর্শে আসে এবং একটি নির্দিষ্ট সময় ধরে থাকে, তাহলে তা মুখের আলসার বা অন্যান্য সমস্যা তৈরি করতে পারে।"
126737,103230,খাবারের পাশপাশি মাছ মাংস ডিম দুধ ইত্যাদি খেতে হবে,"খাবারের সাথে মাছ, মাংস, ডিম, দুধ ইত্যাদি খেতে হবে।"
166496,145733,৬ রোজা থাকা অবস্থায় পাতলা পায়খানা বা বমি হলে রোজা ভেঙে খাবার স্যালাইন খেয়ে ফেলাই ভালো,রোজা রেখে ডায়রিয়া বা বমি হলে রোজা ভেঙে স্যালাইন খাওয়া উত্তম।
48125,19385,বিশেষ করে দাঁত উঠার পর শিশুদের দুধ দাঁতের প্রতি খেয়াল রাখা লাগে,বিশেষ করে দাঁত তোলার পর শিশুর দাঁতের যত্ন নেওয়া প্রয়োজন।
134209,111060,এটা মাধ্যমে বোঝা যাচ্ছে যে ইরানের জনগণ হাত ধোয়ার বিষয়ে সচেতন হয়েছে,এর মানে ইরানের মানুষ হাত ধোয়ার ব্যাপারে সচেতন হয়ে উঠেছে।
15122,17877,বিশ্ব স্বাস্থ্য সংস্থার হিসাবে ১ জন চিকিৎসকের বিপরীতে ৩ জন রেজিস্টার্ড নার্স প্রয়োজন,"WHO এর মতে, 1 জন ডাক্তারের বিপরীতে 3 জন নিবন্ধিত নার্স প্রয়োজন।"
97076,71529, আপনার চটপট আরামের ওষুধ যদি খুব বেশিক্ষণ কাজ না করে বা তাতে একেবারেই উপকার না হয়,যদি আপনার দ্রুত-ত্রাণ ওষুধ দীর্ঘ সময় ধরে কাজ না করে বা সাহায্য না করে।
66983,39594,একজন মানুষের ব্যক্তিত্ব কেমন হবে তার অনেকটাই নির্ভর করে তার কণ্ঠের ওপর,একজন ব্যক্তির ব্যক্তিত্ব কেমন হবে তা অনেকটাই নির্ভর করে তার কণ্ঠস্বরের ওপর।
64789,37279,জলবায়ুর পরিবর্তন এবং তাপমাত্রা বৃদ্ধির কারণে কিছু মানুষের মেজাজ পরিবর্তন হতে পারে,জলবায়ুর পরিবর্তন এবং ক্রমবর্ধমান তাপমাত্রা কিছু লোকের মেজাজ পরিবর্তনের কারণ হতে পারে।
23224,27633," দ্রবণীয় আঁশ শরীরের লো-ডেনসিটি লাইপোপ্রোটিন, অর্থাৎ বাজে কোলেস্টেরলকে কমাতে সাহায্য করে",দ্রবণীয় ফাইবার শরীরের কম ঘনত্বের লাইপোপ্রোটিন বা খারাপ কোলেস্টেরল কমাতে সাহায্য করে।
135632,112568,চলুন জানি ব্যবস্থাগুলি কি আর গবেষণাই বা কি বলে,আসুন জেনে নেওয়া যাক কী কী ব্যবস্থা এবং কী বলছে গবেষণা।
160284,138968,স্বাস্থ্যসম্মত ডায়েট মেনে চলতে হবে,একটি স্বাস্থ্যকর খাদ্য অনুসরণ করা উচিত।
190841,170735,কোষ্ঠকাঠিন্য ফোলাভাব এবং পেট সম্পর্কিত অন্যান্য অনেক সমস্যা থেকে মুক্তি পাবেন,"আপনি কোষ্ঠকাঠিন্য, ফোলাভাব এবং অন্যান্য পেট সংক্রান্ত সমস্যা থেকে মুক্তি পাবেন।"
182994,162876,কত ধরনের কনট্যুর  এটা ক্রিম ও পাউডার দুই ফর্মেই পাওয়া যায়,কি ধরনের কনট্যুর পাওয়া যায়? এটি ক্রিম এবং পাউডার উভয় আকারে পাওয়া যায়।
109991,85416,প্রথমে প্রশ্বাস ছাড়ার সময় এক গুনবেন এর পরেরবার দুই এভাবে পাঁচ পর্যন্ত,"প্রথমে, শ্বাস ছাড়ার সময়, একটি গণনা করুন, তারপরে দুটি এবং তাই পাঁচটি পর্যন্ত।"
83743,57357,ডা মো নাজমুল হক মাসুম,ডাঃ মো নাজমুল হক মাসুম
78429,51704,যারা নিয়মিত খাবার খান না না কিংবা দীর্ঘ সময় উপোস থাকেন তাদের মধ্যে পেপটিক আলসার দেখা দিতে পারে,যারা নিয়মিত খান না বা দীর্ঘ সময় ধরে উপবাস করেন তাদের পেপটিক আলসার হতে পারে।
23172,27577, মেথির অ্যান্টিব্যাকটেরিয়াল এবং অ্যান্টিফাঙ্গাল উপাদান ঈস্ট দমন করে খুশকির জন্ম প্রতিরোধ করে,মেথির অ্যান্টিব্যাকটেরিয়াল এবং অ্যান্টিফাঙ্গাল বৈশিষ্ট্য খামির দমন করে খুশকি প্রতিরোধ করে।
99716,74373,এ রোগীদের টাইপ২ ডায়াবেটিস হওয়ার ঝুঁকি অনেক বেড়ে যায়,এই রোগীদের মধ্যে টাইপ 2 ডায়াবেটিস হওয়ার ঝুঁকি অনেক বেড়ে যায়।
130642,107335,কিন্তু পরিচিত হাজারো মানুষের কাছে তিনি প্রিয় রাখী আপা নামেই বেশি পরিচিত,কিন্তু হাজারো পরিচিতজনের কাছে তিনি প্রিয়া রাখি আপা নামেই বেশি পরিচিত।
117674,93549,চোখের মাংসপেশীসমূহ অবশ হতে পারে যদি ডায়াবেটিস কন্ট্রোল না করা হয়,ডায়াবেটিস নিয়ন্ত্রণে না থাকলে চোখের পেশি অবশ হয়ে যেতে পারে।
14399,16994,আটায় থাকে গ্লুটেন নামক একটি উপাদান,ময়দায় গ্লুটেন নামক একটি উপাদান থাকে।
148865,126659,এ চিকিৎসাপদ্ধতির ধারা একেক রোগীর ক্ষেত্রে একেক রকম এবং ধারাটি নির্ভর করে রোগী ঠিক কী কী কারণে কোমরব্যথা অনুভব করছেন সেটির ওপর,এই চিকিত্সার কোর্স প্রতিটি রোগীর জন্য আলাদা এবং রোগীর পিঠে ব্যথার সঠিক কারণের উপর নির্ভর করে।
133786,110619,এর কারণ হচ্ছে প্রথমত সেখানে তাপমাত্রা বেশি থাকলেও বাতাসে আর্দ্রতা কম,"এর কারণ প্রথমত, সেখানে তাপমাত্রা বেশি, কিন্তু বাতাসে আর্দ্রতা কম।"
152728,130781,পোড়া স্থানে মধুর মিশ্রণ অথবা পানি দিয়ে চিনির মিশ্রণ লাগালেও কাজ করে,পুড়ে যাওয়া স্থানে পানির সঙ্গে মধু বা চিনি মিশিয়ে লাগালেও কাজ হয়।
124069,100417,১ অন্যের থেকে ৬ ফিট দূরে থাকা জরুরি,1 অন্যদের থেকে 6 ফুট দূরে থাকা গুরুত্বপূর্ণ।
141085,118349,সবশেষ দুদিন আগে আরও দুজনের করোনা শনাক্ত হওয়ার কথা জানায় সেব্রিনা ফ্লোরা,"সাবরিনা ফ্লোরা জানান, দুদিন আগে আরও দুজন করোনায় আক্রান্ত হয়েছেন।"
6663,7782," তাই এটিকে জরুরি জনস্বাস্থ্য সংকট ঘোষণা দিয়ে জাতীয় পর্যায় থেকে সমন্বিতভাবে কার্যকর উদ্যোগ গ্রহণের আহ্বান জানিয়ে টিআইবির নির্বাহী পরিচালক বলেন, ‘ঢাকার বাইরের সিটি কর্পোরেশন ও পৌরসভাগুলোতে মশক নিধনে সমন্বিত পদক্ষেপ গ্রহণে সক্ষমতার ঘাটতি জরুরি ভিত্তিতে চিহ্নিত করে সমাধানের উদ্যোগ নিতে হবে","তাই একে জরুরী জনস্বাস্থ্য সংকট হিসেবে ঘোষণা করে টিআইবির নির্বাহী পরিচালক জাতীয় পর্যায় থেকে সমন্বিত ও কার্যকর উদ্যোগ গ্রহণের আহ্বান জানিয়ে বলেন: “ঢাকার বাইরের সিটি কর্পোরেশন ও পৌরসভাগুলোতে জরুরি অবস্থার অভাব চিহ্নিত করে সমাধান করা জরুরি। মশা নির্মূল করার ক্ষমতা।"""
169936,149402,সালাদ জনপ্রিয় মিশ্র খাবার যা মূলত কাঁচা সবজি ও ফল দিয়ে তৈরি করা হয়,সালাদ একটি জনপ্রিয় মিশ্র খাবার যা প্রধানত কাঁচা শাকসবজি এবং ফল দিয়ে তৈরি করা হয়।
96043,70410,এন্ডোরফিন নিঃসৃত হলে মনে কোনো ব্যথাবেদনা থাকলে তা কমিয়ে দেয় এবং মনে আনন্দের সৃষ্টি করে,এন্ডোরফিন নিঃসৃত হলে তা মনের যেকোনো ব্যথা কমায় এবং মনে আনন্দ সৃষ্টি করে।
150155,128015,এ জন্য নিয়মিত সঠিক সময়ে খাবার গ্রহণ বসা থেকে দাঁড়ানো বা শোয়া থেকে বসার সময় ধীরগতি অবলম্বন দরকার হলে লাঠি ব্যবহারের অভ্যাস ভালো,"তাই সঠিক সময়ে নিয়মিত খাওয়া ভালো। বসা থেকে দাঁড়ানো বা শুয়ে থাকা থেকে বসা অবস্থায় যাওয়ার সময় আপনার যদি এটি ধীরগতিতে নেওয়ার প্রয়োজন হয়, তাহলে একটি লাঠি ব্যবহার করা একটি ভাল অভ্যাস।"
182334,162214,এই প্রক্রিয়ায় একবারে একটি রোম তোলা যায়,এই প্রক্রিয়াটি একবারে একটি চুল অপসারণ করতে পারে।
64390,36821,কিন্তু আক্রান্ত প্রাণী বা ব্যক্তির সরাসরি সংস্পর্শে এলে অথবা শরীরে থাকা ক্ষত বা ফোসকার সংস্পর্শে এলে এ রোগ সুস্থ দেহে ছড়িয়ে পড়তে পারে,কিন্তু সংক্রমিত প্রাণী বা ব্যক্তির সরাসরি সংস্পর্শে বা শরীরে ক্ষত বা ফোসকার সংস্পর্শে এ রোগটি সুস্থ শরীরে ছড়িয়ে পড়তে পারে।
146742,124354,কোষ্টকাঠিন্য হয়ে গেলে তখন কিন্তু এমনিতেও আপনার মলত্যাগের সময় বাড়তি চাপ দিতে হবে,আপনার যদি কোষ্ঠকাঠিন্য থাকে তবে আপনাকে এখনও মলত্যাগের সময় স্ট্রেন করতে হবে।
172786,152472,গাড়িতে বসে মেরুদণ্ডে আঘাত পাওয়ার অন্যতম কারণ হলো চালকের সিটবেল্ট না পরা,গাড়িতে বসার সময় মেরুদণ্ডের আঘাতের একটি প্রধান কারণ হল চালকের সিটবেল্ট না পরা।
35348,5756,একে বাই ফেজিক ফিভার বলে,একে বাইফেসিক জ্বর বলা হয়।
27897,33182, সম্ভব হলে সারাদিন বসে থাকার পরিমাণ কমিয়ে দিন,সম্ভব হলে সারাদিন বসে থাকার পরিমাণ কমিয়ে দিন।
50044,21441,চা কফিতে সমস্যা হলে তা গ্রহণ থেকেও বিরত থাকুন,চা-কফির সমস্যা থাকলে তা এড়িয়ে চলুন।
80591,53997,অনেক সময় অর্থপেডিক হাড় ও জোড়া রোগ বিশেষজ্ঞ সার্জন নিউরোমেডিসিন ও নিউরোসার্জনের পরামর্শের প্রয়োজন হয়,কখনও কখনও অর্থোপেডিক হাড় এবং জয়েন্ট বিশেষজ্ঞ সার্জন নিউরোমেডিসিন এবং নিউরোসার্জনের পরামর্শ প্রয়োজন।
39536,10212,হাসপাতালের দীর্ঘ লাইনে মায়ের কাঁধে ভর করে দাঁড়িয়ে ছিলেন অন্তঃসত্ত্বা মেয়ে,এক গর্ভবতী মেয়ে মায়ের কাঁধে হাসপাতালে লম্বা লাইনে দাঁড়িয়ে।
36141,6592,আর প্রতিদিন ৫০০১০০০ পা করে হাঁটা বৃদ্ধি করলে মৃত্যুহার উল্লেখযোগ্য হারে কমতে পারে,"এবং প্রতিদিন 5,001,000 ধাপ হাঁটা বৃদ্ধি উল্লেখযোগ্যভাবে মৃত্যুহার কমাতে পারে।"
130290,106969,পরে দ্বিতীয় দিন থেকে এক ডোজ করে দেওয়া হচ্ছে,"দ্বিতীয় দিন থেকে, একটি ডোজ পরে দেওয়া হয়।"
182174,162054,"পেঁপে
পাকা পেঁপে ত্বককে সুন্দর রাখতে কতটা উপযোগী তা অনেকেরই অজানা",পেঁপে ত্বক সুন্দর রাখতে পাকা পেঁপে কতটা উপকারী তা অনেকেই জানেন না।
84930,58609,কোলনস্কোপি এক ধরনের অ্যান্ডোসকপিক পরীক্ষা যার মাধ্যমে কোলন বা বৃহদান্ত্রের যে কোনো ধরনের রোগ শনাক্ত করা হয়,কোলনোস্কোপি হল এক ধরনের এন্ডোস্কোপিক পরীক্ষা যার মাধ্যমে কোলন বা বৃহৎ অন্ত্রের যেকোনো রোগ শনাক্ত করা যায়।
199152,179046,কারণ সে খাবার ঠান্ডা করতে ফ্রিজকে খুব বেশি শক্তি অপচয় হয়,কারণ রেফ্রিজারেটর খাবার ঠাণ্ডা করতে অনেক বেশি শক্তি অপচয় করে।
24855,29589,ডিম পুষ্টিগুণে সমৃদ্ধ স্বাস্থ্যের জন্য দারুন উপকারী,ডিম পুষ্টিগুণে ভরপুর এবং স্বাস্থ্যের জন্য দারুণ।
122711,98946,একটা হচ্ছে যারা হুবহু একই রকম দেখতে,একটি হচ্ছে তারা দেখতে হুবহু একই রকম।
137119,114165,বুধবার দিবাগত রাত ১টায় ওয়ার্ল্ডওমিটার ওয়েবসাইট থেকে প্রাপ্ত তথ্য অনুযায়ী বিশ্বব্যাপী করোনাভাইরাসে আক্রান্ত রোগীর সংখ্যা ১৪ লাখ ৯৫ হাজার ৫৯৮ জন,"বুধবার দুপুর ১টায় ওয়ার্ল্ডোমিটারের ওয়েবসাইট থেকে প্রাপ্ত তথ্য অনুযায়ী, বিশ্বব্যাপী করোনাভাইরাসে আক্রান্ত রোগীর সংখ্যা ১৪ লাখ ৯৫ হাজার ৫৯৮ জন।"
46872,18042,কিন্তু সবসময় মনে রাখতে হবে যে নিয়মিত ডাক্তারের কাছে আসতে হবে এবং ইনসুলিন নেয়াটা রেগুলার নিতে হবে,তবে সবসময় মনে রাখবেন নিয়মিত ডাক্তারের কাছে যেতে হবে এবং নিয়মিত ইনসুলিন নিতে হবে।
131210,107912,দানিয়ুব নদী দ্বারা এটিকে চিহ্নিত করা হতো,এটি দানিউব নদী দ্বারা চিহ্নিত করা হয়েছিল।
193833,173727,অনেকেই সময় বাঁচাতে পার্লারে গিয়ে মেনিকিউরপেডিকিউর করেন,অনেকেই সময় বাঁচাতে ম্যানিকিউর এবং পেডিকিউর করতে পার্লারে যান।
166254,145473,এই টিউমার ডিজেনারেটিভ ইনফেকশন অথবা সারকোমেটাজে পরিবর্তিত হয়ে থাকে,এই টিউমার প্রকৃতির অবক্ষয় বা সারকোমাটাসে পরিবর্তিত হয়।
133047,109838,৭ ডা আব্দুর রহিম সহযোগী অধ্যাপক ও বিভাগীয় প্রধান লিভার বিভাগ আব্দুল মালেক উকিল মেডিকেল কলেজ নোয়াখালী ফোন ০১৭১২১৪৪৩৫৮ শুক্রবার বিকাল ০৩টা  ০৪টা,7 ডাঃ আব্দুর রহিম সহযোগী অধ্যাপক ও লিভার বিভাগের বিভাগীয় প্রধান আব্দুল মালেক উকিল মেডিকেল কলেজ নোয়াখালী ফোন 01712144358 শুক্রবার 03:00 04:00
186675,166569,সম্ভব হলে একাধিকবার পানির ঝাপটা নিন বা গোসল করুন,"যদি সম্ভব হয়, একাধিক ঝরনা বা গোসল করুন।"
43573,14497,জানা যায় হাসপাতালে উৎপাদিত বর্জ্যরে ৮০ শতাংশ সাধারণ এবং ২০ শতাংশ ক্ষতিকারক,"জানা গেছে, হাসপাতালগুলোতে উৎপাদিত বর্জ্যের ৮০ শতাংশই সাধারণ এবং ২০ শতাংশ ক্ষতিকর।"
34387,4732,নির্দিষ্ট কিছু ওষুধ সেবনের ফলেও কেউ কেউ বিষণ্নতায় আক্রান্ত হয়,কিছু ওষুধ কিছু লোকের মধ্যে বিষণ্নতা সৃষ্টি করে।
164852,143957,কেনাকাটা জনসমাবেশ ভ্রমণের সময় বা যেকোনো ভিড়ের মধ্যে মাস্ক পরুন,"কেনাকাটা, ভ্রমণ বা যেকোনো ভিড়ের সময় মাস্ক পরুন।"
26722,31794, অনেকে বেশ পছন্দও করেন দারুণ স্বাদের সজনে,অনেকে আবার দারুণ স্বাদও পছন্দ করেন।
26289,31268, সারা বিশ্বে এই প্রথম ভারতীয় প্রতিষ্ঠান ভারত বায়োটেক চালু করল কোভিডের ইন্ট্রানাসাল ভ্যাকসিন অর্থাৎ নাক দিয়ে নেওয়ার টিকা,ভারত বায়োটেক হল বিশ্বের প্রথম ভারতীয় কোম্পানি যারা কোভিডের জন্য একটি ইন্ট্রানাসাল ভ্যাকসিন চালু করেছে।
68184,40837,শাকসবজি তাজা ফলমূল স্বাভাবিক পরিমাণে খেতে পারবেন,আপনি স্বাভাবিক পরিমাণে তাজা ফল এবং সবজি খেতে পারেন।
6470,7554, সঙ্গে মধু আর লেবু মিশিয়ে নিতে পারেন,এর সাথে মধু ও লেবু মিশিয়ে নিতে পারেন।
32793,3015,অনিয়ন্ত্রিত উচ্চ রক্তচাপও ৫০ ভাগ স্ট্রোকের ঝুঁকি বাড়ায়,অনিয়ন্ত্রিত উচ্চ রক্তচাপও স্ট্রোকের ঝুঁকি 50% বাড়িয়ে দেয়।
60881,33111,তাই মেলাসমার বেড়ে যাওয়ার সম্ভাবনা বৃদ্ধি করে,তাই মেলাসমা হওয়ার সম্ভাবনা বেড়ে যায়।
189213,169107,রসালো ফলটি শুধু পুষ্টিকরই নয় সুস্বাদুও,রসালো ফলটি শুধু পুষ্টিকর নয় সুস্বাদুও বটে।
118081,93985,আমাদের দেশে যার মূল কারণ শর্করাজাতীয় খাদ্য বেশি খাওয়া,আমাদের দেশে এর প্রধান কারণ বেশি চিনিযুক্ত খাবার খাওয়া।
140007,117185,এই সিদ্ধান্তসমূহের দীর্ঘমেয়াদী ফলাফলও আমাদের মাথায় রাখতে হবে,এসব সিদ্ধান্তের দীর্ঘমেয়াদী পরিণতির কথাও আমাদের মাথায় রাখতে হবে।
154862,133090,পরিস্থিতি যদি অস্বাভাবিক হয় শিশুদের সামনে বিষয়গুলো নিয়ে কথা না বলাই ভালো,পরিস্থিতি অস্বাভাবিক হলে শিশুদের সামনে বিষয়গুলো নিয়ে আলোচনা না করাই ভালো।
197786,177680,এতে তিনি গিনেস ওয়ার্ল্ড বুকে নিজের আগের ৩২ হাজার বিগ ম্যাক খাওয়ার রেকর্ড ভেঙে এবার ৩৪ হাজার বার্গার খাওয়ার রেকর্ড গড়েছেন,"এতে তিনি ৩২,০০০ বিগ ম্যাক খাওয়ার তার আগের গিনেস ওয়ার্ল্ড রেকর্ড ভেঙেছেন এবং ৩৪,০০০ বার্গার খাওয়ার নতুন রেকর্ড গড়েছেন।"
196687,176581,বেল যদি মিষ্টি না হয় তখন প্রয়োজনে চিনির বিকল্প উপাদান মিছরি যষ্টিমধু খেজুরের পাউডার গুড় ইত্যাদি দিয়ে শরবত তৈরি করা যেতে পারে,"পান মিষ্টি না হলে চিনির বিকল্প যেমন মিছরি, গুড়, খেজুরের গুঁড়া ইত্যাদি দিয়ে সিরাপ তৈরি করা যেতে পারে।"
83467,57067,এটি সার্সকোভ১ এ ছিল না তবে সার্সকোভ২ এ আছে,"এটি সারসকভ 1 তে নয়, সারসকভ 2 এ ছিল।"
2539,2980, দিনে কিছুটা সময় ব্যায়াম করলে এবং ডায়েট থেকে ফ্যাট যুক্ত খাবার বাদ দিয়ে দিলেই দেহে মেদের বহর কমতে বাধ্য,দিনে কিছু সময় ব্যায়াম করা এবং খাবার থেকে চর্বিজাতীয় খাবার বাদ দিলে শরীরের মেদ কমতে বাধ্য।
156468,134838,এটি সাধারণত রক্তের মাধ্যমে ছড়ায়,এটি সাধারণত রক্তের মাধ্যমে ছড়িয়ে পড়ে।
131747,108476,কাপড়ের পাশাপাশি সার্জিক্যাল মাস্ক পরার হারও অনেক বেশি,কাপড়ের পাশাপাশি সার্জিক্যাল মাস্ক পরার হারও অনেক বেশি।
161605,140406,কিন্তু উচ্চ রক্তচাপের রোগী ভাবেন তাঁর স্যালাইন খাওয়া নিষেধ,কিন্তু উচ্চ রক্তচাপের রোগী মনে করেন তার স্যালাইন পান করা উচিত নয়।
198875,178769,তবে আড্ডা গানের সঙ্গে এই বৃষ্টির দিনে এমন কিছু খাবার থাকা চাইইচাই যা ঝুম বৃষ্টির দিনে আপনার আনন্দ এবং অনুভূতি আরও বাড়িয়ে দিবে,"তবে আড্ডা গানের পাশাপাশি, এই বৃষ্টির দিনে আমি কিছু খাবার চাই যা এই বৃষ্টির দিনে আপনার আনন্দ এবং অনুভূতি বাড়িয়ে তুলবে।"
69234,41953,তরমুজ বেল এ ধরনের রসালো ফলমূল এবং শসা টমেটো ইত্যাদি পানিযুক্ত সবজিও শরীরের পানিশূন্যতা পূরণ করবে,তরমুজের বেলের মতো রসালো ফল এবং শসা টমেটোর মতো জলযুক্ত সবজিও শরীরে পানিশূন্যতা পূরণ করবে।
35512,5927,এডিস মশা সাধারণত গৃহস্থালির পরিষ্কার পানিতে জন্মে থাকে যেমনফ্রিজে জমে থাকা পানি এসিতে জমে থাকা পানি ফুলের টব গাড়ির টায়ার বা ডাবের খোলে বৃষ্টির জমে থাকা পানি,"এডিস মশা সাধারণত বাড়ির পরিষ্কার জল যেমন ফ্রিজের জল, এসি জল, ফুলের টব, গাড়ির টায়ার বা ক্যানের বৃষ্টির জলে বংশবৃদ্ধি করে৷"
43758,14692,স্বাভাবিক তাপমাত্রার বা ঠান্ডার সঙ্গে স্বাভাবিক পানি মিশিয়ে পান করুন,সাধারন তাপমাত্রা বা ঠাণ্ডা মিশ্রিত পানি পান করুন।
103809,78814,দেখবেন দিনের বেলা খুব ভোরে তাপমাত্রা বেশ কম পড়ে,আপনি দেখতে পাবেন যে ভোরে দিনের বেলা তাপমাত্রা বেশ কমে যায়।
166907,146166,এবারের প্রতিপাদ্য আসুন একসাথে হাত ধরি গ্লুকোমামুক্ত পৃথিবী গড়ি,"এবারের প্রতিপাদ্য হল ""আসুন একসাথে হাত মিলিয়ে গ্লুকোমা মুক্ত পৃথিবী গড়ি।"""
73346,46312,যখন এই ভাইরাসের গতিবিধি বুঝতে পারা গেলো তখন থেকেই আন্তর্জাতিক স্বাস্থ্য সংস্থা who এবং আমাদের সরকার এর দেওয়া স্বাস্থ্যবিধি মেনে আমরা হাসপাতাল এবং চেম্বারে রোগী দেখা চালিয়ে গেলাম,"যেহেতু এই ভাইরাসের গতিবিধি বোঝা গিয়েছিল, আমরা WHO এবং আমাদের সরকারের দেওয়া স্বাস্থ্যবিধি নির্দেশিকা অনুসরণ করে হাসপাতাল এবং চেম্বারে রোগীদের দেখতে থাকি।"
91690,65789,এটি নানা রকম গবেষণায় প্রমাণিত,এটি বিভিন্ন গবেষণায় প্রমাণিত হয়েছে।
152825,130882,বার্নিং মাউথ সিনড্রোম মুখের ভেতরে একটি জ্বলন্ত অনুভূতি যা অনিয়ন্ত্রিত ডায়াবেটিসে রক্তে গ্লুকোজের মাত্রার কারণে হয়ে থাকে,বার্নিং মাউথ সিনড্রোম হল অনিয়ন্ত্রিত ডায়াবেটিসে রক্তে গ্লুকোজের উচ্চ মাত্রার কারণে মুখের ভিতরে জ্বলন্ত সংবেদন।
84190,57840,যেমন যাদের বয়স ৩ মাসের কম অপরিণত বা প্রিম্যাচিওর বেবি জন্ম ওজন কম এবং যেসব শিশুর হৃদপিণ্ডের জন্মগত ত্রুটি আছে,"উদাহরণস্বরূপ, যাদের বয়স 3 মাসের কম তারা অপরিণত বা অপরিণত শিশু যাদের জন্ম ওজন কম এবং জন্মগত হার্টের ত্রুটিযুক্ত শিশু।"
35005,5384,সাধারণভাবে কেটে যাওয়া ছিঁড়ে যাওয়া বা প্রাণীর আঁচড় বা কামড়ানো এড়িয়ে চলবেন,সাধারণ কাটা এবং ক্ষত বা পশুর আঁচড় বা কামড় এড়িয়ে চলুন।
151059,128994, ব্যায়াম নিয়মিত শারীরিক ব্যায়াম করা দরকার,ব্যায়াম নিয়মিত শারীরিক ব্যায়াম প্রয়োজন।
125167,101573,আর কাওয়াসাকি রোগ তাদের মধ্যকারই একটি ব্যাধি,আর কাওয়াসাকি রোগ তার মধ্যে অন্যতম।
97254,71720,এবার পরিমাণমতো পানি দিয়ে মিশিয়ে বরফ কুচি দিয়ে পরিবেশন করুন,পর্যাপ্ত পানি মিশিয়ে বরফ কুচি দিয়ে পরিবেশন করুন।
87690,61530,অ্যালকোহল সেবনকালে ডাক্তারের পরামর্শ ছাড়া কোনো ব্যথানাশক ওষুধ সেবন করা ঠিক নয়,অ্যালকোহল পান করার সময় ডাক্তারের পরামর্শ ছাড়া কোনো ব্যথানাশক ওষুধ খাওয়া ঠিক নয়।
158510,137053,এরও কোনো বৈজ্ঞানিক ভিত্তি নেই,এরও কোনো বৈজ্ঞানিক ভিত্তি নেই।
144461,121881,লে কর্নেল ডা নাসির উদ্দিন আহমদ মেডিসিন বিশেষজ্ঞ সিএমএইচ ঢাকা,লেঃ কর্নেল ডাঃ নাসির উদ্দিন আহমেদ মেডিসিন বিশেষজ্ঞ সিএমএইচ ঢাকা
145874,123412,ককলিয়ার ইমপ্ল্যান্টের সফলতার হার অনেক বেশি,কক্লিয়ার ইমপ্লান্টের সাফল্যের হার অনেক বেশি।
119167,95128,তাছাড়া আগের উপসর্গ গুলি আরও একটু বাড়তে পারে,"তাছাড়া, আগের উপসর্গগুলি আরও খারাপ হতে পারে।"
63924,36309, পুরো শরীর ব্যথা এবং গিঁটে ব্যথা,সারা শরীরে ব্যথা এবং জয়েন্টে ব্যথা।
50396,21815,পর্যাপ্ত ও স্বাস্থ্যকর নাস্তা আপনার দৈহিক ওজন বজায় রাখতে সাহায্য করে,পর্যাপ্ত এবং স্বাস্থ্যকর সকালের নাস্তা আপনার শরীরের ওজন ঠিক রাখতে সাহায্য করে।
144075,121457,এ ছাড়া ডায়াবেটিস উচ্চ রক্তচাপ টেম্পোরাল আর্টারাইটিস ও মাল্টিপল স্কেরোসিসেও অপটিক নার্ভ ক্ষতিগ্রস্ত হয়ে থাকে,"এছাড়া ডায়াবেটিস, উচ্চ রক্তচাপ, টেম্পোরাল আর্টারাইটিস এবং মাল্টিপল স্ক্লেরোসিসেও অপটিক নার্ভ ক্ষতিগ্রস্ত হতে পারে।"
162016,140854,ডা মো আবুল কালাম আজাদ সহকারী অধ্যাপক ফ্যাকো ও গ্লুকোমা সার্জন নির্বাহী পরিচালক ও পরামর্শক বাংলাদেশ আই হাসপাতাল মিরপুর ২ ঢাকা,ডাঃ আবুল কালাম আজাদ সহকারী অধ্যাপক ফাকো এবং গ্লুকোমা সার্জন নির্বাহী পরিচালক এবং কনসালটেন্ট বাংলাদেশ চক্ষু হাসপাতাল মিরপুর 2 ঢাকা
62164,34452,যে কারণে পাকস্থলীতে ক্যান্সার হয় তার মধ্যে উল্লেখযোগ্য হচ্ছে,যেসব কারণে পাকস্থলীর ক্যান্সার হয় তার মধ্যে উল্লেখযোগ্য।
80603,54010, আপনার রোগের ধরন এবং নিরাময় সম্পর্কে জানার চেষ্টা করুন,আপনার রোগের ধরন এবং প্রতিকার সম্পর্কে জানার চেষ্টা করুন।
183877,163764,যারা বেসরকারিতে পড়বে তারা টাকা দিয়েই পড়বে যেখাতে খুশি সেখানেই পড়বে,যারা প্রাইভেট স্কুলে পড়ে তারা তাদের পড়াশুনার খরচ দেবে এবং তারা যে কোন ক্ষেত্রে পড়তে চায়।
34879,5245,একটু সচেতন থাকলেই আমরা এসব থেকে দীর্ঘমেয়াদি কিডনি রোগ প্রতিরোধ করতে পারি,আমরা একটু সচেতন হলেই এগুলো থেকে দীর্ঘমেয়াদি কিডনি রোগ প্রতিরোধ করতে পারি।
190285,170179,পাঁচ থেকে সাত মিনিট অপেক্ষা করে ময়েশ্চারাইজার লাগিয়ে ফেলুন,পাঁচ থেকে সাত মিনিট অপেক্ষা করুন এবং তারপরে ময়েশ্চারাইজার লাগান।
156399,134762,অন্যভাবেও চোখের আঘাতকে বর্ণনা করা যায়,চোখের আঘাত বর্ণনা করার আরেকটি উপায় হল দ্বারা
166247,145465,কখনো কখনো অত্যধিক ব্যথা হয়,কখনও কখনও ব্যথা খুব বেশি হয়।
176094,155952,ঝুঁকির কারণগুলো  নির্দিষ্ট কিছু ঝুঁকির কারণ PPCMএর সম্ভাবনা বাড়াতে পারে,ঝুঁকির কারণ কিছু ঝুঁকিপূর্ণ কারণ PPCM এর সম্ভাবনা বাড়িয়ে দিতে পারে।
114505,90158,তার মধ্যে অনেক মেশিন অকার্যকর অবস্থায় রয়েছে,এর মধ্যে অনেক মেশিন অকেজো।
171860,151462,হাড়ের ক্ষয় রোধ করে জলপাই তেল,অলিভ অয়েল হাড়ের ক্ষয় রোধ করে
105942,81128,তিনি বলেন প্রতিদিন সকালে নাস্তার পরে ও রাতে ঘুমানোর আগে দাঁত ব্রাশ করতে হবে,"তিনি বলেন, প্রতিদিন সকালে নাস্তার পর এবং রাতে ঘুমানোর আগে দাঁত ব্রাশ করা উচিত।"
179739,159614,মুখত্বকে রক্ত সঞ্চালন বাড়ানো থেকে ত্বকের কোলাজেন উৎপাদন সব ক্ষেত্রে কার্যকরী,ত্বকে রক্ত ​​সঞ্চালন বাড়ানো থেকে শুরু করে কোলাজেন উৎপাদন সবকিছুতেই কার্যকর
112073,87623,২০১৭ সাল থেকে যক্ষ্মা চিকিৎসার প্রথম সারির ওষুধ সম্পূর্ণ সরকারি অর্থায়নে ক্রয় ও সরবরাহ করছে,"2017 সাল থেকে, টিবি চিকিত্সার জন্য প্রথম সারির ওষুধগুলি সম্পূর্ণ সরকারি অর্থায়নে সংগ্রহ এবং সরবরাহ করা হয়েছে।"
108009,83318,কোনো কারণে যদি সিক্রেশন বন্ধ হয়ে যায় অথবা সিক্রেশন হচ্ছে কিন্তু পানিটাকে ধরে রাখতে পারছে না শুকিয়ে যাচ্ছে,কোনো কারণে নিঃসরণ বন্ধ হয়ে গেলে বা নিঃসরণ ঘটছে কিন্তু পানি ধরে রাখতে না পারলে তা শুকিয়ে যায়।
124441,100808,উপুড় করে শোয়াতে সমস্যা হলে ডান বা বাঁ পাশে কাত করে শোয়াতে হবে,যদি আপনার পিঠে ঘুমাতে সমস্যা হয় তবে আপনার ডান বা বাম দিকে ঘুমানো উচিত।
114490,90143,এতে চিকিৎসার নাগাল পেতে যে সময় লাগছে তার আগেই ক্যান্সার ছড়িয়ে যাচ্ছে ভুক্তভোগীর পুরো শরীরে,এভাবে চিকিৎসায় পৌঁছার আগেই ক্যান্সার আক্রান্ত ব্যক্তির সারা শরীরে ছড়িয়ে পড়ে।
64474,36909,এই গ্রন্থির কাজ হল আমাদের শরীরের কিছু অত্যাবশ্যকীয় হরমোন থাইরয়েড হরমোন উৎপাদন করা,এই গ্রন্থির কাজ হল আমাদের শরীরের কিছু প্রয়োজনীয় হরমোন তৈরি করা যাকে থাইরয়েড হরমোন বলা হয়।
84138,57783,মধ্যম  খেতে গেলে শ্বাসকষ্ট হয় বুকের নিচের অংশ ডেবে যায় এবং অক্সিজেন মাত্রা ৯২ শতাংশের নিচে থাকে তবে অক্সিজেন দিলে তা স্বাভাবিক হয়ে আসে,"পরিমিত গ্রহণের ফলে শ্বাসকষ্ট হয়, বুকের আঁটসাঁটতা কম হয় এবং অক্সিজেনের মাত্রা 92% এর নিচে, কিন্তু অক্সিজেন দিয়ে স্বাভাবিক করা হয়।"
89276,63222,এই সকল ক্যালসিয়াম সমৃদ্ধ খাবারগুলো যদি মা খেলে শিশু যদি ১০০ মিলি দুধ পায় তার মধ্যে ৩০ মিলি ক্যালসিয়াম মায়ের বুকের দুধ থেকে পায়,মা যদি এই সমস্ত ক্যালসিয়াম সমৃদ্ধ খাবার খান তবে শিশু মায়ের বুকের দুধ থেকে 100 মিলি দুধের মধ্যে 30 মিলি ক্যালসিয়াম পায়।
133435,110246,নতুন ভ্যাকসিন তৈরিতে করোনাভাইরাসের জেনেটিক উপাদান নেয়া হয়েছে,করোনাভাইরাসের জেনেটিক উপাদান ব্যবহার করা হয়েছে নতুন ভ্যাকসিন তৈরিতে।
153852,131984,এর মাধ্যমে খুব সহজে অল্প সময়ে বেশি পানি বিশুদ্ধ করা যায়,এটি আপনাকে অল্প সময়ের মধ্যে আরও জল বিশুদ্ধ করতে দেয়।
37323,7830,ডেঙ্গুতে অন্য র্যাশ হতে পারে সেগুলো টিপিক্যাল নয়,ডেঙ্গু অন্যান্য ফুসকুড়ি হতে পারে যা সাধারণ নয়।
72679,45608,কিছু কিছু খাদ্যপানীয় আমরা কোনো হিসাব না করেই খাই,কিছু খাবার ও পানীয় আমরা কোনো হিসাব ছাড়াই খেয়ে থাকি।
29600,35127,"কমলা খাওয়ার পর, অনেকেই খোসা ফেলে দেন",কমলালেবু খাওয়ার পর অনেকেই খোসা ফেলে দেন।
159912,138568,আবার টমেটো ক্যাপসিকাম ব্রকলি লেটুসপাতা ইত্যাদিতে ভিটামিন সি আছে,"টমেটো, ক্যাপসিকাম, ব্রকলি, লেটুস ইত্যাদিতে ভিটামিন সি থাকে"
91817,65931,এ মশা অন্য কাউকে কামড়ালে তখন তার রক্তে ম্যালেরিয়া জীবাণু ছড়ায় এবং তিনি ম্যালেরিয়ায় আক্রান্ত হন,এই মশা অন্য কাউকে কামড়ালে তার রক্তে ম্যালেরিয়ার জীবাণু ছড়িয়ে পড়ে এবং সে ম্যালেরিয়ায় আক্রান্ত হয়।
157831,136298, সালাদ ও কাঁচা খাবারে ব্যাকটেরিয়া ও প্যাথোজন থাকতে পারে তাই রান্না করে খাওয়া উচিত,"সালাদ এবং কাঁচা খাবারে ব্যাকটেরিয়া এবং প্যাথোজেন থাকতে পারে, তাই সেগুলি খাওয়ার আগে রান্না করা উচিত।"
29550,35076, অন্যদিকে স্প্যানিশ অনুসন্ধানকারী হুয়ান পঞ্চ ডি লিওন আমেরিকায় প্রথমবারের মতো কমলা চাষের সুচনা করেন ১৫১৩ সালে,"অন্যদিকে, স্প্যানিশ অভিযাত্রী জুয়ান পাঞ্চো ডি লিওন 1513 সালে আমেরিকায় প্রথমবারের মতো কমলা চাষের প্রবর্তন করেন।"
23572,28051, তা সরাসরিই ব্যবহার করা যায়; শুকানোর দরকার হয় না,এটি সরাসরি ব্যবহার করা যেতে পারে; শুকানোর দরকার নেই।
40622,11382,তবে বড়দের ক্ষেত্রেও সময়মতো চিকিৎসা শুরু না করলে এ অসুখ মারাত্মক আকার নিতে পারে,তবে প্রাপ্তবয়স্কদের ক্ষেত্রেও সময়মতো চিকিৎসা শুরু না হলে এই রোগ মারাত্মক রূপ নিতে পারে।
183253,163139," 
তিনি বলেন আমি মাত্র তিন মাস হলো দায়িত্ব নিয়েছি","তিনি বলেন, আমি মাত্র তিন মাস দায়িত্বে আছি।"
75722,48836,এই রোগীর প্রধান চিকিৎসা হল কানের ভেতর যাতে কিছু না ঢুকে এটা নিশ্চিত করা,এই রোগীর প্রধান চিকিৎসা হলো কানে যেন কিছু না ঢুকে তা নিশ্চিত করা।
175574,155427,কিডনির সমস্যার কারণে শরীরে পানি জমা হয় মুখহাতপাসহ পেটে পানি জমা হয়ে থাকে এ কথা সত্য বটে তবে কিডনির অসুস্থতা অত্যাধিক জটিল না হলে শরীরে পানি জমা হওয়ার কোনো কারণ নাই বা অন্যভাবে বলতে গেলে কিডনির অসুস্থতা খুব বেশি জটিল আকার ধারণ না করলে শরীরে পানি জমা হতে দেখা যায় না,"এটা ঠিক যে কিডনির সমস্যার কারণে শরীরে পানি জমে- মুখে, হাতে ও পেটে পানি জমে- তবে কিডনির রোগ খুব বেশি জটিল না হলে শরীরে পানি জমে যাওয়ার কোনো কারণ নেই- অন্য কথায়, কিডনির রোগ খুব বেশি জটিল না হলে শরীরে পানি জমে না।"
172100,151724,কোনো অস্ত্রোপচারের সময় অসাবধানতাবশত স্নায়ুতে আঘাত লাগতে পারে,যেকোনো অস্ত্রোপচারের সময় অসাবধানতাবশত স্নায়ু আহত হতে পারে।
124334,100697,যেমন কানে সংক্রমণ কানে জ্বালা করা কানের বাইরে বা মাঝখানে আঘাত এবং খুব কম ক্ষেত্রে কানে ক্যান্সার,"যেমন কানের সংক্রমণ, কানের জ্বালা, বাইরের বা মধ্য কানে আঘাত এবং বিরল ক্ষেত্রে কানের ক্যান্সার।"
116675,92490,অ্যাজমাকে নিয়ন্ত্রণে রাখতে পারলে জটিলতা বা ঝুঁকি থাকে না বললেই চলে,কোনো জটিলতা বা ঝুঁকি ছাড়াই হাঁপানি নিয়ন্ত্রণ করা যায়।
191294,171188,স্মৃতিচারণের মাঝে প্রপোজ আপনাদের নিজেদের স্মৃতিগুলোকে সংগ্রহ করুন,স্মৃতিচারণ করার সময় আপনার নিজের স্মৃতি সংগ্রহ করুন।
89504,63454,এই ভিটামিনের ঘাটতিতে কিছু কিছু ক্যান্সার হওয়ার ঝুঁকিও বেড়ে যেতে পারে,এই ভিটামিনের ঘাটতি কিছু ক্যান্সারের ঝুঁকিও বাড়িয়ে দিতে পারে।
92280,66419,এর কারণে জিহ্বা খুব মসৃণ দেখা যেতে পারে,এর ফলে জিহ্বা খুব মসৃণ দেখাতে পারে।
177326,157192,যাদের তৈলাক্ত ত্বক তাদের ভোগান্তি বেশি,যাদের ত্বক তৈলাক্ত তারা বেশি ভোগেন।
97863,72375, টিনএজারদের ক্ষেত্রে বয়ঃসন্ধিকালে অ্যান্ড্রোজেন হরমোনের আধিক্য,কিশোর বয়সে বয়ঃসন্ধির সময় এন্ড্রোজেন হরমোনের আধিক্য।
108500,83848,ছেলেশিশুকে ডায়াপার পরানোর সময় সাবধানে পরাতে হবে যেন প্রস্রাব করলে তা গড়িয়ে ঠিকমতো শোষিত হতে পারে,একটি শিশু ছেলেকে ডায়াপার পরার সময় সতর্কতা অবলম্বন করা উচিত যাতে প্রস্রাব গড়িয়ে যায় এবং সঠিকভাবে শোষিত হয়।
30939,1031,গর্ভধারণ প্রতিরোধ করার জন্য খাবারের বড়ি ৯৯ কার্যকর,গর্ভাবস্থা প্রতিরোধে ডায়েট পিলগুলি 99টি কার্যকর।
193697,173591,এছাড়া মসলা নেওয়ার সময় শুকনো চামচ ব্যবহার করবেন কারণ ভিজে চামচ ব্যবহার করলে মসলা নষ্ট হয়ে যেতে পারে,"এছাড়াও, মশলা নেওয়ার সময় একটি শুকনো চামচ ব্যবহার করুন কারণ ভেজা চামচ ব্যবহার করলে মশলা নষ্ট হয়ে যেতে পারে।"
163153,142081,ডা ফারাহ দোলা বিশেষ ভারপ্রাপ্ত কর্মকর্তা স্বাস্থ্য অধিদপ্তর,"ডাঃ ফারাহ দোলা, স্পেশাল ডিউটি ​​অফিসার, হেলথ সার্ভিস ডিরেক্টরেট জেনারেল"
108390,83733,মার্কিন যুক্তরাষ্ট্র ছয় কোটি ডোজ অ্যাস্ট্রাজেনেকার টিকা অন্য দেশে সরবরাহ করবে,মার্কিন যুক্তরাষ্ট্র অন্যান্য দেশে AstraZeneca ভ্যাকসিনের 60 মিলিয়ন ডোজ সরবরাহ করবে।
65399,37936,লেখক  মুখ ও দন্তরোগ বিশেষজ্ঞ,লেখক মৌখিক ও দাঁতের বিশেষজ্ঞ।
90392,64377,এটিকে হিমোগ্লোবিনের ঘাটতিও বলা হয়,একে হিমোগ্লোবিনের ঘাটতিও বলা হয়।
11513,13562, ধূমপানের ফলে হাড়ের উপাদানের সঙ্গে ক্ষতিকর বিক্রিয়া হয়,ধূমপান হাড়ের উপাদানের সাথে ক্ষতিকর প্রতিক্রিয়া সৃষ্টি করে।
72544,45452,বাচ্চাদের চকলেট মূল খাবারের যেমন লাঞ্চ বা ডিনারের আধঘণ্টা আগে দিলে খাবার গ্রহণের সঙ্গে মিষ্টি অংশ অপসারিত হয়,প্রধান খাবার যেমন লাঞ্চ বা ডিনারের আধা ঘণ্টা আগে বাচ্চাদের চকলেট দিলে খাবারের মিষ্টি অংশ দূর হয়।
65594,38139,ফাস্ট এইড ওষুধ যেমনখাবার স্যালাইন প্যারাসিটামল অ্যালার্জি প্রতিরোধক ওষুধ আমাশয় ও হজম রিলেটেড ওষুধ আগে ভাগেই সংগ্রহ করে রাখা ভালো,"প্রাথমিক চিকিৎসার ওষুধ যেমন খাবার, স্যালাইন, প্যারাসিটামল, অ্যান্টি-অ্যালার্জি ওষুধ, আমাশয় এবং হজম সংক্রান্ত ওষুধ আগে থেকে মজুত করে রাখা ভালো।"
193295,173189,শসা নাকি গোলাপ জল কোনটি ব্যবহার করবেন,আপনি কোনটি ব্যবহার করবেন: শসা বা গোলাপ জল?
195046,174940,গুগল নিউজে ফলো করুন আরটিভি অনলাইনপুষ্টিবিদদের কাছে পেঁপের পরিচয় সুপারফুড হিসেবে,Google News-এ আরটিভি অনলাইন অনুসরণ করুন পুষ্টিবিদরা পেঁপেকে সুপারফুড হিসেবে চিহ্নিত করেন
131207,107909,সাহিত্যও সেই একই ধারা অনুসরণ করে,সাহিত্য একই ধারা অনুসরণ করে।
50755,22208,ঘুম অনেকটা ব্যাটারি চার্জ দেওয়ার মতো,ঘুম ব্যাটারি চার্জ করার মতো।
43269,14179,দেশীয় ওষুধের দাম গড়ে ২০ থেকে ৫০ শতাংশ পর্যন্ত বেড়েছে,দেশীয় ওষুধের দাম বেড়েছে গড়ে ২০ থেকে ৫০ শতাংশ।
113455,89055,তাই হাইপারটেনশনকে যথার্থভাবেই সাইলেন্ট কিলার হিসাবে আখ্যায়িত করা হয়,তাই উচ্চ রক্তচাপকে যথোপযুক্তভাবে নীরব ঘাতক বলা হয়।
64469,36904, অসুস্থ মৃত অথবা বন্য কোনো প্রাণীর সংস্পর্শ থেকে বিরত থাকা,"অসুস্থ, মৃত বা বন্য প্রাণীর সংস্পর্শ এড়িয়ে চলুন।"
178810,158684,ফলে বাকি ১১ মাস আবার খাদ্য হজমে ভালোভাবে সাহায্য করতে পারে,"ফলস্বরূপ, বাকি 11 মাস ভাল হজমে সাহায্য করতে পারে।"
165857,145042,ছত্রাকের সংক্রমণ জিবের ওপর প্রলেপের অন্যতম কারণ,ছত্রাক সংক্রমণ জিহ্বায় আবরণের অন্যতম কারণ।
198865,178759,আঙুলে এই মিশ্রণটি লাগিয়ে নাকের কাছে ধরুন,এই মিশ্রণটি আপনার আঙুলে লাগিয়ে আপনার নাকের কাছে ধরে রাখুন।
50519,21955, হাতপায়ের গিরা হাঁটু কাঁধ কনুই ও হিপ জয়েন্টসহ আশপাশে ব্যথা হওয়া,"গোড়ালি, হাঁটু, কাঁধ, কনুই এবং নিতম্বের জয়েন্টগুলির চারপাশে ব্যথা।"
77331,50539,দুই ধরনের ডিভাইস আছে একটি সিপিএপি আর একটি বিপিএপি,CPAP এবং BPAP দুই ধরনের ডিভাইস আছে।
52263,23797,এ বিষয়ে বিস্তারিত জানিয়েছেন মেডিসিন ও বক্ষব্যাধি বিশেষজ্ঞ অধ্যাপক ডা মো রাশিদুল হাসান,এ বিষয়ে বিস্তারিত জানান মেডিসিন ও বক্ষব্যাধি বিশেষজ্ঞ ডাঃ মো রাশিদুল হাসান।
97713,72208,হয়তো আমার মাধ্যমে করোনা আমার বাড়িতে গিয়েছে,হয়তো আমার মাধ্যমেই আমার বাড়িতে করোনা চলে গেছে।
45137,16193,তবে সকালের জলখাবার ও লাঞ্চে ভালো প্রোটিনসমৃদ্ধ খাবার খেতে পারেন,তবে সকালের নাস্তা ও দুপুরের খাবারে ভালো প্রোটিন সমৃদ্ধ খাবার খেতে পারেন।
136779,113802, সামনের দিনগুলো কীভাবে কাটাবেন মোকাবেলা করবেন তা নিয়ে আপনার মতো একটা পরিকল্পনা তৈরি করুন,সামনের দিনগুলো কীভাবে সামলাতে হবে তার জন্য নিজের জন্য একটি পরিকল্পনা করুন।
102762,77694,এতে বাম অলিন্দ Left Atrium  নামে হৃৎপিণ্ডের একটা বিশেষ প্রকোষ্ঠ অত্যন্ত দ্রুতগতিতে ও অনিয়মিতভাবে সংকুচিত ও প্রসারিত হতে থাকে,এতে বাম অলিন্দ নামক হৃদপিণ্ডের একটি বিশেষ প্রকোষ্ঠ খুব দ্রুত ও অনিয়মিতভাবে সংকুচিত ও প্রসারিত হতে শুরু করে।
129511,106141,ব্যক্তিগত গাড়ি ব্যবহার করলে গাড়ির চাকায় জীবাণুনাশক ব্যবহার করুন,ব্যক্তিগত গাড়ি ব্যবহার করলে গাড়ির চাকায় জীবাণুনাশক ব্যবহার করুন।
181904,161784,সালাদ  শশা টমেটো ও গাজরের সালাদ ত্বকের জন্য উপকারী,শসা টমেটো এবং গাজরের সালাদ ত্বকের জন্য উপকারী
34725,5085,এর মধ্যে ঢাকার সরকারি ও বেসরকারি হাসপাতালে ৪ হাজার ১৫১ জন এবং ঢাকার বাইরের হাসপাতালে ৫ হাজার ৫৬০ জন ডেঙ্গু রোগী ভর্তি রয়েছেন,এর মধ্যে ঢাকার সরকারি-বেসরকারি হাসপাতালে ৪ হাজার ১৫১ জন এবং ঢাকার বাইরের হাসপাতালে ৫ হাজার ৫৬০ জন ডেঙ্গু রোগী ভর্তি রয়েছেন।
179077,158951,তবে আইভি ইমিউনোগ্লোবিনের খরচ প্রায় ৩ থেকে ১০ লাখ টাকা,তবে আইভি ইমিউনোগ্লোবিউলিনের দাম প্রায় ৩ থেকে ১০ লাখ টাকা।
185916,165810,কিন্তু এক পা এক পা করে এগোতে হবে নিজেকেই,তবে আপনাকে একবারে এক ধাপ এগিয়ে যেতে হবে।
167503,146817,তাই ডায়াবেটিস ধরা পড়লেও ভোজনরসিকদের হতাশ হতে বারণ করলেন ঢাকার গভর্নমেন্ট কলেজ অব অ্যাপ্লাইড হিউম্যান সাইন্সের খাদ্য ও পুষ্টিবিজ্ঞান বিভাগের সহযোগী অধ্যাপক শম্পা শারমিন খান,তাই ডায়াবেটিস ধরা পড়লেও খাদ্যপ্রেমীদের হতাশ না হওয়ার পরামর্শ দিয়েছেন ঢাকার সরকারি ফলিত মানব বিজ্ঞান কলেজের খাদ্য ও পুষ্টি বিজ্ঞান বিভাগের সহযোগী অধ্যাপক শম্পা শারমিন খান।
148327,126077, অধিক বিটাক্যারটিন থাকে যা পরে ভিটামিন এ তৈরি করে,আরও বিটা-ক্যারোটিন থাকে যা পরে ভিটামিন এ-তে রূপান্তরিত হয়
183669,163555,এতে বলা হয় গত ২৪ ঘণ্টায় ডেঙ্গুতে আক্রান্ত হয়ে হাসপাতালে ভর্তি হওয়াদের মধ্যে ঢাকা সিটি করপোরেশনের ৩৯৭ জন এবং বাকিরা ঢাকার বাইরের,"এতে বলা হয়, ডেঙ্গুতে আক্রান্ত হয়ে গত ২৪ ঘণ্টায় ঢাকা সিটি করপোরেশন থেকে ৩৯৭ জন এবং ঢাকার বাইরে থেকে ৩৯৭ জন হাসপাতালে ভর্তি হয়েছেন।"
33545,3790,সচরাচর প্যারাসিটামল অ্যান্টিহিস্টামিন ও কাশির ওষুধ ব্যবহৃত হয় এ সমস্যায়,এই সমস্যায় সাধারণত প্যারাসিটামল অ্যান্টিহিস্টামিন এবং কাশির ওষুধ ব্যবহার করা হয়।
65373,37910,তেলে ভাজা ঝালমসলাযুক্ত খাবার বাইরের খোলা খাবার ও পানীয় বর্জন করা উচিত,"তেলে ভাজা মশলাদার খাবার, খোলা খাবার ও পানীয় পরিহার করতে হবে।"
184032,163920,রোদে পোড়া দাগ দূর করতে ১ টেবিল চামচ আলুর রসের সঙ্গে ১ টেবিল চামচ ভাতের মাড় মেশান,রোদে পোড়া দাগ দূর করতে ১ টেবিল চামচ আলুর রসের সাথে ১ টেবিল চামচ ভাতের মাড় মিশিয়ে নিন।
95543,69876,তবে জাংক খাবার খাওয়া পরিহার করতে হবে,তবে জাঙ্ক ফুড খাওয়া এড়িয়ে চলতে হবে।
55146,26934,রক্তের ঘনত্ব বৃদ্ধিও এর জমাট বেঁধে যাবার প্রবণতা বাড়িয়ে দেয়,বর্ধিত রক্তের ঘনত্বও এর জমাট বাঁধার প্রবণতা বাড়ায়।
191418,171312,যেহেতু ঈদের সময় যাওয়া হচ্ছে সেহেতু অত্যধিক হোটেল ভাড়া বিবেচনার মধ্যে রাখতে হবে,"যেহেতু আপনি ঈদের সময় ভ্রমণ করছেন, তাই আপনার হোটেলের উচ্চ মূল্য বিবেচনা করা উচিত।"
44995,16037,এটি লিভারের কোষের ক্ষতি কমাতেও সাহায্য করে,এটি লিভারের কোষের ক্ষতি কমাতেও সাহায্য করে।
105714,80892,আরেকটা বিষয় হচ্ছে দীর্ঘ ১ বছর সময়ে যারা অন্যান্য ক্যান্সার রোগী তারা হয়তো সচেতন ছিল,আরেকটি বিষয় হল অন্যান্য ক্যান্সার রোগীরা দীর্ঘ 1 বছর ধরে এটি সম্পর্কে সচেতন থাকতে পারে।
159568,138203,লেখক ডা ইমনুল ইসলাম অধ্যাপক শিশু বিভাগ বিএসএসএমইউ,লেখক ইমনুল ইসলাম বিএসএসএমইউর শিশুরোগ বিভাগের অধ্যাপক ড
79137,52469,কিন্তু নিজেকে সুরক্ষিত রাখতে ও মেদ কমাতে সহায়তা করতে পারে একটি সুস্থ ও সুন্দর জীবনধারা,কিন্তু একটি স্বাস্থ্যকর জীবনধারা আপনাকে ফিট থাকতে এবং ওজন কমাতে সাহায্য করতে পারে।
95146,69453,ইতোমধ্যে স্বাস্থ্য ব্যবস্থা ক্রমবর্ধমান কোভিড সংকটের কারণে ক্ষতিগ্রস্ত হচ্ছে,ক্রমবর্ধমান কোভিড সংকটের কারণে ইতিমধ্যে স্বাস্থ্য ব্যবস্থা ক্ষতিগ্রস্ত হচ্ছে।
14520,17135," এর সঙ্গে এতে ফাইবারও পাওয়া যায়, যা পরিপাকতন্ত্রকে শক্তিশালী করার পাশাপাশি কোষ্ঠকাঠিন্যের মতো সমস্যা থেকে মুক্তি পেতেও কাজ করে","এর পাশাপাশি এতে রয়েছে ফাইবার, যা শুধু পরিপাকতন্ত্রকে শক্তিশালী করে না, কোষ্ঠকাঠিন্যের মতো সমস্যা দূর করতেও সাহায্য করে।"
74947,48014,কোনো কোনো ক্ষেত্রে ঘাড়ের আর্থ্রাইটিসের কারণে বা মস্তিষ্কের রক্তনালির ভেতরে চর্বি জমে রক্তনালি ছোট হয়ে গেলে অথবা রক্তনালির ভেতরে রক্ত জমাট বেঁধে গেলে মস্তিষ্কের রক্ত চলাচল কমে যায় এবং তার থেকে মাথা ঘুরাতে পারে,"কিছু ক্ষেত্রে, ঘাড়ে বাত বা মস্তিষ্কের রক্তনালীর ভিতরে চর্বি জমার কারণে, রক্তনালী সরু হয়ে যাওয়া বা রক্তনালীতে রক্ত ​​জমাট বেঁধে মস্তিষ্কে রক্ত ​​চলাচল কমে যায় এবং মাথা ঘোরা হতে পারে।"
91084,65130,অর্থাৎ ব্যাথা থেকে প্রগ্রেসিভ দুর্বলতা দেখা দিলে বুঝতে হবে সারভাইক্যাল রিজিওনে একটা নার্ভ রুটে কমপ্রেশন হয়েছে স্পাইনাল কর্ডে কিছু হয়নি,"অর্থাৎ ব্যথার কারণে প্রগতিশীল দুর্বলতা থাকলে বুঝতে হবে সার্ভিকাল অঞ্চলে একটি স্নায়ুর মূলে কম্প্রেশন হয়েছে, কিন্তু মেরুদন্ডে কিছুই হয়নি।"
9795,11476, এই মহামূল্যবান আম নিয়ে রাতের ঘুম উড়েছে তাঁর,এই দামি আম খেয়ে রাতে ভালো ঘুম হয় তার।
149101,126908,আরেকটা ভয়ের ব্যাপার হচ্ছে একটা মৌমাছি একবারই হুল ফোটাতে পারলেও একটা ভিমরুল কয়েকবার হুল ফোটাতে পারে,"আরেকটি ভীতিকর বিষয় হল যে একটি মৌমাছি একবারই দংশন করতে পারে, তবে একটি ওয়াপ একাধিকবার দংশন করতে পারে।"
90498,64490,বিশেষ করে চিনি ছাড়া ও ব্ল্যাক কফি খেলে এটি চর্বি এবং কোলাজেন উৎপাদনে বাধা দিয়ে লিভারকে সাহায্য করে,"ব্ল্যাক কফি, বিশেষ করে চিনি ছাড়া, চর্বি এবং কোলাজেন উৎপাদনে বাধা দিয়ে লিভারকে সাহায্য করে।"
124220,100574,ফলে বদ্ধঘরেই স্মার্টফোন টিভি ও কম্পিউটারের সঙ্গে কাটছে বেশিরভাগ শিশুর শৈশব,"ফলস্বরূপ, বেশিরভাগ শিশুই স্মার্টফোন, টিভি এবং কম্পিউটারের সাথে তাদের শৈশব কাটায়।"
70694,43497,অধ্যাপক ডা মাহবুব মোতানাব্বি বলেন এ বছর চিকিৎসায় স্বাধীনতা পদক পেয়েছে ডা কামরুল ইসলাম,"অধ্যাপক মাহবুব মোতানাব্বী জানান, এ বছর চিকিৎসাশাস্ত্রে স্বাধীনতা পদক পেয়েছেন ডাঃ কামরুল ইসলাম।"
61933,34198,রক্তে ইউরিক এসিডের স্বাভাবিক মাত্রা পুরুষদের ক্ষেত্রে ৩০৭০ মিগ্রা ডিএল এবং মহিলাদের ক্ষেত্রে ২৪৫৭ মিগ্রাডিএল,সাধারণ রক্তে ইউরিক অ্যাসিডের মাত্রা পুরুষদের জন্য 3070 mg dl এবং মহিলাদের জন্য 2457 mg dl।
161602,140403,তাঁদের ধারণা যেহেতু রক্তচাপ স্বাভাবিক হয়ে গেছে তাই আর ওষুধ দরকার নেই,"তারা বিশ্বাস করেন যে যেহেতু রক্তচাপ স্বাভাবিক হয়ে গেছে, তাই আর ওষুধের প্রয়োজন নেই।"
182244,162124,জেসমিন রোজমেরি টিউবার রোজ ও লেমন সৌরভের পারফিউম একসঙ্গে ব্যবহার করতে পারেন,জেসমিন রোজমেরি টিউবার রোজ এবং লেমন সেন্ট পারফিউম একসাথে ব্যবহার করা যেতে পারে
141500,118780,কিন্তু করোনাতে নাক বন্ধ কিংবা সর্দির লক্ষ্মণ দেখা যায় ন,কিন্তু করোনায় নাক বন্ধ বা সর্দির কোনো উপসর্গ দেখা যায় না।
121688,97854,যাদের কোমরবিডিটি অর্থাৎ অন্য কোনো অসুখ রয়েছে তাদের মৃত্যুর আশঙ্কা অনেক বেশি,যাদের কমরবিডিটি আছে তাদের মৃত্যুর ঝুঁকি বেশি থাকে।
119026,94976,এর মধ্যে ১০০ জন চিকিৎসক ও ১০ জন নার্স মারা গেছেন,তাদের মধ্যে 100 জন চিকিৎসক ও 10 জন নার্স মারা গেছেন।
14709,17367,"সভায় সমিতির কেন্দ্রীয় কার্যকরী পরিষদ, কেন্দ্রীয় কাউন্সিলর এবং মেডিকেল কলেজ হাসপাতালে অবস্থিত জোনসমূহের প্রতিনিধিবৃন্দসহ উপস্থিত ছিলেন","সভায় সমিতির কেন্দ্রীয় কার্যনির্বাহী পরিষদ, কেন্দ্রীয় কাউন্সিলর ও মেডিকেল কলেজ হাসপাতালে অবস্থিত জোনের প্রতিনিধিরা উপস্থিত ছিলেন।"
64256,36671,ক্যানসার সেল অস্থিমজ্জার ধারণ ক্ষমতার বাইরে চলে যায়,ক্যান্সার কোষগুলি তাদের ধারণ করার জন্য অস্থি মজ্জার ক্ষমতাকে ছাড়িয়ে যায়।
187384,167278,দ্রুত চিকিৎসকের শরণাপন্ন হোনহাত বা পা ভাঙলে যেমন করে শক্ত কিছু দিয়ে কাপড় দিয়ে হলকা করে বাধা হয় সেভাবে বাধুনসাপে কাটা পেশী যতটা কম সম্ভব নড়াচড়া করুন পেশীর নড়াচড়া যত কম হবে বিষ তত কম ছড়াবে,"অবিলম্বে চিকিৎসার পরামর্শ নিন। ঠিক যেমন আপনার হাত বা পা ভেঙে গেলে, আপনাকে আলতো করে কাপড় দিয়ে মুড়িয়ে ব্যান্ডেজ করতে হবে। ব্যান্ডিকুটের আঘাতে কাটা পেশীগুলি যত কম সম্ভব নাড়াচাড়া করতে হবে। পেশীগুলির নড়াচড়া যত কম হবে, বিষ তত কম ছড়িয়ে পড়বে।"
69576,42312,এ পরীক্ষার মাধ্যমে লিভারের অবস্থা চিকিৎসার আগে ও পরে অনুধাবন করা যায়,এই পরীক্ষার মাধ্যমে চিকিৎসার আগে ও পরে লিভারের অবস্থা বোঝা যাবে।
110728,86194,পবিত্র রমজান মাসের সিয়াম সাধনা করা ইসলামের পাঁচ স্তম্ভের অন্যতম একটি স্তম্ভ,পবিত্র রমজান মাসে রোজা রাখা ইসলামের পাঁচটি স্তম্ভের একটি।
105638,80810,পাশাপাশি রোগীর বমি বমি ভাব বা বমি হওয়া এবং দৃষ্টিশক্তি ক্রমশ কমে যাওয়াকে আমরা সব টিউমারের ক্ষেত্রে লক্ষণ হিসেবে ধরতে পারি,"এছাড়াও, রোগীর বমি বমি ভাব বা বমি হওয়া এবং ধীরে ধীরে দৃষ্টিশক্তি হ্রাস সমস্ত টিউমারের লক্ষণ হিসাবে দেখা যায়।"
160892,139627,লেখক সহযোগী অধ্যাপক এন্ডোক্রাইনোলজি বিভাগ বঙ্গবন্ধু শেখ মুজিব মেডিকেল বিশ্ববিদ্যালয়,"লেখক সহযোগী অধ্যাপক, এন্ডোক্রিনোলজি বিভাগ, বঙ্গবন্ধু শেখ মুজিব মেডিকেল বিশ্ববিদ্যালয়।"
165339,144477,দীর্ঘদিন স্টেরয়েড ব্যবহারের ফলে ফাঙ্গাল ইনফেকশন বৃদ্ধি পায়,দীর্ঘমেয়াদী স্টেরয়েড ব্যবহার ছত্রাক সংক্রমণের ঝুঁকি বাড়ায়।
74789,47848,এর আগে দেড় মাস বিভিন্ন হাসপতালে ঘুরে ভর্তি হয়েছেন ঢাকা মেডিকেল কলেজ হাসপাতালের শিশু ক্যান্সার বিভাগে,এর আগে তিনি দেড় মাস বিভিন্ন হাসপাতাল পরিদর্শন করে ঢাকা মেডিকেল কলেজ হাসপাতালের শিশু ক্যান্সার বিভাগে ভর্তি ছিলেন।
5048,5924,"
গতকাল স্বাস্থ্য অধিদপ্তরের পাঠানো এক সংবাদ বিজ্ঞপ্তিতে জানানো হয়, গত এক দিনে ডেঙ্গু শনাক্ত হয়েছে আরও ১ হাজার ৭৯২ জনের","গতকাল স্বাস্থ্য অধিদপ্তরের পাঠানো এক প্রেস বিজ্ঞপ্তিতে বলা হয়, গত দিনে আরও ১ হাজার ৭৯২ জন ডেঙ্গুতে আক্রান্ত হয়েছেন।"
77969,51221,কিন্তু প্রথম সাইড ইফেক্টই হচ্ছে পিল খেতে ভুলে যাওয়া বা মিসড পিল,কিন্তু প্রথম পার্শ্বপ্রতিক্রিয়া হলো পিল খেতে ভুলে যাওয়া বা মিসড পিল।
89288,63234,স্তন্যদান সময়কালীন মায়েরা বুকের দুধের ভলিউম বাড়ানোর জন্য সকালের নাশতা বা বিকালের নাশতায় ওটস খেতে পারেন,বুকের দুধ খাওয়ানো মায়েরা বুকের দুধের পরিমাণ বাড়াতে সকালের নাস্তায় বা বিকেলের নাস্তায় ওটস খেতে পারেন।
97728,72225,অনেক পরিবারের সদস্যরা ভয়ে মৃতের সৎকার না করে পালিয়ে যেতে দেখেছি,অনেক পরিবারের সদস্যদের মৃতদেহ দাফন না করে ভয়ে পালিয়ে যেতে দেখেছি।
58571,30611, থাইরয়েড গ্রন্থি যেটা গলার সামনের দিকে থাকে সেটা দীর্ঘদিন ফুলে শক্ত হয়ে থাকা,গলার সামনের দিকে অবস্থিত থাইরয়েড গ্রন্থি দীর্ঘ সময় ধরে ফুলে ও শক্ত থাকে।
97434,71905,এটা একটা জটিল পরিস্থিতি যা হঠাৎ ঘটে,এটি একটি জটিল পরিস্থিতি যা হঠাৎ ঘটে।
130066,106733,ফল স্বরূপ আমরা দেখতে পাই বিভিন্ন সরকারি ও বেসরকারি সংস্থা বিশেষ করে পুলিশ বিভাগ হোমিও সেবা গ্রহণ করছেন এবং সুস্থও হচ্ছেন,ফলে আমরা দেখছি বিভিন্ন সরকারি-বেসরকারি প্রতিষ্ঠান বিশেষ করে পুলিশ বিভাগ হোমিও সেবা নিচ্ছে এবং সুস্থ হচ্ছে।
149338,127162,রক্তচাপের ওষুধ একেকজনের জন্য একেকরকম হয়,রক্তচাপের ওষুধ প্রত্যেকের জন্য আলাদা।
126484,102977,সরকারি পর্যায়ে দেশের একমাত্র স্যালাইন উৎপাদনকারী প্রতিষ্ঠান জনস্বাস্থ্য ইন্সটিটিউট আইপিএইচ,সরকারি পর্যায়ে দেশের একমাত্র স্যালাইন উৎপাদনকারী প্রতিষ্ঠান পাবলিক হেলথ ইনস্টিটিউট আইপিএইচ।
156912,135313,এর ওপর যাঁদের এলোমেলো দাঁত লালা নিঃসরণ কম অনিয়ন্ত্রিত ডায়াবেটিস উচ্চ রক্তচাপ অনিয়ন্ত্রিত গ্যাস্ট্রিক অ্যাসিডিটি ইনহেলার ব্যবহারকারী ক্যানসারের রোগী অতিরিক্ত মিষ্টান্ন খাওয়ার অভ্যাসসহ রোগ প্রতিরোধক্ষমতা কম তাঁদের মুখের অভ্যন্তরের স্বাস্থ্য সব সময় হুমকিতে থাকে,"এছাড়াও, আঁকাবাঁকা দাঁত, কম লালা উৎপাদন, অনিয়ন্ত্রিত ডায়াবেটিস, উচ্চ রক্তচাপ, অনিয়ন্ত্রিত গ্যাস্ট্রিক অ্যাসিডিটি, ইনহেলার ব্যবহারকারী ক্যান্সার রোগী এবং যাদের রোগ প্রতিরোধ ক্ষমতা কম এবং বেশি পরিমাণে মিষ্টি খাওয়ার অভ্যাস রয়েছে তারা সবসময় ঝুঁকিতে থাকে। তাদের মৌখিক স্বাস্থ্য।"
156755,135143,তাদের নিয়ে ক্যারম বাগাডুলি কিংবা দাবার মতো যেসব খেলা ঘরে বসে খেলা যায় সেগুলোয় সময় ব্যয় করতে পারেন,"আপনি তাদের সাথে ক্যারাম, বাগাডুলি বা দাবার মতো বাড়িতে খেলা যায় এমন গেম খেলে সময় কাটাতে পারেন।"
8416,9818, এগুলো আমাদের পরিপাকতন্ত্র পরিষ্কার রাখে,এগুলো আমাদের পরিপাকতন্ত্র পরিষ্কার রাখে।
116929,92750,অনেকের স্ট্রোকপরবর্তী পুনর্বাসন প্রোগ্রাম Physiotherapy  Rehabilitation পালন করতে হতে পারে,অনেক লোককে স্ট্রোকের পরে ফিজিওথেরাপি পুনর্বাসন নামে একটি পুনর্বাসন প্রোগ্রাম অনুসরণ করতে হতে পারে।
163894,142900,বমি ভাব বা বমি হতে পারে,বমি বমি ভাব বা বমি হতে পারে।
89828,63785,ওজন বাড়ার পাশাপাশি এ সুগারযুক্ত কোমল পানীয় নানাবিধ রোগ তৈরি করে,ওজন বৃদ্ধি ছাড়াও এই চিনিযুক্ত কোমল পানীয় বিভিন্ন রোগের কারণ হয়।
175298,155150,জলপাইয়ের মোনোস্যাচুরেটেড ফ্যাট যখন অন্য খাবারে বিদ্যমান স্যাচুরেটেড ফ্যাটের বদলে গ্রহণ করা হয় তখন তা দেহের ভিতরের ফ্যাট সেল ভাঙতে সাহায্য করে,অন্যান্য খাবারে পাওয়া স্যাচুরেটেড ফ্যাটের জায়গায় খাওয়া হলে অলিভ অয়েলের মনোস্যাচুরেটেড ফ্যাট শরীরের অভ্যন্তরে ফ্যাট কোষগুলিকে ভেঙে ফেলতে সাহায্য করে।
124894,101294,আসুন জেনে নিই নারীদের সাদা স্রাব কেন হয়,আসুন জেনে নেওয়া যাক কেন মহিলাদের সাদা স্রাব হয়।
171910,151519,কে কতটুকু ব্যায়াম করতে পারবেন তা চিকিৎসকের কাছ থেকে জেনে নিতে হবে,আপনি কতটা ব্যায়াম করতে পারেন তা দেখতে আপনার ডাক্তারের সাথে পরীক্ষা করা উচিত।
92030,66165,এ ছাড়া আঙুরের রস তাদের মধ্যে প্লাজমা অ্যান্টিঅক্সিডেন্ট ক্ষমতাও বৃদ্ধি করে,"এছাড়াও, আঙ্গুরের রস তাদের মধ্যে প্লাজমা অ্যান্টিঅক্সিডেন্ট ক্ষমতা বাড়ায়।"
21701,25781, রক্তে ইউরিক অ্যাসিডের মাত্রা বেড়ে গেলে খাদ্যতালিকা থেকে বাদ পড়ে যায় অনেক কিছুই,রক্তে ইউরিক অ্যাসিডের মাত্রা বেড়ে গেলে খাবার থেকে অনেক কিছুই বাদ দেওয়া হয়।
62318,34614, গৃহস্থালির কাজে নিরাপদ ও বিশুদ্ধ পানি ব্যবহার করতে হবে,গৃহস্থালির কাজে নিরাপদ ও বিশুদ্ধ পানি ব্যবহার করতে হবে।
24548,29229, এটি আপনার পরিপাকতন্ত্রকে সুস্থ রাখে,এটি আপনার পরিপাকতন্ত্রকে সুস্থ রাখে।
140046,117227,সাম্প্রতিক বছরগুলিতে সরকার এবং বেসরকারি প্রতিষ্ঠান উভয়ই জনগণের গতিবিধি দেখার জন্য এবং নিয়ন্ত্রণ করার জন্য আরও অত্যাধুনিক প্রযুক্তি ব্যবহার করে আসছে,"সাম্প্রতিক বছরগুলিতে, সরকারী এবং বেসরকারী উভয় প্রতিষ্ঠানই জনগণের গতিবিধি নিরীক্ষণ ও নিয়ন্ত্রণের জন্য আরও অত্যাধুনিক প্রযুক্তি ব্যবহার করেছে।"
159421,138048,এর ওপরে পাতলা একটি স্তর থাকে যা বাইরের জীবাণু থেকে আমাদের চোখকে রক্ষা করে,এর উপরে একটি পাতলা স্তর রয়েছে যা আমাদের চোখকে বাইরের জীবাণু থেকে রক্ষা করে।
113271,88865,তবে হেয়ারি লিউকোপ্লাকিয়াতে ক্যান্সারের কোনো ঝুঁকি থাকে না,তবে লোমশ লিউকোপ্লাকিয়াতে ক্যান্সারের ঝুঁকি নেই।
20756,24673, কোনো শব্দ উচ্চারণে সমস্যা হলে প্রথমে স্বরবর্ণগুলো জোরে জোরে উচ্চারণ করুন,কোনো শব্দ উচ্চারণ করতে সমস্যা হলে প্রথমে স্বরধ্বনিগুলো উচ্চারণ করুন।
81676,55188,এছাড়া চুলে ব্যবহার করুন হেয়ার সেরাম,এছাড়াও চুলে হেয়ার সিরাম ব্যবহার করুন।
58501,30534,আমেরিকান ক্যানসার বিশেষজ্ঞ রিচার্ড ডেল ও রিচার্ড পেটোর মতে মানবদেহে যত ধরনের ক্যানসার হতে পারে তার বেশিরভাগ ক্ষেত্রেই ধূমপান ও তামাকের সরাসরি ভূমিকা রয়েছে,"আমেরিকান ক্যান্সার বিশেষজ্ঞ রিচার্ড ডেল এবং রিচার্ড পেটোর মতে, ধূমপান এবং তামাক মানুষের শরীরে যে ধরনের ক্যান্সার হতে পারে তার বেশিরভাগ ক্ষেত্রে সরাসরি ভূমিকা পালন করে।"
173771,153530,হৃদ্রোগ ক্যানসার কিডনির অসুস্থতা অ্যাজমা বা শ্বাসযন্ত্রের অসুবিধা টিবি অ্যালার্জি থাকলে,হৃদরোগ ক্যান্সার কিডনি রোগ হাঁপানি বা শ্বাসকষ্টের সমস্যা টিবি অ্যালার্জি
130883,107581,ময়নাতদন্তের প্রাথমিক ফলাফলগুলোতে শরীরের একাধিক অঙ্গগুলোতে রক্তজমাট বিস্তৃত ছড়িয়ে থাকা নিদর্শন দেখা যায়,ময়নাতদন্তের প্রাথমিক ফলাফলে একাধিক অঙ্গে ব্যাপক রক্ত ​​জমাট বেঁধেছে।
123541,99836,পরিশেষে মানসিক অবসাদ একসময় ধনিক শ্রেণীর অসুখ মনে করা হলেও অতিরিক্ত নগরায়ন পিতামাতার অতিরিক্ত ব্যস্ততা বর্তমান সময়ের লকডাউনের মতো বদ্ধ অবস্থার কারণে স্বল্পন্নত দেশ সমূহে ও মানসিক অবসাদ ব্যাপকভাবে জেকে বসেছে,"পরিশেষে, বিষণ্নতাকে একসময় ধনীদের একটি রোগ বলে মনে করা হতো, কিন্তু অতিনগরীকরণ, অতিরিক্ত ব্যস্ত অভিভাবকত্ব এবং বর্তমান লকডাউন অনুন্নত দেশগুলোতে বিষণ্নতাকে ব্যাপকভাবে ছড়িয়ে দিয়েছে।"
574,682, এ ছাড়া পাস্তা কেনার ক্ষেত্রে হোল গ্রেইন পাস্তা দেখে কিনতে পারেন,"এছাড়াও, পাস্তা কেনার সময়, আপনি পুরো শস্যের পাস্তার সন্ধান করতে পারেন এবং এটি কিনতে পারেন।"
9493,11115, তবে কিডনির রোগ ইতিমধ্যেই থাকলে তখন সতর্ক হতে হবে,তবে আপনার যদি আগে থেকেই কিডনি রোগ থাকে তবে সাবধান।
142850,120174,পুরো ফেব্রুয়ারি মাস বন্ধ থাকবে বলে ঘোষণা দিয়ে অনেক স্কুল ছুটিও দিয়েছিল,অনেক স্কুল পুরো ফেব্রুয়ারি মাসের জন্য ছুটি ঘোষণা করেছে।
144860,122314,আজকাল অনেকেই শর্করা শূন্য বা জিরো কার্ব বা লো কার্ব খাবারের দিকে ঝুঁকছেন,"আজকাল, অনেক লোক জিরো-কার্ব বা কম-কার্ব ডায়েটের দিকে ঝুঁকছে।"
50209,21610,মনে রাখতে হবে অ্যাজমায় ইনহেলার সবচেয়ে আধুনিক এবং শুরুর দিকের চিকিৎসা যার পার্শ্বপ্রতিক্রিয়া নাই বললেই চলে,এটা মনে রাখা উচিত যে হাঁপানি ইনহেলার হল সবচেয়ে আধুনিক এবং প্রাথমিক চিকিৎসা যার প্রায় কোন পার্শ্বপ্রতিক্রিয়া নেই।
12784,15087, আর হাসপাতাল থেকে ছাড়পত্র পেয়েছেন এক হাজার ৪৮৯ জন,আর হাসপাতাল থেকে ছাড়পত্র পেয়েছেন ১ হাজার ৪৮৯ জন।
62265,34561,মধ্য সকাল বেলায় মিক্সড নাট চিকেন স্যুপ দই হতে পারে,মাঝরাতে মিক্সড বাদাম চিকেন স্যুপে দই হতে পারে।
59063,31149,তিনি বলেন হাই ব্লাড প্রেসার বা উচ্চ রক্তচাপ মনে আমাদের দেশের রোগীরা সবাই ফার্মেসিতে যায়,"তিনি বলেন, আমাদের দেশের সব রোগীই উচ্চ রক্তচাপের কারণে ফার্মেসিতে যান।"
125448,101878,ইনফেকশনের কারণে কারও ডিম্বনালি যদি কেটেই ফেলা হয় বা কারও যদি টিউমার লাইগেশন করে দেয়া হয় সেক্ষেত্রে স্বামীস্ত্রী মিলন করলেও ডিম্বাণু নিষিক্ত হবে না,"যদি সংক্রমণের কারণে কারো ফ্যালোপিয়ান টিউব অপসারণ করা হয় বা কারো টিউমার বন্ধন থাকে, এমনকি স্বামী-স্ত্রীর মিলন থাকলেও ডিম্বাণু নিষিক্ত হবে না।"
102610,77532,১ Major Psychiatric disorder বা গুরুতর মানসিক ব্যাধি,1 প্রধান মানসিক ব্যাধি বা গুরুতর মানসিক ব্যাধি
151926,129923,সবচেয়ে ভালো হয় ঘুমের অন্তত তিন ঘণ্টা আগে খাবার খাওয়ানো,ঘুমানোর অন্তত তিন ঘণ্টা আগে খাওয়া ভালো।
34906,5275, পরিবারে সুষম খাদ্যাভ্যাস গড়ে তুলুন,পরিবারে সুষম খাদ্য গড়ে তুলুন।
8170,9526, কয়েকটি পুদিনা পাতা একটি পাত্রের জলে নিয়ে ফুটিয়ে সেই জল ছেঁকে ঠান্ডা করে পান করলে উপকার,একটি পাত্রের পানিতে কয়েকটি পুদিনা পাতা সিদ্ধ করে সেই পানি ছেঁকে পান করলে উপকার পাওয়া যায়।
137039,114085,আমাদের পলিসি হচ্ছেতার কক্ষ থেকে যেসব জায়গায় তিনি গিয়েছেন সেসব কক্ষ ডিজইনফেক্ট করব,আমাদের নীতি হল তিনি যে কক্ষগুলি পরিদর্শন করেছেন তার রুম থেকে জীবাণুমুক্ত করা।
77404,50616, কিছু জন্মগত ত্রুটিও এই রোগে আক্রান্ত হওয়ার ঝুঁকি বাড়িয়ে দেয়,কিছু জন্মগত ত্রুটি রোগ হওয়ার ঝুঁকি বাড়ায়।
103299,78261,তিনি মিপুরের ডা আজমল হাসপাতালের কনসালট্যান্ট এবং ডার্মাটোলজিস্ট ও ডার্মাটো সার্জন,তিনি মিপুরের আজমল হাসপাতালের কনসালটেন্ট এবং চর্মরোগ বিশেষজ্ঞ এবং ডার্মাটো সার্জন।
101874,76713,আয়োডিনের সবচেয়ে সাধারণ উৎস হলো আয়োডিনযুক্ত লবণ,আয়োডিনের সবচেয়ে সাধারণ উৎস হল আয়োডিনযুক্ত লবণ।
142486,119798,তাদের কেউ কেউ হটলাইনে নিয়ন্ত্রণ কক্ষের সঙ্গে যোগাযোগ করেছেন,তাদের কেউ কেউ হটলাইনে কন্ট্রোল রুমে যোগাযোগ করেন।
121057,97134,সূত্র জানায় ট্রাস্ট ফান্ডের মতো মুক্তিযোদ্ধা কল্যাণ ট্রাস্টের অধীনে থাকা বেশির ভাগ প্রতিষ্ঠানের অবস্থা একই রকম,"সূত্র জানায়, ট্রাস্ট ফান্ডের মতো মুক্তিযোদ্ধা কল্যাণ ট্রাস্টের আওতাধীন অধিকাংশ প্রতিষ্ঠানের একই অবস্থা।"
192402,172296,এই হরমোনটি আমাদের ঘুম ও জেগে ওঠা নিয়ন্ত্রণ করে,এই হরমোন আমাদের ঘুম এবং জাগ্রততা নিয়ন্ত্রণ করে।
96313,70701,তাই ডেঙ্গি থেকে সেরে ওঠার পর শিথিলতার সঙ্গে দুতিন সপ্তাহ কাটাতে হবে,তাই ডেঙ্গু থেকে সেরে ওঠার পর দুই থেকে তিন সপ্তাহ আরামের সঙ্গে কাটাতে হবে।
48963,20276,খোসার ভেতরের অংশ আলো ও বাতাসের সংস্পর্শে আসে না বলে তাতে পুষ্টিমান বেশি থাকে,"যেহেতু খোসার ভেতরের অংশ আলো ও বাতাসের সংস্পর্শে আসে না, তাই এটি বেশি পুষ্টিকর।"
77520,50746,যাদের একবার হাড় ভাঙার ঘটনা ঘটে তাদের পরবর্তীতে হাড় ভাঙার ঝুঁকি অনেকগুণ বেড়ে যায়,যাদের ফ্র্যাকচার হয়েছে তাদের ভবিষ্যতে ফ্র্যাকচারের ঝুঁকি বেশি।
169125,148548,ডিকোয়ারভ্যান টেনোসাইনোভাইটিস এর মধ্যে অন্যতম,DeQuervain এর Tenosynovitis তাদের মধ্যে একটি।
142740,120059,এটি যত দ্রুত সম্ভব শেষ করতে আমাদের সঙ্গে কাজ করছে অ্যাডভেন্ট,আবির্ভাব যত দ্রুত সম্ভব এটি সম্পূর্ণ করার জন্য আমাদের সাথে কাজ করছে।
104118,79180,যার পিছনে পিটুইটারি গ্রন্থি কর্তৃক অতিরিক্ত এলএইচ LH নিঃস্বরণ ও দেহে ইনস্যুলিন রেজিস্ট্রেন্সের উপস্থিতি,যার পেছনে রয়েছে পিটুইটারি গ্রন্থি দ্বারা অতিরিক্ত এলএইচ নিঃসরণ এবং শরীরে ইনসুলিন প্রতিরোধ ক্ষমতা।
108211,83541,করোনাভাইরাস এমনভাবে রূপ বদলাচ্ছে যে সহজে বোঝার উপায় নেই কার মধ্যে বাস করছে ছোঁয়াচে এ ভাইরাস,করোনাভাইরাস এমনভাবে পরিবর্তিত হচ্ছে যে এই ছোঁয়াচে ভাইরাসের সাথে কারা বসবাস করছে তা বোঝার কোন সহজ উপায় নেই।
172831,152520,পায়ের ত্বকের রঙের কোনো পরিবর্তন ফোসকা বা লালচে দাগ চোখে পড়লে দ্রুত চিকিৎসকের পরামর্শ নিন,"আপনি যদি আপনার পায়ের ত্বকের রঙে কোনো পরিবর্তন, ফোসকা বা লাল দাগ লক্ষ্য করেন, অবিলম্বে ডাক্তারের পরামর্শ নিন।"
175725,155578,মৃগী রোগীদের কিছু সতর্কতা অবলম্বন করা উচিত,মৃগী রোগীদের কিছু সতর্কতা অবলম্বন করা উচিত।
141291,118561,তবে আমরা কেউই আশা ছাড়তে পারি না,কিন্তু আমরা কেউই আশা ছাড়তে পারি না।
42275,13136,সর্দি ঠান্ডা কাশি থেকে রক্ষা পেতে হলে প্রতিদিনে খাদ্য তালিকায় সবুজ পেয়ারা ফল হিসাবে কিংবা সালাদে বিভিন্ন ধরনের রেসিপি তৈরি করা যায়,সর্দি-কাশি প্রতিরোধে প্রতিদিনের খাদ্যতালিকায় ফল বা সালাদ হিসেবে বিভিন্ন রেসিপিতে সবুজ পেয়ারা তৈরি করা যায়।
58056,30062,টিকার পার্শ্বপ্রতিক্রিয়া সম্পর্কে তিনি বলেন সামান্য জ্বরঅ্যালার্জি হতে পারে,"ভ্যাকসিনের পার্শ্বপ্রতিক্রিয়া সম্পর্কে তিনি বলেন, সামান্য জ্বর হলে অ্যালার্জি হতে পারে।"
31143,1248,সাধারণত অ্যান্টিবায়োটিক গ্রহণ বন্ধ করে দিলে অর্থাৎ এর কোর্স সম্পন্ন হলে এই সমস্যাগুলো ঠিক হতে শুরু করে,অ্যান্টিবায়োটিকের কোর্স বন্ধ হয়ে গেলে সাধারণত এই সমস্যাগুলি চলে যায়।
174658,154488,খামের ওপর লিখুন পাঠকের প্রশ্ন ফেসবুক পেজ fbcomAdhunaPA,পাঠকের প্রশ্নটি খামের ফেসবুক পেজ fbcomAdhunaPA-এ লিখুন
72452,45358,শিশু যদি ক্রনিক কিডনি ডিজিজ বা সিকেডিতে আক্রান্ত হয় কিডনি পুরোপুরি অক্ষম হয় ডায়ালাইসিস বা কিডনি প্রতিস্থাপনের প্রয়োজন হয় তবে চিন্তার কিছু নেই,"শিশুর দীর্ঘস্থায়ী কিডনি রোগ বা CKD, ডায়ালাইসিস বা কিডনি প্রতিস্থাপনের জন্য সম্পূর্ণ কিডনি ব্যর্থ হলে চিন্তা করার দরকার নেই।"
12593,14861, এ বছর দিবসটির প্রতিপাদ্য ‘গর্ভকালে চারবার সেবা গ্রহণ করি; নিরাপদ মাতৃত্ব নিশ্চিত করি’,এ বছর দিবসটির প্রতিপাদ্য 'গর্ভাবস্থায় চারবার সেবা নিন; নিরাপদ মাতৃত্ব নিশ্চিত করুন'।
171311,150866,আপনি কী ধরনের খাবার খাচ্ছেন সেটিও গুরুত্বপূর্ণ,আপনি কি ধরনের খাবার খান তাও গুরুত্বপূর্ণ।
111485,86998,গাঢ় লাল জাতীয় রং এর ছড়াছড়ি থাকে লুকে,গাঢ় লাল রং ছড়িয়ে ছিটিয়ে আছে আড়ালে।
136466,113468,এদের ধীরে ধীরে বুঝিয়ে কাজে আনা হয়েছে,তাদেরকে ধীরে ধীরে বুঝিয়ে কাজে আনা হয়েছে।
115917,91694,সালাদে শসা গাজর টমেটোর সঙ্গে কচি বাঁধাকপি মেশালে তার স্বাদ হয় অত্যন্ত চমৎকার,"স্যালাডে শসা, গাজর, টমেটো এবং কচি বাঁধাকপি মিশিয়ে দিলে খুব ভালো লাগে।"
185767,165661,জীবনের প্রতি ইতিবাচক দৃষ্টিভঙ্গী মনের নেতিবাচক চিন্তাভাবনা দূর হয়ে যায় যোগাসন করার পড়ে,"জীবনের প্রতি ইতিবাচক দৃষ্টিভঙ্গি, মনের নেতিবাচক চিন্তা যোগ অনুশীলনের মাধ্যমে দূর হয়।"
99047,73637,যদি আপনার সবকিছু ভালো থাকার পরও এমন হয় একজন ডাক্তারের চিকিৎসা নেবেন,আপনি সুস্থ বোধ করলেও যদি এটি ঘটে তবে ডাক্তারের পরামর্শ নিন।
15603,18437, আশপাশের পরিবেশ পরিষ্কার-পরিচ্ছন্ন রাখতে হবে,চারপাশের পরিবেশ পরিষ্কার রাখতে হবে।
124646,101022,এ জাতীয় জীবাণু অন্ত্র পাকস্থলী যকৃত প্রভৃতি জায়গায় প্রবেশ করে আমাদের অসুস্থ করে তোলে,"এই ধরনের জীবাণু অন্ত্র, পাকস্থলী, লিভার ইত্যাদি জায়গায় প্রবেশ করে আমাদের অসুস্থ করে।"
22572,26854, শরীরে নানারকম যন্ত্রপাতি প্রবেশ করিয়ে নানা পরীক্ষা করে তবেই জানা যায় আপনি এই রোগে আক্রান্ত কি না,শরীরে বিভিন্ন যন্ত্র ঢুকিয়ে বিভিন্ন পরীক্ষা-নিরীক্ষা করলেই জানা যায় আপনি এই রোগে ভুগছেন কি না।
176907,156771,দীর্ঘদিনের অল্প অল্প জ্বর থাকলে বা সাধারণ চিকিৎসায় সেগুলোর কোনো উন্নতি না হলে তখন তাকে অবহেলা না করে তার অন্তর্নিহিত কারণ খুঁজে বের করতে হবে,আপনার যদি দীর্ঘ সময়ের জন্য নিম্ন-গ্রেডের জ্বর থাকে বা সাধারণ চিকিত্সার মাধ্যমে এটির উন্নতি না হয় তবে আপনার এটি উপেক্ষা করা উচিত নয় এবং অন্তর্নিহিত কারণটি খুঁজে বের করা উচিত নয়।
197782,177676,উপসর্গ দেখা দিলে সব কাজ ফেলে ডাক্তারের কাছে যাওয়া দরকার,লক্ষণ দেখা দিলে সব কাজ বন্ধ করে ডাক্তারের কাছে যান।
119309,95283,স্বাভাবিক কার্যক্রম পরিচালনা করার জন্য আমাদের শরীরে সামান্য পরিমাণে কোলস্টেরল প্রয়োজন হয় যখন কোলস্টেরলের পরিমাণ বেড়ে যায় তখন রক্তনালিতে ফ্যাট জমা হতে পারে যা রক্তনালিকে সংকীর্ণ করে থাকে,"আমাদের শরীরের স্বাভাবিক কার্য সম্পাদনের জন্য অল্প পরিমাণে কোলেস্টেরল প্রয়োজন। যখন কোলেস্টেরলের মাত্রা বেশি থাকে, তখন রক্তনালীতে চর্বি জমা হতে পারে, যা রক্তনালীকে সংকুচিত করে।"
138697,115818,একই সঙ্গে আতঙ্ক ও ভুল বোঝাবুঝি এড়ানো যায়,"একই সময়ে, আতঙ্ক এবং ভুল বোঝাবুঝি এড়ানো যায়।"
113540,89145,ডা মো তৌফিকুর রহমান রক্তচাপ অনেক কারণে উঠানামা করতে পারে,ডাঃ তৌফিকুর রহমান নানা কারণে রক্তচাপ বাড়তে পারে।
125732,102179,গরম চায়ের সঙ্গে মধু মিশিয়ে খেতে পারেন,গরম চায়ের সাথে মধু মিশিয়ে নিতে পারেন।
150367,128252,নিয়মিত খালি পেটে কলা খেলে এর শর্করা ম্যাগনেসিয়াম ও পটাশিয়াম রক্তে মিশে তা হার্টের নানা সমস্যার কারণ হতে পারে,"নিয়মিত খালি পেটে কলা খেলে এর চিনি, ম্যাগনেসিয়াম এবং পটাশিয়াম রক্তের সাথে মিশে যাওয়ায় হার্টের বিভিন্ন সমস্যা হতে পারে।"
99893,74558,বাংলাদেশের দুই হাজারের বেশি করোনা রোগীর ওপর গবেষণায় দেখা যায় বাংলাদেশের প্রায় ১৫ শতাংশ কোভিড রোগী লং কোভিডে ভুগছেন,"বাংলাদেশে দুই হাজারের বেশি করোনা রোগীর ওপর করা এক গবেষণায় দেখা গেছে, বাংলাদেশে প্রায় ১৫ শতাংশ কোভিড রোগী দীর্ঘদিন ধরে কোভিড-এ ভুগছেন।"
43853,14793,লেখক  মহাসচিব বিএফডিএস রাজ ডেন্টাল সেন্টার কলাবাগান,লেখক সাধারণ সম্পাদক বিএফডিএস রাজ ডেন্টাল সেন্টার কলাবাগান
67689,40326,যার কারণে ড্রাই মাউথ বা মুখ গহবর তুলনামূলক ভাবে শুষ্ক থাকে এবং ন্যাচারাল ক্লিনজিং কমে যায়,যার কারণে শুষ্ক মুখ বা মুখের গহ্বর তুলনামূলকভাবে শুষ্ক হয় এবং প্রাকৃতিক ক্লিনজিং কমে যায়।
85587,59318,শাতিলের বাবা কলারোয়ার খোড়দো বালিকা উচ্চ বিদ্যালয়ের প্রধান শিক্ষক শহীদুল ইসলাম বলেন ঢাকার বেসরকারি বিশ্ববিদ্যালয় থেকে ফার্মাসিতে এমএসসি করে শাতিল কোরিয়ান বিশ্ববিদ্যালয়ে ভর্তি হন,"শাতিলের বাবা কালোয়ারের খোরদো বালিকা উচ্চ বিদ্যালয়ের প্রধান শিক্ষক শহিদুল ইসলাম জানান, শাতিল ঢাকার একটি বেসরকারি বিশ্ববিদ্যালয় থেকে ফার্মেসিতে এমএসসি শেষ করে কোরিয়ান বিশ্ববিদ্যালয়ে ভর্তি হন।"
102962,77903,থ্রম্বোলাইসিসে ব্যবহৃত ওষুধগুলো আমাদের দেশে এখনো সহজলভ্য নয় দামও অনেক বেশি,থ্রম্বোলাইসিসে ব্যবহৃত ওষুধ আমাদের দেশে এখনও সহজলভ্য নয় এবং দামও বেশি।
61122,33356,কোনো কিছু দিয়ে খোঁচাখুঁচিও করতে হয় না,কোন কিছুর সাথে খোঁচা দেওয়ার দরকার নেই।
163658,142634,কিডনি ও প্রেশারের রোগীরা চিকিৎসকের পরামর্শ মতো পানি পান করুন,কিডনি ও রক্তচাপের রোগীদের চিকিৎসকের পরামর্শ অনুযায়ী পানি পান করা উচিত।
64261,36676,ব্লাড ক্যানসারের উপসর্গ ও লক্ষণগুলোর সঙ্গে সঙ্গে রক্তের সিবিসি পরীক্ষায় অস্বাভাবিকতা দেখা যায় যেমনহিমোগ্লোবিন ও প্লেটলেট কমে যাওয়া ডব্লিউবিসি বেড়ে যাওয়া অথবা হিমোগ্লোবিন প্লেটলেট ও ডব্লিউবিসি কমে যাওয়া,"ব্লাড ক্যান্সারের লক্ষণ ও লক্ষণগুলির মধ্যে রয়েছে রক্তের সিবিসি পরীক্ষায় অস্বাভাবিকতা যেমন হিমোগ্লোবিন এবং প্লেটলেট কমে যাওয়া, ডাব্লুবিসি বৃদ্ধি বা হিমোগ্লোবিন এবং প্লেটলেট এবং ডব্লিউবিসি কমে যাওয়া।"
31229,1334,সুচনার স্বামী যে মানসিক রোগ স্যাক্সুয়াল স্যাডিসম ডিসওর্ডার এটি তিনি আজই প্রথম জানলেন,তিনি আজ প্রথম জানতে পারলেন যে সুচনার স্বামীর যৌন স্যাডিজম ব্যাধি রয়েছে।
29190,34668,করোনার গলাব্যথা সাধারণত পাঁচ দিনের বেশি থাকে না,করোনার গলা ব্যথা সাধারণত পাঁচ দিনের বেশি স্থায়ী হয় না।
52705,24279,এছাড়া বহুবিধ কারণে শ্বাসকষ্টের অনুভূতি হতে পারে,এছাড়া অনেক কারণে শ্বাসকষ্ট হতে পারে।
114320,89959,দ্য ওয়ার্ল্ড ক্যানসার রিসার্চ ফান্ড এবং অ্যামেরিকান ইনস্টিটিউট ফর ক্যানসার রিসার্চ প্রকাশ করেছেযেসব মানুষের খাবারে লাল মাংসের আধিক্য থাকে তাদের প্যানক্রিয়াস পাকস্থলী ফুসফুস উওসোফেগাস ব্রেস্ট ও এন্ডোমেট্রিয়াল ক্যানসারের ঝুঁকি বৃদ্ধি পায়,"ওয়ার্ল্ড ক্যান্সার রিসার্চ ফান্ড এবং আমেরিকান ইনস্টিটিউট ফর ক্যান্সার রিসার্চ প্রকাশ করেছে যে যাদের খাবারে লাল মাংস বেশি থাকে তাদের অগ্ন্যাশয়, পাকস্থলী, ফুসফুস, খাদ্যনালী, স্তন এবং এন্ডোমেট্রিয়াল ক্যান্সারের ঝুঁকি বেড়ে যায়।"
93873,68106,এভাবে সমন্বিত চিকিৎসা নিলে কয়েক সপ্তাহের মধ্যে রোগী ভালো হয়ে যাবেন,এই ধরনের সম্মিলিত চিকিৎসায় রোগী কয়েক সপ্তাহের মধ্যে ভালো হয়ে যাবে।
168979,148393,ওজন কমানোর সবচেয়ে ভালো উপায় হচ্ছে ক্যালরি মেপে পরিমিত সুষম খাবার গ্রহণ আর প্রচুর তরল খাবারের সঙ্গে নিয়মিত শারীরিক পরিশ্রম বা ব্যায়াম,ওজন কমানোর সর্বোত্তম উপায় হল নিয়মিত শারীরিক ক্রিয়াকলাপ বা ব্যায়ামের সাথে একটি পরিমিত ক্যালোরি গ্রহণ এবং প্রচুর পরিমাণে তরলযুক্ত সুষম খাদ্য খাওয়া।
87552,61381,আয়রন ঘাটতিজনিত কারণে চিকিৎসক আয়রনসংবলিত ওষুধ লিখে থাকবেন,"লোহার অভাবের জন্য, ডাক্তার লোহাযুক্ত ওষুধ লিখে দেবেন।"
187770,167664,এ বিষয়টি বিভিন্ন মেডিকেল জার্নালেও প্রকাশ হয়েছে,এই বিষয়টি বিভিন্ন মেডিকেল জার্নালেও প্রকাশিত হয়েছে।
93240,67438,আমি তো অস্বীকার করছি যে আমি হাত দেব না,আমি অস্বীকার করি যে আমি হাত দেব না।
169939,149405,ভিটামিন মিনারেল ফাইবার ও অ্যান্টিঅক্সিডেন্টসমৃদ্ধ খাবার হিসেবে সালাদের জুড়ি নেই,"ভিটামিন, মিনারেল, ফাইবার এবং অ্যান্টিঅক্সিডেন্ট সমৃদ্ধ খাবার হিসেবে সালাদ অতুলনীয়।"
145439,122941,আজ আমরা জানব কিডনির রোগীরা কোন ফল খেতে পারবেন আর কোনটি পারবেন না,আজ আমরা জানবো কোন ফল কিডনি রোগীরা খেতে পারেন আর কোনটি খেতে পারেন না।
118151,94063,সে কারণে ডোজ বা মাত্রা একজন চিকিৎসকই নির্ধারণ করবেন,"এই কারণে, ডোজ বা মাত্রা একজন ডাক্তার দ্বারা নির্ধারিত হবে।"
185694,165588,তবে এত দামি হওয়ার পরেও এই গাড়ি ব্যবহার করা একেবারে সহজ নয়,কিন্তু এত দামী হওয়া সত্ত্বেও এই গাড়িটি ব্যবহার করা মোটেও সহজ নয়।
166715,145963,এই সমস্যা যেকোনো বয়সেই হতে পারে,যেকোনো বয়সেই এই সমস্যা হতে পারে।
33401,3633,তিনি বলেন আজ প্রথম দিন প্রায় শতাধিক রিকশা ভ্যানচালক ও বাস শ্রমিক এই সেবা নিয়েছেন,"তিনি জানান, প্রথম দিনে প্রায় শতাধিক রিকশাচালক ও বাস শ্রমিক এই সেবা নিয়েছেন।"
135105,112003,ডা মঈন ভাই একজন আধ্যাত্মিক জগতের মানুষ ছিলেন,দা মঈন ভাই ছিলেন আধ্যাত্মিক জগতের মানুষ।
125928,102397,বিভিন্ন কারণে ফ্যাটি লিভার হতে পারে,ফ্যাটি লিভার বিভিন্ন কারণে হতে পারে।
147868,125577,অতিশয় খর্বাকৃতির মানুষের বেশির ভাগই এ রোগের শিকার হয়,অত্যন্ত ছোট আকারের বেশিরভাগ মানুষই এই রোগের শিকার হন।
129944,106608,করোনা একটি ভাইরাস যা আরএনএ ভাইরাস হিসাবে পরিচিত,করোনা একটি ভাইরাস যা আরএনএ ভাইরাস নামে পরিচিত।
59143,31232,"কী খাবেন না 
    চা কফি শরীরে পানি শুন্যতা তৈরি করে তাই যতটা সম্ভব চিনি দিয়ে দুধ চা বা দুধ কফি এই গরমে এরিয়ে যেতে হবে","চা-কফি কী খাবেন না তা শরীরে পানিশূন্যতা সৃষ্টি করে, তাই এই গরমে দুধ চা বা দুধের কফি যতটা সম্ভব চিনি দিয়ে খাওয়া উচিত।"
181605,161485, টিস্যু বা রুমাল খুবই দরকারি জিনিস,টিস্যু বা রুমাল খুব দরকারী জিনিস।
116612,92423,শুষ্ক বাতাস ত্বক থেকে শুষে নেয় পানি,শুষ্ক বাতাস ত্বক থেকে পানি শুষে নেয়।
66211,38794,থায়রয়েড হরমোনের তারতম্যজনিত সমস্যা দুই রকম হতে পারে,থাইরয়েড হরমোনের ওঠানামা সংক্রান্ত দুই ধরনের সমস্যা রয়েছে।
137943,115037,এত ফলস নেগেটিভ রেজাল্টের পিছনে সম্ভাব্য কারণ জানার আগে কিভাবে RTPCR কাজ করে তা একটু জেনে নেই,"এতগুলি মিথ্যা নেতিবাচক ফলাফলের পিছনে সম্ভাব্য কারণগুলি জানার আগে, আরটিপিসিআর কীভাবে কাজ করে সে সম্পর্কে কিছুটা জানা গুরুত্বপূর্ণ।"
113729,89341,ছোট ছোট বাচ্চাদের অথবা জন্মের পর চোখের কর্ণিয়া ক্রমাগত বড় হয়ে যাওয়া বা চোখের কর্ণিয়া সাদা হয়ে যাওয়া চোখ লাল হওয়া চোখ দিয়ে পানি পড়া ইত্যাদি,ছোট বাচ্চাদের চোখের কর্নিয়া ক্রমাগত বড় হওয়া বা জন্মের পর বা চোখের কর্নিয়া সাদা হয়ে যাওয়া চোখের লাল হওয়া চোখ জলে আসা ইত্যাদি।
104668,79761,চ প্রথম থেকে যে ফোলাতে বেশি ব্যথা থাকে সেগুলো সাধারণত ইনফেকশন থেকে হয়ে থাকে,"সাধারণত, প্রথম ফোলাগুলি যা বেশি বেদনাদায়ক হয় সংক্রমণের কারণে।"
66042,38612,সাধারণত দেহের চামড়ায় পানিফোসকা ওঠার পাঁচ দিন আগে থেকে সর্বশেষ চামড়ায় ফোসকা শুকানোর বা বিলুপ্তির পরবর্তী পাঁচ দিন পর্যন্ত এ জীবাণু আক্রান্ত ব্যক্তি থেকে সুস্থ মানুষের দেহে ছড়িয়ে পড়তে পারে,"সাধারণত, শরীরে জলের ফোসকা দেখা দেওয়ার পাঁচ দিন আগে থেকে ত্বকের শেষ ফোস্কা শুকিয়ে যাওয়ার বা অদৃশ্য হয়ে যাওয়ার পাঁচ দিন পরে, ব্যাকটেরিয়া সংক্রামিত ব্যক্তি থেকে একজন সুস্থ ব্যক্তির মধ্যে ছড়িয়ে পড়তে পারে।"
147284,124943,বেশির ভাগ হাঁপানি আক্রান্ত শিশুদের কাশি ও শ্বাসকষ্ট তিন থেকে চার সপ্তাহের বেশি স্থায়ী হয়,হাঁপানিতে আক্রান্ত বেশিরভাগ শিশুর কাশি এবং শ্বাসকষ্ট থাকে যা তিন থেকে চার সপ্তাহের বেশি সময় ধরে থাকে।
137332,114388,নেই হৃদরোগীর কোনো চিকিৎসা ব্যবস্থা নিউরো চিকিৎসা ব্যবস্থা,হৃদরোগীদের চিকিৎসার ব্যবস্থা বা নিউরো চিকিৎসা ব্যবস্থা নেই।
68889,41586,এক্ষেত্রে রক্তের স্বাভাবিক কোষগুলোর চেয়ে অস্বাভাবিক কোষগুলো রক্তে বেশি থেকে রক্তকে তার স্বাভাবিক কাজ করতে দেয় না রক্তে কোনো আলাদা টিউমার দেখা দেয় না,"এই ক্ষেত্রে, রক্তে অস্বাভাবিক কোষগুলি রক্তের স্বাভাবিক কোষের চেয়ে বেশি থাকে এবং রক্তকে তার স্বাভাবিক কাজ করতে দেয় না। রক্তে ভিন্ন কোনো টিউমার দেখা যায় না।"
44438,15443,কানে না শোনার অক্ষমতা এক বা উভয় কানে হতে পারে,এক বা উভয় কানে শ্রবণশক্তি হ্রাস হতে পারে।
127892,104451,পাশাপাশি দেশের স্বাস্থ্য খাতের সার্বিক পরিস্থিতির ওপর বিশদ আলোচনা করেন,তিনি দেশের স্বাস্থ্য খাতের সার্বিক পরিস্থিতি নিয়েও বিস্তারিত আলোচনা করেন।
40446,11184,উচ্চ রক্তচাপের অনেক রোগী রক্তচাপ স্বাভাবিক থাকলে ওষুধ সেবন বন্ধ করে দেন যা একেবারেই ঠিক নয়,"অনেক হাইপারটেনসিভ রোগী রক্তচাপ স্বাভাবিক হলে ওষুধ খাওয়া বন্ধ করে দেন, যা একেবারেই ঠিক নয়।"
40714,11483,লেখক সহকারী পরিচালক শ্যামলী ২৫০ শয্যাবিশিষ্ট টিবি হাসপাতাল,লেখক সহকারী পরিচালক শ্যামলী ২৫০ শয্যা বিশিষ্ট টিবি হাসপাতাল
113843,89465,সেক্ষেত্রে বিভিন্ন রকমের Relaxation exercise Yoga Biofeedback Aroma Therapy নেওয়া যেতে পারে,"এই ক্ষেত্রে, বিভিন্ন রিলাক্সেশন ব্যায়াম নেওয়া যেতে পারে, যেমন যোগব্যায়াম, বায়োফিডব্যাক, অ্যারোমা থেরাপি।"
189524,169418,আর এই ভুলের মাশুল গুনছে তাদের শরীর,আর তাদের শরীর এই ভুলের মাশুল দিচ্ছে।
13260,15652, এই কথা শোনার কারণে অনেকে কানে তুলে বা আঙুল দিয়ে বসে থাকে,এ কথা শুনে অনেকেই কান তুলে বা আঙুল দিয়ে বসেন।
166908,146167,চোখের ভেতরকার প্রেশার বা চাপ বাড়লে সে অবস্থাকে গ্লুকোমা বলে,চোখের ভিতরে চাপ বেড়ে গেলে সেই অবস্থাকে গ্লুকোমা বলে।
61300,33538,চিকিৎসা না করালে সিওপিডির মতো পালমোনারি হাইপারটেনশন ও সময়ের সঙ্গে সঙ্গে খারাপ হয়,"পালমোনারি হাইপারটেনশন, সিওপিডির মতো, যদি চিকিত্সা না করা হয় তবে সময়ের সাথে সাথে আরও খারাপ হয়।"
40745,11514,তবে অনেক সময় আরও কিছু উন্নত চিকিৎসার প্রয়োজন হয়,"যাইহোক, কখনও কখনও আরও উন্নত চিকিত্সার প্রয়োজন হয়।"
111630,87153,মৃত বা ত্রুটিপূর্ণ শিশু জন্ম দিয়ে থাকলে,যদি একটি মৃত বা ত্রুটিপূর্ণ শিশুর জন্ম হয়।
32529,2727,এ ছাড়া আমিষ বা প্রোটিন এবং চর্বি বা ফ্যাট স্বাভাবিক মাত্রায় গ্রহণ করা,এ ছাড়া স্বাভাবিক পরিমাণে আমিষ বা প্রোটিন এবং চর্বি বা চর্বি গ্রহণ।
114171,89807,ন্যাশনাল ক্যানসার ইনস্টিটিউট বলেছে অ্যাক্রাইলেমাইডের এক বড় উৎস হলো খাবার,ন্যাশনাল ক্যান্সার ইনস্টিটিউট বলে যে অ্যাক্রিলামাইডের একটি প্রধান উৎস হল খাদ্য।
196097,175991,ডিমে রয়েছে লুটিন নামে এক ধরনের উপাদান যা ত্বককে আর্দ্র রাখে,ডিমে লুটেইন নামক উপাদান থাকে যা ত্বককে আর্দ্র রাখে।
121764,97938,বাচ্চা যখন ঘনঘন সর্দিকাশিতে ভোগে তখন এগুলো আকারে আরও বড় হতে থাকে,"যখন একটি শিশু ঘন ঘন সর্দিতে ভোগে, তখন তারা আকারে বড় হয়।"
112853,88431,আমাদের মত দেশে এখনও গরিব মানুষ অর্থাভাবে চিকিৎসা নিতে অক্ষম অন্য দিকে অনেকে আবার ব্যয়বহুল কিডনি  চিকিৎসা চালাতে গিয়ে এক পর্যায়ে নিঃস্ব হয়ে যায়,আমাদের মতো দেশে গরিব মানুষ এখনো চিকিৎসা নিতে পারছে না। অন্যদিকে ব্যয়বহুল কিডনির চিকিৎসা নিতে গিয়ে অনেকেই নিঃস্ব হয়ে পড়েন।
107945,83247,আর সেগুলোকে মজা করে রান্না করতে করতে মায়ের দম ফেলার সুযোগ নেই,আর মজা করার জন্য এগুলো রান্না করতে গিয়ে মায়ের দম হারানোর সুযোগ নেই।
168696,148099,এমনটি হলে বসা থেকে দাঁড়ালে চোখে ঝাপসা লাগে,এমনটা হলে বসা থেকে দাঁড়ালেই চোখ ঝাপসা লাগে
133218,110011,তেলের ব্যবহার কম করলেই ছোট বড় সবাই ইফতারে খেতে পারবে,তেলের ব্যবহার কমিয়ে দিলে সবাই ইফতারে খেতে পারেন।
157844,136311,প্রয়োজনমতো লোহিত রক্তকণিকা উৎপন্ন না হওয়া,লাল রক্ত ​​​​কোষের অপর্যাপ্ত উত্পাদন
59437,31560, প্রতিদিন হালকা ব্যায়াম করুন  ব্যায়াম ক্যানসারের ঝুঁকি কমায়,প্রতিদিন হালকা ব্যায়াম করুন ব্যায়াম ক্যান্সারের ঝুঁকি কমায়।
4860,5701,চা ও খাবারের মধ্যে ব্যবধান,চা আর খাবারের মধ্যে ফাঁক
67141,39758,অনেকে হার্ট অ্যাটাকের ব্যথাকে ভুল করে এসিডিটির পেইন মনে করে এন্টাসিড বা ইনো খেয়ে আরও বেশি অসুস্থ হয়ে বা তীব্র বুকের ব্যথা নিয়ে রমজান মাসে সন্ধ্যা বেলা ইফতারের পর চিকিৎসকের চেম্বারে বা হাসপাতালের জরুরি বিভাগে চলে আসেন,"অনেকে হার্ট অ্যাটাকের ব্যথাকে এসিআইডির ব্যথা বলে ভুল করে, অ্যান্টাসিড বা ইনো খাওয়ার পর আরও খারাপ হয়ে যায়, অথবা প্রচণ্ড বুকে ব্যথা নিয়ে রমজান মাসে সন্ধ্যার ইফতারের পর ডাক্তারের চেম্বারে বা হাসপাতালের জরুরি বিভাগে যান।"
89803,63759,এ ছাড়া পূর্ব ও দক্ষিণপূর্ব এশিয়ার দেশগুলোতেও ব্যাকটেরিয়াটির ব্যাপকতা দেখা মেলে,এছাড়া পূর্ব ও দক্ষিণ-পূর্ব এশিয়ার দেশগুলোতেও ব্যাকটেরিয়ার প্রাদুর্ভাব দেখা যায়।
40209,10932,এদের মধ্যে হাসপাতাল থেকে সুস্থ হয়ে বাড়ি ফিরেছেন ১ হাজার ৭২৬ জন,হাসপাতাল থেকে সুস্থ হয়ে বাড়ি ফিরেছেন ১ হাজার ৭২৬ জন।
182598,162478,মিশ্রণটি মুখসহ পুরো গলায় ২০ থেকে ২৫ মিনিট ম্যাসাজ করে ঠান্ডা পানিতে ধুয়ে ফেলুন,আপনার মুখ এবং ঘাড়ে 20 থেকে 25 মিনিটের জন্য মিশ্রণটি ম্যাসাজ করুন এবং ঠান্ডা জল দিয়ে ধুয়ে ফেলুন।
96808,71235,আমাদের খাদ্যাভ্যাস ঠিক করতে হবে এবং সঠিক সময়ে ঘুমাতে হবে,আমাদের খাদ্যাভ্যাস সামঞ্জস্য করতে হবে এবং সঠিক সময়ে ঘুমাতে হবে।
60210,32387,খাবারের মাধ্যমে প্রতিদিন যে পরিমাণ ক্যালরি আপনি গ্রহণ করছেন সেই পরিমাণ ক্যালরি যদি খরচ না হয় তাহলে বাড়তি ক্যালরি রক্তে কোলেস্টেরলের পরিমাণ বাড়ানোর সঙ্গে সঙ্গে শরীরের ওজন বাড়িয়ে আপনাকে ডায়াবেটিস ও ইশ্কেমিক হার্ট ডিজিজের দিকে ঠেলে দেবে,আপনি যদি প্রতিদিন খাবারের মাধ্যমে যে পরিমাণ ক্যালোরি গ্রহণ করেন তা যদি গ্রহণ না করা হয় তবে অতিরিক্ত ক্যালোরি রক্তে কোলেস্টেরলের মাত্রা বৃদ্ধির পাশাপাশি শরীরের ওজন বাড়িয়ে আপনাকে ডায়াবেটিস এবং ইস্কেমিক হার্ট ডিজিজের দিকে ঠেলে দেবে।
172247,151880,সময়মতো নিতে হবে চিকিৎসকের পরামর্শ,সময়মতো চিকিৎসকের পরামর্শ নিতে হবে।
192876,172770,আর প্রতি বছরতো আর বাড়ি রং করানো সম্ভব নয়,আর প্রতি বছর ঘর রঙ করা সম্ভব নয়।
138406,115516,একটার পর একটা হাসপাতাল ঘুরে চিকিৎসা না পেয়ে রোগীর মৃত্যুর খবর প্রতিদিন পত্রিকায় পাওয়া যায়,একের পর এক বিনা চিকিৎসায় রোগীর মৃত্যুর খবর প্রতিদিন পত্রিকায় পাওয়া যায়।
180309,160186,গোসলের আগে এই মাস্ক ব্যবহার করতে পারেন,গোসলের আগে এই মাস্ক ব্যবহার করতে পারেন।
185449,165343,এগুলো কোলাজেনের সংশ্লেষণ প্রচারের পাশাপাশি ইউভিপ্ররোচিত ফটোড্যামেজের বিরুদ্ধে অ্যান্টিঅক্সিডেন্ট প্রতিরক্ষায় সহায়তা করে,তারা কোলাজেন সংশ্লেষণের পাশাপাশি ইউভি-প্ররোচিত ফটোডামেজের বিরুদ্ধে অ্যান্টিঅক্সিডেন্ট প্রতিরক্ষায় সহায়তা করে।
13090,15457,অনেক সময় পাইলসের একমাত্র সমাধান হলো অপারেশন বা অস্ত্রোপচার,অনেক সময় পাইলসের একমাত্র সমাধান অস্ত্রোপচার।
144251,121650,তবে এটি ভিটামিন বি১২ ও ফলিক অ্যাসিডের খুব ভালো উৎস,"যাইহোক, এটি ভিটামিন বি 12 এবং ফলিক অ্যাসিডের একটি খুব ভাল উৎস।"
144410,121824,বাড়িতে প্রসব হলে নবজাতক যেসব সমস্যার সম্মুখীন হয় সেগুলোর জন্যে দ্রুত ও সময়োপযোগী ব্যবস্থা নেওয়া অনেক সময়ই সম্ভব হয় না,বাড়িতে জন্মের সময় নবজাতক যেসব সমস্যার সম্মুখীন হয় তার জন্য দ্রুত ও সময়মত ব্যবস্থা নেওয়া প্রায়ই সম্ভব হয় না।
17472,20704,পেটের মেদ কোনো বাহ্যিক সমস্যা নয়,পেটের চর্বি কোনো বাহ্যিক সমস্যা নয়।
175019,154871,সাধারনত হাটলে সেটা আরও বেড়ে যায়,আপনি হাঁটলে এটি সাধারণত খারাপ হয়ে যায়।
120915,96980,তালিকায় দ্বিতীয় স্থানে থাকা ভারতে গত ২৪ ঘণ্টায় আক্রান্ত হয়েছেন ৯২ হাজার ৭৫৫ জন একই সময়ে মারা গেছেন ১ হাজার ১৪৯ জন,"তালিকার দ্বিতীয় স্থানে, ভারত গত 24 ঘন্টায় 92 হাজার 755 জনকে সংক্রামিত করেছে এবং একই সময়ে 1 হাজার 149 জন মারা গেছে।"
93634,67847,শিশু জ্বরে আক্রান্ত হলে জ্বর কমানোর জন্য মাথায় পানি ঢালুন,শিশুর জ্বর হলে মাথায় পানি ঢালুন জ্বর কমাতে।
80684,54107,আর্থ্রাইটিস যে কারণের জন্য হয়েছে সে কারণকে রোগ নির্ণয় পূর্বক চিকিৎসা করা হলে সফলতা পাওয়ার সম্ভাবনা বেশি,আর্থ্রাইটিসের অন্তর্নিহিত কারণের চিকিত্সা সফল হওয়ার সম্ভাবনা বেশি।
187099,166993,গরম পানিতে গোসল  নিয়মিত গরম পানিতে গোসল করতে পারেন,গরম পানিতে গোসল নিয়মিত গরম পানিতে গোসল করতে পারেন।
30257,300,সহকারী অধ্যাপক সিলেট মেডিকেল কলেজ,সিলেট মেডিকেল কলেজের সহকারী অধ্যাপক ডা
61835,34096,সেক্ষেত্রে সকল বয়সী মানুষকে তার চোখের বিষয়ে সচেতন হতে হবে,সেক্ষেত্রে সব বয়সের মানুষকেই চোখের প্রতি সচেতন হতে হবে।
171547,151130,মলত্যাগের পরও পেট পুরোপুরি খালি হয়নি এমন বোধ হওয়া,মলত্যাগের পরেও পেট পুরোপুরি খালি না হওয়ার মতো অনুভূতি
84480,58144,প্রোটিন আমাদের শরীরে পেশি তৈরি ও রক্তচাপ নিয়ন্ত্রণ করে,প্রোটিন আমাদের শরীরে পেশী তৈরি করে এবং রক্তচাপ নিয়ন্ত্রণ করে।
104736,79832,জীবন রক্ষার অন্যতম উপায় রক্ত পরিসঞ্চালন কখনো কখনো তৈরি করতে পারে জটিলতা,"রক্ত সঞ্চালন, জীবন রক্ষার অন্যতম পদ্ধতি, কখনও কখনও জটিলতা সৃষ্টি করতে পারে।"
43722,14655,বেশি রোদে ও গরমে বাইরে ব্যায়াম বা খেলাধুলা করবেন না,রোদ ও গরমে বাইরে ব্যায়াম বা খেলাধুলা করবেন না।
44130,15111,অল্প অল্প করে ঘি দিন আর নেড়েচেড়ে মেশান,অল্প অল্প করে ঘি দিন এবং ভালো করে মেশান।
5759,6727, ইতিমধ্যে দেশের ৬১ জেলায় ডেঙ্গু ছড়িয়ে পড়েছে,ইতোমধ্যে দেশের ৬১টি জেলায় ডেঙ্গু ছড়িয়ে পড়েছে।
17363,20568,কী দেখে বুঝবেন হিট স্ট্রোক হয়েছে?,হিট স্ট্রোক সম্পর্কে আপনি কি জানেন?
11588,13652," প্রতিদিন এই সুমিষ্ট আম খাওয়া, তাতে শরীরের ওজন বেড়ে যাবে না তো? কিংবা ডায়াবেটিস অর্থাৎ সুগার লেভেল ঠিক থাকবে তো? এই চিন্তা কিন্তু একেবারে অমূলক নয়",প্রতিদিন এই সুস্বাদু আম খেলে শরীরের ওজন বাড়বে না? নাকি ডায়াবেটিস অর্থাৎ সুগার লেভেল ঠিক থাকবে? কিন্তু এই চিন্তা সম্পূর্ণ ভিত্তিহীন নয়।
143418,120764,মারাত্মকভাবে সংক্রমণ ক্ষমতাসম্পন্ন এই ভাইরাসে চীনে মৃতের সংখ্যা ৫০০ ছাড়িয়েছে,চীনে অত্যন্ত সংক্রামক এই ভাইরাসে মৃতের সংখ্যা ৫০০ ছাড়িয়েছে।
71163,43987,লোহা  লোহা এরূপ একটি ক্ষুদ্র উপাদান যার পরিমাণ শরীরের ওজনের মাত্র ০০০৪,আয়রন এমন একটি ছোট উপাদান যে এটি শরীরের ওজনের মাত্র 10004।
188917,168811,ইরানের দক্ষিণাংশে জিরোফত এলাকায় এই প্রসাধনীর সন্ধান মিলেছে,এই প্রসাধনীটি ইরানের দক্ষিণাঞ্চলের জিরোফাত অঞ্চলে আবিষ্কৃত হয়েছে।
135952,112909,ক্যামব্রিজ বিশ্ববিদ্যালয়ের গবেষণায় প্রকাশ প্রথম রোগী শনাক্ত হওয়ার পর এটি প্রয়োগ করলে ৪৯তম দিনের দিকে এটি নিয়ন্ত্রণ করা যায়,কেমব্রিজ ইউনিভার্সিটির একটি গবেষণায় দেখা গেছে যে প্রথম রোগী শনাক্ত হওয়ার পর প্রয়োগ করা হলে এটি 49 দিনের মধ্যে নিয়ন্ত্রণ করা যায়।
159055,137656,এতে চোখে ভুলবশত হাত লেগে যাওয়া এবং ধুলা ও ধোঁয়া থেকে বাঁচা যায়,এটি চোখের সাথে দুর্ঘটনাজনিত যোগাযোগ প্রতিরোধ করতে সাহায্য করে এবং ধুলো এবং ধোঁয়া থেকে রক্ষা করে।
146611,124215,এর ফলে ক্যানসার প্রতিরোধ করা সহজ হয় বিপাকীয় স্বাস্থ্য স্থিতিশীল থাকে এবং শরীরের বিভিন্ন অঙ্গের স্বাভাবিক ক্রিয়া ঠিক থাকে,"এটি ক্যান্সার প্রতিরোধ করা সহজ করে, বিপাকীয় স্বাস্থ্য বজায় রাখে এবং শরীরের বিভিন্ন অঙ্গের স্বাভাবিক কার্যকারিতা বজায় রাখে।"
37832,8380,এ ভাগগুলো হচ্ছেএ বি এবং সি,"এই অংশগুলি হল A, B এবং C।"
56413,28309,প্রশ্ন হল শরীরে ভিটামিন ডিএর ঘাটতি কীভাবে পূরণ করবেন কতগুলো সহজ পদ্ধতি অবলম্বন করার মাধ্যমে এ সমস্যা সহজেই দূর করতে পারেন,শরীরে ভিটামিন ডি-এর ঘাটতি কীভাবে পূরণ করা যায় সেটাই প্রশ্ন।
100374,75092,ডেঙ্গির বাহক এডিস মশা জমা হওয়া স্বচ্ছ পানিতে ডিম পাড়ে,ডেঙ্গু বহনকারী এডিস মশা স্থির স্বচ্ছ পানিতে ডিম পাড়ে।
199927,179821,এতে চলতি বছর ডেঙ্গুতে মোট আক্রান্তের সংখ্য ৯০ হাজার ছড়িয়ে গেছে,এতে এ বছর ডেঙ্গু আক্রান্তের সংখ্যা ৯০ হাজারে পৌঁছেছে।
30095,132,বক্তব্য রাখেন বিশ্ববিদ্যালয়ের সাবেক উপউপাচার্য অধ্যাপক ডা জাহিদ হোসেন কার্ডিওলজি বিভাগের চেয়ারম্যান অধ্যাপক ডা মোস্তাফিজুর রহমান শিশু হৃদরোগ বিভাগের চেয়ারম্যান অধ্যাপক ডা তারিকুল ইসলাম প্রমুখ,"বক্তব্য রাখেন কার্ডিওলজি বিভাগের চেয়ারম্যান অধ্যাপক ডাঃ জাহিদ হোসেন, শিশু কার্ডিওলজি বিভাগের চেয়ারম্যান অধ্যাপক ডাঃ মোস্তাফিজুর রহমান, তরিকুল ইসলাম প্রমুখ।"
65363,37900,এ সময়টায় লিভার ক্ষতিগ্রস্ত হওয়া সত্ত্বেও স্বাভাবিক কার্যক্রম চালিয়ে নেয়,"এই সময়ে, ক্ষতি হওয়া সত্ত্বেও লিভার স্বাভাবিকভাবে কাজ করে।"
150307,128185,কম্পিউটারের মনিটর চোখের লেভেলে রাখা,কম্পিউটার মনিটর চোখের স্তরে রাখা
185240,165134,স্বল্প পরিশ্রমেই দুর্বল হয়ে পড়বেন আপনি,অল্প পরিশ্রমে আপনি দুর্বল হয়ে পড়বেন।
199180,179074,জেনে নিন আমের সঙ্গে ভুলেও কোন খাবারগুলি খাওয়া চলবে না,জেনে নিন কোন খাবারগুলো আম দিয়ে কখনই খাওয়া উচিত নয়।
106866,82094,রোগীকে আরও প্রয়োজনীয় পরীক্ষার পর কিছু ওষুধ প্রদান করা হলো,পরবর্তী প্রয়োজনীয় পরীক্ষা-নিরীক্ষার পর রোগীকে কিছু ওষুধ দেওয়া হয়।
23684,28196, তারা ১০ বছরে ৬২ কোটি টাকা সিএসআর করেছে অথচ ইসলামি ব্যাংক এক বছরে ১০২ কোটি টাকা সিএসআর করেছে,তারা 10 বছরে 62 কোটি সিএসআর করেছে এবং ইসলামী ব্যাংক এক বছরে 102 কোটি সিএসআর করেছে।
15200,17967,আপেল সিডার ভিনেগার ও পানি,আপেল সিডার ভিনেগার এবং জল।
97623,72111,কালো অথবা হেয়ারি টাং ব্যাকটেরিয়ার বংশ বৃদ্ধির লক্ষণ হতে পারে,একটি কালো বা লোমশ জিহ্বা ব্যাকটেরিয়া অতিরিক্ত বৃদ্ধির লক্ষণ হতে পারে।
99081,73676,এসব কারণে যদি বাচ্চার প্রয়োজন হয় তবে তিন থেকে পাঁচবার সিজার করা যায়,এসব কারণে শিশুর প্রয়োজন হলে তিন থেকে পাঁচবার করা যেতে পারে।
176139,155997,১৫ থেকে ৩০ সেকেন্ড এই অবস্থায় থাকুন,15 থেকে 30 সেকেন্ডের জন্য এই অবস্থানে থাকুন।
69270,41993,দিনের পর দিন এ ধরনের খাবার খেলে ওজন যেমন বেড়ে যেতে পারে তেমনি ট্রান্সফ্যাটের কারণে কোলেস্টরেলও বাড়তে পারে,দিনের পর দিন এই ধরনের খাবার খেলে ওজন যেমন বাড়তে পারে তেমনি ট্রান্স ফ্যাট কোলেস্টেরলও বাড়তে পারে।
55490,27315,ডেঙ্গুর আশঙ্কাসহ যদি নিম্নলিখিত যে কোনো একটি থাকে যেমন পেটে ব্যথা পেট শক্ত হওয়া অনবরত বমি প্লুরাল ইফুশন বা এসাইটিস রক্তক্ষরণ লিভার এক ইঞ্চির বেশি বড় হিমাটক্রিট দ্রুত বাড়া বা প্লাটিলেট দ্রুত কমা,"ডেঙ্গু সন্দেহ করা হয় যদি নিম্নলিখিতগুলির মধ্যে কোনটি উপস্থিত থাকে, যেমন পেটে ব্যথা, পেট শক্ত হওয়া, ক্রমাগত বমি হওয়া, প্লুরাল ইফিউশন বা অ্যাসাইটিস, রক্তপাত, লিভার এক ইঞ্চির বেশি বৃদ্ধি, হেমাটোক্রিট দ্রুত বৃদ্ধি বা প্লেটলেট দ্রুত হ্রাস।"
73971,46990,অপারেশন না করালে সাইনাসের সমস্যা লেগেই থাকে কানের পর্দা ফেটে যেতে পারে এবং শ্বাসকষ্ট ও হাঁপানির মতো অবস্থার সৃষ্টি হয়,"যদি চিকিৎসা না করা হয়, সাইনাসের সমস্যা থেকে যেতে পারে, কানের পর্দা ফেটে যেতে পারে এবং শ্বাসকষ্ট এবং হাঁপানির মতো অবস্থার সৃষ্টি করতে পারে।"
57436,29400,হাই ব্লাড প্রেশার ডায়াবেটিস বা বংশগত রোগের প্রবণতা থাকলেও কিডনিতে একাধিক সমস্যা দেখা যায়,"উচ্চ রক্তচাপ, ডায়াবেটিস বা বংশগত রোগের প্রবণতা থাকলেও কিডনিতে বেশ কিছু সমস্যা দেখা দেয়।"
15054,17791, বসন্তের শেষে ফুল ধরে ফল হয়,বসন্তের শেষের দিকে ফুল ফোটে এবং ফল দেয়।
117466,93332,এমন কি ভ্যাকসিন নিয়ে ও স্থায়ী বা দীর্ঘমেয়াদি কোনো নিশ্চয়তা কোনো পর্যায়ে পাওয়া যাচ্ছে না,"এমনকি ভ্যাকসিনের সাথে, কোন পর্যায়ে কোন স্থায়ী বা দীর্ঘমেয়াদী গ্যারান্টি নেই।"
187059,166953,সরমালাই পোলাওইয়াখনির উপকরণ নারকেলের দুধ আড়াই কাপ তেজপাতা ১টি দারচিনি ১টি ছোটো এলাচ ১টি লবঙ্গ ৪টি পেঁয়াজ ২টি কেশর ১ চিমটি চাল ভাজার জন্য লাগবে পোলায়ের চাল অথবা গোবিন্দভোগ চাল আধ কিলোগ্রাম ঘি ৩ টেবিল চামচ তেজপাতা ২টি কাজু কুচি ২৩ মুঠো ছোটো এলাচ ২টি দারচিনি ২টি লবঙ্গ ৫৬টি শাহী জিরে আধ চা চামচ চাল ১ কাপ লবণ স্বাদমতো নারকেলের দুধ আধ কাপ   আরও পড়ুন                                                                                           যে লক্ষণে বুঝবেন প্রাক্তন জীবনে আবার ফিরতে চাচ্ছে                                        এ ছাড়াও লাগবে পেঁয়াজ কুচি দেড় কাপ ছানা দেড় কাপ ময়দা ১ চামচ ফ্রেশ ক্রিম দেড় কাপ নারকেল কুচি ১ চামচ কিশমিশ ১ মুঠো ঘি দেড় থেকে দুই কাপ কাগজি লেবু ১টি আমন্ড কুচি ১ মুঠো পেস্তা কুচি ১ মুঠোপ্রণালিপ্রথমে ইয়াখনি বানিয়ে নিন,সরমালাই পোলাও ইয়াখানির উপকরণ: নারকেলের দুধ 2.5 কাপ তেজপাতা 1 দারুচিনি 1 ছোট এলাচ 1 লবঙ্গ 4 পেঁয়াজ 2 জাফরান 1 চিমটি ভাজার জন্য চাল: পোলাও চাল বা গোবিন্দভোগ চাল 1/2 কেজি ঘি 3 চা চামচ 3 চা চামচ মুষ্টিমেয় ছোট এলাচ 2 দারুচিনি 2 লবঙ্গ 56 শাহী জিরা 1/2 চা চামচ চাল 1 কাপ লবণ স্বাদমতো নারকেলের দুধ 1/2 কাপ আরও পড়ুন যে লক্ষণগুলি
15833,18697,অধিকাংশ ভাইরাস নাক-মুখ দিয়ে প্রবেশ করে গলায় কিছুক্ষণ আটকে থাকে,বেশিরভাগ ভাইরাস নাক ও মুখ দিয়ে প্রবেশ করে এবং কিছুক্ষণ গলায় থাকে।
23662,28168," তিনি বলেন, ‘আমাদের মা’দের শিক্ষিত করতে পারলে ধূমপানের হার কমবে","তিনি বলেন: ""আমরা যদি আমাদের মায়েদের শিক্ষিত করতে পারি তাহলে ধূমপানের হার কমবে।"""
95589,69926,গুড়ে বেশ আয়রনও পাওয়া যায় যা আমাদের শরীরে প্রতিরোধশক্তি বাড়াতে সাহায্য করে,"গুড় এছাড়াও প্রচুর পরিমাণে আয়রন, যা আমাদের শরীরে রোগ প্রতিরোধ ক্ষমতা বাড়াতে সাহায্য করে।"
135255,112161,কেহ ঘর থেকে বের হচ্ছে না,কেউ ঘর থেকে বের হয় না।
17495,20730,"গবেষণায় দেখা গেছে, ফ্যাটলেস দই খেলে দ্রুত ওজন ঝরে",গবেষণায় দেখা গেছে যে চর্বিহীন দই খাওয়া আপনাকে দ্রুত ওজন কমাতে সাহায্য করতে পারে।
56416,28312,বিশেষ করে মাংসপেশি বেড়ে যাওয়া এবং মাংসপেশি কাঁপার মতো সমস্যাগুলো হয়ে থাকে,"বিশেষ করে, পেশী খিঁচুনি এবং পেশী কম্পনের মতো সমস্যা দেখা দেয়।"
129493,106120,সবসময় লাইজল অথবা ব্লিচিংপানি মিশিয়ে প্রস্তুত রাখুন,সর্বদা প্রস্তুত লাইসল বা ব্লিচিং জল রাখুন।
147231,124888,ডা আফলাতুন আকতার জাহান মেডিসিন স্পেশালিস্ট ইন্টারনাল মেডিসিন বিভাগ স্কয়ার হাসপাতাল লিমিটেড ঢাকা,ডাঃ আফলাতুন আক্তার জাহান মেডিসিন বিশেষজ্ঞ ইন্টারনাল মেডিসিন বিভাগ স্কয়ার হাসপাতাল লিমিটেড ঢাকা
71068,43891,তাই গ্লুকোমাকে প্রাথমিক অবস্থায় শনাক্ত করতে হবে,"অতএব, গ্লুকোমা প্রাথমিক পর্যায়ে সনাক্ত করা উচিত।"
25644,30500, এই গাছ দুই থেকে আড়াই ফুট পর্যন্ত লম্বা হতে পারে,এই গাছটি দুই থেকে আড়াই ফুট পর্যন্ত লম্বা হতে পারে।
23070,27453,"সংবাদ বিজ্ঞপ্তিতে বলা হয়, পাইকারি ওষুধের দোকানগুলোতে বুধবার দুপুর ১২টায় এই অভিযান শুরু হয়, চলে ভোর পর্যন্ত","সংবাদ বিজ্ঞপ্তিতে বলা হয়, বুধবার দুপুর ১২টায় পাইকারি ওষুধের দোকানে অভিযান শুরু হয়ে ভোর পর্যন্ত চলে।"
37836,8386,যেমন তার পেটে ব্যথা বমি ও কিছুই খেতে পারছে না,তার পেট ব্যাথার মত বমি আর কিছু খেতে পারছে না।
183925,163813,ইউরোপীয় কমিশনের টিকা ব্যবহারের অনুমতি দেওয়ার আগে শেষ পদক্ষেপ হিসেবে ইএমএ বিপণনের অনুমোদন দিয়েছে,ইউরোপীয় কমিশন ভ্যাকসিন ব্যবহারের অনুমতি দেওয়ার আগে শেষ পদক্ষেপ হিসাবে EMA বিপণনের অনুমোদন দিয়েছে।
177400,157266,নিয়মিত মুখ ধোয়া ফেসওয়াশ দিয়ে ভালো করে মুখ পরিষ্কার করা মুখ ধোয়ার পর ময়েশ্চারাইজার দেওয়া বাইরে যাওয়ার আগে সানস্ক্রিন লাগানো মেকআপ তোলার সময়  ডাবল ক্লিনজিং করা এই বিষয়গুলো মাথায় রাখলে ত্বকে কোনো সমস্যা হবে না,"নিয়মিত মুখ ধোয়া, ফেস ওয়াশ দিয়ে ভালোভাবে মুখ পরিষ্কার করা, মুখ ধোয়ার পর ময়েশ্চারাইজার লাগানো, বাইরে যাওয়ার আগে সানস্ক্রিন লাগানো এবং মেকআপ তোলার সময় ডাবল ক্লিনজিং করলে আপনার ত্বকের কোনো সমস্যা হবে না।"
69038,41751,এর বাইরে প্রতিদিন বহির্বিভাগে ডায়রিয়া বমির সমস্যা নিয়ে রোগী আসছে,এছাড়া প্রতিদিন ডায়রিয়া ও বমির সমস্যা নিয়ে বহির্বিভাগে রোগীরা আসেন।
45981,17079,মাথাটাকে বামে ও ডানে ঘুরান,মাথা বাম এবং ডান দিকে ঘুরুন।
11542,13598, ২৪ ঘণ্টা পরে আবার ওজন নিয়ে দেখবেন প্রায় ১ কেজির মতো ওজন কমে গেছে,24 ঘন্টা পর আবার ওজন করুন এবং দেখবেন ওজন প্রায় 1 কেজি কমে গেছে।
185307,165201,ফাইবারের পরিমাণ বেশি থাকায় গাজর খেলে পেট ভর্তি লাগে এবং ওজন কমাতেও সাহায্য করে এই গাজর,উচ্চ ফাইবার থাকায় গাজর খেলে পেট ভরে যায় এবং ওজন কমাতেও সাহায্য করে।
103867,78890,ডাক্তারকে না জিজ্ঞেস করে কোনো ক্রিম লাগাবেন না,আপনার ডাক্তারকে জিজ্ঞাসা না করে কোনো ক্রিম লাগাবেন না।
16541,19553,এই গরমে অনেকেই কোষ্ঠকাঠিন্যের সমস্যায় ভুগছেন,এই গরমে অনেকেই কোষ্ঠকাঠিন্যে ভোগেন।
46325,17445,ঠান্ডা ধুলাবালি এড়িয়ে চলা হালকা গরম পানি দিয়ে গড়গড়া করা আদা লবঙ্গ ইত্যাদি খেলেও কণ্ঠস্বর ধীরে ধীরে ঠিক হয়ে আসে,"ঠাণ্ডা ধুলাবালি এড়িয়ে, ঈষদুষ্ণ জলে গার্গল করা, আদা, লবঙ্গ ইত্যাদি খেলে কণ্ঠস্বর ধীরে ধীরে উন্নত হয়।"
39479,10154,২ সম্ভব হলে দড়ি লাফ সাইকেল চালানো এবং সাঁতার কাটার মাধ্যমে শরীরচর্চা প্রয়োজন,2 সম্ভব হলে সাইকেল চালানো এবং সাঁতারের মাধ্যমে শারীরিক ব্যায়াম করা উচিত।
142837,120160,এতে তাদের মধ্যে সেভাবে রোগের উপসর্গ দেখা যাচ্ছে না,এতে তাদের মধ্যে রোগের লক্ষণ দেখা যায় না।
103180,78126,ওজন বাড়ার কারণে নানা ধরনের রোগব্যাধি বাসা বাধে শরীরে,ওজন বৃদ্ধির কারণে শরীরে বাসা বাঁধে নানা ধরনের রোগ।
148028,125750,শিশুর জলমাথা ও মেরুদণ্ডের রোগের চিকিৎসা বেশ ব্যয়বহুল,শিশুদের হাইড্রোসেফালাস এবং মেরুদণ্ডের রোগের চিকিৎসা বেশ ব্যয়বহুল।
143495,120843,ডা সায়েবা যুগান্তরকে বলেন এই প্রতিষ্ঠানটিতে প্রচুর দরিদ্র মানুষ আসছেন,"ডা: সায়েবা যুগান্তরকে বলেন, এ প্রতিষ্ঠানে অনেক দরিদ্র মানুষ আসছে।"
47395,18604,মাথা নাক মুখ কানউপযুক্ত শীতের কাপড় দিয়ে ঢেকে রাখুন,"আপনার মাথা, নাক, মুখ এবং কান উপযুক্ত শীতের পোশাক দিয়ে ঢেকে রাখুন।"
79017,52345,তাদের এ অনুসন্ধান ডায়াবেটিস চিকিৎসার ক্ষেত্রে নতুন থেরাপি উদ্ভাবনের পথ খুলে দিয়েছে যা দিয়ে বিপাক গবেষণায় এফজিএফ১ নামের এ কোষ উৎপাদন বৃদ্ধির কৌশল আবিষ্কৃত হতে পারে,"তাদের অনুসন্ধানগুলি ডায়াবেটিসের চিকিত্সার জন্য নতুন থেরাপির বিকাশের পথ প্রশস্ত করে, বিপাকীয় গবেষণায় FGF1 নামক কোষের উত্পাদন বাড়ানোর কৌশল আবিষ্কার করে।"
88552,62475,প্রোটিন জাতীয় খাবার শরীরের তাপমাত্রা বজায় রেখে শরীর গরম রাখতে সাহায্য করে,প্রোটিন সমৃদ্ধ খাবার শরীরের তাপমাত্রা ঠিক রেখে শরীরকে উষ্ণ রাখতে সাহায্য করে।
2628,3080, শিশুদের ত্বকের জন্যেও তা নিরাপদ,এটি শিশুদের ত্বকের জন্যও নিরাপদ।
171205,150754,তবে যারা একাধিক ধরনের তামাক সেবন করে তাদের ক্যানসারের ঝুঁকি সর্বাধিক,তবে যারা একাধিক ধরনের তামাক সেবন করেন তাদের ক্যান্সারের ঝুঁকি সবচেয়ে বেশি।
122638,98871,জ্বর হলে শরীরে ক্যালোরির চাহিদা বাড়ে ফলে বিপাক বেড়ে যায় ও রোগীর পুষ্টির দরকার হয়,জ্বর হলে শরীরের ক্যালরির চাহিদা বেড়ে যায় ফলে মেটাবলিজম বৃদ্ধি পায় এবং রোগীর পুষ্টির প্রয়োজন হয়।
166037,145241,আর তা অনেকক্ষণ পর্যন্ত শরীরে থাকে,আর তা শরীরে থাকে অনেকক্ষণ।
172162,151790,যেমন রক্তের এনটি প্রো বিএনপির এনটারমিনাল প্রোহরমোন অব ব্রেইন নেট্রিউরেটিক পেপটাইড মাত্রা পরীক্ষা এবং ইকোকার্ডিওগ্রাম করা খুব দরকারি,"উদাহরণস্বরূপ, রক্তের NT Pro BNP (Enterminal Prohormone of Brain Natriuretic Peptide) স্তর পরীক্ষা করা এবং একটি ইকোকার্ডিওগ্রাম করা খুবই গুরুত্বপূর্ণ।"
71185,44009,১৮ বছরের শিশুর প্রতিদিনের চাহিদা ৯০ মাইক্রোগ্রাম ৯১৩ বছর পর্যন্ত ১২০ মাইক্রোগ্রাম এবং ১৪ বছর থেকে আরম্ভ করে বয়স্কদের জন্য তা ১৫০ মাইক্রোগ্রাম,"18 বছর বয়সী শিশুদের জন্য দৈনিক প্রয়োজন 90 মাইক্রোগ্রাম, 120 মাইক্রোগ্রাম 913 বছর পর্যন্ত এবং 14 বছর বয়সী প্রাপ্তবয়স্কদের জন্য 150 মাইক্রোগ্রাম।"
99849,74510,মধ্য বয়সিদের ৩০ থেকে ৫৫ বছর বয়স পর্যন্ত মধ্যেই লং কোভিডের উপসর্গ বেশি পাওয়া যায়,দীর্ঘ কোভিড লক্ষণগুলি 30 থেকে 55 বছর বয়সী মধ্যবয়সী ব্যক্তিদের মধ্যে বেশি দেখা যায়।
177803,157671,উপরে উল্লেখিত অসুস্থতাগুলো যেহেতু জীবাণু সংক্রমণের মাধ্যমে ঘটে থাকে তাই কাশি এবং জর প্রায় সব ক্ষেত্রেই বিদ্যমান থাকে,"যেহেতু উপরে উল্লিখিত অসুস্থতাগুলি ব্যাকটেরিয়া সংক্রমণের কারণে হয়, তাই কাশি এবং সর্দি প্রায় সব ক্ষেত্রেই থাকে।"
191429,171323,থাইম রোজমেরি এবং পার্সলের মতো ভেষজ স্বাদ এবং অতিরিক্ত পুষ্টির জোগান দেবে,থাইম ভেষজ গন্ধ এবং রোজমেরি এবং পার্সলে মত অতিরিক্ত পুষ্টি প্রদান করবে।
128174,104751,যারা বিভিন্ন রোগ যেমনডায়াবেটিসউচ্চ রক্তচাপহৃদরোগলিভার কিডনি সমস্যায় বা ক্যান্সারে আক্রান্তরা ঝুঁকির মধ্যে আছেন,"যারা ডায়াবেটিস, উচ্চ রক্তচাপ, হৃদরোগ, লিভার, কিডনি বা ক্যান্সারের মতো বিভিন্ন রোগের ঝুঁকিতে রয়েছেন।"
145021,122494,অথচ মাইক্রোক্যালসিফিকেশনগুলি যদি নির্দিষ্ট প্যাটার্ন বা ক্লাস্টারে উপস্থিত হয় তবে এটি ক্যানসারের প্রথম এবং প্রথম দিকের লক্ষণ হতে পারে,"যাইহোক, যদি মাইক্রোক্যালসিফিকেশন নির্দিষ্ট প্যাটার্ন বা ক্লাস্টারে প্রদর্শিত হয় তবে এটি ক্যান্সারের প্রথম এবং প্রথম দিকের লক্ষণ হতে পারে।"
99095,73692,তখন মাকে বাঁচানো অনেক বেশি কঠিন হয়ে যায়,তখন মাকে বাঁচানো অনেক কঠিন হয়ে পড়ে।
85763,59504, ঠাণ্ডা পানিতে পরিষ্কার কাপড় ভিজিয়ে নিংড়ান,ঠাণ্ডা পানিতে একটি পরিষ্কার কাপড় ভিজিয়ে মুড়িয়ে নিন।
90319,64301,"৩ কোল্ড কফি
কফিতে ক্যাফেইন থাকে আর এটি পানি দিয়েই বানানো হয়",3 কোল্ড কফি কফিতে ক্যাফেইন থাকে এবং এটি পানি দিয়ে তৈরি করা হয়।
12519,14774, ইতোমধ্যে ডেঙ্গু আক্রান্ত হয়ে মারা গেছে ১৩ জন,ডেঙ্গুতে আক্রান্ত হয়ে ইতিমধ্যে ১৩ জনের মৃত্যু হয়েছে।
59430,31553, দীর্ঘ সময় সূর্যের ক্ষতিকর আলো থেকে ত্বক রক্ষা করুন সূর্যের তাপ নির্গত অতিবেগুনি রশ্মি আমাদের স্বাস্থ্য এবং ত্বকের ওপর মারাত্মক ক্ষতিকর প্রভাব ফেলে,দীর্ঘমেয়াদী ক্ষতিকারক সূর্যের রশ্মি থেকে ত্বককে রক্ষা করুন সূর্যের তাপে নির্গত অতিবেগুনি রশ্মি আমাদের স্বাস্থ্য ও ত্বকের ওপর মারাত্মক ক্ষতিকর প্রভাব ফেলে।
163088,142011,বিজ্ঞানীরা বলেন রাতে ঘুমের মধ্যে হিপোক্যাম্পাস দিনের সব ঘটনা নিওকর্টেক্সের কাছে রিপ্লে বা পুনঃসম্প্রচার করতে থাকে আর নিওকর্টেক্স একে প্রক্রিয়াজাত করে স্মৃতিতে রূপান্তরিত করে,"বিজ্ঞানীরা বলছেন যে হিপ্পোক্যাম্পাস ঘুমের সময় নিওকর্টেক্সের কাছে দিনের সমস্ত ঘটনা রিপ্লে বা পুনঃপ্রচার করে, যা তাদের প্রক্রিয়া করে এবং স্মৃতিতে রূপান্তরিত করে।"
107946,83248,রাতে খাবার টেবিলে বাবামা আগ্রহ নিয়ে আছেন অনেকদিন পর মেয়ের সঙ্গে জম্পেশ একটা গল্প হবে,"রাতে খাবার টেবিলে বাবা-মায়ের আগ্রহ, অনেকদিন পর মেয়ের সঙ্গে ঝাঁপিয়ে পড়া গল্প হবে।"
101296,76088,হেয়ারি ব্ল্যাক টাং বা কালো জিহ্বা হয়ে থাকে ব্যাকটেরিয়ার বংশবৃদ্ধির কারণে বা জিহ্বার ছত্রাক সংক্রমণের কারণে,একটি লোমশ কালো জিহ্বা ব্যাকটেরিয়া অতিরিক্ত বৃদ্ধি বা জিহ্বার ছত্রাক সংক্রমণের কারণে হয়।
182016,161896,আর রোদ যেন পুড়িয়ে দিচ্ছে কোমলমতি ত্বক এমন দিনে ত্বকের বন্ধু হলো টক দই,টক দই ত্বকের বন্ধু এমন দিনে সূর্যের কোমল ত্বক পুড়ে যায়।
57993,29995,এক সপ্তাহ বা দুই সপ্তাহ এভাবে পান করুন মাইট ও চুলকানি পুরোপুরি দূর হওয়ার জন্য,মাইট এবং চুলকানি থেকে সম্পূর্ণরূপে মুক্তি পেতে এক বা দুই সপ্তাহ এটি পান করুন।
15355,18150,"গলব্লাডারের পাথর আসলে ছোট ছোট বালুর দানার মতো থেকে শুরু করে মটরের দানা বা তার চেয়েও বড় শক্ত দানাদার বস্তু, যা বিভিন্ন রঙের ও বিভিন্ন আকৃতির হতে পারে","পিত্তথলির পাথর আকারে ছোট বালির দানা থেকে শুরু করে মটর-আকারের বা বড় কঠিন পদার্থ পর্যন্ত হতে পারে, যা বিভিন্ন রঙ এবং আকারের হতে পারে।"
8443,9860,রক্তাল্পতা ও রক্তচাপের সমস্যা নিয়ন্ত্রণ করতে কাজে আসতে পারে বিট,রক্তাল্পতা এবং রক্তচাপের সমস্যা নিয়ন্ত্রণে বিটরুট উপকারী।
40288,11011,সেমিনারে বাংলাদেশ অ্যাটোমিক অ্যানার্জি কমিশনের মাধ্যমে জেনেটিক সিকোয়েন্সিং ল্যাব তৈরি হচ্ছে বলে জানান কমিশনের চেয়ারম্যান ও অ্যধ্যাপক ডা শামীম মমতাজ ফেরদৌসী,সেমিনারে বাংলাদেশ পরমাণু শক্তি কমিশনের মাধ্যমে একটি জেনেটিক সিকোয়েন্সিং ল্যাব তৈরি করা হচ্ছে বলে জানান কমিশনের চেয়ারম্যান ও প্রফেসর ড.শামীম মমতাজ ফেরদৌসী।
78584,51873,এ করোনার সময়েও যাদের এই ফ্লু ও নিউমোনিয়ার ভ্যাকসিন নেওয়া আছে তাদের জটিলতা কম হওয়ার আশঙ্কা থাকে,এমনকি এই করোনার সময়েও যারা এই ফ্লু এবং নিউমোনিয়ার ভ্যাকসিন নিয়েছেন তাদের কম জটিলতা হওয়ার সম্ভাবনা রয়েছে।
37921,8483,এই আঁশ রক্তের চর্বি কমাবে,এই ফাইবার রক্তের চর্বি কমিয়ে দেবে।
119185,95148,শারিরীক কিছু পরিবর্তন হতে পারে যেমন ওজন বাড়তে পারে চুল শুসক লাগতে পারে গিরায় ব্যাথা হতে পারে,"কিছু শারীরিক পরিবর্তন হতে পারে যেমন ওজন বৃদ্ধি, চুল শুষ্ক, জয়েন্টে ব্যথা।"
194961,174855,আর সে দুধ খেতে না চাইলে দই পনির ছানার মতো দুগ্ধজাত খাবারও প্রতিদিন খাওয়াতে পারেন,"এবং যদি তিনি দুধ পান করতে না চান তবে তিনি প্রতিদিন দুগ্ধজাত পণ্য যেমন দই, পনির এবং ছোলা খেতে পারেন।"
194460,174354,ডিমে প্রচুর পরিমাণে ভিটামিন ও মিনারেলস থাকে,ডিমে প্রচুর ভিটামিন ও মিনারেল থাকে।
134834,111714,কোন দেশ কতদিন এই খেলা চালিয়ে নিতে পারে সেটিই এখন দেখার বিষয়,কোন দেশ কতদিন এই খেলা চালিয়ে যেতে পারে সেটাই দেখার বিষয়।
35967,6408,অনেক গর্ভবতী মহিলার পেলভিক বা শ্রোণির হাড়ে ব্যথা হওয়া একটি সাধারণ ঘটনা,পেলভিক বা পেলভিক ব্যথা অনেক গর্ভবতী মহিলাদের জন্য একটি সাধারণ ঘটনা।
14280,16863, এ উপমহাদেশে আমলকীর বেনারসি জাতটি সবচেয়ে ভালো,বেনারসি জাতের আমলকি এই উপমহাদেশে সেরা।
103988,79035,একটা বিষয় বলে রখি মেয়েদের ক্ষেত্রে হরমোন রিপ্লেসমেন্ট থেরাপি নেওয়া যাবে না,একটা কথা বলে রাখি মেয়েদের ক্ষেত্রে হরমোন রিপ্লেসমেন্ট থেরাপি নেওয়া যায় না।
131145,107847,ডিফো এবং মানজোনি দুজনেই লিখেছেন মহামারীর সময় মানুষজন রাস্তায় একে অপরের সঙ্গে দেখা করার সময় নিজেদের মধ্যে দূরত্ব বজায় রাখতো তবে তারা অন্য শহর ও আশেপাশের এলাকার পরিস্থিতি কী তা জানতে চাইতো,ডিফো এবং মানজোনি দুজনেই লিখেছেন যে মহামারী চলাকালীন লোকেরা রাস্তায় একে অপরের সাথে দেখা করার সময় তাদের দূরত্ব বজায় রেখেছিল তবে অন্যান্য শহর এবং আশেপাশের অঞ্চলে কী চলছে তা জানতে চেয়েছিল।
168381,147743,কিন্তু গবেষণা থেকে আমরা দেখি এই আপাত বিশ্রামই আপনাকে দুই বছর বেশি বাঁচতে সাহায্য করবে মুক্ত রাখবে মানসিক ও শারীরিক অনেক রোগবালাই থেকেও,কিন্তু গবেষণা দেখায় যে এই আপাত শিথিলতা আপনাকে আরও দুই বছর বাঁচতে সাহায্য করবে এবং আপনাকে অনেক মানসিক ও শারীরিক অসুস্থতা থেকে মুক্ত রাখতে সাহায্য করবে।
79983,53351,স্বল্প মাত্রার লোহার ঘাটতি থেকে মস্তিষ্কের বুদ্ধিমত্তার ব্যাঘাতও সৃষ্টি হতে পারে,কম মাত্রায় আয়রনের ঘাটতিও জ্ঞানীয় দুর্বলতার কারণ হতে পারে।
120625,96682, ফিজিওথেরাপি বিশেষজ্ঞদের মতে এখনও এমন ওষুধ তৈরি হয়নি যে ওষুধ খেলে আপনার মাংসপেশি লম্বা হবে শক্তিশালী হবে এবং আপনার জয়েন্ট মবিলিটি বেড়ে যাবে,"ফিজিওথেরাপি বিশেষজ্ঞরা বলছেন এমন কোনো ওষুধ নেই যা আপনার পেশীকে লম্বা করবে, শক্তিশালী করবে এবং জয়েন্টের গতিশীলতা বাড়াবে।"
89532,63482, দৈহিক স্থূল শিশুকিশোর যাদের ত্বকের বিভিন্ন অংশে মকমলের মতো কালো অংশ দেখা দিচ্ছে,শারীরিকভাবে মোটা শিশুদের ত্বকের বিভিন্ন অংশে মখমল কালো অংশ দেখা যায়।
102,123, তার খাবার দাবারে বিশেষ সচেতন হতে হবে ও তাকে পর্যাপ্ত বিশ্রামে রাখতে হবে,তার খাদ্যাভ্যাসে বিশেষ যত্ন নিতে হবে এবং পর্যাপ্ত বিশ্রাম দিতে হবে।
162957,141867,প্রশ্ন হচ্ছে কৃত্রিম এসব ফর্মুলা দুধ কি স্বাস্থ্যসম্মত এবং বাচ্চার জন্য প্রয়োজনীয় চাহিদা মেটায়,"প্রশ্ন হচ্ছে, এই কৃত্রিম ফর্মুলা দুধগুলো কি স্বাস্থ্যকর এবং শিশুর চাহিদা পূরণ করে?"
88335,62240,সুগার বেশি ধরা পড়লেই চিকিৎসা দিতে হবে,সুগার খুব বেশি হলেই চিকিৎসা দিতে হবে।
75375,48473, দুধ খাওয়ার সমস্যা  শিশু যদি কিছু সময় দুধ চুষেই হাপিয়ে যায় এবং দুধ খাওয়া বন্ধ করে দেয় তারপর আবার চুষতে শুরু করে অথবা দুধ খেতে বেশি সময় নেয় ২০ মিনিট কিংবা খাওয়ার সময় শ্বাসপ্রশ্বাসের গতি বেড়ে যায় এবং ঘাম হয়,খাওয়ানোর সমস্যা যদি শিশুটি চুষার পরে কিছু সময়ের জন্য হাঁপাতে থাকে এবং খাওয়ানো বন্ধ করে দেয় তারপর আবার চোষা শুরু করে বা খাওয়াতে 20 মিনিটের বেশি সময় নেয় বা খাওয়ানোর সময় শ্বাস-প্রশ্বাসের হার বেড়ে যায় এবং ঘাম হয়।
73441,46413,অনেক প্রফেসনাল সামাজিক সংগঠনের সাথে যুক্ত ছিল,অনেকেই পেশাগত সামাজিক সংগঠনের সঙ্গে যুক্ত ছিলেন।
166172,145387,এই রোগে যেমন ওষুধের প্রয়োজন তেমনি দরকার কাউন্সেলিং,এই রোগের জন্য ওষুধের পাশাপাশি কাউন্সেলিং প্রয়োজন।
65142,37657,শিশুদের প্রধান কারণ হল টনসিল ও এডেনয়েড গ্রন্থির প্রদাহ বা বড় হয়ে যাওয়া,শিশুদের প্রধান কারণ হল টনসিল এবং এডিনয়েডের প্রদাহ বা বৃদ্ধি।
4605,5415,২০২০ সালে করোনা মহামারিকালে ডেঙ্গুর সংক্রমণ তেমন একটা দেখা না গেলেও ২০২১ সালে সারাদেশে ডেঙ্গু জ্বরে আক্রান্ত হন ২৮ হাজার ৪২৯ জন,২০২০ সালে করোনা মহামারির সময় ডেঙ্গুর সংক্রমণ খুব একটা দেখা না গেলেও ২০২১ সালে সারাদেশে ডেঙ্গু জ্বরে আক্রান্ত হন ২৮ হাজার ৪২৯ জন।
50028,21424,পেট ব্যথা বা কামড়ালে সুকরালফেট দেওয়া হয়,পেট ব্যথা বা বেলচিং এর জন্য সুক্রালফেট দেওয়া হয়।
109742,85162,ফলে তারা প্রয়োজনীয় সেবা পাচ্ছে না,ফলে প্রয়োজনীয় সেবা পাচ্ছেন না তারা।
69733,42481,ক্লোজআপ খ্যাত শিল্পী সাব্বির জামান বলেন সাধারণত ডাক্তারদেরকে নিয়ে আমাদের দেশে খুব একটা গান নেই,"ক্লোজআপ শিল্পী সাব্বির জামান বলেন, আমাদের দেশে সাধারণত ডাক্তারদের নিয়ে খুব বেশি গান হয় না।"
166032,145235,আরেকজনের তাতে কোনো সমস্যা হয় না,এতে অন্য ব্যক্তির কোনো সমস্যা নেই।
155173,133439,এতে শিশুর সঠিক ওজন উচ্চতা ও শারীরিক গঠনগত সমস্যা দেখা দেয়,এটি শিশুর সঠিক ওজন এবং শরীরের গঠন সমস্যা সৃষ্টি করে।
107208,82463,পরে করোনা মুক্ত হন তারা,পরে তারা করোনা মুক্ত হন।
5990,6980," তবে শুধু এটুকু জেনে রাখুন, নিয়মিত মদ্যপান কিন্তু সরাসরি দাঁতের ক্ষতিও করে",তবে শুধু জেনে রাখুন নিয়মিত মদ্যপানও সরাসরি দাঁতের ক্ষতি করে।
166583,145825,তাই যাঁদের ঝুঁকি আছে তাঁরা নিয়মিত রক্ত ও প্রস্রাব পরীক্ষা করবেন,তাই যাদের ঝুঁকি রয়েছে তাদের নিয়মিত রক্ত ​​ও প্রস্রাব পরীক্ষা করা উচিত।
91844,65963,অনেক ক্ষেত্রে রোগী সুস্থ হন আবার অনেক ক্ষেত্রে রোগীর মৃত্যুও হয়,অনেক ক্ষেত্রে রোগী সুস্থ হয় আবার অনেক ক্ষেত্রে রোগী মারা যায়।
9124,10663, কোনো কোনো অঞ্চলে কদম ফুল তরকারি হিসেবে রান্না করেও খাওযা হয়,কিছু কিছু অঞ্চলে কদম ফুল তরকারি হিসেবে রান্না করে খাওয়া হয়।
72836,45772,জন্মগত হৃদরোগে আক্রান্ত শিশুর যত্ন,জন্মগত হৃদরোগে আক্রান্ত শিশুর যত্ন।
174223,154013,গর্ভবতী ক্ষীণকায় ব্যক্তির জন্য বেশ উপকারী,পাতলা গর্ভবতী ব্যক্তির জন্য খুবই উপকারী
88214,62110,শিশুর তাপমাত্রা প্রতিদিন সকালে এবং সন্ধ্যায় কমপক্ষে একবার দেখতে হবে,প্রতিদিন সকালে এবং সন্ধ্যায় অন্তত একবার শিশুর তাপমাত্রা পরীক্ষা করা উচিত।
6529,7616, গত ৯ দিনে জেলায় মোট ৮০ জন ডেঙ্গুজ্বরে আক্রান্ত হয়েছেন,গত ৯ দিনে জেলায় মোট ৮০ জন ডেঙ্গু জ্বরে আক্রান্ত হয়েছেন।
91894,66022,আমরা যদি পরিবেশ সম্পর্কে সচেতন থাকি তাহলে ডেঙ্গিকে অনেকটাই মোকাবেলা করা সম্ভব,পরিবেশ সম্পর্কে সচেতন হলে ডেঙ্গু অনেকটাই নিয়ন্ত্রণযোগ্য।
196259,176153,চুল পাতলা হয়ে ঝরতে শুরু করে,চুল পাতলা হতে শুরু করে এবং পড়তে শুরু করে।
61205,33441,সাম্প্রতিক এ ভাইরাস সংক্রান্ত মহামারি থেকে পাওয়া তথ্য থেকে বোঝা যায় যে চিকুনগুনিয়া জ্বরের ফলে ক্রনিক পর্যায়ে ছাড়া তীব্র অসুস্থতাও হতে পারে,সাম্প্রতিক ভাইরাল প্রাদুর্ভাবের প্রমাণ থেকে বোঝা যায় যে চিকুনগুনিয়া জ্বর দীর্ঘস্থায়ী পর্যায়ের পাশাপাশি তীব্র অসুস্থতার কারণ হতে পারে।
135116,112015,বলা হচ্ছে এখন পর্যন্ত আমাদের সবমিলিয়ে কমবেশি ৫০০ ভেন্টিলেটর আছে যা দিয়ে রোগীদের কৃত্রিম শ্বাসপ্রশ্বাস চালু রাখা সম্ভব,বলা হয় যে আমাদের কাছে মোট প্রায় 500 ভেন্টিলেটর রয়েছে যা দিয়ে রোগীদের কৃত্রিম শ্বাস-প্রশ্বাসে রাখা যেতে পারে।
116109,91901,আমার হুঁশ ফেরার পর হাত দিয়ে দেখি তিনি বামপাশে হার্নিয়ার কথা বললেও ডানপাশে অপারেশন করেছেন,"আমি জ্ঞান ফেরার পর, আমি আমার হাত দিয়ে দেখলাম যে তিনি ডান পাশে অপারেশন করেছেন, যদিও তিনি বাম পাশের হার্নিয়ার কথা বলেছিলেন।"
91143,65195,তাই অনেকে একে আরও সহজ করে বোঝাতে শুধু প্লাজমা সেল না বলে প্লাজমা বি সেল বলে,তাই সহজে বোঝার জন্য অনেকে একে প্লাজমা সেল না বলে প্লাজমা বি সেল বলে।
43701,14632, লিচু  এ ফলে জলীয় অংশ অনেক,লিচুতে রয়েছে প্রচুর পরিমাণে পানি।
164274,143316,কিন্তু অতিরিক্ত ঘাম হলে তাঁরা ডাবের পানি ওরস্যালাইন বা সামান্য লবণ মেশানো পানি খেতে পারবেন,কিন্তু অতিরিক্ত ঘাম হলে নারকেলের পানি বা স্যালাইন বা সামান্য লবণ মিশিয়ে পানি পান করতে পারেন।
123699,100009,পুরুষত্বহীনতা  এটি পুরুষের যৌনকার্যে অক্ষমতাকে বুঝায়,পুরুষত্বহীনতা বলতে পুরুষদের যৌন কার্য সম্পাদনে অক্ষমতা বোঝায়।
63793,36171,এ বিষয়ে বিস্তারিত জানিয়েছেন বৃহদন্ত্র ও পায়ুপথ সার্জারি বিশেষজ্ঞ অধ্যাপক ডা একেএম ফজলুল হক,এ বিষয়ে বিস্তারিত জানিয়েছেন কোলন ও রেকটাল সার্জারি বিশেষজ্ঞ ডাঃ একেএম ফজলুল হক।
106563,81767,কিন্তু কোনো কারণে শরীরের রোগপ্রতিরোধ ক্ষমতা কমে গেলেই কেবল এই সংক্রমণের মাত্রা বেড়ে যেতে পারে যেটা ১ লাখে ২০ থেকে ৩০ জন হতে পারে,কিন্তু কোনো কারণে শরীরের রোগ প্রতিরোধ ক্ষমতা কমে গেলে সংক্রমণের মাত্রা বাড়তে পারে যা ১ লাখে ২০ থেকে ৩০ হতে পারে।
24713,29415, তবে ডায়াবেটিস রোগীরা নিয়মিত খেজুর খেলে ১ বা ২টি খেতে হবে,তবে ডায়াবেটিস রোগীদের নিয়মিত ১ বা ২ খেজুর খাওয়া উচিত।
125501,101932,পাঠকদের বোঝার সুবিধার্থে এ পর্যায়ে কমন কিছু Cognitive distortion বা ক্ষতিকর Cognition নিয়ে আলোচনা প্রাসঙ্গিক মনে করি,"পাঠকদের বোঝার সুবিধার্থে, আমি মনে করি এই পর্যায়ে কিছু সাধারণ জ্ঞানীয় বিকৃতি বা ক্ষতিকারক জ্ঞান নিয়ে আলোচনা করা প্রাসঙ্গিক।"
184490,164382,বন্যার সময় বীজতলা গেলে নানানভাবে চারা উৎপাদনের ব্যবস্থা জানুন,বীজতলা প্লাবিত হলে চারা উৎপাদনের বিভিন্ন পদ্ধতি সম্পর্কে জানুন।
25661,30521," তাই আশা করা যায়, এই সব্জি খেলে রক্তে শর্করা ভারসাম্য বজায় থাকবে",তাই আশা করা যায় এই সবজি খেলে রক্তে শর্করার ভারসাম্য বজায় থাকবে।
88222,62118,নিউমোনিয়ায় মৃত্যুর একতৃতীয়াংশ কারণ দূষিত বায়ু গ্রহণ,নিউমোনিয়ার এক-তৃতীয়াংশ মৃত্যুর কারণ দূষিত বায়ু শ্বাস নেওয়ার কারণে।
38125,8698,আমাদের দেশের গ্রামীণ বা শহর অঞ্চলে সারাদিনে মানুষ প্রায় ৯ গ্রামের মতো লবণ গ্রহণ করে থাকে,আমাদের দেশের গ্রামীণ বা শহরাঞ্চলে মানুষ দিনে প্রায় 9 গ্রাম লবণ গ্রহণ করে।
101188,75978,তাই ক্যানসারের চিকিৎসা রোগ নির্ণয়ের পর যত দ্রুত সম্ভব শুরু করা উচিত,তাই রোগ নির্ণয়ের পর যত তাড়াতাড়ি সম্ভব ক্যান্সারের চিকিৎসা শুরু করা উচিত।
196742,176636,চাইলে পেস্টটি সরাসরি ব্যবহার করতে পারেন,আপনি চাইলে পেস্টটি সরাসরি ব্যবহার করতে পারেন।
64895,37392,এদের অর্ধেকের বেশীই জানে না যে তারা থাইরয়েড সমস্যায় ভুগছে,তাদের অর্ধেকেরও বেশি জানেন না যে তারা থাইরয়েডের সমস্যায় ভুগছেন।
122005,98192,এতে হংকং বিশ্ববিদ্যালয় শিয়ামেন বিশ্ববিদ্যালয় ও বেইজিং ওয়ানতাই বায়োলজিক্যাল ফার্মেসির গবেষকরা রয়েছেন,"এতে হংকং ইউনিভার্সিটি, জিয়ামেন ইউনিভার্সিটি এবং বেইজিং ওয়ানটাই বায়োলজিক্যাল ফার্মেসির গবেষকরা অন্তর্ভুক্ত।"
181493,161372,ক্যালেন্ডার বোর্ডে পিন করা টুডু লিস্ট রেডি মোবাইলের পাওয়ার ব্যাংক,করণীয় তালিকা প্রস্তুত মোবাইল পাওয়ার ব্যাঙ্ক ক্যালেন্ডার বোর্ডে পিন করা হয়েছে৷
75001,48075, মাথা ঘুরার সমস্যা বেশি থাকলে একা একা চলাফেরা ঠিক নয়,মাথা ঘোরার সমস্যা বেশি হলে একা হাঁটা ভালো নয়।
142379,119690,শনিবার স্যামসাং ইলেকট্রনিকসের পক্ষ থেকে বলা হয়েছে তাদের একটি মোবাইল ডিভাইস ফ্যাক্টরিতে এক ব্যক্তির করোনাভাইরাসে আক্রান্তের বিষয়টি নিশ্চিত হওয়ায় কারখানা বন্ধ করা হয়েছে,"শনিবার, স্যামসাং ইলেকট্রনিক্স জানিয়েছে যে একজন ব্যক্তির করোনভাইরাস আক্রান্ত হওয়ার কারণে তাদের একটি মোবাইল ডিভাইস কারখানা বন্ধ করে দেওয়া হয়েছে।"
69812,42565,যদি রোগী অজ্ঞান হয়ে যায় তাহলে শিরায় গ্লুকোজ দেওয়ার ব্যবস্থা করতে হবে অথবা যত দ্রুত সম্ভব হাসপাতালে নিতে যেতে হবে,"যদি রোগী অজ্ঞান হয়ে যায়, তাহলে শিরায় গ্লুকোজ দিন বা যত তাড়াতাড়ি সম্ভব হাসপাতালে যান।"
134955,111840,সে কারণে সেপ্টেম্বর পর্যন্ত তারা ১০ লাখ ডোজ উৎপাদন করতে যাচ্ছেন,সেজন্য তারা সেপ্টেম্বর পর্যন্ত 1 মিলিয়ন ডোজ তৈরি করতে যাচ্ছে।
121541,97680,আর চুলের ফলিকল যখন রেস্টিং স্টেজে যায় তখন তাকে টেলোজেন ইফফ্লুভিয়াম বলে,আর চুলের ফলিকল যখন বিশ্রামের পর্যায়ে চলে যায় তখন একে টেলোজেন এফ্লুভিয়াম বলে।
127257,103778,আর এই কিট আনতে সময় লাগে,আর এই কিট আনতে সময় লাগে।
36252,6709,রোববার রাজধানীর এক হোটেলে আয়োজিত এক অনুষ্ঠানে এই গাইডলাইন প্রকাশ করা হয়,রোববার রাজধানীর একটি হোটেলে আয়োজিত এক অনুষ্ঠানে এই নির্দেশিকা প্রকাশ করা হয়।
164943,144051,মো ইকবাল হোসেন জ্যেষ্ঠ পুষ্টি কর্মকর্তা চট্টগ্রাম ডায়াবেটিক জেনারেল হাসপাতাল চট্টগ্রাম,মোঃ ইকবাল হোসেন সিনিয়র নিউট্রিশন অফিসার চট্টগ্রাম ডায়াবেটিক জেনারেল হাসপাতাল চট্টগ্রাম
87531,61352,কোনো ওষুধের চিকিৎসা লাগে না শুধু মায়ের দুধপানই যথেষ্ট,"কোন ওষুধের চিকিৎসার প্রয়োজন নেই, শুধুমাত্র মায়ের দুধই যথেষ্ট।"
59691,31829,থাই ও কুঁচকি সবসময় যথাসম্ভব শুকনো রাখা উচিত,উরু এবং কুঁচকি সবসময় যতটা সম্ভব শুষ্ক রাখতে হবে।
44219,15215,তিন কাপ ফুটন্ত গরম পানি এবং এক কাপ দুধ দিয়ে মাঝারি আঁচে পোলাও রান্না করুন,তিন কাপ ফুটন্ত গরম পানি ও এক কাপ দুধ দিয়ে মাঝারি আঁচে পোলাও রান্না করুন।
2265,2658,ডেঙ্গুতে আক্রান্ত হয়ে গত ২৪ ঘণ্টায় আরও ১৩ জনের মৃত্যু হয়েছে,গত ২৪ ঘণ্টায় ডেঙ্গুতে আক্রান্ত হয়ে ১৩ জনের মৃত্যু হয়েছে।
75222,48310,যেমনচোখের প্রেসার বেড়ে যায় চোখে ছানি পড়ে যায় তাদের ভিস্ট্রিয়াস লেয়ার পরিবর্তন হয়ে চোখের সামনে কালো কালো মাছির মতো উড়ে অনেক সময় চোখের ভেতরের অংশ রেটিনা পাতলা হয়ে ছিঁড়ে যায়,"চোখের চাপ বাড়ার সাথে সাথে চোখে ছানি পড়ে, তাদের কাঁচের স্তর পরিবর্তিত হয় এবং চোখের সামনে কালো মাছি উড়ে যায়।"
90858,64896,বিশেষ করে এটি যদি টেম্পোরাল লোবকে প্রভাবিত করে তা হলে এ সমস্যা বেশি দেখা দেয়,টেম্পোরাল লোবে আক্রান্ত হলে এই সমস্যা বেশি দেখা যায়।
117594,93465,বৃহস্পতিবার বাংলাদেশ তামাকবিরোধী জোট এবং ডব্লিউবিবি ট্রাস্ট আয়োজনে ডব্লিউবিবি ট্রাস্টের কৈবর্ত সভাকক্ষে রোগ প্রতিরোধব্যবস্থা জোরদার করতে প্রয়োজন হেলথ প্রমোশন ফাউন্ডেশন শীর্ষক আলোচনাসভায় বক্তারা এ দাবি করেন,বৃহস্পতিবার বাংলাদেশ তামাক বিরোধী জোট ও ডব্লিউবিবি ট্রাস্টের আয়োজনে রোগ প্রতিরোধ ক্ষমতা জোরদার করার প্রয়োজনীয়তা শীর্ষক আলোচনা সভায় বক্তারা এ দাবি জানান।
139166,116308,শনিবার সকালে সে প্রচণ্ড জ্বর সর্দি কাশি ও শ্বাসকষ্ট নিয়ে বাড়িতে ফেরে,"শনিবার সকালে তিনি প্রচণ্ড জ্বর, সর্দি, কাশি ও শ্বাসকষ্ট নিয়ে বাড়ি ফেরেন।"
107410,82677,এমনকি অপারেশন করে জরায়ু ফেলতেও হয় না,এমনকি আপনার হিস্টেরেক্টমিও করতে হবে না।
53574,25201,এক্ষেত্রেও বিশ্ববাজার ডলার জ্বালানির মূল্যবৃদ্ধি এবং রাশিয়াইউক্রেন যুদ্ধের অজুহাত দেওয়া হচ্ছে,এক্ষেত্রে বিশ্বব্যাপী ডলারের জ্বালানি মূল্য বৃদ্ধি এবং রাশিয়া-ইউক্রেন যুদ্ধকেও অজুহাত হিসেবে ব্যবহার করা হয়।
45223,16279,"কিন্তু পুরুষের জন্য জন্মনিরোধক তৈরিতে এত বাধা কেন 
মনোরোগ বিশেষজ্ঞের কাছে এক তরুণ নিজের ব্রিবতকর অভিজ্ঞতা খুলে বলে",কিন্তু পুরুষদের জন্য জন্মনিয়ন্ত্রণ তৈরিতে এত বাধা কেন? একজন যুবক তার যন্ত্রণাদায়ক অভিজ্ঞতা একজন মনোরোগ বিশেষজ্ঞের কাছে প্রকাশ করে।
167318,146614,জিবিএসের ক্ষেত্রে সাধারণত প্রায় ৮০ শতাংশ রোগী সম্পূর্ণ আরোগ্য লাভ করে,"জিবিএস-এ, প্রায় 80 শতাংশ রোগী সাধারণত সম্পূর্ণ সুস্থ হয়ে ওঠে।"
163227,142164,ভাজিভুনা খাবারের পরিবর্তে কম মসলাযুক্ত পাতলা ঝোলের তরকারি খাবেন,ভাজা খাবারের পরিবর্তে কম মশলাদার ঝোল দিয়ে তরকারি খান।
122277,98480,বিশেষ করে প্রোজেস্টেরনের মাত্রা বেড়ে যাওয়াতে মুখের মধ্যকার জীবাণু সক্রিয় হয়ে ওঠে গর্ভাবস্থার ২ থেকে ৮ মাসের মধ্যে দাঁতে গর্ত দাঁত শিন শিন করা মাড়ি ফুলে গিয়ে রক্ত পড়া বা প্রেগনেন্সি ইপিউলিস খুব সাধারণ,"মুখের ব্যাকটেরিয়া সক্রিয় হয়ে ওঠে, বিশেষ করে প্রোজেস্টেরনের মাত্রা বাড়ার সাথে সাথে। গর্ভাবস্থার 2 থেকে 8 মাসের মধ্যে দাঁতের গহ্বর, দাঁত পিষে যাওয়া, মাড়ি ফুলে যাওয়া, রক্তপাত বা গর্ভাবস্থার প্যাপিউলগুলি সাধারণ।"
142162,119464,কিন্তু সাময়িক ফ্যাশন করতে গিয়ে সস্তার সানগ্লাস ব্যবহার করে চোখের ক্ষতি করে ফেলছেন নিজের অজান্তেই,কিন্তু সাময়িক ফ্যাশন করতে গিয়ে নিজের অজান্তেই সস্তার সানগ্লাস ব্যবহার করে চোখের ক্ষতি করছেন।
3073,3617, লিভারে চর্বি জমলে সেখানে প্রদাহের সম্ভাবনা বেড়ে যায়,লিভারে চর্বি জমে প্রদাহ হওয়ার সম্ভাবনা বেড়ে যায়।
107381,82646,যে ধমনি থেকে রক্তক্ষরণ হচ্ছে তা চিহ্নিত করে ধমনিতে এমবোলাইজেশন করতে হবে অথবা ফুসফুসের এই অংশটি কেটে বাদ দিতে হবে,রক্তক্ষরণ ধমনী সনাক্ত করে বা ফুসফুসের রিসেকশনের মাধ্যমে ধমনী এম্বোলাইজেশন করা উচিত।
1791,2094, রান্নায় শাকসবজি ব্যবহার করার আগে কম করে আধঘণ্টা লবণলে ভিজিয়ে রেখে তারপর রান্না করুন,রান্নায় শাকসবজি ব্যবহারের আগে অন্তত আধা ঘণ্টা লবণে ভিজিয়ে রেখে তারপর রান্না করুন।
123358,99649,সিটিস্ক্যান করালে এই রোগ শনাক্ত করা সম্ভব,একটি সিটি স্ক্যান এই রোগ সনাক্ত করতে পারে।
14315,16901, হজম সংক্রান্ত সমস্যা দূর করে কোষ্ঠ পরিষ্কার রাখে আমলকী,আমলকি হজমের সমস্যা দূর করে এবং কোলন পরিষ্কার রাখে।
193633,173527,শরীরে ডিহাইড্রেশন বা পানিস্বল্পতা হলে ত্বক ও চুল শুষ্ক হয়ে অতিরিক্ত চুল পড়তে থাকে,শরীর পানিশূন্য হলে ত্বক ও চুল শুষ্ক হয়ে যায় এবং অতিরিক্ত চুল পড়ে।
4753,5570, তবে প্রস্রাবের জটিলতায় এর ব্যবহারের ক্ষেত্রে এলবুমিন সংক্রান্ত কিছু সাদৃশ্যগত সমস্যা হতে পারে,"যাইহোক, প্রস্রাবের জটিলতায় এর ব্যবহারে অ্যালবুমিনের সাথে কিছু অনুরূপ সমস্যা হতে পারে।"
175243,155095, বৃদ্ধি ব্যাহত হওয়া  শিশুদের ক্ষেত্রে হাড় বা জয়েন্টের স্বাভাবিক বৃদ্ধি ব্যাহত হয় যদি সংক্রমণ হাড়ের নরম এলাকা বা গ্রোথ প্লেটে ঘটে,বৃদ্ধি প্রতিবন্ধী শিশুদের ক্ষেত্রে হাড় বা জয়েন্টের স্বাভাবিক বৃদ্ধি ব্যাহত হয় যদি হাড় বা গ্রোথ প্লেটের নরম অংশে সংক্রমণ ঘটে।
164047,143067,অথবা ভোর বা সন্ধ্যা এমন শীতল সময় বেছে নিন,অথবা ভোর বা সন্ধ্যার মতো শীতল সময় বেছে নিন।
36271,6728,এর মধ্যে ১০ শতাংশ মারা যাচ্ছে ডায়াবেটিসে,তাদের মধ্যে 10 শতাংশ ডায়াবেটিসে মারা যায়।
28884,34305,সময়মতো চিকিৎসা না নিলে রোগ জটিল হয়ে লিভার সিরোসিসের মতো জটিলতা হতে পারে,সময়মতো চিকিৎসা না করালে রোগটি জটিল আকার ধারণ করে এবং লিভার সিরোসিসের মতো জটিলতা সৃষ্টি করতে পারে।
109622,85038,এমনকি অনেকে অ্যান্টিবায়োটিকও নিয়ে থাকেন,এমনকি অনেকে অ্যান্টিবায়োটিকও খেয়ে থাকেন।
50132,21531,দুশ্চিন্তার বিষয় হলো দেশে কিডনি রোগ ও কিডনি অকেজো রোগীর সংখ্যা ক্রমান্বয়ে বৃদ্ধি পাচ্ছে,"উদ্বেগের বিষয়, দেশে কিডনি রোগ ও কিডনি বিকল রোগীর সংখ্যা ক্রমান্বয়ে বাড়ছে।"
102089,76955,অন্তর্বাস নিয়মিত পরিবর্তন করতে হবে,অন্তর্বাস নিয়মিত পরিবর্তন করা উচিত।
72896,45836,থাইরয়েড গ্লান্ডের ক্যানসার একটি জটিল রোগ,থাইরয়েড গ্রন্থির ক্যান্সার একটি জটিল রোগ।
42260,13121, বরই বা কুল  এ সময় বাজারে বিভিন্ন ধরনের বরই বা কুল দেখতে পাওয়া যায়,বরই বা কুল এ সময় বাজারে বিভিন্ন ধরনের বরই বা কুল দেখা যায়।
112528,88102,এক্ষেত্রে কতটুকু ফল ও সবজি খাবে তা ডায়েটিশিয়ান নির্ধারণ করে দিয়ে থাকে,এক্ষেত্রে কতটা ফল ও সবজি খাবেন তা ডায়েটিশিয়ান নির্ধারণ করেন।
112349,87922,লেখক  মুখ ও দন্তরোগ বিশেষজ্ঞ,লেখক মৌখিক ও দাঁতের বিশেষজ্ঞ।
89686,63638,শীতকালে নানা রোগব্যাধি বাসা বাধে শরীরে,শীতকালে নানা রোগ বাসা বাঁধে শরীরে।
121822,97997,খুব কম ক্ষেত্রে টনসিলে ঘনঘন ইনফেকশন থেকে বাতজ্বর রিউম্যাটিক ফিভার হতে পরে,"বিরল ক্ষেত্রে, বারবার টনসিল সংক্রমণ থেকে বাতজ্বর হতে পারে।"
86330,60100,এর সঙ্গে মুখে খাওয়া ও লাগানোর ওষুধও ব্যবহার করতে হয়,"এর সাথে, মুখের এবং সাময়িক ওষুধও ব্যবহার করা হয়।"
100939,75701,২ যারা ইতিমধ্যে গর্ভধারণ করে ফেলেছেন তারা সর্বোচ্চ সাবধানতা অবলম্বন করবেন,2 যারা ইতিমধ্যে গর্ভবতী তাদের সর্বোচ্চ সতর্কতা অবলম্বন করা উচিত।
40662,11427,পায়ের হাড় বলতে হাঁটুর নিচ থেকে গোড়ালির গাঁট পর্যন্ত টিবিয়া ও ফিবুলা নামক দুটো হাড়কে বোঝায়,"পায়ের হাড় বলতে হাঁটুর নিচ থেকে গোড়ালি পর্যন্ত দুটি হাড়কে বোঝায়, যাকে বলা হয় টিবিয়া এবং ফিবুলা।"
133831,110667,সম্প্রতি আংশিকভাবে প্রকাশিত আমেরিকার একটি গবেষণা প্রবন্ধ ও বিশ্বের বিভিন্ন দেশের করোনা সংক্রমণের তথ্যউপাত্ত বিশ্লেষণ করে এমনটিই মনে করছেন এ গবেষক,সম্প্রতি প্রকাশিত আমেরিকান গবেষণা নিবন্ধ এবং বিশ্বের বিভিন্ন দেশে করোনা সংক্রমণের তথ্য বিশ্লেষণ করে এমনটাই মনে করছেন গবেষক।
179166,159040,প্রতি বছর বিশ্বে ১ কোটি ৭০ লাখ মানুষ স্ট্রোক করেন,বিশ্বব্যাপী 17 মিলিয়ন মানুষ প্রতি বছর স্ট্রোকের শিকার হয়।
190606,170500,আপনার সাইজ অনুযায়ী ধুতি পাঞ্জাবি কিনুন,আপনার সাইজ অনুযায়ী ধুতি পাঞ্জাবি কিনুন
184724,164617,আর কলা খোসা ছাড়িয়ে ছোটছোট টুকরো করে রাখুন,কলার খোসা ছাড়িয়ে ছোট ছোট টুকরো করে কেটে নিন।
34193,4509,বুধবার বারডেম অডিটোরিয়ামে আয়োজিত অনুষ্ঠানে চিকিৎসকদের হাতে এ পদক তুলে দেন অনুষ্ঠানের প্রধান অতিথি শিক্ষামন্ত্রী ডা দিপু মনি,বুধবার বারডেম মিলনায়তনে আয়োজিত এক অনুষ্ঠানে চিকিৎসকদের হাতে পদক তুলে দেন অনুষ্ঠানের প্রধান অতিথি শিক্ষামন্ত্রী ডা. দীপু মনি।
187315,167209,তবে এবার থেকে মিষ্টি প্রেমীরা উৎসবে রাখতে পারেন সুগার ফ্রি মিষ্টি,মিষ্টিপ্রেমীরা এখন থেকে উৎসবে চিনিমুক্ত মিষ্টি খেতে পারবেন।
80763,54193,হারপিস ভাইরাসজনিত কারণে ঠোঁট ফুলে গেলে অবশ্যই অ্যাসাইক্লোভির গোত্রভুক্ত ওষুধ সঠিক নিয়মে নির্দিষ্ট মাত্রায় সেবন করতে হবে,হারপিস ভাইরাসের কারণে ঠোঁট ফুলে গেলে Acyclovir অবশ্যই সঠিক মাত্রায় গ্রহণ করতে হবে।
108233,83564,গণপরিবহণ অপ্রয়োজনে ব্যবহার থেকে বিরত থাকুন,গণপরিবহনের অপ্রয়োজনীয় ব্যবহার এড়িয়ে চলুন।
133210,110003,বাচ্চাদের ক্যালরি চাহিদা বেশি বলে এর সঙ্গে যোগ করা যেতে পারে ঘি,শিশুদের ক্যালরির চাহিদা বেশি হওয়ায় এতে ঘি যোগ করা যেতে পারে।
44075,15049,যা লাগবে  সুজি এক কাপ আনারসের জুস আধা কাপ পানি দেড় কাপ চিনি সোয়া এক কাপ ঘি আধা কাপ এলাচ গুঁড়া আধা চা চামচ কাজুবাদাম ক্রাশ ৮১ কাপ আখরোট ক্রাশ ৮১ কাপ জাফরান আধা চা চামচ এক টেবিল চামচ পানিতে ভেজানো পানি ৪১ কাপ পেস্তা কুচি গার্নিশিংএর জন্য,আপনার যা লাগবে সুজি এক কাপ আনারসের রস আধা কাপ পানি দেড় কাপ চিনি সয়া আধা কাপ এলাচ গুঁড়া আধা চা চামচ কাজু বাদাম কুচানো 81 কাপ আখরোট গুঁড়ো 81 কাপ জাফরান আধা চা চামচ এক টেবিল চামচ ভেজানো পানি 41 কাপ পেস্তা বাদাম গার জন্য।
550,649," গবেষণা অনুসারে, ব্রকলিতে প্রতি কাপে পাঁচ গ্রাম ফাইবার থাকে","গবেষণা অনুসারে, ব্রকলিতে প্রতি কাপে পাঁচ গ্রাম ফাইবার থাকে।"
146955,124593,সাধারণত ৫ থেকে ১০ শতাংশ নারীকে আরও পরীক্ষার জন্য বলা হয়ে থাকে কিন্তু সৌভাগ্যবশত এসব ক্ষেত্রে ৯০ শতাংশের বেশিরই ক্যানসার থাকে না,"সাধারণত, 5 থেকে 10 শতাংশ মহিলাকে আরও পরীক্ষার জন্য বলা হয়, কিন্তু সৌভাগ্যবশত, এই ক্ষেত্রে 90 শতাংশেরও বেশি ক্যান্সার হয় না।"
53877,25545,রোগীরা সাধারণত পায়ুপথ দিয়ে রক্তক্ষরণ পায়ুপথ ফুলে যাওয়া ব্যথা অনুভব করা পায়ুপথ দিয়ে পাইলস বেরিয়ে আসা মলদ্বারের চারপাশে চুলকানো বিভিন্ন উপসর্গের কথা বলে থাকেন,"রোগীরা সাধারণত রেকটাল রক্তপাত, মলদ্বার ফুলে যাওয়া, ব্যথা, রেকটাল পাইলস এবং মলদ্বারের চারপাশে চুলকানির মতো বিভিন্ন উপসর্গ রিপোর্ট করে।"
93613,67824,এভাবে দিনে তাপমাত্রা যখন তখন বাড়ছেকমছে,এভাবে দিনের বেলা তাপমাত্রা বাড়ে ও কমে।
35872,6308, হাড়ে রক্ত সরবরাহ কমে গেলে জয়েন্টে ব্যথা হয় জয়েন্ট কাজ করে না জয়েন্ট দুর্বল হয়ে যায়,"হাড়ে রক্ত ​​সরবরাহ কমে গেলে জয়েন্টে ব্যথা হয়, জয়েন্ট কাজ করে না, জয়েন্ট দুর্বল হয়ে পড়ে।"
53311,24921,তবে মারাত্মক ধরনের কান পাকা রোগে অপারেশনই হচ্ছে প্রকৃত চিকিৎসা,"যাইহোক, সার্জারি হল গুরুতর কানের সংক্রমণের আসল চিকিৎসা।"
140450,117657,লক্ষণ দেখে কিছু চিকিৎসা দেয়া হয়,উপসর্গের উপর ভিত্তি করে কিছু চিকিৎসা দেওয়া হয়।
78483,51766,সমস্যাগুলো যদি বয়স বাড়ার কারণে না হয়ে অন্য কোনো অসুখবিসুখ কিংবা ওষুধের পার্শ্বপ্রতিক্রিয়ার কারণে হয় তাহলে তার সমাধান করা যেতে পারে,"সমস্যাগুলো যদি বার্ধক্যজনিত কারণে না হয়ে অন্য কোনো চিকিৎসার কারণে বা ওষুধের পার্শ্বপ্রতিক্রিয়ার কারণে হয়ে থাকে, তাহলে সেগুলো সমাধান করা যেতে পারে।"
133591,110411,এজন্য নিজেকেই দোষী মনে করছি,আমি এর জন্য অপরাধী বোধ করি।
20953,24896,জাতির পিতা বঙ্গবন্ধু শেখ মুজিবুর রহমানের জন্মদিন (১৭ মার্চ) এবং বিশ্ব কিডনি দিবস (৯ মার্চ) সামনে রেখে সোমবার বেলা সাড়ে ১১টায় ইনসাফ বারাকাহ কিডনি অ্যান্ড জেনারেল হাসপাতাল ভবনে মতবিনিময় সভায় বিশেষ অতিথির বক্তব্যে তিনি এ কথা বলেন,সোমবার সকাল সাড়ে ১১টায় ইনসাফ বারাকাহ কিডনি ও জেনারেল হাসপাতাল ভবনে জাতির জনক বঙ্গবন্ধু শেখ মুজিবুর রহমানের জন্মদিন (১৭ মার্চ) উপলক্ষে এক মতবিনিময় সভায় বিশেষ অতিথির বক্তব্যে তিনি এসব কথা বলেন। বিশ্ব কিডনি দিবস (9 মার্চ)।
52420,23965, স্তনবৃন্ত বা স্তনের চামড়া খোসার মত হওয়া,স্তনবৃন্ত বা স্তনের ত্বকের খোসা।
11476,13509, এই ফল ভিটামিন সি-এর ভাণ্ডার,এই ফলটি ভিটামিন সি এর ভান্ডার।
180571,160448,যুগ যুগ ধরে লাল সবুজের পতাকা হাতে নাজমুন নাহারের বিশ্ব ভ্রমণের এই দৃষ্টান্ত পৃথিবীর মানচিত্রে বাংলাদেশকে গৌরবান্বিত করবে,লাল-সবুজ পতাকা হাতে নিয়ে নাজমুন নাহারের পৃথিবী ভ্রমণের এই উদাহরণ বিশ্ব মানচিত্রে বাংলাদেশকে মহিমান্বিত করবে।
95489,69819, প্রোবায়োটিকস খান  পেটে খাবার ভালোভাবে হজমের জন্য প্রয়োজন প্রচুর পরিমাণে উপকারী ব্যাকটেরিয়া,প্রোবায়োটিক খান ভালো হজমের জন্য পেটে প্রচুর উপকারী ব্যাকটেরিয়া প্রয়োজন।
66110,38688,তাকে নরম হালকা সুতি কাপড় পরাতে হবে,তাকে নরম হালকা সুতির পোশাক পরতে হবে।
75453,48552,এটি ফুসফুসের চাপ এবং রক্তপ্রবাহ পরিপক্কতায় বিলম্বের কারণে ঘটে থাকে,এটি পালমোনারি ধমনী এবং রক্ত ​​​​প্রবাহের পরিপক্কতায় বিলম্বের কারণে ঘটে।
186918,166812,শিশুদের পোশাক কেনার সময় যেসব বিষয় মাথায় রাখবেন,বাচ্চাদের পোশাক কেনার সময় যে বিষয়গুলো মাথায় রাখবেন
142032,119328,গরম পানি দিয়ে হাত ধুলেও সংক্রমণের ঝুঁকি কমে যায়,গরম পানি দিয়ে হাত ধোয়া সংক্রমণের ঝুঁকিও কমায়।
3300,3878," বিশেষত, আমাদের দেশে এই সমস্যার প্রকোপ তুলনায় অনেকটাই বেশি",বিশেষ করে আমাদের দেশে এই সমস্যার প্রকোপ অনেক বেশি।
69971,42729,দীর্ঘমেয়াদি টনসিলের ইনফেকশন থাকলে অপারেশন না করালে নিন্মোক্ত সমস্যা হতে পারে,দীর্ঘমেয়াদী টনসিল সংক্রমণে অপারেশন না করালে নিম্নলিখিত সমস্যা হতে পারে।
117355,93212,সার্বিকভাবে আমরা এখনও কোভিড মোকাবেলায় নিজেদের উপযোগী বা প্রস্তুত করতে পারিনি,"সর্বোপরি, আমরা এখনও কোভিডের সাথে মোকাবিলা করার জন্য নিজেকে মানিয়ে নিতে পারিনি বা প্রস্তুত করতে পারিনি।"
60055,32223,রোগীর খাদ্যতালিকায় প্রোটিন রাখতে হবে রোগের মাত্রার ওপর ভিত্তি করে,রোগের মাত্রার উপর ভিত্তি করে রোগীর খাবারে প্রোটিন রাখতে হবে।
30434,497,এজন্য পুরুষের চেয়ে নারীদের হিমোগ্লোবিনের পরিমাণ এক দশমিক পাঁচ গ্রাম কম থাকে বলেও জানান তিনি,এ কারণে নারীদের হিমোগ্লোবিনের পরিমাণ পুরুষদের তুলনায় ১.৫ গ্রাম কম বলে জানান তিনি।
71050,43872,এটি নিরব ঘাতকের মতো কাজ করে,এটি নীরব ঘাতকের মতো কাজ করে।
190943,170837,বিভিন্ন সময়ে নানা কারণে আমরা উদ্বিগ্ন হয়ে যাই,আমরা বিভিন্ন কারণে বিভিন্ন সময়ে উদ্বিগ্ন হই।
140661,117886,আইইডিসিআরের হটলাইন নম্বরগুলো হচ্ছে ৩৩৩ ১৬২৬৩ ০১৫৫০০৬৪৯০১ ০১৫৫০০৬৪৯০২ ০১৫৫০০৬৪৯০৩ ০১৫৫০০৬৪৯০৪ ০১৫৫০০৬৪৯০৫ ০১৪০১১৮৪৫৫১ ০১৪০১১৮৪৫৫৪ ০১৪০১১৮৪৫৫৫ ০১৪০১১৮৪৫৫৬ ০১৪০১১৮৪৫৫৯ ০১৪০১১৮৪৫৬০ ০১৪০১১৮৪৫৬৩ ০১৪০১১৮৪৫৬৮ ০১৯২৭৭১১৭৮৪ ০১৯২৭৭১১৭৮৫ ০১৯৩৭০০০০১১ ০১৯৩৭১১০০১১,আইইডিসিআর হটলাইন নম্বরগুলি হল 333 16263 01550064901 01550064902 01550064904 01550064905 01401184551 01401184554 01401184554 014015154 01451514401515 560 01401184563 01401184568 01927711784 01927711785 01937110011
36738,7222,প্রচুর তরলজাতীয় খাবার গ্রহণ করতে হবে,প্রচুর তরল খাবার খেতে হবে।
18887,22425,আঁচিল সারাতেও আমপাতা খুব উপকারী,আমপাতা আঁচিলের চিকিৎসায়ও বেশ উপকারী।
80183,53563,কোনো জ্বরের সঙ্গে কাঁপুনি হয় শীত লাগে তীব্র মাথা ব্যথা ওঠে বমি হয় ইদানীংকালের বহুল আলেচিত করোনা জ্বরে কোনো ধরনই নির্দিষ্ট নয় করোনা অধ্যুষিত এলাকায় বসবাসরত কিংবা করোনা রোগীর সংস্পর্শে আসা যে কোনো ধরনের জ্বরই করোনা হতে পারে তাই এ ধরনের সব জ্বরের রোগীকে টেস্ট করে করোনা নিশ্চিত করতে হয়,"জ্বরের সাথে ঠান্ডা লাগা, প্রচণ্ড মাথাব্যথা, বমি হয় এবং করোনা জ্বরের কোনো নির্দিষ্ট ধরন নেই, যা সম্প্রতি আলোচনা করা হয়েছে। করোনা রোগীদের সংস্পর্শে আসা বা করোনা আক্রান্ত এলাকায় বসবাসকারী যেকোনো ধরনের জ্বরই করোনা হতে পারে, তাই এই ধরনের জ্বরের রোগীদের করোনা পরীক্ষা করা উচিত।"
46453,17583,পাশাপাশি দুটি অপারেশন থিয়েটারে দাতা ও গ্রহীতা রোগীকে রাখা হয়,দুটি অপারেশন থিয়েটারে দাতা ও গ্রহীতা রোগীদের পাশাপাশি রাখা হয়।
48570,19853,এগুলো সবই ননইনফেকশাস বা ননকমিউনেকেবল ডিজিজ,এগুলো সবই অসংক্রামক বা অসংক্রামক রোগ।
164590,143673,২ মোবাইল ফোনের স্ক্রিনের দিকে দীর্ঘক্ষণ তাকিয়ে থাকার কারণে চোখের রেটিনা কর্নিয়া এবং অন্যান্য অংশ ক্ষতিগ্রস্ত হচ্ছে,"2. মোবাইল ফোনের স্ক্রিনের দিকে দীর্ঘক্ষণ তাকিয়ে থাকা রেটিনা, কর্নিয়া এবং চোখের অন্যান্য অংশের ক্ষতি করে।"
101999,76860,"    ডিম
    দুধ
    সমুদ্রশৈবাল
    শেলফিস
    সামুদ্রিক মাছ
    সিফুড",ডিম সামুদ্রিক শৈবালের ঝিনুক সামুদ্রিক মাছ
39515,10190,যা আরও সপ্তাহখানেক থাকতে পারে,যা আরও এক সপ্তাহ স্থায়ী হতে পারে।
193532,173426,প্রথমে এটি আপনার জন্য বেশ উত্তেজনাপূর্ণ হতে পারে,প্রথমে এটি আপনার জন্য বেশ উত্তেজনাপূর্ণ হতে পারে।
178734,158608,তবে একই সময়ে আরও ৩৫ জনের করোনা শনাক্ত হয়েছে,"একই সময়ের মধ্যে, তবে, আরও 35 জনের COVID-19 শনাক্ত করা হয়েছে।"
86303,60071,চুলের কালার বা কেমিক্যাল শখ করে ব্যবহার করা ঠিক নয়,শখের মতো হেয়ার কালার বা কেমিক্যাল ব্যবহার করা ঠিক নয়।
196322,176216,ডিম রান্না করলে এর পুষ্টিগুণ নষ্ট হয় না,ডিম রান্না করলে তাদের পুষ্টিগুণ নষ্ট হয় না।
28628,33990," আইইডিসিআর জানায়, নিপাহ ভাইরাসে আক্রান্ত ৭১ শতাংশ মানুষ মারা যায়","আইইডিসিআরের মতে, নিপাহ ভাইরাসে আক্রান্তদের ৭১ শতাংশ মারা যায়।"
4191,4918,"যাদের বাতের ব্যথা আছে, বিশেষ করে কোমরে যাদের ব্যথা হয়, তাদের দুগ্ধজাতীয় খাবার গ্রহণের পর প্রদাহ বেড়ে যায়","আর্থ্রাইটিসে আক্রান্ত ব্যক্তিদের, বিশেষ করে পিঠে ব্যথা, দুগ্ধজাত দ্রব্য খাওয়ার পর প্রদাহ বেড়ে যায়।"
6706,7833,"এক প্রশ্নের জবাবে মেয়র বলেন, ‘বর্ষা মৌসুমের আগে থেকেই আমরা মশা নিধনে মাঠে কাজ করছি৷ নিয়মিত লার্ভিসাইডিং ও এডিসের প্রজননস্থল ধ্বংসের পাশাপাশি ডেঙ্গু নিয়ন্ত্রণে ওয়ার্ডে ওয়ার্ডে সচেতনতামূলক প্রচারাভিযান পরিচালনা করছি","এক প্রশ্নের জবাবে মেয়র বলেন, বর্ষা মৌসুমের আগে থেকেই আমরা মশা নিধনে মাঠে কাজ করছি। নিয়মিত লার্ভিসাইডিং এবং এডিস প্রজনন ক্ষেত্র ধ্বংসের পাশাপাশি ডেঙ্গু নিয়ন্ত্রণের জন্য ওয়ার্ড-টু-ওয়ার্ড সচেতনতামূলক প্রচারাভিযান পরিচালনা করা।"
150931,128857,অতিরিক্ত ওজন বা স্থূলতা বড় কারণ,স্থূলতা বা অতিরিক্ত ওজন একটি বড় কারণ
160426,139123,আর আমি জীবন বাজি রেখে জীবন বাঁচিয়ে পাস করে গেছি,এবং আমি আমার জীবনের ঝুঁকি নিয়ে এবং আমার জীবন রক্ষা করে পাস করেছি।
796,936," আমরা মনে করি, এভাবে এডিস মশাকে পূর্ণরূপে নিয়ন্ত্রণ করতে পারব",আমরা মনে করি এভাবেই এডিস মশা পুরোপুরি নিয়ন্ত্রণ করা সম্ভব।
172969,152670,স্ক্যানটির অন্যান্য নাম লেভেল ২ আলট্রাসাউন্ড অ্যানাটমি স্ক্যান মিড প্রেগন্যান্সি স্ক্যান ২০ উইক স্ক্যান সেকেন্ড ট্রাইমিস্টার স্ক্যান ইত্যাদি,স্ক্যানের অন্যান্য নাম হল আল্ট্রাসাউন্ড অ্যানাটমি স্ক্যান লেভেল 2 মিড প্রেগন্যান্সি স্ক্যান 20 উইক স্ক্যান সেকেন্ড ট্রাইমেস্টার স্ক্যান ইত্যাদি।
23421,27875, এ ছাড়া পুরুষের বন্ধ্যাত্ব দূর করতে ডার্ক চকলেট বিশেষ ভূমিকা রাখে,এছাড়া পুরুষের বন্ধ্যাত্ব দূর করতে ডার্ক চকলেট বিশেষ ভূমিকা পালন করে।
55209,27001,লক্ষ্য রাখবেন প্যারালাইসিস হাত যেন না ঝুলে থাকে,লক্ষ করুন যে পক্ষাঘাতগ্রস্ত বাহু ঝুলে যায় না।
167946,147286,অতএব ঘামে ভেজা শরীর নিয়ে কোথাও বসার আগে সাবধান,তাই ঘর্মাক্ত শরীর নিয়ে কোথাও বসার আগে সাবধান।
148743,126528,আবার মন ভালো না থাকলেও কিছু শারীরিক সমস্যা বাড়তে পারে,ভালো না থাকলেও কিছু শারীরিক সমস্যা বাড়তে পারে।
156083,134427,তাই অকারণ কালক্ষেপণ মানেই ঝুঁকি বাড়তে দেওয়া,"অতএব, অপ্রয়োজনীয় বিলম্ব মানে ঝুঁকি বৃদ্ধি।"
94888,69181,২ নিয়মিত শরীর চর্চা আদর্শ ওজন বজায় রাখা,2 আদর্শ ওজন বজায় রাখার জন্য নিয়মিত ব্যায়াম করুন।
63664,36028,তখন জ্বর কমে আসবে খুসখুসে কাশি হলে কফ সিরাপ খেতে হবে,তাহলে জ্বর কমে যাবে এবং ভালো কাশি হলে কাশির শরবত খেতে হবে।
3162,3714,"জানলে অবাক হয়ে যাবেন, এই কাজে আপনাকে সাহায্য করতে পারে কয়েকটি শিম",আপনি জেনে অবাক হবেন যে কয়েকটি মটরশুটি আপনাকে এই কাজে সাহায্য করতে পারে।
38364,8947,বাচ্চারা যে কোনো যাতায়াতে ঘন ঘন খেতে চায়,বাচ্চারা যেকোন যাত্রাপথে ঘন ঘন খাওয়ার প্রবণতা রাখে।
77162,50356,উল্লেখ্য উচ্চশিক্ষায় অধ্যাপনা পেশায় ইমেরিটাস অধ্যাপক একটি উচ্চ মর্যাদাসম্পন্ন পদবি,উল্লেখ্য যে ইমেরিটাস অধ্যাপক উচ্চ শিক্ষায় শিক্ষকতা পেশায় একটি মর্যাদাপূর্ণ উপাধি।
58873,30947, প্রতিদিন হালকা ব্যায়াম করুন  ব্যায়াম ক্যানসারের ঝুঁকি কমায়,প্রতিদিন হালকা ব্যায়াম করুন ব্যায়াম ক্যান্সারের ঝুঁকি কমায়।
16354,19323, তবে বেশি পরিমাণে তেল মশলা দিয়ে এই সবজি রান্না করলে খুব একটা লাভ পাবেন না,কিন্তু এই সবজিটি বেশি তেল ও মশলা দিয়ে রান্না করলে খুব একটা লাভ হবে না।
150708,128618,এতে খিদেও বেশি লাগবে না আবার ডায়েট করাও সহজ হবে,এতে আপনার ক্ষুধা লাগবে না এবং খেতেও সুবিধা হবে।
39445,10119,এবারের বিশ্ব ন্যাশ ডেএর প্রতিপাদ্য ছিল স্টেপ আপ ফর ন্যাশ অর্থাৎ এখনই ন্যাশ সম্পর্কে সচেতন হতে হবে ও ন্যাশ প্রতিরোধ করতে হবে,"এবারের বিশ্ব NASH দিবসের থিম ছিল NASH এর জন্য Step Up, অর্থাৎ এখনই NASH সম্পর্কে সচেতন হোন এবং NASH প্রতিরোধ করুন।"
30678,750,এ খাবারগুলোতে অবশ্যই ওজন কমবে যদি বিধিনিষেধ মেনে এগুলো খাওয়া হয়,এই খাবারগুলো অবশ্যই আপনার ওজন কমাতে সাহায্য করবে যদি আপনি এগুলো পরিমিতভাবে খান।
81831,55347,লেপ বা কম্বল ব্যবহার করা হলে সেটি নিয়মিত কয়েকদিন সেটি বাইরে রোদে দিতে হবে,যদি একটি কভার বা কম্বল ব্যবহার করা হয় তবে এটি নিয়মিত কয়েক দিনের জন্য সূর্যের সংস্পর্শে আসতে হবে।
110729,86195,শর্তসাপেক্ষে প্রাপ্তবয়স্ক সকল নারী পুরুষের ওপর রমজান মাসে রোজা রাখা ফরজ,রমজান মাসে রোজা রাখা সকল প্রাপ্তবয়স্ক নারী-পুরুষের জন্য ফরজ।
125272,101681,চিকিৎসা শাস্ত্রের ব্যাপক উন্নতি হয়েছে তবে ক্যান্সার চিকিৎসা আজও অপ্রতুল রয়েছে,"চিকিৎসা বিজ্ঞান অনেক উন্নতি করেছে, কিন্তু ক্যান্সারের চিকিৎসা এখনও অপ্রতুল।"
132325,109085,আবার বুকে ব্যথা হলে প্রয়োজনে জিহ্বার নিচে নাইট্রেট ট্যাবলেট বা স্প্রে ব্যবহার করা যেতে পারে,বুকে ব্যথা হলে প্রয়োজনে নাইট্রেট ট্যাবলেট বা স্প্রে জিহ্বার নিচে ব্যবহার করা যেতে পারে।
128087,104658,এমন অবস্থায় কেউ যদি কোভিড১৯ পজিটিভ হন তার জন্য আপনার পরামর্শ কি,এমন পরিস্থিতিতে কোভিড-১৯ এর জন্য ইতিবাচক পরীক্ষা করে এমন একজনের জন্য আপনার পরামর্শ কী?
38811,9449,জণ্ডিসের প্রধান লক্ষণগুলোর মধ্যে রয়েছে,জন্ডিসের প্রধান লক্ষণগুলির মধ্যে রয়েছে:
122893,99140,মুখের স্বাদকে প্রাধান্য দেয় কিন্তু অনেক ওষুধ আমাদের মুখের স্বাদ ও রুচিকে কমিয়ে দিতে পারে খাবার গ্রহণে অনীহার জন্ম দিতে পারে যেমন মেট্রোনিডাজল ইনহেলার বিটা ব্লকার,"মুখের মধ্যে প্রধান স্বাদ, কিন্তু অনেক ওষুধ আমাদের স্বাদ এবং ক্ষুধা হ্রাস করতে পারে যা খেতে অনীহা সৃষ্টি করে যেমন মেট্রোনিডাজল ইনহেলার বিটা ব্লকার।"
141360,118637,যেমন কানে কম শোনা বধিরতা হৃৎকম্প হৃদরোগ শিশুদের লেখাপড়ায় মনোযোগ কমে যাওয়া মানসিক বিকাশ বিঘ্নিত হওয়া খিটখিটে মেজাজ পেটের আলসার অনিদ্রা বা ইনসমনিয়া মানসিক উত্তেজনা ও উদ্বিগ্নতা বা অ্যাংজাইটি স্ট্রোক ইত্যাদি,"যেমন শ্রবণশক্তি হ্রাস, বধিরতা, ধড়ফড়, হৃদরোগ, শিশুদের মনোযোগ হ্রাস, প্রতিবন্ধী মানসিক বিকাশ, খিটখিটে মেজাজ, পেটের আলসার, অনিদ্রা বা অনিদ্রা, মানসিক উত্তেজনা এবং উদ্বেগ বা উদ্বেগ স্ট্রোক ইত্যাদি।"
48104,19364,কিছুক্ষণ পর পর দুধ ও পানি পরিবর্তন করে খাওয়ালে শিশুদের মুখের স্বাস্থ্য ভালো থাকে,বাচ্চাদের মুখের স্বাস্থ্য ভালো থাকে যদি তারা কিছুক্ষণ পর পর দুধ ও পানি বিকল্প করে।
152664,130715,ক্ষুধা কমিয়ে ওজন কমাতে ভূমিকা রাখে,ক্ষুধা কমাতে এবং ওজন কমাতে সাহায্য করে
25519,30369, চিকিৎসকেরা শরীরের রোগ প্রতিরোধ ক্ষমতা বাড়ানোর জন্য প্রতিদিন ফল খাওয়া জরুরি,"চিকিৎসকরা বলছেন, শরীরের রোগ প্রতিরোধ ক্ষমতা বাড়াতে প্রতিদিন ফল খাওয়া জরুরি।"
133709,110542,শুক্রবার রাতের কোনো সময় ওই ইউনিয়নের ২ নম্বর ওয়ার্ডের ভূঁইয়া বাড়ি সংলগ্ন একটি পরিত্যক্ত ঘরে তার মৃত্যু হয়,শুক্রবার রাতে ইউনিয়নের ২নং ওয়ার্ডের ভূঁইয়া বাড়ি সংলগ্ন একটি পরিত্যক্ত বাড়িতে তার মৃত্যু হয়।
174111,153897,হাঁচিকাশির আদবকেতা শিশুদের হাঁচি বা কাশির সময় মুখ ঢেকে রাখতে শেখানোর পাশাপাশি হাঁচি বা কাশি এলে হাতের পরিবর্তে টিস্যু বা বাহু ব্যবহার করতে শেখানো উচিত,"হাঁচির শিষ্টাচার: হাঁচি বা কাশি দেওয়ার সময় বাচ্চাদের মুখ ঢেকে রাখতে শেখানোর পাশাপাশি, হাঁচি বা কাশি দেওয়ার সময় তাদের হাতের পরিবর্তে টিস্যু বা বাহু ব্যবহার করতে শেখানো উচিত।"
195598,175492,টেডি ছোট থেকে বড় সব মেয়েদেরই পছন্দের তালিকায় এই জিনিসটি অবশ্যই থাকে,"টেডি সব মেয়ের জন্য একটি আবশ্যক আইটেম, তরুণ এবং বৃদ্ধ."
57672,29644,প্রতিদিন আড়াই কাপ ফল এবং সবজি খাওয়া স্বাস্থ্যের জন্য ভালো,প্রতিদিন আড়াই কাপ ফল ও সবজি খাওয়া স্বাস্থ্যের জন্য ভালো।
70970,43789,উভয় ক্ষেত্রেই বিপরীত লিঙ্গের প্রতি আকর্ষণের ঘাটতি থাকবে,উভয় ক্ষেত্রেই বিপরীত লিঙ্গের প্রতি আকর্ষণের অভাব থাকবে।
143066,120399,আর চিকিৎসাবিজ্ঞানীদের কাছে এ নাম গ্রহণযোগ্যতা পায়নি,আর এই নামটি চিকিৎসা বিজ্ঞানীরা মেনে নেননি।
31945,2093,বিশ্বের অন্যতম শীর্ষ গবেষণা ভিত্তিক ফার্মাসিউটিক্যাল কোম্পানি এফ হফম্যানলা রোশ সুইজারল্যান্ড এবং বাংলাদেশের শীর্ষ দশ ঔষধ প্রস্তুতকারী প্রতিষ্ঠানের অন্তর্ভুক্ত ও বিশেষ জীবন রক্ষাকারী ঔষধের শীর্ষ আমদানিকারক রেডিয়েন্ট ফার্মাসিউটিক্যালস লিমিটেডের মধ্যে রোববার ওই চুক্তি স্বাক্ষরিত হয়,রোববার বিশ্বের শীর্ষস্থানীয় গবেষণাভিত্তিক ওষুধ কোম্পানি এফ. হফম্যান-রোচে সুইজারল্যান্ড এবং বাংলাদেশের শীর্ষ দশ ওষুধ প্রস্তুতকারক এবং বিশেষ জীবন রক্ষাকারী ওষুধের শীর্ষ আমদানিকারক রেডিয়েন্ট ফার্মাসিউটিক্যালস লিমিটেডের মধ্যে চুক্তি স্বাক্ষরিত হয়।
3366,3960," তাই যখন হাঁটা-চলা করবেন, তখন আপনার মস্তিষ্কও ভালোভাবে কাজ করতে শুরু করবে",তাই আপনি যখন হাঁটবেন তখন আপনার মস্তিষ্কও ভালোভাবে কাজ করতে শুরু করবে।
167828,147162,ডা ফাতেমাতুজজোহরা চর্ম যৌন লেজার ও কসমেটিক ডার্মাটোলজিস্ট সহকারী অধ্যাপক আলোক হাসপাতাল লিমিটেড মিরপুর ঢাকা,ডাঃ ফাতেমাতুজ্জোহরা চর্মরোগ বিশেষজ্ঞ লেজার ও কসমেটিক চর্মরোগ বিশেষজ্ঞ সহকারী অধ্যাপক আলোক হাসপাতাল লিমিটেড মিরপুর ঢাকা
102636,77561,সাইকিয়াট্রিস্ট হচ্ছেন একজন ডাক্তার তিনি প্রথমে ডাক্তারি পাস করেন অর্থাৎ MBBS degree নেন এরপর সাইকিয়াট্রি বিষয়ে উচ্চতর ডিগ্রি নেন অর্থাৎ সাইকিয়াট্রিতে বিশেষজ্ঞ হন,সাইকিয়াট্রিস্ট হলেন একজন ডাক্তার যিনি প্রথমে মেডিকেল অর্থাৎ এমবিবিএস ডিগ্রি পাস করেন এবং তারপরে সাইকিয়াট্রিতে উচ্চতর ডিগ্রি নেন অর্থাৎ সাইকিয়াট্রিতে বিশেষজ্ঞ হন।
53927,25598,হার্টের রক্তনালির ব্লকের কারণে হার্টঅ্যাটাক হলে ওপরের পেটের ব্যথা প্রথমবারের জন্য বা নতুন ধরনের ব্যথা অনুভূত হলে এবং এর সঙ্গে যদি প্রচুর ঘাম হয় বা বমি বমি ভাব হয় তবে তা হার্টঅ্যাটাকের জন্য হওয়ার আশঙ্কা বেশি,"হার্টে রক্তনালী ব্লকের কারণে হার্ট অ্যাটাক যদি প্রথমবার উপরের পেটে ব্যথা হয় বা নতুন হয় এবং প্রচুর ঘাম বা বমি বমি ভাব হয়, তবে এটি হার্ট অ্যাটাক হওয়ার সম্ভাবনা বেশি।"
158072,136566,এ ধরনের সাপের কামড়ে আক্রান্ত স্থানে প্রচণ্ড ব্যথা অনুভূত হয় ফুলে ওঠে ফোসকা পড়ে রক্তক্ষরণ হয়,"এ ধরনের সাপের কামড়ে আক্রান্ত স্থানে প্রচণ্ড ব্যথা, ফোলাভাব, ফোসকা ও রক্তপাত হয়।"
131832,108561,ক্ষতিকর বর্জ্যগুলো সিল কনটেইনারে সংরক্ষণ করতে হবে,বিপজ্জনক বর্জ্য সিল করা পাত্রে সংরক্ষণ করা উচিত।
108204,83533,এবার এগুলা পরিহার করতে হবে,এখন তাদের এড়িয়ে চলতে হবে।
127206,103722,কেউ তাকে দেখতে আসে না ছুঁতে চায় না সেবা ও চিকিৎসা দিতে অনীহা প্রকাশ করে,"কেউ তাকে দেখতে চায় না, স্পর্শ করতে চায় না, সেবা ও চিকিৎসা দিতে অনীহা দেখায়।"
29562,35088, এতে স্বাদটাও বাড়বে আবার পুষ্টিগুণও কমবে না,এতে স্বাদ বাড়বে এবং পুষ্টিগুণও কমবে না।
104977,80095,কীভাবে ব্লাড ক্যান্সার নির্ণয় করা হয়,কিভাবে ব্লাড ক্যান্সার নির্ণয় করা হয়?
121138,97246,থাইরয়েড গ্রন্থি আকারে বড় হয়ে গেলে উপযুক্ত পরীক্ষা করে দেখে নেয়া উচিত যে এখানে কোনো টিউমার বা ক্যান্সার তৈরি হয়েছে কিনা,"থাইরয়েড গ্রন্থি বড় হলে, টিউমার বা ক্যান্সার হয়েছে কিনা তা দেখার জন্য উপযুক্ত পরীক্ষা করা উচিত।"
154314,132497,ডা জাহেদ পারভেজ সহকারী অধ্যাপক ত্বকচর্মযৌন ও অ্যালার্জি রোগ বিভাগ সোহরাওয়ার্দী মেডিকেল কলেজ হাসপাতাল ঢাকা,"ডাঃ জাহেদ পারভেজ সহকারী অধ্যাপক, চর্মরোগবিদ্যা, ভেনারোলজি এবং অ্যালার্জি বিভাগ, সোহরাওয়ার্দী মেডিকেল কলেজ হাসপাতাল, ঢাকা"
57618,29588,৩০ থেকে ৩৬ মাস বয়সে দুতিনটা বাক্য একত্র করে বলে পুরো ঘটনা বলতে পারে,30 থেকে 36 মাস বয়সে দুই বা তিনটি বাক্য একসাথে বসিয়ে পুরো গল্পটি বলা যায়।
133698,110531,এ ঘটনায় তার বাড়ি লকডাউন করা হয়েছে,এ ঘটনায় তার বাড়িতে তালা দেয়া হয়েছে।
141672,118964,নিয়মিত বাদাম সেবনে পলিঅনস্যাচুরেটেড এবং মনো ফ্যাটি অ্যাসিড সহ ভিটামিন এ ডি বি ১ বি ২ এবং বি ৬ এর মতো পুষ্টির পরিমাণ বৃদ্ধি পায় যা চুলের বৃদ্ধি বাড়িয়ে খুশকি এবং প্রদাহ রোধের জন্য প্রয়োজনীয় ভূমিকা রাখে,"বাদাম নিয়মিত সেবনে ভিটামিন A, D, B1, B2 এবং B6 এর সাথে পলিআনস্যাচুরেটেড এবং মনো ফ্যাটি অ্যাসিডের মতো পুষ্টির পরিমাণ বাড়ায়, যা চুলের বৃদ্ধির মাধ্যমে খুশকি এবং প্রদাহ প্রতিরোধে অপরিহার্য ভূমিকা পালন করে।"
175914,155770,৬ স্পাইনাল ক্যানেল স্টেনোসিসঃ মেরুদণ্ডের গঠন অনুযায়ী প্রতিটি কশেরুকার দুপাশ দিয়ে স্পাইনাল নার্ভ বের হয়ে শরীরের দুপাশের বিভিন্ন অংশে ছড়িয়ে গেছে,"স্পাইনাল ক্যানাল স্টেনোসিস: মেরুদণ্ডের গঠন অনুসারে, মেরুদণ্ডের স্নায়ু প্রতিটি কশেরুকার উভয় পাশ থেকে বেরিয়ে যায় এবং উভয় পাশে শরীরের বিভিন্ন অংশে ছড়িয়ে পড়ে।"
70026,42790,অনেক সময় এ গন্ধ সাময়িক,কখনও কখনও এই গন্ধ অস্থায়ী হয়।
82784,56339,বিশেষ করে অ্যাজমা আক্রান্ত রোগীর শোবার ঘরটি সব সময় শুষ্ক ধুলা ও মাইটমুক্ত হতে হবে,"বিশেষ করে, হাঁপানি রোগীর শয়নকক্ষ সবসময় শুকনো ধুলোবালি ও মাইটমুক্ত থাকতে হবে।"
20089,23866, এছাড়াও কিডনিতে গিয়ে ইউরিয়া আর ক্রিয়েটিনিন কমিয়ে দেয় হলুদ,হলুদ কিডনিতে গিয়ে ইউরিয়া ও ক্রিয়েটিনিনও কমায়।
183883,163770,বাংলাদেশ মেডিকেল অ্যান্ড ডেন্টাল কাউন্সিল শক্তিশালীকরণের উপর তিনি জোরারোপ করে অধ্যাপক এ কে খান আজাদ বলেন যেহেতু প্রযুক্তির ক্ষেত্রে চিকিৎসা বিজ্ঞান একটি সর্বদা পরিবর্তনশীল প্রক্রিয়া এমতাবস্থায় বর্তমানে আমরা যা আমরা প্রত্যক্ষ করছি আগামী ২৫ বছর পর এ ক্ষেত্রে ব্যাপক পরিবর্তন আসবে তাই সেরা প্রযুক্তিগত অগ্রগতি গ্রহণ করার জন্য আমাদের একটি সঠিক পাঠ্যক্রম থাকা জরুরি,"অধ্যাপক এ কে খান আজাদ বাংলাদেশ মেডিকেল অ্যান্ড ডেন্টাল কাউন্সিলকে শক্তিশালী করার ওপর জোর দিয়ে বলেন, যেহেতু চিকিৎসা বিজ্ঞান প্রযুক্তির পরিপ্রেক্ষিতে একটি পরিবর্তনশীল প্রক্রিয়া, তাই আমরা বর্তমানে যা দেখছি তা আগামী ২৫ বছরে ব্যাপকভাবে পরিবর্তিত হবে, তাই এটি আমাদের জন্য গুরুত্বপূর্ণ। সেরা প্রযুক্তিগত অগ্রগতি গ্রহণ করার জন্য একটি সঠিক পাঠ্যক্রম থাকতে হবে।"
42278,13139,রোগ প্রতিরোধ ক্ষমতা গড়ে তুলতে হলে কমলা রঙের এ ফলের জুড়ি মেলা ভাড়,রোগ প্রতিরোধ ক্ষমতা বাড়াতে চাইলে এই কমলা ফলটি ভালো মিলবে।
47732,18967,এগুলো নিয়ন্ত্রণে না থাকলে নরমাল ডেলিভারি করা অনেক সময় অসম্ভব হয়ে পড়ে,এগুলো নিয়ন্ত্রণে না থাকলে নরমাল ডেলিভারি অনেক সময় অসম্ভব হয়ে পড়ে।
187144,167038,তবে সব গাছ কিন্তু এই পদ্ধতিতে বাঁচে না,তবে সব গাছ এভাবে বেঁচে থাকে না।
61739,33997,স্লিপ এপনিয়ার সঙ্গে সিওপিডি যুক্ত হলে এটি উচ্চ রক্তচাপ পালমোনারি হাইপারটেনশন অ্যারিথমিয়া হার্ট ফেইলিওর এবং চিকিৎসা না করা হলে স্ট্রোকের দিকে নিয়ে যায়,"স্লিপ অ্যাপনিয়ার সাথে মিলিত সিওপিডি উচ্চ রক্তচাপ, পালমোনারি হাইপারটেনশন, অ্যারিথমিয়াস, হার্ট ফেইলিওর এবং স্ট্রোক হতে পারে যদি চিকিৎসা না করা হয়।"
53100,24697,যে কোনো শাক রান্না করার সময় অবশ্যই তেল দিতে হবে,যেকোনো সবজি রান্না করার সময় তেল দিতে হবে।
31685,1825,আরেক গবেষণা তুলে ধরে চিকিৎসক ডা মোহাম্মদ এমএ সামাদ বলেন সবচেয়ে বেশি খুঁজে পাওয়া জীবাণু ইকোলাইয়ের বেলায় পোলট্রি শিল্পে ব্যবহৃত ১২টি অ্যান্টিবায়োটিকের আটটিই অকার্যকর হয়েছে অন্তত ৪০ ভাগ,"ডক্টর মোহাম্মদ এম এ সামাদ, অন্য একটি গবেষণার উদ্ধৃতি দিয়ে বলেছেন যে পোল্ট্রি শিল্পে ব্যবহৃত 12টি অ্যান্টিবায়োটিকের মধ্যে আটটি ইকোলির ক্ষেত্রে অন্তত 40% অকার্যকর ছিল, এটি সবচেয়ে সাধারণ প্যাথোজেন পাওয়া যায়।"
4569,5378, এই কাজের সঙ্গে কীটতত্ত্ববিদদের সম্পৃক্ত করতে হবে,এ কাজে কীটতত্ত্ববিদদের সম্পৃক্ত করতে হবে।
20219,24023," প্রতিদিন পানি বা দুধ বা ফলের রসের সাথে মিশিয়ে ব্যবহার করলে মুখ পরিষ্কার হয়, মুখের উজ্জ্বলতা বৃদ্ধি পায় এবং বলিরেখার আবির্ভাব রোধ করে","প্রতিদিন পানি বা দুধ বা ফলের রস মিশিয়ে ব্যবহার মুখ পরিষ্কার করে, মুখ উজ্জ্বল করে এবং সূক্ষ্ম রেখা দেখা রোধ করে।"
164326,143373,গরমে ঘামের সঙ্গে শরীর থেকে বের হয়ে যায় প্রয়োজনীয় লবণ যেমন সোডিয়াম পটাশিয়াম,"গরম আবহাওয়ায়, সোডিয়াম এবং পটাসিয়ামের মতো প্রয়োজনীয় লবণ শরীর থেকে ঘামের মাধ্যমে হারিয়ে যায়।"
61758,34016,এ ক্ষেত্রে চিকিৎসক ঘুমের পরীক্ষার মাধ্যমে রোগীর ঘুমের অসুবিধাগুলোর ব্যাপারে সহযোগিতা করতে পারবে,এক্ষেত্রে চিকিৎসক ঘুমের পরীক্ষার মাধ্যমে রোগীকে ঘুমের সমস্যায় সাহায্য করতে পারেন।
189333,169227, হার্ড লেন্স ইমালসিফাই করার জন্য প্রয়োজনীয় শক্তির পরিমাণ বৃদ্ধি পায় এবং এটি আশেপাশের কাঠামোর ক্ষতি করতে পারে,একটি হার্ড লেন্স ইমালসিফাই করার জন্য প্রয়োজনীয় শক্তির পরিমাণ বৃদ্ধি পায় এবং এটি আশেপাশের কাঠামোর ক্ষতি করতে পারে।
1399,1636, ডেঙ্গু এডিস মশাবাহিত একটি ভাইরাসঘটিত জ্বর রোগ,ডেঙ্গু এডিস মশা দ্বারা সংক্রামিত একটি ভাইরাল জ্বরজনিত রোগ।
62484,34784,এসব কিছুই এক বা একাধিক পরীক্ষার প্রয়োজন হতে পারে,এই সব এক বা একাধিক পরীক্ষার প্রয়োজন হতে পারে.
53747,25391,যে কোনো বয়সে আর্টিকেরিয়া হতে পারে,Urticaria যে কোন বয়সে হতে পারে।
65738,38291,জার্নিতে সাধারণ স্বাস্থ্য সমস্যা প্রতিরোধ,যাত্রায় সাধারণ স্বাস্থ্য সমস্যা প্রতিরোধ।
4856,5693," চায়ের সঙ্গে বেশি ক্যালোরিযুক্ত বিস্কুট, কুকিজ, চানাচুর, নিমকি খেলে ওজন তরতরিয়ে বেড়ে যায়","চায়ের সাথে উচ্চ ক্যালরির বিস্কুট, কুকিজ, চানাচুর, নিমকি খেলে ওজন বাড়ে।"
140958,118212,ইসলামেও বলা হয়েছে পরিষ্কার পরিচ্ছন্ন থাকা ঈমানের অঙ্গ,ইসলামে পরিচ্ছন্নতাকেও ঈমানের অঙ্গ বলা হয়েছে।
111688,87214,কর্নিয়ার কিছু খুব গুরুত্বপূর্ণ কাজ রয়েছে,কর্নিয়ার কিছু অত্যন্ত গুরুত্বপূর্ণ কাজ আছে।
72480,45386,প্রতিবছর ৬ মার্চ ওয়ার্ল্ড ডেন্টিস্টস্ ডে পালিত হয় ডেন্টিস্ট বা ডেন্টাল সার্জনদের প্রশংসা করার জন্য এবং ধন্যবাদ জানানোর জন্য,ডেন্টিস্ট বা ডেন্টাল সার্জনদের প্রশংসা ও ধন্যবাদ জানাতে প্রতি বছর ৬ মার্চ বিশ্ব ডেন্টিস্ট ডে পালিত হয়।
35509,5924,তাই জ্বর হলে শিশুদের অতি দ্রুত হাসপাতালে আনার জন্য অনুরোধ করা হচ্ছে,তাই জ্বর হলে যত দ্রুত সম্ভব শিশুদের হাসপাতালে নিয়ে আসার জন্য অনুরোধ করা হচ্ছে।
143265,120604,চীনের রাষ্ট্রীয় গণমাধ্যম সিনহুয়া ওই নবজাতকের দেহে করোনাভাইরাস শনাক্তের বিষয়টি নিশ্চিত করে,চীনের রাষ্ট্রীয় সংবাদমাধ্যম সিনহুয়া নবজাতকের শরীরে করোনাভাইরাস শনাক্তের বিষয়টি নিশ্চিত করেছে।
104875,79982,কারণ দ্রুত চিকিৎসকের কাছে গেলে সঠিক সময়ে এর চিকিৎসাটা করা সম্ভব,কারণ দ্রুত চিকিৎসকের কাছে গেলে সঠিক সময়ে চিকিৎসা করা যায়।
170695,150219,তিল ও শর্ষে তিল ক্যালসিয়াম ও আয়রনে ভরপুর,তিল এবং সরিষার বীজ তিলের বীজে প্রচুর পরিমাণে ক্যালসিয়াম এবং আয়রন রয়েছে।
105457,80615,ক্যানসার হলে লিভারে চাকা হয়,ক্যান্সার হলে লিভারে চাকা থাকবে।
160344,139031,দৈনিক আট গ্লাস পানি খাওয়ার কথা আপনি নিশ্চয়ই অনেকবার শুনে ফেলেছেন,দিনে আট গ্লাস পানি পান করার কথা আপনি নিশ্চয়ই অনেকবার শুনেছেন।
36953,7442,অনুষ্ঠানে প্রধান অতিথি ছিলেন বিএসএমএমইউ উপাচার্য অধ্যাপক ডা শরফুদ্দিন আহমেদ,অনুষ্ঠানে প্রধান অতিথি ছিলেন বিএসএমএমইউর উপাচার্য অধ্যাপক ড. শরফুদ্দিন আহমেদ।
107871,83168,সোমবার গবেষণাটির সিনিয়র লেখক নাথানিয়েল লানডাও বলেন আমরা দেখতে পেয়েছি ভ্যাকসিনগুলোর অ্যান্টিবডি এসব ভ্যারিয়েন্টের বিরুদ্ধে কিছুটা দুর্বল তবে এতোটা নয় যে তা এসব ভ্যাকসিনগুলোর সুরক্ষা ক্ষমতাকে অকার্যকর করে দেবে,"গবেষণার সিনিয়র লেখক নাথানিয়েল ল্যান্ডউ সোমবার বলেছেন যে আমরা দেখেছি যে ভ্যাকসিনগুলির অ্যান্টিবডিগুলি এই রূপগুলির বিরুদ্ধে কিছুটা দুর্বল ছিল, তবে এতটা নয় যে এটি ভ্যাকসিনগুলির সুরক্ষাকে বাতিল করে দেবে।"
140854,118094,অন্যদিকে নগদ টাকার মাধ্যমে এই ভাইরাস ছড়াতে পারে সেজন্য ইরানের ব্যাংকগুলোতে নগদ লেনদেন বন্ধ করে দেয়া হয়েছে,অন্যদিকে নগদ অর্থের মাধ্যমে এই ভাইরাস ছড়াতে পারে বলে ইরানের ব্যাংকগুলোতে নগদ লেনদেন বন্ধ করে দেওয়া হয়েছে।
70584,43378,সঙ্গে বমি বমি ভাব হলে বমির ভাব দূর করার ওষুধ খেতে পারেন,আপনার যদি বমি বমি ভাব হয় তবে আপনি বমি বমি ভাব বিরোধী ওষুধ খেতে পারেন।
35522,5937,ডা সেলিনা সুলতানা  কনসালটেন্ট নিউরোডেভেলপমেন্টাল ডিজঅর্ডার এবং চাইল্ড ডেভেলপমেন্ট অ্যান্ড পেডিয়াট্রিক ডিপার্টমেন্ট বেটার লাইফ হসপিটাল,সেলিনা সুলতানা কনসালটেন্ট নিউরোডেভেলপমেন্টাল ডিসঅর্ডার অ্যান্ড চাইল্ড ডেভেলপমেন্ট অ্যান্ড পেডিয়াট্রিক বিভাগ বেটার লাইফ হাসপাতালে
133639,110468,কিছুতেই নিজেকে ক্ষমা করতে পারছেন না তিনি,সে নিজেকে কিছুতেই ক্ষমা করতে পারে না।
145680,123206,বয়স বৃদ্ধির সঙ্গে গ্রন্থির আয়তন বাড়তে থাকা,বয়স বাড়ার সাথে সাথে গ্রন্থির আকার বৃদ্ধি পায়।
114705,90362,খুব সহজে আমরা ঘরোয়া কিছু নিয়ম এবং খাদ্যাভাসের মাধ্যমে গলা ব্যথা থেকে মুক্তি পেতে পারি,ঘরোয়া কিছু নিয়ম ও পথ্যের মাধ্যমে খুব সহজেই আমরা গলা ব্যথা থেকে মুক্তি পেতে পারি।
119791,95794,একবার ৯২ শতাংশের কম দেখা যায় সে ক্ষেত্রে একটু সময় দিয়ে আবার পরীক্ষা করুন,"একবার 92 শতাংশের কম দেখা গেলে, কিছুক্ষণ পর পুনরায় পরীক্ষা করুন।"
180811,160689,২ আমলকী হরীতকী শিকাকাই মেথি মেহেদি ও টকদই মিশিয়ে অন্য একটি প্যাক তৈরি করা যায়,"২টি আমলা, হরিতকি, শিকাকাই, মেথি, মেহেদি এবং দই মিশিয়ে আরেকটি প্যাক তৈরি করা যায়।"
176592,156451,৩০ বছর আগের তুলনায় এই সংখ্যা এখন চার গুণ বেশি এই হিসাব বিশ্ব স্বাস্থ্য সংস্থার,"বিশ্ব স্বাস্থ্য সংস্থার মতে, এই সংখ্যা 30 বছর আগের তুলনায় এখন চার গুণ বেশি।"
10145,11888, চাইলে এর সঙ্গে কিছু ভেষজ মশলাও দেওয়া যেতে পারে,চাইলে এর সাথে কিছু ভেষজ মশলাও দেওয়া যেতে পারে।
102931,77870,৩    হাতপায়ে বোধশক্তি কমে যেতে থাকে,হাত পায়ে সংবেদন কমে যায়।
147602,125291,নানা কারণেই একটি শিশু থাইরয়েড হরমোনের ঘাটতি নিয়ে জন্মাতে পারে,একটি শিশু বিভিন্ন কারণে থাইরয়েডের ঘাটতি নিয়ে জন্মগ্রহণ করতে পারে।
53221,24828,অসুস্থতা সাধারণত ৭ থেকে ১০ দিনের মধ্যে নিজেই ভালো হয়ে যায়,অসুস্থতা সাধারণত 7 থেকে 10 দিনের মধ্যে নিজেই ভাল হয়ে যায়।
80052,53423,অবশ্য রোগের নিয়ন্ত্রণ এবং উপসর্গগুলোর তীব্রতা হ্রাস করতে নিজের যত্ন নেওয়া এবং জীবনধারার পরিবর্তন করা দরকার,রোগ নিয়ন্ত্রণ এবং উপসর্গের তীব্রতা কমাতে স্ব-যত্ন এবং জীবনযাত্রার পরিবর্তন প্রয়োজন।
178896,158770,সরকারি হিসেবে করোনার সংক্রমণে দেশে মোট ২৯ হাজার ৪৯১ জনের মৃত্যু হলো,"সরকারী গণনা অনুসারে, করোনভাইরাস সংক্রমণের কারণে দেশে মোট 29,491 জন মারা গেছে।"
49686,21060,শিম শিমে প্রচুর পরিমাণে আঁশ আছে যা পরিপাকতন্ত্রের জন্য উপকারী,"মটরশুটি ফাইবার সমৃদ্ধ, যা পরিপাকতন্ত্রের জন্য উপকারী।"
88183,62074,গতকাল ছিল বিশ্ব নিউমোনিয়া দিবস,গতকাল ছিল বিশ্ব নিউমোনিয়া দিবস।
105051,80179,সঠিক সময়ে নির্ভুল রোগ নির্ণয় করে সঠিক চিকিৎসা নিলে অনেক ব্লাড ক্যান্সার ভালো হয় ও নিয়ন্ত্রণে রাখা যায়,সঠিক সময়ে সঠিক রোগ নির্ণয় ও চিকিৎসার মাধ্যমে অনেক ব্লাড ক্যান্সার নিরাময় ও নিয়ন্ত্রণ করা যায়।
174191,153981,৫   জন্মগত ত্রুটি যেমন ঠোঁটকাটা ও তালুকাটা সমস্যা,5. জন্মগত ত্রুটি যেমন ফাটা ঠোঁট এবং তালু
198514,178408,তাই কোনও নারীর মন জয় করতে হলে আজ থেকেই হাইজিন মেনে চলুন,নারীর মন জয় করতে চাইলে আজ থেকেই স্বাস্থ্যবিধি অনুশীলন শুরু করুন।
21732,25819,ডিমের মতো ভালো প্রোটিন আপনি খুঁজে পাবেন না,আপনি ডিমের চেয়ে ভাল প্রোটিন পাবেন না।
81336,54823,যে ভুলভ্রান্ত ধারণা অপচিকিৎসার জন্ম দেয় ,ভুল ধারণা যা দুর্ব্যবহারের দিকে নিয়ে যায়।
8751,10239, তবে প্রাকৃতিক উৎস থেকে পাওয়া ভিটামিন সি-এর কার্যকারিতা বেশি,তবে প্রাকৃতিক উৎস থেকে পাওয়া ভিটামিন সি বেশি কার্যকর।
155431,133726,কোনো পরিচিত মানুষের সঙ্গে দেখা হলে তাঁর নাম মনে করতে পারছেন নাসেই থেকে শুরু হয়ে গেল অস্থিরতা,পরিচিত কারো সাথে দেখা হলে তার নাম মনে থাকে না- অস্থিরতার শুরু সেখান থেকেই।
62202,34493,কিছুদিন আগে এক শিশুর শরীরে ক্লেবসিলা ব্যাকটেরিয়া থেকে এন্টিবায়োটিক রেজিস্টেন্স পাওয়া গেছে,কয়েকদিন আগে এক শিশুর শরীরে অ্যান্টিবায়োটিক রেজিস্ট্যান্স পাওয়া গিয়েছিল ক্লেবসিয়েলা ব্যাকটেরিয়া থেকে।
195590,175484,তবে পুরনো রান্নাঘরকে নতুন করে মডুলার করতে গেলে খানিকটা ঝামেলা পোহাতেই হবে,তবে পুরনো রান্নাঘরকে আবার মডুলার বানাতে গেলে কিছুটা ঝামেলার মধ্যে দিয়ে যেতে হবে।
86827,60624,তাই আজকে থাকছে কোলন সংক্রমণের সবচেয়ে ক্ষতিকারক যে তিন খাবার,তাই আজ রইল সেই তিনটি খাবার যা কোলন ইনফেকশনের জন্য সবচেয়ে ক্ষতিকর।
178505,158376,এ পর্যন্ত নমুনা পরীক্ষা হয়েছে এক কোটি ৫৬ লাখ ৭৭ হাজার ৯৭২টি,এ পর্যন্ত ১৫ কোটি ৭৭ হাজার ৯৭২টি নমুনা পরীক্ষা করা হয়েছে।
30316,361,হার্টের রিংয়ের নাম সর্বোচ্চ খুচরা মূল্য এবং উৎপাদনকারীর নাম উল্লেখ করে পৃথক ক্যাশমেমো দিতে হবে,সর্বোচ্চ খুচরা মূল্য এবং প্রস্তুতকারকের নাম সহ হার্টের রিংয়ের নাম উল্লেখ করে একটি পৃথক ক্যাশমেমো দিতে হবে।
97062,71511,এতে ওষুধের পরিমাণ কম লাগে এবং কাজও হয় তাড়াতাড়ি,এতে ওষুধ কম লাগে এবং দ্রুত কাজ করে।
3449,4058,ডেঙ্গুতে আক্রান্ত হয়ে গত ২৪ ঘণ্টায় সারাদেশে ১০ জনের মৃত্যু হয়েছে,গত ২৪ ঘণ্টায় সারাদেশে ডেঙ্গুতে আক্রান্ত হয়ে ১০ জনের মৃত্যু হয়েছে।
49082,20399,অধ্যাপক ড এম শমসের আলী বলেন অসংক্রমক রোগের অন্যতম প্রধান কারণ আধুনিক জীবনধারা,"অধ্যাপক ডাঃ এম শমসের আলী বলেন, অসংক্রামক রোগের অন্যতম প্রধান কারণ হচ্ছে আধুনিক জীবনধারা।"
14783,17456, রক্তে শর্করার পরিমাণ বেড়ে গেছে মানেই খাওয়া-দাওয়ায় লাগাম টানতে হয়,"রক্তে শর্করার মাত্রা বেড়ে গেছে, যার মানে খাওয়া-দাওয়া সীমিত করতে হবে।"
126595,103088,যেমন অনেক লোকের ভিড় খোলা জায়গায় হলেও একেঅপরে কাছাকাছি এলে যদি দুজনের কারো করোনা থাকে তাহলে করোনা ছড়াতে পারে,"যেমন, খোলা জায়গায় অনেক মানুষ একে অপরের কাছাকাছি আসলে, যদি দুই জনের ভাইরাস থাকে, তাহলে ভাইরাস ছড়াতে পারে।"
194025,173919,হেয়ার মাস্ক ব্যবহার করলে অতিরিক্ত আরও দুই ঘণ্টা সময় নিয়ে চুল পরিষ্কার করেন,হেয়ার মাস্ক ব্যবহার করলে চুল ধোয়ার জন্য অতিরিক্ত দুই ঘণ্টা সময় লাগে।
141894,119190,এ নিয়ে চীনে মোট মৃতের সংখ্যা গিয়ে দাঁড়িয়েছে ২৯১২ জনে,এই নিয়ে চীনে মোট মৃতের সংখ্যা 2912 জনে পৌঁছেছে।
55103,26885,এরকম বাঁধার সৃষ্টি হতে পারে যদি জন্মগতভাবে ঘাড়ের কোনো পাশে সারভাইকাল রিব নামের বাড়তি হাড় থাকে,ঘাড়ের একপাশে সার্ভিকাল রিব নামক অতিরিক্ত হাড়ের জন্ম হলে এ ধরনের ব্লকেজ হতে পারে।
90993,65038, ক্যান্সার সারভাইভার প্রত্যেক নিষ্ক্রিয় জীবন পরিহার করা উচিত,প্রতিটি ক্যান্সার থেকে বেঁচে যাওয়া একটি নিষ্ক্রিয় জীবন এড়ানো উচিত।
105801,80983,লেবু পাতার রসের সাথে বেকিং সোডা মিশিয়ে ব্যবহার করলে দাঁতের কালচে ভাব দূর হয়,লেবুর রসের সাথে বেকিং সোডা মিশিয়ে খেলে দাঁতের কালো ভাব দূর হয়।
155756,134079,ওজন কমায় কাঁচা মরিচ বাড়তি মেদ ঝরায়,সবুজ মরিচ ওজন কমাতে সাহায্য করে এবং অতিরিক্ত চর্বি পোড়ায়।
33563,3809,লেখক মেডিসিন ও বক্ষব্যাধি বিশেষজ্ঞ হেলথকেয়ার ডায়াগনস্টিক সেন্টার লি শ্যামলী ঢাকা,লেখক মেডিসিন অ্যান্ড থোরাসিক স্পেশালিস্ট হেলথকেয়ার ডায়াগনস্টিক সেন্টার লি শ্যামলী ঢাকা।
28210,33530," যাদের অ্যালার্জির সমস্যা আছে, তাদেরও বেশি ডিম খাওয়া উচিত নয়",যাদের অ্যালার্জি আছে তাদেরও বেশি ডিম খাওয়া উচিত নয়।
948,1118, নিয়ম করে সেগুলো খেলে কিডনি ভাল থাকবে,এগুলো নিয়মিত খেলে কিডনি সুস্থ থাকবে।
115853,91618,বেছে নিতে পারেন বুটের শাক ছোলার শাক মোটর শাক খেসারি শাক পালংশাক কলাইয়ের শাক বতুয়া শাক যা ভিটামিন মিনারেলস আঁশ সমৃদ্ধ,"আপনি ছোলা, মোটর শাক, কেশরি শাক, পালং শাক, সবুজ শাক সবজি বেছে নিতে পারেন যা ভিটামিন, খনিজ এবং ফাইবার সমৃদ্ধ।"
55854,27711,মেয়েদের ক্ষেত্রে প্রস্রাবের সঙ্গে রক্ত দেখা গেলে মাসিকের রক্তের কারণেও হতে পারে যা অনেক সময় বোঝা যায় না,"মহিলাদের প্রস্রাবে রক্তও মাসিকের রক্তের কারণে হতে পারে, যা অনেক সময় বোঝা যায় না।"
167765,147096,ম্যাগনেশিয়ামের অভাব হলে পেশির কার্যক্রমে বাধা পড়ে,ম্যাগনেসিয়ামের ঘাটতি পেশীর কার্যকারিতা ব্যাহত করে।
138176,115277,এক্ষেত্রে আমরা Quarantine এর মাধ্যমে সংক্রমিত ব্যক্তিদের আলাদা করলে এই Transmission Chain টি Break করা যেতে পারে,"এই ক্ষেত্রে, সংক্রামিত ব্যক্তিদের কোয়ারেন্টাইনের মাধ্যমে আলাদা করে রাখলে এই ট্রান্সমিশন চেইন ভেঙে যেতে পারে।"
70358,43135,তীব্র একিউট ফিশার হলে রোগীর মলদ্বারে অসম্ভব ব্যথা হয়,"গুরুতর তীব্র ফিসারের ক্ষেত্রে, রোগীর মলদ্বারে তীব্র ব্যথা হয়।"
152079,130087,আক্রান্তদের মধ্যে তখন দ্রুত উচ্চ মাত্রার জ্বর গায়ে তীব্র ব্যথা চোখে ব্যথা ফুসকুড়িসহ নির্দিষ্ট কিছু উপসর্গ দেখা যেত,"আক্রান্ত ব্যক্তিদের মধ্যে উচ্চ জ্বর, প্রচণ্ড শরীরে ব্যথা, চোখে ব্যথা এবং ফুসকুড়ি সহ কিছু লক্ষণ দেখা গেছে।"
141254,118521,এদিকে করোনা প্রাদুর্ভাবের এমন মারাত্মক পরিস্থিতিতে যে সুসংবাদ আসছে চীনে নতুন করে আক্রান্তের সংখ্যা ধীরে ধীরে কমছে,"এদিকে, সুখবর হলো করোনা প্রাদুর্ভাবের মতো ভয়াবহ পরিস্থিতিতে চীনে নতুন সংক্রমণের সংখ্যা ধীরে ধীরে কমছে।"
82798,56355,হাঁপানির অ্যাজমা আকস্মিক টান বা শ্বাসকষ্ট,হাঁপানি হল হঠাৎ শ্বাসকষ্ট বা শ্বাসকষ্ট।
125640,102076, চিন্তার প্রক্রিয়াকে চিকিৎসক এবং রোগী দুজনেই নিয়মিত মনিটরিং করবেন,চিন্তার প্রক্রিয়াটি ডাক্তার এবং রোগী উভয়ের দ্বারা নিয়মিত পর্যবেক্ষণ করা হবে।
129865,106522,তখন জ্বর কাশি হাঁচি শ্বাসকষ্ট নিউমোনিয়া দেখা দিতে পারে,"তখন জ্বর, কাশি, হাঁচি, শ্বাসকষ্ট, নিউমোনিয়া হতে পারে।"
1577,1840,বুধবার ঢাকা দক্ষিণ সিটি করপোরেশন থেকে এক বিজ্ঞপ্তির মাধ্যমে এ তথ্য জানানো হয়েছে,বুধবার ঢাকা দক্ষিণ সিটি করপোরেশনের এক বিজ্ঞপ্তিতে এ তথ্য জানানো হয়।
126397,102890,কিন্তু বীমার ক্ষেত্রে সরকারকেই প্রিমিয়াম দিতে হবে,কিন্তু বীমার ক্ষেত্রে সরকারকে প্রিমিয়াম দিতে হয়।
181672,161552,তবে খুব জোরে ম্যাসাজ করবেন না,তবে খুব জোরে ম্যাসাজ করবেন না।
187062,166956,সুস্থ থাকার জন্য এই সব টক্সিন বা বিষ শরীর থেকে বের করা প্রয়োজন,সুস্থ থাকার জন্য এই সমস্ত টক্সিন শরীর থেকে বের করে দেওয়া প্রয়োজন।
71451,44293,এই রোগে রক্তক্ষরণের পরিমাণ সাধারণত কম,এই রোগে সাধারণত রক্তপাত কম হয়।
151928,129925,ঘরের আলো নিভিয়ে দরজা বন্ধ করে আসুন,লাইট বন্ধ করে দরজা বন্ধ করে দাও।
190746,170640,প্রণালীলবণ হলুদ মাখিয়ে সরিষার তেলে পাবদা মাছগুলো হালকা করে ভেজে নিন,সরিষার তেলে পাবদা মাছ হালকা ভেজে লবণ ও হলুদ দিয়ে মেখে নিন।
159701,138346,নিয়ম মেনে মাংস গ্রহণ ও সঠিক উপায়ে রান্না করলে অনেক জটিলতা থেকে মুক্ত থাকা যায়,নিয়ম অনুযায়ী মাংস খাওয়া এবং সঠিকভাবে রান্না করলে অনেক জটিলতা থেকে মুক্ত রাখা যায়।
75527,48627,এছাড়া ভাইরাসের আপাত পরিবর্তনে ফুসফুসে গুরুতর সংক্রমণও সাধারণত কম,"উপরন্তু, ভাইরাসের আপাত পরিবর্তনের কারণে ফুসফুসের গুরুতর সংক্রমণ সাধারণত কম দেখা যায়।"
27986,33281," সাম্প্রতিক বন্যার সময় সিলেট সদর, ফেঞ্চুগঞ্জ, দক্ষিন সুরমা এবং সুনামগঞ্জের জগন্নাথপুরের ট্রাস্টের উদ্যোগে ও সহযোগীতায় একাধিক হেলথ ক্যাম্প আয়োজন ও বিনামূল্যে ওষুধ বিতরন করা হয়","সাম্প্রতিক বন্যার সময় সিলেট সদর, ফেঞ্চুগঞ্জ, দক্ষিণ সুরমা ও সুনামগঞ্জের জগন্নাথপুরে ট্রাস্টের উদ্যোগে ও সহায়তায় বেশ কয়েকটি স্বাস্থ্য শিবিরের আয়োজন করা হয় এবং বিনামূল্যে ওষুধ বিতরণ করা হয়।"
36962,7451,এই গবেষণা ফলাফল প্রাথমিক পর্যায়ে লিভার ক্যানসার রোগের শনাক্ত করার ক্ষেত্রে উলেখযোগ্য সম্ভাবনা তৈরি করেছে,এই গবেষণার ফলাফলগুলি প্রাথমিক পর্যায়ে লিভার ক্যান্সার সনাক্তকরণে উল্লেখযোগ্য সম্ভাবনা তৈরি করেছে।
39456,10131,শিশুদের খেলাধুলার সুযোগের অভাবেও ন্যাশ হয়,শিশুরাও খেলাধুলার সুযোগের অভাবে ভোগে।
196619,176513,কাঁঠালের পাশাপাশি কাঁঠালের বিচিও বেশ পুষ্টিগুণ সম্পন্ন জনপ্রিয় একটি খাবার,কাঁঠালের পাশাপাশি কাঁঠালের বীজও প্রচুর পুষ্টিগুণ সম্পন্ন একটি জনপ্রিয় খাবার।
180174,160049,অপর একটি পাত্রে তেল দিয়ে গরম হয়ে এলে সবটুকু মসলা দিতে হবে,অন্য একটি প্যানে তেল গরম করে সব মশলা দিন।
127756,104303,পানি খেতে হবে কমপক্ষে ২ লিটার,কমপক্ষে 2 লিটার জল পান করুন।
12856,15168, অনেক সময় অপারেশনের পরে চশমা পরার প্রয়োজন হতে পারে,কখনও কখনও অস্ত্রোপচারের পরে চশমা প্রয়োজন হতে পারে।
141594,118883,ব্রাহ্মি প্রাকৃতিক হওয়ায় সব ধরনের গ্রাহকদের জন্য ব্যবহারে উপযোগী,ব্রাহ্মী প্রাকৃতিক এবং সব ধরনের ভোক্তার জন্য উপযুক্ত।
13041,15391, স্পার্ম কাউন্ট বৃদ্ধি করতেও এটি ভূমিকা নেয়,এটি শুক্রাণুর সংখ্যা বৃদ্ধিতেও ভূমিকা রাখে।
130059,106726,মাত্র ৭ দিনের হোমিও ওষুধ প্রয়োগ করে সুস্থ হয়েছেন ইসকন মন্দিরের পুরোহিতসহ ৩৫ জন করোনা রোগী,ইসকন মন্দিরের পুরোহিতসহ ৩৫ জন করোনা রোগী মাত্র ৭ দিন হোমিও ওষুধ প্রয়োগ করে সুস্থ হয়েছেন।
154694,132905,৩ জাঙ্ক ফুড প্রসেসড ফুড ও চিনিজাতীয় খাবার খাওয়া,"3 জাঙ্ক ফুড, প্রক্রিয়াজাত খাবার এবং চিনিযুক্ত খাবার খাওয়া"
194857,174751,সুগন্ধির চল প্রথমে রাজপ্রাসাদের মধ্যেই আটকে ছিল,সুগন্ধি শিল্প প্রাথমিকভাবে রাজপ্রাসাদের মধ্যে সীমাবদ্ধ ছিল।
72430,45336,ইনসুলিন রেজিস্ট্যান্সের সাধারণত কোনো উপসর্গ থাকে না যদিও কিছু বাচ্চার ত্বকে ঘন গাঢ় কাল মখমল প্যাঁচ তৈরি হয় যাকে অ্যাক্যানথোসিস নিগ্রিকানস Acanthosis Nigracans বলা হয় সাধারণত ঘাড়ের পেছনে বা বগলের মতো শরীরের ক্রিজ এবং ভাঁজগুলোতে,"ইনসুলিন রেজিস্ট্যান্সের সাধারণত কোনো উপসর্গ থাকে না, যদিও কিছু শিশুর ত্বকে ঘন, গাঢ়, মখমলের ছোপ দেখা দেয় যাকে অ্যাক্যানথোসিস নিগ্রাকান বলে, সাধারণত শরীরের ক্রিজ এবং ভাঁজে, যেমন ঘাড়ের পিছনে বা বগল।"
112055,87605,বিশ্বের যে ৩০টি দেশে যক্ষ্মা রোগীর সংখ্যা সর্বাধিক বাংলাদেশ তার মধ্যে অন্যতম,বিশ্বের ৩০টি দেশের মধ্যে বাংলাদেশে যক্ষ্মা রোগীর সংখ্যা সবচেয়ে বেশি।
44736,15759,সোরিয়াসিস ত্বকের বিভিন্ন জায়গায় হয়ে থাকে,সোরিয়াসিস ত্বকের বিভিন্ন জায়গায় হয়।
104166,79233,৩ ৭৫ বৎসর বয়সের ৫০ শতাংশ মানুষ কমবেশি দীর্ঘমেয়াদি কিডনি জটিলতায় ভোগেন,3 50 শতাংশ মানুষ 75 বছরের বেশি বয়সী কম বা বেশি দীর্ঘমেয়াদী কিডনি জটিলতায় ভোগেন।
139201,116344,দুতিন দিন অন্তর ভালোভাবে ধুয়ে নিতে হবে বাজারের ব্যাগও,বাজারের ব্যাগগুলোও প্রতি দুই থেকে তিন দিন পর পর ভালো করে ধুয়ে নিতে হবে।
111572,87094,মায়েদের ব্যক্তিগত কিছু ফ্যাক্টর পূর্বের সন্তান প্রসবের সময় হওয়া জটিলতা গর্ভাবস্থায় হওয়া কোনো রোগের কারণেও হতে পারে,মায়ের ব্যক্তিগত কিছু কারণ পূর্ববর্তী প্রসবকালীন জটিলতাগুলিও গর্ভাবস্থায় একটি রোগের কারণে হতে পারে।
177503,157369,মঙ্গলবার স্বাস্থ্য অধিদপ্তর থেকে পাঠানো করোনাবিষয়ক এক প্রেস বিজ্ঞপ্তিতে এ তথ্য জানানো হয়,মঙ্গলবার স্বাস্থ্য অধিদপ্তরের মহাপরিচালকের পাঠানো করোনাভাইরাস সংক্রান্ত এক সংবাদ বিজ্ঞপ্তিতে এ তথ্য জানানো হয়।
185102,164996,চলুন অরেঞ্জ চিকেন বানানোর প্রস্তুতি নেই,চলুন তৈরি হয়ে নিই কমলা মুরগির মাংস।
95771,70120,সুতরাং তাদের হার্টের সাইজও বড় থাকে,তাই তাদের হার্টের আকারও বড়।
17025,20161,বদ হজম ও খাবারে অরুচি কমাতে সাহায্য করে জিরা,জিরা বদহজম ও ক্ষুধা কমাতে সাহায্য করে।
93371,67575,ক্যালসিয়াম শরীরের জন্য খুব প্রয়োজনীয় একটি উপকরণ,ক্যালসিয়াম শরীরের জন্য খুবই প্রয়োজনীয় একটি উপাদান।
13325,15720,জিনসেং সিজোফ্রেনিয়ার লক্ষণ গুলো থেকে মুক্তি দিতে পারে,জিনসেং সিজোফ্রেনিয়ার লক্ষণগুলি থেকে মুক্তি দিতে পারে।
183694,163580,অনুষ্ঠানে সভাপতির বক্তব্যে স্বাস্থ্যসেবা বিভাগের সচিব মো জাহাঙ্গীর আলম বলেন এসএসকের মূল লক্ষ্য হওয়া উচিত সরকারি হাসপাতালে যেসব সুযোগ সুবিধা নেই সেগুলো পূরণ করা,"অনুষ্ঠানে স্বাস্থ্যসেবা বিভাগের সচিব মোঃ জাহাঙ্গীর আলম বলেন, এসএসকে-এর মূল লক্ষ্য হওয়া উচিত সরকারি হাসপাতালের শূন্যতা পূরণ করা।"
122705,98940,ফুল এবং শিশু পৃথিবীর সবচেয়ে সুন্দর সৃষ্টি সবচেয়ে কোমল সবচেয়ে নিষ্পাপ,"ফুল এবং শিশু পৃথিবীর সবচেয়ে সুন্দর সৃষ্টি, সবচেয়ে কোমল, সবচেয়ে নিষ্পাপ।"
169941,149407,পুষ্টিবিদেরা বলছেন সালাদ তৈরিতে কী ব্যবহার করছেন সেটা যেমন গুরুত্বপূর্ণ তেমনই দিনের কোন সময় সালাদ খাচ্ছেন সেটাও গুরুত্বপূর্ণ,পুষ্টিবিদরা বলছেন যে আপনি আপনার সালাদ তৈরি করতে যা ব্যবহার করেন তা ঠিক ততটাই গুরুত্বপূর্ণ যেমন আপনি দিনের কোন সময় এটি খান।
180559,160436,এছাড়া তিনি পরিবেশ রক্ষা ও বাল্যবিবাহ বন্ধের লক্ষ্যে পৃথিবীজুড়ে মানুষের মাঝে সচেতনতা বৃদ্ধি করছেন,এছাড়া পরিবেশ রক্ষা ও বাল্যবিবাহ বন্ধে তিনি সারা বিশ্বের মানুষের মধ্যে সচেতনতা বাড়াচ্ছেন।
6394,7448, সেগুলোর দিকে সবাই একটু দৃষ্টি দেবেন আমি সেটাই চাই,আমি চাই সবাই তাদের প্রতি মনোযোগী হোক।
5116,5997,"এতে বলা হয়, গত ২৪ ঘণ্টায় নমুনা পরীক্ষায় শনাক্তের হার চার দশমিক ২৮ শতাংশ",গত ২৪ ঘণ্টায় নমুনা পরীক্ষায় শনাক্তকরণের হার ৪ দশমিক ২৮ শতাংশ।
139763,116939,হয়ত আমরা সামনের দিনগুলিতে পরিষ্কারভাবে সেটি জানতে পারবো,হয়তো সামনের দিনগুলোতে আমরা তা স্পষ্টভাবে জানতে পারব।
145729,123259,এতে থাকা এল থিয়েনিন উপাদান পারকিনসন ও আলঝেইমারের মতো সমস্যাগুলো হওয়ার আশঙ্কা কমায়,এতে থাকা এল-থেনাইন উপাদান পারকিনসন এবং আলঝেইমারের মতো সমস্যার ঝুঁকি কমায়।
90449,64438,যাদের টয়লেট পেপারে এলার্জি আছে তারা সেটি বর্জন করবেন,যাদের টয়লেট পেপারে অ্যালার্জি আছে তাদের এটি এড়িয়ে চলা উচিত।
96406,70808, র্যাশ বা শরীরে লাল চাকা চাকা হওয়া,শরীরে ফুসকুড়ি বা লাল দাগ।
75431,48530,মানুষের বুকের বাম এবং ডান দিকে দুটি ফুসফুস আছে,মানুষের বুকের বাম ও ডান পাশে দুটি ফুসফুস থাকে।
57699,29673,হেপাটাইটিস বি ভাইরাসের টিকা এই সংক্রমণ প্রতিরোধ করতে পারে,হেপাটাইটিস বি ভাইরাসের টিকা এই সংক্রমণ প্রতিরোধ করতে পারে।
67554,40191,লেখক  নাককানগলা রোগ বিশেষজ্ঞ এবং হেডনেক সার্জন রেজিস্ট্রার নাককানগলা বিভাগ সিলেট এমএজি ওসমানী মেডিকেল কলেজ হাসপাতাল,লেখক নাকংলা প্যাথলজিস্ট ও হেড নেক সার্জন রেজিস্ট্রার সিলেট এমএজি ওসমানী মেডিকেল কলেজ হাসপাতাল নাকংলা বিভাগ
92992,67169,কাজেই এর চিকিৎসার প্রয়োজন হয় না,তাই এর চিকিৎসার প্রয়োজন নেই।
158954,137546,এ ক্ষেত্রে কয়েকটি উপায় কাজে আসতে পারে,"এই ক্ষেত্রে, বেশ কয়েকটি পদ্ধতি কার্যকর হতে পারে।"
19894,23629,"তিনি আরও জানান, এই ওভিসিটি করার মাধ্যমে একটা আবেগের জায়গা তৈরী হয়েছে ল্যাবএইড ক্যান্সার হাসপাতালের জন্য","তিনি আরও বলেন, এই ওভিসিটি করার মাধ্যমে ল্যাবএইড ক্যান্সার হাসপাতালের জন্য একটি আবেগময় জায়গা তৈরি হয়েছে।"
41602,12436,যেমন দুধ দুগ্ধজাত খাবার শাক অতিরিক্ত তেলে ভাজা অতিরিক্ত মশলাযুক্ত খাবার চিনি ক্যাফেইন ইত্যাদি এড়িয়ে চলা ভালো,"যেমন দুধ, দুগ্ধজাত খাবার, শাকসবজি, অতিরিক্ত তেলে ভাজা, অতিরিক্ত মশলাদার খাবার, চিনি, ক্যাফেইন ইত্যাদি পরিহার করতে হবে।"
4614,5425, ডেঙ্গু আক্রান্ত রোগীর মধ্যে প্রায় ৬৩ শতাংশ পুরুষ আর ৩৭ শতাংশ হচ্ছে নারী,ডেঙ্গু রোগীদের প্রায় 63 শতাংশ পুরুষ এবং 37 শতাংশ মহিলা৷
83417,57014,রোগী ভেদে কিডনির পথ্য নির্ধারণে ভিন্নতা থাকে,কিডনির কার্যকারিতা রোগী থেকে রোগীতে পরিবর্তিত হয়।
119424,95403, উপসর্গ লুকাবেন না সঠিক সময়ে ধরা পড়লে মৃত্যুর হার নেই বললেই চলে,"উপসর্গ লুকাবেন না, সঠিক সময়ে ধরা পড়লে মৃত্যুহার প্রায় শূন্য।"
132376,109138,হৃৎপিণ্ড ও রক্তনালির রোগের ঝুঁকিতে আছেন এমন রোগীদের ওপর পরিচালিত এক সাম্প্রতিক গবেষণায় দেখা গেছে রোজা স্ট্রোকের ঝুঁকি কমায়,কার্ডিওভাসকুলার রোগের ঝুঁকিতে থাকা রোগীদের উপর একটি সাম্প্রতিক গবেষণায় দেখা গেছে যে উপবাস স্ট্রোকের ঝুঁকি হ্রাস করে।
123726,100045,আমি পুরো সুস্থ না হয়েও আবার চলে গেলাম তাদের কাছে ফরিদপুরে,আমি পুরোপুরি সুস্থ না হলেও ফরিদপুরে তাদের কাছে ফিরে যাই।
112925,88503,মেয়েদের ক্ষেত্রে তদ্রুপ মাসিক শুরু হওয়ার আগে ডিম্বাশয়ে বেশি পরিমাণে আয়রন জমা হলে মাসিক কোনো দিন শুরু নাও হতে পারে প্রাইমারি হাইপোগনাডিজম এবং মাসিক শুরু হওয়ার পরে ধীরে ধীরে আয়রন জমে ডিম্বাশয়টি এর কার্যকারিতা হারিয়ে ফেলতে পারে সেকেন্ডারি হাইপোগনাডিজম,"একইভাবে, মেয়েদের ক্ষেত্রে, ঋতুস্রাবের আগে ডিম্বাশয়ে খুব বেশি আয়রন জমে থাকলে, ঋতুস্রাব কখনই শুরু নাও হতে পারে, প্রাথমিক হাইপোগোনাডিজম এবং মাসিকের পরে, আয়রন জমে ধীরে ধীরে ডিম্বাশয় তাদের কার্যকারিতা হারিয়ে ফেলে, সেকেন্ডারি হাইপোগোনাডিজম।"
53759,25411, রক্তচাপ কমে গিয়ে রোগী শকে চলে যেতে পারে,রক্তচাপ কমে যাওয়ার কারণে রোগী শকে যেতে পারে।
157810,136277,দই প্রোবায়োটিকসমৃদ্ধ খাবার যা বর্ষায় চমৎকার স্বাস্থ্যকর খাবার হতে পারে,দই একটি প্রোবায়োটিক-সমৃদ্ধ খাবার যা বর্ষা মৌসুমে একটি দুর্দান্ত স্বাস্থ্যকর খাবার হতে পারে।
102963,77904,"৩ ক্যাথেটার ডিরেক্টেড থ্রম্বোলাইসিস Catheter Directed Thrombolysis
এটাও এক ধরনের থ্রম্বোলাইসিস",3 ক্যাথেটার নির্দেশিত থ্রম্বোলাইসিস ক্যাথেটার নির্দেশিত থ্রম্বোলাইসিস এটিও এক ধরনের থ্রম্বোলাইসিস।
78583,51872,যাদের নিজেদের শ্বাস বা বংশগত শ্বাস রোগের সমস্যা আছে তাদের এটি নেওয়া ভালো,যাদের নিজস্ব শ্বাসকষ্ট বা বংশগত শ্বাসযন্ত্রের রোগ আছে তাদের জন্য এটি ভালো।
197262,177156,যেখানেই থাকুন যে অবস্থাতেই থাকুন শব্দ আপনার কানের কোনো ক্ষতি করতে পারবে না,"আপনি যেখানেই থাকুন না কেন, আপনার পরিস্থিতি যাই হোক না কেন, শব্দ আপনার কানের ক্ষতি করতে পারে না।"
135323,112245,তাহলে পাঠকরা বুঝুন এই রোগটি সংক্রমণের ব্যাপারে কতটুকু পারদর্শী তাই স্বাস্থ্যঝুঁকি এবং জীবনের ঝুঁকি চিন্তা করে ডাক্তাররা আপাতত চেম্বার বন্ধ রাখছেন,"তাই পাঠকদের বুঝতে হবে সংক্রমণের দিক থেকে এই রোগটি কতটা পারদর্শী, তাই স্বাস্থ্যঝুঁকি ও জীবনের ঝুঁকির কারণে আপাতত চেম্বার বন্ধ রাখছেন চিকিৎসকরা।"
70620,43417,আয়োডিন খুবই কম পরিমাণে প্রয়োজন,আয়োডিন খুব অল্প পরিমাণে প্রয়োজন।
36858,7343,এ সময় প্লাটিলেট কাউন্ট কমে যায় এবং রক্তক্ষরণসহ নানারকম সমস্যা দেখা দিতে পারে,এই সময় প্লেটলেট কাউন্ট কমে যায় এবং রক্তপাত সহ বিভিন্ন সমস্যা দেখা দিতে পারে।
124003,100347,একজুডেটিভ  ফুসফুসের যক্ষ্মা ফুসফুসের ক্যান্সার নিউমোনিয়া পালমোনারি ইনফ্রাকশন ইত্যাদি,এক্সুডেটিভ পালমোনারি যক্ষ্মা ফুসফুসের ক্যান্সার নিউমোনিয়া পালমোনারি ইনফার্কশন ইত্যাদি।
167364,146666,রঙিন ফলমূল এবং শাকসবজি খান,রঙিন ফল ও সবজি খান।
119622,95615,রেটিনা লেন্স কর্ণিয়া ও মণির রোগে চোখ ট্যারা হতে পারে,রেটিনা লেন্স কর্নিয়াল এবং ম্যাকুলার রোগের কারণে ছানি পড়তে পারে।
135609,112544,টেকনোলজিস্টদের বিষয়ে তিনি বলেন তাদের সব সুবিধা দেয়ার কথা,"তিনি বলেন, প্রযুক্তিবিদদের সব সুযোগ-সুবিধা দিতে হবে।"
24482,29148,"প্রশ্ন : বাকি যেই তেল আছে সয়াবিন তেল বা অন্য যেসব তেল আছে, হৃদরোগীদের জন্য কি এটা ক্ষতিকর?","প্রশ্ন: বাকি তেল, সয়াবিন তেল বা অন্যান্য তেল কি হৃদরোগীদের জন্য ক্ষতিকর?"
152161,130173,পরিষ্কারপরিচ্ছন্নতার অভাবও এ জন্য দায়ী,পরিচ্ছন্নতার অভাবও এর জন্য দায়ী।
196797,176691,১ চামচ ফ্ল্যাক্স সিডের মধ্যে ০৬ থেকে ১২ গ্রাম ফাইবার রয়েছে,1 টেবিল চামচ শণের বীজে 6 থেকে 12 গ্রাম ফাইবার থাকে।
84027,57668,দাঁতের ব্যথা কানে সঞ্চালন  দাঁতের ব্যথা যেমন এক দাঁত থেকে অন্য দাঁত ছাড়াও কানে সঞ্চালিত হতে পারে,"দাঁতের ব্যথা কানে বিকিরণ দাঁতের ব্যথা, যেমন এক দাঁত থেকে অন্য দাঁত, কানেও বিকিরণ হতে পারে।"
187627,167521,কখন ব্যবহারে বেশি উপকার হলুদ সবসময় রাতে ব্যবহার করলে বেশি উপকার পাওয়া যায়,হলুদ কখন সবচেয়ে উপকারী? সর্বাধিক উপকার পেতে এটি সর্বদা রাতে ব্যবহার করুন।
102137,77008,এরপর সেটি নিয়ন্ত্রণ করতে হবে,তাহলে তা নিয়ন্ত্রণ করতে হবে।
109064,84456,বর্তমান মহামারি চলাকালীন ঠোঁট বা জিহ্বা সামান্য নীল হলে যত দ্রুত সম্ভব পালস্ অক্সিমিটার দিয়ে দেখে নিতে হবে আপনার রক্তে অক্সিজেন স্যাচুরেশনের পরিমাণ কত স্বাভাবিকের চেয়ে কম হলে যত দ্রুত সম্ভব ডাক্তারের পরামর্শ গ্রহণ করতে হবে,"বর্তমান মহামারীর সময়, যদি ঠোঁট বা জিহ্বা সামান্য নীল হয়, আপনার যত তাড়াতাড়ি সম্ভব পালস অক্সিমিটার দিয়ে পরীক্ষা করা উচিত। যদি আপনার রক্তের অক্সিজেন স্যাচুরেশন স্বাভাবিকের চেয়ে কম হয়, আপনার যত তাড়াতাড়ি সম্ভব ডাক্তারের পরামর্শ নেওয়া উচিত।"
93044,67221,বিশ্বজুড়ে মানুষের জীবনযাপনকে নিরাপদ করতে নতুন নতুন ঔষধ তৈরিতে কাজ করছে যুক্তরাষ্ট্র ভিত্তিক প্রতিষ্ঠান এলি লিলি এবং বাংলাদেশের ঔষধ প্রস্তুতকারী প্রতিষ্ঠানের মধ্যে অন্যতম হেলথকেয়ার ফার্মসিটিউক্যালস যা ওষুধ প্রস্তুতকারী গবেষণায় অগ্রগামী হিসেবে বিবেচিত,"এলি লিলি, একটি ইউএস-ভিত্তিক কোম্পানি, সারা বিশ্বে মানুষের জীবনকে নিরাপদ করতে নতুন ওষুধ তৈরিতে কাজ করছে এবং বাংলাদেশের অন্যতম ওষুধ কোম্পানি হেলথকেয়ার ফার্মাসিউটিক্যালসকে ফার্মাসিউটিক্যাল গবেষণায় অগ্রগামী হিসেবে বিবেচনা করা হয়।"
120540,96590,শারীরিক শ্রমের সুযোগ না থাকলে ব্যায়াম অথবা হাঁটার যতটুকু সুযোগ আছে তাকে কাজে লাগাতে হবে,শারীরিক পরিশ্রমের সুযোগ না থাকলে যথাসম্ভব ব্যায়াম বা হাঁটা ব্যবহার করতে হবে।
87988,61856,যথাসময়ে চিকিৎসা না নিলে হার্ট অ্যাটাক স্ট্রোক কিডনি জটিলতা অন্ধত্ব মাড়ির রোগ এবং অঙ্গহানির মতো শারীরিক জটিলতা হতে পারে,"সময়মতো চিকিৎসা না করালে হার্ট অ্যাটাক, স্ট্রোক, কিডনি জটিলতা, অন্ধত্ব, মাড়ির রোগ এবং অঙ্গচ্ছেদের মতো শারীরিক জটিলতা হতে পারে।"
148834,126627,শুষ্ক ও রুক্ষ ত্বককে নরম রাখে,শুষ্ক ও রুক্ষ ত্বক নরম রাখে।
193975,173869,শরীরকে হাইড্রেটেড ও শীতল রাখতে সাহায্য করে তরমুজ,তরমুজ শরীরকে হাইড্রেটেড ও ঠান্ডা রাখতে সাহায্য করে।
176297,156155,তবে মাথাঘোরা মাথাব্যথা ঝাপসা দেখা দম আটকে আসা ইত্যাদি সমস্যা হলে রক্তচাপ পর্যবেক্ষণে রাখতে হবে,"তবে মাথা ঘোরা, মাথাব্যথা, ঝাপসা দৃষ্টি, শ্বাসকষ্টের মতো সমস্যা থাকলে রক্তচাপ পর্যবেক্ষণ করতে হবে।"
42050,12908,আমরা দিনের পর দিন একটি প্রচলিত ভুল ধারণার মধ্যে দিয়ে যাচ্ছি যে রক্তসম্পর্কীয় নিকটাত্মীয়ের কাছ থেকে রক্ত নিতে হবে,"দিনের পর দিন, আমরা একটি সাধারণ ভুল ধারণার সম্মুখীন হই যে রক্ত ​​নেওয়া উচিত নিকটাত্মীয়দের কাছ থেকে।"
83775,57398,এর কমবেশি হলে বুঝতে হবে শরীরে কোনো না কোনো সমস্যা আছে,বেশি বা কম হলে বুঝতে হবে শরীরে কোনো সমস্যা আছে।
5819,6792, তাই সংক্রমণের ফাঁদ এড়াতে চাইলে প্রায়ই এই ডাল খান,তাই সংক্রমণের ফাঁদ এড়াতে চাইলে প্রায়ই এই ডাল খান।
163841,142843,আয়রনের অভাবে দুর্বলতা বা ক্লান্তি অনুভব করতে পারেন আপনি,আয়রনের ঘাটতির কারণে আপনি দুর্বল বা ক্লান্ত বোধ করতে পারেন।
93155,67342,এক্ষেত্রে আমরা প্রথমে শিশুর ডিটেইলস হিস্ট্রি নিয়ে থাকি,"এই ক্ষেত্রে, আমরা প্রথমে শিশুর বিস্তারিত ইতিহাস গ্রহণ করি।"
148652,126429,আরও কিছু ওষুধ দীর্ঘ মেয়াদে হাড়ের ওপর বিরূপ প্রভাব ফেলে,কিছু অন্যান্য ওষুধের হাড়ের উপর দীর্ঘমেয়াদী বিরূপ প্রভাব রয়েছে।
5858,6836,৬. স্বাস্থ্য অধিদফতর থেকে সার্বিক পরিস্থিতি পর্যবেক্ষণে কন্ট্রোল রুম খোলা হয়েছে,সার্বিক পরিস্থিতি পর্যবেক্ষণের জন্য স্বাস্থ্য বিভাগ একটি কন্ট্রোল রুম খোলা হয়েছে।
93011,67188,কাজেই এর চিকিৎসার প্রয়োজন হয় না,তাই এর চিকিৎসার প্রয়োজন নেই।
11097,13055,একটা পানীয়ই এত পরিমাণ ক্যালোরি জোগায় শরীরে,একটি পানীয় শরীরে অনেক ক্যালোরি সরবরাহ করে।
113624,89230,প্রতিদিনই চিকিৎসা বিজ্ঞানে ব্যাপক বৈজ্ঞানিক বিপ্লব সাধিত হচ্ছে,প্রতিদিন চিকিৎসা বিজ্ঞানে ব্যাপক বৈজ্ঞানিক বিপ্লব সাধিত হচ্ছে।
182768,162649,আঙুরের জুসে অ্যান্টিঅক্সিডেন্ট ও অ্যান্টিইনফ্লামিটরির মতো গুরুত্বপূর্ণ উপাদান রয়েছে যা অঙ্গপ্রত্যঙ্গের প্রদাহ দূর করে,আঙ্গুরের রসে অ্যান্টিঅক্সিডেন্ট এবং অ্যান্টি-ইনফ্লেমেটরি এজেন্টের মতো গুরুত্বপূর্ণ উপাদান রয়েছে যা অঙ্গগুলির প্রদাহ কমায়।
19454,23138, আর এর সবগুলোর পেছনেই রয়েছে অস্বাস্থ্যকর খাদ্যাভ্যাস,আর এসবের পেছনে রয়েছে অস্বাস্থ্যকর খাদ্যাভ্যাস।
115453,91171, ঘরে থাকা উচিত আর জ্বর সেরে গেলেও আরও একদিন গৃহবাস যাতে অন্যদের সংক্রমিত না হয়,জ্বর সেরে গেলেও বাড়িতে থাকা উচিত এবং আরও একদিন বাড়িতে থাকা উচিত যাতে অন্যদের সংক্রমিত না হয়।
39079,9732,সমস্ত চিকিৎসা তথ্য দেখতে এবং তৈরি করতে একটি সাধারণ সফ্টওয়্যার ব্যবহৃত হতো,একটি সাধারণ সফ্টওয়্যার সমস্ত মেডিকেল ডেটা দেখতে এবং জেনারেট করতে ব্যবহৃত হয়েছিল।
108566,83917,কিছু নিয়মিত অভ্যাস যেমন পানিশূন্যতা রোধে বেশি করে পানি খাওয়া ভালো রক্ত সঞ্চালনের জন্য হাঁটা এবং ফুসফুসকে ভালো রাখতে শ্বাস প্রশ্বাসের চর্চা আমাদের জীবনকে অধিকতর আনন্দময় করতে পারে,"কিছু নিয়মিত অভ্যাস যেমন ডিহাইড্রেশন প্রতিরোধে বেশি করে পানি পান করা, ভালো রক্ত ​​সঞ্চালনের জন্য হাঁটা এবং ফুসফুসকে সুস্থ রাখতে শ্বাস-প্রশ্বাসের ব্যায়াম আমাদের জীবনকে আরও আনন্দময় করে তুলতে পারে।"
167749,147078,আবার ঝিঁঝি ধরা বা সুচের তীক্ষ্ণ আচড়ের মতো ব্যথার অনুভূতি হতে পারে,"আবার, একটি টিংলিং বা পিন-তীক্ষ্ণ ব্যথা সংবেদন হতে পারে"
198119,178013,মিষ্টি আলুতে কার্বোহাইড্রেট এবং অ্যান্টিঅক্সিডেন্টস প্রচুর পরিমাণে থাকায় আপনি অনেকক্ষণ চাঙ্গা থাকার এনার্জি পাবেন এই খাবার থেকে,"মিষ্টি আলুতে প্রচুর পরিমাণে কার্বোহাইড্রেট এবং অ্যান্টিঅক্সিডেন্ট রয়েছে, তাই এগুলি আপনাকে দীর্ঘ সময়ের জন্য শক্তিশালী থাকার শক্তি দেবে।"
25828,30718, শুক্রাণুর সংখ্যা কমে গেলে আদা খাওয়া উচিত,শুক্রাণুর সংখ্যা কম হলে আদা খাওয়া উচিত।
187898,167792,আরও পড়ুন                                                                                           পটলের বীজ খেয়ে ফেললে যা ঘটবে আপনার শরীরে                                        কিছুক্ষণ পরপর ঘাড়ের ব্যায়াম আপনাকে কিছুক্ষণ বাদে বাদে ঘাড়ের ব্যায়াম করতে হবে,আরও পড়ুন মেথির বীজ খেলে আপনার শরীরের কী হয় নিয়মিত বিরতিতে ঘাড়ের ব্যায়াম আপনাকে নিয়মিত বিরতিতে ঘাড়ের ব্যায়াম করতে হবে
124072,100420,৪ চোখে মুখে হাত দেয়া থেকে বিরত থাকতে হবে,4 চোখ এবং মুখ স্পর্শ এড়িয়ে চলুন.
157296,135713,এ পরীক্ষায় কোনো পলিপ বা অস্বাভাবিক টিস্যু চোখে পড়লে তা কেটে বের করা হয় এবং সেটির বায়োপসি পরীক্ষাও করা হয়,"এই পরীক্ষায় যদি কোনো পলিপ বা অস্বাভাবিক টিস্যু পাওয়া যায়, তাহলে তা অপসারণ করা হয় এবং একটি বায়োপসিও করা হয়।"
133177,109970,স্বাস্থ্য অধিদফতরের তথ্য মতে দেশে একদিনে আরও ৫৬৪ জনের মধ্যে নতুন করোনাভাইরাসের সংক্রমণ ধরা পড়ায় মোট আক্রান্তের সংখ্যা বেড়ে হয়েছে ৭ হাজার ৬৬৭ জন,"স্বাস্থ্য অধিদফতরের তথ্য অনুযায়ী, দেশে একদিনে আরও ৫৬৪ জন আক্রান্ত হওয়ায় মোট আক্রান্তের সংখ্যা ৭ হাজার ৬৬৭ জনে দাঁড়িয়েছে।"
113943,89573,তাই স্বাদু পানির মাছেও আয়োডিন খুব বেশি থাকে না,তাই মিঠা পানির মাছেও খুব বেশি আয়োডিন থাকে না।
121480,97619,তা সম্ভব না হলে সপ্তাহে পাঁচ দিন কমপক্ষে ৩০ মিনিট করে হাঁটুন,"যদি তা সম্ভব না হয়, সপ্তাহে পাঁচ দিন অন্তত ৩০ মিনিট হাঁটুন।"
62247,34541,শরীরে বাড়তি মেদ জমে নানাবিধ রোগের সৃষ্টি হয়,শরীরে অতিরিক্ত চর্বি জমে নানা রোগের সৃষ্টি করে।
13480,15900, চালকুমড়ার রস ৩ থেকে ৪ চা চামচ একটু চিনি মিশিয়ে খাবেন,3 থেকে 4 চা চামচ কুমড়ার রসে সামান্য চিনি মিশিয়ে পান করুন।
44497,15505,পৌনে ১০টার দিকে হঠাৎ বহির্বিভাগের কলাপসিবল গেট বন্ধ করে দেওয়া হয়,সাড়ে ১০টার দিকে বাইরের কলাপসিবল গেটটি হঠাৎ বন্ধ হয়ে যায়।
25338,30148,সেলারি বীজ: সেলারি বীজ মূত্র বর্ধক হিসাবে কাজ করে,সেলারি বীজ: সেলারি বীজ মূত্রবর্ধক হিসাবে কাজ করে।
141994,119290,যারা এই মাস্ক ব্যবহার করেন তাদের বলা হয়েছে ঢিলেঢালাভাবে মাস্কটি পরিধান করলে ব্যাকটেরিয়া সহজে নাক অথবা মুখ দিয়ে প্রবেশ করতে পারে,যারা এই মাস্কগুলি ব্যবহার করেন তাদের বলা হয় যে মাস্কটি ঢিলেঢালাভাবে পরলে ব্যাকটেরিয়া সহজেই নাক বা মুখ দিয়ে প্রবেশ করতে পারে।
29748,35285,মাঝের মায়োমেট্রিয়াম স্তরটিতেই দেখা দেয় অ্যাডেনোমায়োসিস,অ্যাডেনোমায়োসিস শুধুমাত্র মধ্যবর্তী মায়োমেট্রিয়াম স্তরে ঘটে।
166771,146019,যেহেতু সহজে ধরা পড়ে না তাই অনেকে জানেনই না যে তাঁদের এই রোগ রয়েছে,"যেহেতু এটা সহজে ধরা পড়ে না, তাই অনেকেই জানেন না তাদের এই রোগ আছে।"
129669,106313,সম্প্রতি ৫০ শয্যার হাসপাতালগুলোতে সব ধরনের রোগীর চিকিৎসার নির্দেশ দেয়ায় আরও ৩শ হাসপাতাল এর সঙ্গে যুক্ত হওয়ার কথা,"সম্প্রতি, ৫০ শয্যা বিশিষ্ট হাসপাতালকে সব ধরনের রোগীর চিকিৎসার নির্দেশ দেওয়া হয়েছে এবং আরও ৩০০ হাসপাতাল এতে যোগ দেবে বলে আশা করা হচ্ছে।"
76706,49858,আমাদের দেশেও ক্যান্সার এর চিকিৎসা সেবার ক্ষেত্রে কম অগ্রগতি হয়নি,আমাদের দেশে ক্যান্সার চিকিৎসার ক্ষেত্রেও তেমন অগ্রগতি হয়নি।
67405,40035,কাঁচা সবজির মধ্যে গাজর ও শসাটমেটোর ভূমিকা কম নয়,কাঁচা সবজির মধ্যে গাজর ও টমেটোর ভূমিকা কম নেই।
129928,106589,কিন্তু কেন কিভাবে এটি শুরু হল,কিন্তু এটা কিভাবে শুরু হল?
193226,173120,আলিঙ্গন শুধুমাত্র অনুভূতি প্রকাশের মাধ্যম নয়,আলিঙ্গন শুধুমাত্র অনুভূতি প্রকাশ করার একটি উপায় নয়।
75660,48771,কানে শোঁ শোঁ শব্দ হতে পারে অনেক সময় কান দিয়ে রক্তও বের হতে পারে,কানে বাজতে পারে এবং অনেক সময় কান থেকে রক্তও বের হতে পারে।
102791,77723,রক্তের উপাদানগত সমস্যা বা কোনো কারণে সাময়িকভাবে রক্তের ঘনত্ব বৃদ্ধি পেলে যেমন পানি শূন্যতা রক্ত ধমনির ভেতরেই জমাট বেঁধে যায় ও রক্ত চলাচলের পথ বন্ধ করে দেয়,"রক্তের উপাদানের সমস্যা বা যেকোনো কারণে রক্তের ঘনত্ব সাময়িকভাবে বেড়ে যাওয়া, যেমন ডিহাইড্রেশন, ধমনীর ভেতরে রক্ত ​​জমাট বাঁধে এবং রক্ত ​​চলাচলে বাধা সৃষ্টি করে।"
25592,30444, করোনায় যাদের ডায়াবেটিস ছিল না তাদের অনেকের ডায়াবেটিস হয়েছে,করোনায় যাদের ডায়াবেটিস ছিল না তাদের অনেকেরই ডায়াবেটিস হয়েছে।
88871,62809,৫ থেকে ৯ বছর বয়সী ৩৬৪ জন ১০১৪ বছরের ১০৩ জন এবং ১৫১৮ বছরের ৩৯ জন,"5 থেকে 9 বছর বয়সী 364, 103 1014 এবং 39 বছর বয়সী 1518।"
50672,22119,যাদের খুশকি হয় তারা মাথা ভেজা রাখবেন না এবং ভেজা অবস্থায় চুল বাঁধবেনও না,খুশকিতে আক্রান্ত ব্যক্তিদের মাথার ত্বক ভেজা রাখা উচিত নয় এবং ভেজা অবস্থায় চুল বাঁধবেন না।
51396,22878,প্রসব পরবর্তী থায়রয়েড গ্রন্থির প্রদাহ সব সময় প্রতিরোধ করা সম্ভব হবে তা নয়,প্রসবোত্তর থাইরয়েডাইটিস সবসময় প্রতিরোধযোগ্য নয়।
120402,96437,আমরা অনেকেই জানি না এ অঙ্গপ্রত্যঙ্গের মধ্যে প্রধান হল আমাদের অন্তঃকর্ণ,আমরা অনেকেই জানি না যে এই অঙ্গগুলির মধ্যে প্রধান হল আমাদের ভিতরের কান।
50583,22026, পেশিতে বল কম পাওয়া এবং গিরা শক্ত হয়ে ধরে থাকায় শারীরিক কার্যক্ষমতার অবনতি,পেশী শক্তি হ্রাস এবং টাইট জয়েন্টগুলির কারণে শারীরিক কর্মক্ষমতা ব্যাহত হয়।
178798,158672,পেপটিক আলসার ডায়াবেটিস হৃদরোগী বাতব্যথার রোগীও সরাসরি রোজায় উপকার পান,"পেপটিক আলসার, ডায়াবেটিস, হৃদরোগ এবং আর্থ্রাইটিসের রোগীরাও রোজা রাখলে সরাসরি উপকার হয়।"
190615,170509,সারাবছরই ফ্রিজে বরফ জমিয়ে রাখতে হয় তবে এর সবচেয়ে বেশি প্রয়োজন পড়ে গরমকালে,"আপনাকে সারা বছর ফ্রিজে বরফ রাখতে হবে, তবে গ্রীষ্মের মাসগুলিতে এটি সবচেয়ে বেশি প্রয়োজন।"
91002,65048,যখন রোগটি আকৃতিতে বৃদ্ধি পায় তখন আক্রান্ত স্থান সমান থেকে উঁচু হয়ে যায়,রোগটি আকারে অগ্রসর হওয়ার সাথে সাথে আক্রান্ত স্থান সমতল থেকে উঁচু হয়ে যায়।
167482,146795,ওষুধ খাওয়ার সময় শিশুরা কাঁদতে থাকে,ওষুধ খাওয়ার সময় শিশুরা কাঁদে।
69778,42528,ডাক্তাররা আসলে তাদের পুরো জীবনটাই রোগীর জন্য উৎসর্গ করে,ডাক্তাররা আসলে তাদের পুরো জীবন তাদের রোগীদের জন্য উৎসর্গ করে।
74285,47328,হাঁপানি থেকে বাঁচার উপায় নিয়ে বিস্তারিত জানিয়েছেন অ্যালার্জি ও অ্যাজমা রোগ বিশেষজ্ঞ অধ্যাপক ডা গোবিন্দ চন্দ্র দাস,অ্যালার্জি ও অ্যাজমা বিশেষজ্ঞ প্রফেসর ডাঃ গোবিন্দ চন্দ্র দাস অ্যাজমা থেকে কীভাবে মুক্তি পাবেন তা বিস্তারিত জানিয়েছেন।
199582,179476,আর বাঙালির রান্নাঘরে শাকের কোনো কমতি নেই,আর বাঙালির রান্নাঘরে সবজির অভাব নেই।
70427,43209,কিডনি রোগের উপসর্গ ও লক্ষণ,কিডনি রোগের লক্ষণ ও লক্ষণ
158038,136527,কিন্তু মজার ব্যাপার হচ্ছে পেঁপের সঙ্গে পেঁপের বীজও যে আমাদের শরীরের জন্য অনেক বেশি পুষ্টি সরবরাহকারী তা আমরা বেশির ভাগ মানুষই জানি না,কিন্তু মজার ব্যাপার হল আমরা অনেকেই জানি না যে পেঁপে এবং পেঁপের বীজও আমাদের শরীরের জন্য খুবই পুষ্টিকর।
140620,117842,চারটি দেশ ও অঞ্চল ছাড়া সব দেশ থেকেই যাত্রী আসা বন্ধ করে দেয়া হয়েছে,চারটি দেশ ও অঞ্চল ছাড়া বাকি সবগুলো থেকে যাত্রীদের আগমন নিষিদ্ধ করা হয়েছে।
121840,98019,নিয়মিত স্বাভাবিক খাবার খেলেও গলার ভেতর ময়লা জমতে পারে না,নিয়মিত খাবার খেলেও গলায় ময়লা জমতে পারে না।
78365,51637,সচরাচর ছোট্ট শিশুদের ফিস্টুলা হয় যদিও যেকোনো বয়সেই এনাল ফিশার হতে পারে,"ছোট বাচ্চাদের মধ্যে ফিস্টুলা বেশি দেখা যায়, যদিও মলদ্বারে ফাটল যে কোন বয়সে হতে পারে।"
192986,172880,শুকনো খোলায় জিরা ধনে এবং শুকনো মরিচ ভেজে গুঁড়ো করে নিন,"একটি শুকনো প্যানে জিরা, ধনেপাতা এবং শুকনো মরিচ ভাজুন এবং গুঁড়ো করে নিন।"
57390,29348,রক্ত উঠানামা একটি জটিল স্বাস্থ্যগত সমস্যা,রক্ত জমাট বাঁধা একটি জটিল স্বাস্থ্য সমস্যা।
165658,144826,শুধু রোজার ক্ষেত্রে পেস্ট ও ব্রাশসহকারে ইফতার ও সাহ্রির পর দুবার ভালো করে দাঁত ব্রাশ করতে হবে,শুধুমাত্র রোজা অবস্থায়ই ইফতার ও সাহরির পর টুথপেস্ট এবং ব্রাশ দিয়ে ভালোভাবে দাঁত ব্রাশ করা উচিত।
124756,101144,শুধু তাই নয় রোগপ্রতিরোধ কম ওয়ালা কেউ এতে আক্রান্ত হলে মৃত্যুঝুঁকিও তার বেশি,"শুধু তাই নয়, কম রোগ প্রতিরোধ ক্ষমতা সম্পন্ন কেউ আক্রান্ত হলে মৃত্যুর ঝুঁকিও বেশি।"
2347,2752, বিভিন্ন দেশে দেখার পরে আমরা বাংলাদেশের বিশেষজ্ঞদের সঙ্গে আলাপ করে এটা নিয়ে এসেছি,বিভিন্ন দেশ ঘুরে বাংলাদেশের বিশেষজ্ঞদের সঙ্গে কথা বলে আমরা বিষয়টি নিয়ে এসেছি।
105808,80990,বমির সমস্যা থেকে মুক্তি পেতে কাছে রাখতে পারেন লেবুর পাতা যার ঘ্রাণ বমিভাব কাটাতে সাহায্য করে,"বমির সমস্যা থেকে মুক্তি পেতে লেবু পাতা রাখতে পারেন, যার গন্ধ বমি বমি ভাব কমাতে সাহায্য করে।"
26457,31469,বিচারপতি কে এম কামরুল কাদের ও বিচারপতি মোহাম্মদ আলীর সমন্বয়ে গঠিত হাইকোর্ট বেঞ্চে মঙ্গলবার সশরীরে হাজির হয়ে লিখিতভাবে ক্ষমা চান তিনি,মঙ্গলবার বিচারপতি কে এম কামরুল কাদের ও বিচারপতি মোহাম্মদ আলীর হাইকোর্ট বেঞ্চে তিনি ব্যক্তিগতভাবে হাজির হয়ে লিখিতভাবে ক্ষমা চান।
170100,149580,খেয়াল রাখতে হবে বাচ্চা যেন ভেজা অবস্থায় থেকে না যায়,বাচ্চা যাতে ভিজে না থাকে সেদিকে খেয়াল রাখতে হবে।
139239,116383,গবেষকরা জানিয়েছেন চীনের হুবেই প্রদেশের উহান শহরে প্রথম শনাক্ত হওয়ার বহু আগ থেকেই প্রাণী থেকে মানুষের শরীরে এ ভাইরাস ছড়িয়েছে,"গবেষকরা বলছেন, ভাইরাসটি চীনের হুবেই প্রদেশের উহানে প্রথম শনাক্ত হওয়ার অনেক আগেই প্রাণী থেকে মানুষের মধ্যে ছড়িয়ে পড়েছে।"
159077,137680,২ ডিম্বাশয়ে সিস্ট আছে কি না তা জানতে আলট্রাসনোগ্রাফি,2 ডিম্বাশয়ে সিস্ট আছে কিনা তা খুঁজে বের করতে আলট্রাসনোগ্রাফি
44659,15677,প্রধানমন্ত্রী বলেন আমি মনে করি যত বেশি আমাদের গবেষণা বাড়বে তত বেশি জাতি হিসাবে অর্থনৈতিক উন্নয়নে আমাদের দেশের মানুষ অবদান রাখতে পারবে,"প্রধানমন্ত্রী বলেন, আমি মনে করি আমাদের গবেষণা যত বাড়বে, আমাদের দেশের মানুষ জাতি হিসেবে অর্থনৈতিক উন্নয়নে তত বেশি অবদান রাখতে পারবে।"
18130,21507,"বহুমূত্র রোগ বা ডায়াবেটিস হলো একটি গুরুতর ও দীর্ঘমেয়াদি অবস্থা, যেটি ঘটে যখন রক্তের গ্লুকোজের মাত্রা দীর্ঘসময় ধরে স্বাভাবিকের চেয়ে বেশি থাকে",পলিউরিয়া বা ডায়াবেটিস একটি গুরুতর এবং দীর্ঘমেয়াদী অবস্থা যা দীর্ঘ সময়ের জন্য রক্তে গ্লুকোজের মাত্রা স্বাভাবিকের চেয়ে বেশি হলে ঘটে।
46534,17671,তবে এই সমস্যার সহজ সমাধান হল সারাদিন ধরে পর্যাপ্ত পানি পান করা,কিন্তু এই সমস্যার সহজ সমাধান হল সারাদিন পর্যাপ্ত পানি পান করা।
53928,25599,কোনো রোগীর কোনো দিন পেটেব্যথা না হলে এবং হঠাৎ করে কোনো দিন পেটেব্যথা হলে সঙ্গে প্রচুর ঘাম হলে বা বমি হলে সে ক্ষেত্রে যেহেতু হৃৎপিণ্ডের ব্লকজনিত কারণে হওয়ার আশঙ্কা বেশি সে ক্ষেত্রে অতিসত্বর নিকটস্থ হাসপাতাল বা স্বাস্থ্যকেন্দ্রে ইসিজি বা রক্তপরীক্ষা যেমন কার্ডিয়াক ট্রপোনিন আই পরীক্ষাটি করিয়ে নেওয়া উচিত,"যদি একজন রোগীর একদিনের জন্য পেটে ব্যথা না হয় এবং হঠাৎ পেটে ব্যথার সাথে প্রচুর ঘাম বা বমি হওয়ার সম্ভাবনা থাকে হার্ট ব্লকের কারণে, একটি ইসিজি বা রক্ত ​​​​পরীক্ষা যেমন কার্ডিয়াক ট্রপোনিন I যত তাড়াতাড়ি সম্ভব নিকটতম সময়ে করা উচিত। হাসপাতাল বা স্বাস্থ্য কেন্দ্র।"
178434,158305,সে হিসাবে মার্চে মৃত্যু ফেব্রুয়ারির চেয়ে ৬২ শতাংশ মৃত্যু কম ছিল,"সেই অনুযায়ী, ফেব্রুয়ারির তুলনায় মার্চে মৃত্যু ৬২ শতাংশ কম।"
199978,179872,একই সময়ে হাসপাতালে ভর্তি হয়েছেন আরও ৮৮৬ জন,একই সময়ে আরও ৮৮৬ জনকে হাসপাতালে ভর্তি করা হয়েছে।
178140,158010,এই ডেলিভারির সময় সঠিক মনিটরিং না হলে মা ও বাচ্চার জটিলতার হার বেড়ে যায়,এই প্রসবের সময় সঠিক পর্যবেক্ষণ না করা হলে মা ও শিশুর জটিলতার হার বেড়ে যায়।
97464,71938,যেমন আক্রান্ত ব্যক্তির শরীরের তাপমাত্রা কমাতে ঠাণ্ডা বা বরফ মিশ্রিত পানি দিয়ে শরীর মুছে দিন,যেমন আক্রান্ত ব্যক্তির শরীরের তাপমাত্রা কমাতে ঠাণ্ডা বা বরফের পানি দিয়ে শরীর মুছে নিন।
174578,154402,এই হরমোন কমে যাওয়ার ফলে ও আয়রনের অভাব থেকে মুড সুইং হয়ে থাকে,এই হরমোন হ্রাস এবং আয়রনের ঘাটতির কারণে মেজাজের পরিবর্তন ঘটে।
170369,149874,ডা মো আসাফুজ্জোহা রাজ রাজ ডেন্টাল সেন্টার কলাবাগান ঢাকা,ডাঃ আসাফুজ্জোহা রাজ ডেন্টাল সেন্টার কলাবাগান ঢাকা
1157,1364, আমাদের দেহে রোগ প্রতিরোধ ক্ষমতা বৃদ্ধি করে,আমাদের শরীরে রোগ প্রতিরোধ ক্ষমতা বাড়ায়।
112650,88224,"শুরুর দিকে ডায়াবেটিক কিডনি রোগ
যত প্রাথমিক অবস্থায় ডায়াবেটিক কিডনি রোগ শনাক্ত করা যাবে তত কার্যকরী পদক্ষেপ নেওয়ার সুযোগ তৈরি হবে","প্রথম দিকে ডায়াবেটিক কিডনি রোগ আগে ডায়াবেটিক কিডনি রোগ সনাক্ত করা হয়, আরো কার্যকর ব্যবস্থা গ্রহণ করা যেতে পারে."
140633,117855,নির্ধারিত তারিখে চাকরিতে যোগদান না করলে তিনি চাকরিতে যোগদান করতে সম্মত নন বলে ধরে নেয়া হবে এবং এ নিয়োগপত্র বাতিল হয়ে যাবে বলে আদেশে উল্লেখ করা হয়েছে,"আদেশে বলা হয়েছে, নির্ধারিত তারিখে চাকরিতে যোগদান না করলে তিনি চাকরিতে যোগ দিতে রাজি নন বলে গণ্য হবে এবং নিয়োগপত্র বাতিল করা হবে।"
137854,114948,তাই করোনা সংক্রমণের ঝুঁকি এড়াতে সামাজিক শিষ্টাচারসহ হাঁচিকাশির শিষ্টাচার মেনে চলার বিকল্প নেই,করোনা সংক্রমণের ঝুঁকি এড়াতে হাঁচি দেওয়ার শিষ্টাচারসহ সামাজিক শিষ্টাচারের কোনো বিকল্প নেই।
27992,33288,’ শেখ হাসিনা ন্যাশনাল ইনস্টিটিউট অব বার্ন অ্যান্ড প্লাস্টিক সার্জারির জাতীয় সমন্বয়কারী ডা. সামন্ত লাল সেন হবিগঞ্জে সাংবাদিকদের সাথে মতবিনিময়কালে এ মন্তব্য করেন,হবিগঞ্জে সাংবাদিকদের সঙ্গে মতবিনিময়কালে শেখ হাসিনা জাতীয় বার্ন অ্যান্ড প্লাস্টিক সার্জারি ইনস্টিটিউটের জাতীয় সমন্বয়ক ডা: সামন্ত লাল সেন এ মন্তব্য করেন।
53201,24807,৫ বছরের কম বয়সী শিশুদের মধ্যে জটিলতা দেখা দিতে পারে,5 বছরের কম বয়সী শিশুদের মধ্যে জটিলতা দেখা দিতে পারে।
192566,172460,সারাদিন ব্যস্ততার পর বিছানায় শুয়েই শান্তির ঘুম কে না চায় কিন্তু নানারকম পদ্ধতি ট্রাই করেও কোনভাবেই ঘুম আসছে না বিছানায় শুলেই ঘুম একেবারে গায়েব,সারাদিনের ব্যস্ততার পর বিছানায় শান্তিতে ঘুমাতে কে না চায় কিন্তু বিভিন্ন পদ্ধতি চেষ্টা করেও ঘুম আসে না - বিছানায় শুয়ে পড়লে ঘুম একেবারেই অদৃশ্য হয়ে যায়।
12980,15310, দেখে নিন যাদুকরী পানীয় আখের রসের উপকারিতা-,জাদুকরী পানীয় আখের রসের উপকারিতা দেখুন।
69056,41769,কিন্তু তখনো পাতলা পায়খানা ও বমির রেশ ছিল,কিন্তু তারপরও ডায়রিয়া ও বমি হচ্ছিল।
129817,106469,৭ প্রতিটি বেসরকারি চিকিৎসা প্রতিষ্ঠানে জব সিকিউরিটি ও সরকারি নীতিমালা অনুযায়ী বেতন কাঠামো অনুযায়ী সার্ভিস রুল থাকতে হবে,7 প্রতিটি বেসরকারি চিকিৎসা প্রতিষ্ঠানের চাকরির নিরাপত্তা এবং সরকারি নীতি অনুযায়ী বেতন কাঠামো অনুযায়ী পরিষেবা বিধি থাকতে হবে।
66375,38968,যন্ত্রকে অনেকদিন ব্যবহার না করে ফেলে রাখলে যেমন অকেজো হয়ে যায় ঠিক তেমনি আমাদের শরীর ও মন নিয়মিত কায়িক পরিশ্রমের অভাবে ঠিকভাবে বিকশিত হতে পারে না,"দীর্ঘ সময় অব্যবহৃত থাকলে একটি যন্ত্র যেমন অকেজো হয়ে যায়, তেমনি নিয়মিত শারীরিক পরিশ্রম ছাড়া আমাদের শরীর ও মনের সঠিক বিকাশ ঘটে না।"
146561,124162,শিশুর বিকাশে বিলম্ব দেখা দিলে দেরি না করে দ্রুত তার কারণ নির্ণয় করার জন্য চিকিৎসক বিশেষত শিশুনিউরোলজিস্টের পরামর্শ নেওয়া প্রয়োজন,"যদি একটি শিশুর বিকাশে বিলম্ব হয়, তবে দেরি না করে দ্রুত কারণ নির্ণয় করার জন্য একজন ডাক্তার, বিশেষ করে একজন পেডিয়াট্রিক নিউরোলজিস্টের সাথে পরামর্শ করা গুরুত্বপূর্ণ।"
29507,35031, সে ক্ষেত্রে প্রথমেই কমাতে হবে লবণ খাওয়ার পরিমাণ,সেক্ষেত্রে প্রথমে লবণ খাওয়ার পরিমাণ কমাতে হবে।
23765,28298," কমলা লেবুতে রয়েছে ভিটামিন সি, ফাইবার","কমলালেবুতে রয়েছে ভিটামিন সি, ফাইবার।"
78459,51739,কিন্তু ধীরে ধীরে এর মাত্রা কমতে থাকে এবং এই পরিবর্তন কয়েক বছর ধরে চলে,কিন্তু ধীরে ধীরে এর মাত্রা কমতে থাকে এবং এই পরিবর্তন কয়েক বছর স্থায়ী হয়।
61625,33879,ডায়াপারের ঘষা লেগে শিশুর কচি ত্বক ছড়ে গেলে মূত্রে থাকা জীবানুরা ভিজে ও স্যাঁতস্যাঁতে জায়গায় দ্রুত বংশবৃদ্ধি করে ছড়িয়ে পড়ে,"যখন একটি শিশুর ত্বকে ডায়াপার ঘষা হয়, তখন প্রস্রাবের ব্যাকটেরিয়া ভেজা ও স্যাঁতসেঁতে জায়গায় সংখ্যাবৃদ্ধি করতে পারে এবং দ্রুত ছড়িয়ে পড়তে পারে।"
108726,84096,তারা দুজনে মিলে আরমানকে বাঁধতে গেলে আরমান দিলো ভুঁদৌড়,দুজনে আরমানকে বেঁধে দিতে গেলে আরমান তাকে জড়িয়ে ধরে।
76761,49920,যাদের নিয়মিত নাক দিয়ে রক্ত পড়ে তাদের অবশ্যই একজন নাককানগলা রোগ বিশেষজ্ঞ দিয়ে এন্ডোস্কোপির মাধ্যমে নাকের ভেতর ভালোভাবে দেখে নেয়া উচিত,নিয়মিত নাক দিয়ে রক্ত ​​পড়া লোকদের একজন অটোল্যারিঙ্গোলজিস্ট দ্বারা এন্ডোস্কোপি করা উচিত।
89209,63153,যেহেতু মা বাচ্চাকে বারবার ব্রেস্ট ফিডিং করায় সেক্ষেত্রে মায়ের শরীর ডিহাইড্রেশন থেকে কনস্টিপেশন তথা কোষ্ঠকাঠিন্য দেখা দেয়,মা বারবার শিশুকে বুকের দুধ খাওয়ানোর ফলে মায়ের শরীর পানিশূন্যতার কারণে কোষ্ঠকাঠিন্য হয়ে যায়।
148919,126718,অতিরিক্ত গরম আবহাওয়ায় স্যালাইনও খেতে পারেন,অত্যন্ত গরম আবহাওয়ায় আপনি স্যালাইনও পান করতে পারেন।
32524,2720,রক্তে শর্করার মাত্রা সঠিক রাখার উদ্দেশ্য হলো,উদ্দেশ্য রক্তে শর্করার মাত্রা ঠিক রাখা।
127991,104561,করোনা পরিস্থিতির শুরুতে ডাক্তারদের পর্যাপ্ত সুরক্ষা পোশাক কিন্তু ছিল না,করোনা পরিস্থিতির শুরুতে চিকিৎসকদের পর্যাপ্ত প্রতিরক্ষামূলক পোশাক ছিল না।
71085,43908,এজন্য একে ছাই চাপা তুশের আগুনের সাথে তুলনা করে হয়,এজন্য একে ছাইয়ে ঢাকা আগুনের সাথে তুলনা করা হয়।
119544,95530,তাই এ অবস্থা থেকে মুক্ত থাকতে করণীয় হল,তাই এ অবস্থা থেকে মুক্ত থাকা প্রয়োজন।
37725,8266,এসব মশা বদ্ধ জলাশয়ে বাড়ির আশপাশে ঝোপঝাড়ে ঘরের পাশে ফেলা টব বালতি হাঁড়িপাতিল বাসন ইত্যাদিতে জমে থাকা বৃষ্টির পানিতে বসবাস করে এবং বংশবিস্তার করে,"এই মশাগুলো বদ্ধ জলাশয়ে, ঘরের আশেপাশের ঝোপ, টব, বালতি, হাঁড়ি ইত্যাদিতে জমে থাকা বৃষ্টির পানিতে বাস করে এবং বংশবিস্তার করে।"
84079,57720,যাদের আগে কোভিড১৯ ছিল তারা ওমিক্রন কোভিড১৯ দিয়ে পুনরায় সংক্রমিত হতে পারেন,যাদের আগে কোভিড-১৯ আছে তারা আবার ওমিক্রন কোভিড-১৯-এ আক্রান্ত হতে পারে।
71375,44211,একটি অসুস্থ বা অকার্যকর কিডনির কারণে একজন মানুষ দীর্ঘমেয়াদি শারীরিক জটিলতায় আক্রান্ত হয়ে ধুকে ধুকে মৃত্যুর দিকে ধাবিত হয়,একটি রোগাক্রান্ত বা অকার্যকর কিডনি একজন ব্যক্তির দীর্ঘমেয়াদী শারীরিক জটিলতায় ভুগতে পারে এবং মৃত্যুর দিকে ধাবিত হতে পারে।
55029,26801,যেমন শ্বাসকষ্ট মুখ ফোলা পেট ফোলা জন্ডিস প্রস্রাব কম হওয়া বা না হওয়া গলার স্বরে পরির্বতন ইত্যাদি,"যেমন শ্বাসকষ্ট, মুখ ফুলে যাওয়া, পেট ফুলে যাওয়া, জন্ডিস, প্রস্রাব কমে যাওয়া বা না হওয়া, গলার স্বর পরিবর্তন হওয়া ইত্যাদি।"
19285,22934, তার ওপর গরম আবহাওয়া হলে তো কথাই নেই,আবহাওয়া গরম হলে এটা কোন ব্যাপার না।
188774,168668,এরপর পেঁয়াজ ও কাঁচামরিচ কুচি কুচি করে কেটে রাখুন,তারপর পেঁয়াজ ও কাঁচা মরিচ কুচি করে কেটে নিন।
199113,179007,আরেকটি পাত্রে পানি দিয়ে তাতে আগের মিশ্রণগুলো অল্প অল্প করে মিশিয়ে নাড়তে থাকুন তবে এ মিশ্রণে পানির পাশাপাশি তরল দুধ বা ডাবের পানিও ব্যবহার করেন অনেকে,"অন্য একটি পাত্রে জল যোগ করুন এবং আগের মিশ্রণগুলিকে অল্প অল্প করে মিশিয়ে নিন, তবে অনেকে জলের সাথে এই মিশ্রণে তরল দুধ বা নারকেলের জলও ব্যবহার করেন।"
98280,72814,স্বামীস্ত্রীর যে কোনো একজন থ্যালাসেমিয়ার বাহক হলে কোনো সন্তানই রোগী হবে না তবে সন্তানের বাহক হওয়ার আশঙ্কা শতকরা ৫০ ভাগ সুস্থ হওয়ার সম্ভাবনা শতকরা ৫০ ভাগ,"যদি স্বামী/স্ত্রী উভয়েই থ্যালাসেমিয়ার বাহক হন, তাহলে কোনো সন্তান আক্রান্ত হবে না, তবে সন্তানের বাহক হওয়ার সম্ভাবনা 50% এবং পুনরুদ্ধারের সম্ভাবনা 50%।"
199418,179312,কাঁঠালের বীজ ত্বক ও চুল ভালো রাখতেও সাহায্য করে,কাঁঠালের বীজ ত্বক ও চুল ভালো রাখতেও সাহায্য করে।
179613,159487,পাইলো নেফ্রাইটিস রোগ থাকলে রোগীর কোনো উপসর্গ  নাও প্রকাশ পেতে পারে,আপনার যদি পাইলোনেফ্রাইটিস থাকে তবে রোগীর কোনও লক্ষণ নাও দেখা যেতে পারে।
145130,122611,বিশেষজ্ঞরা করে মনে করেন সব সময়ই যে ওজন স্কেল দেখে চলতে হবে বিষয়টা এমন নয় সঠিক খাদ্যাভ্যাস আর স্বাস্থ্যকর জীবনযাপনের মাধ্যমে সুস্থ থাকাটাই বড় কথা,"বিশেষজ্ঞরা বিশ্বাস করেন যে এটি সর্বদা ওজন স্কেল দেখার বিষয়ে নয়, তবে সঠিক খাদ্য এবং একটি স্বাস্থ্যকর জীবনধারার মাধ্যমে সুস্থ থাকার বিষয়ে।"
162670,141558,দিনে অল্প সময়ের জন্য ঘুমিয়ে পড়েও দীর্ঘ সময় ঘুমিয়ে থাকা,দিনের বেলা অল্প ঘুমিয়েও দীর্ঘ সময় ধরে ঘুমানো
135349,112273,সামনে সুন্দর সময় সবার জন্য অপেক্ষা করছে,ভালো সময় সবার জন্য অপেক্ষা করছে।
19005,22569, তারপরই আপনার দৃষ্টি হয়ে উঠবে ঈগলের মতো!,তাহলে আপনার দৃষ্টি ঈগলের মত হয়ে যাবে!
12340,14556, তৃষ্ণা পেলেও জাম খেয়ে কখনও পানি খাওয়া যাবে না,পিপাসা লাগলেও জাম খেয়ে কখনো পানি পান করা যাবে না।
91350,65418,গর্ভকালীন চুল অপবিত্র বলে অনেকে জন্মের পর চুল কামান,গর্ভাবস্থায় চুল নাপাক হওয়ার কারণে অনেকেই জন্মের পর চুল আঁচড়ান।
123185,99460,অবৈধ সম্পদ অর্জন ও মানি লন্ডারিংয়ের অভিযোগে দুদকের করা পৃথক দুই মামলায় আবজাল আদালতে হাজির হয়ে আইনজীবীর মাধ্যমে আত্মসমর্পণ করে জামিন আবেদন করেন,অবৈধ সম্পদ অর্জন ও অর্থ পাচারের অভিযোগে দুদকের করা পৃথক দুটি মামলায় আবজাল তার আইনজীবীর মাধ্যমে আত্মসমর্পণ করে জামিনের আবেদন করেন।
14371,16962, তাই রুটি খেলে কোষ্ঠকাঠিন্যের সমস্যা অনায়াসে দূর করা যায়,তাই রুটি খেলে কোষ্ঠকাঠিন্যের সমস্যা সহজেই দূর করা যায়।
130952,107651,স্নায়ুতন্ত্রের সিএনএস আক্রমণের জন্য ভাইরাসের অনেক পথ রয়েছে,স্নায়ুতন্ত্রের সিএনএস আক্রমণ করার জন্য ভাইরাসগুলির অনেকগুলি রুট রয়েছে।
37547,8084,এ বয়সে ক্যালসিয়াম চ্যানেল ব্লকার এন্টিসিসিবিএমলডিপিন সিলনিডিপি এবং থায়াজাইড লাইকডাইউরেটিক ক্লোরথায়জাইড শ্রেষ্ঠতর,"এই বয়সে, ক্যালসিয়াম চ্যানেল ব্লকার অ্যান্টিসিবমোল্ডিপাইন সিলনিডিপ এবং থিয়াজাইড মূত্রবর্ধক ক্লোরথিয়াজাইড উচ্চতর।"
12795,15099, সেজন্য আগাম সতর্কতা এবং প্রস্তুতির প্রয়োজন,এজন্য আগাম সতর্কতা ও প্রস্তুতি প্রয়োজন।
94685,68968,শিক্ষাপ্রতিষ্ঠানগুলোতে করোনার সংক্রমণ বিস্তার রোধে দরকার ইনফেকশন মনিটরিং যা স্বস্ব শিক্ষা প্রতিষ্ঠানে র্যাপিড এন্টিজেন টেস্ট কিট ব্যবহার করে সহজেই করা যায়,"শিক্ষাপ্রতিষ্ঠানে করোনা সংক্রমণের বিস্তার রোধে সংক্রমণ পর্যবেক্ষণ প্রয়োজন, যা শিক্ষাপ্রতিষ্ঠানে র‌্যাপিড অ্যান্টিজেন টেস্ট কিট ব্যবহার করে সহজেই করা যায়।"
142522,119836,সব মিলিয়ে দেশটিতে করোনাভাইরাসে আক্রান্তের সংখ্যা দাঁড়াল ১১ জনে,সব মিলিয়ে দেশে করোনাভাইরাসে আক্রান্তের সংখ্যা দাঁড়িয়েছে ১১ জন।
31682,1822,অনুষ্ঠানে অন্য একটি গবেষণা তুলে ধরে অক্সফোর্ড ইউনিভার্সিটির গবেষক চিকিৎসক ডা ফরহাদ মারুফ বলেন বিশ্বজুড়ে এ সুপারবাগ ইনফেকশনে বছরে মারা যাচ্ছে ৫০ লাখ মানুষ,"অক্সফোর্ড ইউনিভার্সিটির গবেষক ডক্টর ফরহাদ মারুফ অনুষ্ঠানে আরেকটি গবেষণার কথা তুলে ধরে বলেন, সারা বিশ্বে এই সুপারবাগ সংক্রমণে প্রতি বছর ৫ কোটি মানুষ মারা যায়।"
33364,3594,তাই সেসব দেশগুলোতে স্তন ক্যান্সার প্রাথমিকভাবে ধরা পরলেও আমাদের দেশে নারীদের ক্ষেত্রে ব্যাতিক্রম,তাই সেসব দেশে স্তন ক্যান্সার প্রাথমিক পর্যায়ে ধরা পড়লেও আমাদের দেশে নারীদের ক্ষেত্রে পার্থক্য রয়েছে।
185901,165795,ইংরেজিতে এই ডিসঅর্ডারকে শক শেল্ড বলা হয়,ইংরেজিতে এই ব্যাধিকে শক শিল্ড বলা হয়।
31137,1242,এতে দেখা যায় একেকটি উপাদান শরীরে একেক ধরনের প্রতিক্রিয়া সৃষ্টি করছে,এটি দেখায় যে প্রতিটি উপাদান শরীরে বিভিন্ন প্রতিক্রিয়া সৃষ্টি করে।
178683,158555,দৈনিক শনাক্ত হচ্ছে গড়ে ৪০ জনের বেশি,গড়ে প্রতিদিন 40 জনেরও বেশি লোককে চিহ্নিত করা হয়।
102897,77836,তবে অনেক সময় এই ছন্দের ব্যত্যয় ঘটতে দেখা যায়,কিন্তু অনেক সময় এই ছন্দে বিঘ্ন ঘটে।
70052,42818, ভ্যাজাইনাল এরিয়ার বাইরে সাবান বা জেল দিয়ে পরিষ্কার করলেও ভ্যাজাইনাল এরিয়ার ভেতরে কোনো ধরনের কেমিক্যাল দিয়ে ধোবেন না,"সাবান বা জেল দিয়ে যোনিপথের বাইরের অংশ পরিষ্কার করার সময়, কোনও রাসায়নিক দিয়ে যোনি এলাকার ভিতরের অংশ ধুয়ে ফেলবেন না।"
170689,150213,জিরাপানি জিরা দেহে রক্তের সঞ্চালন বাড়িয়ে দীর্ঘ সময়ের জন্য শরীর উষ্ণ রাখতে সাহায্য করে,জিরা শরীরে রক্ত ​​সঞ্চালন বাড়ায় এবং শরীরকে দীর্ঘ সময় গরম রাখতে সাহায্য করে।
28711,34091, তারপর আবার নতুন করে এক দিয়ে শুরু করুন,তারপর নতুন করে শুরু করুন।
18635,22122,ইসলামের পাঁচটি স্তম্ভের মধ্যে তৃতীয় হলো রমজান মাসের রোজা,রমজান মাসে রোজা রাখা ইসলামের পাঁচটি স্তম্ভের তৃতীয়।
86104,59866,এটি আমরা বলে থাকি মায়োকার্ডিয়াল ইনফ্রাকশন নো অবস্ট্রাকটিভ করোনারি অ্যাথেরোসেক্লেরোসিস মিনোকা,একে আমরা মায়োকার্ডিয়াল ইনফার্কশন নো অবস্ট্রাকটিভ করোনারি এথেরোস্ক্লেরোসিস মিনোকা বলি।
199760,179654,কাগজপত্র নবায়ন না থাকাসহ বিভিন্ন অনিয়মের অভিযোগে চাঁদপুরে দুইটি হাসপাতল সীলগালা এবং একটিকে ৫০ হাজার টাকা জরিমানা করেছে ভ্রাম্যমাণ আদালত,কাগজপত্র নবায়ন না করাসহ বিভিন্ন অনিয়মের দায়ে চাঁদপুরে দুটি হাসপাতাল সিলগালা ও ৫০ হাজার টাকা জরিমানা করেছে ভ্রাম্যমাণ আদালত।
30281,325,স্কোপোলামিনের প্রভাবে স্বামীস্ত্রী প্রেমিকপ্রেমিকা সত্যি সাময়িক স্টিউপর  Stuporous Condition হয়ে যায় বুদ্ধিবিবেচনা হারিয়ে ফেলেন এবং উন্মাদের মতো আচরণ করেন,"স্কোপোলামিনের প্রভাবের অধীনে, স্ত্রী প্রেমিকা সত্যিকারের অস্থায়ী মূর্খ হয়ে ওঠে - অবস্থা, চেতনা হারায় এবং পাগলের মতো আচরণ করে।"
177029,156893,দেশের তরুণ সার্জনদের রোবটিক সার্জারির বিষয়ে ফেলোশিপ করাসহ রোবটিক সার্জারিতে উদ্ধুদ্ধ করতে আগামী ৫ জুলাই রংপুরে বৈজ্ঞানিক সেমিনার অনুষ্ঠিত হবে,দেশের তরুণ সার্জনদের রোবোটিক সার্জারিতে ফেলোশিপ পেতে এবং রোবোটিক সার্জারির প্রচারে উৎসাহিত করতে রংপুরে ৫ জুলাই একটি বৈজ্ঞানিক সেমিনার অনুষ্ঠিত হবে।
28058,33360, টাইপ ওয়ান ডায়াবেটিস ও টাইপ টু ডায়াবেটিস,টাইপ ওয়ান ডায়াবেটিস এবং টাইপ টু ডায়াবেটিস।
103289,78250,সব ঋতুতেই এই সমস্যা দেখা দিতে পারে,এই সমস্যা সব ঋতুতেই হতে পারে।
113971,89603,আয়োডিনের অভাবগ্রস্ত শিশুরা অন্যান্য শিশুর চেয়ে বেশিমাত্রায় অপুষ্টিজনিত সমস্যায় ভোগে এবং তাদের রোগপ্রতিরোধ ক্ষমতাও কম থাকে,অন্যান্য শিশুদের তুলনায় আয়োডিনের অভাবজনিত শিশুরা অপুষ্টিতে ভুগছে এবং তাদের রোগ প্রতিরোধ ক্ষমতা কম।
106878,82107,কিন্তু গত ৩ দিন আগে হঠাৎ করে বামপাশে দুর্বল ও অবশ হয়ে গেছে,কিন্তু গত ৩ দিন আগে হঠাৎ করে বাম পাশ দুর্বল ও অবশ হয়ে পড়ে।
16810,19901,ন্যাচারাল ভেন্টিলেশন: এই সময়ে বেশি প্রয়োজন ঘরগুলো খোলামেলা রাখা,প্রাকৃতিক বায়ুচলাচল: এ সময় ঘরগুলো খোলা রাখা বেশি প্রয়োজন।
41786,12631,২০২২ সালে তা ৫০ শতাংশে নেমে আসে,2022 সালে তা 50 শতাংশে নেমে আসে।
118639,94564,পাশাপাশি ধূমায়িত এবং দূষিত পরিবেশ পরিত্যাগ করে চলা ধূমপান পরিত্যাগ করা ঘুমানোর সময় মাথা উঁচু রাখা যাতে সাইনাস নিজে থেকেই পরিষ্কার হতে পারে নাকে খুব জোরে আঘাত লাগতে না দেয়া ইত্যাদি বিষয়ে খেয়াল রাখতে হবে,"এছাড়াও, ধোঁয়া ও দূষিত পরিবেশ এড়াতে, ধূমপান ছেড়ে দিতে, ঘুমানোর সময় মাথা উঁচু করে রাখতে হবে যাতে সাইনাসগুলি নিজে থেকেই পরিষ্কার হয়ে যায়, নাকে খুব বেশি আঘাত না করে ইত্যাদি।"
84526,58197,মাইটোকন্ড্রিয়াল রোগগুলো যাদের আছে তাদের সবকটি ১০০ শতাংশ সন্তানই এ রোগে আক্রান্ত হবে,মাইটোকন্ড্রিয়াল রোগে আক্রান্ত 100% শিশু এই রোগটি বিকাশ করবে।
158865,137452,চুলকানি ও জ্বালা কমানোর জন্য বেবি ট্যালকম পাউডার ব্যবহার করা যেতে পারে,চুলকানি এবং জ্বালা কমাতে ট্যালকম পাউডার ব্যবহার করা যেতে পারে।
172611,152280,এ ছাড়া ফিটকিরি ও পানি বিশুদ্ধকরণ ট্যাবলেট ব্যবহার করা যেতে পারে,এ ছাড়া ফিতারি ও পানি বিশুদ্ধকরণ ট্যাবলেট ব্যবহার করা যেতে পারে।
88118,62001,কিডনির স্বাস্থ্য পরীক্ষায় তাই চিকিৎসকরা শরীরে কতটুকু ক্রিয়েটিনিন আছে সেটা জানার চেষ্টা করে,কিডনির স্বাস্থ্য পরীক্ষায় চিকিৎসকেরা জানার চেষ্টা করেন শরীরে কতটা ক্রিয়েটিনিন আছে।
174512,154331,এরপর আস্তে আস্তে পা থেকে ধীরে ধীরে মালিশ শুরু করুন,তারপর ধীরে ধীরে পা থেকে উপরের দিকে ম্যাসাজ করা শুরু করুন।
70897,43713,অনেকের ক্ষেত্রে অপুষ্টিজনিত দৈহিক বৃদ্ধিহীনতাও এর একটি কারণ হতে পারে,অনেক ক্ষেত্রে অপুষ্টির কারণে স্টান্টিংও একটি কারণ হতে পারে।
72719,45651,লেখক  সহযোগী অধ্যাপক এন্ডোক্রাইনোলজি বিভাগ বঙ্গবন্ধু শেখ মুজিব মেডিকেল বিশ্ববিদ্যালয় ঢাকা,লেখক এন্ডোক্রাইনোলজি বিভাগের সহযোগী অধ্যাপক বঙ্গবন্ধু শেখ মুজিব মেডিকেল বিশ্ববিদ্যালয় ঢাকা
193878,173772,ডায়াবেটিস দীর্ঘদিন রাতে না ঘুমানো বা কম ঘুমানোর ফলে শরীরে ইনসুলিন উৎপাদন ব্যাহত হয়,ডায়াবেটিস: দীর্ঘ সময় ধরে অনিদ্রা বা ঘুমের অভাব শরীরের ইনসুলিন উৎপাদনে ব্যাঘাত ঘটায়।
40601,11359,রাস্তাঘাটের যে কোনো জায়গা থেকে পানি খাবেন না,রাস্তার যেকোনো জায়গা থেকে পানি পান করুন।
100198,74894,মশার কামড় থেকে বাঁচতে ঘুমানোর সময় মশারি ব্যবহার করতে হবে,মশার কামড় এড়াতে ঘুমানোর সময় মশারি ব্যবহার করতে হবে।
190745,170639,ঘর থেকে বের হওয়ার আগে এবং রোদ থেকে ঘরে এসে ত্বকের যত্ন নিতে হবে,ঘর থেকে বের হওয়ার আগে এবং রোদ থেকে বাসায় আসার পর ত্বকের যত্ন নিতে হবে।
124837,101232,এর মূল কারণ সূর্যের আলো,এর প্রধান কারণ সূর্যের আলো।
148664,126441,বিশ্বে প্রতিবছর লাখ লাখ ব্যক্তি অস্টিওপোরোসিসজনিত হাড় ভাঙার শিকার হয়ে শয্যাশায়ী হন,অস্টিওপোরোসিস-সম্পর্কিত ফ্র্যাকচারের কারণে বিশ্বব্যাপী লক্ষ লক্ষ মানুষ প্রতি বছর শয্যাশায়ী হয়।
54394,26105,উদ্ভিজ্জ উৎস থেকেই কেবল ননহিম আয়রন পাওয়া যায়,ননহেম আয়রন শুধুমাত্র উদ্ভিদ উৎস থেকে পাওয়া যায়।
62519,34821,এ রোগের নানা জটিলতায় আক্রান্ত হওয়ার আশঙ্কা অনেক বেশি,এ রোগের বিভিন্ন জটিলতায় আক্রান্ত হওয়ার আশঙ্কা অনেক বেশি।
154265,132443,কিডনি লিভার ও হার্টে জটিলতা থাকলে,"আপনার যদি কিডনি, লিভার এবং হার্টের জটিলতা থাকে"
126572,103065,রোগীরে সেবায় আরও নিয়োজিত থাকবেন আন্তর্জাতিক পর্যায়ে প্রশিক্ষিত নার্সরা,আন্তর্জাতিকভাবে প্রশিক্ষিত নার্সরা রোগীর পরিচর্যায় আরও যুক্ত হবে।
169348,148785,তবে নিয়মিত নাভি সাবানপানি দিয়ে পরিষ্কার রাখলে পাথর সৃষ্টি হয় না,তবে নিয়মিত সাবান ও পানি দিয়ে নাভি পরিষ্কার করলে পাথর হবে না।
155288,133573,ঠান্ডা আমেজ পেতে চাইলে অর্থাৎ ফ্রিজে রাখতে হলে এমন পাত্রে ডিটক্স ওয়াটার তৈরি করবেন যেটির মুখ খুব ভালোভাবে আটকানো যায়,"আপনি যদি একটি ঠান্ডা অনুভূতি পেতে চান, অর্থাৎ, আপনি যদি এটি ফ্রিজে রাখতে চান তবে একটি পাত্রে ডিটক্স জল প্রস্তুত করুন যা শক্তভাবে বন্ধ করা যেতে পারে।"
97527,72014,ফলিক অ্যাসিড টাটকা শাকসবজিতে পাওয়া যায় ভিটামিন বি১২ লিভার মাছ ডিম ছত্রাক ও শস্যজাতীয় খাদ্যের মধ্যে পাওয়া যায়,"ফলিক অ্যাসিড পাওয়া যায় তাজা শাকসবজিতে, ভিটামিন বি১২ পাওয়া যায় লিভার, মাছ, ডিম, মাশরুম এবং গোটা শস্যে।"
195431,175325,ক্লান্ত লাগা বার বার প্রস্রাবের ফলে শরীর থেকে অতিরিক্ত পরিমাণে শর্করা এবং বিভিন্ন খনিজ বেরিয়ে গেলে ক্লান্ত লাগা স্বাভাবিক,ক্লান্তি ঘন ঘন প্রস্রাবের কারণে শরীর থেকে অতিরিক্ত পরিমাণে শর্করা এবং বিভিন্ন খনিজ পদার্থ বের হয়ে গেলে ক্লান্ত বোধ হওয়া স্বাভাবিক।
151419,129379,সাধারণত স্টেরয়েডজাতীয় ওষুধ ও ভিটামিন বি১২ ভিটামিন বি৬ বি১ ইত্যাদি দিয়ে চিকিৎসা করা হয়,"সাধারণত স্টেরয়েড জাতীয় ওষুধ এবং ভিটামিন B12, B6, B1 ইত্যাদি দিয়ে চিকিত্সা করা হয়।"
15141,17897, যেন প্রান্তিক পর্যায়ের মানুষ সহজে প্রাথমিক স্বাস্থ্যসেবা পায়,যাতে প্রান্তিক জনগোষ্ঠী সহজে প্রাথমিক স্বাস্থ্যসেবা পায়।
22676,26981, ১০০ গ্রাম ওজনের একটি চকোলেটের বারে ৩.৩ মিলিগ্রাম জিংক থাকে,একটি 100 গ্রাম চকোলেট বারে 3.3 মিলিগ্রাম জিঙ্ক থাকে।
29734,35269," এছাড়াও সরকারি, বেসরকারি ও উন্নয়ন সহযোগী সংস্থার প্রতিনিধিবৃন্দ তাদের বক্তব্যে মানুষের এ ক্ষতিকর অভ্যাস পরিত্যাগের আহবান জানান","এ ছাড়া সরকারি, বেসরকারি ও উন্নয়ন সহায়তা সংস্থার প্রতিনিধিরা তাদের বক্তব্যে জনগণকে এই ক্ষতিকর অভ্যাস ত্যাগ করার আহ্বান জানান।"
3064,3606," বিশেষজ্ঞদের মতে, জীবনাচরণ পরিবর্তনের পাশাপাশি ৭ থেকে ১০ শতাংশ শরীরের ওজন হ্রাস করাই ফ্যাটি লিভার প্রতিরোধের মূলমন্ত্র","বিশেষজ্ঞদের মতে, ফ্যাটি লিভার প্রতিরোধের চাবিকাঠি হল জীবনযাত্রার পরিবর্তনের সাথে সাথে শরীরের ওজনের 7 থেকে 10 শতাংশ হ্রাস করা।"
80173,53550,শরীরের তাপমাত্রা স্বাভাবিকের ৯৮৪ ফা চেয়ে বেড়ে যাওয়া আর বেড়ে থাকা মানে জ্বর,শরীরের তাপমাত্রা স্বাভাবিক 984 ফারেনহাইটের উপরে বেড়ে যাওয়া এবং বেড়ে যাওয়া মানে জ্বর।
48544,19826,কেউ যদি স্টেরয়েড জাতীয় ওষুধ প্রতিদিন ২০০০ মাইক্রোগ্রামের অধিক গ্রহণ করে তাহলে শ্বাসনালি থেকে তা রক্তে শোষিত হয়ে ডায়াবেটিস উচ্চরক্তচাপ ও এন্ড্রেনাল ইনসাফেয়েন্সি রোগ হতে পারে,"যদি কেউ প্রতিদিন 2,000 মাইক্রোগ্রামের বেশি স্টেরয়েড গ্রহণ করে তবে সেগুলি শ্বাসনালী থেকে রক্ত ​​​​প্রবাহে শোষিত হতে পারে এবং ডায়াবেটিস, উচ্চ রক্তচাপ এবং অ্যাড্রিনাল অপ্রতুলতা হতে পারে।"
100088,74767,সাধারণত যেসব মা বাচ্চাকে বুকের দুধ পান করান তাদের একটা হরমোন বের হয়,সাধারণত যে মায়েরা তাদের বাচ্চাদের বুকের দুধ খাওয়ায় তারা একটি হরমোন নিঃসরণ করে।
164180,143214,শিশুদের ডায়াপার ভিজে গেলেই ঘন ঘন পরিবর্তন করবেন,আপনার শিশুর ডায়াপার ভিজে গেলে ঘন ঘন পরিবর্তন করুন।
9156,10699, একশিরা রোগে কদমের ছাল কেটে বর্ধিত স্থানে কদমপাতা দিয়ে বেঁধে রাখলে উপকার পাওয়া যায়,ভেরিকোজ ভেইনসে কদমের ছাল কেটে কদম পাতা দিয়ে আক্রান্ত স্থানে বেঁধে দিলে উপকার পাওয়া যায়।
176464,156323,একদুটি কারণে আসলে হাঁটুতে ব্যথা হয় না,হাঁটু আসলে কয়েকটি কারণে ব্যাথা করে না।
138514,115628,এক মুষ্টি চিপসের বদলে এক মুষ্টি বাদাম খান,এক মুঠো চিপসের পরিবর্তে এক মুঠো বাদাম খান।
47676,18909,এছাড়া শিশু ক্রমাগতভাবে কম শোনার কারণে ক্লাসে অমনোযোগী হয়ে পড়ে পড়াশোনায় খারাপ করে এবং শিক্ষাজীবন ব্যাহত হয়,"উপরন্তু, ক্রমাগত শোনার অভাবে শিশু ক্লাসে অমনোযোগী হয়ে পড়ে, যার ফলশ্রুতিতে একাডেমিক পারফরম্যান্স খারাপ হয় এবং একাডেমিক ক্যারিয়ার ব্যাহত হয়।"
157349,135773,কর্টিসলের জোয়ারভাটা শরীরে প্রাকৃতিকভাবেই ঘটতে থাকে,শরীরে স্বাভাবিকভাবেই কর্টিসলের বৃদ্ধি ঘটে।
182608,162488,সেই চুলকে ঘন ও কালো দেখাতে প্রয়োজন নিয়মিত পরিচর্যা,চুল ঘন ও কালো দেখাতে নিয়মিত যত্ন প্রয়োজন।
154837,133064,অনেক মাবাবা ভাবছেন বড় হয়ে গেছে আশপাশে কী ঘটছে তাদেরও সেটা জানা উচিত,অনেক অভিভাবক মনে করেন যে প্রাপ্তবয়স্ক হিসাবে তাদের চারপাশে কী ঘটছে তাও তাদের জানা উচিত।
34787,5149,তবে এটাতে লবণ বেশি থাকে বলে উচ্চরক্ত চাপে না খাওয়াই ভালো,"কিন্তু উচ্চ রক্তচাপের সঙ্গে এটি না খাওয়াই ভালো, কারণ এতে লবণ বেশি থাকে।"
43220,14127,চাহিদার তুলনায় সরবরাহ কম থাকায় দাম বেড়েছে কয়েকগুণ,চাহিদার তুলনায় সরবরাহ কম থাকায় দাম বেড়েছে বহুগুণ।
69009,41721,কিন্তু তখনো পাতলা পায়খানা ও বমির রেশ ছিল,কিন্তু তারপরও ডায়রিয়া ও বমি হচ্ছিল।
139204,116347,চিকিৎসক আরও বলেন চশমা হলে প্রথমে বেসিনের কল থেকে বেরুনো পানি দিয়ে দুটি কাচ ও ফ্রেম ভালোভাবে ধুয়ে নিয়ে হবে,"ডাক্তার আরো বলেন, চশমার ক্ষেত্রে বেসিনের কল থেকে পানি দিয়ে প্রথমে দুটি গ্লাস ও ফ্রেম ধুয়ে ফেলুন।"
134970,111855,তিনি বলেন আমরা একটি উচ্চ ক্ষমতাসম্পন্ন টাস্কফোর্স গঠন করেছি,"তিনি বলেন, আমরা একটি উচ্চ ক্ষমতাসম্পন্ন টাস্কফোর্স গঠন করেছি।"
139590,116760,শুনতে খুব ভালো লাগছে তাই না,খুব ভালো লাগছে তাই না?
160881,139613,এতে থাইরয়েড ফোলার সঙ্গে সঙ্গে চোখ কোটর থেকে বেরিয়ে আসে,"এতে, থাইরয়েড ফুলে যাওয়ায় চোখ তাদের সকেট থেকে বেরিয়ে আসে।"
155512,133816,রক্ত পরীক্ষার মাধ্যমে এই রোগ নির্ণয় করা সম্ভব,রক্ত পরীক্ষার মাধ্যমে এই রোগ নির্ণয় করা যায়।
24682,29382,মদিনায় এ খেজুরের ফলন হয় বেশি,মদীনায় এসব খেজুরের ফলন বেশি হয়।
26028,30957, তাই স্টিল কাট বা রোলড ওটসের চাহিদাই বেশি,স্টিলের কাট বা রোলড ওটসের তাই চাহিদা বেশি।
3243,3809,"তিনি বলেন, ‘প্যাথলজি বিভাগের একটি শাখায় শুধু ডেঙ্গু পরীক্ষা করা হচ্ছে","তিনি বলেন, 'শুধুমাত্র প্যাথলজি বিভাগের একটি শাখায় ডেঙ্গু পরীক্ষা করা হয়।"
3508,4125,তাই বিশেষজ্ঞরা বারবার ‘জেন এফেক্ট’ দূর করার জন্য মুলা খাওয়ার পরামর্শ দিয়ে থাকেন,তাই বিশেষজ্ঞরা বারবার 'জেন প্রভাব' দূর করতে মুলা খাওয়ার পরামর্শ দেন।
26495,31514, ভাজাভাজির জন্যে চাই স্বাস্থ্যকর তেল,আমি ভাজার জন্য স্বাস্থ্যকর তেল চাই।
162445,141315,ধূমপান এবং মদ্যপান থেকে বিরত থাকুন,ধূমপান এবং অ্যালকোহল পান এড়িয়ে চলুন।
56670,28597,ভাইরাল হেপাটাইটিসজনিত জন্ডিসে খাওয়ার রুচি এমনিতেই কম থাকে,ভাইরাল হেপাটাইটিস দ্বারা সৃষ্ট জন্ডিস দুর্বল ক্ষুধা দ্বারা চিহ্নিত করা হয়।
194367,174261,বেসন  বেসন প্রাকৃতিক এক্সফোলিয়েটর হিসেবে কাজ করে আর এর ক্লিনজিং এজেন্ট ত্বকের ময়লা পরিষ্কার করতে সাহায্য করে,বেসন বেসন প্রাকৃতিক এক্সফোলিয়েটর হিসেবে কাজ করে এবং এর ক্লিনজিং এজেন্ট ত্বকের ময়লা দূর করতে সাহায্য করে।
103627,78619,সে ক্ষেত্রে রোগীকে দ্রুত অক্সিজেন দিতে হবে,সেক্ষেত্রে রোগীকে দ্রুত অক্সিজেন দিতে হবে।
29314,34813,"এরপর নলেন গুড় তৈরির তৃতীয় তথা শেষ ধাপ এবং সবচেয়ে গুরুত্বপূর্ণ ধাপ৷ ভাল গুণমানের নলেন গুড় তৈরি করতে তৃতীয় ধাপে যথেষ্ট মুন্সিয়ানার প্রয়োজন৷ মাটির উনুনে কাঠের জ্বালানি ব্যবহার করে রস ফোটাতে হয়৷ রস ফোটার সময় তার মধ্যে বিশেষ ধরনের হাতা দিয়ে সারাক্ষণ নাড়তে হয়৷ মূলত নারকেলের মালার অর্ধেক অংশে লম্বা কাঠ লাগিয়ে এই হাতা তৈরি করা হয়৷ কয়েক ঘণ্টা ধরে রস ফোটাতে হয়৷ যত সময় এগোয়, ততই নলেন গুড়ের গন্ধ পাওয়া যায়৷ গন্ধ যত বাড়বে, বুঝতে হবে গুড়ের মান ততই ভাল হচ্ছে৷ তবে অনেকে গুড়ের রং হালকা করার জন্য সোডিয়াম হাইড্রোজেন সালফাইট (হাইড্রোজ) ব্যবহার করে থাকেন যা স্বাস্থ্যের জন্য ক্ষতিকর","এরপর আসে তৃতীয় এবং শেষ ধাপ এবং গুড় তৈরির সবচেয়ে গুরুত্বপূর্ণ ধাপ তৃতীয় ধাপে ভালো মানের নলেন গুড় উৎপাদনের জন্য পর্যাপ্ত মুন্সিয়ানা প্রয়োজন। মূলত এই হাতা একটি নারকেলের খোসার অর্ধেক কাঠের একটি লম্বা টুকরা সংযুক্ত করে তৈরি করা হয়। যত সময় যায় গুড়ের গন্ধ ততই তীব্র হয়। তবে অনেকেই গুড়ের রঙ হালকা করতে সোডিয়াম হাইড্রোজেন সালফাইট (হাইড্রোজ) ব্যবহার করেন, যা"
118322,94239, যারা প্রোস্টেট গ্রন্থি বড় হওয়ার কারণে ওষুধ সেবন করে থাকেন তারা টাইপ২ ডায়াবেটিস ঝুঁকির মধ্যে থাকেন,যারা প্রোস্টেট বৃদ্ধির জন্য ওষুধ খান তাদের টাইপ 2 ডায়াবেটিসের ঝুঁকি থাকে।
22761,27076, কারণ শিশুদের ক্যানসারের মধ্যে এই লক্ষণগুলোও রয়েছে,কারণ শিশুদের ক্যান্সারেও এই উপসর্গ থাকে।
91742,65851,সেই সঙ্গে প্রস্রাবের পরিমাণ পর্যবেক্ষণ করতে হবে,সেই সঙ্গে প্রস্রাবের পরিমাণ পর্যবেক্ষণ করতে হবে।
140475,117683,যদি পরিচর্যা করতেই হয় তাহলে মাস্ক পরে নেবেন গাউন পরে নেবেন এবং হাতটি সুন্দর করে ধুয়ে নেবেন,"যদি আপনাকে উপস্থিত হতেই হয়, একটি মাস্ক, গাউন পরুন এবং আপনার হাত ভালভাবে ধুয়ে নিন।"
27055,32191, তাই ডায়াবেটিস রোগীদের এটি এড়িয়ে চলাই ভালো,তাই ডায়াবেটিস রোগীদের এটি এড়িয়ে চলা উচিত।
13846,16343, ডায়াবেটিস শরীরে বাসা বাঁধলে অনেক কিছু খাবার খাওয়া বন্ধ হয়ে যায়,ডায়াবেটিস শরীরে শিকড় গেড়ে গেলে অনেক খাবার বন্ধ হয়ে যায়।
140219,117414,তারা বলছেন তাদের কথা শোনার পাশাপাশি গুরুত্ব দিতে হবে চরম সামাজিক দূরত্ব সৃষ্টি করার বিষয়টিতে,তারা বলে যে তাদের শোনার পাশাপাশি চরম সামাজিক দূরত্বের দিকে মনোনিবেশ করা দরকার।
38474,9063,প্রান্তিক জনগোষ্ঠীর ইনসুলিনের মতো প্রয়োজনীয় ওষুধ পাওয়ার সম্ভাবনা কম,প্রান্তিক জনগোষ্ঠীর ইনসুলিনের মতো প্রয়োজনীয় ওষুধ পাওয়ার সম্ভাবনা কম।
109329,84736,ঝাল খাবার পাকস্থলীতে এসিডিটির পরিমাণ বাড়িয়ে দেয়,লবণাক্ত খাবার পাকস্থলীতে অ্যাসিডের পরিমাণ বাড়ায়।
171589,151175, মস্তিষ্কে রক্তক্ষরণ স্ট্রোক অস্ত্রোপচার বা কোনো রোগের কারণে দীর্ঘদিন শয্যাশায়ী থাকলে কোষ্ঠকাঠিন্য দূর করা কঠিন হয়ে পড়ে,"ব্রেন হেমারেজ, স্ট্রোক, সার্জারি বা অন্য কোনো রোগের কারণে দীর্ঘদিন শয্যাশায়ী থাকলে কোষ্ঠকাঠিন্য দূর করা কঠিন হয়ে পড়ে।"
129215,105824,এ ছাড়া বিএসএমএমইউর পরীক্ষা থেকেও ২৮ মে তাঁর করোনা পজিটিভ আসে,এ ছাড়া গত ২৮ মে বিএসএমএমইউ পরীক্ষায় তার করোনা পজিটিভ আসে।
129169,105778,ডা কাজী মাহজেবীন আক্তার সরকারী ইউনানী ও আয়ুর্বেদিক মেডিকেল কলেজের মেডিকেল অফিসার এমও হিসেবে কর্মরত ছিলেন,ডাঃ কাজী মাহজেবীন আখতার সরকারি ইউনানী ও আয়ুর্বেদিক মেডিকেল কলেজের মেডিকেল অফিসার হিসেবে কর্মরত ছিলেন।
107703,82989,রক্তে অত্যধিক পরিমাণে কলেস্টেরল থাকলে ডায়াবেটিস রোগীদের হার্টের রোগ এবং রক্তনালির রোগ বৃদ্ধি পেতে পারে,রক্তে অত্যধিক কোলেস্টেরল ডায়াবেটিস রোগীদের হৃদরোগ এবং রক্তনালীর রোগের ঝুঁকি বাড়াতে পারে।
130344,107024,এর আগে খবরে বলা হয়েছে সরকারের অনুমোদন না পেলেও নিজেদের উদ্ভাবিত জি আর কোভিড১৯ রেপিড ডট ব্লট কিট দিয়ে করোনাভাইরাসের পরীক্ষা শুরু করবে গণস্বাস্থ্য কেন্দ্র,"এর আগে জানা গেছে, সরকারের অনুমোদন না পাওয়া সত্ত্বেও গণসাথ্য কেন্দ্র নিজস্ব উদ্ভাবিত জিআর কোভিড-১৯ র‌্যাপিড ডট ব্লট কিট দিয়ে করোনাভাইরাস পরীক্ষা শুরু করবে।"
53935,25606,হৃৎপিণ্ডের রক্তনালিতে ব্লকজনিত কারণে বুকে ব্যথা হলে কি ইসিজি স্বাভাবিক থাকতে পারে,হার্টের রক্তনালীতে ব্লকেজের কারণে বুকে ব্যথা হলে ইসিজি কি স্বাভাবিক হতে পারে?
83926,57560,সাধারণ নিউমোনিয়াতেও হঠাৎ অনেক জ্বর বুকব্যথা ও কাশির সঙ্গে মরিচা রঙের কফ হতে পারে,সাধারণ নিউমোনিয়াতেও হঠাৎ উচ্চ জ্বর হতে পারে বুকে ব্যথা এবং মরিচাযুক্ত কফের সাথে কাশি।
102481,77385,সময়মতো ধৈর্য ধরে চিকিৎসা করলে এ অন্ধত্বের হাত থেকে রক্ষা পাওয়া যায়,সময়মত এবং রোগীর চিকিৎসা আপনাকে এই অন্ধত্ব থেকে বাঁচাতে পারে।
179556,159430,কোনো কারণে থাইরয়েড গ্রন্থি থেকে মাত্রাতিরিক্ত হরমোন নিঃসৃত হওয়াকে হাইপারথাই রয়েডিজম বলা হয়,হাইপারথাইরয়েডিজম হলো কোনো কারণে থাইরয়েড গ্রন্থি থেকে অতিরিক্ত হরমোন নিঃসরণ।
54122,25809,প্রতি সপ্তাহে কমপক্ষে তিন রাত এবং একটানা কমপক্ষে তিন মাস উপরোক্ত অবস্থা চলতে থাকলে তাকে আমরা ইনসমনিয়া ডিসঅর্ডার বলি,"যদি উপরোক্ত অবস্থা প্রতি সপ্তাহে অন্তত তিন রাত এবং টানা তিন মাস চলতে থাকে, তাহলে আমরা তাকে অনিদ্রা ব্যাধি বলি।"
150107,127965,এসব লবণের ঘাটতিতে সচরাচর এই সমস্যা হতে পারে,এই লবণের ঘাটতির কারণে প্রায়ই এই সমস্যা হতে পারে।
81937,55456,নাকের এ সর্দি সামনের দিকে আসতে পারে,এই সর্দি নাক এগিয়ে আসতে পারে।
42415,13281, মানসিক চাপ বা উদ্বেগ ম্যানেজে মেডিটেশন ইয়োগা করবেন,মানসিক চাপ বা উদ্বেগ পরিচালনা করতে ধ্যান যোগব্যায়াম করুন।
119643,95637,কিন্তু জন্মগতকারণে চোখের মাংস দুর্বল হলে মণি অস্বচ্ছ হলে জন্মগত ছানি হলে দুই চোখের দৃষ্টিশক্তির পার্থক্য হলে গঠনগত অসামঞ্জস্য হলে দুটি চোখ একসঙ্গে কোনো বস্তুর দিকে স্থির থাকতে পারে না,"কিন্তু জন্মগত কারণে চোখের পেশী দুর্বল হলে, পুতুল অস্বচ্ছ হলে, জন্মগত ছানি থাকলে, দুই চোখের দৃষ্টিশক্তির পার্থক্য থাকলে, গঠনগত অসংগতি থাকলে চোখ দুটি পারে না। একই সাথে একটি বস্তু ঠিক করুন।"
198115,178009,প্রণালী ১ কাপ বেসন ১ কাপ চিনি ১ কাপ ঘি বড় এলাচের গুঁড়ো ছোট ছোট টুকরো করে কাটা বাদামউপকরণ প্রথমে চিনি আর ১ কাপ পানি নিয়ে ওভেনে বসান,"প্রণালী: 1 কাপ বেসন, 1 কাপ চিনি, 1 কাপ ঘি, বড় এলাচ গুঁড়া, বাদাম ছোট ছোট টুকরো করে কাটা। উপকরণ: প্রথমে চিনি ও ১ কাপ পানি নিয়ে ওভেনে রাখুন।"
36658,7141,রোগীর দ্রুত সুস্থতার জন্য পানি এবং পানীয় জাতীয় খাবার যেমন ডাবের পানি ও বিভিন্ন ধরনের ফলের জুস এবং প্লেটেলেট বাড়ে এ জাতীয় খাবার দিয়ে সুষম ও সহজপাচ্য খাদ্য তালিকাটি তৈরি করতে হবে,রোগীর দ্রুত সুস্থতার জন্য পানি এবং ডাবের পানির মতো পানীয় এবং বিভিন্ন ফলের রস এবং খাবার যা প্লেটলেট বাড়ায় দিয়ে একটি সুষম এবং সহজে হজমযোগ্য খাদ্য তৈরি করতে হবে।
115836,91599, মায়ের বুকের দুধ পান করাতে হবে,মায়ের বুকের দুধ পান করা উচিত।
132515,109288,গত ৫ বছর পূর্বে বেলজিয়ামের একটি গবেষণাগারে একইভাবে একটি লামার দেহে ইনজেকশনের মাধ্যমে SARS সার্স ও MARS মার্স ভাইরাস দেয়া হয়েছিল,5 বছর আগে বেলজিয়ামের একটি গবেষণাগারে SARS এবং MARS ভাইরাস একইভাবে একটি লামাতে ইনজেকশন দেওয়া হয়েছিল।
101743,76561,১ গর্ভকালীন এবং গর্ভ পরবর্তী সময়ে নিয়মিত স্বাস্থ্যসেবা পেতে চিকিৎসকের সঙ্গে যোগাযোগ রাখুন,1 গর্ভাবস্থায় এবং গর্ভাবস্থার পরে নিয়মিত স্বাস্থ্যসেবা পেতে ডাক্তারের সাথে যোগাযোগ রাখুন।
33223,3451,একই বিভাগের সিনিয়র কনসালটেন্ট অ্যান্ড কোঅর্ডিনেটর ডা ফেরদৌস শাহরিয়ার সৈয়দ বলেন দেশে ৯০ শতাংশ ক্যানসারের ওষুধ তৈরি হয়,"একই বিভাগের সিনিয়র কনসালটেন্ট ও সমন্বয়কারী ড. ফেরদৌস শাহরিয়ার সৈয়দ বলেন, দেশে ক্যান্সারের ৯০ শতাংশ ওষুধ তৈরি হয়।"
47623,18854,অ্যালার্জি থাকলে অপারেশনের পর শিশুকে অ্যালার্জির জন্য দীর্ঘমেয়াদী ওষুধ দিতে হবে,অ্যালার্জি হলে অপারেশনের পর শিশুকে দীর্ঘমেয়াদি অ্যালার্জির ওষুধ দিতে হবে।
87811,61659,৪৫ মিনিট থেকে ৬০ মিনিট অপেক্ষা করুন,45 মিনিট থেকে 60 মিনিট অপেক্ষা করুন।
49920,21312,হার্ট ফেলিওর সম্পর্কে আপনি জানেন এবং হার্ট ফেলিওরের সঙ্গে নিরাপদ বসবাস করবেন,আপনি হার্ট ফেইলিউর সম্পর্কে জানেন এবং হার্ট ফেইলিউর নিয়ে নিরাপদে বাস করুন।
195936,175830,পেট পরিষ্কার থাকবে যে কারণে ত্বক ঝকঝকে হবে নিজ থেকেই,"পেট পরিষ্কার থাকবে, যা স্বাভাবিকভাবেই ত্বককে উজ্জ্বল করবে।"
75986,49110,তাই একটি বাস্তবমুখী কার্যকর আইপিসি ছাড়া মানসম্পন্ন স্বাস্থ্যসেবা সরবরাহ করা অসম্ভব,"সুতরাং, একটি বাস্তবসম্মত এবং কার্যকর আইপিসি ছাড়া মানসম্পন্ন স্বাস্থ্যসেবা সরবরাহ করা অসম্ভব।"
28812,34220,দুধ যে ক্যালসিয়ামের ঘাটতি মেটানোর জন্য মূল আশ্রয় তা আমরা কম বেশি সকলেই জানি,আমরা সবাই কমবেশি জানি যে দুধ হল ক্যালসিয়ামের ঘাটতির প্রধান আশ্রয়স্থল।
185599,165493,গাছে পানি দেবে কে এই চিন্তায় শহর ছেড়ে বেড়াতে বা ভ্রমণে যাওয়াটা এক রকম চিন্তার বিষয় হয়ে যায়,"শহর ছেড়ে বেড়াতে যাওয়া বা বেড়াতে যাওয়া এক ধরনের দুশ্চিন্তায় পরিণত হয়, কে গাছে পানি দেবে তা নিয়ে দুশ্চিন্তা।"
41106,11895,হাজিদের প্রায় ১৫ শতাংশ ডায়াবেটিক নিউরোপ্যাথিতে ভোগেন যা পায়ের জটিলতা যেমনক্ষত বা ঘা হওয়ার ঝুঁকি বাড়িয়ে দেয়,"প্রায় 15 শতাংশ হাজি ডায়াবেটিক নিউরোপ্যাথিতে ভুগছেন, যা আলসারের মতো পায়ের জটিলতার ঝুঁকি বাড়ায়।"
45972,17070,হাতের ওপর মাথার চাপ বাড়বে তবে হাত দুটোও মাথার ওপর সমান চাপ দেবে,"হাতের উপর মাথার চাপ বাড়বে, তবে উভয় হাত মাথার উপর সমান চাপ দেবে।"
194573,174467,এই দুই এসেন্সিয়াল হেলদি ফ্যাট আমাদের হৃদযন্ত্রের স্বাস্থ্যের খেয়াল রাখে,এই দুটি অপরিহার্য স্বাস্থ্যকর চর্বি আমাদের হার্টের স্বাস্থ্যের যত্ন নেয়।
23687,28200, এই ভাইরাস সম্পর্কে এখন অনেক ধারণাই পরিষ্কার হয়ে গেছে বিজ্ঞানীদের,এই ভাইরাস সম্পর্কে অনেক ধারণা এখন বিজ্ঞানীদের কাছে পরিষ্কার।
80101,53475,দৈনিক চিনির পরিমাণ আমেরিকান হার্ট অ্যাসোসিয়েশন মেয়েদের জন্য ছয় চামচ চিনি বা ২৫ গ্রাম চিনি এক দিনে অতিরিক্ত বা অ্যাডেড সুগার হিসাবে গ্রহণের পরামর্শ প্রদান করেছেন,দৈনিক চিনির পরিমাণ আমেরিকান হার্ট অ্যাসোসিয়েশন মেয়েদের জন্য সুপারিশ করে দিনে ছয় চা চামচ চিনি বা যোগ করা চিনি 25 গ্রাম।
86739,60531,শীতকালে সাইনাসের সমস্যা একটি সাধারণ ব্যাপার,শীতকালে সাইনাসের সমস্যা দেখা যায়।
115416,91132,এভাবে কয়েক দিন খেলে কমে যাবে গলাব্যথা,এভাবে কয়েকদিন খেলে গলা ব্যথা কমে যাবে।
113636,89242,মুখের আলসারের ভালো চিকিৎসা রয়েছে,মুখের আলসারের ভালো চিকিৎসা আছে।
52927,24511,স্টেরয়েড ড্রপ ব্যবহার করলে জীবাণুর সংক্রমণ আরও বেড়ে যেতে পারে এমনকি কর্নিয়া ক্ষতিগ্রস্থও হতে পারে,স্টেরয়েড ড্রপ সংক্রমণকে আরও খারাপ করতে পারে এবং এমনকি কর্নিয়ার ক্ষতি করতে পারে।
91207,65269,শিশুকে সুস্থ রাখার জন্য শীতের প্রস্তুতি ও চিকিৎসা নিয়ে লিখেছেন শিশুরোগ বিশেষজ্ঞ ও বাংলাদেশ শিশু চিকিৎসক সমিতির সভাপতি অধ্যাপক ডা মনজুর হোসেন,শিশুদের সুস্থ রাখতে শীতের প্রস্তুতি ও চিকিৎসার কথা লিখেছেন শিশু বিশেষজ্ঞ ও বাংলাদেশ চিলড্রেন ফিজিশিয়ান অ্যাসোসিয়েশনের সভাপতি ডাঃ মনজুর হোসেন।
119901,95917, ফুসফুসে ছড়ালে কাশি হওয়া এমনকি কাশির সঙ্গে রক্তও যেতে পারে,"যদি এটি ফুসফুসে ছড়িয়ে পড়ে, তবে এটি কাশি এবং এমনকি কাশির কারণে রক্তও হতে পারে।"
195156,175050,নখে তিতা কিছু দিয়ে রাখুন তাহলে দাঁতে নখ দিতে ইচ্ছে করবে না,"তোমার নখে তেতো কিছু লাগাও, তাহলে তুমি আর দাঁতে নখ লাগাতে চাইবে না।"
140075,117260,কী ঘটে যখন সবাই ঘরে বসে কাজ করে অথবা শুধুমাত্র দূর থেকেই যোগাযোগ করে কেমন হয় যখন সকল শিক্ষা কার্যক্রম অনলাইনে হয় স্বাভাবিক সময়ে রাষ্ট্র ব্যবসা এবং শিক্ষা প্রতিষ্ঠান এই ধরণের এক্সপেরিমেন্টে কখনোই রাজি হবে না,"সবাই যখন বাড়ি থেকে কাজ করে বা শুধুমাত্র দূর থেকে যোগাযোগ করে তখন কী হয়? সমস্ত শিক্ষা কার্যক্রম অনলাইন হলে কি হয়? স্বাভাবিক সময়ে, সরকার, ব্যবসায়িক এবং শিক্ষা প্রতিষ্ঠানগুলি কখনই এ জাতীয় পরীক্ষায় রাজি হবে না।"
139899,117076,কেননা আর্থ্রাইটিস একটি দীর্ঘমেয়াদি জটিলতা এবং এখন পর্যন্ত সে অর্থে আর্থ্রাইটিসের সে রকম কার্যকরী চিকিৎসাও নেই কিন্তু করোনাভাইরাসের ক্ষেত্রে সম্পূর্ণ বিষয়টি ভিন্ন,"কারণ আর্থ্রাইটিস একটি দীর্ঘমেয়াদি জটিলতা এবং আর্থ্রাইটিসের তেমন কোনো কার্যকর চিকিৎসা নেই, তবে করোনাভাইরাসের ক্ষেত্রে এটি সম্পূর্ণ ভিন্ন।"
49211,20539,কারও অ্যালার্জি হয় সর্দিকাশি দেখা দেয়,কারও অ্যালার্জি আছে এবং কারও সর্দি আছে।
129461,106082,তবে সবার এরকম থাকে না তাই যাদের অ্যাসিডিটি না হয় তারা অবশ্যই খাবার তালিকায় নিয়মিত লেবু রাখবেন,"কিন্তু সবারই এটা থাকে না, তাই যাদের অ্যাসিডিটি নেই তাদের খাবারে নিয়মিত লেবু রাখতে হবে।"
79784,53140, চতুর্থ পর্যায় পাইলস ফুলে বাইরে বের হয়ে আসে বা প্রলেপস হয়ে এবং তা আর নিজে ঠিক করা যায় না,স্টেজ IV পাইলস ফুলে যায় বা প্রল্যাপস হয় এবং নিজে থেকে মেরামত করা যায় না।
150075,127930,মো ইকবাল হোসেন জ্যেষ্ঠ পুষ্টি কর্মকর্তা চট্টগ্রাম ডায়াবেটিক জেনারেল হাসপাতাল,মোঃ ইকবাল হোসেন সিনিয়র নিউট্রিশন অফিসার চট্টগ্রাম ডায়াবেটিক জেনারেল হাসপাতাল
104697,79792,বেশিরভাগ ক্ষেত্রে এটা একটা কারণে ফুলে যায় অধিকাংশ ক্ষেত্রে এর চিকিৎসার প্রয়োজন আছে,বেশিরভাগ ক্ষেত্রে এটি একটি কারণে ফুলে যায় এবং বেশিরভাগ ক্ষেত্রে এটির চিকিত্সার প্রয়োজন হয়।
86483,60263,"২ স্থূলতা
স্থূলতার কারণে অনেক সময় পাকস্থলীতে ক্যান্সার হতে পারে",2 স্থূলতা স্থূলতা প্রায়ই পেট ক্যান্সার হতে পারে.
120949,97016,এখানে মুক্তিযোদ্ধাদের জন্য স্বল্পব্যয়ে আবাসন গড়ে তোলা হবে,মুক্তিযোদ্ধাদের জন্য এখানে স্বল্পমূল্যের আবাসন নির্মাণ করা হবে।
144126,121514,দুধ বাদাম ফলের রস বা নারকেলের পানিতেও চিয়া সিড মেশাতে পারেন,"এছাড়াও আপনি দুধ, বাদাম ফলের রস বা নারকেল জলে চিয়া বীজ মেশাতে পারেন।"
32272,2458,এই উপমহাদেশে প্রকোপ কিছুটা বেশি,এই উপমহাদেশে প্রকোপ কিছুটা বেশি।
106881,82110,তাই রোগীর রোগগুলো হলে মাইট্রাল স্টেটোনোফ সঙ্গে লেফ্ট এট্রিয়াল থ্রোম্বাস আছে এট্রিয়াল ফিব্রিলেশন ও ইস্কোমিক স্ট্রোক,"তাই যদি রোগীর রোগ হয় mitral stetonoph with left atrial thrombus, atrial fibrillation এবং ischemic stroke."
108103,83420,সর্দিজ্বর থেকে অনেক সময় সেকেন্ডারি ইনফেকশন হয়ে থাকে,ঠাণ্ডা প্রায়ই সেকেন্ডারি ইনফেকশন সৃষ্টি করে।
166976,146244,কখনো চিনিমুক্ত মিল্কশেক বা টক দইয়ের লাচ্ছি খেতে পারেন,কখনও কখনও আপনি চিনিমুক্ত মিল্কশেক বা টক দই লস্যি খেতে পারেন।
36650,7133,ডেঙ্গু হলে যেসব খাবার এড়িয়ে চলতে হবে,ডেঙ্গু হলে যেসব খাবার এড়িয়ে চলতে হবে।
151458,129420,কোনো কারণে গ্রন্থির মুখ বন্ধ হয়ে গেলে বা গ্রন্থিগুলো থেকে পানি নিঃসরণ কমে গেলে চোখ শুষ্ক হয়ে পড়ে,কোনো কারণে গ্রন্থি বন্ধ হয়ে গেলে বা গ্রন্থি থেকে পানি নিঃসরণ কমে গেলে চোখ শুষ্ক হয়ে যায়।
69572,42308,দীর্ঘমেয়াদি লিভার প্রদাহের ফলে ধীরে ধীরে ক্ষতিগ্রস্ত লিভারজুড়ে আঁশ তৈরি হয় যাকে লিভার ফাইব্রোসিস বলা হয়,"দীর্ঘমেয়াদী লিভারের প্রদাহ ধীরে ধীরে ক্ষতিগ্রস্ত লিভার জুড়ে দাগের টিস্যু গঠনের দিকে নিয়ে যায়, যাকে বলা হয় লিভার ফাইব্রোসিস।"
121349,97475,বাংলাদেশ স্পেশালাইজড হাসপাতাল শ্যামলী ঢাকা,বাংলাদেশের শ্যামলী ঢাকা বিশেষায়িত হাসপাতাল
131072,107771,থাইল্যান্ড থেকে নিউইয়র্ক গোটা মানব সমাজ আজ একই রকম বিষয়ে উদ্বিগ্ন  কোথায় কখন মাস্ক ব্যবহার করতে হবে মুদি দোকান থেকে আনা খাদ্যদ্রব্য কীভাবে নিরাপদে ব্যবহার করতে পারি নিজ উদ্যোগে কোয়ারেন্টাইনে যাবো কি না,"থাইল্যান্ড থেকে নিউইয়র্ক পর্যন্ত, আজ সমগ্র মানবসমাজ একই বিষয় নিয়ে উদ্বিগ্ন: কোথায় মাস্ক পরতে হবে, কখন মুখোশ পরতে হবে, কীভাবে নিরাপদে মুদি দোকান থেকে খাবার গ্রহণ করতে হবে, সেল্ফ কোয়ারেন্টাইন হবে কি না।"
80324,53707,যেসব নারীর ব্রেস্ট ক্যানসারের কোনো পারিবারিক ইতিহাস নেই তাদের চেয়ে যেসব নারীর আত্মীয়দের firstdegree relative মাঝে ব্রেস্ট ক্যানসারের পারিবারিক ইতিহাস আছে তাদের ক্যানসার হওয়ার ঝুঁকি নয় গুণ বেশি,স্তন ক্যান্সারের পারিবারিক ইতিহাস সহ প্রথম-ডিগ্রী আত্মীয় সহ মহিলাদের স্তন ক্যান্সারের কোন পারিবারিক ইতিহাস নেই এমন মহিলাদের তুলনায় স্তন ক্যান্সার হওয়ার সম্ভাবনা নয় গুণ বেশি।
106721,81940,প্রসবপরবর্তী সেবা শুধুমাত্র বুকের দুধ খাওয়ানোর কাউন্সেলিং পরিবার পরিকল্পনার পদ্ধতিগুলো জানাতে হবে এবং বাচ্চার বিপজ্জনক উপসর্গগুলো জানাতে হবে,"প্রসবোত্তর যত্নে শুধুমাত্র বুকের দুধ খাওয়ানোর পরামর্শ, পরিবার পরিকল্পনা এবং শিশুর বিপদের সতর্কতা সংকেত অন্তর্ভুক্ত করা উচিত।"
90704,64730,জমজ সন্তানের হবু মায়ের খাবারদাবারের বিষয়ে চিকিৎসকরা সব সময় প্রোটিনের ওপর জোর দেন,"যমজ সন্তানের গর্ভবতী মায়েদের খাবারের ক্ষেত্রে, চিকিত্সকরা সর্বদা প্রোটিনের উপর জোর দেন।"
158537,137086,অনেক সময় আধমরা সাপ যিনি ধরে নিয়ে আসছেন তাঁর ক্ষতি করতে পারে,কখনও কখনও একটি অর্ধ-মরা সাপ তাকে ধরে থাকা ব্যক্তির ক্ষতি করতে পারে।
39095,9748,অনুষ্ঠানে জানানো হয় বাংলাদেশ ডায়াবেটিক সমিতির নিয়োগকর্তাস্পন্সরড হেলথ ইন্সুরেন্স ইএসএইচআই স্কিমের আওতায় ২০১৪ সালের ২৪ এপ্রিল থেকে ২০১৫ সালের ২৩ এপ্রিল পর্যন্ত গাজীপুর জেলার সাতটি তৈরি পোশাক আরএমজি কারখানায় গার্মেন্টস কর্মীদের স্বাস্থ্য সেবা নিয়ে একটি গবেষণা জরিপ পরিচালিত হয়েছিল,"অনুষ্ঠানে জানানো হয়, বাংলাদেশ ডায়াবেটিক অ্যাসোসিয়েশনের নিয়োগকর্তার পৃষ্ঠপোষকতায় স্বাস্থ্য বীমা ESHI স্কিমের আওতায় গাজীপুর জেলার সাতটি তৈরি পোশাক কারখানায় 24 এপ্রিল 2014 থেকে 23 এপ্রিল 2015 পর্যন্ত গার্মেন্টস শ্রমিকদের স্বাস্থ্যসেবা নিয়ে একটি গবেষণা জরিপ পরিচালিত হয়। ."
37058,7547,কিন্তু বেশি প্লাজমা লিকেজ হলে রক্তচাপ কমে যায় ও রোগী শকে চলে যায়,কিন্তু প্লাজমা লিকেজ বেশি হলে রক্তচাপ কমে যায় এবং রোগী শকে যায়।
64678,37145, প্রচুর পানি পান করুন এবং নিজেকে হাইড্রেটেড রাখতে বাড়িতে এবং ভ্রমণের সময় ডাবের জল এবং লেবুর শরবত পান করুন,প্রচুর পানি পান করুন এবং নিজেকে হাইড্রেটেড রাখতে বাড়িতে এবং ভ্রমণের সময় ডাবের পানি এবং লেবুপানি পান করুন।
137262,114311,তাদের প্রস্তুতি শেষ পর্যায়ে বলে হাসপাতাল সূত্রে জানা গেছে,তাদের প্রস্তুতি শেষ পর্যায়ে রয়েছে বলে হাসপাতাল সূত্রে জানা গেছে।
50103,21501,২৩ ভাগ রোগীর সার্জারি লাগে,23% রোগীর অস্ত্রোপচারের প্রয়োজন হয়।
192395,172289,৩০ বছর বয়সের পরে হাড়ের ঘনত্ব ধীরে ধীরে কমতে শুরু করে,30 বছর বয়সের পর ধীরে ধীরে হাড়ের ঘনত্ব কমতে শুরু করে
193754,173648,শীতে পা ঘামার বড় কারণ পা ঢাকা জুতা পরা,পায়ের পাতায় বন্ধ জুতা পরা শীতে পায়ের ঘামের একটি প্রধান কারণ।
184943,164837,সেই সঙ্গে নিয়মিত ব্রকলি খেলে রোগ প্রতিরোধক ক্ষমতা বাড়ে,"এছাড়াও, নিয়মিত ব্রকলি খেলে রোগ প্রতিরোধ ক্ষমতা বৃদ্ধি পায়।"
178443,158314,কিন্তু রোগটিতে সমানসংখ্যক নারী ও পুরুষ মারা গেছে,কিন্তু এই রোগটি সমান সংখ্যক নারী-পুরুষকে হত্যা করেছে।
121803,97977,যতদিন যেতে থাকে বাচ্চার বৃদ্ধির মাত্রা ততই কমতে থাকে,সময়ের সাথে সাথে শিশুর বৃদ্ধির হার কমে যায়।
89651,63601,এমনটি হয়ে থাকলে কোনো কিছু ধরার চেষ্টা করলে হাত থেকে জিনিস পড়ে যাওয়ার মতো দুর্বলতা দেখা দিতে পারে,"এমনটা হলে দুর্বলতা দেখা দিতে পারে, যেমন কিছু ধরতে গিয়ে হাত থেকে পড়ে যাওয়া।"
1977,2319,"গবেষণায় দেখা গেছে, এসব খাবার নিয়মিত খেলে হার্টের অসুখ, সুগার, প্রেশার এবং কোলেস্টেরলের ফাঁদে জড়িয়ে পড়ার আশঙ্কা তৈরি হয়","গবেষণায় দেখা গেছে নিয়মিত এসব খাবার খেলে হৃদরোগ, ডায়াবেটিস, উচ্চ রক্তচাপ ও কোলেস্টেরল হতে পারে।"
158156,136662,এ ছাড়া পর্যাপ্ত বিশ্রাম নিতে হবে,এ ছাড়া পর্যাপ্ত বিশ্রাম নিতে হবে।
93605,67814,শীঘ্রই অনুমোদিত অন্যান্য ভ্যাকসিনসমূহও স্কুলগামীদের ভ্যাকসিন প্রদানের স্বপক্ষে তাদের তথ্য উপাত্ত উপস্থাপন করবে,অন্যান্য শীঘ্রই অনুমোদিত-অনুমোদিত ভ্যাকসিনগুলিও স্কুলে যাওয়া শিক্ষার্থীদের টিকা দেওয়ার সমর্থনে তাদের ডেটা উপস্থাপন করবে।
111269,86773,আর চিকিৎসক রোগীর শরীরের অবস্থা বুঝে তাকে হাসপাতালে ভর্তি হতে বললে সেটা করতে হবে,"আর ডাক্তার যদি রোগীর শরীরের অবস্থা বুঝে তাকে হাসপাতালে ভর্তি করতে বলেন, তাহলে তাকে তা করতেই হবে।"
52433,23979,এ চিকিৎসায় সাধারণত একটি বড় মেশিন ব্যবহার করা হয়,এই চিকিৎসায় সাধারণত বড় মেশিন ব্যবহার করা হয়।
143784,121150,গ্রিন টিতে প্রচুর অ্যান্টিঅক্সিডেন্ট থাকে বলে ইনফ্লামেশন বা প্রদাহ থেকে বাঁচায়,গ্রিন টিতে প্রচুর পরিমাণে অ্যান্টিঅক্সিডেন্ট রয়েছে যা প্রদাহ প্রতিরোধে সাহায্য করে।
99128,73732,এখন আবার কি প্রেগন্যান্সি হেয়া যাবে,গর্ভাবস্থা কি এখন নষ্ট হয়ে যাবে?
150318,128197,কিন্তু ফাস্ট ফুড সেই প্রক্রিয়ার গতি আরও বাড়িয়ে দেয়,কিন্তু ফাস্ট ফুড এই প্রক্রিয়াটিকে আরও গতি দেয়।
48241,19505,এসব ফলে আছে ভিটামিনএ সি ও ই মিনারেল ক্যালসিয়াম ফসফরাস এন্টিঅক্সিডেন্ট ও ফাইবার,"এই ফলগুলিতে ভিটামিন এ, সি এবং ই, খনিজ পদার্থ, ক্যালসিয়াম, ফসফরাস, অ্যান্টিঅক্সিডেন্ট এবং ফাইবার রয়েছে।"
121451,97588,যেমন মস্তিষ্কে রক্তক্ষরণ হার্টের বৃহত্তর রক্তনালি যদি ছিঁড়ে যায় বা ফেটে যায় এবং ঘাড় মটকে গেলে,যেমন হৃৎপিণ্ডের একটি বড় রক্তনালী ছিঁড়ে গেলে বা ফেটে গেলে এবং ঘাড় মচকে গেলে মস্তিষ্কে রক্তক্ষরণ।
46802,17966,এছাড়া আমরা এতক্ষণ যেটা বললাম খাদ্যের নিয়ন্ত্রন সেটা হচ্ছে মেডিকেল নিউট্রেশন থেরাপী গঘঞ,এছাড়া খাদ্য নিয়ন্ত্রণের বিষয়ে আমরা যা বলেছি তা হলো মেডিকেল নিউট্রিশন থেরাপি।
72493,45400,গবেষণায় দেখা যায় অতিরিক্ত ফ্লোরাইড মাঝে মাঝে ক্যানসার সৃষ্টি করতে পারে,গবেষণা দেখায় যে অতিরিক্ত ফ্লোরাইড কখনও কখনও ক্যান্সারের কারণ হতে পারে।
7261,8461, কেবল ভাইরাসবাহী এডিস মশার কামড়েই ডেঙ্গু হতে পারে,ডেঙ্গু শুধুমাত্র ভাইরাস বহনকারী এডিস মশার কামড়ে ছড়াতে পারে।
154021,132168,একই কারণে যাঁরা রক্ত পাতলা করার ওষুধ খান তাঁরাও কাঁচা হলুদ খাওয়া থেকে বিরত থাকবেন,একই কারণে যারা রক্ত ​​পাতলা করার ওষুধ খান তাদেরও কাঁচা হলুদ খাওয়া থেকে বিরত থাকতে হবে।
21770,25871," পরিবর্তে সূর্যমুখীর বীজ, আমন্ড এসব খান","বরং সূর্যমুখীর বীজ, বাদাম খান।"
45594,16670,শিশুদের ক্যানসার শনাক্তের হার বাড়লেও চিকিৎসা সম্প্রসারিত হচ্ছে না,"যদিও শৈশবকালে ক্যান্সার সনাক্তকরণের হার বাড়ছে, চিকিৎসার প্রসার ঘটছে না।"
12979,15309, আখের রস রোগ প্রতিরোধ ক্ষমতা বাড়িয়ে তোলে এবং বহু রোগের বিরুদ্ধে লড়াই করার ক্ষমতা যোগায়,আখের রস রোগ প্রতিরোধ ক্ষমতা বাড়ায় এবং অনেক রোগের বিরুদ্ধে লড়াই করার ক্ষমতা জোগায়।
178803,158677,আর পেটে সমস্যা দেখা দিলে স্বাস্থ্যগত সমস্যা দেখা দেয়,আর পেটের সমস্যা থাকলে স্বাস্থ্য সমস্যা দেখা দেয়।
72391,45297,আগে চিকিৎসকরা জানতেন যে বাচ্চারা কেবল টাইপ১ ডায়াবেটিসে আক্রান্ত হয় এবং একে দীর্ঘকাল ধরে কিশোর ডায়াবেটিস Juvenile Diabetes নামে নামকরণ করা হতো,"আগে, ডাক্তাররা জানতেন যে টাইপ 1 ডায়াবেটিস শুধুমাত্র শিশুদের প্রভাবিত করে এবং এটি দীর্ঘকাল ধরে কিশোর ডায়াবেটিস নামে পরিচিত।"
110532,85987,শিশুদের করোনার উপসর্গ পরিবর্তন হয়ে নতুন কোনো কিছু যুক্ত হয়েছে কি না এমন প্রশ্নে ডা আবিদ হোসেন মোল্লা বলেন করোনার প্রভাবে জ্বর প্রধান উপসর্গ,"ডাক্তার আবিদ হোসেন মোল্লা বলেন, করোনার প্রভাবে জ্বরই প্রধান উপসর্গ বলে শিশুদের মধ্যে করোনার উপসর্গ পরিবর্তিত হয়েছে নাকি নতুন কিছু যোগ হয়েছে এমন প্রশ্নে।"
163347,142296,তবে রুটিনে এমন কাজও রাখুন যা করলে আপনার একটু হলেও মন ভালো হয়,"যাইহোক, রুটিন ক্রিয়াকলাপগুলি অন্তর্ভুক্ত করুন যা আপনাকে কমপক্ষে কিছুটা ভাল বোধ করে।"
82872,56436,গরম পানির বাষ্প টানলে কাশি উপশম হয়,গরম পানির বাষ্প নিঃশ্বাসে নিলে কাশি উপশম হয়।
63150,35489,অনেকেই মনে করেন যে এই অসুখটি হয়তো প্রাপ্ত বয়স্ক হওয়ার পরে হয়ে থাকে কিন্তু এটি ভুল ধারণা,অনেকের ধারণা প্রাপ্তবয়স্ক হওয়ার পরে এই রোগ হতে পারে তবে এটি একটি ভুল ধারণা।
158845,137431,অতিরিক্ত গরমে ঘাম থেকে বাচ্চাদের ঘামাচি হতে পারে,অতিরিক্ত গরমে শিশুদের ঘাম ও চুলকানি হতে পারে।
169130,148553,আক্রান্ত রোগী হাতের বৃদ্ধাঙ্গুল সহজে নাড়াতে পারেন না,আক্রান্ত রোগীর বুড়ো আঙুল সহজে নাড়াতে পারে না।
719,849, তাহলেই সুস্থ-সবল জীবনযাপন করতে পারবেন,তবেই আপনি সুস্থ জীবনযাপন করতে পারবেন।
46637,17785,এ মাত্রার নিচে হলে সোয়েটার ব্যবহার করতে পারেন,আপনি যদি এই স্তরের নীচে থাকেন তবে আপনি একটি সোয়েটার ব্যবহার করতে পারেন।
190202,170096,কিন্তু সেসব কিছু কিনতে যাওয়ার আগে কিছু বিষয়ে খেয়াল রাখা জরুরি,কিন্তু সেসব জিনিস কিনতে যাওয়ার আগে কিছু বিষয় মাথায় রাখা জরুরি।
67556,40193,খাবার থেকে অনেক সময় অ্যালার্জি হয়ে থাকে,অ্যালার্জি প্রায়শই খাবারের কারণে হয়।
198585,178479, ব্যবহারের পরের ঠান্ডা টিব্যাগকে সামান্য কুসুম গরম পানি দিয়ে ভিজিয়ে যে রঙিন পানি বের হবে তাতে মুলতানি মাটি মিশিয়ে ত্বকে লাগালে ত্বকের তৈলাক্ত ভাব কমে গিয়ে ব্রণ থেকে মিলবে মুক্তি,ব্যবহারের পর ঠাণ্ডা টি ব্যাগটি সামান্য ঈষদুষ্ণ পানিতে ভিজিয়ে রেখে বের হওয়া রঙিন পানিতে মুলতানি মাটি মিশিয়ে ত্বকে লাগালে ত্বকের তৈলাক্ততা কমে যায় এবং ব্রণ থেকে মুক্তি পাওয়া যায়।
173309,153029,শ্বাসতন্ত্র সংক্রমণের নানা উপসর্গ যেমন কাশি সর্দি জ্বর শ্বাসকষ্টে ভোগে শিশু,"শিশুরা শ্বাসযন্ত্রের সংক্রমণের বিভিন্ন উপসর্গ যেমন কাশি, সর্দি, জ্বর এবং শ্বাসকষ্টে ভোগে।"
159514,138146,এতে রাখতে পারেন প্যারাসিটামলজাতীয় ওষুধ খাওয়ার স্যালাইন কাটাছেঁড়ার জন্য থাকতে পারে জীবাণুনাশক ক্রিম,"আপনি এতে প্যারাসিটামল জাতীয় ওষুধ রাখতে পারেন, খাওয়ার জন্য স্যালাইন এবং কাটার জন্য অ্যান্টিসেপটিক ক্রিম রাখতে পারেন।"
141622,118912,ভেটিভারের নিয়মিত ব্যবহার মাথার স্নায়ুকে শীতল রাখতে সাহায্য করে চুল ও স্ক্যাল্পকে সুস্থ রাখে এবং মাথা রাখে ঠাণ্ডা,"ভেটিভারের নিয়মিত ব্যবহার মাথার স্নায়ু ঠান্ডা করতে সাহায্য করে, চুল ও মাথার ত্বক সুস্থ রাখে এবং মাথা ঠান্ডা রাখে।"
119760,95762,বেগমগঞ্জ উপজেলার হাজীপুর ইউনিয়ন স্বাস্থ্য ও পরিবার কল্যাণ কেন্দ্র,বেগমগঞ্জ উপজেলার হাজীপুর ইউনিয়ন স্বাস্থ্য ও পরিবার কল্যাণ কেন্দ্র
104846,79952,এ বিষয়ে ডা মোর্তাজাভি বলেন বমিভাব কিংবা বমি হওয়া এমন একটা বিষয় যা হঠাৎ করে বিনা কারণে হয় না,"এ বিষয়ে ডাঃ মোর্তজাভী বলেন, বমি বমি ভাব বা বমি এমন একটি বিষয় যা হঠাৎ করে কোনো কারণে ঘটে না।"
63603,35963,মাঝে মাঝে মস্তিষ্কের ভেতরের ধমনিতে এক ধরনের অ্যানিউরিজম দেখা যায় যাকে বেরি অ্যানিউরিজম বলা হয়,কখনও কখনও একটি বেরি অ্যানিউরিজম নামক মস্তিষ্কের ভিতরে একটি ধমনীতে অ্যানিউরিজম হয়।
40865,11637,এসব নডিউলের ১ শতাংশ থেকে থাইরয়েড ক্যানসার হতে পারে,এই নডিউলের 1 শতাংশ থাইরয়েড ক্যান্সার হতে পারে।
87935,61799,এতে তৃণমূলের রোগীরা সেবাবঞ্চিত হচ্ছেন,সেবা থেকে বঞ্চিত হচ্ছে তৃণমূলের রোগীরা।
31135,1240,এক্ষেত্রে রোগীদেরও উচিত হবে চিকিৎসককে নিজের কিডনি জটিলতার সম্পর্কে জানানো,এক্ষেত্রে রোগীদের কিডনির জটিলতা সম্পর্কেও চিকিৎসককে জানাতে হবে।
53932,25603,বুকের ব্যথা বাম হাতের ভেতরের দিক দিয়ে নিচের দিকে নামে,বুকের ব্যথা বাম বাহুর ভিতরের দিকে ছড়িয়ে পড়ে।
96511,70918,২০১৯ সালে সারা দেশে ভয়াবহ ডেঙ্গির প্রাদুর্ভাবে ১ লাখ ১ হাজার ৩৫৪ জন আক্রান্ত এবং ১৭৯ জন মানুষ মৃত্যুবরণ করে,"2019 সালে, সারাদেশে মারাত্মক ডেঙ্গুর প্রাদুর্ভাবের কারণে 1 লাখ 1 হাজার 354 জন আক্রান্ত হয়েছিল এবং 179 জন মারা গিয়েছিল।"
193914,173808,কলার খোসা সব বাড়িতেই কমবেশি পাওয়া যায় এবং সার তৈরির খুব ভালো উপাদানও বটে,কলার খোসা প্রায় প্রতিটি ঘরেই পাওয়া যায় এবং সার তৈরির জন্যও এটি খুব ভালো একটি উপাদান।
51579,23078,তো ১৫০০ মিলিগ্রামে সোডিয়াম আছে ৩ দশমিক ৭৫ গ্রাম পরিমাণ লবণ মানে পৌনে এক চামচ লবণে,"সুতরাং 1500 মিলিগ্রাম সোডিয়ামে 3.75 গ্রাম লবণ থাকে, যার অর্থ এক চতুর্থাংশ চা চামচ লবণ।"
180980,160858,তাই হোম ট্রিটমেন্টের সময় একটু সতর্ক থাকতে হবে,তাই ঘরোয়া চিকিৎসার সময় একটু সতর্ক থাকতে হবে।
181159,161037,সপ্তাহে তিন দিন ভালো করে মাথায় শ্যাম্পু করুন,সপ্তাহে তিন দিন চুল ভালো করে শ্যাম্পু করুন।
4561,5369, আক্রান্তদের ৭৬ শতাংশ চিকিৎসা নিয়েছেন ঢাকার অন্য ১৬টি হাসপাতালে,আক্রান্তদের ৭৬ শতাংশ ঢাকার অন্য ১৬টি হাসপাতালে চিকিৎসা নিয়েছেন।
173846,153612,যেসব ওষুধ বর্ধনশীল হাড়ের ওপর কাজ করে তাদের দীর্ঘমেয়াদি প্রয়োগ শিশুর খর্বতার কারণ হতে পারে এর মধ্যে স্টেরয়েডজাতীয় ওষুধ এবং ক্যানসার চিকিৎসায় ব্যবহৃত কেমোথেরাপি ও রেডিওথেরাপি অন্যতম,ক্যান্সারের চিকিৎসায় ব্যবহৃত স্টেরয়েড ওষুধ এবং কেমোথেরাপি এবং রেডিওথেরাপি সহ ক্রমবর্ধমান হাড়কে প্রভাবিত করে এমন ওষুধের দীর্ঘমেয়াদী ব্যবহার শিশুদের স্টান্টিং হতে পারে।
24572,29256," লো সেক্স ড্রাইভ, অকাল বীর্যপাত এবং দুর্বলতার মতো সমস্যার সমাধান করতে পারে মৌরি","মৌরি কম যৌন ড্রাইভ, অকাল বীর্যপাত এবং পুরুষত্বহীনতার মতো সমস্যার সমাধান করতে পারে।"
168332,147691,যেকোনো কারণে অস্থিমজ্জার ভেতরের রক্তের মাদার সেলের স্টেম সেল মিউটেশন বা অন্য কোনো পরিবর্তন হলে ক্যানসার সেল বা অপরিপক্ব কোষ তৈরি হয় যা অস্থিমজ্জার ভেতরে অতি দ্রুত বৃদ্ধি হয় ও রক্তে প্রবাহিত হয়,অস্থিমজ্জার অভ্যন্তরে রক্তের মাতৃ কোষে স্টেম সেল মিউটেশন বা অন্য কোনো পরিবর্তন ঘটলে ক্যান্সার কোষ বা অপরিণত কোষ তৈরি হয় যা অস্থিমজ্জার ভেতরে খুব দ্রুত বৃদ্ধি পায় এবং রক্তে সঞ্চালিত হয়।
140878,118118,১ জাতি বর্ণ ধর্ম গোত্র ভূখন্ড সীমারেখা পতাকা মানচিত্র মন্দির মসজিদ গীর্জা প্যাগোডা  এসবের কোনটিই একে অপরের শত্রু নয়,1 জাতি বর্ণ ধর্ম উপজাতি অঞ্চল সীমানা পতাকা মানচিত্র মন্দির মসজিদ গির্জা প্যাগোডা এগুলোর কেউই একে অপরের শত্রু নয়।
123840,100179,শুরুতেই যখন কাউকে জানানো হয় আপনার ডায়াবেটিস হয়েছে যা আজীবনই থাকবে এবং আপনাকে জীবনযাপন পরিবর্তন করাসহ ক্রমেই বেশি সংখ্যক ওষুধ সেবন করার দরকার হতে পারে এ তথ্যগুলোই ডায়াবেটিসের রোগীকে মানসিক চাপে বা মানসিক অবসাদে ফেলতে পারে,শুরুতেই বলা হচ্ছে যে আপনার ডায়াবেটিস আছে যা সারাজীবন স্থায়ী হবে এবং জীবনযাত্রার পরিবর্তনের সাথে আপনাকে আরও বেশি ওষুধ সেবন করতে হতে পারে ডায়াবেটিস আক্রান্ত ব্যক্তির জন্য চাপ বা অপ্রতিরোধ্য হতে পারে।
149634,127476,এই গ্রুপের মধ্যে পড়বে অতিরিক্ত রক্তপাতের রোগী শকের রোগী যাদের রক্তচাপ অনেক কম অথবা খুঁজে পাওয়া যাচ্ছে না প্রস্রাব তৈরি হচ্ছে না শরীর নিস্তেজ হয়ে যাচ্ছে এক্সপান্ডেড ডেঙ্গু রোগী ডেঙ্গু থেকে যাদের হার্ট ফুসফুস কিডনি ও মস্তিষ্ক আক্রান্ত হবে ও রক্তের ইলেক্ট্রোলাইট ও অন্যান্য মেটাবলিক সমস্যা থাকলে,"এই গ্রুপে অতিরিক্ত রক্তক্ষরণের রোগী, শকে রোগী যাদের রক্তচাপ খুব কম বা সনাক্ত করা যায় না, প্রস্রাব তৈরি হয় না, শরীর অলস, প্রসারিত ডেঙ্গু রোগী, যাদের হার্ট, ফুসফুস, কিডনি এবং মস্তিষ্ক ডেঙ্গুতে আক্রান্ত। এবং যাদের রক্তের ইলেক্ট্রোলাইট এবং অন্যান্য বিপাকীয় সমস্যা রয়েছে।"
150647,128555,রেটিনা সার্জারিতে মূলত আমরা চোখের ভিট্রিয়াস জেলি ও একই সঙ্গে জমে থাকা জমাট রক্ত চোখের ভেতর থেকে ভিট্রেকটোমি কাটার দিয়ে বের করে আনি এরপর ছিঁড়ে যাওয়া রেটিনার অংশ জোড়া লাগানো হয় এবং লেজার করা হয় যা এন্ডেলেজার নামে পরিচিত,"রেটিনাল সার্জারিতে, আমরা একটি ভিট্রেক্টমি কাটার দিয়ে চোখের ভিতর থেকে রক্ত ​​জমাট বাঁধার সাথে চোখের ভিট্রিয়াস জেলি অপসারণ করি, তারপর ছেঁড়া রেটিনাকে সংযুক্ত করে লেজার করা হয়, যা এন্ডলেজার নামে পরিচিত।"
165563,144728,কারণ এখানে রক্ত বের করে নেওয়া হচ্ছে দেওয়া নয়,"কারণ এখানে রক্ত ​​নেওয়া হয়, দেওয়া হয় না।"
17437,20662,"তিনি আরও বলেন, সম্প্রতি আমরা বেশ কিছু হাসপাতালে ইন্সটিটিউশনাল প্র্যাকটিস শুরু করেছি","তিনি আরও বলেন, আমরা সম্প্রতি বেশ কয়েকটি হাসপাতালে প্রাতিষ্ঠানিক অনুশীলন শুরু করেছি।"
138467,115578,সব ধরনের মিষ্টিযুক্ত পানীয় বাদ দিন,সব চিনিযুক্ত পানীয় এড়িয়ে চলুন।
188746,168640, তরমুজ ও ডিম কখনোই একসঙ্গে খাবেন না,তরমুজ ও ডিম একসাথে খাবেন না।
937,1107, কঠিন বর্জ্য পদার্থ দিয়ে গঠিত হয় এই পাথরগুলো,এই পাথরগুলো কঠিন বর্জ্য পদার্থ দিয়ে তৈরি।
45073,16122,এক গ্লাস দুধে কাজুবাদাম ভিজিয়ে খেলে কী কী উপকার মিলতে পারে,এক গ্লাস দুধে কাজুবাদাম ভিজিয়ে রাখলে কী কী উপকার পাওয়া যায়?
119717,95715,উত্তেজনা ও চাপের কারণে এর পরিবর্তন ঘটে এবং দ্রুতই এটি স্বাভাবিক হয়ে যায়,এটি উত্তেজনা এবং চাপের কারণে পরিবর্তিত হয় এবং দ্রুত স্বাভাবিক অবস্থায় ফিরে আসে।
98130,72657,হুপিং কফের প্রতিষেধক ভ্যাকসিন আছে,হুপিং কাশির বিরুদ্ধে একটি ভ্যাকসিন রয়েছে।
24495,29164, পান সাজাবার সময়েও পানের ভেতর মৌরি দেওয়া হয়,মটরশুটি সাজানোর সময় মৌরি যোগ করা হয়।
32170,2350,বিশ্বব্যাপী ডায়াবেটিস রোগীর সংখ্যার ক্রমবর্ধমান বৃদ্ধি ডায়াবেটিসজনিত স্বল্প ও দীর্ঘমেয়াদি জটিলতা এবং এতে মৃত্যু বেড়েই চলছে,বিশ্বব্যাপী ডায়াবেটিস রোগীর ক্রমবর্ধমান সংখ্যা ডায়াবেটিসের কারণে স্বল্প ও দীর্ঘমেয়াদী জটিলতা এবং মৃত্যুকে বাড়িয়ে দেয়।
61811,34071, বংশগত কারণেও পাকস্থলীতে ক্যান্সার হয়,বংশগত কারণেও পেটের ক্যান্সার হয়।
37397,7913,জ্বর  অন্য ভাইরাস জ্বরের মতো ডেঙ্গুজ্বর সাত দিনের বেশি থাকে না,"জ্বর অন্যান্য ভাইরাল জ্বরের মতো, ডেঙ্গু জ্বর সাত দিনের বেশি স্থায়ী হয় না।"
163424,142381,এতে খুব একটা ঘাম হয় না কিন্তু রক্ত সঞ্চালন ভালো হয় এবং চর্বি ঝরে যায়,"এটি খুব বেশি ঘাম দেয় না, তবে এটি রক্ত ​​​​সঞ্চালন উন্নত করে এবং চর্বি পোড়ায়।"
48683,19966,আমাদের দেশে এই দুটো চিকিৎসাই সাধারণের সামর্থ্য ও আয়ত্তের বাইরে,আমাদের দেশে এই দুটি চিকিৎসা সাধারণ মানুষের সাধ্য ও আয়ত্তের বাইরে।
186043,165937,ওর বয়স অনুযায়ী ওর নেওয়ার ক্ষমতাও আপনাকে বুঝতে হবে,তার বয়স অনুযায়ী এটি নেওয়ার ক্ষমতাও আপনাকে বুঝতে হবে।
182882,162763,এতে থাকা ভিটামিনই ও শিয়া বাটারের মতো উপাদান ত্বককে দিনভর আর্দ্র ও কোমল রাখবে,ভিটামিন ই এবং শিয়া মাখনের মতো উপাদানগুলি সারা দিন ত্বককে ময়েশ্চারাইজড এবং নরম রাখবে।
108081,83396,"পোস্ট ভাইরাল ড্রাই কফ শুকনো কাশি
২",পোস্ট ভাইরাল শুষ্ক কাশি একটি শুষ্ক কাশি 2.
27382,32583," চোখ, কিডনি, লিভার, হার্ট ও পায়ে বিভিন্ন সমস্যা দেখা দিতে শুরু করে","চোখ, কিডনি, লিভার, হার্ট ও পায়ে নানা সমস্যা দেখা দিতে থাকে।"
137705,114795,জমা পড়লেই সেটা সর্বৈব সত্য এমন নয়,শুধু পড়লেই এটা পরম সত্য নয়।
175865,155719,কাশির সঙ্গে রক্ত গেলে তার সঠিক ইতিহাস জানা এবং কারণ বের করা প্রয়োজন,কাশিতে রক্ত ​​পড়লে সঠিক ইতিহাস জানা এবং কারণ খুঁজে বের করা জরুরি।
72111,44988,এ রোগীদের চুল এবং লোমও সাদা হয়ে যেতে পারে,এই রোগীদের চুল এবং পশমও সাদা হতে পারে।
68670,41359, প্রচুর পানি খাওয়াতে হবে যেন প্রস্রাবের পরিমাণ স্বাভাবিক থাকে,প্রস্রাবের পরিমাণ স্বাভাবিক রাখতে প্রচুর পানি পান করুন।
109446,84858,তারপর বালিশ পিঠের কাছে রেখে বসে থাকতে হবে আরও ঘণ্টা দুয়েকের মতো,তারপর পিঠের কাছে বালিশ রেখে আরও ঘণ্টা দুয়েক বসে থাকুন।
167581,146903,আপনার মেয়ের ক্ষেত্রেও তাই হয়েছে,আপনার মেয়ের ক্ষেত্রেও তাই হয়েছে।
56700,28629,চিকিৎসক প্রথমত আপনার কী কারণে জন্ডিস হলো তা নির্ণয় করবেন এবং কারণ অনুযায়ী উপদেশ ও চিকিৎসা প্রদান করবেন,ডাক্তার প্রথমে আপনার জন্ডিসের কারণ নির্ণয় করবেন এবং কারণ অনুযায়ী পরামর্শ ও চিকিৎসা দেবেন।
23689,28202,"কোন টিকায় আটকানো যাবে করোনা, কোন ওষুধে কাজ হবে সবচেয়ে বেশি— এমন অনেক প্রশ্নের উত্তরের পেছনেই ছুটে চলেছেন বিজ্ঞানীরা","কোন টিকা করোনা ভাইরাস প্রতিরোধ করতে পারে, কোন ওষুধ সবচেয়ে বেশি কাজ করবে, এমন অনেক প্রশ্নের উত্তরের পেছনেই ছুটছেন বিজ্ঞানীরা।"
120114,96138,পাশাপাশি হাসপাতালগুলোর ওপর চাপ কমানোর জন্য জনগণকে টেলিহেলথ সেবার প্রতি উৎসাহিত করতে হবে,"এছাড়াও, হাসপাতালের উপর চাপ কমাতে টেলিহেলথ পরিষেবাগুলি ব্যবহার করতে জনগণকে উত্সাহিত করা উচিত।"
16328,19289, এই উপাদানগুলো রোগ প্রতিরোধ ক্ষমতা বাড়ায়,এই উপাদানগুলো রোগ প্রতিরোধ ক্ষমতা বাড়ায়।
137600,114682,তাই নোভেল করোনাভাইরাস যাঁর দেহে সংক্রামিত হয় তাঁর শরীরে গিয়ে ভাইরাসটা নিজের প্রতিরূপ তৈরি করতে থাকে এবং একই সঙ্গে ভাইরাসটা আবার পারিপার্শ্বিকতার সঙ্গে নিজেকে খাপ খাইয়ে নেওয়ার চেষ্টাও করতে থাকে,তাই নভেল করোনাভাইরাস ব্যক্তির শরীরে সংক্রমিত হয় এবং ভাইরাসটি নিজের প্রতিলিপি তৈরি করতে শুরু করে এবং একই সাথে ভাইরাসটি পরিবেশের সাথে নিজেকে মানিয়ে নেওয়ার চেষ্টা করে।
178998,158872,কিন্তু যে বিষয়টি অনেক বেশি গুরুত্বপূর্ণ সেটি হচ্ছে ডায়াবেটিস রোগীদের পায়ুপথের এসব রোগ হলে তার জটিলতার হার অনেক বেশি,তবে যেটা বেশি গুরুত্বপূর্ণ তা হল ডায়াবেটিস রোগীদের এই মলদ্বার রোগ থেকে জটিলতার হার অনেক বেশি।
129041,105648,সেই ২০ জন আক্রান্ত হয়নি,সেই 20 জন আক্রান্ত হননি।
57658,29630,ক্রিকেট খেলার সময়ও ক্রিকেটারদের সানস্ক্রিন ব্যবহার করা উচিত,ক্রিকেটারদেরও ক্রিকেট খেলার সময় সানস্ক্রিন ব্যবহার করা উচিত।
41642,12482,করোনার মতো মহামারি আগামী এক দশকের মধ্যে আঘাত হানতে পারে বলে সতর্ক করেছে লন্ডনভিত্তিক স্বাস্থ্য বিশ্লেষণ সংস্থা এয়ারফিনিটি লিমিটেড,আগামী এক দশকের মধ্যে করোনার মতো মহামারী আঘাত হানতে পারে বলে সতর্ক করেছে লন্ডনভিত্তিক স্বাস্থ্য বিশ্লেষণকারী প্রতিষ্ঠান এয়ারফিনিটি লিমিটেড।
13292,15686, যারা মদপান করেন বা যারা মাদকসেবী তাদেরও অনেক সময় হ্যালুসিনেশন হয়,যারা অ্যালকোহল পান করে বা মাদকাসক্ত তাদেরও প্রায়ই হ্যালুসিনেশন হয়।
129806,106458,আমাদের দাবি সরকার তাদের এই বঞ্চিত নাগরিকদের প্রতি নজর দিক প্রতিষ্ঠান কর্তৃপক্ষকে বাধ্য করুক সার্ভিস রুল বানাতে এবং প্রত্যেকের বেতন বোনাসসহ সব বকেয়া পরিশোধ করাতে,আমরা দাবি করছি যে সরকার এই বঞ্চিত নাগরিকদের দিকে নজর দেবে এবং কর্তৃপক্ষকে পরিষেবা বিধি প্রণয়ন করতে এবং বেতন-বোনাস সহ সমস্ত বকেয়া পরিশোধ করতে বাধ্য করবে।
19084,22666, প্রয়োজনীয় ঠাণ্ডা হলে নামিয়ে এনে পরিবেশন করুন রঙিন এক গ্লাস ঠাণ্ডা তরমুজ শরবত,প্রয়োজনে নামিয়ে ঠান্ডা করে পরিবেশন করুন এক গ্লাস ঠাণ্ডা তরমুজের শরবত।
195900,175794,উপকরণ ১ কাপ টকদই ১ স্কুপ ভ্যানিলা আইসক্রিম ১ টেবিল চামচ ভ্যানিলা আইসক্রিম আধ টেবিল চামচ কেশর আধ কাপ পানি ১ টেবিল চামচ টুকরো কাঠবাদাম    আরও পড়ুন                                                                                           গরমে পেট ঠান্ডা রাখতে দই খাবেন নাকি তরমুজ                                        প্রণালী টকদই চিনি পানি এবং ভ্যানিলা আইসক্রিম একসঙ্গে মিশিয়ে ব্লেন্ডারে ভালো করে মিশিয়ে নিন,"উপকরণ 1 কাপ টক ক্রিম 1 স্কুপ ভ্যানিলা আইসক্রিম 1 টেবিল চামচ ভ্যানিলা আইসক্রিম আধা টেবিল চামচ জাফরান আধা কাপ জল 1 টেবিল চামচ কাটা বাদাম আরও পড়ুন গরমে আপনার পেট ঠান্ডা রাখতে দই বা তরমুজ খাওয়া উচিত রেসিপি টক ক্রিম, চিনি, জল মেশান এবং ভ্যানিলা আইসক্রিম একসাথে ব্লেন্ডারে ভালো করে ব্লেন্ড করুন"
21350,25370, পেকটিন হলো সেই ধরনের দ্রবণীয় প্রোটিন যা ১০ শতাংশের মতো কোলেস্টেরল মাত্রা কমাতে পারে,পেকটিন হল এক ধরনের দ্রবণীয় প্রোটিন যা কোলেস্টেরলের মাত্রা 10 শতাংশ পর্যন্ত কমাতে পারে।
160485,139186,তলপেট পিঠ ও কোমরে মালিশ নিতে পারেন মিনিট কুড়ির জন্য,"আপনি আপনার তলপেট, পিঠ এবং কোমরে বিশ মিনিট ম্যাসাজ করতে পারেন।"
66436,39029,চায়ের উৎপত্তিস্থল চীন দেশের দক্ষিণ পশ্চিম অঞ্চলে,চায়ের উৎপত্তিস্থল চীনের দক্ষিণ-পশ্চিম অঞ্চলে।
81858,55375,শরীরের প্রদাহ কমে  ঠাণ্ডার মৌসুমে শরীরের ভিতরে প্রদাহ বা ইনফ্লেমশন কমতে থাকে,"ঠাণ্ডা মৌসুমে শরীরের প্রদাহ কমে যায়, শরীরের ভেতরের প্রদাহ কমে যায়।"
118674,94601,যেখানে টিকা তৈরিতে ১০ থেকে ১৫ বছর লেগে যায় সেখানে দ্রুত টিকা বাজারে পাওয়ার আশা করা যাচ্ছে,"যেখানে ভ্যাকসিন তৈরি হতে 10 থেকে 15 বছর সময় লাগে, আশা করা যায় সেগুলো দ্রুত বাজারে পাওয়া যাবে।"
175223,155075,যদি আঘাতের স্থানটি সংক্রমিত হয় জীবাণু পার্শ্ববর্তী হাড়ে ছড়িয়ে পড়তে পারে,যদি আঘাতের স্থান সংক্রামিত হয় তবে সংক্রমণটি আশেপাশের হাড়ে ছড়িয়ে পড়তে পারে।
90560,64564,অনেক দিন ধরে গলার স্বর বসে যাওয়া বারবার গলা পরিষ্কার করা এবং কাশি হওয়া তার সঙ্গে গলার ভেতর টিউমারের মতো বোধ করা অথবা ঢোক গিলতে অসুবিধা হওয়া এগুলোই হচ্ছে স্বরযন্ত্র বা গলার রিফ্লাক্সের উপসর্গ,"ক্রমাগত কর্কশ হওয়া, ঘন ঘন গলা পরিষ্কার হওয়া এবং কাশির সাথে গলায় টিউমারের অনুভূতি হওয়া বা গিলতে অসুবিধা হওয়া ল্যারিঞ্জিয়াল বা ল্যারিঞ্জিয়াল রিফ্লাক্সের লক্ষণ।"
27254,32424, পরবর্র্তীতে ডা. সজিব ট্রান্সপ্ল্যান্ট মেডিক্যাল টিমকে অবহিত করেন এবং পুরো প্রক্রিয়া শুরু হয়,পরে ডাঃ সজিব ট্রান্সপ্লান্ট মেডিকেল টিমকে জানালে পুরো প্রক্রিয়া শুরু হয়।
11375,13388, আর নতুন দুজন নিয়ে মৃতের সংখ্যা বেড়ে দাঁড়িয়েছে ২৯ হাজার ৪৪৮ জনে,"এবং নতুন দুটির সাথে, মৃতের সংখ্যা বেড়ে 29,448 হয়েছে।"
86047,59808,ব্লক ছাড়াও কি হার্টঅ্যাটাক হয়,ব্লক ছাড়া হার্ট অ্যাটাক কি?
35355,5764,ডেঙ্গুজ্বরের নির্দিষ্ট কোনো চিকিৎসা নেই,ডেঙ্গু জ্বরের কোনো নির্দিষ্ট চিকিৎসা নেই।
86870,60669,ফলে মস্তিষ্কের সংকেতগুলোতে প্রভাব ফেলে পড়ে যার ফলে মেজাজ পরিবর্তন হয় এবং বিষণ্নতা দেখা দিতে পারে,"ফলস্বরূপ, মস্তিষ্কের সংকেতগুলি প্রভাবিত হয়, যা মেজাজের পরিবর্তন এবং বিষণ্নতার কারণ হতে পারে।"
42342,13206,লেখক  চিফ নিউট্রিশন অফিসার ও বিভাগীয় প্রধান অব বারডেম,লেখক বারডেমের প্রধান পুষ্টি কর্মকর্তা এবং বিভাগীয় প্রধান।
199393,179287,মাংস খাওয়ার পর খেলে হজমের সমস্যা বেশি দেখা যায়,মাংস খাওয়ার পর খেলে হজমের সমস্যা বেশি হয়।
148540,126306,চামচ দিয়ে ধীরে ধীরে নেড়ে গুলিয়ে নিন,চামচ দিয়ে আস্তে আস্তে নাড়ুন।
31109,1212,কিন্তু অ্যান্টিবায়োটিকের প্রভাবে ওই ব্যাকটেরিয়া যখন মরে যায় তখন সহজেই যোনিতে ছত্রাকের সংক্রমণ দেখা দেয়,"কিন্তু যখন এই ব্যাকটেরিয়া অ্যান্টিবায়োটিকের প্রভাবে মারা যায়, তখন যোনির খামির সংক্রমণ সহজেই ঘটে।"
137487,114556,৫ অরগ্যান ফেইলিওর বা দেহের বিভিন্ন প্রত্যঙ্গ বিকল হয়ে যাওয়া,5 অঙ্গ ব্যর্থতা বা শরীরের বিভিন্ন অংশ ক্ষতিগ্রস্ত হওয়া।
82322,55854,মাড়ি রোগের মাধ্যমে যদি ব্যাকটেরিয়া ভিরিড্যান্স স্ট্রেপটোকক্কাই রক্ত প্রবাহে সংক্রমিত হয় তা হলে হার্টের ভাল্ব নষ্ট হওয়ার আশঙ্কা থাকে,"যদি ব্যাকটেরিয়া viridans streptococci মাড়ির রোগের মাধ্যমে রক্ত ​​​​প্রবাহে প্রবেশ করে, তাহলে হার্টের ভালভের ক্ষতি হওয়ার ঝুঁকি থাকে।"
110440,85894,তবে গরমের চেয়ে শীতকাল হলে বেশি ভালো,তবে গরমের চেয়ে শীত ভালো।
28019,33318, এছাড়া আগের দিন ১৫ জনের করোনা শনাক্ত হয়েছিল,এছাড়া আগের দিন ১৫ জনের করোনা শনাক্ত হয়েছে।
161223,140001,পর্যাপ্ত ঘুম বা বিশ্রাম না হলে তাতে নিজের বা গর্ভস্থ শিশুর ক্ষতির কারণ হতে পারে,পর্যাপ্ত ঘুম বা বিশ্রাম না পাওয়া আপনার বা আপনার অনাগত শিশুর ক্ষতি করতে পারে।
73090,46045,সেই হিসেবে সব অর্গানের চিকিৎসা করতে হবে,সমস্ত অঙ্গ সেই অনুযায়ী চিকিত্সা করা উচিত।
192087,171981,এ সব নিয়ে বলার আগে মোমবাতির ইতিহাস নিয়ে ছোট্ট করে মিষ্টি কাহিনিটি বলা যাক,"এই সব নিয়ে কথা বলার আগে, মোমবাতির ইতিহাস সম্পর্কে একটা মিষ্টি গল্প বলি।"
173949,153725,আমরা কতটা আমিষ গ্রহণ করব তা নির্ভর করবে বয়স লিঙ্গ ও স্বাস্থ্যের অবস্থার ওপর,"আমরা কতটা প্রোটিন গ্রহণ করি তা নির্ভর করবে বয়স, লিঙ্গ এবং স্বাস্থ্যের অবস্থার উপর।"
89594,63544,এটি রোগ প্রতিরোধ ক্ষমতা বাড়াতে শরীরের বিষাক্ত পদার্থ দূর করতে এবং মৌসুমি ঠাণ্ডাজ্বর দূর করতেও অনেক উপকারি হতে পারে,"এটি রোগ প্রতিরোধ ক্ষমতা বাড়াতে, শরীর থেকে টক্সিন দূর করতে এবং মৌসুমি সর্দি-কাশি দূর করতেও খুব উপকারী হতে পারে।"
190500,170394,এই সাপের বিষ এমনই বেশি যে একসঙ্গে শরীরের অনেকগুলো অঙ্গ আক্রান্ত হয়ে যায়,এই সাপের বিষ এতটাই শক্তিশালী যে এটি একবারে শরীরের অনেক অংশকে প্রভাবিত করে।
130439,107126,বাসার বাইরেও ৬ ফুট দূরত্ব বজায় রাখুন,বাড়ির বাইরে ৬ ফুট দূরত্ব বজায় রাখুন।
46174,17291,প্রয়োজন শুধু আপনার সদিচ্ছা সচেতনতা এবং সুচিকিৎসা নেওয়া,আপনার শুধু প্রয়োজন সদিচ্ছা সচেতনতা এবং ভালো চিকিৎসা।
105262,80406,অনেকে পা ঝিনঝিন ও ব্যথা নিয়ে আসলেন পরীক্ষায় ডায়াবেটিস ধরা পড়ে,অনেকের পায়ে খিঁচুনি এবং ব্যথা হয় এবং তাদের ডায়াবেটিস ধরা পড়ে।
88722,62655, মেরুদণ্ডের নার্ভ চলাচলের রাস্তা সরু হলে,"যদি মেরুদণ্ডের স্নায়ুর পথ সংকীর্ণ হয়,"
53041,24637,কোনো কোনো চক্ষু বিশেষজ্ঞদের ক্ষেত্রে মেকোবালামাইন ভিটামিন বি১বি৬বি১২ মকসিফ্লোক্জাসিন চোখের ড্রপ টোব্রামাইসিন চোখের ওয়াইনমেন্ট ব্যাবহার করতে দেখা যায়,কিছু চক্ষু বিশেষজ্ঞ মেকোবালামিন ভিটামিন B1B6B12 মক্সিফ্লক্সাসিন আই ড্রপ টোব্রামাইসিন আই মলম ব্যবহার করতে পারেন।
44474,15482,হিয়ারিং স্ক্রিনিংয়ের মাধ্যমে শিশুদের কানে শোনার পরীক্ষা শিশুর জন্মের এক মাস সময়ের মধ্যে পরীক্ষা ও তিন মাস সময়ের মধ্যে রোগ নির্ণয় এবং ছয় মাসের মধ্যে চিকিৎসা করাতে হবে,"শ্রবণ স্ক্রীনিং পরীক্ষা করা হয় জন্মের এক মাসের মধ্যে শিশুদের শ্রবণশক্তি, তিন মাসের মধ্যে রোগ নির্ণয় এবং ছয় মাসের মধ্যে চিকিত্সা।"
104644,79737,শরীরে জ্বর থাকে এবং গ্রন্থিগুলো হঠাৎ ফুলে যায় এবং প্রচণ্ড ব্যথা হতে পারে,শরীরে জ্বর হয় এবং গ্রন্থিগুলো হঠাৎ ফুলে যায় এবং প্রচণ্ড ব্যথা হতে পারে।
153486,131593,ইলিশ কই মলা চাপিলা মাছে ওমেগা৩ ফ্যাটের ভালো উপস্থিতি আছে,"ইলিশ, কই এবং স্ক্যাড মাছে ওমেগা-৩ ফ্যাটের ভালো উপস্থিতি রয়েছে।"
198934,178828,জেনে নিন ফেলে দেওয়া টিব্যাগের ব্যবহারসৌন্দর্যচর্চা প্রথমেই বলতে হয় সৌন্দর্যচর্চায় ব্যবহারের কথা,জেনে নিন সৌন্দর্য পরিচর্যায় ফেলে দেওয়া টি ব্যাগ কীভাবে ব্যবহার করবেন।
85274,58983,শিশুকে জন্মের পর থেকে সব টিকা সময়মতো দেওয়ার পরামর্শ দেন তিনি,তিনি জন্ম থেকেই শিশুকে সময়মতো সব টিকা দেওয়ার পরামর্শ দেন।
173274,152992,অনেক সময় রোগী জোরে কাশি দিলে আটকে থাকা খাবার বেরিয়ে যায়,অনেক সময় রোগীর শক্ত কাশি হলে আটকে থাকা খাবার বেরিয়ে আসে।
116096,91888,তবে কারও কাছে ভুল চিকিৎসার কথা বলবে না শর্তে ওই কাগজ ফেরত দেন বলে জানিয়েছেন ভুক্তভোগী রোগী মানিক,"তবে ভুক্তভোগী রোগী মানিক জানান, ভুল চিকিৎসার কথা কাউকে জানাবেন না শর্তে কাগজ ফেরত দেন।"
45074,16123,দুধে ভেজানো কাজুবাদাম খেলে হাড় শক্তিশালী হয়,কাজুবাদাম দুধে ভিজিয়ে খেলে হাড় মজবুত হয়।
157710,136171,স্ট্রোক মস্তিষ্কের এক জটিল রোগ,স্ট্রোক একটি জটিল মস্তিষ্কের রোগ।
44910,15942,নাক কান গলা ছাড়াও শরীরের অন্য অনেক রোগের কারণেও নাক দিয়ে রক্ত পড়তে পারে,"নাক, ​​কান ও গলা ছাড়াও শরীরের আরও অনেক রোগে নাক দিয়ে রক্ত ​​পড়তে পারে।"
139482,116649,ফলাফল তাদের দেশ এখন করোনার অন্যতম মৃত্যুর স্থান,ফলে তাদের দেশ এখন করোনার জন্য সবচেয়ে প্রাণঘাতী স্থানগুলোর একটি।
166373,145603,চিকিৎসাবিজ্ঞানের ভাষায় প্রসবপরবর্তী এই রক্তক্ষরণকে বলে পোস্টপারটাম হেমোরেজ পিপিএইচ,ডাক্তারি পরিভাষায় সন্তান প্রসবের পর এই রক্তপাতকে বলা হয় পোস্টপার্টাম হেমোরেজ (PPH)।
96355,70751,প্রথমে বাড়িতে চলাফেরা করুন তারপর বাড়ির আঙিনায় যান এর পর উপাসনালয় বাজার অফিসআদালতে যাওয়ার চেষ্টা করুন,প্রথমে বাড়ি ঘুরে তারপর বাড়ির আঙিনায় যান তারপর মাজার বাজার অফিস আদালতে যাওয়ার চেষ্টা করুন।
33571,3818,কাঁচা ফল ও সবজি এবং ইলিশ মাছ লবণ দিয়েই সংরক্ষণ করা হয়,কাঁচা ফল ও সবজি এবং ইলিশ মাছ লবণ দিয়ে সংরক্ষণ করা হয়।
143481,120829,১৪ শিক্ষায় অধ্যাপক ড বিকিরণ প্রসাদ বড়ুয়া,14 শিক্ষায় অধ্যাপক ড. বিকিরণ প্রসাদ বড়ুয়া
183751,163638,খরচের বিষয়ে তিনি বলেন আমাদের প্রতিষ্ঠানটিও কিছু ডাক্তারের স্বেচ্ছ্বাশ্রম ও মানুষের দানে চলে,"খরচের বিষয়ে তিনি বলেন, আমাদের প্রতিষ্ঠানও কিছু চিকিৎসকের স্বেচ্ছাশ্রম এবং মানুষের অনুদানে চলে।"
147922,125635,দুধ যখন প্রক্রিয়াজাত করা হয় যেমন মিল্ক পাউডার হিসেবে বা কনডেন্সড মিল্ক তখন এটি তার পুষ্টিগুণ হারায়,"যখন দুধ প্রক্রিয়া করা হয়, যেমন দুধের গুঁড়া বা কনডেন্সড মিল্ক, এটি তার পুষ্টির মান হারায়।"
63539,35898,ধূমপায়ীদের এই রোগে আক্রান্ত হওয়ার আশঙ্কা অধূমপায়ীদের চাইতে প্রায় ৮ গুণ বেশি,অধূমপায়ীদের তুলনায় ধূমপায়ীদের এই রোগ হওয়ার সম্ভাবনা প্রায় 8 গুণ বেশি।
98495,73037,বারবার মিসড অ্যাবরশন হলে এ রকম কারণ চিন্তা করতে হবে,"যদি বারবার মিস গর্ভপাত হয়, এই ধরনের কারণ বিবেচনা করা উচিত।"
121738,97907,এসব কিছু নির্ভর করে ক্যান্সারের ধরন প্রকৃতি স্থান ও উৎপত্তি এবং বিস্তৃতি ইত্যাদির ওপরে,"এই বিষয়গুলো নির্ভর করে ক্যান্সারের ধরন, প্রকৃতি, অবস্থান এবং উৎপত্তি এবং বিস্তার ইত্যাদির উপর।"
137202,114248,দেশটিতে মৃতের সংখ্যা বেড়ে দাঁড়িয়েছে ১৬০ জনে,দেশটিতে মৃতের সংখ্যা 160 জনে দাঁড়িয়েছে।
184130,164020, প্রতিদিন অন্তত এক ঘণ্টা ছোটাছুটি করে খেলার জন্য বরাদ্দ করতে হবে,প্রতিদিন দৌড়ানো এবং খেলার জন্য কমপক্ষে এক ঘন্টা বরাদ্দ করা উচিত।
9162,10706, কিছু দিন আগেই সরকারি চাকরি থেকে অবসর নিয়েছেন,কিছুদিন আগে তিনি সরকারি চাকরি থেকে অবসর নিয়েছেন।
126029,102507,অনেক বাবামার ধারণা বাচ্চা যত গোলগাল নাদুসনুদুস সে ততই সুস্বাস্থ্যের অধিকারী,"অনেক বাবা-মা মনে করেন যে শিশুটি যত বেশি নিমজ্জিত হয়, তত স্বাস্থ্যবান হয়।"
32974,3196,অটিজম বৈশিষ্ট্যসম্পন্ন শিশুর বিভিন্ন দক্ষতা উন্নয়নে দক্ষতার প্রয়োগে আমাদের সমাজের সবার ইতিবাচক চিন্তাভাবনা ও দৃষ্টিভঙ্গির প্রয়োজন,অটিজম বৈশিষ্ট্যসম্পন্ন শিশুদের বিভিন্ন দক্ষতা বিকাশে দক্ষতার প্রয়োগে আমাদের সমাজের সকলের ইতিবাচক চিন্তাভাবনা ও দৃষ্টিভঙ্গি প্রয়োজন।
170347,149852,অনেকের ধারণা এমন দাঁত কখনো ঠিক করা সম্ভব নয়,"অনেকেই মনে করেন, এ ধরনের দাঁত কখনই ঠিক করা যায় না।"
42008,12865,এ রোগ নির্ণয়ের পরীক্ষা হলো স্কিন বায়োপসি,এই রোগের ডায়াগনস্টিক পরীক্ষা হল ত্বকের বায়োপসি।
112214,87769,গ্রামেগঞ্জে প্রচলিত একটা কথা আছে চোখে সুরমা পড়লে এবং চোখে শামুকঝিনুকের পানি লাগালে চোখ ভালো থাকে,গ্রামগঞ্জে একটা কথা আছে চোখে সুরমা লাগিয়ে শামুকের পানি দিলে চোখ ভালো থাকবে।
100998,75763,ফুসফুস সুস্থ রাখতে ইদানীং চিকিৎসকেরা সবাইকে ফুসফুসের ব্যায়াম করতে পরামর্শ দিচ্ছেন,ইদানিং ফুসফুসকে সুস্থ রাখতে ফুসফুসের ব্যায়াম করার পরামর্শ দিচ্ছেন চিকিৎসকরা।
33832,4099,ব্যাপারটা আসলে সে রকম নয় বরং যত দ্রুত সম্ভব পরীক্ষানিরীক্ষার মাধ্যমে আঘাতের মাত্রা নির্ণয় এবং চিকিৎসার ব্যবস্থা করলে ক্ষতির মাত্রা কমবে,"এটি এমন নয়, তবে যত তাড়াতাড়ি সম্ভব আঘাতের পরিমাণ নির্ণয় এবং চিকিত্সা করা হলে ক্ষতি হ্রাস করা হবে।"
178319,158190,আর যদি আপনার হেপাটাইটিস থাকে তবে তা কখনোই লুকাবেন না,আর যদি আপনার হেপাটাইটিস থাকে তবে তা কখনোই লুকাবেন না।
69487,42221,এ অবস্থাকে Decompensated liver Cirrhosis বা লিভার সিরোসিসের অসহনীয় অবস্থা বলা হয়,এই অবস্থাকে বলা হয় ডিকম্পেনসেটেড লিভার সিরোসিস বা লিভার সিরোসিসের অসহনীয় অবস্থা।
97539,72026,এ তেলের মধ্যে ফ্যাটি অ্যাসিড থাকে,এই তেলে রয়েছে ফ্যাটি অ্যাসিড।
135733,112674,I confesslets make it clear and loud,আমি স্বীকারোক্তি এটা স্পষ্ট এবং জোরে.
119500,95483, ফাস্ট ফুড ভেজাল খাবার বর্জন করতে হবে,ফাস্ট ফুডে ভেজাল থাকলে এড়িয়ে চলতে হবে।
129446,106065,কারণ এতে থাকা ভিটামিন সি এবং সাইট্রিক অ্যাসিড মাড়ি থেকে রক্ত পড়া ইনফেকশনসহ বিভিন্ন রোগের প্রকোপ কমাতে সাহায্য করে,কারণ এতে থাকা ভিটামিন সি এবং সাইট্রিক অ্যাসিড মাড়ি থেকে রক্ত ​​পড়াসহ বিভিন্ন রোগের প্রকোপ কমাতে সাহায্য করে।
154409,132605,ভিটামিন ডিও একইভাবে কার্যকর বলে প্রমাণিত,ভিটামিন ডিও একইভাবে কার্যকর দেখানো হয়েছে।
92458,66609,ক্যান্সার কোষগুলো জমা হয়ে একটি টিউমার গঠন করতে পারে,ক্যান্সার কোষগুলি জমা হতে পারে এবং একটি টিউমার তৈরি করতে পারে।
42513,13383,স্বাস্থ্যকর এবং পুষ্টিকর খাবার বলতে মূলত ঘরের খাবার দেশিয় খাবার ও সুষম খাবারকে বোঝায়,স্বাস্থ্যকর ও পুষ্টিকর খাবার বলতে মূলত ঘরে রান্না করা স্থানীয় খাবার এবং সুষম খাবার বোঝায়।
186451,166345,তাহলে আজ জেনে নিন পূজার জন্য বিশেষ একটি পদ অষ্টমঙ্গলা ঝোল,আজ জেনে নিন পূজার বিশেষ খাবার অষ্টমঙ্গলা ঝোল সম্পর্কে।
103571,78563,চূড়ান্ত বিষয় বাচ্চা পেটের মধ্যে মারা যেতে পারে,"অবশেষে, গর্ভে শিশুর মৃত্যু হতে পারে।"
190324,170218,কর্পোরেট প্রোগ্রাম বা যেকোন সাংস্কৃতিক অনুষ্ঠান সব ধরনের আয়োজনেই রঙ বাংলাদেশ এর পোশাক ক্রেতাকে করবে আকর্ষণীয়,কর্পোরেট অনুষ্ঠান বা যেকোনো সাংস্কৃতিক অনুষ্ঠান সব ধরনের অনুষ্ঠানেই রঙ বাংলাদেশের পোশাক ক্রেতাকে আকর্ষণীয় করে তুলবে
159807,138458,৩ শরীরে প্রয়োজনীয় কোনো লবণের পরিমাণ কমে যাওয়া বা কিছু কিছু ওষুধের পার্শ্বপ্রতিক্রিয়া হিসেবেও হতে পারে,এটি শরীরের প্রয়োজনীয় লবণের পরিমাণ হ্রাস বা কিছু ওষুধের পার্শ্ব প্রতিক্রিয়া হিসাবেও হতে পারে
109057,84449,সবার একটি কথা মনে রাখতে হবে ঠোঁটের নিচে কোনো ঘর্মগ্রন্থি বা সোয়েট গ্ল্যান্ড থাকে না,একটা কথা সবার মনে রাখা উচিত যে ঠোঁটের নিচে কোনো ঘাম গ্রন্থি বা ঘাম গ্রন্থি নেই।
162239,141090,গবেষণায় দেখা গেছে পুরুষের তুলনায় নারীর এ রোগে আক্রান্ত হওয়ার প্রবণতা তিন গুণ,"গবেষণায় দেখা গেছে, পুরুষদের তুলনায় নারীদের এই রোগে আক্রান্ত হওয়ার সম্ভাবনা তিনগুণ বেশি।"
75133,48215,ফ্লুএর লক্ষণগুলো সচরাচর ঠান্ডা বা কমন কোল্ডের লক্ষণ থেকে খারাপ থাকে,ফ্লু উপসর্গ সাধারণত ঠান্ডা বা সাধারণ ঠান্ডা উপসর্গের চেয়ে খারাপ হয়।
166226,145442,ইনসুলিন যাঁরা ব্যবহার করেন তাঁরা সকালের ডোজ দেবেন ইফতারের সময় এবং রাতের ডোজ রাতের সময় না দিয়ে সেই ডোজের অর্ধেক বা তিন ভাগের একভাগ দেবেন সাহ্রির সময়,"যারা ইনসুলিন ব্যবহার করেন তাদের উচিত সকালের ডোজ ইফতারের সময় এবং সন্ধ্যার ডোজ রাতে না দিয়ে সাহুরে দেওয়া, তবে সেই ডোজটির অর্ধেক বা এক তৃতীয়াংশ।"
148550,126319,বলা হয় এটি অ্যান্টিঅক্সিডেন্টে ঠাসা,বলা হয় এটি অ্যান্টিঅক্সিডেন্টে ভরপুর।
66990,39601,অনেক সময় শ্রেণিকক্ষে শিক্ষকবৃন্দ জোরে চিৎকার করে কথা বলে মনের অজান্তে ক্ষতি করে থাকেন রাজনৈতিক নেতৃবৃন্দ জনসভায় মায়েরা বাচ্চাদের সঙ্গে ফেরিওয়ালা হকারসহ বিভিন্ন কণ্ঠ নিভর্রশীল পেশাজীবীরা,অনেক সময় শিক্ষকরা শ্রেণীকক্ষে উচ্চস্বরে চিৎকার করে মনের অজান্তে আঘাত করে। জনসভায় রাজনৈতিক নেতারা; বাচ্চাদের সাথে মায়েরা;
187000,166894,হজম ক্ষমতার উন্নতি ঘটে তামায় মজুত উপাদানগুলো পাকস্থলীর ক্ষতিকারক ব্যাকটেরিয়া মেরে ফেলে,হজমশক্তির উন্নতি ঘটায়: তামার উপাদান পাকস্থলীর ক্ষতিকর ব্যাকটেরিয়া মেরে ফেলে।
85494,59219,শরীরের বাড়তি ওজন কমাতে সঠিক সময়ে শরীরচর্চার বিকল্প নেই,শরীরের অতিরিক্ত ওজন কমাতে সঠিক সময়ে ব্যায়ামের বিকল্প নেই।
78521,51809,অনেক সময় অন্যান্য শারীরিক অসুখ যেমন থাইরয়েড গ্রন্থির সমস্যা বিষণ্ণতা রোগ অতিরিক্ত মদ্যপান ইত্যাদি কিংবা ওষুধ সেবনের পার্শ্বপ্রতিক্রিয়া হিসাবেও এ রকম হতে পারে,"কখনও কখনও এটি অন্যান্য শারীরিক অসুস্থতার কারণে হতে পারে যেমন থাইরয়েড সমস্যা, বিষণ্নতা, অতিরিক্ত অ্যালকোহল সেবন বা ওষুধের পার্শ্ব প্রতিক্রিয়া হিসাবে।"
99006,73588,তাই এ সময়ে কোভিড টীকা দিয়ে প্রতিটি মাকে কোভিড বিরোধী  বর্ম পড়িয়ে  রেখে মায়ের চারপাশে সুরক্ষা দেয়াল তৈরী করে দিতে হবে,"তাই এই সময়ে, কোভিড ভ্যাকসিন সহ প্রতিটি মায়ের উচিত অ্যান্টি-কোভিড বর্ম পরিধান করা এবং মায়ের চারপাশে একটি সুরক্ষা প্রাচীর তৈরি করা।"
141378,118655,বিশ্বস্বাস্থ্য সংস্থার মতে ৬০ ডেসিবেলের অধিক শব্দ যদি দীর্ঘসময় ধরে থাকে তাহলে সাময়িক বধিরতা আর ১০০ ডেসিবেলের বেশি হলে স্থায়ী বধিরতা Permament Deafness হতে পারে,"বিশ্ব স্বাস্থ্য সংস্থার মতে, দীর্ঘ সময় ধরে 60 ডেসিবেলের বেশি শব্দ থাকলে তা সাময়িক বধিরতা হতে পারে এবং 100 ডেসিবেলের বেশি হলে তা স্থায়ী বধিরতা হতে পারে।"
93868,68101,এ উপসর্গগুলো সন্তান জন্মদানের দিন থেকে শুরু করে এমনকি তিন মাস পরও হতে পারে,এই লক্ষণগুলি প্রসবের দিন থেকে শুরু হতে পারে এমনকি তিন মাস পরেও।
70588,43382,মানবদেহে আয়োডিন খুবই অল্প পরিমাণে প্রয়োজন হলেও এর গুরুত্ব কিন্তু কোনো অংশে কম নয়,মানবদেহে আয়োডিন খুব অল্প পরিমাণে প্রয়োজন হলেও এর গুরুত্ব কোনো অংশেই কম নয়।
58939,31014, ওষুধ  যদিও কিছু কিছু ক্ষেত্রে ওষুধগুলো টিনিটাস সম্পূর্ণরূপে নিরাময় করতে পারে না তবে তারা টিনিটাসের সঙ্গে সম্পর্কিত উপসর্গগুলো উপশম করতে পারে রক্ত সঞ্চালন বাড়াতে সহায়তা করে,"ওষুধ যদিও ওষুধগুলি কিছু ক্ষেত্রে সম্পূর্ণরূপে টিনিটাস নিরাময় করতে পারে, তবে তারা রক্ত ​​সঞ্চালন বাড়াতে সাহায্য করে টিনিটাসের সাথে সম্পর্কিত উপসর্গগুলি উপশম করতে পারে।"
24451,29109," বিশেষ করে লাল মাংস, খাসির মাংস, গরুর মাংস এগুলো এড়িয়ে যেতে হবে","বিশেষ করে লাল মাংস, গরুর মাংস এড়িয়ে চলতে হবে।"
54172,25864,এটি একটি ভয়ঙ্কর ও অস্বস্তিকর পরিস্থিতি,এটি একটি ভীতিকর এবং অস্বস্তিকর পরিস্থিতি।
82778,56333, কিছু কিছু বিষয়ে সচেতন হয়ে হাঁপানি থেকে পরিত্রাণ সম্ভব,কিছু বিষয়ে সচেতন থাকলে হাঁপানি থেকে মুক্তি পাওয়া সম্ভব।
44412,15415,হাতুড়ে ডাক্তার দিয়ে কান পরিষ্কার না করানো,হাতুড়ি ডাক্তার দিয়ে কান পরিষ্কার করবেন না।
140037,117218,সকল জনগণকে তাদের শরীরের তাপমাত্রা ও অন্যান্য শারীরিক অবস্থা পরীক্ষা করে অনলাইনে জানানোকে বাধ্যতামূলক করেছে,এটি সমস্ত মানুষের জন্য তাদের শরীরের তাপমাত্রা এবং অন্যান্য শারীরিক অবস্থার অনলাইনে রিপোর্ট করা বাধ্যতামূলক করেছে৷
158143,136649,হরমোনজনিত মেরুদণ্ডের বক্রতার পরিবর্তন শারীরিক স্থূলতা নার্ভের ওপর অতিরিক্ত চাপ পর্যাপ্ত ঘুমের অভাব অপর্যাপ্ত পুষ্টি মানসিক অশান্তি,"মেরুদণ্ডের বক্রতার হরমোনের পরিবর্তন, শারীরিক স্থূলতা, স্নায়ুর উপর অতিরিক্ত চাপ, পর্যাপ্ত ঘুমের অভাব, অপর্যাপ্ত পুষ্টি, মানসিক অশান্তি"
143357,120701,তখন মহিলা নিজেও জানতেন না তিনি করোনাভাইরাস আক্রান্ত এমন কি তার দেহে করোনাভাইরাস সংক্রমণের কোনও লক্ষণই ছিল না,"ওই সময় ওই নারী নিজেও জানতেন না যে তিনি করোনাভাইরাসে আক্রান্ত হয়েছেন, তার শরীরে সংক্রমণের কোনো উপসর্গও ছিল না।"
7298,8507, শহীদ মিনার প্রাঙ্গণে সকাল সাড়ে ১০টায় আমাদের কর্মসূচি শুরু হবে,সকাল সাড়ে ১০টায় শহীদ মিনার প্রাঙ্গণে শুরু হবে আমাদের কর্মসূচি।
72588,45504,একদিনের খাদ্যের কারণে বহুদিনের অস্বাস্থ্যকর অবস্থায় নিপতিত হওয়া থেকে বিরত থাকুন,একদিনের খাবারের কারণে অনেক দিন অস্বাস্থ্যকর পরিস্থিতিতে পড়া এড়িয়ে চলুন।
141711,119004,নভেল করোনাভাইরাস একটি মারাত্মক ছোঁয়াচে ও দ্রুত বিস্তারে সক্ষম,নভেল করোনাভাইরাস অত্যন্ত সংক্রামক এবং দ্রুত ছড়িয়ে পড়তে সক্ষম।
15157,17915, এটি নির্দিষ্ট করা যেতে পারে এবং সবার জন্য স্বাস্থ্যসেবা নিশ্চিত করা যেতে পারে,এটি নির্দিষ্ট করা যেতে পারে এবং সকলের জন্য স্বাস্থ্যসেবা প্রদান করা যেতে পারে।
42404,13270,এর লক্ষণসমূহের মধ্যে রয়েছেপেটে ব্যথা খাবার পর অস্বস্তিবোধ পেট ফেঁপে যাওয়া মলত্যাগে সমস্যা ডায়রিয়া অথবা কোষ্ঠকাঠিন্যসহ আরও কিছু সাধারণ লক্ষণ থাকতে পারে,"লক্ষণগুলির মধ্যে রয়েছে পেটে ব্যথা, খাওয়ার পরে অস্বস্তি, ফোলাভাব, মল যেতে অসুবিধা এবং ডায়রিয়া বা কোষ্ঠকাঠিন্য সহ অন্যান্য সাধারণ লক্ষণ।"
6055,7051, নির্মাণাধীন ভবনের প্রজননস্থল ধ্বংস করে ৪০ শতাংশ পর্যন্ত রোগের প্রাদুর্ভাব কমানো সম্ভব,নির্মাণাধীন ভবনে প্রজনন ক্ষেত্র ধ্বংস করে রোগের প্রাদুর্ভাব ৪০ শতাংশ পর্যন্ত কমানো যেতে পারে।
16817,19909,"বিছানা রাখতে পারেন ফ্রিজে: বন্ধ ব্যাগে বিছানার চাদর, বালিশের কভার ভরে তা রেফ্রিজারেটরে রেখে দেওয়া যেতে পারে",বিছানার চাদর এবং বালিশের কভার ফ্রিজে বদ্ধ ব্যাগে রাখা যেতে পারে।
77199,50397,অস্ত্রোপচার দ্রুত করে ফেললে আপনার সময় শুধু নষ্ট হবে না,দ্রুত অস্ত্রোপচার করা আপনার সময় নষ্ট করবে না।
90924,64963,সভ্য ও উন্নয়ন দেশে অপারেটিং মাইক্রোস্কোপ এবং বিভিন্ন এন্ডোস্কোপ ছাড়া কোনো নাককানগলা এর ক্লিনিক চিন্তাই করা যায় না,"সভ্য এবং উন্নয়নশীল দেশগুলিতে, অপারেটিং মাইক্রোস্কোপ এবং বিভিন্ন এন্ডোস্কোপ ছাড়া কোনও ইএনটি ক্লিনিক কল্পনা করা যায় না।"
163851,142853,আয়োডিনের ঘাটতি হলে থাইরয়েড গ্রন্থির কার্যক্ষমতা কমে যায়,আয়োডিনের অভাব থাইরয়েডের কার্যকারিতা হ্রাস করে।
135197,112100,আবহাওয়া পরিবর্তনের এ সময়ে ঠাণ্ডা জ্বর বা কাশি হতেই পারে,আবহাওয়া পরিবর্তনের সময় সর্দি-জ্বর বা কাশি হতে পারে।
133725,110558,নাগেশ্বরী উপজেলা স্বাস্থ্য পরিবার ও পরিকল্পনা কর্মকর্তা ডা আবু বক্কর সিদ্দিক জানান রোববার ভোরে নাগেশ্বরী উপজেলার সন্তোষপুর ইউনিয়নের কুটি নাওডাঙ্গা গ্রামের ওই ৬ মাসের শিশু করোনা উপসর্গ নিয়ে মারা যায়,"নাগেশ্বরী উপজেলা স্বাস্থ্য পরিবার ও পরিকল্পনা কর্মকর্তা ডাঃ আবু বক্কর সিদ্দিক জানান, নাগেশ্বরী উপজেলার সন্তোষপুর ইউনিয়নের কুটি নওডাঙ্গা গ্রামের ৬ মাস বয়সী শিশুটি রোববার সকালে করোনা উপসর্গ নিয়ে মারা যায়।"
73766,46761,সবুজ শাকসব্জি উপকারি ব্যাক্টেরিয়ার সংখ্যা বৃদ্ধি করে এবং খারাপ ব্যাক্টেরিয়ার পরিমাণ কমায়,সবুজ শাকসবজি উপকারী ব্যাকটেরিয়ার সংখ্যা বাড়ায় এবং খারাপ ব্যাকটেরিয়ার পরিমাণ কমায়।
178376,158247,অনেকে হাঁটাচলার সময় প্রায়ই ব্যথা অনুভব করেন,হাঁটার সময় অনেকেই ব্যথা অনুভব করেন।
15885,18762, যা বুকের কফ দূর করতে সহায়তা করে,এটি বুকের কফ পরিষ্কার করতে সাহায্য করে।
187249,167143,রাতে শোয়ার আগে চা বা কফি পান করবেন না,রাতে ঘুমানোর আগে চা বা কফি পান করবেন না।
114058,89693,বিশেষ করে বিস্তীর্ণ নদীর অববাহিকায় বসবাসরত জনগোষ্ঠীর মধ্যে এ সমস্যা প্রকট কারণ প্রায় প্রতি বছর বন্যার সময় এসব এলাকার ফসল উৎপাদনকারী জমিজমা পানিতে তলিয়ে যায়,বৃহৎ নদী অববাহিকায় বসবাসকারী সম্প্রদায়ের মধ্যে সমস্যাটি বিশেষত তীব্র কারণ এই অঞ্চলের ফসল উৎপাদনকারী জমিগুলি প্রায় প্রতি বছর বন্যার সময় ডুবে যায়।
94126,68380,অনেকে এ সমস্যায় আক্রান্ত ব্যক্তি ভান করেছে বলা হয়,অনেকে এই সমস্যায় ভুগছেন বলে জানা গেছে।
50409,21828,নাস্তা খাওয়া উচিত সকাল ৮টা থেকে ৯টার মধ্যে,সকালের নাস্তা 8 থেকে 9 টার মধ্যে নিতে হবে।
28721,34106, যান্ত্রিক জীবনে অলসভাবে সবার সময় কাটে,যান্ত্রিক জীবনে সবাই অলস সময় কাটায়।
171879,151485,৩ চোখের ধমনির হঠাৎ রক্ত সঞ্চালন বন্ধ হওয়া,3 চোখের ধমনীতে হঠাৎ রক্ত ​​চলাচল বন্ধ হয়ে যাওয়া
39496,10171,ফ্যাটি লিভার প্রতিরোধ বিষয়ে আলোকপাত করে একই বিভাগের বিশেষজ্ঞ অধ্যাপক গোলাম মোস্তফা বলেন জীবনাচরণ পরিবর্তনের পাশাপাশি ৭ থেকে ১০ শতাংশ ওজন হ্রাস হচ্ছে ফ্যাটি লিভার প্রতিরোধের মূলমন্ত্র,"একই বিভাগের বিশেষজ্ঞ অধ্যাপক গোলাম মোস্তফা ফ্যাটি লিভার প্রতিরোধের বিষয়ে আলোকপাত করে বলেন, লাইফস্টাইল পরিবর্তনের পাশাপাশি ফ্যাটি লিভার প্রতিরোধে ৭ থেকে ১০ শতাংশ ওজন কমানোর চাবিকাঠি।"
17684,20968, গরমে আপনার জন্য একটি আরামদায়ক প্রাকৃতিক পানীয় হতে পারে জিরাপানি,জিরাপানি গ্রীষ্মে আপনার জন্য একটি আরামদায়ক প্রাকৃতিক পানীয় হতে পারে।
83579,57185,আর বিভিন্ন খাবারের মাধ্যমে এই যোগটি শরীরে উৎপাদিত হয়,আর এই যোগ শরীরে তৈরি হয় বিভিন্ন খাবারের মাধ্যমে।
198734,178628,এ পরিস্থিতে অনেকেই দ্বারস্থ হচ্ছেন এসির দোকানে,এ অবস্থায় অনেকেই এসির দোকানের দিকে ঝুঁকছেন।
165581,144746,তারপরও কোনো রকম অসুবিধা হলে রক্তদান কেন্দ্রে যোগাযোগ করুন এবং সংশ্লিষ্ট চিকিৎসকের পরামর্শ নিন,কোনো সমস্যা হলে রক্তদান কেন্দ্রে যোগাযোগ করে সংশ্লিষ্ট চিকিৎসকের পরামর্শ নিন।
153478,131585,দৈনিক খাদ্যতালিকায় চিনাবাদাম কাজুবাদাম কাঠবাদাম পেস্তাবাদাম ও ওয়ালনাটের মতো বাদামজাতীয় খাবার রাখা যেতে পারে,"চিনাবাদাম, কাজু, পেস্তা এবং আখরোটের মতো বাদাম প্রতিদিনের খাদ্যতালিকায় অন্তর্ভুক্ত করা যেতে পারে।"
29209,34692,গলা ব্যথা থেকে আপনাকে মুক্তি দিতে পারে আদা,আদা গলা ব্যথা উপশম করতে পারে।
9393,10995," ঐক্য, ঐক্য চিকিৎসকদের ঐক্য’ স্লোগান দিচ্ছেন","ঐক্য, ঐক্য চিকিৎসক ঐক্য স্লোগান"
140831,118071,এদিকে শিক্ষাপ্রতিষ্ঠানগুলো বন্ধ করে দেয়া হয়েছে এবং শিক্ষার্থীরা যাতে পিছিয়ে না পড়ে সেজন্য অনলাইনে শিক্ষার্থীদের ক্লাসের ব্যবস্থা করা হয়েছে,এদিকে শিক্ষার্থীরা যাতে পিছিয়ে না পড়ে সেজন্য শিক্ষা প্রতিষ্ঠান বন্ধ করে অনলাইন ক্লাসের ব্যবস্থা করা হয়েছে।
65353,37890,এ ধরনের রোগীদের অতিরিক্ত মিষ্টি জাতীয় বা চিনিযুক্ত খাবার গ্রহণ না করাই শ্রেয়,এই ধরনের রোগীদের অতিরিক্ত মিষ্টি বা চিনিযুক্ত খাবার খাওয়া উচিত নয়।
140063,117246,আমাদেরকে দ্রুততার সঙ্গে কার্যকারী সিদ্ধান্ত নিতে হবে,আমাদের দ্রুত কার্যকরী সিদ্ধান্ত নিতে হবে।
190404,170298,পদ্ধতি    আরও পড়ুন                                                                                           প্রতিদিনের জগিংয়ে দূরে থাকবে যেসব শারীরিক সমস্যা                                        প্রথমে কাঁচা আম ছোট ছোট করে কেটে নিন,পদ্ধতিটি সম্পর্কে আরও পড়ুন: প্রতিদিন জগিং করলে যে শারীরিক সমস্যাগুলো এড়ানো যাবে: প্রথমে কাঁচা আম ছোট ছোট করে কেটে নিন।
86622,60407,ঠান্ডা বা ফ্লু রোগের উপসর্গ গা ব্যথা মাথাব্যথা ঠান্ডা লাগা নাক ও চোখ দিয়ে পানি পড়া এবং গলাব্যথা কমে যাওয়ার পর শুকনো কাশি দেখা দেয় যা অত্যন্ত বেশি এবং বিরক্তিকর শত চেষ্টা করেও কাশি বন্ধ করা যায় না,"সর্দি বা ফ্লুর লক্ষণগুলির মধ্যে রয়েছে গলা ব্যথা, মাথাব্যথা, ঠাণ্ডা লাগা, নাক ও চোখ এবং একটি গলা ব্যথা যা কমে যায় এবং তারপরে একটি শুকনো কাশি যা অত্যধিক এবং বিরক্তিকর এবং বারবার চেষ্টা করেও থামানো যায় না।"
20285,24102," ডাক্তাররা মনে করেন, তার জন্য গর্ভবতী মাকে অন্তত তিনবার স্বাস্থ্যকেন্দ্রে গিয়ে রু্টিন চেকআপ করা দরকার","চিকিৎসকরা মনে করেন, গর্ভবতী মাকে রুটিন চেকআপের জন্য অন্তত তিনবার স্বাস্থ্যকেন্দ্রে যেতে হবে।"
107847,83143,যেহেতু মন আর শরীর অঙ্গাঙ্গিভাবে জড়িত তাই একটি খারাপ থাকলে অন্যটিও খারাপ থাকে,"যেহেতু মন এবং শরীর অঙ্গাঙ্গীভাবে জড়িত, একটি খারাপ হলে অন্যটি খারাপ।"
41403,12217,এই ব্যাকটেরিয়া অন্ত্রের স্বাস্থ্য ভালো রাখে,এই ব্যাকটেরিয়া অন্ত্রের স্বাস্থ্য ভালো রাখে।
170268,149766,এতে আপনার কাছ থেকে জীবাণু ছড়িয়ে পড়ার ঝুঁকিও কমবে,এটি আপনার থেকে জীবাণু ছড়ানোর ঝুঁকিও কমিয়ে দেবে।
71572,44423,সহজ করে বললে শুধু মাথাব্যথা এবং মাইগ্রেনের পার্থক্য হলো  শুধু মাথাব্যথায় কেবল মাথার যন্ত্রণা করে কিন্তু মাইগ্রেনে মাথার যন্ত্রণার সঙ্গে শরীরে আরও কিছু সমস্যা দেখা দেয়,"সোজা কথায়, মাথাব্যথা এবং মাইগ্রেনের মধ্যে পার্থক্য হল যে মাথাব্যথা হলে শুধুমাত্র মাথায় ব্যথা হয়, কিন্তু মাইগ্রেনে মাথাব্যথার পাশাপাশি শরীরে অন্যান্য সমস্যাও থাকে।"
35995,6440,এসব এন্টিবায়োটিকের মধ্যে রয়েছে সিপ্রোফ্লক্সাসিন ক্লিন্ডামাইসিন বা ভ্যানকোমাইসিন,"এই অ্যান্টিবায়োটিকের মধ্যে রয়েছে সিপ্রোফ্লক্সাসিন, ক্লিন্ডামাইসিন বা ভ্যানকোমাইসিন।"
136376,113375,১৫ এপ্রিল থেকে আবার তার ডিউটি করার কথা,আগামী ১৫ এপ্রিল তার ডিউটিতে ফেরার কথা রয়েছে।
166713,145961,গ্লুকোমায় আক্রান্ত হলে এই স্নায়ু ধীরে ধীরে ক্ষতিগ্রস্ত হয় ক্রমে কমে আসে দৃষ্টি,"যখন গ্লুকোমা এই স্নায়ুকে প্রভাবিত করে, এটি ধীরে ধীরে এটিকে ক্ষতিগ্রস্ত করে, ধীরে ধীরে দৃষ্টিশক্তি হ্রাস করে।"
119428,95407,পরিবেশবিদদের হতবাক করে নিউইয়র্কের আকাশে দূষণের মাত্রা কমেছে ৫০ শতাংশেরও বেশি স্রেফ উপগ্রহ ছবিতে নয় ঘরবন্দি ইউরোপের মানুষ খালি চোখেও দেখতে পাচ্ছে ঝকঝকে নির্মল আকাশ,"নিউইয়র্কের আকাশে দূষণের মাত্রা 50 শতাংশেরও বেশি কমে গেছে, যা শুধুমাত্র স্যাটেলাইট ছবিতেই নয়, পরিবেশবাদীদের চমকে দিয়েছে৷ গৃহবন্দী ইউরোপীয়রা খালি চোখে ঝকঝকে পরিষ্কার আকাশ দেখতে পারে।"
59745,31888,বস্তুত যারা ডায়াবেটিস ও উচ্চ রক্তচাপ দুটিতেই আক্রান্ত তাদের হৃদরোগ স্ট্রোক হওয়ার ঝুঁকি বেশি থাকে কিডনি ক্ষতিগ্রস্ত হওয়া চোখের রেটিনা ক্ষতিগ্রস্ত হওয়া এবং প্রজনন ক্ষমতা হ্রাস পাওয়া এবং সর্বোপরি মৃত্যুর ঝুঁকি বেড়ে যাওয়ার আশঙ্কা থাকবে,"প্রকৃতপক্ষে, ডায়াবেটিস এবং উচ্চ রক্তচাপে আক্রান্ত ব্যক্তিদের হার্ট স্ট্রোক, কিডনির ক্ষতি, রেটিনার ক্ষতি এবং উর্বরতা হ্রাস এবং মৃত্যুর সামগ্রিক ঝুঁকি বেশি থাকে।"
106,128, তাই প্রতিদিনের ডায়েটে এসব সবজিকে জায়গা করে দেয়াটাই হবে বুদ্ধিমানের কাজ,তাই প্রতিদিনের খাদ্যতালিকায় এই সবজি অন্তর্ভুক্ত করাই বুদ্ধিমানের কাজ হবে।
39730,10419,এবার মে মাসেই সর্বাধিক ডেঙ্গি রোগী শনাক্ত হয়েছে,মে মাসে সবচেয়ে বেশি ডেঙ্গু রোগী শনাক্ত হয়েছে।
139487,116654,কিট তৈরি করতে তাদের সময় লেগেছিল সাপ্তাহ খানেক এরমাঝে রোগীর সংখ্যা বৃদ্ধি পেলেও কিট বাজারে আসার পর তারা গন পরীক্ষার মাধ্যমে সেটার নাগাল টেনে ধরে,"কিটটি তৈরি করতে তাদের কয়েক সপ্তাহ লেগেছিল, কিন্তু রোগীর সংখ্যা বৃদ্ধি পাওয়ার পরে, তারা গণ পরীক্ষার মাধ্যমে কিটের নাগালের পরিমাণ বাড়িয়েছে।"
36965,7454,সেই সঙ্গে এটি লিভার ক্যানসারের ঝুঁকিতে থাকা ব্যক্তিদের ওপর রোগের প্রভাবকে অনেকাংশে কমিয়ে দেওয়ার সক্ষমতা রাখে,এটি লিভার ক্যান্সারের ঝুঁকিতে থাকা ব্যক্তিদের উপর রোগের প্রভাবকে উল্লেখযোগ্যভাবে হ্রাস করার ক্ষমতাও রাখে।
95979,70342,দাঁতে গর্ত দেখা দেওয়া মাত্র দেরি না করে শূন্য জায়গাটা ভর্তি বা ফিলিং করে নেওয়া উচিত,দাঁতে ছিদ্র দেখা দেওয়ার সাথে সাথে খালি জায়গাটি পূরণ বা ভরাট করতে হবে।
36372,6835,প্লাটিলেট রক্ত জমাট বাঁধতে ও রক্তক্ষরণ বন্ধ করতে সাহায্য করে,প্লেটলেট রক্ত ​​জমাট বাঁধতে সাহায্য করে এবং রক্তপাত বন্ধ করে।
79876,53241,৮ গাড়িতে উঠলেই আমার বমি হবেএমন চিন্তা ভ্রমণের সময় কখনই মনে আনা যাবে না,গাড়িতে ওঠা আর গাড়িতে উঠার চিন্তাটা ভ্রমণের সময় আমার মাথায় আসবে না।
186380,166274,তুলসী চায়ের পাশাপাশি লবঙ্গ চায়ের রয়েছে নানা উপকারিতা,তুলসী চায়ের পাশাপাশি লবঙ্গ চায়ের অনেক উপকারিতা রয়েছে।
21772,25874, পা ফোলার সমস্যাতেও ভাল কাজ করে,পা ফোলা সমস্যায়ও ভালো কাজ করে।
136674,113687,আর এসব ব্যবস্থা না থাকলে রোগীকে থ্রমবোলাইসড্ করতে হবে অর্থাৎ রোগীর রক্তনালিতে জমাট বাঁধা রক্তেরপিণ্ড গলানোর ওষুধ দিতে হবে,"এবং যদি এই ব্যবস্থাগুলি উপলব্ধ না হয় তবে রোগীকে থ্রম্বোলাইজ করা উচিত, অর্থাৎ রোগীর রক্তনালীতে রক্ত ​​​​জমাট দ্রবীভূত করার ওষুধ দেওয়া উচিত।"
7699,8975," দরপত্রে অংশ নেওয়া একটি প্রতিষ্ঠানের একজন কর্মকর্তা জানান, সাধারনত কোনো প্রকল্প চলাকালীন প্রকল্প পরিচালককে সরানোর নজির কম",টেন্ডারে অংশ নেওয়া একটি সংস্থার একজন কর্মকর্তা বলেছেন যে সাধারণত একটি প্রকল্প চলাকালীন একজন প্রকল্প পরিচালককে অপসারণের নজির খুব কমই রয়েছে।
70025,42789,তবে সবসময় গন্ধের এ পরিবর্তনে উদ্বিগ্ন হওয়ার কারণ নেই,"যাইহোক, গন্ধের এই পরিবর্তন সবসময় উদ্বেগের কারণ নয়।"
171164,150710,তাই বড়দের সাবান কিংবা বেশি গরম পানিতে তাদের গোসল করানো উচিত নয়,তাই প্রাপ্তবয়স্কদের সাবান বা খুব গরম পানি দিয়ে গোসল করা উচিত নয়।
180307,160184,৩৪টি ডিম ফেটিয়ে কয়েক ফোঁটা রোজ ওয়াটার মেশান,34টি ডিম বিট করুন এবং কয়েক ফোঁটা গোলাপ জল মেশান।
30190,228,পরে ২০২৩ সালের ২১ আগস্ট তার লিভার ট্রান্সপ্ল্যান্ট করা হয়,"পরে 21শে আগস্ট, 2023-এ তার লিভার ট্রান্সপ্লান্ট করা হয়।"
166535,145775, যদি বাচ্চা টাং টাই থাকায় অস্বস্তিতে থাকে,যদি শিশুর ধনুর্বন্ধনীতে অস্বস্তি হয়
193565,173459,এমনকি ঠিক সময়ে ব্যবস্থা না নিলে পরিস্থিতি হাতের বাইরে চলে যেতেও পারে,সঠিক সময়ে ব্যবস্থা না নিলে পরিস্থিতি হাতের বাইরে চলে যেতে পারে।
111138,86633,ব্রণ বেড়ে অনেক সময় মুখে স্থায়ী দাগ পড়ে যায়,ব্রণ প্রায়ই মুখে স্থায়ী দাগ বাড়ে।
112423,87997,ট্রেজারার হিসেবে নির্বাচিত হয়েছেন অধ্যাপক ডা সালমা রউফ,সালমা রউফ কোষাধ্যক্ষ পদে নির্বাচিত হয়েছেন অধ্যাপক ড.
197307,177201,তাদের জন্য সতর্ক বার্তা শোনাচ্ছেন বিশেষজ্ঞরা,তাদের জন্য সতর্কবার্তা পাঠাচ্ছেন বিশেষজ্ঞরা।
188671,168565,তাই এ সমস্যা থেকে মুক্তি পেতে ফাইবারযুক্ত খাবার বেছে নিতে হবে,এই সমস্যা থেকে মুক্তি পেতে আপনাকে বেছে নিতে হবে ফাইবার সমৃদ্ধ খাবার।
131482,108202,এবার চলুন এক এক করে আমরা প্রশ্নগুলোর উত্তর খোঁজার চেষ্টা করি,এবার এক এক করে প্রশ্নের উত্তর খোঁজার চেষ্টা করা যাক।
41896,12747,আজ সকাল থেকে আনাস খুব অস্থির আর বারবার পানি খেতে চাচ্ছে সাথে পাতলা পায়খানাও বেড়েছে,আনাস আজ সকাল থেকে খুব অস্থির এবং বারবার পানি খেতে চায় এবং আলগা মল বেড়ে গেছে।
189337,169231,অতিরিক্ত নখ কামড়ানোর ফলে নখের চারপাশের ত্বকও ফুলে যায়,অতিরিক্ত নখ কামড়ানোর ফলে নখের চারপাশের ত্বকও ফুলে যায়।
119827,95831,ব্যথায় অজ্ঞান হয়ে গেলেন একদিন,একদিন ব্যথায় অজ্ঞান হয়ে গেল।
94889,69182,৩ থাইরয়েড ও প্রোলাকটিন হরমোন অনিয়ন্ত্রিত থাকলে তার চিকিৎসা করা,3 থাইরয়েড এবং প্রোল্যাক্টিন হরমোনগুলি যদি অনিয়ন্ত্রিত হয় তবে তাদের চিকিত্সা করুন৷
187345,167239,অনেকে খুঁচিয়ে বা বল প্রয়োগ করে বরফ দূর করার চেষ্টা করে যা একেবারেই সঠিক না,"অনেকে বেলচা দিয়ে বা বল প্রয়োগ করে বরফ সরানোর চেষ্টা করেন, যা মোটেও ঠিক নয়।"
27861,33142,মনের উপর চাপ বাড়লে বা শান্তি কমে গেলে টেস্টোস্টেরনের ক্ষরণ অনেক কমে যায়,মনের উপর চাপ বাড়লে বা শান্তি কমে গেলে টেস্টোস্টেরনের ক্ষরণ অনেক কমে যায়।
184525,164417,যা খেতে পারেন এই সময় পাতে থাকুক প্রচুর পরিমাণে শাক সবজি এবং ফল,"এ সময় যা খেতে পারেন, প্রচুর পরিমাণে শাকসবজি ও ফলমূল খান।"
155020,133269,এ সময় জ্বরের প্রধান কারণগুলোর মধ্যে ডেঙ্গু টাইফয়েড নিউমোনিয়া কোভিড১৯ সাধারণ সর্দিকাশি টনসিলে প্রদাহ ও ডায়রিয়া অন্যতম,"এই সময়ে জ্বরের প্রধান কারণগুলোর মধ্যে রয়েছে ডেঙ্গু, টাইফয়েড, নিউমোনিয়া, কোভিড-১৯, সাধারণ সর্দি, টনসিলাইটিস এবং ডায়রিয়া।"
86696,60485,এ উপসর্গগুলো ৩ থেকে ৫ দিনের মধ্যে বেশি হয় এবং এক সপ্তাহের মধ্যে সম্পূর্ণ সেরে যায়,এই লক্ষণগুলি 3 থেকে 5 দিন স্থায়ী হয় এবং এক সপ্তাহের মধ্যে সম্পূর্ণরূপে সমাধান হয়।
83668,57276,প্রাপ্তবয়স্ক অর্থাৎ ২৬ থেকে ৬৪ বছর পর্যন্ত ৭ থেকে ৯ ঘণ্টা ঘুমাতে হবে,প্রাপ্তবয়স্কদের অর্থাৎ ২৬ থেকে ৬৪ বছর বয়সীদের ৭ থেকে ৯ ঘণ্টা ঘুমানো উচিত।
75764,48878,অর্থাৎ সেখানে প্রতি ১০ জনে একজন ওই বছর প্যারাসিটামল খেয়েছেন,"অর্থাৎ, সেই বছর সেখানে প্রতি 10 জনের মধ্যে একজন প্যারাসিটামল খেয়েছিলেন।"
61781,34039, অল্প খেলে তৃপ্তি চলে আসে  পেট ফেঁপে ও ফুলে থাকে  বমি হয়  রক্তস্বল্পতা দেখা দেয়  খাদ্যগ্রহণের পর খাদ্যনালীতে ব্যথা হয়  শরীরের ওজন কমে যায়  বমির সঙ্গে রক্ত কিংবা কালো পায়খানা হতে পারে,কম খাওয়া তৃপ্তির কারণ হয় ফোলা এবং ফোলা বমি রক্তাল্পতা খাওয়ার পরে খাদ্যনালীতে ব্যথা ওজন হ্রাস বমিতে রক্ত ​​বা কালো মল অন্তর্ভুক্ত থাকতে পারে।
157038,135443,স্তনের মাপ অনুযায়ী ব্রা পরুন,আপনার স্তনের আকার অনুযায়ী ব্রা পরুন।
160032,138697,ওয়াটার ওয়েট মূলত শরীরের আসল ওজন নয় সাময়িক,"জলের ওজন প্রকৃত শরীরের ওজন নয়, এটি অস্থায়ী।"
67677,40314,পুষ্টিকর ও মানসম্পন্ন খাবার যেন আমাদের পছন্দের তালিকায় ও খাবার টেবিলে রাখতে পারি সে চেষ্টা করতে হবে,আমাদের ইচ্ছার তালিকায় এবং খাবার টেবিলে পুষ্টিকর ও মানসম্মত খাবার রাখার চেষ্টা করা উচিত।
69402,42136,আমাদের দেশে সেহরি ও ইফতারের মধ্যবর্তী সময় সর্বোচ্চ ১৮ ঘণ্টা হতে পারে,আমাদের দেশে সেহরি ও ইফতারের মধ্যে সময় সর্বোচ্চ ১৮ ঘণ্টা হতে পারে।
193361,173255,দেখবেন ঘরে সুন্দর গন্ধ খেলা করবে,দেখবেন ঘরে একটা সুন্দর গন্ধ বইছে।
127747,104294,কিডনি রোগীদের ক্ষেত্রে কিডনি রোগী করোনাভাইরাসের আক্রান্ত হলে সেটি অত্যন্ত ঝুঁকিপূর্ণ হতে পারে,কিডনি রোগীদের ক্ষেত্রে একজন কিডনি রোগী করোনাভাইরাসে আক্রান্ত হলে তা খুবই বিপজ্জনক হতে পারে।
80119,53493,অতিরিক্ত চিনি হার্ট ও লিভারের জন্য ক্ষতিকর  চিনি যুক্ত খাবার হার্টের জন্য ক্ষতিকর,অতিরিক্ত চিনি হার্ট ও লিভারের জন্য ক্ষতিকর চিনি যুক্ত খাবার হার্টের জন্য ক্ষতিকর।
136405,113405,যাতে সেখানে কর্মরত চিকিৎসকসহ স্বাস্থ্যকর্মীদের নিরাপত্তা পোশাক এবং প্রয়োজনীয় উপকরণের অভাব না পড়ে,যাতে সেখানে কর্মরত চিকিৎসকসহ স্বাস্থ্যকর্মীদের নিরাপত্তার পোশাক ও প্রয়োজনীয় যন্ত্রপাতির কোনো ঘাটতি না হয়।
68962,41667,তবে কিছু কিছু রোগ পাইলস হওয়াকে ত্বরান্বিত করে,তবে কিছু কিছু রোগ পাইলস গঠনকে ত্বরান্বিত করে।
78525,51813,এটাকে স্বাভাবিকভাবে মেনে নিয়ে জীবনের এই নতুন পর্যায়টিকে উপভোগ করা এবং আনন্দমুখর করে তোলা লক্ষ্য হওয়া উচিত,জীবনের এই নতুন পর্যায়কে আলিঙ্গন করা এবং এটিকে আনন্দময় করাই লক্ষ্য হওয়া উচিত।
121960,98147,লেখক  নাক কান ও গলা রোগ বিশেষজ্ঞ ও সার্জন সিনিয়র কনসালটেন্ট ইমপালস হসপিটাল ঢাকা,"লেখক একজন কান, নাক ও গলা বিশেষজ্ঞ এবং সার্জন, ইমপালস হাসপাতালের সিনিয়র কনসালটেন্ট, ঢাকা।"
118788,94720,নতুন পরিচালক ব্রিগেডিয়ার জেনারেল নাজমুল হক এসেছেন আমরা প্রত্যাশা করি তিনিও এ হাসপাতালের উন্নয়নে বিশেষ ভূমিকা রাখবেন,নতুন পরিচালক ব্রিগেডিয়ার জেনারেল নাজমুল হক এসেছেন এবং আমরা আশা করি তিনি এই হাসপাতালের উন্নয়নে বিশেষ ভূমিকা রাখবেন।
109958,85381,শ্বাস নেওয়া ও ছাড়ার সময়টি সমান থাকবে,শ্বাস নেওয়া এবং শ্বাস ছাড়ার সময় সমান হবে।
38310,8887,তবে এটা কিন্তু ডাক্তারি ছাড়পত্র নয় মনে রাখবেন,কিন্তু মনে রাখবেন এটি একটি মেডিকেল ক্লিয়ারেন্স নয়।
3798,4454,​চিনি থেকে দূরে থাকাটাই শ্রেয়​,চিনি থেকে দূরে থাকাই ভালো।
171032,150572,যেমন শৈশবের অভিজ্ঞতাটি যখনই তোমার মাথায় আসবে সঙ্গে সঙ্গেই দীর্ঘ শ্বাস নিয়ে কিছুক্ষণ ধরে রেখে মুখ দিয়ে শ্বাস ফেলতে থাকবে,"উদাহরণস্বরূপ, যখনই শৈশবের অভিজ্ঞতা মাথায় আসে, তখনই একটি গভীর শ্বাস নিন, কিছুক্ষণ ধরে রাখুন এবং আপনার মুখ দিয়ে শ্বাস নিন।"
66991,39602,কণ্ঠের যত্নে জনবহুল জায়গায় শোরগোলের স্থানে মাইক বা সাউন্ড সিস্টেম ব্যবহার করা উচিত,ভয়েস কেয়ার জনাকীর্ণ জায়গায় কোলাহলপূর্ণ জায়গায় মাইক্রোফোন বা সাউন্ড সিস্টেম ব্যবহার করা উচিত।
75493,48593,যখন তারা দ্রুত শ্বাস নেয় ও আরও নীল হয়ে যায় এবং নিস্তেজ হয়ে পড়ে তখন দ্রুত চিকিৎসকের পরামর্শ নেওয়া দরকার,"যখন তারা দ্রুত শ্বাস নেয় এবং নীল এবং নিস্তেজ হয়ে যায়, জরুরী চিকিৎসা পরামর্শ প্রয়োজন।"
112215,87770,এ কথাটির সত্যতা কতটুকুএমন প্রশ্নের জবাবে ডা নিয়াজ আব্দুর রহমান বলেন গ্রামেগঞ্জে কোন শিশু খেলতে গিয়ে চোখে আঘাত পেলে অভিভাবকরা চোখে শামুক ঝিনুকের পানি লাগায়,"এ কথা কতটা সত্য- এমন প্রশ্নের জবাবে ডাঃ নিয়াজ আবদুর রহমান বলেন, গ্রামগঞ্জে খেলার সময় কোনো শিশু চোখে আঘাত পেলে অভিভাবকরা চোখে শামুকের পানি দেন।"
163830,142831,উচ্চ মাত্রায় ফ্রুসেমাইড বুমেটামাইড ও ইথাক্রাইনিক অ্যাসিড বিপরীতমুখী উচ্চ ফ্রিকোয়েন্সি সংবেদনশীল শ্রবণশক্তি হ্রাসের কারণ হতে পারে,"ফ্রুসেমাইড, বুমেটানাইড এবং ইথাক্রাইনিক অ্যাসিডের উচ্চ মাত্রা বিপরীতমুখী উচ্চ-ফ্রিকোয়েন্সি সংবেদনশীল শ্রবণশক্তি হ্রাসের কারণ হতে পারে।"
120855,96920,খবর বিবিসি এএফপিসহ বিভিন্ন সংবাদমাধ্যমের,বিবিসি এএফপিসহ বিভিন্ন গণমাধ্যমের খবর।
45271,16327,এ সময় চিন্তাচেতনার সঙ্গে সঙ্গে শারীরিকভাবে মানসিকভাবে বেড়ে উঠতে থাকে তারা,এ সময় তারা চিন্তার পাশাপাশি শারীরিক ও মানসিকভাবে বেড়ে উঠতে থাকে।
57049,28997,এতকিছু বিবেচনা করলে এটি নির্দ্বিধায় বলা যায় যে পত্রিকায় লেজার সার্জারির বিজ্ঞাপন একটি অহেতুক গণবিরোধী এবং চটকদার রোগী ভিড় করানো বিজ্ঞাপন ছাড়া আর কিছুই নয়,"এই সব বিবেচনা করে, এটা বলা নিরাপদ যে লেজার সার্জারির জন্য সংবাদপত্রের বিজ্ঞাপনগুলি একটি অপ্রয়োজনীয় গণবিরোধী এবং চিজি রোগীর বিজ্ঞাপন ছাড়া আর কিছুই নয়।"
78814,52120,এ মৌসুমে তিনটি সমস্যা হচ্ছে,এই মৌসুমে তিনটি সমস্যা রয়েছে।
34157,4467,রোগীদের শরীরের নিুে বর্ণিত উপসর্গগুলোর দিকে একটু খেয়াল রাখবেন এবং প্রয়োজনে সংশ্লিষ্ট চিকিৎসকের সঙ্গে যোগাযোগ করবেন,রোগীর শরীরে বর্ণিত লক্ষণগুলোর প্রতি মনোযোগ দিন এবং প্রয়োজনে সংশ্লিষ্ট চিকিৎসকের সাথে যোগাযোগ করুন।
86284,60051,অনেক সময় ধরে গোসল করলে কিংবা ৫৭ দিন ধরে গোসল না করলে অনেক বেশি সাবান বা শ্যাম্পু ব্যবহার থেকেও খুশকি হতে পারে,দীর্ঘ সময় ধরে গোসল করা বা 57 দিন গোসল না করলেও অতিরিক্ত সাবান বা শ্যাম্পু থেকে খুশকি হতে পারে।
83331,56923,জানুন শরীরে ফলিক অ্যাসিডের চাহিদা মেটাতে কী খাবেন,আপনার শরীরের ফলিক অ্যাসিডের চাহিদা মেটাতে কী খেতে হবে তা জানুন।
101834,76666,অনেক সময় পুরো থায়রয়েড গ্রন্থি কেটে ফেলার প্রয়োজন হতে পারে,কখনও কখনও সম্পূর্ণ থাইরয়েড গ্রন্থি অপসারণ করার প্রয়োজন হতে পারে।
139861,117037,এর পর যখন আবার তার শরীরে লিম্ফোসাইট এবং ইএসআরের মাত্রা স্বাভাবিক রেঞ্জে নেমে আসবে সে সময় হয়তোবা আবারও তাকে কোভিড ১৯এর জন্য পরীক্ষা করা যেতে পারে,"এর পরে, যখন তার লিম্ফোসাইট এবং ESR মাত্রা স্বাভাবিক পরিসরে ফিরে আসে, তখন তাকে আবার কোভিড-১৯ পরীক্ষা করা হতে পারে।"
39596,10275,মঙ্গলবার শ্যামলী এলাকা থেকে মোহাম্মাদপুর মা ও শিশু হাসপাতালে নয় মাসের অন্তঃসত্ত্বা মেয়েকে তৃতীয়বারের মতো ফলোআপে নিয়ে আসেন রায়হানা বেগম,মঙ্গলবার রায়হানা বেগম তার নয় মাসের অন্তঃসত্ত্বা মেয়েকে শ্যামলী এলাকা থেকে তৃতীয়বারের মতো মোহাম্মদপুর মা ও শিশু হাসপাতালে ফলোআপের জন্য নিয়ে আসেন।
171252,150804,মাতৃত্বের স্বাদ থেকে বঞ্চিত হওয়ার ঝুঁকি সবচেয়ে বেশি থাকে ও গ্রুপের নারীদের,মাতৃত্বের স্বাদ থেকে বঞ্চিত হওয়ার ঝুঁকির মধ্যে রয়েছে দলটির নারীরা
100687,75427,অ্যালকোহল জাতীয় দ্রব্য প্রয়োগ করলে সেটি ত্বকের মধ্যে প্রবেশ করে কোমার মতো মারাত্মক সমস্যা দেখা দিতে পারে,অ্যালকোহল ত্বকে প্রবেশ করলে কোমার মতো গুরুতর সমস্যা হতে পারে।
133772,110605,জনঘনত্ব বেশি হওয়া সত্ত্বেও সংক্রমণের গতি ইউরোপআমেরিকার মতো নয়,"উচ্চ জনসংখ্যার ঘনত্ব সত্ত্বেও, সংক্রমণের হার ইউরোপ এবং আমেরিকার মতো নয়।"
115928,91705,যারা দেহের ওজন কমাতে চান তাদের জন্য শসা একটি আদর্শ খাবার,যারা ওজন কমাতে চান তাদের জন্য শসা একটি আদর্শ খাবার।
38094,8665,বিশেষজ্ঞরা বলেছেন লবণ খাওয়া নিয়ন্ত্রণ করতে পারলে উচ্চ রক্তচাপের ঝুঁকি ৫০ শতাংশ কমে আসবে,"বিশেষজ্ঞরা বলছেন, লবণ খাওয়া নিয়ন্ত্রণ করলে উচ্চ রক্তচাপের ঝুঁকি ৫০ শতাংশ কমে যায়।"
123864,100203,সাবান দিয়ে হাত ধোন বেশি বেশি ধোন,প্রায়ই সাবান দিয়ে হাত ধুয়ে নিন।
98640,73186,তিনি বলেন প্রিডায়াবেটিস স্টেজ থেকে নরমাল হওয়া যায় আর এটাই হচ্ছে ডায়াবেটিস প্রতিরোধ করার উপযুক্ত সময় এবং উপযুক্ত টেস্ট,তিনি বলেছিলেন যে প্রি-ডায়াবেটিসের পর্যায়টি স্বাভাবিক করা যেতে পারে এবং এটি ডায়াবেটিস প্রতিরোধের সঠিক সময় এবং সঠিক পরীক্ষা।
54578,26311,একজন সুস্থ মানুষ রক্ত দিতে ভয় পায় সে দেশে কলিজা ডোনেট কল্পনার রাজ্যেল বসবাস ছাড়া কিছুই নয়,যে দেশে একজন সুস্থ মানুষ রক্ত ​​দিতে ভয় পায় সেখানে লিভার দান কল্পনার রাজ্যে বসবাস করা ছাড়া আর কিছুই নয়।
79013,52341,তবে সানস্ক্রিন ক্রিম লাগিয়ে রোদে গেলে ভিটামিন ডি ঢুকবে না,তবে সানস্ক্রিন ক্রিম লাগিয়ে রোদে গেলে ভিটামিন ডি ঢুকবে না।
72913,45855,তিনি প্রয়োজনীয় পরীক্ষানিরীক্ষা আলট্রাসনোগ্রাম থাইরয়েড ফাংশন টেস্ট এবং সবচেয়ে স্পেসিফিক FNAC করে দেখবেন এটা কোন ধরনের রোগ,তিনি প্রয়োজনীয় পরীক্ষা করবেন যেমন আল্ট্রাসনোগ্রাম থাইরয়েড ফাংশন টেস্ট এবং সবচেয়ে নির্দিষ্ট FNAC কি ধরনের রোগ তা দেখতে।
186008,165902,উপকরণ লাগবে সামান্যইবেসন দই মোটামুটি সকলের বাড়িতেই থাকে,প্রয়োজনীয় উপকরণ: বেসন দই প্রায় প্রতিটি বাড়িতে পাওয়া যায়।
172295,151933,ডায়াবেটিস রক্তচাপ পিসিওএস ও হাইপারথাইরয়েডিজম থাকলে এই প্রবণতা বেশি হয়,"ডায়াবেটিস, উচ্চ রক্তচাপ, PCOS এবং হাইপারথাইরয়েডিজমে আক্রান্ত ব্যক্তিদের মধ্যে এই প্রবণতা বেশি দেখা যায়।"
1576,1839, এ অবস্থায় রাজধানীর তিন হাসপাতালে বৃহস্পতিবার থেকে বিনামূল্যে ডেঙ্গু পরীক্ষা করানোর সিদ্ধান্ত নিয়েছে ঢাকা দক্ষিণ সিটি করপোরেশন,এ অবস্থায় বৃহস্পতিবার থেকে রাজধানীর তিনটি হাসপাতালে বিনামূল্যে ডেঙ্গু পরীক্ষা করার সিদ্ধান্ত নিয়েছে ঢাকা দক্ষিণ সিটি করপোরেশন।
144589,122020,৪ পিপারমিন্ট অয়েল জাতীয় ওষুধ খেলে এ সমস্যা থেকে অনেক সময় দূরে থাকা যায়,4. পেপারমিন্ট অয়েলের মতো ওষুধ সেবন করলে আপনি এই সমস্যা থেকে দীর্ঘ সময় দূরে থাকতে পারেন।
199894,179788,সারা দেশে গত ২৪ ঘণ্টায় ডেঙ্গু জ্বরে আক্রান্ত হয়ে তিনজন মারা গেছেন,ডেঙ্গু জ্বরে গত ২৪ ঘণ্টায় সারাদেশে তিনজনের মৃত্যু হয়েছে।
46889,18060,এবং তার অন্যান্য যে ওষুধ যেমন আয়রন ক্যালশিয়াম এগুলো তার রেগুলার খেতে হবে,"আর তার অন্যান্য ওষুধ যেমন আয়রন ক্যালসিয়াম, যা তাকে নিয়মিত খেতে হয়।"
118616,94539,শীতের আগেই চিকিৎসককে দেখিয়ে ইনহেলার বা অন্যান্য ওষুধের ডোজ সমন্বয় করে নিন,শীতের আগে ডাক্তার দেখিয়ে ইনহেলার বা অন্যান্য ওষুধের ডোজ ঠিক করুন।
24927,29669, কারণ চিনি শরীরে প্রবেশ করার পর নিমেষে সুগার লেভেলকে অনেকটা বাড়িয়ে দেয়,কারণ চিনি শরীরে প্রবেশের সঙ্গে সঙ্গে চিনির মাত্রা বাড়িয়ে দেয়।
171859,151461,বয়সের কারণে অনেকেরই হাড়ের ক্ষয় হয়,অনেকেই বয়সের কারণে হাড়ের ক্ষয় অনুভব করেন।
56186,28060,টিকা  টাইফয়েড ভ্যাকসিন বা টিকা টাইফয়েড থেকে রক্ষা করে,ইমিউনাইজেশন টাইফয়েড ভ্যাকসিন বা ভ্যাকসিন টাইফয়েড থেকে রক্ষা করে।
57660,29632,সূর্যের আলো থেকে চোখের ক্ষতি হতে পারে,সূর্যের আলো চোখের ক্ষতি করতে পারে।
41670,12510,পুরুষদের বন্ধ্যত্বের অন্যতম একটি কারণ এই স্পার্ম এর মটিলিটি বা চলন ক্ষমতা,পুরুষ বন্ধ্যাত্বের অন্যতম কারণ শুক্রাণুর গতিশীলতা।
72820,45756,অ্যাট্রিয়াল সেপ্টাল ডিফেক্ট হলো আরেক ধরনের ছিদ্র যা অনেক বছর ধরে প্রাপ্তবয়স্ক হওয়া পর্যন্ত সুপ্ত থাকতে পারে,অ্যাট্রিয়াল সেপ্টাল ডিফেক্ট হল আরেক ধরনের গর্ত যা প্রাপ্তবয়স্ক হওয়া পর্যন্ত বহু বছর সুপ্ত থাকতে পারে।
191798,171692,সাধারণভাবে অনেকেই ডিপ্রেশন অ্যানজাইটির মত সমস্যাকে রোগ হিসাবে গণ্য করে না,"সাধারণভাবে, অনেকে হতাশা এবং উদ্বেগের মতো সমস্যাকে রোগ হিসাবে বিবেচনা করেন না।"
101282,76074,পেপটো বিসমল ওষুধ সেবন করলে জিহ্বা কালো হয়ে যেতে পারে,পেপ্টো বিসমল জিহ্বা কালো করতে পারে।
128806,105397,পরার পর মাস্কটি সংক্রমিত বা দূষিত হাত দিয়ে স্পর্শ করবেন না,পরার পর সংক্রামিত বা দূষিত হাত দিয়ে মাস্ক স্পর্শ করবেন না।
183708,163595,নূরজাহান বেগম বলেন ঢাকা মেডিকেলের পর আরও দুটি জায়গায় এমন ঘটনা ঘটেছে যা খুবই দুঃখজনক,"নূরজাহান বেগম বলেন, ঢাকা মেডিকেলের পর আরও দুটি জায়গা আছে যা খুবই দুঃখজনক।"
128750,105341,স্বাস্থ্য অধিদপ্তর জানায় বৃহস্পতিবার সকাল ৮টা পর্যন্ত ২৪ ঘণ্টায় ৩ হাজার ৮০৩ জনের মধ্যে সংক্রমণ ধরা পড়ায় দেশে শনাক্ত রোগীর সংখ্যা বেড়ে ১ লাখ ২ হাজার ২৯২ জন হয়েছে,"স্বাস্থ্য অধিদফতরের তথ্য অনুযায়ী, বৃহস্পতিবার ২৪ ঘণ্টায় ৩ হাজার ৮০৩ জনের মধ্যে সংক্রমণ শনাক্ত হওয়ায় দেশে নিশ্চিত হওয়া মামলার সংখ্যা বেড়ে দাঁড়াল ১ লাখ ২ হাজার ২৯২।"
72876,45813,এর মধ্যে রয়েছে নিন্মাঙ্গের চারপাশে চাপ লাগা ঘনঘন মূত্রত্যাগ গ্যাস বদহজম কোষ্ঠ্যকাঠিন্য হালকা খাবার খেলেও মনে হয় পেট ভর্তি পেটে কোনো ধরনের অস্বাভাবিকতা পেটে অতিরিক্ত ব্যথা পেট ফুলে থাকা বমি বমি ভাব বা বমি হওয়া ক্ষুধা কম ওজন কম বা বেশি হওয়া যৌন মিলনে ব্যথা লাগা অতিরিক্ত ক্লান্তি এবং মেনোপজের পরও এ ধরনের কোনো সমস্যা থাকলে দ্রুত চিকিৎসকরে শরণাপন্ন হতে হবে,"এর মধ্যে রয়েছে তলপেটের চারপাশে চাপ, ঘন ঘন প্রস্রাব, গ্যাস, বদহজম, কোষ্ঠকাঠিন্য, হালকা খাবার খাওয়ার পরেও পূর্ণ বোধ করা, পেটে কোনো অস্বাভাবিকতা, অতিরিক্ত পেটে ব্যথা, ফোলাভাব, বমি বমি ভাব বা বমি, ক্ষুধা কমে যাওয়া, ওজন বৃদ্ধি বা হ্রাস, গর্ভাবস্থা, ক্লান্তি এবং মেনোপজের সময় ব্যথা।"
154924,133165,যেমন সারাক্ষণ ঝুঁকে বসে পড়া কম্পিউটারে কাজ করা ইত্যাদি ধরনের কারণে মেরুদণ্ড বেঁকে শরীরের উচ্চতাকে খাটো করে,"উদাহরণস্বরূপ, সারাক্ষণ বসে থাকা অবস্থায় কম্পিউটারে কাজ করার ফলে মেরুদণ্ড বাঁকানো এবং শরীরের উচ্চতা ছোট হতে পারে।"
154709,132921,তাই প্রকৃতির কাছে না যাওয়া মানে হরমোনের ভারসাম্যহীনতাকে আমন্ত্রণ জানানো,তাই প্রকৃতির কাছাকাছি না যাওয়া মানে হরমোনের ভারসাম্যহীনতাকে আমন্ত্রণ জানানো।
97385,71855,ফলে হিউম্যান হারপিস ভাইরাস৮ দ্রুত বংশবিস্তার করে যেহেতু রোগ প্রতিরোধ ব্যবস্থা অত্যন্ত দুর্বল থাকে বা থাকে না বললেই চলে,"ফলস্বরূপ, মানব হারপিসভাইরাস 8 দ্রুত ছড়িয়ে পড়ে কারণ ইমিউন সিস্টেম খুব দুর্বল বা অস্তিত্বহীন।"
92560,66714,এক্ষেত্রে হিমোগ্লোবিন লেভেল ৮ থেকে ১০ হলে সেটা মাইল্ড ৬ থেকে ৭ হলে সেটা মডারেট আর ৬ এর কম হলে সেটা সিভিয়ার লেভেল,"এই ক্ষেত্রে, হিমোগ্লোবিনের মাত্রা 8 থেকে 10 হলে তা মৃদু, 6 থেকে 7 হলে তা মাঝারি এবং 6-এর কম হলে তা গুরুতর মাত্রা।"
162580,141457,চিকিৎসক পরীক্ষানিরীক্ষা করে তেমন কোনো অসুবিধা পেলেন না,চিকিৎসক তাকে পরীক্ষা করে বড় ধরনের কোনো সমস্যা পাননি।
83679,57287,কোলন পলিপ নির্ণয়ের আধুনিক পরীক্ষা হচ্ছে কোলোনোস্কোপি,কোলনস্কোপি হল কোলন পলিপ নির্ণয়ের আধুনিক পরীক্ষা।
104567,79657,অতএব আমরা যেটা মনে করতাম ব্লাড ক্যানসার মানে মৃত্যু সেটা নয়,"অতএব, আমরা যা ভেবেছিলাম ব্লাড ক্যান্সার মানে মৃত্যু নয়।"
168413,147782,অধ্যাপক ডা ইমনুল ইসলাম শিশুরোগবিশেষজ্ঞ আলোক হেলথকেয়ার লিমিটেড মিরপুর ঢাকা,ডাঃ ইমনুল ইসলাম শিশু বিশেষজ্ঞ অলোক হেলথকেয়ার লিমিটেড মিরপুর ঢাকা
97614,72102,জিহ্বার ওপর ব্যথাযুক্ত বাম্প ক্যানকার সোর বা মুখের আলসারের কারণে হতে পারে অথবা মুখের ক্যান্সারের কারণেও হতে পারে,"জিহ্বায় একটি বেদনাদায়ক বাম্প ক্যানকার ঘা বা মুখের আলসারের কারণে হতে পারে, অথবা এটি মুখের ক্যান্সারের কারণেও হতে পারে।"
135486,112417,করোনা রোগীদের উপযুক্ত চিকিৎসায় তিনি অবিলম্বে শহীদ সোহরাওয়ার্দী মেডিকেল কলেজ হাসপাতালের মতো পরিপূর্ণ চিকিৎসা প্রতিষ্ঠানকে কাজে লাগাতে পরামর্শ দেন,তিনি করোনা রোগীদের যথাযথ চিকিৎসার জন্য অবিলম্বে শহীদ সোহরাওয়ার্দী মেডিকেল কলেজ হাসপাতালের মতো সম্পূর্ণ চিকিৎসা সুবিধা ব্যবহারের পরামর্শ দেন।
168648,148048,শুধু যে নাকচোখ চুলকায় তা নয় অনেকের ত্বকও চুলকাতে থাকে,"শুধু চোখ ও নাক চুলকায় না, অনেকের ত্বকে চুলকানিও হয়।"
131592,108319,সহজ ভাষায় বলতে গেলে রক্তে গ্লুকোজসুগারের মাত্রা স্বাভাবিকের চেয়ে কমে যাওয়া,"সহজ কথায়, রক্তে গ্লুকোজের মাত্রা স্বাভাবিকের চেয়ে কম।"
37717,8258,এ রোগ থেকে বাঁচতে বিশুদ্ধ পানি পান করতে হবে,এই রোগ থেকে বাঁচতে বিশুদ্ধ পানি পান করতে হবে।
13014,15356, আলফা হাইড্রক্সি অ্যাসিডের মধ্যে সবচেয়ে কার্যকর হল গ্লাইকলিক অ্যাসিড এবং আখ তার একটি প্রাকৃতিক উৎস,আলফা হাইড্রক্সি অ্যাসিডের মধ্যে সবচেয়ে কার্যকর হল গ্লাইকোলিক অ্যাসিড এবং আখ এর প্রাকৃতিক উৎস।
169019,148435,অনলাইনে যেসব গ্রুপ গড়ে উঠেছে সেখানে ওই বিষয়ের অনেক বিশেষজ্ঞও যুক্ত থাকেন,অনলাইনে যে গ্রুপগুলো তৈরি হয়েছে তার সঙ্গে সংশ্লিষ্ট বিষয়ে অনেক বিশেষজ্ঞও রয়েছেন।
117387,93246, প্রচুর পরিমাণ শাকসবজি ও ফলমূল খেতে হবে,প্রচুর পরিমাণে শাকসবজি ও ফলমূল খান।
23751,28278, এর গ্লাইসেমিক ইনডেক্সও খুব কম,এর গ্লাইসেমিক ইনডেক্সও খুব কম।
149691,127533,এর মধ্যে থাকা অ্যান্টিস্পাজমোডিক পেশির খিঁচুনি নিয়ন্ত্রণ করে,এতে থাকা অ্যান্টিস্পাসমোডিক পেশীর খিঁচুনি নিয়ন্ত্রণ করে।
89858,63816,প্রোটিনজাতীয় খাবার এ ধরনের হঠাৎ ক্ষুধার তীব্র অনুভূতি কমিয়ে দেয়,প্রোটিন জাতীয় খাবার হঠাৎ ক্ষুধার্ত ব্যথা কমায়।
140448,117654,আতঙ্কগ্রস্ত হওয়ার দরকার নেই তবে আমাদের অবশ্যই সতর্কতামূলক ব্যবস্থা নিতে হবে,"আতঙ্কিত হওয়ার দরকার নেই, তবে আমাদের অবশ্যই সতর্কতামূলক ব্যবস্থা নিতে হবে।"
186199,166093,সারা বছর পাওয়া গেলেও শীতে এই ফল পাওয়া যায় সবচাইতে বেশি,সারা বছর পাওয়া গেলেও শীতকালে এই ফলটি সবচেয়ে বেশি পাওয়া যায়।
190346,170240,তবে এভাবে বারবার চা গরম বা ফুটিয়ে পানের অভ্যাস একেবারেই ভালো নয়,তবে এভাবে বারবার চা গরম বা ফুটানোর অভ্যাস মোটেও ভালো নয়।
128581,105164,এই ঘটনাটি যদি একটু বিস্তারিত ব্যাখ্যা করা যায় তাহলে দেখা যাচ্ছে যে একই পরিবারে প্রথম ২ জনের কোভিড১৯ শনাক্তকরণ টেস্টের জটিলতায় পরবর্তী ৫ জন লক্ষ্মণ প্রকাশের পর টেস্টই করাননি,এই ঘটনাটিকে আরেকটু বিস্তারিতভাবে ব্যাখ্যা করা গেলে দেখা যাচ্ছে যে কোভিড-১৯ শনাক্তকরণ পরীক্ষার জটিলতার কারণে একই পরিবারের প্রথম ২ জন পরবর্তী ৫ জনের সংস্পর্শে আসার পর পরীক্ষা করা হয়নি।
77794,51040,এই সামিটে ডিজিটাল হেলথকেয়ার সলিউশানসের মূল বক্তব্য কী ছিল,এই শীর্ষ সম্মেলনে ডিজিটাল হেলথকেয়ার সলিউশনের মূল বক্তব্য কী ছিল?
2153,2527,নিয়মিত ব্যায়াম করুন এবং স্বাস্থ্যকর খাবার খান,নিয়মিত ব্যায়াম করুন এবং স্বাস্থ্যকর খাবার খান।
192682,172576,পুরো মুরগি কালো হলেও এই মুরগির ডিম কিন্তু কালো নয়,"পুরো মুরগি কালো হলেও, এই মুরগির ডিম কালো নয়।"
