serial_no,exam_name,question,label,prediction,is_multi,correct,latency,raw_response,error
752,MAT 2014-2015,নিচের কোনটি ভ্রূণীয় এক্টোডার্ম স্তর থেকে তৈরি হয়?,C,C,False,True,1.766135623000082,C,
153,DAT 2024-2025,ট্রিপসিন জারকের জন্যে সঠিক কোনটি?,A,A,False,True,1.03171069300015,A,
901,MAT 2024-2025,কোন চক্রের মাধ্যমে যকৃতে ইউরিয়া তৈরী হয়?,B,B,False,True,1.69708582200019,B,
188,AFMC 2021-2022,কোন প্রক্রিয়ায় RNA হতে DNA তৈরি হয়?,A,A,False,True,2.2052457310001046,A,
57,MAT 2020-2021,কোনটি ভাইরাস বৃদ্ধিতে বাঁধা দেয়?,A,A,False,True,1.2961484889997337,A,
62,MAT 2020-2021,কোনটি আমিষ পরিপাককারী (digesting) এনজাইম?,B,B,False,True,1.3796192029999474,B,
446,MAT 2015-2016,মানুষের নবম জোড়া করোটিক স্নায়ুর নাম কী?,D,D,False,True,1.057671510000091,D,
545,MAT 1989-1990,বৃক্কে বিদ্যমান-,A,A,False,True,0.8442456560001119,A,
973,AFMC 2019-2020,দ্বিপদ নামকরণের জনক কে?,A,A,False,True,1.7870483159999822,A,
305,AFMC 2015-2016,অ্যানিমাল পোলের ক্ষেত্রে কোনটি সঠিক?,D,D,False,True,1.6005968270001176,D,
260,DAT 2020-2021,নিচের কোন হরমোনটি রক্তে সোডিয়ামের মাত্রা নিয়ন্ত্রণ করে?,B,B,False,True,2.329647946000023,B,
254,MAT 2019-2020,হাইড্রার কোন অংশে নিডোসাইট কোষ সবচেয়ে বেশি থাকে?,B,B,False,True,1.4708279309998034,B,
666,MAT 2004-2005,ইন্টারফেরনের কাজ নয় কোনটি?,C,C,False,True,3.48680479199993,C,
345,DAT 2017-2018,"মানব পিত্তরস সম্বন্ধে নিচের কোন তথ্যটি সঠিক, ইহা-",D,D,False,True,1.6986064640000222,D,
603,MAT 2001-2002,হার্ডেরিয়ান গ্রন্থির অবস্থান যেখানে-,B,B,False,True,1.2791046489996916,B,
128,AFMC 2017-2018,রেটিনার কোন ধরনের কোষ থেকে অপটিক স্নায়ু তৈরী হয়?,D,D,False,True,1.6712282259995845,D,
696,DAT 2009-2010,নিম্নের কোনটি সঠিক নয়?,D,D,False,True,1.3527245150003182,D,
991,AFMC 2019-2020,মানবদেহে কোন ইউমিউনোগ্লোবিউলিন অনুপস্থিত?,A,A,False,True,1.2728820529996483,A,
816,MAT 2022-2023,মানবদেহে কোনটি লুপ্তপ্রায় অংগ?,B,D,False,False,1.5969006279997302,D,
372,MAT 2018-2019,কোনটি মানুষের পশ্চাৎ মস্তিষ্কের অংশ নয়?,D,D,False,True,1.2864671580000504,D,
522,MAT 2006-2007,স্বরতন্ত্রীর অবস্থান হচ্ছে-,D,D,False,True,1.227616899000168,D,
405,MAT 2017-2018,হেনলির লুপের অবস্থান বৃক্কের কোথায়?,A,A,False,True,1.5615016120000291,A,
412,MAT 2016-2017,ফিলোসফিকা জুওলজিক' গ্রন্থের রচয়িতা কে?,B,B,False,True,1.0170770080003422,B,
482,AFMC 2020-2021,"চিকিৎসাবিদ্যার কোন শাখায় স্থূলতার কারণ, প্রতিরোধ ও চিকিৎসা সম্বন্ধে আলোচনা করা হয়?",C,C,False,True,1.0523806680002963,C,
170,DAT 2024-2025,কোন গ্রন্থি আমিষ শোষণ নিয়ন্ত্রণ করে?,D,D,False,True,2.91036149699994,D,
836,DAT 2021-2022,আমাদের জাতীয় পাখির বৈজ্ঞানিক নাম কি?,B,B,False,True,1.8134576699999343,B,
78,AFMC 2019-2020,পেসমেকারে কোন ব্যাটারি ব্যবহৃত হয়?,A,A,False,True,1.0084957340000074,A,
966,MAT 2020-2021,ভ্রূণে লোহিত কণিকাসমূহ নিম্নের কোথায় তৈরি হয়?,AC,C,True,False,1.64207497399957,C,
83,AFMC 2019-2020,অত্যাবশ্যকীয় অ্যামিনো এসিড নয় কোনটি?,C,D,False,False,1.6724209829999381,D,
738,MAT 2015-2016,কোন ভিটামিন পানিতে দ্রবণীয়?,C,C,False,True,1.2436233360003826,C,
904,MAT 2024-2025,এনজিওপ্লাস্টি করলে কি হয়?,B,B,False,True,1.2413546630000383,B,
291,DAT 2019-2020,নিচের কোন গ্রন্থিটি ক্যালসিয়াম বিপাকে সহায়তা করে?,A,A,False,True,1.1951281100000415,A,
311,DAT 2018-2019,সিফিলিস রোগের জন্য দায়ী নিচের কোনটি?,A,A,False,True,1.8566061589999663,A,
849,MAT 2021-2022,কোন এনজাইম আমিষ পরিপাকে সাহায্য করে?,B,B,False,True,1.5672593879999113,B,
100,AFMC 2018-2019,নিচের কোন প্রাণীটি ত্রিস্তরী?,B,B,False,True,2.1676829540001563,B,
490,MAT 2002-2003,শোষিত খাদ্যবস্তুর প্রোটোপ্লাজমে রূপান্তরকে বলে-,C,C,False,True,2.375924410999687,C,
421,MAT 2016-2017,কোনটি ক্ষুদ্রান্ত্রের অংশ নয়?,C,C,False,True,1.7486665650003488,C,
835,DAT 2021-2022,কোনটি Live attenuated ভ্যাক্সিন?,A,A,False,True,1.253263796000283,A,
766,AFMC 2020-2021,সন্তান প্রসবে কোন হরমোন সাহায্য করে?,A,A,False,True,1.7649097819999042,A,
782,MAT 2017-2018,স্ত্রী রুইমাছ ডিম পাড়ে কখন?,C,C,False,True,1.6421388630001275,C,
935,DAT 2021-2022,কোনটি Live attenuated ভ্যাক্সিন?,A,A,False,True,1.9588826219996918,A,
982,AFMC 2019-2020,কত BMI কে স্বাভাবিক ওজন হিসেবে ধরা হয়?,C,C,False,True,1.7650783549997868,C,
548,MAT 2010-2011,মানুষের গ্লোমেরুলাসে পরিদ্রুত মূত্র ADH এর প্রভাব ছাড়া নিম্নের (%) কতভাগ পুনঃশোষণ প্রক্রিয়ায় নেফ্রনের প্রক্সিমাল প্যাঁচানো নালিকায় শোষিত হয়?,C,D,False,False,1.65759630499997,D,
339,DAT 2017-2018,মোলার দাঁতের কাজ কোনটি?,B,C,False,False,1.691036597999755,C,
197,AFMC 2021-2022,প্যানক্রিয়াসের আইলেটস অব ল্যাঙ্গার হ্যান্স এর কোন কোষ (Cells) থেকে ইনসুলিন নিঃসৃত হয়?,D,D,False,True,1.7001172010000118,D,
970,MAT 2020-2021,গ্রোথ হরমোন কোথায় তৈরি হয়?,D,D,False,True,2.4964841709997927,D,
354,DAT 2016-2017,সেরেব্রামের দুটি খণ্ডকে সংযোগকারী স্নায়ু গুচ্ছের নাম-,C,C,False,True,1.6741214740000032,C,
572,MAT 2009-2010,নিম্নের কোন অস্থিতে মজ্জা গহ্বর নাই?,D,C,False,False,1.2503414050001993,C,
94,AFMC 2019-2020,দেহের ভারসাম্য রক্ষা করে কোনটি?,B,B,False,True,2.402838750999763,B,
353,DAT 2016-2017,পাকস্থলিতে কোন করোটিক স্নায়ুর কার্যক্রম বিদ্যমান?,C,C,False,True,1.6855446250001478,C,
127,AFMC 2017-2018,মুখমন্ডলীয় অস্থিতে প্যালেটিন এর সংখ্যা কত?,B,B,False,True,1.6496684220001043,B,
202,AFMC 2021-2022,শ্বসনতন্ত্রের উৎপত্তি কোথা থেকে হয়?,A,A,False,True,1.264583082000172,A,
154,DAT 2024-2025,পূর্ণবয়স্ক সুস্থ মানুষের দু'টি ফুসফুসে আলভিওলাসের সংখ্যা কত?,D,C,False,False,1.2810085299997809,C,
990,AFMC 2019-2020,গ্রন্থিরাজ বলা হয় কোনটিকে?,C,B,False,False,1.6377237849997073,B,
257,MAT 2019-2020,আন্তঃকশেরুকা চাকতিতে কী ধরনের তরুণাস্থি পাওয়া যায়?,C,C,False,True,1.271627110999816,C,
101,AFMC 2018-2019,রক্তে গ্লুকোজের মাত্রা নিয়ন্ত্রণে কোন সংবহনতন্ত্রের ভূমিকা রয়েছে?,C,C,False,True,1.6046311730001435,C,
234,MAT 2019-2020,কোষের কোথায় ক্রেবস চক্র (Krebs cycle) সংঘটিত হয়?,C,C,False,True,1.5698855460000232,C,
996,DAT 2021-2022,কোন কোষ বিভাজন পদ্ধতিতে RBC তৈরি হয়?,B,B,False,True,1.7386525960000654,B,
848,MAT 2021-2022,কোনটি autosomal recessive disorder?,A,A,False,True,1.2049435130002166,A,
493,MAT 2011-2012,নিম্নের কোন অঙ্গে লোহিত কণিকা ধ্বংস হয়?,AB,AB,True,True,1.1918355739999242,"A,B",
802,MAT 2024-2025,কোন এন্টিবডি প্রধানত এলার্জির সাথে সংশ্লিষ্ট?,D,D,False,True,1.9745658929996353,D,
621,MAT 2009-2010,নিম্নের কোনটি হৃদপিন্ডের সংকোচনের শক্তিকে বাড়ায়?,C,C,False,True,1.883441683000001,C,
559,MAT 1990-1991,হিউমেরাস কোন অস্থিটিকে বলা হয়?,C,C,False,True,1.4157129639997947,C,
523,MAT 2006-2007,ব্রঙ্কিয়াল নালীগুলোর কোনটি সঠিক পর্যায়ক্রম?,B,D,False,False,1.6433588079999026,D,
789,MAT 2016-2017,প্রাপ্তবয়স্ক মানুষের মস্তিষ্কে নিউরনের সংখ্যা কত?,C,C,False,True,1.4995128549999208,C,
541,MAT 2003-2004,প্রতিটি বৃক্কে নেফ্রন থাকে-,C,C,False,True,0.9928494689997933,C,
792,MAT 2016-2017,"কনে হিমোফিলিয়া বাহক, বর সুস্থ, এদের সন্তানদের ক্ষেত্রে কোনটি মিথ্যা?",B,B,False,True,1.2533896390000336,B,
462,MAT 2014-2015,স্বাভাবিক মূত্রের বর্ণ হালকা হলুদ হয় কিসের উপস্থিতিতে?,B,B,False,True,1.2611037299998316,B,
907,MAT 2024-2025,পেসমেকারের কাজ কি?,D,D,False,True,1.3749852390001251,D,
225,MAT 2019-2020,মানবদেহের রক্তে কোন বাফার দ্রবণ (buffer solution) থাকে?,A,A,False,True,1.6598402079998777,A,
499,MAT 1988-1989,মানবদেহে রোগ প্রতিরোধক হিসাবে কাজ করে কোনটি?,B,B,False,True,2.0774924309998823,B,
504,MAT 2013-2014,হৃদপিন্ডের ডান অলিন্দ ও ডান নিলয়ের সংযোগ স্থলের কপাটিকার নাম-,B,B,False,True,1.9029573039997558,B,
656,MAT 2005-2006,নিচের কোনটি গ্যামিটোজেনেসিসের জন্য সঠিক নয়?,B,B,False,True,1.7152965179998318,B,
866,MAT 2020-2021,ভ্রূণে লোহিত কণিকাসমূহ নিম্নের কোথায় তৈরি হয়?,AC,C,True,False,1.6611297849999573,C,
492,MAT 2012-2013,রক্তের pH নির্ভর করে যার উপর-,B,B,False,True,1.8857286110001041,B,
273,DAT 2020-2021,ক্রোমাটোগ্রাফির (Chromatography) কয়টি পর্যায় (Phase) আছে?,A,A,False,True,1.54294045000006,A,
13,MAT 2024-2025,পেসমেকারের কাজ কি?,D,D,False,True,1.6338492529998803,D,
466,MAT 2014-2015,মোটর প্রকৃতির স্নায়ু কোনটি?,A,A,False,True,2.2610066689999258,A,
743,MAT 2015-2016,কোন চক্রের মাধ্যমে যকৃতে ইউরিয়া তৈরি হয়?,C,C,False,True,1.3444298959998378,C,
914,MAT 2022-2023,Mollusca এর ক্ষেত্রে কোনটি সঠিক?,B,B,False,True,1.7677037509997717,B,
833,DAT 2021-2022,কোনটি প্লাজমা প্রোটিন নয়?,A,A,False,True,1.2324188719999256,A,
316,DAT 2018-2019,নিচের কোনটি সমগোত্রীয় পাখির উদাহরণ নয়?,A,A,False,True,1.2086439820000123,A,
214,AFMC 2016-2017,কোন পর্বের প্রাণিদের Plannula লার্ভা দশা রয়েছে?,B,B,False,True,1.5332576219998373,B,
624,MAT 2008-2009,নিম্নে উল্লেখিত কোনটি থেকে টেস্টোস্টেরণ হরমোন নিঃসৃত হয়?,C,C,False,True,1.217804920999697,C,
512,DAT 2008-2009,নিম্ন প্রদত্ত কোন ধমনিটির উৎপত্তি এ্যাওর্টার বাঁক থেকে হয় না?,D,D,False,True,1.016073292999863,D,
217,AFMC 2016-2017,আইলেটস অব ল্যাঙ্গারহ্যানস এর কোষ নয় কোনটি?,D,D,False,True,1.4379867369998465,D,
581,DAT 2010-2011,কোন এনজাইম স্নায়ু উদ্দীপনা পরিবহনে গুরুত্বপূর্ণ ভূমিকা পালন করে?,A,A,False,True,1.3714334549999876,A,
51,MAT 2021-2022,কেঁচো কোন অঙ্গের মাধ্যমে শ্বাসপ্রশ্বাস নেয়?,C,C,False,True,0.9519743529999687,C,
918,MAT 2022-2023,মায়োফাইব্রিলে কি ধরনের আমিষ থাকে?,A,A,False,True,1.3798424790002173,A,
373,MAT 2018-2019,চোখের রেটিনার ভিতর সবচেয়ে আলোক সংবেদী অংশের নাম কী?,C,C,False,True,1.4416531719998602,C,
56,MAT 2021-2022,কোন পদ্ধতিতে কোভিড ১৯ ভ্যাক্সিন প্রস্তুত করা হয় না?,D,D,False,True,1.8087871430002451,D,
952,MAT 2020-2021,Alveolus থেকে অক্সিজেন রক্তে কিভাবে প্রবেশ করে?,D,D,False,True,1.668916832999912,D,
538,DAT 2004-2005,রেচনতন্ত্রের নিচের কোনটি ইউরেটার নামক নালি গঠন করে?,B,B,False,True,1.7225693609998416,B,
463,MAT 2014-2015,নিচের কোনটি ক্লাভিকলের বৈশিষ্ট্য?,A,A,False,True,1.8871674550000535,A,
774,MAT 2017-2018,মানব দেহে নিষেক প্রক্রিয়া কোথায় সংঘটিত হয়?,B,B,False,True,1.6646208530000877,B,
770,AFMC 2020-2021,কোনটি সেক্স লিংকড ডিসঅর্ডার নয়?,A,A,False,True,3.177172931000314,A,
125,MAT 2023-2024,কোন পর্বের প্রাণীতে র ্যাবডিটিফর্ম লার্ভা দশা দেখা যায়?,A,A,False,True,1.265104165000139,A,
594,MAT 2007-2008,নিম্নের কোনটি অগ্রমস্তিস্কের অংশ নয়?,B,B,False,True,1.6672208969998792,B,
752,MAT 2014-2015,নিচের কোনটি ভ্রূণীয় এক্টোডার্ম স্তর থেকে তৈরি হয়?,C,C,False,True,1.766135623000082,C,
153,DAT 2024-2025,ট্রিপসিন জারকের জন্যে সঠিক কোনটি?,A,A,False,True,1.03171069300015,A,
901,MAT 2024-2025,কোন চক্রের মাধ্যমে যকৃতে ইউরিয়া তৈরী হয়?,B,B,False,True,1.69708582200019,B,
188,AFMC 2021-2022,কোন প্রক্রিয়ায় RNA হতে DNA তৈরি হয়?,A,A,False,True,2.2052457310001046,A,
57,MAT 2020-2021,কোনটি ভাইরাস বৃদ্ধিতে বাঁধা দেয়?,A,A,False,True,1.2961484889997337,A,
62,MAT 2020-2021,কোনটি আমিষ পরিপাককারী (digesting) এনজাইম?,B,B,False,True,1.3796192029999474,B,
446,MAT 2015-2016,মানুষের নবম জোড়া করোটিক স্নায়ুর নাম কী?,D,D,False,True,1.057671510000091,D,
545,MAT 1989-1990,বৃক্কে বিদ্যমান-,A,A,False,True,0.8442456560001119,A,
973,AFMC 2019-2020,দ্বিপদ নামকরণের জনক কে?,A,A,False,True,1.7870483159999822,A,
305,AFMC 2015-2016,অ্যানিমাল পোলের ক্ষেত্রে কোনটি সঠিক?,D,D,False,True,1.6005968270001176,D,
260,DAT 2020-2021,নিচের কোন হরমোনটি রক্তে সোডিয়ামের মাত্রা নিয়ন্ত্রণ করে?,B,B,False,True,2.329647946000023,B,
254,MAT 2019-2020,হাইড্রার কোন অংশে নিডোসাইট কোষ সবচেয়ে বেশি থাকে?,B,B,False,True,1.4708279309998034,B,
666,MAT 2004-2005,ইন্টারফেরনের কাজ নয় কোনটি?,C,C,False,True,3.48680479199993,C,
345,DAT 2017-2018,"মানব পিত্তরস সম্বন্ধে নিচের কোন তথ্যটি সঠিক, ইহা-",D,D,False,True,1.6986064640000222,D,
603,MAT 2001-2002,হার্ডেরিয়ান গ্রন্থির অবস্থান যেখানে-,B,B,False,True,1.2791046489996916,B,
128,AFMC 2017-2018,রেটিনার কোন ধরনের কোষ থেকে অপটিক স্নায়ু তৈরী হয়?,D,D,False,True,1.6712282259995845,D,
696,DAT 2009-2010,নিম্নের কোনটি সঠিক নয়?,D,D,False,True,1.3527245150003182,D,
991,AFMC 2019-2020,মানবদেহে কোন ইউমিউনোগ্লোবিউলিন অনুপস্থিত?,A,A,False,True,1.2728820529996483,A,
816,MAT 2022-2023,মানবদেহে কোনটি লুপ্তপ্রায় অংগ?,B,D,False,False,1.5969006279997302,D,
372,MAT 2018-2019,কোনটি মানুষের পশ্চাৎ মস্তিষ্কের অংশ নয়?,D,D,False,True,1.2864671580000504,D,
522,MAT 2006-2007,স্বরতন্ত্রীর অবস্থান হচ্ছে-,D,D,False,True,1.227616899000168,D,
405,MAT 2017-2018,হেনলির লুপের অবস্থান বৃক্কের কোথায়?,A,A,False,True,1.5615016120000291,A,
412,MAT 2016-2017,ফিলোসফিকা জুওলজিক' গ্রন্থের রচয়িতা কে?,B,B,False,True,1.0170770080003422,B,
482,AFMC 2020-2021,"চিকিৎসাবিদ্যার কোন শাখায় স্থূলতার কারণ, প্রতিরোধ ও চিকিৎসা সম্বন্ধে আলোচনা করা হয়?",C,C,False,True,1.0523806680002963,C,
170,DAT 2024-2025,কোন গ্রন্থি আমিষ শোষণ নিয়ন্ত্রণ করে?,D,D,False,True,2.91036149699994,D,
836,DAT 2021-2022,আমাদের জাতীয় পাখির বৈজ্ঞানিক নাম কি?,B,B,False,True,1.8134576699999343,B,
78,AFMC 2019-2020,পেসমেকারে কোন ব্যাটারি ব্যবহৃত হয়?,A,A,False,True,1.0084957340000074,A,
966,MAT 2020-2021,ভ্রূণে লোহিত কণিকাসমূহ নিম্নের কোথায় তৈরি হয়?,AC,C,True,False,1.64207497399957,C,
83,AFMC 2019-2020,অত্যাবশ্যকীয় অ্যামিনো এসিড নয় কোনটি?,C,D,False,False,1.6724209829999381,D,
738,MAT 2015-2016,কোন ভিটামিন পানিতে দ্রবণীয়?,C,C,False,True,1.2436233360003826,C,
904,MAT 2024-2025,এনজিওপ্লাস্টি করলে কি হয়?,B,B,False,True,1.2413546630000383,B,
291,DAT 2019-2020,নিচের কোন গ্রন্থিটি ক্যালসিয়াম বিপাকে সহায়তা করে?,A,A,False,True,1.1951281100000415,A,
311,DAT 2018-2019,সিফিলিস রোগের জন্য দায়ী নিচের কোনটি?,A,A,False,True,1.8566061589999663,A,
849,MAT 2021-2022,কোন এনজাইম আমিষ পরিপাকে সাহায্য করে?,B,B,False,True,1.5672593879999113,B,
100,AFMC 2018-2019,নিচের কোন প্রাণীটি ত্রিস্তরী?,B,B,False,True,2.1676829540001563,B,
490,MAT 2002-2003,শোষিত খাদ্যবস্তুর প্রোটোপ্লাজমে রূপান্তরকে বলে-,C,C,False,True,2.375924410999687,C,
421,MAT 2016-2017,কোনটি ক্ষুদ্রান্ত্রের অংশ নয়?,C,C,False,True,1.7486665650003488,C,
835,DAT 2021-2022,কোনটি Live attenuated ভ্যাক্সিন?,A,A,False,True,1.253263796000283,A,
766,AFMC 2020-2021,সন্তান প্রসবে কোন হরমোন সাহায্য করে?,A,A,False,True,1.7649097819999042,A,
782,MAT 2017-2018,স্ত্রী রুইমাছ ডিম পাড়ে কখন?,C,C,False,True,1.6421388630001275,C,
935,DAT 2021-2022,কোনটি Live attenuated ভ্যাক্সিন?,A,A,False,True,1.9588826219996918,A,
982,AFMC 2019-2020,কত BMI কে স্বাভাবিক ওজন হিসেবে ধরা হয়?,C,C,False,True,1.7650783549997868,C,
548,MAT 2010-2011,মানুষের গ্লোমেরুলাসে পরিদ্রুত মূত্র ADH এর প্রভাব ছাড়া নিম্নের (%) কতভাগ পুনঃশোষণ প্রক্রিয়ায় নেফ্রনের প্রক্সিমাল প্যাঁচানো নালিকায় শোষিত হয়?,C,D,False,False,1.65759630499997,D,
339,DAT 2017-2018,মোলার দাঁতের কাজ কোনটি?,B,C,False,False,1.691036597999755,C,
197,AFMC 2021-2022,প্যানক্রিয়াসের আইলেটস অব ল্যাঙ্গার হ্যান্স এর কোন কোষ (Cells) থেকে ইনসুলিন নিঃসৃত হয়?,D,D,False,True,1.7001172010000118,D,
970,MAT 2020-2021,গ্রোথ হরমোন কোথায় তৈরি হয়?,D,D,False,True,2.4964841709997927,D,
354,DAT 2016-2017,সেরেব্রামের দুটি খণ্ডকে সংযোগকারী স্নায়ু গুচ্ছের নাম-,C,C,False,True,1.6741214740000032,C,
572,MAT 2009-2010,নিম্নের কোন অস্থিতে মজ্জা গহ্বর নাই?,D,C,False,False,1.2503414050001993,C,
94,AFMC 2019-2020,দেহের ভারসাম্য রক্ষা করে কোনটি?,B,B,False,True,2.402838750999763,B,
353,DAT 2016-2017,পাকস্থলিতে কোন করোটিক স্নায়ুর কার্যক্রম বিদ্যমান?,C,C,False,True,1.6855446250001478,C,
127,AFMC 2017-2018,মুখমন্ডলীয় অস্থিতে প্যালেটিন এর সংখ্যা কত?,B,B,False,True,1.6496684220001043,B,
202,AFMC 2021-2022,শ্বসনতন্ত্রের উৎপত্তি কোথা থেকে হয়?,A,A,False,True,1.264583082000172,A,
154,DAT 2024-2025,পূর্ণবয়স্ক সুস্থ মানুষের দু'টি ফুসফুসে আলভিওলাসের সংখ্যা কত?,D,C,False,False,1.2810085299997809,C,
990,AFMC 2019-2020,গ্রন্থিরাজ বলা হয় কোনটিকে?,C,B,False,False,1.6377237849997073,B,
257,MAT 2019-2020,আন্তঃকশেরুকা চাকতিতে কী ধরনের তরুণাস্থি পাওয়া যায়?,C,C,False,True,1.271627110999816,C,
101,AFMC 2018-2019,রক্তে গ্লুকোজের মাত্রা নিয়ন্ত্রণে কোন সংবহনতন্ত্রের ভূমিকা রয়েছে?,C,C,False,True,1.6046311730001435,C,
234,MAT 2019-2020,কোষের কোথায় ক্রেবস চক্র (Krebs cycle) সংঘটিত হয়?,C,C,False,True,1.5698855460000232,C,
996,DAT 2021-2022,কোন কোষ বিভাজন পদ্ধতিতে RBC তৈরি হয়?,B,B,False,True,1.7386525960000654,B,
848,MAT 2021-2022,কোনটি autosomal recessive disorder?,A,A,False,True,1.2049435130002166,A,
493,MAT 2011-2012,নিম্নের কোন অঙ্গে লোহিত কণিকা ধ্বংস হয়?,AB,AB,True,True,1.1918355739999242,"A,B",
802,MAT 2024-2025,কোন এন্টিবডি প্রধানত এলার্জির সাথে সংশ্লিষ্ট?,D,D,False,True,1.9745658929996353,D,
621,MAT 2009-2010,নিম্নের কোনটি হৃদপিন্ডের সংকোচনের শক্তিকে বাড়ায়?,C,C,False,True,1.883441683000001,C,
559,MAT 1990-1991,হিউমেরাস কোন অস্থিটিকে বলা হয়?,C,C,False,True,1.4157129639997947,C,
523,MAT 2006-2007,ব্রঙ্কিয়াল নালীগুলোর কোনটি সঠিক পর্যায়ক্রম?,B,D,False,False,1.6433588079999026,D,
789,MAT 2016-2017,প্রাপ্তবয়স্ক মানুষের মস্তিষ্কে নিউরনের সংখ্যা কত?,C,C,False,True,1.4995128549999208,C,
541,MAT 2003-2004,প্রতিটি বৃক্কে নেফ্রন থাকে-,C,C,False,True,0.9928494689997933,C,
792,MAT 2016-2017,"কনে হিমোফিলিয়া বাহক, বর সুস্থ, এদের সন্তানদের ক্ষেত্রে কোনটি মিথ্যা?",B,B,False,True,1.2533896390000336,B,
462,MAT 2014-2015,স্বাভাবিক মূত্রের বর্ণ হালকা হলুদ হয় কিসের উপস্থিতিতে?,B,B,False,True,1.2611037299998316,B,
907,MAT 2024-2025,পেসমেকারের কাজ কি?,D,D,False,True,1.3749852390001251,D,
225,MAT 2019-2020,মানবদেহের রক্তে কোন বাফার দ্রবণ (buffer solution) থাকে?,A,A,False,True,1.6598402079998777,A,
499,MAT 1988-1989,মানবদেহে রোগ প্রতিরোধক হিসাবে কাজ করে কোনটি?,B,B,False,True,2.0774924309998823,B,
504,MAT 2013-2014,হৃদপিন্ডের ডান অলিন্দ ও ডান নিলয়ের সংযোগ স্থলের কপাটিকার নাম-,B,B,False,True,1.9029573039997558,B,
656,MAT 2005-2006,নিচের কোনটি গ্যামিটোজেনেসিসের জন্য সঠিক নয়?,B,B,False,True,1.7152965179998318,B,
866,MAT 2020-2021,ভ্রূণে লোহিত কণিকাসমূহ নিম্নের কোথায় তৈরি হয়?,AC,C,True,False,1.6611297849999573,C,
492,MAT 2012-2013,রক্তের pH নির্ভর করে যার উপর-,B,B,False,True,1.8857286110001041,B,
273,DAT 2020-2021,ক্রোমাটোগ্রাফির (Chromatography) কয়টি পর্যায় (Phase) আছে?,A,A,False,True,1.54294045000006,A,
13,MAT 2024-2025,পেসমেকারের কাজ কি?,D,D,False,True,1.6338492529998803,D,
466,MAT 2014-2015,মোটর প্রকৃতির স্নায়ু কোনটি?,A,A,False,True,2.2610066689999258,A,
743,MAT 2015-2016,কোন চক্রের মাধ্যমে যকৃতে ইউরিয়া তৈরি হয়?,C,C,False,True,1.3444298959998378,C,
914,MAT 2022-2023,Mollusca এর ক্ষেত্রে কোনটি সঠিক?,B,B,False,True,1.7677037509997717,B,
833,DAT 2021-2022,কোনটি প্লাজমা প্রোটিন নয়?,A,A,False,True,1.2324188719999256,A,
316,DAT 2018-2019,নিচের কোনটি সমগোত্রীয় পাখির উদাহরণ নয়?,A,A,False,True,1.2086439820000123,A,
214,AFMC 2016-2017,কোন পর্বের প্রাণিদের Plannula লার্ভা দশা রয়েছে?,B,B,False,True,1.5332576219998373,B,
624,MAT 2008-2009,নিম্নে উল্লেখিত কোনটি থেকে টেস্টোস্টেরণ হরমোন নিঃসৃত হয়?,C,C,False,True,1.217804920999697,C,
512,DAT 2008-2009,নিম্ন প্রদত্ত কোন ধমনিটির উৎপত্তি এ্যাওর্টার বাঁক থেকে হয় না?,D,D,False,True,1.016073292999863,D,
217,AFMC 2016-2017,আইলেটস অব ল্যাঙ্গারহ্যানস এর কোষ নয় কোনটি?,D,D,False,True,1.4379867369998465,D,
581,DAT 2010-2011,কোন এনজাইম স্নায়ু উদ্দীপনা পরিবহনে গুরুত্বপূর্ণ ভূমিকা পালন করে?,A,A,False,True,1.3714334549999876,A,
51,MAT 2021-2022,কেঁচো কোন অঙ্গের মাধ্যমে শ্বাসপ্রশ্বাস নেয়?,C,C,False,True,0.9519743529999687,C,
918,MAT 2022-2023,মায়োফাইব্রিলে কি ধরনের আমিষ থাকে?,A,A,False,True,1.3798424790002173,A,
373,MAT 2018-2019,চোখের রেটিনার ভিতর সবচেয়ে আলোক সংবেদী অংশের নাম কী?,C,C,False,True,1.4416531719998602,C,
56,MAT 2021-2022,কোন পদ্ধতিতে কোভিড ১৯ ভ্যাক্সিন প্রস্তুত করা হয় না?,D,D,False,True,1.8087871430002451,D,
952,MAT 2020-2021,Alveolus থেকে অক্সিজেন রক্তে কিভাবে প্রবেশ করে?,D,D,False,True,1.668916832999912,D,
538,DAT 2004-2005,রেচনতন্ত্রের নিচের কোনটি ইউরেটার নামক নালি গঠন করে?,B,B,False,True,1.7225693609998416,B,
463,MAT 2014-2015,নিচের কোনটি ক্লাভিকলের বৈশিষ্ট্য?,A,A,False,True,1.8871674550000535,A,
774,MAT 2017-2018,মানব দেহে নিষেক প্রক্রিয়া কোথায় সংঘটিত হয়?,B,B,False,True,1.6646208530000877,B,
770,AFMC 2020-2021,কোনটি সেক্স লিংকড ডিসঅর্ডার নয়?,A,A,False,True,3.177172931000314,A,
125,MAT 2023-2024,কোন পর্বের প্রাণীতে র ্যাবডিটিফর্ম লার্ভা দশা দেখা যায়?,A,A,False,True,1.265104165000139,A,
594,MAT 2007-2008,নিম্নের কোনটি অগ্রমস্তিস্কের অংশ নয়?,B,B,False,True,1.6672208969998792,B,752,MAT 2014-2015,নিচের কোনটি ভ্রূণীয় এক্টোডার্ম স্তর থেকে তৈরি হয়?,C,C,False,True,1.766135623000082,C,
153,DAT 2024-2025,ট্রিপসিন জারকের জন্যে সঠিক কোনটি?,A,A,False,True,1.03171069300015,A,
901,MAT 2024-2025,কোন চক্রের মাধ্যমে যকৃতে ইউরিয়া তৈরী হয়?,B,B,False,True,1.69708582200019,B,
188,AFMC 2021-2022,কোন প্রক্রিয়ায় RNA হতে DNA তৈরি হয়?,A,A,False,True,2.2052457310001046,A,
57,MAT 2020-2021,কোনটি ভাইরাস বৃদ্ধিতে বাঁধা দেয়?,A,A,False,True,1.2961484889997337,A,
62,MAT 2020-2021,কোনটি আমিষ পরিপাককারী (digesting) এনজাইম?,B,B,False,True,1.3796192029999474,B,
446,MAT 2015-2016,মানুষের নবম জোড়া করোটিক স্নায়ুর নাম কী?,D,D,False,True,1.057671510000091,D,
545,MAT 1989-1990,বৃক্কে বিদ্যমান-,A,A,False,True,0.8442456560001119,A,
973,AFMC 2019-2020,দ্বিপদ নামকরণের জনক কে?,A,A,False,True,1.7870483159999822,A,
305,AFMC 2015-2016,অ্যানিমাল পোলের ক্ষেত্রে কোনটি সঠিক?,D,D,False,True,1.6005968270001176,D,
260,DAT 2020-2021,নিচের কোন হরমোনটি রক্তে সোডিয়ামের মাত্রা নিয়ন্ত্রণ করে?,B,B,False,True,2.329647946000023,B,
254,MAT 2019-2020,হাইড্রার কোন অংশে নিডোসাইট কোষ সবচেয়ে বেশি থাকে?,B,B,False,True,1.4708279309998034,B,
666,MAT 2004-2005,ইন্টারফেরনের কাজ নয় কোনটি?,C,C,False,True,3.48680479199993,C,
345,DAT 2017-2018,"মানব পিত্তরস সম্বন্ধে নিচের কোন তথ্যটি সঠিক, ইহা-",D,D,False,True,1.6986064640000222,D,
603,MAT 2001-2002,হার্ডেরিয়ান গ্রন্থির অবস্থান যেখানে-,B,B,False,True,1.2791046489996916,B,
128,AFMC 2017-2018,রেটিনার কোন ধরনের কোষ থেকে অপটিক স্নায়ু তৈরী হয়?,D,D,False,True,1.6712282259995845,D,
696,DAT 2009-2010,নিম্নের কোনটি সঠিক নয়?,D,D,False,True,1.3527245150003182,D,
991,AFMC 2019-2020,মানবদেহে কোন ইউমিউনোগ্লোবিউলিন অনুপস্থিত?,A,A,False,True,1.2728820529996483,A,
816,MAT 2022-2023,মানবদেহে কোনটি লুপ্তপ্রায় অংগ?,B,D,False,False,1.5969006279997302,D,
372,MAT 2018-2019,কোনটি মানুষের পশ্চাৎ মস্তিষ্কের অংশ নয়?,D,D,False,True,1.2864671580000504,D,
522,MAT 2006-2007,স্বরতন্ত্রীর অবস্থান হচ্ছে-,D,D,False,True,1.227616899000168,D,
405,MAT 2017-2018,হেনলির লুপের অবস্থান বৃক্কের কোথায়?,A,A,False,True,1.5615016120000291,A,
412,MAT 2016-2017,ফিলোসফিকা জুওলজিক' গ্রন্থের রচয়িতা কে?,B,B,False,True,1.0170770080003422,B,
482,AFMC 2020-2021,"চিকিৎসাবিদ্যার কোন শাখায় স্থূলতার কারণ, প্রতিরোধ ও চিকিৎসা সম্বন্ধে আলোচনা করা হয়?",C,C,False,True,1.0523806680002963,C,
170,DAT 2024-2025,কোন গ্রন্থি আমিষ শোষণ নিয়ন্ত্রণ করে?,D,D,False,True,2.91036149699994,D,
836,DAT 2021-2022,আমাদের জাতীয় পাখির বৈজ্ঞানিক নাম কি?,B,B,False,True,1.8134576699999343,B,
78,AFMC 2019-2020,পেসমেকারে কোন ব্যাটারি ব্যবহৃত হয়?,A,A,False,True,1.0084957340000074,A,
966,MAT 2020-2021,ভ্রূণে লোহিত কণিকাসমূহ নিম্নের কোথায় তৈরি হয়?,AC,C,True,False,1.64207497399957,C,
83,AFMC 2019-2020,অত্যাবশ্যকীয় অ্যামিনো এসিড নয় কোনটি?,C,D,False,False,1.6724209829999381,D,
738,MAT 2015-2016,কোন ভিটামিন পানিতে দ্রবণীয়?,C,C,False,True,1.2436233360003826,C,
904,MAT 2024-2025,এনজিওপ্লাস্টি করলে কি হয়?,B,B,False,True,1.2413546630000383,B,
291,DAT 2019-2020,নিচের কোন গ্রন্থিটি ক্যালসিয়াম বিপাকে সহায়তা করে?,A,A,False,True,1.1951281100000415,A,
311,DAT 2018-2019,সিফিলিস রোগের জন্য দায়ী নিচের কোনটি?,A,A,False,True,1.8566061589999663,A,
849,MAT 2021-2022,কোন এনজাইম আমিষ পরিপাকে সাহায্য করে?,B,B,False,True,1.5672593879999113,B,
100,AFMC 2018-2019,নিচের কোন প্রাণীটি ত্রিস্তরী?,B,B,False,True,2.1676829540001563,B,
490,MAT 2002-2003,শোষিত খাদ্যবস্তুর প্রোটোপ্লাজমে রূপান্তরকে বলে-,C,C,False,True,2.375924410999687,C,
421,MAT 2016-2017,কোনটি ক্ষুদ্রান্ত্রের অংশ নয়?,C,C,False,True,1.7486665650003488,C,
835,DAT 2021-2022,কোনটি Live attenuated ভ্যাক্সিন?,A,A,False,True,1.253263796000283,A,
766,AFMC 2020-2021,সন্তান প্রসবে কোন হরমোন সাহায্য করে?,A,A,False,True,1.7649097819999042,A,
782,MAT 2017-2018,স্ত্রী রুইমাছ ডিম পাড়ে কখন?,C,C,False,True,1.6421388630001275,C,
935,DAT 2021-2022,কোনটি Live attenuated ভ্যাক্সিন?,A,A,False,True,1.9588826219996918,A,
982,AFMC 2019-2020,কত BMI কে স্বাভাবিক ওজন হিসেবে ধরা হয়?,C,C,False,True,1.7650783549997868,C,
548,MAT 2010-2011,মানুষের গ্লোমেরুলাসে পরিদ্রুত মূত্র ADH এর প্রভাব ছাড়া নিম্নের (%) কতভাগ পুনঃশোষণ প্রক্রিয়ায় নেফ্রনের প্রক্সিমাল প্যাঁচানো নালিকায় শোষিত হয়?,C,D,False,False,1.65759630499997,D,
339,DAT 2017-2018,মোলার দাঁতের কাজ কোনটি?,B,C,False,False,1.691036597999755,C,
197,AFMC 2021-2022,প্যানক্রিয়াসের আইলেটস অব ল্যাঙ্গার হ্যান্স এর কোন কোষ (Cells) থেকে ইনসুলিন নিঃসৃত হয়?,D,D,False,True,1.7001172010000118,D,
970,MAT 2020-2021,গ্রোথ হরমোন কোথায় তৈরি হয়?,D,D,False,True,2.4964841709997927,D,
354,DAT 2016-2017,সেরেব্রামের দুটি খণ্ডকে সংযোগকারী স্নায়ু গুচ্ছের নাম-,C,C,False,True,1.6741214740000032,C,
572,MAT 2009-2010,নিম্নের কোন অস্থিতে মজ্জা গহ্বর নাই?,D,C,False,False,1.2503414050001993,C,
94,AFMC 2019-2020,দেহের ভারসাম্য রক্ষা করে কোনটি?,B,B,False,True,2.402838750999763,B,
353,DAT 2016-2017,পাকস্থলিতে কোন করোটিক স্নায়ুর কার্যক্রম বিদ্যমান?,C,C,False,True,1.6855446250001478,C,
127,AFMC 2017-2018,মুখমন্ডলীয় অস্থিতে প্যালেটিন এর সংখ্যা কত?,B,B,False,True,1.6496684220001043,B,
202,AFMC 2021-2022,শ্বসনতন্ত্রের উৎপত্তি কোথা থেকে হয়?,A,A,False,True,1.264583082000172,A,
154,DAT 2024-2025,পূর্ণবয়স্ক সুস্থ মানুষের দু'টি ফুসফুসে আলভিওলাসের সংখ্যা কত?,D,C,False,False,1.2810085299997809,C,
990,AFMC 2019-2020,গ্রন্থিরাজ বলা হয় কোনটিকে?,C,B,False,False,1.6377237849997073,B,
257,MAT 2019-2020,আন্তঃকশেরুকা চাকতিতে কী ধরনের তরুণাস্থি পাওয়া যায়?,C,C,False,True,1.271627110999816,C,
101,AFMC 2018-2019,রক্তে গ্লুকোজের মাত্রা নিয়ন্ত্রণে কোন সংবহনতন্ত্রের ভূমিকা রয়েছে?,C,C,False,True,1.6046311730001435,C,
234,MAT 2019-2020,কোষের কোথায় ক্রেবস চক্র (Krebs cycle) সংঘটিত হয়?,C,C,False,True,1.5698855460000232,C,
996,DAT 2021-2022,কোন কোষ বিভাজন পদ্ধতিতে RBC তৈরি হয়?,B,B,False,True,1.7386525960000654,B,
848,MAT 2021-2022,কোনটি autosomal recessive disorder?,A,A,False,True,1.2049435130002166,A,
493,MAT 2011-2012,নিম্নের কোন অঙ্গে লোহিত কণিকা ধ্বংস হয়?,AB,AB,True,True,1.1918355739999242,"A,B",
802,MAT 2024-2025,কোন এন্টিবডি প্রধানত এলার্জির সাথে সংশ্লিষ্ট?,D,D,False,True,1.9745658929996353,D,
621,MAT 2009-2010,নিম্নের কোনটি হৃদপিন্ডের সংকোচনের শক্তিকে বাড়ায়?,C,C,False,True,1.883441683000001,C,
559,MAT 1990-1991,হিউমেরাস কোন অস্থিটিকে বলা হয়?,C,C,False,True,1.4157129639997947,C,
523,MAT 2006-2007,ব্রঙ্কিয়াল নালীগুলোর কোনটি সঠিক পর্যায়ক্রম?,B,D,False,False,1.6433588079999026,D,
789,MAT 2016-2017,প্রাপ্তবয়স্ক মানুষের মস্তিষ্কে নিউরনের সংখ্যা কত?,C,C,False,True,1.4995128549999208,C,
541,MAT 2003-2004,প্রতিটি বৃক্কে নেফ্রন থাকে-,C,C,False,True,0.9928494689997933,C,
792,MAT 2016-2017,"কনে হিমোফিলিয়া বাহক, বর সুস্থ, এদের সন্তানদের ক্ষেত্রে কোনটি মিথ্যা?",B,B,False,True,1.2533896390000336,B,
462,MAT 2014-2015,স্বাভাবিক মূত্রের বর্ণ হালকা হলুদ হয় কিসের উপস্থিতিতে?,B,B,False,True,1.2611037299998316,B,
907,MAT 2024-2025,পেসমেকারের কাজ কি?,D,D,False,True,1.3749852390001251,D,
225,MAT 2019-2020,মানবদেহের রক্তে কোন বাফার দ্রবণ (buffer solution) থাকে?,A,A,False,True,1.6598402079998777,A,
499,MAT 1988-1989,মানবদেহে রোগ প্রতিরোধক হিসাবে কাজ করে কোনটি?,B,B,False,True,2.0774924309998823,B,
504,MAT 2013-2014,হৃদপিন্ডের ডান অলিন্দ ও ডান নিলয়ের সংযোগ স্থলের কপাটিকার নাম-,B,B,False,True,1.9029573039997558,B,
656,MAT 2005-2006,নিচের কোনটি গ্যামিটোজেনেসিসের জন্য সঠিক নয়?,B,B,False,True,1.7152965179998318,B,
866,MAT 2020-2021,ভ্রূণে লোহিত কণিকাসমূহ নিম্নের কোথায় তৈরি হয়?,AC,C,True,False,1.6611297849999573,C,
492,MAT 2012-2013,রক্তের pH নির্ভর করে যার উপর-,B,B,False,True,1.8857286110001041,B,
273,DAT 2020-2021,ক্রোমাটোগ্রাফির (Chromatography) কয়টি পর্যায় (Phase) আছে?,A,A,False,True,1.54294045000006,A,
13,MAT 2024-2025,পেসমেকারের কাজ কি?,D,D,False,True,1.6338492529998803,D,
466,MAT 2014-2015,মোটর প্রকৃতির স্নায়ু কোনটি?,A,A,False,True,2.2610066689999258,A,
743,MAT 2015-2016,কোন চক্রের মাধ্যমে যকৃতে ইউরিয়া তৈরি হয়?,C,C,False,True,1.3444298959998378,C,
914,MAT 2022-2023,Mollusca এর ক্ষেত্রে কোনটি সঠিক?,B,B,False,True,1.7677037509997717,B,
833,DAT 2021-2022,কোনটি প্লাজমা প্রোটিন নয়?,A,A,False,True,1.2324188719999256,A,
316,DAT 2018-2019,নিচের কোনটি সমগোত্রীয় পাখির উদাহরণ নয়?,A,A,False,True,1.2086439820000123,A,
214,AFMC 2016-2017,কোন পর্বের প্রাণিদের Plannula লার্ভা দশা রয়েছে?,B,B,False,True,1.5332576219998373,B,
624,MAT 2008-2009,নিম্নে উল্লেখিত কোনটি থেকে টেস্টোস্টেরণ হরমোন নিঃসৃত হয়?,C,C,False,True,1.217804920999697,C,
512,DAT 2008-2009,নিম্ন প্রদত্ত কোন ধমনিটির উৎপত্তি এ্যাওর্টার বাঁক থেকে হয় না?,D,D,False,True,1.016073292999863,D,
217,AFMC 2016-2017,আইলেটস অব ল্যাঙ্গারহ্যানস এর কোষ নয় কোনটি?,D,D,False,True,1.4379867369998465,D,
581,DAT 2010-2011,কোন এনজাইম স্নায়ু উদ্দীপনা পরিবহনে গুরুত্বপূর্ণ ভূমিকা পালন করে?,A,A,False,True,1.3714334549999876,A,
51,MAT 2021-2022,কেঁচো কোন অঙ্গের মাধ্যমে শ্বাসপ্রশ্বাস নেয়?,C,C,False,True,0.9519743529999687,C,
918,MAT 2022-2023,মায়োফাইব্রিলে কি ধরনের আমিষ থাকে?,A,A,False,True,1.3798424790002173,A,
373,MAT 2018-2019,চোখের রেটিনার ভিতর সবচেয়ে আলোক সংবেদী অংশের নাম কী?,C,C,False,True,1.4416531719998602,C,
56,MAT 2021-2022,কোন পদ্ধতিতে কোভিড ১৯ ভ্যাক্সিন প্রস্তুত করা হয় না?,D,D,False,True,1.8087871430002451,D,
952,MAT 2020-2021,Alveolus থেকে অক্সিজেন রক্তে কিভাবে প্রবেশ করে?,D,D,False,True,1.668916832999912,D,
538,DAT 2004-2005,রেচনতন্ত্রের নিচের কোনটি ইউরেটার নামক নালি গঠন করে?,B,B,False,True,1.7225693609998416,B,
463,MAT 2014-2015,নিচের কোনটি ক্লাভিকলের বৈশিষ্ট্য?,A,A,False,True,1.8871674550000535,A,
774,MAT 2017-2018,মানব দেহে নিষেক প্রক্রিয়া কোথায় সংঘটিত হয়?,B,B,False,True,1.6646208530000877,B,
770,AFMC 2020-2021,কোনটি সেক্স লিংকড ডিসঅর্ডার নয়?,A,A,False,True,3.177172931000314,A,
125,MAT 2023-2024,কোন পর্বের প্রাণীতে র ্যাবডিটিফর্ম লার্ভা দশা দেখা যায়?,A,A,False,True,1.265104165000139,A,
594,MAT 2007-2008,নিম্নের কোনটি অগ্রমস্তিস্কের অংশ নয়?,B,B,False,True,1.6672208969998792,B,752,MAT 2014-2015,নিচের কোনটি ভ্রূণীয় এক্টোডার্ম স্তর থেকে তৈরি হয়?,C,C,False,True,1.766135623000082,C,
153,DAT 2024-2025,ট্রিপসিন জারকের জন্যে সঠিক কোনটি?,A,A,False,True,1.03171069300015,A,
901,MAT 2024-2025,কোন চক্রের মাধ্যমে যকৃতে ইউরিয়া তৈরী হয়?,B,B,False,True,1.69708582200019,B,
188,AFMC 2021-2022,কোন প্রক্রিয়ায় RNA হতে DNA তৈরি হয়?,A,A,False,True,2.2052457310001046,A,
57,MAT 2020-2021,কোনটি ভাইরাস বৃদ্ধিতে বাঁধা দেয়?,A,A,False,True,1.2961484889997337,A,
62,MAT 2020-2021,কোনটি আমিষ পরিপাককারী (digesting) এনজাইম?,B,B,False,True,1.3796192029999474,B,
446,MAT 2015-2016,মানুষের নবম জোড়া করোটিক স্নায়ুর নাম কী?,D,D,False,True,1.057671510000091,D,
545,MAT 1989-1990,বৃক্কে বিদ্যমান-,A,A,False,True,0.8442456560001119,A,
973,AFMC 2019-2020,দ্বিপদ নামকরণের জনক কে?,A,A,False,True,1.7870483159999822,A,
305,AFMC 2015-2016,অ্যানিমাল পোলের ক্ষেত্রে কোনটি সঠিক?,D,D,False,True,1.6005968270001176,D,
260,DAT 2020-2021,নিচের কোন হরমোনটি রক্তে সোডিয়ামের মাত্রা নিয়ন্ত্রণ করে?,B,B,False,True,2.329647946000023,B,
254,MAT 2019-2020,হাইড্রার কোন অংশে নিডোসাইট কোষ সবচেয়ে বেশি থাকে?,B,B,False,True,1.4708279309998034,B,
666,MAT 2004-2005,ইন্টারফেরনের কাজ নয় কোনটি?,C,C,False,True,3.48680479199993,C,
345,DAT 2017-2018,"মানব পিত্তরস সম্বন্ধে নিচের কোন তথ্যটি সঠিক, ইহা-",D,D,False,True,1.6986064640000222,D,
603,MAT 2001-2002,হার্ডেরিয়ান গ্রন্থির অবস্থান যেখানে-,B,B,False,True,1.2791046489996916,B,
128,AFMC 2017-2018,রেটিনার কোন ধরনের কোষ থেকে অপটিক স্নায়ু তৈরী হয়?,D,D,False,True,1.6712282259995845,D,
696,DAT 2009-2010,নিম্নের কোনটি সঠিক নয়?,D,D,False,True,1.3527245150003182,D,
991,AFMC 2019-2020,মানবদেহে কোন ইউমিউনোগ্লোবিউলিন অনুপস্থিত?,A,A,False,True,1.2728820529996483,A,
816,MAT 2022-2023,মানবদেহে কোনটি লুপ্তপ্রায় অংগ?,B,D,False,False,1.5969006279997302,D,
372,MAT 2018-2019,কোনটি মানুষের পশ্চাৎ মস্তিষ্কের অংশ নয়?,D,D,False,True,1.2864671580000504,D,
522,MAT 2006-2007,স্বরতন্ত্রীর অবস্থান হচ্ছে-,D,D,False,True,1.227616899000168,D,
405,MAT 2017-2018,হেনলির লুপের অবস্থান বৃক্কের কোথায়?,A,A,False,True,1.5615016120000291,A,
412,MAT 2016-2017,ফিলোসফিকা জুওলজিক' গ্রন্থের রচয়িতা কে?,B,B,False,True,1.0170770080003422,B,
482,AFMC 2020-2021,"চিকিৎসাবিদ্যার কোন শাখায় স্থূলতার কারণ, প্রতিরোধ ও চিকিৎসা সম্বন্ধে আলোচনা করা হয়?",C,C,False,True,1.0523806680002963,C,
170,DAT 2024-2025,কোন গ্রন্থি আমিষ শোষণ নিয়ন্ত্রণ করে?,D,D,False,True,2.91036149699994,D,
836,DAT 2021-2022,আমাদের জাতীয় পাখির বৈজ্ঞানিক নাম কি?,B,B,False,True,1.8134576699999343,B,
78,AFMC 2019-2020,পেসমেকারে কোন ব্যাটারি ব্যবহৃত হয়?,A,A,False,True,1.0084957340000074,A,
966,MAT 2020-2021,ভ্রূণে লোহিত কণিকাসমূহ নিম্নের কোথায় তৈরি হয়?,AC,C,True,False,1.64207497399957,C,
83,AFMC 2019-2020,অত্যাবশ্যকীয় অ্যামিনো এসিড নয় কোনটি?,C,D,False,False,1.6724209829999381,D,
738,MAT 2015-2016,কোন ভিটামিন পানিতে দ্রবণীয়?,C,C,False,True,1.2436233360003826,C,
904,MAT 2024-2025,এনজিওপ্লাস্টি করলে কি হয়?,B,B,False,True,1.2413546630000383,B,
291,DAT 2019-2020,নিচের কোন গ্রন্থিটি ক্যালসিয়াম বিপাকে সহায়তা করে?,A,A,False,True,1.1951281100000415,A,
311,DAT 2018-2019,সিফিলিস রোগের জন্য দায়ী নিচের কোনটি?,A,A,False,True,1.8566061589999663,A,
849,MAT 2021-2022,কোন এনজাইম আমিষ পরিপাকে সাহায্য করে?,B,B,False,True,1.5672593879999113,B,
100,AFMC 2018-2019,নিচের কোন প্রাণীটি ত্রিস্তরী?,B,B,False,True,2.1676829540001563,B,
490,MAT 2002-2003,শোষিত খাদ্যবস্তুর প্রোটোপ্লাজমে রূপান্তরকে বলে-,C,C,False,True,2.375924410999687,C,
421,MAT 2016-2017,কোনটি ক্ষুদ্রান্ত্রের অংশ নয়?,C,C,False,True,1.7486665650003488,C,
835,DAT 2021-2022,কোনটি Live attenuated ভ্যাক্সিন?,A,A,False,True,1.253263796000283,A,
766,AFMC 2020-2021,সন্তান প্রসবে কোন হরমোন সাহায্য করে?,A,A,False,True,1.7649097819999042,A,
782,MAT 2017-2018,স্ত্রী রুইমাছ ডিম পাড়ে কখন?,C,C,False,True,1.6421388630001275,C,
935,DAT 2021-2022,কোনটি Live attenuated ভ্যাক্সিন?,A,A,False,True,1.9588826219996918,A,
982,AFMC 2019-2020,কত BMI কে স্বাভাবিক ওজন হিসেবে ধরা হয়?,C,C,False,True,1.7650783549997868,C,
548,MAT 2010-2011,মানুষের গ্লোমেরুলাসে পরিদ্রুত মূত্র ADH এর প্রভাব ছাড়া নিম্নের (%) কতভাগ পুনঃশোষণ প্রক্রিয়ায় নেফ্রনের প্রক্সিমাল প্যাঁচানো নালিকায় শোষিত হয়?,C,D,False,False,1.65759630499997,D,
339,DAT 2017-2018,মোলার দাঁতের কাজ কোনটি?,B,C,False,False,1.691036597999755,C,
197,AFMC 2021-2022,প্যানক্রিয়াসের আইলেটস অব ল্যাঙ্গার হ্যান্স এর কোন কোষ (Cells) থেকে ইনসুলিন নিঃসৃত হয়?,D,D,False,True,1.7001172010000118,D,
970,MAT 2020-2021,গ্রোথ হরমোন কোথায় তৈরি হয়?,D,D,False,True,2.4964841709997927,D,
354,DAT 2016-2017,সেরেব্রামের দুটি খণ্ডকে সংযোগকারী স্নায়ু গুচ্ছের নাম-,C,C,False,True,1.6741214740000032,C,
572,MAT 2009-2010,নিম্নের কোন অস্থিতে মজ্জা গহ্বর নাই?,D,C,False,False,1.2503414050001993,C,
94,AFMC 2019-2020,দেহের ভারসাম্য রক্ষা করে কোনটি?,B,B,False,True,2.402838750999763,B,
353,DAT 2016-2017,পাকস্থলিতে কোন করোটিক স্নায়ুর কার্যক্রম বিদ্যমান?,C,C,False,True,1.6855446250001478,C,
127,AFMC 2017-2018,মুখমন্ডলীয় অস্থিতে প্যালেটিন এর সংখ্যা কত?,B,B,False,True,1.6496684220001043,B,
202,AFMC 2021-2022,শ্বসনতন্ত্রের উৎপত্তি কোথা থেকে হয়?,A,A,False,True,1.264583082000172,A,
154,DAT 2024-2025,পূর্ণবয়স্ক সুস্থ মানুষের দু'টি ফুসফুসে আলভিওলাসের সংখ্যা কত?,D,C,False,False,1.2810085299997809,C,
990,AFMC 2019-2020,গ্রন্থিরাজ বলা হয় কোনটিকে?,C,B,False,False,1.6377237849997073,B,
257,MAT 2019-2020,আন্তঃকশেরুকা চাকতিতে কী ধরনের তরুণাস্থি পাওয়া যায়?,C,C,False,True,1.271627110999816,C,
101,AFMC 2018-2019,রক্তে গ্লুকোজের মাত্রা নিয়ন্ত্রণে কোন সংবহনতন্ত্রের ভূমিকা রয়েছে?,C,C,False,True,1.6046311730001435,C,
234,MAT 2019-2020,কোষের কোথায় ক্রেবস চক্র (Krebs cycle) সংঘটিত হয়?,C,C,False,True,1.5698855460000232,C,
996,DAT 2021-2022,কোন কোষ বিভাজন পদ্ধতিতে RBC তৈরি হয়?,B,B,False,True,1.7386525960000654,B,
848,MAT 2021-2022,কোনটি autosomal recessive disorder?,A,A,False,True,1.2049435130002166,A,
493,MAT 2011-2012,নিম্নের কোন অঙ্গে লোহিত কণিকা ধ্বংস হয়?,AB,AB,True,True,1.1918355739999242,"A,B",
802,MAT 2024-2025,কোন এন্টিবডি প্রধানত এলার্জির সাথে সংশ্লিষ্ট?,D,D,False,True,1.9745658929996353,D,
621,MAT 2009-2010,নিম্নের কোনটি হৃদপিন্ডের সংকোচনের শক্তিকে বাড়ায়?,C,C,False,True,1.883441683000001,C,
559,MAT 1990-1991,হিউমেরাস কোন অস্থিটিকে বলা হয়?,C,C,False,True,1.4157129639997947,C,
523,MAT 2006-2007,ব্রঙ্কিয়াল নালীগুলোর কোনটি সঠিক পর্যায়ক্রম?,B,D,False,False,1.6433588079999026,D,
789,MAT 2016-2017,প্রাপ্তবয়স্ক মানুষের মস্তিষ্কে নিউরনের সংখ্যা কত?,C,C,False,True,1.4995128549999208,C,
541,MAT 2003-2004,প্রতিটি বৃক্কে নেফ্রন থাকে-,C,C,False,True,0.9928494689997933,C,
792,MAT 2016-2017,"কনে হিমোফিলিয়া বাহক, বর সুস্থ, এদের সন্তানদের ক্ষেত্রে কোনটি মিথ্যা?",B,B,False,True,1.2533896390000336,B,
462,MAT 2014-2015,স্বাভাবিক মূত্রের বর্ণ হালকা হলুদ হয় কিসের উপস্থিতিতে?,B,B,False,True,1.2611037299998316,B,
907,MAT 2024-2025,পেসমেকারের কাজ কি?,D,D,False,True,1.3749852390001251,D,
225,MAT 2019-2020,মানবদেহের রক্তে কোন বাফার দ্রবণ (buffer solution) থাকে?,A,A,False,True,1.6598402079998777,A,
499,MAT 1988-1989,মানবদেহে রোগ প্রতিরোধক হিসাবে কাজ করে কোনটি?,B,B,False,True,2.0774924309998823,B,
504,MAT 2013-2014,হৃদপিন্ডের ডান অলিন্দ ও ডান নিলয়ের সংযোগ স্থলের কপাটিকার নাম-,B,B,False,True,1.9029573039997558,B,
656,MAT 2005-2006,নিচের কোনটি গ্যামিটোজেনেসিসের জন্য সঠিক নয়?,B,B,False,True,1.7152965179998318,B,
866,MAT 2020-2021,ভ্রূণে লোহিত কণিকাসমূহ নিম্নের কোথায় তৈরি হয়?,AC,C,True,False,1.6611297849999573,C,
492,MAT 2012-2013,রক্তের pH নির্ভর করে যার উপর-,B,B,False,True,1.8857286110001041,B,
273,DAT 2020-2021,ক্রোমাটোগ্রাফির (Chromatography) কয়টি পর্যায় (Phase) আছে?,A,A,False,True,1.54294045000006,A,
13,MAT 2024-2025,পেসমেকারের কাজ কি?,D,D,False,True,1.6338492529998803,D,
466,MAT 2014-2015,মোটর প্রকৃতির স্নায়ু কোনটি?,A,A,False,True,2.2610066689999258,A,
743,MAT 2015-2016,কোন চক্রের মাধ্যমে যকৃতে ইউরিয়া তৈরি হয়?,C,C,False,True,1.3444298959998378,C,
914,MAT 2022-2023,Mollusca এর ক্ষেত্রে কোনটি সঠিক?,B,B,False,True,1.7677037509997717,B,
833,DAT 2021-2022,কোনটি প্লাজমা প্রোটিন নয়?,A,A,False,True,1.2324188719999256,A,
316,DAT 2018-2019,নিচের কোনটি সমগোত্রীয় পাখির উদাহরণ নয়?,A,A,False,True,1.2086439820000123,A,
214,AFMC 2016-2017,কোন পর্বের প্রাণিদের Plannula লার্ভা দশা রয়েছে?,B,B,False,True,1.5332576219998373,B,
624,MAT 2008-2009,নিম্নে উল্লেখিত কোনটি থেকে টেস্টোস্টেরণ হরমোন নিঃসৃত হয়?,C,C,False,True,1.217804920999697,C,
512,DAT 2008-2009,নিম্ন প্রদত্ত কোন ধমনিটির উৎপত্তি এ্যাওর্টার বাঁক থেকে হয় না?,D,D,False,True,1.016073292999863,D,
217,AFMC 2016-2017,আইলেটস অব ল্যাঙ্গারহ্যানস এর কোষ নয় কোনটি?,D,D,False,True,1.4379867369998465,D,
581,DAT 2010-2011,কোন এনজাইম স্নায়ু উদ্দীপনা পরিবহনে গুরুত্বপূর্ণ ভূমিকা পালন করে?,A,A,False,True,1.3714334549999876,A,
51,MAT 2021-2022,কেঁচো কোন অঙ্গের মাধ্যমে শ্বাসপ্রশ্বাস নেয়?,C,C,False,True,0.9519743529999687,C,
918,MAT 2022-2023,মায়োফাইব্রিলে কি ধরনের আমিষ থাকে?,A,A,False,True,1.3798424790002173,A,
373,MAT 2018-2019,চোখের রেটিনার ভিতর সবচেয়ে আলোক সংবেদী অংশের নাম কী?,C,C,False,True,1.4416531719998602,C,
56,MAT 2021-2022,কোন পদ্ধতিতে কোভিড ১৯ ভ্যাক্সিন প্রস্তুত করা হয় না?,D,D,False,True,1.8087871430002451,D,
952,MAT 2020-2021,Alveolus থেকে অক্সিজেন রক্তে কিভাবে প্রবেশ করে?,D,D,False,True,1.668916832999912,D,
538,DAT 2004-2005,রেচনতন্ত্রের নিচের কোনটি ইউরেটার নামক নালি গঠন করে?,B,B,False,True,1.7225693609998416,B,
463,MAT 2014-2015,নিচের কোনটি ক্লাভিকলের বৈশিষ্ট্য?,A,A,False,True,1.8871674550000535,A,
774,MAT 2017-2018,মানব দেহে নিষেক প্রক্রিয়া কোথায় সংঘটিত হয়?,B,B,False,True,1.6646208530000877,B,
770,AFMC 2020-2021,কোনটি সেক্স লিংকড ডিসঅর্ডার নয়?,A,A,False,True,3.177172931000314,A,
125,MAT 2023-2024,কোন পর্বের প্রাণীতে র ্যাবডিটিফর্ম লার্ভা দশা দেখা যায়?,A,A,False,True,1.265104165000139,A,
594,MAT 2007-2008,নিম্নের কোনটি অগ্রমস্তিস্কের অংশ নয়?,B,B,False,True,1.6672208969998792,B,752,MAT 2014-2015,নিচের কোনটি ভ্রূণীয় এক্টোডার্ম স্তর থেকে তৈরি হয়?,C,C,False,True,1.766135623000082,C,
153,DAT 2024-2025,ট্রিপসিন জারকের জন্যে সঠিক কোনটি?,A,A,False,True,1.03171069300015,A,
901,MAT 2024-2025,কোন চক্রের মাধ্যমে যকৃতে ইউরিয়া তৈরী হয়?,B,B,False,True,1.69708582200019,B,
188,AFMC 2021-2022,কোন প্রক্রিয়ায় RNA হতে DNA তৈরি হয়?,A,A,False,True,2.2052457310001046,A,
57,MAT 2020-2021,কোনটি ভাইরাস বৃদ্ধিতে বাঁধা দেয়?,A,A,False,True,1.2961484889997337,A,
62,MAT 2020-2021,কোনটি আমিষ পরিপাককারী (digesting) এনজাইম?,B,B,False,True,1.3796192029999474,B,
446,MAT 2015-2016,মানুষের নবম জোড়া করোটিক স্নায়ুর নাম কী?,D,D,False,True,1.057671510000091,D,
545,MAT 1989-1990,বৃক্কে বিদ্যমান-,A,A,False,True,0.8442456560001119,A,
973,AFMC 2019-2020,দ্বিপদ নামকরণের জনক কে?,A,A,False,True,1.7870483159999822,A,
305,AFMC 2015-2016,অ্যানিমাল পোলের ক্ষেত্রে কোনটি সঠিক?,D,D,False,True,1.6005968270001176,D,
260,DAT 2020-2021,নিচের কোন হরমোনটি রক্তে সোডিয়ামের মাত্রা নিয়ন্ত্রণ করে?,B,B,False,True,2.329647946000023,B,
254,MAT 2019-2020,হাইড্রার কোন অংশে নিডোসাইট কোষ সবচেয়ে বেশি থাকে?,B,B,False,True,1.4708279309998034,B,
666,MAT 2004-2005,ইন্টারফেরনের কাজ নয় কোনটি?,C,C,False,True,3.48680479199993,C,
345,DAT 2017-2018,"মানব পিত্তরস সম্বন্ধে নিচের কোন তথ্যটি সঠিক, ইহা-",D,D,False,True,1.6986064640000222,D,
603,MAT 2001-2002,হার্ডেরিয়ান গ্রন্থির অবস্থান যেখানে-,B,B,False,True,1.2791046489996916,B,
128,AFMC 2017-2018,রেটিনার কোন ধরনের কোষ থেকে অপটিক স্নায়ু তৈরী হয়?,D,D,False,True,1.6712282259995845,D,
696,DAT 2009-2010,নিম্নের কোনটি সঠিক নয়?,D,D,False,True,1.3527245150003182,D,
991,AFMC 2019-2020,মানবদেহে কোন ইউমিউনোগ্লোবিউলিন অনুপস্থিত?,A,A,False,True,1.2728820529996483,A,
816,MAT 2022-2023,মানবদেহে কোনটি লুপ্তপ্রায় অংগ?,B,D,False,False,1.5969006279997302,D,
372,MAT 2018-2019,কোনটি মানুষের পশ্চাৎ মস্তিষ্কের অংশ নয়?,D,D,False,True,1.2864671580000504,D,
522,MAT 2006-2007,স্বরতন্ত্রীর অবস্থান হচ্ছে-,D,D,False,True,1.227616899000168,D,
405,MAT 2017-2018,হেনলির লুপের অবস্থান বৃক্কের কোথায়?,A,A,False,True,1.5615016120000291,A,
412,MAT 2016-2017,ফিলোসফিকা জুওলজিক' গ্রন্থের রচয়িতা কে?,B,B,False,True,1.0170770080003422,B,
482,AFMC 2020-2021,"চিকিৎসাবিদ্যার কোন শাখায় স্থূলতার কারণ, প্রতিরোধ ও চিকিৎসা সম্বন্ধে আলোচনা করা হয়?",C,C,False,True,1.0523806680002963,C,
170,DAT 2024-2025,কোন গ্রন্থি আমিষ শোষণ নিয়ন্ত্রণ করে?,D,D,False,True,2.91036149699994,D,
836,DAT 2021-2022,আমাদের জাতীয় পাখির বৈজ্ঞানিক নাম কি?,B,B,False,True,1.8134576699999343,B,
78,AFMC 2019-2020,পেসমেকারে কোন ব্যাটারি ব্যবহৃত হয়?,A,A,False,True,1.0084957340000074,A,
966,MAT 2020-2021,ভ্রূণে লোহিত কণিকাসমূহ নিম্নের কোথায় তৈরি হয়?,AC,C,True,False,1.64207497399957,C,
83,AFMC 2019-2020,অত্যাবশ্যকীয় অ্যামিনো এসিড নয় কোনটি?,C,D,False,False,1.6724209829999381,D,
738,MAT 2015-2016,কোন ভিটামিন পানিতে দ্রবণীয়?,C,C,False,True,1.2436233360003826,C,
904,MAT 2024-2025,এনজিওপ্লাস্টি করলে কি হয়?,B,B,False,True,1.2413546630000383,B,
291,DAT 2019-2020,নিচের কোন গ্রন্থিটি ক্যালসিয়াম বিপাকে সহায়তা করে?,A,A,False,True,1.1951281100000415,A,
311,DAT 2018-2019,সিফিলিস রোগের জন্য দায়ী নিচের কোনটি?,A,A,False,True,1.8566061589999663,A,
849,MAT 2021-2022,কোন এনজাইম আমিষ পরিপাকে সাহায্য করে?,B,B,False,True,1.5672593879999113,B,
100,AFMC 2018-2019,নিচের কোন প্রাণীটি ত্রিস্তরী?,B,B,False,True,2.1676829540001563,B,
490,MAT 2002-2003,শোষিত খাদ্যবস্তুর প্রোটোপ্লাজমে রূপান্তরকে বলে-,C,C,False,True,2.375924410999687,C,
421,MAT 2016-2017,কোনটি ক্ষুদ্রান্ত্রের অংশ নয়?,C,C,False,True,1.7486665650003488,C,
835,DAT 2021-2022,কোনটি Live attenuated ভ্যাক্সিন?,A,A,False,True,1.253263796000283,A,
766,AFMC 2020-2021,সন্তান প্রসবে কোন হরমোন সাহায্য করে?,A,A,False,True,1.7649097819999042,A,
782,MAT 2017-2018,স্ত্রী রুইমাছ ডিম পাড়ে কখন?,C,C,False,True,1.6421388630001275,C,
935,DAT 2021-2022,কোনটি Live attenuated ভ্যাক্সিন?,A,A,False,True,1.9588826219996918,A,
982,AFMC 2019-2020,কত BMI কে স্বাভাবিক ওজন হিসেবে ধরা হয়?,C,C,False,True,1.7650783549997868,C,
548,MAT 2010-2011,মানুষের গ্লোমেরুলাসে পরিদ্রুত মূত্র ADH এর প্রভাব ছাড়া নিম্নের (%) কতভাগ পুনঃশোষণ প্রক্রিয়ায় নেফ্রনের প্রক্সিমাল প্যাঁচানো নালিকায় শোষিত হয়?,C,D,False,False,1.65759630499997,D,
339,DAT 2017-2018,মোলার দাঁতের কাজ কোনটি?,B,C,False,False,1.691036597999755,C,
197,AFMC 2021-2022,প্যানক্রিয়াসের আইলেটস অব ল্যাঙ্গার হ্যান্স এর কোন কোষ (Cells) থেকে ইনসুলিন নিঃসৃত হয়?,D,D,False,True,1.7001172010000118,D,
970,MAT 2020-2021,গ্রোথ হরমোন কোথায় তৈরি হয়?,D,D,False,True,2.4964841709997927,D,
354,DAT 2016-2017,সেরেব্রামের দুটি খণ্ডকে সংযোগকারী স্নায়ু গুচ্ছের নাম-,C,C,False,True,1.6741214740000032,C,
572,MAT 2009-2010,নিম্নের কোন অস্থিতে মজ্জা গহ্বর নাই?,D,C,False,False,1.2503414050001993,C,
94,AFMC 2019-2020,দেহের ভারসাম্য রক্ষা করে কোনটি?,B,B,False,True,2.402838750999763,B,
353,DAT 2016-2017,পাকস্থলিতে কোন করোটিক স্নায়ুর কার্যক্রম বিদ্যমান?,C,C,False,True,1.6855446250001478,C,
127,AFMC 2017-2018,মুখমন্ডলীয় অস্থিতে প্যালেটিন এর সংখ্যা কত?,B,B,False,True,1.6496684220001043,B,
202,AFMC 2021-2022,শ্বসনতন্ত্রের উৎপত্তি কোথা থেকে হয়?,A,A,False,True,1.264583082000172,A,
154,DAT 2024-2025,পূর্ণবয়স্ক সুস্থ মানুষের দু'টি ফুসফুসে আলভিওলাসের সংখ্যা কত?,D,C,False,False,1.2810085299997809,C,
990,AFMC 2019-2020,গ্রন্থিরাজ বলা হয় কোনটিকে?,C,B,False,False,1.6377237849997073,B,
257,MAT 2019-2020,আন্তঃকশেরুকা চাকতিতে কী ধরনের তরুণাস্থি পাওয়া যায়?,C,C,False,True,1.271627110999816,C,
101,AFMC 2018-2019,রক্তে গ্লুকোজের মাত্রা নিয়ন্ত্রণে কোন সংবহনতন্ত্রের ভূমিকা রয়েছে?,C,C,False,True,1.6046311730001435,C,
234,MAT 2019-2020,কোষের কোথায় ক্রেবস চক্র (Krebs cycle) সংঘটিত হয়?,C,C,False,True,1.5698855460000232,C,
996,DAT 2021-2022,কোন কোষ বিভাজন পদ্ধতিতে RBC তৈরি হয়?,B,B,False,True,1.7386525960000654,B,
848,MAT 2021-2022,কোনটি autosomal recessive disorder?,A,A,False,True,1.2049435130002166,A,
493,MAT 2011-2012,নিম্নের কোন অঙ্গে লোহিত কণিকা ধ্বংস হয়?,AB,AB,True,True,1.1918355739999242,"A,B",
802,MAT 2024-2025,কোন এন্টিবডি প্রধানত এলার্জির সাথে সংশ্লিষ্ট?,D,D,False,True,1.9745658929996353,D,
621,MAT 2009-2010,নিম্নের কোনটি হৃদপিন্ডের সংকোচনের শক্তিকে বাড়ায়?,C,C,False,True,1.883441683000001,C,
559,MAT 1990-1991,হিউমেরাস কোন অস্থিটিকে বলা হয়?,C,C,False,True,1.4157129639997947,C,
523,MAT 2006-2007,ব্রঙ্কিয়াল নালীগুলোর কোনটি সঠিক পর্যায়ক্রম?,B,D,False,False,1.6433588079999026,D,
789,MAT 2016-2017,প্রাপ্তবয়স্ক মানুষের মস্তিষ্কে নিউরনের সংখ্যা কত?,C,C,False,True,1.4995128549999208,C,
541,MAT 2003-2004,প্রতিটি বৃক্কে নেফ্রন থাকে-,C,C,False,True,0.9928494689997933,C,
792,MAT 2016-2017,"কনে হিমোফিলিয়া বাহক, বর সুস্থ, এদের সন্তানদের ক্ষেত্রে কোনটি মিথ্যা?",B,B,False,True,1.2533896390000336,B,
462,MAT 2014-2015,স্বাভাবিক মূত্রের বর্ণ হালকা হলুদ হয় কিসের উপস্থিতিতে?,B,B,False,True,1.2611037299998316,B,
907,MAT 2024-2025,পেসমেকারের কাজ কি?,D,D,False,True,1.3749852390001251,D,
225,MAT 2019-2020,মানবদেহের রক্তে কোন বাফার দ্রবণ (buffer solution) থাকে?,A,A,False,True,1.6598402079998777,A,
499,MAT 1988-1989,মানবদেহে রোগ প্রতিরোধক হিসাবে কাজ করে কোনটি?,B,B,False,True,2.0774924309998823,B,
504,MAT 2013-2014,হৃদপিন্ডের ডান অলিন্দ ও ডান নিলয়ের সংযোগ স্থলের কপাটিকার নাম-,B,B,False,True,1.9029573039997558,B,
656,MAT 2005-2006,নিচের কোনটি গ্যামিটোজেনেসিসের জন্য সঠিক নয়?,B,B,False,True,1.7152965179998318,B,
866,MAT 2020-2021,ভ্রূণে লোহিত কণিকাসমূহ নিম্নের কোথায় তৈরি হয়?,AC,C,True,False,1.6611297849999573,C,
492,MAT 2012-2013,রক্তের pH নির্ভর করে যার উপর-,B,B,False,True,1.8857286110001041,B,
273,DAT 2020-2021,ক্রোমাটোগ্রাফির (Chromatography) কয়টি পর্যায় (Phase) আছে?,A,A,False,True,1.54294045000006,A,
13,MAT 2024-2025,পেসমেকারের কাজ কি?,D,D,False,True,1.6338492529998803,D,
466,MAT 2014-2015,মোটর প্রকৃতির স্নায়ু কোনটি?,A,A,False,True,2.2610066689999258,A,
743,MAT 2015-2016,কোন চক্রের মাধ্যমে যকৃতে ইউরিয়া তৈরি হয়?,C,C,False,True,1.3444298959998378,C,
914,MAT 2022-2023,Mollusca এর ক্ষেত্রে কোনটি সঠিক?,B,B,False,True,1.7677037509997717,B,
833,DAT 2021-2022,কোনটি প্লাজমা প্রোটিন নয়?,A,A,False,True,1.2324188719999256,A,
316,DAT 2018-2019,নিচের কোনটি সমগোত্রীয় পাখির উদাহরণ নয়?,A,A,False,True,1.2086439820000123,A,
214,AFMC 2016-2017,কোন পর্বের প্রাণিদের Plannula লার্ভা দশা রয়েছে?,B,B,False,True,1.5332576219998373,B,
624,MAT 2008-2009,নিম্নে উল্লেখিত কোনটি থেকে টেস্টোস্টেরণ হরমোন নিঃসৃত হয়?,C,C,False,True,1.217804920999697,C,
512,DAT 2008-2009,নিম্ন প্রদত্ত কোন ধমনিটির উৎপত্তি এ্যাওর্টার বাঁক থেকে হয় না?,D,D,False,True,1.016073292999863,D,
217,AFMC 2016-2017,আইলেটস অব ল্যাঙ্গারহ্যানস এর কোষ নয় কোনটি?,D,D,False,True,1.4379867369998465,D,
581,DAT 2010-2011,কোন এনজাইম স্নায়ু উদ্দীপনা পরিবহনে গুরুত্বপূর্ণ ভূমিকা পালন করে?,A,A,False,True,1.3714334549999876,A,
51,MAT 2021-2022,কেঁচো কোন অঙ্গের মাধ্যমে শ্বাসপ্রশ্বাস নেয়?,C,C,False,True,0.9519743529999687,C,
918,MAT 2022-2023,মায়োফাইব্রিলে কি ধরনের আমিষ থাকে?,A,A,False,True,1.3798424790002173,A,
373,MAT 2018-2019,চোখের রেটিনার ভিতর সবচেয়ে আলোক সংবেদী অংশের নাম কী?,C,C,False,True,1.4416531719998602,C,
56,MAT 2021-2022,কোন পদ্ধতিতে কোভিড ১৯ ভ্যাক্সিন প্রস্তুত করা হয় না?,D,D,False,True,1.8087871430002451,D,
952,MAT 2020-2021,Alveolus থেকে অক্সিজেন রক্তে কিভাবে প্রবেশ করে?,D,D,False,True,1.668916832999912,D,
538,DAT 2004-2005,রেচনতন্ত্রের নিচের কোনটি ইউরেটার নামক নালি গঠন করে?,B,B,False,True,1.7225693609998416,B,
463,MAT 2014-2015,নিচের কোনটি ক্লাভিকলের বৈশিষ্ট্য?,A,A,False,True,1.8871674550000535,A,
774,MAT 2017-2018,মানব দেহে নিষেক প্রক্রিয়া কোথায় সংঘটিত হয়?,B,B,False,True,1.6646208530000877,B,
770,AFMC 2020-2021,কোনটি সেক্স লিংকড ডিসঅর্ডার নয়?,A,A,False,True,3.177172931000314,A,
125,MAT 2023-2024,কোন পর্বের প্রাণীতে র ্যাবডিটিফর্ম লার্ভা দশা দেখা যায়?,A,A,False,True,1.265104165000139,A,
594,MAT 2007-2008,নিম্নের কোনটি অগ্রমস্তিস্কের অংশ নয়?,B,B,False,True,1.6672208969998792,B,752,MAT 2014-2015,নিচের কোনটি ভ্রূণীয় এক্টোডার্ম স্তর থেকে তৈরি হয়?,C,C,False,True,1.766135623000082,C,
153,DAT 2024-2025,ট্রিপসিন জারকের জন্যে সঠিক কোনটি?,A,A,False,True,1.03171069300015,A,
901,MAT 2024-2025,কোন চক্রের মাধ্যমে যকৃতে ইউরিয়া তৈরী হয়?,B,B,False,True,1.69708582200019,B,
188,AFMC 2021-2022,কোন প্রক্রিয়ায় RNA হতে DNA তৈরি হয়?,A,A,False,True,2.2052457310001046,A,
57,MAT 2020-2021,কোনটি ভাইরাস বৃদ্ধিতে বাঁধা দেয়?,A,A,False,True,1.2961484889997337,A,
62,MAT 2020-2021,কোনটি আমিষ পরিপাককারী (digesting) এনজাইম?,B,B,False,True,1.3796192029999474,B,
446,MAT 2015-2016,মানুষের নবম জোড়া করোটিক স্নায়ুর নাম কী?,D,D,False,True,1.057671510000091,D,
545,MAT 1989-1990,বৃক্কে বিদ্যমান-,A,A,False,True,0.8442456560001119,A,
973,AFMC 2019-2020,দ্বিপদ নামকরণের জনক কে?,A,A,False,True,1.7870483159999822,A,
305,AFMC 2015-2016,অ্যানিমাল পোলের ক্ষেত্রে কোনটি সঠিক?,D,D,False,True,1.6005968270001176,D,
260,DAT 2020-2021,নিচের কোন হরমোনটি রক্তে সোডিয়ামের মাত্রা নিয়ন্ত্রণ করে?,B,B,False,True,2.329647946000023,B,
254,MAT 2019-2020,হাইড্রার কোন অংশে নিডোসাইট কোষ সবচেয়ে বেশি থাকে?,B,B,False,True,1.4708279309998034,B,
666,MAT 2004-2005,ইন্টারফেরনের কাজ নয় কোনটি?,C,C,False,True,3.48680479199993,C,
345,DAT 2017-2018,"মানব পিত্তরস সম্বন্ধে নিচের কোন তথ্যটি সঠিক, ইহা-",D,D,False,True,1.6986064640000222,D,
603,MAT 2001-2002,হার্ডেরিয়ান গ্রন্থির অবস্থান যেখানে-,B,B,False,True,1.2791046489996916,B,
128,AFMC 2017-2018,রেটিনার কোন ধরনের কোষ থেকে অপটিক স্নায়ু তৈরী হয়?,D,D,False,True,1.6712282259995845,D,
696,DAT 2009-2010,নিম্নের কোনটি সঠিক নয়?,D,D,False,True,1.3527245150003182,D,
991,AFMC 2019-2020,মানবদেহে কোন ইউমিউনোগ্লোবিউলিন অনুপস্থিত?,A,A,False,True,1.2728820529996483,A,
816,MAT 2022-2023,মানবদেহে কোনটি লুপ্তপ্রায় অংগ?,B,D,False,False,1.5969006279997302,D,
372,MAT 2018-2019,কোনটি মানুষের পশ্চাৎ মস্তিষ্কের অংশ নয়?,D,D,False,True,1.2864671580000504,D,
522,MAT 2006-2007,স্বরতন্ত্রীর অবস্থান হচ্ছে-,D,D,False,True,1.227616899000168,D,
405,MAT 2017-2018,হেনলির লুপের অবস্থান বৃক্কের কোথায়?,A,A,False,True,1.5615016120000291,A,
412,MAT 2016-2017,ফিলোসফিকা জুওলজিক' গ্রন্থের রচয়িতা কে?,B,B,False,True,1.0170770080003422,B,
482,AFMC 2020-2021,"চিকিৎসাবিদ্যার কোন শাখায় স্থূলতার কারণ, প্রতিরোধ ও চিকিৎসা সম্বন্ধে আলোচনা করা হয়?",C,C,False,True,1.0523806680002963,C,
170,DAT 2024-2025,কোন গ্রন্থি আমিষ শোষণ নিয়ন্ত্রণ করে?,D,D,False,True,2.91036149699994,D,
836,DAT 2021-2022,আমাদের জাতীয় পাখির বৈজ্ঞানিক নাম কি?,B,B,False,True,1.8134576699999343,B,
78,AFMC 2019-2020,পেসমেকারে কোন ব্যাটারি ব্যবহৃত হয়?,A,A,False,True,1.0084957340000074,A,
966,MAT 2020-2021,ভ্রূণে লোহিত কণিকাসমূহ নিম্নের কোথায় তৈরি হয়?,AC,C,True,False,1.64207497399957,C,
83,AFMC 2019-2020,অত্যাবশ্যকীয় অ্যামিনো এসিড নয় কোনটি?,C,D,False,False,1.6724209829999381,D,
738,MAT 2015-2016,কোন ভিটামিন পানিতে দ্রবণীয়?,C,C,False,True,1.2436233360003826,C,
904,MAT 2024-2025,এনজিওপ্লাস্টি করলে কি হয়?,B,B,False,True,1.2413546630000383,B,
291,DAT 2019-2020,নিচের কোন গ্রন্থিটি ক্যালসিয়াম বিপাকে সহায়তা করে?,A,A,False,True,1.1951281100000415,A,
311,DAT 2018-2019,সিফিলিস রোগের জন্য দায়ী নিচের কোনটি?,A,A,False,True,1.8566061589999663,A,
849,MAT 2021-2022,কোন এনজাইম আমিষ পরিপাকে সাহায্য করে?,B,B,False,True,1.5672593879999113,B,
100,AFMC 2018-2019,নিচের কোন প্রাণীটি ত্রিস্তরী?,B,B,False,True,2.1676829540001563,B,
490,MAT 2002-2003,শোষিত খাদ্যবস্তুর প্রোটোপ্লাজমে রূপান্তরকে বলে-,C,C,False,True,2.375924410999687,C,
421,MAT 2016-2017,কোনটি ক্ষুদ্রান্ত্রের অংশ নয়?,C,C,False,True,1.7486665650003488,C,
835,DAT 2021-2022,কোনটি Live attenuated ভ্যাক্সিন?,A,A,False,True,1.253263796000283,A,
766,AFMC 2020-2021,সন্তান প্রসবে কোন হরমোন সাহায্য করে?,A,A,False,True,1.7649097819999042,A,
782,MAT 2017-2018,স্ত্রী রুইমাছ ডিম পাড়ে কখন?,C,C,False,True,1.6421388630001275,C,
935,DAT 2021-2022,কোনটি Live attenuated ভ্যাক্সিন?,A,A,False,True,1.9588826219996918,A,
982,AFMC 2019-2020,কত BMI কে স্বাভাবিক ওজন হিসেবে ধরা হয়?,C,C,False,True,1.7650783549997868,C,
548,MAT 2010-2011,মানুষের গ্লোমেরুলাসে পরিদ্রুত মূত্র ADH এর প্রভাব ছাড়া নিম্নের (%) কতভাগ পুনঃশোষণ প্রক্রিয়ায় নেফ্রনের প্রক্সিমাল প্যাঁচানো নালিকায় শোষিত হয়?,C,D,False,False,1.65759630499997,D,
339,DAT 2017-2018,মোলার দাঁতের কাজ কোনটি?,B,C,False,False,1.691036597999755,C,
197,AFMC 2021-2022,প্যানক্রিয়াসের আইলেটস অব ল্যাঙ্গার হ্যান্স এর কোন কোষ (Cells) থেকে ইনসুলিন নিঃসৃত হয়?,D,D,False,True,1.7001172010000118,D,
970,MAT 2020-2021,গ্রোথ হরমোন কোথায় তৈরি হয়?,D,D,False,True,2.4964841709997927,D,
354,DAT 2016-2017,সেরেব্রামের দুটি খণ্ডকে সংযোগকারী স্নায়ু গুচ্ছের নাম-,C,C,False,True,1.6741214740000032,C,
572,MAT 2009-2010,নিম্নের কোন অস্থিতে মজ্জা গহ্বর নাই?,D,C,False,False,1.2503414050001993,C,
94,AFMC 2019-2020,দেহের ভারসাম্য রক্ষা করে কোনটি?,B,B,False,True,2.402838750999763,B,
353,DAT 2016-2017,পাকস্থলিতে কোন করোটিক স্নায়ুর কার্যক্রম বিদ্যমান?,C,C,False,True,1.6855446250001478,C,
127,AFMC 2017-2018,মুখমন্ডলীয় অস্থিতে প্যালেটিন এর সংখ্যা কত?,B,B,False,True,1.6496684220001043,B,
202,AFMC 2021-2022,শ্বসনতন্ত্রের উৎপত্তি কোথা থেকে হয়?,A,A,False,True,1.264583082000172,A,
154,DAT 2024-2025,পূর্ণবয়স্ক সুস্থ মানুষের দু'টি ফুসফুসে আলভিওলাসের সংখ্যা কত?,D,C,False,False,1.2810085299997809,C,
990,AFMC 2019-2020,গ্রন্থিরাজ বলা হয় কোনটিকে?,C,B,False,False,1.6377237849997073,B,
257,MAT 2019-2020,আন্তঃকশেরুকা চাকতিতে কী ধরনের তরুণাস্থি পাওয়া যায়?,C,C,False,True,1.271627110999816,C,
101,AFMC 2018-2019,রক্তে গ্লুকোজের মাত্রা নিয়ন্ত্রণে কোন সংবহনতন্ত্রের ভূমিকা রয়েছে?,C,C,False,True,1.6046311730001435,C,
234,MAT 2019-2020,কোষের কোথায় ক্রেবস চক্র (Krebs cycle) সংঘটিত হয়?,C,C,False,True,1.5698855460000232,C,
996,DAT 2021-2022,কোন কোষ বিভাজন পদ্ধতিতে RBC তৈরি হয়?,B,B,False,True,1.7386525960000654,B,
848,MAT 2021-2022,কোনটি autosomal recessive disorder?,A,A,False,True,1.2049435130002166,A,
493,MAT 2011-2012,নিম্নের কোন অঙ্গে লোহিত কণিকা ধ্বংস হয়?,AB,AB,True,True,1.1918355739999242,"A,B",
802,MAT 2024-2025,কোন এন্টিবডি প্রধানত এলার্জির সাথে সংশ্লিষ্ট?,D,D,False,True,1.9745658929996353,D,
621,MAT 2009-2010,নিম্নের কোনটি হৃদপিন্ডের সংকোচনের শক্তিকে বাড়ায়?,C,C,False,True,1.883441683000001,C,
559,MAT 1990-1991,হিউমেরাস কোন অস্থিটিকে বলা হয়?,C,C,False,True,1.4157129639997947,C,
523,MAT 2006-2007,ব্রঙ্কিয়াল নালীগুলোর কোনটি সঠিক পর্যায়ক্রম?,B,D,False,False,1.6433588079999026,D,
789,MAT 2016-2017,প্রাপ্তবয়স্ক মানুষের মস্তিষ্কে নিউরনের সংখ্যা কত?,C,C,False,True,1.4995128549999208,C,
541,MAT 2003-2004,প্রতিটি বৃক্কে নেফ্রন থাকে-,C,C,False,True,0.9928494689997933,C,
792,MAT 2016-2017,"কনে হিমোফিলিয়া বাহক, বর সুস্থ, এদের সন্তানদের ক্ষেত্রে কোনটি মিথ্যা?",B,B,False,True,1.2533896390000336,B,
462,MAT 2014-2015,স্বাভাবিক মূত্রের বর্ণ হালকা হলুদ হয় কিসের উপস্থিতিতে?,B,B,False,True,1.2611037299998316,B,
907,MAT 2024-2025,পেসমেকারের কাজ কি?,D,D,False,True,1.3749852390001251,D,
225,MAT 2019-2020,মানবদেহের রক্তে কোন বাফার দ্রবণ (buffer solution) থাকে?,A,A,False,True,1.6598402079998777,A,
499,MAT 1988-1989,মানবদেহে রোগ প্রতিরোধক হিসাবে কাজ করে কোনটি?,B,B,False,True,2.0774924309998823,B,
504,MAT 2013-2014,হৃদপিন্ডের ডান অলিন্দ ও ডান নিলয়ের সংযোগ স্থলের কপাটিকার নাম-,B,B,False,True,1.9029573039997558,B,
656,MAT 2005-2006,নিচের কোনটি গ্যামিটোজেনেসিসের জন্য সঠিক নয়?,B,B,False,True,1.7152965179998318,B,
866,MAT 2020-2021,ভ্রূণে লোহিত কণিকাসমূহ নিম্নের কোথায় তৈরি হয়?,AC,C,True,False,1.6611297849999573,C,
492,MAT 2012-2013,রক্তের pH নির্ভর করে যার উপর-,B,B,False,True,1.8857286110001041,B,
273,DAT 2020-2021,ক্রোমাটোগ্রাফির (Chromatography) কয়টি পর্যায় (Phase) আছে?,A,A,False,True,1.54294045000006,A,
13,MAT 2024-2025,পেসমেকারের কাজ কি?,D,D,False,True,1.6338492529998803,D,
466,MAT 2014-2015,মোটর প্রকৃতির স্নায়ু কোনটি?,A,A,False,True,2.2610066689999258,A,
743,MAT 2015-2016,কোন চক্রের মাধ্যমে যকৃতে ইউরিয়া তৈরি হয়?,C,C,False,True,1.3444298959998378,C,
914,MAT 2022-2023,Mollusca এর ক্ষেত্রে কোনটি সঠিক?,B,B,False,True,1.7677037509997717,B,
833,DAT 2021-2022,কোনটি প্লাজমা প্রোটিন নয়?,A,A,False,True,1.2324188719999256,A,
316,DAT 2018-2019,নিচের কোনটি সমগোত্রীয় পাখির উদাহরণ নয়?,A,A,False,True,1.2086439820000123,A,
214,AFMC 2016-2017,কোন পর্বের প্রাণিদের Plannula লার্ভা দশা রয়েছে?,B,B,False,True,1.5332576219998373,B,
624,MAT 2008-2009,নিম্নে উল্লেখিত কোনটি থেকে টেস্টোস্টেরণ হরমোন নিঃসৃত হয়?,C,C,False,True,1.217804920999697,C,
512,DAT 2008-2009,নিম্ন প্রদত্ত কোন ধমনিটির উৎপত্তি এ্যাওর্টার বাঁক থেকে হয় না?,D,D,False,True,1.016073292999863,D,
217,AFMC 2016-2017,আইলেটস অব ল্যাঙ্গারহ্যানস এর কোষ নয় কোনটি?,D,D,False,True,1.4379867369998465,D,
581,DAT 2010-2011,কোন এনজাইম স্নায়ু উদ্দীপনা পরিবহনে গুরুত্বপূর্ণ ভূমিকা পালন করে?,A,A,False,True,1.3714334549999876,A,
51,MAT 2021-2022,কেঁচো কোন অঙ্গের মাধ্যমে শ্বাসপ্রশ্বাস নেয়?,C,C,False,True,0.9519743529999687,C,
918,MAT 2022-2023,মায়োফাইব্রিলে কি ধরনের আমিষ থাকে?,A,A,False,True,1.3798424790002173,A,
373,MAT 2018-2019,চোখের রেটিনার ভিতর সবচেয়ে আলোক সংবেদী অংশের নাম কী?,C,C,False,True,1.4416531719998602,C,
56,MAT 2021-2022,কোন পদ্ধতিতে কোভিড ১৯ ভ্যাক্সিন প্রস্তুত করা হয় না?,D,D,False,True,1.8087871430002451,D,
952,MAT 2020-2021,Alveolus থেকে অক্সিজেন রক্তে কিভাবে প্রবেশ করে?,D,D,False,True,1.668916832999912,D,
538,DAT 2004-2005,রেচনতন্ত্রের নিচের কোনটি ইউরেটার নামক নালি গঠন করে?,B,B,False,True,1.7225693609998416,B,
463,MAT 2014-2015,নিচের কোনটি ক্লাভিকলের বৈশিষ্ট্য?,A,A,False,True,1.8871674550000535,A,
774,MAT 2017-2018,মানব দেহে নিষেক প্রক্রিয়া কোথায় সংঘটিত হয়?,B,B,False,True,1.6646208530000877,B,
770,AFMC 2020-2021,কোনটি সেক্স লিংকড ডিসঅর্ডার নয়?,A,A,False,True,3.177172931000314,A,
125,MAT 2023-2024,কোন পর্বের প্রাণীতে র ্যাবডিটিফর্ম লার্ভা দশা দেখা যায়?,A,A,False,True,1.265104165000139,A,
594,MAT 2007-2008,নিম্নের কোনটি অগ্রমস্তিস্কের অংশ নয়?,B,B,False,True,1.6672208969998792,B,752,MAT 2014-2015,নিচের কোনটি ভ্রূণীয় এক্টোডার্ম স্তর থেকে তৈরি হয়?,C,C,False,True,1.766135623000082,C,
153,DAT 2024-2025,ট্রিপসিন জারকের জন্যে সঠিক কোনটি?,A,A,False,True,1.03171069300015,A,
901,MAT 2024-2025,কোন চক্রের মাধ্যমে যকৃতে ইউরিয়া তৈরী হয়?,B,B,False,True,1.69708582200019,B,
188,AFMC 2021-2022,কোন প্রক্রিয়ায় RNA হতে DNA তৈরি হয়?,A,A,False,True,2.2052457310001046,A,
57,MAT 2020-2021,কোনটি ভাইরাস বৃদ্ধিতে বাঁধা দেয়?,A,A,False,True,1.2961484889997337,A,
62,MAT 2020-2021,কোনটি আমিষ পরিপাককারী (digesting) এনজাইম?,B,B,False,True,1.3796192029999474,B,
446,MAT 2015-2016,মানুষের নবম জোড়া করোটিক স্নায়ুর নাম কী?,D,D,False,True,1.057671510000091,D,
545,MAT 1989-1990,বৃক্কে বিদ্যমান-,A,A,False,True,0.8442456560001119,A,
973,AFMC 2019-2020,দ্বিপদ নামকরণের জনক কে?,A,A,False,True,1.7870483159999822,A,
305,AFMC 2015-2016,অ্যানিমাল পোলের ক্ষেত্রে কোনটি সঠিক?,D,D,False,True,1.6005968270001176,D,
260,DAT 2020-2021,নিচের কোন হরমোনটি রক্তে সোডিয়ামের মাত্রা নিয়ন্ত্রণ করে?,B,B,False,True,2.329647946000023,B,
254,MAT 2019-2020,হাইড্রার কোন অংশে নিডোসাইট কোষ সবচেয়ে বেশি থাকে?,B,B,False,True,1.4708279309998034,B,
666,MAT 2004-2005,ইন্টারফেরনের কাজ নয় কোনটি?,C,C,False,True,3.48680479199993,C,
345,DAT 2017-2018,"মানব পিত্তরস সম্বন্ধে নিচের কোন তথ্যটি সঠিক, ইহা-",D,D,False,True,1.6986064640000222,D,
603,MAT 2001-2002,হার্ডেরিয়ান গ্রন্থির অবস্থান যেখানে-,B,B,False,True,1.2791046489996916,B,
128,AFMC 2017-2018,রেটিনার কোন ধরনের কোষ থেকে অপটিক স্নায়ু তৈরী হয়?,D,D,False,True,1.6712282259995845,D,
696,DAT 2009-2010,নিম্নের কোনটি সঠিক নয়?,D,D,False,True,1.3527245150003182,D,
991,AFMC 2019-2020,মানবদেহে কোন ইউমিউনোগ্লোবিউলিন অনুপস্থিত?,A,A,False,True,1.2728820529996483,A,
816,MAT 2022-2023,মানবদেহে কোনটি লুপ্তপ্রায় অংগ?,B,D,False,False,1.5969006279997302,D,
372,MAT 2018-2019,কোনটি মানুষের পশ্চাৎ মস্তিষ্কের অংশ নয়?,D,D,False,True,1.2864671580000504,D,
522,MAT 2006-2007,স্বরতন্ত্রীর অবস্থান হচ্ছে-,D,D,False,True,1.227616899000168,D,
405,MAT 2017-2018,হেনলির লুপের অবস্থান বৃক্কের কোথায়?,A,A,False,True,1.5615016120000291,A,
412,MAT 2016-2017,ফিলোসফিকা জুওলজিক' গ্রন্থের রচয়িতা কে?,B,B,False,True,1.0170770080003422,B,
482,AFMC 2020-2021,"চিকিৎসাবিদ্যার কোন শাখায় স্থূলতার কারণ, প্রতিরোধ ও চিকিৎসা সম্বন্ধে আলোচনা করা হয়?",C,C,False,True,1.0523806680002963,C,
170,DAT 2024-2025,কোন গ্রন্থি আমিষ শোষণ নিয়ন্ত্রণ করে?,D,D,False,True,2.91036149699994,D,
836,DAT 2021-2022,আমাদের জাতীয় পাখির বৈজ্ঞানিক নাম কি?,B,B,False,True,1.8134576699999343,B,
78,AFMC 2019-2020,পেসমেকারে কোন ব্যাটারি ব্যবহৃত হয়?,A,A,False,True,1.0084957340000074,A,
966,MAT 2020-2021,ভ্রূণে লোহিত কণিকাসমূহ নিম্নের কোথায় তৈরি হয়?,AC,C,True,False,1.64207497399957,C,
83,AFMC 2019-2020,অত্যাবশ্যকীয় অ্যামিনো এসিড নয় কোনটি?,C,D,False,False,1.6724209829999381,D,
738,MAT 2015-2016,কোন ভিটামিন পানিতে দ্রবণীয়?,C,C,False,True,1.2436233360003826,C,
904,MAT 2024-2025,এনজিওপ্লাস্টি করলে কি হয়?,B,B,False,True,1.2413546630000383,B,
291,DAT 2019-2020,নিচের কোন গ্রন্থিটি ক্যালসিয়াম বিপাকে সহায়তা করে?,A,A,False,True,1.1951281100000415,A,
311,DAT 2018-2019,সিফিলিস রোগের জন্য দায়ী নিচের কোনটি?,A,A,False,True,1.8566061589999663,A,
849,MAT 2021-2022,কোন এনজাইম আমিষ পরিপাকে সাহায্য করে?,B,B,False,True,1.5672593879999113,B,
100,AFMC 2018-2019,নিচের কোন প্রাণীটি ত্রিস্তরী?,B,B,False,True,2.1676829540001563,B,
490,MAT 2002-2003,শোষিত খাদ্যবস্তুর প্রোটোপ্লাজমে রূপান্তরকে বলে-,C,C,False,True,2.375924410999687,C,
421,MAT 2016-2017,কোনটি ক্ষুদ্রান্ত্রের অংশ নয়?,C,C,False,True,1.7486665650003488,C,
835,DAT 2021-2022,কোনটি Live attenuated ভ্যাক্সিন?,A,A,False,True,1.253263796000283,A,
766,AFMC 2020-2021,সন্তান প্রসবে কোন হরমোন সাহায্য করে?,A,A,False,True,1.7649097819999042,A,
782,MAT 2017-2018,স্ত্রী রুইমাছ ডিম পাড়ে কখন?,C,C,False,True,1.6421388630001275,C,
935,DAT 2021-2022,কোনটি Live attenuated ভ্যাক্সিন?,A,A,False,True,1.9588826219996918,A,
982,AFMC 2019-2020,কত BMI কে স্বাভাবিক ওজন হিসেবে ধরা হয়?,C,C,False,True,1.7650783549997868,C,
548,MAT 2010-2011,মানুষের গ্লোমেরুলাসে পরিদ্রুত মূত্র ADH এর প্রভাব ছাড়া নিম্নের (%) কতভাগ পুনঃশোষণ প্রক্রিয়ায় নেফ্রনের প্রক্সিমাল প্যাঁচানো নালিকায় শোষিত হয়?,C,D,False,False,1.65759630499997,D,
339,DAT 2017-2018,মোলার দাঁতের কাজ কোনটি?,B,C,False,False,1.691036597999755,C,
197,AFMC 2021-2022,প্যানক্রিয়াসের আইলেটস অব ল্যাঙ্গার হ্যান্স এর কোন কোষ (Cells) থেকে ইনসুলিন নিঃসৃত হয়?,D,D,False,True,1.7001172010000118,D,
970,MAT 2020-2021,গ্রোথ হরমোন কোথায় তৈরি হয়?,D,D,False,True,2.4964841709997927,D,
354,DAT 2016-2017,সেরেব্রামের দুটি খণ্ডকে সংযোগকারী স্নায়ু গুচ্ছের নাম-,C,C,False,True,1.6741214740000032,C,
572,MAT 2009-2010,নিম্নের কোন অস্থিতে মজ্জা গহ্বর নাই?,D,C,False,False,1.2503414050001993,C,
94,AFMC 2019-2020,দেহের ভারসাম্য রক্ষা করে কোনটি?,B,B,False,True,2.402838750999763,B,
353,DAT 2016-2017,পাকস্থলিতে কোন করোটিক স্নায়ুর কার্যক্রম বিদ্যমান?,C,C,False,True,1.6855446250001478,C,
127,AFMC 2017-2018,মুখমন্ডলীয় অস্থিতে প্যালেটিন এর সংখ্যা কত?,B,B,False,True,1.6496684220001043,B,
202,AFMC 2021-2022,শ্বসনতন্ত্রের উৎপত্তি কোথা থেকে হয়?,A,A,False,True,1.264583082000172,A,
154,DAT 2024-2025,পূর্ণবয়স্ক সুস্থ মানুষের দু'টি ফুসফুসে আলভিওলাসের সংখ্যা কত?,D,C,False,False,1.2810085299997809,C,
990,AFMC 2019-2020,গ্রন্থিরাজ বলা হয় কোনটিকে?,C,B,False,False,1.6377237849997073,B,
257,MAT 2019-2020,আন্তঃকশেরুকা চাকতিতে কী ধরনের তরুণাস্থি পাওয়া যায়?,C,C,False,True,1.271627110999816,C,
101,AFMC 2018-2019,রক্তে গ্লুকোজের মাত্রা নিয়ন্ত্রণে কোন সংবহনতন্ত্রের ভূমিকা রয়েছে?,C,C,False,True,1.6046311730001435,C,
234,MAT 2019-2020,কোষের কোথায় ক্রেবস চক্র (Krebs cycle) সংঘটিত হয়?,C,C,False,True,1.5698855460000232,C,
996,DAT 2021-2022,কোন কোষ বিভাজন পদ্ধতিতে RBC তৈরি হয়?,B,B,False,True,1.7386525960000654,B,
848,MAT 2021-2022,কোনটি autosomal recessive disorder?,A,A,False,True,1.2049435130002166,A,
493,MAT 2011-2012,নিম্নের কোন অঙ্গে লোহিত কণিকা ধ্বংস হয়?,AB,AB,True,True,1.1918355739999242,"A,B",
802,MAT 2024-2025,কোন এন্টিবডি প্রধানত এলার্জির সাথে সংশ্লিষ্ট?,D,D,False,True,1.9745658929996353,D,
621,MAT 2009-2010,নিম্নের কোনটি হৃদপিন্ডের সংকোচনের শক্তিকে বাড়ায়?,C,C,False,True,1.883441683000001,C,
559,MAT 1990-1991,হিউমেরাস কোন অস্থিটিকে বলা হয়?,C,C,False,True,1.4157129639997947,C,
523,MAT 2006-2007,ব্রঙ্কিয়াল নালীগুলোর কোনটি সঠিক পর্যায়ক্রম?,B,D,False,False,1.6433588079999026,D,
789,MAT 2016-2017,প্রাপ্তবয়স্ক মানুষের মস্তিষ্কে নিউরনের সংখ্যা কত?,C,C,False,True,1.4995128549999208,C,
541,MAT 2003-2004,প্রতিটি বৃক্কে নেফ্রন থাকে-,C,C,False,True,0.9928494689997933,C,
792,MAT 2016-2017,"কনে হিমোফিলিয়া বাহক, বর সুস্থ, এদের সন্তানদের ক্ষেত্রে কোনটি মিথ্যা?",B,B,False,True,1.2533896390000336,B,
462,MAT 2014-2015,স্বাভাবিক মূত্রের বর্ণ হালকা হলুদ হয় কিসের উপস্থিতিতে?,B,B,False,True,1.2611037299998316,B,
907,MAT 2024-2025,পেসমেকারের কাজ কি?,D,D,False,True,1.3749852390001251,D,
225,MAT 2019-2020,মানবদেহের রক্তে কোন বাফার দ্রবণ (buffer solution) থাকে?,A,A,False,True,1.6598402079998777,A,
499,MAT 1988-1989,মানবদেহে রোগ প্রতিরোধক হিসাবে কাজ করে কোনটি?,B,B,False,True,2.0774924309998823,B,
504,MAT 2013-2014,হৃদপিন্ডের ডান অলিন্দ ও ডান নিলয়ের সংযোগ স্থলের কপাটিকার নাম-,B,B,False,True,1.9029573039997558,B,
656,MAT 2005-2006,নিচের কোনটি গ্যামিটোজেনেসিসের জন্য সঠিক নয়?,B,B,False,True,1.7152965179998318,B,
866,MAT 2020-2021,ভ্রূণে লোহিত কণিকাসমূহ নিম্নের কোথায় তৈরি হয়?,AC,C,True,False,1.6611297849999573,C,
492,MAT 2012-2013,রক্তের pH নির্ভর করে যার উপর-,B,B,False,True,1.8857286110001041,B,
273,DAT 2020-2021,ক্রোমাটোগ্রাফির (Chromatography) কয়টি পর্যায় (Phase) আছে?,A,A,False,True,1.54294045000006,A,
13,MAT 2024-2025,পেসমেকারের কাজ কি?,D,D,False,True,1.6338492529998803,D,
466,MAT 2014-2015,মোটর প্রকৃতির স্নায়ু কোনটি?,A,A,False,True,2.2610066689999258,A,
743,MAT 2015-2016,কোন চক্রের মাধ্যমে যকৃতে ইউরিয়া তৈরি হয়?,C,C,False,True,1.3444298959998378,C,
914,MAT 2022-2023,Mollusca এর ক্ষেত্রে কোনটি সঠিক?,B,B,False,True,1.7677037509997717,B,
833,DAT 2021-2022,কোনটি প্লাজমা প্রোটিন নয়?,A,A,False,True,1.2324188719999256,A,
316,DAT 2018-2019,নিচের কোনটি সমগোত্রীয় পাখির উদাহরণ নয়?,A,A,False,True,1.2086439820000123,A,
214,AFMC 2016-2017,কোন পর্বের প্রাণিদের Plannula লার্ভা দশা রয়েছে?,B,B,False,True,1.5332576219998373,B,
624,MAT 2008-2009,নিম্নে উল্লেখিত কোনটি থেকে টেস্টোস্টেরণ হরমোন নিঃসৃত হয়?,C,C,False,True,1.217804920999697,C,
512,DAT 2008-2009,নিম্ন প্রদত্ত কোন ধমনিটির উৎপত্তি এ্যাওর্টার বাঁক থেকে হয় না?,D,D,False,True,1.016073292999863,D,
217,AFMC 2016-2017,আইলেটস অব ল্যাঙ্গারহ্যানস এর কোষ নয় কোনটি?,D,D,False,True,1.4379867369998465,D,
581,DAT 2010-2011,কোন এনজাইম স্নায়ু উদ্দীপনা পরিবহনে গুরুত্বপূর্ণ ভূমিকা পালন করে?,A,A,False,True,1.3714334549999876,A,
51,MAT 2021-2022,কেঁচো কোন অঙ্গের মাধ্যমে শ্বাসপ্রশ্বাস নেয়?,C,C,False,True,0.9519743529999687,C,
918,MAT 2022-2023,মায়োফাইব্রিলে কি ধরনের আমিষ থাকে?,A,A,False,True,1.3798424790002173,A,
373,MAT 2018-2019,চোখের রেটিনার ভিতর সবচেয়ে আলোক সংবেদী অংশের নাম কী?,C,C,False,True,1.4416531719998602,C,
56,MAT 2021-2022,কোন পদ্ধতিতে কোভিড ১৯ ভ্যাক্সিন প্রস্তুত করা হয় না?,D,D,False,True,1.8087871430002451,D,
952,MAT 2020-2021,Alveolus থেকে অক্সিজেন রক্তে কিভাবে প্রবেশ করে?,D,D,False,True,1.668916832999912,D,
538,DAT 2004-2005,রেচনতন্ত্রের নিচের কোনটি ইউরেটার নামক নালি গঠন করে?,B,B,False,True,1.7225693609998416,B,
463,MAT 2014-2015,নিচের কোনটি ক্লাভিকলের বৈশিষ্ট্য?,A,A,False,True,1.8871674550000535,A,
774,MAT 2017-2018,মানব দেহে নিষেক প্রক্রিয়া কোথায় সংঘটিত হয়?,B,B,False,True,1.6646208530000877,B,
770,AFMC 2020-2021,কোনটি সেক্স লিংকড ডিসঅর্ডার নয়?,A,A,False,True,3.177172931000314,A,
125,MAT 2023-2024,কোন পর্বের প্রাণীতে র ্যাবডিটিফর্ম লার্ভা দশা দেখা যায়?,A,A,False,True,1.265104165000139,A,
594,MAT 2007-2008,নিম্নের কোনটি অগ্রমস্তিস্কের অংশ নয়?,B,B,False,True,1.6672208969998792,B,752,MAT 2014-2015,নিচের কোনটি ভ্রূণীয় এক্টোডার্ম স্তর থেকে তৈরি হয়?,C,C,False,True,1.766135623000082,C,
153,DAT 2024-2025,ট্রিপসিন জারকের জন্যে সঠিক কোনটি?,A,A,False,True,1.03171069300015,A,
901,MAT 2024-2025,কোন চক্রের মাধ্যমে যকৃতে ইউরিয়া তৈরী হয়?,B,B,False,True,1.69708582200019,B,
188,AFMC 2021-2022,কোন প্রক্রিয়ায় RNA হতে DNA তৈরি হয়?,A,A,False,True,2.2052457310001046,A,
57,MAT 2020-2021,কোনটি ভাইরাস বৃদ্ধিতে বাঁধা দেয়?,A,A,False,True,1.2961484889997337,A,
62,MAT 2020-2021,কোনটি আমিষ পরিপাককারী (digesting) এনজাইম?,B,B,False,True,1.3796192029999474,B,
446,MAT 2015-2016,মানুষের নবম জোড়া করোটিক স্নায়ুর নাম কী?,D,D,False,True,1.057671510000091,D,
545,MAT 1989-1990,বৃক্কে বিদ্যমান-,A,A,False,True,0.8442456560001119,A,
973,AFMC 2019-2020,দ্বিপদ নামকরণের জনক কে?,A,A,False,True,1.7870483159999822,A,
305,AFMC 2015-2016,অ্যানিমাল পোলের ক্ষেত্রে কোনটি সঠিক?,D,D,False,True,1.6005968270001176,D,
260,DAT 2020-2021,নিচের কোন হরমোনটি রক্তে সোডিয়ামের মাত্রা নিয়ন্ত্রণ করে?,B,B,False,True,2.329647946000023,B,
254,MAT 2019-2020,হাইড্রার কোন অংশে নিডোসাইট কোষ সবচেয়ে বেশি থাকে?,B,B,False,True,1.4708279309998034,B,
666,MAT 2004-2005,ইন্টারফেরনের কাজ নয় কোনটি?,C,C,False,True,3.48680479199993,C,
345,DAT 2017-2018,"মানব পিত্তরস সম্বন্ধে নিচের কোন তথ্যটি সঠিক, ইহা-",D,D,False,True,1.6986064640000222,D,
603,MAT 2001-2002,হার্ডেরিয়ান গ্রন্থির অবস্থান যেখানে-,B,B,False,True,1.2791046489996916,B,
128,AFMC 2017-2018,রেটিনার কোন ধরনের কোষ থেকে অপটিক স্নায়ু তৈরী হয়?,D,D,False,True,1.6712282259995845,D,
696,DAT 2009-2010,নিম্নের কোনটি সঠিক নয়?,D,D,False,True,1.3527245150003182,D,
991,AFMC 2019-2020,মানবদেহে কোন ইউমিউনোগ্লোবিউলিন অনুপস্থিত?,A,A,False,True,1.2728820529996483,A,
816,MAT 2022-2023,মানবদেহে কোনটি লুপ্তপ্রায় অংগ?,B,D,False,False,1.5969006279997302,D,
372,MAT 2018-2019,কোনটি মানুষের পশ্চাৎ মস্তিষ্কের অংশ নয়?,D,D,False,True,1.2864671580000504,D,
522,MAT 2006-2007,স্বরতন্ত্রীর অবস্থান হচ্ছে-,D,D,False,True,1.227616899000168,D,
405,MAT 2017-2018,হেনলির লুপের অবস্থান বৃক্কের কোথায়?,A,A,False,True,1.5615016120000291,A,
412,MAT 2016-2017,ফিলোসফিকা জুওলজিক' গ্রন্থের রচয়িতা কে?,B,B,False,True,1.0170770080003422,B,
482,AFMC 2020-2021,"চিকিৎসাবিদ্যার কোন শাখায় স্থূলতার কারণ, প্রতিরোধ ও চিকিৎসা সম্বন্ধে আলোচনা করা হয়?",C,C,False,True,1.0523806680002963,C,
170,DAT 2024-2025,কোন গ্রন্থি আমিষ শোষণ নিয়ন্ত্রণ করে?,D,D,False,True,2.91036149699994,D,
836,DAT 2021-2022,আমাদের জাতীয় পাখির বৈজ্ঞানিক নাম কি?,B,B,False,True,1.8134576699999343,B,
78,AFMC 2019-2020,পেসমেকারে কোন ব্যাটারি ব্যবহৃত হয়?,A,A,False,True,1.0084957340000074,A,
966,MAT 2020-2021,ভ্রূণে লোহিত কণিকাসমূহ নিম্নের কোথায় তৈরি হয়?,AC,C,True,False,1.64207497399957,C,
83,AFMC 2019-2020,অত্যাবশ্যকীয় অ্যামিনো এসিড নয় কোনটি?,C,D,False,False,1.6724209829999381,D,
738,MAT 2015-2016,কোন ভিটামিন পানিতে দ্রবণীয়?,C,C,False,True,1.2436233360003826,C,
904,MAT 2024-2025,এনজিওপ্লাস্টি করলে কি হয়?,B,B,False,True,1.2413546630000383,B,
291,DAT 2019-2020,নিচের কোন গ্রন্থিটি ক্যালসিয়াম বিপাকে সহায়তা করে?,A,A,False,True,1.1951281100000415,A,
311,DAT 2018-2019,সিফিলিস রোগের জন্য দায়ী নিচের কোনটি?,A,A,False,True,1.8566061589999663,A,
849,MAT 2021-2022,কোন এনজাইম আমিষ পরিপাকে সাহায্য করে?,B,B,False,True,1.5672593879999113,B,
100,AFMC 2018-2019,নিচের কোন প্রাণীটি ত্রিস্তরী?,B,B,False,True,2.1676829540001563,B,
490,MAT 2002-2003,শোষিত খাদ্যবস্তুর প্রোটোপ্লাজমে রূপান্তরকে বলে-,C,C,False,True,2.375924410999687,C,
421,MAT 2016-2017,কোনটি ক্ষুদ্রান্ত্রের অংশ নয়?,C,C,False,True,1.7486665650003488,C,
835,DAT 2021-2022,কোনটি Live attenuated ভ্যাক্সিন?,A,A,False,True,1.253263796000283,A,
766,AFMC 2020-2021,সন্তান প্রসবে কোন হরমোন সাহায্য করে?,A,A,False,True,1.7649097819999042,A,
782,MAT 2017-2018,স্ত্রী রুইমাছ ডিম পাড়ে কখন?,C,C,False,True,1.6421388630001275,C,
935,DAT 2021-2022,কোনটি Live attenuated ভ্যাক্সিন?,A,A,False,True,1.9588826219996918,A,
982,AFMC 2019-2020,কত BMI কে স্বাভাবিক ওজন হিসেবে ধরা হয়?,C,C,False,True,1.7650783549997868,C,
548,MAT 2010-2011,মানুষের গ্লোমেরুলাসে পরিদ্রুত মূত্র ADH এর প্রভাব ছাড়া নিম্নের (%) কতভাগ পুনঃশোষণ প্রক্রিয়ায় নেফ্রনের প্রক্সিমাল প্যাঁচানো নালিকায় শোষিত হয়?,C,D,False,False,1.65759630499997,D,
339,DAT 2017-2018,মোলার দাঁতের কাজ কোনটি?,B,C,False,False,1.691036597999755,C,
197,AFMC 2021-2022,প্যানক্রিয়াসের আইলেটস অব ল্যাঙ্গার হ্যান্স এর কোন কোষ (Cells) থেকে ইনসুলিন নিঃসৃত হয়?,D,D,False,True,1.7001172010000118,D,
970,MAT 2020-2021,গ্রোথ হরমোন কোথায় তৈরি হয়?,D,D,False,True,2.4964841709997927,D,
354,DAT 2016-2017,সেরেব্রামের দুটি খণ্ডকে সংযোগকারী স্নায়ু গুচ্ছের নাম-,C,C,False,True,1.6741214740000032,C,
572,MAT 2009-2010,নিম্নের কোন অস্থিতে মজ্জা গহ্বর নাই?,D,C,False,False,1.2503414050001993,C,
94,AFMC 2019-2020,দেহের ভারসাম্য রক্ষা করে কোনটি?,B,B,False,True,2.402838750999763,B,
353,DAT 2016-2017,পাকস্থলিতে কোন করোটিক স্নায়ুর কার্যক্রম বিদ্যমান?,C,C,False,True,1.6855446250001478,C,
127,AFMC 2017-2018,মুখমন্ডলীয় অস্থিতে প্যালেটিন এর সংখ্যা কত?,B,B,False,True,1.6496684220001043,B,
202,AFMC 2021-2022,শ্বসনতন্ত্রের উৎপত্তি কোথা থেকে হয়?,A,A,False,True,1.264583082000172,A,
154,DAT 2024-2025,পূর্ণবয়স্ক সুস্থ মানুষের দু'টি ফুসফুসে আলভিওলাসের সংখ্যা কত?,D,C,False,False,1.2810085299997809,C,
990,AFMC 2019-2020,গ্রন্থিরাজ বলা হয় কোনটিকে?,C,B,False,False,1.6377237849997073,B,
257,MAT 2019-2020,আন্তঃকশেরুকা চাকতিতে কী ধরনের তরুণাস্থি পাওয়া যায়?,C,C,False,True,1.271627110999816,C,
101,AFMC 2018-2019,রক্তে গ্লুকোজের মাত্রা নিয়ন্ত্রণে কোন সংবহনতন্ত্রের ভূমিকা রয়েছে?,C,C,False,True,1.6046311730001435,C,
234,MAT 2019-2020,কোষের কোথায় ক্রেবস চক্র (Krebs cycle) সংঘটিত হয়?,C,C,False,True,1.5698855460000232,C,
996,DAT 2021-2022,কোন কোষ বিভাজন পদ্ধতিতে RBC তৈরি হয়?,B,B,False,True,1.7386525960000654,B,
848,MAT 2021-2022,কোনটি autosomal recessive disorder?,A,A,False,True,1.2049435130002166,A,
493,MAT 2011-2012,নিম্নের কোন অঙ্গে লোহিত কণিকা ধ্বংস হয়?,AB,AB,True,True,1.1918355739999242,"A,B",
802,MAT 2024-2025,কোন এন্টিবডি প্রধানত এলার্জির সাথে সংশ্লিষ্ট?,D,D,False,True,1.9745658929996353,D,
621,MAT 2009-2010,নিম্নের কোনটি হৃদপিন্ডের সংকোচনের শক্তিকে বাড়ায়?,C,C,False,True,1.883441683000001,C,
559,MAT 1990-1991,হিউমেরাস কোন অস্থিটিকে বলা হয়?,C,C,False,True,1.4157129639997947,C,
523,MAT 2006-2007,ব্রঙ্কিয়াল নালীগুলোর কোনটি সঠিক পর্যায়ক্রম?,B,D,False,False,1.6433588079999026,D,
789,MAT 2016-2017,প্রাপ্তবয়স্ক মানুষের মস্তিষ্কে নিউরনের সংখ্যা কত?,C,C,False,True,1.4995128549999208,C,
541,MAT 2003-2004,প্রতিটি বৃক্কে নেফ্রন থাকে-,C,C,False,True,0.9928494689997933,C,
792,MAT 2016-2017,"কনে হিমোফিলিয়া বাহক, বর সুস্থ, এদের সন্তানদের ক্ষেত্রে কোনটি মিথ্যা?",B,B,False,True,1.2533896390000336,B,
462,MAT 2014-2015,স্বাভাবিক মূত্রের বর্ণ হালকা হলুদ হয় কিসের উপস্থিতিতে?,B,B,False,True,1.2611037299998316,B,
907,MAT 2024-2025,পেসমেকারের কাজ কি?,D,D,False,True,1.3749852390001251,D,
225,MAT 2019-2020,মানবদেহের রক্তে কোন বাফার দ্রবণ (buffer solution) থাকে?,A,A,False,True,1.6598402079998777,A,
499,MAT 1988-1989,মানবদেহে রোগ প্রতিরোধক হিসাবে কাজ করে কোনটি?,B,B,False,True,2.0774924309998823,B,
504,MAT 2013-2014,হৃদপিন্ডের ডান অলিন্দ ও ডান নিলয়ের সংযোগ স্থলের কপাটিকার নাম-,B,B,False,True,1.9029573039997558,B,
656,MAT 2005-2006,নিচের কোনটি গ্যামিটোজেনেসিসের জন্য সঠিক নয়?,B,B,False,True,1.7152965179998318,B,
866,MAT 2020-2021,ভ্রূণে লোহিত কণিকাসমূহ নিম্নের কোথায় তৈরি হয়?,AC,C,True,False,1.6611297849999573,C,
492,MAT 2012-2013,রক্তের pH নির্ভর করে যার উপর-,B,B,False,True,1.8857286110001041,B,
273,DAT 2020-2021,ক্রোমাটোগ্রাফির (Chromatography) কয়টি পর্যায় (Phase) আছে?,A,A,False,True,1.54294045000006,A,
13,MAT 2024-2025,পেসমেকারের কাজ কি?,D,D,False,True,1.6338492529998803,D,
466,MAT 2014-2015,মোটর প্রকৃতির স্নায়ু কোনটি?,A,A,False,True,2.2610066689999258,A,
743,MAT 2015-2016,কোন চক্রের মাধ্যমে যকৃতে ইউরিয়া তৈরি হয়?,C,C,False,True,1.3444298959998378,C,
914,MAT 2022-2023,Mollusca এর ক্ষেত্রে কোনটি সঠিক?,B,B,False,True,1.7677037509997717,B,
833,DAT 2021-2022,কোনটি প্লাজমা প্রোটিন নয়?,A,A,False,True,1.2324188719999256,A,
316,DAT 2018-2019,নিচের কোনটি সমগোত্রীয় পাখির উদাহরণ নয়?,A,A,False,True,1.2086439820000123,A,
214,AFMC 2016-2017,কোন পর্বের প্রাণিদের Plannula লার্ভা দশা রয়েছে?,B,B,False,True,1.5332576219998373,B,
624,MAT 2008-2009,নিম্নে উল্লেখিত কোনটি থেকে টেস্টোস্টেরণ হরমোন নিঃসৃত হয়?,C,C,False,True,1.217804920999697,C,
512,DAT 2008-2009,নিম্ন প্রদত্ত কোন ধমনিটির উৎপত্তি এ্যাওর্টার বাঁক থেকে হয় না?,D,D,False,True,1.016073292999863,D,
217,AFMC 2016-2017,আইলেটস অব ল্যাঙ্গারহ্যানস এর কোষ নয় কোনটি?,D,D,False,True,1.4379867369998465,D,
581,DAT 2010-2011,কোন এনজাইম স্নায়ু উদ্দীপনা পরিবহনে গুরুত্বপূর্ণ ভূমিকা পালন করে?,A,A,False,True,1.3714334549999876,A,
51,MAT 2021-2022,কেঁচো কোন অঙ্গের মাধ্যমে শ্বাসপ্রশ্বাস নেয়?,C,C,False,True,0.9519743529999687,C,
918,MAT 2022-2023,মায়োফাইব্রিলে কি ধরনের আমিষ থাকে?,A,A,False,True,1.3798424790002173,A,
373,MAT 2018-2019,চোখের রেটিনার ভিতর সবচেয়ে আলোক সংবেদী অংশের নাম কী?,C,C,False,True,1.4416531719998602,C,
56,MAT 2021-2022,কোন পদ্ধতিতে কোভিড ১৯ ভ্যাক্সিন প্রস্তুত করা হয় না?,D,D,False,True,1.8087871430002451,D,
952,MAT 2020-2021,Alveolus থেকে অক্সিজেন রক্তে কিভাবে প্রবেশ করে?,D,D,False,True,1.668916832999912,D,
538,DAT 2004-2005,রেচনতন্ত্রের নিচের কোনটি ইউরেটার নামক নালি গঠন করে?,B,B,False,True,1.7225693609998416,B,
463,MAT 2014-2015,নিচের কোনটি ক্লাভিকলের বৈশিষ্ট্য?,A,A,False,True,1.8871674550000535,A,
774,MAT 2017-2018,মানব দেহে নিষেক প্রক্রিয়া কোথায় সংঘটিত হয়?,B,B,False,True,1.6646208530000877,B,
770,AFMC 2020-2021,কোনটি সেক্স লিংকড ডিসঅর্ডার নয়?,A,A,False,True,3.177172931000314,A,
125,MAT 2023-2024,কোন পর্বের প্রাণীতে র ্যাবডিটিফর্ম লার্ভা দশা দেখা যায়?,A,A,False,True,1.265104165000139,A,
594,MAT 2007-2008,নিম্নের কোনটি অগ্রমস্তিস্কের অংশ নয়?,B,B,False,True,1.6672208969998792,B,752,MAT 2014-2015,নিচের কোনটি ভ্রূণীয় এক্টোডার্ম স্তর থেকে তৈরি হয়?,C,C,False,True,1.766135623000082,C,
153,DAT 2024-2025,ট্রিপসিন জারকের জন্যে সঠিক কোনটি?,A,A,False,True,1.03171069300015,A,
901,MAT 2024-2025,কোন চক্রের মাধ্যমে যকৃতে ইউরিয়া তৈরী হয়?,B,B,False,True,1.69708582200019,B,
188,AFMC 2021-2022,কোন প্রক্রিয়ায় RNA হতে DNA তৈরি হয়?,A,A,False,True,2.2052457310001046,A,
57,MAT 2020-2021,কোনটি ভাইরাস বৃদ্ধিতে বাঁধা দেয়?,A,A,False,True,1.2961484889997337,A,
62,MAT 2020-2021,কোনটি আমিষ পরিপাককারী (digesting) এনজাইম?,B,B,False,True,1.3796192029999474,B,
446,MAT 2015-2016,মানুষের নবম জোড়া করোটিক স্নায়ুর নাম কী?,D,D,False,True,1.057671510000091,D,
545,MAT 1989-1990,বৃক্কে বিদ্যমান-,A,A,False,True,0.8442456560001119,A,
973,AFMC 2019-2020,দ্বিপদ নামকরণের জনক কে?,A,A,False,True,1.7870483159999822,A,
305,AFMC 2015-2016,অ্যানিমাল পোলের ক্ষেত্রে কোনটি সঠিক?,D,D,False,True,1.6005968270001176,D,
260,DAT 2020-2021,নিচের কোন হরমোনটি রক্তে সোডিয়ামের মাত্রা নিয়ন্ত্রণ করে?,B,B,False,True,2.329647946000023,B,
254,MAT 2019-2020,হাইড্রার কোন অংশে নিডোসাইট কোষ সবচেয়ে বেশি থাকে?,B,B,False,True,1.4708279309998034,B,
666,MAT 2004-2005,ইন্টারফেরনের কাজ নয় কোনটি?,C,C,False,True,3.48680479199993,C,
345,DAT 2017-2018,"মানব পিত্তরস সম্বন্ধে নিচের কোন তথ্যটি সঠিক, ইহা-",D,D,False,True,1.6986064640000222,D,
603,MAT 2001-2002,হার্ডেরিয়ান গ্রন্থির অবস্থান যেখানে-,B,B,False,True,1.2791046489996916,B,
128,AFMC 2017-2018,রেটিনার কোন ধরনের কোষ থেকে অপটিক স্নায়ু তৈরী হয়?,D,D,False,True,1.6712282259995845,D,
696,DAT 2009-2010,নিম্নের কোনটি সঠিক নয়?,D,D,False,True,1.3527245150003182,D,
991,AFMC 2019-2020,মানবদেহে কোন ইউমিউনোগ্লোবিউলিন অনুপস্থিত?,A,A,False,True,1.2728820529996483,A,
816,MAT 2022-2023,মানবদেহে কোনটি লুপ্তপ্রায় অংগ?,B,D,False,False,1.5969006279997302,D,
372,MAT 2018-2019,কোনটি মানুষের পশ্চাৎ মস্তিষ্কের অংশ নয়?,D,D,False,True,1.2864671580000504,D,
522,MAT 2006-2007,স্বরতন্ত্রীর অবস্থান হচ্ছে-,D,D,False,True,1.227616899000168,D,
405,MAT 2017-2018,হেনলির লুপের অবস্থান বৃক্কের কোথায়?,A,A,False,True,1.5615016120000291,A,
412,MAT 2016-2017,ফিলোসফিকা জুওলজিক' গ্রন্থের রচয়িতা কে?,B,B,False,True,1.0170770080003422,B,
482,AFMC 2020-2021,"চিকিৎসাবিদ্যার কোন শাখায় স্থূলতার কারণ, প্রতিরোধ ও চিকিৎসা সম্বন্ধে আলোচনা করা হয়?",C,C,False,True,1.0523806680002963,C,
170,DAT 2024-2025,কোন গ্রন্থি আমিষ শোষণ নিয়ন্ত্রণ করে?,D,D,False,True,2.91036149699994,D,
836,DAT 2021-2022,আমাদের জাতীয় পাখির বৈজ্ঞানিক নাম কি?,B,B,False,True,1.8134576699999343,B,
78,AFMC 2019-2020,পেসমেকারে কোন ব্যাটারি ব্যবহৃত হয়?,A,A,False,True,1.0084957340000074,A,
966,MAT 2020-2021,ভ্রূণে লোহিত কণিকাসমূহ নিম্নের কোথায় তৈরি হয়?,AC,C,True,False,1.64207497399957,C,
83,AFMC 2019-2020,অত্যাবশ্যকীয় অ্যামিনো এসিড নয় কোনটি?,C,D,False,False,1.6724209829999381,D,
738,MAT 2015-2016,কোন ভিটামিন পানিতে দ্রবণীয়?,C,C,False,True,1.2436233360003826,C,
904,MAT 2024-2025,এনজিওপ্লাস্টি করলে কি হয়?,B,B,False,True,1.2413546630000383,B,
291,DAT 2019-2020,নিচের কোন গ্রন্থিটি ক্যালসিয়াম বিপাকে সহায়তা করে?,A,A,False,True,1.1951281100000415,A,
311,DAT 2018-2019,সিফিলিস রোগের জন্য দায়ী নিচের কোনটি?,A,A,False,True,1.8566061589999663,A,
849,MAT 2021-2022,কোন এনজাইম আমিষ পরিপাকে সাহায্য করে?,B,B,False,True,1.5672593879999113,B,
100,AFMC 2018-2019,নিচের কোন প্রাণীটি ত্রিস্তরী?,B,B,False,True,2.1676829540001563,B,
490,MAT 2002-2003,শোষিত খাদ্যবস্তুর প্রোটোপ্লাজমে রূপান্তরকে বলে-,C,C,False,True,2.375924410999687,C,
421,MAT 2016-2017,কোনটি ক্ষুদ্রান্ত্রের অংশ নয়?,C,C,False,True,1.7486665650003488,C,
835,DAT 2021-2022,কোনটি Live attenuated ভ্যাক্সিন?,A,A,False,True,1.253263796000283,A,
766,AFMC 2020-2021,সন্তান প্রসবে কোন হরমোন সাহায্য করে?,A,A,False,True,1.7649097819999042,A,
782,MAT 2017-2018,স্ত্রী রুইমাছ ডিম পাড়ে কখন?,C,C,False,True,1.6421388630001275,C,
935,DAT 2021-2022,কোনটি Live attenuated ভ্যাক্সিন?,A,A,False,True,1.9588826219996918,A,
982,AFMC 2019-2020,কত BMI কে স্বাভাবিক ওজন হিসেবে ধরা হয়?,C,C,False,True,1.7650783549997868,C,
548,MAT 2010-2011,মানুষের গ্লোমেরুলাসে পরিদ্রুত মূত্র ADH এর প্রভাব ছাড়া নিম্নের (%) কতভাগ পুনঃশোষণ প্রক্রিয়ায় নেফ্রনের প্রক্সিমাল প্যাঁচানো নালিকায় শোষিত হয়?,C,D,False,False,1.65759630499997,D,
339,DAT 2017-2018,মোলার দাঁতের কাজ কোনটি?,B,C,False,False,1.691036597999755,C,
197,AFMC 2021-2022,প্যানক্রিয়াসের আইলেটস অব ল্যাঙ্গার হ্যান্স এর কোন কোষ (Cells) থেকে ইনসুলিন নিঃসৃত হয়?,D,D,False,True,1.7001172010000118,D,
970,MAT 2020-2021,গ্রোথ হরমোন কোথায় তৈরি হয়?,D,D,False,True,2.4964841709997927,D,
354,DAT 2016-2017,সেরেব্রামের দুটি খণ্ডকে সংযোগকারী স্নায়ু গুচ্ছের নাম-,C,C,False,True,1.6741214740000032,C,
572,MAT 2009-2010,নিম্নের কোন অস্থিতে মজ্জা গহ্বর নাই?,D,C,False,False,1.2503414050001993,C,
94,AFMC 2019-2020,দেহের ভারসাম্য রক্ষা করে কোনটি?,B,B,False,True,2.402838750999763,B,
353,DAT 2016-2017,পাকস্থলিতে কোন করোটিক স্নায়ুর কার্যক্রম বিদ্যমান?,C,C,False,True,1.6855446250001478,C,
127,AFMC 2017-2018,মুখমন্ডলীয় অস্থিতে প্যালেটিন এর সংখ্যা কত?,B,B,False,True,1.6496684220001043,B,
202,AFMC 2021-2022,শ্বসনতন্ত্রের উৎপত্তি কোথা থেকে হয়?,A,A,False,True,1.264583082000172,A,
154,DAT 2024-2025,পূর্ণবয়স্ক সুস্থ মানুষের দু'টি ফুসফুসে আলভিওলাসের সংখ্যা কত?,D,C,False,False,1.2810085299997809,C,
990,AFMC 2019-2020,গ্রন্থিরাজ বলা হয় কোনটিকে?,C,B,False,False,1.6377237849997073,B,
257,MAT 2019-2020,আন্তঃকশেরুকা চাকতিতে কী ধরনের তরুণাস্থি পাওয়া যায়?,C,C,False,True,1.271627110999816,C,
101,AFMC 2018-2019,রক্তে গ্লুকোজের মাত্রা নিয়ন্ত্রণে কোন সংবহনতন্ত্রের ভূমিকা রয়েছে?,C,C,False,True,1.6046311730001435,C,
234,MAT 2019-2020,কোষের কোথায় ক্রেবস চক্র (Krebs cycle) সংঘটিত হয়?,C,C,False,True,1.5698855460000232,C,
996,DAT 2021-2022,কোন কোষ বিভাজন পদ্ধতিতে RBC তৈরি হয়?,B,B,False,True,1.7386525960000654,B,
848,MAT 2021-2022,কোনটি autosomal recessive disorder?,A,A,False,True,1.2049435130002166,A,
493,MAT 2011-2012,নিম্নের কোন অঙ্গে লোহিত কণিকা ধ্বংস হয়?,AB,AB,True,True,1.1918355739999242,"A,B",
802,MAT 2024-2025,কোন এন্টিবডি প্রধানত এলার্জির সাথে সংশ্লিষ্ট?,D,D,False,True,1.9745658929996353,D,
621,MAT 2009-2010,নিম্নের কোনটি হৃদপিন্ডের সংকোচনের শক্তিকে বাড়ায়?,C,C,False,True,1.883441683000001,C,
559,MAT 1990-1991,হিউমেরাস কোন অস্থিটিকে বলা হয়?,C,C,False,True,1.4157129639997947,C,
523,MAT 2006-2007,ব্রঙ্কিয়াল নালীগুলোর কোনটি সঠিক পর্যায়ক্রম?,B,D,False,False,1.6433588079999026,D,
789,MAT 2016-2017,প্রাপ্তবয়স্ক মানুষের মস্তিষ্কে নিউরনের সংখ্যা কত?,C,C,False,True,1.4995128549999208,C,
541,MAT 2003-2004,প্রতিটি বৃক্কে নেফ্রন থাকে-,C,C,False,True,0.9928494689997933,C,
792,MAT 2016-2017,"কনে হিমোফিলিয়া বাহক, বর সুস্থ, এদের সন্তানদের ক্ষেত্রে কোনটি মিথ্যা?",B,B,False,True,1.2533896390000336,B,
462,MAT 2014-2015,স্বাভাবিক মূত্রের বর্ণ হালকা হলুদ হয় কিসের উপস্থিতিতে?,B,B,False,True,1.2611037299998316,B,
907,MAT 2024-2025,পেসমেকারের কাজ কি?,D,D,False,True,1.3749852390001251,D,
225,MAT 2019-2020,মানবদেহের রক্তে কোন বাফার দ্রবণ (buffer solution) থাকে?,A,A,False,True,1.6598402079998777,A,
499,MAT 1988-1989,মানবদেহে রোগ প্রতিরোধক হিসাবে কাজ করে কোনটি?,B,B,False,True,2.0774924309998823,B,
504,MAT 2013-2014,হৃদপিন্ডের ডান অলিন্দ ও ডান নিলয়ের সংযোগ স্থলের কপাটিকার নাম-,B,B,False,True,1.9029573039997558,B,
656,MAT 2005-2006,নিচের কোনটি গ্যামিটোজেনেসিসের জন্য সঠিক নয়?,B,B,False,True,1.7152965179998318,B,
866,MAT 2020-2021,ভ্রূণে লোহিত কণিকাসমূহ নিম্নের কোথায় তৈরি হয়?,AC,C,True,False,1.6611297849999573,C,
492,MAT 2012-2013,রক্তের pH নির্ভর করে যার উপর-,B,B,False,True,1.8857286110001041,B,
273,DAT 2020-2021,ক্রোমাটোগ্রাফির (Chromatography) কয়টি পর্যায় (Phase) আছে?,A,A,False,True,1.54294045000006,A,
13,MAT 2024-2025,পেসমেকারের কাজ কি?,D,D,False,True,1.6338492529998803,D,
466,MAT 2014-2015,মোটর প্রকৃতির স্নায়ু কোনটি?,A,A,False,True,2.2610066689999258,A,
743,MAT 2015-2016,কোন চক্রের মাধ্যমে যকৃতে ইউরিয়া তৈরি হয়?,C,C,False,True,1.3444298959998378,C,
914,MAT 2022-2023,Mollusca এর ক্ষেত্রে কোনটি সঠিক?,B,B,False,True,1.7677037509997717,B,
833,DAT 2021-2022,কোনটি প্লাজমা প্রোটিন নয়?,A,A,False,True,1.2324188719999256,A,
316,DAT 2018-2019,নিচের কোনটি সমগোত্রীয় পাখির উদাহরণ নয়?,A,A,False,True,1.2086439820000123,A,
214,AFMC 2016-2017,কোন পর্বের প্রাণিদের Plannula লার্ভা দশা রয়েছে?,B,B,False,True,1.5332576219998373,B,
624,MAT 2008-2009,নিম্নে উল্লেখিত কোনটি থেকে টেস্টোস্টেরণ হরমোন নিঃসৃত হয়?,C,C,False,True,1.217804920999697,C,
512,DAT 2008-2009,নিম্ন প্রদত্ত কোন ধমনিটির উৎপত্তি এ্যাওর্টার বাঁক থেকে হয় না?,D,D,False,True,1.016073292999863,D,
217,AFMC 2016-2017,আইলেটস অব ল্যাঙ্গারহ্যানস এর কোষ নয় কোনটি?,D,D,False,True,1.4379867369998465,D,
581,DAT 2010-2011,কোন এনজাইম স্নায়ু উদ্দীপনা পরিবহনে গুরুত্বপূর্ণ ভূমিকা পালন করে?,A,A,False,True,1.3714334549999876,A,
51,MAT 2021-2022,কেঁচো কোন অঙ্গের মাধ্যমে শ্বাসপ্রশ্বাস নেয়?,C,C,False,True,0.9519743529999687,C,
918,MAT 2022-2023,মায়োফাইব্রিলে কি ধরনের আমিষ থাকে?,A,A,False,True,1.3798424790002173,A,
373,MAT 2018-2019,চোখের রেটিনার ভিতর সবচেয়ে আলোক সংবেদী অংশের নাম কী?,C,C,False,True,1.4416531719998602,C,
56,MAT 2021-2022,কোন পদ্ধতিতে কোভিড ১৯ ভ্যাক্সিন প্রস্তুত করা হয় না?,D,D,False,True,1.8087871430002451,D,
952,MAT 2020-2021,Alveolus থেকে অক্সিজেন রক্তে কিভাবে প্রবেশ করে?,D,D,False,True,1.668916832999912,D,
538,DAT 2004-2005,রেচনতন্ত্রের নিচের কোনটি ইউরেটার নামক নালি গঠন করে?,B,B,False,True,1.7225693609998416,B,
463,MAT 2014-2015,নিচের কোনটি ক্লাভিকলের বৈশিষ্ট্য?,A,A,False,True,1.8871674550000535,A,
774,MAT 2017-2018,মানব দেহে নিষেক প্রক্রিয়া কোথায় সংঘটিত হয়?,B,B,False,True,1.6646208530000877,B,
770,AFMC 2020-2021,কোনটি সেক্স লিংকড ডিসঅর্ডার নয়?,A,A,False,True,3.177172931000314,A,
125,MAT 2023-2024,কোন পর্বের প্রাণীতে র ্যাবডিটিফর্ম লার্ভা দশা দেখা যায়?,A,A,False,True,1.265104165000139,A,
594,MAT 2007-2008,নিম্নের কোনটি অগ্রমস্তিস্কের অংশ নয়?,B,B,False,True,1.6672208969998792,B,752,MAT 2014-2015,নিচের কোনটি ভ্রূণীয় এক্টোডার্ম স্তর থেকে তৈরি হয়?,C,C,False,True,1.766135623000082,C,
153,DAT 2024-2025,ট্রিপসিন জারকের জন্যে সঠিক কোনটি?,A,A,False,True,1.03171069300015,A,
901,MAT 2024-2025,কোন চক্রের মাধ্যমে যকৃতে ইউরিয়া তৈরী হয়?,B,B,False,True,1.69708582200019,B,
188,AFMC 2021-2022,কোন প্রক্রিয়ায় RNA হতে DNA তৈরি হয়?,A,A,False,True,2.2052457310001046,A,
57,MAT 2020-2021,কোনটি ভাইরাস বৃদ্ধিতে বাঁধা দেয়?,A,A,False,True,1.2961484889997337,A,
62,MAT 2020-2021,কোনটি আমিষ পরিপাককারী (digesting) এনজাইম?,B,B,False,True,1.3796192029999474,B,
446,MAT 2015-2016,মানুষের নবম জোড়া করোটিক স্নায়ুর নাম কী?,D,D,False,True,1.057671510000091,D,
545,MAT 1989-1990,বৃক্কে বিদ্যমান-,A,A,False,True,0.8442456560001119,A,
973,AFMC 2019-2020,দ্বিপদ নামকরণের জনক কে?,A,A,False,True,1.7870483159999822,A,
305,AFMC 2015-2016,অ্যানিমাল পোলের ক্ষেত্রে কোনটি সঠিক?,D,D,False,True,1.6005968270001176,D,
260,DAT 2020-2021,নিচের কোন হরমোনটি রক্তে সোডিয়ামের মাত্রা নিয়ন্ত্রণ করে?,B,B,False,True,2.329647946000023,B,
254,MAT 2019-2020,হাইড্রার কোন অংশে নিডোসাইট কোষ সবচেয়ে বেশি থাকে?,B,B,False,True,1.4708279309998034,B,
666,MAT 2004-2005,ইন্টারফেরনের কাজ নয় কোনটি?,C,C,False,True,3.48680479199993,C,
345,DAT 2017-2018,"মানব পিত্তরস সম্বন্ধে নিচের কোন তথ্যটি সঠিক, ইহা-",D,D,False,True,1.6986064640000222,D,
603,MAT 2001-2002,হার্ডেরিয়ান গ্রন্থির অবস্থান যেখানে-,B,B,False,True,1.2791046489996916,B,
128,AFMC 2017-2018,রেটিনার কোন ধরনের কোষ থেকে অপটিক স্নায়ু তৈরী হয়?,D,D,False,True,1.6712282259995845,D,
696,DAT 2009-2010,নিম্নের কোনটি সঠিক নয়?,D,D,False,True,1.3527245150003182,D,
991,AFMC 2019-2020,মানবদেহে কোন ইউমিউনোগ্লোবিউলিন অনুপস্থিত?,A,A,False,True,1.2728820529996483,A,
816,MAT 2022-2023,মানবদেহে কোনটি লুপ্তপ্রায় অংগ?,B,D,False,False,1.5969006279997302,D,
372,MAT 2018-2019,কোনটি মানুষের পশ্চাৎ মস্তিষ্কের অংশ নয়?,D,D,False,True,1.2864671580000504,D,
522,MAT 2006-2007,স্বরতন্ত্রীর অবস্থান হচ্ছে-,D,D,False,True,1.227616899000168,D,
405,MAT 2017-2018,হেনলির লুপের অবস্থান বৃক্কের কোথায়?,A,A,False,True,1.5615016120000291,A,
412,MAT 2016-2017,ফিলোসফিকা জুওলজিক' গ্রন্থের রচয়িতা কে?,B,B,False,True,1.0170770080003422,B,
482,AFMC 2020-2021,"চিকিৎসাবিদ্যার কোন শাখায় স্থূলতার কারণ, প্রতিরোধ ও চিকিৎসা সম্বন্ধে আলোচনা করা হয়?",C,C,False,True,1.0523806680002963,C,
170,DAT 2024-2025,কোন গ্রন্থি আমিষ শোষণ নিয়ন্ত্রণ করে?,D,D,False,True,2.91036149699994,D,
836,DAT 2021-2022,আমাদের জাতীয় পাখির বৈজ্ঞানিক নাম কি?,B,B,False,True,1.8134576699999343,B,
78,AFMC 2019-2020,পেসমেকারে কোন ব্যাটারি ব্যবহৃত হয়?,A,A,False,True,1.0084957340000074,A,
966,MAT 2020-2021,ভ্রূণে লোহিত কণিকাসমূহ নিম্নের কোথায় তৈরি হয়?,AC,C,True,False,1.64207497399957,C,
83,AFMC 2019-2020,অত্যাবশ্যকীয় অ্যামিনো এসিড নয় কোনটি?,C,D,False,False,1.6724209829999381,D,
738,MAT 2015-2016,কোন ভিটামিন পানিতে দ্রবণীয়?,C,C,False,True,1.2436233360003826,C,
904,MAT 2024-2025,এনজিওপ্লাস্টি করলে কি হয়?,B,B,False,True,1.2413546630000383,B,
291,DAT 2019-2020,নিচের কোন গ্রন্থিটি ক্যালসিয়াম বিপাকে সহায়তা করে?,A,A,False,True,1.1951281100000415,A,
311,DAT 2018-2019,সিফিলিস রোগের জন্য দায়ী নিচের কোনটি?,A,A,False,True,1.8566061589999663,A,
849,MAT 2021-2022,কোন এনজাইম আমিষ পরিপাকে সাহায্য করে?,B,B,False,True,1.5672593879999113,B,
100,AFMC 2018-2019,নিচের কোন প্রাণীটি ত্রিস্তরী?,B,B,False,True,2.1676829540001563,B,
490,MAT 2002-2003,শোষিত খাদ্যবস্তুর প্রোটোপ্লাজমে রূপান্তরকে বলে-,C,C,False,True,2.375924410999687,C,
421,MAT 2016-2017,কোনটি ক্ষুদ্রান্ত্রের অংশ নয়?,C,C,False,True,1.7486665650003488,C,
835,DAT 2021-2022,কোনটি Live attenuated ভ্যাক্সিন?,A,A,False,True,1.253263796000283,A,
766,AFMC 2020-2021,সন্তান প্রসবে কোন হরমোন সাহায্য করে?,A,A,False,True,1.7649097819999042,A,
782,MAT 2017-2018,স্ত্রী রুইমাছ ডিম পাড়ে কখন?,C,C,False,True,1.6421388630001275,C,
935,DAT 2021-2022,কোনটি Live attenuated ভ্যাক্সিন?,A,A,False,True,1.9588826219996918,A,
982,AFMC 2019-2020,কত BMI কে স্বাভাবিক ওজন হিসেবে ধরা হয়?,C,C,False,True,1.7650783549997868,C,
548,MAT 2010-2011,মানুষের গ্লোমেরুলাসে পরিদ্রুত মূত্র ADH এর প্রভাব ছাড়া নিম্নের (%) কতভাগ পুনঃশোষণ প্রক্রিয়ায় নেফ্রনের প্রক্সিমাল প্যাঁচানো নালিকায় শোষিত হয়?,C,D,False,False,1.65759630499997,D,
339,DAT 2017-2018,মোলার দাঁতের কাজ কোনটি?,B,C,False,False,1.691036597999755,C,
197,AFMC 2021-2022,প্যানক্রিয়াসের আইলেটস অব ল্যাঙ্গার হ্যান্স এর কোন কোষ (Cells) থেকে ইনসুলিন নিঃসৃত হয়?,D,D,False,True,1.7001172010000118,D,
970,MAT 2020-2021,গ্রোথ হরমোন কোথায় তৈরি হয়?,D,D,False,True,2.4964841709997927,D,
354,DAT 2016-2017,সেরেব্রামের দুটি খণ্ডকে সংযোগকারী স্নায়ু গুচ্ছের নাম-,C,C,False,True,1.6741214740000032,C,
572,MAT 2009-2010,নিম্নের কোন অস্থিতে মজ্জা গহ্বর নাই?,D,C,False,False,1.2503414050001993,C,
94,AFMC 2019-2020,দেহের ভারসাম্য রক্ষা করে কোনটি?,B,B,False,True,2.402838750999763,B,
353,DAT 2016-2017,পাকস্থলিতে কোন করোটিক স্নায়ুর কার্যক্রম বিদ্যমান?,C,C,False,True,1.6855446250001478,C,
127,AFMC 2017-2018,মুখমন্ডলীয় অস্থিতে প্যালেটিন এর সংখ্যা কত?,B,B,False,True,1.6496684220001043,B,
202,AFMC 2021-2022,শ্বসনতন্ত্রের উৎপত্তি কোথা থেকে হয়?,A,A,False,True,1.264583082000172,A,
154,DAT 2024-2025,পূর্ণবয়স্ক সুস্থ মানুষের দু'টি ফুসফুসে আলভিওলাসের সংখ্যা কত?,D,C,False,False,1.2810085299997809,C,
990,AFMC 2019-2020,গ্রন্থিরাজ বলা হয় কোনটিকে?,C,B,False,False,1.6377237849997073,B,
257,MAT 2019-2020,আন্তঃকশেরুকা চাকতিতে কী ধরনের তরুণাস্থি পাওয়া যায়?,C,C,False,True,1.271627110999816,C,
101,AFMC 2018-2019,রক্তে গ্লুকোজের মাত্রা নিয়ন্ত্রণে কোন সংবহনতন্ত্রের ভূমিকা রয়েছে?,C,C,False,True,1.6046311730001435,C,
234,MAT 2019-2020,কোষের কোথায় ক্রেবস চক্র (Krebs cycle) সংঘটিত হয়?,C,C,False,True,1.5698855460000232,C,
996,DAT 2021-2022,কোন কোষ বিভাজন পদ্ধতিতে RBC তৈরি হয়?,B,B,False,True,1.7386525960000654,B,
848,MAT 2021-2022,কোনটি autosomal recessive disorder?,A,A,False,True,1.2049435130002166,A,
493,MAT 2011-2012,নিম্নের কোন অঙ্গে লোহিত কণিকা ধ্বংস হয়?,AB,AB,True,True,1.1918355739999242,"A,B",
802,MAT 2024-2025,কোন এন্টিবডি প্রধানত এলার্জির সাথে সংশ্লিষ্ট?,D,D,False,True,1.9745658929996353,D,
621,MAT 2009-2010,নিম্নের কোনটি হৃদপিন্ডের সংকোচনের শক্তিকে বাড়ায়?,C,C,False,True,1.883441683000001,C,
559,MAT 1990-1991,হিউমেরাস কোন অস্থিটিকে বলা হয়?,C,C,False,True,1.4157129639997947,C,
523,MAT 2006-2007,ব্রঙ্কিয়াল নালীগুলোর কোনটি সঠিক পর্যায়ক্রম?,B,D,False,False,1.6433588079999026,D,
789,MAT 2016-2017,প্রাপ্তবয়স্ক মানুষের মস্তিষ্কে নিউরনের সংখ্যা কত?,C,C,False,True,1.4995128549999208,C,
541,MAT 2003-2004,প্রতিটি বৃক্কে নেফ্রন থাকে-,C,C,False,True,0.9928494689997933,C,
792,MAT 2016-2017,"কনে হিমোফিলিয়া বাহক, বর সুস্থ, এদের সন্তানদের ক্ষেত্রে কোনটি মিথ্যা?",B,B,False,True,1.2533896390000336,B,
462,MAT 2014-2015,স্বাভাবিক মূত্রের বর্ণ হালকা হলুদ হয় কিসের উপস্থিতিতে?,B,B,False,True,1.2611037299998316,B,
907,MAT 2024-2025,পেসমেকারের কাজ কি?,D,D,False,True,1.3749852390001251,D,
225,MAT 2019-2020,মানবদেহের রক্তে কোন বাফার দ্রবণ (buffer solution) থাকে?,A,A,False,True,1.6598402079998777,A,
499,MAT 1988-1989,মানবদেহে রোগ প্রতিরোধক হিসাবে কাজ করে কোনটি?,B,B,False,True,2.0774924309998823,B,
504,MAT 2013-2014,হৃদপিন্ডের ডান অলিন্দ ও ডান নিলয়ের সংযোগ স্থলের কপাটিকার নাম-,B,B,False,True,1.9029573039997558,B,
656,MAT 2005-2006,নিচের কোনটি গ্যামিটোজেনেসিসের জন্য সঠিক নয়?,B,B,False,True,1.7152965179998318,B,
866,MAT 2020-2021,ভ্রূণে লোহিত কণিকাসমূহ নিম্নের কোথায় তৈরি হয়?,AC,C,True,False,1.6611297849999573,C,
492,MAT 2012-2013,রক্তের pH নির্ভর করে যার উপর-,B,B,False,True,1.8857286110001041,B,
273,DAT 2020-2021,ক্রোমাটোগ্রাফির (Chromatography) কয়টি পর্যায় (Phase) আছে?,A,A,False,True,1.54294045000006,A,
13,MAT 2024-2025,পেসমেকারের কাজ কি?,D,D,False,True,1.6338492529998803,D,
466,MAT 2014-2015,মোটর প্রকৃতির স্নায়ু কোনটি?,A,A,False,True,2.2610066689999258,A,
743,MAT 2015-2016,কোন চক্রের মাধ্যমে যকৃতে ইউরিয়া তৈরি হয়?,C,C,False,True,1.3444298959998378,C,
914,MAT 2022-2023,Mollusca এর ক্ষেত্রে কোনটি সঠিক?,B,B,False,True,1.7677037509997717,B,
833,DAT 2021-2022,কোনটি প্লাজমা প্রোটিন নয়?,A,A,False,True,1.2324188719999256,A,
316,DAT 2018-2019,নিচের কোনটি সমগোত্রীয় পাখির উদাহরণ নয়?,A,A,False,True,1.2086439820000123,A,
214,AFMC 2016-2017,কোন পর্বের প্রাণিদের Plannula লার্ভা দশা রয়েছে?,B,B,False,True,1.5332576219998373,B,
624,MAT 2008-2009,নিম্নে উল্লেখিত কোনটি থেকে টেস্টোস্টেরণ হরমোন নিঃসৃত হয়?,C,C,False,True,1.217804920999697,C,
512,DAT 2008-2009,নিম্ন প্রদত্ত কোন ধমনিটির উৎপত্তি এ্যাওর্টার বাঁক থেকে হয় না?,D,D,False,True,1.016073292999863,D,
217,AFMC 2016-2017,আইলেটস অব ল্যাঙ্গারহ্যানস এর কোষ নয় কোনটি?,D,D,False,True,1.4379867369998465,D,
581,DAT 2010-2011,কোন এনজাইম স্নায়ু উদ্দীপনা পরিবহনে গুরুত্বপূর্ণ ভূমিকা পালন করে?,A,A,False,True,1.3714334549999876,A,
51,MAT 2021-2022,কেঁচো কোন অঙ্গের মাধ্যমে শ্বাসপ্রশ্বাস নেয়?,C,C,False,True,0.9519743529999687,C,
918,MAT 2022-2023,মায়োফাইব্রিলে কি ধরনের আমিষ থাকে?,A,A,False,True,1.3798424790002173,A,
373,MAT 2018-2019,চোখের রেটিনার ভিতর সবচেয়ে আলোক সংবেদী অংশের নাম কী?,C,C,False,True,1.4416531719998602,C,
56,MAT 2021-2022,কোন পদ্ধতিতে কোভিড ১৯ ভ্যাক্সিন প্রস্তুত করা হয় না?,D,D,False,True,1.8087871430002451,D,
952,MAT 2020-2021,Alveolus থেকে অক্সিজেন রক্তে কিভাবে প্রবেশ করে?,D,D,False,True,1.668916832999912,D,
538,DAT 2004-2005,রেচনতন্ত্রের নিচের কোনটি ইউরেটার নামক নালি গঠন করে?,B,B,False,True,1.7225693609998416,B,
463,MAT 2014-2015,নিচের কোনটি ক্লাভিকলের বৈশিষ্ট্য?,A,A,False,True,1.8871674550000535,A,
774,MAT 2017-2018,মানব দেহে নিষেক প্রক্রিয়া কোথায় সংঘটিত হয়?,B,B,False,True,1.6646208530000877,B,
770,AFMC 2020-2021,কোনটি সেক্স লিংকড ডিসঅর্ডার নয়?,A,A,False,True,3.177172931000314,A,
125,MAT 2023-2024,কোন পর্বের প্রাণীতে র ্যাবডিটিফর্ম লার্ভা দশা দেখা যায়?,A,A,False,True,1.265104165000139,A,
594,MAT 2007-2008,নিম্নের কোনটি অগ্রমস্তিস্কের অংশ নয়?,B,B,False,True,1.6672208969998792,B,752,MAT 2014-2015,নিচের কোনটি ভ্রূণীয় এক্টোডার্ম স্তর থেকে তৈরি হয়?,C,C,False,True,1.766135623000082,C,
153,DAT 2024-2025,ট্রিপসিন জারকের জন্যে সঠিক কোনটি?,A,A,False,True,1.03171069300015,A,
901,MAT 2024-2025,কোন চক্রের মাধ্যমে যকৃতে ইউরিয়া তৈরী হয়?,B,B,False,True,1.69708582200019,B,
188,AFMC 2021-2022,কোন প্রক্রিয়ায় RNA হতে DNA তৈরি হয়?,A,A,False,True,2.2052457310001046,A,
57,MAT 2020-2021,কোনটি ভাইরাস বৃদ্ধিতে বাঁধা দেয়?,A,A,False,True,1.2961484889997337,A,
62,MAT 2020-2021,কোনটি আমিষ পরিপাককারী (digesting) এনজাইম?,B,B,False,True,1.3796192029999474,B,
446,MAT 2015-2016,মানুষের নবম জোড়া করোটিক স্নায়ুর নাম কী?,D,D,False,True,1.057671510000091,D,
545,MAT 1989-1990,বৃক্কে বিদ্যমান-,A,A,False,True,0.8442456560001119,A,
973,AFMC 2019-2020,দ্বিপদ নামকরণের জনক কে?,A,A,False,True,1.7870483159999822,A,
305,AFMC 2015-2016,অ্যানিমাল পোলের ক্ষেত্রে কোনটি সঠিক?,D,D,False,True,1.6005968270001176,D,
260,DAT 2020-2021,নিচের কোন হরমোনটি রক্তে সোডিয়ামের মাত্রা নিয়ন্ত্রণ করে?,B,B,False,True,2.329647946000023,B,
254,MAT 2019-2020,হাইড্রার কোন অংশে নিডোসাইট কোষ সবচেয়ে বেশি থাকে?,B,B,False,True,1.4708279309998034,B,
666,MAT 2004-2005,ইন্টারফেরনের কাজ নয় কোনটি?,C,C,False,True,3.48680479199993,C,
345,DAT 2017-2018,"মানব পিত্তরস সম্বন্ধে নিচের কোন তথ্যটি সঠিক, ইহা-",D,D,False,True,1.6986064640000222,D,
603,MAT 2001-2002,হার্ডেরিয়ান গ্রন্থির অবস্থান যেখানে-,B,B,False,True,1.2791046489996916,B,
128,AFMC 2017-2018,রেটিনার কোন ধরনের কোষ থেকে অপটিক স্নায়ু তৈরী হয়?,D,D,False,True,1.6712282259995845,D,
696,DAT 2009-2010,নিম্নের কোনটি সঠিক নয়?,D,D,False,True,1.3527245150003182,D,
991,AFMC 2019-2020,মানবদেহে কোন ইউমিউনোগ্লোবিউলিন অনুপস্থিত?,A,A,False,True,1.2728820529996483,A,
816,MAT 2022-2023,মানবদেহে কোনটি লুপ্তপ্রায় অংগ?,B,D,False,False,1.5969006279997302,D,
372,MAT 2018-2019,কোনটি মানুষের পশ্চাৎ মস্তিষ্কের অংশ নয়?,D,D,False,True,1.2864671580000504,D,
522,MAT 2006-2007,স্বরতন্ত্রীর অবস্থান হচ্ছে-,D,D,False,True,1.227616899000168,D,
405,MAT 2017-2018,হেনলির লুপের অবস্থান বৃক্কের কোথায়?,A,A,False,True,1.5615016120000291,A,
412,MAT 2016-2017,ফিলোসফিকা জুওলজিক' গ্রন্থের রচয়িতা কে?,B,B,False,True,1.0170770080003422,B,
482,AFMC 2020-2021,"চিকিৎসাবিদ্যার কোন শাখায় স্থূলতার কারণ, প্রতিরোধ ও চিকিৎসা সম্বন্ধে আলোচনা করা হয়?",C,C,False,True,1.0523806680002963,C,
170,DAT 2024-2025,কোন গ্রন্থি আমিষ শোষণ নিয়ন্ত্রণ করে?,D,D,False,True,2.91036149699994,D,
836,DAT 2021-2022,আমাদের জাতীয় পাখির বৈজ্ঞানিক নাম কি?,B,B,False,True,1.8134576699999343,B,
78,AFMC 2019-2020,পেসমেকারে কোন ব্যাটারি ব্যবহৃত হয়?,A,A,False,True,1.0084957340000074,A,
966,MAT 2020-2021,ভ্রূণে লোহিত কণিকাসমূহ নিম্নের কোথায় তৈরি হয়?,AC,C,True,False,1.64207497399957,C,
83,AFMC 2019-2020,অত্যাবশ্যকীয় অ্যামিনো এসিড নয় কোনটি?,C,D,False,False,1.6724209829999381,D,
738,MAT 2015-2016,কোন ভিটামিন পানিতে দ্রবণীয়?,C,C,False,True,1.2436233360003826,C,
904,MAT 2024-2025,এনজিওপ্লাস্টি করলে কি হয়?,B,B,False,True,1.2413546630000383,B,
291,DAT 2019-2020,নিচের কোন গ্রন্থিটি ক্যালসিয়াম বিপাকে সহায়তা করে?,A,A,False,True,1.1951281100000415,A,
311,DAT 2018-2019,সিফিলিস রোগের জন্য দায়ী নিচের কোনটি?,A,A,False,True,1.8566061589999663,A,
849,MAT 2021-2022,কোন এনজাইম আমিষ পরিপাকে সাহায্য করে?,B,B,False,True,1.5672593879999113,B,
100,AFMC 2018-2019,নিচের কোন প্রাণীটি ত্রিস্তরী?,B,B,False,True,2.1676829540001563,B,
490,MAT 2002-2003,শোষিত খাদ্যবস্তুর প্রোটোপ্লাজমে রূপান্তরকে বলে-,C,C,False,True,2.375924410999687,C,
421,MAT 2016-2017,কোনটি ক্ষুদ্রান্ত্রের অংশ নয়?,C,C,False,True,1.7486665650003488,C,
835,DAT 2021-2022,কোনটি Live attenuated ভ্যাক্সিন?,A,A,False,True,1.253263796000283,A,
766,AFMC 2020-2021,সন্তান প্রসবে কোন হরমোন সাহায্য করে?,A,A,False,True,1.7649097819999042,A,
782,MAT 2017-2018,স্ত্রী রুইমাছ ডিম পাড়ে কখন?,C,C,False,True,1.6421388630001275,C,
935,DAT 2021-2022,কোনটি Live attenuated ভ্যাক্সিন?,A,A,False,True,1.9588826219996918,A,
982,AFMC 2019-2020,কত BMI কে স্বাভাবিক ওজন হিসেবে ধরা হয়?,C,C,False,True,1.7650783549997868,C,
548,MAT 2010-2011,মানুষের গ্লোমেরুলাসে পরিদ্রুত মূত্র ADH এর প্রভাব ছাড়া নিম্নের (%) কতভাগ পুনঃশোষণ প্রক্রিয়ায় নেফ্রনের প্রক্সিমাল প্যাঁচানো নালিকায় শোষিত হয়?,C,D,False,False,1.65759630499997,D,
339,DAT 2017-2018,মোলার দাঁতের কাজ কোনটি?,B,C,False,False,1.691036597999755,C,
197,AFMC 2021-2022,প্যানক্রিয়াসের আইলেটস অব ল্যাঙ্গার হ্যান্স এর কোন কোষ (Cells) থেকে ইনসুলিন নিঃসৃত হয়?,D,D,False,True,1.7001172010000118,D,
970,MAT 2020-2021,গ্রোথ হরমোন কোথায় তৈরি হয়?,D,D,False,True,2.4964841709997927,D,
354,DAT 2016-2017,সেরেব্রামের দুটি খণ্ডকে সংযোগকারী স্নায়ু গুচ্ছের নাম-,C,C,False,True,1.6741214740000032,C,
572,MAT 2009-2010,নিম্নের কোন অস্থিতে মজ্জা গহ্বর নাই?,D,C,False,False,1.2503414050001993,C,
94,AFMC 2019-2020,দেহের ভারসাম্য রক্ষা করে কোনটি?,B,B,False,True,2.402838750999763,B,
353,DAT 2016-2017,পাকস্থলিতে কোন করোটিক স্নায়ুর কার্যক্রম বিদ্যমান?,C,C,False,True,1.6855446250001478,C,
127,AFMC 2017-2018,মুখমন্ডলীয় অস্থিতে প্যালেটিন এর সংখ্যা কত?,B,B,False,True,1.6496684220001043,B,
202,AFMC 2021-2022,শ্বসনতন্ত্রের উৎপত্তি কোথা থেকে হয়?,A,A,False,True,1.264583082000172,A,
154,DAT 2024-2025,পূর্ণবয়স্ক সুস্থ মানুষের দু'টি ফুসফুসে আলভিওলাসের সংখ্যা কত?,D,C,False,False,1.2810085299997809,C,
990,AFMC 2019-2020,গ্রন্থিরাজ বলা হয় কোনটিকে?,C,B,False,False,1.6377237849997073,B,
257,MAT 2019-2020,আন্তঃকশেরুকা চাকতিতে কী ধরনের তরুণাস্থি পাওয়া যায়?,C,C,False,True,1.271627110999816,C,
101,AFMC 2018-2019,রক্তে গ্লুকোজের মাত্রা নিয়ন্ত্রণে কোন সংবহনতন্ত্রের ভূমিকা রয়েছে?,C,C,False,True,1.6046311730001435,C,
234,MAT 2019-2020,কোষের কোথায় ক্রেবস চক্র (Krebs cycle) সংঘটিত হয়?,C,C,False,True,1.5698855460000232,C,
996,DAT 2021-2022,কোন কোষ বিভাজন পদ্ধতিতে RBC তৈরি হয়?,B,B,False,True,1.7386525960000654,B,
848,MAT 2021-2022,কোনটি autosomal recessive disorder?,A,A,False,True,1.2049435130002166,A,
493,MAT 2011-2012,নিম্নের কোন অঙ্গে লোহিত কণিকা ধ্বংস হয়?,AB,AB,True,True,1.1918355739999242,"A,B",
802,MAT 2024-2025,কোন এন্টিবডি প্রধানত এলার্জির সাথে সংশ্লিষ্ট?,D,D,False,True,1.9745658929996353,D,
621,MAT 2009-2010,নিম্নের কোনটি হৃদপিন্ডের সংকোচনের শক্তিকে বাড়ায়?,C,C,False,True,1.883441683000001,C,
559,MAT 1990-1991,হিউমেরাস কোন অস্থিটিকে বলা হয়?,C,C,False,True,1.4157129639997947,C,
523,MAT 2006-2007,ব্রঙ্কিয়াল নালীগুলোর কোনটি সঠিক পর্যায়ক্রম?,B,D,False,False,1.6433588079999026,D,
789,MAT 2016-2017,প্রাপ্তবয়স্ক মানুষের মস্তিষ্কে নিউরনের সংখ্যা কত?,C,C,False,True,1.4995128549999208,C,
541,MAT 2003-2004,প্রতিটি বৃক্কে নেফ্রন থাকে-,C,C,False,True,0.9928494689997933,C,
792,MAT 2016-2017,"কনে হিমোফিলিয়া বাহক, বর সুস্থ, এদের সন্তানদের ক্ষেত্রে কোনটি মিথ্যা?",B,B,False,True,1.2533896390000336,B,
462,MAT 2014-2015,স্বাভাবিক মূত্রের বর্ণ হালকা হলুদ হয় কিসের উপস্থিতিতে?,B,B,False,True,1.2611037299998316,B,
907,MAT 2024-2025,পেসমেকারের কাজ কি?,D,D,False,True,1.3749852390001251,D,
225,MAT 2019-2020,মানবদেহের রক্তে কোন বাফার দ্রবণ (buffer solution) থাকে?,A,A,False,True,1.6598402079998777,A,
499,MAT 1988-1989,মানবদেহে রোগ প্রতিরোধক হিসাবে কাজ করে কোনটি?,B,B,False,True,2.0774924309998823,B,
504,MAT 2013-2014,হৃদপিন্ডের ডান অলিন্দ ও ডান নিলয়ের সংযোগ স্থলের কপাটিকার নাম-,B,B,False,True,1.9029573039997558,B,
656,MAT 2005-2006,নিচের কোনটি গ্যামিটোজেনেসিসের জন্য সঠিক নয়?,B,B,False,True,1.7152965179998318,B,
866,MAT 2020-2021,ভ্রূণে লোহিত কণিকাসমূহ নিম্নের কোথায় তৈরি হয়?,AC,C,True,False,1.6611297849999573,C,
492,MAT 2012-2013,রক্তের pH নির্ভর করে যার উপর-,B,B,False,True,1.8857286110001041,B,
273,DAT 2020-2021,ক্রোমাটোগ্রাফির (Chromatography) কয়টি পর্যায় (Phase) আছে?,A,A,False,True,1.54294045000006,A,
13,MAT 2024-2025,পেসমেকারের কাজ কি?,D,D,False,True,1.6338492529998803,D,
466,MAT 2014-2015,মোটর প্রকৃতির স্নায়ু কোনটি?,A,A,False,True,2.2610066689999258,A,
743,MAT 2015-2016,কোন চক্রের মাধ্যমে যকৃতে ইউরিয়া তৈরি হয়?,C,C,False,True,1.3444298959998378,C,
914,MAT 2022-2023,Mollusca এর ক্ষেত্রে কোনটি সঠিক?,B,B,False,True,1.7677037509997717,B,
833,DAT 2021-2022,কোনটি প্লাজমা প্রোটিন নয়?,A,A,False,True,1.2324188719999256,A,
316,DAT 2018-2019,নিচের কোনটি সমগোত্রীয় পাখির উদাহরণ নয়?,A,A,False,True,1.2086439820000123,A,
214,AFMC 2016-2017,কোন পর্বের প্রাণিদের Plannula লার্ভা দশা রয়েছে?,B,B,False,True,1.5332576219998373,B,
624,MAT 2008-2009,নিম্নে উল্লেখিত কোনটি থেকে টেস্টোস্টেরণ হরমোন নিঃসৃত হয়?,C,C,False,True,1.217804920999697,C,
512,DAT 2008-2009,নিম্ন প্রদত্ত কোন ধমনিটির উৎপত্তি এ্যাওর্টার বাঁক থেকে হয় না?,D,D,False,True,1.016073292999863,D,
217,AFMC 2016-2017,আইলেটস অব ল্যাঙ্গারহ্যানস এর কোষ নয় কোনটি?,D,D,False,True,1.4379867369998465,D,
581,DAT 2010-2011,কোন এনজাইম স্নায়ু উদ্দীপনা পরিবহনে গুরুত্বপূর্ণ ভূমিকা পালন করে?,A,A,False,True,1.3714334549999876,A,
51,MAT 2021-2022,কেঁচো কোন অঙ্গের মাধ্যমে শ্বাসপ্রশ্বাস নেয়?,C,C,False,True,0.9519743529999687,C,
918,MAT 2022-2023,মায়োফাইব্রিলে কি ধরনের আমিষ থাকে?,A,A,False,True,1.3798424790002173,A,
373,MAT 2018-2019,চোখের রেটিনার ভিতর সবচেয়ে আলোক সংবেদী অংশের নাম কী?,C,C,False,True,1.4416531719998602,C,
56,MAT 2021-2022,কোন পদ্ধতিতে কোভিড ১৯ ভ্যাক্সিন প্রস্তুত করা হয় না?,D,D,False,True,1.8087871430002451,D,
952,MAT 2020-2021,Alveolus থেকে অক্সিজেন রক্তে কিভাবে প্রবেশ করে?,D,D,False,True,1.668916832999912,D,
538,DAT 2004-2005,রেচনতন্ত্রের নিচের কোনটি ইউরেটার নামক নালি গঠন করে?,B,B,False,True,1.7225693609998416,B,
463,MAT 2014-2015,নিচের কোনটি ক্লাভিকলের বৈশিষ্ট্য?,A,A,False,True,1.8871674550000535,A,
774,MAT 2017-2018,মানব দেহে নিষেক প্রক্রিয়া কোথায় সংঘটিত হয়?,B,B,False,True,1.6646208530000877,B,
770,AFMC 2020-2021,কোনটি সেক্স লিংকড ডিসঅর্ডার নয়?,A,A,False,True,3.177172931000314,A,
125,MAT 2023-2024,কোন পর্বের প্রাণীতে র ্যাবডিটিফর্ম লার্ভা দশা দেখা যায়?,A,A,False,True,1.265104165000139,A,
594,MAT 2007-2008,নিম্নের কোনটি অগ্রমস্তিস্কের অংশ নয়?,B,B,False,True,1.6672208969998792,B,752,MAT 2014-2015,নিচের কোনটি ভ্রূণীয় এক্টোডার্ম স্তর থেকে তৈরি হয়?,C,C,False,True,1.766135623000082,C,
153,DAT 2024-2025,ট্রিপসিন জারকের জন্যে সঠিক কোনটি?,A,A,False,True,1.03171069300015,A,
901,MAT 2024-2025,কোন চক্রের মাধ্যমে যকৃতে ইউরিয়া তৈরী হয়?,B,B,False,True,1.69708582200019,B,
188,AFMC 2021-2022,কোন প্রক্রিয়ায় RNA হতে DNA তৈরি হয়?,A,A,False,True,2.2052457310001046,A,
57,MAT 2020-2021,কোনটি ভাইরাস বৃদ্ধিতে বাঁধা দেয়?,A,A,False,True,1.2961484889997337,A,
62,MAT 2020-2021,কোনটি আমিষ পরিপাককারী (digesting) এনজাইম?,B,B,False,True,1.3796192029999474,B,
446,MAT 2015-2016,মানুষের নবম জোড়া করোটিক স্নায়ুর নাম কী?,D,D,False,True,1.057671510000091,D,
545,MAT 1989-1990,বৃক্কে বিদ্যমান-,A,A,False,True,0.8442456560001119,A,
973,AFMC 2019-2020,দ্বিপদ নামকরণের জনক কে?,A,A,False,True,1.7870483159999822,A,
305,AFMC 2015-2016,অ্যানিমাল পোলের ক্ষেত্রে কোনটি সঠিক?,D,D,False,True,1.6005968270001176,D,
260,DAT 2020-2021,নিচের কোন হরমোনটি রক্তে সোডিয়ামের মাত্রা নিয়ন্ত্রণ করে?,B,B,False,True,2.329647946000023,B,
254,MAT 2019-2020,হাইড্রার কোন অংশে নিডোসাইট কোষ সবচেয়ে বেশি থাকে?,B,B,False,True,1.4708279309998034,B,
666,MAT 2004-2005,ইন্টারফেরনের কাজ নয় কোনটি?,C,C,False,True,3.48680479199993,C,
345,DAT 2017-2018,"মানব পিত্তরস সম্বন্ধে নিচের কোন তথ্যটি সঠিক, ইহা-",D,D,False,True,1.6986064640000222,D,
603,MAT 2001-2002,হার্ডেরিয়ান গ্রন্থির অবস্থান যেখানে-,B,B,False,True,1.2791046489996916,B,
128,AFMC 2017-2018,রেটিনার কোন ধরনের কোষ থেকে অপটিক স্নায়ু তৈরী হয়?,D,D,False,True,1.6712282259995845,D,
696,DAT 2009-2010,নিম্নের কোনটি সঠিক নয়?,D,D,False,True,1.3527245150003182,D,
991,AFMC 2019-2020,মানবদেহে কোন ইউমিউনোগ্লোবিউলিন অনুপস্থিত?,A,A,False,True,1.2728820529996483,A,
816,MAT 2022-2023,মানবদেহে কোনটি লুপ্তপ্রায় অংগ?,B,D,False,False,1.5969006279997302,D,
372,MAT 2018-2019,কোনটি মানুষের পশ্চাৎ মস্তিষ্কের অংশ নয়?,D,D,False,True,1.2864671580000504,D,
522,MAT 2006-2007,স্বরতন্ত্রীর অবস্থান হচ্ছে-,D,D,False,True,1.227616899000168,D,
405,MAT 2017-2018,হেনলির লুপের অবস্থান বৃক্কের কোথায়?,A,A,False,True,1.5615016120000291,A,
412,MAT 2016-2017,ফিলোসফিকা জুওলজিক' গ্রন্থের রচয়িতা কে?,B,B,False,True,1.0170770080003422,B,
482,AFMC 2020-2021,"চিকিৎসাবিদ্যার কোন শাখায় স্থূলতার কারণ, প্রতিরোধ ও চিকিৎসা সম্বন্ধে আলোচনা করা হয়?",C,C,False,True,1.0523806680002963,C,
170,DAT 2024-2025,কোন গ্রন্থি আমিষ শোষণ নিয়ন্ত্রণ করে?,D,D,False,True,2.91036149699994,D,
836,DAT 2021-2022,আমাদের জাতীয় পাখির বৈজ্ঞানিক নাম কি?,B,B,False,True,1.8134576699999343,B,
78,AFMC 2019-2020,পেসমেকারে কোন ব্যাটারি ব্যবহৃত হয়?,A,A,False,True,1.0084957340000074,A,
966,MAT 2020-2021,ভ্রূণে লোহিত কণিকাসমূহ নিম্নের কোথায় তৈরি হয়?,AC,C,True,False,1.64207497399957,C,
83,AFMC 2019-2020,অত্যাবশ্যকীয় অ্যামিনো এসিড নয় কোনটি?,C,D,False,False,1.6724209829999381,D,
738,MAT 2015-2016,কোন ভিটামিন পানিতে দ্রবণীয়?,C,C,False,True,1.2436233360003826,C,
904,MAT 2024-2025,এনজিওপ্লাস্টি করলে কি হয়?,B,B,False,True,1.2413546630000383,B,
291,DAT 2019-2020,নিচের কোন গ্রন্থিটি ক্যালসিয়াম বিপাকে সহায়তা করে?,A,A,False,True,1.1951281100000415,A,
311,DAT 2018-2019,সিফিলিস রোগের জন্য দায়ী নিচের কোনটি?,A,A,False,True,1.8566061589999663,A,
849,MAT 2021-2022,কোন এনজাইম আমিষ পরিপাকে সাহায্য করে?,B,B,False,True,1.5672593879999113,B,
100,AFMC 2018-2019,নিচের কোন প্রাণীটি ত্রিস্তরী?,B,B,False,True,2.1676829540001563,B,
490,MAT 2002-2003,শোষিত খাদ্যবস্তুর প্রোটোপ্লাজমে রূপান্তরকে বলে-,C,C,False,True,2.375924410999687,C,
421,MAT 2016-2017,কোনটি ক্ষুদ্রান্ত্রের অংশ নয়?,C,C,False,True,1.7486665650003488,C,
835,DAT 2021-2022,কোনটি Live attenuated ভ্যাক্সিন?,A,A,False,True,1.253263796000283,A,
766,AFMC 2020-2021,সন্তান প্রসবে কোন হরমোন সাহায্য করে?,A,A,False,True,1.7649097819999042,A,
782,MAT 2017-2018,স্ত্রী রুইমাছ ডিম পাড়ে কখন?,C,C,False,True,1.6421388630001275,C,
935,DAT 2021-2022,কোনটি Live attenuated ভ্যাক্সিন?,A,A,False,True,1.9588826219996918,A,
982,AFMC 2019-2020,কত BMI কে স্বাভাবিক ওজন হিসেবে ধরা হয়?,C,C,False,True,1.7650783549997868,C,
548,MAT 2010-2011,মানুষের গ্লোমেরুলাসে পরিদ্রুত মূত্র ADH এর প্রভাব ছাড়া নিম্নের (%) কতভাগ পুনঃশোষণ প্রক্রিয়ায় নেফ্রনের প্রক্সিমাল প্যাঁচানো নালিকায় শোষিত হয়?,C,D,False,False,1.65759630499997,D,
339,DAT 2017-2018,মোলার দাঁতের কাজ কোনটি?,B,C,False,False,1.691036597999755,C,
197,AFMC 2021-2022,প্যানক্রিয়াসের আইলেটস অব ল্যাঙ্গার হ্যান্স এর কোন কোষ (Cells) থেকে ইনসুলিন নিঃসৃত হয়?,D,D,False,True,1.7001172010000118,D,
970,MAT 2020-2021,গ্রোথ হরমোন কোথায় তৈরি হয়?,D,D,False,True,2.4964841709997927,D,
354,DAT 2016-2017,সেরেব্রামের দুটি খণ্ডকে সংযোগকারী স্নায়ু গুচ্ছের নাম-,C,C,False,True,1.6741214740000032,C,
572,MAT 2009-2010,নিম্নের কোন অস্থিতে মজ্জা গহ্বর নাই?,D,C,False,False,1.2503414050001993,C,
94,AFMC 2019-2020,দেহের ভারসাম্য রক্ষা করে কোনটি?,B,B,False,True,2.402838750999763,B,
353,DAT 2016-2017,পাকস্থলিতে কোন করোটিক স্নায়ুর কার্যক্রম বিদ্যমান?,C,C,False,True,1.6855446250001478,C,
127,AFMC 2017-2018,মুখমন্ডলীয় অস্থিতে প্যালেটিন এর সংখ্যা কত?,B,B,False,True,1.6496684220001043,B,
202,AFMC 2021-2022,শ্বসনতন্ত্রের উৎপত্তি কোথা থেকে হয়?,A,A,False,True,1.264583082000172,A,
154,DAT 2024-2025,পূর্ণবয়স্ক সুস্থ মানুষের দু'টি ফুসফুসে আলভিওলাসের সংখ্যা কত?,D,C,False,False,1.2810085299997809,C,
990,AFMC 2019-2020,গ্রন্থিরাজ বলা হয় কোনটিকে?,C,B,False,False,1.6377237849997073,B,
257,MAT 2019-2020,আন্তঃকশেরুকা চাকতিতে কী ধরনের তরুণাস্থি পাওয়া যায়?,C,C,False,True,1.271627110999816,C,
101,AFMC 2018-2019,রক্তে গ্লুকোজের মাত্রা নিয়ন্ত্রণে কোন সংবহনতন্ত্রের ভূমিকা রয়েছে?,C,C,False,True,1.6046311730001435,C,
234,MAT 2019-2020,কোষের কোথায় ক্রেবস চক্র (Krebs cycle) সংঘটিত হয়?,C,C,False,True,1.5698855460000232,C,
996,DAT 2021-2022,কোন কোষ বিভাজন পদ্ধতিতে RBC তৈরি হয়?,B,B,False,True,1.7386525960000654,B,
848,MAT 2021-2022,কোনটি autosomal recessive disorder?,A,A,False,True,1.2049435130002166,A,
493,MAT 2011-2012,নিম্নের কোন অঙ্গে লোহিত কণিকা ধ্বংস হয়?,AB,AB,True,True,1.1918355739999242,"A,B",
802,MAT 2024-2025,কোন এন্টিবডি প্রধানত এলার্জির সাথে সংশ্লিষ্ট?,D,D,False,True,1.9745658929996353,D,
621,MAT 2009-2010,নিম্নের কোনটি হৃদপিন্ডের সংকোচনের শক্তিকে বাড়ায়?,C,C,False,True,1.883441683000001,C,
559,MAT 1990-1991,হিউমেরাস কোন অস্থিটিকে বলা হয়?,C,C,False,True,1.4157129639997947,C,
523,MAT 2006-2007,ব্রঙ্কিয়াল নালীগুলোর কোনটি সঠিক পর্যায়ক্রম?,B,D,False,False,1.6433588079999026,D,
789,MAT 2016-2017,প্রাপ্তবয়স্ক মানুষের মস্তিষ্কে নিউরনের সংখ্যা কত?,C,C,False,True,1.4995128549999208,C,
541,MAT 2003-2004,প্রতিটি বৃক্কে নেফ্রন থাকে-,C,C,False,True,0.9928494689997933,C,
792,MAT 2016-2017,"কনে হিমোফিলিয়া বাহক, বর সুস্থ, এদের সন্তানদের ক্ষেত্রে কোনটি মিথ্যা?",B,B,False,True,1.2533896390000336,B,
462,MAT 2014-2015,স্বাভাবিক মূত্রের বর্ণ হালকা হলুদ হয় কিসের উপস্থিতিতে?,B,B,False,True,1.2611037299998316,B,
907,MAT 2024-2025,পেসমেকারের কাজ কি?,D,D,False,True,1.3749852390001251,D,
225,MAT 2019-2020,মানবদেহের রক্তে কোন বাফার দ্রবণ (buffer solution) থাকে?,A,A,False,True,1.6598402079998777,A,
499,MAT 1988-1989,মানবদেহে রোগ প্রতিরোধক হিসাবে কাজ করে কোনটি?,B,B,False,True,2.0774924309998823,B,
504,MAT 2013-2014,হৃদপিন্ডের ডান অলিন্দ ও ডান নিলয়ের সংযোগ স্থলের কপাটিকার নাম-,B,B,False,True,1.9029573039997558,B,
656,MAT 2005-2006,নিচের কোনটি গ্যামিটোজেনেসিসের জন্য সঠিক নয়?,B,B,False,True,1.7152965179998318,B,
866,MAT 2020-2021,ভ্রূণে লোহিত কণিকাসমূহ নিম্নের কোথায় তৈরি হয়?,AC,C,True,False,1.6611297849999573,C,
492,MAT 2012-2013,রক্তের pH নির্ভর করে যার উপর-,B,B,False,True,1.8857286110001041,B,
273,DAT 2020-2021,ক্রোমাটোগ্রাফির (Chromatography) কয়টি পর্যায় (Phase) আছে?,A,A,False,True,1.54294045000006,A,
13,MAT 2024-2025,পেসমেকারের কাজ কি?,D,D,False,True,1.6338492529998803,D,
466,MAT 2014-2015,মোটর প্রকৃতির স্নায়ু কোনটি?,A,A,False,True,2.2610066689999258,A,
743,MAT 2015-2016,কোন চক্রের মাধ্যমে যকৃতে ইউরিয়া তৈরি হয়?,C,C,False,True,1.3444298959998378,C,
914,MAT 2022-2023,Mollusca এর ক্ষেত্রে কোনটি সঠিক?,B,B,False,True,1.7677037509997717,B,
833,DAT 2021-2022,কোনটি প্লাজমা প্রোটিন নয়?,A,A,False,True,1.2324188719999256,A,
316,DAT 2018-2019,নিচের কোনটি সমগোত্রীয় পাখির উদাহরণ নয়?,A,A,False,True,1.2086439820000123,A,
214,AFMC 2016-2017,কোন পর্বের প্রাণিদের Plannula লার্ভা দশা রয়েছে?,B,B,False,True,1.5332576219998373,B,
624,MAT 2008-2009,নিম্নে উল্লেখিত কোনটি থেকে টেস্টোস্টেরণ হরমোন নিঃসৃত হয়?,C,C,False,True,1.217804920999697,C,
512,DAT 2008-2009,নিম্ন প্রদত্ত কোন ধমনিটির উৎপত্তি এ্যাওর্টার বাঁক থেকে হয় না?,D,D,False,True,1.016073292999863,D,
217,AFMC 2016-2017,আইলেটস অব ল্যাঙ্গারহ্যানস এর কোষ নয় কোনটি?,D,D,False,True,1.4379867369998465,D,
581,DAT 2010-2011,কোন এনজাইম স্নায়ু উদ্দীপনা পরিবহনে গুরুত্বপূর্ণ ভূমিকা পালন করে?,A,A,False,True,1.3714334549999876,A,
51,MAT 2021-2022,কেঁচো কোন অঙ্গের মাধ্যমে শ্বাসপ্রশ্বাস নেয়?,C,C,False,True,0.9519743529999687,C,
918,MAT 2022-2023,মায়োফাইব্রিলে কি ধরনের আমিষ থাকে?,A,A,False,True,1.3798424790002173,A,
373,MAT 2018-2019,চোখের রেটিনার ভিতর সবচেয়ে আলোক সংবেদী অংশের নাম কী?,C,C,False,True,1.4416531719998602,C,
56,MAT 2021-2022,কোন পদ্ধতিতে কোভিড ১৯ ভ্যাক্সিন প্রস্তুত করা হয় না?,D,D,False,True,1.8087871430002451,D,
952,MAT 2020-2021,Alveolus থেকে অক্সিজেন রক্তে কিভাবে প্রবেশ করে?,D,D,False,True,1.668916832999912,D,
538,DAT 2004-2005,রেচনতন্ত্রের নিচের কোনটি ইউরেটার নামক নালি গঠন করে?,B,B,False,True,1.7225693609998416,B,
463,MAT 2014-2015,নিচের কোনটি ক্লাভিকলের বৈশিষ্ট্য?,A,A,False,True,1.8871674550000535,A,
774,MAT 2017-2018,মানব দেহে নিষেক প্রক্রিয়া কোথায় সংঘটিত হয়?,B,B,False,True,1.6646208530000877,B,
770,AFMC 2020-2021,কোনটি সেক্স লিংকড ডিসঅর্ডার নয়?,A,A,False,True,3.177172931000314,A,
125,MAT 2023-2024,কোন পর্বের প্রাণীতে র ্যাবডিটিফর্ম লার্ভা দশা দেখা যায়?,A,A,False,True,1.265104165000139,A,
594,MAT 2007-2008,নিম্নের কোনটি অগ্রমস্তিস্কের অংশ নয়?,B,B,False,True,1.6672208969998792,B,752,MAT 2014-2015,নিচের কোনটি ভ্রূণীয় এক্টোডার্ম স্তর থেকে তৈরি হয়?,C,C,False,True,1.766135623000082,C,
153,DAT 2024-2025,ট্রিপসিন জারকের জন্যে সঠিক কোনটি?,A,A,False,True,1.03171069300015,A,
901,MAT 2024-2025,কোন চক্রের মাধ্যমে যকৃতে ইউরিয়া তৈরী হয়?,B,B,False,True,1.69708582200019,B,
188,AFMC 2021-2022,কোন প্রক্রিয়ায় RNA হতে DNA তৈরি হয়?,A,A,False,True,2.2052457310001046,A,
57,MAT 2020-2021,কোনটি ভাইরাস বৃদ্ধিতে বাঁধা দেয়?,A,A,False,True,1.2961484889997337,A,
62,MAT 2020-2021,কোনটি আমিষ পরিপাককারী (digesting) এনজাইম?,B,B,False,True,1.3796192029999474,B,
446,MAT 2015-2016,মানুষের নবম জোড়া করোটিক স্নায়ুর নাম কী?,D,D,False,True,1.057671510000091,D,
545,MAT 1989-1990,বৃক্কে বিদ্যমান-,A,A,False,True,0.8442456560001119,A,
973,AFMC 2019-2020,দ্বিপদ নামকরণের জনক কে?,A,A,False,True,1.7870483159999822,A,
305,AFMC 2015-2016,অ্যানিমাল পোলের ক্ষেত্রে কোনটি সঠিক?,D,D,False,True,1.6005968270001176,D,
260,DAT 2020-2021,নিচের কোন হরমোনটি রক্তে সোডিয়ামের মাত্রা নিয়ন্ত্রণ করে?,B,B,False,True,2.329647946000023,B,
254,MAT 2019-2020,হাইড্রার কোন অংশে নিডোসাইট কোষ সবচেয়ে বেশি থাকে?,B,B,False,True,1.4708279309998034,B,
666,MAT 2004-2005,ইন্টারফেরনের কাজ নয় কোনটি?,C,C,False,True,3.48680479199993,C,
345,DAT 2017-2018,"মানব পিত্তরস সম্বন্ধে নিচের কোন তথ্যটি সঠিক, ইহা-",D,D,False,True,1.6986064640000222,D,
603,MAT 2001-2002,হার্ডেরিয়ান গ্রন্থির অবস্থান যেখানে-,B,B,False,True,1.2791046489996916,B,
128,AFMC 2017-2018,রেটিনার কোন ধরনের কোষ থেকে অপটিক স্নায়ু তৈরী হয়?,D,D,False,True,1.6712282259995845,D,
696,DAT 2009-2010,নিম্নের কোনটি সঠিক নয়?,D,D,False,True,1.3527245150003182,D,
991,AFMC 2019-2020,মানবদেহে কোন ইউমিউনোগ্লোবিউলিন অনুপস্থিত?,A,A,False,True,1.2728820529996483,A,
816,MAT 2022-2023,মানবদেহে কোনটি লুপ্তপ্রায় অংগ?,B,D,False,False,1.5969006279997302,D,
372,MAT 2018-2019,কোনটি মানুষের পশ্চাৎ মস্তিষ্কের অংশ নয়?,D,D,False,True,1.2864671580000504,D,
522,MAT 2006-2007,স্বরতন্ত্রীর অবস্থান হচ্ছে-,D,D,False,True,1.227616899000168,D,
405,MAT 2017-2018,হেনলির লুপের অবস্থান বৃক্কের কোথায়?,A,A,False,True,1.5615016120000291,A,
412,MAT 2016-2017,ফিলোসফিকা জুওলজিক' গ্রন্থের রচয়িতা কে?,B,B,False,True,1.0170770080003422,B,
482,AFMC 2020-2021,"চিকিৎসাবিদ্যার কোন শাখায় স্থূলতার কারণ, প্রতিরোধ ও চিকিৎসা সম্বন্ধে আলোচনা করা হয়?",C,C,False,True,1.0523806680002963,C,
170,DAT 2024-2025,কোন গ্রন্থি আমিষ শোষণ নিয়ন্ত্রণ করে?,D,D,False,True,2.91036149699994,D,
836,DAT 2021-2022,আমাদের জাতীয় পাখির বৈজ্ঞানিক নাম কি?,B,B,False,True,1.8134576699999343,B,
78,AFMC 2019-2020,পেসমেকারে কোন ব্যাটারি ব্যবহৃত হয়?,A,A,False,True,1.0084957340000074,A,
966,MAT 2020-2021,ভ্রূণে লোহিত কণিকাসমূহ নিম্নের কোথায় তৈরি হয়?,AC,C,True,False,1.64207497399957,C,
83,AFMC 2019-2020,অত্যাবশ্যকীয় অ্যামিনো এসিড নয় কোনটি?,C,D,False,False,1.6724209829999381,D,
738,MAT 2015-2016,কোন ভিটামিন পানিতে দ্রবণীয়?,C,C,False,True,1.2436233360003826,C,
904,MAT 2024-2025,এনজিওপ্লাস্টি করলে কি হয়?,B,B,False,True,1.2413546630000383,B,
291,DAT 2019-2020,নিচের কোন গ্রন্থিটি ক্যালসিয়াম বিপাকে সহায়তা করে?,A,A,False,True,1.1951281100000415,A,
311,DAT 2018-2019,সিফিলিস রোগের জন্য দায়ী নিচের কোনটি?,A,A,False,True,1.8566061589999663,A,
849,MAT 2021-2022,কোন এনজাইম আমিষ পরিপাকে সাহায্য করে?,B,B,False,True,1.5672593879999113,B,
100,AFMC 2018-2019,নিচের কোন প্রাণীটি ত্রিস্তরী?,B,B,False,True,2.1676829540001563,B,
490,MAT 2002-2003,শোষিত খাদ্যবস্তুর প্রোটোপ্লাজমে রূপান্তরকে বলে-,C,C,False,True,2.375924410999687,C,
421,MAT 2016-2017,কোনটি ক্ষুদ্রান্ত্রের অংশ নয়?,C,C,False,True,1.7486665650003488,C,
835,DAT 2021-2022,কোনটি Live attenuated ভ্যাক্সিন?,A,A,False,True,1.253263796000283,A,
766,AFMC 2020-2021,সন্তান প্রসবে কোন হরমোন সাহায্য করে?,A,A,False,True,1.7649097819999042,A,
782,MAT 2017-2018,স্ত্রী রুইমাছ ডিম পাড়ে কখন?,C,C,False,True,1.6421388630001275,C,
935,DAT 2021-2022,কোনটি Live attenuated ভ্যাক্সিন?,A,A,False,True,1.9588826219996918,A,
982,AFMC 2019-2020,কত BMI কে স্বাভাবিক ওজন হিসেবে ধরা হয়?,C,C,False,True,1.7650783549997868,C,
548,MAT 2010-2011,মানুষের গ্লোমেরুলাসে পরিদ্রুত মূত্র ADH এর প্রভাব ছাড়া নিম্নের (%) কতভাগ পুনঃশোষণ প্রক্রিয়ায় নেফ্রনের প্রক্সিমাল প্যাঁচানো নালিকায় শোষিত হয়?,C,D,False,False,1.65759630499997,D,
339,DAT 2017-2018,মোলার দাঁতের কাজ কোনটি?,B,C,False,False,1.691036597999755,C,
197,AFMC 2021-2022,প্যানক্রিয়াসের আইলেটস অব ল্যাঙ্গার হ্যান্স এর কোন কোষ (Cells) থেকে ইনসুলিন নিঃসৃত হয়?,D,D,False,True,1.7001172010000118,D,
970,MAT 2020-2021,গ্রোথ হরমোন কোথায় তৈরি হয়?,D,D,False,True,2.4964841709997927,D,
354,DAT 2016-2017,সেরেব্রামের দুটি খণ্ডকে সংযোগকারী স্নায়ু গুচ্ছের নাম-,C,C,False,True,1.6741214740000032,C,
572,MAT 2009-2010,নিম্নের কোন অস্থিতে মজ্জা গহ্বর নাই?,D,C,False,False,1.2503414050001993,C,
94,AFMC 2019-2020,দেহের ভারসাম্য রক্ষা করে কোনটি?,B,B,False,True,2.402838750999763,B,
353,DAT 2016-2017,পাকস্থলিতে কোন করোটিক স্নায়ুর কার্যক্রম বিদ্যমান?,C,C,False,True,1.6855446250001478,C,
127,AFMC 2017-2018,মুখমন্ডলীয় অস্থিতে প্যালেটিন এর সংখ্যা কত?,B,B,False,True,1.6496684220001043,B,
202,AFMC 2021-2022,শ্বসনতন্ত্রের উৎপত্তি কোথা থেকে হয়?,A,A,False,True,1.264583082000172,A,
154,DAT 2024-2025,পূর্ণবয়স্ক সুস্থ মানুষের দু'টি ফুসফুসে আলভিওলাসের সংখ্যা কত?,D,C,False,False,1.2810085299997809,C,
990,AFMC 2019-2020,গ্রন্থিরাজ বলা হয় কোনটিকে?,C,B,False,False,1.6377237849997073,B,
257,MAT 2019-2020,আন্তঃকশেরুকা চাকতিতে কী ধরনের তরুণাস্থি পাওয়া যায়?,C,C,False,True,1.271627110999816,C,
101,AFMC 2018-2019,রক্তে গ্লুকোজের মাত্রা নিয়ন্ত্রণে কোন সংবহনতন্ত্রের ভূমিকা রয়েছে?,C,C,False,True,1.6046311730001435,C,
234,MAT 2019-2020,কোষের কোথায় ক্রেবস চক্র (Krebs cycle) সংঘটিত হয়?,C,C,False,True,1.5698855460000232,C,
996,DAT 2021-2022,কোন কোষ বিভাজন পদ্ধতিতে RBC তৈরি হয়?,B,B,False,True,1.7386525960000654,B,
848,MAT 2021-2022,কোনটি autosomal recessive disorder?,A,A,False,True,1.2049435130002166,A,
493,MAT 2011-2012,নিম্নের কোন অঙ্গে লোহিত কণিকা ধ্বংস হয়?,AB,AB,True,True,1.1918355739999242,"A,B",
802,MAT 2024-2025,কোন এন্টিবডি প্রধানত এলার্জির সাথে সংশ্লিষ্ট?,D,D,False,True,1.9745658929996353,D,
621,MAT 2009-2010,নিম্নের কোনটি হৃদপিন্ডের সংকোচনের শক্তিকে বাড়ায়?,C,C,False,True,1.883441683000001,C,
559,MAT 1990-1991,হিউমেরাস কোন অস্থিটিকে বলা হয়?,C,C,False,True,1.4157129639997947,C,
523,MAT 2006-2007,ব্রঙ্কিয়াল নালীগুলোর কোনটি সঠিক পর্যায়ক্রম?,B,D,False,False,1.6433588079999026,D,
789,MAT 2016-2017,প্রাপ্তবয়স্ক মানুষের মস্তিষ্কে নিউরনের সংখ্যা কত?,C,C,False,True,1.4995128549999208,C,
541,MAT 2003-2004,প্রতিটি বৃক্কে নেফ্রন থাকে-,C,C,False,True,0.9928494689997933,C,
792,MAT 2016-2017,"কনে হিমোফিলিয়া বাহক, বর সুস্থ, এদের সন্তানদের ক্ষেত্রে কোনটি মিথ্যা?",B,B,False,True,1.2533896390000336,B,
462,MAT 2014-2015,স্বাভাবিক মূত্রের বর্ণ হালকা হলুদ হয় কিসের উপস্থিতিতে?,B,B,False,True,1.2611037299998316,B,
907,MAT 2024-2025,পেসমেকারের কাজ কি?,D,D,False,True,1.3749852390001251,D,
225,MAT 2019-2020,মানবদেহের রক্তে কোন বাফার দ্রবণ (buffer solution) থাকে?,A,A,False,True,1.6598402079998777,A,
499,MAT 1988-1989,মানবদেহে রোগ প্রতিরোধক হিসাবে কাজ করে কোনটি?,B,B,False,True,2.0774924309998823,B,
504,MAT 2013-2014,হৃদপিন্ডের ডান অলিন্দ ও ডান নিলয়ের সংযোগ স্থলের কপাটিকার নাম-,B,B,False,True,1.9029573039997558,B,
656,MAT 2005-2006,নিচের কোনটি গ্যামিটোজেনেসিসের জন্য সঠিক নয়?,B,B,False,True,1.7152965179998318,B,
866,MAT 2020-2021,ভ্রূণে লোহিত কণিকাসমূহ নিম্নের কোথায় তৈরি হয়?,AC,C,True,False,1.6611297849999573,C,
492,MAT 2012-2013,রক্তের pH নির্ভর করে যার উপর-,B,B,False,True,1.8857286110001041,B,
273,DAT 2020-2021,ক্রোমাটোগ্রাফির (Chromatography) কয়টি পর্যায় (Phase) আছে?,A,A,False,True,1.54294045000006,A,
13,MAT 2024-2025,পেসমেকারের কাজ কি?,D,D,False,True,1.6338492529998803,D,
466,MAT 2014-2015,মোটর প্রকৃতির স্নায়ু কোনটি?,A,A,False,True,2.2610066689999258,A,
743,MAT 2015-2016,কোন চক্রের মাধ্যমে যকৃতে ইউরিয়া তৈরি হয়?,C,C,False,True,1.3444298959998378,C,
914,MAT 2022-2023,Mollusca এর ক্ষেত্রে কোনটি সঠিক?,B,B,False,True,1.7677037509997717,B,
833,DAT 2021-2022,কোনটি প্লাজমা প্রোটিন নয়?,A,A,False,True,1.2324188719999256,A,
316,DAT 2018-2019,নিচের কোনটি সমগোত্রীয় পাখির উদাহরণ নয়?,A,A,False,True,1.2086439820000123,A,
214,AFMC 2016-2017,কোন পর্বের প্রাণিদের Plannula লার্ভা দশা রয়েছে?,B,B,False,True,1.5332576219998373,B,
624,MAT 2008-2009,নিম্নে উল্লেখিত কোনটি থেকে টেস্টোস্টেরণ হরমোন নিঃসৃত হয়?,C,C,False,True,1.217804920999697,C,
512,DAT 2008-2009,নিম্ন প্রদত্ত কোন ধমনিটির উৎপত্তি এ্যাওর্টার বাঁক থেকে হয় না?,D,D,False,True,1.016073292999863,D,
217,AFMC 2016-2017,আইলেটস অব ল্যাঙ্গারহ্যানস এর কোষ নয় কোনটি?,D,D,False,True,1.4379867369998465,D,
581,DAT 2010-2011,কোন এনজাইম স্নায়ু উদ্দীপনা পরিবহনে গুরুত্বপূর্ণ ভূমিকা পালন করে?,A,A,False,True,1.3714334549999876,A,
51,MAT 2021-2022,কেঁচো কোন অঙ্গের মাধ্যমে শ্বাসপ্রশ্বাস নেয়?,C,C,False,True,0.9519743529999687,C,
918,MAT 2022-2023,মায়োফাইব্রিলে কি ধরনের আমিষ থাকে?,A,A,False,True,1.3798424790002173,A,
373,MAT 2018-2019,চোখের রেটিনার ভিতর সবচেয়ে আলোক সংবেদী অংশের নাম কী?,C,C,False,True,1.4416531719998602,C,
56,MAT 2021-2022,কোন পদ্ধতিতে কোভিড ১৯ ভ্যাক্সিন প্রস্তুত করা হয় না?,D,D,False,True,1.8087871430002451,D,
952,MAT 2020-2021,Alveolus থেকে অক্সিজেন রক্তে কিভাবে প্রবেশ করে?,D,D,False,True,1.668916832999912,D,
538,DAT 2004-2005,রেচনতন্ত্রের নিচের কোনটি ইউরেটার নামক নালি গঠন করে?,B,B,False,True,1.7225693609998416,B,
463,MAT 2014-2015,নিচের কোনটি ক্লাভিকলের বৈশিষ্ট্য?,A,A,False,True,1.8871674550000535,A,
774,MAT 2017-2018,মানব দেহে নিষেক প্রক্রিয়া কোথায় সংঘটিত হয়?,B,B,False,True,1.6646208530000877,B,
770,AFMC 2020-2021,কোনটি সেক্স লিংকড ডিসঅর্ডার নয়?,A,A,False,True,3.177172931000314,A,
125,MAT 2023-2024,কোন পর্বের প্রাণীতে র ্যাবডিটিফর্ম লার্ভা দশা দেখা যায়?,A,A,False,True,1.265104165000139,A,
594,MAT 2007-2008,নিম্নের কোনটি অগ্রমস্তিস্কের অংশ নয়?,B,B,False,True,1.6672208969998792,B,752,MAT 2014-2015,নিচের কোনটি ভ্রূণীয় এক্টোডার্ম স্তর থেকে তৈরি হয়?,C,C,False,True,1.766135623000082,C,
153,DAT 2024-2025,ট্রিপসিন জারকের জন্যে সঠিক কোনটি?,A,A,False,True,1.03171069300015,A,
901,MAT 2024-2025,কোন চক্রের মাধ্যমে যকৃতে ইউরিয়া তৈরী হয়?,B,B,False,True,1.69708582200019,B,
188,AFMC 2021-2022,কোন প্রক্রিয়ায় RNA হতে DNA তৈরি হয়?,A,A,False,True,2.2052457310001046,A,
57,MAT 2020-2021,কোনটি ভাইরাস বৃদ্ধিতে বাঁধা দেয়?,A,A,False,True,1.2961484889997337,A,
62,MAT 2020-2021,কোনটি আমিষ পরিপাককারী (digesting) এনজাইম?,B,B,False,True,1.3796192029999474,B,
446,MAT 2015-2016,মানুষের নবম জোড়া করোটিক স্নায়ুর নাম কী?,D,D,False,True,1.057671510000091,D,
545,MAT 1989-1990,বৃক্কে বিদ্যমান-,A,A,False,True,0.8442456560001119,A,
973,AFMC 2019-2020,দ্বিপদ নামকরণের জনক কে?,A,A,False,True,1.7870483159999822,A,
305,AFMC 2015-2016,অ্যানিমাল পোলের ক্ষেত্রে কোনটি সঠিক?,D,D,False,True,1.6005968270001176,D,
260,DAT 2020-2021,নিচের কোন হরমোনটি রক্তে সোডিয়ামের মাত্রা নিয়ন্ত্রণ করে?,B,B,False,True,2.329647946000023,B,
254,MAT 2019-2020,হাইড্রার কোন অংশে নিডোসাইট কোষ সবচেয়ে বেশি থাকে?,B,B,False,True,1.4708279309998034,B,
666,MAT 2004-2005,ইন্টারফেরনের কাজ নয় কোনটি?,C,C,False,True,3.48680479199993,C,
345,DAT 2017-2018,"মানব পিত্তরস সম্বন্ধে নিচের কোন তথ্যটি সঠিক, ইহা-",D,D,False,True,1.6986064640000222,D,
603,MAT 2001-2002,হার্ডেরিয়ান গ্রন্থির অবস্থান যেখানে-,B,B,False,True,1.2791046489996916,B,
128,AFMC 2017-2018,রেটিনার কোন ধরনের কোষ থেকে অপটিক স্নায়ু তৈরী হয়?,D,D,False,True,1.6712282259995845,D,
696,DAT 2009-2010,নিম্নের কোনটি সঠিক নয়?,D,D,False,True,1.3527245150003182,D,
991,AFMC 2019-2020,মানবদেহে কোন ইউমিউনোগ্লোবিউলিন অনুপস্থিত?,A,A,False,True,1.2728820529996483,A,
816,MAT 2022-2023,মানবদেহে কোনটি লুপ্তপ্রায় অংগ?,B,D,False,False,1.5969006279997302,D,
372,MAT 2018-2019,কোনটি মানুষের পশ্চাৎ মস্তিষ্কের অংশ নয়?,D,D,False,True,1.2864671580000504,D,
522,MAT 2006-2007,স্বরতন্ত্রীর অবস্থান হচ্ছে-,D,D,False,True,1.227616899000168,D,
405,MAT 2017-2018,হেনলির লুপের অবস্থান বৃক্কের কোথায়?,A,A,False,True,1.5615016120000291,A,
412,MAT 2016-2017,ফিলোসফিকা জুওলজিক' গ্রন্থের রচয়িতা কে?,B,B,False,True,1.0170770080003422,B,
482,AFMC 2020-2021,"চিকিৎসাবিদ্যার কোন শাখায় স্থূলতার কারণ, প্রতিরোধ ও চিকিৎসা সম্বন্ধে আলোচনা করা হয়?",C,C,False,True,1.0523806680002963,C,
170,DAT 2024-2025,কোন গ্রন্থি আমিষ শোষণ নিয়ন্ত্রণ করে?,D,D,False,True,2.91036149699994,D,
836,DAT 2021-2022,আমাদের জাতীয় পাখির বৈজ্ঞানিক নাম কি?,B,B,False,True,1.8134576699999343,B,
78,AFMC 2019-2020,পেসমেকারে কোন ব্যাটারি ব্যবহৃত হয়?,A,A,False,True,1.0084957340000074,A,
966,MAT 2020-2021,ভ্রূণে লোহিত কণিকাসমূহ নিম্নের কোথায় তৈরি হয়?,AC,C,True,False,1.64207497399957,C,
83,AFMC 2019-2020,অত্যাবশ্যকীয় অ্যামিনো এসিড নয় কোনটি?,C,D,False,False,1.6724209829999381,D,
738,MAT 2015-2016,কোন ভিটামিন পানিতে দ্রবণীয়?,C,C,False,True,1.2436233360003826,C,
904,MAT 2024-2025,এনজিওপ্লাস্টি করলে কি হয়?,B,B,False,True,1.2413546630000383,B,
291,DAT 2019-2020,নিচের কোন গ্রন্থিটি ক্যালসিয়াম বিপাকে সহায়তা করে?,A,A,False,True,1.1951281100000415,A,
311,DAT 2018-2019,সিফিলিস রোগের জন্য দায়ী নিচের কোনটি?,A,A,False,True,1.8566061589999663,A,
849,MAT 2021-2022,কোন এনজাইম আমিষ পরিপাকে সাহায্য করে?,B,B,False,True,1.5672593879999113,B,
100,AFMC 2018-2019,নিচের কোন প্রাণীটি ত্রিস্তরী?,B,B,False,True,2.1676829540001563,B,
490,MAT 2002-2003,শোষিত খাদ্যবস্তুর প্রোটোপ্লাজমে রূপান্তরকে বলে-,C,C,False,True,2.375924410999687,C,
421,MAT 2016-2017,কোনটি ক্ষুদ্রান্ত্রের অংশ নয়?,C,C,False,True,1.7486665650003488,C,
835,DAT 2021-2022,কোনটি Live attenuated ভ্যাক্সিন?,A,A,False,True,1.253263796000283,A,
766,AFMC 2020-2021,সন্তান প্রসবে কোন হরমোন সাহায্য করে?,A,A,False,True,1.7649097819999042,A,
782,MAT 2017-2018,স্ত্রী রুইমাছ ডিম পাড়ে কখন?,C,C,False,True,1.6421388630001275,C,
935,DAT 2021-2022,কোনটি Live attenuated ভ্যাক্সিন?,A,A,False,True,1.9588826219996918,A,
982,AFMC 2019-2020,কত BMI কে স্বাভাবিক ওজন হিসেবে ধরা হয়?,C,C,False,True,1.7650783549997868,C,
548,MAT 2010-2011,মানুষের গ্লোমেরুলাসে পরিদ্রুত মূত্র ADH এর প্রভাব ছাড়া নিম্নের (%) কতভাগ পুনঃশোষণ প্রক্রিয়ায় নেফ্রনের প্রক্সিমাল প্যাঁচানো নালিকায় শোষিত হয়?,C,D,False,False,1.65759630499997,D,
339,DAT 2017-2018,মোলার দাঁতের কাজ কোনটি?,B,C,False,False,1.691036597999755,C,
197,AFMC 2021-2022,প্যানক্রিয়াসের আইলেটস অব ল্যাঙ্গার হ্যান্স এর কোন কোষ (Cells) থেকে ইনসুলিন নিঃসৃত হয়?,D,D,False,True,1.7001172010000118,D,
970,MAT 2020-2021,গ্রোথ হরমোন কোথায় তৈরি হয়?,D,D,False,True,2.4964841709997927,D,
354,DAT 2016-2017,সেরেব্রামের দুটি খণ্ডকে সংযোগকারী স্নায়ু গুচ্ছের নাম-,C,C,False,True,1.6741214740000032,C,
572,MAT 2009-2010,নিম্নের কোন অস্থিতে মজ্জা গহ্বর নাই?,D,C,False,False,1.2503414050001993,C,
94,AFMC 2019-2020,দেহের ভারসাম্য রক্ষা করে কোনটি?,B,B,False,True,2.402838750999763,B,
353,DAT 2016-2017,পাকস্থলিতে কোন করোটিক স্নায়ুর কার্যক্রম বিদ্যমান?,C,C,False,True,1.6855446250001478,C,
127,AFMC 2017-2018,মুখমন্ডলীয় অস্থিতে প্যালেটিন এর সংখ্যা কত?,B,B,False,True,1.6496684220001043,B,
202,AFMC 2021-2022,শ্বসনতন্ত্রের উৎপত্তি কোথা থেকে হয়?,A,A,False,True,1.264583082000172,A,
154,DAT 2024-2025,পূর্ণবয়স্ক সুস্থ মানুষের দু'টি ফুসফুসে আলভিওলাসের সংখ্যা কত?,D,C,False,False,1.2810085299997809,C,
990,AFMC 2019-2020,গ্রন্থিরাজ বলা হয় কোনটিকে?,C,B,False,False,1.6377237849997073,B,
257,MAT 2019-2020,আন্তঃকশেরুকা চাকতিতে কী ধরনের তরুণাস্থি পাওয়া যায়?,C,C,False,True,1.271627110999816,C,
101,AFMC 2018-2019,রক্তে গ্লুকোজের মাত্রা নিয়ন্ত্রণে কোন সংবহনতন্ত্রের ভূমিকা রয়েছে?,C,C,False,True,1.6046311730001435,C,
234,MAT 2019-2020,কোষের কোথায় ক্রেবস চক্র (Krebs cycle) সংঘটিত হয়?,C,C,False,True,1.5698855460000232,C,
996,DAT 2021-2022,কোন কোষ বিভাজন পদ্ধতিতে RBC তৈরি হয়?,B,B,False,True,1.7386525960000654,B,
848,MAT 2021-2022,কোনটি autosomal recessive disorder?,A,A,False,True,1.2049435130002166,A,
493,MAT 2011-2012,নিম্নের কোন অঙ্গে লোহিত কণিকা ধ্বংস হয়?,AB,AB,True,True,1.1918355739999242,"A,B",
802,MAT 2024-2025,কোন এন্টিবডি প্রধানত এলার্জির সাথে সংশ্লিষ্ট?,D,D,False,True,1.9745658929996353,D,
621,MAT 2009-2010,নিম্নের কোনটি হৃদপিন্ডের সংকোচনের শক্তিকে বাড়ায়?,C,C,False,True,1.883441683000001,C,
559,MAT 1990-1991,হিউমেরাস কোন অস্থিটিকে বলা হয়?,C,C,False,True,1.4157129639997947,C,
523,MAT 2006-2007,ব্রঙ্কিয়াল নালীগুলোর কোনটি সঠিক পর্যায়ক্রম?,B,D,False,False,1.6433588079999026,D,
789,MAT 2016-2017,প্রাপ্তবয়স্ক মানুষের মস্তিষ্কে নিউরনের সংখ্যা কত?,C,C,False,True,1.4995128549999208,C,
541,MAT 2003-2004,প্রতিটি বৃক্কে নেফ্রন থাকে-,C,C,False,True,0.9928494689997933,C,
792,MAT 2016-2017,"কনে হিমোফিলিয়া বাহক, বর সুস্থ, এদের সন্তানদের ক্ষেত্রে কোনটি মিথ্যা?",B,B,False,True,1.2533896390000336,B,
462,MAT 2014-2015,স্বাভাবিক মূত্রের বর্ণ হালকা হলুদ হয় কিসের উপস্থিতিতে?,B,B,False,True,1.2611037299998316,B,
907,MAT 2024-2025,পেসমেকারের কাজ কি?,D,D,False,True,1.3749852390001251,D,
225,MAT 2019-2020,মানবদেহের রক্তে কোন বাফার দ্রবণ (buffer solution) থাকে?,A,A,False,True,1.6598402079998777,A,
499,MAT 1988-1989,মানবদেহে রোগ প্রতিরোধক হিসাবে কাজ করে কোনটি?,B,B,False,True,2.0774924309998823,B,
504,MAT 2013-2014,হৃদপিন্ডের ডান অলিন্দ ও ডান নিলয়ের সংযোগ স্থলের কপাটিকার নাম-,B,B,False,True,1.9029573039997558,B,
656,MAT 2005-2006,নিচের কোনটি গ্যামিটোজেনেসিসের জন্য সঠিক নয়?,B,B,False,True,1.7152965179998318,B,
866,MAT 2020-2021,ভ্রূণে লোহিত কণিকাসমূহ নিম্নের কোথায় তৈরি হয়?,AC,C,True,False,1.6611297849999573,C,
492,MAT 2012-2013,রক্তের pH নির্ভর করে যার উপর-,B,B,False,True,1.8857286110001041,B,
273,DAT 2020-2021,ক্রোমাটোগ্রাফির (Chromatography) কয়টি পর্যায় (Phase) আছে?,A,A,False,True,1.54294045000006,A,
13,MAT 2024-2025,পেসমেকারের কাজ কি?,D,D,False,True,1.6338492529998803,D,
466,MAT 2014-2015,মোটর প্রকৃতির স্নায়ু কোনটি?,A,A,False,True,2.2610066689999258,A,
743,MAT 2015-2016,কোন চক্রের মাধ্যমে যকৃতে ইউরিয়া তৈরি হয়?,C,C,False,True,1.3444298959998378,C,
914,MAT 2022-2023,Mollusca এর ক্ষেত্রে কোনটি সঠিক?,B,B,False,True,1.7677037509997717,B,
833,DAT 2021-2022,কোনটি প্লাজমা প্রোটিন নয়?,A,A,False,True,1.2324188719999256,A,
316,DAT 2018-2019,নিচের কোনটি সমগোত্রীয় পাখির উদাহরণ নয়?,A,A,False,True,1.2086439820000123,A,
214,AFMC 2016-2017,কোন পর্বের প্রাণিদের Plannula লার্ভা দশা রয়েছে?,B,B,False,True,1.5332576219998373,B,
624,MAT 2008-2009,নিম্নে উল্লেখিত কোনটি থেকে টেস্টোস্টেরণ হরমোন নিঃসৃত হয়?,C,C,False,True,1.217804920999697,C,
512,DAT 2008-2009,নিম্ন প্রদত্ত কোন ধমনিটির উৎপত্তি এ্যাওর্টার বাঁক থেকে হয় না?,D,D,False,True,1.016073292999863,D,
217,AFMC 2016-2017,আইলেটস অব ল্যাঙ্গারহ্যানস এর কোষ নয় কোনটি?,D,D,False,True,1.4379867369998465,D,
581,DAT 2010-2011,কোন এনজাইম স্নায়ু উদ্দীপনা পরিবহনে গুরুত্বপূর্ণ ভূমিকা পালন করে?,A,A,False,True,1.3714334549999876,A,
51,MAT 2021-2022,কেঁচো কোন অঙ্গের মাধ্যমে শ্বাসপ্রশ্বাস নেয়?,C,C,False,True,0.9519743529999687,C,
918,MAT 2022-2023,মায়োফাইব্রিলে কি ধরনের আমিষ থাকে?,A,A,False,True,1.3798424790002173,A,
373,MAT 2018-2019,চোখের রেটিনার ভিতর সবচেয়ে আলোক সংবেদী অংশের নাম কী?,C,C,False,True,1.4416531719998602,C,
56,MAT 2021-2022,কোন পদ্ধতিতে কোভিড ১৯ ভ্যাক্সিন প্রস্তুত করা হয় না?,D,D,False,True,1.8087871430002451,D,
952,MAT 2020-2021,Alveolus থেকে অক্সিজেন রক্তে কিভাবে প্রবেশ করে?,D,D,False,True,1.668916832999912,D,
538,DAT 2004-2005,রেচনতন্ত্রের নিচের কোনটি ইউরেটার নামক নালি গঠন করে?,B,B,False,True,1.7225693609998416,B,
463,MAT 2014-2015,নিচের কোনটি ক্লাভিকলের বৈশিষ্ট্য?,A,A,False,True,1.8871674550000535,A,
774,MAT 2017-2018,মানব দেহে নিষেক প্রক্রিয়া কোথায় সংঘটিত হয়?,B,B,False,True,1.6646208530000877,B,
770,AFMC 2020-2021,কোনটি সেক্স লিংকড ডিসঅর্ডার নয়?,A,A,False,True,3.177172931000314,A,
125,MAT 2023-2024,কোন পর্বের প্রাণীতে র ্যাবডিটিফর্ম লার্ভা দশা দেখা যায়?,A,A,False,True,1.265104165000139,A,
594,MAT 2007-2008,নিম্নের কোনটি অগ্রমস্তিস্কের অংশ নয়?,B,B,False,True,1.6672208969998792,B,752,MAT 2014-2015,নিচের কোনটি ভ্রূণীয় এক্টোডার্ম স্তর থেকে তৈরি হয়?,C,C,False,True,1.766135623000082,C,
153,DAT 2024-2025,ট্রিপসিন জারকের জন্যে সঠিক কোনটি?,A,A,False,True,1.03171069300015,A,
901,MAT 2024-2025,কোন চক্রের মাধ্যমে যকৃতে ইউরিয়া তৈরী হয়?,B,B,False,True,1.69708582200019,B,
188,AFMC 2021-2022,কোন প্রক্রিয়ায় RNA হতে DNA তৈরি হয়?,A,A,False,True,2.2052457310001046,A,
57,MAT 2020-2021,কোনটি ভাইরাস বৃদ্ধিতে বাঁধা দেয়?,A,A,False,True,1.2961484889997337,A,
62,MAT 2020-2021,কোনটি আমিষ পরিপাককারী (digesting) এনজাইম?,B,B,False,True,1.3796192029999474,B,
446,MAT 2015-2016,মানুষের নবম জোড়া করোটিক স্নায়ুর নাম কী?,D,D,False,True,1.057671510000091,D,
545,MAT 1989-1990,বৃক্কে বিদ্যমান-,A,A,False,True,0.8442456560001119,A,
973,AFMC 2019-2020,দ্বিপদ নামকরণের জনক কে?,A,A,False,True,1.7870483159999822,A,
305,AFMC 2015-2016,অ্যানিমাল পোলের ক্ষেত্রে কোনটি সঠিক?,D,D,False,True,1.6005968270001176,D,
260,DAT 2020-2021,নিচের কোন হরমোনটি রক্তে সোডিয়ামের মাত্রা নিয়ন্ত্রণ করে?,B,B,False,True,2.329647946000023,B,
254,MAT 2019-2020,হাইড্রার কোন অংশে নিডোসাইট কোষ সবচেয়ে বেশি থাকে?,B,B,False,True,1.4708279309998034,B,
666,MAT 2004-2005,ইন্টারফেরনের কাজ নয় কোনটি?,C,C,False,True,3.48680479199993,C,
345,DAT 2017-2018,"মানব পিত্তরস সম্বন্ধে নিচের কোন তথ্যটি সঠিক, ইহা-",D,D,False,True,1.6986064640000222,D,
603,MAT 2001-2002,হার্ডেরিয়ান গ্রন্থির অবস্থান যেখানে-,B,B,False,True,1.2791046489996916,B,
128,AFMC 2017-2018,রেটিনার কোন ধরনের কোষ থেকে অপটিক স্নায়ু তৈরী হয়?,D,D,False,True,1.6712282259995845,D,
696,DAT 2009-2010,নিম্নের কোনটি সঠিক নয়?,D,D,False,True,1.3527245150003182,D,
991,AFMC 2019-2020,মানবদেহে কোন ইউমিউনোগ্লোবিউলিন অনুপস্থিত?,A,A,False,True,1.2728820529996483,A,
816,MAT 2022-2023,মানবদেহে কোনটি লুপ্তপ্রায় অংগ?,B,D,False,False,1.5969006279997302,D,
372,MAT 2018-2019,কোনটি মানুষের পশ্চাৎ মস্তিষ্কের অংশ নয়?,D,D,False,True,1.2864671580000504,D,
522,MAT 2006-2007,স্বরতন্ত্রীর অবস্থান হচ্ছে-,D,D,False,True,1.227616899000168,D,
405,MAT 2017-2018,হেনলির লুপের অবস্থান বৃক্কের কোথায়?,A,A,False,True,1.5615016120000291,A,
412,MAT 2016-2017,ফিলোসফিকা জুওলজিক' গ্রন্থের রচয়িতা কে?,B,B,False,True,1.0170770080003422,B,
482,AFMC 2020-2021,"চিকিৎসাবিদ্যার কোন শাখায় স্থূলতার কারণ, প্রতিরোধ ও চিকিৎসা সম্বন্ধে আলোচনা করা হয়?",C,C,False,True,1.0523806680002963,C,
170,DAT 2024-2025,কোন গ্রন্থি আমিষ শোষণ নিয়ন্ত্রণ করে?,D,D,False,True,2.91036149699994,D,
836,DAT 2021-2022,আমাদের জাতীয় পাখির বৈজ্ঞানিক নাম কি?,B,B,False,True,1.8134576699999343,B,
78,AFMC 2019-2020,পেসমেকারে কোন ব্যাটারি ব্যবহৃত হয়?,A,A,False,True,1.0084957340000074,A,
966,MAT 2020-2021,ভ্রূণে লোহিত কণিকাসমূহ নিম্নের কোথায় তৈরি হয়?,AC,C,True,False,1.64207497399957,C,
83,AFMC 2019-2020,অত্যাবশ্যকীয় অ্যামিনো এসিড নয় কোনটি?,C,D,False,False,1.6724209829999381,D,
738,MAT 2015-2016,কোন ভিটামিন পানিতে দ্রবণীয়?,C,C,False,True,1.2436233360003826,C,
904,MAT 2024-2025,এনজিওপ্লাস্টি করলে কি হয়?,B,B,False,True,1.2413546630000383,B,
291,DAT 2019-2020,নিচের কোন গ্রন্থিটি ক্যালসিয়াম বিপাকে সহায়তা করে?,A,A,False,True,1.1951281100000415,A,
311,DAT 2018-2019,সিফিলিস রোগের জন্য দায়ী নিচের কোনটি?,A,A,False,True,1.8566061589999663,A,
849,MAT 2021-2022,কোন এনজাইম আমিষ পরিপাকে সাহায্য করে?,B,B,False,True,1.5672593879999113,B,
100,AFMC 2018-2019,নিচের কোন প্রাণীটি ত্রিস্তরী?,B,B,False,True,2.1676829540001563,B,
490,MAT 2002-2003,শোষিত খাদ্যবস্তুর প্রোটোপ্লাজমে রূপান্তরকে বলে-,C,C,False,True,2.375924410999687,C,
421,MAT 2016-2017,কোনটি ক্ষুদ্রান্ত্রের অংশ নয়?,C,C,False,True,1.7486665650003488,C,
835,DAT 2021-2022,কোনটি Live attenuated ভ্যাক্সিন?,A,A,False,True,1.253263796000283,A,
766,AFMC 2020-2021,সন্তান প্রসবে কোন হরমোন সাহায্য করে?,A,A,False,True,1.7649097819999042,A,
782,MAT 2017-2018,স্ত্রী রুইমাছ ডিম পাড়ে কখন?,C,C,False,True,1.6421388630001275,C,
935,DAT 2021-2022,কোনটি Live attenuated ভ্যাক্সিন?,A,A,False,True,1.9588826219996918,A,
982,AFMC 2019-2020,কত BMI কে স্বাভাবিক ওজন হিসেবে ধরা হয়?,C,C,False,True,1.7650783549997868,C,
548,MAT 2010-2011,মানুষের গ্লোমেরুলাসে পরিদ্রুত মূত্র ADH এর প্রভাব ছাড়া নিম্নের (%) কতভাগ পুনঃশোষণ প্রক্রিয়ায় নেফ্রনের প্রক্সিমাল প্যাঁচানো নালিকায় শোষিত হয়?,C,D,False,False,1.65759630499997,D,
339,DAT 2017-2018,মোলার দাঁতের কাজ কোনটি?,B,C,False,False,1.691036597999755,C,
197,AFMC 2021-2022,প্যানক্রিয়াসের আইলেটস অব ল্যাঙ্গার হ্যান্স এর কোন কোষ (Cells) থেকে ইনসুলিন নিঃসৃত হয়?,D,D,False,True,1.7001172010000118,D,
970,MAT 2020-2021,গ্রোথ হরমোন কোথায় তৈরি হয়?,D,D,False,True,2.4964841709997927,D,
354,DAT 2016-2017,সেরেব্রামের দুটি খণ্ডকে সংযোগকারী স্নায়ু গুচ্ছের নাম-,C,C,False,True,1.6741214740000032,C,
572,MAT 2009-2010,নিম্নের কোন অস্থিতে মজ্জা গহ্বর নাই?,D,C,False,False,1.2503414050001993,C,
94,AFMC 2019-2020,দেহের ভারসাম্য রক্ষা করে কোনটি?,B,B,False,True,2.402838750999763,B,
353,DAT 2016-2017,পাকস্থলিতে কোন করোটিক স্নায়ুর কার্যক্রম বিদ্যমান?,C,C,False,True,1.6855446250001478,C,
127,AFMC 2017-2018,মুখমন্ডলীয় অস্থিতে প্যালেটিন এর সংখ্যা কত?,B,B,False,True,1.6496684220001043,B,
202,AFMC 2021-2022,শ্বসনতন্ত্রের উৎপত্তি কোথা থেকে হয়?,A,A,False,True,1.264583082000172,A,
154,DAT 2024-2025,পূর্ণবয়স্ক সুস্থ মানুষের দু'টি ফুসফুসে আলভিওলাসের সংখ্যা কত?,D,C,False,False,1.2810085299997809,C,
990,AFMC 2019-2020,গ্রন্থিরাজ বলা হয় কোনটিকে?,C,B,False,False,1.6377237849997073,B,
257,MAT 2019-2020,আন্তঃকশেরুকা চাকতিতে কী ধরনের তরুণাস্থি পাওয়া যায়?,C,C,False,True,1.271627110999816,C,
101,AFMC 2018-2019,রক্তে গ্লুকোজের মাত্রা নিয়ন্ত্রণে কোন সংবহনতন্ত্রের ভূমিকা রয়েছে?,C,C,False,True,1.6046311730001435,C,
234,MAT 2019-2020,কোষের কোথায় ক্রেবস চক্র (Krebs cycle) সংঘটিত হয়?,C,C,False,True,1.5698855460000232,C,
996,DAT 2021-2022,কোন কোষ বিভাজন পদ্ধতিতে RBC তৈরি হয়?,B,B,False,True,1.7386525960000654,B,
848,MAT 2021-2022,কোনটি autosomal recessive disorder?,A,A,False,True,1.2049435130002166,A,
493,MAT 2011-2012,নিম্নের কোন অঙ্গে লোহিত কণিকা ধ্বংস হয়?,AB,AB,True,True,1.1918355739999242,"A,B",
802,MAT 2024-2025,কোন এন্টিবডি প্রধানত এলার্জির সাথে সংশ্লিষ্ট?,D,D,False,True,1.9745658929996353,D,
621,MAT 2009-2010,নিম্নের কোনটি হৃদপিন্ডের সংকোচনের শক্তিকে বাড়ায়?,C,C,False,True,1.883441683000001,C,
559,MAT 1990-1991,হিউমেরাস কোন অস্থিটিকে বলা হয়?,C,C,False,True,1.4157129639997947,C,
523,MAT 2006-2007,ব্রঙ্কিয়াল নালীগুলোর কোনটি সঠিক পর্যায়ক্রম?,B,D,False,False,1.6433588079999026,D,
789,MAT 2016-2017,প্রাপ্তবয়স্ক মানুষের মস্তিষ্কে নিউরনের সংখ্যা কত?,C,C,False,True,1.4995128549999208,C,
541,MAT 2003-2004,প্রতিটি বৃক্কে নেফ্রন থাকে-,C,C,False,True,0.9928494689997933,C,
792,MAT 2016-2017,"কনে হিমোফিলিয়া বাহক, বর সুস্থ, এদের সন্তানদের ক্ষেত্রে কোনটি মিথ্যা?",B,B,False,True,1.2533896390000336,B,
462,MAT 2014-2015,স্বাভাবিক মূত্রের বর্ণ হালকা হলুদ হয় কিসের উপস্থিতিতে?,B,B,False,True,1.2611037299998316,B,
907,MAT 2024-2025,পেসমেকারের কাজ কি?,D,D,False,True,1.3749852390001251,D,
225,MAT 2019-2020,মানবদেহের রক্তে কোন বাফার দ্রবণ (buffer solution) থাকে?,A,A,False,True,1.6598402079998777,A,
499,MAT 1988-1989,মানবদেহে রোগ প্রতিরোধক হিসাবে কাজ করে কোনটি?,B,B,False,True,2.0774924309998823,B,
504,MAT 2013-2014,হৃদপিন্ডের ডান অলিন্দ ও ডান নিলয়ের সংযোগ স্থলের কপাটিকার নাম-,B,B,False,True,1.9029573039997558,B,
656,MAT 2005-2006,নিচের কোনটি গ্যামিটোজেনেসিসের জন্য সঠিক নয়?,B,B,False,True,1.7152965179998318,B,
866,MAT 2020-2021,ভ্রূণে লোহিত কণিকাসমূহ নিম্নের কোথায় তৈরি হয়?,AC,C,True,False,1.6611297849999573,C,
492,MAT 2012-2013,রক্তের pH নির্ভর করে যার উপর-,B,B,False,True,1.8857286110001041,B,
273,DAT 2020-2021,ক্রোমাটোগ্রাফির (Chromatography) কয়টি পর্যায় (Phase) আছে?,A,A,False,True,1.54294045000006,A,
13,MAT 2024-2025,পেসমেকারের কাজ কি?,D,D,False,True,1.6338492529998803,D,
466,MAT 2014-2015,মোটর প্রকৃতির স্নায়ু কোনটি?,A,A,False,True,2.2610066689999258,A,
743,MAT 2015-2016,কোন চক্রের মাধ্যমে যকৃতে ইউরিয়া তৈরি হয়?,C,C,False,True,1.3444298959998378,C,
914,MAT 2022-2023,Mollusca এর ক্ষেত্রে কোনটি সঠিক?,B,B,False,True,1.7677037509997717,B,
833,DAT 2021-2022,কোনটি প্লাজমা প্রোটিন নয়?,A,A,False,True,1.2324188719999256,A,
316,DAT 2018-2019,নিচের কোনটি সমগোত্রীয় পাখির উদাহরণ নয়?,A,A,False,True,1.2086439820000123,A,
214,AFMC 2016-2017,কোন পর্বের প্রাণিদের Plannula লার্ভা দশা রয়েছে?,B,B,False,True,1.5332576219998373,B,
624,MAT 2008-2009,নিম্নে উল্লেখিত কোনটি থেকে টেস্টোস্টেরণ হরমোন নিঃসৃত হয়?,C,C,False,True,1.217804920999697,C,
512,DAT 2008-2009,নিম্ন প্রদত্ত কোন ধমনিটির উৎপত্তি এ্যাওর্টার বাঁক থেকে হয় না?,D,D,False,True,1.016073292999863,D,
217,AFMC 2016-2017,আইলেটস অব ল্যাঙ্গারহ্যানস এর কোষ নয় কোনটি?,D,D,False,True,1.4379867369998465,D,
581,DAT 2010-2011,কোন এনজাইম স্নায়ু উদ্দীপনা পরিবহনে গুরুত্বপূর্ণ ভূমিকা পালন করে?,A,A,False,True,1.3714334549999876,A,
51,MAT 2021-2022,কেঁচো কোন অঙ্গের মাধ্যমে শ্বাসপ্রশ্বাস নেয়?,C,C,False,True,0.9519743529999687,C,
918,MAT 2022-2023,মায়োফাইব্রিলে কি ধরনের আমিষ থাকে?,A,A,False,True,1.3798424790002173,A,
373,MAT 2018-2019,চোখের রেটিনার ভিতর সবচেয়ে আলোক সংবেদী অংশের নাম কী?,C,C,False,True,1.4416531719998602,C,
56,MAT 2021-2022,কোন পদ্ধতিতে কোভিড ১৯ ভ্যাক্সিন প্রস্তুত করা হয় না?,D,D,False,True,1.8087871430002451,D,
952,MAT 2020-2021,Alveolus থেকে অক্সিজেন রক্তে কিভাবে প্রবেশ করে?,D,D,False,True,1.668916832999912,D,
538,DAT 2004-2005,রেচনতন্ত্রের নিচের কোনটি ইউরেটার নামক নালি গঠন করে?,B,B,False,True,1.7225693609998416,B,
463,MAT 2014-2015,নিচের কোনটি ক্লাভিকলের বৈশিষ্ট্য?,A,A,False,True,1.8871674550000535,A,
774,MAT 2017-2018,মানব দেহে নিষেক প্রক্রিয়া কোথায় সংঘটিত হয়?,B,B,False,True,1.6646208530000877,B,
770,AFMC 2020-2021,কোনটি সেক্স লিংকড ডিসঅর্ডার নয়?,A,A,False,True,3.177172931000314,A,
125,MAT 2023-2024,কোন পর্বের প্রাণীতে র ্যাবডিটিফর্ম লার্ভা দশা দেখা যায়?,A,A,False,True,1.265104165000139,A,
594,MAT 2007-2008,নিম্নের কোনটি অগ্রমস্তিস্কের অংশ নয়?,B,B,False,True,1.6672208969998792,B,752,MAT 2014-2015,নিচের কোনটি ভ্রূণীয় এক্টোডার্ম স্তর থেকে তৈরি হয়?,C,C,False,True,1.766135623000082,C,
153,DAT 2024-2025,ট্রিপসিন জারকের জন্যে সঠিক কোনটি?,A,A,False,True,1.03171069300015,A,
901,MAT 2024-2025,কোন চক্রের মাধ্যমে যকৃতে ইউরিয়া তৈরী হয়?,B,B,False,True,1.69708582200019,B,
188,AFMC 2021-2022,কোন প্রক্রিয়ায় RNA হতে DNA তৈরি হয়?,A,A,False,True,2.2052457310001046,A,
57,MAT 2020-2021,কোনটি ভাইরাস বৃদ্ধিতে বাঁধা দেয়?,A,A,False,True,1.2961484889997337,A,
62,MAT 2020-2021,কোনটি আমিষ পরিপাককারী (digesting) এনজাইম?,B,B,False,True,1.3796192029999474,B,
446,MAT 2015-2016,মানুষের নবম জোড়া করোটিক স্নায়ুর নাম কী?,D,D,False,True,1.057671510000091,D,
545,MAT 1989-1990,বৃক্কে বিদ্যমান-,A,A,False,True,0.8442456560001119,A,
973,AFMC 2019-2020,দ্বিপদ নামকরণের জনক কে?,A,A,False,True,1.7870483159999822,A,
305,AFMC 2015-2016,অ্যানিমাল পোলের ক্ষেত্রে কোনটি সঠিক?,D,D,False,True,1.6005968270001176,D,
260,DAT 2020-2021,নিচের কোন হরমোনটি রক্তে সোডিয়ামের মাত্রা নিয়ন্ত্রণ করে?,B,B,False,True,2.329647946000023,B,
254,MAT 2019-2020,হাইড্রার কোন অংশে নিডোসাইট কোষ সবচেয়ে বেশি থাকে?,B,B,False,True,1.4708279309998034,B,
666,MAT 2004-2005,ইন্টারফেরনের কাজ নয় কোনটি?,C,C,False,True,3.48680479199993,C,
345,DAT 2017-2018,"মানব পিত্তরস সম্বন্ধে নিচের কোন তথ্যটি সঠিক, ইহা-",D,D,False,True,1.6986064640000222,D,
603,MAT 2001-2002,হার্ডেরিয়ান গ্রন্থির অবস্থান যেখানে-,B,B,False,True,1.2791046489996916,B,
128,AFMC 2017-2018,রেটিনার কোন ধরনের কোষ থেকে অপটিক স্নায়ু তৈরী হয়?,D,D,False,True,1.6712282259995845,D,
696,DAT 2009-2010,নিম্নের কোনটি সঠিক নয়?,D,D,False,True,1.3527245150003182,D,
991,AFMC 2019-2020,মানবদেহে কোন ইউমিউনোগ্লোবিউলিন অনুপস্থিত?,A,A,False,True,1.2728820529996483,A,
816,MAT 2022-2023,মানবদেহে কোনটি লুপ্তপ্রায় অংগ?,B,D,False,False,1.5969006279997302,D,
372,MAT 2018-2019,কোনটি মানুষের পশ্চাৎ মস্তিষ্কের অংশ নয়?,D,D,False,True,1.2864671580000504,D,
522,MAT 2006-2007,স্বরতন্ত্রীর অবস্থান হচ্ছে-,D,D,False,True,1.227616899000168,D,
405,MAT 2017-2018,হেনলির লুপের অবস্থান বৃক্কের কোথায়?,A,A,False,True,1.5615016120000291,A,
412,MAT 2016-2017,ফিলোসফিকা জুওলজিক' গ্রন্থের রচয়িতা কে?,B,B,False,True,1.0170770080003422,B,
482,AFMC 2020-2021,"চিকিৎসাবিদ্যার কোন শাখায় স্থূলতার কারণ, প্রতিরোধ ও চিকিৎসা সম্বন্ধে আলোচনা করা হয়?",C,C,False,True,1.0523806680002963,C,
170,DAT 2024-2025,কোন গ্রন্থি আমিষ শোষণ নিয়ন্ত্রণ করে?,D,D,False,True,2.91036149699994,D,
836,DAT 2021-2022,আমাদের জাতীয় পাখির বৈজ্ঞানিক নাম কি?,B,B,False,True,1.8134576699999343,B,
78,AFMC 2019-2020,পেসমেকারে কোন ব্যাটারি ব্যবহৃত হয়?,A,A,False,True,1.0084957340000074,A,
966,MAT 2020-2021,ভ্রূণে লোহিত কণিকাসমূহ নিম্নের কোথায় তৈরি হয়?,AC,C,True,False,1.64207497399957,C,
83,AFMC 2019-2020,অত্যাবশ্যকীয় অ্যামিনো এসিড নয় কোনটি?,C,D,False,False,1.6724209829999381,D,
738,MAT 2015-2016,কোন ভিটামিন পানিতে দ্রবণীয়?,C,C,False,True,1.2436233360003826,C,
904,MAT 2024-2025,এনজিওপ্লাস্টি করলে কি হয়?,B,B,False,True,1.2413546630000383,B,
291,DAT 2019-2020,নিচের কোন গ্রন্থিটি ক্যালসিয়াম বিপাকে সহায়তা করে?,A,A,False,True,1.1951281100000415,A,
311,DAT 2018-2019,সিফিলিস রোগের জন্য দায়ী নিচের কোনটি?,A,A,False,True,1.8566061589999663,A,
849,MAT 2021-2022,কোন এনজাইম আমিষ পরিপাকে সাহায্য করে?,B,B,False,True,1.5672593879999113,B,
100,AFMC 2018-2019,নিচের কোন প্রাণীটি ত্রিস্তরী?,B,B,False,True,2.1676829540001563,B,
490,MAT 2002-2003,শোষিত খাদ্যবস্তুর প্রোটোপ্লাজমে রূপান্তরকে বলে-,C,C,False,True,2.375924410999687,C,
421,MAT 2016-2017,কোনটি ক্ষুদ্রান্ত্রের অংশ নয়?,C,C,False,True,1.7486665650003488,C,
835,DAT 2021-2022,কোনটি Live attenuated ভ্যাক্সিন?,A,A,False,True,1.253263796000283,A,
766,AFMC 2020-2021,সন্তান প্রসবে কোন হরমোন সাহায্য করে?,A,A,False,True,1.7649097819999042,A,
782,MAT 2017-2018,স্ত্রী রুইমাছ ডিম পাড়ে কখন?,C,C,False,True,1.6421388630001275,C,
935,DAT 2021-2022,কোনটি Live attenuated ভ্যাক্সিন?,A,A,False,True,1.9588826219996918,A,
982,AFMC 2019-2020,কত BMI কে স্বাভাবিক ওজন হিসেবে ধরা হয়?,C,C,False,True,1.7650783549997868,C,
548,MAT 2010-2011,মানুষের গ্লোমেরুলাসে পরিদ্রুত মূত্র ADH এর প্রভাব ছাড়া নিম্নের (%) কতভাগ পুনঃশোষণ প্রক্রিয়ায় নেফ্রনের প্রক্সিমাল প্যাঁচানো নালিকায় শোষিত হয়?,C,D,False,False,1.65759630499997,D,
339,DAT 2017-2018,মোলার দাঁতের কাজ কোনটি?,B,C,False,False,1.691036597999755,C,
197,AFMC 2021-2022,প্যানক্রিয়াসের আইলেটস অব ল্যাঙ্গার হ্যান্স এর কোন কোষ (Cells) থেকে ইনসুলিন নিঃসৃত হয়?,D,D,False,True,1.7001172010000118,D,
970,MAT 2020-2021,গ্রোথ হরমোন কোথায় তৈরি হয়?,D,D,False,True,2.4964841709997927,D,
354,DAT 2016-2017,সেরেব্রামের দুটি খণ্ডকে সংযোগকারী স্নায়ু গুচ্ছের নাম-,C,C,False,True,1.6741214740000032,C,
572,MAT 2009-2010,নিম্নের কোন অস্থিতে মজ্জা গহ্বর নাই?,D,C,False,False,1.2503414050001993,C,
94,AFMC 2019-2020,দেহের ভারসাম্য রক্ষা করে কোনটি?,B,B,False,True,2.402838750999763,B,
353,DAT 2016-2017,পাকস্থলিতে কোন করোটিক স্নায়ুর কার্যক্রম বিদ্যমান?,C,C,False,True,1.6855446250001478,C,
127,AFMC 2017-2018,মুখমন্ডলীয় অস্থিতে প্যালেটিন এর সংখ্যা কত?,B,B,False,True,1.6496684220001043,B,
202,AFMC 2021-2022,শ্বসনতন্ত্রের উৎপত্তি কোথা থেকে হয়?,A,A,False,True,1.264583082000172,A,
154,DAT 2024-2025,পূর্ণবয়স্ক সুস্থ মানুষের দু'টি ফুসফুসে আলভিওলাসের সংখ্যা কত?,D,C,False,False,1.2810085299997809,C,
990,AFMC 2019-2020,গ্রন্থিরাজ বলা হয় কোনটিকে?,C,B,False,False,1.6377237849997073,B,
257,MAT 2019-2020,আন্তঃকশেরুকা চাকতিতে কী ধরনের তরুণাস্থি পাওয়া যায়?,C,C,False,True,1.271627110999816,C,
101,AFMC 2018-2019,রক্তে গ্লুকোজের মাত্রা নিয়ন্ত্রণে কোন সংবহনতন্ত্রের ভূমিকা রয়েছে?,C,C,False,True,1.6046311730001435,C,
234,MAT 2019-2020,কোষের কোথায় ক্রেবস চক্র (Krebs cycle) সংঘটিত হয়?,C,C,False,True,1.5698855460000232,C,
996,DAT 2021-2022,কোন কোষ বিভাজন পদ্ধতিতে RBC তৈরি হয়?,B,B,False,True,1.7386525960000654,B,
848,MAT 2021-2022,কোনটি autosomal recessive disorder?,A,A,False,True,1.2049435130002166,A,
493,MAT 2011-2012,নিম্নের কোন অঙ্গে লোহিত কণিকা ধ্বংস হয়?,AB,AB,True,True,1.1918355739999242,"A,B",
802,MAT 2024-2025,কোন এন্টিবডি প্রধানত এলার্জির সাথে সংশ্লিষ্ট?,D,D,False,True,1.9745658929996353,D,
621,MAT 2009-2010,নিম্নের কোনটি হৃদপিন্ডের সংকোচনের শক্তিকে বাড়ায়?,C,C,False,True,1.883441683000001,C,
559,MAT 1990-1991,হিউমেরাস কোন অস্থিটিকে বলা হয়?,C,C,False,True,1.4157129639997947,C,
523,MAT 2006-2007,ব্রঙ্কিয়াল নালীগুলোর কোনটি সঠিক পর্যায়ক্রম?,B,D,False,False,1.6433588079999026,D,
789,MAT 2016-2017,প্রাপ্তবয়স্ক মানুষের মস্তিষ্কে নিউরনের সংখ্যা কত?,C,C,False,True,1.4995128549999208,C,
541,MAT 2003-2004,প্রতিটি বৃক্কে নেফ্রন থাকে-,C,C,False,True,0.9928494689997933,C,
792,MAT 2016-2017,"কনে হিমোফিলিয়া বাহক, বর সুস্থ, এদের সন্তানদের ক্ষেত্রে কোনটি মিথ্যা?",B,B,False,True,1.2533896390000336,B,
462,MAT 2014-2015,স্বাভাবিক মূত্রের বর্ণ হালকা হলুদ হয় কিসের উপস্থিতিতে?,B,B,False,True,1.2611037299998316,B,
907,MAT 2024-2025,পেসমেকারের কাজ কি?,D,D,False,True,1.3749852390001251,D,
225,MAT 2019-2020,মানবদেহের রক্তে কোন বাফার দ্রবণ (buffer solution) থাকে?,A,A,False,True,1.6598402079998777,A,
499,MAT 1988-1989,মানবদেহে রোগ প্রতিরোধক হিসাবে কাজ করে কোনটি?,B,B,False,True,2.0774924309998823,B,
504,MAT 2013-2014,হৃদপিন্ডের ডান অলিন্দ ও ডান নিলয়ের সংযোগ স্থলের কপাটিকার নাম-,B,B,False,True,1.9029573039997558,B,
656,MAT 2005-2006,নিচের কোনটি গ্যামিটোজেনেসিসের জন্য সঠিক নয়?,B,B,False,True,1.7152965179998318,B,
866,MAT 2020-2021,ভ্রূণে লোহিত কণিকাসমূহ নিম্নের কোথায় তৈরি হয়?,AC,C,True,False,1.6611297849999573,C,
492,MAT 2012-2013,রক্তের pH নির্ভর করে যার উপর-,B,B,False,True,1.8857286110001041,B,
273,DAT 2020-2021,ক্রোমাটোগ্রাফির (Chromatography) কয়টি পর্যায় (Phase) আছে?,A,A,False,True,1.54294045000006,A,
13,MAT 2024-2025,পেসমেকারের কাজ কি?,D,D,False,True,1.6338492529998803,D,
466,MAT 2014-2015,মোটর প্রকৃতির স্নায়ু কোনটি?,A,A,False,True,2.2610066689999258,A,
743,MAT 2015-2016,কোন চক্রের মাধ্যমে যকৃতে ইউরিয়া তৈরি হয়?,C,C,False,True,1.3444298959998378,C,
914,MAT 2022-2023,Mollusca এর ক্ষেত্রে কোনটি সঠিক?,B,B,False,True,1.7677037509997717,B,
833,DAT 2021-2022,কোনটি প্লাজমা প্রোটিন নয়?,A,A,False,True,1.2324188719999256,A,
316,DAT 2018-2019,নিচের কোনটি সমগোত্রীয় পাখির উদাহরণ নয়?,A,A,False,True,1.2086439820000123,A,
214,AFMC 2016-2017,কোন পর্বের প্রাণিদের Plannula লার্ভা দশা রয়েছে?,B,B,False,True,1.5332576219998373,B,
624,MAT 2008-2009,নিম্নে উল্লেখিত কোনটি থেকে টেস্টোস্টেরণ হরমোন নিঃসৃত হয়?,C,C,False,True,1.217804920999697,C,
512,DAT 2008-2009,নিম্ন প্রদত্ত কোন ধমনিটির উৎপত্তি এ্যাওর্টার বাঁক থেকে হয় না?,D,D,False,True,1.016073292999863,D,
217,AFMC 2016-2017,আইলেটস অব ল্যাঙ্গারহ্যানস এর কোষ নয় কোনটি?,D,D,False,True,1.4379867369998465,D,
581,DAT 2010-2011,কোন এনজাইম স্নায়ু উদ্দীপনা পরিবহনে গুরুত্বপূর্ণ ভূমিকা পালন করে?,A,A,False,True,1.3714334549999876,A,
51,MAT 2021-2022,কেঁচো কোন অঙ্গের মাধ্যমে শ্বাসপ্রশ্বাস নেয়?,C,C,False,True,0.9519743529999687,C,
918,MAT 2022-2023,মায়োফাইব্রিলে কি ধরনের আমিষ থাকে?,A,A,False,True,1.3798424790002173,A,
373,MAT 2018-2019,চোখের রেটিনার ভিতর সবচেয়ে আলোক সংবেদী অংশের নাম কী?,C,C,False,True,1.4416531719998602,C,
56,MAT 2021-2022,কোন পদ্ধতিতে কোভিড ১৯ ভ্যাক্সিন প্রস্তুত করা হয় না?,D,D,False,True,1.8087871430002451,D,
952,MAT 2020-2021,Alveolus থেকে অক্সিজেন রক্তে কিভাবে প্রবেশ করে?,D,D,False,True,1.668916832999912,D,
538,DAT 2004-2005,রেচনতন্ত্রের নিচের কোনটি ইউরেটার নামক নালি গঠন করে?,B,B,False,True,1.7225693609998416,B,
463,MAT 2014-2015,নিচের কোনটি ক্লাভিকলের বৈশিষ্ট্য?,A,A,False,True,1.8871674550000535,A,
774,MAT 2017-2018,মানব দেহে নিষেক প্রক্রিয়া কোথায় সংঘটিত হয়?,B,B,False,True,1.6646208530000877,B,
770,AFMC 2020-2021,কোনটি সেক্স লিংকড ডিসঅর্ডার নয়?,A,A,False,True,3.177172931000314,A,
125,MAT 2023-2024,কোন পর্বের প্রাণীতে র ্যাবডিটিফর্ম লার্ভা দশা দেখা যায়?,A,A,False,True,1.265104165000139,A,
594,MAT 2007-2008,নিম্নের কোনটি অগ্রমস্তিস্কের অংশ নয়?,B,B,False,True,1.6672208969998792,B,752,MAT 2014-2015,নিচের কোনটি ভ্রূণীয় এক্টোডার্ম স্তর থেকে তৈরি হয়?,C,C,False,True,1.766135623000082,C,
153,DAT 2024-2025,ট্রিপসিন জারকের জন্যে সঠিক কোনটি?,A,A,False,True,1.03171069300015,A,
901,MAT 2024-2025,কোন চক্রের মাধ্যমে যকৃতে ইউরিয়া তৈরী হয়?,B,B,False,True,1.69708582200019,B,
188,AFMC 2021-2022,কোন প্রক্রিয়ায় RNA হতে DNA তৈরি হয়?,A,A,False,True,2.2052457310001046,A,
57,MAT 2020-2021,কোনটি ভাইরাস বৃদ্ধিতে বাঁধা দেয়?,A,A,False,True,1.2961484889997337,A,
62,MAT 2020-2021,কোনটি আমিষ পরিপাককারী (digesting) এনজাইম?,B,B,False,True,1.3796192029999474,B,
446,MAT 2015-2016,মানুষের নবম জোড়া করোটিক স্নায়ুর নাম কী?,D,D,False,True,1.057671510000091,D,
545,MAT 1989-1990,বৃক্কে বিদ্যমান-,A,A,False,True,0.8442456560001119,A,
973,AFMC 2019-2020,দ্বিপদ নামকরণের জনক কে?,A,A,False,True,1.7870483159999822,A,
305,AFMC 2015-2016,অ্যানিমাল পোলের ক্ষেত্রে কোনটি সঠিক?,D,D,False,True,1.6005968270001176,D,
260,DAT 2020-2021,নিচের কোন হরমোনটি রক্তে সোডিয়ামের মাত্রা নিয়ন্ত্রণ করে?,B,B,False,True,2.329647946000023,B,
254,MAT 2019-2020,হাইড্রার কোন অংশে নিডোসাইট কোষ সবচেয়ে বেশি থাকে?,B,B,False,True,1.4708279309998034,B,
666,MAT 2004-2005,ইন্টারফেরনের কাজ নয় কোনটি?,C,C,False,True,3.48680479199993,C,
345,DAT 2017-2018,"মানব পিত্তরস সম্বন্ধে নিচের কোন তথ্যটি সঠিক, ইহা-",D,D,False,True,1.6986064640000222,D,
603,MAT 2001-2002,হার্ডেরিয়ান গ্রন্থির অবস্থান যেখানে-,B,B,False,True,1.2791046489996916,B,
128,AFMC 2017-2018,রেটিনার কোন ধরনের কোষ থেকে অপটিক স্নায়ু তৈরী হয়?,D,D,False,True,1.6712282259995845,D,
696,DAT 2009-2010,নিম্নের কোনটি সঠিক নয়?,D,D,False,True,1.3527245150003182,D,
991,AFMC 2019-2020,মানবদেহে কোন ইউমিউনোগ্লোবিউলিন অনুপস্থিত?,A,A,False,True,1.2728820529996483,A,
816,MAT 2022-2023,মানবদেহে কোনটি লুপ্তপ্রায় অংগ?,B,D,False,False,1.5969006279997302,D,
372,MAT 2018-2019,কোনটি মানুষের পশ্চাৎ মস্তিষ্কের অংশ নয়?,D,D,False,True,1.2864671580000504,D,
522,MAT 2006-2007,স্বরতন্ত্রীর অবস্থান হচ্ছে-,D,D,False,True,1.227616899000168,D,
405,MAT 2017-2018,হেনলির লুপের অবস্থান বৃক্কের কোথায়?,A,A,False,True,1.5615016120000291,A,
412,MAT 2016-2017,ফিলোসফিকা জুওলজিক' গ্রন্থের রচয়িতা কে?,B,B,False,True,1.0170770080003422,B,
482,AFMC 2020-2021,"চিকিৎসাবিদ্যার কোন শাখায় স্থূলতার কারণ, প্রতিরোধ ও চিকিৎসা সম্বন্ধে আলোচনা করা হয়?",C,C,False,True,1.0523806680002963,C,
170,DAT 2024-2025,কোন গ্রন্থি আমিষ শোষণ নিয়ন্ত্রণ করে?,D,D,False,True,2.91036149699994,D,
836,DAT 2021-2022,আমাদের জাতীয় পাখির বৈজ্ঞানিক নাম কি?,B,B,False,True,1.8134576699999343,B,
78,AFMC 2019-2020,পেসমেকারে কোন ব্যাটারি ব্যবহৃত হয়?,A,A,False,True,1.0084957340000074,A,
966,MAT 2020-2021,ভ্রূণে লোহিত কণিকাসমূহ নিম্নের কোথায় তৈরি হয়?,AC,C,True,False,1.64207497399957,C,
83,AFMC 2019-2020,অত্যাবশ্যকীয় অ্যামিনো এসিড নয় কোনটি?,C,D,False,False,1.6724209829999381,D,
738,MAT 2015-2016,কোন ভিটামিন পানিতে দ্রবণীয়?,C,C,False,True,1.2436233360003826,C,
904,MAT 2024-2025,এনজিওপ্লাস্টি করলে কি হয়?,B,B,False,True,1.2413546630000383,B,
291,DAT 2019-2020,নিচের কোন গ্রন্থিটি ক্যালসিয়াম বিপাকে সহায়তা করে?,A,A,False,True,1.1951281100000415,A,
311,DAT 2018-2019,সিফিলিস রোগের জন্য দায়ী নিচের কোনটি?,A,A,False,True,1.8566061589999663,A,
849,MAT 2021-2022,কোন এনজাইম আমিষ পরিপাকে সাহায্য করে?,B,B,False,True,1.5672593879999113,B,
100,AFMC 2018-2019,নিচের কোন প্রাণীটি ত্রিস্তরী?,B,B,False,True,2.1676829540001563,B,
490,MAT 2002-2003,শোষিত খাদ্যবস্তুর প্রোটোপ্লাজমে রূপান্তরকে বলে-,C,C,False,True,2.375924410999687,C,
421,MAT 2016-2017,কোনটি ক্ষুদ্রান্ত্রের অংশ নয়?,C,C,False,True,1.7486665650003488,C,
835,DAT 2021-2022,কোনটি Live attenuated ভ্যাক্সিন?,A,A,False,True,1.253263796000283,A,
766,AFMC 2020-2021,সন্তান প্রসবে কোন হরমোন সাহায্য করে?,A,A,False,True,1.7649097819999042,A,
782,MAT 2017-2018,স্ত্রী রুইমাছ ডিম পাড়ে কখন?,C,C,False,True,1.6421388630001275,C,
935,DAT 2021-2022,কোনটি Live attenuated ভ্যাক্সিন?,A,A,False,True,1.9588826219996918,A,
982,AFMC 2019-2020,কত BMI কে স্বাভাবিক ওজন হিসেবে ধরা হয়?,C,C,False,True,1.7650783549997868,C,
548,MAT 2010-2011,মানুষের গ্লোমেরুলাসে পরিদ্রুত মূত্র ADH এর প্রভাব ছাড়া নিম্নের (%) কতভাগ পুনঃশোষণ প্রক্রিয়ায় নেফ্রনের প্রক্সিমাল প্যাঁচানো নালিকায় শোষিত হয়?,C,D,False,False,1.65759630499997,D,
339,DAT 2017-2018,মোলার দাঁতের কাজ কোনটি?,B,C,False,False,1.691036597999755,C,
197,AFMC 2021-2022,প্যানক্রিয়াসের আইলেটস অব ল্যাঙ্গার হ্যান্স এর কোন কোষ (Cells) থেকে ইনসুলিন নিঃসৃত হয়?,D,D,False,True,1.7001172010000118,D,
970,MAT 2020-2021,গ্রোথ হরমোন কোথায় তৈরি হয়?,D,D,False,True,2.4964841709997927,D,
354,DAT 2016-2017,সেরেব্রামের দুটি খণ্ডকে সংযোগকারী স্নায়ু গুচ্ছের নাম-,C,C,False,True,1.6741214740000032,C,
572,MAT 2009-2010,নিম্নের কোন অস্থিতে মজ্জা গহ্বর নাই?,D,C,False,False,1.2503414050001993,C,
94,AFMC 2019-2020,দেহের ভারসাম্য রক্ষা করে কোনটি?,B,B,False,True,2.402838750999763,B,
353,DAT 2016-2017,পাকস্থলিতে কোন করোটিক স্নায়ুর কার্যক্রম বিদ্যমান?,C,C,False,True,1.6855446250001478,C,
127,AFMC 2017-2018,মুখমন্ডলীয় অস্থিতে প্যালেটিন এর সংখ্যা কত?,B,B,False,True,1.6496684220001043,B,
202,AFMC 2021-2022,শ্বসনতন্ত্রের উৎপত্তি কোথা থেকে হয়?,A,A,False,True,1.264583082000172,A,
154,DAT 2024-2025,পূর্ণবয়স্ক সুস্থ মানুষের দু'টি ফুসফুসে আলভিওলাসের সংখ্যা কত?,D,C,False,False,1.2810085299997809,C,
990,AFMC 2019-2020,গ্রন্থিরাজ বলা হয় কোনটিকে?,C,B,False,False,1.6377237849997073,B,
257,MAT 2019-2020,আন্তঃকশেরুকা চাকতিতে কী ধরনের তরুণাস্থি পাওয়া যায়?,C,C,False,True,1.271627110999816,C,
101,AFMC 2018-2019,রক্তে গ্লুকোজের মাত্রা নিয়ন্ত্রণে কোন সংবহনতন্ত্রের ভূমিকা রয়েছে?,C,C,False,True,1.6046311730001435,C,
234,MAT 2019-2020,কোষের কোথায় ক্রেবস চক্র (Krebs cycle) সংঘটিত হয়?,C,C,False,True,1.5698855460000232,C,
996,DAT 2021-2022,কোন কোষ বিভাজন পদ্ধতিতে RBC তৈরি হয়?,B,B,False,True,1.7386525960000654,B,
848,MAT 2021-2022,কোনটি autosomal recessive disorder?,A,A,False,True,1.2049435130002166,A,
493,MAT 2011-2012,নিম্নের কোন অঙ্গে লোহিত কণিকা ধ্বংস হয়?,AB,AB,True,True,1.1918355739999242,"A,B",
802,MAT 2024-2025,কোন এন্টিবডি প্রধানত এলার্জির সাথে সংশ্লিষ্ট?,D,D,False,True,1.9745658929996353,D,
621,MAT 2009-2010,নিম্নের কোনটি হৃদপিন্ডের সংকোচনের শক্তিকে বাড়ায়?,C,C,False,True,1.883441683000001,C,
559,MAT 1990-1991,হিউমেরাস কোন অস্থিটিকে বলা হয়?,C,C,False,True,1.4157129639997947,C,
523,MAT 2006-2007,ব্রঙ্কিয়াল নালীগুলোর কোনটি সঠিক পর্যায়ক্রম?,B,D,False,False,1.6433588079999026,D,
789,MAT 2016-2017,প্রাপ্তবয়স্ক মানুষের মস্তিষ্কে নিউরনের সংখ্যা কত?,C,C,False,True,1.4995128549999208,C,
541,MAT 2003-2004,প্রতিটি বৃক্কে নেফ্রন থাকে-,C,C,False,True,0.9928494689997933,C,
792,MAT 2016-2017,"কনে হিমোফিলিয়া বাহক, বর সুস্থ, এদের সন্তানদের ক্ষেত্রে কোনটি মিথ্যা?",B,B,False,True,1.2533896390000336,B,
462,MAT 2014-2015,স্বাভাবিক মূত্রের বর্ণ হালকা হলুদ হয় কিসের উপস্থিতিতে?,B,B,False,True,1.2611037299998316,B,
907,MAT 2024-2025,পেসমেকারের কাজ কি?,D,D,False,True,1.3749852390001251,D,
225,MAT 2019-2020,মানবদেহের রক্তে কোন বাফার দ্রবণ (buffer solution) থাকে?,A,A,False,True,1.6598402079998777,A,
499,MAT 1988-1989,মানবদেহে রোগ প্রতিরোধক হিসাবে কাজ করে কোনটি?,B,B,False,True,2.0774924309998823,B,
504,MAT 2013-2014,হৃদপিন্ডের ডান অলিন্দ ও ডান নিলয়ের সংযোগ স্থলের কপাটিকার নাম-,B,B,False,True,1.9029573039997558,B,
656,MAT 2005-2006,নিচের কোনটি গ্যামিটোজেনেসিসের জন্য সঠিক নয়?,B,B,False,True,1.7152965179998318,B,
866,MAT 2020-2021,ভ্রূণে লোহিত কণিকাসমূহ নিম্নের কোথায় তৈরি হয়?,AC,C,True,False,1.6611297849999573,C,
492,MAT 2012-2013,রক্তের pH নির্ভর করে যার উপর-,B,B,False,True,1.8857286110001041,B,
273,DAT 2020-2021,ক্রোমাটোগ্রাফির (Chromatography) কয়টি পর্যায় (Phase) আছে?,A,A,False,True,1.54294045000006,A,
13,MAT 2024-2025,পেসমেকারের কাজ কি?,D,D,False,True,1.6338492529998803,D,
466,MAT 2014-2015,মোটর প্রকৃতির স্নায়ু কোনটি?,A,A,False,True,2.2610066689999258,A,
743,MAT 2015-2016,কোন চক্রের মাধ্যমে যকৃতে ইউরিয়া তৈরি হয়?,C,C,False,True,1.3444298959998378,C,
914,MAT 2022-2023,Mollusca এর ক্ষেত্রে কোনটি সঠিক?,B,B,False,True,1.7677037509997717,B,
833,DAT 2021-2022,কোনটি প্লাজমা প্রোটিন নয়?,A,A,False,True,1.2324188719999256,A,
316,DAT 2018-2019,নিচের কোনটি সমগোত্রীয় পাখির উদাহরণ নয়?,A,A,False,True,1.2086439820000123,A,
214,AFMC 2016-2017,কোন পর্বের প্রাণিদের Plannula লার্ভা দশা রয়েছে?,B,B,False,True,1.5332576219998373,B,
624,MAT 2008-2009,নিম্নে উল্লেখিত কোনটি থেকে টেস্টোস্টেরণ হরমোন নিঃসৃত হয়?,C,C,False,True,1.217804920999697,C,
512,DAT 2008-2009,নিম্ন প্রদত্ত কোন ধমনিটির উৎপত্তি এ্যাওর্টার বাঁক থেকে হয় না?,D,D,False,True,1.016073292999863,D,
217,AFMC 2016-2017,আইলেটস অব ল্যাঙ্গারহ্যানস এর কোষ নয় কোনটি?,D,D,False,True,1.4379867369998465,D,
581,DAT 2010-2011,কোন এনজাইম স্নায়ু উদ্দীপনা পরিবহনে গুরুত্বপূর্ণ ভূমিকা পালন করে?,A,A,False,True,1.3714334549999876,A,
51,MAT 2021-2022,কেঁচো কোন অঙ্গের মাধ্যমে শ্বাসপ্রশ্বাস নেয়?,C,C,False,True,0.9519743529999687,C,
918,MAT 2022-2023,মায়োফাইব্রিলে কি ধরনের আমিষ থাকে?,A,A,False,True,1.3798424790002173,A,
373,MAT 2018-2019,চোখের রেটিনার ভিতর সবচেয়ে আলোক সংবেদী অংশের নাম কী?,C,C,False,True,1.4416531719998602,C,
56,MAT 2021-2022,কোন পদ্ধতিতে কোভিড ১৯ ভ্যাক্সিন প্রস্তুত করা হয় না?,D,D,False,True,1.8087871430002451,D,
952,MAT 2020-2021,Alveolus থেকে অক্সিজেন রক্তে কিভাবে প্রবেশ করে?,D,D,False,True,1.668916832999912,D,
538,DAT 2004-2005,রেচনতন্ত্রের নিচের কোনটি ইউরেটার নামক নালি গঠন করে?,B,B,False,True,1.7225693609998416,B,
463,MAT 2014-2015,নিচের কোনটি ক্লাভিকলের বৈশিষ্ট্য?,A,A,False,True,1.8871674550000535,A,
774,MAT 2017-2018,মানব দেহে নিষেক প্রক্রিয়া কোথায় সংঘটিত হয়?,B,B,False,True,1.6646208530000877,B,
770,AFMC 2020-2021,কোনটি সেক্স লিংকড ডিসঅর্ডার নয়?,A,A,False,True,3.177172931000314,A,
125,MAT 2023-2024,কোন পর্বের প্রাণীতে র ্যাবডিটিফর্ম লার্ভা দশা দেখা যায়?,A,A,False,True,1.265104165000139,A,
594,MAT 2007-2008,নিম্নের কোনটি অগ্রমস্তিস্কের অংশ নয়?,B,B,False,True,1.6672208969998792,B,752,MAT 2014-2015,নিচের কোনটি ভ্রূণীয় এক্টোডার্ম স্তর থেকে তৈরি হয়?,C,C,False,True,1.766135623000082,C,
153,DAT 2024-2025,ট্রিপসিন জারকের জন্যে সঠিক কোনটি?,A,A,False,True,1.03171069300015,A,
901,MAT 2024-2025,কোন চক্রের মাধ্যমে যকৃতে ইউরিয়া তৈরী হয়?,B,B,False,True,1.69708582200019,B,
188,AFMC 2021-2022,কোন প্রক্রিয়ায় RNA হতে DNA তৈরি হয়?,A,A,False,True,2.2052457310001046,A,
57,MAT 2020-2021,কোনটি ভাইরাস বৃদ্ধিতে বাঁধা দেয়?,A,A,False,True,1.2961484889997337,A,
62,MAT 2020-2021,কোনটি আমিষ পরিপাককারী (digesting) এনজাইম?,B,B,False,True,1.3796192029999474,B,
446,MAT 2015-2016,মানুষের নবম জোড়া করোটিক স্নায়ুর নাম কী?,D,D,False,True,1.057671510000091,D,
545,MAT 1989-1990,বৃক্কে বিদ্যমান-,A,A,False,True,0.8442456560001119,A,
973,AFMC 2019-2020,দ্বিপদ নামকরণের জনক কে?,A,A,False,True,1.7870483159999822,A,
305,AFMC 2015-2016,অ্যানিমাল পোলের ক্ষেত্রে কোনটি সঠিক?,D,D,False,True,1.6005968270001176,D,
260,DAT 2020-2021,নিচের কোন হরমোনটি রক্তে সোডিয়ামের মাত্রা নিয়ন্ত্রণ করে?,B,B,False,True,2.329647946000023,B,
254,MAT 2019-2020,হাইড্রার কোন অংশে নিডোসাইট কোষ সবচেয়ে বেশি থাকে?,B,B,False,True,1.4708279309998034,B,
666,MAT 2004-2005,ইন্টারফেরনের কাজ নয় কোনটি?,C,C,False,True,3.48680479199993,C,
345,DAT 2017-2018,"মানব পিত্তরস সম্বন্ধে নিচের কোন তথ্যটি সঠিক, ইহা-",D,D,False,True,1.6986064640000222,D,
603,MAT 2001-2002,হার্ডেরিয়ান গ্রন্থির অবস্থান যেখানে-,B,B,False,True,1.2791046489996916,B,
128,AFMC 2017-2018,রেটিনার কোন ধরনের কোষ থেকে অপটিক স্নায়ু তৈরী হয়?,D,D,False,True,1.6712282259995845,D,
696,DAT 2009-2010,নিম্নের কোনটি সঠিক নয়?,D,D,False,True,1.3527245150003182,D,
991,AFMC 2019-2020,মানবদেহে কোন ইউমিউনোগ্লোবিউলিন অনুপস্থিত?,A,A,False,True,1.2728820529996483,A,
816,MAT 2022-2023,মানবদেহে কোনটি লুপ্তপ্রায় অংগ?,B,D,False,False,1.5969006279997302,D,
372,MAT 2018-2019,কোনটি মানুষের পশ্চাৎ মস্তিষ্কের অংশ নয়?,D,D,False,True,1.2864671580000504,D,
522,MAT 2006-2007,স্বরতন্ত্রীর অবস্থান হচ্ছে-,D,D,False,True,1.227616899000168,D,
405,MAT 2017-2018,হেনলির লুপের অবস্থান বৃক্কের কোথায়?,A,A,False,True,1.5615016120000291,A,
412,MAT 2016-2017,ফিলোসফিকা জুওলজিক' গ্রন্থের রচয়িতা কে?,B,B,False,True,1.0170770080003422,B,
482,AFMC 2020-2021,"চিকিৎসাবিদ্যার কোন শাখায় স্থূলতার কারণ, প্রতিরোধ ও চিকিৎসা সম্বন্ধে আলোচনা করা হয়?",C,C,False,True,1.0523806680002963,C,
170,DAT 2024-2025,কোন গ্রন্থি আমিষ শোষণ নিয়ন্ত্রণ করে?,D,D,False,True,2.91036149699994,D,
836,DAT 2021-2022,আমাদের জাতীয় পাখির বৈজ্ঞানিক নাম কি?,B,B,False,True,1.8134576699999343,B,
78,AFMC 2019-2020,পেসমেকারে কোন ব্যাটারি ব্যবহৃত হয়?,A,A,False,True,1.0084957340000074,A,
966,MAT 2020-2021,ভ্রূণে লোহিত কণিকাসমূহ নিম্নের কোথায় তৈরি হয়?,AC,C,True,False,1.64207497399957,C,
83,AFMC 2019-2020,অত্যাবশ্যকীয় অ্যামিনো এসিড নয় কোনটি?,C,D,False,False,1.6724209829999381,D,
738,MAT 2015-2016,কোন ভিটামিন পানিতে দ্রবণীয়?,C,C,False,True,1.2436233360003826,C,
904,MAT 2024-2025,এনজিওপ্লাস্টি করলে কি হয়?,B,B,False,True,1.2413546630000383,B,
291,DAT 2019-2020,নিচের কোন গ্রন্থিটি ক্যালসিয়াম বিপাকে সহায়তা করে?,A,A,False,True,1.1951281100000415,A,
311,DAT 2018-2019,সিফিলিস রোগের জন্য দায়ী নিচের কোনটি?,A,A,False,True,1.8566061589999663,A,
849,MAT 2021-2022,কোন এনজাইম আমিষ পরিপাকে সাহায্য করে?,B,B,False,True,1.5672593879999113,B,
100,AFMC 2018-2019,নিচের কোন প্রাণীটি ত্রিস্তরী?,B,B,False,True,2.1676829540001563,B,
490,MAT 2002-2003,শোষিত খাদ্যবস্তুর প্রোটোপ্লাজমে রূপান্তরকে বলে-,C,C,False,True,2.375924410999687,C,
421,MAT 2016-2017,কোনটি ক্ষুদ্রান্ত্রের অংশ নয়?,C,C,False,True,1.7486665650003488,C,
835,DAT 2021-2022,কোনটি Live attenuated ভ্যাক্সিন?,A,A,False,True,1.253263796000283,A,
766,AFMC 2020-2021,সন্তান প্রসবে কোন হরমোন সাহায্য করে?,A,A,False,True,1.7649097819999042,A,
782,MAT 2017-2018,স্ত্রী রুইমাছ ডিম পাড়ে কখন?,C,C,False,True,1.6421388630001275,C,
935,DAT 2021-2022,কোনটি Live attenuated ভ্যাক্সিন?,A,A,False,True,1.9588826219996918,A,
982,AFMC 2019-2020,কত BMI কে স্বাভাবিক ওজন হিসেবে ধরা হয়?,C,C,False,True,1.7650783549997868,C,
548,MAT 2010-2011,মানুষের গ্লোমেরুলাসে পরিদ্রুত মূত্র ADH এর প্রভাব ছাড়া নিম্নের (%) কতভাগ পুনঃশোষণ প্রক্রিয়ায় নেফ্রনের প্রক্সিমাল প্যাঁচানো নালিকায় শোষিত হয়?,C,D,False,False,1.65759630499997,D,
339,DAT 2017-2018,মোলার দাঁতের কাজ কোনটি?,B,C,False,False,1.691036597999755,C,
197,AFMC 2021-2022,প্যানক্রিয়াসের আইলেটস অব ল্যাঙ্গার হ্যান্স এর কোন কোষ (Cells) থেকে ইনসুলিন নিঃসৃত হয়?,D,D,False,True,1.7001172010000118,D,
970,MAT 2020-2021,গ্রোথ হরমোন কোথায় তৈরি হয়?,D,D,False,True,2.4964841709997927,D,
354,DAT 2016-2017,সেরেব্রামের দুটি খণ্ডকে সংযোগকারী স্নায়ু গুচ্ছের নাম-,C,C,False,True,1.6741214740000032,C,
572,MAT 2009-2010,নিম্নের কোন অস্থিতে মজ্জা গহ্বর নাই?,D,C,False,False,1.2503414050001993,C,
94,AFMC 2019-2020,দেহের ভারসাম্য রক্ষা করে কোনটি?,B,B,False,True,2.402838750999763,B,
353,DAT 2016-2017,পাকস্থলিতে কোন করোটিক স্নায়ুর কার্যক্রম বিদ্যমান?,C,C,False,True,1.6855446250001478,C,
127,AFMC 2017-2018,মুখমন্ডলীয় অস্থিতে প্যালেটিন এর সংখ্যা কত?,B,B,False,True,1.6496684220001043,B,
202,AFMC 2021-2022,শ্বসনতন্ত্রের উৎপত্তি কোথা থেকে হয়?,A,A,False,True,1.264583082000172,A,
154,DAT 2024-2025,পূর্ণবয়স্ক সুস্থ মানুষের দু'টি ফুসফুসে আলভিওলাসের সংখ্যা কত?,D,C,False,False,1.2810085299997809,C,
990,AFMC 2019-2020,গ্রন্থিরাজ বলা হয় কোনটিকে?,C,B,False,False,1.6377237849997073,B,
257,MAT 2019-2020,আন্তঃকশেরুকা চাকতিতে কী ধরনের তরুণাস্থি পাওয়া যায়?,C,C,False,True,1.271627110999816,C,
101,AFMC 2018-2019,রক্তে গ্লুকোজের মাত্রা নিয়ন্ত্রণে কোন সংবহনতন্ত্রের ভূমিকা রয়েছে?,C,C,False,True,1.6046311730001435,C,
234,MAT 2019-2020,কোষের কোথায় ক্রেবস চক্র (Krebs cycle) সংঘটিত হয়?,C,C,False,True,1.5698855460000232,C,
996,DAT 2021-2022,কোন কোষ বিভাজন পদ্ধতিতে RBC তৈরি হয়?,B,B,False,True,1.7386525960000654,B,
848,MAT 2021-2022,কোনটি autosomal recessive disorder?,A,A,False,True,1.2049435130002166,A,
493,MAT 2011-2012,নিম্নের কোন অঙ্গে লোহিত কণিকা ধ্বংস হয়?,AB,AB,True,True,1.1918355739999242,"A,B",
802,MAT 2024-2025,কোন এন্টিবডি প্রধানত এলার্জির সাথে সংশ্লিষ্ট?,D,D,False,True,1.9745658929996353,D,
621,MAT 2009-2010,নিম্নের কোনটি হৃদপিন্ডের সংকোচনের শক্তিকে বাড়ায়?,C,C,False,True,1.883441683000001,C,
559,MAT 1990-1991,হিউমেরাস কোন অস্থিটিকে বলা হয়?,C,C,False,True,1.4157129639997947,C,
523,MAT 2006-2007,ব্রঙ্কিয়াল নালীগুলোর কোনটি সঠিক পর্যায়ক্রম?,B,D,False,False,1.6433588079999026,D,
789,MAT 2016-2017,প্রাপ্তবয়স্ক মানুষের মস্তিষ্কে নিউরনের সংখ্যা কত?,C,C,False,True,1.4995128549999208,C,
541,MAT 2003-2004,প্রতিটি বৃক্কে নেফ্রন থাকে-,C,C,False,True,0.9928494689997933,C,
792,MAT 2016-2017,"কনে হিমোফিলিয়া বাহক, বর সুস্থ, এদের সন্তানদের ক্ষেত্রে কোনটি মিথ্যা?",B,B,False,True,1.2533896390000336,B,
462,MAT 2014-2015,স্বাভাবিক মূত্রের বর্ণ হালকা হলুদ হয় কিসের উপস্থিতিতে?,B,B,False,True,1.2611037299998316,B,
907,MAT 2024-2025,পেসমেকারের কাজ কি?,D,D,False,True,1.3749852390001251,D,
225,MAT 2019-2020,মানবদেহের রক্তে কোন বাফার দ্রবণ (buffer solution) থাকে?,A,A,False,True,1.6598402079998777,A,
499,MAT 1988-1989,মানবদেহে রোগ প্রতিরোধক হিসাবে কাজ করে কোনটি?,B,B,False,True,2.0774924309998823,B,
504,MAT 2013-2014,হৃদপিন্ডের ডান অলিন্দ ও ডান নিলয়ের সংযোগ স্থলের কপাটিকার নাম-,B,B,False,True,1.9029573039997558,B,
656,MAT 2005-2006,নিচের কোনটি গ্যামিটোজেনেসিসের জন্য সঠিক নয়?,B,B,False,True,1.7152965179998318,B,
866,MAT 2020-2021,ভ্রূণে লোহিত কণিকাসমূহ নিম্নের কোথায় তৈরি হয়?,AC,C,True,False,1.6611297849999573,C,
492,MAT 2012-2013,রক্তের pH নির্ভর করে যার উপর-,B,B,False,True,1.8857286110001041,B,
273,DAT 2020-2021,ক্রোমাটোগ্রাফির (Chromatography) কয়টি পর্যায় (Phase) আছে?,A,A,False,True,1.54294045000006,A,
13,MAT 2024-2025,পেসমেকারের কাজ কি?,D,D,False,True,1.6338492529998803,D,
466,MAT 2014-2015,মোটর প্রকৃতির স্নায়ু কোনটি?,A,A,False,True,2.2610066689999258,A,
743,MAT 2015-2016,কোন চক্রের মাধ্যমে যকৃতে ইউরিয়া তৈরি হয়?,C,C,False,True,1.3444298959998378,C,
914,MAT 2022-2023,Mollusca এর ক্ষেত্রে কোনটি সঠিক?,B,B,False,True,1.7677037509997717,B,
833,DAT 2021-2022,কোনটি প্লাজমা প্রোটিন নয়?,A,A,False,True,1.2324188719999256,A,
316,DAT 2018-2019,নিচের কোনটি সমগোত্রীয় পাখির উদাহরণ নয়?,A,A,False,True,1.2086439820000123,A,
214,AFMC 2016-2017,কোন পর্বের প্রাণিদের Plannula লার্ভা দশা রয়েছে?,B,B,False,True,1.5332576219998373,B,
624,MAT 2008-2009,নিম্নে উল্লেখিত কোনটি থেকে টেস্টোস্টেরণ হরমোন নিঃসৃত হয়?,C,C,False,True,1.217804920999697,C,
512,DAT 2008-2009,নিম্ন প্রদত্ত কোন ধমনিটির উৎপত্তি এ্যাওর্টার বাঁক থেকে হয় না?,D,D,False,True,1.016073292999863,D,
217,AFMC 2016-2017,আইলেটস অব ল্যাঙ্গারহ্যানস এর কোষ নয় কোনটি?,D,D,False,True,1.4379867369998465,D,
581,DAT 2010-2011,কোন এনজাইম স্নায়ু উদ্দীপনা পরিবহনে গুরুত্বপূর্ণ ভূমিকা পালন করে?,A,A,False,True,1.3714334549999876,A,
51,MAT 2021-2022,কেঁচো কোন অঙ্গের মাধ্যমে শ্বাসপ্রশ্বাস নেয়?,C,C,False,True,0.9519743529999687,C,
918,MAT 2022-2023,মায়োফাইব্রিলে কি ধরনের আমিষ থাকে?,A,A,False,True,1.3798424790002173,A,
373,MAT 2018-2019,চোখের রেটিনার ভিতর সবচেয়ে আলোক সংবেদী অংশের নাম কী?,C,C,False,True,1.4416531719998602,C,
56,MAT 2021-2022,কোন পদ্ধতিতে কোভিড ১৯ ভ্যাক্সিন প্রস্তুত করা হয় না?,D,D,False,True,1.8087871430002451,D,
952,MAT 2020-2021,Alveolus থেকে অক্সিজেন রক্তে কিভাবে প্রবেশ করে?,D,D,False,True,1.668916832999912,D,
538,DAT 2004-2005,রেচনতন্ত্রের নিচের কোনটি ইউরেটার নামক নালি গঠন করে?,B,B,False,True,1.7225693609998416,B,
463,MAT 2014-2015,নিচের কোনটি ক্লাভিকলের বৈশিষ্ট্য?,A,A,False,True,1.8871674550000535,A,
774,MAT 2017-2018,মানব দেহে নিষেক প্রক্রিয়া কোথায় সংঘটিত হয়?,B,B,False,True,1.6646208530000877,B,
770,AFMC 2020-2021,কোনটি সেক্স লিংকড ডিসঅর্ডার নয়?,A,A,False,True,3.177172931000314,A,
125,MAT 2023-2024,কোন পর্বের প্রাণীতে র ্যাবডিটিফর্ম লার্ভা দশা দেখা যায়?,A,A,False,True,1.265104165000139,A,
594,MAT 2007-2008,নিম্নের কোনটি অগ্রমস্তিস্কের অংশ নয়?,B,B,False,True,1.6672208969998792,B,752,MAT 2014-2015,নিচের কোনটি ভ্রূণীয় এক্টোডার্ম স্তর থেকে তৈরি হয়?,C,C,False,True,1.766135623000082,C,
153,DAT 2024-2025,ট্রিপসিন জারকের জন্যে সঠিক কোনটি?,A,A,False,True,1.03171069300015,A,
901,MAT 2024-2025,কোন চক্রের মাধ্যমে যকৃতে ইউরিয়া তৈরী হয়?,B,B,False,True,1.69708582200019,B,
188,AFMC 2021-2022,কোন প্রক্রিয়ায় RNA হতে DNA তৈরি হয়?,A,A,False,True,2.2052457310001046,A,
57,MAT 2020-2021,কোনটি ভাইরাস বৃদ্ধিতে বাঁধা দেয়?,A,A,False,True,1.2961484889997337,A,
62,MAT 2020-2021,কোনটি আমিষ পরিপাককারী (digesting) এনজাইম?,B,B,False,True,1.3796192029999474,B,
446,MAT 2015-2016,মানুষের নবম জোড়া করোটিক স্নায়ুর নাম কী?,D,D,False,True,1.057671510000091,D,
545,MAT 1989-1990,বৃক্কে বিদ্যমান-,A,A,False,True,0.8442456560001119,A,
973,AFMC 2019-2020,দ্বিপদ নামকরণের জনক কে?,A,A,False,True,1.7870483159999822,A,
305,AFMC 2015-2016,অ্যানিমাল পোলের ক্ষেত্রে কোনটি সঠিক?,D,D,False,True,1.6005968270001176,D,
260,DAT 2020-2021,নিচের কোন হরমোনটি রক্তে সোডিয়ামের মাত্রা নিয়ন্ত্রণ করে?,B,B,False,True,2.329647946000023,B,
254,MAT 2019-2020,হাইড্রার কোন অংশে নিডোসাইট কোষ সবচেয়ে বেশি থাকে?,B,B,False,True,1.4708279309998034,B,
666,MAT 2004-2005,ইন্টারফেরনের কাজ নয় কোনটি?,C,C,False,True,3.48680479199993,C,
345,DAT 2017-2018,"মানব পিত্তরস সম্বন্ধে নিচের কোন তথ্যটি সঠিক, ইহা-",D,D,False,True,1.6986064640000222,D,
603,MAT 2001-2002,হার্ডেরিয়ান গ্রন্থির অবস্থান যেখানে-,B,B,False,True,1.2791046489996916,B,
128,AFMC 2017-2018,রেটিনার কোন ধরনের কোষ থেকে অপটিক স্নায়ু তৈরী হয়?,D,D,False,True,1.6712282259995845,D,
696,DAT 2009-2010,নিম্নের কোনটি সঠিক নয়?,D,D,False,True,1.3527245150003182,D,
991,AFMC 2019-2020,মানবদেহে কোন ইউমিউনোগ্লোবিউলিন অনুপস্থিত?,A,A,False,True,1.2728820529996483,A,
816,MAT 2022-2023,মানবদেহে কোনটি লুপ্তপ্রায় অংগ?,B,D,False,False,1.5969006279997302,D,
372,MAT 2018-2019,কোনটি মানুষের পশ্চাৎ মস্তিষ্কের অংশ নয়?,D,D,False,True,1.2864671580000504,D,
522,MAT 2006-2007,স্বরতন্ত্রীর অবস্থান হচ্ছে-,D,D,False,True,1.227616899000168,D,
405,MAT 2017-2018,হেনলির লুপের অবস্থান বৃক্কের কোথায়?,A,A,False,True,1.5615016120000291,A,
412,MAT 2016-2017,ফিলোসফিকা জুওলজিক' গ্রন্থের রচয়িতা কে?,B,B,False,True,1.0170770080003422,B,
482,AFMC 2020-2021,"চিকিৎসাবিদ্যার কোন শাখায় স্থূলতার কারণ, প্রতিরোধ ও চিকিৎসা সম্বন্ধে আলোচনা করা হয়?",C,C,False,True,1.0523806680002963,C,
170,DAT 2024-2025,কোন গ্রন্থি আমিষ শোষণ নিয়ন্ত্রণ করে?,D,D,False,True,2.91036149699994,D,
836,DAT 2021-2022,আমাদের জাতীয় পাখির বৈজ্ঞানিক নাম কি?,B,B,False,True,1.8134576699999343,B,
78,AFMC 2019-2020,পেসমেকারে কোন ব্যাটারি ব্যবহৃত হয়?,A,A,False,True,1.0084957340000074,A,
966,MAT 2020-2021,ভ্রূণে লোহিত কণিকাসমূহ নিম্নের কোথায় তৈরি হয়?,AC,C,True,False,1.64207497399957,C,
83,AFMC 2019-2020,অত্যাবশ্যকীয় অ্যামিনো এসিড নয় কোনটি?,C,D,False,False,1.6724209829999381,D,
738,MAT 2015-2016,কোন ভিটামিন পানিতে দ্রবণীয়?,C,C,False,True,1.2436233360003826,C,
904,MAT 2024-2025,এনজিওপ্লাস্টি করলে কি হয়?,B,B,False,True,1.2413546630000383,B,
291,DAT 2019-2020,নিচের কোন গ্রন্থিটি ক্যালসিয়াম বিপাকে সহায়তা করে?,A,A,False,True,1.1951281100000415,A,
311,DAT 2018-2019,সিফিলিস রোগের জন্য দায়ী নিচের কোনটি?,A,A,False,True,1.8566061589999663,A,
849,MAT 2021-2022,কোন এনজাইম আমিষ পরিপাকে সাহায্য করে?,B,B,False,True,1.5672593879999113,B,
100,AFMC 2018-2019,নিচের কোন প্রাণীটি ত্রিস্তরী?,B,B,False,True,2.1676829540001563,B,
490,MAT 2002-2003,শোষিত খাদ্যবস্তুর প্রোটোপ্লাজমে রূপান্তরকে বলে-,C,C,False,True,2.375924410999687,C,
421,MAT 2016-2017,কোনটি ক্ষুদ্রান্ত্রের অংশ নয়?,C,C,False,True,1.7486665650003488,C,
835,DAT 2021-2022,কোনটি Live attenuated ভ্যাক্সিন?,A,A,False,True,1.253263796000283,A,
766,AFMC 2020-2021,সন্তান প্রসবে কোন হরমোন সাহায্য করে?,A,A,False,True,1.7649097819999042,A,
782,MAT 2017-2018,স্ত্রী রুইমাছ ডিম পাড়ে কখন?,C,C,False,True,1.6421388630001275,C,
935,DAT 2021-2022,কোনটি Live attenuated ভ্যাক্সিন?,A,A,False,True,1.9588826219996918,A,
982,AFMC 2019-2020,কত BMI কে স্বাভাবিক ওজন হিসেবে ধরা হয়?,C,C,False,True,1.7650783549997868,C,
548,MAT 2010-2011,মানুষের গ্লোমেরুলাসে পরিদ্রুত মূত্র ADH এর প্রভাব ছাড়া নিম্নের (%) কতভাগ পুনঃশোষণ প্রক্রিয়ায় নেফ্রনের প্রক্সিমাল প্যাঁচানো নালিকায় শোষিত হয়?,C,D,False,False,1.65759630499997,D,
339,DAT 2017-2018,মোলার দাঁতের কাজ কোনটি?,B,C,False,False,1.691036597999755,C,
197,AFMC 2021-2022,প্যানক্রিয়াসের আইলেটস অব ল্যাঙ্গার হ্যান্স এর কোন কোষ (Cells) থেকে ইনসুলিন নিঃসৃত হয়?,D,D,False,True,1.7001172010000118,D,
970,MAT 2020-2021,গ্রোথ হরমোন কোথায় তৈরি হয়?,D,D,False,True,2.4964841709997927,D,
354,DAT 2016-2017,সেরেব্রামের দুটি খণ্ডকে সংযোগকারী স্নায়ু গুচ্ছের নাম-,C,C,False,True,1.6741214740000032,C,
572,MAT 2009-2010,নিম্নের কোন অস্থিতে মজ্জা গহ্বর নাই?,D,C,False,False,1.2503414050001993,C,
94,AFMC 2019-2020,দেহের ভারসাম্য রক্ষা করে কোনটি?,B,B,False,True,2.402838750999763,B,
353,DAT 2016-2017,পাকস্থলিতে কোন করোটিক স্নায়ুর কার্যক্রম বিদ্যমান?,C,C,False,True,1.6855446250001478,C,
127,AFMC 2017-2018,মুখমন্ডলীয় অস্থিতে প্যালেটিন এর সংখ্যা কত?,B,B,False,True,1.6496684220001043,B,
202,AFMC 2021-2022,শ্বসনতন্ত্রের উৎপত্তি কোথা থেকে হয়?,A,A,False,True,1.264583082000172,A,
154,DAT 2024-2025,পূর্ণবয়স্ক সুস্থ মানুষের দু'টি ফুসফুসে আলভিওলাসের সংখ্যা কত?,D,C,False,False,1.2810085299997809,C,
990,AFMC 2019-2020,গ্রন্থিরাজ বলা হয় কোনটিকে?,C,B,False,False,1.6377237849997073,B,
257,MAT 2019-2020,আন্তঃকশেরুকা চাকতিতে কী ধরনের তরুণাস্থি পাওয়া যায়?,C,C,False,True,1.271627110999816,C,
101,AFMC 2018-2019,রক্তে গ্লুকোজের মাত্রা নিয়ন্ত্রণে কোন সংবহনতন্ত্রের ভূমিকা রয়েছে?,C,C,False,True,1.6046311730001435,C,
234,MAT 2019-2020,কোষের কোথায় ক্রেবস চক্র (Krebs cycle) সংঘটিত হয়?,C,C,False,True,1.5698855460000232,C,
996,DAT 2021-2022,কোন কোষ বিভাজন পদ্ধতিতে RBC তৈরি হয়?,B,B,False,True,1.7386525960000654,B,
848,MAT 2021-2022,কোনটি autosomal recessive disorder?,A,A,False,True,1.2049435130002166,A,
493,MAT 2011-2012,নিম্নের কোন অঙ্গে লোহিত কণিকা ধ্বংস হয়?,AB,AB,True,True,1.1918355739999242,"A,B",
802,MAT 2024-2025,কোন এন্টিবডি প্রধানত এলার্জির সাথে সংশ্লিষ্ট?,D,D,False,True,1.9745658929996353,D,
621,MAT 2009-2010,নিম্নের কোনটি হৃদপিন্ডের সংকোচনের শক্তিকে বাড়ায়?,C,C,False,True,1.883441683000001,C,
559,MAT 1990-1991,হিউমেরাস কোন অস্থিটিকে বলা হয়?,C,C,False,True,1.4157129639997947,C,
523,MAT 2006-2007,ব্রঙ্কিয়াল নালীগুলোর কোনটি সঠিক পর্যায়ক্রম?,B,D,False,False,1.6433588079999026,D,
789,MAT 2016-2017,প্রাপ্তবয়স্ক মানুষের মস্তিষ্কে নিউরনের সংখ্যা কত?,C,C,False,True,1.4995128549999208,C,
541,MAT 2003-2004,প্রতিটি বৃক্কে নেফ্রন থাকে-,C,C,False,True,0.9928494689997933,C,
792,MAT 2016-2017,"কনে হিমোফিলিয়া বাহক, বর সুস্থ, এদের সন্তানদের ক্ষেত্রে কোনটি মিথ্যা?",B,B,False,True,1.2533896390000336,B,
462,MAT 2014-2015,স্বাভাবিক মূত্রের বর্ণ হালকা হলুদ হয় কিসের উপস্থিতিতে?,B,B,False,True,1.2611037299998316,B,
907,MAT 2024-2025,পেসমেকারের কাজ কি?,D,D,False,True,1.3749852390001251,D,
225,MAT 2019-2020,মানবদেহের রক্তে কোন বাফার দ্রবণ (buffer solution) থাকে?,A,A,False,True,1.6598402079998777,A,
499,MAT 1988-1989,মানবদেহে রোগ প্রতিরোধক হিসাবে কাজ করে কোনটি?,B,B,False,True,2.0774924309998823,B,
504,MAT 2013-2014,হৃদপিন্ডের ডান অলিন্দ ও ডান নিলয়ের সংযোগ স্থলের কপাটিকার নাম-,B,B,False,True,1.9029573039997558,B,
656,MAT 2005-2006,নিচের কোনটি গ্যামিটোজেনেসিসের জন্য সঠিক নয়?,B,B,False,True,1.7152965179998318,B,
866,MAT 2020-2021,ভ্রূণে লোহিত কণিকাসমূহ নিম্নের কোথায় তৈরি হয়?,AC,C,True,False,1.6611297849999573,C,
492,MAT 2012-2013,রক্তের pH নির্ভর করে যার উপর-,B,B,False,True,1.8857286110001041,B,
273,DAT 2020-2021,ক্রোমাটোগ্রাফির (Chromatography) কয়টি পর্যায় (Phase) আছে?,A,A,False,True,1.54294045000006,A,
13,MAT 2024-2025,পেসমেকারের কাজ কি?,D,D,False,True,1.6338492529998803,D,
466,MAT 2014-2015,মোটর প্রকৃতির স্নায়ু কোনটি?,A,A,False,True,2.2610066689999258,A,
743,MAT 2015-2016,কোন চক্রের মাধ্যমে যকৃতে ইউরিয়া তৈরি হয়?,C,C,False,True,1.3444298959998378,C,
914,MAT 2022-2023,Mollusca এর ক্ষেত্রে কোনটি সঠিক?,B,B,False,True,1.7677037509997717,B,
833,DAT 2021-2022,কোনটি প্লাজমা প্রোটিন নয়?,A,A,False,True,1.2324188719999256,A,
316,DAT 2018-2019,নিচের কোনটি সমগোত্রীয় পাখির উদাহরণ নয়?,A,A,False,True,1.2086439820000123,A,
214,AFMC 2016-2017,কোন পর্বের প্রাণিদের Plannula লার্ভা দশা রয়েছে?,B,B,False,True,1.5332576219998373,B,
624,MAT 2008-2009,নিম্নে উল্লেখিত কোনটি থেকে টেস্টোস্টেরণ হরমোন নিঃসৃত হয়?,C,C,False,True,1.217804920999697,C,
512,DAT 2008-2009,নিম্ন প্রদত্ত কোন ধমনিটির উৎপত্তি এ্যাওর্টার বাঁক থেকে হয় না?,D,D,False,True,1.016073292999863,D,
217,AFMC 2016-2017,আইলেটস অব ল্যাঙ্গারহ্যানস এর কোষ নয় কোনটি?,D,D,False,True,1.4379867369998465,D,
581,DAT 2010-2011,কোন এনজাইম স্নায়ু উদ্দীপনা পরিবহনে গুরুত্বপূর্ণ ভূমিকা পালন করে?,A,A,False,True,1.3714334549999876,A,
51,MAT 2021-2022,কেঁচো কোন অঙ্গের মাধ্যমে শ্বাসপ্রশ্বাস নেয়?,C,C,False,True,0.9519743529999687,C,
918,MAT 2022-2023,মায়োফাইব্রিলে কি ধরনের আমিষ থাকে?,A,A,False,True,1.3798424790002173,A,
373,MAT 2018-2019,চোখের রেটিনার ভিতর সবচেয়ে আলোক সংবেদী অংশের নাম কী?,C,C,False,True,1.4416531719998602,C,
56,MAT 2021-2022,কোন পদ্ধতিতে কোভিড ১৯ ভ্যাক্সিন প্রস্তুত করা হয় না?,D,D,False,True,1.8087871430002451,D,
952,MAT 2020-2021,Alveolus থেকে অক্সিজেন রক্তে কিভাবে প্রবেশ করে?,D,D,False,True,1.668916832999912,D,
538,DAT 2004-2005,রেচনতন্ত্রের নিচের কোনটি ইউরেটার নামক নালি গঠন করে?,B,B,False,True,1.7225693609998416,B,
463,MAT 2014-2015,নিচের কোনটি ক্লাভিকলের বৈশিষ্ট্য?,A,A,False,True,1.8871674550000535,A,
774,MAT 2017-2018,মানব দেহে নিষেক প্রক্রিয়া কোথায় সংঘটিত হয়?,B,B,False,True,1.6646208530000877,B,
770,AFMC 2020-2021,কোনটি সেক্স লিংকড ডিসঅর্ডার নয়?,A,A,False,True,3.177172931000314,A,
125,MAT 2023-2024,কোন পর্বের প্রাণীতে র ্যাবডিটিফর্ম লার্ভা দশা দেখা যায়?,A,A,False,True,1.265104165000139,A,
594,MAT 2007-2008,নিম্নের কোনটি অগ্রমস্তিস্কের অংশ নয়?,B,B,False,True,1.6672208969998792,B,752,MAT 2014-2015,নিচের কোনটি ভ্রূণীয় এক্টোডার্ম স্তর থেকে তৈরি হয়?,C,C,False,True,1.766135623000082,C,
153,DAT 2024-2025,ট্রিপসিন জারকের জন্যে সঠিক কোনটি?,A,A,False,True,1.03171069300015,A,
901,MAT 2024-2025,কোন চক্রের মাধ্যমে যকৃতে ইউরিয়া তৈরী হয়?,B,B,False,True,1.69708582200019,B,
188,AFMC 2021-2022,কোন প্রক্রিয়ায় RNA হতে DNA তৈরি হয়?,A,A,False,True,2.2052457310001046,A,
57,MAT 2020-2021,কোনটি ভাইরাস বৃদ্ধিতে বাঁধা দেয়?,A,A,False,True,1.2961484889997337,A,
62,MAT 2020-2021,কোনটি আমিষ পরিপাককারী (digesting) এনজাইম?,B,B,False,True,1.3796192029999474,B,
446,MAT 2015-2016,মানুষের নবম জোড়া করোটিক স্নায়ুর নাম কী?,D,D,False,True,1.057671510000091,D,
545,MAT 1989-1990,বৃক্কে বিদ্যমান-,A,A,False,True,0.8442456560001119,A,
973,AFMC 2019-2020,দ্বিপদ নামকরণের জনক কে?,A,A,False,True,1.7870483159999822,A,
305,AFMC 2015-2016,অ্যানিমাল পোলের ক্ষেত্রে কোনটি সঠিক?,D,D,False,True,1.6005968270001176,D,
260,DAT 2020-2021,নিচের কোন হরমোনটি রক্তে সোডিয়ামের মাত্রা নিয়ন্ত্রণ করে?,B,B,False,True,2.329647946000023,B,
254,MAT 2019-2020,হাইড্রার কোন অংশে নিডোসাইট কোষ সবচেয়ে বেশি থাকে?,B,B,False,True,1.4708279309998034,B,
666,MAT 2004-2005,ইন্টারফেরনের কাজ নয় কোনটি?,C,C,False,True,3.48680479199993,C,
345,DAT 2017-2018,"মানব পিত্তরস সম্বন্ধে নিচের কোন তথ্যটি সঠিক, ইহা-",D,D,False,True,1.6986064640000222,D,
603,MAT 2001-2002,হার্ডেরিয়ান গ্রন্থির অবস্থান যেখানে-,B,B,False,True,1.2791046489996916,B,
128,AFMC 2017-2018,রেটিনার কোন ধরনের কোষ থেকে অপটিক স্নায়ু তৈরী হয়?,D,D,False,True,1.6712282259995845,D,
696,DAT 2009-2010,নিম্নের কোনটি সঠিক নয়?,D,D,False,True,1.3527245150003182,D,
991,AFMC 2019-2020,মানবদেহে কোন ইউমিউনোগ্লোবিউলিন অনুপস্থিত?,A,A,False,True,1.2728820529996483,A,
816,MAT 2022-2023,মানবদেহে কোনটি লুপ্তপ্রায় অংগ?,B,D,False,False,1.5969006279997302,D,
372,MAT 2018-2019,কোনটি মানুষের পশ্চাৎ মস্তিষ্কের অংশ নয়?,D,D,False,True,1.2864671580000504,D,
522,MAT 2006-2007,স্বরতন্ত্রীর অবস্থান হচ্ছে-,D,D,False,True,1.227616899000168,D,
405,MAT 2017-2018,হেনলির লুপের অবস্থান বৃক্কের কোথায়?,A,A,False,True,1.5615016120000291,A,
412,MAT 2016-2017,ফিলোসফিকা জুওলজিক' গ্রন্থের রচয়িতা কে?,B,B,False,True,1.0170770080003422,B,
482,AFMC 2020-2021,"চিকিৎসাবিদ্যার কোন শাখায় স্থূলতার কারণ, প্রতিরোধ ও চিকিৎসা সম্বন্ধে আলোচনা করা হয়?",C,C,False,True,1.0523806680002963,C,
170,DAT 2024-2025,কোন গ্রন্থি আমিষ শোষণ নিয়ন্ত্রণ করে?,D,D,False,True,2.91036149699994,D,
836,DAT 2021-2022,আমাদের জাতীয় পাখির বৈজ্ঞানিক নাম কি?,B,B,False,True,1.8134576699999343,B,
78,AFMC 2019-2020,পেসমেকারে কোন ব্যাটারি ব্যবহৃত হয়?,A,A,False,True,1.0084957340000074,A,
966,MAT 2020-2021,ভ্রূণে লোহিত কণিকাসমূহ নিম্নের কোথায় তৈরি হয়?,AC,C,True,False,1.64207497399957,C,
83,AFMC 2019-2020,অত্যাবশ্যকীয় অ্যামিনো এসিড নয় কোনটি?,C,D,False,False,1.6724209829999381,D,
738,MAT 2015-2016,কোন ভিটামিন পানিতে দ্রবণীয়?,C,C,False,True,1.2436233360003826,C,
904,MAT 2024-2025,এনজিওপ্লাস্টি করলে কি হয়?,B,B,False,True,1.2413546630000383,B,
291,DAT 2019-2020,নিচের কোন গ্রন্থিটি ক্যালসিয়াম বিপাকে সহায়তা করে?,A,A,False,True,1.1951281100000415,A,
311,DAT 2018-2019,সিফিলিস রোগের জন্য দায়ী নিচের কোনটি?,A,A,False,True,1.8566061589999663,A,
849,MAT 2021-2022,কোন এনজাইম আমিষ পরিপাকে সাহায্য করে?,B,B,False,True,1.5672593879999113,B,
100,AFMC 2018-2019,নিচের কোন প্রাণীটি ত্রিস্তরী?,B,B,False,True,2.1676829540001563,B,
490,MAT 2002-2003,শোষিত খাদ্যবস্তুর প্রোটোপ্লাজমে রূপান্তরকে বলে-,C,C,False,True,2.375924410999687,C,
421,MAT 2016-2017,কোনটি ক্ষুদ্রান্ত্রের অংশ নয়?,C,C,False,True,1.7486665650003488,C,
835,DAT 2021-2022,কোনটি Live attenuated ভ্যাক্সিন?,A,A,False,True,1.253263796000283,A,
766,AFMC 2020-2021,সন্তান প্রসবে কোন হরমোন সাহায্য করে?,A,A,False,True,1.7649097819999042,A,
782,MAT 2017-2018,স্ত্রী রুইমাছ ডিম পাড়ে কখন?,C,C,False,True,1.6421388630001275,C,
935,DAT 2021-2022,কোনটি Live attenuated ভ্যাক্সিন?,A,A,False,True,1.9588826219996918,A,
982,AFMC 2019-2020,কত BMI কে স্বাভাবিক ওজন হিসেবে ধরা হয়?,C,C,False,True,1.7650783549997868,C,
548,MAT 2010-2011,মানুষের গ্লোমেরুলাসে পরিদ্রুত মূত্র ADH এর প্রভাব ছাড়া নিম্নের (%) কতভাগ পুনঃশোষণ প্রক্রিয়ায় নেফ্রনের প্রক্সিমাল প্যাঁচানো নালিকায় শোষিত হয়?,C,D,False,False,1.65759630499997,D,
339,DAT 2017-2018,মোলার দাঁতের কাজ কোনটি?,B,C,False,False,1.691036597999755,C,
197,AFMC 2021-2022,প্যানক্রিয়াসের আইলেটস অব ল্যাঙ্গার হ্যান্স এর কোন কোষ (Cells) থেকে ইনসুলিন নিঃসৃত হয়?,D,D,False,True,1.7001172010000118,D,
970,MAT 2020-2021,গ্রোথ হরমোন কোথায় তৈরি হয়?,D,D,False,True,2.4964841709997927,D,
354,DAT 2016-2017,সেরেব্রামের দুটি খণ্ডকে সংযোগকারী স্নায়ু গুচ্ছের নাম-,C,C,False,True,1.6741214740000032,C,
572,MAT 2009-2010,নিম্নের কোন অস্থিতে মজ্জা গহ্বর নাই?,D,C,False,False,1.2503414050001993,C,
94,AFMC 2019-2020,দেহের ভারসাম্য রক্ষা করে কোনটি?,B,B,False,True,2.402838750999763,B,
353,DAT 2016-2017,পাকস্থলিতে কোন করোটিক স্নায়ুর কার্যক্রম বিদ্যমান?,C,C,False,True,1.6855446250001478,C,
127,AFMC 2017-2018,মুখমন্ডলীয় অস্থিতে প্যালেটিন এর সংখ্যা কত?,B,B,False,True,1.6496684220001043,B,
202,AFMC 2021-2022,শ্বসনতন্ত্রের উৎপত্তি কোথা থেকে হয়?,A,A,False,True,1.264583082000172,A,
154,DAT 2024-2025,পূর্ণবয়স্ক সুস্থ মানুষের দু'টি ফুসফুসে আলভিওলাসের সংখ্যা কত?,D,C,False,False,1.2810085299997809,C,
990,AFMC 2019-2020,গ্রন্থিরাজ বলা হয় কোনটিকে?,C,B,False,False,1.6377237849997073,B,
257,MAT 2019-2020,আন্তঃকশেরুকা চাকতিতে কী ধরনের তরুণাস্থি পাওয়া যায়?,C,C,False,True,1.271627110999816,C,
101,AFMC 2018-2019,রক্তে গ্লুকোজের মাত্রা নিয়ন্ত্রণে কোন সংবহনতন্ত্রের ভূমিকা রয়েছে?,C,C,False,True,1.6046311730001435,C,
234,MAT 2019-2020,কোষের কোথায় ক্রেবস চক্র (Krebs cycle) সংঘটিত হয়?,C,C,False,True,1.5698855460000232,C,
996,DAT 2021-2022,কোন কোষ বিভাজন পদ্ধতিতে RBC তৈরি হয়?,B,B,False,True,1.7386525960000654,B,
848,MAT 2021-2022,কোনটি autosomal recessive disorder?,A,A,False,True,1.2049435130002166,A,
493,MAT 2011-2012,নিম্নের কোন অঙ্গে লোহিত কণিকা ধ্বংস হয়?,AB,AB,True,True,1.1918355739999242,"A,B",
802,MAT 2024-2025,কোন এন্টিবডি প্রধানত এলার্জির সাথে সংশ্লিষ্ট?,D,D,False,True,1.9745658929996353,D,
621,MAT 2009-2010,নিম্নের কোনটি হৃদপিন্ডের সংকোচনের শক্তিকে বাড়ায়?,C,C,False,True,1.883441683000001,C,
559,MAT 1990-1991,হিউমেরাস কোন অস্থিটিকে বলা হয়?,C,C,False,True,1.4157129639997947,C,
523,MAT 2006-2007,ব্রঙ্কিয়াল নালীগুলোর কোনটি সঠিক পর্যায়ক্রম?,B,D,False,False,1.6433588079999026,D,
789,MAT 2016-2017,প্রাপ্তবয়স্ক মানুষের মস্তিষ্কে নিউরনের সংখ্যা কত?,C,C,False,True,1.4995128549999208,C,
541,MAT 2003-2004,প্রতিটি বৃক্কে নেফ্রন থাকে-,C,C,False,True,0.9928494689997933,C,
792,MAT 2016-2017,"কনে হিমোফিলিয়া বাহক, বর সুস্থ, এদের সন্তানদের ক্ষেত্রে কোনটি মিথ্যা?",B,B,False,True,1.2533896390000336,B,
462,MAT 2014-2015,স্বাভাবিক মূত্রের বর্ণ হালকা হলুদ হয় কিসের উপস্থিতিতে?,B,B,False,True,1.2611037299998316,B,
907,MAT 2024-2025,পেসমেকারের কাজ কি?,D,D,False,True,1.3749852390001251,D,
225,MAT 2019-2020,মানবদেহের রক্তে কোন বাফার দ্রবণ (buffer solution) থাকে?,A,A,False,True,1.6598402079998777,A,
499,MAT 1988-1989,মানবদেহে রোগ প্রতিরোধক হিসাবে কাজ করে কোনটি?,B,B,False,True,2.0774924309998823,B,
504,MAT 2013-2014,হৃদপিন্ডের ডান অলিন্দ ও ডান নিলয়ের সংযোগ স্থলের কপাটিকার নাম-,B,B,False,True,1.9029573039997558,B,
656,MAT 2005-2006,নিচের কোনটি গ্যামিটোজেনেসিসের জন্য সঠিক নয়?,B,B,False,True,1.7152965179998318,B,
866,MAT 2020-2021,ভ্রূণে লোহিত কণিকাসমূহ নিম্নের কোথায় তৈরি হয়?,AC,C,True,False,1.6611297849999573,C,
492,MAT 2012-2013,রক্তের pH নির্ভর করে যার উপর-,B,B,False,True,1.8857286110001041,B,
273,DAT 2020-2021,ক্রোমাটোগ্রাফির (Chromatography) কয়টি পর্যায় (Phase) আছে?,A,A,False,True,1.54294045000006,A,
13,MAT 2024-2025,পেসমেকারের কাজ কি?,D,D,False,True,1.6338492529998803,D,
466,MAT 2014-2015,মোটর প্রকৃতির স্নায়ু কোনটি?,A,A,False,True,2.2610066689999258,A,
743,MAT 2015-2016,কোন চক্রের মাধ্যমে যকৃতে ইউরিয়া তৈরি হয়?,C,C,False,True,1.3444298959998378,C,
914,MAT 2022-2023,Mollusca এর ক্ষেত্রে কোনটি সঠিক?,B,B,False,True,1.7677037509997717,B,
833,DAT 2021-2022,কোনটি প্লাজমা প্রোটিন নয়?,A,A,False,True,1.2324188719999256,A,
316,DAT 2018-2019,নিচের কোনটি সমগোত্রীয় পাখির উদাহরণ নয়?,A,A,False,True,1.2086439820000123,A,
214,AFMC 2016-2017,কোন পর্বের প্রাণিদের Plannula লার্ভা দশা রয়েছে?,B,B,False,True,1.5332576219998373,B,
624,MAT 2008-2009,নিম্নে উল্লেখিত কোনটি থেকে টেস্টোস্টেরণ হরমোন নিঃসৃত হয়?,C,C,False,True,1.217804920999697,C,
512,DAT 2008-2009,নিম্ন প্রদত্ত কোন ধমনিটির উৎপত্তি এ্যাওর্টার বাঁক থেকে হয় না?,D,D,False,True,1.016073292999863,D,
217,AFMC 2016-2017,আইলেটস অব ল্যাঙ্গারহ্যানস এর কোষ নয় কোনটি?,D,D,False,True,1.4379867369998465,D,
581,DAT 2010-2011,কোন এনজাইম স্নায়ু উদ্দীপনা পরিবহনে গুরুত্বপূর্ণ ভূমিকা পালন করে?,A,A,False,True,1.3714334549999876,A,
51,MAT 2021-2022,কেঁচো কোন অঙ্গের মাধ্যমে শ্বাসপ্রশ্বাস নেয়?,C,C,False,True,0.9519743529999687,C,
918,MAT 2022-2023,মায়োফাইব্রিলে কি ধরনের আমিষ থাকে?,A,A,False,True,1.3798424790002173,A,
373,MAT 2018-2019,চোখের রেটিনার ভিতর সবচেয়ে আলোক সংবেদী অংশের নাম কী?,C,C,False,True,1.4416531719998602,C,
56,MAT 2021-2022,কোন পদ্ধতিতে কোভিড ১৯ ভ্যাক্সিন প্রস্তুত করা হয় না?,D,D,False,True,1.8087871430002451,D,
952,MAT 2020-2021,Alveolus থেকে অক্সিজেন রক্তে কিভাবে প্রবেশ করে?,D,D,False,True,1.668916832999912,D,
538,DAT 2004-2005,রেচনতন্ত্রের নিচের কোনটি ইউরেটার নামক নালি গঠন করে?,B,B,False,True,1.7225693609998416,B,
463,MAT 2014-2015,নিচের কোনটি ক্লাভিকলের বৈশিষ্ট্য?,A,A,False,True,1.8871674550000535,A,
774,MAT 2017-2018,মানব দেহে নিষেক প্রক্রিয়া কোথায় সংঘটিত হয়?,B,B,False,True,1.6646208530000877,B,
770,AFMC 2020-2021,কোনটি সেক্স লিংকড ডিসঅর্ডার নয়?,A,A,False,True,3.177172931000314,A,
125,MAT 2023-2024,কোন পর্বের প্রাণীতে র ্যাবডিটিফর্ম লার্ভা দশা দেখা যায়?,A,A,False,True,1.265104165000139,A,
594,MAT 2007-2008,নিম্নের কোনটি অগ্রমস্তিস্কের অংশ নয়?,B,B,False,True,1.6672208969998792,B,
752,MAT 2014-2015,নিচের কোনটি ভ্রূণীয় এক্টোডার্ম স্তর থেকে তৈরি হয়?,C,C,False,True,1.766135623000082,C,
153,DAT 2024-2025,ট্রিপসিন জারকের জন্যে সঠিক কোনটি?,A,A,False,True,1.03171069300015,A,
901,MAT 2024-2025,কোন চক্রের মাধ্যমে যকৃতে ইউরিয়া তৈরী হয়?,B,B,False,True,1.69708582200019,B,
188,AFMC 2021-2022,কোন প্রক্রিয়ায় RNA হতে DNA তৈরি হয়?,A,A,False,True,2.2052457310001046,A,
57,MAT 2020-2021,কোনটি ভাইরাস বৃদ্ধিতে বাঁধা দেয়?,A,A,False,True,1.2961484889997337,A,
62,MAT 2020-2021,কোনটি আমিষ পরিপাককারী (digesting) এনজাইম?,B,B,False,True,1.3796192029999474,B,
446,MAT 2015-2016,মানুষের নবম জোড়া করোটিক স্নায়ুর নাম কী?,D,D,False,True,1.057671510000091,D,
545,MAT 1989-1990,বৃক্কে বিদ্যমান-,A,A,False,True,0.8442456560001119,A,
973,AFMC 2019-2020,দ্বিপদ নামকরণের জনক কে?,A,A,False,True,1.7870483159999822,A,
305,AFMC 2015-2016,অ্যানিমাল পোলের ক্ষেত্রে কোনটি সঠিক?,D,D,False,True,1.6005968270001176,D,
260,DAT 2020-2021,নিচের কোন হরমোনটি রক্তে সোডিয়ামের মাত্রা নিয়ন্ত্রণ করে?,B,B,False,True,2.329647946000023,B,
254,MAT 2019-2020,হাইড্রার কোন অংশে নিডোসাইট কোষ সবচেয়ে বেশি থাকে?,B,B,False,True,1.4708279309998034,B,
666,MAT 2004-2005,ইন্টারফেরনের কাজ নয় কোনটি?,C,C,False,True,3.48680479199993,C,
345,DAT 2017-2018,"মানব পিত্তরস সম্বন্ধে নিচের কোন তথ্যটি সঠিক, ইহা-",D,D,False,True,1.6986064640000222,D,
603,MAT 2001-2002,হার্ডেরিয়ান গ্রন্থির অবস্থান যেখানে-,B,B,False,True,1.2791046489996916,B,
128,AFMC 2017-2018,রেটিনার কোন ধরনের কোষ থেকে অপটিক স্নায়ু তৈরী হয়?,D,D,False,True,1.6712282259995845,D,
696,DAT 2009-2010,নিম্নের কোনটি সঠিক নয়?,D,D,False,True,1.3527245150003182,D,
991,AFMC 2019-2020,মানবদেহে কোন ইউমিউনোগ্লোবিউলিন অনুপস্থিত?,A,A,False,True,1.2728820529996483,A,
816,MAT 2022-2023,মানবদেহে কোনটি লুপ্তপ্রায় অংগ?,B,D,False,False,1.5969006279997302,D,
372,MAT 2018-2019,কোনটি মানুষের পশ্চাৎ মস্তিষ্কের অংশ নয়?,D,D,False,True,1.2864671580000504,D,
522,MAT 2006-2007,স্বরতন্ত্রীর অবস্থান হচ্ছে-,D,D,False,True,1.227616899000168,D,
405,MAT 2017-2018,হেনলির লুপের অবস্থান বৃক্কের কোথায়?,A,A,False,True,1.5615016120000291,A,
412,MAT 2016-2017,ফিলোসফিকা জুওলজিক' গ্রন্থের রচয়িতা কে?,B,B,False,True,1.0170770080003422,B,
482,AFMC 2020-2021,"চিকিৎসাবিদ্যার কোন শাখায় স্থূলতার কারণ, প্রতিরোধ ও চিকিৎসা সম্বন্ধে আলোচনা করা হয়?",C,C,False,True,1.0523806680002963,C,
170,DAT 2024-2025,কোন গ্রন্থি আমিষ শোষণ নিয়ন্ত্রণ করে?,D,D,False,True,2.91036149699994,D,
836,DAT 2021-2022,আমাদের জাতীয় পাখির বৈজ্ঞানিক নাম কি?,B,B,False,True,1.8134576699999343,B,
78,AFMC 2019-2020,পেসমেকারে কোন ব্যাটারি ব্যবহৃত হয়?,A,A,False,True,1.0084957340000074,A,
966,MAT 2020-2021,ভ্রূণে লোহিত কণিকাসমূহ নিম্নের কোথায় তৈরি হয়?,AC,C,True,False,1.64207497399957,C,
83,AFMC 2019-2020,অত্যাবশ্যকীয় অ্যামিনো এসিড নয় কোনটি?,C,D,False,False,1.6724209829999381,D,
738,MAT 2015-2016,কোন ভিটামিন পানিতে দ্রবণীয়?,C,C,False,True,1.2436233360003826,C,
904,MAT 2024-2025,এনজিওপ্লাস্টি করলে কি হয়?,B,B,False,True,1.2413546630000383,B,
291,DAT 2019-2020,নিচের কোন গ্রন্থিটি ক্যালসিয়াম বিপাকে সহায়তা করে?,A,A,False,True,1.1951281100000415,A,
311,DAT 2018-2019,সিফিলিস রোগের জন্য দায়ী নিচের কোনটি?,A,A,False,True,1.8566061589999663,A,
849,MAT 2021-2022,কোন এনজাইম আমিষ পরিপাকে সাহায্য করে?,B,B,False,True,1.5672593879999113,B,
100,AFMC 2018-2019,নিচের কোন প্রাণীটি ত্রিস্তরী?,B,B,False,True,2.1676829540001563,B,
490,MAT 2002-2003,শোষিত খাদ্যবস্তুর প্রোটোপ্লাজমে রূপান্তরকে বলে-,C,C,False,True,2.375924410999687,C,
421,MAT 2016-2017,কোনটি ক্ষুদ্রান্ত্রের অংশ নয়?,C,C,False,True,1.7486665650003488,C,
835,DAT 2021-2022,কোনটি Live attenuated ভ্যাক্সিন?,A,A,False,True,1.253263796000283,A,
766,AFMC 2020-2021,সন্তান প্রসবে কোন হরমোন সাহায্য করে?,A,A,False,True,1.7649097819999042,A,
782,MAT 2017-2018,স্ত্রী রুইমাছ ডিম পাড়ে কখন?,C,C,False,True,1.6421388630001275,C,
935,DAT 2021-2022,কোনটি Live attenuated ভ্যাক্সিন?,A,A,False,True,1.9588826219996918,A,
982,AFMC 2019-2020,কত BMI কে স্বাভাবিক ওজন হিসেবে ধরা হয়?,C,C,False,True,1.7650783549997868,C,
548,MAT 2010-2011,মানুষের গ্লোমেরুলাসে পরিদ্রুত মূত্র ADH এর প্রভাব ছাড়া নিম্নের (%) কতভাগ পুনঃশোষণ প্রক্রিয়ায় নেফ্রনের প্রক্সিমাল প্যাঁচানো নালিকায় শোষিত হয়?,C,D,False,False,1.65759630499997,D,
339,DAT 2017-2018,মোলার দাঁতের কাজ কোনটি?,B,C,False,False,1.691036597999755,C,
197,AFMC 2021-2022,প্যানক্রিয়াসের আইলেটস অব ল্যাঙ্গার হ্যান্স এর কোন কোষ (Cells) থেকে ইনসুলিন নিঃসৃত হয়?,D,D,False,True,1.7001172010000118,D,
970,MAT 2020-2021,গ্রোথ হরমোন কোথায় তৈরি হয়?,D,D,False,True,2.4964841709997927,D,
354,DAT 2016-2017,সেরেব্রামের দুটি খণ্ডকে সংযোগকারী স্নায়ু গুচ্ছের নাম-,C,C,False,True,1.6741214740000032,C,
572,MAT 2009-2010,নিম্নের কোন অস্থিতে মজ্জা গহ্বর নাই?,D,C,False,False,1.2503414050001993,C,
94,AFMC 2019-2020,দেহের ভারসাম্য রক্ষা করে কোনটি?,B,B,False,True,2.402838750999763,B,
353,DAT 2016-2017,পাকস্থলিতে কোন করোটিক স্নায়ুর কার্যক্রম বিদ্যমান?,C,C,False,True,1.6855446250001478,C,
127,AFMC 2017-2018,মুখমন্ডলীয় অস্থিতে প্যালেটিন এর সংখ্যা কত?,B,B,False,True,1.6496684220001043,B,
202,AFMC 2021-2022,শ্বসনতন্ত্রের উৎপত্তি কোথা থেকে হয়?,A,A,False,True,1.264583082000172,A,
154,DAT 2024-2025,পূর্ণবয়স্ক সুস্থ মানুষের দু'টি ফুসফুসে আলভিওলাসের সংখ্যা কত?,D,C,False,False,1.2810085299997809,C,
990,AFMC 2019-2020,গ্রন্থিরাজ বলা হয় কোনটিকে?,C,B,False,False,1.6377237849997073,B,
257,MAT 2019-2020,আন্তঃকশেরুকা চাকতিতে কী ধরনের তরুণাস্থি পাওয়া যায়?,C,C,False,True,1.271627110999816,C,
101,AFMC 2018-2019,রক্তে গ্লুকোজের মাত্রা নিয়ন্ত্রণে কোন সংবহনতন্ত্রের ভূমিকা রয়েছে?,C,C,False,True,1.6046311730001435,C,
234,MAT 2019-2020,কোষের কোথায় ক্রেবস চক্র (Krebs cycle) সংঘটিত হয়?,C,C,False,True,1.5698855460000232,C,