source,reference,prediction,latency,error,_idx
লেখক অধ্যাপক অমল কুমার চৌধুরী অধ্যাপক কার্ডিওলজি বিভাগ ন্যাশনাল ইন্সটিটিউট অব কার্ডিওভাসকুলার ডিজিজ এনআইসিভিডি,লেখক অধ্যাপক অমল কুমার চৌধুরী প্রফেসর কার্ডিওলজি বিভাগের ন্যাশনাল ইনস্টিটিউট অফ কার্ডিওভাসকুলার ডিজিজেস এনআইসিভিডি,ন্যাশনাল ইন্সটিটিউট অব কার্ডিওভাসকুলার ডিজিজ (এনআইসিভিডি)-র কার্ডিওলজি বিভাগের অধ্যাপক ও লেখক অমল কুমার চৌধুরী।,6.44981131700024,,
এ জন্য কিছু পরীক্ষা করা যেতে পারে এবং সুষম খাওয়ার অভ্যাস করতে হবে,এ জন্য কিছু পরীক্ষা করা যেতে পারে এবং সুষম খাবারের অভ্যাস করতে হবে।,এই কারণে কিছু পরীক্ষা চালানো যেতে পারে এবং সুষম খাদ্যাভ্যাস গড়ে তুলতে হবে।,4.038513121000051,,
প্রচুর পরিমাণে পানি বা তরল খাবার ও ভিটামিন সিযুক্ত খাবার খেতে হবে,প্রচুর পানি বা তরল পান করুন এবং ভিটামিন সি সমৃদ্ধ খাবার খান।,প্রচুর পানি ও তরল খাদ্য এবং ভিটামিনসমৃদ্ধ খাবার গ্রহণ করা জরুরি।,2.1311545640000986,,
কারণ প্রতিযোগিতার এ সময়ে কর্মক্ষেত্রে ইন্টারভিউয়ে সামাজিক অনুষ্ঠানে নিজেকে যোগ্য ও ভিন্নভাবে উপস্থাপনের চেষ্টা,কারণ প্রতিযোগিতার এই সময়ে কর্মক্ষেত্রের সাক্ষাৎকারে সামাজিক অনুষ্ঠানে নিজেকে যোগ্য ও ভিন্নভাবে উপস্থাপন করার চেষ্টা করুন।,প্রতিযোগিতার এই সময়ে চাকরির ইন্টারভিউ ও সামাজিক অনুষ্ঠানে নিজেকে দক্ষ ও স্বতন্ত্রভাবে তুলে ধরার প্রচেষ্টা।,14.03225501299994,,
টুপি পরে বা অন্য কোনো চুলের প্রসাধনীর সাহায্যে চুলকে সুরক্ষিত রাখতে হবে,একটি টুপি বা অন্যান্য চুলের আনুষাঙ্গিক পরা দ্বারা চুল সুরক্ষিত করা উচিত।,চুলকে সুরক্ষিত রাখতে টুপি ব্যবহার করা যেতে পারে বা যেকোনো চুলের প্রসাধনীও কাজ করবে।,2.7509343950000584,,
পার্বত্য অঞ্চলের উর্বর জমিগুলোতে ব্যাপক আকারে তামাক চাষ হচ্ছে,পার্বত্য অঞ্চলের উর্বর জমিতে ব্যাপক হারে তামাক চাষ হয়।,পাহাড়ি এলাকার উপজোর জমিগুলোতে ব্যাপক পরিমাণে তামাকের চাষ চলছে।,1.9296356029999515,,
যেহেতু এখনো নভেল করোনাভাইরাসের কোন ভ্যাকসিন আবিষ্কৃত হয়নি তাই আমরা হার্ড ইমিউনিটি বলতে বেশিরভাগ মানুষের জীবাণুর সংস্পর্শে আসাকে বুঝাচ্ছি,"যেহেতু নোভেল করোনাভাইরাসের কোনো ভ্যাকসিন আবিষ্কৃত হয়নি, তাই আমরা সবচেয়ে বেশি লোকের ভাইরাসের সংস্পর্শে আসার জন্য কঠোর প্রতিরোধ ক্ষমতা ব্যবহার করি।",,11.287800884999797,request_error:'NoneType' object has no attribute 'strip',
বলা হয় সর্বশেষ ২৪ ঘণ্টায় মঙ্গলবার সকাল আটটা থেকে বুধবার সকাল আটটা পর্যন্ত ডেঙ্গু নিয়ে ২৯৬ জন দেশের বিভিন্ন হাসপাতালে ভর্তি হয়েছেন,মঙ্গলবার সকাল ৮টা থেকে বুধবার সকাল ৮টা পর্যন্ত গত ২৪ ঘণ্টায় ডেঙ্গুতে আক্রান্ত হয়ে দেশের বিভিন্ন হাসপাতালে ২৯৬ জন ভর্তি হয়েছেন বলে জানা গেছে।,গত ২৪ ঘণ্টায় মঙ্গলবার সকাল ৮টা থেকে বুধবার সকাল ৮টা পর্যন্ত ডেঙ্গু আক্রান্ত হয়ে দেশের বিভিন্ন হাসপাতালে ২৯৬ জন ভর্তি হয়েছেন বলে জানা গেছে।,87.02050657699965,,
তবে ওষুধের ব্যবহার সম্পর্কে বিশ্ব স্বাস্থ্য সংস্থা সতর্ক করে দিয়েছে,তবে ওষুধের ব্যবহার নিয়ে সতর্ক করেছে বিশ্ব স্বাস্থ্য সংস্থা।,বিশ্ব স্বাস্থ্য সংস্থা ওষুধ ব্যবহারের ব্যাপারে সাবধান করে দিয়েছে।,0.5161324270002297,,
" চীনাবাদামে পর্যাপ্ত অ্যান্টি-অক্সিডেন্ট থাকে, যা ক্যানসার প্রতিরোধ করে",চিনাবাদামে রয়েছে পর্যাপ্ত অ্যান্টি-অক্সিডেন্ট যা ক্যান্সার প্রতিরোধ করে।,"চীনাবাদামে যথেষ্ট অ্যান্টি-অক্সিডেন্ট বিদ্যমান, যা ক্যানসার প্রতিরোধে সাহায্য করে।",2.3728107110000565,,
এতে শরীরের কোনো ক্ষতি হয় না,এতে শরীরের কোনো ক্ষতি হয় না।,এতে দেহের কোনো ক্ষতি হয় না।,4.750893762000032,,
তবে এমন খবরে আতঙ্কিত হননি বলে জানান তিনি,তবে এ ধরনের খবরে তিনি ভীত নন বলে জানান।,"তিনি জানান, এমন খবরে তিনি আতঙ্কিত হননি।",1.7538939480000408,,
সম্পূর্ণ সেদ্ধ হয়ে পানি শুকিয়ে যাওয়া পর্যন্ত মাঝারি আঁচে রান্না করুন,মাঝারি আঁচে রান্না করুন যতক্ষণ না সম্পূর্ণ সিদ্ধ হয় এবং জল শুকিয়ে যায়।,মাঝারি তাপে রান্না করুন যতক্ষণ না পুরোপুরি সেদ্ধ হয়ে পানি শুকিয়ে যায়।,1.3597264139998515,,
হাঁটতে গেলে মানুষ কেন হাঁপিয়ে ওঠে এ বিষয়ে বিস্তারিত জানিয়েছেন মুন্নু মেডিকেল কলেজ ও হাসপাতালের হৃদরোগ বিভাগের প্রধান  অধ্যাপক ডা মোহাম্মদ সাইফউল্লাহ,মুন্নু মেডিক্যাল কলেজ ও হাসপাতালের কার্ডিওলজি বিভাগের প্রধান অধ্যাপক ডাঃ মোহাম্মদ সাইফুল্লাহ কেন হাঁটার সময় হাঁটতে হাঁটতে হাঁটতে পারে সে সম্পর্কে বিস্তারিত জানিয়েছেন।,"হাঁটতে গেলে মানুষ কেন হাঁপিয়ে পড়ে, সে সম্পর্কে বিস্তারিত তথ্য দিয়েছেন মুন্নু মেডিকেল কলেজ ও হাসপাতালের হৃদরোগ বিভাগের প্রধান অধ্যাপক ডা. মোহাম্মদ সাইফউল্লাহ।",1.9974026849999973,,
সেখান থেকেই মূলত মেডিসিনের প্রতি তার বিশেষ আগ্রহ তৈরি হয়,সেখান থেকেই চিকিৎসার প্রতি তার বিশেষ আগ্রহ গড়ে ওঠে।,সেই স্থান থেকেই মূলত তার মেডিসিনের প্রতি বিশেষ আগ্রহের সূত্রপাত ঘটে।,2.9382410410003104,,
যে কেউই করোনা আক্রান্ত হতে পারেন,যে কেউ করোনা ভাইরাসে আক্রান্ত হতে পারে।,যে কোনো ব্যক্তিই করোনায় আক্রান্ত হতে পারেন।,2.9105241390002448,,
ক্রনিক মায়েলোয়েড লিউকেমিয়া সিএমএল তার মধ্যে অন্যতম,ক্রনিক মাইলয়েড লিউকেমিয়া সিএমএল তাদের মধ্যে একটি।,ক্রনিক মায়েলোয়েড লিউকেমিয়া (সিএমএল) তার মধ্যে একটি প্রধান।,0.8793041330000051,,
জ্বাল কমিয়ে ভাজা ভাজা করে রান্না করুন,আঁচ কমিয়ে ভাজা না হওয়া পর্যন্ত রান্না করুন।,জ্বাল হ্রাস করে ভাজাভাজি করে রান্না করুন।,6.0438459070001045,,17.0
 সেই কারণে কিডনি রোগীর সংখ্যা এখন বাড়ছে,যে কারণে কিডনি রোগীর সংখ্যা এখন বাড়ছে।,কিডনি রোগীর সংখ্যা বর্তমানে বেড়ে চলেছে সেই কারণেই।,1.8601011230002769,,18.0
এদিকে গত ২৪ ঘণ্টায় করোনা থেকে সুস্থ হয়েছেন ৪৬ জন,গত ২৪ ঘণ্টায় ৪৬ জন কোভিড-১৯ থেকে সুস্থ হয়েছেন।,বিগত ২৪ ঘণ্টায় করোনা থেকে আরোগ্য লাভ করেছেন ৪৬ জন।,3.498664994999672,,19.0
যেমন সন্তানধারণ করলে শুরু থেকেই দ্বিগুণ খাবার খেতে হবে প্রচুর ভাত খেতে হবে এসব ঠিক নয়,"যেমন, সন্তান হলে শুরু থেকেই দ্বিগুণ খাবার খেতে হবে এবং প্রচুর ভাত খেতে হবে- এগুলো ঠিক নয়।",সন্তানধারণের সময় শুরু থেকেই দ্বিগুণ খাবার ও প্রচুর ভাত খাওয়া প্রয়োজন—এ ধারণা সঠিক নয়।,0.904491784000129,,20.0
সাদা চুল রং করতে চাইলে প্রাকৃতিক পদ্ধতি অবলম্বন করা যেতে পারে,সাদা চুলে রং করতে চাইলে প্রাকৃতিক উপায় অবলম্বন করা যেতে পারে।,প্রাকৃতিক উপায়ে সাদা চুল রাঙানো সম্ভব।,1.2094637460004378,,21.0
চিকিৎসা পদ্ধতির অজস্র ত্রুটির দায় মাথায় নিয়ে ১৯৫১ সালে পরলোকে পাড়ি দেন ভোরোনফ,"1951 সালে, ভোরোনফ অসংখ্য চিকিৎসা ত্রুটির দায় নিয়ে মারা যান।","ভোরোনফ ১৯৫১ সালে মৃত্যুবরণ করেন, চিকিৎসা পদ্ধতির অসংখ্য ত্রুটির দায় নিজের কাঁধে নিয়ে।",4.092152977000296,,22.0
নখ এবং ত্বকে নিয়মিত ময়েশ্চারাইজার ব্যবহার করে মসৃণ রাখুন,নিয়মিত ময়েশ্চারাইজার ব্যবহার করে নখ ও ত্বক মসৃণ রাখুন।,নখ ও ত্বকে প্রতিদিন ময়েশ্চারাইজার লাগিয়ে মসৃণ রাখুন।,7.012207081999804,,23.0
"চিকিৎসকদের কথায়, দুপুর বা বিকালের দিকে বাইরের তাপমাত্রা মারাত্মক আকার নেয়","চিকিৎসকদের মতে, বিকেল বা বিকেলে বাইরের তাপমাত্রা মারাত্মক আকার ধারণ করে।","চিকিৎসকদের মতে, দুপুর বা বিকাল নাগাদ বাইরের তাপমাত্রা ভয়াবহ রূপ ধারণ করে।",3.462906922000002,,24.0
 এই দুই ধরনের ফাইবার শরীরে রক্তে শর্করার মাত্রা কমায়,এই দুই ধরনের ফাইবার শরীরে রক্তে শর্করার মাত্রা কমায়।,শরীরে রক্তে শর্করার মাত্রা হ্রাস করে এই দুই ধরণের আঁশ।,3.351242900000216,,25.0
 গত একদিনে ডেঙ্গুতে আক্রান্ত হয়ে ১৮৯ জন রোগী হাসপাতালে ভর্তি হয়েছেন,গত দিনে ডেঙ্গুতে আক্রান্ত হয়ে হাসপাতালে ভর্তি হয়েছেন ১৮৯ জন।,গত চব্বিশ ঘণ্টায় ডেঙ্গু জ্বরে আক্রান্ত হয়ে ১৮৯ জন হাসপাতালে ভর্তি হয়েছেন।,7.598278520000349,,26.0
বাংলাদেশের একজন বৈচিত্র্যময় এবং অগ্রগামী হেলথকেয়ার পেশাজীবী উদ্যোক্তা ও সমাজসেবী হিসেবে তিনি স্বাস্থ্যসেবা ব্যবস্থাপনায় উল্লেখযোগ্য পরিবর্তন সাধন করেছেন বিশেষত দীর্ঘদিন ধরে অসুস্থ রোগীদের মধ্যে রোগের নিরাময় বিষয়ক প্রচারণা এবং বাংলাদেশে কম খরচে উন্নত প্রযুক্তির আন্তর্জাতিক ফার্মা পণ্য ও মেডিক্যাল ডিভাইস নিয়ে আসার ক্ষেত্রে অত্যন্ত গুরুত্বপূর্ণ ভূমিকা রেখেছেন,"বাংলাদেশের একজন বৈচিত্র্যময় এবং অগ্রগামী স্বাস্থ্যসেবা পেশাদার উদ্যোক্তা এবং জনহিতৈষী হিসাবে, তিনি স্বাস্থ্যসেবা ব্যবস্থাপনায় উল্লেখযোগ্য পরিবর্তন করেছেন, বিশেষ করে দীর্ঘস্থায়ী অসুস্থ রোগীদের নিরাময়ের জন্য প্রচারাভিযানে, এবং কম খরচে, উচ্চ প্রযুক্তির আন্তর্জাতিক ফার্মা পণ্য এবং চিকিৎসা আনার ক্ষেত্রে সহায়ক ভূমিকা পালন করেছেন। বাংলাদেশে ডিভাইস।","তিনি বাংলাদেশের একজন বহুমুখী ও পথিকৃৎ স্বাস্থ্যসেবা পেশাদার, উদ্যোক্তা ও সমাজকর্মী হিসেবে স্বাস্থ্যসেবা ব্যবস্থাপনায় গুরুত্বপূর্ণ পরিবর্তন এনেছেন, বিশেষ করে দীর্ঘমেয়াদী অসুস্থ রোগীদের মধ্যে রোগ নিরাময় সচেতনতা বৃদ্ধি এবং বাংলাদেশে কম মূল্যে উন্নত প্রযুক্তির আন্তর্জাতিক ফার্মাসিউটিক্যাল পণ্য ও চিকিৎসা সরঞ্জাম আনার ক্ষেত্রে অত্যন্ত গুরুত্বপূর্ণ ভূমিকা পালন করেছেন।",25.747781728999144,,27.0
গরমে কাঁচা আমের ডাল সকলেরই খুব প্রিয় খাবার,গ্রীষ্মকালে কাঁচা আমের ডাল সবারই প্রিয় খাবার।,গরমের সময় কাঁচা আমের ডাল সবাই খুব পছন্দ করে।,2.0396418620002805,,28.0
পাঁচ ধূমপান কিডনিতে রক্ত চলাচল ব্যহত করে,5. ধূমপান কিডনিতে রক্ত ​​​​প্রবাহকে ব্যাহত করে।,ধূমপানের কারণে কিডনিতে রক্তপ্রবাহ ব্যাহত হয়।,2.525333004999993,,29.0
আমাদের দেশে গড় বয়স ২৭ বছর এখন পর্যন্ত মৃত্যু হার সবচেয়ে বেশি ১৬ ৬৫ থেকে ৭৪ বছর এর মধ্যে,"আমাদের দেশে গড় বয়স 27 বছর, এবং মৃত্যুর হার 1665 থেকে 74 বছরের মধ্যে সর্বোচ্চ।","আমাদের দেশে গড় আয়ু ২৭ বছর, আর এখন পর্যন্ত সবচেয়ে বেশি মৃত্যুর হার ৬৫ থেকে ৭৪ বছর বয়সীদের মধ্যে।",1.828044924000096,,30.0
 মেটাবলিজম বাড়ার কারণে দেহ থেকে মেদের বহর দ্রুত গতিতে কমে যাবে,"মেটাবলিজম বৃদ্ধির কারণে, শরীর দ্রুত হারে চর্বি হারাবে।",মেটাবলিজম বৃদ্ধির ফলে শরীরের চর্বি দ্রুত হ্রাস পাবে।,2.04689909299941,,31.0
 তাকে দেখা গেছে একের পর এক কমেডি সিরিজেও,একের পর এক কমেডি ধারাবাহিকেও দেখা গেছে তাকে।,তাকে একের পর এক কমেডি সিরিজে দেখা গেছে।,3.908542799000315,,32.0
"সাংবাদিকদের আরেক প্রশ্নের জবাবে তিনি বলেন, ‘ঢালাওভাবে বলা—এটা কাজ করছে না, ওটা কাজ করছে না! আমার ফলাফলই তো বলে দিচ্ছে কোনটা কাজ করছে","সাংবাদিকদের আরেক প্রশ্নের জবাবে তিনি বলেন: 'এটা ক্লিনলি বললে- এটা কাজ করছে না, কাজ হচ্ছে না! আমার ফলাফল আমাকে বলে কি কাজ করে.","সাংবাদিকদের অন্য এক প্রশ্নের উত্তরে তিনি বলেন, ‘সবকিছুকে এক করে বলা—এটা ঠিকঠাক চলছে না, ওটা চলছে না! আমার সাফল্যই তো প্রমাণ করছে কোনটা কার্যকর।’",1.8543466959999928,,33.0
পটাশিয়াম ও খনিজসমৃদ্ধ ফলমূল ও শাকসবজি খেলে পটাশিয়াম শরীর থেকে সোডিয়ামকে বের করে দিয়ে রক্তচাপ কমিয়ে আনে,পটাসিয়াম এবং খনিজ পটাসিয়াম সমৃদ্ধ ফল এবং শাকসবজি খাওয়া শরীর থেকে সোডিয়াম অপসারণ করে রক্তচাপ কমায়।,খনিজ ও পটাশিয়াম সমৃদ্ধ শাকসবজি ও ফলমূল খেলে শরীর থেকে সোডিয়াম বেরিয়ে যায় এবং রক্তচাপ হ্রাস পায়।,11.97766703599973,,34.0
এটি স্মৃতিশক্তি হ্রাসের পাশাপাশি সিদ্ধান্ত গ্রহণে কোনো বিষয়ে মনোনিবেশ করা ও সহজেই বিভ্রান্ত হওয়ার মতো সমস্যা দেখা দিতে পারে,এর ফলে স্মৃতিশক্তি হ্রাসের পাশাপাশি মনোযোগ দিতে এবং সহজে সিদ্ধান্ত নিতে সমস্যা হতে পারে।,"স্মৃতিশক্তি কমার পাশাপাশি সিদ্ধান্ত নেওয়া, কোনো বিষয়ে মনোযোগ দেওয়া ও সহজেই বিভ্রান্ত হওয়ার মতো সমস্যা দেখা দিতে পারে।",3.794452734000515,,35.0
এ সময়ে হঠাৎ গরম হঠাৎ বৃষ্টি,এ সময় হঠাৎ গরম ও হঠাৎ বৃষ্টি হচ্ছে।,"এই সময়ে হঠাৎ করেই গরম, আবার হঠাৎ বৃষ্টি।",5.216112396999961,,36.0
যে কোনো রোগে আক্রান্ত হলেই নিকটস্থ হাসপাতালে যেন চিকিৎসা দেয়া হয়,কোনো রোগ হলে নিকটস্থ হাসপাতালে চিকিৎসা দিতে হবে।,যে কোনো অসুখে আক্রান্ত হলে নিকটবর্তী হাসপাতালে চিকিৎসা নিশ্চিত করতে হবে।,9.73878582099951,,37.0
 কিন্তু যাদের শরীরে অ্যালবুমিনের পরিমাণ বেশি তারা সেদ্ধ ডিমের সাদা অংশ খাবেন না,কিন্তু যাদের শরীরে অ্যালবুমিনের পরিমাণ বেশি তাদের সেদ্ধ ডিমের সাদা অংশ খাওয়া উচিত নয়।,"তবে যাদের শরীরে অ্যালবুমিনের মাত্রা বেশি, তাদের সেদ্ধ ডিমের সাদা অংশ খাওয়া উচিত নয়।",3.269459195999844,,38.0
যাদের চিকেন পক্স অথবা সিঙ্গেল হয়েছে শুধু তাদের ক্ষেত্রে রামজি হান্ট সিনড্রম হতে পারে,চিকেন পক্স বা চিকেন পক্সে আক্রান্ত ব্যক্তিরাই রামজি-হান্ট সিনড্রোম হতে পারে।,রামজি হান্ট সিনড্রম কেবল তাদেরই হতে পারে যারা চিকেন পক্স বা সিঙ্গেলসে আক্রান্ত হয়েছেন।,3.653081768999982,,39.0
 জ্বর হলে জ্বর কমাতে শুধু প্যারাসিটামল খাওয়াতে হবে,জ্বর হলে জ্বর কমানোর জন্য শুধুমাত্র প্যারাসিটামল খেতে হবে।,জ্বর এলে তা কমানোর জন্য শুধুমাত্র প্যারাসিটামল দেওয়া প্রয়োজন।,1.0772999910004728,,40.0
থাইরয়েড গ্রন্থির কোনো অংশ টিউমারের মতো ফুলে উঠলে তাকে বলা হয় থাইরয়েড নডিউল,থাইরয়েড গ্রন্থির কোনো অংশ টিউমারের মতো ফুলে গেলে তাকে থাইরয়েড নডিউল বলে।,থাইরয়েড গ্রন্থির কোনো অংশ টিউমারের মতো ফুলে গেলে সেটিকে থাইরয়েড নডিউল বলা হয়।,2.544094505999965,,41.0
হঠাৎ পা ফুলে যাওয়া খুবই স্বাভাবিক ঘটনা,হঠাৎ পা ফুলে যাওয়া খুবই স্বাভাবিক।,পা হঠাৎ ফুলে ওঠা একেবারে সাধারণ ব্যাপার।,10.038511997000567,,42.0
তাই এখন আমাদের ঝুঁকি নিয়েই নিত্যদিনের কাজকর্ম ও যাতায়াত করতে হবে,তাই এখন আমাদের দৈনন্দিন কাজকর্ম করতে হবে এবং নিজ দায়িত্বে ভ্রমণ করতে হবে।,তাই এখন আমাদের ঝুঁকি মেনেই প্রতিদিনের কাজ ও চলাচল করতে হবে।,1.064787104000061,,43.0
সার্স ও মার্স পরিবারের সদস্য নতুন ভাইরাসের নাম দেয়া হয়েছে নভেল করোনাভাইরাস,সারস এবং মঙ্গল গ্রহের পরিবারের সদস্য নতুন ভাইরাসটির নামকরণ করা হয়েছে নভেল করোনাভাইরাস।,"নতুন ভাইরাসটির নাম নভেল করোনাভাইরাস রাখা হয়েছে, যা সার্স ও মার্স পরিবারের অন্তর্ভুক্ত।",0.6744080960006613,,44.0
বাবা বিদেশে অবস্থান করার কারণে পরিবারের সবার স্বাস্থ্যসেবার ব্যাপারে লক্ষ্য রাখতে হতো,বাবা বিদেশে থাকার সুবাদে তাকে পরিবারের সবার স্বাস্থ্যের যত্ন নিতে হয়েছে।,বাবা বিদেশে থাকায় পরিবারের প্রত্যেকের স্বাস্থ্যসেবার দিকে নজর দিতে হতো।,0.9892205559999638,,45.0
এ সময় গ্রামের লোকেরা তাকে গ্রামে থাকতে নিষেধ করে,এ সময় গ্রামের লোকজন তাকে গ্রামে থাকতে নিষেধ করে।,গ্রামের মানুষজন তখন তাকে গ্রামে থাকতে বারণ করে দেয়।,0.6397504360002131,,46.0
প্রশ্ন টেকসই উন্নয়ন নিশ্চিতকরণে জনগণের সুস্বাস্থ্য গুরুত্বপূর্ণ,প্র: টেকসই উন্নয়ন নিশ্চিত করতে মানুষের সুস্বাস্থ্য গুরুত্বপূর্ণ।,টেকসই উন্নয়ন নিশ্চিত করতে মানুষের ভালো স্বাস্থ্য অপরিহার্য।,0.6118881440006589,,47.0
যাঁদের ত্বক অতিরিক্ত শুষ্ক তারা ময়েশ্চারাইজার লাগানোর আগে চাইলে হাইড্রেটিং সিরাম বা শিট মাস্ক বা টোনার ব্যবহার করতে পারেন,"যাদের ত্বক অত্যন্ত শুষ্ক তারা ময়েশ্চারাইজার লাগানোর আগে হাইড্রেটিং সিরাম, শীট মাস্ক বা টোনার ব্যবহার করতে পারেন।","অতিরিক্ত শুষ্ক ত্বকের অধিকারীরা চাইলে ময়েশ্চারাইজার ব্যবহারের আগে হাইড্রেটিং সিরাম, শিট মাস্ক বা টোনার ব্যবহার করতে পারেন।",7.434705470000154,,48.0
পরোক্ষ ধূমপানের কারণে প্রতি বছর মার্কিন অধুমপায়ীদের মধ্যে প্রায়ই ৭ হাজার ৩০০ জনের ফুসফুসের ক্যান্সারের কারণে মৃত্যুবরণ করে,"সেকেন্ডহ্যান্ড ধোঁয়া প্রতি বছর মার্কিন ধূমপায়ীদের মধ্যে ফুসফুসের ক্যান্সারে প্রায় 7,300 জন মারা যায়।",প্রতি বছর পরোক্ষ ধূমপানের ফলে মার্কিন যুক্তরাষ্ট্রের অধূমপায়ীদের মধ্যে প্রায় ৭ হাজার ৩০০ জন ফুসফুসের ক্যান্সারে আক্রান্ত হয়ে মারা যান।,1.1100003800002014,,49.0
রুচির সমস্যা যেমন খেতে ইচ্ছা না করা খিদে না থাকা বা বেশি বেশি খাওয়া,"ক্ষুধার সমস্যা যেমন খেতে না চাওয়া, ক্ষুধা না লাগা বা বেশি খাওয়া","খাওয়ার রুচির সমস্যার মধ্যে যেমন খেতে না চাওয়া, ক্ষুধা না থাকা, কিংবা অতিরিক্ত খাওয়া পড়ে।",3.5946139790003144,,50.0
এক কথায় বলতে গেলে স্কিবেসজাম্পিং হলো এমন একটি চরম খেলা যেখানে উঁচু পাহাড় থেকে এক লাফে স্কি করতে হয়,"সংক্ষেপে, স্কি বেস জাম্পিং একটি চরম খেলা যেখানে আপনাকে একবারে একটি উঁচু পাহাড় থেকে লাফ দিতে হবে।","স্কিবেসজাম্পিং হচ্ছে একটি চরম ক্রীড়া, যেখানে উচ্চ পাহাড় থেকে এক লাফে স্কি করতে হয়, এককথায় বলতে গেলে।",13.221664867000072,,51.0
যাঁদের মারাত্মক জটিলতা হওয়ার আশঙ্কা তাঁদের লক্ষণ শুরু হওয়ার দুই থেকে চার দিনের মধ্যে রেসপিরেটরি প্যানেল টেস্ট করাতে হবে,যাদের গুরুতর জটিলতার ঝুঁকি রয়েছে তাদের লক্ষণ শুরু হওয়ার দুই থেকে চার দিনের মধ্যে একটি শ্বাসযন্ত্রের প্যানেল পরীক্ষা করা উচিত।,,8.595036962999984,request_error:'NoneType' object has no attribute 'strip',52.0
কারণ এসব শরীরকে পানিশূন্য করে,কারণ এগুলো শরীরকে ডিহাইড্রেট করে।,কারণ এগুলো শরীরে পানিশূন্যতা সৃষ্টি করে।,2.456745614999818,,53.0
শতাংশের দিক দিয়ে এর অবস্থান ৪৭ এর পর যথাক্রমে চোখ ৩১  সুগন্ধি ১১  পোশাক ৭ আর চুল ৪ শতাংশ,"শতাংশের দিক থেকে এর অবস্থান যথাক্রমে ৪৭, চোখ ৩১ পারফিউম, ১১ জামাকাপড় ৭ এবং চুল ৪ শতাংশ।","শতকরা হারে এর অবস্থান ৪৭-এর পরে যথাক্রমে চোখ ৩১, সুগন্ধি ১১, পোশাক ৭ এবং চুল ৪ শতাংশ।",1.4196807250000347,,54.0
বইপ্রেমীরা বুক মার্ক ব্যবহার করেন কেন বইয়ের পড়ার অংশটুকু খুঁজে পেতে,বইপ্রেমীরা বইয়ের যে অংশটি পড়ছেন তা খুঁজে বের করতে বুকমার্ক ব্যবহার করেন কেন?,বই পড়ুয়ারা বুকমার্ক ব্যবহার করে বইয়ের পড়ার জায়গাটি সহজে খুঁজে পেতে।,3.1214308520002305,,55.0
সম্প্রতি গবেষণায় জানা যায় মাড়ি রোগের সঙ্গে শুধু হৃদরোগ সম্পৃক্ত নয় বরং মাড়ি রোগের কারণে ব্রেন স্ট্রোক হতে পারে,"সাম্প্রতিক গবেষণায় দেখা গেছে যে মাড়ির রোগের সাথে শুধু হৃদরোগই জড়িত নয়, মাড়ির রোগের কারণে ব্রেন স্ট্রোকও হতে পারে।","সম্প্রতি এক গবেষণায় দেখা গেছে, মাড়ির রোগ শুধু হৃদরোগের সঙ্গেই জড়িত নয়, বরং এটি ব্রেন স্ট্রোকের কারণও হতে পারে।",9.508951288999924,,56.0
তার আগেই লকডাউনের অধিকাংশ বিধিনিষেধ তুলে নেওয়া হয়েছে,তার আগেই লকডাউনের বেশিরভাগ নিষেধাজ্ঞা তুলে নেওয়া হয়েছে।,লকডাউনের বেশিরভাগ বিধিনিষেধ তার আগেই প্রত্যাহার করা হয়েছে।,2.91073813300045,,57.0
এ সময় জলবসন্ত বা চিকেনপক্সসহ অন্যান্য সংক্রামক রোগও বেশি হয়,এ সময় চিকেনপক্স বা চিকেনপক্সসহ অন্যান্য সংক্রামক রোগ বেশি দেখা যায়।,জলবসন্ত ও চিকেনপক্সের মতো অন্যান্য সংক্রামক রোগও এই সময়ে বেশি দেখা যায়।,1.8059223979998933,,58.0
বিশেষ করে শিশুদের ঝুঁকি বেশি,শিশুরা বিশেষ করে ঝুঁকির মধ্যে রয়েছে।,বিশেষত শিশুদের জন্য ঝুঁকি বেশি।,17.21927687399966,,59.0
লিউকোপ্লাকিয়ার পরীক্ষানিরীক্ষা  লিউকোপ্লাকিয়ার সাদা দাগ ধীরে ধীরে বিস্তার লাভ করে,লিউকোপ্লাকিয়া পরীক্ষা লিউকোপ্লাকিয়ার সাদা ছোপ ধীরে ধীরে বিকাশ লাভ করে।,লিউকোপ্লাকিয়ার সাদা দাগ ধীরে ধীরে ছড়িয়ে পড়ে।,0.9179330519991707,,60.0
আগে সন্তান ধারণের সময়ও গর্ভকালীন ডায়াবেটিস ছিল,পূর্ববর্তী গর্ভাবস্থায় গর্ভকালীন ডায়াবেটিস ছিল।,আগের গর্ভাবস্থাতেও গর্ভ,3.21194499899957,,61.0
বিএমডি দ্বারা হাড়ের ঘনত্ব সঠিকভাবে নির্ণয় করে হাড় ভাঙার ঝুঁকি এবং এর সঠিক চিকিৎসা নির্ধারণ করা যায়,"সঠিকভাবে হাড়ের ঘনত্ব পরিমাপ করে, BMD ফ্র্যাকচারের ঝুঁকি এবং উপযুক্ত চিকিৎসা নির্ধারণে সাহায্য করতে পারে।",হাড়ের ঘনত্ব সঠিকভাবে পরিমাপে বিএমডি ব্যবহার করে হাড় ভাঙার আশঙ্কা ও তার উপযুক্ত চিকিৎসা নির্ধারণ করা সম্ভব।,2.9477123859996937,,62.0
তাই স্বাদু পানির মাছেও আয়োডিন খুব বেশি থাকে না,তাই মিঠা পানির মাছেও খুব বেশি আয়োডিন থাকে না।,সুতরাং মিঠা পানির মাছেও আয়োডিনের পরিমাণ খুব বেশি নয়।,3.85945385299965,,63.0
 মহামারির শুরু থেকে এ পর্যন্ত মোট শনাক্তের হার ১৩ দশমিক ২১ শতাংশ,মহামারী শুরুর পর থেকে মোট সনাক্তকরণের হার 13.21 শতাংশ।,মহামারির সূচনা থেকে এখন পর্যন্ত মোট শনাক্তের হার ১৩.২১ শতাংশ।,1.0168828610003402,,64.0
 যাদের ডায়াবেটিস আছে তাদের ১০ শতাংশ এই টাইপ ওয়ানে আক্রান্ত,ডায়াবেটিস রোগীদের প্রায় 10 শতাংশের টাইপ 1 ডায়াবেটিস রয়েছে।,ডায়াবেটিস রোগীদের মধ্যে ১০ শতাংশই টাইপ ১ এ আক্রান্ত।,1.6924441450000811,,65.0
এর আগে বিশ্বের অনেক দেশ টিকা গ্রহণের পর রোগীর প্রধান রক্তনালীতে রক্তচাপ বেড়ে যাওয়ার খবরে অ্যাস্ট্রাজেনেকার ভ্যাকসিন ব্যবহার স্থগিত করে,"এর আগে, ভ্যাকসিন গ্রহণের পর রোগীদের প্রধান রক্তনালীতে রক্তচাপ বেড়ে যাওয়ার খবরে বিশ্বের অনেক দেশ অ্যাস্ট্রাজেনেকার ভ্যাকসিনের ব্যবহার স্থগিত করেছিল।",পূর্বে বিশ্বের বিভিন্ন দেশ টিকা নেওয়ার পর রোগীর প্রধান ধমনীতে রক্তচাপ বৃদ্ধির খবরে অ্যাস্ট্রাজেনেকার টিকার ব্যবহার বন্ধ করে দেয়।,3.339163175000067,,66.0
অভিভাবককে ১৪ দিন আইসোলেশনে থাকতে হবে এবং এটিকে স্বাভাবিকভাবে নিতে হবে,অভিভাবককে 14 দিনের জন্য বিচ্ছিন্ন অবস্থায় থাকতে হবে এবং সাধারণত এটি গ্রহণ করতে হবে।,অভিভাবককে ১৪ দিনের জন্য পৃথকীকরণে থাকতে হবে এবং এটিকে স্বাভাবিকভাবে মেনে নিতে হবে।,6.601403316999495,,67.0
ফুসফুস ছাড়া হৃদযন্ত্রও আক্রান্ত হতে পারে,ফুসফুস ছাড়াও হার্টও আক্রান্ত হতে পারে।,হৃদপিণ্ডও ফুসফুসের মতো আক্রান্ত হওয়ার সম্ভাবনা রয়েছে।,1.592441572000098,,68.0
"শুষ্কতা
সারা দিন পানি পান না করার কারণে মুখে লালা নিঃসরণ কমে যাওয়ায় মুখ শুষ্ক হয়ে পড়ে",শুষ্কতা সারাদিন পানি না খাওয়ার কারণে মুখের লালা নিঃসরণ কমে যায় এবং মুখ শুষ্ক হয়ে যায়।,,8.791407505999814,request_error:'NoneType' object has no attribute 'strip',69.0
"এবারের ১০ম আন্তর্জাতিক এই ফোরামে ২৪টি দেশের ৪৩ জন আইএফসি প্রতিনিধি, নীতিনির্ধারক, শীর্ষ খাদ্য উৎপাদক, নির্মাতা, খুচরা বিক্রেতা, পর্যটন কোম্পানি, কোল্ড চেইন লজিস্টিক সরবরাহকারী, ভোক্তা সংস্থা এবং অন্যান্য মূল স্টেকহোল্ডারসহ ৩০০ জন প্রতিনিধিসহ অংশগ্রহণ করবেন","এই 10তম আন্তর্জাতিক ফোরামে 24টি দেশের 43 জন IFC প্রতিনিধি, নীতি নির্ধারক, শীর্ষ খাদ্য উৎপাদনকারী, প্রস্তুতকারক, খুচরা বিক্রেতা, পর্যটন কোম্পানি, কোল্ড চেইন লজিস্টিক প্রদানকারী, ভোক্তা সংস্থা এবং 300 জন প্রতিনিধি সহ অন্যান্য মূল স্টেকহোল্ডাররা অংশগ্রহণ করবেন।","এই ১০ম আন্তর্জাতিক ফোরামে ২৪টি দেশের ৪৩ জন আইএফসি প্রতিনিধি, নীতিনির্ধারক, প্রধান খাদ্য উৎপাদক, প্রস্তুতকারক, খুচরা বিক্রেতা, পর্যটন প্রতিষ্ঠান, কোল্ড চেইন লজিস্টিক সরবরাহকারী, ভোক্তা সংগঠন ও অন্যান্য গুরুত্বপূর্ণ অংশীদারসহ মোট ৩০০ জন প্রতিনিধি অংশ নেবেন।",8.638064308999674,,70.0
চাকাগুলো শক্ত যেমন ফাইব্রোডেনোমা বা ক্যানসার বা তরলে ভরা যেমন সিস্ট কি না তা নির্ধারণ করতে আলট্রাসাউন্ড পরিপূরক তথ্য প্রদান করে যা একটি ম্যামোগ্রাম পেতে পারে না,"আল্ট্রাসাউন্ড অতিরিক্ত তথ্য প্রদান করে যা একটি ম্যামোগ্রাম নিশ্চিত করতে পারে না যে পিণ্ডগুলি শক্ত কিনা, যেমন ফাইব্রোডেনোমাস বা ক্যান্সারযুক্ত, বা তরল ভরা, যেমন সিস্ট।",আলট্রাসাউন্ড এমন অতিরিক্ত তথ্য সরবরাহ করে যা ম্যামোগ্র,24.907311191999725,,71.0
ভিটামিনসি বা অ্যাসকরবিক এসিড আয়রন শোষণে সাহায্য করে,ভিটামিন সি বা অ্যাসকরবিক অ্যাসিড আয়রন শোষণে সাহায্য করে।,আয়রন শোষণে সহায়তা করে ভিটামিন সি বা অ্যাসকরবিক এসিড।,3.285605927000688,,72.0
আর এই কাজটি কে করবে   সরকার ও নীতি নির্ধারকদেরকে এ কাজে এগিয়ে আসতে হবে,"আর এ কাজ কারা করবে, এ কাজে সরকার ও নীতিনির্ধারকদের এগিয়ে আসতে হবে।",এই কাজটি কে করবে? সরকার ও নীতিনির্ধারকদেরই এগিয়ে আসা দরকার।,3.3769569500000216,,73.0
 এ ছাড়াও অন্যান্য প্রায় সবগুলো হাসপাতালেই শয্যা ফাঁকা রয়েছে,এ ছাড়া বাকি প্রায় সব হাসপাতালেই শয্যা খালি রয়েছে।,এছাড়া বাকি প্রায় সব হাসপাতালেই খালি শয্যা আছে।,1.4992933800003811,,74.0
তাতে দিনে শনাক্তের হার হয়েছে শূন্য দশমিক ৪৪ শতাংশ,প্রতিদিন সনাক্তকরণের হার 0.44 শতাংশ।,দিনটিতে শনাক্তের হার ছিল শূন্য দশমিক ৪৪ শতাংশ।,1.0222371889994974,,75.0
শরীরের পানিশূন্যতা পূরণ করে ক্লান্তি দূর করতে পানি এবং পানীয়জাতীয় খাবারের কোনো বিকল্প নেই,শরীরের হাইড্রেশন পূরণ করতে এবং ক্লান্তি দূর করতে পানি ও পানীয়ের কোনো বিকল্প নেই।,শরীরের পানিশূন্যতা মেটাতে ও ক্লান্তি কাটাতে পানি ও পানীয়জাতীয় খাবারের বিকল্প কিছুই নেই।,56.20953131399983,,76.0
ভিটামিন সি নিউরোট্রান্সমিটার উৎপাদনের জন্য অপরিহার্য,ভিটামিন সি নিউরোট্রান্সমিটার উৎপাদনের জন্য অপরিহার্য।,নিউরোট্রান্সমিটার তৈরিতে ভিটামিন সি অত্যাবশ্যক।,6.862485824000032,,77.0
যেমন পেটের আলট্রাসনোগ্রাম বা প্যাপস স্মিয়ার পরীক্ষা,যেমন পেটের আল্ট্রাসাউন্ড বা প্যাপ স্মিয়ার পরীক্ষা,পেটের আলট্রাসনোগ্রাম অথবা প্যাপস স্মিয়ার পরীক্ষার মতো।,0.7737995969991971,,78.0
মেন্যু সিলেকশন সঠিকভাবে করতে হবে যেন তা থেকে সব পুষ্টি উপাদান পাওয়া যায়,মেনু নির্বাচন সঠিকভাবে করা উচিত যাতে এটি থেকে সমস্ত পুষ্টি পাওয়া যায়।,"সঠিক মেন্যু নির্বাচন করতে হবে, যেন তা থেকে সমস্ত পুষ্টি উপাদান পাওয়া সম্ভব হয়।",2.578753176000646,,79.0
তাই নিজেকে সুরক্ষিত রাখতে বিভিন্ন প্রক্রিয়াজাত মাংস ও চিজ খাওয়া থেকে বিরত থাকতে হবে,"নিজেকে রক্ষা করার জন্য, আপনাকে বিভিন্ন প্রক্রিয়াজাত মাংস এবং পনির খাওয়া এড়িয়ে চলতে হবে।",সুতরাং নিজেকে নিরাপদ রাখতে বিভিন্ন প্রক্রিয়াজাত মাংস ও পনির খাওয়া পরিহার করতে হবে।,5.486186684999666,,80.0
মঙ্গলবার স্বাস্থ্য অধিদপ্তর থেকে পাঠানো করোনাবিষয়ক নিয়মিত সংবাদ বিজ্ঞপ্তিতে এসব তথ্য জানানো হয়েছে,মঙ্গলবার স্বাস্থ্য অধিদপ্তর থেকে পাঠানো করোনা সংক্রান্ত নিয়মিত প্রেস বিজ্ঞপ্তিতে এ তথ্য জানানো হয়।,মঙ্গলবার স্বাস্থ্য অধিদপ্তরের পাঠানো করোনা সংক্রান্ত নিয়মিত সংবাদ বিজ্ঞপ্তিতে এই তথ্য প্রকাশ করা হয়েছে।,3.3384892030007904,,81.0
সারাদিন না খেয়ে থাকার কারণে ইফতারের পর ক্লান্ত লাগতে পারে,সারাদিন না খেয়ে থাকার কারণে ইফতারের পর ক্লান্ত বোধ হতে পারে।,"ইফতারের পর ক্লান্ত বোধ হতে পারে, কারণ সারাদিন কিছুই খাওয়া হয়নি।",3.637401309999405,,82.0
 তবে বর্তমানে রোগীর চাপ আগের থেকে অনেক বেশি,কিন্তু আগের তুলনায় আজ রোগীর চাপ অনেক বেশি।,কিন্তু এখন রোগীর চাপ আগের চেয়ে অনেক বেশি,2.9196196139992026,,83.0
আবার কারো কারো দাঁতে গর্ত,কারও কারও দাঁতে ছিদ্র রয়েছে।,কারো কারো দাঁতে আবার গর্ত থাকে।,0.3974552150002637,,84.0
যখনই কোনো একটি হরমোনের ঘাটতি নজরে আসবে অতিদ্রুত তা পূরণের চেষ্টা করতে হবে,"যখনই হরমোনের ঘাটতি লক্ষ্য করা যায়, যত তাড়াতাড়ি সম্ভব তা সংশোধন করা উচিত।",কোনো হরমোনের ঘাটতি ধরা পড়লেই যত দ্রুত সম্ভব তা পূরণের ব্যবস্থা নিতে হবে।,3.586260759000652,,85.0
বিভিন্ন ভেষজ উপাদান হলুদ বেসন ও বাদামের গুঁড়ো মিশিয়ে তৈরি করা হতো এই রূপচর্চার পণ্য,"বিভিন্ন ভেষজ উপাদান, হলুদ, বেসন এবং বাদাম গুঁড়ো মিশিয়ে তৈরি করা হয়েছে এই সৌন্দর্য পণ্যটি।","এই রূপচর্চার পণ্যটি হলুদ, বেসন ও বাদামের গুঁড়োর মতো বিভিন্ন ভেষজ উপাদান মিশিয়ে বানানো হতো।",3.597704507000344,,86.0
অবাক করা ব্যাপার হলো কোনো ধরনের ব্যথার অনুভূতি আমার হয়নি,"আশ্চর্যজনকভাবে, আমি কোন ব্যথা অনুভব করিনি।","আশ্চর্যের বিষয়, আমি কোনো ব্যথাই অনুভব করিনি।",2.6311633479999728,,87.0
তাছাড়া পাইলস যখন খুব বড় হয় তখন মনে হয় মলদ্বারের চতুর্দিকের সব এলাকায় পাইলস ছড়িয়ে পড়ে,তাছাড়া পাইলস যখন অনেক বড় হয় তখন মনে হয় পাইলস মলদ্বারের আশেপাশের সব জায়গায় ছড়িয়ে পড়ে।,"আরও, পাইলস যখন অতিরিক্ত বড় হয়ে যায়, তখন মনে হয় মলদ্বারের আশপাশের সব জায়গায় পাইলস ছড়িয়ে পড়েছে।",5.33505643099943,,88.0
পুষ্টিসম্পন্ন খাবার গ্রহণ এবং নিয়মিত ব্যায়ামের মাধ্যমে ওজন এখনো ৬৩ কেজিতে ধরে রাখতে সক্ষম হয়েছি,পুষ্টিকর খাবার খেয়ে এবং নিয়মিত ব্যায়াম করে আমি আমার ওজন ৬৩ কেজি ধরে রাখতে পেরেছি।,পুষ্টিকর খাবার খাওয়া এবং নিয়মিত শরীরচর্চার মাধ্যমে এখনও ৬৩ কেজি ওজন বজায় রাখতে পেরেছি।,1.233803099999932,,89.0
৪ ঘরে ঢুকেই পরিহিত কাপড় ডিটারজেন্ট দিয়ে জীবাণুমুক্ত করতে হবে এবং হাত সাবানপানি দিয়ে কমপক্ষে ২০ সেকেন্ড ধরে ভালোভাবে ধুয়ে ফেলতে হবে,4 ঘরে ঢোকার পর পরা জামাকাপড় ডিটারজেন্ট দিয়ে জীবাণুমুক্ত করতে হবে এবং কমপক্ষে 20 সেকেন্ডের জন্য সাবান ও জল দিয়ে হাত ভালোভাবে ধুতে হবে।,"ঘরে প্রবেশের পর পরা কাপড় ডিটারজেন্ট দিয়ে জীবাণুমুক্ত করা জরুরি, আর সাবান ও পানি দিয়ে অন্তত ২০ সেকেন্ড হাত ভালো করে ধুয়ে নিতে হবে।",7.517191525999806,,90.0
কিন্তু এগুলোর কোনোটিই ভাইরাসটির নাম নয়,কিন্তু এগুলোর কোনোটিরই নাম ভাইরাস নয়।,তবে এগুলোর কোনোটি ভাইরাসটির নাম নয়।,6.802924536999853,,91.0
লুপাস মাথার ত্বকে প্রদাহ সৃষ্টি করে চুল পড়ার হার বাড়িয়ে দেয়,"লুপাস মাথার ত্বকে প্রদাহ সৃষ্টি করে, চুল পড়ার হার বাড়িয়ে দেয়।",লুপাস মাথার ত্বকে জ্বালা সৃষ্টি করে চুল ঝরে পড়ার মাত্রা বাড়িয়ে দেয়।,1.3620367139992595,,92.0
অতিরিক্ত মিষ্টিজাতীয় খাবার না খাওয়াই ভালো,বেশি মিষ্টি জাতীয় খাবার না খাওয়াই ভালো।,অত্যাধিক মিষ্টিজাতীয় খাবার এড়িয়ে চলাই ভাল।,2.4087697100003425,,93.0
ভারী ব্যায়াম শুরুর আগে বয়স ও ফিটনেস অনুযায়ী ৬ থেকে ১৫ মিনিট কিছুটা হালকা ব্যায়াম ওয়ার্মআপ করে নিতে পারেন,"ভারী ব্যায়াম শুরু করার আগে, আপনি আপনার বয়স এবং ফিটনেস স্তরের উপর নির্ভর করে কিছু হালকা ব্যায়ামের সাথে 6 থেকে 15 মিনিটের ওয়ার্ম-আপ করতে পারেন।",ভারী ব্যায়াম শুরু করার আগে বয়স ও শারীরিক সক্ষমতা অনুযায়ী,3.0662099519995536,,94.0
তাই ঘামাচি প্রতিরোধের জন্য বরং ঘামের বিষয়েই বেশি সচেতন থাকা প্রয়োজন,তাই চ্যাফিং প্রতিরোধে ঘামের ব্যাপারে আরও সচেতন হওয়া প্রয়োজন।,তাই ঘামাচি এড়াতে ঘামের ব্যাপারেই বেশি সতর্ক থাকা জরুরি।,0.8180049170005077,,95.0
শীতকাল এলেই যাদেরকে কানের ইনফেকশনে ভুগতে হয় তাদের জন্য পরামর্শ হচ্ছে নিয়মিত নাক পরিষ্কার করা,যারা শীতকালে কানের সংক্রমণে ভোগেন তাদের জন্য নিয়মিত নাক পরিষ্কার করার পরামর্শ দেওয়া হয়।,"শীতকাল আসলে যাদের কানের সংক্রমণে সমস্যা হয়, তাদের জন্য উপদেশ হলো নিয়মিত নাক পরিষ্কার রাখা।",0.7464428949997455,,96.0
ব্যথানাশক ওষুধ ও এসপিরিন জাতীয় ওষুধ সেবন থেকে যথা সম্ভব বিরত থাকতে হবে এবং নিয়মিত খাবার খেতে হবে,যতটা সম্ভব ব্যথানাশক ও অ্যাসপিরিন গ্রহণ এড়িয়ে চলুন এবং নিয়মিত খাবার খান।,ব্যথা কমানোর ওষুধ ও এসপিরিন জাতীয় ঔষধ যতটা সম্ভব এড়িয়ে চলতে হবে এবং নিয়মিত আহার গ্রহণ করতে হবে।,1.6634731739995914,,97.0
কিন্তু বাস্তবতা হলো ব্যায়ামপরবর্তী সময়ে পেশিগুলো স্বাভাবিক অবস্থায় ফিরে যাওয়ার জন্য পানি ধরে রাখে,কিন্তু বাস্তবতা হল ব্যায়ামের পর মাংসপেশি স্বাভাবিক অবস্থায় ফেরার জন্য পানি ধরে রাখে।,"কিন্তু সত্যি হলো, ব্যায়ামের পর পেশিগুলো স্বাভাবিক অবস্থায় ফিরতে পানি জমিয়ে রাখে।",3.6495779039996714,,98.0
এর কারণে জিহ্বা খুব মসৃণ দেখা যেতে পারে,এর ফলে জিহ্বা খুব মসৃণ দেখাতে পারে।,এই কারণে জিহ্বা বেশ মসৃণ দেখাতে পারে।,1.5437397229998169,,99.0
এভাবে বাক্সটি ডিপ ফ্রিজে রেখে দিলে মাছের টুকরাগুলো সুন্দরভাবে বরফে থাকবে,ডিপ ফ্রিজারে বক্সটি এভাবে রাখলে মাছের টুকরোগুলো ভালোভাবে জমে থাকবে।,বাক্সটি ডিপ ফ্রিজে এইভাবে রাখলে মাছের টুকরোগুলো ভালোভাবে বরফে জমে থাকবে।,6.959941124000579,,100.0
গত কয়েক দিন ধরে হাসপাতালটিতে ঘণ্টায় গড়ে ৮০ জন রোগী ভর্তি হচ্ছে,গত কয়েকদিন ধরে হাসপাতালে প্রতি ঘণ্টায় গড়ে ৮০ জন রোগী আসছে।,গত কয়েকদিন ধরে হাসপাতালটিতে প্রতি ঘণ্টায় গড়ে ৮০ জন করে রোগী ভর্তি হচ্ছে।,7.519927381999878,,101.0
 অভিযানকালে মেয়র আতিকুল ইসলাম কাউকে না জানিয়ে বিভিন্ন ওয়ার্ডে আকস্মিক পরিদর্শনে যাওয়ার ঘোষণাও দেন,প্রচারণা চলাকালে মেয়র আতিকুল ইসলামও কাউকে কিছু না জানিয়ে বিভিন্ন ওয়ার্ড পরিদর্শনের ঘোষণা দেন।,,12.47322459499992,request_error:'NoneType' object has no attribute 'strip',102.0
ক্রনিক বা দীর্ঘমেয়াদি অল্প অল্প ব্যথা থেকে পরে তীব্র ব্যথা হতে পারে,দীর্ঘস্থায়ী বা দীর্ঘমেয়াদী ব্যথা হালকা ব্যথা থেকে গুরুতর ব্যথা পর্যন্ত হতে পারে।,দীর্ঘস্থায়ী বা ক্রনিক হালকা ব্যথা পরবর্তীকালে তীব্র ব্যথায় রূপ নিতে পারে।,4.946959193000112,,103.0
 বেশির ভাগ রোগী অর্থাৎ প্রায় ৬১ শতাংশের বেশি থাকেন উপসর্গ ছাড়াই,"বেশিরভাগ রোগী, 61 শতাংশেরও বেশি, উপসর্গহীন থেকে যায়।",প্রায় ৬১ শতাংশেরও বেশি রোগী কোনো উপসর্গ ছাড়াই থাকেন।,5.751113024000006,,104.0
" জামে পাওয়া গেছে অ্যালার্জিক নামে এক ধরনের এসিডের উপস্থিতি, যা ত্বককে করে শক্তিশালী","জামে অ্যালার্জি নামক এক ধরনের অ্যাসিড পাওয়া গেছে, যা ত্বককে শক্তিশালী করে।","জামে অ্যালার্জিক নামক এক প্রকার এসিডের অস্তিত্ব পাওয়া গেছে, যা ত্বককে শক্তিশালী করে।",1.9211472090000823,,105.0
তবে এখানে টেস্ট করার বিষয়টি রোগী সংখ্যার ওপরও নির্ভর করবে,এখানে পরীক্ষা করা রোগীর সংখ্যার উপরও নির্ভর করবে।,কিন্তু এখানে পরীক্ষা করার বিষয়টি রোগীর সংখ্যার ওপরও নির্ভর করবে।,3.6675243029994817,,106.0
বাড়ির আঙিনা বা বাগানের কাজেমাটি খননের সময় জুতা লম্বা প্যান্ট লম্বা হাতা শার্ট ও গ্লাভস পরিধান করা,"আপনার উঠান বা বাগানে খনন করার সময় জুতা, লম্বা প্যান্ট, লম্বা-হাতা শার্ট এবং গ্লাভস পরুন।","বাসার উঠোন বা বাগানের কাজে মাটি খোঁড়ার সময় জুতা, লম্বা প্যান্ট, লম্বা হাতা শার্ট এবং গ্লাভস পরে নেওয়া উচিত।",1.531538224000542,,107.0
নবজাতকদের ওপেন হার্ট সার্জারি বাংলাদেশে খুব লিমেটেড,বাংলাদেশে নবজাতকের ওপেন হার্ট সার্জারি খুবই সীমিত।,বাংলাদেশে নবজাতকদের ওপেন হার্ট সার্জারি খুবই সীমিত।,7.060734053000488,,108.0
হাসপাতাল থেকে ছাড়া পাওয়ার পরদিনই কাজে যোগ দিয়েছিলাম,হাসপাতাল থেকে ছাড়ার পরদিন আমি কাজে যোগ দিয়েছিলাম।,হাসপাতাল থেকে বের হওয়ার পরের দিনই আমি কাজে যোগ দিয়েছিলাম।,0.6333352060000834,,109.0
সিলেট সদর থানার বর্তমান দক্ষিণ সুরমা উপজেলা নোয়াগাঁও গ্রামে জন্ম অধ্যাপক আবদুল মালিকের,আবদুল মালিকের জন্ম সিলেট সদর থানার বর্তমান দক্ষিণ সুরমা উপজেলার নোয়াগাঁও গ্রামে।,অধ্যাপক আবদুল মালিকের জন্ম সিলেট সদর থানাধীন বর্তমান দক্ষিণ সুরমা উপজেলার নোয়,5.016693562,,110.0
শুধু মাথাব্যথা হলে যে কোনো পেইন কিলার সহজে কাজ করে,যেকোনো ব্যথানাশক সহজে কাজ করে যদি এটি শুধু মাথাব্যথা হয়।,মাথাব্যথা ছাড়া আর কোনো সমস্যা না থাকলে যেকোনো পেইন কিলার দ্রুত কাজ করে।,3.2510308170003555,,111.0
যেমন লেখালেখি করা সেলাই করা টেনিস খেলা গলফ খেলা বা বেহালা বাজানো ইত্যাদি,"যেমন লেখা, সেলাই, টেনিস খেলা, গলফ বা বেহালা বাজানো ইত্যাদি।","লেখালেখি, সেলাই, টেনিস, গলফ অথবা বেহালা বাজানোর মতো কাজগুলো।",10.534221010999318,,112.0
উল্লেখিত সময়ে হাসপাতালে ভর্তি হয়েছেন ১ হাজার ৭৫৭ জন,উল্লেখিত সময়ে হাসপাতালে ভর্তি হয়েছেন ১ হাজার ৭৫৭ জন।,নির্ধারিত সময়ে হাসপাতালে ভর্তি হয়েছেন ১ হাজার ৭৫৭ জন ব্যক্তি।,2.4281453160001547,,113.0
"আলসারের সর্বাধিক কমন লক্ষণসমূহের মধ্যে একটি হচ্ছে, বদহজম এবং এই কারণেই আপনার ঢেকুর ওঠতে পারে","আলসারের সবচেয়ে সাধারণ লক্ষণগুলির মধ্যে একটি হল বদহজম, এবং এর ফলে আপনার ডায়রিয়া হতে পারে।","আলসারের সবচেয়ে সাধারণ লক্ষণগুলোর মধ্যে বদহজম অন্যতম, আর এর ফলেই আপনার ঢেকুর উঠতে পারে।",3.3873277869997764,,114.0
নাকের প্রতি পাশে কতগুলো সাইনাস থাকে একটি ফ্রন্টাল সাইনাস একটি ম্যাক্সিলারি সাইনাস একটি স্ফেনয়েড সাইনাস এবং কতগুলো ইথময়েড মোট  ৪১৭টি গড়ে ৯টি সাইনাস বা সম্মুখভাবে এবং পশ্চাদভাগ এ দুই গুচ্ছে বিভক্ত,নাকের প্রতিটি পাশে কয়টি সাইনাস আছে একটি ফ্রন্টাল সাইনাস একটি ম্যাক্সিলারি সাইনাস একটি স্ফেনয়েড সাইনাস এবং মোট কতটি ইথময়েড রয়েছে যার মোট 417টি গড়ে 9টি সাইনাস রয়েছে বা সামনের এবং পিছনের দিকে দুটি গ্রুপে বিভক্ত?,,28.77523780300089,request_error:'NoneType' object has no attribute 'strip',115.0
গুগল নিউজে ফলো করুন আরটিভি অনলাইনভালো সার হিসেবে কাজ করতে পারে এই রকম কয়েকটা জিনিসের নাম জেনে নিনসবজির খোসা আলু পটল ঝিঙে কুমড়া ছাড়াও যে সব সবজি ব্যবহার করেন তার খোসা একটি পাত্রে জমা করে রাখুন,"গুগল নিউজে আরটিভি অনলাইন অনুসরণ করুন কয়েকটি জিনিসের নাম জেনে নিন যা একটি ভালো সার হিসেবে কাজ করতে পারে। আলু, জুচিনি এবং কুমড়া সহ সবজির খোসা, আপনার ব্যবহার করা সব সবজির খোসা একটি পাত্রে সংরক্ষণ করুন।","গুগল নিউজে আরটিভি অনলাইন ফলো করুন। ভালো সার হিসেবে ব্যবহার করা যায় এমন কিছু জিনিসের নাম জেনে নিন। সবজির খোসা—আলু, পটল, ঝিঙে, কুমড়া ছাড়াও অন্যান্য সবজির খোসা একটি পাত্রে জমা করে রাখুন।",7.39964137699917,,116.0
 এই অবস্থায় ভারী জিনিস তোলা নিষেধ,এই অবস্থায় ভারী উত্তোলন নিষিদ্ধ।,এই পরিস্থিতিতে ভারী বস্তু ওঠানো নিষিদ্ধ।,0.8332320179997623,,117.0
দই পায়েস ফিরনি নরম খিচুড়ি খাওয়ানো যেতে পারে,দই পিস ফিরনি নরম খিচুড়ি পরিবেশন করা যেতে পারে।,"দই, পায়েস, ফিরনি ও নরম খিচুড়ি খাওয়ানো সম্ভব।",2.80362043399964,,118.0
অনেক শিশু সরাসরি দুধ বা ডিম খেতে চায় না,অনেক শিশু সরাসরি দুধ বা ডিম খেতে চায় না।,অনেক বাচ্চা সরাসরি দুধ বা ডিম খেতে পছন্দ করে না।,1.169673585000055,,119.0
পাইলস বলতে আমরা বুঝি মলদ্বারের ভেতরে ফুলে ওঠা রক্তের শিরার একটি মাংসপিণ্ড,পাইলস বলতে আমরা বুঝি মলদ্বারের ভিতরে ফুলে যাওয়া রক্তনালীগুলির একটি পিণ্ড।,পাইলস হলো মলদ্বারের অভ্যন্তরে রক্তনালী ফুলে ওঠার ফলে সৃষ্ট একটি মাংসপিণ্ড।,5.261710704000507,,120.0
গরমে ও রোদে বাইরে বেরোলে এমনকি ঘরেও পরিশ্রমের কাজ করলে প্রচুর ঘাম হয়,"আপনি যদি গরম এবং রোদে বাইরে যান, এমনকি আপনি বাড়িতে কঠোর পরিশ্রম করলেও আপনার প্রচুর ঘাম হবে।",গরম ও রোদে বাইরে বের হলে অথবা ঘরের ভেতরেও কঠোর পরিশ্রম করলে প্রচুর ঘাম হয়।,3.870616741000049,,121.0
সংস্থাটির ডিরেক্টর টেডরস অ্যাডানম গেব্রিয়াস বলেছেন এটি কোনো মহড়া চলছে না,সংস্থাটির পরিচালক টেড্রোস আধানম ঘেব্রেয়েসুস বলেছেন যে এটি কোনও অনুশীলন ছিল না।,সংস্থার পরিচালক টেডরস অ্যাডানম গেব্রিয়াস জানিয়েছেন এটি কোনো অনুশীলন চলছে না।,5.3105339409994485,,122.0
লেখক  মুখ ও দন্তরোগ বিশেষজ্ঞ,লেখক মৌখিক ও দাঁতের বিশেষজ্ঞ।,লেখক একজন দাঁত ও মুখের রোগ বিশেষজ্ঞ।,1.888896804000069,,123.0
টিআইএর ক্ষেত্রেও মস্তিষ্কের কোনো রক্তনালিতে রক্ত জমাট বাঁধে কিন্তু তা সাময়িক,"টিআইএর ক্ষেত্রে, মস্তিষ্কের একটি রক্তনালীতে রক্ত ​​​​জমাট বাঁধে, তবে এটি অস্থায়ী।","মস্তিষ্কের রক্তনালিতে টিআইএর ক্ষেত্রেও রক্ত জমাট বাঁধে, তবে তা সাময়িক।",3.4289692910006124,,124.0
সম্প্রতি এক নতুন গবেষণায় এমনটি দাবি করা হয়েছে,সাম্প্রতিক এক গবেষণায় এমনটাই দাবি করা হয়েছে।,একটি সাম্প্রতিক গবেষণায় এমন দাবি করা হয়েছে।,4.933003791000374,,125.0
" 
তিনি আরও জানান, এখন থেকে নতুন করে প্রসাধনী উৎপাদন করতে হলে সরকারের লাইসেন্স বা অনুমোদন নিতে হবে","তিনি আরও বলেন, নতুন প্রসাধনী উৎপাদন করতে হলে সরকারের লাইসেন্স বা অনুমোদন নিতে হবে।","তিনি আরও বলেন, এখন থেকে নতুন করে সাজসজ্জার জিনিস তৈরি করতে চাইলে সরকারের অনুমতি বা লাইসেন্স নেওয়া বাধ্যতামূলক হবে।",2.034221595000417,,126.0
এমনকি উচ্চ রক্তচাপ ডায়াবেটিস রক্তে অতিরিক্ত চর্বি ইত্যাদি না থাকা সত্ত্বেও এই বয়সের সবাইকেই ঈদের খাবারের ব্যাপারে বাড়তি সতর্ক থাকা দরকার,"আপনার উচ্চ রক্তচাপ, ডায়াবেটিস, রক্তে অতিরিক্ত চর্বি ইত্যাদি না থাকলেও এই বয়সের সবাইকে ঈদের খাবারের প্রতি বাড়তি সতর্ক থাকতে হবে।","এই বয়সের প্রত্যেকেরই ঈদের খাবারের ব্যাপারে বাড়তি সতর্কতা অবলম্বন করা উচিত, এমনকি যদি তাদের উচ্চ র",4.555334005000077,,127.0
এ উপাদান মানবদেহে প্রোটিন তৈরি করে শরীরের ভাইরাসের বিরুদ্ধে কার্যকরী ভূমিকা রাখে,এই উপাদান মানবদেহে প্রোটিন তৈরি করে শরীরে ভাইরাসের বিরুদ্ধে কার্যকর ভূমিকা পালন করে।,মানবদেহে প্রোটিন উৎপাদনের মাধ্যমে এই উপাদানটি ভাইরাসের বিরুদ্ধে কার্যকর ভূমিকা পালন করে,3.821504225999888,,128.0
টাইফয়েড জ্বরের সব ক্ষেত্রে ভর্তির প্রয়োজন নাও হতে পারে,টাইফয়েড জ্বরের সমস্ত ক্ষেত্রে ভর্তির প্রয়োজন নাও হতে পারে।,টাইফয়েড জ্বরের প্রতিটি রোগীকেই হাসপাতালে ভর্তি করার দরকার নেই।,1.0667336449996585,,129.0
 কিন্তু তৃতীয় স্তরের ধূমপানে ক্ষতি বেশি হতে পারে,তবে তৃতীয় ডিগ্রি ধোঁয়ায় ক্ষতি বেশি হতে পারে।,তবে তৃতীয় স্তরের ধূমপানের কারণে বেশি ক্ষতি হওয়ার সম্ভাবনা রয়েছে।,0.9751075189997208,,130.0
 আম পছন্দ করেন না এমন মানুষ খুঁজে পাওয়া ভার,আম পছন্দ করেন না এমন মানুষ খুঁজে পাওয়া কঠিন।,আম পছন্দ করে না এমন মানুষ পাওয়া কঠিন।,1.0766107220006234,,131.0
চিনি গলে গেলে গোলানো কর্নফ্লাওয়ার দিয়ে নাড়তে থাকুন,চিনি গলে গেলে তাতে কর্নফ্লাওয়ার দিয়ে নাড়ুন।,কর্নফ্লাওয়ার ও পানি মিশিয়ে নেড়ে চিনি গলার পর ঢেলে দিন।,2.041314633000184,,132.0
সাধারনত পাশ্চাত্যের দেশগুলোতে সচেতন নারীরা স্তন ক্যান্সার বিষয়টি অত্যন্ত গুরুত্ব সহকারে বিবেচনা করেন,"সাধারণভাবে, পশ্চিমা দেশগুলির মহিলারা স্তন ক্যান্সারকে খুব গুরুত্ব সহকারে নেয়।",সাধারণত পশ্চিমা দেশগুলোর সচেতন নারীরা স্তন ক্যান্সারের বিষয়টিকে অত্যন্ত গুরুত্বের সাথে দেখেন।,5.894542080999599,,133.0
 কোনো কোনো ওষুধ বুক জ্বালার সমস্যাটা বাড়িয়ে দিতে পারে যেমন অ্যাসপিরিনব্যাথানাশক,"কিছু ওষুধ অম্বলকে আরও খারাপ করে তুলতে পারে, যেমন ব্যথা উপশমকারী অ্যাসপিরিন।","কিছু কিছু ওষুধ, যেমন অ্যাসপিরিন বা ব্যথানাশক, বুক জ্বালার সমস্যা আরও বাড়িয়ে দিতে পারে।",1.011408869000661,,134.0
শীতকালে উত্তর গোলার্ধে দিনের আলো গ্রীষ্মকালের চেয়ে কম সময় ধরে পাওয়া যায় আলোর তীব্রতাও বেশ কম থাকে,"উত্তর গোলার্ধে, গ্রীষ্মের তুলনায় শীতকালে দিনের আলোর সময় কম হয় এবং আলোর তীব্রতাও অনেক কম।","উত্তর গোলার্ধে শীতকালে দিনের আলোর সময়কাল গ্রীষ্মকালের তুলনায় কম, সাথে আলোর তীব্রতাও যথেষ্ট কম।",4.010317657999622,,135.0
"এক প্রশ্নের জবাবে সেলিম রেজা বলেন, ‘ডেঙ্গুর প্রকোপ রোধে জনগণকে সচেতন ও সম্পৃক্ত করতে আমরা ডিএনসিসির কাউন্সিলর ও কর্মকর্তাদের পাশাপাশি বিএনসিসি ও স্কাউটকে যুক্ত করেছি","এক প্রশ্নের জবাবে সেলিম রেজা বলেন, ডেঙ্গুর প্রাদুর্ভাব প্রতিরোধে জনগণকে সংবেদনশীল ও সম্পৃক্ত করতে আমরা ডিএনসিসি কাউন্সিলর ও কর্মকর্তাদের পাশাপাশি বিএনসিসি ও স্কাউটদের নিযুক্ত করেছি।",,13.006292190999377,request_error:'NoneType' object has no attribute 'strip',136.0
বাংলাদেশ সায়েন্স ফিকশন সোসাইটির সভাপতি বহুমাত্রিক লেখক মোশতাক আহমেদের সভাপতিত্বে মোড়ক উন্মোচন উৎসবে অংশ নেন সায়েন্স ফিকশন লেখক দীপু মাহমুদ মোস্তফা কামাল মিজানুর রহমান কল্লোল মুহাম্মদ মনিরুল হুদা কমলেশ রায় ইউনূস আহমেদ বদরুল আলম বিশ্বজিৎ দাসআসমা উল হুসনা সঞ্চিতা সাইফ ইমন ইফতেখার শিবলী খোন্দকার মেহেদী হাসান সরকার হুমায়ূনসহ সায়েন্স ফিকশন লেখক ও কয়েক শতাধিক পাঠক,মোড়ক উন্মোচন অনুষ্ঠানে অংশ নেন বাংলাদেশ সায়েন্স ফিকশন সোসাইটির সভাপতি মোশতাক আহমেদ। সায়েন্স ফিকশন লেখক হুমায়ুনসহ শত শত পাঠক,"বাংলাদেশ সায়েন্স ফিকশন সোসাইটির সভাপতি ও বহুমাত্রিক লেখক মোশতাক আহমেদের নেতৃত্বে মোড়ক উন্মোচন অনুষ্ঠানে অংশ নেন সায়েন্স ফিকশন লেখক দীপু মাহমুদ, মোস্তফা কামাল, মিজানুর রহমান, কল্লোল, মুহাম্মদ মনিরুল হুদা, কমলেশ রায়, ইউনূস আহমেদ, বদরুল আলম, বিশ্বজিৎ দাস, আসমা উল হুসনা, সঞ্চিতা, সাইফ ইমন, ইফতেখার শিবলী, খোন্দকার মেহেদী হাসান, সরকার হুমায়ূনসহ আরও অনেক সায়েন্স ফিকশন লেখক ও কয়েকশো পাঠক।",6.223151787999996,,137.0
"লেখক  মুখ ও দন্তরোগ বিশেষজ্ঞ
drfaruqugmailcom",লেখক একজন মৌখিক ও দন্ত বিশেষজ্ঞ ডঃফারুক জিমেইলকম।,লেখক এবং দন্ত ও মুখের রোগের বিশেষজ্ঞ ডাঃ ফারুক।,1.019139140999869,,138.0
দুধ সহজেই নানা রকম জীবাণু দ্বারা সংক্রামিত হতে পারে তাই কাঁচা দুধ বা একবার ফোটানো ঠান্ডা দুধ খেতে হলে পুনরায় ফুটিয়ে নিতে হবে,"দুধ সহজেই বিভিন্ন ব্যাকটেরিয়া দ্বারা দূষিত হতে পারে, তাই কাঁচা দুধ বা ঠান্ডা দুধ যা একবার সিদ্ধ করা হয়েছে তা আবার ফুটিয়ে নিতে হবে।","কাঁচা দুধ বা একবার ফোটানো ঠান্ডা দুধ খাওয়ার আগে আবার ফুটিয়ে নেওয়া জরুরি, কারণ দুধ সহজেই বিভিন্ন জীবাণু দ্বারা দূষিত হতে পারে।",1.3688055049997274,,139.0
তা না হলে এসময় শিশুর ইলেকট্রিক গিটারের শব্দও মারাত্মক ক্ষতি করে,তা না হলে শিশুর ইলেকট্রিক গিটারের শব্দও মারাত্মক ক্ষতির কারণ হতে পারে।,"অন্যথায়, এই সময়ে শিশুর বৈদ্যুতিক গিটারের শব্দও গুরুতর ক্ষতি করে।",28.981419452999944,,140.0
এ সময় শিশুর হাতপা একটু ফোলা ফোলা ও বেশ লালচে দেখা যায়,এ সময় শিশুর হাত-পা সামান্য ফোলা এবং বেশ লাল দেখা যেতে পারে।,শিশুর হাত-পা এই সময়ে কিছুটা ফোলা এবং বেশ লালচে দেখায়।,2.8820789820001664,,141.0
গ্লুকোমাজনিত অন্ধত্বের কোনো প্রতিকার নেই প্রতিরোধই একমাত্র উপায়,"গ্লুকোমা অন্ধত্বের কোন প্রতিকার নেই, প্রতিরোধই একমাত্র উপায়।","গ্লুকোমার কারণে অন্ধত্বের কোনো চিকিৎসা নেই, শুধু প্রতিরোধই একমাত্র পথ।",0.9814339360000304,,142.0
অন্যদিকে শরীরের অনেক রোগের প্রাথমিক উপসর্গ মুখে দেখা যেতে পারে যেমন বিভিন্ন ভিটামিনের অভাব রক্ত স্বল্পতা হরমোনের তারতম্যতা ব্লাড ক্যান্সার থেকে শুরু করে রক্তের কোনো রোগ অনিয়ন্ত্রিত ডায়াবেটিস লিভার বা কিডনি রোগ গ্যাস্ট্রিক এসিডিটি হার্টের ব্যথা চোয়ালে অনুভব থেকে মরণব্যাধি এইডস পর্যন্ত,"অন্যদিকে শরীরের অনেক রোগের প্রাথমিক লক্ষণ দেখা যায় মুখে, যেমন বিভিন্ন ভিটামিনের ঘাটতি, রক্তের ঘাটতি, হরমোনের পরিবর্তন, ব্লাড ক্যান্সার থেকে শুরু করে যেকোনো রক্তের রোগ, অনিয়ন্ত্রিত ডায়াবেটিস, লিভার বা কিডনির রোগ, গ্যাস্ট্রিক। অ্যাসিডিটি, হার্টের ব্যথা, চোয়ালের ব্যথা থেকে মরণব্যাধি এইডস পর্যন্ত।",,8.946073801000239,request_error:'NoneType' object has no attribute 'strip',143.0
ক্যালসিয়ামের পরীক্ষা ইউরিক এসিডের পরিমাণ শরীরে বাত আছে কি না এসব পরীক্ষা করতে হয়,ক্যালসিয়াম পরীক্ষা শরীরে ইউরিক অ্যাসিডের পরিমাণ বাত আছে কি না তা অবশ্যই পরীক্ষা করতে হবে।,ইউরিক অ্যাসিডের মাত্রা ও ক্যালসিয়ামের পরীক্ষা শরীরে বাত রয়েছে কিনা তা নির্ণয়ের জন্য করা প্রয়োজন।,3.1466164889998254,,144.0
"বিএনপিকে উদ্দেশ্য করে জাহিদ মালেক বলেন, তারাও দেশে ক্ষমতায় ছিলেন, কিন্তু এলাকায় কোনো উন্নয়ন করেনি","জাহিদ মালেক বিএনপিকে উদ্দেশ্য করে বলেন, তারাও দেশে ক্ষমতায় থাকলেও এলাকায় কোনো উন্নয়ন করেনি।","জাহিদ মালেক বিএনপির উদ্দেশ্যে বলেছেন, তারা দেশে ক্ষমতায় থাকলেও এলাকায় কোনো উন্নয়ন করেনি।",4.376060481999957,,145.0
কোনো রোগেই রোজা নিষেধ নয়,কোনো রোগে রোজা রাখা হারাম নয়।,রোগ থাকলেও রোজা রাখা নিষিদ্ধ নয়।,2.401416482999593,,146.0
 নিশ্চিত করুন যে সে হালকা পোশাক পরে আছে,তিনি হালকা পোশাক পরেন তা নিশ্চিত করুন।,নিশ্চিত হও যে সে হালকা কাপড় পরেছে।,0.9086090099999636,,147.0
খুব প্রয়োজন না পড়লে বাইরে যাবেন না,একান্ত প্রয়োজন ছাড়া বাইরে যাবেন না।,অত্যন্ত জরুরি না হলে বাইরে বের হবেন না।,2.646789250999973,,148.0
দুঃখ পেয়ে সে কান্নার বদলে ভায়োলেন্ট আচরণ করতে পারে,"দু: খিত হলে, সে কাঁদার পরিবর্তে হিংস্র আচরণ করতে পারে।",দুঃখিত হলে সে কান্না না করে সহিংস আচরণ করতে পারে।,3.040689589000067,,149.0
থাইরয়েড গ্লান্ডের কার্যকারিতা হ্রাস বা হাইপোথায়রয়েডিজম  আয়োডিনের অভাবে হাইপোথায়রয়েডিজম হতে পারে,থাইরয়েড গ্রন্থি বা হাইপোথাইরয়েডিজম আয়োডিনের অভাবের কারণে হাইপোথাইরয়েডিজম হতে পারে।,থাইরয়েড গ্রন্থির কর্মক্ষমতা কমে যাওয়া বা হাইপোথাইরয়েডিজম আয়োডিনের ঘাটতির কারণে হতে পারে।,1.2989725409997843,,150.0
তেমনিভাবে যে কোনো বয়সী মানুষের মস্তিষ্কের রক্তনালিতে এই ক্লট জমাট বাঁধলে ভেনাস সাইনাস থ্রোম্বোসিসসহ বড় রক্তনালির ব্লক হয়ে ব্রেন স্ট্রোক হতে পারে,"একইভাবে, যে কোনও বয়সের মানুষের মধ্যে, যখন এই জমাট বাঁধা মস্তিষ্কের রক্তনালীতে তৈরি হয়, তখন এটি শিরাস্থ সাইনাস থ্রম্বোসিস সহ বড় রক্তনালীগুলিকে ব্লক করতে পারে এবং ব্রেন স্ট্রোকের দিকে পরিচালিত করতে পারে।",,8.046651850000671,request_error:'NoneType' object has no attribute 'strip',151.0
৩ হাঁটা এবং শরীরচর্চার জন্য পর্যাপ্ত সবুজ জায়গার ব্যবস্থা করা আবশ্যক,3 হাঁটা এবং ব্যায়াম জন্য পর্যাপ্ত সবুজ স্থান প্রদান করা আবশ্যক.,,9.8592329589992,request_error:'NoneType' object has no attribute 'strip',152.0
সেমিনার শেষে মুক্ত প্রশ্নোত্তর পর্ব অনুষ্ঠিত হয়,সেমিনার শেষে উন্মুক্ত প্রশ্নোত্তর পর্ব অনুষ্ঠিত হয়।,সেমিনারের পর খোলা প্রশ্নোত্তর অধিবেশন অনুষ্ঠিত হয়।,0.729622357000153,,153.0
তাই যত্নের আগে মাথার ত্বকের ধরন বুঝে নিন,তাই যত্ন নেওয়ার আগে আপনার মাথার ত্বকের ধরন বুঝে নিন।,সুতরাং যত্ন নেওয়ার আগে মাথার ত্বকের প্রকৃতি বুঝে নিন।,2.431877267000345,,154.0
এই মশা বংশবিস্তার করে ফুলের টবের নিচের জলকান্দার পানিতে বৃষ্টির দিনে রাস্তার ধারে জমা পানি নির্মাণসামগ্রীতে থাকা পানি পেপসির ক্যান নারিকেলের খোলায় জমা পানিতে,"এই মশা ফুলের টবের নিচে পুকুরে, বৃষ্টির দিনে রাস্তার ধারে দাঁড়িয়ে থাকা জল, নির্মাণ সামগ্রীতে দাঁড়িয়ে থাকা জল, পেপসির ক্যানে দাঁড়িয়ে থাকা জল, নারকেল খোলা ইত্যাদিতে বংশবিস্তার করে।","এই মশা প্রজনন করে ফুলের টবের নিচে জমে থাকা পানি, বৃষ্টির দিনে রাস্তার পাশে জমা পানি, নির্মাণসামগ্রীতে থাকা পানি, পেপসির ক্যান ও নারিকেলের খোলায় জমা পানিতে।",1.602110729000742,,155.0
গ্লুকোমাজনিত অন্ধ লোকের সংখ্যা প্রায় ৮ মিলিয়ন,গ্লুকোমার কারণে প্রায় 8 মিলিয়ন মানুষ অন্ধ।,গ্লুকোমার কারণে অন্ধ ব্যক্তির সংখ্যা প্রায় ৮০ লাখ।,7.932620611000857,,156.0
মাঝারি আকারের খেজুর হলে তা একটি খাওয়াই যথেষ্ট,যদি এটি মাঝারি আকারের খেজুর হয় তবে একটি খাওয়াই যথেষ্ট।,"যদি খেজুরটি মাঝারি আকারের হয়, তাহলে একটি খাওয়াই যথেষ্ট।",16.406516204999207,,157.0
এই স্পাইক প্রোটিনগুলো প্রভাবিত ব্যক্তিদের মধ্যে দীর্ঘস্থায়ী প্রদাহ সৃষ্টি করে এবং নিউরোডিজেনারেটিভ রোগের ঝুঁকি বাড়ায়,এই স্পাইক প্রোটিনগুলি আক্রান্ত ব্যক্তিদের মধ্যে দীর্ঘস্থায়ী প্রদাহ সৃষ্টি করে এবং নিউরোডিজেনারেটিভ রোগের ঝুঁকি বাড়ায়।,প্রভাবিত ব্যক্তিদের মধ্যে এই স্পাইক প্রোটিনগুলো দীর্ঘমেয়াদী প্রদাহ সৃষ্টি করে এবং নিউরোডিজেনারেটিভ রোগের আশঙ্কা বাড়িয়ে তোলে।,9.987518380000438,,158.0
সহকারী অধ্যাপক সিলেট এমএজি ওসমানী মেডিকেল কলেজ সিলেট,সিলেটের এমএজি ওসমানী মেডিকেল কলেজ সিলেটের সহকারী অধ্যাপক ডা,সিলেট এমএজি ওসমানী মেডিকেল কলেজের সহকারী অধ্যাপক।,0.8330719289997432,,159.0
১ টক্সিক মানুষেরা সাধারণত কোনো কিছুর দায়িত্ব নিতে চায় না,1 বিষাক্ত ব্যক্তিরা সাধারণত কোনো কিছুর দায়িত্ব নিতে চান না।,বিষাক্ত ব্যক্তিরা সাধারণত কোনো কিছুর দায়ভার গ্রহণ করতে চায় না।,1.291547227000592,,160.0
সরকার সব সময় এটাকে প্রাধান্য দিয়ে কাজ করেছেন,সরকার সব সময় এটাকে অগ্রাধিকার দিয়েছে।,সরকার সবসময় এই বিষয়টিকে অগ্রাধিকার দিয়ে কাজ করেছে।,0.8361239020005087,,161.0
এই নিউরোকেমিক্যাল সমস্যার কারণে মাইগ্রেন হওয়ার আগেই কিছু প্রি সিম্পটম দেখা যায়,এই নিউরোকেমিক্যাল সমস্যার কারণে মাইগ্রেন শুরু হওয়ার আগে কিছু উপসর্গ দেখা দেয়।,মাইগ্রেন শুরু হওয়ার আগেই এই নিউরোকেমিক্যাল সমস্যার কারণে কিছু পূর্ব লক্ষণ প্রকাশ পায়।,0.7911994260002757,,162.0
"হাইপোথায়রয়েডিজমের যে লক্ষণগুলো দেখা দেয়
 অবসাদগ্রস্ত হওয়া সাথে অলসতা ঘুমঘুম ভাব",হাইপোথাইরয়েডিজমের লক্ষণ অলসতার সাথে তন্দ্রা,"হাইপোথাইরয়েডিজমের যে উপসর্গগুলো প্রকাশ পায় তা হলো ক্লান্তি, অলসতা ও তন্দ্রাচ্ছন্নতা।",1.2509254090000468,,163.0
তবে এর মাত্রা ৩ ৪ ৫ ও ৬ শতাংশের বেশি হবে না,"তবে এর মাত্রা ৩, ৪, ৫ ও ৬ শতাংশের বেশি হবে না।","তবে এর পরিমাণ ৩, ৪, ৫ ও ৬ শতাংশের বেশি হবে না।",7.040429637999296,,164.0
চর্বি ছাড়া গরুর মাংসে অর্থাৎ লিনকাট মাংসে যেহেতু চর্বির পরিমাণ অনেক কম থাকে ও প্রচুর প্রোটিন থাকে তাই ৩ আউন্স চর্বি ছাড়া মাংসে মাত্র ১৮০ ক্যালরি শক্তি থাকে কিন্তু ১০টিরও বেশি জরুরি খাদ্য উপাদান থাকে,"যেহেতু চর্বিহীন গরুর মাংস বা লিনকাটে চর্বি কম এবং প্রোটিন বেশি, তাই চর্বিহীন গরুর মাংসের একটি 3-আউন্স পরিবেশন মাত্র 180 ক্যালোরি ধারণ করে কিন্তু 10টিরও বেশি প্রয়োজনীয় পুষ্টি ধারণ করে।","চর্বিহীন গরুর মাংসে, অর্থাৎ লিনকাট মাংসে, চর্বির পরিমাণ খুবই কম এবং প্রোটিনের পরিমাণ বেশি থাকায়, ৩ আউন্স এই মাংসে কেবল ১৮০ ক্যালোরি শক্তি পাওয়া যায়, তবে এতে ১০টিরও বেশি প্রয়োজনীয় পুষ্টি উপাদান বিদ্যমান।",6.194126184999732,,165.0
তার ওই স্বীকারোক্তিতে তুমুল বিতর্ক ও নানা প্রতিক্রিয়া সৃষ্টি হয়,তার এই স্বীকারোক্তিতে ব্যাপক বিতর্ক ও নানা প্রতিক্রিয়ার সৃষ্টি হয়।,তার ওই স্বীকারোক্তির ফলে তীব্র বিতর্ক ও বিভিন্ন প্রতিক্রিয়া দেখা দেয়।,2.578201525999248,,166.0
তবে এ সময় ভাইরাসটিতে কারও মৃত্যুর তথ্য দেয়নি স্বাস্থ্য বিভাগ,তবে এ ভাইরাসে আক্রান্ত হয়ে কারো মৃত্যুর খবর জানায়নি স্বাস্থ্য বিভাগ।,স্বাস্থ্য বিভাগ জানায়নি যে এই সময় ভাইরাসটিতে কারও মৃত্যু হয়েছে।,0.8952656760002355,,
অন্যান্য উপসর্গগুলো নির্ভর করে আপনার হাড়ের ব্যথার নির্দিষ্ট কারণগুলোর ওপর,অন্যান্য লক্ষণগুলি আপনার হাড়ের ব্যথার নির্দিষ্ট কারণের উপর নির্ভর করে।,আপনার হাড়ের ব্যথার নির্দিষ্ট কারণের ওপর ভিত্তি করে অন্যান্য উপসর্গগুলো পরিবর্তিত হয়।,1.973225346999243,,
সাধারণত গলাব্যথার সঙ্গে জ্বর থাকে যা অনেক সময় ১০৩ থেকে ১০৪ ডিগ্রি পর্যন্ত হতে পারে,গলা ব্যথা সাধারণত জ্বরের সাথে থাকে যা কখনও কখনও 103 থেকে 104 ডিগ্রি পর্যন্ত হতে পারে।,"গলাব্যথার সাথে সাধারণত জ্বর থাকে, যা কখনো কখনো ১০৩ থেকে ১০৪ ডিগ্রি পর্যন্ত হতে পারে।",4.5335596240001905,,
সাধারণত অ্যান্টিবায়োটিক গ্রহণ বন্ধ করে দিলে অর্থাৎ এর কোর্স সম্পন্ন হলে এই সমস্যাগুলো ঠিক হতে শুরু করে,অ্যান্টিবায়োটিকের কোর্স বন্ধ হয়ে গেলে সাধারণত এই সমস্যাগুলি চলে যায়।,"সাধারণত অ্যান্টিবায়োটিক খাওয়া বন্ধ করলে, অর্থাৎ এর সম্পূর্ণ কোর্স শেষ করলে, এই সমস্যাগুলো ঠিক হতে শুরু করে।",2.2393708440004048,,
তাই ময়দার চেয়ে আটা বেশি স্বাস্থ্যকর,তাই কেকের চেয়ে ময়দা স্বাস্থ্যকর।,আটার স্বাস্থ্যগুণ ময়দার চেয়ে বেশি।,1.2231089819997578,,
বেশ কিছুদিন লাগামহীন খাওয়াদাওয়া চালিয়ে গেলে কিংবা নিয়মমাফিক শরীরচর্চা না করলে ওজন তো বাড়তেই পারে,আপনি যদি কিছুক্ষণ অনিয়ন্ত্রিতভাবে খাওয়া চালিয়ে যান বা নিয়মিত ব্যায়াম না করেন তবে আপনার ওজন বাড়তে পারে।,বেশ কয়েকদিন ধরে বিনা সংযমে খাওয়া-দাওয়া করলে অথবা নিয়মিত ব্যায়াম না করলে ওজন বাড়া স্বাভাবিক।,1.1268321520001336,,
শনিবার তিনি যুগান্তরকে বলেন করোনা চিকিৎসায় এখন পর্যন্ত শতভাগ নিশ্চিত কোনো চিকিৎসা নেই,"শনিবার তিনি যুগান্তরকে বলেন, করোনার কোনো ১০০% নিশ্চিত চিকিৎসা নেই।","শনিবার তিনি যুগান্তরকে জানান, করোনার চিকিৎসায় এখন পর্যন্ত সম্পূর্ণ নিশ্চিত কোনো পদ্ধতি নেই।",7.049928495999666,,
৪ ডায়াবেটিস আছে কি না থাকলে নিয়ন্ত্রণে আছে কি না দেখে নিতে হবে,আপনার ডায়াবেটিস থাকলে তা নিয়ন্ত্রণে আছে কিনা তা পরীক্ষা করতে হবে।,"ডায়াবেটিস আছে কিনা এবং থাকলে তা নিয়ন্ত্রণে আছে কিনা, তা পরীক্ষা করে দেখা প্রয়োজন।",8.698360662999221,,
পরামর্শ ডেঙ্গু সেরে যাওয়ার পর অনেকের মধ্যেই কিছু সমস্যা রয়ে যায়,পরামর্শ: ডেঙ্গু থেকে সেরে ওঠার পরও অনেকের কিছু সমস্যা রয়েছে।,ডেঙ্গু থেকে সেরে ওঠার পরও অনেকের মধ্যে কিছু জটিলতা থেকে যায়।,1.9102221559996906,,
" গ্যাস্ট্রাইটিস কিংবা গ্যাস্ট্রিক আলসারে সাধারণত নাভির ওপরে পেটে ব্যথা হয় যা খালি পেটে অথবা ভোররাতের দিকে তীব্র হয়, সঙ্গে গলা-বুক-পেট জ্বলে ও টক ঢেঁকুর ওঠে","গ্যাস্ট্রাইটিস বা গ্যাস্ট্রিক আলসার সাধারণত নাভির উপরে পেটে ব্যথার সাথে উপস্থাপন করে, যা খালি পেটে বা ভোরবেলা বুকজ্বালা এবং বেলচিং সহ আরও খারাপ হয়।","গ্যাস্ট্রাইটিস বা গ্যাস্ট্রিক আলসারে সাধারণত নাভির উপরের পেটে ব্যথা অনুভূত হয়, যা খালি পেটে বা ভোররাতে বেশি হয়, আর এর সাথে গলা, বুক ও পেট জ্বালা করে এবং টক ঢেঁকুর ওঠে।",6.719013508999524,,
তবে রাতের খাবারে অবশ্যই লাল আটা অথবা লাল চালের ভাত কিছুটা রাখলে বেশি ভালো হবে,তবে রাতের খাবারে কিছু লাল আটা বা লাল চালের ভাত রাখলে ভালো হবে।,তবে রাতের খাবারে লাল আটা অথবা লাল চালের ভাত রাখলে তা আরও ভালো হবে।,2.6690229499999987,,
গতকাল হায়দরাবাদে ভারত বায়োটেক কারখানায় সফরে যাওয়া বাংলাদেশি সাংবাদিক প্রতিনিধি দলকে এক প্রেজেন্টেশনে এসব তথ্য জানায় ভারত বায়োটেক,গতকাল হায়দ্রাবাদে ভারত বায়োটেক কারখানা পরিদর্শনে আসা বাংলাদেশি সাংবাদিকদের একটি প্রতিনিধিদলের কাছে ভারত বায়োটেক এক উপস্থাপনায় এ তথ্য জানায়।,ভারত বায়োটেকের এক উপস্থাপনায় গতকাল হায়দরাবাদে তাদের কারখানা পরিদর্শনে আসা বাংলাদেশি সাংবাদিক প্রতিনিধিদলকে এই তথ্য দেওয়া হয়।,2.340296190999652,,
বিশ্বে হাজার হাজার মানুষ এই রোগে আক্রান্ত হচ্ছেন,বিশ্বের হাজার হাজার মানুষ এই রোগে আক্রান্ত।,বিশ্বব্যাপী হাজারো মানুষ এই রোগে আক্রান্ত হচ্ছেন।,4.010967154999889,,
"আয়ুর্বেদ মতে, মৌরি রুচিকর, শুক্রবর্ধক, মুখদোষ নিবারক, রক্তপিত্ত, জ্বর, পেটের অসুখে, চোখের অসুখে ও শ্লেষ্ম রোগে উপকারী","আয়ুর্বেদ অনুসারে মৌরি সুস্বাদু, কামোদ্দীপক, অ্যান্টিস্পাসমোডিক, পিত্তজনিত, জ্বর, পেটের অসুখ, চোখের অসুখ এবং শ্লেষ্মাজনিত রোগ।","আয়ুর্বেদ অনুযায়ী, মৌরি খেতে সুস্বাদু, শুক্রাণু বৃদ্ধিকারী, মুখের দুর্গন্ধ দূর করে, রক্তপিত্ত, জ্বর, পেটের সমস্যা, চোখের রোগ ও কফজনিত রোগে উপকারী।",5.434357901000112,,
এক আউন্স পনিরে পাবেন ৭ গ্রাম প্রোটিন,এক আউন্স পনির 7 গ্রাম প্রোটিন সরবরাহ করে।,প্রতি আউন্স পনিরে ৭ গ্রাম প্রোটিন পাওয়া যায়।,3.3456409199998234,,
এটি চুলের খুশকির সমস্যা দূর করে,এটি খুশকির সমস্যা দূর করে।,এটি চুলের খুশকি দূর করতে সাহায্য করে।,0.5959756130005189,,
 পরিবার বা বন্ধুবান্ধব সহানুভূতিশীল না হলে,যদি পরিবার বা বন্ধুরা সহানুভূতিশীল না হয়।,পরিবার কিংবা বন্ধুরা যদি সহমর্মী না হয়,1.2901402540001072,,
 বলা হয় যে সকাল ও বিকেলে সংক্রমণের সম্ভাবনা সব চেয়ে বেশি,"বলা হচ্ছে, সকাল ও বিকেলে আক্রান্ত হওয়ার সম্ভাবনা সবচেয়ে বেশি।",সকাল ও বিকেলের সময় সংক্রমণের ঝুঁকি সবচেয়ে বেশি বলে জানা যায়।,10.057030527000279,,
এই অবস্থায় আমার করণীয় কী,এই পরিস্থিতিতে আমার কি করা উচিত?,এই পরিস্থিতিতে আমার কী করা উচিত?,1.4030401399995753,,
যেকোনো ধরনের চিনিই এড়িয়ে চলা উচিত,যেকোনো ধরনের চিনি এড়িয়ে চলতে হবে।,যে কোনো প্রকারের চিনি পরিহার করাই ভালো।,2.075908998000159,,
আমাদের স্বাভাবিক জীবনযাপনে কথা বলার সময় কীভাবে মুখ থেকে থুতু বের হয় তার একটা গবেষণা করেছে জাপানের একটি গবেষণা প্রতিষ্ঠান,আমাদের স্বাভাবিক জীবনে কথা বলার সময় কীভাবে মুখ থেকে থুতু বের হয় তা নিয়ে একটি গবেষণা করেছে জাপানের একটি গবেষণা প্রতিষ্ঠান।,জাপানের একটি গবেষণা প্রতিষ্ঠান আমাদের দৈনন্দিন জীবনে কথা বলার সময় মুখ থেকে লালা বের হওয়ার প্রক্রিয়া নিয়ে একটি,6.895276905000173,,
বাংলাদেশ পৃথিবীর অন্যতম দেশ যেখানে অসংখ্য মানুষ থাইরয়েড গ্রন্থি ও থাইরয়েড হরমোনজনিত সমস্যা নিয়ে বসবাস করছে,বাংলাদেশ বিশ্বের এমন একটি দেশ যেখানে অনেক মানুষ থাইরয়েড গ্রন্থি এবং থাইরয়েড হরমোন সংক্রান্ত সমস্যা নিয়ে বসবাস করে।,বাংলাদেশ এমন একটি দেশ যেখানে থাইরয়েড গ্রন্থি ও থাইরয়েড হরমোনের কারণে বিপুল সংখ্যক মানুষ নানা সমস্যায় ভুগছে।,2.277176240000699,,
হালকা বা সাদা লোমে মেলানিন কম থাকায় লেজার রশ্মি কাজ করতে পারে না,লেজার বিম হালকা বা সাদা চুলে কাজ করতে পারে না কারণ এতে মেলানিন কম থাকে।,"লেজার রশ্মি হালকা বা সাদা লোমে কাজ করতে পারে না, কারণ এতে মেলানিনের পরিমাণ কম থাকে।",1.3493896959998892,,
যাদের প্রাথমিক চিকিৎসা দিয়ে ছেড়ে দেওয়া হচ্ছে,যাদের প্রাথমিক চিকিৎসা দিয়ে ছেড়ে দেওয়া হয়েছে।,যাদের শুধু প্রাথমিক চিকিৎসা দিয়ে বিদায় করা হচ্ছে।,4.221604774999832,,
মুগ ছোলা মুসুর থেকে শুরু করে কাবুলি ছোলা রাজমার মতো ডালেও ফাইবার রয়েছে,"মুগ, ছোলা, মসুর ডাল এবং কাবুলি ছোলার মতো ডালেও ফাইবার থাকে।","মুগ, ছোলা ও মুসুর ডাল থেকে শুরু করে কাবুলি ছোলা ও রাজমার মতো ডালেও ফাইবার বিদ্যমান।",12.416891539000062,,
শুধু তাই নয় প্রত্যাহার করা হয় পরিচালককেও,"শুধু তাই নয়, পরিচালককে প্রত্যাহারও করা হয়।",পরিচালককেও প্রত্যাহার করা হয় তা-ই নয়।,1.1839767410001514,,
এভাবে আপনার ওজন ১০০ কেজি হলে তখন আপনাকে দিনে অন্তত ১৮ গ্লাস পানি পান করতে হবে,"আপনার ওজন যদি 100 কেজি হয়, তবে আপনাকে দিনে কমপক্ষে 18 গ্লাস জল পান করতে হবে।","যদি আপনার ওজন ১০০ কেজি হয়, তাহলে আপনাকে প্রতিদিন কমপক্ষে ১৮ গ্লাস পানি পান করতে হবে।",3.788318505999996,,
প্রধানমন্ত্রী বলেছেন প্রত্যেকটা হাসপাতালে আইসিইউ ইউনিট স্থাপন প্রত্যেকটি হাসপাতালে যেন ভেনটিলেটর স্থাপন যথেষ্ট পরিমাণ উচ্চমাত্রার পর্যাপ্ত অক্সিজেন সরবরাহ ব্যবস্থা যেন আরও বৃদ্ধি করা হয়,"প্রধানমন্ত্রী বলেন, প্রতিটি হাসপাতালে আইসিইউ ইউনিট স্থাপন করতে হবে, প্রতিটি হাসপাতালে ভেন্টিলেটর স্থাপন করতে হবে এবং পর্যাপ্ত পরিমাণে অক্সিজেন সরবরাহ বাড়াতে হবে।",,8.754804575999515,request_error:'NoneType' object has no attribute 'strip',
পেটের আলট্রাসনোগ্রাম করলে ফ্যাটি লিভার আছে কি না বোঝা যায়,একটি পেটের আল্ট্রাসাউন্ড আপনার ফ্যাটি লিভার আছে কিনা তা নির্ধারণ করতে পারে।,ফ্যাটি লিভার আছে কি না তা পেটের আলট্রাসনোগ্রামের মাধ্যমে বোঝা সম্ভব।,2.9151274850000846,,
দীর্ঘদিন ধরে লম্বা সময়ের জন্য এভাবে বাড়তি চাপ সৃষ্টি হওয়ার কারণেই কিন্তু ওই রক্তনালিগুলো ফুলে যেতে পারে,কিন্তু দীর্ঘ সময় ধরে তৈরি হওয়া বর্ধিত চাপের কারণে এই রক্তনালীগুলি ফুলে যেতে পারে।,দীর্ঘকাল ধরে অতিরিক্ত চাপের ফলে রক্তনালিগুলো ফুলে যাওয়ার সম্ভাবনা থাকে।,8.855297635999705,,
চিউ অর্থ মানসিক ও শারীরিক শক্তি যা মহাবিশ্বে ছড়িয়ে পড়ে,চিউ মানে মানসিক এবং শারীরিক শক্তি যা সমগ্র মহাবিশ্বে ছড়িয়ে পড়ে।,চিউ বলতে বোঝায় মানসিক ও দৈহিক শক্তি যা সমগ্র বিশ্বব্যাপী বিস্তৃত।,1.2469605810001667,,
মেটাসটেসিস কি পরিমাণ হয়েছে এবং কোথায় কোথায় হয়েছে তার ওপর চিকিৎসা পদ্ধতি নির্ভর করে,চিকিত্সা মেটাস্টেসিসের পরিমাণ এবং অবস্থানের উপর নির্ভর করে।,"কতটুকু এবং কোথায় মেটাসটেসিস ছড়িয়েছে, তার ওপর ভিত্তি করেই চিকিৎসা পদ্ধতি নির্ধারিত হয়।",3.071996399999989,,
এই যৌগটি শরীরের কোষ সুরক্ষিত রেখে দীর্ঘস্থায়ী রোগবালাই থেকে শরীরকে রক্ষা করে,এই যৌগটি শরীরের কোষকে রক্ষা করে দীর্ঘস্থায়ী রোগ থেকে শরীরকে রক্ষা করে।,এই যৌগটি দীর্ঘমেয়াদী রোগের হাত থেকে শরীরকে বাঁচাতে কোষগুলিকে সুরক্ষিত রাখে।,4.885043696000139,,
২ পেনিট্রেশন ফেইলিউর অর্থাৎ লিঙ্গে যোনিদ্বার ছেদনে ব্যর্থতা ৩ প্রিম্যাচুর ইজাকুলেশন অর্থাৎ সহবাসে দ্রুত বীর্য স্খলন বা স্থায়িত্বের অভাব,2 অনুপ্রবেশ ব্যর্থতা অর্থাৎ লিঙ্গ দ্বারা যোনিতে প্রবেশ করতে ব্যর্থতা 3 অকাল বীর্যপাত অর্থাৎ দ্রুত বীর্যপাত বা সহবাসের সময় জেদ না থাকা।,লিঙ্গে যোনিদ্বার ছেদনে ব্যর্থতা অর্থাৎ ২ পেনিট্রেশন ফেইলিউর এবং সহবাসে দ্রুত বীর্য স্খলন বা স্থায়িত্বের অভাব অর্থাৎ ৩ প্রিম্যাচুর ইজাকুলেশন।,1.8285144100000252,,
"গুঁড়াদুধ, চিনি আর অলিভ অয়েল","গুঁড়ো দুধ, চিনি এবং জলপাই তেল","অলিভ অয়েল, গুঁড়ো দুধ এবং চিনি",3.111522907000108,,
১৮৯৬ সালে ফ্রান্স ছেড়ে মিশর চলে আসেন ভোরোনফ,ভোরোনফ 1896 সালে ফ্রান্স ছেড়ে মিশরে চলে যান।,ভোরোনফ ১৮৯৬ সালে ফ্রান্স ত্যাগ করে মিশরে আসেন।,0.8962395929993363,,
" পেট ফেঁপে ও ফুলে থাকে 
 বমি হয় 
 খাদ্যগ্রহণের পর খাদ্যনালীতে ব্যথা হয় 
 অল্প খেলে তৃপ্তি চলে আসে 
 রক্তস্বল্পতা দেখা দেয় 
 শরীরের ওজন কমে যায় 
 বমির সঙ্গে রক্ত কিংবা কালো পায়খানা হতে পারে
এ সমস্যাগুলো হলে অপারেশন করালেও রোগীর আয়ুকাল খুব বেশি বাড়ানো যায় না",পেট ফেটে যায় এবং ফুলে যায় .,"পেট ফুলে ও ফেঁপে থাকে, বমি হয়, খাবার খাওয়ার পর খাদ্যনালীতে ব্যথা হয়, অল্প খেলেই তৃপ্তি আসে, রক্তস্বল্পতা দেখা দেয়, শরীরের ওজন কমে যায়, বমির সাথে রক্ত বা কালো পায়খানা হতে পারে। এই সমস্যাগুলো থাকলে অপারেশন করলেও রোগীর আয়ু খুব বেশি বাড়ানো সম্ভব নয়।",6.75388052299968,,
এই লিপস্টিক স্পার্কেল করে তবে এই লিপস্টিক ঠোঁটও শুষ্ক করে না,"এই লিপস্টিক ঝকঝকে, কিন্তু এই লিপস্টিকও ঠোঁট শুকায় না।",এই লিপস্টিক চকচকে হলেও ঠোঁট শুষ্ক করে না।,3.029658874999768,,
এটি নারীর জীবনচক্রের প্রতিটি অধ্যায়মাসিক গর্ভাবস্থা ও রজঃচক্রের নিবৃত্তি বা মেনোপজে প্রভাব রাখে,"এটি একজন মহিলার জীবনচক্রের প্রতিটি স্তরকে প্রভাবিত করে, মাসিক গর্ভাবস্থা থেকে মাসিক বন্ধ হওয়া বা মেনোপজ পর্যন্ত।","এটি নারীর জীবনচক্রের প্রতিটি পর্যায়—মাসিক, গর্ভাবস্থা ও রজঃনিবৃত্তি বা মেনোপজে",3.772338799000863,,
তবে এ সমস্যা খুব সহজেই দূর করা যায়,তবে এই সমস্যা সহজেই দূর করা যায়।,তবে এই সমস্যাটি খুব সহজেই সমাধান করা সম্ভব।,2.312158173000171,,
লিপস্টিকের দাগও দূর করতে পারবেন একইভাবে,আপনিও একইভাবে লিপস্টিকের দাগ দূর করতে পারেন।,একই পদ্ধতিতে লিপস্টিকের দাগও মুছে ফেলা সম্ভব।,1.9445397460003733,,
এগুলো হচ্ছে ধূমপান কম শাকসবজি ও ফলমূল গ্রহণ মদ্যপান ওজন বৃদ্ধি কায়িক পরিশ্রম না করা ইত্যাদি,"এগুলো হলো ধূমপান, শাকসবজি ও ফলমূল কম খাওয়া, অ্যালকোহল পান করা, ওজন বাড়ানো, শারীরিক ব্যায়াম না করা ইত্যাদি।","ধূমপান, কম শাকসবজি ও ফল খাওয়া, মদ্যপান, ওজন বাড়ানো, এবং শারীরিক পরিশ্রম না করার মতো বিষয়গুলো এগুলো।",2.6231091649997325,,
" যেসব কৃষক এই গরমে মাঠে কাজ করেন, তাঁরা এই খাবার দুপুরের দিকে খেয়ে শরীর শীতল করেন",এই গ্রীষ্মে ক্ষেতে কাজ করা কৃষকরা তাদের শরীর ঠান্ডা করতে দুপুরের দিকে এই খাবার খান।,"গরমের সময় যেসব কৃষক মাঠে কাজ করেন, তাঁরা দুপুরের দিকে এই খাবার খেয়ে শরীর ঠান্ডা করেন।",0.9399590539997007,,
"যখন রোগের মহামারী বা প্যান্ডেমিক দেখা দেয় তখন এর সাথে আরেকটি মহামারী  
দেখা দেয়","যখন একটি রোগ মহামারী বা মহামারী দেখা দেয়, তখন তার সাথে আরেকটি মহামারী হয়।",রোগের মহামারী বা প্যান্ডেমিক দেখা দিলে তার সঙ্গে আরেকটি মহামারীর আবির্ভাব ঘটে।,9.579175062000104,,
তবে এক্ষেত্রে অবশ্যই চিকিৎসকের পরামর্শ নিতে হবে,"তবে এই ক্ষেত্রে, আপনাকে অবশ্যই একজন ডাক্তারের সাথে পরামর্শ করতে হবে।",কিন্তু এই অবস্থায় ডাক্তারের পরামর্শ নেওয়া জরুরি।,4.826492349000546,,
প্রথমেই চলুন জেনে নিই হার্ড ইমিউনিটি কী সে সম্পর্কে,আসুন প্রথমে জানি হার্ড ইমিউনিটি কাকে বলে।,"শুরুতে, আসুন জেনে নিই হার্ড ইমিউনিটি বলতে কী বোঝায়।",3.384250766999685,,
যে কোনো সময় যে কোনো স্থান থেকে সে তথ্য আপনি সংগ্রহ করতে পারেন,আপনি যেকোনো সময় যেকোনো জায়গা থেকে এই তথ্য সংগ্রহ করতে পারেন।,আপন,3.1597600249997413,,
খাদ্যনালির উপরের দিকে রক্তক্ষরণ হলে এটা হয়,খাদ্যনালীর উপরের অংশে রক্তপাত হলে এটি ঘটে।,খাদ্যনালির ওপরের অংশে রক্তপাত ঘটলে এটি ঘটে।,0.9982036359997437,,
 করোনা সংক্রান্ত একের পর এক গবেষণায় উঠে আসছে চাঞ্চল্যকর তথ্য,করোনা সংক্রান্ত একের পর এক গবেষণায় উঠে আসছে চাঞ্চল্যকর তথ্য।,করোনা সম্পর্কিত গবেষণার পর গবেষণায় উদ্ভূত হচ্ছে চমকপ্রদ তথ্য।,2.270407398000316,,
 এয়ারড্রাম কানের পর্দা ক্ষতিগ্রস্ত হবে,এয়ারড্রাম কানের পর্দার ক্ষতি করবে।,এয়ারড্রামের কারণে কানের পর্দা নষ্ট হয়ে যেতে পারে।,8.718649923999692,,
সাইনাসের একটি এক্সরে করলেই রোগ সম্পর্কে অনেক ধারণা পাওয়া যায়,সাইনাসের একটি এক্স-রে রোগ সম্পর্কে অনেক অন্তর্দৃষ্টি দিতে পারে।,সাইনাসের এক্সরে করলেই রোগ সম্পর্কে বিস্তারিত জানা যায়।,2.062502836999556,,
ব্রণের সমস্যা থেকে পরিত্রাণের উপায় সম্পর্কে যুগান্তরকে পরামর্শ দিয়েছেন আলরাজী হাসপাতালের চর্ম ও যৌনরোগ বিশেষজ্ঞ ডা দিদারুল আহসান,ব্রণের সমস্যা থেকে মুক্তির উপায় সম্পর্কে যুগান্তরকে পরামর্শ দিয়েছেন আলরাজি হাসপাতালের চর্মরোগ ও ভেনারোলজিস্ট ডাঃ দিদারুল আহসান।,যুগান্তরকে ব্রণ সমস্যা থেকে মুক্তির উপায় নিয়ে পরামর্শ দিয়েছেন,3.1222104769994985,,
এটি সংক্রমিত কোষের ভেতরে অ্যান্টিভাইরালঅনুশাসনও ধ্বংস করে,এটি সংক্রামিত কোষের ভিতরে অ্যান্টিভাইরালগুলিও ধ্বংস করে।,এটি সংক্রমিত কোষের অভ্যন্তরে অ্যান্টিভাইরাল নিয়ন্ত্রণ ব্যবস্থাকেও নষ্ট করে দেয়।,7.476245974000449,,
এক্ষেত্রে ডাক্তারের পরামর্শ নিতে হবে,এক্ষেত্রে চিকিৎসকের পরামর্শ নিতে হবে।,এই অবস্থায় চিকিৎসকের মতামত নেওয়া উচিত।,0.6161190220000208,,
 বরং কয়েকটি খাবার খেয়েই এই কাজটি অনায়াসে সেরে ফেলতে পারেন,বরং অল্প কিছু খাবার খেয়েই এই কাজটি সহজে সম্পন্ন করতে পারেন।,বরং কয়েকটি খাবার খেয়ে সহজেই এই কাজটি সম্পন্ন করতে পারেন।,7.279482885000107,,
তাই শীতের দিনে অতি ভোরে বা সন্ধ্যার পর নয় ব্যায়াম করুন দিনের আলোয়,তাই শীতের দিনে সকালে বা সন্ধ্যায় নয় দিনের আলোতে ব্যায়াম করুন।,সুতরাং শীতকালে ভোরবেলা বা সন্ধ্যার পর ব্যায়াম না করে দিনের বেলায় ব্যায়াম করুন।,3.1415283610003826,,
কম ওজনের শিশুর জন্মদান সময়ের আগে প্রসব মাতৃগর্ভে শিশুমৃত্যু এন্টিপারটাম হেমোরেজ ইত্যাদি সমস্যা প্রিএকলাম্পসিয়ায় আক্রান্ত মায়েদের ক্ষেত্রে সচরাচর ঘটে থাকে,"প্রি-ক্ল্যাম্পসিয়ায় আক্রান্ত মায়েদের কম জন্মের ওজন, অকাল জন্ম, মৃতপ্রসব এবং প্রসবের আগে রক্তক্ষরণের মতো সমস্যা দেখা যায়।","প্রি-একলাম্পসিয়ায় আক্রান্ত মায়েদের মধ্যে সাধারণত কম ওজনের শিশুর জন্ম, অকাল প্রসব, গর্ভে শিশুমৃত্যু, এবং প্রসবপূর্ব রক্তক্ষরণের মতো সমস্যা দেখা যায়।",18.157738736999818,,
সিদ্ধান্তসমূহ নেয়ার সময় নিজেদেরকে শুধু এই প্রশ্ন করলেই হবে না যে আমাদের ঠিক সামনে কোন বিপদটি দাঁড়িয়ে আছে বরং এই ঝড় থেমে যাওয়ার পরে আমরা কোন পৃথিবীতে বাস করতে যাচ্ছি সেটাও জানতে হবে,"সিদ্ধান্ত নেওয়ার সময়, আমাদের নিজেদেরকে জিজ্ঞাসা করতে হবে যে আমাদের সামনে কী বিপদ রয়েছে তা নয়, এই ঝড় শেষ হওয়ার পরে আমরা কী ধরনের পৃথিবীতে বাস করতে যাচ্ছি।","সিদ্ধান্ত নেওয়ার সময় শুধু এই প্রশ্ন করাই যথেষ্ট নয় যে আমাদের সামনে এখন কোন বিপদ আছে, বরং ঝড় থেমে যাও",2.4139284220000263,,
এই যেমন মাথাব্যথা চুল পড়া মুখে অতিরিক্ত লোম বা ব্রণের মতো কিছু সমস্যা দেখা যেতে পারে,"কিছু সমস্যা যেমন মাথাব্যথা, চুল পড়া, মুখের অতিরিক্ত চুল বা ব্রণ হতে পারে।","মাথাব্যথা, চুল পড়া, মুখে অতিরিক্ত লোম বা ব্রণ—এই রকম কিছু সমস্যা দেখা দিতে পারে।",2.913782978999734,,
ওইদিন ২০টি জেনেরিকের ৫৩ ধরনের ওষুধের দাম বাড়ানোর প্রস্তাব অনুমোদন হয়,ওই দিন ৫৩ ধরনের ২০টি জেনেরিক ওষুধের দাম বাড়ানোর প্রস্তাব অনুমোদন করা হয়।,সেদিন ২০টি জেনেরিকের ৫৩ প্রকার ওষুধের মূল্য বৃদ্ধির প্রস্তাব অনুমোদিত হয়।,3.3907689150000806,,
বিশ্ব স্বাস্থ্য দিবস উপলক্ষ্যে শনিবার আয়োজিত ওয়েবিনারে এমন আশঙ্কার কথা জানান,বিশ্ব স্বাস্থ্য দিবস উপলক্ষে শনিবার আয়োজিত ওয়েবিনারে এমন আশঙ্কা প্রকাশ করেন ড.,শনিবার বিশ্ব স্বাস্থ্য দিবস উপলক্ষে আয়োজিত ওয়েবিনারে এই উদ্বেগের কথা প্রকাশ করেন তিনি।,1.3588497030004874,,
রোদ আর তীব্রতায় অনেক সময় তা মানানসই নাও লাগতে পারে,রোদ এবং তীব্রতার কারণে এটি অনেক সময় উপযুক্ত মনে হতে পারে না।,প্রখর রোদের কারণে অনেক সময় এটি উপযুক্ত মনে নাও হতে পারে।,1.224938155000018,,
কোনো কারণ ছাড়া সাধারণ মানুষকে এন৯৫ ফেসিয়াল মাস্ক পরতে নিষেধ করেছে দুবাইয়ের স্বাস্থ্য ও প্রতিরোধ মন্ত্রণালয়,দুবাইয়ের স্বাস্থ্য ও প্রতিরোধ মন্ত্রক কোনও কারণ ছাড়াই সাধারণ মানুষকে N95 মুখোশ পরা নিষিদ্ধ করেছে।,দুবাইয়ের স্বাস্থ্য ও প্রতিরোধ মন্ত্রণালয় অকারণে সাধারণ মানুষের জন্য এন৯৫ ফেসিয়াল মাস্ক পরা নিষিদ্ধ করেছে।,3.011496150000312,,
তবে সারা দিনের কাজের চাপে সাজানো ডেস্কও অগোছালো হতে বাধ্য,"যাইহোক, এমনকি একটি সুসংগঠিত ডেস্ক পুরো দিনের কাজের চাপের কারণে অগোছালো হতে বাধ্য।",তবে সারাদিনের কাজের চাপে গোছানো টেবিলও অগোছালো হয়ে যেতে বাধ্য।,3.3501251889993,,
ফিটিং পোশাক পরলে ঘামে শরীরে কাপড় লেগে থাকে,লাগানো কাপড় পরলে ঘাম শরীরে লেগে থাকে।,ফিটিং জামা পরলে ঘামের কারণে শরীরে কাপড় আটকে যায়।,4.714581176999673,,
মানুষ তার সততা সৎকর্ম ও অটল আল্লাহপ্রীতির মাধ্যমে উল্লিখিত বদগুণ থেকে নিজেকে দূরে রেখে এ জীবনেই পরম সুখ ও প্রশান্তি লাভ করতে পারে,মানুষ তার সৎ সৎকর্ম ও ভগবানের প্রতি অটল ভালোবাসার মাধ্যমে উল্লেখিত কুফল থেকে নিজেকে দূরে রেখে এই জীবনে পরম সুখ ও শান্তি লাভ করতে পারে।,"সততা, সৎকর্ম ও অটল আল্লাহপ্রীতি দ্বারা মানুষ বর্ণিত কুপ্রবৃত",2.901850743000068,,
ভালো মানুষ বলেই তিনি করোনাক্রান্তিকালে রোগীদের অসহায়ত্বের  কথা ভেবে তার চেম্বার খোলা রেখেছিলেন,ভালো মানুষ হওয়ায় করোনা সংকটের সময় রোগীদের অসহায়ত্বের কথা চিন্তা করে চেম্বার খোলা রাখতেন।,করোনা মহামারির সময় রোগীদের অসহায় অবস্থা বিবেচনা করে তিনি একজন ভালো মানুষ হওয়ায় তাঁর চেম্বার খোলা রেখেছিলেন।,4.565776894999544,,
 এই রোগে হাড়ের ঘনত্ব ও শক্তি অনেকটাই কমে যায়,এ রোগে হাড়ের ঘনত্ব ও শক্তি অনেক কমে যায়।,এই অসুখে অস্থির ঘনত্ব ও শক্তি ব্যাপকভাবে হ্রাস পায়।,0.8296336200000951,,
ফলে রক্তনালির ওপর বাড়তি চাপ পড়ে না,ফলে রক্তনালিতে বাড়তি চাপ পড়ে না।,সুতরাং রক্তনালিগুলোর ওপর কোনো অত,2.903358796000248,,
তবে রক্তদানের এ উপকারগুলো আসলে তারাই পাবেন যারা নিয়মিত রক্তদান করেন,তবে যারা নিয়মিত রক্ত ​​দেন তারা রক্তদানের এই সুবিধাগুলো পাবেন।,কিন্তু রক্তদানের এই সুবিধাগুলো প্রকৃতপক্ষে কেবলমাত্র তারাই লাভ করেন যারা নিয়মিত রক্ত দান করেন।,43.878945071999624,,
আমাদের খাবারের মধ্যে দুই ধরনের চর্বি আছে,আমাদের খাবারে দুই ধরনের চর্বি থাকে।,আমাদের খাবারে দুই প্রকারের চর্বি বিদ্যমান।,1.066088686000512,,
ওই ব্যক্তিও চীনা নাগরিক বলে জানা গেছে,ওই ব্যক্তি চীনের নাগরিক বলেও জানা গেছে।,"জানা গেছে, ওই ব্যক্তিও চীনের নাগরিক।",3.3657039060008174,,
আর গেলেও হাসপাতালে ভর্তি করার দরকার হয় না,হাসপাতালে ভর্তি হতে হবে না।,আবার গেলেও হাসপাতালে ভর্তি হওয়ার প্রয়োজন নেই।,3.2088643219994992,,
সব হাসপাতালে ডেঙ্গি কর্ণার হবে,সব হাসপাতালেই থাকবে ডেঙ্গু কর্নার।,প্রত্যেক হাসপাতালেই ডেঙ্গি কর্ণার থাকবে।,3.127774875999421,,
লেখক অধ্যাপক মেডিসিন বিভাগ বারডেম হাসপাতাল ঢাকা,"লেখক অধ্যাপক, মেডিসিন বিভাগ, বারডেম হাসপাতাল, ঢাকা।",বারডেম হাসপাতালের মেডিসিন বিভাগের অধ্যাপক ও লেখক ঢাকায় অবস্থিত।,1.7936503219998485,,
ঘটনা এতটুকু থাকলে তো ভালোই হত অনেক দেশের জন্য,ঘটনা এতটা হলে অনেক দেশের জন্যই ভালো হতো।,"ঘটনা যদি এতটুকুর মধ্যে সীমাবদ্ধ থাকত, তাহলে অনেক দেশের জন্যই ভালো হত।",9.351361183000336,,
চিকিৎসক তাদের এক্সরে এমআরআইসহ বিভিন্ন ডায়াগনসিস করাতে বলতে পারেন,ডাক্তার তাদের এক্স-রে এমআরআই সহ বিভিন্ন রোগ নির্ণয় করতে বলতে পারেন।,"চিকিৎসকরা তাদের এক্সরে, এমআরআইসহ নানা ধরনের পরীক্ষা-নিরীক্ষা করানোর পরামর্শ দিতে পারেন।",4.799663853000311,,
মন্ত্রী জানান সারা দেশের ৩৭টি সরকারি মেডিকেল কলেজে এবার শিক্ষার্থী ভর্তির জন্য আসন আছে ৪ হাজার ৩৫০টি,"মন্ত্রী বলেন, সারাদেশে ৩৭টি সরকারি মেডিকেল কলেজে শিক্ষার্থী ভর্তির আসন রয়েছে ৪ হাজার ৩৫০টি।","মন্ত্রী বলেছেন, দেশের ৩৭টি সরকারি মেডিকেল কলেজে এবার শিক্ষার্থী ভর্তির জন্য ৪ হাজার ৩৫০টি আসন রয়েছে।",1.5459274889999506,,
 ওষুধ ব্যথানাশক ও স্টেরয়েড জাতীয় ওষুধ বিশেষভাবে উল্লেখযোগ্য,ব্যথানাশক ও স্টেরয়েডের জন্য ওষুধ বিশেষভাবে উল্লেখযোগ্য।,ব্যথানাশক ও স্টেরয়েড শ্রেণির ওষুধগুলো বিশেষভাবে গুরুত্বপূর্ণ।,3.1226494299999104,,
গতানুগতিক ইচ্ছার বাইরে নিজেদের আনন্দকে সীমাবদ্ধ রাখতে হবে নিজ বাড়ির সীমানায়,"প্রচলিত আকাঙ্ক্ষার বাইরে, একজনকে অবশ্যই তার আনন্দকে তার বাড়ির সীমানায় সীমাবদ্ধ করতে হবে।",নিজেদের বাড়ির সীমানার মধ্যে গতানুগতিক ইচ্ছার বাইরে নিজেদের আনন্দকে সীমিত রাখতে হবে।,4.511388762000024,,
এর বাইরে কোনও ব্যায়াম করতে চাইলে কার্ডিওলজিস্টের পরামর্শ মতো ট্রেডমিল টেস্ট করে নিন ও তার পরামর্শ মেনে চলুন,আপনি যদি অন্য কোন ব্যায়াম করতে চান তবে আপনার কার্ডিওলজিস্টের পরামর্শ অনুযায়ী একটি ট্রেডমিল পরীক্ষা করুন এবং তার পরামর্শ অনুসরণ করুন।,"কার্ডিওলজিস্টের পরামর্শ অনুযায়ী ট্রেডমিল টেস্ট করিয়ে নিন এবং তার নির্দেশনা মেনে চলুন, যদি এর বাইরে কোনো ব্যায়াম করতে চান।",1.305096744000366,,
প্রয়োজনীয় খাদ্য উপাদান ছাড়া এসব খাবার আমরা হয়তো অজ্ঞতাবশতই খাই,প্রয়োজনীয় পুষ্টি ছাড়াই আমরা অজ্ঞতাবশত এই খাবারগুলো খেতে পারি।,"আমরা হয়তো না জেনেই এইসব খাবার খেয়ে ফেলি, যাতে প্রয়োজনীয় পুষ্টি উপাদান নেই।",1.3231895669996447,,
" লেবুর রস- ২চা-চামচ, গোলমরিচ- ১ চিমটে, দারচিনির গুঁড়া-১ চিমটে, বরফ কুচি","লেবুর রস- 2 চা চামচ, গোলমরিচ- 1 চিমটি, দারুচিনি গুঁড়া- 1 চিমটি, বরফ গুঁড়ো।","লেবুর রস দুই চা চামচ, এক চিমটি গোলমরিচ, এক চিমটি দারুচিনি গুঁড়ো এবং বরফ কুচি।",3.4619344550001188,,
কারণ তাঁর মা ও শাশুড়ি কেউই ঢাকায় থাকেন না,কারণ তার মা বা শাশুড়ি কেউই ঢাকায় থাকেন না,তাঁর মা এবং শাশুড়ি কেউই ঢাকায় বাস করেন না বলেই এমনটা।,1.6418045830005212,,
কোভিড১৯ পজিটিভ রোগী বিভিন্ন হাসপাতাল ঘুরলে তিনি অনেকজনকে এ রোগ ছড়িয়ে দেবেন,"যদি একজন কোভিড-১৯ পজিটিভ রোগী বিভিন্ন হাসপাতালে যান, তবে তিনি অনেকের মধ্যে রোগটি ছড়িয়ে দেবেন।",কোভিড-১৯ আক্রান্ত ব্যক্তি একাধিক হাসপাতালে ঘোরাঘুরি করলে তিনি বহু মানুষের মধ্যে সংক্রমণ ছড়িয়ে দিতে পারেন।,3.1290102700004354,,
যেমন এক গ্লাস শরবত দুইটা খেজুর ডালচাল ও সবজির তৈরি খিচুড়ি এবং ফলের সালাদ,"যেমন এক গ্লাস শরবত, দুই খেজুরের সঙ্গে ডালচাল ও সবজি খিচুড়ি এবং ফলের সালাদ।","যেমন এক গ্লাস শরবত, দুইটি খেজুর, ডাল, চাল ও সবজি দিয়ে বানানো খিচুড়ি এবং ফলের সালাদ",50.00083390000054,,
লেখক  চিফ নিউট্রিশন অফিসার ও বিভাগীয় প্রধান অব বারডেম,লেখক বারডেমের প্রধান পুষ্টি কর্মকর্তা এবং বিভাগীয় প্রধান।,বারডেমের বিভাগীয় প্রধান ও প্রধান পুষ্টি কর্মকর্তা হিসেবে দায়িত্ব পালন করছেন লেখক।,2.954416964000302,,
এসব নির্মম তথ্যগুলো ডায়াবেটিস রোগীর মানসিক চাপ বৃদ্ধির অমোঘ কারণ হিসেবে কাজ করছে,এই নিষ্ঠুর তথ্যগুলো ডায়াবেটিস রোগীদের মানসিক চাপ বৃদ্ধির এক অবর্ণনীয় কারণ হিসেবে কাজ করছে।,এই নিষ্ঠুর তথ্যগুলো ডায়াবেটিস রোগীর মানসিক চাপ বাড়ানোর একটি অনিবার্য কারণ হয়ে দাঁড়িয়েছে।,1.4505574260001595,,
আর হার্টঅ্যাটাকের কোনো ধরনের লক্ষণ দেখা দিলে তা নিয়ে দ্রুতই চিকিৎসকের সঙ্গে পরামর্শ করা উচিত,আর হার্ট অ্যাটাকের কোনো ধরনের উপসর্গ দেখা দিলে সঙ্গে সঙ্গে চিকিৎসকের পরামর্শ নেওয়া উচিত।,হার্টঅ্যাটাকের যেকোনো লক্ষণ দেখা দিলে দ্রুত চিকিৎসকের সঙ্গে পরামর্শ করা জরুরি।,1.9100397989996054,,
এই রকম পরিস্থিতিতে প্রথমেই যা করা দরকার তা হলো রোগীর শরীর ঠান্ডা করা এবং খোলা বা ফাঁকা স্থানে নিয়ে যাওয়া,এ ধরনের পরিস্থিতিতে প্রথমেই করণীয় হলো রোগীকে ঠান্ডা করা এবং তাকে খোলা বা খালি জায়গায় নিয়ে যাওয়া।,এমন পরিস্থিতিতে প্রথম করণীয় হলো রোগীর শরীর ঠান্ডা করা এবং তাকে খোলামেলা জায়গায় সরিয়ে নেওয়া।,3.867822093000541,,
এতে শরীরে আয়রন ক্যালসিয়াম জিঙ্কের শোষণ করার ক্ষমতা কমিয়ে দেয়,"এতে শরীরের আয়রন, ক্যালসিয়াম ও জিঙ্ক শোষণের ক্ষমতা কমে যায়।","এটি শরীরে আয়রন, ক্যালসিয়াম ও জিঙ্ক শোষণের ক্ষমতা হ্রাস করে।",0.9353439520000393,,
দৃষ্টি ক্ষতিগ্রস্ত হয়ে যাওয়ার পর কিন্তু পুষ্টিকর খাবার খেয়ে সেই ক্ষতি পূরণ করা সম্ভব নয়,একবার দৃষ্টিশক্তি নষ্ট হয়ে গেলে পুষ্টিকর খাবার খেয়ে ক্ষতি পূরণ করা সম্ভব নয়।,ক্ষতিগ্রস্ত দৃষ্টি পুষ্টিকর খাবার খেলে আর ঠিক হয় না।,1.9617019699999219,,
সবচেয়ে বেশি মৃত্যুর তালিকায় দ্বিতীয় স্থানে রয়েছে স্ট্রোক,স্ট্রোক মৃত্যুর দ্বিতীয় প্রধান কারণ।,স্ট্রোক মৃত্যুর তালিকায় দ্বিতীয় অবস্থানে রয়েছে।,2.2625221049993343,,
এ ছাড়া সার হিসেবেও ব্যবহার করতে পারেন,এছাড়া এটি সার হিসেবেও ব্যবহার করা যায়,এছাড়াও এটি সার হিসেবেও ব্যবহার করা সম্ভব।,1.7483580819998679,,
 এ কারণে পরিমিত পরিমাণে গ্রহণ করতে হবে,"অতএব, এটি পরিমিতভাবে গ্রহণ করা উচিত।",তাই এটি সীমিত পরিমাণে গ্রহণ করা প্রয়োজন।,3.653410781000275,,
সোনালি দুধ বা হলুদ মেশানো দুধ থাইরয়েডের সমস্যা দূর করতে দারুণ কাজ দেয়,সোনালি দুধ বা হলুদের সাথে দুধ মেশানো থাইরয়েডের সমস্যা দূর করতে দারুণ কাজ করে।,থাইরয়েডের সমস্যা সমাধানে সোনালি দুধ বা হলুদ মেশানো দুধ খুবই কার্যকরী।,0.6342444040001283,,
কেননা শীত শুরু হতেই বাত রোগীদের ব্যথাযন্ত্রণা বাড়তে শুরু করে,কারণ শীত শুরু হলেই বাতের রোগীদের ব্যথা বাড়তে শুরু করে।,শীত শুরু হওয়ার সাথে সাথেই বাতের রোগীদের ব্যথা বেড়ে যায়।,0.8099352379995253,,
যাদের প্রাথমিক চিকিৎসা দিয়ে ছেড়ে দেওয়া হচ্ছে,যাদের প্রাথমিক চিকিৎসা দিয়ে ছেড়ে দেওয়া হয়েছে।,প্রাথমিক চিকিৎসা পেয়ে যাদের ছেড়ে দেওয়া হচ্ছে।,5.627133398000296,,
কোরমা মুরগির হালকা মসলার রান্না খাবারে নতুনত্ব আনতে পারে,মুরগির কোরমার হালকা মশলা রান্না খাবারে সতেজতা আনতে পারে।,মুরগির কোরমা হালকা মসলায় রান্না করলে খাবারে বৈচিত্র্য আসতে পারে।,2.1590883970002324,,
 বিট ভিটামিন এবং খনিজগুলোর পাশাপাশি ভেষজ ঔষধি বৈশিষ্ট্যযুক্ত,বিটে ভিটামিন ও খনিজ উপাদানের পাশাপাশি ভেষজ গুণাগুণ রয়েছে।,ভিটামিন ও খনিজের পাশাপাশি ভেষজ উপাদানেও রয়েছে ঔষধি গুণ।,1.8263723999998547,,
সর্দি কাশি গলাব্যথা টনসিল ফুলে যাওয়া মাথাব্যথা নাক বন্ধ বা নাক দিয়ে পানি ঝরা ইত্যাদি বিরক্তিকর উপসর্গ দেখা দেয়,বিরক্তিকর উপসর্গ যেমন সর্দি কাশি গলা ব্যথা টনসিল ফুলে যাওয়া মাথাব্যথা ঠাসা বা নাক দিয়ে পানি পড়া।,"সর্দি, কাশি, গলাব্যথা, টনসিল ফোলা, মাথাব্যথা, নাক বন্ধ হওয়া বা নাক দিয়ে পানি পড়া—এসব বিরক্তিকর লক্ষণ দেখা দেয়।",8.962841067999761,,
কারণ হাইপো হলে যেটা হয় বাচ্চা ও মা দুইজনেরই মারাত্মক অবস্থা হয়,কারণ হাইপো দেখা দিলে শিশু ও মা উভয়ের অবস্থাই গুরুতর।,হাইপো অবস্থায় মা ও শিশু উভয়েরই জীবনসঙ্কট দেখা দেয়।,2.631134410999948,,
এ জন্য তাদের দরকার বাড়তি যত্ন,এ জন্য তাদের বাড়তি যত্ন প্রয়োজন।,তাই তাদের অতিরিক্ত যত্নের প্রয়োজন।,0.4518159890003517,,
একজন ক্লিনিক্যাল ডায়েটেশিয়ানের পরামর্শ নেয়া একান্ত জরুরি,একজন ক্লিনিক্যাল ডায়েটিশিয়ানের সাথে পরামর্শ করা খুবই গুরুত্বপূর্ণ।,একজন ক্লিনিক্যাল ডায়েটেশিয়ানের সঙ্গে পরামর্শ করা অত্যন্ত প্রয়োজনীয়।,1.8119585049998932,,
এর কারণে জিহ্বা খুব মসৃণ দেখা যেতে পারে,এর ফলে জিহ্বা খুব মসৃণ দেখাতে পারে।,এর ফলে জিহ্বা বেশ মসৃণ দেখাতে পারে।,0.6970348690001629,,
তবে ল্যাকটোজে অ্যালার্জি রয়েছে অনেক বাচ্চার,তবে অনেক শিশুর ল্যাকটোজ থেকে অ্যালার্জি থাকে।,"অনেক শিশুরই ল্যাকটোজে অ্যালার্জি আছে, তবে।",3.619630486999995,,
শরীরে কোলেস্টেরলের মাত্রা বেশি বেড়ে যাওয়ার প্রধান কারণ অতিমাত্রায় ভাত রুটি চিনি কোল্ড ড্রিংক আইসক্রিম খাওয়াসহ অনিয়ন্ত্রিত জীবনযাপন করা,"শরীরে কোলেস্টেরলের মাত্রা বেশি হওয়ার প্রধান কারণ হলো ভাত, রুটি, চিনি, কোল্ড ড্রিংকস, আইসক্রিম অতিরিক্ত খাওয়া সহ একটি অনিয়ন্ত্রিত জীবনধারা।","অতিরিক্ত ভাত, রুটি, চিনি, কোল্ড ড্রিংক ও আইসক্রিম খাওয়া এবং অনিয়ন্ত্রিত জীবনযাত্রার কারণেই শরীরে কোলেস্টেরলের মাত্রা বেড়ে যায়।",6.560627447000115,,
আচারের মতো খাবারে বিদ্যমান প্রোবায়োটিক ও এনজাইমকে পেঁপেতে বিদ্যমান এনজাইম ভেঙে দেয়,পেঁপেতে উপস্থিত এনজাইমগুলি আচারের মতো খাবারে উপস্থিত প্রোবায়োটিক এবং এনজাইমগুলিকে ভেঙে দেয়।,পেঁপেতে থাকা এনজাইমগুলি আচারের মতো খাবারে উপস্থিত প্রোবায়োটিক ও এনজাইমকে ভেঙে ফেলে।,4.4016508510003405,,
শুধু শারীরিক বর্ধন নয় বুদ্ধিবৃত্তিক গঠন এবং রক্ত বর্ধনেও এটি ভূমিকা রাখে,"এটি শুধুমাত্র শারীরিক বৃদ্ধিতে নয়, বুদ্ধিবৃত্তিক গঠন এবং রক্ত ​​বৃদ্ধিতেও ভূমিকা রাখে।","এটি শুধু শারীরিক বৃদ্ধি নয়, বুদ্ধিবৃত্তিক গঠন ও রক্ত উৎপাদনেও গুরুত্বপূর্ণ ভূমিকা পালন করে।",15.161896796000292,,
দেশে অনিবন্ধিত হাসপাতাল ক্লিনিক ও ডায়াগনস্টিক সেন্টারগুলোকে ছাড় দেওয়ার সুযোগ নেই বলে জানিয়েছেন স্বাস্থ্য অধিদপ্তরের অতিরিক্ত মহাপরিচালক এডিজি অধ্যাপক ডা আহমেদুল কবীর,"স্বাস্থ্য অধিদপ্তরের অতিরিক্ত মহাপরিচালক অধ্যাপক ডাঃ আহমদুল কবির বলেন, দেশে অনিবন্ধিত হাসপাতাল ক্লিনিক ও ডায়াগনস্টিক সেন্টারগুলোকে ছাড় দেওয়ার সুযোগ নেই।","দেশের অনিবন্ধিত হাসপাতাল, ক্লিনিক ও ডায়াগনস্টিক সেন্টারগুলোর জন্য কোনো ছাড়ের সুযোগ নেই বলে জানিয়েছেন স্বাস্থ্য অধিদপ্তরের অতিরিক্ত মহাপরিচালক অধ্যাপক ডা. আহমেদুল কবীর।",1.6208091529997546,,
কিডনির কাজ হলো বর্জ্য নিষ্কাশন করা,কিডনির কাজ বর্জ্য অপসারণ করা।,কিডনি শরীর থেকে বর্জ্য পদার্থ অপসারণের কাজ করে।,3.405959515000177,,
তা ছাড়া এর আছে অ্যান্টিভাইরাল গুণ যা ভাইরাল ইনফেকশন প্রতিহত করে,তা ছাড়া এতে রয়েছে অ্যান্টিভাইরাল বৈশিষ্ট্য যা ভাইরাল সংক্রমণ প্রতিরোধ করে।,এছাড়া এতে ভাইরাসরোধী গুণ আছে যা ভাইরাল সংক্রমণ প্রতিরোধ করে।,3.3099595869998666,,
১ জীবিকার তাগিদে নারীদের তুলনায় পুরুষরা ঘরে থেকে বেশি বের হন,1 পুরুষরা জীবিকা অর্জনের জন্য মহিলাদের চেয়ে বেশি বাড়ি ছেড়ে চলে যায়।,নারীদের চেয়ে পুরুষরা জীবিকার প্রয়োজনে বেশি ঘরের বাইরে যান।,8.403663848999713,,
 টিকা দেওয়ার জায়গায় টিকা নেওয়ার পরবর্তী ৪৮ ঘণ্টা ঘষামাজা করবেন না চাপ দিবেন না ঠান্ডা বা গরম স্যাক দিবেন না,"টিকা দেওয়ার পর 48 ঘন্টার জন্য ভ্যাকসিনেশন সাইটে ঘষবেন না, ঠান্ডা বা গরম প্যাক লাগান।","টিকা নেওয়ার পর ৪৮ ঘণ্টা পর্যন্ত টিকার স্থানে ঘষা, চাপ, বা ঠান্ডা-গরম সেক দেওয়া থেকে বিরত থাকুন।",2.8072770819999278,,
তরমুজ পেট ঠান্ডা রাখার জন্য দইয়ের বদলে বেছে নিতে পারেন তরমুজ,তরমুজ: পেট ঠান্ডা রাখতে দইয়ের বদলে বেছে নিতে পারেন তরমুজ।,পেট ঠান্ডা রাখতে দইয়ের বদলে তরমুজ বেছে নেওয়া যায়।,5.947855684999922,,
ফ্যাটি লিভারের একপর্যায়ে শুরু হওয়া লিভারের প্রদাহকে ন্যাশ বলা হয়,লিভারের প্রদাহ যা ফ্যাটি লিভারের পর্যায় থেকে শুরু হয় তাকে NASH বলা হয়।,"ফ্যাটি লিভারের একটি নির্দিষ্ট ধাপে লিভারে যে প্রদাহ দেখা দেয়, তাকে ন্যাশ বলে চিহ্নিত করা হয়।",3.027279068000098,,
 তারা যদি মনে করে রোগীটা বেশি খারাপ পরিস্থিতির মধ্য দিয়ে যাচ্ছে তাকে আমাদের কাস্টমার নাম্বারে ফোন করে সমস্যা শেয়ার করতে পারে,"যদি তারা মনে করে যে রোগী আরও খারাপ পরিস্থিতির মধ্য দিয়ে যাচ্ছে, তারা আমাদের গ্রাহক নম্বরে কল করে সমস্যাটি শেয়ার করতে পারে।","যদি তাদের ধারণা হয় যে রোগীটি আরও কঠিন অবস্থার মধ্যে রয়েছে, তাহলে সে আমাদের গ্রাহক সেবা নম্বরে ফোন করে সমস্যাটি জানাতে পারে।",92.43970706899927,,
 অনেকক্ষেত্রে মলদ্বারে ছোট্ট ছিদ্র হয়ে ফিস্টুলা হয় যেখান থেকে পুঁজপানি বের হয় সেই ছিদ্রপথও অনেক ক্ষেত্রে চুলকায়,অনেক ক্ষেত্রে ফিস্টুলা হল মলদ্বারের একটি ছোট ছিদ্র যেখান থেকে পুঁজ বের হয়। প্যাসেজটিও অনেক ক্ষেত্রে চুলকায়।,"মলদ্বারে ছোট ছিদ্রের কারণে ফিস্টুলা হয়, যেখান থেকে পুঁজ ও পানি নির্গত হয় এবং সেই ছিদ্রপথ প্রায়ই চুলকায়।",13.983468045000336,,
অধিকাংশ ক্ষেত্রে কিডনি হার্ট চোখ কান ত্বক স্নায়ুতন্ত্র অস্থিসন্ধি এবং প্রজননতন্ত্রের স্বাভাবিক কার্যক্ষমতা ব্যাহত করে থাকে,"বেশিরভাগ ক্ষেত্রে কিডনি, হৃদপিন্ড, চোখ, কান, ত্বক, স্নায়ুতন্ত্র, জয়েন্ট এবং প্রজনন ব্যবস্থা ক্ষতিগ্রস্ত হয়।","বেশিরভাগ সময়ই কিডনি, হৃদপিণ",16.1130358850005,,
প্রয়োজনে একই রূপে ভিন্ন ব্যাধির সম্ভাবনা দূরীকণকল্পে অভিজ্ঞ চিকিৎসকের পরামর্শ মোতাবেক নানা ল্যাবরেটরিতে পরীক্ষার প্রয়োজন হতে পারে,প্রয়োজনে একই ফর্মে বিভিন্ন রোগের সম্ভাবনা নাকচ করার জন্য অভিজ্ঞ চিকিৎসকের পরামর্শ অনুযায়ী বিভিন্ন পরীক্ষাগার পরীক্ষার প্রয়োজন হতে পারে।,প্রয়োজন অনুযায়ী একই লক্ষণে ভিন্ন রোগের আশঙ্কা দূর করতে পারদর্শী ডাক্তারের নির্দেশ অনুসারে বিভিন্ন ল্যাবরেটরিতে পরীক্ষা করা প্রয়োজন হতে পারে।,2.088657766000324,,
পেশাগত মানোন্নয়নের লক্ষ্যে প্রায় তিন হাজার নার্সকে ফাউন্ডেশন প্রশিক্ষণ এবং ৮০০ নার্স ও মিডওয়াইফকে ইনফেকশন প্রিভেনশন অ্যান্ড কন্ট্রোল এর প্রশিক্ষণ দেওয়া হয়,"প্রায় 3,000 নার্সকে ফাউন্ডেশন প্রশিক্ষণে প্রশিক্ষণ দেওয়া হয়েছিল এবং পেশাদার বিকাশের জন্য 800 জন নার্স ও মিডওয়াইফদের সংক্রমণ প্রতিরোধ ও নিয়ন্ত্রণে প্রশিক্ষণ দেওয়া হয়েছিল।",,8.14826316700055,request_error:'NoneType' object has no attribute 'strip',
উপকরণ চিকেন বোনলেস ২০০ গ্রাম গোলমরিচগুঁড়ো আধচা চামচ নুন স্বাদ মতো শুকনা মরিচ গুঁড়ো  ১ চাচামচ কাচামরিচ ২ টি আদা রসুন বাটা ২ চামচ হলুদ গুঁড়ো ১৪ চাচামচ পিৎজা চিজ গ্রেটেড ৫০ গ্রাম সাদা তেল ভাজার জন্য,উপকরণ মুরগির হাড়বিহীন 200 গ্রাম মরিচের গুঁড়া 12 চা চামচ লবণ স্বাদমতো শুকনো মরিচের গুঁড়া 12 চা চামচ গোল মরিচ 2 লবঙ্গ আদা রসুনের পেস্ট 2 চা চামচ হলুদের গুঁড়া 14 চা চামচ পিজা চিজ গ্রেট করা 50 গ্রাম সাদা তেল ভাজার জন্য,"উপকরণ: হাড়বিহীন মুরগি ২০০ গ্রাম, গোলমরিচ গুঁড়ো আধা চা চামচ, লবণ স্বাদমতো, শুকনো মরিচ গুঁড়ো ১ চা চামচ, কাঁচামরিচ ২টি, আদা-রসুন বাটা ২ চা চামচ, হলুদ গুঁড়ো ১/৪ চা চামচ, পিৎজা চিজ গ্রেটেড ৫০ গ্রাম, সাদা তেল ভাজার জন্য।",4.913942504999795,,
 শিশুর কোনো অ্যলার্জি আছে কিনা,শিশুর কি কোন এলার্জি আছে?,শিশুটির কোনো অ্যালার্জি রয়েছে কি না,0.6826087690005807,,
বি ভিটামিন যেমন বি৬ বি৯ ও বি১২ হোমোসিস্টাইনের মাত্রা নিয়ন্ত্রণে সাহায্য করে যা কার্ডিওভাস্কুলার রোগের সিভিডি ঝুঁকি কমায়,"বি ভিটামিন যেমন B6, B9 এবং B12 হোমোসিস্টাইনের মাত্রা নিয়ন্ত্রণে সাহায্য করে, যা কার্ডিওভাসকুলার রোগের (সিভিডি) ঝুঁকি কমায়।","বি৬, বি৯ ও বি১২-এর মতো বি",4.395022704999974,,
অনেক মানুষই কাউন্সেলিং সহায়তা এবং সাইকোথেরাপি নেওয়ার মাধ্যমে সুস্থ জীবনে ফিরে আসেন,অনেকে কাউন্সেলিং এবং সাইকোথেরাপির মাধ্যমে সুস্থ জীবনে ফিরে আসেন।,কাউন্সেলিং ও সাইকোথেরাপির সহায়তা নিয়ে অনেকেই পুনরায় সুস্থ জীবনে ফিরে আসেন।,4.290009335999457,,
একটি হলো ফান্ডাস ফ্লোরেসেন্স এনজিওগ্রাম বা চোখের এনজিওগ্রাম এবং দ্বিতীয়টি  হলো ওসিটি মেকুলা,একটি হল ফান্ডাস ফ্লুরোসেন্স এনজিওগ্রাম বা চোখের এনজিওগ্রাম এবং দ্বিতীয়টি হল ওসিটি ম্যাকুলা।,"প্রথমটি হলো ফান্ডাস ফ্লোরেসেন্স এনজিওগ্রাফি বা চোখের এনজিওগ্রাম, আর দ্বিতীয়টি হলো ও",3.621108211000319,,
এজন্য কাঠামোগত যত নিখুঁত নকশা প্রয়োজন তা যুক্ত করেছেন গবেষকরা,"এর জন্য, গবেষকরা যোগ করেছেন যে কাঠামোগত নিখুঁত নকশা প্রয়োজন।",গবেষকরা এজন্য ঠিক ততটাই নিখুঁত কাঠামোগত নকশা যুক্ত করেছেন যতটা প্রয়োজন।,2.1656426899999133,,
এডিস মশা মূলত দিনের বেলা সূর্যোদয়ের পরপর ও সূর্যাস্তের পূর্বে কামড়ায়,এডিস মশা প্রধানত দিনের বেলায় সূর্যোদয়ের পর এবং সূর্যাস্তের আগে কামড়ায়।,এডিস মশা সাধারণত দিনের বেলায় সূর্যোদয়ের ঠিক পর ও সূর্যাস্তের আগে কামড়ায়।,5.729346264999549,,
সাধারণত টনসিল একটু বড় হয়ে গেলে সেটা নিয়ে চিন্তিত হওয়ার কারণ নেই কিন্তু যদি সে কারণে বাচ্চার খাবার খেতেখাবার গিলতে কষ্ট হয় মুখ দিয়ে লালা বের হয় গলা ব্যথার সঙ্গে ঘনঘন জ্বর হয় রাতে ঘুমের ভেতর শ্বাস নিতে সমস্যা হয় তাহলে এটা বাচ্চার অনেক ক্ষতি করতে পারে,"সাধারণত টনসিল সামান্য বড় হলে চিন্তার কোনো কারণ নেই, তবে শিশুর যদি খাবার গিলতে অসুবিধা হয়, মুখ থেকে লালা বের হয়, গলা ব্যথার সঙ্গে ঘন ঘন জ্বর হয়, রাতে ঘুমানোর সময় শ্বাস নিতে কষ্ট হয়, তাহলে তা অনেকটাই হতে পারে। সন্তানের ক্ষতি।","সাধারণত টনসিল কিছুটা বড় হয়ে গেলে উদ্বিগ্ন হওয়ার প্রয়োজন নেই, তবে যদি এর ফলে শিশুর খাবার খেতে বা গিলতে অসুবিধা হয়, মুখ দিয়ে লালা ঝরে, গলা ব্যথার পাশাপাশি বারবার জ্বর আসে, রাতে ঘুমের সময় শ্বাস নিতে সমস্যা হয়, তাহলে এটি শিশুর জন্য মারাত্মক ক্ষতিকর হতে পারে।",2.7532564339999226,,
এ কারণেই ঠোঁট শুষ্ক হয়ে যায়,এ কারণে ঠোঁট শুষ্ক হয়ে যায়।,এই কারণেই ঠোঁট শুকিয়ে যায়।,2.4953160929999285,,
"চোখের সামনে কারও এমন সঙ্গে এমনটা ঘটলে তার চোখে-মুখে পানির ঝাপটা দিন, সঙ্গে এক গ্লাস পানি পানও করান",কারো চোখের সামনে এমন কিছু ঘটলে তাদের চোখে-মুখে পানি ছিটিয়ে এক গ্লাস পানি পান করান।,"কারো চোখের সামনে যদি এরকম কোনো ঘটনা ঘটে, তাহলে তার মুখে ও চোখে পানি ছিটিয়ে দিন এবং তাকে এক গ্লাস পানি পান করান।",45.67192017800062,,
 আইসিসি বা বেসিলোসিড অনুমোদিত হাসপাতাল জীবাণুনাশক ম্যানুফেকচারারের নির্দেশনা অনুযায়ী স্প্রে করতে হবে,একটি ICC বা Basilocid অনুমোদিত হাসপাতালের জীবাণুনাশক প্রস্তুতকারকের নির্দেশ অনুযায়ী স্প্রে করা উচিত।,হাসপাতালের জন্য আইসিসি বা বেসিলোসিড অনুমোদিত জীবাণুনাশক প্রস্তুতকারকের নির্দেশনা অনুসারে স্প্রে করতে হবে।,28.776401952000015,,
কোনোভাবেই কালক্ষেপণ করা যাবে না,এটা কোনোভাবেই বিলম্বিত করা যাবে না।,মোটেও সময় নষ্ট করা যাবে না।,1.3476026130001628,,
 সম্ভব হলে প্যাসেজওয়ের পাশের সিট বেছে নিন,"যদি সম্ভব হয়, একটি আইল সিট চয়ন করুন।","প্যাসেজের পাশের আসনটি বেছে নেওয়ার চেষ্টা করুন, যদি সম্ভব হয়।",3.0531196009997075,,
 তার পর মধু ও লেবু মিশিয়ে নিলেই তৈরি তুলসী চা,এরপর মধু ও লেবু মিশিয়ে তুলসী চা তৈরি করা হয়।,তুলসী চা বানাতে এরপর মধু ও লেবু মিশিয়ে দিলেই হয়।,34.732747478999954,,
  সবাইকে জুতা ও মোজা পরার অভ্যাস করতে হবে,প্রত্যেকেরই জুতা ও মোজা পরার অভ্যাস করা উচিত।,প্রত্যেকেরই জুতা ও মোজা পরার অভ্যাস গড়ে তোলা উচিত।,1.5533570550005606,,
নয়তো আপনার কষ্টের টাকা সঠিকভাবে খরচ নাও হতে পারে,"অন্যথায়, আপনার কষ্টার্জিত অর্থ সঠিকভাবে ব্যয় নাও হতে পারে।",নতুবা আপনার,3.5419126760007202,,
কারণ সিগারেট খাওয়ার দীর্ঘদিনের অভ্যাস ত্যাগ করলে অনেকেই তারপর হতাশায় ভোগেন,কারণ সিগারেট খাওয়ার দীর্ঘদিনের অভ্যাস ত্যাগ করার পর অনেকেই বিষণ্নতায় ভোগেন।,দীর্ঘদিন ধরে সিগারেট খাওয়ার অভ্যাস ত্যাগ করলে অনেকেই পরবর্তীতে হতাশায় ভোগেন।,9.04079542099953,,
এর সবচেয়ে ভালো এবং সহজ উপায় হলো আয়োডিনযুক্ত লবণ খাওয়া,সবচেয়ে ভালো এবং সহজ উপায় হল আয়োডিনযুক্ত লবণ খাওয়া।,আয়োডিনযুক্ত লবণ খাওয়াই এটির সবচেয়ে সহজ ও কার্যকর উপায়।,3.5900861479995,,
খাদ্য ব্যবস্থাপনা রোগিনীর দৈহিক ওজন কাঙ্ক্ষিত মাত্রায় পৌঁছাতে সাহায্য করবে বিপাকীয় প্রক্রিয়ার উন্নতি ঘটাবে যাতে করে ইনস্যুলিন রেজিস্ট্রেন্স কমে যাওয়ার সম্ভাবনা বৃদ্ধি পাবে,ডায়েটারি ম্যানেজমেন্ট রোগীকে কাঙ্খিত শরীরের ওজন অর্জন করতে এবং বিপাকীয় প্রক্রিয়াগুলিকে উন্নত করতে সাহায্য করবে যার ফলে ইনসুলিন প্রতিরোধের হ্রাসের সম্ভাবনা বৃদ্ধি পাবে।,"খাদ্য ব্যবস্থাপনা রোগীর শারীরিক ওজন কাঙ্ক্ষিত পর্যায়ে পৌঁছাতে সহায়তা করবে এবং বিপাকীয় প্রক্রিয়ার উন্নতি ঘটাবে, যার ফলে ইনসুলিন প্রতিরোধ ক্ষমতা কমে যাওয়ার সম্ভাবনা বাড়বে।",11.369051825000497,,
তাই যাদের ফ্যাটি লিভার আছে তাদের উচিত রোগটি সম্পর্কে জানা এবং চিকিৎসা নেওয়া,ফ্যাটি লিভারে আক্রান্ত ব্যক্তিদের রোগ সম্পর্কে জেনে চিকিৎসা নেওয়া উচিত।,ফ্যাটি লিভার থাকলে রোগটি সম্পর্কে সচেতন হওয়া এবং চিকিৎসা করানো জরুরি।,0.6682277959998828,,
তাই যত খারাপই লাগুক না কেন একটা নির্দিষ্ট নিয়ম মেনে ঘুমাতে যান এবং ঘুম থেকে উঠুন,তাই ঘুমাতে যান এবং একটি নির্দিষ্ট রুটিন নিয়ে জেগে উঠুন তা যতই খারাপ লাগুক না কেন।,"তাই যত কষ্টই হোক না কেন, একটি নির্দিষ্ট সময়সূচি মেনে ঘুমাতে যান এবং জেগে উঠুন।",2.5397501510005895,,
দইয়ের বদলে পেট ঠান্ডা রাখে যে খাবারতরমুজ পেট ঠান্ডা রাখার জন্য দইয়ের বদলে বেছে নিতে পারেন তরমুজ,দইয়ের বদলে পেট ঠাণ্ডা রাখে যেসব খাবার: তরমুজ পেট ঠাণ্ডা রাখতে দইয়ের বদলে তরমুজ বেছে নিতে পারেন।,পেট ঠান্ডা রাখতে দইয়ের পরিবর্তে তরমুজ খাওয়া যেতে পারে।,30.52185077000013,,
দক্ষিণ কোরিয়ায় মৃতের সংখ্যা ৪২,দক্ষিণ কোরিয়ায় মৃতের সংখ্যা ৪২।,দক্ষিণ কোরিয়ায় ৪২ জনের মৃত্যু হয়েছে।,2.503900335999788,,
মনে রাখবেন প্রাথমিক অবস্থায় চিকিৎসা নিলে যে কোনো জটিলতা এড়ানো খুব সহজ,মনে রাখবেন যে আপনি যদি প্রাথমিক পর্যায়ে চিকিত্সা চান তবে কোনও জটিলতা এড়ানো খুব সহজ।,প্রাথমিক পর্যায়ে চিকিৎসা করালে যেকোন জটিলতা সহজেই এড়ানো যায়।,7.648639915999411,,
 ৯ হাজারের বেশি রোগী চিকিৎসা নিয়ে বাড়ি ফিরেছেন,চিকিৎসা শেষে বাড়ি ফিরেছেন ৯ হাজারের বেশি রোগী।,৯ হাজারেরও বেশি রোগী চিকিৎসা শেষে বাড়ি ফিরে গেছেন।,9.850737266000579,,
কেননা সুস্বাস্থ্যের জন্য ঘুম খুবই জরুরি,কারণ সুস্বাস্থ্যের জন্য ঘুম খুবই গুরুত্বপূর্ণ।,সুস্থ থাকার জন্য ঘুম অত্যন্ত জরুরি।,1.6433600949994798,,
" কেউ কেউ জন্মান্ধ হয়ে পৃথিবীতে আসেন, কেউ কেউ আবার জন্মানোর পর নানা কারণে দৃষ্টিশক্তি হারান","কেউ জন্ম থেকে অন্ধ হয়ে পৃথিবীতে আসেন, কেউ আবার জন্মের পর নানা কারণে দৃষ্টিশক্তি হারান।","জন্মান্ধ অবস্থায় কেউ কেউ পৃথিবীতে আসে, আবার জন্মের পর নানা কারণে কেউ কেউ দৃষ্টিশক্তি হারিয়ে ফেলে।",3.0501698800007944,,
ওয়ার্ল্ড হেলথ অর্গানাইজেশন WHO দ্বারা চিহ্নিত আটটি অফিশিয়াল গ্লোবাল পাবলিক হেলথ ক্যাম্পেইনিংয়ের মধ্যে একটি হলো বিশ্ব রক্তদাতা দিবস,বিশ্ব রক্তদাতা দিবস WHO বিশ্ব স্বাস্থ্য সংস্থা দ্বারা চিহ্নিত আটটি সরকারী বিশ্বব্যাপী জনস্বাস্থ্য প্রচারের একটি।,বিশ্ব স্বাস্থ্য সংস্থা (WHO) কর্তৃক নির্ধারিত আটটি সরকারি বৈশ্বিক জনস্বাস্থ্য প্রচারণার একটি হলো বিশ্ব রক্তদাতা দিবস।,1.3039984039996853,,
ধীরে ধীরে এরা কানে কম শুনতে শুরু করে,ধীরে ধীরে তারা কম শুনতে শুরু করে।,এরা ধীরে ধীরে শ্রবণশক্তি হারাতে শুরু করে।,1.740064426000572,,
চাহিদামতো ওষুধ উৎপাদন বাধাগ্রস্ত হচ্ছে,চাহিদা অনুযায়ী ওষুধ উৎপাদন ব্যাহত হচ্ছে।,চাহিদা অনুযায়ী ওষুধ উৎপাদন ব্যাহত হচ্ছে।,2.5098998759995084,,
" কারণ, ঠান্ডায় এসব খাবারই বেশি খেতে মন চায়",কারণ ঠান্ডায় এই খাবারগুলো বেশি করে খেতে চান।,ঠান্ডা আবহাওয়ায় এই ধরনের খাবারই বেশি খেতে ইচ্ছে করে।,1.6167659780003305,,
কারণ এর প্রযুক্তি আমি আগেই ব্যবহার করেছি,কারণ আমি ইতিমধ্যে এর প্রযুক্তি ব্যবহার করেছি।,আমি এর প্রযুক্তি আগেই ব্যবহার করেছি।,6.030306889999338,,
যেমন পালং শাক মুসুর ডাল মটরশুঁটি চর্বিহীন মাংস হাঁসমুরগি মাছ,"যেমন পালং শাক, মসুর ডাল, মটরশুটি, চর্বিহীন মাংস, মুরগি, মাছ","উদাহরণস্বরূপ, পালং শাক, মুসুর ড",4.93903499299995,,
চট্রগ্রাম ছাড়া এ সময়ে আরো ১৩টি জেলায় অন্তত ৩০ জন বা তার বেশি সংখ্যাক মানুষ পানিতে ডুবে মারা যায়,চট্টগ্রাম ছাড়াও আরও ১৩টি জেলায় অন্তত ৩০ বা তার বেশি মানুষ পানিতে ডুবে মারা গেছে।,চট্টগ্রাম বাদে এই সময়ে আরও,7.283432333999372,,
বেশি রক্তবমি হলে দুর্বলতা অস্বস্তিবোধ শরীর ঠান্ডা হয়ে ঘেমে যাওয়া ধীরে ধীরে নেতিয়ে পড়া ভুলভাল বলতে শুরু করার মতো লক্ষণ দেখা যেতে পারে,"প্রচুর রক্ত ​​বমি হলে দুর্বলতা, অস্বস্তি, ঠান্ডা লাগা, ঘাম হওয়া এবং ধীরে ধীরে কমে যাওয়ার মতো উপসর্গ দেখা দিতে পারে।","অতিরিক্ত রক্তবমি করলে দুর্বলতা, অস্বস্তি, শরীর ঠান্ডা হয়ে ঘাম হওয়া, ধীরে ধীরে নেতিয়ে পড়া ও ভুল কথা বলার মতো লক্ষণ দেখা দিতে পারে।",3.381254130999878,,
যদি কমপক্ষে ছয় মাস ধরে এই মনোযোগহীনতা থাকে এবং এর কারণে পড়ালেখা বা দৈনন্দিন কাজে সমস্যা হয় মানুষের সঙ্গে সম্পর্ক নষ্ট হতে থাকে তখন তাকে এডিডি বলা যেতে পারে,"যদি এই অসাবধানতা কমপক্ষে ছয় মাস ধরে চলতে থাকে এবং পড়াশোনা বা দৈনন্দিন কাজকর্মে সমস্যা সৃষ্টি করে বা মানুষের সাথে সম্পর্ক নষ্ট করে, তবে তাকে ADD বলা যেতে পারে।","যদি অন্তত ছয় মাস ধরে এই অমনোযোগিতা বজায় থাকে এবং এর ফলে লেখাপড়া বা প্রতিদিনের কাজে বাধা সৃষ্টি হয়, মানুষের সাথে সম্পর্কের অবনতি ঘটতে থাকে, তাহলে সেটিকে এডিডি হিসেবে চিহ্নিত করা সম্ভব।",9.763040834999629,,
 যদি বমি করে ১০ মিনিট অপেক্ষা করে আবার স্যালাইন খাওয়াতে হবে,বমি হলে ১০ মিনিট অপেক্ষা করে আবার স্যালাইন দিন।,বমি করলে দশ মিনিট অপেক্ষা করে পুনরায় স্যালাইন খাওয়ানো উচিত।,12.79542511300042,,
চোখের পেছন দিকে থাকে স্ফেনয়েড সাইনাস,চোখের পিছনে রয়েছে স্ফেনয়েড সাইনাস।,স্ফেনয়েড সাইনাস চোখের পেছনে অবস্থিত।,13.47597407899957,,
দাম্পত্য সম্পর্ক স্ট্রেস হরমোন কমায় মানসিক প্রশান্তি দেয় হৃদস্পন্দন স্বাভাবিক রাখে এবং রক্তচাপ কমায় বা স্বাভাবিক রাখে ও হার্টঅ্যাটাকের ঝুঁকি কমায়,"বিয়ে স্ট্রেস হরমোন কমায়, মনকে শান্ত করে, হৃদস্পন্দন স্বাভাবিক করে এবং রক্তচাপ কমায় বা স্বাভাবিক করে এবং হার্ট অ্যাটাকের ঝুঁকি কমায়।","দাম্পত্য সম্পর্ক মানসিক চাপ হ্রাস করে, মনের শান্তি আনে, হৃদস্পন্দন নিয়ন্ত্রণে রাখে এবং রক্তচাপ কমায় বা স্বাভাবিক রাখে, পাশাপাশি হার্ট অ্যাটাকের সম্ভাবনাও কমায়।",3.3487658649992227,,
৫ শিশুদের গলাব্যথা জ্বর ও ত্বকে খোসপাঁচড়ার দ্রুত সঠিক চিকিৎসা করা উচিত,"5 শিশুদের মধ্যে গলা ব্যথা, জ্বর এবং ত্বকের ফুসকুড়ি অবিলম্বে এবং সঠিকভাবে চিকিত্সা করা উচিত।","শিশুদের গলাব্যথা, জ্বর ও ত্বকের খোসপাঁচড়ার দ্রুত ও সঠিক চিকিৎসা করা প্রয়োজন।",2.1475279939995744,,
মস্তিষ্কের অ্যানিউরিজমের ফলে সাবঅ্যারাকনয়েড হেমোরেজ বা রক্তক্ষরণ হতে পারে,মস্তিষ্কের অ্যানিউরিজমের কারণে সাবরাচনয়েড হেমোরেজ বা রক্তপাত হতে পারে।,মস্তিষ্কের অ্যানিউরিজমের কারণে সাবঅ্যারাকনয়েড হেমোরেজ বা রক্তক্ষরণ ঘটতে পারে।,3.8527590879994023,,
জেনেটিক অথবা বংশগত রোগ যেমন ডাউন সিনড্রোম,জেনেটিক বা বংশগত রোগ যেমন ডাউন সিনড্রোম,ডাউন সিনড্রোমের মতো জিনগত বা বংশগত রোগ,3.197797951999746,,
পারতপক্ষে রাত ১০টার পর আর জেগে থাকবেন না,হয়তো রাত ১০টার পর জেগে থাকবেন না।,রাত ১০টার পরে জেগে না থাকার চেষ্টা করুন।,0.7686245400000189,,
কারণ এতে ক্যারোটিন বেশি থাকে,কারণ এতে ক্যারোটিন বেশি থাকে।,এতে ক্যারোটিনের পরিমাণ বেশি থাকার কারণে।,0.5240252710000277,,
এ থেকে পরিত্রাণের উপায় জানাবেন,এটা থেকে পরিত্রাণ পেতে আমাকে বলুন.,এ থেকে বাঁচার পদ্ধতি বলুন।,1.7240379170007145,,
হালকা ব্যায়ামের মধ্যে জগিং ট্রেডমিল বা ইন্সট্রুমেন্টাল কিছু হালকা ব্যায়াম করা যেতে পারে,হালকা ব্যায়ামের মধ্যে জগিং ট্রেডমিল বা কিছু হালকা ইন্সট্রুমেন্টাল ব্যায়াম করা যেতে পারে।,"জগিং, ট্রেডমিল বা কিছু ইন্সট্রুমেন্টাল হালকা ব্যায়াম হালকা ব্যায়ামের তালিকায় করা সম্ভব।",4.353449139999611,,
খুব সকালে ঘুম থেকে ওঠার পর খালি পেটে অপারেশন করাই ভালো,সকালে ঘুম থেকে ওঠার পর খালি পেটে অপারেশন করা ভালো।,ভোরবেলা ঘুম থেকে উঠে খালি পেটে অপারেশন করা উত্তম।,3.6558093840003494,,
এ সমস্যার ট্রিটমেন্ট না করলে এবং দীর্ঘদিন চলতে থাকলে ব্যাকটেরিয়াল ভ্যাজাইনোসিস নামক সমস্যা হতে পারে,যদি এই সমস্যার চিকিৎসা না করা হয় এবং দীর্ঘ সময় ধরে চলতে থাকে তবে এটি ব্যাকটেরিয়াল ভ্যাজিনোসিস নামক সমস্যা সৃষ্টি করতে পারে।,এই সমস্যার চিকিৎসা না করালে এবং দীর্ঘদিন ধরে চলতে থাকলে ব্যাকটেরিয়াল ভ্যাজাইনোসিস নামক জটিলতা দেখা দিতে পারে।,1.2069540740003504,,
"দেশের একমাত্র মাল্টিডিসিপ্লিনারি সুপার স্পেশালিটি হাসপাতাল হিসেবে ল্যাবএইড ক্যান্সার হাসপাতাল এন্ড সুপার স্পেশালিটি সেন্টার চিকিৎসা, রেডিয়েশন এবং ডায়াগনস্টিক সুবিধাসহ সকল ধরনের স্বাস্থ্য সেবা প্রদান করে আসছে","দেশের একমাত্র মাল্টিডিসিপ্লিনারি সুপার স্পেশালিটি হাসপাতাল হিসেবে, ল্যাবএইড ক্যান্সার হাসপাতাল এবং সুপার স্পেশালিটি সেন্টার চিকিৎসা, রেডিয়েশন এবং ডায়াগনস্টিক সুবিধা সহ সব ধরনের স্বাস্থ্য পরিষেবা প্রদান করে।","ল্যাবএইড ক্যান্সার হাসপাতাল এন্ড সুপার স্পেশালিটি সেন্টার দেশের একমাত্র বহুশাখা বিশেষজ্ঞ হাসপাতাল হিসেবে চিকিৎসা, রেডিয়েশন ও ডায়াগনস্টিক সুবিধাসহ সব ধরনের স্বাস্থ্যসেবা প্রদান করে আসছে।",14.632019214999673,,
লিভিং বা জীবিত ব্যক্তি থেকে কিডনি নিতে চাইলে ডোনারের মারাত্মক ও দীর্ঘস্থায়ী কোনো শারীরিক অসুস্থতা থাকা চলবে না,আপনি যদি জীবিত ব্যক্তির কাছ থেকে কিডনি নিতে চান তবে দাতার অবশ্যই গুরুতর বা দীর্ঘস্থায়ী শারীরিক অসুস্থতা থাকবে না।,"জীবিত দাতার কাছ থেকে কিডনি গ্রহণ করতে চাইলে, দাতার কোনো গুরুতর ও দীর্ঘমেয়াদী",7.925604764999662,,
আর শিশু ভূমিষ্ঠ হওয়ার পর থেকে পূর্ণাঙ্গ যুবক হওয়া পর্যন্ত পুরো সময়টার বৃদ্ধি মূলতঃ নিয়ন্ত্রিত হয় Growth hormone Thyroid hormone ও Insulin হরমোনের সমন্বিত কার্যক্রমের দ্বারা,"এবং জন্ম থেকে প্রাপ্তবয়স্ক হওয়া পর্যন্ত পুরো সময়কালের বৃদ্ধি মূলত বৃদ্ধি হরমোন, থাইরয়েড হরমোন এবং ইনসুলিন হরমোনের সমন্বিত ক্রিয়া দ্বারা নিয়ন্ত্রিত হয়।","শিশুর জন্ম থেকে পূর্ণ যুবক হওয়া পর্যন্ত বৃদ্ধি মূলত গ্রোথ হরমোন, থাইরয়েড হরমোন ও ইনসুলিন হরমোনের সম্মিলিত কার্যক্রম দ্বারা নিয়ন্ত্রিত হয়।",3.4695689179998226,,
এডিস মশার জন্ম হয় পাত্রের জমে থাকা পানিতে,পাত্রে দাঁড়িয়ে থাকা পানিতে এডিস মশা বংশবিস্তার করে।,এডিস মশা পাত্রে জমে থাকা পানিতে জন্মায়।,5.450611995000145,,
৬ কিছু ওষুধ আছে যেগুলো বমি বা বমি বমি ভাব বন্ধ করতে পারে চিকিৎসকের পরামর্শমতো বাহনে ওঠার আগেই এজাতীয় ওষুধ খেয়ে নিতে পারেন,কিছু ওষুধ আছে যা বমি বা বমি বমি ভাব বন্ধ করতে পারে। ডাক্তারের পরামর্শ অনুযায়ী বোর্ডিং করার আগে এই জাতীয় ওষুধ খান।,"চিকিৎসকের নির্দেশ অনুযায়ী গাড়িতে ওঠার আগে কিছু ওষুধ সেবন করতে পারেন, যা বমি বা বমি ভাব প্রতিরোধে সহায়তা করে।",6.861973424999633,,
যে কারণে পাকস্থলীতে ক্যান্সার হয় তার মধ্যে উল্লেখযোগ্য হচ্ছে,যেসব কারণে পাকস্থলীর ক্যান্সার হয় তার মধ্যে উল্লেখযোগ্য।,,9.619791058999908,request_error:'NoneType' object has no attribute 'strip',
"চিকিৎসকের মতে, এসময় তিনটি বিষয়ে সতর্ক থাকতে হবে","চিকিৎসকের মতে, তিনটি বিষয়ে সতর্ক থাকতে হবে।","চিকিৎসকের পরামর্শ অনুযায়ী, এই সময়ে তিনটি বিষয়ে সাবধানতা অবলম্বন করা জরুরি।",0.9398556469996038,,
৯ শিশুদের খাদ্য তালিকায় প্রোটিন পর্যাপ্ত পরিমাণে শাকসবজি ও তরল খাবার আবশ্যক,"9 বাচ্চাদের ডায়েটে পর্যাপ্ত প্রোটিন, শাকসবজি এবং তরল খাবার অন্তর্ভুক্ত করা উচিত।","শিশুদের খাদ্যতালিকায় পর্যাপ্ত প্রোটিন, শাকসবজি ও তরল খাবার থাকা জরুরি।",1.3952853089995187,,
৪০ থেকে ৬০ বছর বয়সে এ রোগ বেশি হয়ে থাকে,এই রোগটি 40 থেকে 60 বছর বয়সের মধ্যে বেশি দেখা যায়।,এই রোগটি ৪০ থেকে ৬০ বছর বয়সের মধ্যে বেশি দেখা যায়।,0.8588040810000166,,
চিঠি কিংবা কবিতা নিজের মনের ভাবগুলো লিখে প্রিয় মানুষটিকে দিন,আপনার অনুভূতি সম্পর্কে একটি চিঠি বা কবিতা লিখুন এবং আপনার প্রিয়জনকে দিন,প্রিয় মানুষটির জন্য নিজের মনের কথা চিঠি বা কবিতায় লিখে দিন।,1.2549499470005685,,
অথবা অতিরিক্ত চা পান বা কফি পান বা মদ্যপান করলেও বুক ধড়ফড় করতে পারে,অত্যধিক চা বা কফি বা অ্যালকোহল হৃদস্পন্দনের কারণ হতে পারে।,"অতিরিক্ত চা, কফি বা মদ্যপানের কারণেও বুক ধড়ফড় করতে পারে।",3.7322609709999597,,
 মায়ের স্পর্শ বাচ্চাদের শরীর ও মন শান্ত করে এবং তাদের স্বস্তি দেয়,মায়ের স্পর্শ শিশুদের শরীর ও মনকে শান্ত করে এবং তাদের আরাম দেয়,মায়ের ছোঁয়া শিশুদের দেহ ও মনকে প্রশান্ত করে এবং তাদের আরাম এনে দেয়।,2.518908549000116,,
"ডা খালেদ হাসান
হেড অফ মেডিকেল সার্ভিসেস ডিজিটাল হসপিটাল ডিজিটাল হেলথকেয়ার সলিউশানস",ডাঃ খালেদ হাসান মেডিকেল সার্ভিসেস ডিজিটাল হাসপাতাল ডিজিটাল হেলথকেয়ার সলিউশনের প্রধান,ডা. খালেদ হাসান ডিজিটাল হসপিটাল ও ডিজিটাল হেলথ,9.117858735000482,,
CBT কীভাবে প্রয়োগ করা হয় সে সম্পর্কে বিশদ আলোচনা এ স্বল্প পরিসরে আসলে সম্ভব নয়,"এই সংক্ষিপ্ত স্থানে, কিভাবে CBT বাস্তবায়িত হয় তার বিস্তারিত আলোচনা সত্যিই সম্ভব নয়।",CBT প্রয়োগের পদ্ধতি নিয়ে বিস্তারিত আলোচনা এই,3.391800471999886,,
তবে ঘরোয়া কয়েকটি উপায়েও নিয়ন্ত্রণ রাখতে পারেন হাইপারইউরিসেমিয়া,কিন্তু কিছু ঘরোয়া উপায়ে হাইপারইউরিসেমিয়া নিয়ন্ত্রণ করা যায়।,তবে ঘরোয়া কিছু পদ্ধতিতেও হাইপারইউরিসেমিয়া নিয়ন্ত্রণে রাখা সম্ভব।,1.6496219330001622,,
ব্রেইন টিউমার থেকেই সাধারণত ব্রেইন ক্যানসারের সৃষ্টি হয়,ব্রেন টিউমার সাধারণত ব্রেন টিউমার থেকে বিকাশ লাভ করে।,সাধারণত ব্রেইন টিউমার থেকেই ব্রেইন ক্যানসারের উৎপত্তি ঘটে।,5.034461491000002,,
তাই এ ঝুঁকি এড়াতে আমাদের ফুসফুসকে যতটা সম্ভব সুরক্ষিত ও পরিষ্কার রাখতে হবে,এই ঝুঁকি এড়াতে আমাদের ফুসফুসকে যতটা সম্ভব নিরাপদ ও পরিষ্কার রাখতে হবে।,সুতরাং এই বিপদ এড়াতে আমাদের ফুসফুসকে যথাসম্ভব সুরক্ষিত ও পরিষ্কার রাখা জরুরি।,3.698672208000062,,
রোগীর ইতিহাস ও শারীরিক পরীক্ষার পর ইমেজিং সবচেয়ে কার্যকর পরীক্ষা যেমন এক্সরে প্রয়োজনে সিটি স্ক্যান এমআরআই পেট স্ক্যান বোন স্ক্যান,"রোগীর ইতিহাস এবং শারীরিক পরীক্ষার পরে, ইমেজিং হল সবচেয়ে দরকারী পরীক্ষা যেমন সিটি স্ক্যান, এমআরআই, পেট স্ক্যান, প্রয়োজনে হাড় স্ক্যান।","রোগীর পূর্ববর্তী তথ্য ও শারীরিক পর্যবেক্ষণের পর ইমেজিং পদ্ধতি যেমন এক্স-রে, প্রয়োজন অনুসারে সিটি স্ক্যান, এমআরআই, পেট স্ক্যান ও বোন স্ক্যান সবচেয়ে কার্যকরী পরীক্ষা।",5.732626328999686,,
রোজায় শরীরের ক্ষতিকারক টক্সিনের মাত্রা কমে যায়,রোজা রাখলে শরীরে ক্ষতিকর টক্সিনের মাত্রা কমে।,রোজা রাখলে শরীরের ক্ষতিকর টক্সিনের পরিমাণ হ্রাস পায়।,6.005037779999839,,
সাইকোসোমাটিক ব্যথাও মুখে একটি লম্বা সময় ধরে থাকতে পারে,মনস্তাত্ত্বিক ব্যথাও মুখে দীর্ঘ সময় ধরে চলতে পারে।,মুখের সাইকোসোমাটিক ব্যথাও দীর্ঘদিন স্থায়ী হতে পারে।,2.5098479979997137,,
শিশুদের অনেকেই এখন কিডনি রোগে আক্রান্ত হচ্ছে,এখন অনেক শিশু কিডনি রোগে আক্রান্ত হচ্ছে।,বর্তমানে কিডনি রোগে আক্রান্ত হচ্ছে অনেক শিশুই।,11.954790624999987,,
সেখানে দেখা গেছে এ গ্রুপের রক্তধারীরা সবচেয়ে বেশি করোনায় আক্রান্ত হচ্ছেন আবার মারাও পড়ছেন,দেখা গেছে এই গ্রুপের রক্তের মানুষরাই করোনায় সবচেয়ে বেশি আক্রান্ত হচ্ছেন এবং মারা যাচ্ছেন।,"এই রক্তগ্রুপের ব্যক্তিরা করোনায় সবচেয়ে বেশি আক্রান্ত ও মারা যাচ্ছেন, সেরকম প্রমাণ মিলেছে সেখানে।",15.279619036999975,,
" অস্বাস্থ্যকর জীবনযাপন, অনিয়মিত খাওয়াদাওয়ার অভ্যাসের মতো বহু কারণে কিডনিতে পাথর জমে","অস্বাস্থ্যকর জীবনযাপন, অনিয়মিত খাদ্যাভ্যাসের মতো অনেক কারণে কিডনিতে পাথর জমে।",কিডনিতে পাথর জমার পেছনে অস্বাস্থ্যকর জীবনযাপন ও অনিয়মিত খাদ্যাভ্যাসসহ নানা কারণ দায়ী।,3.7951003240004866,,
প্রশ্ন আমার বয়স ২২ বছর,প্রশ্ন: আমার বয়স 22 বছর।,প্রশ্নটি হলো আমার বয়স ২২ বছর।,3.06349198099997,,
তৈলাক্ত স্ক্যাল্প  এ ধরনের স্ক্যাল্পে খুশকির সমস্যা বেশি হয়,তৈলাক্ত স্ক্যাল্প এই ধরনের স্ক্যাল্পে খুশকির প্রবণতা বেশি থাকে।,তৈলাক্ত মাথার ত্বকে খুশকির সমস্যা সাধারণত বেশি হয়।,2.13785932600058,,
কারণ মিষ্টি কুমড়ার বিচিতে হয়েছে প্রচুর পরিমাণে ম্যাগনেসিয়াম সালফেট যা মাথাব্যথা উপশমে কাজ করে থাকে,"কারণ মিষ্টি কুমড়ার বীজে রয়েছে উচ্চ পরিমাণে ম্যাগনেসিয়াম সালফেট, যা মাথাব্যথা দূর করতে কাজ করে।","মিষ্টি কুমড়ার বীজে প্রচুর ম্যাগনেসিয়াম সালফেট থাকে, যা মাথাব্যথা কমাতে সাহায্য করে।",1.0653797559998566,,
 বাইরে যাওয়ার সময় এবং ঘুমানোর সময় বাচ্চাদের শরীরে পর্যাপ্ত শীতের কাপড় যেন থাকে সেদিকে খেয়াল রাখতে হবে,বাচ্চাদের বাইরে এবং ঘুমানোর সময় পর্যাপ্ত শীতের পোশাক রয়েছে তা নিশ্চিত করুন।,"বাচ্চাদের বাইরে যাওয়া ও ঘুমানোর সময়ে যাতে পর্যাপ্ত গরম কাপড় পরে থাকে, সেদ",3.0424949349999224,,
ম্যাগনেশিয়াম আমাদের দেহের রক্তনালির সংকোচন এবং নিউরোট্রান্সমিটার পরিবহনে ভূমিকা রাখে,ম্যাগনেসিয়াম রক্তনালীগুলির সংকোচন এবং আমাদের দেহে নিউরোট্রান্সমিটার পরিবহনে ভূমিকা পালন করে।,ম্যাগনেশিয়াম আমাদের শরীরের রক্তনালী সংকোচন ও নিউরোট্রান্সমিটার পরিবহণে সহায়তা করে।,3.576284943000246,,
" বিজ্ঞানীদের কথায়, গরমের মধ্যে এমনিই শরীরে পানি কমে যাওয়ার প্রবণতা রয়েছে","বিজ্ঞানীদের মতে, গরমে শরীরে পানি কমে যাওয়ার প্রবণতা থাকে।","বিজ্ঞানীদের মতে, গরমকালে এমনিতেই শরীরে পানিশূন্যতা হওয়ার সম্ভাবনা থাকে।",6.0811069569999745,,
বিশ্বখ্যাত শেফ রাফি বলেন আমরা চেষ্টা করেছি মানসম্পন্ন লেবানিজ ফুড খাবারপ্রেমীদের জন্য মেলে ধরতে,"বিশ্ববিখ্যাত শেফ রাফি বলেছেন: ""আমরা খাবার প্রেমীদের কাছে মানসম্পন্ন লেবানিজ খাবার আনার চেষ্টা করেছি।""","বিশ্ববিখ্যাত শেফ রাফি জানান, খাবারপ্রেমীদের জন্য আমরা মানসম্পন্ন লেবানিজ খাবার পরিবেশনের চেষ্টা করেছি।",2.7850790989996312,,
সারাদিনে তিন বেলার খাবারের মেন্যুতে রাখতে পারেন বিভিন্ন ধরনের স্যুপ গরম দুধ দুধ ছাড়া চা তিনচার ফোঁটা লেবুর রস,সারাদিনের তিন বেলা খাবারের মেনুতে রাখতে পারেন বিভিন্ন ধরনের স্যুপ গরম দুধ দুধহীন চা তিন ফোঁটা লেবুর রস।,"প্রতিদিনের তিন বেলার খাদ্যতালিকায় অন্তর্ভুক্ত করতে পারেন নানা রকমের স্যুপ, গরম দুধ, দুধ ছাড়া চা এবং তিন-চার ফোঁটা লেবুর রস।",6.670331012000133,,
তবে ইলিশ খিচুড়িও বৈশাখের ভোজন আয়োজনে যোগ করতে পারে ভিন্ন মাত্রা,তবে ইলিশের খিচুড়িও বৈশাখের উৎসবে যোগ করতে পারে ভিন্ন মাত্রা।,কিন্তু ইলিশ খিচুড়ি বৈশাখের ভোজে নতুন মাত্রা যোগ করতে পারে।,2.6262767999996868,,
 রোজের ডায়েটে ওটস রাখলে রক্তে খারাপ কোলেস্টেরলের মাত্রা কমে ও ভাল কোলেস্টেরলের মাত্রা বৃদ্ধি পায়,প্রতিদিনের খাদ্যতালিকায় ওটস রাখলে তা রক্তে খারাপ কোলেস্টেরলের মাত্রা কমায় এবং ভালো কোলেস্টেরলের মাত্রা বাড়ায়।,প্রতিদিনের খাদ্যতালিকায় ওটস অন্তর্ভুক্ত করলে রক্তের ক্ষতিকর কোলেস্টেরলের পরিমাণ হ্রাস পায় এবং উপকারী কোলেস্টেরলের মাত্রা বাড়ে।,1.3124737340003776,,
কান চোখ ও বিভিন্ন জয়েন্ট থেকে সিগন্যালগুলো মস্তিষ্কের সেরিবেলামে যায় এবং এখানে বিভিন্ন দিকে এবং তার শুরুতে বিবেচনার মাধ্যমে শরীরে ভারসাম্য রক্ষা হয়ে থাকে,"কান, চোখ এবং বিভিন্ন জয়েন্ট থেকে সংকেত সেরিবেলামে যায়, যেখানে বিভিন্ন দিক এবং শুরু বিবেচনা করে শরীরের ভারসাম্য বজায় রাখা হয়।","কান, চোখ এবং বিভিন্ন জয়েন্ট থেকে প্রাপ্ত সংকেতগুলো মস্তিষ্কের সেরিবেলামে পৌঁছায়, যেখানে সেগুলো বিভিন্ন দিক ও শুরুতে বিশ্লেষণের মাধ্যমে শরীরের ভারসাম্য বজায় রাখা হয়।",1.5178409979998833,,
তবে বয়স অনুসার লক্ষণগুলো পরিবর্তিত হয়,"যাইহোক, বয়সের সাথে লক্ষণগুলি পরিবর্তিত হয়।",কিন্তু বয়সভেদে উপসর্গগুলো পরিবর্তিত হয়।,2.992686436999975,,
২ গঠনত বৃদ্ধি  ব্র্যাকিংয়াল সিস্ট ল্যারিগোসিস,2 গঠনমূলক বৃদ্ধি Brachyngeal সিস্ট ল্যারিগোসিস,ব্র্যাকিংয়াল সিস্টে ল্যারিগোসিসজন,9.604224944000634,,
তবে বেশির ভাগ ক্ষেত্রে থায়রয়েড গ্রন্থি বা এর অংশবিশেষ ফুলে ওঠা মানেই কিন্তু ক্যান্সার নয়,তবে বেশিরভাগ ক্ষেত্রে থাইরয়েড গ্রন্থি বা এর অংশ ফুলে যাওয়া মানে ক্যান্সার নয়।,"বেশিরভাগ সময় থাইরয়েড গ্রন্থি বা তার কোনো অংশ ফুলে গেলেই যে ক্যান্সার হয়, তা কিন্তু নয়।",3.0836905739997746,,
অবশ্য কয়েকটি সরকারি হাসপাতাল এবং বেসরকারি পর্যায়ে অলাভজনক প্রতিষ্ঠান যেমনকিডনি ফাউন্ডেশন হাসপাতাল রোগীদের ডায়ালাইসিস ও কিডনি সংযোজন কার্যক্রম পরিচালনা করলেও চাহিদার তুলনায় যথেষ্ট অপ্রতুল,তবে কিছু সরকারি হাসপাতাল এবং কিডনি ফাউন্ডেশন হাসপাতালের মতো বেসরকারি অলাভজনক প্রতিষ্ঠান রোগীদের জন্য ডায়ালাইসিস ও কিডনি প্রতিস্থাপন কার্যক্রম পরিচালনা করলেও চাহিদার তুলনায় তা অপ্রতুল।,যদিও কিছু,5.642487961999905,,
আসলে তা নয় তবে অন্যান্য সমস্যা দেখা দিতে পারে,"আসলে তা নয়, তবে অন্যান্য সমস্যা দেখা দিতে পারে।","আসলেই তা নয়, কিন্তু অন্য সমস্যা দেখা দিতে পারে",10.889409428000363,,
ঘরে যাতে পর্যাপ্ত আলোবাতাস থাকে সে ব্যবস্থা করুন,ঘরে পর্যাপ্ত আলো এবং বায়ুচলাচল রয়েছে তা নিশ্চিত করুন।,ঘরে পর্যাপ্ত আলো ও বাতাস নিশ্চিত করার ব্যবস্থা নিন।,3.3806589240002722,,
পানিশূন্যতা রোধে দিনে বা রাতে যেকোনো সময় তরমুজ খাওয়া যেতে পারে,ডিহাইড্রেশন প্রতিরোধে দিনে বা রাতে যে কোনো সময় তরমুজ খাওয়া যেতে পারে।,"তরমুজ খেলে পানিশূন্যতা রোধ হয়, তাই দিনে বা রাতে যে কোনো সময়ই এটি খাওয়া সম্ভব।",2.2414266490004593,,
চুল কন্ডিশন করতে দুই টেবিল চামচ বাটার গলিয়ে নিয়ে তাতে আধা কাপ অলিভ অয়েল মিশিয়ে নিন,"আপনার চুল কন্ডিশন করার জন্য, দুই টেবিল চামচ মাখন গলিয়ে তাতে আধা কাপ অলিভ অয়েল মিশিয়ে নিন।",দুই টেবিল চামচ মাখন গলিয়ে তাতে আধা কাপ অলিভ অয়েল মিশিয়ে চুলে কন্ডিশন করুন।,1.1735714799997368,,
কখনও কখনও যৌনাঙ্গে চুলকানি দেখা যায়,কখনও কখনও যৌনাঙ্গে চুলকানি দেখা যায়।,কখনো কখনো যৌনাঙ্গে চুলকানি হয়।,2.1145901259997117,,
স্ক্যাবিসের চিকিৎসায় পারমিথ্রিন ক্রিম সঠিক নিয়মে ব্যবহার করতে হবে,পার্মেথ্রিন ক্রিম স্ক্যাবিসের চিকিত্সার জন্য সঠিকভাবে ব্যবহার করা উচিত।,স্ক্যাবিসের চিকিৎসার জন্য পারমিথ্রিন ক্রিম সঠিক পদ্ধতিতে প্রয়োগ করা জরুরি।,1.482152378000137,,
বি কমপ্লেক্স আরও যেসব স্বাস্থ্যসুবিধা দেয় তা জেনে নিন,বি কমপ্লেক্সের আরও স্বাস্থ্য উপকারিতা জেনে নিন,বি কমপ্লেক্স আর কী কী স্বাস্থ্য উপকারিতা প্রদান করে তা জানুন।,2.372123223000017,,
কেউ কেউ তারও আগে থেকে পরিশ্রমে বুক ব্যথা পরিশ্রমে হাপিয়ে যাওয়া বা হাঁপিয়ে ওঠা কেউ কেউ এটাকে দম আটকে আসা কেউ বলে হাঁসফাঁস লাগে কারও কারও বুক ধড়ফড় করে থাকে,"কিছু লোকের আগে পরিশ্রমের কারণে বুকে ব্যথা হয়, পরিশ্রমের ফলে শ্বাসকষ্ট হয় বা হাঁপায়, কেউ একে বলে শ্বাসকষ্ট, কেউ বলে হাঁপাতে, কেউ বলে ধড়ফড়।","কেউ কেউ তারও আগে থেকে পরিশ্রমে বুকে ব্যথা অনুভব করে, হাঁপিয়ে ওঠে বা দম আটকে আসে, কারও কারও বুক ধড়ফড় করে আর কেউ কেউ একে হাঁসফাঁস লাগা বলে।",3.025673377000203,,
২০১৯ সালে সারা বিশ্বে অ্যান্টিবায়োটিক রেজিস্ট্যান্সের সঙ্গে সম্পর্কিত মৃত্যুর সংখ্যা ৪৯ লাখ ৫০ হাজার জন,"2019 সালে, বিশ্বজুড়ে অ্যান্টিবায়োটিক প্রতিরোধের সাথে সম্পর্কিত মৃত্যুর সংখ্যা ছিল 4.95 মিলিয়ন।",২০১৯ সালে বিশ্বব্যাপী অ্যান্টিবায়োটিক প্রতিরোধের কারণে মৃত্যুর সংখ্যা ছিল ৪৯ লাখ ৫০ হাজার।,4.794414269000299,,
 হাসপাতালে ভর্তি থাকার হার ৭ শতাংশ এবং মৃত্যুর হার শূন্য দশমিক পাঁচ শতাংশ,হাসপাতালে ভর্তির হার 7 শতাংশ এবং মৃত্যুর হার 0.5 শতাংশ।,হাসপাতালে ভর্তির হার ৭ শতাংশ এবং মৃত্যুর হার ০.৫ শতাংশ।,2.449891643000228,,
সরকারিভাবে সব উপজেলা স্বাস্থ্য কমপ্লেক্সে ওষুধটি পৌঁছানো হয়েছে,সরকারিভাবে সব উপজেলা স্বাস্থ্য কমপ্লেক্সে ওষুধ পৌঁছে দেওয়া হয়েছে।,সরকারি পক্ষ থেকে প্রতিটি উপজেলা স্বাস্থ্য কমপ্লেক্সে ওষুধটি সরবরাহ করা হয়েছে।,1.3857283509996705,,
কী কী সমস্যা হচ্ছে এর ফলে? কীভাবে সামলাবেন সেগুলো? জেনে নিন,"ফলে কী কী সমস্যা হচ্ছে, সেগুলো কীভাবে সামলাবেন?",এর ফলে কী কী সমস্যা দেখা দিচ্ছে? সেগুলো কীভাবে মোকাবিলা করবেন? জেনে রাখুন।,0.935051600999941,,
এবার একটি কড়াইয়ে তেল গরম করুন,এবার একটি প্যানে তেল গরম করুন।,এবার একটি কড়াইয়ে তেল গরম করে নিন,43.02875223399951,,
আপনার চিকিৎসকের সঙ্গে নিয়মিত যোগাযোগ এবং উপসর্গ ও উদ্বেগ নিয়ে আলোচনা করবেন,আপনার ডাক্তারের সাথে নিয়মিত যোগাযোগ করুন এবং লক্ষণ এবং উদ্বেগ নিয়ে আলোচনা করুন।,নিয়মিত আপনার ডাক্তারের সাথে কথা বলুন এবং লক্ষণ ও দুশ্চিন্তা সম্পর্কে আলোচনা করুন।,1.2571237780002775,,
ঠিক এক রকম না হলেও একই নকশা বা ধরনের পোশাক ও তাদের জন্য ভারী আনন্দের,ঠিক একই রকম না হলেও একই ডিজাইন বা পোশাকের ধরন নিয়েও তারা খুব খুশি।,একেবারে হুবহু না হলেও একই ডিজাইন বা ধরনের পোশাক তাদের জন্য অত্যন্ত আনন্দের।,3.512510234999354,,
বিস্তারিত লিখেছেন সিলেট এমএজি ওসমানী মেডিকেল কলেজ হাসপাতালের নাক কান ও গলা বিভাগের রেজিস্ট্রার ডা মো আব্দুল হাফিজ শাফী,"এ বিষয়ে বিস্তারিত লিখেছেন সিলেট এমএজি ওসমানী মেডিকেল কলেজ হাসপাতালের কান, নাক ও গলা বিভাগের রেজিস্ট্রার ডাঃ মোঃ আব্দুল হাফিজ শফি।","মো আব্দুল হাফিজ শাফী, সিলেট এম.এ.জি ওসমানী মেডিকেল কলেজ হাসপাতালের নাক, কান ও গলা বিভাগের রেজিস্ট্রার, এই বিষয়ে বিস্তারিত বর্ণনা করেছেন।",5.042878858999757,,
 চোখের ব্যথা এড়াতে এবং সংক্রমণের আরও বিস্তার এড়াতে আপনার হাত সঠিকভাবে পরিষ্কার রাখুন ব্যথা কমাতে পরিষ্কার পানি দিয়ে আপনার চোখ বারবার ধুয়ে নিন,চোখের ব্যথা এবং সংক্রমণের আরও বিস্তার এড়াতে আপনার হাত সঠিকভাবে পরিষ্কার রাখুন ব্যথা কমাতে পরিষ্কার জল দিয়ে ঘন ঘন আপনার চোখ ধুয়ে নিন।,চোখের যন্ত্রণা ও জীবাণু ছড়ানো ঠেকাতে হাত ভালো করে পরিষ্কার রাখুন এবং ব্যথা উপশমের জন্য পরিষ্কার জল দিয়ে চোখ বারবার ধুয়ে ফেলুন।,10.500999394000246,,
তারা ইলিশ মাছের মতো দেখতে সার্ডিন মাছকে ইলিশ বলে চালিয়ে দিচ্ছে,"ইলিশ মাছের মতো দেখতে সার্ডিন মাছকে তারা বলে, ইলিশ।","তারা সার্ডিন মাছকে, যা দেখতে ইলিশের মতো, ইলিশ বলে বিক্রি করছে।",6.976999927999714,,
তাই সুস্থসবল জীবন চাইলে ঝটপট এই পাতার শরণাপন্ন হন,"আপনি যদি একটি সুস্থ জীবন চান, অবিলম্বে এই পেজ ভিজিট করুন.",সুতরাং সুস্থ-সবল জীবন চাইলে দ্রুত এই পাতার সহায়তা নিন।,4.782941342999948,,
এ ক্ষেত্রে মাইল্ড শ্যাম্পু বেশি কার্যকর,এ ক্ষেত্রে মাইল্ড শ্যাম্পু বেশি কার্যকর।,এই পরিস্থিতিতে মৃদু শ্যাম্পু বেশি কার্যকরী।,4.4112703239998154,,
 মেনোপজের পর ইস্ট্রোজেন এবং প্রোজেস্টেরন প্রতিস্থাপনের জন্য পাঁচ বছরেরও বেশি সময় ধরে হরমোন ওষুধ গ্রহণ,মেনোপজের পরে ইস্ট্রোজেন এবং প্রোজেস্টেরন প্রতিস্থাপনের জন্য পাঁচ বছরের বেশি সময় ধরে হরমোনের ওষুধ গ্রহণ করা।,মেনোপজ-পরবর্তী সময়ে ইস্ট্রোজেন ও প্রোজেস্টেরনের অভাব পূরণের জন্য পাঁচ বছরের বেশি সময় ধরে হরমোন-জাতীয় ওষুধ সেবন করা।,4.554334527999345,,
অর্থাৎ রাতে ঠান্ডা পানি দিয়ে গোসলের তেমন কোনো বৈজ্ঞানিক উপকারিতা নেই,অর্থাৎ রাতে ঠাণ্ডা গোসলের কোনো বৈজ্ঞানিক উপকারিতা নেই।,রাতে ঠান্ডা পানি দিয়ে গোসলের কোনো বৈজ্ঞানিক উপকারিতা নেই।,2.923617051000292,,
 জেনেটিকস বা বংশগত কারণ থেকে হতে পারে তবে খুব কম,"জেনেটিক্স বা বংশগত কারণে হতে পারে, কিন্তু খুব বিরল।","জিনগত অথবা বংশানুক্রমিক কারণে এটি হতে পারে, তবে তা খুবই বিরল।",2.6711500669998713,,
আমরা অবশ করে পলিপ বের করে নিয়ে আসতে পারি,আমরা আলতো করে পলিপ অপসারণ করতে পারি।,আমরা পলিপটি হিমায়িত করে বের করে আনতে সক্ষম।,2.9789812819999497,,
একদিকে ভাইরাসের কারণে হাড়ের মজ্জায় প্লাটিলেটের উৎপাদন কমে যায় অন্যদিকে ভাইরাস সংক্রমণের কারণে রক্তে কিছু বিষাক্ত পদার্থ উৎপন্ন হয় যা প্লাটিলেট ধ্বংসের হার বাড়ায়,"একদিকে ভাইরাস অস্থিমজ্জায় প্লেটলেটের উৎপাদন কমিয়ে দেয়, অন্যদিকে ভাইরাল সংক্রমণ রক্তে কিছু বিষাক্ত পদার্থ তৈরি করে যা প্লেটলেট ধ্বংসের হার বাড়িয়ে দেয়।","ভাইরাসের প্রভাবে একদিকে অস্থিমজ্জায় প্লাটিলেট উৎপাদন হ্রাস পায়, অন্যদিকে সংক্রমণের ফলে রক্তে সৃষ্ট কিছু বিষাক্ত উপাদান প্লাটিলেট ধ্বংসের মাত্রা বাড়িয়ে দেয়।",9.593704734999847,,
পরবর্তী ফলো আপে দেখা গেল তার হার্টেরপাম্পিং সম্পূর্ণ স্বাভাবিক,পরবর্তী ফলোআপ দেখায় যে তার হার্ট পাম্পিং সম্পূর্ণ স্বাভাবিক ছিল।,পরের ফলো-আপে দেখা গিয়েছে তার হৃদপিণ্ডের পাম্পিং সম্পূর্ণ স্বাভাবিক।,1.8179092800000944,,
তবে নবজাতকও আক্রান্ত হতে পারে,"তবে, নবজাতকও আক্রান্ত হতে পারে।",তবে নবজাতকদেরও সংক্রমিত হওয়ার সম্ভাবনা রয়েছে।,3.214031767999586,,
কারণ বাসি ভাত দিয়ে কী করবেন ভেবে পান না,কারণ বাসি ভাত দিয়ে কী করবেন বুঝতে পারছেন না।,"কারণ বাসি ভাত নিয়ে কী করবেন, তা ভেবে পাচ্ছেন না",2.8355901049999375,,
এ বিষয়ে জাতীয় ক্যানসার গবেষণা ইনস্টিটিউট ও হাসপাতালের পরিচালক অধ্যাপক ডা কাজী মোস্তাক হোসেন যুগান্তরকে বলেন আমার সর্বোচ্চ চেষ্টা করছি,"জাতীয় ক্যান্সার গবেষণা ইনস্টিটিউট ও হাসপাতালের পরিচালক ডাঃ কাজী মোস্তাক হোসেন যুগান্তরকে বলেন, আমি সাধ্যমত চেষ্টা করছি।",,8.930079834000026,request_error:'NoneType' object has no attribute 'strip',
প্রথাগত মাথাব্যথার ওষুধে ট্রাইজেমিনাল নিউরালজিয়ার ব্যথা সাধারণত কমে না,ট্রাইজেমিনাল নিউরালজিয়া ব্যথা সাধারণত প্রথাগত মাথাব্যথার ওষুধ দ্বারা উপশম হয় না।,সাধারণ মাথাব্যথার ওষুধে ট্রাইজেমিনাল নিউরালজিয়ার ব্যথা সাধারণত উপশম হয় না।,5.795667926000533,,
ডিমের মধ্যে সেলমোনেলা নামক এক ধরনের ব্যাকটেরিয়া থাকে যা ত্বকের ক্ষতি করতে পারে,ডিমে সালমোনেলা নামক এক ধরনের ব্যাকটেরিয়া থাকে যা ত্বকের ক্ষতি করতে পারে।,"ডিমে সেলমোনেলা নামের এক প্রকার ব্যাকটেরিয়া থাকে, যা ত্বকের জন্য ক্ষতিকর হতে পারে।",1.2066495690005468,,
মন ভালো রাখতে ও ভালো ঘুমের জন্য এই ম্যাগনেশিয়াম খুবই প্রয়োজন,সুস্থ মন এবং ভালো ঘুমের জন্য ম্যাগনেসিয়াম খুবই গুরুত্বপূর্ণ।,ভালো মেজাজ ও আরামদায়ক ঘুমের জন্য এই ম্যাগনেশিয়ামটি অত্যন্ত জরুরি।,3.6578218249997008,,
 কিন্তু কিছুতেই কাঁচকলা মুখে তুলে দেখেন না,কিন্তু মুখে হাসি নিয়ে সে কিছুতেই তাকায় না।,কিন্তু তিনি কোনোভাবেই কাঁচকলা মুখে নেওয়ার চেষ্টা করছেন না।,1.3870698070004437,,
এসব উপকরণ চুল পড়া বন্ধ করবে দ্রুতই,এই উপাদানগুলো দ্রুত চুল পড়া বন্ধ করবে।,এই উপাদানগুলো দ্রুত চুল পড়া রোধ করবে।,2.752888613000323,,
কেউ কেউ মাংস জাতীয় খাবার বা চর্বিযুক্ত মাংস বেশি খেয়ে থাকেন,কেউ কেউ বেশি মাংস বা চর্বিযুক্ত মাংস খান।,কিছু মানুষ মাংস বা চর্বিযুক্ত মাংস বেশি পরিমাণে খেয়ে থাকেন।,1.5188983020007072,,
যেহেতু শীত চলেই এসেছে তাই এ সময়ে একটু বাড়তি যত্ন প্রয়োজন,যেহেতু শীত এসেছে তাই এই সময়ে একটু বাড়তি যত্নের প্রয়োজন।,শীতকাল এসে পড়ায় এখন একটু বেশি সতর্কতা আবশ্যক।,1.724872925999989,,
তবে সকালে স্কুলে যাওয়ার সময় ও বিকেলে খেলতে যাওয়ার সময় পর্যন্ত উষ্ণতা নিশ্চিত করুন,তবে সকালে স্কুলে যাওয়ার সময় এবং বিকেলে খেলতে যাওয়ার সময় আপনি উষ্ণ থাকুন তা নিশ্চিত করুন।,সকালে স্কুলে যাওয়ার সময় এবং বিকেলে খেলতে যাওয়ার সময় পর্যন্ত তাপমাত্রা ঠিক রাখুন।,2.1377770549997877,,
১৯৯৯ সালে এই মাত্রা ছিল যথাক্রমে ৫৪ মাইক্রোগ্রাম ও ৪৭ মাইক্রোগ্রাম,"1999 সালে, এই মাত্রা ছিল যথাক্রমে 54 মাইক্রোগ্রাম এবং 47 মাইক্রোগ্রাম।",১৯৯৯ সালে এই পরিমাণ ছিল ক্রমান্বয়ে ৫৪ মাইক্রোগ্রাম এবং ৪৭ মাইক্রোগ্রাম।,3.505419494000307,,
এদিকে করোনাভাইরাস ঠেকাতে ফেব্রুয়ারির শেষ থেকে মক্কা এবং মদিনায় প্রবেশের ওপরে নিষেধাজ্ঞা জারি করেছিল সৌদি সরকার,এদিকে করোনাভাইরাসের বিস্তার ঠেকাতে ফেব্রুয়ারির শেষ দিক থেকে মক্কা ও মদিনায় প্রবেশে নিষেধাজ্ঞা জারি করে সৌদি সরকার।,সৌদি সরকার ফেব্রুয়ারির শেষ থেকে মক্কা ও মদিনায় প্রবেশের ওপর নিষেধাজ্ঞা আরোপ করেছিল করোনাভাইরাস প্রতিরোধে।,1.5837254760008364,,
আর এটি হলে ত্বক থেকে মরা চামড়া উঠে যেতে শুরু করে এবং চুলকানি হতে পারে,"এবং যখন এটি ঘটে, মৃত ত্বকের খোসা ছাড়তে শুরু করে এবং এটি চুলকানি হতে পারে।",এটি ঘটলে ত্বক থেকে মৃত কোষ উঠতে শুরু করে এবং চুলকানির সম্ভাবনা থাকে।,2.6571591659994738,,
সাধারণত রাস্তাঘাটে জগিং করা যায় না তাই চেষ্টা করবেন বাড়ির পাশাপাশি যদি কোথাও মাঠ থাকে তাহলে সেখানে জগিং করতে,"সাধারণত, আপনি রাস্তায় জগিং করতে পারবেন না, তাই আপনার বাড়ির কাছের মাঠে জগ করার চেষ্টা করুন যদি একটি থাকে।","বাড়ির আশেপাশে মাঠ থাকলে সেখানে জগিং করার চেষ্টা করুন, কারণ সাধারণত রাস্তায় জগিং করা সম্ভব নয়।",3.346475821999775,,
কফি পানে ঘুমের ব্যাঘাত হয় কফি ঘুম কমায়,কফি পান ঘুমের ব্যাঘাত ঘটায় কফি ঘুম কমায়।,"কফি খাওয়ার কারণে ঘুমের সমস্যা হয়, কারণ কফি ঘুম কমিয়ে দেয়।",7.140578962000291,,
ব্রণের সমস্যা থাকলে আঠালো তৈলাক্ত ক্রিম লোশন বা মেকআপ এড়িয়ে ওয়াটারবেইজড মেকআপ ব্যবহার করা ভালো,"ব্রণের সমস্যা থাকলে স্টিকি, তৈলাক্ত ক্রিম লোশন বা মেকআপের পরিবর্তে ওয়াটার বেসড মেকআপ ব্যবহার করা ভালো।","ব্রণের সমস্যা থাকলে আঠালো ও তৈলাক্ত ক্রিম, লোশন বা মেকআপ পরিহার করে জলভিত্তিক মেকআপ ব্যবহার করা উচিত।",8.432186318000277,,
এরপরও যদি করোনাভাইরাসে আক্রান্তের সংখ্যা বাড়ে তাতেও দুশ্চিন্তার কিছু নেই,করোনাভাইরাসে আক্রান্তের সংখ্যা বাড়লে চিন্তার কিছু নেই।,"এরপরও যদি করোনাভাইরাসে সংক্রমিতের সংখ্যা বৃদ্ধি পায়, তাতেও চিন্তার কোনো কারণ নেই।",2.304652497999996,,
এক্ষেত্রে সিম্পটম অনুসারে ডাক্তারের কাছে গিয়ে চিকিৎসা নিতে হবে,এক্ষেত্রে লক্ষণ অনুযায়ী চিকিৎসকের কাছে গিয়ে চিকিৎসা করাতে হবে।,এই অবস্থায় লক্ষণ অনুযায়ী চিকিৎসকের কাছে গিয়ে চিকিৎসা নেওয়া জরুরি।,1.6635053069994683,,
বাংলাদেশ সোসাইটি অফ ক্রিটিকেল কেয়ার মেডিসিনের প্রকাশিত সর্বশেষ হিসাব মতে মেডিসিন সার্জারি আঘাতের কারণে সৃষ্ট সমস্যা কার্ডিয়াক বার্ন ইত্যাদির কারণে এসকল ব্যবহৃত হয়,"বাংলাদেশ সোসাইটি অফ ক্রিটিক্যাল কেয়ার মেডিসিন দ্বারা প্রকাশিত সর্বশেষ প্রতিবেদন অনুসারে, ওষুধটি অস্ত্রোপচারের আঘাত, কার্ডিয়াক পোড়া ইত্যাদি সমস্যার জন্য ব্যবহৃত হয়।","বাংলাদেশ সোসাইটি অফ ক্রিটিকেল কেয়ার মেডিসিনের সাম্প্রতিক প্রকাশিত তথ্য অনুযায়ী, ওষুধ, অস্ত্রোপচার, আঘাতজনিত জটিলতা, হৃদরোগ, পোড়া ইত্যাদি কারণে এগুলো ব্যবহার করা হয়।",4.587863105999531,,
লিভারের কোষগুলোতে শতকরা পাঁচ ভাগের মতো চর্বি থাকে যা স্বাভাবিক কোনো কারণে অতিরিক্ত চর্বি জমা হলে তাকে ফ্যাটি লিভার রোগ বলা হয়,লিভারের কোষে প্রায় পাঁচ শতাংশ চর্বি থাকে এবং যখন স্বাভাবিক কারণে অতিরিক্ত চর্বি জমে তখন তাকে ফ্যাটি লিভার ডিজিজ বলে।,"লিভারের কোষে সাধারণত প্রায় পাঁচ শতাংশ চর্বি থাকে, আর যখন কোনো কারণে অতিরিক্ত চর্বি জমে যায়, তখন তাকে ফ্যাটি লিভার রোগ বলে।",6.227330132999668,,
গ্যামালিয়ার দাবি হচ্ছে যেহেতু তারা তাদের ভ্যাকসিনের প্রাথমিক ডোজ এবং দ্বিতীয় ডোজে দুই ধরনের ভাইরাস ভেক্টর ব্যবহার করছে সেহেতু স্পুটনিক ভি অন্যান্য ভ্যাকসিনের চেয়ে বেশি দিন প্রতিরক্ষা দেবে,"গামালিয়া দাবি করেছেন যে যেহেতু তারা তাদের ভ্যাকসিনের প্রথম ডোজ এবং দ্বিতীয় ডোজে দুই ধরনের ভাইরাস ভেক্টর ব্যবহার করে, স্পুটনিক ভি অন্যান্য ভ্যাকসিনের তুলনায় দীর্ঘ সুরক্ষা প্রদান করবে।","গ্যামালিয়ার দাবি হলো, যেহেতু তারা তাদের টিকার প্রথম ও দ্বিতীয় ডোজে দুটি ভিন্ন ভাইরাস ভেক্টর প্রয়োগ করছে, তাই স্পুটনিক ভি অন্যান্য ভ্যাকসিনের তুলনায় দীর্ঘস্থায়ী সুরক্ষা প্রদান করবে।",2.0158758699999453,,
"যেমন প্লুরাতে প্লুরিসি, কেন্দ্রীয় স্নায়ুতন্ত্রে মেনিনজাইটিস, লসিকাতন্ত্রে স্ক্রফুলা, প্রজনন তন্ত্রে প্রজনন তন্ত্রীয় যক্ষ্মা, পরিপাক তন্ত্রে পরিপাক তন্ত্রীয় যক্ষ্মা এবং অস্থিকলায় পটস ডিজিস","যেমন প্লুরায় প্লুরিসি, কেন্দ্রীয় স্নায়ুতন্ত্রের মেনিনজাইটিস, লিম্ফ্যাটিক সিস্টেমে স্ক্রোফুলা, প্রজনন সিস্টেমে প্রজননতন্ত্রের যক্ষ্মা, পরিপাকতন্ত্রের যক্ষ্মা এবং হাড়ের পোটস রোগ।","প্লুরাতে প্লুরিসি, কেন্দ্রীয় স্নায়ুতন্ত্রে মেনিনজাইটিস, লসিকাতন্ত্রে স্ক্রফুলা, প্রজননতন্ত্রে যক্ষ্মা, পরিপাকতন্ত্রে যক্ষ্মা এবং অস্থিতে পটস ডিজিজ দেখা দেয়।",3.09934909399999,,
যারা সপ্তাহে অন্তত তিন ঘণ্টা অথবা দৈনিক আধা ঘণ্টা করে হাঁটেন তাদের ক্ষেত্রে হৃদরোগ হওয়ার ঝুঁকি অন্যদের চেয়ে ৩০ থেকে ৪০ শতাংশ কম,যারা সপ্তাহে অন্তত তিন ঘণ্টা বা দিনে আধা ঘণ্টা হাঁটেন তাদের হৃদরোগের ঝুঁকি অন্যদের তুলনায় ৩০ থেকে ৪০ শতাংশ কম।,"যারা প্রতিদিন আধা ঘণ্টা বা সপ্তাহে কমপক্ষে তিন ঘণ্টা হাঁটেন, তাদের হৃদরোগের সম্ভাবনা অন্যদের তুলনায় ৩০ থেকে ৪০ শতাংশ কম।",11.522770551000576,,
তাই কোলেস্টেরলের মাত্রা কমাতে চাইলে ধূমপান এড়াতে হবে,কোলেস্টেরলের মাত্রা কমাতে চাইলে ধূমপান এড়িয়ে চলতে হবে।,সুতরাং কোলেস্টেরলের মাত্রা কমানোর জন্য ধূমপান পরিহার করা জরুরি।,6.598729428000297,,
" মূত্রাশয়ের শক্তি ও প্রস্রাববর্ধক, পাথুরিনাশক","মূত্রাশয় টনিক এবং মূত্রবর্ধক, calcifying","মূত্রাশয়ের কার্যক্ষমতা বাড়ায় ও প্রস্রাবের প্রবাহ বৃদ্ধি করে, পাথর দ্রবীভূত করে।",4.070344069999919,,
দ্রুত মুখের দুর্গন্ধ দূর করার কিছু উপায় নিচে দেয়া হলো-,নিঃশ্বাসের দুর্গন্ধ থেকে দ্রুত মুক্তি পাওয়ার কিছু উপায় নিচে দেওয়া হল:,দ্রুত মুখের দুর্গন্ধ দূর করার কয়েকটি পদ্ধতি নিচে উল্লেখ করা হলো।,1.716571553999529,,
আরও পড়ুন ডিপ্রেশন থেকে নিজেকে ভালো রাখার উপায়,বিষণ্নতা থেকে নিজেকে কিভাবে যত্ন নেবেন তাও পড়ুন।,ডিপ্রেশন থেকে নিজেকে সুস্থ রাখতে আরও উপায় পড়ুন।,2.4188733840001078,,
" যারা রাতের বেলা কাজ করেন, নাইট শিফট রয়েছে",যারা রাতে কাজ করেন তাদের জন্য রয়েছে নাইট শিফট।,"যারা রাতে কাজ করেন, তাদের জন্য নাইট শিফটের ব্যবস্থা আছে।",3.7619662239994796,,
দেশে পরিচালিত ল্যাবরেটরিগুলোর মান উন্নয়ন বাজেট সহায়তা বাড়ানোর মাধ্যমে চিকিৎসাশাস্ত্রের গবেষণা কার্যক্রম বৃদ্ধি করতে হবে,দেশে পরিচালিত পরীক্ষাগারগুলির মান উন্নয়নের জন্য বাজেট সহায়তা বৃদ্ধি করে চিকিৎসা গবেষণা কার্যক্রম বৃদ্ধি করতে হবে।,দেশের ল্যাবরেটরিগুলোর মানোন্নয়নে বাজেট সহায়তা বাড়ানোর মাধ্যমে চিকিৎসা গবেষণার কার্যক্রম সম্প্রসারণ করা আবশ্যক।,2.3233285750002324,,
শুধু তাই নয় যে নারীর দেহে এই স্পার্ম থাকবে তার দেহেও অতি সহজে করোনার প্রবেশ ঘটবে,"শুধু তাই নয়, যে মহিলার শরীরে এই শুক্রাণু আছে তারও খুব সহজেই করোনা প্রবেশ করবে।","শুধু এটাই নয়, নারীর শরীরে এই শুক্রাণু থাকলে তার শরীরেও খুব সহজেই করোনা সংক্রমণ হতে পারে।",1.2473837699999422,,
ঠান্ডা পানি বিপাকে শরীরের অতিরিক্ত শক্তি ক্ষয় হয়,ঠাণ্ডা পানির কারণে শরীরের অতিরিক্ত শক্তি ক্ষয় হয়।,ঠান্ডা পানি পান করলে শরীরের অতিরিক্ত শক্তি নষ্ট হয়।,11.290670255000805,,
তবে কিছু কিছু রোগীদের আক্রান্তের ঝুঁকি বেশি রয়েই যায় এবং আক্রান্ত হলে জটিলতার আশংকা বেশি থাকে,"যাইহোক, কিছু রোগী সংক্রমণের উচ্চ ঝুঁকিতে থাকে এবং আক্রান্ত হলে জটিলতার ঝুঁকি বেশি থাকে।",কিন্তু কিছু রোগীর সংক্রমণের আশঙ্কা বেশি থাকে এবং আক্রান্ত হলে জটিলতা দেখা দেওয়ার সম্ভাবনাও বেশি।,5.535165827000128,,
এদিকে ক্যালসিয়ামের বড় উৎস হলো দুধ,"এদিকে, দুধ ক্যালসিয়ামের একটি বড় উৎস।",অন্যদিকে ক্যালসিয়ামের অন্যতম প্রধান উৎস হলো দুধ।,3.8370410220004487,,
এ নবীন চিকিৎসকের মায়ের লিভার টিউমার ধরা পড়েছে,এই তরুণ চিকিৎসকের মায়ের লিভারে টিউমার ধরা পড়েছে।,এক তরুণ চিকিৎসকের মায়ের যকৃতে টিউমার শনাক্ত হয়েছে।,3.94365510300031,,
 টনসিলে তীব্র ইনফেকশন থাকলে অর্থাৎ জ্বর বা ব্যথা থাকা অবস্থায় অপারেশন করা যাবে না,"যদি টনসিলে তীব্র সংক্রমণ হয়, অর্থাৎ জ্বর বা ব্যথা হয়, তাহলে অপারেশন করা যাবে না।","টনসিলে তীব্র সংক্রমণ থাকলে, অর্থাৎ জ্বর অথবা ব্যথা থাকা অবস্থায় অস্ত্রোপচার করা সম্ভব নয়।",4.265520380000453,,
সোডিয়াম লরেল সালফেটের কারণে সংবেদনশীল ত্বকে জ্বালাপোড়া হতে পারে,সোডিয়াম লরিল সালফেট সংবেদনশীল ত্বকে জ্বালা সৃষ্টি করতে পারে।,সংবেদনশীল ত্বকে সোডিয়াম লরেল সালফেটের কারণে জ্বালাপোড়া দেখা দিতে পারে।,8.236101220999444,,
এতে ফুসফুসের টিস্যুগুলো মোটা ও শক্ত হয়ে যায়,এটি ফুসফুসের টিস্যু পুরু এবং শক্ত হয়ে যায়।,এই কারণে ফুসফুসের কলাগুলি ঘন ও কঠিন হয়ে পড়ে।,1.879670502999943,,
যেসব মানুষের রক্তে আলফা১ এন্টিট্রিপসিন এনজাইমের ঘাটতি আছে তাদেরই সিওপিডি হওয়ার ঝুঁকি বেশি,যাদের রক্তে আলফা 1 অ্যান্টিট্রিপসিন এনজাইমের ঘাটতি রয়েছে তাদের সিওপিডি হওয়ার ঝুঁকি বেশি।,"যাদের রক্তে আলফা১ এন্টিট্রিপসিন এনজাইমের অভাব রয়েছে, তাদের সিওপিডি আক্রান্ত হওয়ার সম্ভাবনা বেশি।",1.1495327510001516,,
৩ ফুসফুস পুনর্বাসন কার্যক্রম ফুসফুসের শক্তি বাড়ানোর উদ্দেশ্যে নিয়মিত ফুসফুসের ব্যয়াম করতে থাকা,3 ফুসফুস পুনর্বাসন প্রোগ্রাম ফুসফুসের শক্তি বাড়ানোর জন্য নিয়মিত ফুসফুসের ব্যায়াম,ফুসফুসের শক্তি বৃদ্ধির লক্ষ্যে নিয়মিত ফুসফুসের ব্যায়াম চালিয়ে যাওয়াই হলো ফুসফুস পুনর্বাসন কার্যক্রমের মূল উদ্দেশ্য।,11.049970629999734,,
কিন্তু অ্যান্টিজেন পরীক্ষার মাধ্যমে সেটি সম্ভব নয় বলে জানাচ্ছেন বিশেষজ্ঞরা,"কিন্তু বিশেষজ্ঞরা বলছেন, অ্যান্টিজেন পরীক্ষার মাধ্যমে তা সম্ভব নয়।","বিশেষজ্ঞরা বলছেন, অ্যান্টিজেন পরীক্ষার মাধ্যমে তা করা সম্ভব নয়।",1.7607928380002704,,
 ভিটামিন সি রোগ প্রতিরোধ ক্ষমতাও কয়েকগুণ বাড়ায়,ভিটামিন সি রোগ প্রতিরোধ ক্ষমতাও কয়েকগুণ বাড়িয়ে দেয়।,ভিটামিন সি রোগ প্রতিরোধ ক্ষমতা বহুগুণ বৃদ্ধি করে।,2.944707016000393,,
বালিশের গড়ন ঘুম অনেকটাই নিয়ন্ত্রণ করে,বালিশের আকৃতি ঘুমকে ব্যাপকভাবে প্রভাবিত করে,বালিশের আকৃতি ঘুমের ওপর অনেকটাই প্রভাব ফেলে,3.119676504999916,,
" অ্যান্টিব্যাকটেরিয়াল এবং ক্ষত নিরাময় বৈশিষ্ট্য তো র‍য়েছে, কোষ্ঠকাঠিন্য নিরাময় এবং হজমশক্তি বাড়াতেও সাহায্য করে","অ্যান্টিব্যাকটেরিয়াল এবং ক্ষত নিরাময় বৈশিষ্ট্য, এটি কোষ্ঠকাঠিন্য নিরাময় এবং হজম উন্নত করতেও সহায়তা করে।","অ্যান্টিব্যাকটেরিয়াল ও ক্ষত সারানোর গুণাগুণ তো আছেই, কোষ্ঠকাঠিন্য দূর করতে এবং হজমক্ষমতা বাড়াতেও সহায়তা করে।",1.142561690000548,,
৪মিথাইলইমিডাজল থেকে উৎপন্ন ক্যারামেল রং ক্যান্সার সৃষ্টির সহায়ক শক্তি হিসাবে কাজ করে,4-মিথিলিমিডাজল থেকে প্রাপ্ত ক্যারামেল রঙ একটি প্রো-কার্সিনোজেনিক এজেন্ট হিসাবে কাজ করে।,"ক্যারামেল রং, যা ৪-মিথাইলইমিডাজল থেকে তৈরি হয়, ক্যান্সার সৃষ্টিতে সহায়তা করে।",9.602744612000606,,
 গরম আবহাওয়ায় পর্যাপ্ত বিশ্রাম ও ঘুম না হলে স্লিপ সাইকেল ঘুমের চক্র ব্যাহত হলে ত্বকে প্রভাব পড়ে,গরম আবহাওয়ায় পর্যাপ্ত বিশ্রাম ও ঘুমের অভাব ত্বকে প্রভাব ফেলতে পারে যদি ঘুমের চক্র ব্যাহত হয়।,গরমের দিনে পর্যাপ্ত বিশ্রাম ও ঘুমের অভাবে ঘুমের চক্র বিঘ্নিত হলে ত্বকের ওপর প্রভাব পড়ে।,1.384359675000269,,
এরপর অনুষ্ঠানে দ্বিতীয় বক্তা হিসেবে বিএসএমএমইউর এন্ডোক্রাইনোলজি বিভাগের সহকারী অধ্যাপক মারুফা মুস্তারি এবং মেম্বার সেক্রেটারি বিইএস তিনি বাংলাদেশ এন্ডোক্রাইন সোসাইটি কর্তৃক গর্ভাবস্থায় ডায়াবেটিস রোগ ব্যবস্থাপনা বিষয়ক গাইডলাইন এর নানা গুরুত্বপূর্ণ বিষয় ব্যাখ্যা করেন,এরপর বিএসএমএমইউর এন্ডোক্রাইনোলজি বিভাগের সহকারী অধ্যাপক মারুফা মুস্তারী ও সদস্য সচিব বিইএস বাংলাদেশ এন্ডোক্রাইন সোসাইটি কর্তৃক গর্ভাবস্থায় ডায়াবেটিস ব্যবস্থাপনা সংক্রান্ত নির্দেশনার গুরুত্বপূর্ণ বিষয়গুলো ব্যাখ্যা করেন।,,12.430816695999965,request_error:'NoneType' object has no attribute 'strip',
 এমনকি রোগীকে রান্না করতেও দেবেন না,এমনকি রোগীকে রান্না করতেও দেবেন না।,"রোগীকে রান্না করতে দেওয়া যাবে না, একেবারেই না।",2.8375796999998784,,
অন্ত্রের স্বাস্থ্য ভালো রাখার উপায় হলো উচ্চ ফাইবার বা আঁশযুক্ত খাবার খাওয়া,অন্ত্রের স্বাস্থ্য ভালো রাখার উপায় হল উচ্চ ফাইবারযুক্ত খাবার খাওয়া।,উচ্চ ফাইবার বা আঁশযুক্ত খাবার খেলে অন্ত্রের স্বাস্থ্য ভালো থাকে।,4.37549175499953,,
চিনির বদলে গুড় দিলে তা স্বাস্থ্যের জন্য উপকারী,চিনির বদলে গুড় খাওয়া স্বাস্থ্যের জন্য উপকারী।,চিনির পরিবর্তে গুড় ব্যবহার করলে তা স্বাস্থ্যের পক্ষে ভালো।,11.81405544900008,,
"​চিকিৎসা বিশেষজ্ঞরা জানাচ্ছেন, ইউরিন ইনফেকশন প্রতিরোধ করার জন্য পর্যাপ্ত পরিমাণে পানিপান করতে হবে","চিকিৎসা বিশেষজ্ঞদের মতে, ইউরিন ইনফেকশন প্রতিরোধে পর্যাপ্ত পরিমাণ পানি পান করা উচিত।","ডাক্তাররা বলছেন, মূত্রনালীর সংক্রমণ এড়াতে পর্যাপ্ত পানি পান করা জরুরি।",4.316947917000107,,
কিন্তু এটি ব্লাডার অথবা কিডনির ক্যান্সারের কারণে হতে পারে,কিন্তু এটি মূত্রাশয় বা কিডনি ক্যান্সারের কারণে হতে পারে।,তবে এটি মূত্রথলি বা কিডনির ক্যান্সারের কারণে হতে পারে।,3.6675426140000127,,
 ডালিমের রসের ভিটামিন দূর্বলতা দূর করে কাজে শক্তি দেবে,ডালিমের রসের ভিটামিন দুর্বলতা দূর করে কাজ করার শক্তি জোগাবে।,ডালিমের রসে থাকা ভিটামিন দুর্বলতা কমিয়ে কাজের শক্তি জোগাবে।,2.3342708370000764,,
এছাড়া শিশুদের শীতকালীন ফল জুস এবং শাকসবজিও খাওয়াতে হবে,এছাড়া শিশুদের শীতকালীন ফলের রস ও শাকসবজি খাওয়া উচিত।,"শিশুদের শীতকালীন ফল, জুস ও শাকসবজি খাওয়ানোও জরুরি।",3.5878149810005198,,
 তবে এই ডায়েটে শরীরে কোনো ক্যালোরিই যায় না,কিন্তু এই খাবারে কোনো ক্যালরি শরীরে যায় না।,কিন্তু এই ডায়েটে শরীরে কোনো ক্যালোরি প্রবেশ করে না।,0.48155994300032035,,
ছয় কাঁধে প্রতিদিন ভারী ব্যাগ বহন করলে পিঠে ব্যথা হতে পারে,প্রতিদিন ছয়টি কাঁধে ভারী ব্যাগ বহন করলে পিঠে ব্যথা হতে পারে,প্রতিদিন ভারী ব্যাগ কাঁধে বহন করলে পিঠে ব্যথা হতে পারে।,7.15357215899985,,
 তবে মুখে দুর্গন্ধ হওয়ার পেছনে মুখের ভেতরে বা দাঁতের ফাঁকে জমে থাকা ব্যাকটেরিয়ার প্রভাব ছাড়াও আরও অনেক কারণ থাকতে পারে,মুখে বা দাঁতের মাঝখানে জমে থাকা ব্যাকটেরিয়ার প্রভাব ছাড়াও নিঃশ্বাসে দুর্গন্ধের আরও অনেক কারণ থাকতে পারে।,"মুখে দুর্গন্ধ সৃষ্টির পেছনে শুধু মুখগহ্বর বা দাঁতের ফাঁকে জমে থাকা ব্যাকটেরিয়ার প্রভাব নয়, আরও নানা কারণ দায়ী হতে পারে।",2.0857485699998506,,
এবং সোরিয়াসিসের মতোই পা ফেটে যায়,আর সোরিয়াসিসের মতো পা ভেঙে বেরিয়ে যায়।,পায়ের চামড়া ফেটে যাওয়া সোরিয়াসিসের মতোই।,12.83532468300018,,
এসব সংক্রমণ নবদম্পতির কারও থাকলে অন্যজনকেও তা সংক্রামিত করতে পারে,নবদম্পতির মধ্যে একজনের যদি এই সংক্রমণ থাকে তবে তা অন্য ব্যক্তিকেও সংক্রমিত করতে পারে।,"এমন সংক্রমণ যদি নবদম্পতির একজনের থাকে, তবে তা অন্যজনকেও ছড়িয়ে দিতে পারে।",0.9029426959996272,,
পেনিসিলিন আবিষ্কৃত হওয়ার পরবর্তী বছরগুলোয় বিশ্বব্যাপী বিভিন্ন ধরনের অ্যান্টিবায়োটিক বাজারজাত হয়,"পেনিসিলিন আবিষ্কারের পরের বছরগুলিতে, বিশ্বব্যাপী বিভিন্ন ধরণের অ্যান্টিবায়োটিক বাজারজাত করা হয়েছিল।",পেনিসিলিন আবিষ্কারের পরবর্তী বছরগুলোতে বিশ্বব্যাপী বিভিন্ন অ্যান্টিবায়োটিক বাজারে ছাড়া হয়।,12.760649702000592,,
সোমবার তাদের পরীক্ষার রিপোর্ট পাওয়ার পর  আমরা আইইডিসিআরের সঙ্গে যোগাযোগ করলে তারা হাসপাতাল লকডাউনের পরামর্শ দেন,সোমবার তাদের পরীক্ষার রিপোর্ট পাওয়ার পর আমরা আইইডিসিআরের সাথে যোগাযোগ করলে তারা হাসপাতাল লকডাউনের পরামর্শ দেয়।,সোমবার তাদের পরীক্ষার ফলাফল পাওয়ার পর আমরা আইইডিসিআরে যোগাযোগ করলে তারা হাসপাতাল বন্ধ রাখার পরামর্শ দেয়।,2.791869209999277,,
মাঝ রাতে এসে তাপমাত্রা একটু বেশিই নেমে যায়,মধ্যরাত থেকে তাপমাত্রা কিছুটা কমে যায়।,মাঝরাতে এসে তাপমাত্রা কিছুটা বেশি কমে যায়।,4.085531337999782,,
এছাড়া পেশাগত কারণ খনি শ্রমিক বায়ুদূষণ জেনেটিক এবং রেডিয়েশন অন্যতম কারণ,"এছাড়াও, খনি শ্রমিকদের পেশাগত কারণ হল জেনেটিক এবং বিকিরণ দূষণ।","পেশাগত কারণ ছাড়াও খনি শ্রমিকদের জন্য বায়ুদূষণ, জিনগত ও বিকিরণ অন্যতম কারণ।",6.097099128000082,,
তবে তা সম্ভব না হলে তেলের বিকল্প হিসেবে যেকোনো একটি অ্যান্টিবায়োটিক ড্রপ ব্যবহার করতে পারেন ওই একই নিয়মে,"যাইহোক, যদি তা সম্ভব না হয়, আপনি একই নিয়ম অনুসরণ করে তেলের বিকল্প হিসাবে যেকোনো অ্যান্টিবায়োটিক ড্রপ ব্যবহার করতে পারেন।","তবে যদি তা সম্ভব না হয়, তাহলে তেলের বদলে যেকোনো একটি অ্যান্টিবায়োটিক ড্রপ একই পদ্ধতিতে ব্যবহার করতে পারেন।",1.9752838260001226,,
এটি বমি ভাব দূর করে দেহমন তাজা করে,এটি বমি বমি ভাব দূর করে এবং শরীরকে সতেজ করে।,এটি বমি বমি ভাব কমিয়ে শরীর ও মনকে সতেজ করে।,4.341680110000198,,
"থায়রয়েড ক্যান্সারে যে লক্ষণগুলো দেখা দিতে পারে
    গলার সম্মুখভাগে ফুলে ওঠা",থাইরয়েড ক্যান্সারে যে লক্ষণগুলো দেখা দিতে পারে গলার সামনের অংশ ফুলে যাওয়া।,থায়রয়েড ক্যান্সারের সম্ভাব্য লক্ষণগুলোর মধ্যে একটি হলো গলার সামনের দিকে ফোলা ভাব।,3.027346184000635,,
ধূমপান সম্পূর্ণভাবে ত্যাগ করলে ধূমপায়ীর কাশি বন্ধ হয়ে যায় এমনকি ক্রনিক ব্রংকাইটিসের কাশি ও শ্বাসকষ্ট কমে যায় এবং রোগীর আয়ু বাড়ায়,ধূমপান ত্যাগ করলে ধূমপায়ীর কাশি পুরোপুরি বন্ধ হয়ে যায় এবং এমনকি দীর্ঘস্থায়ী ব্রঙ্কাইটিসে কাশি ও শ্বাসকষ্ট কম হয় এবং রোগীর জীবনকাল দীর্ঘায়িত হয়।,"ধূমপান পুরোপুরি ছেড়ে দিলে ধূমপায়ীর কাশি দূর হয়, তাছাড়া দীর্ঘস্থায়ী ব্রংকাইটিসের কারণে হওয়া কাশি ও শ্বাসকষ্টও হ্রাস পায়, আর রোগীর জীবনকাল বেড়ে যায়।",4.198035409000113,,
বিশ্বজুড়ে করোনার নতুন ধরনের প্রকোপ বাড়ছে,বিশ্বজুড়ে করোনার নতুন প্রাদুর্ভাব বাড়ছে।,বিশ্বব্যাপী করোনাভাইরাসের নতুন প্রজাতির সংক্রমণ বাড়ছে।,4.949567200000274,,
সেই সঙ্গে ফাইব্রিনোলেটিক অ্যাকটিভিটিকে বাড়িয়ে দিয়ে মস্তিষ্কে যাতে ব্লাড ক্লট না হয় সেদিকেও খেয়াল রাখে মরিচ,"এর পাশাপাশি, কাঁচামরিচ ফাইব্রিনোলাইটিক কার্যকলাপ বাড়িয়ে মস্তিষ্কে রক্ত ​​​​জমাট বাঁধতে বাধা দেয়।",মরিচ ফাইব্রিনোলাইটিক কার্যকলাপ বৃদ্ধি করে মস্তিষ্কে রক্ত জমাট বাঁধতে বাধা দেয়।,0.8952361600004224,,
ডাক্তারের কাছে যাওয়ার আগে আপনার আগের চিকিৎসা সংক্রান্ত সকল কাগজপত্র দ্রুত নিয়ে নিন,ডাক্তারের কাছে যাওয়ার আগে আপনার পূর্বের চিকিৎসা সংক্রান্ত সমস্ত কাগজপত্র দ্রুত নিয়ে নিন।,ডাক্তার দেখানোর আগে আগের চিকিৎসার সব কাগজপত্র দ্রুত সংগ্রহ করে নিন।,4.291358367000612,,
" তার কারণেই অতিরিক্ত গ্যাস, অম্বল, পেট ভার, পেট ঠিকমতো পরিষ্কার না হওয়া","এতে অতিরিক্ত গ্যাস, বুকজ্বালা, পেটে ভারাক্রান্ততা, সঠিকভাবে পেট পরিষ্কার না হওয়া।","তার জন্যই গ্যাসের সমস্যা, অম্বল, পেটে ভারী ভাব, ও পেট ঠিকমতো পরিষ্কার না হওয়া।",1.3498499620000075,,
এ রোগের লক্ষণ মূলত তিনটি,এই রোগের লক্ষণ প্রধানত তিনটি।,এই রোগের প্রধান লক্ষণ তিনটি।,8.165355481000006,,
এ ছাড়া হালকা আঘাত কাটাছেঁড়া হাতপা ছিলে যাওয়ার মতো সমস্যা হতে পারে শিশুদের,"এ ছাড়া শিশুরা ছোটখাটো আঘাত, কেটে যাওয়া এবং অঙ্গচ্ছেদের সমস্যায় ভুগতে পারে।","শিশুদের হালকা আঘাত, কাটাছেঁড়া বা হাতপা ছিড়ে যাওয়ার মতো সমস্যাও দেখা দিতে পারে।",1.4628403139995498,,
মাঝরাতে কারো শ্বাসকষ্ট হলে এক মুহূর্ত দেরি না করে ইমার্জেন্সিতে যেতে হবে,মাঝরাতে কারো শ্বাস নিতে সমস্যা হলে এক মুহূর্ত দেরি না করে জরুরি কক্ষে যেতে হবে।,রাতের বেলা কারও শ্বাস নিতে কষ্ট হলে দেরি না করে জরুরি বিভাগে যাওয়া উচিত।,0.8733738170003562,,
ওরাল লাইকেন প্ল্যানাস সাধারণত গালের অভ্যন্তরে বাক্কাল মিউকোসাতে বেশি দেখা যায়,ওরাল লাইকেন প্ল্যানাস সাধারণত গালের ভেতরের বুকাল মিউকোসায় দেখা যায়।,মুখের লাইকেন প্ল্যানাস প্রায়শই গালের ভেতরের শ্লেষ্মা ঝিল্লিতে বেশি দেখা যায়।,2.830264781000551,,
কোনো ওষুধে পার্শ্বপ্রতিক্রিয়া হলে কিংবা ওই ওষুধ আপনার ক্ষেত্রে কার্যকর না হলে চিকিৎসক ওষুধ বদলে দিতে পারেন,আপনার ডাক্তার আপনার ওষুধ পরিবর্তন করতে পারেন যদি এর পার্শ্বপ্রতিক্রিয়া থাকে বা এটি আপনার জন্য কাজ না করে।,চিকিৎসক ওষুধ পরিবর্তন করতে পারেন যদি কোনো ওষুধের পার্শ্বপ্রতিক্রিয়া দেখা দেয় বা ওষুধটি আপনার জন্য কার্যকর না হয়।,1.9179118020001624,,
হৃৎপিণ্ডের ওপর বাড়তি চাপ বোধ করা ও হৃৎস্পন্দন বেড়ে যাওয়া,হার্টের উপর অতিরিক্ত চাপ অনুভব করা এবং হৃদস্পন্দন বেড়ে যাওয়া।,হৃদপিণ্ডে অতিরিক্ত চাপ অনুভব করা ও হৃদস্পন্দনের হার বেড়ে যাওয়া।,4.386223204000089,,
তবে অর্থ উপার্জনই বড় কথা নয় অর্থের যথার্থ ব্যয়ের মধ্যেই মানুষের প্রকৃত পরিচয় উন্মোচিত হয়,"যাইহোক, অর্থ উপার্জন করা বড় কথা নয় - অর্থের সঠিক ব্যয়ের মধ্যেই একজন ব্যক্তির আসল পরিচয় প্রকাশ পায়।","অর্থ উপার্জনই মুখ্য বিষয় নয়, বরং অর্থের সঠিক ব্যয়েই মানুষের আসল পরিচয় ফুটে ওঠে।",1.1898004260001471,,
পাতে রাখতে পারেন স্ট্রবেরি ব্লুবেরি রাস্পবেরি আঙুল বেদানার মতো ফলও,"এছাড়াও আপনি আপনার পায়ে স্ট্রবেরি, ব্লুবেরি, রাস্পবেরি এবং ব্ল্যাকবেরি জাতীয় ফল রাখতে পারেন।","প্লেটে রাখা যেতে পারে স্ট্রবেরি, ব্লুবেরি, রাস্পবেরি, আঙুর, বেদানার মতো ফলও।",5.965673681000226,,
এ সময় সচেতন থেকে খাওয়া বা বিশ্রামের ঘাটতি যদি পুষিয়ে নেওয়া যায় তাহলে শারীরিকভাবে অসুস্থ হওয়ার আশঙ্কা অনেকটাই কমিয়ে আনা যায়,এই সময়ে খাবার বা বিশ্রামের অভাব সচেতনভাবে পূরণ করতে পারলে শারীরিকভাবে অসুস্থ হওয়ার আশঙ্কা অনেকটাই কমে যায়।,এই সময়ে সচেতন থাকলে খাওয়া ও বিশ্রামের অভাব পূরণ করা সম্ভব হলে শারীরিক অসুস্থতার ঝুঁকি অনেকাংশে কমানো যায়।,6.291721316000803,,
" পুষ্টিবিদের মতে, রসুনে একটি সক্রিয় উপাদান অ্যালাইন রয়েছে, যা রোগ প্রতিরোধ ক্ষমতা শক্তিশালী করতে সহায়ক","পুষ্টিবিদদের মতে, রসুনে একটি সক্রিয় উপাদান অ্যালাইন রয়েছে, যা রোগ প্রতিরোধ ক্ষমতা শক্তিশালী করতে সহায়ক।","পুষ্টিবিদদের ভাষ্যমতে, রসুনে অ্যালাইন নামক একটি সক্রিয় উপাদান বিদ্যমান, যা শরীরের রোগ প্রতিরোধ ক্ষমতা বৃদ্ধিতে সহায়তা করে।",22.791328361000524,,
জার্মান গবেষকদের নতুন গবেষণায় এমন চাঞ্চল্যকর তথ্য উঠে এসেছে,জার্মান গবেষকদের নতুন এক গবেষণায় এমনই চাঞ্চল্যকর তথ্য উঠে এসেছে,জার্মান গবেষকদের সাম্প্রতিক এক গবেষণায় এমন চমকপ্রদ তথ্য বেরিয়ে এসেছে।,2.2686432280006557,,
এসব খাবার না খাওয়াই ভালো,এসব খাবার না খাওয়াই ভালো।,এসব খাবার পরিহার করাই ভালো।,3.022250652999901,,
রোদে দিতে হলে জানালার পাশে বা ঘরের বারান্দা থেকে গায়ে রোদ লাগান,সূর্যের সংস্পর্শে আসতে চাইলে জানালা থেকে বা ঘরের বারান্দা থেকে রোদে লাগান।,রোদ পোহাতে চাইলে জানালার ধারে অথবা বারান্দায় দাঁড়িয়ে শরীরে রোদ নিন।,4.8363139829998545,,
এক সমীক্ষায় দেখা গেছে ফ্ল্যাক্সিডের তেল যারা ১২ সপ্তাহ নিয়মিত ত্বকে ব্যবহার করেছেন তাদের ত্বকে আর্দ্রতার পরিমাণ বেড়েছে ৩৯ শতাংশ,একটি গবেষণায় দেখা গেছে যে যারা নিয়মিত 12 সপ্তাহ ধরে ফ্ল্যাক্সসিড তেল ব্যবহার করেন তাদের ত্বকের আর্দ্রতা 39 শতাংশ বৃদ্ধি পায়।,"একটি গবেষণায় দেখা গেছে, যারা ১২ সপ্তাহ ধরে নিয়মিত ত্বকে ফ্ল্যাক্সিডের তেল ব্যবহার করেছেন, তাদের ত্বকের আর্দ্রতা ৩৯ শতাংশ বৃদ্ধি পেয়েছে।",1.6238420129993756,,
পেশাগত ও ব্যক্তিগত জীবনে ভারসাম্য রক্ষায় নির্দিষ্ট কর্মঘণ্টা নির্ধারণ করে সেটার সঠিক বাস্তবায়ন করা,পেশাদার এবং ব্যক্তিগত জীবনের মধ্যে ভারসাম্য বজায় রাখার জন্য নির্দিষ্ট কাজের সময় স্থাপন এবং বাস্তবায়ন করা,পেশাগত ও ব্যক্তিগত জীবনে ভারসাম্য রক্ষার জন্য নির্দিষ্ট কর্মঘণ্টা নির্ধারণ করে তার যথাযথ বাস্তবায়ন করা,34.4372315189994,,
ফাইবার পানির সঙ্গে দ্রবীভূত হয়ে যায় এবং জেল আকারে গঠিত হয়,ফাইবার পানিতে দ্রবীভূত হয় এবং একটি জেল গঠন করে,ফাইবার জলে মিশে গিয়ে জেলের মতো আকার ধারণ করে।,1.0255950139999186,,
এর দুদিন পরই টিভিতে তিনি শুনতে পান সংবাদপাঠক বলছেন চীনের উহান শহর থেকে আগত মেডিকেলের এক শিক্ষার্থীর স্বাস্থ্য পরীক্ষায় দেখা গেছে তিনি করোনাভাইরাসে আক্রান্ত,দুই দিন পর তিনি টিভিতে শুনলেন যে চীনের উহানের এক মেডিকেল ছাত্র করোনাভাইরাস পজিটিভ পরীক্ষা করেছে।,"এর মাত্র দুই দিন পরে টেলিভিশনে তিনি শুনলেন যে সংবাদপাঠক বলছেন, চীনের উহান শহর থেকে আসা একজন মেডিকেল শিক্ষার্থীর স্বাস্থ্য পরীক্ষায় দেখা গেছে তিনি করোনাভাইরাসে আক্রান্ত।",0.9142752910001946,,
রোজ হয়তো একটা কলা খান,হয়তো প্রতিদিন একটি করে কলা খান।,প্রতিদিন সম্ভবত একটি কলা খান।,10.805007287999615,,
জেনে নিন এসির ক্ষতিকর দিকগুলো ব্রেন হ্যামারেজের ঘটনা বেশিরভাগই শীতকালে দেখা যায়,জেনে নিন এসির ক্ষতিকর প্রভাব। ব্রেন হেমারেজের ঘটনা বেশি দেখা যায় শীতকালে।,,8.889158887999656,request_error:'NoneType' object has no attribute 'strip',
 প্রাকৃতিকভাবে উৎপন্ন ভেষজ দীর্ঘদিন ধরে ব্যবহার করলেও একই ঘটনা ঘটতে পারে,একই জিনিস প্রাকৃতিকভাবে ঘটতে ভেষজ দীর্ঘমেয়াদী ব্যবহার সঙ্গে ঘটতে পারে.,প্রাকৃতিকভাবে সৃষ্ট ভেষজ দীর্ঘমেয়াদী ব্যবহার করলেও একই পরিণতি ঘটতে পারে।,8.417003843999737,,
সেই সঙ্গে আনুষঙ্গিক রক্তের শর্করা চর্বি বা লিভারের এনজাইম ইত্যাদি পরীক্ষা করা উচিত,"এর পাশাপাশি রক্তে শর্করা, চর্বি বা লিভারের এনজাইম পরীক্ষা করতে হবে।","রক্তের শর্করা, চর্বি এবং লিভারের এনজাইমের মতো সংশ্লিষ্ট পরীক্ষাগুলোও করা দরকার।",3.567734933999418,,
সাধারণত ভাইরাস এবং ব্যাকটেরিয়াজনিত কারণে সাইনাসজনিত সমস্যা হয়ে থাকে,সাইনাসের সমস্যা সাধারণত ভাইরাস এবং ব্যাকটেরিয়ার কারণে হয়ে থাকে।,সাধারণত ভাইরাস ও ব্যাকটেরিয়ার কারণে সাইনাসের সমস্যা দেখা দেয়।,5.320672339999874,,
এ ছাড়া অনেক শিশু বিদ্যালয় থেকেও স্ক্যাবিসে আক্রান্ত হয়,এ ছাড়া অনেক শিশু স্কুল থেকেও খোসপাঁচড়া পায়।,"এছাড়াও, বিদ্যালয় থেকেও অনেক শিশু স্ক্যাবিসে আক্রান্ত হয়।",9.195687000999897,,
নারী দেহের প্রজননতন্ত্রের সবচেয়ে গুরুত্বপূর্ণ অঙ্গের নাম জরায়ু বা ইউটেরাস Uterus,জরায়ু মহিলাদের প্রজনন ব্যবস্থার সবচেয়ে গুরুত্বপূর্ণ অঙ্গ।,"স্ত্রী প্রজননতন্ত্রের সবচেয়ে গুরুত্বপূর্ণ অঙ্গটি হলো জরায়ু, যা ইউটেরাস নামেও পরিচিত।",2.519852711000567,,
স্তন ক্যানসার সচেতনতায় যুগান্তর আমাদের সঙ্গে কাজ করায় ধন্যবাদ জানাচ্ছি,স্তন ক্যান্সার সচেতনতায় আমাদের সাথে কাজ করার জন্য আপনাকে ধন্যবাদ।,স্তন ক্যানসার সচেতনতা কার্যক্রমে যুগান্তরের সহযোগিতার জন্য আমরা কৃতজ্ঞতা প্রকাশ করছি।,14.130837412999426,,
এলার্জির ক্ষেত্রে মাংসপেশির ব্যথা থাকে না,অ্যালার্জির কারণে পেশীতে ব্যথা হয় না।,এলার্জি হলে মাংসপেশিতে ব্যথা হয় না।,2.8526858130007895,,
"ও 
সানজিদা সুলতানা রুপা 
কাউন্সেলিং সাইকোলজি ঢাকা বিশ্ববিদ্যালয়",এবং সানজিদা সুলতানা সিলভার কাউন্সেলিং সাইকোলজি ঢাকা বিশ্ববিদ্যালয়ের ড,,13.040136758000699,request_error:'NoneType' object has no attribute 'strip',
এ কথাও ঠিক যে নানাভাবে শীতের ঠান্ডা আমাদের শরীরের উপকারেও লেগে থাকে,এটাও ঠিক যে শীতের ঠাণ্ডা আমাদের শরীরের জন্য নানাভাবে উপকারী।,"শীতের ঠান্ডা নানা উপায়ে আমাদের শরীরের জন্যও উপকারী, এটাও সত্যি।",1.7418637929995384,,
২০ বছর বয়সের মাঝামাঝি সময় থেকে ব্রণ হওয়ার হার কমে যেতে থাকে,"20-এর দশকের মাঝামাঝি থেকে, ব্রণের প্রকোপ কমতে শুরু করে।",ব্রণের প্রকোপ সাধারণত বিশ বছর বয়সের কাছাকাছি সময় থেকে কমতে শুরু করে।,2.3587172100005773,,
কিডনি রোগীদের ক্ষেত্রে নিয়মিত ওষুধ সেবন এবং রুটিন চেকআপ করানো আবশ্যক,কিডনি রোগীদের জন্য নিয়মিত ওষুধ এবং রুটিন চেকআপ অপরিহার্য।,কিডনি রোগীদের জন্য নিয়মিত ওষুধ খাওয়া এবং নিয়মিত পরীক্ষা করানো জরুরি।,0.6049609239998972,,
তাদের মধ্যে হাসপাতালে মারা গেছেন ২৩ জন আর বাড়িতে ১৮ জন,তাদের মধ্যে 23 জন হাসপাতালে এবং 18 জন বাড়িতে মারা যান।,হাসপাতালে ২৩ জন এবং বাড়িতে ১৮ জনের মৃত্যু হয়েছে তাদের মধ্যে।,3.6793309330005286,,
 এখানে কোনো নিয়ম না মেনেই চলছে সবকিছু,এখানে সব কিছু চলছে নিয়ম না মেনে।,এখানে কোনো নিয়ম-কানুন না মানলেই সবকিছু চলছে।,4.022863776999657,,
তারা আরও বলেছে তাদের গবেষণায় ১০ লাখের মধ্যে মাত্র ২ জন ছেলেমেয়ের করোনা আক্রান্ত হয়ে হাসপাতালের ইনটেন্সিভ চিকিৎসা সেবা গ্রহণ করতে হয়েছে,"তারা আরও বলেছে যে তাদের গবেষণায় 100,000 শিশুর মধ্যে মাত্র 2 জন এই ভাইরাসে সংক্রমিত হয়েছিল এবং তাদের হাসপাতালে নিবিড় পরিচর্যার প্রয়োজন ছিল।","তাদের গবেষণায় আরও জানানো হয়েছে, করোনায় আক্রান্ত হয়ে হাসপাতালের নিবিড় পরিচর্যা কেন্দ্রে চিকিৎসা নিতে হয়েছে ১০ লাখের মধ্যে মাত্র ২ জন শিশুকে।",1.1246977569999217,,
২৬ মার্চ দেশের একটি শীর্ষস্থানীয় দৈনিক সংবাদ প্রকাশ করে জানায় ঢাকার বাইরে আর কোনো জেলায় শ্বাসপ্রশ্বাসের কৃত্রিম যন্ত্র ভেন্টিলেটর নেই এবং ঢাকায়ও যা আছে সেটি একেবারেই নগণ্য,"26 মার্চ, দেশের একটি শীর্ষস্থানীয় দৈনিক রিপোর্ট করেছে যে ঢাকার বাইরে অন্য কোনো জেলায় ভেন্টিলেটর নেই এবং ঢাকায় যা আছে তা নগণ্য।","২৬ মার্চ দেশের এক শীর্ষস্থানীয় দৈনিক পত্রিকা জানিয়েছে, ঢাকার বাইরে কোনো জেলায় ভেন্টিলেটর",3.9122727869998926,,
পলিসিস্টিক ওভারি সিন্ড্রোমে আক্রান্ত নারীদের অধিকাংশই এ সমস্যার শারীরিক লক্ষণগুলোকে খুব দ্রুত বুঝতে পারেন না,পলিসিস্টিক ওভারি সিনড্রোমে আক্রান্ত বেশিরভাগ মহিলাই সমস্যার শারীরিক লক্ষণ খুব দ্রুত চিনতে পারেন না।,পলিসিস্টিক ওভারি সিন্ড্রোমে আক্রান্ত বেশিরভাগ নারীই এই রোগের শারীরিক উপসর্গগুলো দ্রুত শনাক্ত করতে পারেন না।,6.334828043999551,,
সিনিয়র টিচার থেকে শুরু করে জুনিয়ার ডাক্তার সবার কাছেই সমানভাবে প্রিয় ছিল,সিনিয়র শিক্ষক থেকে শুরু করে জুনিয়র ডাক্তার সবাই সমান প্রিয় ছিলেন।,সিনিয়র শিক্ষক থেকে শুরু করে জুনিয়র চিকিৎসক পর্যন্ত সকলের কাছেই সমান প্রিয় ছিলেন।,0.6854058469998563,,
"স্বাস্থ্য অধিদপ্তরের তথ্য অনুযায়ী, দেশে ২০০০ সালে প্রথম এডিস মশাবাহিত ডেঙ্গুরোগী শনাক্ত হয়","স্বাস্থ্য অধিদপ্তরের তথ্য অনুযায়ী, ২০০০ সালে দেশে প্রথম এডিস মশাবাহিত ডেঙ্গু রোগী শনাক্ত হয়।","স্বাস্থ্য অধিদপ্তরের মতে, ২০০০ সালে দেশে প্রথমবারের মতো এডিস মশার কামড়ে ডেঙ্গু রোগী চিহ্নিত হয়।",1.35764921900045,,
এ ছাড়া কাজু বাদাম পেস্তা কিশমিশ কুচি আধা কাপ এলাচ দুটি ও তেজপাতা দুটি,"এ ছাড়া আধা কাপ কাজুবাদাম, পেস্তা, কাটা কিশমিশ, দুটি এলাচ ও দুটি তেজপাতা।",,8.60612897199917,request_error:'NoneType' object has no attribute 'strip',
এবার ক্লিপের ওপর ইচ্ছেমতো ফুল লাগিয়ে নিন,এখনই ক্লিপে পছন্দসই ফুলগুলি সংযুক্ত করুন।,এবার ক্লিপটিতে নিজের ইচ্ছামতো ফুল বসান।,4.717054759999883,,
রক্তের শ্বেতকণিকার মাত্রা কমে যাওয়া কিংবা অ্যালবুমিন কমে যাওয়াও জটিলতার নির্দেশক,শ্বেত রক্তকণিকার মাত্রা কমে যাওয়া বা অ্যালবুমিন কমে যাওয়াও জটিলতার ইঙ্গিত দেয়,রক্তের সাদা কোষের ঘাটতি বা অ্যালবুমিনের মাত্রা হ্রাস পেলেও তা জটিলতার ইঙ্গিত দেয়।,5.223930062999898,,
আপনি যদি পানি ঠিকমতো পান না করেন তবে বেছে নিতে হবে সেসব খাবার,আপনি যদি পর্যাপ্ত জল পান না করেন তবে আপনাকে এই খাবারগুলি বেছে নিতে হবে।,"পানি যদি সঠিকভাবে না খান, তাহলে সেই খাবারগুলোই বেছে নিতে হবে।",1.3693961050003054,,
এক্ষেত্রে লেড লাইট বেশ ভালো কাজ করে,এক্ষেত্রে এলইডি লাইট খুব ভালো কাজ করে।,লেড লাইট এই ক্ষেত্রে খুব কার্যকরী।,1.611450825999782,,
" আঁশ খাদ্য হজম, পরিপাক ও বিপাক ক্রিয়ায় সহায়তা করে","ফাইবার খাদ্য হজম, পরিপাক ও বিপাক ক্রিয়ায় সাহায্য করে।","খাদ্যের আঁশ হজম, পরিপাক ও বিপাক প্রক্রিয়ায় সহায়তা করে।",3.2723004119998222,,
এ রিপোর্টের মাধ্যমে ক্যান্সার যক্ষ্মা নিউমোনিয়াসহ আরও অনেক রোগ নির্ণয় করা যায়,"ক্যান্সার, যক্ষ্মা, নিউমোনিয়াসহ নানা রোগ নির্ণয় করা যাবে এই প্রতিবেদনের মাধ্যমে।","এই রিপোর্টের সাহায্যে ক্যান্সার, যক্ষ্মা, নিউমোনিয়াসহ আরও নানা রোগ শনাক্ত করা সম্ভব।",1.0790108159999363,,
হলুদে এমন কিছু উপাদান থাকে যা প্রদাহ কমায়,হলুদে এমন উপাদান রয়েছে যা প্রদাহ কমায়।,হলুদে এমন কিছু উপাদান বিদ্যমান যা প্রদাহ হ্রাস করে।,12.575297876999684,,
কিছু ক্ষেত্রে দাঁতের সংক্রমণ নিয়ন্ত্রণ করা না গেলে বা মুখের যত্নে চরম অবহেলা থাকলেও দাঁত ফেলে দিতে হতে পারে,"কিছু কিছু ক্ষেত্রে, যদি সংক্রমণ নিয়ন্ত্রণ না করা হয় বা মুখের যত্নকে চরমভাবে অবহেলা করা হয় তাহলে দাঁত ফেলে দিতে হতে পারে।","কখনো কখনো দাঁতের সংক্রমণ যদি নিয়ন্ত্রণ করা না যায় অথবা মুখের যত্নে চরম উদাসীনতা থাকে, তাহলে দাঁত তুলে ফেলার প্রয়োজন হতে পারে।",3.712146212999869,,
হৃৎপিণ্ডের ডান দিকে গড় SpO হলো ৬০৬৫ এবং বাম দিকে SpO হল ৯৫,হার্টের ডান দিকে গড় SPO 6065 এবং বাম দিকে SPO 95।,হৃদপিণ্ডের ডান পাশে গড় SpO-এর মান ৬০৬৫ এবং বাম পাশে SpO ৯৫।,2.6491010199997618,,
ঙ    থায়রয়েড গ্লান্ড ছাড়া অন্য কোন উৎসের কারণে থায়রয়েড হরমোনের আধিক্য,E. থাইরয়েড গ্রন্থি ছাড়া অন্য উৎসের কারণে অতিরিক্ত থাইরয়েড হরমোন।,থাইরয়েড হরমোনের আধিক্যের কারণ থাইরয়েড গ্রন্থি ছাড়া অন্য কোনো উৎস।,66.99435911700039,,
রক্ত উঠানামা একটি জটিল স্বাস্থ্যগত সমস্যা,রক্ত জমাট বাঁধা একটি জটিল স্বাস্থ্য সমস্যা।,রক্তচাপের ওঠানামা একটি জটিল শারীরিক সমস্যা।,3.886021109000467,,
আর বাঙালি বাড়িতে লাউ থাকবে না তাতো আর হয় না,বাঙালির ঘরে আর লাউ থাকবে না এমন নয়।,বাঙালি বাড়িতে লাউ না থাকা তো আর সম্ভব নয়।,43.86323180599993,,
ছোট শিশু এবং সদ্য হাঁটা শুরু করা বাচ্চাদের toddlers মধ্যে অস্থিরতা কখনো কখনো ক্ষুধামন্দা বা অরুচি দেখা দেয় এবং শিশু অসুস্থতা বোধ করে,"ছোট বাচ্চাদের এবং ছোট বাচ্চাদের মধ্যে, অস্থিরতার ফলে কখনও কখনও ক্ষুধা কমে যায় বা ক্ষুধা না লাগে এবং শিশু অসুস্থ বোধ করে।",ছোট ও হাঁটতে শেখা শিশুদের মধ্যে মাঝে মাঝে খাব,3.230353966000621,,
গর্সকে প্রথম দিকে বার্গার কিনতে নিয়মিত ম্যাকডোনাল্ডে যেতেন,"প্রথম দিকে, গোর্স্ক নিয়মিত বার্গার কিনতে ম্যাকডোনাল্ডে যেতেন।",প্রথম দিকে গর্স ম্যাকডোনাল্ডে নিয়মিত যেতেন বার্গার কিনতে।,1.129334473000199,,
রান্নায়ও কম লবণ দিতে হবে,রান্নায় লবণ কম ব্যবহার করা উচিত।,রান্নায়ও লবণের পরিমাণ কম রাখতে হবে।,2.8159494900000936,,
"ব্ল্যাক ফাঙ্গাসে আক্রান্ত হলে করণীয়
ধুলোবালি রয়েছে এমন জায়গায় গেলে অবশ্যই মাস্ক ব্যবহার করুন
চিকিৎসকের পরামর্শে অ্যান্টিফাংগাল বা অ্যান্টিবায়োটিক ওষুধ শুরু করা
ডায়াবেটিস নিয়ন্ত্রণে রাখতে হবে
সঠিক পরিমাণে স্টেরয়েডের ব্যবহার
উপসর্গ দেখলেই সাবধান হতে হবে",ব্ল্যাক ফাঙ্গাসে আক্রান্ত হলে কি করবেন ডাক্তারের পরামর্শে অ্যান্টিফাঙ্গাল বা অ্যান্টিবায়োটিক ওষুধ শুরু করুন ডায়াবেটিস নিয়ন্ত্রণে রাখতে হবে। সঠিক মাত্রায় স্টেরয়েড ব্যবহার করুন উপসর্গ দেখলে সতর্ক হোন।,"ব্ল্যাক ফাঙ্গাসে সংক্রমিত হলে কী করবেন  
ধুলোবালি আছে এমন স্থানে যাওয়ার সময় মাস্ক পরা বাধ্যতামূলক  
চিকিৎসকের নির্দেশে অ্যান্টিফাংগাল বা অ্যান্টিবায়োটিক ওষুধ শুরু করুন  
ডায়াবেটিস নিয়ন্ত্রণে রাখা অত্যন্ত জরুরি  
পরিমিত মাত্রায় স্টেরয়েড ব্যবহার করুন  
উপসর্গ দেখা মাত্রই সতর্ক হোন।",12.23242880900034,,
তাই খুব বেশি গরম ও ভারী কাপড় পরার প্রয়োজন হয় না,তাই খুব গরম ও ভারী কাপড় পরার দরকার নেই।,"সুতরাং, অতিরিক্ত গরম ও ভারী পোশাক পরার প্রয়োজন নেই।",3.4212952120005866,,
প্রসঙ্গত গেল ডিসেম্বরের শেষদিকে চীনের উহানে উৎপত্তি হয়ে এরইমধ্যে বিশ্বজুড়ে করোনায় আক্রান্ত হয়ে মারা গেছেন ১৬ হাজার ৬০০ মানুষ,চীনের উহান থেকে উৎপত্তি হওয়া করোনা ভাইরাসে গত বছরের ডিসেম্বরের শেষের দিকে ১৬ হাজার ৬০০ জনের মৃত্যু হয়।,"প্রসঙ্গত, গত ডিসেম্বরের শেষের দিকে চীনের উহানে উৎপত্তি হয়ে ইতিমধ্যে বিশ্বব্যাপী করোনায় আক্রান্ত হয়ে ১৬ হাজার ৬০০ মানুষ মৃত্যুবরণ করেছেন।",24.932147075000103,,
 তাই ৮০ ডিগ্রি সেন্টিগ্রেড তাপমাত্রায় ধীরে ধীরে রান্না করা উচিত,তাই এটি 80 ডিগ্রি সেন্টিগ্রেড তাপমাত্রায় ধীরে ধীরে রান্না করা উচিত।,,11.020916566999404,request_error:'NoneType' object has no attribute 'strip',
তাছাড়া আরো কতগুলা যেমন বিএমআই বেশি হওয়া,তাছাড়া আরও কিছু কারণ যেমন উচ্চ বিএমআই।,এছাড়াও আরও কিছু যেমন বিএমআই বেশি থাকা,1.1149927860005846,,
দেশে শনাক্ত হওয়া করোনাভাইরাসের কোভিড১৯ নতুন ধরন নিয়ে ব্যাপকভাবে আলোচনা চলছে,দেশে শনাক্ত হওয়া নতুন ধরনের করোনাভাইরাস কোভিড-১৯ নিয়ে তুমুল আলোচনা চলছে।,দেশে করোনাভাইরাসের কোভিড-১৯ এর নতুন ধরন শনাক্ত হওয়ায় তা নিয়ে ব্যাপক আলোচনা চলছে।,3.3128532560003805,,
 তাই হাঁটার সময়ে গতি কমালে চলবে না,তাই হাঁটার সময় ধীরগতি করবেন না।,সুতরাং হাঁটার সময়ে গতি কমানো উচিত নয়।,2.7781817679997403,,
চুলে খুশকি ও উকুনের সংক্রমণ চুলে খুশকি হলে অথবা উকুনের সংক্রমণ হলে অনেক বেশি চুলকায়,চুলে খুশকি ও উকুনের উপদ্রব: চুলে খুশকি বা উকুনের উপদ্রব থাকলে খুব চুলকায়।,খুশকি বা উকুনের সংক্রমণ থাকলে মাথার চুলে প্রচণ্ড চুলকানি হয়।,2.628514961000292,,
" যদি পাত্রটি এমন হয় যে, পানি ফেলে দেওয়া যাচ্ছে না তাহলে সেখানে কীটনাশক বা কেরোসিন বা ব্লিচিং পাউডার বা লবণ দিন","যদি পাত্রটি এমন হয় যাতে পানি নিষ্কাশন করা যায় না, তাহলে কীটনাশক বা কেরোসিন বা ব্লিচিং পাউডার বা লবণ যোগ করুন।","পাত্রটি যদি এমন অবস্থায় থাকে যে পানি ফেলা সম্ভব নয়, তবে সেখানে কীটনাশক, কেরোসিন, ব্লিচিং পাউডার অথবা লবণ ব্যবহার করুন।",3.289535548999993,,
সাইটোকাইন অতিপ্রবাহ বা ঝড় এর কারণে সমান্তরাল ক্ষতি ও রক্তজমাট বা ক্লটের সমস্যার ছাড়াও অন্যান্য জিনিস যেমন কম রক্তচাপ যা একটি গুরুতর অসুস্থতার ইঙ্গিতবহন করে কম অক্সিজেনের মাত্রা ভেন্টিলেটরের ব্যবহার এবং চিকিৎসায় ব্যবহৃত ওষুধ নিজেরাই হৃৎপিণ্ড কিডনি লিভার এবং মস্তিষ্কসহ শরীরের সমস্ত অঙ্গকে ক্ষতি করতে পারে,"সাইটোকাইন ওভারলোড বা ঝড়ের কারণে সমান্তরাল ক্ষতি এবং রক্ত ​​জমাট সমস্যা ছাড়াও, অন্যান্য জিনিস যেমন নিম্ন রক্তচাপ যা গুরুতর অসুস্থতার ইঙ্গিত দেয়, কম অক্সিজেনের মাত্রা, ভেন্টিলেটর ব্যবহার এবং চিকিত্সায় ব্যবহৃত ওষুধগুলি শরীরের সমস্ত অঙ্গের ক্ষতি করতে পারে, হৃদয়, কিডনি, লিভার এবং মস্তিষ্ক সহ।",সাইটোকাইন ঝড়ের কারণে সম,11.494088321000163,,
পিএলআইডির ব্যথা সাধারণত কোমর ও কোমরের পেছন দিয়ে ঊরু এবং পায়ের পেছন দিক দিয়ে পায়ের পাতা পর্যন্ত যেতে পারে,পিএলআইডির ব্যথা সাধারণত কোমর এবং কোমরের পিছনে থেকে উরু এবং পায়ের পিছনের দিকে বিকিরণ করে এবং পায়ের তলায় যেতে পারে।,"পিএলআইডির ব্যথা সাধারণত কোমর থেকে শুরু করে কোমরের পেছন, উরু ও পায়ের পেছন দিয়ে পায়ের পাতা পর্যন্ত বিস্তৃত হতে পারে।",3.450426356999742,,
মেলাটোনিন অ্যান্টিঅক্সিডেন্ট হিসেবেও কাজ করে,মেলাটোনিন অ্যান্টিঅক্সিডেন্ট হিসেবেও কাজ করে।,মেলাটোনিন অ্যান্টিঅক্সিডেন্ট হিসেবে কাজ করতেও সক্ষম।,2.8945984779993523,,
সেই সঙ্গে চাপ সামলানোর কিছু কৌশলও প্রয়োগ করা যেতে পারে,"এর সাথে, কিছু স্ট্রেস ম্যানেজমেন্ট কৌশলও প্রয়োগ করা যেতে পারে।","পাশাপাশি, চাপ মোকাবিলার কিছু কৌশলও প্রয়োগ করা সম্ভব",3.9060751959996196,,
ডেন্টাল এমালগাম ফিলিং দেয়ার সময় কোনোভাবে পারদ মুখের মিউকাস মেমব্রেনের সংস্পর্শে এলে এবং মোটামুটি একটি নির্দিষ্ট সময় অবস্থান করলে মুখে আলসার বা অন্য যে কোনো সমস্যা দেখা দিতে পারে,"ডেন্টাল অ্যামালগাম ফিলিংসের সময়, যদি পারদ কোনোভাবে মুখের মিউকাস মেমব্রেনের সংস্পর্শে আসে এবং একটি নির্দিষ্ট সময় ধরে থাকে, তাহলে তা মুখের আলসার বা অন্যান্য সমস্যা তৈরি করতে পারে।","ডেন্টাল এমালগাম ফিলিং করার সময় যদি পারদ কোনোভাবে মুখের মিউকাস মেমব্রেনের সংস্পর্শে আসে এবং নির্দিষ্ট সময় ধরে থাকে, তাহলে মুখে আলসার বা অন্যান্য সমস্যা দেখা দিতে পারে।",1.8078245059996334,,
খাবারের পাশপাশি মাছ মাংস ডিম দুধ ইত্যাদি খেতে হবে,"খাবারের সাথে মাছ, মাংস, ডিম, দুধ ইত্যাদি খেতে হবে।","খাবারের পাশাপাশি মাছ, মাংস, ডিম ও দুধ ইত্যাদি খাওয়া প্রয়োজন।",2.809509894999792,,
৬ রোজা থাকা অবস্থায় পাতলা পায়খানা বা বমি হলে রোজা ভেঙে খাবার স্যালাইন খেয়ে ফেলাই ভালো,রোজা রেখে ডায়রিয়া বা বমি হলে রোজা ভেঙে স্যালাইন খাওয়া উত্তম।,"রোজা অবস্থায় যদি পাতলা পায়খানা বা বমি হয়, তবে রোজা ভেঙে স্যালাইন খাওয়া উত্তম।",0.9735361250004644,,
বিশেষ করে দাঁত উঠার পর শিশুদের দুধ দাঁতের প্রতি খেয়াল রাখা লাগে,বিশেষ করে দাঁত তোলার পর শিশুর দাঁতের যত্ন নেওয়া প্রয়োজন।,বিশেষত দাঁত ওঠার পরে বাচ্চাদের দুধ দাঁতের যত্ন নেওয়া জরুরি।,1.1068706630003362,,
এটা মাধ্যমে বোঝা যাচ্ছে যে ইরানের জনগণ হাত ধোয়ার বিষয়ে সচেতন হয়েছে,এর মানে ইরানের মানুষ হাত ধোয়ার ব্যাপারে সচেতন হয়ে উঠেছে।,এ থেকে বোঝা যায় যে ইরানের জনগণ হাত ধোয়ার ব্যাপারে সচেতন হয়ে উঠেছে।,24.49157352400016,,
বিশ্ব স্বাস্থ্য সংস্থার হিসাবে ১ জন চিকিৎসকের বিপরীতে ৩ জন রেজিস্টার্ড নার্স প্রয়োজন,"WHO এর মতে, 1 জন ডাক্তারের বিপরীতে 3 জন নিবন্ধিত নার্স প্রয়োজন।","বিশ্ব স্বাস্থ্য সংস্থার মতে, একজন ডাক্তারের জন্য তিনজন নিবন্ধিত নার্স থাকা দরকার।",1.7451857819996803,,
 আপনার চটপট আরামের ওষুধ যদি খুব বেশিক্ষণ কাজ না করে বা তাতে একেবারেই উপকার না হয়,যদি আপনার দ্রুত-ত্রাণ ওষুধ দীর্ঘ সময় ধরে কাজ না করে বা সাহায্য না করে।,যদি আপনার দ্রুত আরামদায়ক ওষুধটি দীর্ঘক্ষণ কাজ না করে বা তাতে কোনো লাভই না হয়,4.865880343000754,,
একজন মানুষের ব্যক্তিত্ব কেমন হবে তার অনেকটাই নির্ভর করে তার কণ্ঠের ওপর,একজন ব্যক্তির ব্যক্তিত্ব কেমন হবে তা অনেকটাই নির্ভর করে তার কণ্ঠস্বরের ওপর।,একজন ব্যক্তির কণ্ঠস্বর তার ব্যক্তিত্ব কেমন হবে তা অনেকাংশে নির্ধারণ করে।,0.9992635889993835,,
জলবায়ুর পরিবর্তন এবং তাপমাত্রা বৃদ্ধির কারণে কিছু মানুষের মেজাজ পরিবর্তন হতে পারে,জলবায়ুর পরিবর্তন এবং ক্রমবর্ধমান তাপমাত্রা কিছু লোকের মেজাজ পরিবর্তনের কারণ হতে পারে।,জলবায়ু পরিবর্তন ও তাপমাত্রা বাড়ার ফলে কিছু মানুষের মেজাজে পরিবর্তন আসতে পারে।,3.208334439999817,,
" দ্রবণীয় আঁশ শরীরের লো-ডেনসিটি লাইপোপ্রোটিন, অর্থাৎ বাজে কোলেস্টেরলকে কমাতে সাহায্য করে",দ্রবণীয় ফাইবার শরীরের কম ঘনত্বের লাইপোপ্রোটিন বা খারাপ কোলেস্টেরল কমাতে সাহায্য করে।,শরীরের খারাপ কোলেস্টেরল বা লো-ডেনসিটি লাইপোপ্রোটিন কমাতে দ্রবণীয় আঁশ সহায়তা করে।,3.4138755160001892,,
চলুন জানি ব্যবস্থাগুলি কি আর গবেষণাই বা কি বলে,আসুন জেনে নেওয়া যাক কী কী ব্যবস্থা এবং কী বলছে গবেষণা।,আসুন জেনে নিই ব্যবস্থাগুলো কী এবং গবেষণা কী বলে।,1.4854858600001535,,
স্বাস্থ্যসম্মত ডায়েট মেনে চলতে হবে,একটি স্বাস্থ্যকর খাদ্য অনুসরণ করা উচিত।,স্বাস্থ্যকর খাদ্যাভ্যাস অনুসরণ করা জরুরি,2.848260857999776,,
কোষ্ঠকাঠিন্য ফোলাভাব এবং পেট সম্পর্কিত অন্যান্য অনেক সমস্যা থেকে মুক্তি পাবেন,"আপনি কোষ্ঠকাঠিন্য, ফোলাভাব এবং অন্যান্য পেট সংক্রান্ত সমস্যা থেকে মুক্তি পাবেন।","কোষ্ঠকাঠিন্য, ফোলাভাব ও পেটের অন্যান্য নানা সমস্যা থেকে মুক্তি মিলবে।",2.3311664600005315,,
কত ধরনের কনট্যুর  এটা ক্রিম ও পাউডার দুই ফর্মেই পাওয়া যায়,কি ধরনের কনট্যুর পাওয়া যায়? এটি ক্রিম এবং পাউডার উভয় আকারে পাওয়া যায়।,এই কনট্যুরটি ক্রিম এবং পাউডার উভয় রূপেই পাওয়া যায়।,0.7248172189993056,,
প্রথমে প্রশ্বাস ছাড়ার সময় এক গুনবেন এর পরেরবার দুই এভাবে পাঁচ পর্যন্ত,"প্রথমে, শ্বাস ছাড়ার সময়, একটি গণনা করুন, তারপরে দুটি এবং তাই পাঁচটি পর্যন্ত।","প্রথমে নিঃশ্বাস ছাড়ার সময় এক গণনা করুন, তারপর দুই, এভাবে পাঁচ পর্যন্ত।",13.058890059000078,,
ডা মো নাজমুল হক মাসুম,ডাঃ মো নাজমুল হক মাসুম,,13.370562301000064,request_error:'NoneType' object has no attribute 'strip',
যারা নিয়মিত খাবার খান না না কিংবা দীর্ঘ সময় উপোস থাকেন তাদের মধ্যে পেপটিক আলসার দেখা দিতে পারে,যারা নিয়মিত খান না বা দীর্ঘ সময় ধরে উপবাস করেন তাদের পেপটিক আলসার হতে পারে।,"যারা নির্দিষ্ট সময়ে খাবার গ্রহণ করেন না অথবা দীর্ঘক্ষণ না খেয়ে থাকেন, তাদের পেপটিক আলসার হতে পারে।",1.2868475759996727,,
 মেথির অ্যান্টিব্যাকটেরিয়াল এবং অ্যান্টিফাঙ্গাল উপাদান ঈস্ট দমন করে খুশকির জন্ম প্রতিরোধ করে,মেথির অ্যান্টিব্যাকটেরিয়াল এবং অ্যান্টিফাঙ্গাল বৈশিষ্ট্য খামির দমন করে খুশকি প্রতিরোধ করে।,মেথিতে বিদ্যমান ব্যাকটেরিয়ারোধী ও ছত্রাকরোধী উপাদানগুলো ঈস্টের বৃদ্ধি নিয়ন্ত্রণ করে খুশকি উৎপত্তি প্রতিহত করে।,10.145296573999985,,
এ রোগীদের টাইপ২ ডায়াবেটিস হওয়ার ঝুঁকি অনেক বেড়ে যায়,এই রোগীদের মধ্যে টাইপ 2 ডায়াবেটিস হওয়ার ঝুঁকি অনেক বেড়ে যায়।,টাইপ২ ডায়াবেটিসে আক্রান্ত হওয়ার সম্ভাবনা এই রোগীদের মধ্যে অনেকাংশে বেড়ে যায়।,0.5909713979999651,,
কিন্তু পরিচিত হাজারো মানুষের কাছে তিনি প্রিয় রাখী আপা নামেই বেশি পরিচিত,কিন্তু হাজারো পরিচিতজনের কাছে তিনি প্রিয়া রাখি আপা নামেই বেশি পরিচিত।,"যাইহোক, হাজারো চেনাজানা মানুষের মাঝে তিনি 'প্রিয় রাখী আপা' নামেই অধিক পরিচিত।",7.838349175000076,,
চোখের মাংসপেশীসমূহ অবশ হতে পারে যদি ডায়াবেটিস কন্ট্রোল না করা হয়,ডায়াবেটিস নিয়ন্ত্রণে না থাকলে চোখের পেশি অবশ হয়ে যেতে পারে।,ডায়াবেটিস নিয়ন্ত্রণ না করলে চোখের পেশীগুলো অবশ হয়ে যেতে পারে।,2.8399248869991425,,
আটায় থাকে গ্লুটেন নামক একটি উপাদান,ময়দায় গ্লুটেন নামক একটি উপাদান থাকে।,গ্লুটেন নামক একটি উপাদান আটায় বিদ্যমান।,0.8855586660001791,,
এ চিকিৎসাপদ্ধতির ধারা একেক রোগীর ক্ষেত্রে একেক রকম এবং ধারাটি নির্ভর করে রোগী ঠিক কী কী কারণে কোমরব্যথা অনুভব করছেন সেটির ওপর,এই চিকিত্সার কোর্স প্রতিটি রোগীর জন্য আলাদা এবং রোগীর পিঠে ব্যথার সঠিক কারণের উপর নির্ভর করে।,এই চিকিৎসা পদ্ধতির ধরন রোগীভেদে ভিন্ন হয় এবং তা নির্ভর করে রোগী কেন কোমরে ব্যথা অনুভব করছেন তার ওপর।,6.967683824000233,,
এর কারণ হচ্ছে প্রথমত সেখানে তাপমাত্রা বেশি থাকলেও বাতাসে আর্দ্রতা কম,"এর কারণ প্রথমত, সেখানে তাপমাত্রা বেশি, কিন্তু বাতাসে আর্দ্রতা কম।","প্রথমত, সেখানে তাপমাত্রা বেশি থাকলেও বাতাসে আর্দ্রতা কম থাকাই এর কারণ।",0.8135934340007225,,
পোড়া স্থানে মধুর মিশ্রণ অথবা পানি দিয়ে চিনির মিশ্রণ লাগালেও কাজ করে,পুড়ে যাওয়া স্থানে পানির সঙ্গে মধু বা চিনি মিশিয়ে লাগালেও কাজ হয়।,পুড়ে যাওয়া জায়গায় মধু বা চিনি-পানির মিশ্রণ দিলেও কার্যকর হয়।,2.921752616000049,,
১ অন্যের থেকে ৬ ফিট দূরে থাকা জরুরি,1 অন্যদের থেকে 6 ফুট দূরে থাকা গুরুত্বপূর্ণ।,অন্য ব্যক্তির থেকে ৬ ফুট দূরত্ব বজায় রাখা অত্যন্ত প্রয়োজনীয়।,2.9428064239991727,,
সবশেষ দুদিন আগে আরও দুজনের করোনা শনাক্ত হওয়ার কথা জানায় সেব্রিনা ফ্লোরা,"সাবরিনা ফ্লোরা জানান, দুদিন আগে আরও দুজন করোনায় আক্রান্ত হয়েছেন।","সেব্রিনা ফ্লোরা জানান, গত দুদিন আগে আরও দুইজনের শরীরে করোনা শনাক্ত হয়েছে।",1.389766704000067,,
" তাই এটিকে জরুরি জনস্বাস্থ্য সংকট ঘোষণা দিয়ে জাতীয় পর্যায় থেকে সমন্বিতভাবে কার্যকর উদ্যোগ গ্রহণের আহ্বান জানিয়ে টিআইবির নির্বাহী পরিচালক বলেন, ‘ঢাকার বাইরের সিটি কর্পোরেশন ও পৌরসভাগুলোতে মশক নিধনে সমন্বিত পদক্ষেপ গ্রহণে সক্ষমতার ঘাটতি জরুরি ভিত্তিতে চিহ্নিত করে সমাধানের উদ্যোগ নিতে হবে","তাই একে জরুরী জনস্বাস্থ্য সংকট হিসেবে ঘোষণা করে টিআইবির নির্বাহী পরিচালক জাতীয় পর্যায় থেকে সমন্বিত ও কার্যকর উদ্যোগ গ্রহণের আহ্বান জানিয়ে বলেন: “ঢাকার বাইরের সিটি কর্পোরেশন ও পৌরসভাগুলোতে জরুরি অবস্থার অভাব চিহ্নিত করে সমাধান করা জরুরি। মশা নির্মূল করার ক্ষমতা।""","তাই এটিকে জরুরি জনস্বাস্থ্য সংকট হিসেবে ঘোষণা করে জাতীয় স্তর থেকে সমন্বিত ও কার্যকর পদক্ষেপ নেওয়ার আহ্বান জানিয়ে টিআইবির নির্বাহী পরিচালক বলেন, ‘ঢাকার বাইরের সিটি কর্পোরেশন ও পৌরসভাগুলোতে মশা নিধনে সমন্বিত ব্যবস্থা নেওয়ার সক্ষমতার অভাব জরুরি ভিত্তিতে চিহ্নিত করে তার সমাধানের উদ্যোগ নিতে হবে।’",2.939441628000168,,
সালাদ জনপ্রিয় মিশ্র খাবার যা মূলত কাঁচা সবজি ও ফল দিয়ে তৈরি করা হয়,সালাদ একটি জনপ্রিয় মিশ্র খাবার যা প্রধানত কাঁচা শাকসবজি এবং ফল দিয়ে তৈরি করা হয়।,সালাদ একটি বহুল প্রচলিত মিশ্রণজাতীয় খাবার যা সাধারণত কাঁচা শাকসবজি ও ফলমূলের সমন্বয়ে প্রস্তুত করা হয়।,3.8082248780001464,,
এন্ডোরফিন নিঃসৃত হলে মনে কোনো ব্যথাবেদনা থাকলে তা কমিয়ে দেয় এবং মনে আনন্দের সৃষ্টি করে,এন্ডোরফিন নিঃসৃত হলে তা মনের যেকোনো ব্যথা কমায় এবং মনে আনন্দ সৃষ্টি করে।,এন্ডোরফিন নিঃসরণের ফলে মনের যেকোনো ব্যথা-বেদনা হ্রাস পায় এবং তা আনন্দের সঞ্চার করে।,2.989560085999983,,
এ জন্য নিয়মিত সঠিক সময়ে খাবার গ্রহণ বসা থেকে দাঁড়ানো বা শোয়া থেকে বসার সময় ধীরগতি অবলম্বন দরকার হলে লাঠি ব্যবহারের অভ্যাস ভালো,"তাই সঠিক সময়ে নিয়মিত খাওয়া ভালো। বসা থেকে দাঁড়ানো বা শুয়ে থাকা থেকে বসা অবস্থায় যাওয়ার সময় আপনার যদি এটি ধীরগতিতে নেওয়ার প্রয়োজন হয়, তাহলে একটি লাঠি ব্যবহার করা একটি ভাল অভ্যাস।",,14.57453364399953,request_error:'NoneType' object has no attribute 'strip',
এই প্রক্রিয়ায় একবারে একটি রোম তোলা যায়,এই প্রক্রিয়াটি একবারে একটি চুল অপসারণ করতে পারে।,এই পদ্ধতিতে একবারে একটি করে রোম অপসারণ করা সম্ভব।,2.72318847599945,,
কিন্তু আক্রান্ত প্রাণী বা ব্যক্তির সরাসরি সংস্পর্শে এলে অথবা শরীরে থাকা ক্ষত বা ফোসকার সংস্পর্শে এলে এ রোগ সুস্থ দেহে ছড়িয়ে পড়তে পারে,কিন্তু সংক্রমিত প্রাণী বা ব্যক্তির সরাসরি সংস্পর্শে বা শরীরে ক্ষত বা ফোসকার সংস্পর্শে এ রোগটি সুস্থ শরীরে ছড়িয়ে পড়তে পারে।,তবে আক্রান্ত প্রাণী বা ব্যক্তির সাথে সরাসরি যোগাযোগ হলে কিংবা শরীরের ঘা বা ফোস্কার সংস্পর্শে এলে এই রোগ সুস্থ শরীরে বিস্তার লাভ করতে পারে।,12.965819191999799,,
কোষ্টকাঠিন্য হয়ে গেলে তখন কিন্তু এমনিতেও আপনার মলত্যাগের সময় বাড়তি চাপ দিতে হবে,আপনার যদি কোষ্ঠকাঠিন্য থাকে তবে আপনাকে এখনও মলত্যাগের সময় স্ট্রেন করতে হবে।,কোষ্টকাঠিন্য দেখা দিলে তখন আপনার মলত্যাগের সময় অতিরিক্ত চাপ দিতে হবে।,1.4454276710002887,,
গাড়িতে বসে মেরুদণ্ডে আঘাত পাওয়ার অন্যতম কারণ হলো চালকের সিটবেল্ট না পরা,গাড়িতে বসার সময় মেরুদণ্ডের আঘাতের একটি প্রধান কারণ হল চালকের সিটবেল্ট না পরা।,গাড়িতে বসে মেরুদণ্ডে আঘাতের একটি প্রধান কারণ হলো চালক সিটবেল্ট না ব্যবহার করা।,2.9199023399996804,,
একে বাই ফেজিক ফিভার বলে,একে বাইফেসিক জ্বর বলা হয়।,একে দ্বি-পর্যায় জ্বর বলা হয়।,4.866305001000001,,
 সম্ভব হলে সারাদিন বসে থাকার পরিমাণ কমিয়ে দিন,সম্ভব হলে সারাদিন বসে থাকার পরিমাণ কমিয়ে দিন।,"যদি সম্ভব হয়, সারাদিন বসে থাকার সময় কমান।",2.377658454000084,,
চা কফিতে সমস্যা হলে তা গ্রহণ থেকেও বিরত থাকুন,চা-কফির সমস্যা থাকলে তা এড়িয়ে চলুন।,"যদি চা বা কফিতে কোনো সমস্যা থাকে, তাহলে তা পান করা থেকে বিরত থাকুন।",3.5426435800000036,,
অনেক সময় অর্থপেডিক হাড় ও জোড়া রোগ বিশেষজ্ঞ সার্জন নিউরোমেডিসিন ও নিউরোসার্জনের পরামর্শের প্রয়োজন হয়,কখনও কখনও অর্থোপেডিক হাড় এবং জয়েন্ট বিশেষজ্ঞ সার্জন নিউরোমেডিসিন এবং নিউরোসার্জনের পরামর্শ প্রয়োজন।,অনেক ক্ষেত্রে হাড় ও জোড়ার রোগের চিকিৎসায় অর্থপেডিক সার্জনের পাশাপাশি নিউরোমেডিসিন ও নিউরোসার্জনের মতামত নেওয়া জরুরি।,2.4132181369996033,,
হাসপাতালের দীর্ঘ লাইনে মায়ের কাঁধে ভর করে দাঁড়িয়ে ছিলেন অন্তঃসত্ত্বা মেয়ে,এক গর্ভবতী মেয়ে মায়ের কাঁধে হাসপাতালে লম্বা লাইনে দাঁড়িয়ে।,অন্তঃসত্ত্বা মেয়েটি হাসপাতালের লম্বা সারিতে মায়ের কাঁধে হেলান দিয়ে দাঁড়িয়ে ছিলেন।,2.1089958849997856,,
আর প্রতিদিন ৫০০১০০০ পা করে হাঁটা বৃদ্ধি করলে মৃত্যুহার উল্লেখযোগ্য হারে কমতে পারে,"এবং প্রতিদিন 5,001,000 ধাপ হাঁটা বৃদ্ধি উল্লেখযোগ্যভাবে মৃত্যুহার কমাতে পারে।",প্রতিদিন ৫০০ থেকে ১০০০ পা হাঁটা বাড়ালে মৃত্যুর হার উল্লেখযোগ্যভাবে কমতে পারে।,9.750103549999949,,
পরে দ্বিতীয় দিন থেকে এক ডোজ করে দেওয়া হচ্ছে,"দ্বিতীয় দিন থেকে, একটি ডোজ পরে দেওয়া হয়।",দ্বিতীয় দিন থেকে প্রতিদিন একটি করে ডোজ দেওয়া হচ্ছে।,0.7565100040001198,,
"পেঁপে
পাকা পেঁপে ত্বককে সুন্দর রাখতে কতটা উপযোগী তা অনেকেরই অজানা",পেঁপে ত্বক সুন্দর রাখতে পাকা পেঁপে কতটা উপকারী তা অনেকেই জানেন না।,"পাকা পেঁপে ত্বকের সৌন্দর্য বজায় রাখতে কতটা উপকারী, তা অনেকেই জানেন না।",35.41462904200034,,
কোলনস্কোপি এক ধরনের অ্যান্ডোসকপিক পরীক্ষা যার মাধ্যমে কোলন বা বৃহদান্ত্রের যে কোনো ধরনের রোগ শনাক্ত করা হয়,কোলনোস্কোপি হল এক ধরনের এন্ডোস্কোপিক পরীক্ষা যার মাধ্যমে কোলন বা বৃহৎ অন্ত্রের যেকোনো রোগ শনাক্ত করা যায়।,"কোলনস্কোপি হলো এক প্রকার অ্যান্ডোস্কোপিক পরীক্ষা, যা দিয়ে কোলন বা বড় অন্ত্রের যেকোনো রোগ নির্ণয় করা হয়।",1.979535407000185,,
কারণ সে খাবার ঠান্ডা করতে ফ্রিজকে খুব বেশি শক্তি অপচয় হয়,কারণ রেফ্রিজারেটর খাবার ঠাণ্ডা করতে অনেক বেশি শক্তি অপচয় করে।,কারণ খাবার ঠান্ডা করতে ফ্রিজে প্রচুর শক্তি অপচয় হয়।,8.967905889000576,,
ডিম পুষ্টিগুণে সমৃদ্ধ স্বাস্থ্যের জন্য দারুন উপকারী,ডিম পুষ্টিগুণে ভরপুর এবং স্বাস্থ্যের জন্য দারুণ।,পুষ্টিগুণে ভরপুর ডিম স্বাস্থ্যের জন্য খুবই উপকারী।,3.636819747000118,,
একটা হচ্ছে যারা হুবহু একই রকম দেখতে,একটি হচ্ছে তারা দেখতে হুবহু একই রকম।,একটি হলো যারা ঠিক একই চেহারার।,2.2917438909998964,,
বুধবার দিবাগত রাত ১টায় ওয়ার্ল্ডওমিটার ওয়েবসাইট থেকে প্রাপ্ত তথ্য অনুযায়ী বিশ্বব্যাপী করোনাভাইরাসে আক্রান্ত রোগীর সংখ্যা ১৪ লাখ ৯৫ হাজার ৫৯৮ জন,"বুধবার দুপুর ১টায় ওয়ার্ল্ডোমিটারের ওয়েবসাইট থেকে প্রাপ্ত তথ্য অনুযায়ী, বিশ্বব্যাপী করোনাভাইরাসে আক্রান্ত রোগীর সংখ্যা ১৪ লাখ ৯৫ হাজার ৫৯৮ জন।",বুধবার রাত ১টায় ওয়ার্ল্ডওমিটার ওয়েবসাইটের তথ্য অনুসারে সারা বিশ্বে করোনাভাইরাসে আক্রান্তের সংখ্যা ১৪ লাখ ৯৫ হাজার ৫৯৮ জন।,6.655074589999458,,
কিন্তু সবসময় মনে রাখতে হবে যে নিয়মিত ডাক্তারের কাছে আসতে হবে এবং ইনসুলিন নেয়াটা রেগুলার নিতে হবে,তবে সবসময় মনে রাখবেন নিয়মিত ডাক্তারের কাছে যেতে হবে এবং নিয়মিত ইনসুলিন নিতে হবে।,তবে সব সময় মনে রাখা দরকার যে নিয়মিত চিকিৎসকের কাছে যেতে হবে এবং ইনসুলিন নিয়মিত নিতে হবে।,14.31375867799943,,
দানিয়ুব নদী দ্বারা এটিকে চিহ্নিত করা হতো,এটি দানিউব নদী দ্বারা চিহ্নিত করা হয়েছিল।,,10.36853798500033,request_error:'NoneType' object has no attribute 'strip',
অনেকেই সময় বাঁচাতে পার্লারে গিয়ে মেনিকিউরপেডিকিউর করেন,অনেকেই সময় বাঁচাতে ম্যানিকিউর এবং পেডিকিউর করতে পার্লারে যান।,সময় বাঁচানোর জন্য অনেকে পার্লারে গিয়ে মেনিকিউর-পেডিকিউর করিয়ে নেয়।,2.068536179000148,,
এই টিউমার ডিজেনারেটিভ ইনফেকশন অথবা সারকোমেটাজে পরিবর্তিত হয়ে থাকে,এই টিউমার প্রকৃতির অবক্ষয় বা সারকোমাটাসে পরিবর্তিত হয়।,এই টিউমারটি ডিজেনারেটিভ সংক্রমণ অথবা সারকোমেটাজে রূপান্তরিত হয়।,3.5060636930002147,,
৭ ডা আব্দুর রহিম সহযোগী অধ্যাপক ও বিভাগীয় প্রধান লিভার বিভাগ আব্দুল মালেক উকিল মেডিকেল কলেজ নোয়াখালী ফোন ০১৭১২১৪৪৩৫৮ শুক্রবার বিকাল ০৩টা  ০৪টা,7 ডাঃ আব্দুর রহিম সহযোগী অধ্যাপক ও লিভার বিভাগের বিভাগীয় প্রধান আব্দুল মালেক উকিল মেডিকেল কলেজ নোয়াখালী ফোন 01712144358 শুক্রবার 03:00 04:00,"ডা. আব্দুর রহিম, যিনি আব্দুল মালেক উকিল মেডিকেল কলেজ, নোয়াখালীর লিভার",4.608363225000176,,
সম্ভব হলে একাধিকবার পানির ঝাপটা নিন বা গোসল করুন,"যদি সম্ভব হয়, একাধিক ঝরনা বা গোসল করুন।","যদি সম্ভব হয়, তাহলে কয়েকবার জল ছিটান বা স্নান করুন।",3.084229291000156,,
জানা যায় হাসপাতালে উৎপাদিত বর্জ্যরে ৮০ শতাংশ সাধারণ এবং ২০ শতাংশ ক্ষতিকারক,"জানা গেছে, হাসপাতালগুলোতে উৎপাদিত বর্জ্যের ৮০ শতাংশই সাধারণ এবং ২০ শতাংশ ক্ষতিকর।",হাসপাতালে উৎপন্ন বর্জ্যের ৮০% সাধারণ আর ২০% বিপজ্জনক বলে জানা গেছে।,1.0794616120001592,,
নির্দিষ্ট কিছু ওষুধ সেবনের ফলেও কেউ কেউ বিষণ্নতায় আক্রান্ত হয়,কিছু ওষুধ কিছু লোকের মধ্যে বিষণ্নতা সৃষ্টি করে।,কিছু নির্দিষ্ট ওষুধ খাওয়ার কারণেও অনেকের মধ্যে বিষণ্নতা দেখা দিতে পারে।,1.0757538349998867,,
কেনাকাটা জনসমাবেশ ভ্রমণের সময় বা যেকোনো ভিড়ের মধ্যে মাস্ক পরুন,"কেনাকাটা, ভ্রমণ বা যেকোনো ভিড়ের সময় মাস্ক পরুন।","কেনাকাটা, জনসমাবেশ, ভ্রমণ বা যেকোনো ভিড়ের সময় মাস্ক ব্যবহার করুন।",5.3011053430000175,,
 অনেকে বেশ পছন্দও করেন দারুণ স্বাদের সজনে,অনেকে আবার দারুণ স্বাদও পছন্দ করেন।,সজনের অসাধারণ স্বাদ অনেকেরই খুব প্রিয়।,0.7864418039998782,,
 সারা বিশ্বে এই প্রথম ভারতীয় প্রতিষ্ঠান ভারত বায়োটেক চালু করল কোভিডের ইন্ট্রানাসাল ভ্যাকসিন অর্থাৎ নাক দিয়ে নেওয়ার টিকা,ভারত বায়োটেক হল বিশ্বের প্রথম ভারতীয় কোম্পানি যারা কোভিডের জন্য একটি ইন্ট্রানাসাল ভ্যাকসিন চালু করেছে।,বিশ্বব্যাপী প্রথমবারের মতো ভারতীয় সংস্থা ভারত বায়োটেক কোভিডের নাকের টিকা চালু করল।,2.129796645999704,,
শাকসবজি তাজা ফলমূল স্বাভাবিক পরিমাণে খেতে পারবেন,আপনি স্বাভাবিক পরিমাণে তাজা ফল এবং সবজি খেতে পারেন।,স্বাভাবিক পরিমাণে শাকসবজি ও তাজা ফলমূল খেতে পারেন।,3.4172759839993887,,
 সঙ্গে মধু আর লেবু মিশিয়ে নিতে পারেন,এর সাথে মধু ও লেবু মিশিয়ে নিতে পারেন।,মধু ও লেবুর সাথে মিশিয়ে নিতে পারেন।,0.6574190650007949,,
অনিয়ন্ত্রিত উচ্চ রক্তচাপও ৫০ ভাগ স্ট্রোকের ঝুঁকি বাড়ায়,অনিয়ন্ত্রিত উচ্চ রক্তচাপও স্ট্রোকের ঝুঁকি 50% বাড়িয়ে দেয়।,অনিয়ন্ত্রিত উচ্চ রক্তচাপ স্ট্রোকের ঝুঁকি ৫০ শতাংশ বাড়িয়ে দেয়।,1.383603234000475,,
তাই মেলাসমার বেড়ে যাওয়ার সম্ভাবনা বৃদ্ধি করে,তাই মেলাসমা হওয়ার সম্ভাবনা বেড়ে যায়।,সুতরাং মেলানোমা বৃদ্ধির সম্ভাবনা বাড়িয়ে দেয়।,6.057216503999371,,
রসালো ফলটি শুধু পুষ্টিকরই নয় সুস্বাদুও,রসালো ফলটি শুধু পুষ্টিকর নয় সুস্বাদুও বটে।,"ফলটি শুধু পুষ্টিকরই নয়, বরং সুস্বাদুও বটে।",2.342006083000342,,
আমাদের দেশে যার মূল কারণ শর্করাজাতীয় খাদ্য বেশি খাওয়া,আমাদের দেশে এর প্রধান কারণ বেশি চিনিযুক্ত খাবার খাওয়া।,,10.561540419000266,request_error:'NoneType' object has no attribute 'strip',
এই সিদ্ধান্তসমূহের দীর্ঘমেয়াদী ফলাফলও আমাদের মাথায় রাখতে হবে,এসব সিদ্ধান্তের দীর্ঘমেয়াদী পরিণতির কথাও আমাদের মাথায় রাখতে হবে।,আমাদের এই সিদ্ধান্তগুলোর দীর্ঘমেয়াদি প্রভাবও বিবেচনায় রাখা উচিত।,1.1332404819995645,,
পরিস্থিতি যদি অস্বাভাবিক হয় শিশুদের সামনে বিষয়গুলো নিয়ে কথা না বলাই ভালো,পরিস্থিতি অস্বাভাবিক হলে শিশুদের সামনে বিষয়গুলো নিয়ে আলোচনা না করাই ভালো।,শিশুদের সামনে অস্বাভাবিক পরিস্থিতি নিয়ে আলোচনা না করাই উত্তম।,3.865749666000738,,
এতে তিনি গিনেস ওয়ার্ল্ড বুকে নিজের আগের ৩২ হাজার বিগ ম্যাক খাওয়ার রেকর্ড ভেঙে এবার ৩৪ হাজার বার্গার খাওয়ার রেকর্ড গড়েছেন,"এতে তিনি ৩২,০০০ বিগ ম্যাক খাওয়ার তার আগের গিনেস ওয়ার্ল্ড রেকর্ড ভেঙেছেন এবং ৩৪,০০০ বার্গার খাওয়ার নতুন রেকর্ড গড়েছেন।",এতে তিনি গিনেস ওয়ার্ল্ড রেকর্ডে নিজের পূর্বের ৩২ হাজার বিগ ম্যাক খাওয়ার রেকর্ড অতিক্রম করে এখন ৩৪ হাজার বার্গার খাওয়ার নতুন রেকর্ড স্থাপন করেছেন।,2.311147527000685,,
বেল যদি মিষ্টি না হয় তখন প্রয়োজনে চিনির বিকল্প উপাদান মিছরি যষ্টিমধু খেজুরের পাউডার গুড় ইত্যাদি দিয়ে শরবত তৈরি করা যেতে পারে,"পান মিষ্টি না হলে চিনির বিকল্প যেমন মিছরি, গুড়, খেজুরের গুঁড়া ইত্যাদি দিয়ে সিরাপ তৈরি করা যেতে পারে।","যদি বেল মিষ্টি না হয়, তবে প্রয়োজন অনুযায়ী চিনির পরিবর্তে মিছরি, যষ্টিমধু, খেজুরের গুঁড়ো বা গুড়ের মতো উপকরণ দিয়ে শরবত তৈরি করা সম্ভব।",9.55709540799944,,
এটি সার্সকোভ১ এ ছিল না তবে সার্সকোভ২ এ আছে,"এটি সারসকভ 1 তে নয়, সারসকভ 2 এ ছিল।","এটি সার্সকোভ১ এ অনুপস্থিত ছিল, কিন্তু সার্সকোভ২ এ বিদ্যমান।",4.798488945000827,,
 দিনে কিছুটা সময় ব্যায়াম করলে এবং ডায়েট থেকে ফ্যাট যুক্ত খাবার বাদ দিয়ে দিলেই দেহে মেদের বহর কমতে বাধ্য,দিনে কিছু সময় ব্যায়াম করা এবং খাবার থেকে চর্বিজাতীয় খাবার বাদ দিলে শরীরের মেদ কমতে বাধ্য।,প্রতিদিন কিছুক্ষণ ব্যায়াম ও খাদ্যতালিকা থেকে চর্বিযুক্ত খাবার বাদ দিলে শরীরের মেদ কমে যাওয়া নিশ্চিত।,2.63827215999936,,
এটি সাধারণত রক্তের মাধ্যমে ছড়ায়,এটি সাধারণত রক্তের মাধ্যমে ছড়িয়ে পড়ে।,সাধারণত রক্তের মাধ্যমেই এটি বিস্তার লাভ করে।,1.8987100360000113,,
কাপড়ের পাশাপাশি সার্জিক্যাল মাস্ক পরার হারও অনেক বেশি,কাপড়ের পাশাপাশি সার্জিক্যাল মাস্ক পরার হারও অনেক বেশি।,"শুধু কাপড়ের মাস্ক নয়, সার্জিক্যাল মাস্ক পরার হারও অনেক বেশি।",2.786065375000362,,
কিন্তু উচ্চ রক্তচাপের রোগী ভাবেন তাঁর স্যালাইন খাওয়া নিষেধ,কিন্তু উচ্চ রক্তচাপের রোগী মনে করেন তার স্যালাইন পান করা উচিত নয়।,তবে উচ্চ রক্তচাপের রোগী মনে করেন তার স্যালাইন খাওয়া নিষিদ্ধ।,4.3980776089993014,,
তবে আড্ডা গানের সঙ্গে এই বৃষ্টির দিনে এমন কিছু খাবার থাকা চাইইচাই যা ঝুম বৃষ্টির দিনে আপনার আনন্দ এবং অনুভূতি আরও বাড়িয়ে দিবে,"তবে আড্ডা গানের পাশাপাশি, এই বৃষ্টির দিনে আমি কিছু খাবার চাই যা এই বৃষ্টির দিনে আপনার আনন্দ এবং অনুভূতি বাড়িয়ে তুলবে।",,12.492260465999607,request_error:'NoneType' object has no attribute 'strip',
তরমুজ বেল এ ধরনের রসালো ফলমূল এবং শসা টমেটো ইত্যাদি পানিযুক্ত সবজিও শরীরের পানিশূন্যতা পূরণ করবে,তরমুজের বেলের মতো রসালো ফল এবং শসা টমেটোর মতো জলযুক্ত সবজিও শরীরে পানিশূন্যতা পূরণ করবে।,"তরমুজ, বেল, এ জাতীয় রসালো ফল এবং শসা, টমেটো ইত্যাদি পানিপূর্ণ সবজি শরীরের পানি শূন্যতা দূর করতে সহায়তা করবে।",2.7498258910000004,,
এডিস মশা সাধারণত গৃহস্থালির পরিষ্কার পানিতে জন্মে থাকে যেমনফ্রিজে জমে থাকা পানি এসিতে জমে থাকা পানি ফুলের টব গাড়ির টায়ার বা ডাবের খোলে বৃষ্টির জমে থাকা পানি,"এডিস মশা সাধারণত বাড়ির পরিষ্কার জল যেমন ফ্রিজের জল, এসি জল, ফুলের টব, গাড়ির টায়ার বা ক্যানের বৃষ্টির জলে বংশবৃদ্ধি করে৷","এডিস মশা সাধারণত বাসাবাড়ির পরিষ্কার পানিতে বংশবিস্তার করে, যেমন ফ্রিজে জমা পানি, এসির জমা পানি, ফুলের টব, গাড়ির টায়ার অথবা ডাবের খোলায় জমে থাকা বৃষ্টির পানি।",2.1251084450004782,,
স্বাভাবিক তাপমাত্রার বা ঠান্ডার সঙ্গে স্বাভাবিক পানি মিশিয়ে পান করুন,সাধারন তাপমাত্রা বা ঠাণ্ডা মিশ্রিত পানি পান করুন।,স্বাভাবিক তাপমাত্রার বা ঠান্ডা পানির সঙ্গে সাধারণ পানি মিশিয়ে খান।,2.425278368999898,,
দেখবেন দিনের বেলা খুব ভোরে তাপমাত্রা বেশ কম পড়ে,আপনি দেখতে পাবেন যে ভোরে দিনের বেলা তাপমাত্রা বেশ কমে যায়।,"দিনের বেলা ভোরের দিকে তাপমাত্রা অনেক কমে যায়, সেটা লক্ষ্য করবেন।",3.023630654000044,,
এবারের প্রতিপাদ্য আসুন একসাথে হাত ধরি গ্লুকোমামুক্ত পৃথিবী গড়ি,"এবারের প্রতিপাদ্য হল ""আসুন একসাথে হাত মিলিয়ে গ্লুকোমা মুক্ত পৃথিবী গড়ি।""","এইবারের থিম হলো, আসুন আমরা সবাই একত্রে হাত মিলিয়ে গ্লুকোমামুক্ত বিশ্ব গড়ি।",2.88917937000042,,
যখন এই ভাইরাসের গতিবিধি বুঝতে পারা গেলো তখন থেকেই আন্তর্জাতিক স্বাস্থ্য সংস্থা who এবং আমাদের সরকার এর দেওয়া স্বাস্থ্যবিধি মেনে আমরা হাসপাতাল এবং চেম্বারে রোগী দেখা চালিয়ে গেলাম,"যেহেতু এই ভাইরাসের গতিবিধি বোঝা গিয়েছিল, আমরা WHO এবং আমাদের সরকারের দেওয়া স্বাস্থ্যবিধি নির্দেশিকা অনুসরণ করে হাসপাতাল এবং চেম্বারে রোগীদের দেখতে থাকি।",এই ভাইরাসের প্রকোপ বোঝা সম্ভব হওয়ার পর থেকেই আন্তর্জাতিক স্বাস্থ্য সংস্থা WHO এবং আমাদের সরকারের নির্দেশিত স্বাস্থ্যবিধি অনুসরণ করে আমরা হাসপাতাল ও চেম্বারে রোগী দেখার কাজ অব্যাহত রেখেছি।,6.960012250999171,,
এটি নানা রকম গবেষণায় প্রমাণিত,এটি বিভিন্ন গবেষণায় প্রমাণিত হয়েছে।,বিভিন্ন গবেষণায় এটি প্রমাণিত হয়েছে।,2.3731085620001977,,
বার্নিং মাউথ সিনড্রোম মুখের ভেতরে একটি জ্বলন্ত অনুভূতি যা অনিয়ন্ত্রিত ডায়াবেটিসে রক্তে গ্লুকোজের মাত্রার কারণে হয়ে থাকে,বার্নিং মাউথ সিনড্রোম হল অনিয়ন্ত্রিত ডায়াবেটিসে রক্তে গ্লুকোজের উচ্চ মাত্রার কারণে মুখের ভিতরে জ্বলন্ত সংবেদন।,"বার্নিং মাউথ সিনড্রোম হলো মুখের অভ্যন্তরে জ্বালাপোড়ার অনুভূতি, যা অনিয়ন্ত্রিত ডায়াবেটিসের ফলে রক্তে শর্করার মাত্রার কারণে সৃষ্টি হয়।",6.504238944999997,,
যেমন যাদের বয়স ৩ মাসের কম অপরিণত বা প্রিম্যাচিওর বেবি জন্ম ওজন কম এবং যেসব শিশুর হৃদপিণ্ডের জন্মগত ত্রুটি আছে,"উদাহরণস্বরূপ, যাদের বয়স 3 মাসের কম তারা অপরিণত বা অপরিণত শিশু যাদের জন্ম ওজন কম এবং জন্মগত হার্টের ত্রুটিযুক্ত শিশু।","উদাহরণস্বরূপ, যাদের বয়স তিন মাসের কম, অপরিণত বা প্রিম্যাচিউর শিশু যাদের জন্মের সময় ওজন কম, এবং যেসব শিশুর হৃদ",15.14594051200038,,
সাধারণভাবে কেটে যাওয়া ছিঁড়ে যাওয়া বা প্রাণীর আঁচড় বা কামড়ানো এড়িয়ে চলবেন,সাধারণ কাটা এবং ক্ষত বা পশুর আঁচড় বা কামড় এড়িয়ে চলুন।,"সাধারণত কাটা, ছেঁড়া, বা পশুর আঁচড় ও কামড় এড়িয়ে চলা উচিত।",2.033664675000182,,
 ব্যায়াম নিয়মিত শারীরিক ব্যায়াম করা দরকার,ব্যায়াম নিয়মিত শারীরিক ব্যায়াম প্রয়োজন।,নিয়মিত শরীরচর্চা করা অত্যন্ত জরুরি।,4.89868684799967,,
আর কাওয়াসাকি রোগ তাদের মধ্যকারই একটি ব্যাধি,আর কাওয়াসাকি রোগ তার মধ্যে অন্যতম।,তাদের মধ্যে কাওয়াসাকি রোগও একটি অন্যতম ব্যাধি।,4.801885884000512,,
এবার পরিমাণমতো পানি দিয়ে মিশিয়ে বরফ কুচি দিয়ে পরিবেশন করুন,পর্যাপ্ত পানি মিশিয়ে বরফ কুচি দিয়ে পরিবেশন করুন।,এখন প্রয়োজনমতো জল মিশিয়ে বরফের টুকরো দিয়ে পরিবেশন করুন।,2.9816743480005243,,
অ্যালকোহল সেবনকালে ডাক্তারের পরামর্শ ছাড়া কোনো ব্যথানাশক ওষুধ সেবন করা ঠিক নয়,অ্যালকোহল পান করার সময় ডাক্তারের পরামর্শ ছাড়া কোনো ব্যথানাশক ওষুধ খাওয়া ঠিক নয়।,মদ্যপানের সময় চিকিৎসকের পরামর্শ ব্যতীত কোনো ব্যথানাশক ওষুধ গ্রহণ করা অনুচিত।,3.015144644999964,,
এরও কোনো বৈজ্ঞানিক ভিত্তি নেই,এরও কোনো বৈজ্ঞানিক ভিত্তি নেই।,এটির কোনো বৈজ্ঞানিক ভিত্তি নেই।,2.9516416870001194,,
লে কর্নেল ডা নাসির উদ্দিন আহমদ মেডিসিন বিশেষজ্ঞ সিএমএইচ ঢাকা,লেঃ কর্নেল ডাঃ নাসির উদ্দিন আহমেদ মেডিসিন বিশেষজ্ঞ সিএমএইচ ঢাকা,ঢাকা সিএমএইচ-এর মেডিসিন বিশেষজ্ঞ লে কর্নেল ডা. নাসির উদ্দিন আহমদ।,7.362281288000304,,
ককলিয়ার ইমপ্ল্যান্টের সফলতার হার অনেক বেশি,কক্লিয়ার ইমপ্লান্টের সাফল্যের হার অনেক বেশি।,,9.102238413999657,request_error:'NoneType' object has no attribute 'strip',
তাছাড়া আগের উপসর্গ গুলি আরও একটু বাড়তে পারে,"তাছাড়া, আগের উপসর্গগুলি আরও খারাপ হতে পারে।",এছাড়াও পূর্ববর্তী লক্ষণগুলি আরও কিছুটা বাড়তে পারে।,0.8438526649997584,,
 পুরো শরীর ব্যথা এবং গিঁটে ব্যথা,সারা শরীরে ব্যথা এবং জয়েন্টে ব্যথা।,শরীরের সর্বত্র ও জয়েন্টগুলোতে ব্যথা।,2.1841884750001554,,
পর্যাপ্ত ও স্বাস্থ্যকর নাস্তা আপনার দৈহিক ওজন বজায় রাখতে সাহায্য করে,পর্যাপ্ত এবং স্বাস্থ্যকর সকালের নাস্তা আপনার শরীরের ওজন ঠিক রাখতে সাহায্য করে।,পর্যাপ্ত ও পুষ্টিকর নাস্তা আপনার শরীরের ওজন নিয়ন্ত্রণে সহায়তা করে।,1.347674155000277,,
এ ছাড়া ডায়াবেটিস উচ্চ রক্তচাপ টেম্পোরাল আর্টারাইটিস ও মাল্টিপল স্কেরোসিসেও অপটিক নার্ভ ক্ষতিগ্রস্ত হয়ে থাকে,"এছাড়া ডায়াবেটিস, উচ্চ রক্তচাপ, টেম্পোরাল আর্টারাইটিস এবং মাল্টিপল স্ক্লেরোসিসেও অপটিক নার্ভ ক্ষতিগ্রস্ত হতে পারে।","ডায়াবেটিস, উচ্চ রক্তচাপ, টেম্পোরাল আর্টারাইটিস এবং মাল্টিপল স্কেরোসিসের মতো রোগেও অপটিক নার্ভের ক্ষতি হতে পারে।",1.5337372169997252,,
ডা মো আবুল কালাম আজাদ সহকারী অধ্যাপক ফ্যাকো ও গ্লুকোমা সার্জন নির্বাহী পরিচালক ও পরামর্শক বাংলাদেশ আই হাসপাতাল মিরপুর ২ ঢাকা,ডাঃ আবুল কালাম আজাদ সহকারী অধ্যাপক ফাকো এবং গ্লুকোমা সার্জন নির্বাহী পরিচালক এবং কনসালটেন্ট বাংলাদেশ চক্ষু হাসপাতাল মিরপুর 2 ঢাকা,"ডা. মো. আবুল কালাম আজাদ, সহকারী অধ্যাপক, ফ্যাকো ও গ্লুকোমা সার্জন, নির্বাহী পরিচালক ও পরামর্শক, বাংলাদেশ আই হাসপাতাল, মিরপুর-২, ঢাকা।",1.5777845760003402,,
যে কারণে পাকস্থলীতে ক্যান্সার হয় তার মধ্যে উল্লেখযোগ্য হচ্ছে,যেসব কারণে পাকস্থলীর ক্যান্সার হয় তার মধ্যে উল্লেখযোগ্য।,"পাকস্থলীতে ক্যান্সার হওয়ার যে কারণগুলো রয়েছে, তার মধ্যে বিশেষভাবে উল্লেখযোগ্য হলো।",1.2714319500000784,,
 আপনার রোগের ধরন এবং নিরাময় সম্পর্কে জানার চেষ্টা করুন,আপনার রোগের ধরন এবং প্রতিকার সম্পর্কে জানার চেষ্টা করুন।,আপনার রোগের প্রকৃতি ও চিকিৎসা সম্পর্কে জ্ঞান অর্জনের চেষ্টা করুন।,3.836229915000331,,
যারা বেসরকারিতে পড়বে তারা টাকা দিয়েই পড়বে যেখাতে খুশি সেখানেই পড়বে,যারা প্রাইভেট স্কুলে পড়ে তারা তাদের পড়াশুনার খরচ দেবে এবং তারা যে কোন ক্ষেত্রে পড়তে চায়।,"যারা বেসরকারি শিক্ষাপ্রতিষ্ঠানে পড়বে, তারা অর্থের বিনিময়ে যেখানে খুশি সেখানেই পড়বে।",24.096996709999985,,
একটু সচেতন থাকলেই আমরা এসব থেকে দীর্ঘমেয়াদি কিডনি রোগ প্রতিরোধ করতে পারি,আমরা একটু সচেতন হলেই এগুলো থেকে দীর্ঘমেয়াদি কিডনি রোগ প্রতিরোধ করতে পারি।,সামান্য সতর্ক থাকলেই আমরা এইসব থেকে দীর্ঘস্থায়ী কিডনি রোগ এড়াতে পারি।,6.013149718000022,,
পাঁচ থেকে সাত মিনিট অপেক্ষা করে ময়েশ্চারাইজার লাগিয়ে ফেলুন,পাঁচ থেকে সাত মিনিট অপেক্ষা করুন এবং তারপরে ময়েশ্চারাইজার লাগান।,ময়েশ্চারাইজার লাগানোর আগে পাঁচ থেকে সাত মিনিট অপেক্ষা করুন।,6.392576162000296,,
অন্যভাবেও চোখের আঘাতকে বর্ণনা করা যায়,চোখের আঘাত বর্ণনা করার আরেকটি উপায় হল দ্বারা,চোখের আঘাতকে আরও ভিন্ন উপায়েও বর্ণনা করা সম্ভব।,3.300441034000869,,
কখনো কখনো অত্যধিক ব্যথা হয়,কখনও কখনও ব্যথা খুব বেশি হয়।,মাঝে মাঝে প্রচণ্ড ব্যথা অনুভূত হয়।,2.6371710699995674,,
ঝুঁকির কারণগুলো  নির্দিষ্ট কিছু ঝুঁকির কারণ PPCMএর সম্ভাবনা বাড়াতে পারে,ঝুঁকির কারণ কিছু ঝুঁকিপূর্ণ কারণ PPCM এর সম্ভাবনা বাড়িয়ে দিতে পারে।,PPCM-এর সম্ভাবনা বৃদ্ধি করতে পারে কিছু নির্দিষ্ট ঝুঁকির কারণ।,0.8704993580004157,,
তার মধ্যে অনেক মেশিন অকার্যকর অবস্থায় রয়েছে,এর মধ্যে অনেক মেশিন অকেজো।,তার ভেতরে বেশ কিছু মেশিন অচল অবস্থায় আছে।,2.2037889439998253,,
হাড়ের ক্ষয় রোধ করে জলপাই তেল,অলিভ অয়েল হাড়ের ক্ষয় রোধ করে,জলপাই তেল হাড়ের ক্ষয় প্রতিরোধ করে।,2.690242027999375,,
তিনি বলেন প্রতিদিন সকালে নাস্তার পরে ও রাতে ঘুমানোর আগে দাঁত ব্রাশ করতে হবে,"তিনি বলেন, প্রতিদিন সকালে নাস্তার পর এবং রাতে ঘুমানোর আগে দাঁত ব্রাশ করা উচিত।","তিনি বলেছেন, প্রতিদিন সকালে নাস্তা খাওয়ার পর এবং রাতে ঘুমাতে যাওয়ার আগে দাঁত মাজা উচিত।",2.191196325999954,,
মুখত্বকে রক্ত সঞ্চালন বাড়ানো থেকে ত্বকের কোলাজেন উৎপাদন সব ক্ষেত্রে কার্যকরী,ত্বকে রক্ত ​​সঞ্চালন বাড়ানো থেকে শুরু করে কোলাজেন উৎপাদন সবকিছুতেই কার্যকর,মুখের ত্বকে রক্তপ্রবাহ বৃদ্ধি থেকে ত্বকের কোলাজেন তৈরির প্রতিটি দিকেই এটি কার্যকর।,0.9268718959992839,,
২০১৭ সাল থেকে যক্ষ্মা চিকিৎসার প্রথম সারির ওষুধ সম্পূর্ণ সরকারি অর্থায়নে ক্রয় ও সরবরাহ করছে,"2017 সাল থেকে, টিবি চিকিত্সার জন্য প্রথম সারির ওষুধগুলি সম্পূর্ণ সরকারি অর্থায়নে সংগ্রহ এবং সরবরাহ করা হয়েছে।",সরকার ২০১৭ সাল থেকে যক্ষ্মা চিকিৎসার প্রথম সারির ওষুধ সম্পূর্ণ নিজ,2.51276685799985,,
কোনো কারণে যদি সিক্রেশন বন্ধ হয়ে যায় অথবা সিক্রেশন হচ্ছে কিন্তু পানিটাকে ধরে রাখতে পারছে না শুকিয়ে যাচ্ছে,কোনো কারণে নিঃসরণ বন্ধ হয়ে গেলে বা নিঃসরণ ঘটছে কিন্তু পানি ধরে রাখতে না পারলে তা শুকিয়ে যায়।,যেকোনো কারণে যদি স্রাব বন্ধ হয়ে যায় বা স্রাব হচ্ছে কিন্তু পানি ধরে রাখতে না পেরে শুকিয়ে যাচ্ছে।,4.672814169000048,,
উপুড় করে শোয়াতে সমস্যা হলে ডান বা বাঁ পাশে কাত করে শোয়াতে হবে,যদি আপনার পিঠে ঘুমাতে সমস্যা হয় তবে আপনার ডান বা বাম দিকে ঘুমানো উচিত।,"যদি উপুড় করে শোয়ানো কষ্টকর হয়, তাহলে ডান অথবা বাঁ পাশে কাত করে শোয়াতে হবে।",3.6803341610002462,,
এতে চিকিৎসার নাগাল পেতে যে সময় লাগছে তার আগেই ক্যান্সার ছড়িয়ে যাচ্ছে ভুক্তভোগীর পুরো শরীরে,এভাবে চিকিৎসায় পৌঁছার আগেই ক্যান্সার আক্রান্ত ব্যক্তির সারা শরীরে ছড়িয়ে পড়ে।,"চিকিৎসা পাওয়ার জন্য যে সময় প্রয়োজন, তার আগেই ক্যান্সার রোগীর পুরো শরীরে ছড়িয়ে পড়ছে।",2.3467029860003095,,
এই গ্রন্থির কাজ হল আমাদের শরীরের কিছু অত্যাবশ্যকীয় হরমোন থাইরয়েড হরমোন উৎপাদন করা,এই গ্রন্থির কাজ হল আমাদের শরীরের কিছু প্রয়োজনীয় হরমোন তৈরি করা যাকে থাইরয়েড হরমোন বলা হয়।,এই গ্রন্থিটি আমাদের শরীরের অত্যাবশ্যকীয় থাইরয়েড হরমোন উৎপাদন করে।,6.646160584000427,,
মধ্যম  খেতে গেলে শ্বাসকষ্ট হয় বুকের নিচের অংশ ডেবে যায় এবং অক্সিজেন মাত্রা ৯২ শতাংশের নিচে থাকে তবে অক্সিজেন দিলে তা স্বাভাবিক হয়ে আসে,"পরিমিত গ্রহণের ফলে শ্বাসকষ্ট হয়, বুকের আঁটসাঁটতা কম হয় এবং অক্সিজেনের মাত্রা 92% এর নিচে, কিন্তু অক্সিজেন দিয়ে স্বাভাবিক করা হয়।","মাঝারি খাবার গ্রহণ করলে শ্বাস নিতে সমস্যা হয়, বুকের নিচের অংশ বসে যায়, অক্সিজেনের মাত্রা ৯২% এর নিচে নামে, কিন্তু অক্সিজেন সরবরাহ করলে তা স্বাভাবিক হয়।",8.440411703999416,,
এই সকল ক্যালসিয়াম সমৃদ্ধ খাবারগুলো যদি মা খেলে শিশু যদি ১০০ মিলি দুধ পায় তার মধ্যে ৩০ মিলি ক্যালসিয়াম মায়ের বুকের দুধ থেকে পায়,মা যদি এই সমস্ত ক্যালসিয়াম সমৃদ্ধ খাবার খান তবে শিশু মায়ের বুকের দুধ থেকে 100 মিলি দুধের মধ্যে 30 মিলি ক্যালসিয়াম পায়।,"মা যদি এই ক্যালসিয়ামযুক্ত খাবারগুলো খান, তাহলে শিশু ১০০ মিলি দুধের মধ্যে ৩০ মিলি ক্যালসিয়াম মায়ের বুকের দুধ থেকেই পায়।",8.660172625000087,,
নতুন ভ্যাকসিন তৈরিতে করোনাভাইরাসের জেনেটিক উপাদান নেয়া হয়েছে,করোনাভাইরাসের জেনেটিক উপাদান ব্যবহার করা হয়েছে নতুন ভ্যাকসিন তৈরিতে।,কোভিড-১৯ ভ্যাকসিন তৈরির জন্য করোনাভাইরাসের জিনগত উপাদান ব্যবহার করা হয়েছে।,14.731943646999753,,
এর মাধ্যমে খুব সহজে অল্প সময়ে বেশি পানি বিশুদ্ধ করা যায়,এটি আপনাকে অল্প সময়ের মধ্যে আরও জল বিশুদ্ধ করতে দেয়।,এই পদ্ধতিতে কম সময়ে সহজেই প্রচুর পানি পরিশোধন করা সম্ভব।,3.4608534999997573,,
ডেঙ্গুতে অন্য র্যাশ হতে পারে সেগুলো টিপিক্যাল নয়,ডেঙ্গু অন্যান্য ফুসকুড়ি হতে পারে যা সাধারণ নয়।,"ডেঙ্গু রোগে অন্যান্য যে র্যাশ দেখা দিতে পারে, সেগুলো সাধারণত টিপিক্যাল নয়।",1.3499275519998264,,
কিছু কিছু খাদ্যপানীয় আমরা কোনো হিসাব না করেই খাই,কিছু খাবার ও পানীয় আমরা কোনো হিসাব ছাড়াই খেয়ে থাকি।,কিছু কিছু খাদ্য ও পানীয় আমরা কোনো হিসাব না করেই গ্রহণ করি।,3.6219552600005045,,
"কমলা খাওয়ার পর, অনেকেই খোসা ফেলে দেন",কমলালেবু খাওয়ার পর অনেকেই খোসা ফেলে দেন।,"কমলা খাওয়ার পরে, বেশিরভাগ মানুষ খোসা বর্জন করেন।",2.368889094000224,,
আবার টমেটো ক্যাপসিকাম ব্রকলি লেটুসপাতা ইত্যাদিতে ভিটামিন সি আছে,"টমেটো, ক্যাপসিকাম, ব্রকলি, লেটুস ইত্যাদিতে ভিটামিন সি থাকে","এছাড়াও টমেটো, ক্যাপসিকাম, ব্রকলি ও লেটুসপাতার মতো সবজিতে ভিটামিন সি বিদ্যমান।",3.7224184050000986,,
এ মশা অন্য কাউকে কামড়ালে তখন তার রক্তে ম্যালেরিয়া জীবাণু ছড়ায় এবং তিনি ম্যালেরিয়ায় আক্রান্ত হন,এই মশা অন্য কাউকে কামড়ালে তার রক্তে ম্যালেরিয়ার জীবাণু ছড়িয়ে পড়ে এবং সে ম্যালেরিয়ায় আক্রান্ত হয়।,"যদি এই মশা অন্য ব্যক্তিকে কামড়ায়, তবে তার রক্ত",3.0007471210001313,,
 সালাদ ও কাঁচা খাবারে ব্যাকটেরিয়া ও প্যাথোজন থাকতে পারে তাই রান্না করে খাওয়া উচিত,"সালাদ এবং কাঁচা খাবারে ব্যাকটেরিয়া এবং প্যাথোজেন থাকতে পারে, তাই সেগুলি খাওয়ার আগে রান্না করা উচিত।","সালাদ এবং কাঁচা খাবারে জীবাণু ও রোগজীবাণু থাকতে পারে, তাই সেগুলো রান্না করে খাওয়া ভালো।",3.8185378210000636,,
 অন্যদিকে স্প্যানিশ অনুসন্ধানকারী হুয়ান পঞ্চ ডি লিওন আমেরিকায় প্রথমবারের মতো কমলা চাষের সুচনা করেন ১৫১৩ সালে,"অন্যদিকে, স্প্যানিশ অভিযাত্রী জুয়ান পাঞ্চো ডি লিওন 1513 সালে আমেরিকায় প্রথমবারের মতো কমলা চাষের প্রবর্তন করেন।",১৫১৩ সালে স্প্যানিশ অভিযাত্রী হুয়ান পঞ্চ ডি লিওন প্রথমবারের মতো আমেরিকায় কমলা চাষ শুরু করেন।,3.978811783999845,,
 তা সরাসরিই ব্যবহার করা যায়; শুকানোর দরকার হয় না,এটি সরাসরি ব্যবহার করা যেতে পারে; শুকানোর দরকার নেই।,এটি সরাসরি ব্যবহার করা যায়; শুকানোর প্রয়োজন নেই।,2.8435917880005945,,
তবে বড়দের ক্ষেত্রেও সময়মতো চিকিৎসা শুরু না করলে এ অসুখ মারাত্মক আকার নিতে পারে,তবে প্রাপ্তবয়স্কদের ক্ষেত্রেও সময়মতো চিকিৎসা শুরু না হলে এই রোগ মারাত্মক রূপ নিতে পারে।,কিন্তু প্রাপ্তবয়স্কদের ক্ষেত্রেও সময়মতো চিকিৎসা শুরু না করলে এই রোগটি ভয়াবহ আকার ধারণ করতে পারে।,1.6321437429996877,,
" 
তিনি বলেন আমি মাত্র তিন মাস হলো দায়িত্ব নিয়েছি","তিনি বলেন, আমি মাত্র তিন মাস দায়িত্বে আছি।","তিনি বলেছেন, আমি মাত্র তিন মাস আগে দায়িত্ব গ্রহণ করেছি।",2.9057045779991313,,
এই রোগীর প্রধান চিকিৎসা হল কানের ভেতর যাতে কিছু না ঢুকে এটা নিশ্চিত করা,এই রোগীর প্রধান চিকিৎসা হলো কানে যেন কিছু না ঢুকে তা নিশ্চিত করা।,এই রোগীর জন্য মুখ্য চিকিৎসা হলো কানের ভিতরে কোনো কিছু না ঢোকা নিশ্চিত করা।,3.2154458499999237,,
কিডনির সমস্যার কারণে শরীরে পানি জমা হয় মুখহাতপাসহ পেটে পানি জমা হয়ে থাকে এ কথা সত্য বটে তবে কিডনির অসুস্থতা অত্যাধিক জটিল না হলে শরীরে পানি জমা হওয়ার কোনো কারণ নাই বা অন্যভাবে বলতে গেলে কিডনির অসুস্থতা খুব বেশি জটিল আকার ধারণ না করলে শরীরে পানি জমা হতে দেখা যায় না,"এটা ঠিক যে কিডনির সমস্যার কারণে শরীরে পানি জমে- মুখে, হাতে ও পেটে পানি জমে- তবে কিডনির রোগ খুব বেশি জটিল না হলে শরীরে পানি জমে যাওয়ার কোনো কারণ নেই- অন্য কথায়, কিডনির রোগ খুব বেশি জটিল না হলে শরীরে পানি জমে না।",,11.150880420000249,request_error:'NoneType' object has no attribute 'strip',
কোনো অস্ত্রোপচারের সময় অসাবধানতাবশত স্নায়ুতে আঘাত লাগতে পারে,যেকোনো অস্ত্রোপচারের সময় অসাবধানতাবশত স্নায়ু আহত হতে পারে।,কোনও অপারেশনের সময় অমনোযোগিতার কারণে স্নায়ুতে চোট লেগে যেতে পারে।,2.3120154759999423,,
যেমন কানে সংক্রমণ কানে জ্বালা করা কানের বাইরে বা মাঝখানে আঘাত এবং খুব কম ক্ষেত্রে কানে ক্যান্সার,"যেমন কানের সংক্রমণ, কানের জ্বালা, বাইরের বা মধ্য কানে আঘাত এবং বিরল ক্ষেত্রে কানের ক্যান্সার।","কানের সংক্রমণ, জ্বালাপোড়া, বাইরের বা মাঝের কানে আঘাত এবং অত্যন্ত বিরল ক্ষেত্রে ক্যান্সার এর মতো কারণগুলি দেখা দিতে পারে।",4.071202984999218,,
অ্যাজমাকে নিয়ন্ত্রণে রাখতে পারলে জটিলতা বা ঝুঁকি থাকে না বললেই চলে,কোনো জটিলতা বা ঝুঁকি ছাড়াই হাঁপানি নিয়ন্ত্রণ করা যায়।,অ্যাজমা নিয়ন্ত্রণে রাখা গেলে জটিলতা বা ঝুঁকি থাকে না বললেই চলে।,2.3709332500002347,,
স্মৃতিচারণের মাঝে প্রপোজ আপনাদের নিজেদের স্মৃতিগুলোকে সংগ্রহ করুন,স্মৃতিচারণ করার সময় আপনার নিজের স্মৃতি সংগ্রহ করুন।,আপনার নিজের স্মৃতিগুলো সংগ্রহ করুন স্মৃতিচারণের প্রপোজের মাধ্যমে।,1.054774099999122,,
এই ভিটামিনের ঘাটতিতে কিছু কিছু ক্যান্সার হওয়ার ঝুঁকিও বেড়ে যেতে পারে,এই ভিটামিনের ঘাটতি কিছু ক্যান্সারের ঝুঁকিও বাড়িয়ে দিতে পারে।,এই ভিটামিনের অভাবে কিছু নির্দিষ্ট ক্যান্সারের ঝুঁকিও বাড়তে পারে।,2.7550527880002846,,
এর কারণে জিহ্বা খুব মসৃণ দেখা যেতে পারে,এর ফলে জিহ্বা খুব মসৃণ দেখাতে পারে।,এর ফলে জিভ অনেকটা মসৃণ দেখাতে পারে।,2.0957313170001726,,
যাদের তৈলাক্ত ত্বক তাদের ভোগান্তি বেশি,যাদের ত্বক তৈলাক্ত তারা বেশি ভোগেন।,তৈলাক্ত ত্বকের অধিকারীরা বেশি কষ্ট পান।,14.152751229999922,,
 টিনএজারদের ক্ষেত্রে বয়ঃসন্ধিকালে অ্যান্ড্রোজেন হরমোনের আধিক্য,কিশোর বয়সে বয়ঃসন্ধির সময় এন্ড্রোজেন হরমোনের আধিক্য।,বয়ঃসন্ধিকালে টিনএজারদের মধ্যে অ্যান্ড্রোজেন হরমোনের আধিক্য পরিলক্ষিত হয়।,53.19560247800018,,
ছেলেশিশুকে ডায়াপার পরানোর সময় সাবধানে পরাতে হবে যেন প্রস্রাব করলে তা গড়িয়ে ঠিকমতো শোষিত হতে পারে,একটি শিশু ছেলেকে ডায়াপার পরার সময় সতর্কতা অবলম্বন করা উচিত যাতে প্রস্রাব গড়িয়ে যায় এবং সঠিকভাবে শোষিত হয়।,"ছেলেশিশুর ডায়াপার পরানোর সময় সতর্ক থাকতে হবে, যাতে",3.286466647999987,,
গর্ভধারণ প্রতিরোধ করার জন্য খাবারের বড়ি ৯৯ কার্যকর,গর্ভাবস্থা প্রতিরোধে ডায়েট পিলগুলি 99টি কার্যকর।,গর্ভধারণ প্রতিরোধে খাবার বড়ি ৯৯ শতাংশ কার্যকর।,3.262890582000182,,
এছাড়া মসলা নেওয়ার সময় শুকনো চামচ ব্যবহার করবেন কারণ ভিজে চামচ ব্যবহার করলে মসলা নষ্ট হয়ে যেতে পারে,"এছাড়াও, মশলা নেওয়ার সময় একটি শুকনো চামচ ব্যবহার করুন কারণ ভেজা চামচ ব্যবহার করলে মশলা নষ্ট হয়ে যেতে পারে।","মসলা নেওয়ার সময় শুকনো চামচ ব্যবহার করা উচিত, কারণ ভেজা চামচ ব্যবহার করলে মসলা নষ্ট হওয়ার আশঙ্কা থাকে।",4.134823854999922,,
ডা ফারাহ দোলা বিশেষ ভারপ্রাপ্ত কর্মকর্তা স্বাস্থ্য অধিদপ্তর,"ডাঃ ফারাহ দোলা, স্পেশাল ডিউটি ​​অফিসার, হেলথ সার্ভিস ডিরেক্টরেট জেনারেল",স্বাস্থ্য অধিদপ্তরের বিশেষ ভারপ্রাপ্ত কর্মকর্তা ডা. ফারাহ দোলা।,0.842046078999374,,
মার্কিন যুক্তরাষ্ট্র ছয় কোটি ডোজ অ্যাস্ট্রাজেনেকার টিকা অন্য দেশে সরবরাহ করবে,মার্কিন যুক্তরাষ্ট্র অন্যান্য দেশে AstraZeneca ভ্যাকসিনের 60 মিলিয়ন ডোজ সরবরাহ করবে।,যুক্তরাষ্ট্র অ্যাস্ট্রাজেনেকার ছয় কোটি ডোজ টিকা অন্যান্য দেশে পাঠাবে।,1.4438346079996336,,
লেখক  মুখ ও দন্তরোগ বিশেষজ্ঞ,লেখক মৌখিক ও দাঁতের বিশেষজ্ঞ।,লেখক একজন দাঁত ও মুখের রোগের বিশেষজ্ঞ।,8.19313366300048,,
এটিকে হিমোগ্লোবিনের ঘাটতিও বলা হয়,একে হিমোগ্লোবিনের ঘাটতিও বলা হয়।,হিমোগ্লোবিনের অভাবে এই অবস্থাকে চিহ্নিত করা হয়।,1.4064657330000045,,
 ধূমপানের ফলে হাড়ের উপাদানের সঙ্গে ক্ষতিকর বিক্রিয়া হয়,ধূমপান হাড়ের উপাদানের সাথে ক্ষতিকর প্রতিক্রিয়া সৃষ্টি করে।,ধূমপানের কারণে হাড়ের উপাদানের সাথে ক্ষতিকর প্রতিক্রিয়া ঘটে।,0.6849931010001455,,
বাচ্চাদের চকলেট মূল খাবারের যেমন লাঞ্চ বা ডিনারের আধঘণ্টা আগে দিলে খাবার গ্রহণের সঙ্গে মিষ্টি অংশ অপসারিত হয়,প্রধান খাবার যেমন লাঞ্চ বা ডিনারের আধা ঘণ্টা আগে বাচ্চাদের চকলেট দিলে খাবারের মিষ্টি অংশ দূর হয়।,"বাচ্চাদের যদি লাঞ্চ বা ডিনারের মতো প্রধান খাবারের আধঘণ্টা পূর্বে চকলেট দেওয়া হয়, তাহলে খাবার গ্রহণের সময় মিষ্টি অংশটি দূর হয়ে যায়।",1.3587289619999865,,
ফাস্ট এইড ওষুধ যেমনখাবার স্যালাইন প্যারাসিটামল অ্যালার্জি প্রতিরোধক ওষুধ আমাশয় ও হজম রিলেটেড ওষুধ আগে ভাগেই সংগ্রহ করে রাখা ভালো,"প্রাথমিক চিকিৎসার ওষুধ যেমন খাবার, স্যালাইন, প্যারাসিটামল, অ্যান্টি-অ্যালার্জি ওষুধ, আমাশয় এবং হজম সংক্রান্ত ওষুধ আগে থেকে মজুত করে রাখা ভালো।","ফাস্ট এইডের ওষুধ যেমন খাবার স্যালাইন, প্যারাসিটামল, অ্যালার্জির ওষুধ, আমাশয় ও হজম সংক্রান্ত ওষুধ আগে থেকেই সংগ্রহ করে রাখা উচিত।",1.6603252059994702,,
শসা নাকি গোলাপ জল কোনটি ব্যবহার করবেন,আপনি কোনটি ব্যবহার করবেন: শসা বা গোলাপ জল?,"গোলাপ জল নাকি শসা, কোনটি ব্যবহার করবেন?",4.164135558000453,,
গুগল নিউজে ফলো করুন আরটিভি অনলাইনপুষ্টিবিদদের কাছে পেঁপের পরিচয় সুপারফুড হিসেবে,Google News-এ আরটিভি অনলাইন অনুসরণ করুন পুষ্টিবিদরা পেঁপেকে সুপারফুড হিসেবে চিহ্নিত করেন,গুগল নিউজে আরটিভি অনলাইনকে অনুসরণ করুন। পুষ্টিবিদদের মতে পেঁপে একটি সুপারফুড হিসেবে পরিচিত।,7.229242665000129,,
সাহিত্যও সেই একই ধারা অনুসরণ করে,সাহিত্য একই ধারা অনুসরণ করে।,সাহিত্যও সেই একই পথ অনুসরণ করে।,4.026791592000336,,
ঘুম অনেকটা ব্যাটারি চার্জ দেওয়ার মতো,ঘুম ব্যাটারি চার্জ করার মতো।,ঘুমকে ব্যাটারি চার্জ করার সঙ্গে তুলনা করা যায়।,1.914035832999616,,
দেশীয় ওষুধের দাম গড়ে ২০ থেকে ৫০ শতাংশ পর্যন্ত বেড়েছে,দেশীয় ওষুধের দাম বেড়েছে গড়ে ২০ থেকে ৫০ শতাংশ।,স্বদেশী ওষুধের মূল্য গড়ে ২০ থেকে ৫০ শতাংশ পর্যন্ত বৃদ্ধি পেয়েছে।,8.503618089000156,,
তাই হাইপারটেনশনকে যথার্থভাবেই সাইলেন্ট কিলার হিসাবে আখ্যায়িত করা হয়,তাই উচ্চ রক্তচাপকে যথোপযুক্তভাবে নীরব ঘাতক বলা হয়।,হাইপারটেনশনকে সঠিকভাবেই নীরব ঘাতক বলা হয়।,0.686233121999976,,
 অসুস্থ মৃত অথবা বন্য কোনো প্রাণীর সংস্পর্শ থেকে বিরত থাকা,"অসুস্থ, মৃত বা বন্য প্রাণীর সংস্পর্শ এড়িয়ে চলুন।","অসুস্থ, মৃত অথবা বন্য প্রাণীর সংস্পর্শ এড়িয়ে চলা।",2.7294728540000506,,
ফলে বাকি ১১ মাস আবার খাদ্য হজমে ভালোভাবে সাহায্য করতে পারে,"ফলস্বরূপ, বাকি 11 মাস ভাল হজমে সাহায্য করতে পারে।",তাই বাকি ১১ মাস পুনরায় খাদ্য হজমে কার্যকরভাবে সহায়তা করতে পারে।,2.424224994000724,,
ছত্রাকের সংক্রমণ জিবের ওপর প্রলেপের অন্যতম কারণ,ছত্রাক সংক্রমণ জিহ্বায় আবরণের অন্যতম কারণ।,ছত্রাকের আক্রমণ জিহ্বায় প্রলেপ পড়ার একটি প্রধান কারণ।,1.2354402239998308,,
আঙুলে এই মিশ্রণটি লাগিয়ে নাকের কাছে ধরুন,এই মিশ্রণটি আপনার আঙুলে লাগিয়ে আপনার নাকের কাছে ধরে রাখুন।,এই মিশ্রণটি আঙুলে নিয়ে নাকের কাছে আনুন।,2.0547692660002213,,
 হাতপায়ের গিরা হাঁটু কাঁধ কনুই ও হিপ জয়েন্টসহ আশপাশে ব্যথা হওয়া,"গোড়ালি, হাঁটু, কাঁধ, কনুই এবং নিতম্বের জয়েন্টগুলির চারপাশে ব্যথা।","হাত, পা, হাঁটু, কাঁধ, কনুই এবং নিতম্বের জয়েন্টসহ আশপাশের অংশে ব্যথা অনুভব করা।",3.8254230370002915,,
দুই ধরনের ডিভাইস আছে একটি সিপিএপি আর একটি বিপিএপি,CPAP এবং BPAP দুই ধরনের ডিভাইস আছে।,"দুটি ভিন্ন ধরণের যন্ত্র রয়েছে, একটি সিপিএপি ও অপরটি বিপিএপি।",2.001004116000331,,
এ বিষয়ে বিস্তারিত জানিয়েছেন মেডিসিন ও বক্ষব্যাধি বিশেষজ্ঞ অধ্যাপক ডা মো রাশিদুল হাসান,এ বিষয়ে বিস্তারিত জানান মেডিসিন ও বক্ষব্যাধি বিশেষজ্ঞ ডাঃ মো রাশিদুল হাসান।,মেডিসিন ও বক্ষব্যাধি বিশেষজ্ঞ অধ্যাপক ডা. মো. রাশিদুল হাসান এ বিষয়ে বিস্তারিত বর্ণনা দিয়েছেন।,3.2137845469997046,,
হয়তো আমার মাধ্যমে করোনা আমার বাড়িতে গিয়েছে,হয়তো আমার মাধ্যমেই আমার বাড়িতে করোনা চলে গেছে।,হতে পারে করোনা আমার মাধ্যমেই আমার বাড়িতে এসেছে।,1.8215869109999403,,
তবে সকালের জলখাবার ও লাঞ্চে ভালো প্রোটিনসমৃদ্ধ খাবার খেতে পারেন,তবে সকালের নাস্তা ও দুপুরের খাবারে ভালো প্রোটিন সমৃদ্ধ খাবার খেতে পারেন।,কিন্তু সকালের নাস্তা ও দুপুরের খাবারে প্রোটিনসমৃদ্ধ ভালো খাবার খাওয়া সম্ভব।,2.3213407509992976,,
 সামনের দিনগুলো কীভাবে কাটাবেন মোকাবেলা করবেন তা নিয়ে আপনার মতো একটা পরিকল্পনা তৈরি করুন,সামনের দিনগুলো কীভাবে সামলাতে হবে তার জন্য নিজের জন্য একটি পরিকল্পনা করুন।,আপনার মতো একটি পরিকল্পনা তৈরি করুন যে কীভাবে সামনের দিনগুলো মোকাবেলা ও কাটাবেন।,0.8024388269996052,,
এতে বাম অলিন্দ Left Atrium  নামে হৃৎপিণ্ডের একটা বিশেষ প্রকোষ্ঠ অত্যন্ত দ্রুতগতিতে ও অনিয়মিতভাবে সংকুচিত ও প্রসারিত হতে থাকে,এতে বাম অলিন্দ নামক হৃদপিণ্ডের একটি বিশেষ প্রকোষ্ঠ খুব দ্রুত ও অনিয়মিতভাবে সংকুচিত ও প্রসারিত হতে শুরু করে।,এই অবস্থায় বাম অলিন্দ বা Left Atrium নামক হৃদপিণ্ডের একটি বিশেষ প্রকোষ,21.44512103499983,,
ব্যক্তিগত গাড়ি ব্যবহার করলে গাড়ির চাকায় জীবাণুনাশক ব্যবহার করুন,ব্যক্তিগত গাড়ি ব্যবহার করলে গাড়ির চাকায় জীবাণুনাশক ব্যবহার করুন।,গাড়ি ব্যক্তিগতভাবে ব্যবহার করলে তার চাকায় জীবাণুনাশক লাগান।,2.1406720400000268,,
সালাদ  শশা টমেটো ও গাজরের সালাদ ত্বকের জন্য উপকারী,শসা টমেটো এবং গাজরের সালাদ ত্বকের জন্য উপকারী,"শশা, টমেটো ও গাজরের তৈরি সালাদ ত্বকের জন্য ভালো।",2.7818972420000136,,
এর মধ্যে ঢাকার সরকারি ও বেসরকারি হাসপাতালে ৪ হাজার ১৫১ জন এবং ঢাকার বাইরের হাসপাতালে ৫ হাজার ৫৬০ জন ডেঙ্গু রোগী ভর্তি রয়েছেন,এর মধ্যে ঢাকার সরকারি-বেসরকারি হাসপাতালে ৪ হাজার ১৫১ জন এবং ঢাকার বাইরের হাসপাতালে ৫ হাজার ৫৬০ জন ডেঙ্গু রোগী ভর্তি রয়েছেন।,ঢাকার সরকারি ও বেসরকারি হাসপাতালে ৪ হাজার ১৫১ জন এবং বাইরের হাসপাতালে ৫ হাজার ৫৬০ জন ডেঙ্গু রোগী চিকিৎসাধীন আছেন।,13.813741199000106,,
তবে আইভি ইমিউনোগ্লোবিনের খরচ প্রায় ৩ থেকে ১০ লাখ টাকা,তবে আইভি ইমিউনোগ্লোবিউলিনের দাম প্রায় ৩ থেকে ১০ লাখ টাকা।,তবে আইভি ইমিউনোগ্লোবিনের মূল্য প্রায় ৩ থেকে ১০ লাখ টাকার মধ্যে।,1.7452331630001936,,
কিন্তু এক পা এক পা করে এগোতে হবে নিজেকেই,তবে আপনাকে একবারে এক ধাপ এগিয়ে যেতে হবে।,তবে নিজেকেই ধীরে ধীরে এক পা করে এগিয়ে যেতে হবে।,6.683889858999464,,
তাই ডায়াবেটিস ধরা পড়লেও ভোজনরসিকদের হতাশ হতে বারণ করলেন ঢাকার গভর্নমেন্ট কলেজ অব অ্যাপ্লাইড হিউম্যান সাইন্সের খাদ্য ও পুষ্টিবিজ্ঞান বিভাগের সহযোগী অধ্যাপক শম্পা শারমিন খান,তাই ডায়াবেটিস ধরা পড়লেও খাদ্যপ্রেমীদের হতাশ না হওয়ার পরামর্শ দিয়েছেন ঢাকার সরকারি ফলিত মানব বিজ্ঞান কলেজের খাদ্য ও পুষ্টি বিজ্ঞান বিভাগের সহযোগী অধ্যাপক শম্পা শারমিন খান।,"ঢাকার গভর্নমেন্ট কলেজ অব অ্যাপ্লাইড হিউম্যান সাইন্সের খাদ্য ও পুষ্টিবিজ্ঞান বিভাগের সহযোগী অধ্যাপক শম্পা শারমিন খান বলেছেন, ডায়াবেটিস ধরা পড়লেও ভোজনরসিকদের হতাশ হওয়ার দরকার নেই।",9.242796837000242,,
 অধিক বিটাক্যারটিন থাকে যা পরে ভিটামিন এ তৈরি করে,আরও বিটা-ক্যারোটিন থাকে যা পরে ভিটামিন এ-তে রূপান্তরিত হয়,"অধিক বিটাক্যারোটিন বিদ্যমান, যা পরবর্তীতে ভিটামিন এ উৎপন্ন করে।",1.7064526679996561,,
এতে বলা হয় গত ২৪ ঘণ্টায় ডেঙ্গুতে আক্রান্ত হয়ে হাসপাতালে ভর্তি হওয়াদের মধ্যে ঢাকা সিটি করপোরেশনের ৩৯৭ জন এবং বাকিরা ঢাকার বাইরের,"এতে বলা হয়, ডেঙ্গুতে আক্রান্ত হয়ে গত ২৪ ঘণ্টায় ঢাকা সিটি করপোরেশন থেকে ৩৯৭ জন এবং ঢাকার বাইরে থেকে ৩৯৭ জন হাসপাতালে ভর্তি হয়েছেন।",গত ২৪ ঘণ্টায় ডেঙ্গু আক্রান্ত হয়ে হাসপাতালে ভর্তি হওয়া ব্যক্তিদের মধ্যে ঢাকা সিটি করপোরেশনের ৩৯৭ জন ও বাকিরা ঢাকার বাইরের বলে জানানো হয়েছে।,7.4078942189999,,
সচরাচর প্যারাসিটামল অ্যান্টিহিস্টামিন ও কাশির ওষুধ ব্যবহৃত হয় এ সমস্যায়,এই সমস্যায় সাধারণত প্যারাসিটামল অ্যান্টিহিস্টামিন এবং কাশির ওষুধ ব্যবহার করা হয়।,"এই সমস্যায় সাধারণত প্যারাসিটামল, অ্যান্টিহিস্টামিন ও কাশির ওষুধ ব্যবহার করা হয়।",4.264935199999854,,
তেলে ভাজা ঝালমসলাযুক্ত খাবার বাইরের খোলা খাবার ও পানীয় বর্জন করা উচিত,"তেলে ভাজা মশলাদার খাবার, খোলা খাবার ও পানীয় পরিহার করতে হবে।",তেলে ভাজা মসলাদার খাবার এবং বাইরের খোলা খাবার ও পানীয় এড়িয়ে চলা উচিত।,1.5769655189997138,,
রোদে পোড়া দাগ দূর করতে ১ টেবিল চামচ আলুর রসের সঙ্গে ১ টেবিল চামচ ভাতের মাড় মেশান,রোদে পোড়া দাগ দূর করতে ১ টেবিল চামচ আলুর রসের সাথে ১ টেবিল চামচ ভাতের মাড় মিশিয়ে নিন।,সূর্যের তাপে পোড়া দাগ দূর করতে এক টেবিল চামচ আলুর রস ও এক টেবিল চামচ ভাতের মাড় একসঙ্গে মিশিয়ে নিন।,3.5602182299999185,,
তবে জাংক খাবার খাওয়া পরিহার করতে হবে,তবে জাঙ্ক ফুড খাওয়া এড়িয়ে চলতে হবে।,তবে জাংক ফুড খাওয়া থেকে বিরত থাকতে হবে।,10.055259531999582,,
রক্তের ঘনত্ব বৃদ্ধিও এর জমাট বেঁধে যাবার প্রবণতা বাড়িয়ে দেয়,বর্ধিত রক্তের ঘনত্বও এর জমাট বাঁধার প্রবণতা বাড়ায়।,রক্তের ঘনত্ব বেড়ে গেলে তা জমাট বাঁধার সম্ভাবনাও বাড়িয়ে দেয়।,1.627564872000221,,
যেহেতু ঈদের সময় যাওয়া হচ্ছে সেহেতু অত্যধিক হোটেল ভাড়া বিবেচনার মধ্যে রাখতে হবে,"যেহেতু আপনি ঈদের সময় ভ্রমণ করছেন, তাই আপনার হোটেলের উচ্চ মূল্য বিবেচনা করা উচিত।","ঈদের সময় ভ্রমণ করার কারণে, হোটেলের ভাড়া বেশি হবে বলে সেটা মাথায় রাখা জরুরি।",4.115476943999965,,
এটি লিভারের কোষের ক্ষতি কমাতেও সাহায্য করে,এটি লিভারের কোষের ক্ষতি কমাতেও সাহায্য করে।,এটি যকৃতের কোষের ক্ষয় হ্রাস করতেও সহায়তা করে।,1.112980423999943,,
আরেকটা বিষয় হচ্ছে দীর্ঘ ১ বছর সময়ে যারা অন্যান্য ক্যান্সার রোগী তারা হয়তো সচেতন ছিল,আরেকটি বিষয় হল অন্যান্য ক্যান্সার রোগীরা দীর্ঘ 1 বছর ধরে এটি সম্পর্কে সচেতন থাকতে পারে।,"আর একটি বিষয় হলো দীর্ঘ এক বছরের মধ্যে যারা অন্যান্য ক্যান্সার আক্রান্ত রোগী, তারা সম্ভবত সচেতন ছিল।",2.4919817139998486,,
লেখক ডা ইমনুল ইসলাম অধ্যাপক শিশু বিভাগ বিএসএসএমইউ,লেখক ইমনুল ইসলাম বিএসএসএমইউর শিশুরোগ বিভাগের অধ্যাপক ড,ডা. ইমনুল ইসলাম বিএসএসএমইউ-এর শিশু বিভাগের অধ্যাপক ও লেখক।,3.883788101999926,,
কিন্তু নিজেকে সুরক্ষিত রাখতে ও মেদ কমাতে সহায়তা করতে পারে একটি সুস্থ ও সুন্দর জীবনধারা,কিন্তু একটি স্বাস্থ্যকর জীবনধারা আপনাকে ফিট থাকতে এবং ওজন কমাতে সাহায্য করতে পারে।,তবে নিজেকে নিরাপদ রাখতে ও ওজন কমাতে একটি স্বাস্থ্যকর ও সুন্দর জীবনযাত্রা সহায়ক হতে পারে।,3.0392669100001513,,
ইতোমধ্যে স্বাস্থ্য ব্যবস্থা ক্রমবর্ধমান কোভিড সংকটের কারণে ক্ষতিগ্রস্ত হচ্ছে,ক্রমবর্ধমান কোভিড সংকটের কারণে ইতিমধ্যে স্বাস্থ্য ব্যবস্থা ক্ষতিগ্রস্ত হচ্ছে।,ইতিমধ্যেই স্বাস্থ্য ব্যবস্থা বাড়তে থাকা কোভিড সংকটের কারণে ক্ষতিগ্রস্ত হচ্ছে।,2.8010466680007085,,
" এর সঙ্গে এতে ফাইবারও পাওয়া যায়, যা পরিপাকতন্ত্রকে শক্তিশালী করার পাশাপাশি কোষ্ঠকাঠিন্যের মতো সমস্যা থেকে মুক্তি পেতেও কাজ করে","এর পাশাপাশি এতে রয়েছে ফাইবার, যা শুধু পরিপাকতন্ত্রকে শক্তিশালী করে না, কোষ্ঠকাঠিন্যের মতো সমস্যা দূর করতেও সাহায্য করে।","এতে ফাইবারও বিদ্যমান, যা হজমশক্তি বাড়ানোর পাশাপাশি কোষ্ঠকাঠিন্যের মতো সমস্যা থেকেও মুক্তি দেয়।",5.055151799000669,,
কোনো কোনো ক্ষেত্রে ঘাড়ের আর্থ্রাইটিসের কারণে বা মস্তিষ্কের রক্তনালির ভেতরে চর্বি জমে রক্তনালি ছোট হয়ে গেলে অথবা রক্তনালির ভেতরে রক্ত জমাট বেঁধে গেলে মস্তিষ্কের রক্ত চলাচল কমে যায় এবং তার থেকে মাথা ঘুরাতে পারে,"কিছু ক্ষেত্রে, ঘাড়ে বাত বা মস্তিষ্কের রক্তনালীর ভিতরে চর্বি জমার কারণে, রক্তনালী সরু হয়ে যাওয়া বা রক্তনালীতে রক্ত ​​জমাট বেঁধে মস্তিষ্কে রক্ত ​​চলাচল কমে যায় এবং মাথা ঘোরা হতে পারে।",,12.387608648000423,request_error:'NoneType' object has no attribute 'strip',
অর্থাৎ ব্যাথা থেকে প্রগ্রেসিভ দুর্বলতা দেখা দিলে বুঝতে হবে সারভাইক্যাল রিজিওনে একটা নার্ভ রুটে কমপ্রেশন হয়েছে স্পাইনাল কর্ডে কিছু হয়নি,"অর্থাৎ ব্যথার কারণে প্রগতিশীল দুর্বলতা থাকলে বুঝতে হবে সার্ভিকাল অঞ্চলে একটি স্নায়ুর মূলে কম্প্রেশন হয়েছে, কিন্তু মেরুদন্ডে কিছুই হয়নি।","অর্থাৎ ব্যথার সাথে ধীরে ধীরে দুর্বলতা বাড়তে থাকলে বোঝা যায় যে সার্ভিকাল অঞ্চলের একটি স্নায়ুমূলে চাপ পড়েছে, মেরুদণ্ডের কর্ডে কোনো সমস্যা হয়নি।",12.30331832200045,,
 এই মহামূল্যবান আম নিয়ে রাতের ঘুম উড়েছে তাঁর,এই দামি আম খেয়ে রাতে ভালো ঘুম হয় তার।,এই অমূল্য আমের কারণে তাঁর রাতের ঘুম কেড়ে নিয়েছে।,0.5618430009999429,,
আরেকটা ভয়ের ব্যাপার হচ্ছে একটা মৌমাছি একবারই হুল ফোটাতে পারলেও একটা ভিমরুল কয়েকবার হুল ফোটাতে পারে,"আরেকটি ভীতিকর বিষয় হল যে একটি মৌমাছি একবারই দংশন করতে পারে, তবে একটি ওয়াপ একাধিকবার দংশন করতে পারে।","একটি মৌমাছি শুধু একবারই হুল ফোটাতে পারে, কিন্তু একটি ভিমরুল একাধিকবার হুল ফোটাতে সক্ষম—এটিও আরেকটি ভয়ের বিষয়।",3.070937997999863,,
বিশেষ করে চিনি ছাড়া ও ব্ল্যাক কফি খেলে এটি চর্বি এবং কোলাজেন উৎপাদনে বাধা দিয়ে লিভারকে সাহায্য করে,"ব্ল্যাক কফি, বিশেষ করে চিনি ছাড়া, চর্বি এবং কোলাজেন উৎপাদনে বাধা দিয়ে লিভারকে সাহায্য করে।",,22.959861725000337,request_error:'NoneType' object has no attribute 'strip',
ফলে বদ্ধঘরেই স্মার্টফোন টিভি ও কম্পিউটারের সঙ্গে কাটছে বেশিরভাগ শিশুর শৈশব,"ফলস্বরূপ, বেশিরভাগ শিশুই স্মার্টফোন, টিভি এবং কম্পিউটারের সাথে তাদের শৈশব কাটায়।","তাই অধিকাংশ শিশুর শৈশব এখন ঘরের ভেতরেই স্মার্টফোন, টিভি ও কম্পিউটার নিয়েই কাটছে।",3.1779322699994736,,
অধ্যাপক ডা মাহবুব মোতানাব্বি বলেন এ বছর চিকিৎসায় স্বাধীনতা পদক পেয়েছে ডা কামরুল ইসলাম,"অধ্যাপক মাহবুব মোতানাব্বী জানান, এ বছর চিকিৎসাশাস্ত্রে স্বাধীনতা পদক পেয়েছেন ডাঃ কামরুল ইসলাম।",ডা. কামরুল ইসলামকে এ বছর চিকিৎসা ক্ষেত্রে স্বাধীনতা পদক দেওয়া হয়েছে বলে জানিয়েছেন অধ্যাপক ডা. মাহবুব মোতানাব্বি।,2.815642244000628,,
রক্তে ইউরিক এসিডের স্বাভাবিক মাত্রা পুরুষদের ক্ষেত্রে ৩০৭০ মিগ্রা ডিএল এবং মহিলাদের ক্ষেত্রে ২৪৫৭ মিগ্রাডিএল,সাধারণ রক্তে ইউরিক অ্যাসিডের মাত্রা পুরুষদের জন্য 3070 mg dl এবং মহিলাদের জন্য 2457 mg dl।,রক্তে ইউরিক অ্যাসিডের স্বাভাবিক মাত্রা পুরুষদের বেলায় ৩০৭০ মিগ্রা ডিএল এবং মহিলাদের বেলায় ২৪৫৭ মিগ্রাডিএল,36.27744509599961,,
তাঁদের ধারণা যেহেতু রক্তচাপ স্বাভাবিক হয়ে গেছে তাই আর ওষুধ দরকার নেই,"তারা বিশ্বাস করেন যে যেহেতু রক্তচাপ স্বাভাবিক হয়ে গেছে, তাই আর ওষুধের প্রয়োজন নেই।",তারা মনে করে রক্তচাপ ঠিক হয়ে যাওয়ায় আর ওষুধের প্রয়োজন নেই।,2.5923657000003004,,
জেসমিন রোজমেরি টিউবার রোজ ও লেমন সৌরভের পারফিউম একসঙ্গে ব্যবহার করতে পারেন,জেসমিন রোজমেরি টিউবার রোজ এবং লেমন সেন্ট পারফিউম একসাথে ব্যবহার করা যেতে পারে,"জুঁই, রোজমেরি, টিউবার রোজ ও লেবুর ঘ্রাণযুক্ত পারফিউমগুলো একসাথে ব্যবহার করতে পারবেন।",4.679279734999909,,
কিন্তু করোনাতে নাক বন্ধ কিংবা সর্দির লক্ষ্মণ দেখা যায় ন,কিন্তু করোনায় নাক বন্ধ বা সর্দির কোনো উপসর্গ দেখা যায় না।,কিন্তু করোনা আক্রান্তদের নাক বন্ধ বা সর্দির মতো উপসর্গ সাধারণত দেখা যায় না।,2.4212314730002618,,
যাদের কোমরবিডিটি অর্থাৎ অন্য কোনো অসুখ রয়েছে তাদের মৃত্যুর আশঙ্কা অনেক বেশি,যাদের কমরবিডিটি আছে তাদের মৃত্যুর ঝুঁকি বেশি থাকে।,"যাদের শারীরিক জটিলতা বা অন্য কোনো রোগ আছে, তাদের মৃত্যুর ঝুঁকি অনেক বেশি।",2.5221479350002483,,
এর মধ্যে ১০০ জন চিকিৎসক ও ১০ জন নার্স মারা গেছেন,তাদের মধ্যে 100 জন চিকিৎসক ও 10 জন নার্স মারা গেছেন।,এই ১০০ জন ডাক্তার এবং ১০ জন সেবিকা মৃত্যুবরণ করেছেন।,1.100082822999866,,
"সভায় সমিতির কেন্দ্রীয় কার্যকরী পরিষদ, কেন্দ্রীয় কাউন্সিলর এবং মেডিকেল কলেজ হাসপাতালে অবস্থিত জোনসমূহের প্রতিনিধিবৃন্দসহ উপস্থিত ছিলেন","সভায় সমিতির কেন্দ্রীয় কার্যনির্বাহী পরিষদ, কেন্দ্রীয় কাউন্সিলর ও মেডিকেল কলেজ হাসপাতালে অবস্থিত জোনের প্রতিনিধিরা উপস্থিত ছিলেন।","সভায় সমিতির কেন্দ্রীয় কার্যকরী পরিষদ, কেন্দ্রীয় কাউন্সিলর এবং মেডিকেল কলেজ হাসপাতালের জোনগুলোর প্রতিনিধিরা উপস্থিত ছিলেন।",3.9630737240004237,,
ক্যানসার সেল অস্থিমজ্জার ধারণ ক্ষমতার বাইরে চলে যায়,ক্যান্সার কোষগুলি তাদের ধারণ করার জন্য অস্থি মজ্জার ক্ষমতাকে ছাড়িয়ে যায়।,ক্যানসার কোষ অস্থিমজ্জার ধারণক্ষমতার অতিরিক্ত বিস্তার লাভ করে।,5.103130684000462,,
দ্রুত চিকিৎসকের শরণাপন্ন হোনহাত বা পা ভাঙলে যেমন করে শক্ত কিছু দিয়ে কাপড় দিয়ে হলকা করে বাধা হয় সেভাবে বাধুনসাপে কাটা পেশী যতটা কম সম্ভব নড়াচড়া করুন পেশীর নড়াচড়া যত কম হবে বিষ তত কম ছড়াবে,"অবিলম্বে চিকিৎসার পরামর্শ নিন। ঠিক যেমন আপনার হাত বা পা ভেঙে গেলে, আপনাকে আলতো করে কাপড় দিয়ে মুড়িয়ে ব্যান্ডেজ করতে হবে। ব্যান্ডিকুটের আঘাতে কাটা পেশীগুলি যত কম সম্ভব নাড়াচাড়া করতে হবে। পেশীগুলির নড়াচড়া যত কম হবে, বিষ তত কম ছড়িয়ে পড়বে।",,9.92688601699956,request_error:'NoneType' object has no attribute 'strip',
এ পরীক্ষার মাধ্যমে লিভারের অবস্থা চিকিৎসার আগে ও পরে অনুধাবন করা যায়,এই পরীক্ষার মাধ্যমে চিকিৎসার আগে ও পরে লিভারের অবস্থা বোঝা যাবে।,এই পরীক্ষার সাহায্যে চিকিৎসার পূর্বে ও পরে লিভারের অবস্থা বোঝা সম্ভব।,4.011306064999189,,
পবিত্র রমজান মাসের সিয়াম সাধনা করা ইসলামের পাঁচ স্তম্ভের অন্যতম একটি স্তম্ভ,পবিত্র রমজান মাসে রোজা রাখা ইসলামের পাঁচটি স্তম্ভের একটি।,ইসলামের পাঁচ স্তম্ভের মধ্যে একটি হলো পবিত্র রমজান মাসে রোজা রাখা।,4.510814184999617,,
পাশাপাশি রোগীর বমি বমি ভাব বা বমি হওয়া এবং দৃষ্টিশক্তি ক্রমশ কমে যাওয়াকে আমরা সব টিউমারের ক্ষেত্রে লক্ষণ হিসেবে ধরতে পারি,"এছাড়াও, রোগীর বমি বমি ভাব বা বমি হওয়া এবং ধীরে ধীরে দৃষ্টিশক্তি হ্রাস সমস্ত টিউমারের লক্ষণ হিসাবে দেখা যায়।","পাশাপাশি, রোগীর বমি বমি ভাব বা বমি হওয়া এবং ধীরে ধীরে দৃষ্টিশক্তি হ্রাস পাওয়াকে আমরা সব টিউমারের জন্য একটি লক্ষণ হিসেবে বিবেচনা করতে পারি।",1.9785728489996472,,
লেখক সহযোগী অধ্যাপক এন্ডোক্রাইনোলজি বিভাগ বঙ্গবন্ধু শেখ মুজিব মেডিকেল বিশ্ববিদ্যালয়,"লেখক সহযোগী অধ্যাপক, এন্ডোক্রিনোলজি বিভাগ, বঙ্গবন্ধু শেখ মুজিব মেডিকেল বিশ্ববিদ্যালয়।",লেখক বঙ্গবন্ধু শেখ মুজিব মেডিকেল বিশ্ববিদ্যালয়ের এন্ডোক্রাইনোলজি বিভাগের সহযোগী অধ্যাপক।,1.2642856879992905,,
দীর্ঘদিন স্টেরয়েড ব্যবহারের ফলে ফাঙ্গাল ইনফেকশন বৃদ্ধি পায়,দীর্ঘমেয়াদী স্টেরয়েড ব্যবহার ছত্রাক সংক্রমণের ঝুঁকি বাড়ায়।,দীর্ঘমেয়াদী স্টেরয়েড ব্যবহারের কারণে ফাঙ্গাল সংক্রমণ বেড়ে যায়।,3.8807614119996288,,
এর আগে দেড় মাস বিভিন্ন হাসপতালে ঘুরে ভর্তি হয়েছেন ঢাকা মেডিকেল কলেজ হাসপাতালের শিশু ক্যান্সার বিভাগে,এর আগে তিনি দেড় মাস বিভিন্ন হাসপাতাল পরিদর্শন করে ঢাকা মেডিকেল কলেজ হাসপাতালের শিশু ক্যান্সার বিভাগে ভর্তি ছিলেন।,এর আগে দেড় মাস ধরে বিভিন্ন হাসপাতালে ঘুরে শেষে ঢাকা মেডিকেল কলেজ হাসপাতালের শিশু,3.274572327999522,,
"
গতকাল স্বাস্থ্য অধিদপ্তরের পাঠানো এক সংবাদ বিজ্ঞপ্তিতে জানানো হয়, গত এক দিনে ডেঙ্গু শনাক্ত হয়েছে আরও ১ হাজার ৭৯২ জনের","গতকাল স্বাস্থ্য অধিদপ্তরের পাঠানো এক প্রেস বিজ্ঞপ্তিতে বলা হয়, গত দিনে আরও ১ হাজার ৭৯২ জন ডেঙ্গুতে আক্রান্ত হয়েছেন।","গত দিন স্বাস্থ্য অধিদপ্তরের একটি সংবাদ বিজ্ঞপ্তিতে প্রকাশ করা হয়, বিগত ২৪ ঘণ্টায় ডেঙ্গুতে আক্রান্ত হয়েছেন আরও ১ হাজার ৭৯২ জন।",4.9794773110006645,,
কিন্তু প্রথম সাইড ইফেক্টই হচ্ছে পিল খেতে ভুলে যাওয়া বা মিসড পিল,কিন্তু প্রথম পার্শ্বপ্রতিক্রিয়া হলো পিল খেতে ভুলে যাওয়া বা মিসড পিল।,তবে পিল খেতে ভুলে যাওয়া বা মিসড পিলই প্রথম পার্শ্বপ্রতিক্রিয়া।,2.6637180279994936,,
স্তন্যদান সময়কালীন মায়েরা বুকের দুধের ভলিউম বাড়ানোর জন্য সকালের নাশতা বা বিকালের নাশতায় ওটস খেতে পারেন,বুকের দুধ খাওয়ানো মায়েরা বুকের দুধের পরিমাণ বাড়াতে সকালের নাস্তায় বা বিকেলের নাস্তায় ওটস খেতে পারেন।,স্তন্যপান করানোর মায়েরা বুকের দুধের পরিমাণ বাড়াতে সকালের নাস্তা বা বিকেলের নাস্তায় ওটস খেতে পারেন।,15.063894152999637,,
অনেক পরিবারের সদস্যরা ভয়ে মৃতের সৎকার না করে পালিয়ে যেতে দেখেছি,অনেক পরিবারের সদস্যদের মৃতদেহ দাফন না করে ভয়ে পালিয়ে যেতে দেখেছি।,ভয়ে মৃতের শেষকৃত্য না করেই অনেক পরিবারের সদস্যদের পালিয়ে যেতে দেখেছি।,3.4270970240004317,,
 থাইরয়েড গ্রন্থি যেটা গলার সামনের দিকে থাকে সেটা দীর্ঘদিন ফুলে শক্ত হয়ে থাকা,গলার সামনের দিকে অবস্থিত থাইরয়েড গ্রন্থি দীর্ঘ সময় ধরে ফুলে ও শক্ত থাকে।,"থাইরয়েড গ্রন্থি, যা গলার সামনের অংশে অবস্থিত, দীর্ঘ সময় ধরে ফুলে শক্ত হয়ে থাকে।",3.7521965550004097,,
এটা একটা জটিল পরিস্থিতি যা হঠাৎ ঘটে,এটি একটি জটিল পরিস্থিতি যা হঠাৎ ঘটে।,হঠাৎ ঘটে যাওয়া একটি জটিল পরিস্থিতি এটি।,1.9543300970008204,,
ফল স্বরূপ আমরা দেখতে পাই বিভিন্ন সরকারি ও বেসরকারি সংস্থা বিশেষ করে পুলিশ বিভাগ হোমিও সেবা গ্রহণ করছেন এবং সুস্থও হচ্ছেন,ফলে আমরা দেখছি বিভিন্ন সরকারি-বেসরকারি প্রতিষ্ঠান বিশেষ করে পুলিশ বিভাগ হোমিও সেবা নিচ্ছে এবং সুস্থ হচ্ছে।,"ফলস্বরূপ দেখা যাচ্ছে, বিভিন্ন সরকারি ও বেসরকারি প্রতিষ্ঠান, বিশেষ করে পুলিশ বিভাগ, হোমিওপ্যাথি চিকিৎসা নিচ্ছে এবং সুস্থও হচ্ছে।",9.150193041999955,,
রক্তচাপের ওষুধ একেকজনের জন্য একেকরকম হয়,রক্তচাপের ওষুধ প্রত্যেকের জন্য আলাদা।,প্রত্যেক ব্যক্তির জন্য রক্তচাপের ওষুধ আলাদা হয়।,2.7275415160002012,,
সরকারি পর্যায়ে দেশের একমাত্র স্যালাইন উৎপাদনকারী প্রতিষ্ঠান জনস্বাস্থ্য ইন্সটিটিউট আইপিএইচ,সরকারি পর্যায়ে দেশের একমাত্র স্যালাইন উৎপাদনকারী প্রতিষ্ঠান পাবলিক হেলথ ইনস্টিটিউট আইপিএইচ।,জনস্বাস্থ্য ইন্সটিটিউট,3.7718724930000462,,
এর ওপর যাঁদের এলোমেলো দাঁত লালা নিঃসরণ কম অনিয়ন্ত্রিত ডায়াবেটিস উচ্চ রক্তচাপ অনিয়ন্ত্রিত গ্যাস্ট্রিক অ্যাসিডিটি ইনহেলার ব্যবহারকারী ক্যানসারের রোগী অতিরিক্ত মিষ্টান্ন খাওয়ার অভ্যাসসহ রোগ প্রতিরোধক্ষমতা কম তাঁদের মুখের অভ্যন্তরের স্বাস্থ্য সব সময় হুমকিতে থাকে,"এছাড়াও, আঁকাবাঁকা দাঁত, কম লালা উৎপাদন, অনিয়ন্ত্রিত ডায়াবেটিস, উচ্চ রক্তচাপ, অনিয়ন্ত্রিত গ্যাস্ট্রিক অ্যাসিডিটি, ইনহেলার ব্যবহারকারী ক্যান্সার রোগী এবং যাদের রোগ প্রতিরোধ ক্ষমতা কম এবং বেশি পরিমাণে মিষ্টি খাওয়ার অভ্যাস রয়েছে তারা সবসময় ঝুঁকিতে থাকে। তাদের মৌখিক স্বাস্থ্য।","যাদের দাঁত এলোমেলো, লালা কম নিঃসৃত হয়, অনিয়ন্ত্রিত ডায়াবেটিস, উচ্চ রক্তচাপ, গ্যাস্ট্রিক অ্যাসিডিটি, ইনহেলার ব্যবহারকারী, ক্যান্সার রোগী, অতিরিক্ত মিষ্টি খাওয়ার অভ্যাস এবং রোগ প্রতিরোধক্ষমতা কম, তাদের মুখের ভেতরের স্বাস্থ্য সবসময় বিপদের মধ্যে থাকে।",15.71696893599983,,
তাদের নিয়ে ক্যারম বাগাডুলি কিংবা দাবার মতো যেসব খেলা ঘরে বসে খেলা যায় সেগুলোয় সময় ব্যয় করতে পারেন,"আপনি তাদের সাথে ক্যারাম, বাগাডুলি বা দাবার মতো বাড়িতে খেলা যায় এমন গেম খেলে সময় কাটাতে পারেন।","তারা ক্যারম, লুডু অথবা দাবার মতো ঘরে বসে খেলার মতো গেমগুলিতে সময় কাটাতে পারেন।",2.514004229999955,,
 এগুলো আমাদের পরিপাকতন্ত্র পরিষ্কার রাখে,এগুলো আমাদের পরিপাকতন্ত্র পরিষ্কার রাখে।,এগুলো আমাদের হজমতন্ত্র পরিচ্ছন্ন রাখে।,1.129296587000681,,
অনেকের স্ট্রোকপরবর্তী পুনর্বাসন প্রোগ্রাম Physiotherapy  Rehabilitation পালন করতে হতে পারে,অনেক লোককে স্ট্রোকের পরে ফিজিওথেরাপি পুনর্বাসন নামে একটি পুনর্বাসন প্রোগ্রাম অনুসরণ করতে হতে পারে।,অনেকের স্ট্রোকের পর পুনর্বাসনের জন্য ফিজিওথেরাপি ও রিহ্যাবিলিটেশন প্রোগ্রাম অনুসরণ করতে হতে পারে।,7.511710494999534,,
বমি ভাব বা বমি হতে পারে,বমি বমি ভাব বা বমি হতে পারে।,বমি অথবা বমি ভাব দেখা দিতে পারে,3.450620970000273,,
ওজন বাড়ার পাশাপাশি এ সুগারযুক্ত কোমল পানীয় নানাবিধ রোগ তৈরি করে,ওজন বৃদ্ধি ছাড়াও এই চিনিযুক্ত কোমল পানীয় বিভিন্ন রোগের কারণ হয়।,ওজন বৃদ্ধির পাশাপাশি এই চিনিযুক্ত কোমল পানীয় নানা রোগের কারণও হয়।,3.205684435999501,,
জলপাইয়ের মোনোস্যাচুরেটেড ফ্যাট যখন অন্য খাবারে বিদ্যমান স্যাচুরেটেড ফ্যাটের বদলে গ্রহণ করা হয় তখন তা দেহের ভিতরের ফ্যাট সেল ভাঙতে সাহায্য করে,অন্যান্য খাবারে পাওয়া স্যাচুরেটেড ফ্যাটের জায়গায় খাওয়া হলে অলিভ অয়েলের মনোস্যাচুরেটেড ফ্যাট শরীরের অভ্যন্তরে ফ্যাট কোষগুলিকে ভেঙে ফেলতে সাহায্য করে।,"যখন অন্য খাবারে থাকা স্যাচুরেটেড ফ্যাটের বদলে জলপাইয়ের মোনোস্যাচুরেটেড ফ্যাট গ্রহণ করা হয়, তখন তা শরীরের অভ্যন্তরীণ ফ্যাট কোষ ভাঙতে সাহায্য করে।",3.3418406290002167,,
আসুন জেনে নিই নারীদের সাদা স্রাব কেন হয়,আসুন জেনে নেওয়া যাক কেন মহিলাদের সাদা স্রাব হয়।,আসুন জেনে নেই কেন নারীদের সাদা স্রাব হয়।,3.072370218999822,,
কে কতটুকু ব্যায়াম করতে পারবেন তা চিকিৎসকের কাছ থেকে জেনে নিতে হবে,আপনি কতটা ব্যায়াম করতে পারেন তা দেখতে আপনার ডাক্তারের সাথে পরীক্ষা করা উচিত।,প্রত্যেক ব্যক্তির কতটুকু ব্যায়াম করা উচিত তা চিকিৎসকের পরামর্শ অনুযায়ী নির্ধারণ করতে হবে।,3.7160983950006994,,
এ ছাড়া আঙুরের রস তাদের মধ্যে প্লাজমা অ্যান্টিঅক্সিডেন্ট ক্ষমতাও বৃদ্ধি করে,"এছাড়াও, আঙ্গুরের রস তাদের মধ্যে প্লাজমা অ্যান্টিঅক্সিডেন্ট ক্ষমতা বাড়ায়।","আরও, আঙুরের রস তাদের প্লাজমা অ্যান্টিঅক্সিডেন্ট ক্ষমতাও বাড়িয়ে দেয়।",7.556698950999817,,
 রক্তে ইউরিক অ্যাসিডের মাত্রা বেড়ে গেলে খাদ্যতালিকা থেকে বাদ পড়ে যায় অনেক কিছুই,রক্তে ইউরিক অ্যাসিডের মাত্রা বেড়ে গেলে খাবার থেকে অনেক কিছুই বাদ দেওয়া হয়।,রক্তে ইউরিক অ্যাসিডের পরিমাণ বেড়ে গেলে খাদ্য তালিকা থেকে অনেক কিছুই বাদ পড়ে যায়।,2.9745657220000794,,
 গৃহস্থালির কাজে নিরাপদ ও বিশুদ্ধ পানি ব্যবহার করতে হবে,গৃহস্থালির কাজে নিরাপদ ও বিশুদ্ধ পানি ব্যবহার করতে হবে।,গৃহস্থালির কাজে নিরাপদ ও পরিষ্কার পানি ব্যবহার করা উচিত।,10.269116026999654,,
 এটি আপনার পরিপাকতন্ত্রকে সুস্থ রাখে,এটি আপনার পরিপাকতন্ত্রকে সুস্থ রাখে।,এটি আপনার হজমতন্ত্রকে সুস্থ রাখে।,2.9122070969997367,,
সাম্প্রতিক বছরগুলিতে সরকার এবং বেসরকারি প্রতিষ্ঠান উভয়ই জনগণের গতিবিধি দেখার জন্য এবং নিয়ন্ত্রণ করার জন্য আরও অত্যাধুনিক প্রযুক্তি ব্যবহার করে আসছে,"সাম্প্রতিক বছরগুলিতে, সরকারী এবং বেসরকারী উভয় প্রতিষ্ঠানই জনগণের গতিবিধি নিরীক্ষণ ও নিয়ন্ত্রণের জন্য আরও অত্যাধুনিক প্রযুক্তি ব্যবহার করেছে।",সাম্প্রতিক সময়ে সরকারি ও বেসরকারি উভয় প্রতিষ্ঠানই জনগণের চলাচল পর্যবেক্ষণ ও নিয়ন্ত্রণে আরও উন্নত প্রযুক্তি ব্যবহার করছে।,4.025562288000401,,
এর ওপরে পাতলা একটি স্তর থাকে যা বাইরের জীবাণু থেকে আমাদের চোখকে রক্ষা করে,এর উপরে একটি পাতলা স্তর রয়েছে যা আমাদের চোখকে বাইরের জীবাণু থেকে রক্ষা করে।,চোখের ওপরে একটি সরু আবরণ থাকে যা বাইরের জীবাণু থেকে আমাদের চোখকে সুরক্ষিত রাখে।,1.0839461269997628,,
তবে হেয়ারি লিউকোপ্লাকিয়াতে ক্যান্সারের কোনো ঝুঁকি থাকে না,তবে লোমশ লিউকোপ্লাকিয়াতে ক্যান্সারের ঝুঁকি নেই।,তবে হেয়ারি লিউকোপ্লাকিয়ায় ক্যান্সারের কোনো আশঙ্কা নেই।,8.055699139999888,,
 কোনো শব্দ উচ্চারণে সমস্যা হলে প্রথমে স্বরবর্ণগুলো জোরে জোরে উচ্চারণ করুন,কোনো শব্দ উচ্চারণ করতে সমস্যা হলে প্রথমে স্বরধ্বনিগুলো উচ্চারণ করুন।,"যদি কোনো শব্দ উচ্চারণ করতে সমস্যা হয়, তাহলে সবার আগে স্বরবর্ণগুলো উচ্চস্বরে উচ্চারণ করুন।",3.890051363000566,,
এছাড়া চুলে ব্যবহার করুন হেয়ার সেরাম,এছাড়াও চুলে হেয়ার সিরাম ব্যবহার করুন।,"চুলে হেয়ার সেরাম ব্যবহার করুন, পাশাপাশি।",0.8261878720004461,,
আমেরিকান ক্যানসার বিশেষজ্ঞ রিচার্ড ডেল ও রিচার্ড পেটোর মতে মানবদেহে যত ধরনের ক্যানসার হতে পারে তার বেশিরভাগ ক্ষেত্রেই ধূমপান ও তামাকের সরাসরি ভূমিকা রয়েছে,"আমেরিকান ক্যান্সার বিশেষজ্ঞ রিচার্ড ডেল এবং রিচার্ড পেটোর মতে, ধূমপান এবং তামাক মানুষের শরীরে যে ধরনের ক্যান্সার হতে পারে তার বেশিরভাগ ক্ষেত্রে সরাসরি ভূমিকা পালন করে।","আমেরিকার ক্যানসার বিশেষজ্ঞ রিচার্ড ডেল ও রিচার্ড পেটোর মত অনুযায়ী, মানবদেহে সম্ভাব্য প্রায় সব ধরনের ক্যানসারের ক্ষেত্রেই ধূমপান ও তামাকের প্রত্যক্ষ প্রভাব বিদ্যমান।",5.288927684000555,,
হৃদ্রোগ ক্যানসার কিডনির অসুস্থতা অ্যাজমা বা শ্বাসযন্ত্রের অসুবিধা টিবি অ্যালার্জি থাকলে,হৃদরোগ ক্যান্সার কিডনি রোগ হাঁপানি বা শ্বাসকষ্টের সমস্যা টিবি অ্যালার্জি,"হৃদরোগ, ক্যানসার, কিডনিজনিত সমস্যা, অ্যাজমা বা শ্বাসকষ্ট, যক্ষ্মা ও অ্যালার্জি থাকলে",3.6420149149998906,,
ময়নাতদন্তের প্রাথমিক ফলাফলগুলোতে শরীরের একাধিক অঙ্গগুলোতে রক্তজমাট বিস্তৃত ছড়িয়ে থাকা নিদর্শন দেখা যায়,ময়নাতদন্তের প্রাথমিক ফলাফলে একাধিক অঙ্গে ব্যাপক রক্ত ​​জমাট বেঁধেছে।,ময়নাতদন্তের প্রাথমিক রিপোর্টে দেহের বিভিন্ন অঙ্গে ব্যাপকভাবে রক্ত জমাট বাঁধার লক্ষণ পাওয়া গেছে।,3.6746720389992333,,
পরিশেষে মানসিক অবসাদ একসময় ধনিক শ্রেণীর অসুখ মনে করা হলেও অতিরিক্ত নগরায়ন পিতামাতার অতিরিক্ত ব্যস্ততা বর্তমান সময়ের লকডাউনের মতো বদ্ধ অবস্থার কারণে স্বল্পন্নত দেশ সমূহে ও মানসিক অবসাদ ব্যাপকভাবে জেকে বসেছে,"পরিশেষে, বিষণ্নতাকে একসময় ধনীদের একটি রোগ বলে মনে করা হতো, কিন্তু অতিনগরীকরণ, অতিরিক্ত ব্যস্ত অভিভাবকত্ব এবং বর্তমান লকডাউন অনুন্নত দেশগুলোতে বিষণ্নতাকে ব্যাপকভাবে ছড়িয়ে দিয়েছে।","অবশেষে, মানসিক চাপ একসময় ধনী শ্রেণীর রোগ হিসেবে বিবেচিত হলেও, অতিরিক্ত নগরায়ণ, পিতামাতার অতি ব্যস্ততা এবং বর্তমান লকডাউনের মতো সীমাবদ্ধ অবস্থার কারণে স্বল্পোন্নত দেশগুলোতেও এটি ব্যাপক আকারে ছড়িয়ে পড়েছে।",13.31148789800045,,
 এ ছাড়া পাস্তা কেনার ক্ষেত্রে হোল গ্রেইন পাস্তা দেখে কিনতে পারেন,"এছাড়াও, পাস্তা কেনার সময়, আপনি পুরো শস্যের পাস্তার সন্ধান করতে পারেন এবং এটি কিনতে পারেন।",হোল গ্রেইন পাস্তা দেখে কিনতে পারেন পাস্তা কেনার সময়।,2.385418225999274,,
 তবে কিডনির রোগ ইতিমধ্যেই থাকলে তখন সতর্ক হতে হবে,তবে আপনার যদি আগে থেকেই কিডনি রোগ থাকে তবে সাবধান।,তবে আগে থেকেই কিডনির রোগ থাকলে সতর্কতা অবলম্বন করা জরুরি।,2.900103835999289,,
পুরো ফেব্রুয়ারি মাস বন্ধ থাকবে বলে ঘোষণা দিয়ে অনেক স্কুল ছুটিও দিয়েছিল,অনেক স্কুল পুরো ফেব্রুয়ারি মাসের জন্য ছুটি ঘোষণা করেছে।,ফেব্রুয়ারি মাস জুড়ে বন্ধ থাকার ঘোষণা দিয়ে অনেক স্কুল ছুটি দিয়েছিল।,3.9718832640000983,,
আজকাল অনেকেই শর্করা শূন্য বা জিরো কার্ব বা লো কার্ব খাবারের দিকে ঝুঁকছেন,"আজকাল, অনেক লোক জিরো-কার্ব বা কম-কার্ব ডায়েটের দিকে ঝুঁকছে।",বর্তমানে বহু মানুষ শর্করাবিহীন বা কম শর্করা যুক্ত খাবারের প্রতি আগ্রহী হচ্ছেন।,1.0086728849992141,,
মনে রাখতে হবে অ্যাজমায় ইনহেলার সবচেয়ে আধুনিক এবং শুরুর দিকের চিকিৎসা যার পার্শ্বপ্রতিক্রিয়া নাই বললেই চলে,এটা মনে রাখা উচিত যে হাঁপানি ইনহেলার হল সবচেয়ে আধুনিক এবং প্রাথমিক চিকিৎসা যার প্রায় কোন পার্শ্বপ্রতিক্রিয়া নেই।,"অ্যাজমা চিকিৎসায় ইনহেলার সবচেয়ে আধুনিক ও প্রাথমিক পদ্ধতি, যার পার্শ্বপ্রতিক্রিয়া প্রায় নেই বললেই চলে।",3.513456163999763,,
 আর হাসপাতাল থেকে ছাড়পত্র পেয়েছেন এক হাজার ৪৮৯ জন,আর হাসপাতাল থেকে ছাড়পত্র পেয়েছেন ১ হাজার ৪৮৯ জন।,হাসপাতাল থেকে এক হাজার চারশো উননব্বই জন ছাড়পত্র পেয়েছেন।,2.1780325800000355,,
মধ্য সকাল বেলায় মিক্সড নাট চিকেন স্যুপ দই হতে পারে,মাঝরাতে মিক্সড বাদাম চিকেন স্যুপে দই হতে পারে।,"মধ্য সকালে মিক্সড নাট, চিকেন স্যুপ ও দই থাকতে পারে।",2.031945980999808,,
তিনি বলেন হাই ব্লাড প্রেসার বা উচ্চ রক্তচাপ মনে আমাদের দেশের রোগীরা সবাই ফার্মেসিতে যায়,"তিনি বলেন, আমাদের দেশের সব রোগীই উচ্চ রক্তচাপের কারণে ফার্মেসিতে যান।","তিনি বলেছেন, উচ্চ রক্তচাপ বা হাই ব্লাড প্রেসারের কারণে আমাদের দেশের রোগীরা সবাই ফার্মেসিতে যান।",1.2434716580000895,,
ইনফেকশনের কারণে কারও ডিম্বনালি যদি কেটেই ফেলা হয় বা কারও যদি টিউমার লাইগেশন করে দেয়া হয় সেক্ষেত্রে স্বামীস্ত্রী মিলন করলেও ডিম্বাণু নিষিক্ত হবে না,"যদি সংক্রমণের কারণে কারো ফ্যালোপিয়ান টিউব অপসারণ করা হয় বা কারো টিউমার বন্ধন থাকে, এমনকি স্বামী-স্ত্রীর মিলন থাকলেও ডিম্বাণু নিষিক্ত হবে না।","ইনফেকশনের কারণে কারও ডিম্বনালি কেটে ফেলা হলে বা টিউমার লাইগেশন করা থাকলে, স্বামী-স্ত্রীর মিলনের পরেও ডিম্বাণু নিষিক",2.8213944770004673,,
১ Major Psychiatric disorder বা গুরুতর মানসিক ব্যাধি,1 প্রধান মানসিক ব্যাধি বা গুরুতর মানসিক ব্যাধি,গুরুতর মানসিক ব্যাধি বা মেজর সাইকিয়াট্রিক ডিসঅর্ডার,2.2632351109996307,,
সবচেয়ে ভালো হয় ঘুমের অন্তত তিন ঘণ্টা আগে খাবার খাওয়ানো,ঘুমানোর অন্তত তিন ঘণ্টা আগে খাওয়া ভালো।,ঘুমানোর অন্তত তিন ঘণ্টা আগে খাবার দেওয়াই সবচেয়ে ভালো।,1.6478916930000196,,
 পরিবারে সুষম খাদ্যাভ্যাস গড়ে তুলুন,পরিবারে সুষম খাদ্য গড়ে তুলুন।,পরিবারে পুষ্টিকর খাদ্যাভ্যাস তৈরি করুন।,0.9099872489996415,,
 কয়েকটি পুদিনা পাতা একটি পাত্রের জলে নিয়ে ফুটিয়ে সেই জল ছেঁকে ঠান্ডা করে পান করলে উপকার,একটি পাত্রের পানিতে কয়েকটি পুদিনা পাতা সিদ্ধ করে সেই পানি ছেঁকে পান করলে উপকার পাওয়া যায়।,"কিছু পুদিনা পাতা জলে ফুটিয়ে, সেই জল ছেঁকে ঠাণ্ডা করে পান করলে শরীরের উপকার হয়।",2.8058873509999103,,
আমাদের পলিসি হচ্ছেতার কক্ষ থেকে যেসব জায়গায় তিনি গিয়েছেন সেসব কক্ষ ডিজইনফেক্ট করব,আমাদের নীতি হল তিনি যে কক্ষগুলি পরিদর্শন করেছেন তার রুম থেকে জীবাণুমুক্ত করা।,"আমাদের নীতি হলো, তিনি তার কক্ষ থেকে যেসব স্থানে গিয়েছেন, সেসব কক্ষ জীবাণুমুক্ত করা হবে।",0.8089246889994683,,
 কিছু জন্মগত ত্রুটিও এই রোগে আক্রান্ত হওয়ার ঝুঁকি বাড়িয়ে দেয়,কিছু জন্মগত ত্রুটি রোগ হওয়ার ঝুঁকি বাড়ায়।,এই রোগে আক্রান্ত হওয়ার ঝুঁকি কিছু জন্মগত ত্রুটির কারণে বেড়ে যায়।,4.190705082000022,,
তিনি মিপুরের ডা আজমল হাসপাতালের কনসালট্যান্ট এবং ডার্মাটোলজিস্ট ও ডার্মাটো সার্জন,তিনি মিপুরের আজমল হাসপাতালের কনসালটেন্ট এবং চর্মরোগ বিশেষজ্ঞ এবং ডার্মাটো সার্জন।,তিনি মিপুরের ডা. আজমল হাসপাতালে,3.7004365549992144,,
আয়োডিনের সবচেয়ে সাধারণ উৎস হলো আয়োডিনযুক্ত লবণ,আয়োডিনের সবচেয়ে সাধারণ উৎস হল আয়োডিনযুক্ত লবণ।,আয়োডিনের সবচেয়ে প্রচলিত উৎস হচ্ছে আয়োডিনযুক্ত লবণ।,11.965611560999605,,
তাদের কেউ কেউ হটলাইনে নিয়ন্ত্রণ কক্ষের সঙ্গে যোগাযোগ করেছেন,তাদের কেউ কেউ হটলাইনে কন্ট্রোল রুমে যোগাযোগ করেন।,তাদের মধ্যে কিছু ব্যক্তি হটলাইনের মাধ্যমে নিয়ন্ত্রণ কক্ষের সাথে কথা বলেছেন।,0.9274415199997748,,
সূত্র জানায় ট্রাস্ট ফান্ডের মতো মুক্তিযোদ্ধা কল্যাণ ট্রাস্টের অধীনে থাকা বেশির ভাগ প্রতিষ্ঠানের অবস্থা একই রকম,"সূত্র জানায়, ট্রাস্ট ফান্ডের মতো মুক্তিযোদ্ধা কল্যাণ ট্রাস্টের আওতাধীন অধিকাংশ প্রতিষ্ঠানের একই অবস্থা।","সূত্রের বরাতে জানা গেছে, ট্রাস্ট ফান্ডের মতোই মুক্তিযোদ্ধা কল্যাণ ট্রাস্টের আওতাভুক্ত বেশিরভাগ প্রতিষ্ঠানের অবস্থা একই ধরনের।",4.154156878000322,,
এই হরমোনটি আমাদের ঘুম ও জেগে ওঠা নিয়ন্ত্রণ করে,এই হরমোন আমাদের ঘুম এবং জাগ্রততা নিয়ন্ত্রণ করে।,আমাদের ঘুম ও জাগরণ নিয়ন্ত্রণ করে এই হরমোনটি।,1.9067224030004581,,
তাই ডেঙ্গি থেকে সেরে ওঠার পর শিথিলতার সঙ্গে দুতিন সপ্তাহ কাটাতে হবে,তাই ডেঙ্গু থেকে সেরে ওঠার পর দুই থেকে তিন সপ্তাহ আরামের সঙ্গে কাটাতে হবে।,ডেঙ্গি থেকে সুস্থ হওয়ার পর আরাম করে দুই-তিন সপ্তাহ কাটানো প্রয়োজন।,2.2934608570003547,,
খোসার ভেতরের অংশ আলো ও বাতাসের সংস্পর্শে আসে না বলে তাতে পুষ্টিমান বেশি থাকে,"যেহেতু খোসার ভেতরের অংশ আলো ও বাতাসের সংস্পর্শে আসে না, তাই এটি বেশি পুষ্টিকর।",খোসার ভেতরের অংশ আলো ও বাতাসের সংস্পর্শে না আসায় তাতে পুষ্টিমান বেশি থাকে।,2.4508061529995757,,
যাদের একবার হাড় ভাঙার ঘটনা ঘটে তাদের পরবর্তীতে হাড় ভাঙার ঝুঁকি অনেকগুণ বেড়ে যায়,যাদের ফ্র্যাকচার হয়েছে তাদের ভবিষ্যতে ফ্র্যাকচারের ঝুঁকি বেশি।,একবার হাড় ভেঙেছে এমন ব্যক্তিদের পরবর্তীকালে আবার হাড় ভাঙার আশঙ্কা বহুগুণ বেড়ে যায়।,2.9595438100004685,,
ডিকোয়ারভ্যান টেনোসাইনোভাইটিস এর মধ্যে অন্যতম,DeQuervain এর Tenosynovitis তাদের মধ্যে একটি।,ডিকোয়ারভ্যান টেনোসাইনোভাইটিস অন্যতম একটি রোগ।,8.11319063100018,,
এটি যত দ্রুত সম্ভব শেষ করতে আমাদের সঙ্গে কাজ করছে অ্যাডভেন্ট,আবির্ভাব যত দ্রুত সম্ভব এটি সম্পূর্ণ করার জন্য আমাদের সাথে কাজ করছে।,অ্যাডভেন্ট আমাদের সাথে কাজ করছে যাতে এটি যত দ্রুত সম্ভব শেষ করা যায়।,4.972908194999945,,
যার পিছনে পিটুইটারি গ্রন্থি কর্তৃক অতিরিক্ত এলএইচ LH নিঃস্বরণ ও দেহে ইনস্যুলিন রেজিস্ট্রেন্সের উপস্থিতি,যার পেছনে রয়েছে পিটুইটারি গ্রন্থি দ্বারা অতিরিক্ত এলএইচ নিঃসরণ এবং শরীরে ইনসুলিন প্রতিরোধ ক্ষমতা।,,9.331413470999905,request_error:'NoneType' object has no attribute 'strip',
করোনাভাইরাস এমনভাবে রূপ বদলাচ্ছে যে সহজে বোঝার উপায় নেই কার মধ্যে বাস করছে ছোঁয়াচে এ ভাইরাস,করোনাভাইরাস এমনভাবে পরিবর্তিত হচ্ছে যে এই ছোঁয়াচে ভাইরাসের সাথে কারা বসবাস করছে তা বোঝার কোন সহজ উপায় নেই।,করোনাভাইরাসের রূপ পরিবর্তন এত দ্রুত হচ্ছে যে সহজে বোঝা যায় না এটি কার শরীরে বাস করছে।,8.762960484999894,,
পায়ের ত্বকের রঙের কোনো পরিবর্তন ফোসকা বা লালচে দাগ চোখে পড়লে দ্রুত চিকিৎসকের পরামর্শ নিন,"আপনি যদি আপনার পায়ের ত্বকের রঙে কোনো পরিবর্তন, ফোসকা বা লাল দাগ লক্ষ্য করেন, অবিলম্বে ডাক্তারের পরামর্শ নিন।","যদি পায়ের ত্বকের রঙে পরিবর্তন, ফোসকা বা লালচে দাগ দেখা যায়, তাহলে দ্রুত চিকিৎসকের পরামর্শ নিন।",47.67848937500003,,
মৃগী রোগীদের কিছু সতর্কতা অবলম্বন করা উচিত,মৃগী রোগীদের কিছু সতর্কতা অবলম্বন করা উচিত।,মৃগী রোগে আক্রান্ত ব্যক্তিদের কিছু সাবধানতা মেনে চলা প্রয়োজন।,1.3337514880004164,,
তবে আমরা কেউই আশা ছাড়তে পারি না,কিন্তু আমরা কেউই আশা ছাড়তে পারি না।,তবে আমাদের মধ্যে কেউই আশা ত্যাগ করতে পারে না।,2.2910476609995385,,
সর্দি ঠান্ডা কাশি থেকে রক্ষা পেতে হলে প্রতিদিনে খাদ্য তালিকায় সবুজ পেয়ারা ফল হিসাবে কিংবা সালাদে বিভিন্ন ধরনের রেসিপি তৈরি করা যায়,সর্দি-কাশি প্রতিরোধে প্রতিদিনের খাদ্যতালিকায় ফল বা সালাদ হিসেবে বিভিন্ন রেসিপিতে সবুজ পেয়ারা তৈরি করা যায়।,প্রতিদিনের খাদ্যতালিকায় সবুজ পেয়ারা ফল হিসেবে অথবা সালাদে নানা রকম রেসিপি তৈরি করে সর্দি-কাশি ও ঠান্ডা থেকে বাঁচা সম্ভব।,8.213616459999685,,
টিকার পার্শ্বপ্রতিক্রিয়া সম্পর্কে তিনি বলেন সামান্য জ্বরঅ্যালার্জি হতে পারে,"ভ্যাকসিনের পার্শ্বপ্রতিক্রিয়া সম্পর্কে তিনি বলেন, সামান্য জ্বর হলে অ্যালার্জি হতে পারে।","টিকার পার্শ্বপ্রতিক্রিয়া হিসেবে তিনি জানান, সামান্য জ্বর বা অ্যালার্জি দেখা দিতে পারে।",5.6009477839998,,
সাধারণত অ্যান্টিবায়োটিক গ্রহণ বন্ধ করে দিলে অর্থাৎ এর কোর্স সম্পন্ন হলে এই সমস্যাগুলো ঠিক হতে শুরু করে,অ্যান্টিবায়োটিকের কোর্স বন্ধ হয়ে গেলে সাধারণত এই সমস্যাগুলি চলে যায়।,অ্যান্টিবায়োটিকের কোর্স শেষ করে ওষুধ খাওয়া বন্ধ করলে সাধারণত এই সমস্যাগুলো ধীরে ধীরে ঠিক হতে থাকে।,2.2540030679992924,,
খামের ওপর লিখুন পাঠকের প্রশ্ন ফেসবুক পেজ fbcomAdhunaPA,পাঠকের প্রশ্নটি খামের ফেসবুক পেজ fbcomAdhunaPA-এ লিখুন,পাঠকের প্রশ্ন ফেসবুক পেজ fbcomAdhunaPA খামের উপরে লিখুন।,12.838399776000188,,
শিশু যদি ক্রনিক কিডনি ডিজিজ বা সিকেডিতে আক্রান্ত হয় কিডনি পুরোপুরি অক্ষম হয় ডায়ালাইসিস বা কিডনি প্রতিস্থাপনের প্রয়োজন হয় তবে চিন্তার কিছু নেই,"শিশুর দীর্ঘস্থায়ী কিডনি রোগ বা CKD, ডায়ালাইসিস বা কিডনি প্রতিস্থাপনের জন্য সম্পূর্ণ কিডনি ব্যর্থ হলে চিন্তা করার দরকার নেই।","শিশুর যদি দীর্ঘস্থায়ী কিডনি রোগ বা সিকেডি থাকে এবং কিডনি সম্পূর্ণ অকেজো হয়ে ডায়ালাইসিস বা কিডনি প্রতিস্থাপনের প্রয়োজন হয়, তবুও চিন্তার কোনো কারণ নেই।",1.4905258720000347,,
 এ বছর দিবসটির প্রতিপাদ্য ‘গর্ভকালে চারবার সেবা গ্রহণ করি; নিরাপদ মাতৃত্ব নিশ্চিত করি’,এ বছর দিবসটির প্রতিপাদ্য 'গর্ভাবস্থায় চারবার সেবা নিন; নিরাপদ মাতৃত্ব নিশ্চিত করুন'।,এ বছরের দিবসটির মূল প্রতিপাদ্য হচ্ছে ‘গর্ভাবস্থায় চারবার সেবা নেওয়া এবং নিরাপদ মাতৃত্ব নিশ্চিত করা’।,9.77467413300019,,
আপনি কী ধরনের খাবার খাচ্ছেন সেটিও গুরুত্বপূর্ণ,আপনি কি ধরনের খাবার খান তাও গুরুত্বপূর্ণ।,আপনি কী ধরণের খাবার গ্রহণ করছেন সেটাও গুরুত্বপূর্ণ।,1.374520149000091,,
গাঢ় লাল জাতীয় রং এর ছড়াছড়ি থাকে লুকে,গাঢ় লাল রং ছড়িয়ে ছিটিয়ে আছে আড়ালে।,লুকের মধ্যে গাঢ় লাল বর্ণের ব্যাপকতা দেখা যায়।,2.806488694000109,,
এদের ধীরে ধীরে বুঝিয়ে কাজে আনা হয়েছে,তাদেরকে ধীরে ধীরে বুঝিয়ে কাজে আনা হয়েছে।,ধীরে ধীরে এদের বোঝানো হয়েছে এবং কাজে লাগানো হয়েছে।,3.5858026780006185,,
সালাদে শসা গাজর টমেটোর সঙ্গে কচি বাঁধাকপি মেশালে তার স্বাদ হয় অত্যন্ত চমৎকার,"স্যালাডে শসা, গাজর, টমেটো এবং কচি বাঁধাকপি মিশিয়ে দিলে খুব ভালো লাগে।","সালাদে শসা, গাজর ও টমেটোর সঙ্গে কচি বাঁধাকপি মিশিয়ে দিলে তার স্বাদ অসাধারণ হয়।",5.165829769000084,,
জীবনের প্রতি ইতিবাচক দৃষ্টিভঙ্গী মনের নেতিবাচক চিন্তাভাবনা দূর হয়ে যায় যোগাসন করার পড়ে,"জীবনের প্রতি ইতিবাচক দৃষ্টিভঙ্গি, মনের নেতিবাচক চিন্তা যোগ অনুশীলনের মাধ্যমে দূর হয়।",,19.48908326899982,request_error:'NoneType' object has no attribute 'strip',
যদি আপনার সবকিছু ভালো থাকার পরও এমন হয় একজন ডাক্তারের চিকিৎসা নেবেন,আপনি সুস্থ বোধ করলেও যদি এটি ঘটে তবে ডাক্তারের পরামর্শ নিন।,"আপনার সবকিছু ভালো থাকা সত্ত্বেও যদি এমন ঘটে, তবে একজন ডাক্তারের পরামর্শ নিন।",3.8724913179994473,,
 আশপাশের পরিবেশ পরিষ্কার-পরিচ্ছন্ন রাখতে হবে,চারপাশের পরিবেশ পরিষ্কার রাখতে হবে।,চারপাশের পরিবেশ পরিচ্ছন্ন রাখা আবশ্যক।,2.2908467130000645,,
এ জাতীয় জীবাণু অন্ত্র পাকস্থলী যকৃত প্রভৃতি জায়গায় প্রবেশ করে আমাদের অসুস্থ করে তোলে,"এই ধরনের জীবাণু অন্ত্র, পাকস্থলী, লিভার ইত্যাদি জায়গায় প্রবেশ করে আমাদের অসুস্থ করে।","এই ধরনের জীবাণু পেট, অন্ত্র, যকৃত ইত্যাদি স্থানে ঢুকে আমাদের শরীরে অসুস্থতা সৃষ্টি করে।",3.9575223530000585,,
 শরীরে নানারকম যন্ত্রপাতি প্রবেশ করিয়ে নানা পরীক্ষা করে তবেই জানা যায় আপনি এই রোগে আক্রান্ত কি না,শরীরে বিভিন্ন যন্ত্র ঢুকিয়ে বিভিন্ন পরীক্ষা-নিরীক্ষা করলেই জানা যায় আপনি এই রোগে ভুগছেন কি না।,শরীরে বিভিন্ন যন্ত্র ঢুকিয়ে নানা পরীক্ষা-নিরীক্ষা করার পরেই বোঝা যায় আপনি এই রোগে আক্রান্ত কি না।,3.2980234149999887,,
দীর্ঘদিনের অল্প অল্প জ্বর থাকলে বা সাধারণ চিকিৎসায় সেগুলোর কোনো উন্নতি না হলে তখন তাকে অবহেলা না করে তার অন্তর্নিহিত কারণ খুঁজে বের করতে হবে,আপনার যদি দীর্ঘ সময়ের জন্য নিম্ন-গ্রেডের জ্বর থাকে বা সাধারণ চিকিত্সার মাধ্যমে এটির উন্নতি না হয় তবে আপনার এটি উপেক্ষা করা উচিত নয় এবং অন্তর্নিহিত কারণটি খুঁজে বের করা উচিত নয়।,"দীর্ঘকাল ধরে হালকা জ্বর থাকলে বা সাধারণ চিকিৎসায় তার কোনো পরিবর্তন না হলে, সেটাকে উপেক্ষা না করে তার মূল কারণ অনুসন্ধান করা উচিত।",3.571617246000642,,
উপসর্গ দেখা দিলে সব কাজ ফেলে ডাক্তারের কাছে যাওয়া দরকার,লক্ষণ দেখা দিলে সব কাজ বন্ধ করে ডাক্তারের কাছে যান।,লক্ষণ দেখা দিলে অন্যান্য কাজ বাদ দিয়ে চিকিৎসকের কাছে যাওয়া জরুরি।,3.791554133000318,,
স্বাভাবিক কার্যক্রম পরিচালনা করার জন্য আমাদের শরীরে সামান্য পরিমাণে কোলস্টেরল প্রয়োজন হয় যখন কোলস্টেরলের পরিমাণ বেড়ে যায় তখন রক্তনালিতে ফ্যাট জমা হতে পারে যা রক্তনালিকে সংকীর্ণ করে থাকে,"আমাদের শরীরের স্বাভাবিক কার্য সম্পাদনের জন্য অল্প পরিমাণে কোলেস্টেরল প্রয়োজন। যখন কোলেস্টেরলের মাত্রা বেশি থাকে, তখন রক্তনালীতে চর্বি জমা হতে পারে, যা রক্তনালীকে সংকুচিত করে।","আমাদের শরীরের স্বাভাবিক কাজের জন্য অল্প পরিমাণ কোলেস্টেরল দরকার হলেও, এর মাত্রা বাড়লে রক্তনালিতে চর্বি জমতে পারে, যা রক্তনালিগুলোকে সরু করে ফেলে",3.2607773700001417,,
একই সঙ্গে আতঙ্ক ও ভুল বোঝাবুঝি এড়ানো যায়,"একই সময়ে, আতঙ্ক এবং ভুল বোঝাবুঝি এড়ানো যায়।",আতঙ্ক ও ভুল বোঝাবুঝি একসঙ্গে এড়ানো সম্ভব।,3.683864091999567,,
ডা মো তৌফিকুর রহমান রক্তচাপ অনেক কারণে উঠানামা করতে পারে,ডাঃ তৌফিকুর রহমান নানা কারণে রক্তচাপ বাড়তে পারে।,রক্তচাপ নানা কারণে ওঠানামা করতে পারে বলে জানিয়েছেন ডা. মো. তৌফিকুর রহমান।,1.3110782990006555,,
গরম চায়ের সঙ্গে মধু মিশিয়ে খেতে পারেন,গরম চায়ের সাথে মধু মিশিয়ে নিতে পারেন।,গরম চায়ে মধু মিশিয়ে পান করতে পারেন,4.25201550499969,,
নিয়মিত খালি পেটে কলা খেলে এর শর্করা ম্যাগনেসিয়াম ও পটাশিয়াম রক্তে মিশে তা হার্টের নানা সমস্যার কারণ হতে পারে,"নিয়মিত খালি পেটে কলা খেলে এর চিনি, ম্যাগনেসিয়াম এবং পটাশিয়াম রক্তের সাথে মিশে যাওয়ায় হার্টের বিভিন্ন সমস্যা হতে পারে।","খালি পেটে নিয়মিত কলা খাওয়ার ফলে কলার শর্করা, ম্যাগনেসিয়াম ও পটাশিয়াম রক্ত",11.853513109999767,,
বাংলাদেশের দুই হাজারের বেশি করোনা রোগীর ওপর গবেষণায় দেখা যায় বাংলাদেশের প্রায় ১৫ শতাংশ কোভিড রোগী লং কোভিডে ভুগছেন,"বাংলাদেশে দুই হাজারের বেশি করোনা রোগীর ওপর করা এক গবেষণায় দেখা গেছে, বাংলাদেশে প্রায় ১৫ শতাংশ কোভিড রোগী দীর্ঘদিন ধরে কোভিড-এ ভুগছেন।","গবেষণায় দেখা গেছে, বাংলাদেশের দুই হাজারেরও বেশি করোনা আক্রান্ত রোগীর মধ্যে প্রায় ১৫ শতাংশ লং কোভিডে ভুগছেন।",1.8223350280004524,,
লেখক  মহাসচিব বিএফডিএস রাজ ডেন্টাল সেন্টার কলাবাগান,লেখক সাধারণ সম্পাদক বিএফডিএস রাজ ডেন্টাল সেন্টার কলাবাগান,"বিএফডিএস-এর মহাসচিব ও লেখক রাজ ডেন্টাল সেন্টার, কলাবাগান।",18.626377964000312,,
যার কারণে ড্রাই মাউথ বা মুখ গহবর তুলনামূলক ভাবে শুষ্ক থাকে এবং ন্যাচারাল ক্লিনজিং কমে যায়,যার কারণে শুষ্ক মুখ বা মুখের গহ্বর তুলনামূলকভাবে শুষ্ক হয় এবং প্রাকৃতিক ক্লিনজিং কমে যায়।,ড্রাই মাউথ বা মুখের গহ্বর অপেক্ষাকৃত শুষ্ক থাকে এবং প্রাকৃতিক পরিষ্কারকরণ হ্রাস পায়।,1.5646632039997712,,
শাতিলের বাবা কলারোয়ার খোড়দো বালিকা উচ্চ বিদ্যালয়ের প্রধান শিক্ষক শহীদুল ইসলাম বলেন ঢাকার বেসরকারি বিশ্ববিদ্যালয় থেকে ফার্মাসিতে এমএসসি করে শাতিল কোরিয়ান বিশ্ববিদ্যালয়ে ভর্তি হন,"শাতিলের বাবা কালোয়ারের খোরদো বালিকা উচ্চ বিদ্যালয়ের প্রধান শিক্ষক শহিদুল ইসলাম জানান, শাতিল ঢাকার একটি বেসরকারি বিশ্ববিদ্যালয় থেকে ফার্মেসিতে এমএসসি শেষ করে কোরিয়ান বিশ্ববিদ্যালয়ে ভর্তি হন।","শাতিলের পিতা ও কলারোয়ার খোড়দো বালিকা উচ্চ বিদ্যালয়ের অধ্যক্ষ শহীদুল ইসলাম জানান, ঢাকার একটি বেসরকারি বিশ্ববিদ্যালয় থেকে ফার্মাসি বিষয়ে এমএসসি সম্পন্ন করে শাতিল কোরিয়ার একটি বিশ্ববিদ্যালয়ে ভর্তি হন।",15.039633669999603,,
থ্রম্বোলাইসিসে ব্যবহৃত ওষুধগুলো আমাদের দেশে এখনো সহজলভ্য নয় দামও অনেক বেশি,থ্রম্বোলাইসিসে ব্যবহৃত ওষুধ আমাদের দেশে এখনও সহজলভ্য নয় এবং দামও বেশি।,"আমাদের দেশে থ্রম্বোলাইসিসের ওষুধগুলো এখনও সহজলভ্য নয়, পাশাপাশি দামও অনেক বেশি।",3.2635021780006355,,
কোনো কিছু দিয়ে খোঁচাখুঁচিও করতে হয় না,কোন কিছুর সাথে খোঁচা দেওয়ার দরকার নেই।,,12.052093981000326,request_error:'NoneType' object has no attribute 'strip',
কিডনি ও প্রেশারের রোগীরা চিকিৎসকের পরামর্শ মতো পানি পান করুন,কিডনি ও রক্তচাপের রোগীদের চিকিৎসকের পরামর্শ অনুযায়ী পানি পান করা উচিত।,কিডনি ও উচ্চ রক্তচাপের রোগীরা ডাক্তারের পরামর্শ অনুযায়ী পানি পান করুন।,2.7071322029996736,,
ব্লাড ক্যানসারের উপসর্গ ও লক্ষণগুলোর সঙ্গে সঙ্গে রক্তের সিবিসি পরীক্ষায় অস্বাভাবিকতা দেখা যায় যেমনহিমোগ্লোবিন ও প্লেটলেট কমে যাওয়া ডব্লিউবিসি বেড়ে যাওয়া অথবা হিমোগ্লোবিন প্লেটলেট ও ডব্লিউবিসি কমে যাওয়া,"ব্লাড ক্যান্সারের লক্ষণ ও লক্ষণগুলির মধ্যে রয়েছে রক্তের সিবিসি পরীক্ষায় অস্বাভাবিকতা যেমন হিমোগ্লোবিন এবং প্লেটলেট কমে যাওয়া, ডাব্লুবিসি বৃদ্ধি বা হিমোগ্লোবিন এবং প্লেটলেট এবং ডব্লিউবিসি কমে যাওয়া।",,9.998474797000199,request_error:'NoneType' object has no attribute 'strip',
সুচনার স্বামী যে মানসিক রোগ স্যাক্সুয়াল স্যাডিসম ডিসওর্ডার এটি তিনি আজই প্রথম জানলেন,তিনি আজ প্রথম জানতে পারলেন যে সুচনার স্বামীর যৌন স্যাডিজম ব্যাধি রয়েছে।,সুচনার স্বামী আজই প্রথম জানতে পারলেন যে তাঁর মানসিক রোগটি হলো স্যাক্সুয়াল স্যাডিসম ডিসওর্ডার।,12.716272134999599,,
করোনার গলাব্যথা সাধারণত পাঁচ দিনের বেশি থাকে না,করোনার গলা ব্যথা সাধারণত পাঁচ দিনের বেশি স্থায়ী হয় না।,করোনা সংক্রমণের গলাব্যথা সাধারণত পাঁচ দিনের বেশি স্থায়ী হয় না।,3.5855055929996524,,
এছাড়া বহুবিধ কারণে শ্বাসকষ্টের অনুভূতি হতে পারে,এছাড়া অনেক কারণে শ্বাসকষ্ট হতে পারে।,এছাড়াও নানা কারণে শ্বাসকষ্টের অনুভূতি হতে পারে।,6.9853926309997405,,
দ্য ওয়ার্ল্ড ক্যানসার রিসার্চ ফান্ড এবং অ্যামেরিকান ইনস্টিটিউট ফর ক্যানসার রিসার্চ প্রকাশ করেছেযেসব মানুষের খাবারে লাল মাংসের আধিক্য থাকে তাদের প্যানক্রিয়াস পাকস্থলী ফুসফুস উওসোফেগাস ব্রেস্ট ও এন্ডোমেট্রিয়াল ক্যানসারের ঝুঁকি বৃদ্ধি পায়,"ওয়ার্ল্ড ক্যান্সার রিসার্চ ফান্ড এবং আমেরিকান ইনস্টিটিউট ফর ক্যান্সার রিসার্চ প্রকাশ করেছে যে যাদের খাবারে লাল মাংস বেশি থাকে তাদের অগ্ন্যাশয়, পাকস্থলী, ফুসফুস, খাদ্যনালী, স্তন এবং এন্ডোমেট্রিয়াল ক্যান্সারের ঝুঁকি বেড়ে যায়।",,10.844178217999797,request_error:'NoneType' object has no attribute 'strip',
এভাবে সমন্বিত চিকিৎসা নিলে কয়েক সপ্তাহের মধ্যে রোগী ভালো হয়ে যাবেন,এই ধরনের সম্মিলিত চিকিৎসায় রোগী কয়েক সপ্তাহের মধ্যে ভালো হয়ে যাবে।,এই সমন্বিত চিকিৎসা পদ্ধতি অনুসরণ করলে কয়েক সপ্তাহের ভেতর রোগী সুস্থ হয়ে উঠবেন।,1.9976767839998502,,
ওজন কমানোর সবচেয়ে ভালো উপায় হচ্ছে ক্যালরি মেপে পরিমিত সুষম খাবার গ্রহণ আর প্রচুর তরল খাবারের সঙ্গে নিয়মিত শারীরিক পরিশ্রম বা ব্যায়াম,ওজন কমানোর সর্বোত্তম উপায় হল নিয়মিত শারীরিক ক্রিয়াকলাপ বা ব্যায়ামের সাথে একটি পরিমিত ক্যালোরি গ্রহণ এবং প্রচুর পরিমাণে তরলযুক্ত সুষম খাদ্য খাওয়া।,ওজন কমানোর সর্বোত্তম পদ্ধতি হলো ক্যালোরি হিসাব করে সুষম ও পরিমিত খাবার খাওয়া এবং প্রচুর তরল পানীয়ের পাশাপাশি নিয়মিত শরীরচর্চা বা ব্যায়াম করা।,5.38507071299955,,
আয়রন ঘাটতিজনিত কারণে চিকিৎসক আয়রনসংবলিত ওষুধ লিখে থাকবেন,"লোহার অভাবের জন্য, ডাক্তার লোহাযুক্ত ওষুধ লিখে দেবেন।",আয়রন ঘাটতির কারণে চিকিৎসকরা আয়রনযুক্ত ওষুধ দিয়ে থাকেন।,3.668690245000107,,
এ বিষয়টি বিভিন্ন মেডিকেল জার্নালেও প্রকাশ হয়েছে,এই বিষয়টি বিভিন্ন মেডিকেল জার্নালেও প্রকাশিত হয়েছে।,বিভিন্ন চিকিৎসা সাময়িকীতেও এই বিষয়টি প্রকাশিত হয়েছে।,4.245255488999646,,
আমি তো অস্বীকার করছি যে আমি হাত দেব না,আমি অস্বীকার করি যে আমি হাত দেব না।,আমি তো বলছি না যে আমি সাহায্য করব না।,15.843707365000228,,
ভিটামিন মিনারেল ফাইবার ও অ্যান্টিঅক্সিডেন্টসমৃদ্ধ খাবার হিসেবে সালাদের জুড়ি নেই,"ভিটামিন, মিনারেল, ফাইবার এবং অ্যান্টিঅক্সিডেন্ট সমৃদ্ধ খাবার হিসেবে সালাদ অতুলনীয়।","সালাদে ভিটামিন, মিনারেল, ফাইবার ও অ্যান্টিঅক্সিডেন্টের প্রাচুর্য থাকায় এর তুলনা হয় না।",3.0058947419993274,,
আজ আমরা জানব কিডনির রোগীরা কোন ফল খেতে পারবেন আর কোনটি পারবেন না,আজ আমরা জানবো কোন ফল কিডনি রোগীরা খেতে পারেন আর কোনটি খেতে পারেন না।,আজ আমরা শিখবো কিডনি রোগীরা কোন ফল খেতে পারেন আর কোনটি খেতে পারেন না।,1.6305616829995415,,
সে কারণে ডোজ বা মাত্রা একজন চিকিৎসকই নির্ধারণ করবেন,"এই কারণে, ডোজ বা মাত্রা একজন ডাক্তার দ্বারা নির্ধারিত হবে।",তাই ডোজ বা মাত্রা শুধুমাত্র একজন চিকিৎসকই ঠিক করবেন।,2.571216768999875,,
তবে এত দামি হওয়ার পরেও এই গাড়ি ব্যবহার করা একেবারে সহজ নয়,কিন্তু এত দামী হওয়া সত্ত্বেও এই গাড়িটি ব্যবহার করা মোটেও সহজ নয়।,তবে এত বেশি দামি হলেও এই গাড়িটি চালানো মোটেই সহজ নয়।,1.2295271579996552,,
এই সমস্যা যেকোনো বয়সেই হতে পারে,যেকোনো বয়সেই এই সমস্যা হতে পারে।,যে কোনো বয়সেই এই সমস্যা দেখা দিতে পারে।,3.624833394000234,,
তিনি বলেন আজ প্রথম দিন প্রায় শতাধিক রিকশা ভ্যানচালক ও বাস শ্রমিক এই সেবা নিয়েছেন,"তিনি জানান, প্রথম দিনে প্রায় শতাধিক রিকশাচালক ও বাস শ্রমিক এই সেবা নিয়েছেন।","তিনি জানান, আজ প্রথম দিনেই প্রায় একশত রিকশা, ভ্যানচালক ও বাসশ্রমিক এই সেবা গ্রহণ করেছেন।",2.9980129430005036,,
ডা মঈন ভাই একজন আধ্যাত্মিক জগতের মানুষ ছিলেন,দা মঈন ভাই ছিলেন আধ্যাত্মিক জগতের মানুষ।,ডা মঈন ভাই ছিলেন আধ্যাত্মিক জগতের একজন মানুষ।,2.8308697069996924,,
বিভিন্ন কারণে ফ্যাটি লিভার হতে পারে,ফ্যাটি লিভার বিভিন্ন কারণে হতে পারে।,বিভিন্ন কারণেই ফ্যাটি লিভার হতে পারে,3.6916592470006435,,
অতিশয় খর্বাকৃতির মানুষের বেশির ভাগই এ রোগের শিকার হয়,অত্যন্ত ছোট আকারের বেশিরভাগ মানুষই এই রোগের শিকার হন।,এই রোগে আক্রান্ত হয় অধিকাংশ অত্যন্ত খাটো আকৃতির মানুষ।,3.4310478269999294,,
করোনা একটি ভাইরাস যা আরএনএ ভাইরাস হিসাবে পরিচিত,করোনা একটি ভাইরাস যা আরএনএ ভাইরাস নামে পরিচিত।,করোনা একটি আরএনএ ভাইরাস নামে পরিচিত ভাইরাস।,2.976069518999793,,
"কী খাবেন না 
    চা কফি শরীরে পানি শুন্যতা তৈরি করে তাই যতটা সম্ভব চিনি দিয়ে দুধ চা বা দুধ কফি এই গরমে এরিয়ে যেতে হবে","চা-কফি কী খাবেন না তা শরীরে পানিশূন্যতা সৃষ্টি করে, তাই এই গরমে দুধ চা বা দুধের কফি যতটা সম্ভব চিনি দিয়ে খাওয়া উচিত।","গরমের দিনে চা বা কফি শরীরে পানির অভাব ঘটায়, তাই চিনি মেশানো দুধ চা বা দুধ কফি যতটা সম্ভব এড়িয়ে চলা উচিত।",7.4789462939997975,,
 টিস্যু বা রুমাল খুবই দরকারি জিনিস,টিস্যু বা রুমাল খুব দরকারী জিনিস।,টিস্যু অথবা রুমাল অত্যন্ত প্রয়োজনীয় বস্তু।,1.929482266999912,,
শুষ্ক বাতাস ত্বক থেকে শুষে নেয় পানি,শুষ্ক বাতাস ত্বক থেকে পানি শুষে নেয়।,শুষ্ক বাতাস ত্বকের আর্দ্রতা শুষে নেয়।,0.8851376169996001,,
থায়রয়েড হরমোনের তারতম্যজনিত সমস্যা দুই রকম হতে পারে,থাইরয়েড হরমোনের ওঠানামা সংক্রান্ত দুই ধরনের সমস্যা রয়েছে।,থাইরয়েড হরমোনের ওঠানামাজনিত সমস্যা দু'ধরনের হতে পারে।,3.5091890270005024,,
এত ফলস নেগেটিভ রেজাল্টের পিছনে সম্ভাব্য কারণ জানার আগে কিভাবে RTPCR কাজ করে তা একটু জেনে নেই,"এতগুলি মিথ্যা নেতিবাচক ফলাফলের পিছনে সম্ভাব্য কারণগুলি জানার আগে, আরটিপিসিআর কীভাবে কাজ করে সে সম্পর্কে কিছুটা জানা গুরুত্বপূর্ণ।","এত ফলস নেগেটিভ ফলাফলের কারণ বোঝার আগে, RTPCR-এর কার্যপদ্ধতি সম্পর্কে একটু জেনে নেওয়া দরকার।",2.685339243999806,,
ছোট ছোট বাচ্চাদের অথবা জন্মের পর চোখের কর্ণিয়া ক্রমাগত বড় হয়ে যাওয়া বা চোখের কর্ণিয়া সাদা হয়ে যাওয়া চোখ লাল হওয়া চোখ দিয়ে পানি পড়া ইত্যাদি,ছোট বাচ্চাদের চোখের কর্নিয়া ক্রমাগত বড় হওয়া বা জন্মের পর বা চোখের কর্নিয়া সাদা হয়ে যাওয়া চোখের লাল হওয়া চোখ জলে আসা ইত্যাদি।,"ছোট শিশুদের অথবা জন্মের পরে চোখের কর্ণিয়া ক্রমশ বড় হওয়া, কর্ণিয়া সাদা হয়ে পড়া, চোখের লালভাব, চোখ থেকে পানি পড়া প্রভৃতি লক্ষণ দেখা দিতে পারে।",61.91618974799985,,
চ প্রথম থেকে যে ফোলাতে বেশি ব্যথা থাকে সেগুলো সাধারণত ইনফেকশন থেকে হয়ে থাকে,"সাধারণত, প্রথম ফোলাগুলি যা বেশি বেদনাদায়ক হয় সংক্রমণের কারণে।","সাধারণত প্রথম থেকেই যে ফোলাগুলোতে বেশি ব্যথা থাকে, সেগুলো ইনফেকশনের কারণে হয়।",2.0304917290004596,,
সাধারণত দেহের চামড়ায় পানিফোসকা ওঠার পাঁচ দিন আগে থেকে সর্বশেষ চামড়ায় ফোসকা শুকানোর বা বিলুপ্তির পরবর্তী পাঁচ দিন পর্যন্ত এ জীবাণু আক্রান্ত ব্যক্তি থেকে সুস্থ মানুষের দেহে ছড়িয়ে পড়তে পারে,"সাধারণত, শরীরে জলের ফোসকা দেখা দেওয়ার পাঁচ দিন আগে থেকে ত্বকের শেষ ফোস্কা শুকিয়ে যাওয়ার বা অদৃশ্য হয়ে যাওয়ার পাঁচ দিন পরে, ব্যাকটেরিয়া সংক্রামিত ব্যক্তি থেকে একজন সুস্থ ব্যক্তির মধ্যে ছড়িয়ে পড়তে পারে।",সাধারণত শরীরের ত্বকে পানি ফোসকা ওঠার পাঁচ দিন আগে থেকে শেষ ত্বকের ফোসকা শুকিয়ে যাওয়া বা অদৃশ্য হওয়ার পরবর্তী পাঁচ দিন পর্যন্ত এই জীবাণু আক্রান্ত ব্যক্তি থেকে সুস্থ মানুষের শরীরে ছড়িয়ে পড়তে পারে।,6.878039934000299,,
বেশির ভাগ হাঁপানি আক্রান্ত শিশুদের কাশি ও শ্বাসকষ্ট তিন থেকে চার সপ্তাহের বেশি স্থায়ী হয়,হাঁপানিতে আক্রান্ত বেশিরভাগ শিশুর কাশি এবং শ্বাসকষ্ট থাকে যা তিন থেকে চার সপ্তাহের বেশি সময় ধরে থাকে।,হাঁপানিতে আক্রান্ত বেশিরভাগ শিশুর কাশি ও শ্বাসকষ্ট তিন থেকে চার সপ্তাহের বেশি স্থায়ী থাকে।,1.5677441070001805,,
নেই হৃদরোগীর কোনো চিকিৎসা ব্যবস্থা নিউরো চিকিৎসা ব্যবস্থা,হৃদরোগীদের চিকিৎসার ব্যবস্থা বা নিউরো চিকিৎসা ব্যবস্থা নেই।,হৃদরোগী ও নিউরো রোগীদের জন্য কোনো চিকিৎসা ব্যবস্থা নেই।,1.9589104099995893,,
এক্ষেত্রে রক্তের স্বাভাবিক কোষগুলোর চেয়ে অস্বাভাবিক কোষগুলো রক্তে বেশি থেকে রক্তকে তার স্বাভাবিক কাজ করতে দেয় না রক্তে কোনো আলাদা টিউমার দেখা দেয় না,"এই ক্ষেত্রে, রক্তে অস্বাভাবিক কোষগুলি রক্তের স্বাভাবিক কোষের চেয়ে বেশি থাকে এবং রক্তকে তার স্বাভাবিক কাজ করতে দেয় না। রক্তে ভিন্ন কোনো টিউমার দেখা যায় না।",এই অবস্থায় রক্তে স্বাভাবিক কোষের চেয়ে অস্বাভাবিক কোষের সংখ্যা বেশি থাকায় রক্ত,2.2766971250002825,,
কানে না শোনার অক্ষমতা এক বা উভয় কানে হতে পারে,এক বা উভয় কানে শ্রবণশক্তি হ্রাস হতে পারে।,এক বা দুই কানে শোনার অক্ষমতা দেখা দিতে পারে।,3.062352073000511,,
পাশাপাশি দেশের স্বাস্থ্য খাতের সার্বিক পরিস্থিতির ওপর বিশদ আলোচনা করেন,তিনি দেশের স্বাস্থ্য খাতের সার্বিক পরিস্থিতি নিয়েও বিস্তারিত আলোচনা করেন।,দেশের স্বাস্থ্য খাতের সামগ্রিক অবস্থা নিয়েও বিস্তারিত আলোচনা করেন তিনি।,2.2586458570003742,,
উচ্চ রক্তচাপের অনেক রোগী রক্তচাপ স্বাভাবিক থাকলে ওষুধ সেবন বন্ধ করে দেন যা একেবারেই ঠিক নয়,"অনেক হাইপারটেনসিভ রোগী রক্তচাপ স্বাভাবিক হলে ওষুধ খাওয়া বন্ধ করে দেন, যা একেবারেই ঠিক নয়।","উচ্চ রক্তচাপের রোগীরা রক্তচাপ স্বাভাবিক হলে ওষুধ খাওয়া ছেড়ে দেন, যা মোটেই ঠিক নয়।",3.366027447000306,,
লেখক সহকারী পরিচালক শ্যামলী ২৫০ শয্যাবিশিষ্ট টিবি হাসপাতাল,লেখক সহকারী পরিচালক শ্যামলী ২৫০ শয্যা বিশিষ্ট টিবি হাসপাতাল,শ্যামলী নামক লেখক ও সহকারী পরিচালকের ২৫০ শয্যাবিশিষ্ট টিবি হাসপাতাল,73.41378354199969,,
সেক্ষেত্রে বিভিন্ন রকমের Relaxation exercise Yoga Biofeedback Aroma Therapy নেওয়া যেতে পারে,"এই ক্ষেত্রে, বিভিন্ন রিলাক্সেশন ব্যায়াম নেওয়া যেতে পারে, যেমন যোগব্যায়াম, বায়োফিডব্যাক, অ্যারোমা থেরাপি।","সেক্ষেত্রে নানা ধরনের শিথিলকরণ ব্যায়াম, যোগব্যায়াম, বায়োফিডব্যাক ও অ্যারোমা থেরাপি গ্রহণ করা যেতে পারে।",1.8638549380002587,,
আর এই ভুলের মাশুল গুনছে তাদের শরীর,আর তাদের শরীর এই ভুলের মাশুল দিচ্ছে।,এই ভুলের জন্য তাদের শরীর মূল্য দিচ্ছে।,2.3563419089996387,,
 এই কথা শোনার কারণে অনেকে কানে তুলে বা আঙুল দিয়ে বসে থাকে,এ কথা শুনে অনেকেই কান তুলে বা আঙুল দিয়ে বসেন।,এই কথা শুনে অনেকেই কান বন্ধ করে অথবা আঙুল দিয়ে বসে থাকে।,2.2964812159998473,,
চোখের ভেতরকার প্রেশার বা চাপ বাড়লে সে অবস্থাকে গ্লুকোমা বলে,চোখের ভিতরে চাপ বেড়ে গেলে সেই অবস্থাকে গ্লুকোমা বলে।,চোখের অভ্যন্তরীণ চাপ বৃদ্ধি পেলে সেই অবস্থাকে গ্লুকোমা বলা হয়।,3.8213043180003297,,
চিকিৎসা না করালে সিওপিডির মতো পালমোনারি হাইপারটেনশন ও সময়ের সঙ্গে সঙ্গে খারাপ হয়,"পালমোনারি হাইপারটেনশন, সিওপিডির মতো, যদি চিকিত্সা না করা হয় তবে সময়ের সাথে সাথে আরও খারাপ হয়।","সিওপিডির মতো পালমোনারি হাইপারটেনশনও যদি চিকিৎসা না করানো হয়, তবে কালক্রমে তা আরও খারাপ হতে থাকে।",4.781848337000156,,
তবে অনেক সময় আরও কিছু উন্নত চিকিৎসার প্রয়োজন হয়,"যাইহোক, কখনও কখনও আরও উন্নত চিকিত্সার প্রয়োজন হয়।",কিন্তু মাঝে মাঝে আরও উন্নত চিকিৎসার প্রয়োজন পড়ে।,2.652545564999855,,
মৃত বা ত্রুটিপূর্ণ শিশু জন্ম দিয়ে থাকলে,যদি একটি মৃত বা ত্রুটিপূর্ণ শিশুর জন্ম হয়।,মৃত অথবা অক্ষম শিশু প্রসব করলে,1.1306745989995761,,
এ ছাড়া আমিষ বা প্রোটিন এবং চর্বি বা ফ্যাট স্বাভাবিক মাত্রায় গ্রহণ করা,এ ছাড়া স্বাভাবিক পরিমাণে আমিষ বা প্রোটিন এবং চর্বি বা চর্বি গ্রহণ।,এর পাশাপাশি স্বাভাবিক পরিমাণে আমিষ ও প্রোটিন এবং চর্বি ও ফ্যাট গ্রহণ করা,3.680232136000086,,
ন্যাশনাল ক্যানসার ইনস্টিটিউট বলেছে অ্যাক্রাইলেমাইডের এক বড় উৎস হলো খাবার,ন্যাশনাল ক্যান্সার ইনস্টিটিউট বলে যে অ্যাক্রিলামাইডের একটি প্রধান উৎস হল খাদ্য।,"ন্যাশনাল ক্যানসার ইনস্টিটিউট জানিয়েছে, অ্যাক্রাইলেমাইডের একটি প্রধান উৎস হলো খাদ্য।",1.0953459550000844,,
ডিমে রয়েছে লুটিন নামে এক ধরনের উপাদান যা ত্বককে আর্দ্র রাখে,ডিমে লুটেইন নামক উপাদান থাকে যা ত্বককে আর্দ্র রাখে।,ডিমে লুটিন নামক একটি উপাদান থাকে যা ত্বকের আর্দ্রতা বজায় রাখে।,0.7098771970004236,,
বাচ্চা যখন ঘনঘন সর্দিকাশিতে ভোগে তখন এগুলো আকারে আরও বড় হতে থাকে,"যখন একটি শিশু ঘন ঘন সর্দিতে ভোগে, তখন তারা আকারে বড় হয়।","যখন শিশুটি বারবার সর্দি-কাশিতে আক্রান্ত হয়, তখন এগুলোর আকার আরও বেড়ে যায়।",3.7836987889995726,,
আমাদের মত দেশে এখনও গরিব মানুষ অর্থাভাবে চিকিৎসা নিতে অক্ষম অন্য দিকে অনেকে আবার ব্যয়বহুল কিডনি  চিকিৎসা চালাতে গিয়ে এক পর্যায়ে নিঃস্ব হয়ে যায়,আমাদের মতো দেশে গরিব মানুষ এখনো চিকিৎসা নিতে পারছে না। অন্যদিকে ব্যয়বহুল কিডনির চিকিৎসা নিতে গিয়ে অনেকেই নিঃস্ব হয়ে পড়েন।,"আমাদের মতো দেশে এখনও দরিদ্র মানুষ টাকার অভাবে চিকিৎসা করাতে পারে না, অন্যদিকে অনেকেই আবার ব্যয়বহুল কিডনি চিকিৎসা চালাতে গিয়ে একসময় সর্বস্ব হারিয়ে ফেলে।",1.0972476940005436,,
আর সেগুলোকে মজা করে রান্না করতে করতে মায়ের দম ফেলার সুযোগ নেই,আর মজা করার জন্য এগুলো রান্না করতে গিয়ে মায়ের দম হারানোর সুযোগ নেই।,মাকে সেগুলো মজা করে রান্না করতে করতে নিঃশ্বাস ফেলারও সময় মেলে না।,2.3580467649999264,,
এমনটি হলে বসা থেকে দাঁড়ালে চোখে ঝাপসা লাগে,এমনটা হলে বসা থেকে দাঁড়ালেই চোখ ঝাপসা লাগে,বসা থেকে উঠে দাঁড়ালে চোখ ঝাপসা হয়ে যায় এমন পরিস্থিতিতে।,7.496467433000362,,
তেলের ব্যবহার কম করলেই ছোট বড় সবাই ইফতারে খেতে পারবে,তেলের ব্যবহার কমিয়ে দিলে সবাই ইফতারে খেতে পারেন।,তেলের ব্যবহার কমালে ছোট-বড় সবাই ইফতার করতে পারবে।,2.6535861949996615,,
প্রয়োজনমতো লোহিত রক্তকণিকা উৎপন্ন না হওয়া,লাল রক্ত ​​​​কোষের অপর্যাপ্ত উত্পাদন,প্রয়োজন অনুযায়ী লাল রক্তকণিকা তৈরি না হওয়া।,1.5437696819999474,,
 প্রতিদিন হালকা ব্যায়াম করুন  ব্যায়াম ক্যানসারের ঝুঁকি কমায়,প্রতিদিন হালকা ব্যায়াম করুন ব্যায়াম ক্যান্সারের ঝুঁকি কমায়।,প্রতিদিন হালকা ব্যায়াম করলে ক্যানসারের ঝুঁক,3.802656556999864,,
চা ও খাবারের মধ্যে ব্যবধান,চা আর খাবারের মধ্যে ফাঁক,চা এবং খাওয়ার মাঝের দূরত্ব,7.298834711999916,,
অনেকে হার্ট অ্যাটাকের ব্যথাকে ভুল করে এসিডিটির পেইন মনে করে এন্টাসিড বা ইনো খেয়ে আরও বেশি অসুস্থ হয়ে বা তীব্র বুকের ব্যথা নিয়ে রমজান মাসে সন্ধ্যা বেলা ইফতারের পর চিকিৎসকের চেম্বারে বা হাসপাতালের জরুরি বিভাগে চলে আসেন,"অনেকে হার্ট অ্যাটাকের ব্যথাকে এসিআইডির ব্যথা বলে ভুল করে, অ্যান্টাসিড বা ইনো খাওয়ার পর আরও খারাপ হয়ে যায়, অথবা প্রচণ্ড বুকে ব্যথা নিয়ে রমজান মাসে সন্ধ্যার ইফতারের পর ডাক্তারের চেম্বারে বা হাসপাতালের জরুরি বিভাগে যান।",,15.006417057000363,request_error:'NoneType' object has no attribute 'strip',
এ ছাড়া পূর্ব ও দক্ষিণপূর্ব এশিয়ার দেশগুলোতেও ব্যাকটেরিয়াটির ব্যাপকতা দেখা মেলে,এছাড়া পূর্ব ও দক্ষিণ-পূর্ব এশিয়ার দেশগুলোতেও ব্যাকটেরিয়ার প্রাদুর্ভাব দেখা যায়।,পূর্ব ও দক্ষিণপূর্ব এশিয়ার দেশগুলোতেও এই ব্যাকটেরিয়াটি ব্যাপকভাবে দেখা যায়।,1.845423660999586,,
এদের মধ্যে হাসপাতাল থেকে সুস্থ হয়ে বাড়ি ফিরেছেন ১ হাজার ৭২৬ জন,হাসপাতাল থেকে সুস্থ হয়ে বাড়ি ফিরেছেন ১ হাজার ৭২৬ জন।,হাসপাতাল থেকে সুস্থ হয়ে বাড়ি ফিরেছেন এদের মধ্যে ১ হাজার ৭২৬ জন।,1.8072739929993986,,
মিশ্রণটি মুখসহ পুরো গলায় ২০ থেকে ২৫ মিনিট ম্যাসাজ করে ঠান্ডা পানিতে ধুয়ে ফেলুন,আপনার মুখ এবং ঘাড়ে 20 থেকে 25 মিনিটের জন্য মিশ্রণটি ম্যাসাজ করুন এবং ঠান্ডা জল দিয়ে ধুয়ে ফেলুন।,"মুখ ও গলায় এই মিশ্রণটি লাগিয়ে ২০ থেকে ২৫ মিনিট ম্যাসাজ করুন, এরপর ঠান্ডা পানি দিয়ে ধুয়ে ফেলুন।",2.913467809999929,,
আমাদের খাদ্যাভ্যাস ঠিক করতে হবে এবং সঠিক সময়ে ঘুমাতে হবে,আমাদের খাদ্যাভ্যাস সামঞ্জস্য করতে হবে এবং সঠিক সময়ে ঘুমাতে হবে।,আমাদের খাদ্যাভ্যাস সংশোধন করা জরুরি এবং নির্দিষ্ট সময়ে ঘুমানো প্রয়োজন।,2.545814484999937,,
খাবারের মাধ্যমে প্রতিদিন যে পরিমাণ ক্যালরি আপনি গ্রহণ করছেন সেই পরিমাণ ক্যালরি যদি খরচ না হয় তাহলে বাড়তি ক্যালরি রক্তে কোলেস্টেরলের পরিমাণ বাড়ানোর সঙ্গে সঙ্গে শরীরের ওজন বাড়িয়ে আপনাকে ডায়াবেটিস ও ইশ্কেমিক হার্ট ডিজিজের দিকে ঠেলে দেবে,আপনি যদি প্রতিদিন খাবারের মাধ্যমে যে পরিমাণ ক্যালোরি গ্রহণ করেন তা যদি গ্রহণ না করা হয় তবে অতিরিক্ত ক্যালোরি রক্তে কোলেস্টেরলের মাত্রা বৃদ্ধির পাশাপাশি শরীরের ওজন বাড়িয়ে আপনাকে ডায়াবেটিস এবং ইস্কেমিক হার্ট ডিজিজের দিকে ঠেলে দেবে।,,9.666613174999839,request_error:'NoneType' object has no attribute 'strip',
সময়মতো নিতে হবে চিকিৎসকের পরামর্শ,সময়মতো চিকিৎসকের পরামর্শ নিতে হবে।,চিকিৎসকের পরামর্শ সময়মতো নেওয়া জরুরি।,2.4030748959994526,,
আর প্রতি বছরতো আর বাড়ি রং করানো সম্ভব নয়,আর প্রতি বছর ঘর রঙ করা সম্ভব নয়।,প্রতি বছর তো আর বাড়ি রং করানো সম্ভব না।,3.463883524999801,,
একটার পর একটা হাসপাতাল ঘুরে চিকিৎসা না পেয়ে রোগীর মৃত্যুর খবর প্রতিদিন পত্রিকায় পাওয়া যায়,একের পর এক বিনা চিকিৎসায় রোগীর মৃত্যুর খবর প্রতিদিন পত্রিকায় পাওয়া যায়।,"প্রতিদিন পত্রিকায় দেখা যায়, এক হাসপাতাল থেকে আরেক হাসপাতালে ঘুরে চিকিৎসা না পেয়ে রোগীর মৃত্যু হচ্ছে।",10.478312676000314,,
গোসলের আগে এই মাস্ক ব্যবহার করতে পারেন,গোসলের আগে এই মাস্ক ব্যবহার করতে পারেন।,গোসল করার আগে এই মাস্কটি ব্যবহার করা যায়।,2.787719019999713,,
এগুলো কোলাজেনের সংশ্লেষণ প্রচারের পাশাপাশি ইউভিপ্ররোচিত ফটোড্যামেজের বিরুদ্ধে অ্যান্টিঅক্সিডেন্ট প্রতিরক্ষায় সহায়তা করে,তারা কোলাজেন সংশ্লেষণের পাশাপাশি ইউভি-প্ররোচিত ফটোডামেজের বিরুদ্ধে অ্যান্টিঅক্সিডেন্ট প্রতিরক্ষায় সহায়তা করে।,এগুলি ক,3.814345282999966,,
অনেক সময় পাইলসের একমাত্র সমাধান হলো অপারেশন বা অস্ত্রোপচার,অনেক সময় পাইলসের একমাত্র সমাধান অস্ত্রোপচার।,পাইলসের সমস্যার একমাত্র সমাধান প্রায়শই অস্ত্রোপচার বা অপারেশন।,3.075686823999604,,
তবে এটি ভিটামিন বি১২ ও ফলিক অ্যাসিডের খুব ভালো উৎস,"যাইহোক, এটি ভিটামিন বি 12 এবং ফলিক অ্যাসিডের একটি খুব ভাল উৎস।",কিন্তু এটি ভিটামিন বি১২ এবং ফলিক অ্যাসিডের একটি চমৎকার উৎস।,3.4578433500000756,,
বাড়িতে প্রসব হলে নবজাতক যেসব সমস্যার সম্মুখীন হয় সেগুলোর জন্যে দ্রুত ও সময়োপযোগী ব্যবস্থা নেওয়া অনেক সময়ই সম্ভব হয় না,বাড়িতে জন্মের সময় নবজাতক যেসব সমস্যার সম্মুখীন হয় তার জন্য দ্রুত ও সময়মত ব্যবস্থা নেওয়া প্রায়ই সম্ভব হয় না।,গৃহে প্রসবকালীন নবজাতকের সৃষ্ট সমস্যাগুলো দ্রুত ও যথাযথভাবে মোকাবেলা করা প্রায়ই সম্ভবপর হয় না।,2.7313729610004884,,
পেটের মেদ কোনো বাহ্যিক সমস্যা নয়,পেটের চর্বি কোনো বাহ্যিক সমস্যা নয়।,পেটের চর্বি কোনো বাইরের সমস্যা নয়।,1.2106586380004956,,
সাধারনত হাটলে সেটা আরও বেড়ে যায়,আপনি হাঁটলে এটি সাধারণত খারাপ হয়ে যায়।,সাধারণত হাঁটলে তা আরও বৃদ্ধি পায়।,1.0388423139993392,,
তালিকায় দ্বিতীয় স্থানে থাকা ভারতে গত ২৪ ঘণ্টায় আক্রান্ত হয়েছেন ৯২ হাজার ৭৫৫ জন একই সময়ে মারা গেছেন ১ হাজার ১৪৯ জন,"তালিকার দ্বিতীয় স্থানে, ভারত গত 24 ঘন্টায় 92 হাজার 755 জনকে সংক্রামিত করেছে এবং একই সময়ে 1 হাজার 149 জন মারা গেছে।","ভারত, যা তালিকায় দ্বিতীয় অবস্থানে রয়েছে, সেখানে গত ২৪ ঘণ্টায় ৯২ হাজার ৭৫৫ জন নতুন করে আক্রান্ত হয়েছেন এবং একই সময়ে ১ হাজার ১৪৯ জনের মৃত্যু হয়েছে।",1.4093248509998375,,
শিশু জ্বরে আক্রান্ত হলে জ্বর কমানোর জন্য মাথায় পানি ঢালুন,শিশুর জ্বর হলে মাথায় পানি ঢালুন জ্বর কমাতে।,শিশুর জ্বর হলে তা কমানোর জন্য মাথায় পানি দিন,2.6826043030005167,,
আর্থ্রাইটিস যে কারণের জন্য হয়েছে সে কারণকে রোগ নির্ণয় পূর্বক চিকিৎসা করা হলে সফলতা পাওয়ার সম্ভাবনা বেশি,আর্থ্রাইটিসের অন্তর্নিহিত কারণের চিকিত্সা সফল হওয়ার সম্ভাবনা বেশি।,আর্থ্রাইটিসের মূল কারণ নির্ণয় করে চিকিৎসা করলে সাফল্য পাওয়ার সম্ভাবনা বেশি।,2.304031503999795,,
গরম পানিতে গোসল  নিয়মিত গরম পানিতে গোসল করতে পারেন,গরম পানিতে গোসল নিয়মিত গরম পানিতে গোসল করতে পারেন।,নিয়মিত গরম পানি দিয়ে গোসল করা সম্ভব।,3.216212598000311,,
সহকারী অধ্যাপক সিলেট মেডিকেল কলেজ,সিলেট মেডিকেল কলেজের সহকারী অধ্যাপক ডা,সিলেট মেডিকেল কলেজের সহকারী অধ্যাপক,0.5063885549998304,,
সেক্ষেত্রে সকল বয়সী মানুষকে তার চোখের বিষয়ে সচেতন হতে হবে,সেক্ষেত্রে সব বয়সের মানুষকেই চোখের প্রতি সচেতন হতে হবে।,তাই সব বয়সের মানুষকে তাদের চোখের ব্যাপারে সতর্ক থাকা উচিত।,0.9647060360002797,,
মলত্যাগের পরও পেট পুরোপুরি খালি হয়নি এমন বোধ হওয়া,মলত্যাগের পরেও পেট পুরোপুরি খালি না হওয়ার মতো অনুভূতি,মলত্যাগের পরও পেট সম্পূর্ণ পরিষ্কার হয়নি বলে মনে হওয়া,1.8521483109998371,,
প্রোটিন আমাদের শরীরে পেশি তৈরি ও রক্তচাপ নিয়ন্ত্রণ করে,প্রোটিন আমাদের শরীরে পেশী তৈরি করে এবং রক্তচাপ নিয়ন্ত্রণ করে।,শরীরে পেশি তৈরির পাশাপাশি রক্তচাপ নিয়ন্ত্রণেও প্রোটিনের ভূমিকা রয়েছে।,5.8039971280004465,,
জীবন রক্ষার অন্যতম উপায় রক্ত পরিসঞ্চালন কখনো কখনো তৈরি করতে পারে জটিলতা,"রক্ত সঞ্চালন, জীবন রক্ষার অন্যতম পদ্ধতি, কখনও কখনও জটিলতা সৃষ্টি করতে পারে।","রক্ত পরিসঞ্চালন, যা জীবন বাঁচানোর একটি প্রধান উপায়, মাঝে মাঝে জটিলতা সৃষ্টি করতে পারে।",7.782771187000435,,
বেশি রোদে ও গরমে বাইরে ব্যায়াম বা খেলাধুলা করবেন না,রোদ ও গরমে বাইরে ব্যায়াম বা খেলাধুলা করবেন না।,প্রচণ্ড রোদ ও গরমে বাইরে শরীরচর্চা বা খেলাধুল,3.4175217419997352,,
অল্প অল্প করে ঘি দিন আর নেড়েচেড়ে মেশান,অল্প অল্প করে ঘি দিন এবং ভালো করে মেশান।,আস্তে আস্তে ঘি যোগ করে ভালোভাবে নেড়ে মেশান।,2.598747189000278,,
 ইতিমধ্যে দেশের ৬১ জেলায় ডেঙ্গু ছড়িয়ে পড়েছে,ইতোমধ্যে দেশের ৬১টি জেলায় ডেঙ্গু ছড়িয়ে পড়েছে।,দেশের ৬১টি জেলায় ইতিমধ্যে ডেঙ্গু সংক্রমণ ছড়িয়ে গেছে।,0.970186343000023,,
কী দেখে বুঝবেন হিট স্ট্রোক হয়েছে?,হিট স্ট্রোক সম্পর্কে আপনি কি জানেন?,হিট স্ট্রোক হয়েছে তা কীভাবে বুঝবেন?,1.0885263290001603,,
" প্রতিদিন এই সুমিষ্ট আম খাওয়া, তাতে শরীরের ওজন বেড়ে যাবে না তো? কিংবা ডায়াবেটিস অর্থাৎ সুগার লেভেল ঠিক থাকবে তো? এই চিন্তা কিন্তু একেবারে অমূলক নয়",প্রতিদিন এই সুস্বাদু আম খেলে শরীরের ওজন বাড়বে না? নাকি ডায়াবেটিস অর্থাৎ সুগার লেভেল ঠিক থাকবে? কিন্তু এই চিন্তা সম্পূর্ণ ভিত্তিহীন নয়।,,10.741155845999856,request_error:'NoneType' object has no attribute 'strip',
মারাত্মকভাবে সংক্রমণ ক্ষমতাসম্পন্ন এই ভাইরাসে চীনে মৃতের সংখ্যা ৫০০ ছাড়িয়েছে,চীনে অত্যন্ত সংক্রামক এই ভাইরাসে মৃতের সংখ্যা ৫০০ ছাড়িয়েছে।,চীনে এই অত্যন্ত সংক্রামক ভাইরাসটিতে মৃতের সংখ্যা ৫০০ পার হয়েছে।,3.743632833000447,,
লোহা  লোহা এরূপ একটি ক্ষুদ্র উপাদান যার পরিমাণ শরীরের ওজনের মাত্র ০০০৪,আয়রন এমন একটি ছোট উপাদান যে এটি শরীরের ওজনের মাত্র 10004।,"শরীরের ওজনের মাত্র শূন্য দশমিক শূন্য শূন্য চার শতাংশ হলো লোহা, যা একটি অতি ক্ষুদ্র উপাদান।",2.6506822309993368,,
ইরানের দক্ষিণাংশে জিরোফত এলাকায় এই প্রসাধনীর সন্ধান মিলেছে,এই প্রসাধনীটি ইরানের দক্ষিণাঞ্চলের জিরোফাত অঞ্চলে আবিষ্কৃত হয়েছে।,ইরানের দক্ষিণে জিরোফত অঞ্চলে এই প্রসাধনীটির সন্ধান পাওয়া গেছে।,2.8735418969999955,,
ক্যামব্রিজ বিশ্ববিদ্যালয়ের গবেষণায় প্রকাশ প্রথম রোগী শনাক্ত হওয়ার পর এটি প্রয়োগ করলে ৪৯তম দিনের দিকে এটি নিয়ন্ত্রণ করা যায়,কেমব্রিজ ইউনিভার্সিটির একটি গবেষণায় দেখা গেছে যে প্রথম রোগী শনাক্ত হওয়ার পর প্রয়োগ করা হলে এটি 49 দিনের মধ্যে নিয়ন্ত্রণ করা যায়।,"ক্যামব্রিজ বিশ্ববিদ্যালয়ের এক গবেষণা অনুযায়ী, প্রথম রোগী শনাক্ত হওয়ার পর এটি প্রয়োগ করলে প্রায় ৪৯তম দিনে নিয়ন্ত্রণে আনা সম্ভব।",3.762068246999661,,
এতে চোখে ভুলবশত হাত লেগে যাওয়া এবং ধুলা ও ধোঁয়া থেকে বাঁচা যায়,এটি চোখের সাথে দুর্ঘটনাজনিত যোগাযোগ প্রতিরোধ করতে সাহায্য করে এবং ধুলো এবং ধোঁয়া থেকে রক্ষা করে।,এই কারণে চোখে অনিচ্ছাকৃতভাবে হাত পড়া এবং ধুলো ও ধোঁয়া থেকে রক্ষা পাওয়া সম্ভব।,2.4147472780005046,,
এর ফলে ক্যানসার প্রতিরোধ করা সহজ হয় বিপাকীয় স্বাস্থ্য স্থিতিশীল থাকে এবং শরীরের বিভিন্ন অঙ্গের স্বাভাবিক ক্রিয়া ঠিক থাকে,"এটি ক্যান্সার প্রতিরোধ করা সহজ করে, বিপাকীয় স্বাস্থ্য বজায় রাখে এবং শরীরের বিভিন্ন অঙ্গের স্বাভাবিক কার্যকারিতা বজায় রাখে।","এতে ক্যানসার প্রতিরোধ সহজ হয়, বিপাকীয় স্বাস্থ্য স্থিতিশীল থাকে এবং শরীরের বিভিন্ন অঙ্গের স্বাভাবিক কার্যক্রম বজায় থাকে।",3.72579525799938,,
এ ভাগগুলো হচ্ছেএ বি এবং সি,"এই অংশগুলি হল A, B এবং C।","এই অংশগুলো হলো এ, বি এবং",3.13211013199998,,
প্রশ্ন হল শরীরে ভিটামিন ডিএর ঘাটতি কীভাবে পূরণ করবেন কতগুলো সহজ পদ্ধতি অবলম্বন করার মাধ্যমে এ সমস্যা সহজেই দূর করতে পারেন,শরীরে ভিটামিন ডি-এর ঘাটতি কীভাবে পূরণ করা যায় সেটাই প্রশ্ন।,"শরীরে ভিটামিন ডি-এর অভাব মেটানোর উপায় কী, তা জানা জরুরি; কিছু সহজ কৌশল অনুসরণ করলেই এই সমস্যা সহজেই সমাধান করা সম্ভব।",1.2117819550003333,,
ডেঙ্গির বাহক এডিস মশা জমা হওয়া স্বচ্ছ পানিতে ডিম পাড়ে,ডেঙ্গু বহনকারী এডিস মশা স্থির স্বচ্ছ পানিতে ডিম পাড়ে।,"এডিস মশা, যা ডেঙ্গি রোগের বাহক, জমে থাকা পরিষ্কার পানিতে ডিম দেয়।",4.062174022999898,,
এতে চলতি বছর ডেঙ্গুতে মোট আক্রান্তের সংখ্য ৯০ হাজার ছড়িয়ে গেছে,এতে এ বছর ডেঙ্গু আক্রান্তের সংখ্যা ৯০ হাজারে পৌঁছেছে।,চলতি বছরে ডেঙ্গুতে আক্রান্তের মোট সংখ্যা ৯০ হাজার ছাড়িয়ে গেছে।,2.67342020399974,,
বক্তব্য রাখেন বিশ্ববিদ্যালয়ের সাবেক উপউপাচার্য অধ্যাপক ডা জাহিদ হোসেন কার্ডিওলজি বিভাগের চেয়ারম্যান অধ্যাপক ডা মোস্তাফিজুর রহমান শিশু হৃদরোগ বিভাগের চেয়ারম্যান অধ্যাপক ডা তারিকুল ইসলাম প্রমুখ,"বক্তব্য রাখেন কার্ডিওলজি বিভাগের চেয়ারম্যান অধ্যাপক ডাঃ জাহিদ হোসেন, শিশু কার্ডিওলজি বিভাগের চেয়ারম্যান অধ্যাপক ডাঃ মোস্তাফিজুর রহমান, তরিকুল ইসলাম প্রমুখ।","বিশ্ববিদ্যালয়ের সাবেক উপ-উপাচার্য অধ্যাপক ডা. জাহিদ হোসেন, কার্ডিওলজি বিভাগের চেয়ারম্যান অধ্যাপক ডা. মোস্তাফিজুর রহমান ও শিশু হৃদরোগ বিভাগের চেয়ারম্যান অধ্যাপক ডা. তারিকুল ইসলাম প্রমুখ বক্তব্য প্রদান করেন।",15.546480556999995,,
এ সময়টায় লিভার ক্ষতিগ্রস্ত হওয়া সত্ত্বেও স্বাভাবিক কার্যক্রম চালিয়ে নেয়,"এই সময়ে, ক্ষতি হওয়া সত্ত্বেও লিভার স্বাভাবিকভাবে কাজ করে।",লিভার ক্ষতিগ্রস্ত হলেও এই সময়ে এটি স্বাভাবিক কাজকর্ম চালিয়ে যায়।,0.7704176409997672,,
কম্পিউটারের মনিটর চোখের লেভেলে রাখা,কম্পিউটার মনিটর চোখের স্তরে রাখা,চোখের সমান উচ্চতায় কম্পিউটারের মনিটর স্থাপন করা।,2.815247198999714,,
স্বল্প পরিশ্রমেই দুর্বল হয়ে পড়বেন আপনি,অল্প পরিশ্রমে আপনি দুর্বল হয়ে পড়বেন।,অল্প খাটুনিতেই আপনি দুর্বল হয়ে যাবেন,1.9970352780001122,,
জেনে নিন আমের সঙ্গে ভুলেও কোন খাবারগুলি খাওয়া চলবে না,জেনে নিন কোন খাবারগুলো আম দিয়ে কখনই খাওয়া উচিত নয়।,"আমের সাথে কোন খাবারগুলো কখনোই খাওয়া উচিত নয়, তা জেনে নিন।",1.7531072469992068,,
রোগীকে আরও প্রয়োজনীয় পরীক্ষার পর কিছু ওষুধ প্রদান করা হলো,পরবর্তী প্রয়োজনীয় পরীক্ষা-নিরীক্ষার পর রোগীকে কিছু ওষুধ দেওয়া হয়।,রোগীকে প্রয়োজনীয় আরও কিছু পরীক্ষা করার পর ওষুধ দেওয়া হলো।,1.9188894320004692,,
 তারা ১০ বছরে ৬২ কোটি টাকা সিএসআর করেছে অথচ ইসলামি ব্যাংক এক বছরে ১০২ কোটি টাকা সিএসআর করেছে,তারা 10 বছরে 62 কোটি সিএসআর করেছে এবং ইসলামী ব্যাংক এক বছরে 102 কোটি সিএসআর করেছে।,ইসলামি ব্যাংক এক বছরে ১০২ কোটি টাকা সিএসআর করলেও তারা ১০ বছরে মাত্র ৬২ কোটি টাকা সিএসআর করেছে।,3.1671487909998177,,
আপেল সিডার ভিনেগার ও পানি,আপেল সিডার ভিনেগার এবং জল।,আপেল সিডার ভিনেগার এবং পানি,2.0882494520001273,,
কালো অথবা হেয়ারি টাং ব্যাকটেরিয়ার বংশ বৃদ্ধির লক্ষণ হতে পারে,একটি কালো বা লোমশ জিহ্বা ব্যাকটেরিয়া অতিরিক্ত বৃদ্ধির লক্ষণ হতে পারে।,কালো বা লোমশ জিহ্বা ব্যাকটেরিয়ার সংখ্যা বৃদ্ধির ইঙ্গিত দিতে পারে।,1.9694067500004167,,
এসব কারণে যদি বাচ্চার প্রয়োজন হয় তবে তিন থেকে পাঁচবার সিজার করা যায়,এসব কারণে শিশুর প্রয়োজন হলে তিন থেকে পাঁচবার করা যেতে পারে।,"যদি এসব কারণে শিশুর প্রয়োজন হয়, তাহলে তিন থেকে পাঁচবার সিজার করা সম্ভব।",3.080194121000204,,
১৫ থেকে ৩০ সেকেন্ড এই অবস্থায় থাকুন,15 থেকে 30 সেকেন্ডের জন্য এই অবস্থানে থাকুন।,১৫ সেকেন্ড থেকে ৩০ সেকেন্ড পর্যন্ত এই অবস্থায় থাকুন।,0.8598217150001801,,
দিনের পর দিন এ ধরনের খাবার খেলে ওজন যেমন বেড়ে যেতে পারে তেমনি ট্রান্সফ্যাটের কারণে কোলেস্টরেলও বাড়তে পারে,দিনের পর দিন এই ধরনের খাবার খেলে ওজন যেমন বাড়তে পারে তেমনি ট্রান্স ফ্যাট কোলেস্টেরলও বাড়তে পারে।,"প্রতিদিন এই রকম খাবার খাওয়ার ফলে যেমন ওজন বৃদ্ধি পেতে পারে, তেমনই ট্রান্সফ্যাটের জন্য কোলেস্টেরলের মাত্রাও বেড়ে যেতে পারে।",13.815254541000286,,
ডেঙ্গুর আশঙ্কাসহ যদি নিম্নলিখিত যে কোনো একটি থাকে যেমন পেটে ব্যথা পেট শক্ত হওয়া অনবরত বমি প্লুরাল ইফুশন বা এসাইটিস রক্তক্ষরণ লিভার এক ইঞ্চির বেশি বড় হিমাটক্রিট দ্রুত বাড়া বা প্লাটিলেট দ্রুত কমা,"ডেঙ্গু সন্দেহ করা হয় যদি নিম্নলিখিতগুলির মধ্যে কোনটি উপস্থিত থাকে, যেমন পেটে ব্যথা, পেট শক্ত হওয়া, ক্রমাগত বমি হওয়া, প্লুরাল ইফিউশন বা অ্যাসাইটিস, রক্তপাত, লিভার এক ইঞ্চির বেশি বৃদ্ধি, হেমাটোক্রিট দ্রুত বৃদ্ধি বা প্লেটলেট দ্রুত হ্রাস।","ডেঙ্গু সন্দেহে নিচের যেকোনো একটি উপসর্গ থাকলে, যেমন—পেটে ব্যথা, পেট শক্ত হয়ে যাওয়া, ক্রমাগত বমি, প্লুরাল ইফিউশন বা অ্যাসাইটিস, রক্তক্ষরণ, লিভার এক ইঞ্চির বেশি বড় হওয়া, হিমাটোক্রিট দ্রুত বাড়া অথবা প্লেটলেট দ্রুত কমা।",4.226431347000471,,
অপারেশন না করালে সাইনাসের সমস্যা লেগেই থাকে কানের পর্দা ফেটে যেতে পারে এবং শ্বাসকষ্ট ও হাঁপানির মতো অবস্থার সৃষ্টি হয়,"যদি চিকিৎসা না করা হয়, সাইনাসের সমস্যা থেকে যেতে পারে, কানের পর্দা ফেটে যেতে পারে এবং শ্বাসকষ্ট এবং হাঁপানির মতো অবস্থার সৃষ্টি করতে পারে।","অপারেশন না করালে সাইনাসের সমস্যা অব্যাহত থাকে, কানের পর্দা ছিঁড়ে যেতে পারে এবং শ্বাসকষ্ট ও হাঁপানির মতো অবস্থা তৈরি হয়।",81.42834472699997,,
হাই ব্লাড প্রেশার ডায়াবেটিস বা বংশগত রোগের প্রবণতা থাকলেও কিডনিতে একাধিক সমস্যা দেখা যায়,"উচ্চ রক্তচাপ, ডায়াবেটিস বা বংশগত রোগের প্রবণতা থাকলেও কিডনিতে বেশ কিছু সমস্যা দেখা দেয়।","বংশগত রোগ, ডায়াবেটিস বা উচ্চ রক্তচাপের ঝুঁকি থাকলেও কিডনিতে নানা ধরনের সমস্যা হতে পারে।",10.172655087999374,,
 বসন্তের শেষে ফুল ধরে ফল হয়,বসন্তের শেষের দিকে ফুল ফোটে এবং ফল দেয়।,বসন্ত শেষে ফুল থেকে ফল উৎপন্ন হয়।,1.3533668219997708,,
এমন কি ভ্যাকসিন নিয়ে ও স্থায়ী বা দীর্ঘমেয়াদি কোনো নিশ্চয়তা কোনো পর্যায়ে পাওয়া যাচ্ছে না,"এমনকি ভ্যাকসিনের সাথে, কোন পর্যায়ে কোন স্থায়ী বা দীর্ঘমেয়াদী গ্যারান্টি নেই।",ভ্যাকসিনের ক্ষেত্রেও দীর্ঘমেয়াদি বা স্থায়ী কোনো নিশ্চয়তা কোনো স্ত,3.9653774799999155,,
সরমালাই পোলাওইয়াখনির উপকরণ নারকেলের দুধ আড়াই কাপ তেজপাতা ১টি দারচিনি ১টি ছোটো এলাচ ১টি লবঙ্গ ৪টি পেঁয়াজ ২টি কেশর ১ চিমটি চাল ভাজার জন্য লাগবে পোলায়ের চাল অথবা গোবিন্দভোগ চাল আধ কিলোগ্রাম ঘি ৩ টেবিল চামচ তেজপাতা ২টি কাজু কুচি ২৩ মুঠো ছোটো এলাচ ২টি দারচিনি ২টি লবঙ্গ ৫৬টি শাহী জিরে আধ চা চামচ চাল ১ কাপ লবণ স্বাদমতো নারকেলের দুধ আধ কাপ   আরও পড়ুন                                                                                           যে লক্ষণে বুঝবেন প্রাক্তন জীবনে আবার ফিরতে চাচ্ছে                                        এ ছাড়াও লাগবে পেঁয়াজ কুচি দেড় কাপ ছানা দেড় কাপ ময়দা ১ চামচ ফ্রেশ ক্রিম দেড় কাপ নারকেল কুচি ১ চামচ কিশমিশ ১ মুঠো ঘি দেড় থেকে দুই কাপ কাগজি লেবু ১টি আমন্ড কুচি ১ মুঠো পেস্তা কুচি ১ মুঠোপ্রণালিপ্রথমে ইয়াখনি বানিয়ে নিন,সরমালাই পোলাও ইয়াখানির উপকরণ: নারকেলের দুধ 2.5 কাপ তেজপাতা 1 দারুচিনি 1 ছোট এলাচ 1 লবঙ্গ 4 পেঁয়াজ 2 জাফরান 1 চিমটি ভাজার জন্য চাল: পোলাও চাল বা গোবিন্দভোগ চাল 1/2 কেজি ঘি 3 চা চামচ 3 চা চামচ মুষ্টিমেয় ছোট এলাচ 2 দারুচিনি 2 লবঙ্গ 56 শাহী জিরা 1/2 চা চামচ চাল 1 কাপ লবণ স্বাদমতো নারকেলের দুধ 1/2 কাপ আরও পড়ুন যে লক্ষণগুলি,,10.571416699999645,request_error:'NoneType' object has no attribute 'strip',
অধিকাংশ ভাইরাস নাক-মুখ দিয়ে প্রবেশ করে গলায় কিছুক্ষণ আটকে থাকে,বেশিরভাগ ভাইরাস নাক ও মুখ দিয়ে প্রবেশ করে এবং কিছুক্ষণ গলায় থাকে।,বেশিরভাগ ভাইরাস নাক ও মুখ দিয়ে শরীরে প্রবেশ করে এবং কিছু সময় গলায় আটকে থাকে।,3.4000569200006794,,
" তিনি বলেন, ‘আমাদের মা’দের শিক্ষিত করতে পারলে ধূমপানের হার কমবে","তিনি বলেন: ""আমরা যদি আমাদের মায়েদের শিক্ষিত করতে পারি তাহলে ধূমপানের হার কমবে।""","তিনি বলেছেন, ‘মায়েদের শিক্ষিত করতে পারলে ধূমপানের হার হ্রাস পাবে’",8.136533844000041,,
গুড়ে বেশ আয়রনও পাওয়া যায় যা আমাদের শরীরে প্রতিরোধশক্তি বাড়াতে সাহায্য করে,"গুড় এছাড়াও প্রচুর পরিমাণে আয়রন, যা আমাদের শরীরে রোগ প্রতিরোধ ক্ষমতা বাড়াতে সাহায্য করে।","গুড়ে প্রচুর পরিমাণে আয়রন থাকে, যা আমাদের দেহের রোগ প্রতিরোধক্ষ",3.9767294110006333,,
কেহ ঘর থেকে বের হচ্ছে না,কেউ ঘর থেকে বের হয় না।,ঘর থেকে কেউ বের হচ্ছে না,6.575277488999745,,
"গবেষণায় দেখা গেছে, ফ্যাটলেস দই খেলে দ্রুত ওজন ঝরে",গবেষণায় দেখা গেছে যে চর্বিহীন দই খাওয়া আপনাকে দ্রুত ওজন কমাতে সাহায্য করতে পারে।,"গবেষণায় প্রমাণিত হয়েছে, চর্বিহীন দই খেলে ওজন দ্রুত কমে।",7.000508529999934,,
বিশেষ করে মাংসপেশি বেড়ে যাওয়া এবং মাংসপেশি কাঁপার মতো সমস্যাগুলো হয়ে থাকে,"বিশেষ করে, পেশী খিঁচুনি এবং পেশী কম্পনের মতো সমস্যা দেখা দেয়।","মাংসপেশির বৃদ্ধি ও কাঁপুনিসহ বিভিন্ন সমস্যা দেখা দেয়, বিশেষ করে।",3.476835564999419,,
সবসময় লাইজল অথবা ব্লিচিংপানি মিশিয়ে প্রস্তুত রাখুন,সর্বদা প্রস্তুত লাইসল বা ব্লিচিং জল রাখুন।,নিয়মিত লাইসল কিংবা ব্লিচিং পানি মিশিয়ে তৈরি করে রাখুন।,13.563103049000347,,
ডা আফলাতুন আকতার জাহান মেডিসিন স্পেশালিস্ট ইন্টারনাল মেডিসিন বিভাগ স্কয়ার হাসপাতাল লিমিটেড ঢাকা,ডাঃ আফলাতুন আক্তার জাহান মেডিসিন বিশেষজ্ঞ ইন্টারনাল মেডিসিন বিভাগ স্কয়ার হাসপাতাল লিমিটেড ঢাকা,"ডা. আফলাতুন আকতার জাহান স্কয়ার হাসপাতাল লিমিটেড, ঢাকার ইন্টারনাল মেডিসিন বিভাগে মেডিসিন বিশেষজ্ঞ হিসেবে কর্মরত।",1.915034999999989,,
তাই গ্লুকোমাকে প্রাথমিক অবস্থায় শনাক্ত করতে হবে,"অতএব, গ্লুকোমা প্রাথমিক পর্যায়ে সনাক্ত করা উচিত।",সুতরাং গ্লুকোমা প্রাথমিক পর্যায়ে চিহ্নিত করা জরুরি।,1.8568233810001402,,
 এই গাছ দুই থেকে আড়াই ফুট পর্যন্ত লম্বা হতে পারে,এই গাছটি দুই থেকে আড়াই ফুট পর্যন্ত লম্বা হতে পারে।,এই গাছটির উচ্চতা দুই থেকে আড়াই ফুট পর্যন্ত হতে পারে।,3.526655478000066,,
"সংবাদ বিজ্ঞপ্তিতে বলা হয়, পাইকারি ওষুধের দোকানগুলোতে বুধবার দুপুর ১২টায় এই অভিযান শুরু হয়, চলে ভোর পর্যন্ত","সংবাদ বিজ্ঞপ্তিতে বলা হয়, বুধবার দুপুর ১২টায় পাইকারি ওষুধের দোকানে অভিযান শুরু হয়ে ভোর পর্যন্ত চলে।","সংবাদ বিজ্ঞপ্তি অনুযায়ী, বুধবার দুপুর ১২টায় পাইকারি ওষুধ",4.16921425199962,,
যেমন তার পেটে ব্যথা বমি ও কিছুই খেতে পারছে না,তার পেট ব্যাথার মত বমি আর কিছু খেতে পারছে না।,"সে পেটে ব্যথা ও বমি অনুভব করছে, এবং কিছুই খেতে পারছে না।",2.031779457000084,,
ইউরোপীয় কমিশনের টিকা ব্যবহারের অনুমতি দেওয়ার আগে শেষ পদক্ষেপ হিসেবে ইএমএ বিপণনের অনুমোদন দিয়েছে,ইউরোপীয় কমিশন ভ্যাকসিন ব্যবহারের অনুমতি দেওয়ার আগে শেষ পদক্ষেপ হিসাবে EMA বিপণনের অনুমোদন দিয়েছে।,ইএমএ বিপ,3.6945105120003063,,
নিয়মিত মুখ ধোয়া ফেসওয়াশ দিয়ে ভালো করে মুখ পরিষ্কার করা মুখ ধোয়ার পর ময়েশ্চারাইজার দেওয়া বাইরে যাওয়ার আগে সানস্ক্রিন লাগানো মেকআপ তোলার সময়  ডাবল ক্লিনজিং করা এই বিষয়গুলো মাথায় রাখলে ত্বকে কোনো সমস্যা হবে না,"নিয়মিত মুখ ধোয়া, ফেস ওয়াশ দিয়ে ভালোভাবে মুখ পরিষ্কার করা, মুখ ধোয়ার পর ময়েশ্চারাইজার লাগানো, বাইরে যাওয়ার আগে সানস্ক্রিন লাগানো এবং মেকআপ তোলার সময় ডাবল ক্লিনজিং করলে আপনার ত্বকের কোনো সমস্যা হবে না।","নিয়মিত ফেসওয়াশ দিয়ে মুখ ভালো করে পরিষ্কার করা, ধোয়ার পর ময়েশ্চারাইজার ব্যবহার করা, বাইরে বের হওয়ার আগে সানস্ক্রিন লাগানো এবং মেকআপ তোলার সময় ডাবল ক্লিনজিং করা—এই বিষয়গুলো মেনে চললে ত্বকে কোনো সমস্যা হবে না।",2.589998325000124,,
এর বাইরে প্রতিদিন বহির্বিভাগে ডায়রিয়া বমির সমস্যা নিয়ে রোগী আসছে,এছাড়া প্রতিদিন ডায়রিয়া ও বমির সমস্যা নিয়ে বহির্বিভাগে রোগীরা আসেন।,প্রতিদিন এর বাইরেও ডায়রিয়া ও বমির সমস্যা নিয়ে বহির্বিভাগে রোগী আসছে।,2.3923933619998934,,
মাথাটাকে বামে ও ডানে ঘুরান,মাথা বাম এবং ডান দিকে ঘুরুন।,মাথাটি বাম ও ডান দিকে ঘোরান,2.350644920999912,,
 ২৪ ঘণ্টা পরে আবার ওজন নিয়ে দেখবেন প্রায় ১ কেজির মতো ওজন কমে গেছে,24 ঘন্টা পর আবার ওজন করুন এবং দেখবেন ওজন প্রায় 1 কেজি কমে গেছে।,"২৪ ঘন্টা পর আবার ওজন মেপে দেখুন, প্রায় ১ কেজি ওজন কমেছে।",2.609832791000372,,
ফাইবারের পরিমাণ বেশি থাকায় গাজর খেলে পেট ভর্তি লাগে এবং ওজন কমাতেও সাহায্য করে এই গাজর,উচ্চ ফাইবার থাকায় গাজর খেলে পেট ভরে যায় এবং ওজন কমাতেও সাহায্য করে।,গাজরে ফাইবারের পরিমাণ বেশি থাকায় এটি খেলে পেট ভর্তি অনুভূতি হয় এবং ওজন কমাতেও সহায়তা করে।,0.8309912720005741,,
ডাক্তারকে না জিজ্ঞেস করে কোনো ক্রিম লাগাবেন না,আপনার ডাক্তারকে জিজ্ঞাসা না করে কোনো ক্রিম লাগাবেন না।,ডাক্তারের পরামর্শ ছাড়া কোনো ক্রিম ব্যবহার করবেন না।,0.7657558669998252,,
এই গরমে অনেকেই কোষ্ঠকাঠিন্যের সমস্যায় ভুগছেন,এই গরমে অনেকেই কোষ্ঠকাঠিন্যে ভোগেন।,এই গরমে কোষ্ঠকাঠিন্যের সমস্যায় আক্রান্ত হচ্ছেন অনেকে।,11.111962162000054,,
ঠান্ডা ধুলাবালি এড়িয়ে চলা হালকা গরম পানি দিয়ে গড়গড়া করা আদা লবঙ্গ ইত্যাদি খেলেও কণ্ঠস্বর ধীরে ধীরে ঠিক হয়ে আসে,"ঠাণ্ডা ধুলাবালি এড়িয়ে, ঈষদুষ্ণ জলে গার্গল করা, আদা, লবঙ্গ ইত্যাদি খেলে কণ্ঠস্বর ধীরে ধীরে উন্নত হয়।","ঠান্ডা ও ধুলাবালি থেকে দূরে থাকা, কুসুম গরম পানি দিয়ে গড়গড়া করা এবং আদা, লবঙ্গ ইত্যাদি খেলে ধীরে ধীরে কণ্ঠস্বর স্বাভাবিক",5.047207725999215,,
২ সম্ভব হলে দড়ি লাফ সাইকেল চালানো এবং সাঁতার কাটার মাধ্যমে শরীরচর্চা প্রয়োজন,2 সম্ভব হলে সাইকেল চালানো এবং সাঁতারের মাধ্যমে শারীরিক ব্যায়াম করা উচিত।,"সম্ভব হলে দড়ি লাফ, সাইকেল চালানো ও সাঁতার কাটার মাধ্যমে শরীরচর্চা করা জরুরি।",1.1630644130000292,,
এতে তাদের মধ্যে সেভাবে রোগের উপসর্গ দেখা যাচ্ছে না,এতে তাদের মধ্যে রোগের লক্ষণ দেখা যায় না।,এতে তাদের মধ্যে রোগের লক্ষণ তেমনভাবে প্রকাশ পাচ্ছে না।,1.6982323279999036,,
ওজন বাড়ার কারণে নানা ধরনের রোগব্যাধি বাসা বাধে শরীরে,ওজন বৃদ্ধির কারণে শরীরে বাসা বাঁধে নানা ধরনের রোগ।,ওজন বৃদ্ধির ফলে শরীরে বিভিন্ন রোগের সৃষ্টি হয়।,1.1973928870002055,,
শিশুর জলমাথা ও মেরুদণ্ডের রোগের চিকিৎসা বেশ ব্যয়বহুল,শিশুদের হাইড্রোসেফালাস এবং মেরুদণ্ডের রোগের চিকিৎসা বেশ ব্যয়বহুল।,শিশুর জলমাথা ও মেরুদণ্ডের রোগের চিকিৎসা অনেক ব্যয়সাপেক্ষ।,3.010939843000415,,
ডা সায়েবা যুগান্তরকে বলেন এই প্রতিষ্ঠানটিতে প্রচুর দরিদ্র মানুষ আসছেন,"ডা: সায়েবা যুগান্তরকে বলেন, এ প্রতিষ্ঠানে অনেক দরিদ্র মানুষ আসছে।","যুগান্তরকে ডা সায়েবা জানান, এই প্রতিষ্ঠানে অনেক গরিব মানুষ আসছেন।",2.8724562050001623,,
মাথা নাক মুখ কানউপযুক্ত শীতের কাপড় দিয়ে ঢেকে রাখুন,"আপনার মাথা, নাক, মুখ এবং কান উপযুক্ত শীতের পোশাক দিয়ে ঢেকে রাখুন।","শীতের উপযুক্ত পোশাক দিয়ে মাথা, নাক, মুখ ও কান ঢেকে রাখুন।",9.287208781999652,,
তাদের এ অনুসন্ধান ডায়াবেটিস চিকিৎসার ক্ষেত্রে নতুন থেরাপি উদ্ভাবনের পথ খুলে দিয়েছে যা দিয়ে বিপাক গবেষণায় এফজিএফ১ নামের এ কোষ উৎপাদন বৃদ্ধির কৌশল আবিষ্কৃত হতে পারে,"তাদের অনুসন্ধানগুলি ডায়াবেটিসের চিকিত্সার জন্য নতুন থেরাপির বিকাশের পথ প্রশস্ত করে, বিপাকীয় গবেষণায় FGF1 নামক কোষের উত্পাদন বাড়ানোর কৌশল আবিষ্কার করে।","তাদের এই গবেষণার ফলে ডায়াবেটিস চিকিৎসায় নতুন থেরাপি উদ্ভাবনের পথ উন্মুক্ত হয়েছে, যা বিপাক গবেষণায় এফজিএফ১ নামক কোষের উৎপাদন বৃদ্ধির কৌশল আবিষ্কারে সহায়ক হতে পারে।",19.76475400900017,,
প্রোটিন জাতীয় খাবার শরীরের তাপমাত্রা বজায় রেখে শরীর গরম রাখতে সাহায্য করে,প্রোটিন সমৃদ্ধ খাবার শরীরের তাপমাত্রা ঠিক রেখে শরীরকে উষ্ণ রাখতে সাহায্য করে।,প্রোটিনসমৃদ্ধ খাবার শরীরের তাপমাত্রা ঠিক রেখে দেহ উষ্ণ রাখতে সহায়তা করে।,2.7645734269999593,,
 শিশুদের ত্বকের জন্যেও তা নিরাপদ,এটি শিশুদের ত্বকের জন্যও নিরাপদ।,এটি শিশুদের ত্বকের জন্যও নিরাপদ।,1.6860676289998082,,
তবে যারা একাধিক ধরনের তামাক সেবন করে তাদের ক্যানসারের ঝুঁকি সর্বাধিক,তবে যারা একাধিক ধরনের তামাক সেবন করেন তাদের ক্যান্সারের ঝুঁকি সবচেয়ে বেশি।,"কিন্তু যারা বিভিন্ন ধরনের তামাক সেবন করে, তাদের ক্যান্সারের ঝুঁকি সবচেয়ে বেশি।",3.249686773000576,,
জ্বর হলে শরীরে ক্যালোরির চাহিদা বাড়ে ফলে বিপাক বেড়ে যায় ও রোগীর পুষ্টির দরকার হয়,জ্বর হলে শরীরের ক্যালরির চাহিদা বেড়ে যায় ফলে মেটাবলিজম বৃদ্ধি পায় এবং রোগীর পুষ্টির প্রয়োজন হয়।,"জ্বরের কারণে দেহে ক্যালোরির চাহিদা বেড়ে যায়, যার ফলে বিপাকক্রিয়া বৃদ্ধি পায় এবং রোগীর পুষ্টির প্রয়োজন পড়ে।",2.0038154009998834,,
আর তা অনেকক্ষণ পর্যন্ত শরীরে থাকে,আর তা শরীরে থাকে অনেকক্ষণ।,আর তা দীর্ঘক্ষণ ধরে শরীরে থাকে।,3.1781528550000075,,
যেমন রক্তের এনটি প্রো বিএনপির এনটারমিনাল প্রোহরমোন অব ব্রেইন নেট্রিউরেটিক পেপটাইড মাত্রা পরীক্ষা এবং ইকোকার্ডিওগ্রাম করা খুব দরকারি,"উদাহরণস্বরূপ, রক্তের NT Pro BNP (Enterminal Prohormone of Brain Natriuretic Peptide) স্তর পরীক্ষা করা এবং একটি ইকোকার্ডিওগ্রাম করা খুবই গুরুত্বপূর্ণ।",,20.31909752899992,request_error:'NoneType' object has no attribute 'strip',
১৮ বছরের শিশুর প্রতিদিনের চাহিদা ৯০ মাইক্রোগ্রাম ৯১৩ বছর পর্যন্ত ১২০ মাইক্রোগ্রাম এবং ১৪ বছর থেকে আরম্ভ করে বয়স্কদের জন্য তা ১৫০ মাইক্রোগ্রাম,"18 বছর বয়সী শিশুদের জন্য দৈনিক প্রয়োজন 90 মাইক্রোগ্রাম, 120 মাইক্রোগ্রাম 913 বছর পর্যন্ত এবং 14 বছর বয়সী প্রাপ্তবয়স্কদের জন্য 150 মাইক্রোগ্রাম।",,7.899637135000376,request_error:'NoneType' object has no attribute 'strip',
মধ্য বয়সিদের ৩০ থেকে ৫৫ বছর বয়স পর্যন্ত মধ্যেই লং কোভিডের উপসর্গ বেশি পাওয়া যায়,দীর্ঘ কোভিড লক্ষণগুলি 30 থেকে 55 বছর বয়সী মধ্যবয়সী ব্যক্তিদের মধ্যে বেশি দেখা যায়।,লং কোভিডের উপসর্গ মূলত ৩০ থেকে ৫৫ বছর বয়সী মধ্যবয়সীদের মধ্যেই বেশি দেখা যায়।,3.552936635000151,,
উপরে উল্লেখিত অসুস্থতাগুলো যেহেতু জীবাণু সংক্রমণের মাধ্যমে ঘটে থাকে তাই কাশি এবং জর প্রায় সব ক্ষেত্রেই বিদ্যমান থাকে,"যেহেতু উপরে উল্লিখিত অসুস্থতাগুলি ব্যাকটেরিয়া সংক্রমণের কারণে হয়, তাই কাশি এবং সর্দি প্রায় সব ক্ষেত্রেই থাকে।","যেহেতু উপরোক্ত রোগগুলো জীবাণু সংক্রমণের কারণে হয়, তাই প্রায় সব ক্ষেত্রেই কাশি ও জ্বর থাকে।",6.33910155600006,,
থাইম রোজমেরি এবং পার্সলের মতো ভেষজ স্বাদ এবং অতিরিক্ত পুষ্টির জোগান দেবে,থাইম ভেষজ গন্ধ এবং রোজমেরি এবং পার্সলে মত অতিরিক্ত পুষ্টি প্রদান করবে।,"থাইম, রোজমেরি ও পার্সলের মতো ভেষজগুলো স্বাদ বাড়ায় এবং অতিরিক্ত পুষ্টি সরবরাহ করে।",7.484142285999951,,
যারা বিভিন্ন রোগ যেমনডায়াবেটিসউচ্চ রক্তচাপহৃদরোগলিভার কিডনি সমস্যায় বা ক্যান্সারে আক্রান্তরা ঝুঁকির মধ্যে আছেন,"যারা ডায়াবেটিস, উচ্চ রক্তচাপ, হৃদরোগ, লিভার, কিডনি বা ক্যান্সারের মতো বিভিন্ন রোগের ঝুঁকিতে রয়েছেন।","যারা ডায়াবেটিস, উচ্চ রক্তচাপ, হৃদরোগ, লিভার ও কিডনি সমস্যা বা ক্যান্সারের মতো বিভিন্ন রোগে আক্রান্ত, তারা ঝুঁকির মধ্যে রয়েছেন।",56.3442274909994,,
অথচ মাইক্রোক্যালসিফিকেশনগুলি যদি নির্দিষ্ট প্যাটার্ন বা ক্লাস্টারে উপস্থিত হয় তবে এটি ক্যানসারের প্রথম এবং প্রথম দিকের লক্ষণ হতে পারে,"যাইহোক, যদি মাইক্রোক্যালসিফিকেশন নির্দিষ্ট প্যাটার্ন বা ক্লাস্টারে প্রদর্শিত হয় তবে এটি ক্যান্সারের প্রথম এবং প্রথম দিকের লক্ষণ হতে পারে।",কিন্তু মাইক্রোক্যালসিফিকেশনগুলো যদি কোনো নির্দিষ্ট ধাঁ,5.035477721000461,,
তখন মাকে বাঁচানো অনেক বেশি কঠিন হয়ে যায়,তখন মাকে বাঁচানো অনেক কঠিন হয়ে পড়ে।,সেই সময় মাকে বাঁচানো আরও বেশি কঠিন হয়ে পড়ে।,2.7434676379998564,,
 ঠাণ্ডা পানিতে পরিষ্কার কাপড় ভিজিয়ে নিংড়ান,ঠাণ্ডা পানিতে একটি পরিষ্কার কাপড় ভিজিয়ে মুড়িয়ে নিন।,ঠাণ্ডা জলে পরিষ্কার কাপড় ভিজিয়ে পেঁচিয়ে নিন,3.849526332000096,,
"৩ কোল্ড কফি
কফিতে ক্যাফেইন থাকে আর এটি পানি দিয়েই বানানো হয়",3 কোল্ড কফি কফিতে ক্যাফেইন থাকে এবং এটি পানি দিয়ে তৈরি করা হয়।,কোল্ড কফিতে ক্যাফেইন থাকে এবং এটি পানি দিয়ে তৈরি করা হয়।,3.460069938999368,,
 ইতোমধ্যে ডেঙ্গু আক্রান্ত হয়ে মারা গেছে ১৩ জন,ডেঙ্গুতে আক্রান্ত হয়ে ইতিমধ্যে ১৩ জনের মৃত্যু হয়েছে।,ইতিমধ্যে ডেঙ্গু সংক্রমণে ১৩ জনের মৃত্যু হয়েছে।,4.718230708999727,,
 দীর্ঘ সময় সূর্যের ক্ষতিকর আলো থেকে ত্বক রক্ষা করুন সূর্যের তাপ নির্গত অতিবেগুনি রশ্মি আমাদের স্বাস্থ্য এবং ত্বকের ওপর মারাত্মক ক্ষতিকর প্রভাব ফেলে,দীর্ঘমেয়াদী ক্ষতিকারক সূর্যের রশ্মি থেকে ত্বককে রক্ষা করুন সূর্যের তাপে নির্গত অতিবেগুনি রশ্মি আমাদের স্বাস্থ্য ও ত্বকের ওপর মারাত্মক ক্ষতিকর প্রভাব ফেলে।,সূর,7.988296784999875,,
বিজ্ঞানীরা বলেন রাতে ঘুমের মধ্যে হিপোক্যাম্পাস দিনের সব ঘটনা নিওকর্টেক্সের কাছে রিপ্লে বা পুনঃসম্প্রচার করতে থাকে আর নিওকর্টেক্স একে প্রক্রিয়াজাত করে স্মৃতিতে রূপান্তরিত করে,"বিজ্ঞানীরা বলছেন যে হিপ্পোক্যাম্পাস ঘুমের সময় নিওকর্টেক্সের কাছে দিনের সমস্ত ঘটনা রিপ্লে বা পুনঃপ্রচার করে, যা তাদের প্রক্রিয়া করে এবং স্মৃতিতে রূপান্তরিত করে।","গবেষকদের মতে, রাতে ঘুমানোর সময় হিপোক্যাম্পাস দিনের সকল ঘটনা নিওকর্টেক্সের কাছে পুনরায় সম্প্রচার করে, আর নিওকর্টেক্স সেগুলো প্রক্রিয়াজাত করে স্মৃতিতে পরিণত করে।",6.060990779999884,,
রাতে খাবার টেবিলে বাবামা আগ্রহ নিয়ে আছেন অনেকদিন পর মেয়ের সঙ্গে জম্পেশ একটা গল্প হবে,"রাতে খাবার টেবিলে বাবা-মায়ের আগ্রহ, অনেকদিন পর মেয়ের সঙ্গে ঝাঁপিয়ে পড়া গল্প হবে।","রাতে ডিনার টেবিলে বাবা-মা উৎসুকভাবে অপেক্ষা করছেন, অনেক দিন পর মেয়ের সাথে চমৎকার একটি গল্প হবে।",2.955000990999906,,
হেয়ারি ব্ল্যাক টাং বা কালো জিহ্বা হয়ে থাকে ব্যাকটেরিয়ার বংশবৃদ্ধির কারণে বা জিহ্বার ছত্রাক সংক্রমণের কারণে,একটি লোমশ কালো জিহ্বা ব্যাকটেরিয়া অতিরিক্ত বৃদ্ধি বা জিহ্বার ছত্রাক সংক্রমণের কারণে হয়।,কালো জিহ্বা বা হেয়ারি ব্ল্যাক টাং সাধারণত ব্যাকটেরিয়ার সংখ্যা বৃদ্ধি অথবা জিহ্বায় ছত্রাকের সংক্রমণের ফলে দেখা দেয়।,3.2475751980000496,,
আর রোদ যেন পুড়িয়ে দিচ্ছে কোমলমতি ত্বক এমন দিনে ত্বকের বন্ধু হলো টক দই,টক দই ত্বকের বন্ধু এমন দিনে সূর্যের কোমল ত্বক পুড়ে যায়।,"এমন তীব্র রোদে কোমল ত্বক পুড়ে যাওয়ার মতো অবস্থা, তখন টক দই ত্বকের সেরা বন্ধু হয়ে দাঁড়ায়।",3.6739911909999137,,
এক সপ্তাহ বা দুই সপ্তাহ এভাবে পান করুন মাইট ও চুলকানি পুরোপুরি দূর হওয়ার জন্য,মাইট এবং চুলকানি থেকে সম্পূর্ণরূপে মুক্তি পেতে এক বা দুই সপ্তাহ এটি পান করুন।,দুই সপ্তাহ বা এক সপ্তাহ এইভাবে পান করলে মাইট এবং চুলকানি সম্পূর্ণভাবে দূর হবে।,3.192756496000584,,
"গলব্লাডারের পাথর আসলে ছোট ছোট বালুর দানার মতো থেকে শুরু করে মটরের দানা বা তার চেয়েও বড় শক্ত দানাদার বস্তু, যা বিভিন্ন রঙের ও বিভিন্ন আকৃতির হতে পারে","পিত্তথলির পাথর আকারে ছোট বালির দানা থেকে শুরু করে মটর-আকারের বা বড় কঠিন পদার্থ পর্যন্ত হতে পারে, যা বিভিন্ন রঙ এবং আকারের হতে পারে।","গলব্লাডারের পাথর মূলত ছোট ছোট বালুকণার মতো থেকে শুরু করে মটরশুঁটি বা তার চেয়েও বড় শক্ত দানাদার পদার্থ, যার রং ও আকার বিভিন্ন রকমের হতে পারে।",6.160418256000412,,
রক্তাল্পতা ও রক্তচাপের সমস্যা নিয়ন্ত্রণ করতে কাজে আসতে পারে বিট,রক্তাল্পতা এবং রক্তচাপের সমস্যা নিয়ন্ত্রণে বিটরুট উপকারী।,বিট রক্তাল্পতা ও রক্তচাপের সমস্যা নিয়ন্ত্রণে সহায়ক হতে পারে।,4.850795735000247,,
সেমিনারে বাংলাদেশ অ্যাটোমিক অ্যানার্জি কমিশনের মাধ্যমে জেনেটিক সিকোয়েন্সিং ল্যাব তৈরি হচ্ছে বলে জানান কমিশনের চেয়ারম্যান ও অ্যধ্যাপক ডা শামীম মমতাজ ফেরদৌসী,সেমিনারে বাংলাদেশ পরমাণু শক্তি কমিশনের মাধ্যমে একটি জেনেটিক সিকোয়েন্সিং ল্যাব তৈরি করা হচ্ছে বলে জানান কমিশনের চেয়ারম্যান ও প্রফেসর ড.শামীম মমতাজ ফেরদৌসী।,,6.896547209000346,request_error:'NoneType' object has no attribute 'strip',
এ করোনার সময়েও যাদের এই ফ্লু ও নিউমোনিয়ার ভ্যাকসিন নেওয়া আছে তাদের জটিলতা কম হওয়ার আশঙ্কা থাকে,এমনকি এই করোনার সময়েও যারা এই ফ্লু এবং নিউমোনিয়ার ভ্যাকসিন নিয়েছেন তাদের কম জটিলতা হওয়ার সম্ভাবনা রয়েছে।,"করোনা মহামারিতেও যারা ফ্লু ও নিউমোনিয়ার টিকা নিয়েছেন, তাদের জটিলতা দেখা দেওয়ার সম্ভাবনা কম থাকে।",2.187567750999733,,
এই আঁশ রক্তের চর্বি কমাবে,এই ফাইবার রক্তের চর্বি কমিয়ে দেবে।,এই আঁশ রক্তের কোলেস্টেরল হ্রাস করবে।,8.209802120999484,,
শারিরীক কিছু পরিবর্তন হতে পারে যেমন ওজন বাড়তে পারে চুল শুসক লাগতে পারে গিরায় ব্যাথা হতে পারে,"কিছু শারীরিক পরিবর্তন হতে পারে যেমন ওজন বৃদ্ধি, চুল শুষ্ক, জয়েন্টে ব্যথা।","শারীরিক কিছু পরিবর্তন দেখা দিতে পারে, যেমন ওজন বেড়ে যেতে পারে, চুল শুষ্ক লাগতে পারে, অথবা জয়েন্টে ব্যথা হতে পারে।",1.5399223120002716,,
আর সে দুধ খেতে না চাইলে দই পনির ছানার মতো দুগ্ধজাত খাবারও প্রতিদিন খাওয়াতে পারেন,"এবং যদি তিনি দুধ পান করতে না চান তবে তিনি প্রতিদিন দুগ্ধজাত পণ্য যেমন দই, পনির এবং ছোলা খেতে পারেন।","সে যদি দুধ না খায়, তাহলে তাকে প্রতিদিন দই, পনির, ছানার মতো অন্যান্য দুগ্ধজাত খাবারও খাওয়ানো যেতে পারে।",2.1808009280002807,,
ডিমে প্রচুর পরিমাণে ভিটামিন ও মিনারেলস থাকে,ডিমে প্রচুর ভিটামিন ও মিনারেল থাকে।,ডিমে ভিটামিন ও মিনারেলের ভাণ্ডার রয়েছে।,3.2628137020001304,,
কোন দেশ কতদিন এই খেলা চালিয়ে নিতে পারে সেটিই এখন দেখার বিষয়,কোন দেশ কতদিন এই খেলা চালিয়ে যেতে পারে সেটাই দেখার বিষয়।,"এখন দেখার বিষয়, কোন দেশ কতদিন এই খেলা চালিয়ে যেতে পারে।",2.3594696509999267,,
অনেক গর্ভবতী মহিলার পেলভিক বা শ্রোণির হাড়ে ব্যথা হওয়া একটি সাধারণ ঘটনা,পেলভিক বা পেলভিক ব্যথা অনেক গর্ভবতী মহিলাদের জন্য একটি সাধারণ ঘটনা।,গর্ভবতী নারীদের পেলভিক বা শ্রোণির হাড়ে ব্যথা হওয়া একটি সাধারণ ব্যাপার।,13.787875905999499,,
 এ উপমহাদেশে আমলকীর বেনারসি জাতটি সবচেয়ে ভালো,বেনারসি জাতের আমলকি এই উপমহাদেশে সেরা।,এ উপমহাদেশে আমলকীর মধ্যে বেনারসি প্রজাতিটিই সবচেয়ে উত্তম।,1.9656942379997417,,
একটা বিষয় বলে রখি মেয়েদের ক্ষেত্রে হরমোন রিপ্লেসমেন্ট থেরাপি নেওয়া যাবে না,একটা কথা বলে রাখি মেয়েদের ক্ষেত্রে হরমোন রিপ্লেসমেন্ট থেরাপি নেওয়া যায় না।,"মেয়েদের জন্য হরমোন রিপ্লেসমেন্ট থেরাপি নেওয়া সম্ভব নয়, বিষয়টি বলে রাখছি।",3.9995101070007877,,
ডিফো এবং মানজোনি দুজনেই লিখেছেন মহামারীর সময় মানুষজন রাস্তায় একে অপরের সঙ্গে দেখা করার সময় নিজেদের মধ্যে দূরত্ব বজায় রাখতো তবে তারা অন্য শহর ও আশেপাশের এলাকার পরিস্থিতি কী তা জানতে চাইতো,ডিফো এবং মানজোনি দুজনেই লিখেছেন যে মহামারী চলাকালীন লোকেরা রাস্তায় একে অপরের সাথে দেখা করার সময় তাদের দূরত্ব বজায় রেখেছিল তবে অন্যান্য শহর এবং আশেপাশের অঞ্চলে কী চলছে তা জানতে চেয়েছিল।,"ডিফো ও মানজোনি উভয়ই উল্লেখ করেছেন যে, মহামারীর সময় মানুষজন রাস্তায় পরস্পরের সাথে সাক্ষাৎকালে দূরত্ব বজায় রাখত, কিন্তু তারা অন্য শহর ও পার্শ্ববর্তী অঞ্চলের অবস্থা সম্পর্কে জানতে আগ্রহী ছিল।",1.8589430689999062,,
কিন্তু গবেষণা থেকে আমরা দেখি এই আপাত বিশ্রামই আপনাকে দুই বছর বেশি বাঁচতে সাহায্য করবে মুক্ত রাখবে মানসিক ও শারীরিক অনেক রোগবালাই থেকেও,কিন্তু গবেষণা দেখায় যে এই আপাত শিথিলতা আপনাকে আরও দুই বছর বাঁচতে সাহায্য করবে এবং আপনাকে অনেক মানসিক ও শারীরিক অসুস্থতা থেকে মুক্ত রাখতে সাহায্য করবে।,"গবেষণায় দেখা যায়, এই আপাত বিশ্রামই আপনাকে আরও দুই বছর বাঁচাতে সহায়তা করবে এবং মানসিক ও শারীরিক নানা রোগ থেকে মুক্ত রাখবে।",2.6942717029996857,,
স্বল্প মাত্রার লোহার ঘাটতি থেকে মস্তিষ্কের বুদ্ধিমত্তার ব্যাঘাতও সৃষ্টি হতে পারে,কম মাত্রায় আয়রনের ঘাটতিও জ্ঞানীয় দুর্বলতার কারণ হতে পারে।,মৃদু লোহার ঘাটতির কারণেও মস্তিষ্কের বুদ্ধিমত্তায় বিঘ্ন ঘটতে পারে।,2.1766650239997034,,
 ফিজিওথেরাপি বিশেষজ্ঞদের মতে এখনও এমন ওষুধ তৈরি হয়নি যে ওষুধ খেলে আপনার মাংসপেশি লম্বা হবে শক্তিশালী হবে এবং আপনার জয়েন্ট মবিলিটি বেড়ে যাবে,"ফিজিওথেরাপি বিশেষজ্ঞরা বলছেন এমন কোনো ওষুধ নেই যা আপনার পেশীকে লম্বা করবে, শক্তিশালী করবে এবং জয়েন্টের গতিশীলতা বাড়াবে।","ফিজিওথেরাপি বিশেষজ্ঞদের মতে, এখনো পর্যন্ত এমন কোনো ওষুধ আবিষ্কৃত হয়নি যা খেলে আপনার পেশী দীর্ঘ ও শক্তিশাল",3.178551580999738,,
 দৈহিক স্থূল শিশুকিশোর যাদের ত্বকের বিভিন্ন অংশে মকমলের মতো কালো অংশ দেখা দিচ্ছে,শারীরিকভাবে মোটা শিশুদের ত্বকের বিভিন্ন অংশে মখমল কালো অংশ দেখা যায়।,"শিশু-কিশোরদের মধ্যে যারা দৈহিকভাবে স্থূল, তাদের ত্বকের বিভিন্ন জায়গায় মখমলের মতো কালো দাগ দেখা যাচ্ছে।",3.4596811909996177,,
 তার খাবার দাবারে বিশেষ সচেতন হতে হবে ও তাকে পর্যাপ্ত বিশ্রামে রাখতে হবে,তার খাদ্যাভ্যাসে বিশেষ যত্ন নিতে হবে এবং পর্যাপ্ত বিশ্রাম দিতে হবে।,তাঁর খাদ্যাভ্যাসের প্রতি বিশেষ নজর দিতে হবে এবং তাঁকে যথেষ্ট বিশ্রামে রাখতে হবে।,1.1602030070007459,,
প্রশ্ন হচ্ছে কৃত্রিম এসব ফর্মুলা দুধ কি স্বাস্থ্যসম্মত এবং বাচ্চার জন্য প্রয়োজনীয় চাহিদা মেটায়,"প্রশ্ন হচ্ছে, এই কৃত্রিম ফর্মুলা দুধগুলো কি স্বাস্থ্যকর এবং শিশুর চাহিদা পূরণ করে?","কৃত্রিম এসব ফর্মুলা দুধ কি স্বাস্থ্যসম্মত এবং শিশুর প্রয়োজনীয় চাহিদা পূরণ করে, সেটাই প্রশ্ন।",2.0259180499997456,,
সুগার বেশি ধরা পড়লেই চিকিৎসা দিতে হবে,সুগার খুব বেশি হলেই চিকিৎসা দিতে হবে।,শরীরে শর্করার মাত্রা বেশি ধরা পড়লে চিকিৎসা করানো প্রয়োজন।,2.7372539850002795,,
 দুধ খাওয়ার সমস্যা  শিশু যদি কিছু সময় দুধ চুষেই হাপিয়ে যায় এবং দুধ খাওয়া বন্ধ করে দেয় তারপর আবার চুষতে শুরু করে অথবা দুধ খেতে বেশি সময় নেয় ২০ মিনিট কিংবা খাওয়ার সময় শ্বাসপ্রশ্বাসের গতি বেড়ে যায় এবং ঘাম হয়,খাওয়ানোর সমস্যা যদি শিশুটি চুষার পরে কিছু সময়ের জন্য হাঁপাতে থাকে এবং খাওয়ানো বন্ধ করে দেয় তারপর আবার চোষা শুরু করে বা খাওয়াতে 20 মিনিটের বেশি সময় নেয় বা খাওয়ানোর সময় শ্বাস-প্রশ্বাসের হার বেড়ে যায় এবং ঘাম হয়।,"শিশুর দুধপানে সমস্যা: কিছুক্ষণ চুষে ক্লান্ত হয়ে পড়ে, দুধ খাওয়া ছেড়ে দেয়, আবার চুষতে শুরু করে, অথবা খেতে ২০ মিনিটের বেশি সময় নেয়, আর খাওয়ার সময় শ্বাস দ্রুত হয় ও ঘাম হয়।",13.780112712999653,,
অনেক প্রফেসনাল সামাজিক সংগঠনের সাথে যুক্ত ছিল,অনেকেই পেশাগত সামাজিক সংগঠনের সঙ্গে যুক্ত ছিলেন।,অনেক পেশাদার সামাজিক প্রতিষ্ঠানের সাথে জড়িত ছিল।,8.49421681900003,,
এই রোগে যেমন ওষুধের প্রয়োজন তেমনি দরকার কাউন্সেলিং,এই রোগের জন্য ওষুধের পাশাপাশি কাউন্সেলিং প্রয়োজন।,"এই অসুখে যেমন ওষুধ লাগে, তেমনই কাউন্সেলিংও জরুরি।",1.1663971449997916,,
শিশুদের প্রধান কারণ হল টনসিল ও এডেনয়েড গ্রন্থির প্রদাহ বা বড় হয়ে যাওয়া,শিশুদের প্রধান কারণ হল টনসিল এবং এডিনয়েডের প্রদাহ বা বৃদ্ধি।,শিশুদের টনসিল ও এডেনয়েড গ্রন্থির প্রদাহ বা বৃদ্ধিই মূল কারণ।,2.4338958849994015,,
২০২০ সালে করোনা মহামারিকালে ডেঙ্গুর সংক্রমণ তেমন একটা দেখা না গেলেও ২০২১ সালে সারাদেশে ডেঙ্গু জ্বরে আক্রান্ত হন ২৮ হাজার ৪২৯ জন,২০২০ সালে করোনা মহামারির সময় ডেঙ্গুর সংক্রমণ খুব একটা দেখা না গেলেও ২০২১ সালে সারাদেশে ডেঙ্গু জ্বরে আক্রান্ত হন ২৮ হাজার ৪২৯ জন।,যদিও ২০২০ সালে করোনা মহামারির সময় ডেঙ্গুর সংক্রমণ তেমন,3.2594946239996716,,
পেট ব্যথা বা কামড়ালে সুকরালফেট দেওয়া হয়,পেট ব্যথা বা বেলচিং এর জন্য সুক্রালফেট দেওয়া হয়।,পেটে ব্যথা বা কামড়ের জন্য সুক্রালফেট প্রদান করা হয়।,6.344811136999851,,
ফলে তারা প্রয়োজনীয় সেবা পাচ্ছে না,ফলে প্রয়োজনীয় সেবা পাচ্ছেন না তারা।,তাই তারা প্রয়োজনীয় সেবা থেকে বঞ্চিত হচ্ছে।,4.142476596000051,,
ক্লোজআপ খ্যাত শিল্পী সাব্বির জামান বলেন সাধারণত ডাক্তারদেরকে নিয়ে আমাদের দেশে খুব একটা গান নেই,"ক্লোজআপ শিল্পী সাব্বির জামান বলেন, আমাদের দেশে সাধারণত ডাক্তারদের নিয়ে খুব বেশি গান হয় না।","আমাদের দেশে সাধারণত ডাক্তারদের নিয়ে খুব বেশি গান নেই, বলছেন ক্লোজআপ খ্যাত শিল্পী সাব্বির জামান।",1.1710012539997479,,
আরেকজনের তাতে কোনো সমস্যা হয় না,এতে অন্য ব্যক্তির কোনো সমস্যা নেই।,এতে অপর কারও কোনো অসুবিধা নেই।,1.2316642860005231,,
এতে শিশুর সঠিক ওজন উচ্চতা ও শারীরিক গঠনগত সমস্যা দেখা দেয়,এটি শিশুর সঠিক ওজন এবং শরীরের গঠন সমস্যা সৃষ্টি করে।,"এতে শিশুর ওজন, উচ্চতা ও শারীরিক গঠনের সঠিক সমস্যা প্রকাশ পায়।",7.966464360999453,,
পরে করোনা মুক্ত হন তারা,পরে তারা করোনা মুক্ত হন।,করোনামুক্ত হন তারা পরবর্তীকালে।,1.1348023229993487,,
" তবে শুধু এটুকু জেনে রাখুন, নিয়মিত মদ্যপান কিন্তু সরাসরি দাঁতের ক্ষতিও করে",তবে শুধু জেনে রাখুন নিয়মিত মদ্যপানও সরাসরি দাঁতের ক্ষতি করে।,"শুধু এটা জেনে নিন, নিয়মিত মদপান দাঁতের সরাসরি ক্ষতি করে।",1.1372652720001497,,
তাই যাঁদের ঝুঁকি আছে তাঁরা নিয়মিত রক্ত ও প্রস্রাব পরীক্ষা করবেন,তাই যাদের ঝুঁকি রয়েছে তাদের নিয়মিত রক্ত ​​ও প্রস্রাব পরীক্ষা করা উচিত।,সুতরাং যাদের ঝুঁকি আছে তারা নিয়মিত রক্ত ও মূত্র পরীক্ষা করাবেন।,2.477910724999674,,
অনেক ক্ষেত্রে রোগী সুস্থ হন আবার অনেক ক্ষেত্রে রোগীর মৃত্যুও হয়,অনেক ক্ষেত্রে রোগী সুস্থ হয় আবার অনেক ক্ষেত্রে রোগী মারা যায়।,"অনেক সময় রোগী ভালো হয়ে যান, আবার অনেক সময় রোগীর মৃত্যুও ঘটে।",1.230594826000015,,
 কোনো কোনো অঞ্চলে কদম ফুল তরকারি হিসেবে রান্না করেও খাওযা হয়,কিছু কিছু অঞ্চলে কদম ফুল তরকারি হিসেবে রান্না করে খাওয়া হয়।,কিছু কিছু অঞ্চলে কদম ফুল তরকারি হিসেবে রান্না করে খ,3.7610525519994553,,
জন্মগত হৃদরোগে আক্রান্ত শিশুর যত্ন,জন্মগত হৃদরোগে আক্রান্ত শিশুর যত্ন।,জন্মগত হৃদরোগে ভোগা শিশুর সেবা।,7.537235267000142,,
গর্ভবতী ক্ষীণকায় ব্যক্তির জন্য বেশ উপকারী,পাতলা গর্ভবতী ব্যক্তির জন্য খুবই উপকারী,গর্ভবতী ও দুর্বল শরীরের মানুষের জন্য এটি অত্যন্ত লাভজনক।,2.080297046999476,,
শিশুর তাপমাত্রা প্রতিদিন সকালে এবং সন্ধ্যায় কমপক্ষে একবার দেখতে হবে,প্রতিদিন সকালে এবং সন্ধ্যায় অন্তত একবার শিশুর তাপমাত্রা পরীক্ষা করা উচিত।,প্রতিদিন সকালে ও সন্ধ্যায় শিশুর তাপমাত্রা অন্তত একবার পরীক্ষা করা উচিত।,6.323208827000599,,
 গত ৯ দিনে জেলায় মোট ৮০ জন ডেঙ্গুজ্বরে আক্রান্ত হয়েছেন,গত ৯ দিনে জেলায় মোট ৮০ জন ডেঙ্গু জ্বরে আক্রান্ত হয়েছেন।,জেলায় গত ৯ দিনে ডেঙ্গুতে আক্রান্ত হয়েছেন মোট ৮০ জন।,5.22432382199986,,
আমরা যদি পরিবেশ সম্পর্কে সচেতন থাকি তাহলে ডেঙ্গিকে অনেকটাই মোকাবেলা করা সম্ভব,পরিবেশ সম্পর্কে সচেতন হলে ডেঙ্গু অনেকটাই নিয়ন্ত্রণযোগ্য।,পরিবেশ সচেতন থাকলে ডেঙ্গি মোকাবেলা করা অনেকটাই সম্ভব।,3.520707962000415,,
চুল পাতলা হয়ে ঝরতে শুরু করে,চুল পাতলা হতে শুরু করে এবং পড়তে শুরু করে।,চুলের ঘনত্ব কমে ঝরে পড়তে শুরু করে।,2.0230214339999293,,
সাম্প্রতিক এ ভাইরাস সংক্রান্ত মহামারি থেকে পাওয়া তথ্য থেকে বোঝা যায় যে চিকুনগুনিয়া জ্বরের ফলে ক্রনিক পর্যায়ে ছাড়া তীব্র অসুস্থতাও হতে পারে,সাম্প্রতিক ভাইরাল প্রাদুর্ভাবের প্রমাণ থেকে বোঝা যায় যে চিকুনগুনিয়া জ্বর দীর্ঘস্থায়ী পর্যায়ের পাশাপাশি তীব্র অসুস্থতার কারণ হতে পারে।,"এই ভাইরাসজনিত সাম্প্রতিক মহামারি থেকে প্রাপ্ত তথ্য ইঙ্গিত দেয় যে চিকুনগুনিয়া জ্বর শুধু দীর্ঘমেয়াদী পর্যায়েই নয়, বর",5.363205542999822,,
বলা হচ্ছে এখন পর্যন্ত আমাদের সবমিলিয়ে কমবেশি ৫০০ ভেন্টিলেটর আছে যা দিয়ে রোগীদের কৃত্রিম শ্বাসপ্রশ্বাস চালু রাখা সম্ভব,বলা হয় যে আমাদের কাছে মোট প্রায় 500 ভেন্টিলেটর রয়েছে যা দিয়ে রোগীদের কৃত্রিম শ্বাস-প্রশ্বাসে রাখা যেতে পারে।,"এখন পর্যন্ত আমাদের মোট প্রায় পাঁচশো ভেন্টিলেটর রয়েছে, যার মাধ্যমে রোগীদের",3.984447060999628,,
আমার হুঁশ ফেরার পর হাত দিয়ে দেখি তিনি বামপাশে হার্নিয়ার কথা বললেও ডানপাশে অপারেশন করেছেন,"আমি জ্ঞান ফেরার পর, আমি আমার হাত দিয়ে দেখলাম যে তিনি ডান পাশে অপারেশন করেছেন, যদিও তিনি বাম পাশের হার্নিয়ার কথা বলেছিলেন।","আমি যখন জ্ঞান ফিরে পাই, তখন হাত দিয়ে দেখি তিনি বাম পাশে হার্নিয়ার কথা জানালেও ডান পাশে অস্ত্রোপচার করেছেন।",3.9462617569997747,,
তাই অনেকে একে আরও সহজ করে বোঝাতে শুধু প্লাজমা সেল না বলে প্লাজমা বি সেল বলে,তাই সহজে বোঝার জন্য অনেকে একে প্লাজমা সেল না বলে প্লাজমা বি সেল বলে।,তাই অনেকেই এটিকে আরও সহজভাবে বোঝাতে প্লাজমা সেল না বলে প্লাজমা বি সেল বলে থাকেন।,1.5465593419994548,,
 লিচু  এ ফলে জলীয় অংশ অনেক,লিচুতে রয়েছে প্রচুর পরিমাণে পানি।,লিচু ফলে প্রচুর পরিমাণে জল থাকে।,0.9360172730002887,,
কিন্তু অতিরিক্ত ঘাম হলে তাঁরা ডাবের পানি ওরস্যালাইন বা সামান্য লবণ মেশানো পানি খেতে পারবেন,কিন্তু অতিরিক্ত ঘাম হলে নারকেলের পানি বা স্যালাইন বা সামান্য লবণ মিশিয়ে পানি পান করতে পারেন।,"তবে বেশি ঘামলে তাঁরা ডাবের পানি, ওরস্যালাইন অথবা অল্প লবণ মেশানো পানি পান করতে পারেন।",3.146112108000125,,
পুরুষত্বহীনতা  এটি পুরুষের যৌনকার্যে অক্ষমতাকে বুঝায়,পুরুষত্বহীনতা বলতে পুরুষদের যৌন কার্য সম্পাদনে অক্ষমতা বোঝায়।,পুরুষত্বহীনতা বলতে পুরুষের যৌনক্রিয়ায় অক্ষমতাকে বোঝানো হয়।,3.1541764499997953,,
এ বিষয়ে বিস্তারিত জানিয়েছেন বৃহদন্ত্র ও পায়ুপথ সার্জারি বিশেষজ্ঞ অধ্যাপক ডা একেএম ফজলুল হক,এ বিষয়ে বিস্তারিত জানিয়েছেন কোলন ও রেকটাল সার্জারি বিশেষজ্ঞ ডাঃ একেএম ফজলুল হক।,বৃহদন্ত্র ও পায়ুপথ সার্জারি বিশেষজ্ঞ অধ্যাপক ডা,3.2373011380004755,,
কিন্তু কোনো কারণে শরীরের রোগপ্রতিরোধ ক্ষমতা কমে গেলেই কেবল এই সংক্রমণের মাত্রা বেড়ে যেতে পারে যেটা ১ লাখে ২০ থেকে ৩০ জন হতে পারে,কিন্তু কোনো কারণে শরীরের রোগ প্রতিরোধ ক্ষমতা কমে গেলে সংক্রমণের মাত্রা বাড়তে পারে যা ১ লাখে ২০ থেকে ৩০ হতে পারে।,"কিন্তু যদি কোনো কারণে শরীরের রোগ প্রতিরোধ ক্ষমতা হ্রাস পায়, তবেই এই সংক্রমণের পরিমাণ বাড়তে পারে, যা প্রতি লাখে ২০ থেকে ৩০ জনের মধ্যে হতে পারে।",7.3596424950001165,,
 তবে ডায়াবেটিস রোগীরা নিয়মিত খেজুর খেলে ১ বা ২টি খেতে হবে,তবে ডায়াবেটিস রোগীদের নিয়মিত ১ বা ২ খেজুর খাওয়া উচিত।,"তবে ডায়াবেটিসে আক্রান্ত ব্যক্তিরা যদি নিয়মিত খেজুর খান, তাহলে ১ কিংবা ২টি খাওয়া উচিত।",3.6091129930000534,,
পাঠকদের বোঝার সুবিধার্থে এ পর্যায়ে কমন কিছু Cognitive distortion বা ক্ষতিকর Cognition নিয়ে আলোচনা প্রাসঙ্গিক মনে করি,"পাঠকদের বোঝার সুবিধার্থে, আমি মনে করি এই পর্যায়ে কিছু সাধারণ জ্ঞানীয় বিকৃতি বা ক্ষতিকারক জ্ঞান নিয়ে আলোচনা করা প্রাসঙ্গিক।",এই পর্যায়ে পাঠকদের বোধগম্যতার জন্য কিছু সাধারণ Cognitive distortion বা ক্ষতিকর Cognition নিয়ে আলোচনা করা প্রাসঙ্গিক বলে মনে করি।,5.182397337999646,,
বন্যার সময় বীজতলা গেলে নানানভাবে চারা উৎপাদনের ব্যবস্থা জানুন,বীজতলা প্লাবিত হলে চারা উৎপাদনের বিভিন্ন পদ্ধতি সম্পর্কে জানুন।,বন্যার সময় বীজতলায় গেলে বিভিন্ন পদ্ধতিতে চারা উৎপাদনের উপায় সম্পর্কে জানুন।,12.04769826500069,,
" তাই আশা করা যায়, এই সব্জি খেলে রক্তে শর্করা ভারসাম্য বজায় থাকবে",তাই আশা করা যায় এই সবজি খেলে রক্তে শর্করার ভারসাম্য বজায় থাকবে।,"সুতরাং আশা করা হচ্ছে, এই সবজিটি খেলে রক্তের শর্করার মাত্রা নিয়ন্ত্রণে থাকবে।",3.1494303509998645,,
নিউমোনিয়ায় মৃত্যুর একতৃতীয়াংশ কারণ দূষিত বায়ু গ্রহণ,নিউমোনিয়ার এক-তৃতীয়াংশ মৃত্যুর কারণ দূষিত বায়ু শ্বাস নেওয়ার কারণে।,দূষিত বায়ু শ্বাস নেওয়ার কারণে নিউমোনিয়ায় মৃত্যুর এক-তৃতীয়াংশ ঘটে।,0.9648871180006608,,
আমাদের দেশের গ্রামীণ বা শহর অঞ্চলে সারাদিনে মানুষ প্রায় ৯ গ্রামের মতো লবণ গ্রহণ করে থাকে,আমাদের দেশের গ্রামীণ বা শহরাঞ্চলে মানুষ দিনে প্রায় 9 গ্রাম লবণ গ্রহণ করে।,আমাদের দেশের গ্রাম ও শহর এলাকায় প্রতিদিন মানুষ প্রায় ৯ গ্রাম লবণ খেয়ে থাকে।,1.7774347840004339,,
তাই ক্যানসারের চিকিৎসা রোগ নির্ণয়ের পর যত দ্রুত সম্ভব শুরু করা উচিত,তাই রোগ নির্ণয়ের পর যত তাড়াতাড়ি সম্ভব ক্যান্সারের চিকিৎসা শুরু করা উচিত।,"অতএব, ক্যানসার শনাক্ত হওয়ার পর যত দ্রুত সম্ভব চিকিৎসা শুরু করা প্রয়োজন।",3.709192680000342,,
চাইলে পেস্টটি সরাসরি ব্যবহার করতে পারেন,আপনি চাইলে পেস্টটি সরাসরি ব্যবহার করতে পারেন।,ইচ্ছা করলে পেস্টটি সরাসরি ব্যবহার করা সম্ভব।,3.7061578890006786,,
এদের অর্ধেকের বেশীই জানে না যে তারা থাইরয়েড সমস্যায় ভুগছে,তাদের অর্ধেকেরও বেশি জানেন না যে তারা থাইরয়েডের সমস্যায় ভুগছেন।,তাদের অর্ধেকেরও বেশি থাইরয়েডের সমস্যায় আক্রান্ত বলে সচেতন নয়।,3.8367993110005045,,
এতে হংকং বিশ্ববিদ্যালয় শিয়ামেন বিশ্ববিদ্যালয় ও বেইজিং ওয়ানতাই বায়োলজিক্যাল ফার্মেসির গবেষকরা রয়েছেন,"এতে হংকং ইউনিভার্সিটি, জিয়ামেন ইউনিভার্সিটি এবং বেইজিং ওয়ানটাই বায়োলজিক্যাল ফার্মেসির গবেষকরা অন্তর্ভুক্ত।","এই তালিকায় হংকং বিশ্ববিদ্যালয়, শিয়ামেন বিশ্ববিদ্যালয় ও বেইজিং ওয়ানতাই বায়োলজিক্যাল ফার্মেসির গবেষকেরা অন্তর্ভুক্ত রয়েছেন।",12.776326811999752,,
ক্যালেন্ডার বোর্ডে পিন করা টুডু লিস্ট রেডি মোবাইলের পাওয়ার ব্যাংক,করণীয় তালিকা প্রস্তুত মোবাইল পাওয়ার ব্যাঙ্ক ক্যালেন্ডার বোর্ডে পিন করা হয়েছে৷,"মোবাইলের পাওয়ার ব্যাংক প্রস্তুত, ক্যালেন্ডার বোর্ডে পিন করা কাজের তালিকা তৈরি।",6.540084913999635,,
 মাথা ঘুরার সমস্যা বেশি থাকলে একা একা চলাফেরা ঠিক নয়,মাথা ঘোরার সমস্যা বেশি হলে একা হাঁটা ভালো নয়।,মাথা ঘোরার সমস্যা বেশি হলে এক,1.931523707999986,,
শনিবার স্যামসাং ইলেকট্রনিকসের পক্ষ থেকে বলা হয়েছে তাদের একটি মোবাইল ডিভাইস ফ্যাক্টরিতে এক ব্যক্তির করোনাভাইরাসে আক্রান্তের বিষয়টি নিশ্চিত হওয়ায় কারখানা বন্ধ করা হয়েছে,"শনিবার, স্যামসাং ইলেকট্রনিক্স জানিয়েছে যে একজন ব্যক্তির করোনভাইরাস আক্রান্ত হওয়ার কারণে তাদের একটি মোবাইল ডিভাইস কারখানা বন্ধ করে দেওয়া হয়েছে।","শনিবার স্যামসাং ইলেকট্রনিকস জানিয়েছে, তাদের একটি মোবাইল ফোন কারখানায় এক কর্মী করোনাভাইরাসে আক্রান্ত হওয়ায় ওই কারখানা বন্ধ করে দেওয়া হয়েছে",6.62442927200027,,
যদি রোগী অজ্ঞান হয়ে যায় তাহলে শিরায় গ্লুকোজ দেওয়ার ব্যবস্থা করতে হবে অথবা যত দ্রুত সম্ভব হাসপাতালে নিতে যেতে হবে,"যদি রোগী অজ্ঞান হয়ে যায়, তাহলে শিরায় গ্লুকোজ দিন বা যত তাড়াতাড়ি সম্ভব হাসপাতালে যান।","রোগী অজ্ঞান হয়ে পড়লে শিরাপথে গ্লুকোজ দেওয়ার ব্যবস্থা করতে হবে, অন্যথায় যত তাড়াতাড়ি সম্ভব হাসপাতালে নিয়ে যেতে হবে।",7.685242841999752,,
সে কারণে সেপ্টেম্বর পর্যন্ত তারা ১০ লাখ ডোজ উৎপাদন করতে যাচ্ছেন,সেজন্য তারা সেপ্টেম্বর পর্যন্ত 1 মিলিয়ন ডোজ তৈরি করতে যাচ্ছে।,তাই সেপ্টেম্বর নাগাদ তারা দশ লাখ ডোজ তৈরি করবেন।,3.525866140999824,,
আর চুলের ফলিকল যখন রেস্টিং স্টেজে যায় তখন তাকে টেলোজেন ইফফ্লুভিয়াম বলে,আর চুলের ফলিকল যখন বিশ্রামের পর্যায়ে চলে যায় তখন একে টেলোজেন এফ্লুভিয়াম বলে।,"চুলের ফলিকল যখন বিশ্রাম পর্যায়ে চলে যায়, তখন তাকে টেলোজেন ইফফ্লুভিয়াম বলা হয়।",7.330277546000616,,
আর এই কিট আনতে সময় লাগে,আর এই কিট আনতে সময় লাগে।,আর এই কিট আনার জন্য সময় প্রয়োজন।,3.8281086809993212,,
রোববার রাজধানীর এক হোটেলে আয়োজিত এক অনুষ্ঠানে এই গাইডলাইন প্রকাশ করা হয়,রোববার রাজধানীর একটি হোটেলে আয়োজিত এক অনুষ্ঠানে এই নির্দেশিকা প্রকাশ করা হয়।,রাজধানীর একটি হোটেলে রোববার আয়োজিত এক অনুষ্ঠানে এই নির্দেশিকা প্রকাশিত হয়।,12.053183426000032,,
মো ইকবাল হোসেন জ্যেষ্ঠ পুষ্টি কর্মকর্তা চট্টগ্রাম ডায়াবেটিক জেনারেল হাসপাতাল চট্টগ্রাম,মোঃ ইকবাল হোসেন সিনিয়র নিউট্রিশন অফিসার চট্টগ্রাম ডায়াবেটিক জেনারেল হাসপাতাল চট্টগ্রাম,মো ইকবাল হোসেন চট্টগ্রাম ডায়াবেটিক জেনারেল হাসপাতালের জ্যেষ্ঠ পুষ্টি কর্মকর্তা।,2.3708387429996947,,
কোনো ওষুধের চিকিৎসা লাগে না শুধু মায়ের দুধপানই যথেষ্ট,"কোন ওষুধের চিকিৎসার প্রয়োজন নেই, শুধুমাত্র মায়ের দুধই যথেষ্ট।","কোনো ওষুধের প্রয়োজন নেই, শুধু মায়ের বুকের দুধই যথেষ্ট।",3.8878790879998633,,
থাই ও কুঁচকি সবসময় যথাসম্ভব শুকনো রাখা উচিত,উরু এবং কুঁচকি সবসময় যতটা সম্ভব শুষ্ক রাখতে হবে।,সর্বদা উরু ও কুঁচকি এলাকা যতটা সম্ভব শুষ্ক রাখা উচিত।,2.230907975000264,,
তিন কাপ ফুটন্ত গরম পানি এবং এক কাপ দুধ দিয়ে মাঝারি আঁচে পোলাও রান্না করুন,তিন কাপ ফুটন্ত গরম পানি ও এক কাপ দুধ দিয়ে মাঝারি আঁচে পোলাও রান্না করুন।,মাঝারি তাপে পোলাও রান্না করতে তিন কাপ ফুটানো পানি ও এক কাপ দুধ ব্যবহার করুন।,3.207590648000405,,
ডেঙ্গুতে আক্রান্ত হয়ে গত ২৪ ঘণ্টায় আরও ১৩ জনের মৃত্যু হয়েছে,গত ২৪ ঘণ্টায় ডেঙ্গুতে আক্রান্ত হয়ে ১৩ জনের মৃত্যু হয়েছে।,গত ২৪ ঘণ্টায় ডেঙ্গু আক্রান্ত হয়ে আরও ১৩ জন মারা গেছেন।,3.0372063819995674,,
যেমনচোখের প্রেসার বেড়ে যায় চোখে ছানি পড়ে যায় তাদের ভিস্ট্রিয়াস লেয়ার পরিবর্তন হয়ে চোখের সামনে কালো কালো মাছির মতো উড়ে অনেক সময় চোখের ভেতরের অংশ রেটিনা পাতলা হয়ে ছিঁড়ে যায়,"চোখের চাপ বাড়ার সাথে সাথে চোখে ছানি পড়ে, তাদের কাঁচের স্তর পরিবর্তিত হয় এবং চোখের সামনে কালো মাছি উড়ে যায়।","চোখের চাপ বেড়ে গেলে যেমন ছানি পড়ে, তেমনই ভিট্রিয়াস স্তর বদলে গিয়ে চোখের সামনে কালো মাছির মতো ভাসতে থাকে, আর অনেক সময় চোখের ভেতরের রেটিনা পাতলা হয়ে ছিঁড়েও যায়।",9.618362172999696,,
বিশেষ করে এটি যদি টেম্পোরাল লোবকে প্রভাবিত করে তা হলে এ সমস্যা বেশি দেখা দেয়,টেম্পোরাল লোবে আক্রান্ত হলে এই সমস্যা বেশি দেখা যায়।,এই সমস্যা বেশি দেখা যায় বিশেষ করে যখন এটি টেম্পোরাল লোবকে প্রভাবিত করে।,3.282025325000177,,
বৃহস্পতিবার বাংলাদেশ তামাকবিরোধী জোট এবং ডব্লিউবিবি ট্রাস্ট আয়োজনে ডব্লিউবিবি ট্রাস্টের কৈবর্ত সভাকক্ষে রোগ প্রতিরোধব্যবস্থা জোরদার করতে প্রয়োজন হেলথ প্রমোশন ফাউন্ডেশন শীর্ষক আলোচনাসভায় বক্তারা এ দাবি করেন,বৃহস্পতিবার বাংলাদেশ তামাক বিরোধী জোট ও ডব্লিউবিবি ট্রাস্টের আয়োজনে রোগ প্রতিরোধ ক্ষমতা জোরদার করার প্রয়োজনীয়তা শীর্ষক আলোচনা সভায় বক্তারা এ দাবি জানান।,বৃহস্পতিবার বাংলাদেশ তামাকবিরোধী জোট এবং ডব্লিউবিবি ট্রাস্টের আয়োজনে অনুষ্ঠিত 'রোগ প্রতিরোধ ব্যবস্থা জোরদার করতে প্রয়োজন হেলথ প্রমোশন ফাউন্ডেশন' শীর্ষক আলোচনায় বক্তারা ডব্লিউবিবি ট্রাস্টের কৈবর্ত সভাকক্ষে এই দাবি জানান।,5.348553587999959,,
শনিবার সকালে সে প্রচণ্ড জ্বর সর্দি কাশি ও শ্বাসকষ্ট নিয়ে বাড়িতে ফেরে,"শনিবার সকালে তিনি প্রচণ্ড জ্বর, সর্দি, কাশি ও শ্বাসকষ্ট নিয়ে বাড়ি ফেরেন।","শনিবার সকালে বাড়ি ফিরে আসে সে, তখন তার ছিল তীব্র জ্বর, সর্দি, কাশি ও শ্বাসকষ্ট।",3.1378629079999882,,
এমনকি অপারেশন করে জরায়ু ফেলতেও হয় না,এমনকি আপনার হিস্টেরেক্টমিও করতে হবে না।,অপারেশন করেও জরায়ু অপসারণ করতে হয় না।,0.6156867199997578,,
এক্ষেত্রেও বিশ্ববাজার ডলার জ্বালানির মূল্যবৃদ্ধি এবং রাশিয়াইউক্রেন যুদ্ধের অজুহাত দেওয়া হচ্ছে,এক্ষেত্রে বিশ্বব্যাপী ডলারের জ্বালানি মূল্য বৃদ্ধি এবং রাশিয়া-ইউক্রেন যুদ্ধকেও অজুহাত হিসেবে ব্যবহার করা হয়।,এক্ষেত্রেও ডলার ও জ্বালানির দামবৃদ্ধি এবং রাশিয়া-ইউক্রেন যুদ্ধকে বিশ্ববাজারের অজুহাত হিসেবে ব্যবহার করা হচ্ছে।,5.231774935999965,,
"কিন্তু পুরুষের জন্য জন্মনিরোধক তৈরিতে এত বাধা কেন 
মনোরোগ বিশেষজ্ঞের কাছে এক তরুণ নিজের ব্রিবতকর অভিজ্ঞতা খুলে বলে",কিন্তু পুরুষদের জন্য জন্মনিয়ন্ত্রণ তৈরিতে এত বাধা কেন? একজন যুবক তার যন্ত্রণাদায়ক অভিজ্ঞতা একজন মনোরোগ বিশেষজ্ঞের কাছে প্রকাশ করে।,তবে পুরুষের জন্য গর্ভনিরোধক তৈরি করতে এত বাধা কেন? এক তরুণ মন,3.8355028559999482,,
জিবিএসের ক্ষেত্রে সাধারণত প্রায় ৮০ শতাংশ রোগী সম্পূর্ণ আরোগ্য লাভ করে,"জিবিএস-এ, প্রায় 80 শতাংশ রোগী সাধারণত সম্পূর্ণ সুস্থ হয়ে ওঠে।",জিবিএস-এ আক্রান্তদের মধ্যে সাধারণত প্রায় ৮০ শতাংশ সম্পূর্ণ সুস্থ হয়ে ওঠে।,2.7554713310000807,,
ভাজিভুনা খাবারের পরিবর্তে কম মসলাযুক্ত পাতলা ঝোলের তরকারি খাবেন,ভাজা খাবারের পরিবর্তে কম মশলাদার ঝোল দিয়ে তরকারি খান।,"কম মসলাযুক্ত পাতলা ঝোলের তরকারি খান, ভাজাভুজি খাবারের বদলে।",3.497992712999803,,
বিশেষ করে প্রোজেস্টেরনের মাত্রা বেড়ে যাওয়াতে মুখের মধ্যকার জীবাণু সক্রিয় হয়ে ওঠে গর্ভাবস্থার ২ থেকে ৮ মাসের মধ্যে দাঁতে গর্ত দাঁত শিন শিন করা মাড়ি ফুলে গিয়ে রক্ত পড়া বা প্রেগনেন্সি ইপিউলিস খুব সাধারণ,"মুখের ব্যাকটেরিয়া সক্রিয় হয়ে ওঠে, বিশেষ করে প্রোজেস্টেরনের মাত্রা বাড়ার সাথে সাথে। গর্ভাবস্থার 2 থেকে 8 মাসের মধ্যে দাঁতের গহ্বর, দাঁত পিষে যাওয়া, মাড়ি ফুলে যাওয়া, রক্তপাত বা গর্ভাবস্থার প্যাপিউলগুলি সাধারণ।",,10.344199676999779,request_error:'NoneType' object has no attribute 'strip',
কিন্তু সাময়িক ফ্যাশন করতে গিয়ে সস্তার সানগ্লাস ব্যবহার করে চোখের ক্ষতি করে ফেলছেন নিজের অজান্তেই,কিন্তু সাময়িক ফ্যাশন করতে গিয়ে নিজের অজান্তেই সস্তার সানগ্লাস ব্যবহার করে চোখের ক্ষতি করছেন।,সাময়িক ফ্যাশনের জন্য সস্তা সানগ্লাস ব্যবহার করে নিজের অজান্তেই চোখের ক্ষতি করছেন।,3.5881072149995816,,
 লিভারে চর্বি জমলে সেখানে প্রদাহের সম্ভাবনা বেড়ে যায়,লিভারে চর্বি জমে প্রদাহ হওয়ার সম্ভাবনা বেড়ে যায়।,লিভারে চর্বি জমা হলে সেখানে প্রদাহ হওয়ার আশঙ্কা বৃদ্ধি পায়।,1.270209143000102,,
যে ধমনি থেকে রক্তক্ষরণ হচ্ছে তা চিহ্নিত করে ধমনিতে এমবোলাইজেশন করতে হবে অথবা ফুসফুসের এই অংশটি কেটে বাদ দিতে হবে,রক্তক্ষরণ ধমনী সনাক্ত করে বা ফুসফুসের রিসেকশনের মাধ্যমে ধমনী এম্বোলাইজেশন করা উচিত।,রক্তক্ষরণকারী ধমনিটি শনাক্ত করে সেটিতে এমবোলাইজেশন করা বা ফুসফুসের ওই অংশটি অস্ত্রোপচারের মাধ্যমে অপসারণ করা প্রয়োজন।,3.5270030040001075,,
 রান্নায় শাকসবজি ব্যবহার করার আগে কম করে আধঘণ্টা লবণলে ভিজিয়ে রেখে তারপর রান্না করুন,রান্নায় শাকসবজি ব্যবহারের আগে অন্তত আধা ঘণ্টা লবণে ভিজিয়ে রেখে তারপর রান্না করুন।,"রান্নায় শাকসবজি ব্যবহারের পূর্বে অন্তত আধঘণ্টা লবণ জলে ভিজিয়ে রাখুন, তারপর রান্না করুন।",4.1704301950003355,,
সিটিস্ক্যান করালে এই রোগ শনাক্ত করা সম্ভব,একটি সিটি স্ক্যান এই রোগ সনাক্ত করতে পারে।,সিটি স্ক্যানের মাধ্যমে এই রোগ নির্ণয় করা সম্ভব।,2.2538688849999744,,
 হজম সংক্রান্ত সমস্যা দূর করে কোষ্ঠ পরিষ্কার রাখে আমলকী,আমলকি হজমের সমস্যা দূর করে এবং কোলন পরিষ্কার রাখে।,আমলকী হজমের গোলযোগ দূর করে ও কোষ্ঠ পরিষ্কার রাখে।,3.8030497459994876,,
শরীরে ডিহাইড্রেশন বা পানিস্বল্পতা হলে ত্বক ও চুল শুষ্ক হয়ে অতিরিক্ত চুল পড়তে থাকে,শরীর পানিশূন্য হলে ত্বক ও চুল শুষ্ক হয়ে যায় এবং অতিরিক্ত চুল পড়ে।,শরীরে জলীয় অংশের ঘাটতি দেখা দিলে ত্বক ও চুল শুষ্ক হয়ে যায় এবং চুল পড়ার পরিমাণ বেড়ে যায়।,2.478763527999945,,
 তবে প্রস্রাবের জটিলতায় এর ব্যবহারের ক্ষেত্রে এলবুমিন সংক্রান্ত কিছু সাদৃশ্যগত সমস্যা হতে পারে,"যাইহোক, প্রস্রাবের জটিলতায় এর ব্যবহারে অ্যালবুমিনের সাথে কিছু অনুরূপ সমস্যা হতে পারে।",তবে মূত্রের জটিলতায় এটি ব্যবহার করলে এলবুমিন সম্পর্কিত কিছু সাদৃশ্যগত সমস্যা দেখা দিতে পারে।,3.617992417000096,,
 বৃদ্ধি ব্যাহত হওয়া  শিশুদের ক্ষেত্রে হাড় বা জয়েন্টের স্বাভাবিক বৃদ্ধি ব্যাহত হয় যদি সংক্রমণ হাড়ের নরম এলাকা বা গ্রোথ প্লেটে ঘটে,বৃদ্ধি প্রতিবন্ধী শিশুদের ক্ষেত্রে হাড় বা জয়েন্টের স্বাভাবিক বৃদ্ধি ব্যাহত হয় যদি হাড় বা গ্রোথ প্লেটের নরম অংশে সংক্রমণ ঘটে।,শিশুদের হাড়ের নরম অংশ বা গ্রোথ প্লেটে সংক্রমণ হলে তাদের হাড় ও জয়েন্টের স্বাভাবিক বৃদ্ধি বাধাগ্রস্ত হয়।,5.519331896999574,,
অথবা ভোর বা সন্ধ্যা এমন শীতল সময় বেছে নিন,অথবা ভোর বা সন্ধ্যার মতো শীতল সময় বেছে নিন।,ভোর অথবা সন্ধ্যার মতো শীতল সময় নির্বাচন করুন।,2.857602353000402,,
এর মধ্যে ১০ শতাংশ মারা যাচ্ছে ডায়াবেটিসে,তাদের মধ্যে 10 শতাংশ ডায়াবেটিসে মারা যায়।,ডায়াবেটিসের কারণে এদের মধ্যে ১০ শতাংশ মৃত্যুবরণ করছে।,4.089982847999636,,
সময়মতো চিকিৎসা না নিলে রোগ জটিল হয়ে লিভার সিরোসিসের মতো জটিলতা হতে পারে,সময়মতো চিকিৎসা না করালে রোগটি জটিল আকার ধারণ করে এবং লিভার সিরোসিসের মতো জটিলতা সৃষ্টি করতে পারে।,"রোগটি জটিল আকার ধারণ করে লিভার সিরোসিসের মতো পরিস্থিতি তৈরি করতে পারে, যদি সময়মতো চিকিৎসা না ন",7.34922806799932,,
এমনকি অনেকে অ্যান্টিবায়োটিকও নিয়ে থাকেন,এমনকি অনেকে অ্যান্টিবায়োটিকও খেয়ে থাকেন।,অনেকেই আবার অ্যান্টিবায়োটিকও সেবন করে থাকেন।,1.0569924009996612,,
দুশ্চিন্তার বিষয় হলো দেশে কিডনি রোগ ও কিডনি অকেজো রোগীর সংখ্যা ক্রমান্বয়ে বৃদ্ধি পাচ্ছে,"উদ্বেগের বিষয়, দেশে কিডনি রোগ ও কিডনি বিকল রোগীর সংখ্যা ক্রমান্বয়ে বাড়ছে।",চিন্তার ব্যাপার হলো দেশে কিডনি রোগ ও কিডনি অকেজো রোগীর সংখ্যা ক্রমাগত বাড়ছে।,3.499206739999863,,
অন্তর্বাস নিয়মিত পরিবর্তন করতে হবে,অন্তর্বাস নিয়মিত পরিবর্তন করা উচিত।,অন্তর্বাস নিয়মিত বদলানো জরুরি।,0.5767555659995196,,
থাইরয়েড গ্লান্ডের ক্যানসার একটি জটিল রোগ,থাইরয়েড গ্রন্থির ক্যান্সার একটি জটিল রোগ।,থাইরয়েড গ্লান্ডের ক্যানসার একটি কঠিন অসুস্থতা।,3.0674236280001423,,
 বরই বা কুল  এ সময় বাজারে বিভিন্ন ধরনের বরই বা কুল দেখতে পাওয়া যায়,বরই বা কুল এ সময় বাজারে বিভিন্ন ধরনের বরই বা কুল দেখা যায়।,এ সময় বাজারে নানা ধরনের বরই ও কুল দেখা যায়।,2.9667922030002956,,
এক্ষেত্রে কতটুকু ফল ও সবজি খাবে তা ডায়েটিশিয়ান নির্ধারণ করে দিয়ে থাকে,এক্ষেত্রে কতটা ফল ও সবজি খাবেন তা ডায়েটিশিয়ান নির্ধারণ করেন।,ডায়েটিশিয়ান এই ক্ষেত্রে কত পরিমাণ ফল ও সবজি খেতে হবে তা নির্ধারণ করে দেন।,3.428196367000055,,
লেখক  মুখ ও দন্তরোগ বিশেষজ্ঞ,লেখক মৌখিক ও দাঁতের বিশেষজ্ঞ।,,8.49557046999962,request_error:'NoneType' object has no attribute 'strip',
শীতকালে নানা রোগব্যাধি বাসা বাধে শরীরে,শীতকালে নানা রোগ বাসা বাঁধে শরীরে।,শীতকালে শরীরে নানা রোগব্যাধি বাসা বাঁধে।,8.683914004000144,,
খুব কম ক্ষেত্রে টনসিলে ঘনঘন ইনফেকশন থেকে বাতজ্বর রিউম্যাটিক ফিভার হতে পরে,"বিরল ক্ষেত্রে, বারবার টনসিল সংক্রমণ থেকে বাতজ্বর হতে পারে।",টনসিলে বারবার সংক্রমণের কারণে খুবই অল্প সংখ্যক ক্ষেত্রে বাতজ্বর বা রিউম্যাটিক ফিভার হতে পারে।,1.1018296450001799,,
এর সঙ্গে মুখে খাওয়া ও লাগানোর ওষুধও ব্যবহার করতে হয়,"এর সাথে, মুখের এবং সাময়িক ওষুধও ব্যবহার করা হয়।",এর পাশাপাশি মুখে খাওয়ার ও লাগানোর ওষুধও প্রয়োগ করতে হয়।,4.666643327999736,,
২ যারা ইতিমধ্যে গর্ভধারণ করে ফেলেছেন তারা সর্বোচ্চ সাবধানতা অবলম্বন করবেন,2 যারা ইতিমধ্যে গর্ভবতী তাদের সর্বোচ্চ সতর্কতা অবলম্বন করা উচিত।,,11.190521839999747,request_error:'NoneType' object has no attribute 'strip',
পায়ের হাড় বলতে হাঁটুর নিচ থেকে গোড়ালির গাঁট পর্যন্ত টিবিয়া ও ফিবুলা নামক দুটো হাড়কে বোঝায়,"পায়ের হাড় বলতে হাঁটুর নিচ থেকে গোড়ালি পর্যন্ত দুটি হাড়কে বোঝায়, যাকে বলা হয় টিবিয়া এবং ফিবুলা।",হাঁটুর নিচ থেকে গোড়ালি পর্যন্ত টিবিয়া ও ফিবুলা নামের দুটি হাড়কেই পায়ের হাড় বলা হয়।,2.6514187019993187,,
সম্প্রতি আংশিকভাবে প্রকাশিত আমেরিকার একটি গবেষণা প্রবন্ধ ও বিশ্বের বিভিন্ন দেশের করোনা সংক্রমণের তথ্যউপাত্ত বিশ্লেষণ করে এমনটিই মনে করছেন এ গবেষক,সম্প্রতি প্রকাশিত আমেরিকান গবেষণা নিবন্ধ এবং বিশ্বের বিভিন্ন দেশে করোনা সংক্রমণের তথ্য বিশ্লেষণ করে এমনটাই মনে করছেন গবেষক।,সম্প্রতি আংশিকভাবে প্রকাশিত যুক্তরাষ্ট্রের একটি গবেষণা নিবন্ধ এবং বিশ্বের নানা দেশের করোনা সংক্রমণের তথ্য-উপাত্ত বিশ্লেষণ করে এই গবেষক এমন ধারণা পোষণ করছেন।,3.6340671660000226,,
প্রতি বছর বিশ্বে ১ কোটি ৭০ লাখ মানুষ স্ট্রোক করেন,বিশ্বব্যাপী 17 মিলিয়ন মানুষ প্রতি বছর স্ট্রোকের শিকার হয়।,প্রতি বছর সারা বিশ্বে ১ কোটি ৭০ লাখ মানুষ স্ট্রোকে আক্রান্ত হন।,3.856625799999165,,
আপনার সাইজ অনুযায়ী ধুতি পাঞ্জাবি কিনুন,আপনার সাইজ অনুযায়ী ধুতি পাঞ্জাবি কিনুন,আপনার মাপ অনুযায়ী ধুতি-পাঞ্জাবি সংগ্রহ করুন,3.143307606000235,,
আর কলা খোসা ছাড়িয়ে ছোটছোট টুকরো করে রাখুন,কলার খোসা ছাড়িয়ে ছোট ছোট টুকরো করে কেটে নিন।,পরে কলার খোসা ছাড়িয়ে ছোট ছোট টুকরো করে ফেলুন।,3.135442131000673,,
বুধবার বারডেম অডিটোরিয়ামে আয়োজিত অনুষ্ঠানে চিকিৎসকদের হাতে এ পদক তুলে দেন অনুষ্ঠানের প্রধান অতিথি শিক্ষামন্ত্রী ডা দিপু মনি,বুধবার বারডেম মিলনায়তনে আয়োজিত এক অনুষ্ঠানে চিকিৎসকদের হাতে পদক তুলে দেন অনুষ্ঠানের প্রধান অতিথি শিক্ষামন্ত্রী ডা. দীপু মনি।,শিক্ষামন্ত্রী ডা. দীপু মনি বুধবার বারডেম,2.3979306749997704,,
তবে এবার থেকে মিষ্টি প্রেমীরা উৎসবে রাখতে পারেন সুগার ফ্রি মিষ্টি,মিষ্টিপ্রেমীরা এখন থেকে উৎসবে চিনিমুক্ত মিষ্টি খেতে পারবেন।,তবে এখন থেকে মিষ্টিপ্রেমীরা উৎসবে সুগার ফ্রি মিষ্টি ব্যবহার করতে পারেন।,3.2660546710003473,,
হারপিস ভাইরাসজনিত কারণে ঠোঁট ফুলে গেলে অবশ্যই অ্যাসাইক্লোভির গোত্রভুক্ত ওষুধ সঠিক নিয়মে নির্দিষ্ট মাত্রায় সেবন করতে হবে,হারপিস ভাইরাসের কারণে ঠোঁট ফুলে গেলে Acyclovir অবশ্যই সঠিক মাত্রায় গ্রহণ করতে হবে।,"ঠোঁট ফুলে যদি হারপিস ভাইরাসের কারণে হয়, তাহলে অ্যাসাইক্লোভির শ্রেণির ওষুধ নির্ধারিত নিয়ম ও মাত্রায় গ্রহণ করা জরুরি।",11.948775138999736,,
গণপরিবহণ অপ্রয়োজনে ব্যবহার থেকে বিরত থাকুন,গণপরিবহনের অপ্রয়োজনীয় ব্যবহার এড়িয়ে চলুন।,প্রয়োজন ছাড়া গণপরিবহণ ব্যবহার না করাই উত্তম।,2.968303669999841,,
বাচ্চাদের ক্যালরি চাহিদা বেশি বলে এর সঙ্গে যোগ করা যেতে পারে ঘি,শিশুদের ক্যালরির চাহিদা বেশি হওয়ায় এতে ঘি যোগ করা যেতে পারে।,বাচ্চাদের ক্যালরির চাহিদা বেশি হওয়ায় তাতে ঘি মেশানো যেতে পারে।,1.3373650610001278,,
যা লাগবে  সুজি এক কাপ আনারসের জুস আধা কাপ পানি দেড় কাপ চিনি সোয়া এক কাপ ঘি আধা কাপ এলাচ গুঁড়া আধা চা চামচ কাজুবাদাম ক্রাশ ৮১ কাপ আখরোট ক্রাশ ৮১ কাপ জাফরান আধা চা চামচ এক টেবিল চামচ পানিতে ভেজানো পানি ৪১ কাপ পেস্তা কুচি গার্নিশিংএর জন্য,আপনার যা লাগবে সুজি এক কাপ আনারসের রস আধা কাপ পানি দেড় কাপ চিনি সয়া আধা কাপ এলাচ গুঁড়া আধা চা চামচ কাজু বাদাম কুচানো 81 কাপ আখরোট গুঁড়ো 81 কাপ জাফরান আধা চা চামচ এক টেবিল চামচ ভেজানো পানি 41 কাপ পেস্তা বাদাম গার জন্য।,,10.273435587000677,request_error:'NoneType' object has no attribute 'strip',
" গবেষণা অনুসারে, ব্রকলিতে প্রতি কাপে পাঁচ গ্রাম ফাইবার থাকে","গবেষণা অনুসারে, ব্রকলিতে প্রতি কাপে পাঁচ গ্রাম ফাইবার থাকে।","গবেষণা বলছে, প্রতি কাপ ব্রকলিতে পাঁচ গ্রাম ফাইবার রয়েছে।",2.574414090000573,,
সাধারণত ৫ থেকে ১০ শতাংশ নারীকে আরও পরীক্ষার জন্য বলা হয়ে থাকে কিন্তু সৌভাগ্যবশত এসব ক্ষেত্রে ৯০ শতাংশের বেশিরই ক্যানসার থাকে না,"সাধারণত, 5 থেকে 10 শতাংশ মহিলাকে আরও পরীক্ষার জন্য বলা হয়, কিন্তু সৌভাগ্যবশত, এই ক্ষেত্রে 90 শতাংশেরও বেশি ক্যান্সার হয় না।","সাধারণত ৫-১০% নারীকে আরও পরীক্ষার জন্য নির্দেশ দেওয়া হয়, কিন্তু সৌভাগ্যক্রমে এসব ক্ষেত্রে",2.393869194999752,,
রোগীরা সাধারণত পায়ুপথ দিয়ে রক্তক্ষরণ পায়ুপথ ফুলে যাওয়া ব্যথা অনুভব করা পায়ুপথ দিয়ে পাইলস বেরিয়ে আসা মলদ্বারের চারপাশে চুলকানো বিভিন্ন উপসর্গের কথা বলে থাকেন,"রোগীরা সাধারণত রেকটাল রক্তপাত, মলদ্বার ফুলে যাওয়া, ব্যথা, রেকটাল পাইলস এবং মলদ্বারের চারপাশে চুলকানির মতো বিভিন্ন উপসর্গ রিপোর্ট করে।","রোগীরা সাধারণত পায়ুপথে রক্তক্ষরণ, ফোলাভাব, ব্যথা, পাইলস বের হওয়া এবং মলদ্বারের চারপাশে চুলকানির মতো নানা উপসর্গের কথা জানান।",1.0087758780000513,,
এভাবে দিনে তাপমাত্রা যখন তখন বাড়ছেকমছে,এভাবে দিনের বেলা তাপমাত্রা বাড়ে ও কমে।,এভাবে দিনের বেলায় তাপমাত্রা যে কোনো সময় ওঠানামা করছে।,3.069671907999691,,
 হাড়ে রক্ত সরবরাহ কমে গেলে জয়েন্টে ব্যথা হয় জয়েন্ট কাজ করে না জয়েন্ট দুর্বল হয়ে যায়,"হাড়ে রক্ত ​​সরবরাহ কমে গেলে জয়েন্টে ব্যথা হয়, জয়েন্ট কাজ করে না, জয়েন্ট দুর্বল হয়ে পড়ে।","হাড়ে রক্তপ্রবাহ কমে গেলে জয়েন্টে ব্যথা শুরু হয়, জয়েন্ট অকেজো হয়ে পড়ে এবং দুর্বল হয়ে যায়।",1.5658464099997218,,
তবে মারাত্মক ধরনের কান পাকা রোগে অপারেশনই হচ্ছে প্রকৃত চিকিৎসা,"যাইহোক, সার্জারি হল গুরুতর কানের সংক্রমণের আসল চিকিৎসা।",কিন্তু কানের মারাত্মক সংক্রমণের ক্ষেত্রে অস্ত্রোপচারই প্রকৃত চিকিৎসা।,3.7032387590006692,,
লক্ষণ দেখে কিছু চিকিৎসা দেয়া হয়,উপসর্গের উপর ভিত্তি করে কিছু চিকিৎসা দেওয়া হয়।,লক্ষণ অনুযায়ী কিছু ওষুধ দেওয়া হয়।,1.2908517039995786,,
সমস্যাগুলো যদি বয়স বাড়ার কারণে না হয়ে অন্য কোনো অসুখবিসুখ কিংবা ওষুধের পার্শ্বপ্রতিক্রিয়ার কারণে হয় তাহলে তার সমাধান করা যেতে পারে,"সমস্যাগুলো যদি বার্ধক্যজনিত কারণে না হয়ে অন্য কোনো চিকিৎসার কারণে বা ওষুধের পার্শ্বপ্রতিক্রিয়ার কারণে হয়ে থাকে, তাহলে সেগুলো সমাধান করা যেতে পারে।",যদি সমস্যাগুলো বার্ধক্যজনিত কারণে,5.1433011299996,,
এজন্য নিজেকেই দোষী মনে করছি,আমি এর জন্য অপরাধী বোধ করি।,এই কারণে নিজেকেই অপরাধী মনে করছি।,1.9841279950005628,,
জাতির পিতা বঙ্গবন্ধু শেখ মুজিবুর রহমানের জন্মদিন (১৭ মার্চ) এবং বিশ্ব কিডনি দিবস (৯ মার্চ) সামনে রেখে সোমবার বেলা সাড়ে ১১টায় ইনসাফ বারাকাহ কিডনি অ্যান্ড জেনারেল হাসপাতাল ভবনে মতবিনিময় সভায় বিশেষ অতিথির বক্তব্যে তিনি এ কথা বলেন,সোমবার সকাল সাড়ে ১১টায় ইনসাফ বারাকাহ কিডনি ও জেনারেল হাসপাতাল ভবনে জাতির জনক বঙ্গবন্ধু শেখ মুজিবুর রহমানের জন্মদিন (১৭ মার্চ) উপলক্ষে এক মতবিনিময় সভায় বিশেষ অতিথির বক্তব্যে তিনি এসব কথা বলেন। বিশ্ব কিডনি দিবস (9 মার্চ)।,বঙ্গবন্ধু শেখ মুজিবুর রহমানের জন্মদিন (১৭ মার্চ) ও বিশ্ব কিডনি দিবস (৯ মার্চ) উপলক্ষে সোমবার বেলা সাড়ে ১১টায় ইনসাফ বারাকাহ কিডনি অ্যান্ড জেনারেল হাসপাতাল ভবনে আয়োজিত মতবিনিময় সভায় বিশেষ অতিথি হিসেবে বক্তব্য রাখতে গিয়ে তিনি এই মন্তব্য করেন।,1.6880615879999823,,
 স্তনবৃন্ত বা স্তনের চামড়া খোসার মত হওয়া,স্তনবৃন্ত বা স্তনের ত্বকের খোসা।,স্তনের চামড়া বা স্তনবৃন্ত খোসার মতো হয়ে যাওয়া।,0.7922007249999297,,
 এই ফল ভিটামিন সি-এর ভাণ্ডার,এই ফলটি ভিটামিন সি এর ভান্ডার।,এই ফলে ভিটামিন সি প্রচুর পরিমাণে রয়েছে।,1.500224184000217,,
যুগ যুগ ধরে লাল সবুজের পতাকা হাতে নাজমুন নাহারের বিশ্ব ভ্রমণের এই দৃষ্টান্ত পৃথিবীর মানচিত্রে বাংলাদেশকে গৌরবান্বিত করবে,লাল-সবুজ পতাকা হাতে নিয়ে নাজমুন নাহারের পৃথিবী ভ্রমণের এই উদাহরণ বিশ্ব মানচিত্রে বাংলাদেশকে মহিমান্বিত করবে।,"নাজমুন নাহারের বিশ্ব ভ্রমণের এই দৃষ্টান্ত, যুগ যুগ ধরে লাল-সবুজ পতাকা হাতে, বিশ্ব মানচিত্রে বাংলাদেশের গৌরব বাড়িয়ে দেবে।",4.670585844000016,,
 প্রোবায়োটিকস খান  পেটে খাবার ভালোভাবে হজমের জন্য প্রয়োজন প্রচুর পরিমাণে উপকারী ব্যাকটেরিয়া,প্রোবায়োটিক খান ভালো হজমের জন্য পেটে প্রচুর উপকারী ব্যাকটেরিয়া প্রয়োজন।,পেটে খাবার সঠিকভাবে হজম করতে প্রোবায়োটিকসের মাধ্যমে প্রচুর উপকারী ব্যাকটেরিয়া গ্রহণ করা জরুরি।,2.283217262999642,,
তাকে নরম হালকা সুতি কাপড় পরাতে হবে,তাকে নরম হালকা সুতির পোশাক পরতে হবে।,তাকে মোলায়েম ও হালকা সুতির পোশাক পরিধান করাতে হবে।,2.866692423999666,,
এটি ফুসফুসের চাপ এবং রক্তপ্রবাহ পরিপক্কতায় বিলম্বের কারণে ঘটে থাকে,এটি পালমোনারি ধমনী এবং রক্ত ​​​​প্রবাহের পরিপক্কতায় বিলম্বের কারণে ঘটে।,এটি ফুসফুসীয় চাপ ও রক্তপ্রবাহের পরিপক্কতা বিলম্বিত হওয়ার কারণে,3.995916808000402,,
শিশুদের পোশাক কেনার সময় যেসব বিষয় মাথায় রাখবেন,বাচ্চাদের পোশাক কেনার সময় যে বিষয়গুলো মাথায় রাখবেন,শিশুদের পোশাক ক্রয়ের সময় যে বিষয়গুলি বিবেচনা করা উচিত,1.9712669609998557,,
গরম পানি দিয়ে হাত ধুলেও সংক্রমণের ঝুঁকি কমে যায়,গরম পানি দিয়ে হাত ধোয়া সংক্রমণের ঝুঁকিও কমায়।,গরম পানি ব্যবহার করে হাত ধোয়ার মাধ্যমেও সংক্রমণের সম্ভাবনা কমে যায়।,2.834976281999843,,
" বিশেষত, আমাদের দেশে এই সমস্যার প্রকোপ তুলনায় অনেকটাই বেশি",বিশেষ করে আমাদের দেশে এই সমস্যার প্রকোপ অনেক বেশি।,"বিশেষ করে, আমাদের দেশে এই সমস্যার ব্যাপকতা তুলনামূলকভাবে অনেক বেশি।",9.246242401000018,,
দীর্ঘমেয়াদি টনসিলের ইনফেকশন থাকলে অপারেশন না করালে নিন্মোক্ত সমস্যা হতে পারে,দীর্ঘমেয়াদী টনসিল সংক্রমণে অপারেশন না করালে নিম্নলিখিত সমস্যা হতে পারে।,দীর্ঘকাল ধরে টনসিলে সংক্রমণ থাকলে অস্ত্রোপচার না করালে নিচের সমস্যাগুলো দেখা দিতে পারে।,14.24729924500025,,
সার্বিকভাবে আমরা এখনও কোভিড মোকাবেলায় নিজেদের উপযোগী বা প্রস্তুত করতে পারিনি,"সর্বোপরি, আমরা এখনও কোভিডের সাথে মোকাবিলা করার জন্য নিজেকে মানিয়ে নিতে পারিনি বা প্রস্তুত করতে পারিনি।",সামগ্রিকভাবে আমরা এখনও করোনা মোকাবিলায় নিজেদের সক্ষম বা প্রস্তুত করতে পারিনি।,7.616723500999797,,
রোগীর খাদ্যতালিকায় প্রোটিন রাখতে হবে রোগের মাত্রার ওপর ভিত্তি করে,রোগের মাত্রার উপর ভিত্তি করে রোগীর খাবারে প্রোটিন রাখতে হবে।,রোগীর অসুস্থতার তীব্রতা অনুযায়ী তার খাবারে প্রোটিন অন্তর্ভুক্ত করা জরুরি।,1.86227380299988,,
এজন্য পুরুষের চেয়ে নারীদের হিমোগ্লোবিনের পরিমাণ এক দশমিক পাঁচ গ্রাম কম থাকে বলেও জানান তিনি,এ কারণে নারীদের হিমোগ্লোবিনের পরিমাণ পুরুষদের তুলনায় ১.৫ গ্রাম কম বলে জানান তিনি।,"তিনি আরও জানান, এ কারণে নারীদের হিমোগ্লোবিনের মাত্রা পুরুষের তুলনায় দেড় গ্রাম কম হয়।",1.8259383999993588,,
এটি নিরব ঘাতকের মতো কাজ করে,এটি নীরব ঘাতকের মতো কাজ করে।,এটি নীরব ঘাতকের ন্যায় কাজ করে।,2.771739746000094,,
বিভিন্ন সময়ে নানা কারণে আমরা উদ্বিগ্ন হয়ে যাই,আমরা বিভিন্ন কারণে বিভিন্ন সময়ে উদ্বিগ্ন হই।,আমরা নানা সময়ে বিভিন্ন কারণে উদ্বিগ্ন হয়ে পড়ি।,2.2189547349998975,,
আইইডিসিআরের হটলাইন নম্বরগুলো হচ্ছে ৩৩৩ ১৬২৬৩ ০১৫৫০০৬৪৯০১ ০১৫৫০০৬৪৯০২ ০১৫৫০০৬৪৯০৩ ০১৫৫০০৬৪৯০৪ ০১৫৫০০৬৪৯০৫ ০১৪০১১৮৪৫৫১ ০১৪০১১৮৪৫৫৪ ০১৪০১১৮৪৫৫৫ ০১৪০১১৮৪৫৫৬ ০১৪০১১৮৪৫৫৯ ০১৪০১১৮৪৫৬০ ০১৪০১১৮৪৫৬৩ ০১৪০১১৮৪৫৬৮ ০১৯২৭৭১১৭৮৪ ০১৯২৭৭১১৭৮৫ ০১৯৩৭০০০০১১ ০১৯৩৭১১০০১১,আইইডিসিআর হটলাইন নম্বরগুলি হল 333 16263 01550064901 01550064902 01550064904 01550064905 01401184551 01401184554 01401184554 014015154 01451514401515 560 01401184563 01401184568 01927711784 01927711785 01937110011,আইইডিসিআরের হটলাইন নম্বরগুলি হলো: ৩৩৩ ১৬২৬৩ ০১৫৫০০৬৪৯০১ ০১৫৫০০৬৪৯০২ ০১৫৫০০৬৪৯০৩ ০১৫৫০০৬৪৯০৪ ০১৫৫০০৬৪৯০৫ ০১৪০১১৮৪৫৫১ ০১৪০১১৮৪৫৫৪ ০১৪০১১৮৪৫৫৫ ০১৪০১১৮৪৫৫৬ ০১৪০,4.026189078999778,,
প্রচুর তরলজাতীয় খাবার গ্রহণ করতে হবে,প্রচুর তরল খাবার খেতে হবে।,প্রচুর পরিমাণে তরল খাবার খেতে হবে।,3.079032714999812,,
আঁচিল সারাতেও আমপাতা খুব উপকারী,আমপাতা আঁচিলের চিকিৎসায়ও বেশ উপকারী।,আমপাতা আঁচিল নিরাময়ে অত্যন্ত উপকারী।,2.168722864999836,,
কোনো জ্বরের সঙ্গে কাঁপুনি হয় শীত লাগে তীব্র মাথা ব্যথা ওঠে বমি হয় ইদানীংকালের বহুল আলেচিত করোনা জ্বরে কোনো ধরনই নির্দিষ্ট নয় করোনা অধ্যুষিত এলাকায় বসবাসরত কিংবা করোনা রোগীর সংস্পর্শে আসা যে কোনো ধরনের জ্বরই করোনা হতে পারে তাই এ ধরনের সব জ্বরের রোগীকে টেস্ট করে করোনা নিশ্চিত করতে হয়,"জ্বরের সাথে ঠান্ডা লাগা, প্রচণ্ড মাথাব্যথা, বমি হয় এবং করোনা জ্বরের কোনো নির্দিষ্ট ধরন নেই, যা সম্প্রতি আলোচনা করা হয়েছে। করোনা রোগীদের সংস্পর্শে আসা বা করোনা আক্রান্ত এলাকায় বসবাসকারী যেকোনো ধরনের জ্বরই করোনা হতে পারে, তাই এই ধরনের জ্বরের রোগীদের করোনা পরীক্ষা করা উচিত।","কোন জ্বরের সাথেই যদি কাঁপুনি, শীত লাগা, তীব্র মাথাব্যথা, বমি আসে, তবে ইদানীং আলোচিত করোনা জ্বরের কোনো নির্দিষ্ট ধরন নেই। করোনা আক্রান্ত এলাকায় থাকা বা করোনা রোগীর সংস্পর্শে এলে যেকোনো জ্বরই করোনা হতে পারে, তাই এসব জ্বরের রোগীদের পরীক্ষা করে করোনা নিশ্চিত করতে হবে।",13.829955160999816,,
পাশাপাশি দুটি অপারেশন থিয়েটারে দাতা ও গ্রহীতা রোগীকে রাখা হয়,দুটি অপারেশন থিয়েটারে দাতা ও গ্রহীতা রোগীদের পাশাপাশি রাখা হয়।,দাতা ও গ্রহীতা রোগীকে পাশাপাশি দুটি অপারেশন থিয়েটারে রাখা হয়।,3.6977736669996375,,
এগুলো সবই ননইনফেকশাস বা ননকমিউনেকেবল ডিজিজ,এগুলো সবই অসংক্রামক বা অসংক্রামক রোগ।,এগুলো সবই অ-সংক্রামক বা অ-ছোঁয়াচে রোগ।,2.9467998049995003,,
২ মোবাইল ফোনের স্ক্রিনের দিকে দীর্ঘক্ষণ তাকিয়ে থাকার কারণে চোখের রেটিনা কর্নিয়া এবং অন্যান্য অংশ ক্ষতিগ্রস্ত হচ্ছে,"2. মোবাইল ফোনের স্ক্রিনের দিকে দীর্ঘক্ষণ তাকিয়ে থাকা রেটিনা, কর্নিয়া এবং চোখের অন্যান্য অংশের ক্ষতি করে।","দীর্ঘক্ষণ মোবাইল ফোনের স্ক্রিনের দিকে তাকিয়ে থাকার ফলে চোখের রেটিনা, কর্নিয়াসহ অন্যান",10.048593835999782,,
"    ডিম
    দুধ
    সমুদ্রশৈবাল
    শেলফিস
    সামুদ্রিক মাছ
    সিফুড",ডিম সামুদ্রিক শৈবালের ঝিনুক সামুদ্রিক মাছ,,10.704070767000303,request_error:'NoneType' object has no attribute 'strip',
যা আরও সপ্তাহখানেক থাকতে পারে,যা আরও এক সপ্তাহ স্থায়ী হতে পারে।,যেটি আরও প্রায় এক সপ্তাহ থাকতে পারে,1.3675118200008,,
প্রথমে এটি আপনার জন্য বেশ উত্তেজনাপূর্ণ হতে পারে,প্রথমে এটি আপনার জন্য বেশ উত্তেজনাপূর্ণ হতে পারে।,প্রথমে এটি আপনার জন্য অত্যন্ত রোমাঞ্চকর হতে পারে।,0.6738941369994791,,
তবে একই সময়ে আরও ৩৫ জনের করোনা শনাক্ত হয়েছে,"একই সময়ের মধ্যে, তবে, আরও 35 জনের COVID-19 শনাক্ত করা হয়েছে।",তবে একই সময়ে আরও ৩৫ জনের করোনা ধরা পড়েছে।,49.90112034100002,,
চুলের কালার বা কেমিক্যাল শখ করে ব্যবহার করা ঠিক নয়,শখের মতো হেয়ার কালার বা কেমিক্যাল ব্যবহার করা ঠিক নয়।,চুলে রঙ বা রাসায়নিক দ্রব্য শখ করে ব্যবহার করা অনুচিত।,1.9874483000003238,,
ডিম রান্না করলে এর পুষ্টিগুণ নষ্ট হয় না,ডিম রান্না করলে তাদের পুষ্টিগুণ নষ্ট হয় না।,ডিম সেদ্ধ করলে তার পুষ্টিমান কমে না।,0.856377877000341,,
" আইইডিসিআর জানায়, নিপাহ ভাইরাসে আক্রান্ত ৭১ শতাংশ মানুষ মারা যায়","আইইডিসিআরের মতে, নিপাহ ভাইরাসে আক্রান্তদের ৭১ শতাংশ মারা যায়।",,8.153431212999749,request_error:'NoneType' object has no attribute 'strip',
"যাদের বাতের ব্যথা আছে, বিশেষ করে কোমরে যাদের ব্যথা হয়, তাদের দুগ্ধজাতীয় খাবার গ্রহণের পর প্রদাহ বেড়ে যায়","আর্থ্রাইটিসে আক্রান্ত ব্যক্তিদের, বিশেষ করে পিঠে ব্যথা, দুগ্ধজাত দ্রব্য খাওয়ার পর প্রদাহ বেড়ে যায়।","যারা বাতের ব্যথায় ভোগেন, বিশেষ করে যাদের কোমরে ব্যথা হয়, তাদের দুধ ও দুগ্ধজাত খাবার খেলে প্রদাহ আরও বেড়ে যায়।",3.765165335999882,,
"এক প্রশ্নের জবাবে মেয়র বলেন, ‘বর্ষা মৌসুমের আগে থেকেই আমরা মশা নিধনে মাঠে কাজ করছি৷ নিয়মিত লার্ভিসাইডিং ও এডিসের প্রজননস্থল ধ্বংসের পাশাপাশি ডেঙ্গু নিয়ন্ত্রণে ওয়ার্ডে ওয়ার্ডে সচেতনতামূলক প্রচারাভিযান পরিচালনা করছি","এক প্রশ্নের জবাবে মেয়র বলেন, বর্ষা মৌসুমের আগে থেকেই আমরা মশা নিধনে মাঠে কাজ করছি। নিয়মিত লার্ভিসাইডিং এবং এডিস প্রজনন ক্ষেত্র ধ্বংসের পাশাপাশি ডেঙ্গু নিয়ন্ত্রণের জন্য ওয়ার্ড-টু-ওয়ার্ড সচেতনতামূলক প্রচারাভিযান পরিচালনা করা।","একটি প্রশ্নের উত্তরে মেয়র জানান, ‘বর্ষাকাল শুরু হওয়ার আগেই আমরা মশা নির্মূলে কাজ শুরু করেছি। নিয়মিত লার্ভিসাইডিং ও এডিসের বংশবিস্তার স্থান ধ্বংসের সাথে সাথে ডেঙ্গু নিয়ন্ত্রণে প্রতিটি ওয়ার্ডে সচেতনতা বৃদ্ধির প্রচার চালাচ্ছি।’",2.0702156360002846,,
অতিরিক্ত ওজন বা স্থূলতা বড় কারণ,স্থূলতা বা অতিরিক্ত ওজন একটি বড় কারণ,অতিরিক্ত ওজন কিংবা স্থূলতা একটি প্রধান কারণ।,3.069020226000248,,
আর আমি জীবন বাজি রেখে জীবন বাঁচিয়ে পাস করে গেছি,এবং আমি আমার জীবনের ঝুঁকি নিয়ে এবং আমার জীবন রক্ষা করে পাস করেছি।,আমি নিজের জীবন বিপন্ন করে অন্যের জীবন বাঁচিয়ে পাস করেছি।,5.76088819800043,,
" আমরা মনে করি, এভাবে এডিস মশাকে পূর্ণরূপে নিয়ন্ত্রণ করতে পারব",আমরা মনে করি এভাবেই এডিস মশা পুরোপুরি নিয়ন্ত্রণ করা সম্ভব।,"আমাদের ধারণা, এই পদ্ধতিতে এডিস মশা সম্পূর্ণ নিয়ন্ত্রণ করা সম্ভব হবে।",4.3256113229999755,,
স্ক্যানটির অন্যান্য নাম লেভেল ২ আলট্রাসাউন্ড অ্যানাটমি স্ক্যান মিড প্রেগন্যান্সি স্ক্যান ২০ উইক স্ক্যান সেকেন্ড ট্রাইমিস্টার স্ক্যান ইত্যাদি,স্ক্যানের অন্যান্য নাম হল আল্ট্রাসাউন্ড অ্যানাটমি স্ক্যান লেভেল 2 মিড প্রেগন্যান্সি স্ক্যান 20 উইক স্ক্যান সেকেন্ড ট্রাইমেস্টার স্ক্যান ইত্যাদি।,"এই স্ক্যানটি লেভেল ২ আলট্রাসাউন্ড অ্যানাটমি স্ক্যান, মিডপ্রেগন্যান্সি স্ক্যান, বিশ সপ্তাহের স্ক্যান, দ্ব",8.240262014999644,,
 এ ছাড়া পুরুষের বন্ধ্যাত্ব দূর করতে ডার্ক চকলেট বিশেষ ভূমিকা রাখে,এছাড়া পুরুষের বন্ধ্যাত্ব দূর করতে ডার্ক চকলেট বিশেষ ভূমিকা পালন করে।,ডার্ক চকলেট পুরুষের বন্ধ্যাত্ব দূর করতেও বিশেষভাবে সহায়তা করে।,1.020018971999889,,
লক্ষ্য রাখবেন প্যারালাইসিস হাত যেন না ঝুলে থাকে,লক্ষ করুন যে পক্ষাঘাতগ্রস্ত বাহু ঝুলে যায় না।,প্যারালাইসিস আক্রান্ত হাত যেন ঝুলে না থাকে সেদিকে খেয়াল রাখবেন।,1.8585843150003711,,
অতএব ঘামে ভেজা শরীর নিয়ে কোথাও বসার আগে সাবধান,তাই ঘর্মাক্ত শরীর নিয়ে কোথাও বসার আগে সাবধান।,তাই ঘামে ভেজা শরীর নিয়ে কোথাও বসার আগে সাবধান থাকুন।,3.2998954720005713,,
আবার মন ভালো না থাকলেও কিছু শারীরিক সমস্যা বাড়তে পারে,ভালো না থাকলেও কিছু শারীরিক সমস্যা বাড়তে পারে।,মন খারাপ থাকলেও কিছু শারীরিক সমস্যা আরও বাড়তে পারে।,2.7387017499995636,,
তাই অকারণ কালক্ষেপণ মানেই ঝুঁকি বাড়তে দেওয়া,"অতএব, অপ্রয়োজনীয় বিলম্ব মানে ঝুঁকি বৃদ্ধি।",সুতরাং অহেতুক সময় নষ্ট করলে ঝুঁকি বাড়তে দেওয়াই হয়।,1.7998375890001626,,
২ নিয়মিত শরীর চর্চা আদর্শ ওজন বজায় রাখা,2 আদর্শ ওজন বজায় রাখার জন্য নিয়মিত ব্যায়াম করুন।,নিয়মিত ব্যায়াম করলে আদর্শ ওজন ধরে রাখা যায়।,1.4178989499996533,,
তখন জ্বর কমে আসবে খুসখুসে কাশি হলে কফ সিরাপ খেতে হবে,তাহলে জ্বর কমে যাবে এবং ভালো কাশি হলে কাশির শরবত খেতে হবে।,"যখন জ্বর কমে যাবে, তখন শুকনো কাশি হলে কফ সিরাপ খেতে হবে।",2.5977003910002168,,
"জানলে অবাক হয়ে যাবেন, এই কাজে আপনাকে সাহায্য করতে পারে কয়েকটি শিম",আপনি জেনে অবাক হবেন যে কয়েকটি মটরশুটি আপনাকে এই কাজে সাহায্য করতে পারে।,"আপনি জেনে অবাক হবেন, এই কাজে কয়েকটি শিম আপনার সহায়ক হতে পারে।",3.1511513720006405,,
বাচ্চারা যে কোনো যাতায়াতে ঘন ঘন খেতে চায়,বাচ্চারা যেকোন যাত্রাপথে ঘন ঘন খাওয়ার প্রবণতা রাখে।,যেকোনো ভ্রমণে বাচ্চারা বারবার খাবার খেতে চায়।,3.1799834189996545,,
উল্লেখ্য উচ্চশিক্ষায় অধ্যাপনা পেশায় ইমেরিটাস অধ্যাপক একটি উচ্চ মর্যাদাসম্পন্ন পদবি,উল্লেখ্য যে ইমেরিটাস অধ্যাপক উচ্চ শিক্ষায় শিক্ষকতা পেশায় একটি মর্যাদাপূর্ণ উপাধি।,"উল্লেখযোগ্য যে, উচ্চশিক্ষার অধ্যাপনা পেশায় ইমেরিটাস অধ্যাপক একটি অত্যন্ত সম্মানজনক পদ।",2.356273766999948,,
 প্রতিদিন হালকা ব্যায়াম করুন  ব্যায়াম ক্যানসারের ঝুঁকি কমায়,প্রতিদিন হালকা ব্যায়াম করুন ব্যায়াম ক্যান্সারের ঝুঁকি কমায়।,প্রতিদিন হালকা ব্যায়াম করলে ক্যানসারের ঝুঁকি হ্রাস পায়।,2.8931685580000703,,
 তবে বেশি পরিমাণে তেল মশলা দিয়ে এই সবজি রান্না করলে খুব একটা লাভ পাবেন না,কিন্তু এই সবজিটি বেশি তেল ও মশলা দিয়ে রান্না করলে খুব একটা লাভ হবে না।,কিন্তু এই সবজিটি বেশি তেল-মশলায় রান্না করলে তেমন লাভ হবে না।,3.018934251000246,,
এতে খিদেও বেশি লাগবে না আবার ডায়েট করাও সহজ হবে,এতে আপনার ক্ষুধা লাগবে না এবং খেতেও সুবিধা হবে।,এতে ক্ষুধাও কম লাগবে এবং ডায়েট করাও সহজ হবে।,1.3514543989995218,,
এবারের বিশ্ব ন্যাশ ডেএর প্রতিপাদ্য ছিল স্টেপ আপ ফর ন্যাশ অর্থাৎ এখনই ন্যাশ সম্পর্কে সচেতন হতে হবে ও ন্যাশ প্রতিরোধ করতে হবে,"এবারের বিশ্ব NASH দিবসের থিম ছিল NASH এর জন্য Step Up, অর্থাৎ এখনই NASH সম্পর্কে সচেতন হোন এবং NASH প্রতিরোধ করুন।",এই বছরের বিশ্ব ন্যাশ দিবসের মূল বক্তব্য ছিল 'স্টেপ আ,3.219700680000642,,
এ খাবারগুলোতে অবশ্যই ওজন কমবে যদি বিধিনিষেধ মেনে এগুলো খাওয়া হয়,এই খাবারগুলো অবশ্যই আপনার ওজন কমাতে সাহায্য করবে যদি আপনি এগুলো পরিমিতভাবে খান।,বিধিনিষেধ মেনে এই খাবারগুলো খেলে ওজন নিশ্চিতভাবে কমবে।,3.3017461899999034,,
লেপ বা কম্বল ব্যবহার করা হলে সেটি নিয়মিত কয়েকদিন সেটি বাইরে রোদে দিতে হবে,যদি একটি কভার বা কম্বল ব্যবহার করা হয় তবে এটি নিয়মিত কয়েক দিনের জন্য সূর্যের সংস্পর্শে আসতে হবে।,লেপ অথবা কম্বল ব্যবহার করলে তা কয়েকদিন পরপর রোদে দিতে হবে।,0.8553782819999469,,
শর্তসাপেক্ষে প্রাপ্তবয়স্ক সকল নারী পুরুষের ওপর রমজান মাসে রোজা রাখা ফরজ,রমজান মাসে রোজা রাখা সকল প্রাপ্তবয়স্ক নারী-পুরুষের জন্য ফরজ।,রমজান মাসে রোজা রাখা শর্তসাপেক্ষে প্রাপ্তবয়স্ক প্রত্যেক নারী ও পুরুষের জন্য ফরজ।,3.940453511000669,,
চিকিৎসা শাস্ত্রের ব্যাপক উন্নতি হয়েছে তবে ক্যান্সার চিকিৎসা আজও অপ্রতুল রয়েছে,"চিকিৎসা বিজ্ঞান অনেক উন্নতি করেছে, কিন্তু ক্যান্সারের চিকিৎসা এখনও অপ্রতুল।",চিকিৎসাবিজ্ঞানের ব্যাপক অগ্রগতি সত্ত্বেও ক্যান্সারের চিকিৎসা এখনও পর্যাপ্ত নয়।,2.184781242999634,,
আবার বুকে ব্যথা হলে প্রয়োজনে জিহ্বার নিচে নাইট্রেট ট্যাবলেট বা স্প্রে ব্যবহার করা যেতে পারে,বুকে ব্যথা হলে প্রয়োজনে নাইট্রেট ট্যাবলেট বা স্প্রে জিহ্বার নিচে ব্যবহার করা যেতে পারে।,বুকে ব্যথা পুনরায় দেখা দিলে প্রয়োজন অনুযায়ী জিহ্বার নিচে নাইট্রেট ট্যাবলেট বা স্প্রে ব্যবহার করা সম্ভব।,3.9597720169995227,,
এমন অবস্থায় কেউ যদি কোভিড১৯ পজিটিভ হন তার জন্য আপনার পরামর্শ কি,এমন পরিস্থিতিতে কোভিড-১৯ এর জন্য ইতিবাচক পরীক্ষা করে এমন একজনের জন্য আপনার পরামর্শ কী?,"যদি এমন পরিস্থিতিতে কেউ কোভিড১৯ পজিটিভ হন, তাহলে আপনার কী উপদেশ থাকবে?",2.1264882440000292,,
জণ্ডিসের প্রধান লক্ষণগুলোর মধ্যে রয়েছে,জন্ডিসের প্রধান লক্ষণগুলির মধ্যে রয়েছে:,,10.355112013000507,request_error:'NoneType' object has no attribute 'strip',
মুখের স্বাদকে প্রাধান্য দেয় কিন্তু অনেক ওষুধ আমাদের মুখের স্বাদ ও রুচিকে কমিয়ে দিতে পারে খাবার গ্রহণে অনীহার জন্ম দিতে পারে যেমন মেট্রোনিডাজল ইনহেলার বিটা ব্লকার,"মুখের মধ্যে প্রধান স্বাদ, কিন্তু অনেক ওষুধ আমাদের স্বাদ এবং ক্ষুধা হ্রাস করতে পারে যা খেতে অনীহা সৃষ্টি করে যেমন মেট্রোনিডাজল ইনহেলার বিটা ব্লকার।","মুখের স্বাদকে গুরুত্ব দেওয়া হয়, কিন্তু অনেক ওষুধ আমাদের মুখের স্বাদ ও রুচি হ্রাস করতে পারে, যার ফলে খাবার খেতে অনীহা সৃষ্টি হতে পারে, যেমন মেট্রোনিডাজল, ইনহেলার ও বিটা ব্লকার।",9.883814816000267,,
যেমন কানে কম শোনা বধিরতা হৃৎকম্প হৃদরোগ শিশুদের লেখাপড়ায় মনোযোগ কমে যাওয়া মানসিক বিকাশ বিঘ্নিত হওয়া খিটখিটে মেজাজ পেটের আলসার অনিদ্রা বা ইনসমনিয়া মানসিক উত্তেজনা ও উদ্বিগ্নতা বা অ্যাংজাইটি স্ট্রোক ইত্যাদি,"যেমন শ্রবণশক্তি হ্রাস, বধিরতা, ধড়ফড়, হৃদরোগ, শিশুদের মনোযোগ হ্রাস, প্রতিবন্ধী মানসিক বিকাশ, খিটখিটে মেজাজ, পেটের আলসার, অনিদ্রা বা অনিদ্রা, মানসিক উত্তেজনা এবং উদ্বেগ বা উদ্বেগ স্ট্রোক ইত্যাদি।","কানে কম শোনা, বধিরতা, হৃদস্পন্দন, হৃদরোগ, শিশুদের পড়াশোনায় মনোযোগের অভাব, মানসিক বিকাশে বাধা, বিরক্তিকর মেজাজ, পাকস্থলীর আলসার, অনিদ্রা, মানসিক চাপ ও উদ্বেগ, এবং স্ট্রোকের মতো সমস্যা দেখা দিতে পারে।",4.434374743999797,,
কিছুক্ষণ পর পর দুধ ও পানি পরিবর্তন করে খাওয়ালে শিশুদের মুখের স্বাস্থ্য ভালো থাকে,বাচ্চাদের মুখের স্বাস্থ্য ভালো থাকে যদি তারা কিছুক্ষণ পর পর দুধ ও পানি বিকল্প করে।,শিশুদের মুখের স্বাস্থ্য ভালো রাখতে কিছুক্ষণ অন্তর দুধ ও পানি বদলে খাওয়ানো উচিত।,0.8603647039999487,,
ক্ষুধা কমিয়ে ওজন কমাতে ভূমিকা রাখে,ক্ষুধা কমাতে এবং ওজন কমাতে সাহায্য করে,ক্ষুধা হ্রাস করে ওজন কমানোর কাজ করে।,0.7707310850000795,,
 চিকিৎসকেরা শরীরের রোগ প্রতিরোধ ক্ষমতা বাড়ানোর জন্য প্রতিদিন ফল খাওয়া জরুরি,"চিকিৎসকরা বলছেন, শরীরের রোগ প্রতিরোধ ক্ষমতা বাড়াতে প্রতিদিন ফল খাওয়া জরুরি।","চিকিৎসকদের মতে, শরীরের রোগ প্রতিরোধ ক্ষমতা বাড়াতে প্রতিদিন ফল খাওয়া আবশ্যক।",5.02833033799925,,
শুক্রবার রাতের কোনো সময় ওই ইউনিয়নের ২ নম্বর ওয়ার্ডের ভূঁইয়া বাড়ি সংলগ্ন একটি পরিত্যক্ত ঘরে তার মৃত্যু হয়,শুক্রবার রাতে ইউনিয়নের ২নং ওয়ার্ডের ভূঁইয়া বাড়ি সংলগ্ন একটি পরিত্যক্ত বাড়িতে তার মৃত্যু হয়।,,98.4703733769993,request_error:'NoneType' object has no attribute 'strip',
হাঁচিকাশির আদবকেতা শিশুদের হাঁচি বা কাশির সময় মুখ ঢেকে রাখতে শেখানোর পাশাপাশি হাঁচি বা কাশি এলে হাতের পরিবর্তে টিস্যু বা বাহু ব্যবহার করতে শেখানো উচিত,"হাঁচির শিষ্টাচার: হাঁচি বা কাশি দেওয়ার সময় বাচ্চাদের মুখ ঢেকে রাখতে শেখানোর পাশাপাশি, হাঁচি বা কাশি দেওয়ার সময় তাদের হাতের পরিবর্তে টিস্যু বা বাহু ব্যবহার করতে শেখানো উচিত।",শিশুদের হাঁচি বা কাশির সময় মুখ ঢেকে রাখার পাশাপাশি হাতের বদলে টিস্যু বা বাহু ব্যবহার করতে শেখানো জরুরি।,9.08451349400002,,
টেডি ছোট থেকে বড় সব মেয়েদেরই পছন্দের তালিকায় এই জিনিসটি অবশ্যই থাকে,"টেডি সব মেয়ের জন্য একটি আবশ্যক আইটেম, তরুণ এবং বৃদ্ধ.",ছোট-বড় সব বয়সী মেয়েদের পছন্দের তালিকায় টেডি একটি অপরিহার্য জিনিস।,2.961521447999985,,
প্রতিদিন আড়াই কাপ ফল এবং সবজি খাওয়া স্বাস্থ্যের জন্য ভালো,প্রতিদিন আড়াই কাপ ফল ও সবজি খাওয়া স্বাস্থ্যের জন্য ভালো।,দিনে আড়াই কাপ ফল ও সবজি গ্রহণ করা স্বাস্থ্যের জন্য উপকারী।,4.2043998219996865,,
উভয় ক্ষেত্রেই বিপরীত লিঙ্গের প্রতি আকর্ষণের ঘাটতি থাকবে,উভয় ক্ষেত্রেই বিপরীত লিঙ্গের প্রতি আকর্ষণের অভাব থাকবে।,দুই অবস্থাতেই বিপরীত লিঙ্গের প্রতি আকর্ষণের অভাব থাকবে।,2.3978894680003577,,
আর চিকিৎসাবিজ্ঞানীদের কাছে এ নাম গ্রহণযোগ্যতা পায়নি,আর এই নামটি চিকিৎসা বিজ্ঞানীরা মেনে নেননি।,চিকিৎসা বিজ্ঞানের বিশেষজ্ঞদের কাছে এই নামটি এখনও স্বীকৃতি লাভ করেনি।,1.5493471429999772,,
বিশ্বের অন্যতম শীর্ষ গবেষণা ভিত্তিক ফার্মাসিউটিক্যাল কোম্পানি এফ হফম্যানলা রোশ সুইজারল্যান্ড এবং বাংলাদেশের শীর্ষ দশ ঔষধ প্রস্তুতকারী প্রতিষ্ঠানের অন্তর্ভুক্ত ও বিশেষ জীবন রক্ষাকারী ঔষধের শীর্ষ আমদানিকারক রেডিয়েন্ট ফার্মাসিউটিক্যালস লিমিটেডের মধ্যে রোববার ওই চুক্তি স্বাক্ষরিত হয়,রোববার বিশ্বের শীর্ষস্থানীয় গবেষণাভিত্তিক ওষুধ কোম্পানি এফ. হফম্যান-রোচে সুইজারল্যান্ড এবং বাংলাদেশের শীর্ষ দশ ওষুধ প্রস্তুতকারক এবং বিশেষ জীবন রক্ষাকারী ওষুধের শীর্ষ আমদানিকারক রেডিয়েন্ট ফার্মাসিউটিক্যালস লিমিটেডের মধ্যে চুক্তি স্বাক্ষরিত হয়।,রোববার বিশ্বের অন্যতম শীর্ষ গবেষণাভিত্তিক ফার্মাসিউটিক্যাল কোম্পানি এফ হফম্যানলা রোশ সুইজারল্যান্ড এবং বাংলাদেশের শীর্ষ দশ ঔষধ প্রস্তুতকারী প্রতিষ্ঠান ও বিশেষ জীবন রক্ষাকারী ঔষধের শীর্ষ আমদানিকারক রেডিয়েন্ট ফার্মাসিউটিক্যালস লিমিটেডের মধ্যে সেই চুক্তি স্বাক্ষর হয়েছে।,6.124009344999649,,
" তাই যখন হাঁটা-চলা করবেন, তখন আপনার মস্তিষ্কও ভালোভাবে কাজ করতে শুরু করবে",তাই আপনি যখন হাঁটবেন তখন আপনার মস্তিষ্কও ভালোভাবে কাজ করতে শুরু করবে।,তাই হাঁটাহাঁটি করলে আপনার মস্তিষ্কও সক্রিয়ভাবে কাজ করতে শুরু করবে।,1.086030354000286,,
ডা ফাতেমাতুজজোহরা চর্ম যৌন লেজার ও কসমেটিক ডার্মাটোলজিস্ট সহকারী অধ্যাপক আলোক হাসপাতাল লিমিটেড মিরপুর ঢাকা,ডাঃ ফাতেমাতুজ্জোহরা চর্মরোগ বিশেষজ্ঞ লেজার ও কসমেটিক চর্মরোগ বিশেষজ্ঞ সহকারী অধ্যাপক আলোক হাসপাতাল লিমিটেড মিরপুর ঢাকা,"ডা. ফাতেমাতুজ জোহরা চর্ম, যৌন, লেজার ও কসমেটিক ডার্মাটোলজি বিভাগের সহকারী অধ্যাপক হিসেবে আলোক হাসপাতাল লিমিটেড, মিরপুর, ঢাকায় কর্মরত।",12.335801600000195,,
সাইকিয়াট্রিস্ট হচ্ছেন একজন ডাক্তার তিনি প্রথমে ডাক্তারি পাস করেন অর্থাৎ MBBS degree নেন এরপর সাইকিয়াট্রি বিষয়ে উচ্চতর ডিগ্রি নেন অর্থাৎ সাইকিয়াট্রিতে বিশেষজ্ঞ হন,সাইকিয়াট্রিস্ট হলেন একজন ডাক্তার যিনি প্রথমে মেডিকেল অর্থাৎ এমবিবিএস ডিগ্রি পাস করেন এবং তারপরে সাইকিয়াট্রিতে উচ্চতর ডিগ্রি নেন অর্থাৎ সাইকিয়াট্রিতে বিশেষজ্ঞ হন।,একজন সাইকিয়াট্রিস্ট হলেন সেই চিকিৎসক যিনি প্রথমে এমবিবিএস ডিগ্রি অর্জন করেন এবং পরে সাইকিয়াট্রি বিষয়ে উচ্চতর শিক্ষা গ্রহণ করে ওই ক্ষেত্রে বিশেষজ্ঞ হন।,2.5902064049996625,,
হার্টের রক্তনালির ব্লকের কারণে হার্টঅ্যাটাক হলে ওপরের পেটের ব্যথা প্রথমবারের জন্য বা নতুন ধরনের ব্যথা অনুভূত হলে এবং এর সঙ্গে যদি প্রচুর ঘাম হয় বা বমি বমি ভাব হয় তবে তা হার্টঅ্যাটাকের জন্য হওয়ার আশঙ্কা বেশি,"হার্টে রক্তনালী ব্লকের কারণে হার্ট অ্যাটাক যদি প্রথমবার উপরের পেটে ব্যথা হয় বা নতুন হয় এবং প্রচুর ঘাম বা বমি বমি ভাব হয়, তবে এটি হার্ট অ্যাটাক হওয়ার সম্ভাবনা বেশি।","হার্টের রক্তনালি বন্ধ হয়ে হার্টঅ্যাটাক হলে, যদি প্রথমবার বা নতুন করে ওপরের পেটে ব্যথা দেখা দেয় এবং তার সঙ্গে প্রচুর ঘাম বা বমি বমি ভাব থাকে, তাহলে সেটি হার্টঅ্যাটাকের কারণে হওয়ার",4.4928943669992805,,
এ ধরনের সাপের কামড়ে আক্রান্ত স্থানে প্রচণ্ড ব্যথা অনুভূত হয় ফুলে ওঠে ফোসকা পড়ে রক্তক্ষরণ হয়,"এ ধরনের সাপের কামড়ে আক্রান্ত স্থানে প্রচণ্ড ব্যথা, ফোলাভাব, ফোসকা ও রক্তপাত হয়।","এই প্রকার সাপের কামড়ে আক্রান্ত জায়গায় তীব্র ব্যথা হয়, ফুলে যায়, ফোসকা পড়ে এবং রক্তক্ষরণ ঘটে।",4.30763177100016,,
ক্ষতিকর বর্জ্যগুলো সিল কনটেইনারে সংরক্ষণ করতে হবে,বিপজ্জনক বর্জ্য সিল করা পাত্রে সংরক্ষণ করা উচিত।,ক্ষতিকারক আবর্জনাগুলো সিল করা পাত্রে রাখতে হবে।,1.305327949000457,,
এবার এগুলা পরিহার করতে হবে,এখন তাদের এড়িয়ে চলতে হবে।,এবার এগুলো এড়িয়ে চলতে হবে।,1.10739668899987,,
কেউ তাকে দেখতে আসে না ছুঁতে চায় না সেবা ও চিকিৎসা দিতে অনীহা প্রকাশ করে,"কেউ তাকে দেখতে চায় না, স্পর্শ করতে চায় না, সেবা ও চিকিৎসা দিতে অনীহা দেখায়।","সবাই তাকে দেখতে, স্পর্শ করতে, বা সেবা-চিকিৎসা দিতে অনাগ্রহ দেখায়।",3.938103686999966,,
 এতে স্বাদটাও বাড়বে আবার পুষ্টিগুণও কমবে না,এতে স্বাদ বাড়বে এবং পুষ্টিগুণও কমবে না।,"এতে যেমন স্বাদ বাড়বে, তেমনি পুষ্টিগুণও অক্ষুণ্ণ থাকবে।",1.6503782399995544,,
কীভাবে ব্লাড ক্যান্সার নির্ণয় করা হয়,কিভাবে ব্লাড ক্যান্সার নির্ণয় করা হয়?,ব্লাড ক্যান্সার শনাক্ত করার পদ্ধতি কী?,0.6816130429997429,,
থাইরয়েড গ্রন্থি আকারে বড় হয়ে গেলে উপযুক্ত পরীক্ষা করে দেখে নেয়া উচিত যে এখানে কোনো টিউমার বা ক্যান্সার তৈরি হয়েছে কিনা,"থাইরয়েড গ্রন্থি বড় হলে, টিউমার বা ক্যান্সার হয়েছে কিনা তা দেখার জন্য উপযুক্ত পরীক্ষা করা উচিত।",থাইরয়েড গ্রন্থি বড় হয়ে গেলে সঠিক পরীক্ষা করে দেখা দরকার যে সেখানে কোনো টিউমার বা ক্যান্সার হয়েছে কিনা।,0.844393410999146,,
ডা জাহেদ পারভেজ সহকারী অধ্যাপক ত্বকচর্মযৌন ও অ্যালার্জি রোগ বিভাগ সোহরাওয়ার্দী মেডিকেল কলেজ হাসপাতাল ঢাকা,"ডাঃ জাহেদ পারভেজ সহকারী অধ্যাপক, চর্মরোগবিদ্যা, ভেনারোলজি এবং অ্যালার্জি বিভাগ, সোহরাওয়ার্দী মেডিকেল কলেজ হাসপাতাল, ঢাকা","ডা. জাহেদ পারভেজ ঢাকার সোহরাওয়ার্দী মেডিকেল কলেজ হাসপাতালের ত্বক, যৌন ও অ্যালার্জি রোগ বিভাগের সহকারী অধ্যাপক।",5.418456033999973,,
৩০ থেকে ৩৬ মাস বয়সে দুতিনটা বাক্য একত্র করে বলে পুরো ঘটনা বলতে পারে,30 থেকে 36 মাস বয়সে দুই বা তিনটি বাক্য একসাথে বসিয়ে পুরো গল্পটি বলা যায়।,৩০-৩৬ মাস বয়সে শিশু দুই-তিনটি বাক্য জুড়ে পুরো ঘটনা বর্ণনা করতে পারে।,9.158465276999777,,
এ ঘটনায় তার বাড়ি লকডাউন করা হয়েছে,এ ঘটনায় তার বাড়িতে তালা দেয়া হয়েছে।,ঘটনাটি ঘটার পর তার বাড়ি লকডাউন করে দেওয়া হয়েছে।,0.9823518439998224,,
নিয়মিত বাদাম সেবনে পলিঅনস্যাচুরেটেড এবং মনো ফ্যাটি অ্যাসিড সহ ভিটামিন এ ডি বি ১ বি ২ এবং বি ৬ এর মতো পুষ্টির পরিমাণ বৃদ্ধি পায় যা চুলের বৃদ্ধি বাড়িয়ে খুশকি এবং প্রদাহ রোধের জন্য প্রয়োজনীয় ভূমিকা রাখে,"বাদাম নিয়মিত সেবনে ভিটামিন A, D, B1, B2 এবং B6 এর সাথে পলিআনস্যাচুরেটেড এবং মনো ফ্যাটি অ্যাসিডের মতো পুষ্টির পরিমাণ বাড়ায়, যা চুলের বৃদ্ধির মাধ্যমে খুশকি এবং প্রদাহ প্রতিরোধে অপরিহার্য ভূমিকা পালন করে।",,14.307729428999664,request_error:'NoneType' object has no attribute 'strip',
৬ স্পাইনাল ক্যানেল স্টেনোসিসঃ মেরুদণ্ডের গঠন অনুযায়ী প্রতিটি কশেরুকার দুপাশ দিয়ে স্পাইনাল নার্ভ বের হয়ে শরীরের দুপাশের বিভিন্ন অংশে ছড়িয়ে গেছে,"স্পাইনাল ক্যানাল স্টেনোসিস: মেরুদণ্ডের গঠন অনুসারে, মেরুদণ্ডের স্নায়ু প্রতিটি কশেরুকার উভয় পাশ থেকে বেরিয়ে যায় এবং উভয় পাশে শরীরের বিভিন্ন অংশে ছড়িয়ে পড়ে।","মেরুদণ্ডের গঠন অনুসারে, প্রতিটি কশেরুকার দুই পাশ দিয়ে স্পাইনাল নার্ভ বেরিয়ে শরীরের দুই পাশের বিভিন্ন অংশে বিস্তৃত হয়েছে, যাকে ৬ নম্বর স্পাইনাল ক্যানেল স্টেনোসিস বলা হয়।",6.4031006180002805,,
অনেক সময় এ গন্ধ সাময়িক,কখনও কখনও এই গন্ধ অস্থায়ী হয়।,প্রায়শই এই গন্ধটি ক্ষণস্থায়ী।,1.3447590449995914,,
বিশেষ করে অ্যাজমা আক্রান্ত রোগীর শোবার ঘরটি সব সময় শুষ্ক ধুলা ও মাইটমুক্ত হতে হবে,"বিশেষ করে, হাঁপানি রোগীর শয়নকক্ষ সবসময় শুকনো ধুলোবালি ও মাইটমুক্ত থাকতে হবে।",অ্যাজমা রোগীর শোবার ঘর সব সময় ধুলা ও মাইটমুক্ত এবং শুষ্ক রাখা অত্যন্ত জরুরি।,2.9655778320002355,,
 এছাড়াও কিডনিতে গিয়ে ইউরিয়া আর ক্রিয়েটিনিন কমিয়ে দেয় হলুদ,হলুদ কিডনিতে গিয়ে ইউরিয়া ও ক্রিয়েটিনিনও কমায়।,হলুদ কিডনিতে পৌঁছে ইউরিয়া ও ক্রিয়েটিনিনের মাত্রা কমায়।,3.6953728680000495,,
বাংলাদেশ মেডিকেল অ্যান্ড ডেন্টাল কাউন্সিল শক্তিশালীকরণের উপর তিনি জোরারোপ করে অধ্যাপক এ কে খান আজাদ বলেন যেহেতু প্রযুক্তির ক্ষেত্রে চিকিৎসা বিজ্ঞান একটি সর্বদা পরিবর্তনশীল প্রক্রিয়া এমতাবস্থায় বর্তমানে আমরা যা আমরা প্রত্যক্ষ করছি আগামী ২৫ বছর পর এ ক্ষেত্রে ব্যাপক পরিবর্তন আসবে তাই সেরা প্রযুক্তিগত অগ্রগতি গ্রহণ করার জন্য আমাদের একটি সঠিক পাঠ্যক্রম থাকা জরুরি,"অধ্যাপক এ কে খান আজাদ বাংলাদেশ মেডিকেল অ্যান্ড ডেন্টাল কাউন্সিলকে শক্তিশালী করার ওপর জোর দিয়ে বলেন, যেহেতু চিকিৎসা বিজ্ঞান প্রযুক্তির পরিপ্রেক্ষিতে একটি পরিবর্তনশীল প্রক্রিয়া, তাই আমরা বর্তমানে যা দেখছি তা আগামী ২৫ বছরে ব্যাপকভাবে পরিবর্তিত হবে, তাই এটি আমাদের জন্য গুরুত্বপূর্ণ। সেরা প্রযুক্তিগত অগ্রগতি গ্রহণ করার জন্য একটি সঠিক পাঠ্যক্রম থাকতে হবে।","অধ্যাপক এ কে খান আজাদ বাংলাদেশ মেডিকেল ও ডেন্টাল কাউন্সিলকে শক্তিশালী করার ওপর গুরুত্বারোপ করে বলেন, চিকিৎসাবিজ্ঞান প্রযুক্তির দিক থেকে একটি নিরন্তর পরিবর্তনশীল প্রক্রিয়া, ফলে বর্তমানে যা দেখা যাচ্ছে, আগামী ২৫ বছরে এ ক্ষেত্রে ব্যাপক পরিবর্তন আসবে; তাই সর্বোত্তম প্রযুক্তিগত অগ্রগতি গ্রহণের জন্য আমাদের একটি উপযুক্ত পাঠ্যক্রম থাকা অত্যন্ত জরুরি।",6.518619940999997,,
রোগ প্রতিরোধ ক্ষমতা গড়ে তুলতে হলে কমলা রঙের এ ফলের জুড়ি মেলা ভাড়,রোগ প্রতিরোধ ক্ষমতা বাড়াতে চাইলে এই কমলা ফলটি ভালো মিলবে।,কমলা রঙের এই ফলটি রোগ প্রতিরোধ ক্ষমতা বাড়ানোর ক্ষেত্রে অতুলনীয়।,4.29829506599981,,
এগুলো নিয়ন্ত্রণে না থাকলে নরমাল ডেলিভারি করা অনেক সময় অসম্ভব হয়ে পড়ে,এগুলো নিয়ন্ত্রণে না থাকলে নরমাল ডেলিভারি অনেক সময় অসম্ভব হয়ে পড়ে।,নিয়ন্ত্রণে না থাকলে অনেক সময় স্বাভাবিক প্রসব সম্ভব হয় না।,3.7457453319993874,,
তবে সব গাছ কিন্তু এই পদ্ধতিতে বাঁচে না,তবে সব গাছ এভাবে বেঁচে থাকে না।,কিন্তু এই পদ্ধতিতে সব গাছ বেঁচে থাকে না।,2.0257046130000163,,
স্লিপ এপনিয়ার সঙ্গে সিওপিডি যুক্ত হলে এটি উচ্চ রক্তচাপ পালমোনারি হাইপারটেনশন অ্যারিথমিয়া হার্ট ফেইলিওর এবং চিকিৎসা না করা হলে স্ট্রোকের দিকে নিয়ে যায়,"স্লিপ অ্যাপনিয়ার সাথে মিলিত সিওপিডি উচ্চ রক্তচাপ, পালমোনারি হাইপারটেনশন, অ্যারিথমিয়াস, হার্ট ফেইলিওর এবং স্ট্রোক হতে পারে যদি চিকিৎসা না করা হয়।",,8.869390355000178,request_error:'NoneType' object has no attribute 'strip',
যে কোনো শাক রান্না করার সময় অবশ্যই তেল দিতে হবে,যেকোনো সবজি রান্না করার সময় তেল দিতে হবে।,যে কোনও সবজি রান্না করতে গেলে তেল দেওয়া আবশ্যক।,1.6689764970005854,,
আরেক গবেষণা তুলে ধরে চিকিৎসক ডা মোহাম্মদ এমএ সামাদ বলেন সবচেয়ে বেশি খুঁজে পাওয়া জীবাণু ইকোলাইয়ের বেলায় পোলট্রি শিল্পে ব্যবহৃত ১২টি অ্যান্টিবায়োটিকের আটটিই অকার্যকর হয়েছে অন্তত ৪০ ভাগ,"ডক্টর মোহাম্মদ এম এ সামাদ, অন্য একটি গবেষণার উদ্ধৃতি দিয়ে বলেছেন যে পোল্ট্রি শিল্পে ব্যবহৃত 12টি অ্যান্টিবায়োটিকের মধ্যে আটটি ইকোলির ক্ষেত্রে অন্তত 40% অকার্যকর ছিল, এটি সবচেয়ে সাধারণ প্যাথোজেন পাওয়া যায়।",,8.96961589700004,request_error:'NoneType' object has no attribute 'strip',
 এই কাজের সঙ্গে কীটতত্ত্ববিদদের সম্পৃক্ত করতে হবে,এ কাজে কীটতত্ত্ববিদদের সম্পৃক্ত করতে হবে।,কীটতত্ত্ববিদদের এই কাজের সঙ্গে যুক্ত করতে হবে।,5.92111665900029,,
" প্রতিদিন পানি বা দুধ বা ফলের রসের সাথে মিশিয়ে ব্যবহার করলে মুখ পরিষ্কার হয়, মুখের উজ্জ্বলতা বৃদ্ধি পায় এবং বলিরেখার আবির্ভাব রোধ করে","প্রতিদিন পানি বা দুধ বা ফলের রস মিশিয়ে ব্যবহার মুখ পরিষ্কার করে, মুখ উজ্জ্বল করে এবং সূক্ষ্ম রেখা দেখা রোধ করে।","প্রতিদিন পানি, দুধ অথবা ফলের রসের সঙ্গে মিশিয়ে ব্যবহারে মুখ পরিষ্কার হয়, মুখের ঔজ্জ্বল্য বাড়ে এবং বলিরেখা দেখা দেওয়া প্রতিরোধ করে।",2.271572718999778,,
গরমে ঘামের সঙ্গে শরীর থেকে বের হয়ে যায় প্রয়োজনীয় লবণ যেমন সোডিয়াম পটাশিয়াম,"গরম আবহাওয়ায়, সোডিয়াম এবং পটাসিয়ামের মতো প্রয়োজনীয় লবণ শরীর থেকে ঘামের মাধ্যমে হারিয়ে যায়।",গরমের সময় ঘামের সাথে শরীর থেকে সোডিয়াম ও পটাশিয়ামের মতো প্রয়োজনীয় লবণ বেরিয়ে যায়।,0.7791286940000646,,
এ ক্ষেত্রে চিকিৎসক ঘুমের পরীক্ষার মাধ্যমে রোগীর ঘুমের অসুবিধাগুলোর ব্যাপারে সহযোগিতা করতে পারবে,এক্ষেত্রে চিকিৎসক ঘুমের পরীক্ষার মাধ্যমে রোগীকে ঘুমের সমস্যায় সাহায্য করতে পারেন।,ঘুম পরীক্ষার মাধ্যমে চিকিৎসক এখানে রোগীর ঘুমসংক্রান্ত সমস্যাগুলোতে সহ,2.8071244420007133,,
 হার্ড লেন্স ইমালসিফাই করার জন্য প্রয়োজনীয় শক্তির পরিমাণ বৃদ্ধি পায় এবং এটি আশেপাশের কাঠামোর ক্ষতি করতে পারে,একটি হার্ড লেন্স ইমালসিফাই করার জন্য প্রয়োজনীয় শক্তির পরিমাণ বৃদ্ধি পায় এবং এটি আশেপাশের কাঠামোর ক্ষতি করতে পারে।,"হার্ড লেন্সকে ইমালসিফাই করতে যে পরিমাণ শক্তি লাগে তা বেড়ে যায়, যা পার্শ্ববর্তী গঠনের জন্য ক্ষতিকর হতে পারে।",2.847429653999825,,
 ডেঙ্গু এডিস মশাবাহিত একটি ভাইরাসঘটিত জ্বর রোগ,ডেঙ্গু এডিস মশা দ্বারা সংক্রামিত একটি ভাইরাল জ্বরজনিত রোগ।,এডিস মশার কামড়ে ছড়ানো ডেঙ্গু একটি ভাইরাসজনিত জ্বর রোগ।,3.1692918609996923,,
এসব কিছুই এক বা একাধিক পরীক্ষার প্রয়োজন হতে পারে,এই সব এক বা একাধিক পরীক্ষার প্রয়োজন হতে পারে.,এক বা একাধিক পরীক্ষার দরকার হতে পারে এই সবকিছুর জন্য।,1.9706291429993144,,
যে কোনো বয়সে আর্টিকেরিয়া হতে পারে,Urticaria যে কোন বয়সে হতে পারে।,আর্টিকেরিয়া যেকোনো বয়সেই দেখা দিতে পারে।,3.2622826639999403,,
জার্নিতে সাধারণ স্বাস্থ্য সমস্যা প্রতিরোধ,যাত্রায় সাধারণ স্বাস্থ্য সমস্যা প্রতিরোধ।,সফরে সাধারণ স্বাস্থ্য সমস্যা প্রতিরোধ,17.24324276600055,,
" চায়ের সঙ্গে বেশি ক্যালোরিযুক্ত বিস্কুট, কুকিজ, চানাচুর, নিমকি খেলে ওজন তরতরিয়ে বেড়ে যায়","চায়ের সাথে উচ্চ ক্যালরির বিস্কুট, কুকিজ, চানাচুর, নিমকি খেলে ওজন বাড়ে।","চায়ের সাথে যদি বেশি ক্যালোরিযুক্ত বিস্কুট, কুকিজ, চানাচুর ও নিমকি খাওয়া হয়, তাহলে দ্রুত ওজন বেড়ে যায়।",2.144968902999608,,
ইসলামেও বলা হয়েছে পরিষ্কার পরিচ্ছন্ন থাকা ঈমানের অঙ্গ,ইসলামে পরিচ্ছন্নতাকেও ঈমানের অঙ্গ বলা হয়েছে।,"ইসলামে বলা আছে, পবিত্রতা ও পরিচ্ছন্নতা ঈমানের অংশ।",4.371828586999982,,
কর্নিয়ার কিছু খুব গুরুত্বপূর্ণ কাজ রয়েছে,কর্নিয়ার কিছু অত্যন্ত গুরুত্বপূর্ণ কাজ আছে।,কর্নিয়ার বেশ কিছু অত্যন্ত গুরুত্বপূর্ণ কার্যক্রম রয়েছে।,2.792945686999701,,
প্রতিবছর ৬ মার্চ ওয়ার্ল্ড ডেন্টিস্টস্ ডে পালিত হয় ডেন্টিস্ট বা ডেন্টাল সার্জনদের প্রশংসা করার জন্য এবং ধন্যবাদ জানানোর জন্য,ডেন্টিস্ট বা ডেন্টাল সার্জনদের প্রশংসা ও ধন্যবাদ জানাতে প্রতি বছর ৬ মার্চ বিশ্ব ডেন্টিস্ট ডে পালিত হয়।,প্রতি বছর ৬ মার্চ বিশ্ব দন্তচিকিৎসক দিবস উদযাপিত হয় দন্তচিকিৎসক বা ডেন্টাল সার্জনদের সম্মান জানাতে এবং কৃতজ্ঞতা প্রকাশ করতে।,1.1888092170001983,,
তাই জ্বর হলে শিশুদের অতি দ্রুত হাসপাতালে আনার জন্য অনুরোধ করা হচ্ছে,তাই জ্বর হলে যত দ্রুত সম্ভব শিশুদের হাসপাতালে নিয়ে আসার জন্য অনুরোধ করা হচ্ছে।,শিশুদের জ্বর হলে দ্রুত হাসপাতালে নিয়ে আসার জন্য অনুরোধ জানানো হচ্ছে।,6.356502384999658,,
চীনের রাষ্ট্রীয় গণমাধ্যম সিনহুয়া ওই নবজাতকের দেহে করোনাভাইরাস শনাক্তের বিষয়টি নিশ্চিত করে,চীনের রাষ্ট্রীয় সংবাদমাধ্যম সিনহুয়া নবজাতকের শরীরে করোনাভাইরাস শনাক্তের বিষয়টি নিশ্চিত করেছে।,চীনের সরকারি গণমাধ্যম সিনহুয়া ওই শিশুর শরীরে করোনাভাইরাস পাওয়া যাওয়ার খবরটি নিশ্চিত করেছে।,3.6166101919998255,,
কারণ দ্রুত চিকিৎসকের কাছে গেলে সঠিক সময়ে এর চিকিৎসাটা করা সম্ভব,কারণ দ্রুত চিকিৎসকের কাছে গেলে সঠিক সময়ে চিকিৎসা করা যায়।,"যদি দ্রুত ডাক্তারের কাছে যাওয়া যায়, তাহলে সঠিক সময়ে এর চিকিৎসা করা সম্ভব।",60.76069950800047,,
তিল ও শর্ষে তিল ক্যালসিয়াম ও আয়রনে ভরপুর,তিল এবং সরিষার বীজ তিলের বীজে প্রচুর পরিমাণে ক্যালসিয়াম এবং আয়রন রয়েছে।,,11.063413899999432,request_error:'NoneType' object has no attribute 'strip',
ক্যানসার হলে লিভারে চাকা হয়,ক্যান্সার হলে লিভারে চাকা থাকবে।,ক্যানসার থাকলে লিভারে গোটা তৈরি হয়।,3.208927421000226,,
দৈনিক আট গ্লাস পানি খাওয়ার কথা আপনি নিশ্চয়ই অনেকবার শুনে ফেলেছেন,দিনে আট গ্লাস পানি পান করার কথা আপনি নিশ্চয়ই অনেকবার শুনেছেন।,আপনি নিশ্চয়ই বহুবার শুনেছেন যে প্রতিদিন আট গ্লাস পানি পান করা উচিত।,2.3257684010004596,,
অনুষ্ঠানে প্রধান অতিথি ছিলেন বিএসএমএমইউ উপাচার্য অধ্যাপক ডা শরফুদ্দিন আহমেদ,অনুষ্ঠানে প্রধান অতিথি ছিলেন বিএসএমএমইউর উপাচার্য অধ্যাপক ড. শরফুদ্দিন আহমেদ।,অনুষ্ঠানের,3.233428921000268,,
সোমবার গবেষণাটির সিনিয়র লেখক নাথানিয়েল লানডাও বলেন আমরা দেখতে পেয়েছি ভ্যাকসিনগুলোর অ্যান্টিবডি এসব ভ্যারিয়েন্টের বিরুদ্ধে কিছুটা দুর্বল তবে এতোটা নয় যে তা এসব ভ্যাকসিনগুলোর সুরক্ষা ক্ষমতাকে অকার্যকর করে দেবে,"গবেষণার সিনিয়র লেখক নাথানিয়েল ল্যান্ডউ সোমবার বলেছেন যে আমরা দেখেছি যে ভ্যাকসিনগুলির অ্যান্টিবডিগুলি এই রূপগুলির বিরুদ্ধে কিছুটা দুর্বল ছিল, তবে এতটা নয় যে এটি ভ্যাকসিনগুলির সুরক্ষাকে বাতিল করে দেবে।",সোমবার গবেষণার প্রধান লেখক নাথানিয়েল ল,5.209575835000578,,
অন্যদিকে নগদ টাকার মাধ্যমে এই ভাইরাস ছড়াতে পারে সেজন্য ইরানের ব্যাংকগুলোতে নগদ লেনদেন বন্ধ করে দেয়া হয়েছে,অন্যদিকে নগদ অর্থের মাধ্যমে এই ভাইরাস ছড়াতে পারে বলে ইরানের ব্যাংকগুলোতে নগদ লেনদেন বন্ধ করে দেওয়া হয়েছে।,অন্যদিকে নগদ অর্থের মাধ্যমে ভাইরাস ছড়ানোর আশঙ্কায় ইরানের ব্যাংকগুলোতে নগদ লেনদেন বন্ধ করে দেওয়া হয়েছে।,3.5111759889996392,,
সঙ্গে বমি বমি ভাব হলে বমির ভাব দূর করার ওষুধ খেতে পারেন,আপনার যদি বমি বমি ভাব হয় তবে আপনি বমি বমি ভাব বিরোধী ওষুধ খেতে পারেন।,"যদি বমি বমি ভাব হয়, তাহলে তা দূর করার জন্য ওষুধ খেতে পারেন।",3.1082027500006006,,
ডা সেলিনা সুলতানা  কনসালটেন্ট নিউরোডেভেলপমেন্টাল ডিজঅর্ডার এবং চাইল্ড ডেভেলপমেন্ট অ্যান্ড পেডিয়াট্রিক ডিপার্টমেন্ট বেটার লাইফ হসপিটাল,সেলিনা সুলতানা কনসালটেন্ট নিউরোডেভেলপমেন্টাল ডিসঅর্ডার অ্যান্ড চাইল্ড ডেভেলপমেন্ট অ্যান্ড পেডিয়াট্রিক বিভাগ বেটার লাইফ হাসপাতালে,ডা. সেলিনা সুলতানা বেটার লাইফ হসপিটালের নিউরোডেভেলপমেন্টাল ডিজঅর্ডার এবং শিশু বিকাশ ও শিশু রোগ বিভাগের পরামর্শক।,1.6549365669998224,,
কিছুতেই নিজেকে ক্ষমা করতে পারছেন না তিনি,সে নিজেকে কিছুতেই ক্ষমা করতে পারে না।,তিনি কোনোভাবেই নিজেকে ক্ষমা করতে পারছেন না।,2.213970784000594,,
বয়স বৃদ্ধির সঙ্গে গ্রন্থির আয়তন বাড়তে থাকা,বয়স বাড়ার সাথে সাথে গ্রন্থির আকার বৃদ্ধি পায়।,বয়স বাড়ার সাথে সাথে গ্রন্থির আকার বেড়ে চলা।,0.49999720199957665,,
খুব সহজে আমরা ঘরোয়া কিছু নিয়ম এবং খাদ্যাভাসের মাধ্যমে গলা ব্যথা থেকে মুক্তি পেতে পারি,ঘরোয়া কিছু নিয়ম ও পথ্যের মাধ্যমে খুব সহজেই আমরা গলা ব্যথা থেকে মুক্তি পেতে পারি।,ঘরোয়া কিছু নিয়ম ও খাদ্যাভ্যাসের মাধ্যমে আমরা খুব সহজেই গলা ব্যথা থেকে আরাম পেতে পারি।,3.983405414999652,,
একবার ৯২ শতাংশের কম দেখা যায় সে ক্ষেত্রে একটু সময় দিয়ে আবার পরীক্ষা করুন,"একবার 92 শতাংশের কম দেখা গেলে, কিছুক্ষণ পর পুনরায় পরীক্ষা করুন।","যদি একবার ৯২ শতাংশের কম দেখা যায়, তাহলে কিছুক্ষণ অপেক্ষা করে আবার পরীক্ষা করুন।",3.015984656999535,,
২ আমলকী হরীতকী শিকাকাই মেথি মেহেদি ও টকদই মিশিয়ে অন্য একটি প্যাক তৈরি করা যায়,"২টি আমলা, হরিতকি, শিকাকাই, মেথি, মেহেদি এবং দই মিশিয়ে আরেকটি প্যাক তৈরি করা যায়।","আমলকী, হরীতকী, শিকাকাই, মেথি, মেহেদি এবং টকদই একত্রে মিশিয়ে আরেকটি প্যাক তৈরি করা সম্ভব।",9.088837720999436,,
৩০ বছর আগের তুলনায় এই সংখ্যা এখন চার গুণ বেশি এই হিসাব বিশ্ব স্বাস্থ্য সংস্থার,"বিশ্ব স্বাস্থ্য সংস্থার মতে, এই সংখ্যা 30 বছর আগের তুলনায় এখন চার গুণ বেশি।","বিশ্ব স্বাস্থ্য সংস্থার হিসেবে, ৩০ বছর আগের চেয়ে",2.7750674660001096,,
 চাইলে এর সঙ্গে কিছু ভেষজ মশলাও দেওয়া যেতে পারে,চাইলে এর সাথে কিছু ভেষজ মশলাও দেওয়া যেতে পারে।,ইচ্ছা করলে এর সঙ্গে কিছু ভেষজ মশলাও যোগ করা সম্ভব।,2.6469961580005474,,
৩    হাতপায়ে বোধশক্তি কমে যেতে থাকে,হাত পায়ে সংবেদন কমে যায়।,হাত ও পায়ের সংবেদনশীলতা ক্রমশ হ্রাস পায়।,4.004189336999843,,
নানা কারণেই একটি শিশু থাইরয়েড হরমোনের ঘাটতি নিয়ে জন্মাতে পারে,একটি শিশু বিভিন্ন কারণে থাইরয়েডের ঘাটতি নিয়ে জন্মগ্রহণ করতে পারে।,বিভিন্ন কারণে একটি শিশু থাইরয়েড হরমোনের অভাব নিয়ে জন্ম নিতে পারে।,3.6907652769996275,,
অসুস্থতা সাধারণত ৭ থেকে ১০ দিনের মধ্যে নিজেই ভালো হয়ে যায়,অসুস্থতা সাধারণত 7 থেকে 10 দিনের মধ্যে নিজেই ভাল হয়ে যায়।,সাধারণত ৭ থেকে ১০ দিনের মধ্যেই অসুস্থতা নিজে থেকেই সেরে যায়।,3.1701722320003682,,
অবশ্য রোগের নিয়ন্ত্রণ এবং উপসর্গগুলোর তীব্রতা হ্রাস করতে নিজের যত্ন নেওয়া এবং জীবনধারার পরিবর্তন করা দরকার,রোগ নিয়ন্ত্রণ এবং উপসর্গের তীব্রতা কমাতে স্ব-যত্ন এবং জীবনযাত্রার পরিবর্তন প্রয়োজন।,"নিজের যত্ন নেওয়া ও জীবনযাত্রায় পরিবর্তন আনা জরুরি, যাতে রোগ নিয়ন্ত্রণে থাকে এবং উপসর্গের তীব্রতা কমে।",3.7965534889999617,,
সরকারি হিসেবে করোনার সংক্রমণে দেশে মোট ২৯ হাজার ৪৯১ জনের মৃত্যু হলো,"সরকারী গণনা অনুসারে, করোনভাইরাস সংক্রমণের কারণে দেশে মোট 29,491 জন মারা গেছে।",সরকারি পরিসংখ্যান অনুযায়ী করোনাভাইরাসে আক্রান্ত হয়ে দেশে মোট ২৯ হাজার ৪৯১ জন প্রাণ হারিয়েছেন।,3.9058808290001252,,
শিম শিমে প্রচুর পরিমাণে আঁশ আছে যা পরিপাকতন্ত্রের জন্য উপকারী,"মটরশুটি ফাইবার সমৃদ্ধ, যা পরিপাকতন্ত্রের জন্য উপকারী।","শিমে প্রচুর ফাইবার থাকে, যা হজমশক্তির জন্য উপকারী।",3.9548689270004616,,
গতকাল ছিল বিশ্ব নিউমোনিয়া দিবস,গতকাল ছিল বিশ্ব নিউমোনিয়া দিবস।,গতকাল বিশ্ব নিউমোনিয়া দিবস হিসেবে পালিত হয়েছিল।,1.6785513229997377,,
সঠিক সময়ে নির্ভুল রোগ নির্ণয় করে সঠিক চিকিৎসা নিলে অনেক ব্লাড ক্যান্সার ভালো হয় ও নিয়ন্ত্রণে রাখা যায়,সঠিক সময়ে সঠিক রোগ নির্ণয় ও চিকিৎসার মাধ্যমে অনেক ব্লাড ক্যান্সার নিরাময় ও নিয়ন্ত্রণ করা যায়।,সময়মতো নির্ভুল শনাক্তকরণ ও উপযুক্ত চিকিৎসা নিলে অধিকাংশ রক্ত ক্যান্সার সুস্থ করা সম্ভব এবং নিয়ন্ত্রণে আনা যায়।,12.935342544000378,,
৫   জন্মগত ত্রুটি যেমন ঠোঁটকাটা ও তালুকাটা সমস্যা,5. জন্মগত ত্রুটি যেমন ফাটা ঠোঁট এবং তালু,জন্মগত ত্রুটির মধ্যে ঠোঁটকাটা ও তালুকাটার মতো সমস্যা রয়েছে।,8.386592515999837,,
তাই কোনও নারীর মন জয় করতে হলে আজ থেকেই হাইজিন মেনে চলুন,নারীর মন জয় করতে চাইলে আজ থেকেই স্বাস্থ্যবিধি অনুশীলন শুরু করুন।,সুতরাং কোনো নারীর হৃদয় জয় করতে চাইলে আজ থেকেই পরিচ্ছন্নতা বজায় রাখুন।,2.3381333059996905,,
ডিমের মতো ভালো প্রোটিন আপনি খুঁজে পাবেন না,আপনি ডিমের চেয়ে ভাল প্রোটিন পাবেন না।,ডিমের মতো উচ্চমানের প্রোটিন আর কোথাও পাবেন না।,0.8831707910003388,,
যে ভুলভ্রান্ত ধারণা অপচিকিৎসার জন্ম দেয় ,ভুল ধারণা যা দুর্ব্যবহারের দিকে নিয়ে যায়।,যে ভুল ধারণাগুলো অপচিকিৎসার সৃষ্টি করে।,0.4654850289998649,,
 তবে প্রাকৃতিক উৎস থেকে পাওয়া ভিটামিন সি-এর কার্যকারিতা বেশি,তবে প্রাকৃতিক উৎস থেকে পাওয়া ভিটামিন সি বেশি কার্যকর।,তবে প্রাকৃতিক উৎস থেকে প্রাপ্ত ভিটামিন সি অধিক কার্যকর।,1.3553823920001378,,
কোনো পরিচিত মানুষের সঙ্গে দেখা হলে তাঁর নাম মনে করতে পারছেন নাসেই থেকে শুরু হয়ে গেল অস্থিরতা,পরিচিত কারো সাথে দেখা হলে তার নাম মনে থাকে না- অস্থিরতার শুরু সেখান থেকেই।,পরিচিত কারও সাথে দেখা হলে তাঁর নাম মনে করতে না পারার অস্থিরতা শুরু হয়ে যায়।,1.1293862320007975,,
কিছুদিন আগে এক শিশুর শরীরে ক্লেবসিলা ব্যাকটেরিয়া থেকে এন্টিবায়োটিক রেজিস্টেন্স পাওয়া গেছে,কয়েকদিন আগে এক শিশুর শরীরে অ্যান্টিবায়োটিক রেজিস্ট্যান্স পাওয়া গিয়েছিল ক্লেবসিয়েলা ব্যাকটেরিয়া থেকে।,ক্লেবসিলা ব্যাকটেরিয়ার কারণে কিছুদিন আগে এক শিশুর,3.7857757680003488,,
তবে পুরনো রান্নাঘরকে নতুন করে মডুলার করতে গেলে খানিকটা ঝামেলা পোহাতেই হবে,তবে পুরনো রান্নাঘরকে আবার মডুলার বানাতে গেলে কিছুটা ঝামেলার মধ্যে দিয়ে যেতে হবে।,কিন্তু পুরনো রান্নাঘরকে মডুলার করতে চাইলে কিছু ঝামেলা মোকাবিলা করতে হবে।,3.2787870950005527,,
তাই আজকে থাকছে কোলন সংক্রমণের সবচেয়ে ক্ষতিকারক যে তিন খাবার,তাই আজ রইল সেই তিনটি খাবার যা কোলন ইনফেকশনের জন্য সবচেয়ে ক্ষতিকর।,এ কারণে আজ কোলন সংক্রমণের জন্য সবচেয়ে ক্ষতিকর তিনটি খাবার তুলে ধরা হচ্ছে।,13.129330856000706,,
এ পর্যন্ত নমুনা পরীক্ষা হয়েছে এক কোটি ৫৬ লাখ ৭৭ হাজার ৯৭২টি,এ পর্যন্ত ১৫ কোটি ৭৭ হাজার ৯৭২টি নমুনা পরীক্ষা করা হয়েছে।,এখন পর্যন্ত এক কোটি ৫৬ লাখ ৭৭ হাজার ৯৭২টি নমুনা পরীক্ষিত হয়েছে।,2.508924773000217,,
হার্টের রিংয়ের নাম সর্বোচ্চ খুচরা মূল্য এবং উৎপাদনকারীর নাম উল্লেখ করে পৃথক ক্যাশমেমো দিতে হবে,সর্বোচ্চ খুচরা মূল্য এবং প্রস্তুতকারকের নাম সহ হার্টের রিংয়ের নাম উল্লেখ করে একটি পৃথক ক্যাশমেমো দিতে হবে।,,10.647315369999887,request_error:'NoneType' object has no attribute 'strip',
এতে ওষুধের পরিমাণ কম লাগে এবং কাজও হয় তাড়াতাড়ি,এতে ওষুধ কম লাগে এবং দ্রুত কাজ করে।,ওষুধের পরিমাণ কম লাগে এবং কাজও দ্রুত হয় এতে।,0.4815672970007654,,
ডেঙ্গুতে আক্রান্ত হয়ে গত ২৪ ঘণ্টায় সারাদেশে ১০ জনের মৃত্যু হয়েছে,গত ২৪ ঘণ্টায় সারাদেশে ডেঙ্গুতে আক্রান্ত হয়ে ১০ জনের মৃত্যু হয়েছে।,গত ২৪ ঘণ্টায় ডেঙ্গু আক্রান্ত হয়ে সারা দেশে ১০ জনের প্রাণহানি ঘটেছে।,0.6345365870001842,,
অধ্যাপক ড এম শমসের আলী বলেন অসংক্রমক রোগের অন্যতম প্রধান কারণ আধুনিক জীবনধারা,"অধ্যাপক ডাঃ এম শমসের আলী বলেন, অসংক্রামক রোগের অন্যতম প্রধান কারণ হচ্ছে আধুনিক জীবনধারা।","অধ্যাপক ড. এম শমসের আলী মন্তব্য করেন, আধুনিক জীবনযাত্রা অসংক্রামক রোগের প্রধান কারণগুলোর মধ্যে একটি।",4.9702497700000094,,
 রক্তে শর্করার পরিমাণ বেড়ে গেছে মানেই খাওয়া-দাওয়ায় লাগাম টানতে হয়,"রক্তে শর্করার মাত্রা বেড়ে গেছে, যার মানে খাওয়া-দাওয়া সীমিত করতে হবে।",রক্তে শর্করার মাত্রা বেড়ে গেলে খাদ্য ও পানীয় গ্রহণে সংযমী হতে হবে।,2.604580729999725,,
যেমন অনেক লোকের ভিড় খোলা জায়গায় হলেও একেঅপরে কাছাকাছি এলে যদি দুজনের কারো করোনা থাকে তাহলে করোনা ছড়াতে পারে,"যেমন, খোলা জায়গায় অনেক মানুষ একে অপরের কাছাকাছি আসলে, যদি দুই জনের ভাইরাস থাকে, তাহলে ভাইরাস ছড়াতে পারে।","যদিও খোলা স্থানে বহু মানুষের সমাগম হয়, তবুও তারা পরস্পরের সন্নিকটে এলে এবং কারো করোনা থাকলে তা সংক্রমিত হতে পারে।",13.823620631999802,,
হেয়ার মাস্ক ব্যবহার করলে অতিরিক্ত আরও দুই ঘণ্টা সময় নিয়ে চুল পরিষ্কার করেন,হেয়ার মাস্ক ব্যবহার করলে চুল ধোয়ার জন্য অতিরিক্ত দুই ঘণ্টা সময় লাগে।,চুল পরিষ্কার করতে হেয়ার মাস্ক ব্যবহার করলে আরও অতিরিক্ত দুই ঘণ্টা সময় লাগে।,1.5184345180005039,,
এ নিয়ে চীনে মোট মৃতের সংখ্যা গিয়ে দাঁড়িয়েছে ২৯১২ জনে,এই নিয়ে চীনে মোট মৃতের সংখ্যা 2912 জনে পৌঁছেছে।,এ নিয়ে চীনে মোট মৃতের সংখ্যা ২৯১২ জন হয়েছে।,68.48599415800072,,
এরকম বাঁধার সৃষ্টি হতে পারে যদি জন্মগতভাবে ঘাড়ের কোনো পাশে সারভাইকাল রিব নামের বাড়তি হাড় থাকে,ঘাড়ের একপাশে সার্ভিকাল রিব নামক অতিরিক্ত হাড়ের জন্ম হলে এ ধরনের ব্লকেজ হতে পারে।,জন্মগতভাবে ঘাড়ের যেকোনো পাশে সারভাইকাল রিব নামক অতিরিক্ত হাড় থাকলে এই ধরনের বাধা সৃষ্টি হতে পারে।,2.5113986489996023,,
 ক্যান্সার সারভাইভার প্রত্যেক নিষ্ক্রিয় জীবন পরিহার করা উচিত,প্রতিটি ক্যান্সার থেকে বেঁচে যাওয়া একটি নিষ্ক্রিয় জীবন এড়ানো উচিত।,ক্যান্সার থেকে মুক্তি পাওয়া প্রতিটি ব্যক্তির উচিত নিষ্ক্রিয় জীবনযাপন পরিহার করা।,2.33390320000035,,
লেবু পাতার রসের সাথে বেকিং সোডা মিশিয়ে ব্যবহার করলে দাঁতের কালচে ভাব দূর হয়,লেবুর রসের সাথে বেকিং সোডা মিশিয়ে খেলে দাঁতের কালো ভাব দূর হয়।,বেকিং সোডার সাথে লেবু পাতার রস মিশিয়ে ব্যবহার করলে দাঁতের কালো দাগ দূর হয়।,1.6445695379998142,,
ওজন কমায় কাঁচা মরিচ বাড়তি মেদ ঝরায়,সবুজ মরিচ ওজন কমাতে সাহায্য করে এবং অতিরিক্ত চর্বি পোড়ায়।,কাঁচা মরিচ ওজন কমাতে ও অতিরিক্ত চর্বি ঝরাতে সহায়তা করে।,2.347123947,,
লেখক মেডিসিন ও বক্ষব্যাধি বিশেষজ্ঞ হেলথকেয়ার ডায়াগনস্টিক সেন্টার লি শ্যামলী ঢাকা,লেখক মেডিসিন অ্যান্ড থোরাসিক স্পেশালিস্ট হেলথকেয়ার ডায়াগনস্টিক সেন্টার লি শ্যামলী ঢাকা।,,9.575508375000027,request_error:'NoneType' object has no attribute 'strip',
" যাদের অ্যালার্জির সমস্যা আছে, তাদেরও বেশি ডিম খাওয়া উচিত নয়",যাদের অ্যালার্জি আছে তাদেরও বেশি ডিম খাওয়া উচিত নয়।,"যাদের অ্যালার্জি রয়েছে, তাদের বেশি পরিমাণে ডিম খাওয়া ঠিক নয়।",0.9518680339997445,,
 নিয়ম করে সেগুলো খেলে কিডনি ভাল থাকবে,এগুলো নিয়মিত খেলে কিডনি সুস্থ থাকবে।,নিয়মিতভাবে সেগুলো খেলে কিডনি সুস্থ থাকবে।,5.586200982000264,,
বেছে নিতে পারেন বুটের শাক ছোলার শাক মোটর শাক খেসারি শাক পালংশাক কলাইয়ের শাক বতুয়া শাক যা ভিটামিন মিনারেলস আঁশ সমৃদ্ধ,"আপনি ছোলা, মোটর শাক, কেশরি শাক, পালং শাক, সবুজ শাক সবজি বেছে নিতে পারেন যা ভিটামিন, খনিজ এবং ফাইবার সমৃদ্ধ।","ভিটামিন, খনিজ ও আঁশে ভরপুর শাকের মধ্যে বেছে নিতে পারেন বুট, ছোলা, মটর, খেসারি, পালং, কলাই ও বতুয়ার শাক।",4.173014539000178,,
মেয়েদের ক্ষেত্রে প্রস্রাবের সঙ্গে রক্ত দেখা গেলে মাসিকের রক্তের কারণেও হতে পারে যা অনেক সময় বোঝা যায় না,"মহিলাদের প্রস্রাবে রক্তও মাসিকের রক্তের কারণে হতে পারে, যা অনেক সময় বোঝা যায় না।","মেয়েদের প্রস্রাবে রক্ত দেখলে তা মাসিকের রক্তজনিতও হতে পারে, যা প্রায়ই বোঝা কঠিন।",3.570627897000122,,
ম্যাগনেশিয়ামের অভাব হলে পেশির কার্যক্রমে বাধা পড়ে,ম্যাগনেসিয়ামের ঘাটতি পেশীর কার্যকারিতা ব্যাহত করে।,ম্যাগনেশিয়ামের ঘাটতি দেখা দিলে পেশির কাজে সমস্যা হয়।,2.246874731999924,,
এক্ষেত্রে আমরা Quarantine এর মাধ্যমে সংক্রমিত ব্যক্তিদের আলাদা করলে এই Transmission Chain টি Break করা যেতে পারে,"এই ক্ষেত্রে, সংক্রামিত ব্যক্তিদের কোয়ারেন্টাইনের মাধ্যমে আলাদা করে রাখলে এই ট্রান্সমিশন চেইন ভেঙে যেতে পারে।",এই অবস্থায় সংক্রমিত ব্যক্তিদের কোয়ারেন্টাইনে রাখার মাধ্যমে সংক্রমণ শৃঙ্খলটি ভেঙে ফেলা সম্ভব।,5.469665728999644,,
তীব্র একিউট ফিশার হলে রোগীর মলদ্বারে অসম্ভব ব্যথা হয়,"গুরুতর তীব্র ফিসারের ক্ষেত্রে, রোগীর মলদ্বারে তীব্র ব্যথা হয়।",তীব্র একিউট ফিশারে আক্রান্ত রোগীর মলদ্বারে প্রচণ্ড ব্যথা হয়।,4.641688992999661,,
আক্রান্তদের মধ্যে তখন দ্রুত উচ্চ মাত্রার জ্বর গায়ে তীব্র ব্যথা চোখে ব্যথা ফুসকুড়িসহ নির্দিষ্ট কিছু উপসর্গ দেখা যেত,"আক্রান্ত ব্যক্তিদের মধ্যে উচ্চ জ্বর, প্রচণ্ড শরীরে ব্যথা, চোখে ব্যথা এবং ফুসকুড়ি সহ কিছু লক্ষণ দেখা গেছে।","আক্রান্ত ব্যক্তিদের মধ্যে তখন দ্রুত তীব্র জ্বর, শরীরে প্রচণ্ড ব্যথা, চোখে ব্যথা ও ফুসকুড়ির মতো কিছু নির্দিষ্ট লক্ষণ প্রকাশ পেত।",2.0369800329999634,,
এদিকে করোনা প্রাদুর্ভাবের এমন মারাত্মক পরিস্থিতিতে যে সুসংবাদ আসছে চীনে নতুন করে আক্রান্তের সংখ্যা ধীরে ধীরে কমছে,"এদিকে, সুখবর হলো করোনা প্রাদুর্ভাবের মতো ভয়াবহ পরিস্থিতিতে চীনে নতুন সংক্রমণের সংখ্যা ধীরে ধীরে কমছে।","এদিকে করোনা মহামারীর ভয়াবহ পরিস্থিতির মধ্যে সুখবর হলো, চীনে নতুন আক্রান্তের সংখ্যা ক্রমশ কমছে।",4.138420842999949,,
হাঁপানির অ্যাজমা আকস্মিক টান বা শ্বাসকষ্ট,হাঁপানি হল হঠাৎ শ্বাসকষ্ট বা শ্বাসকষ্ট।,হাঁপানির কারণে হঠাৎ শ্বাসকষ্ট বা টান অনুভূত হয়।,3.490969208000024,,
 চিন্তার প্রক্রিয়াকে চিকিৎসক এবং রোগী দুজনেই নিয়মিত মনিটরিং করবেন,চিন্তার প্রক্রিয়াটি ডাক্তার এবং রোগী উভয়ের দ্বারা নিয়মিত পর্যবেক্ষণ করা হবে।,চিকিৎসক ও রোগী উভয়েই চিন্তার ধারা নিয়মিত পর্যবেক্ষণ করবেন।,1.9597283990005963,,
তখন জ্বর কাশি হাঁচি শ্বাসকষ্ট নিউমোনিয়া দেখা দিতে পারে,"তখন জ্বর, কাশি, হাঁচি, শ্বাসকষ্ট, নিউমোনিয়া হতে পারে।","সেই সময় জ্বর, কাশি, হাঁচি, শ্বাসকষ্ট ও নিউমোনিয়ার লক্ষণ প্রকাশ পেতে পারে।",2.1407056970001577,,
বুধবার ঢাকা দক্ষিণ সিটি করপোরেশন থেকে এক বিজ্ঞপ্তির মাধ্যমে এ তথ্য জানানো হয়েছে,বুধবার ঢাকা দক্ষিণ সিটি করপোরেশনের এক বিজ্ঞপ্তিতে এ তথ্য জানানো হয়।,ঢাকা দক্ষিণ সিটি করপোরেশন বুধবার এক বিজ্ঞপ্তির মাধ্যমে এই তথ্য প্রকাশ করেছে।,4.4841096989994185,,
কিন্তু বীমার ক্ষেত্রে সরকারকেই প্রিমিয়াম দিতে হবে,কিন্তু বীমার ক্ষেত্রে সরকারকে প্রিমিয়াম দিতে হয়।,তবে বীমার ব্যাপারে সরকারকেই প্রিমিয়াম পরিশোধ করতে হবে।,4.85723662700002,,
তবে খুব জোরে ম্যাসাজ করবেন না,তবে খুব জোরে ম্যাসাজ করবেন না।,তবে খুব জোরে ম্যাসাজ করা থেকে বিরত থাকুন।,0.8194566239999403,,
সুস্থ থাকার জন্য এই সব টক্সিন বা বিষ শরীর থেকে বের করা প্রয়োজন,সুস্থ থাকার জন্য এই সমস্ত টক্সিন শরীর থেকে বের করে দেওয়া প্রয়োজন।,শরীর থেকে এই টক্সিন বা বিষ দূর করা জরুরি সুস্থ থাকতে।,7.161598761000278,,
এই রোগে রক্তক্ষরণের পরিমাণ সাধারণত কম,এই রোগে সাধারণত রক্তপাত কম হয়।,সাধারণত এই রোগে রক্তক্ষরণের মাত্রা কম থাকে।,0.5644877739996446,,
ঘরের আলো নিভিয়ে দরজা বন্ধ করে আসুন,লাইট বন্ধ করে দরজা বন্ধ করে দাও।,ঘরের বাতি নিভিয়ে দরজা বন্ধ করে আসুন।,0.8520106699997996,,
প্রণালীলবণ হলুদ মাখিয়ে সরিষার তেলে পাবদা মাছগুলো হালকা করে ভেজে নিন,সরিষার তেলে পাবদা মাছ হালকা ভেজে লবণ ও হলুদ দিয়ে মেখে নিন।,পদ্ধতি অনুযায়ী লবণ ও হলুদ মাখিয়ে সরিষার তেলে পাবদা মাছগুলো হালকা করে ভেজে নিন।,1.5899605369995697,,
নিয়ম মেনে মাংস গ্রহণ ও সঠিক উপায়ে রান্না করলে অনেক জটিলতা থেকে মুক্ত থাকা যায়,নিয়ম অনুযায়ী মাংস খাওয়া এবং সঠিকভাবে রান্না করলে অনেক জটিলতা থেকে মুক্ত রাখা যায়।,নিয়ম মেনে মাংস খাওয়া ও সঠিক পদ্ধতিতে রান্না করলে অনেক সমস্যা থেকে রেহাই পাওয়া সম্ভব।,2.5263313020004716,,
এছাড়া ভাইরাসের আপাত পরিবর্তনে ফুসফুসে গুরুতর সংক্রমণও সাধারণত কম,"উপরন্তু, ভাইরাসের আপাত পরিবর্তনের কারণে ফুসফুসের গুরুতর সংক্রমণ সাধারণত কম দেখা যায়।",ভাইরাসের আপাত পরিবর্তনের ফলে ফুসফুসের তীব্র সংক্রমণও সাধারণত হ্রাস পায়।,3.049896517999514,,
" সাম্প্রতিক বন্যার সময় সিলেট সদর, ফেঞ্চুগঞ্জ, দক্ষিন সুরমা এবং সুনামগঞ্জের জগন্নাথপুরের ট্রাস্টের উদ্যোগে ও সহযোগীতায় একাধিক হেলথ ক্যাম্প আয়োজন ও বিনামূল্যে ওষুধ বিতরন করা হয়","সাম্প্রতিক বন্যার সময় সিলেট সদর, ফেঞ্চুগঞ্জ, দক্ষিণ সুরমা ও সুনামগঞ্জের জগন্নাথপুরে ট্রাস্টের উদ্যোগে ও সহায়তায় বেশ কয়েকটি স্বাস্থ্য শিবিরের আয়োজন করা হয় এবং বিনামূল্যে ওষুধ বিতরণ করা হয়।","সম্প্রতি বন্যায় সিলেট সদর, ফেঞ্চুগঞ্জ, দক্ষিণ",3.3158550879998074,,
এই গবেষণা ফলাফল প্রাথমিক পর্যায়ে লিভার ক্যানসার রোগের শনাক্ত করার ক্ষেত্রে উলেখযোগ্য সম্ভাবনা তৈরি করেছে,এই গবেষণার ফলাফলগুলি প্রাথমিক পর্যায়ে লিভার ক্যান্সার সনাক্তকরণে উল্লেখযোগ্য সম্ভাবনা তৈরি করেছে।,এই গবেষণার ফলাফল লিভার ক্যানসারের প্রাথমিক পর্যায়ে শন,4.37376297999981,,
শিশুদের খেলাধুলার সুযোগের অভাবেও ন্যাশ হয়,শিশুরাও খেলাধুলার সুযোগের অভাবে ভোগে।,শিশুদের খেলাধুলার সুযোগ না থাকায়ও বৈষম্য তৈরি হয়।,8.453454908999447,,
কাঁঠালের পাশাপাশি কাঁঠালের বিচিও বেশ পুষ্টিগুণ সম্পন্ন জনপ্রিয় একটি খাবার,কাঁঠালের পাশাপাশি কাঁঠালের বীজও প্রচুর পুষ্টিগুণ সম্পন্ন একটি জনপ্রিয় খাবার।,কাঁঠালের মতোই এর বিচিও পুষ্টিগুণে ভরপুর ও জনপ্রিয় একটি খাবার।,2.721509709000202,,
অপর একটি পাত্রে তেল দিয়ে গরম হয়ে এলে সবটুকু মসলা দিতে হবে,অন্য একটি প্যানে তেল গরম করে সব মশলা দিন।,"অন্য একটি পাত্রে তেল গরম করে নিন, তারপর সব মসলা দিন।",3.798804535999807,,
পানি খেতে হবে কমপক্ষে ২ লিটার,কমপক্ষে 2 লিটার জল পান করুন।,প্রতিদিন অন্তত দুই লিটার পানি পান করা প্রয়োজন।,8.007843993000279,,
 অনেক সময় অপারেশনের পরে চশমা পরার প্রয়োজন হতে পারে,কখনও কখনও অস্ত্রোপচারের পরে চশমা প্রয়োজন হতে পারে।,অপারেশনের পর প্রায়ই চশমা পরার প্রয়োজন দেখা দিতে পারে,2.4849406940002154,,
ব্রাহ্মি প্রাকৃতিক হওয়ায় সব ধরনের গ্রাহকদের জন্য ব্যবহারে উপযোগী,ব্রাহ্মী প্রাকৃতিক এবং সব ধরনের ভোক্তার জন্য উপযুক্ত।,ব্রাহ্মি প্রাকৃতিক উপাদান হওয়ায় এটি সকল প্রকার গ্রাহকের ব্যবহারের জন্য উপযুক্ত।,1.31090503500036,,
 স্পার্ম কাউন্ট বৃদ্ধি করতেও এটি ভূমিকা নেয়,এটি শুক্রাণুর সংখ্যা বৃদ্ধিতেও ভূমিকা রাখে।,এটি শুক্রাণুর সংখ্যা বাড়াতেও সাহায্য করে।,3.706680618000064,,
মাত্র ৭ দিনের হোমিও ওষুধ প্রয়োগ করে সুস্থ হয়েছেন ইসকন মন্দিরের পুরোহিতসহ ৩৫ জন করোনা রোগী,ইসকন মন্দিরের পুরোহিতসহ ৩৫ জন করোনা রোগী মাত্র ৭ দিন হোমিও ওষুধ প্রয়োগ করে সুস্থ হয়েছেন।,ইসকন মন্দিরের পুরোহিতসহ ৩৫ জন করোনা রোগী মাত্র ৭ দিনে হোমিও ওষুধ সেবন করে সুস্থ হয়েছেন।,4.604561758999807,,
৩ জাঙ্ক ফুড প্রসেসড ফুড ও চিনিজাতীয় খাবার খাওয়া,"3 জাঙ্ক ফুড, প্রক্রিয়াজাত খাবার এবং চিনিযুক্ত খাবার খাওয়া",,9.502132395000444,request_error:'NoneType' object has no attribute 'strip',
সুগন্ধির চল প্রথমে রাজপ্রাসাদের মধ্যেই আটকে ছিল,সুগন্ধি শিল্প প্রাথমিকভাবে রাজপ্রাসাদের মধ্যে সীমাবদ্ধ ছিল।,প্রথমে সুগন্ধির ব্যবহার কেবল রাজপ্রাসাদের মধ্যেই সীমাবদ্ধ ছিল।,2.5974575350001032,,
ইনসুলিন রেজিস্ট্যান্সের সাধারণত কোনো উপসর্গ থাকে না যদিও কিছু বাচ্চার ত্বকে ঘন গাঢ় কাল মখমল প্যাঁচ তৈরি হয় যাকে অ্যাক্যানথোসিস নিগ্রিকানস Acanthosis Nigracans বলা হয় সাধারণত ঘাড়ের পেছনে বা বগলের মতো শরীরের ক্রিজ এবং ভাঁজগুলোতে,"ইনসুলিন রেজিস্ট্যান্সের সাধারণত কোনো উপসর্গ থাকে না, যদিও কিছু শিশুর ত্বকে ঘন, গাঢ়, মখমলের ছোপ দেখা দেয় যাকে অ্যাক্যানথোসিস নিগ্রাকান বলে, সাধারণত শরীরের ক্রিজ এবং ভাঁজে, যেমন ঘাড়ের পিছনে বা বগল।","ইনসুলিন রেজিস্ট্যান্সের বেশিরভাগ ক্ষেত্রেই কোনো লক্ষণ দেখা যায় না, তবে কিছু শিশুর ত্বকে, বিশেষ করে ঘাড়ের পেছনে বা বগলের মতো ভাঁজ ও ক্রিজে, ঘন ও গাঢ় কালো মখমলের মতো প্যাঁচ তৈরি হয়, যাকে অ্যাক্যানথোসিস নিগ্রিকানস (Acanthosis Nigricans) বলা হয়।",3.631568335999873,,
বিশ্বের যে ৩০টি দেশে যক্ষ্মা রোগীর সংখ্যা সর্বাধিক বাংলাদেশ তার মধ্যে অন্যতম,বিশ্বের ৩০টি দেশের মধ্যে বাংলাদেশে যক্ষ্মা রোগীর সংখ্যা সবচেয়ে বেশি।,"বিশ্বের যে ৩০টি দেশে যক্ষ্মা আক্রান্তের সংখ্যা সবচেয়ে বেশি, বাংলাদেশ সেগুলোর একটি।",0.9032862779995412,,
সোরিয়াসিস ত্বকের বিভিন্ন জায়গায় হয়ে থাকে,সোরিয়াসিস ত্বকের বিভিন্ন জায়গায় হয়।,সোরিয়াসিস ত্বকের নানা অংশে দেখা দেয়।,2.5233441840000523,,
৩ ৭৫ বৎসর বয়সের ৫০ শতাংশ মানুষ কমবেশি দীর্ঘমেয়াদি কিডনি জটিলতায় ভোগেন,3 50 শতাংশ মানুষ 75 বছরের বেশি বয়সী কম বা বেশি দীর্ঘমেয়াদী কিডনি জটিলতায় ভোগেন।,৭৫ বছর বয়সীদের মধ্যে প্রায় অর্ধেক মানুষ দীর্ঘস্থায়ী কিডনি জটিলতায় ভোগেন।,3.5685919229999854,,
দুতিন দিন অন্তর ভালোভাবে ধুয়ে নিতে হবে বাজারের ব্যাগও,বাজারের ব্যাগগুলোও প্রতি দুই থেকে তিন দিন পর পর ভালো করে ধুয়ে নিতে হবে।,বাজারের ব্যাগও দু-চারদিন পর ভালো করে ধুয়ে নেওয়া জরুরি।,2.8076752730003136,,
মায়েদের ব্যক্তিগত কিছু ফ্যাক্টর পূর্বের সন্তান প্রসবের সময় হওয়া জটিলতা গর্ভাবস্থায় হওয়া কোনো রোগের কারণেও হতে পারে,মায়ের ব্যক্তিগত কিছু কারণ পূর্ববর্তী প্রসবকালীন জটিলতাগুলিও গর্ভাবস্থায় একটি রোগের কারণে হতে পারে।,"মায়েদের ব্যক্তিগত কিছু কারণ, আগের প্রসবকালীন জটিলতা অথবা গর্ভাবস্থায় কোনো রোগও এর কারণ হতে পারে।",11.35132001599959,,
মঙ্গলবার স্বাস্থ্য অধিদপ্তর থেকে পাঠানো করোনাবিষয়ক এক প্রেস বিজ্ঞপ্তিতে এ তথ্য জানানো হয়,মঙ্গলবার স্বাস্থ্য অধিদপ্তরের মহাপরিচালকের পাঠানো করোনাভাইরাস সংক্রান্ত এক সংবাদ বিজ্ঞপ্তিতে এ তথ্য জানানো হয়।,মঙ্গলবার স্বাস্থ্য অধিদপ্তর কর্তৃক প্রেরিত করোনাবিষয়ক এক প্রেস বিজ্ঞপ্তিতে এই তথ্য প্রকাশ করা হয়।,11.241905920000136,,
চলুন অরেঞ্জ চিকেন বানানোর প্রস্তুতি নেই,চলুন তৈরি হয়ে নিই কমলা মুরগির মাংস।,চলুন অরেঞ্জ চিকেন তৈরির প্রস্তুতি নিই।,0.6209080669996183,,
সুতরাং তাদের হার্টের সাইজও বড় থাকে,তাই তাদের হার্টের আকারও বড়।,তাই তাদের হৃদপিণ্ডের আকারও বড় হয়।,2.116658586000085,,
বদ হজম ও খাবারে অরুচি কমাতে সাহায্য করে জিরা,জিরা বদহজম ও ক্ষুধা কমাতে সাহায্য করে।,জিরা বদহজম ও খাবারে অরুচি দূর করতে সহায়তা করে।,2.3450717800005805,,
ক্যালসিয়াম শরীরের জন্য খুব প্রয়োজনীয় একটি উপকরণ,ক্যালসিয়াম শরীরের জন্য খুবই প্রয়োজনীয় একটি উপাদান।,শরীরের জন্য ক্যালসিয়াম অত্যন্ত জরুরি একটি উপাদান।,2.175409272000252,,
জিনসেং সিজোফ্রেনিয়ার লক্ষণ গুলো থেকে মুক্তি দিতে পারে,জিনসেং সিজোফ্রেনিয়ার লক্ষণগুলি থেকে মুক্তি দিতে পারে।,জিনসেং সিজোফ্রেনিয়ার উপসর্গগুলো দূর করতে সহায়তা করতে পারে।,1.7746147510006267,,
অনুষ্ঠানে সভাপতির বক্তব্যে স্বাস্থ্যসেবা বিভাগের সচিব মো জাহাঙ্গীর আলম বলেন এসএসকের মূল লক্ষ্য হওয়া উচিত সরকারি হাসপাতালে যেসব সুযোগ সুবিধা নেই সেগুলো পূরণ করা,"অনুষ্ঠানে স্বাস্থ্যসেবা বিভাগের সচিব মোঃ জাহাঙ্গীর আলম বলেন, এসএসকে-এর মূল লক্ষ্য হওয়া উচিত সরকারি হাসপাতালের শূন্যতা পূরণ করা।",,11.487581722999494,request_error:'NoneType' object has no attribute 'strip',
ফুল এবং শিশু পৃথিবীর সবচেয়ে সুন্দর সৃষ্টি সবচেয়ে কোমল সবচেয়ে নিষ্পাপ,"ফুল এবং শিশু পৃথিবীর সবচেয়ে সুন্দর সৃষ্টি, সবচেয়ে কোমল, সবচেয়ে নিষ্পাপ।","পৃথিবীর সবচেয়ে কোমল, নিষ্পাপ ও সুন্দর সৃষ্টি হলো ফুল আর শিশু।",1.0223791759999585,,
পুষ্টিবিদেরা বলছেন সালাদ তৈরিতে কী ব্যবহার করছেন সেটা যেমন গুরুত্বপূর্ণ তেমনই দিনের কোন সময় সালাদ খাচ্ছেন সেটাও গুরুত্বপূর্ণ,পুষ্টিবিদরা বলছেন যে আপনি আপনার সালাদ তৈরি করতে যা ব্যবহার করেন তা ঠিক ততটাই গুরুত্বপূর্ণ যেমন আপনি দিনের কোন সময় এটি খান।,"পুষ্টিবিদদের মতে, সালাদ তৈরির উপকরণ যেমন গুরুত্বপূর্ণ, তেমনি দিনের কোন সময়ে তা খাওয়া হচ্ছে সেটাও সমান গুরুত্বপূর্ণ।",5.0834209810000175,,
এছাড়া তিনি পরিবেশ রক্ষা ও বাল্যবিবাহ বন্ধের লক্ষ্যে পৃথিবীজুড়ে মানুষের মাঝে সচেতনতা বৃদ্ধি করছেন,এছাড়া পরিবেশ রক্ষা ও বাল্যবিবাহ বন্ধে তিনি সারা বিশ্বের মানুষের মধ্যে সচেতনতা বাড়াচ্ছেন।,তিনি পরিবেশ সংরক্ষণ ও বাল্যবিবাহ প্রতিরোধের জন্য বিশ্বব্যাপী মানুষের মধ্যে সচেতনতা সৃষ্টি করছেন।,2.47271391600043,,
 সেগুলোর দিকে সবাই একটু দৃষ্টি দেবেন আমি সেটাই চাই,আমি চাই সবাই তাদের প্রতি মনোযোগী হোক।,আমি চাই সবাই সেগুলোর প্রতি একটু নজর দেন।,2.950892728999861,,
"এতে বলা হয়, গত ২৪ ঘণ্টায় নমুনা পরীক্ষায় শনাক্তের হার চার দশমিক ২৮ শতাংশ",গত ২৪ ঘণ্টায় নমুনা পরীক্ষায় শনাক্তকরণের হার ৪ দশমিক ২৮ শতাংশ।,গত ২৪ ঘণ্টায় নমুনা পরীক্ষায় শনাক্তের হার ৪.২৮ শতাংশ বলে প্রতিবেদনে উল্লেখ করা হয়েছে।,2.2286677929996586,,
হয়ত আমরা সামনের দিনগুলিতে পরিষ্কারভাবে সেটি জানতে পারবো,হয়তো সামনের দিনগুলোতে আমরা তা স্পষ্টভাবে জানতে পারব।,হয়তো ভবিষ্যতে আমরা সেটি স্পষ্টভাবে বুঝতে সক্ষম হবো।,1.0553843540001253,,
এতে থাকা এল থিয়েনিন উপাদান পারকিনসন ও আলঝেইমারের মতো সমস্যাগুলো হওয়ার আশঙ্কা কমায়,এতে থাকা এল-থেনাইন উপাদান পারকিনসন এবং আলঝেইমারের মতো সমস্যার ঝুঁকি কমায়।,পারকিনসন ও আলঝেইমারের মতো রোগের ঝুঁকি কমায় এতে বিদ্যমান এল-থিয়েনিন উপাদানটি।,3.731876865999766,,
যাদের টয়লেট পেপারে এলার্জি আছে তারা সেটি বর্জন করবেন,যাদের টয়লেট পেপারে অ্যালার্জি আছে তাদের এটি এড়িয়ে চলা উচিত।,যাদের টয়লেট পেপারে সংবেদনশীলতা রয়েছে তারা তা ব্যবহার করা থেকে বিরত থাকবেন।,2.281387888999234,,
 র্যাশ বা শরীরে লাল চাকা চাকা হওয়া,শরীরে ফুসকুড়ি বা লাল দাগ।,শরীরে লাল দাগ বা র্যাশ দেখা দেওয়া,2.4179382760003136,,
মানুষের বুকের বাম এবং ডান দিকে দুটি ফুসফুস আছে,মানুষের বুকের বাম ও ডান পাশে দুটি ফুসফুস থাকে।,মানুষের বুকের বাম ও ডান পাশে দুটি ফুসফুস অবস্থিত।,0.9080380810000861,,
হেপাটাইটিস বি ভাইরাসের টিকা এই সংক্রমণ প্রতিরোধ করতে পারে,হেপাটাইটিস বি ভাইরাসের টিকা এই সংক্রমণ প্রতিরোধ করতে পারে।,হেপাটাইটিস বি ভাইরাসের টিকা এই সংক্রমণ থেকে রক্ষা করতে পারে।,16.01976980299969,,
লেখক  নাককানগলা রোগ বিশেষজ্ঞ এবং হেডনেক সার্জন রেজিস্ট্রার নাককানগলা বিভাগ সিলেট এমএজি ওসমানী মেডিকেল কলেজ হাসপাতাল,লেখক নাকংলা প্যাথলজিস্ট ও হেড নেক সার্জন রেজিস্ট্রার সিলেট এমএজি ওসমানী মেডিকেল কলেজ হাসপাতাল নাকংলা বিভাগ,লেখক সিলেট এমএজি ওসমানী মেডিকেল কলেজ হাসপাতালের নাক-কান-গলা বিভাগে নাক-কান-গলা রোগ বিশেষজ্ঞ ও হেড নেক সার্জন রেজিস,4.264924427000551,,
কাজেই এর চিকিৎসার প্রয়োজন হয় না,তাই এর চিকিৎসার প্রয়োজন নেই।,সুতরাং এটির চিকিৎসার কোনো প্রয়োজন নেই।,2.8928067249999003,,
এ ক্ষেত্রে কয়েকটি উপায় কাজে আসতে পারে,"এই ক্ষেত্রে, বেশ কয়েকটি পদ্ধতি কার্যকর হতে পারে।",এই পরিস্থিতিতে কিছু পদ্ধতি কাজে লাগতে পারে।,1.6343387480001184,,
"তিনি আরও জানান, এই ওভিসিটি করার মাধ্যমে একটা আবেগের জায়গা তৈরী হয়েছে ল্যাবএইড ক্যান্সার হাসপাতালের জন্য","তিনি আরও বলেন, এই ওভিসিটি করার মাধ্যমে ল্যাবএইড ক্যান্সার হাসপাতালের জন্য একটি আবেগময় জায়গা তৈরি হয়েছে।",,10.816246667000087,request_error:'NoneType' object has no attribute 'strip',
যেমন দুধ দুগ্ধজাত খাবার শাক অতিরিক্ত তেলে ভাজা অতিরিক্ত মশলাযুক্ত খাবার চিনি ক্যাফেইন ইত্যাদি এড়িয়ে চলা ভালো,"যেমন দুধ, দুগ্ধজাত খাবার, শাকসবজি, অতিরিক্ত তেলে ভাজা, অতিরিক্ত মশলাদার খাবার, চিনি, ক্যাফেইন ইত্যাদি পরিহার করতে হবে।","দুধ, দুগ্ধজাত পণ্য, শাকসবজি, বেশি তেলে ভাজা ও অতিরিক্ত মসলাযুক্ত খাবার, চিনি, ক্যাফেইন ইত্যাদি পরিহার করাই ভালো।",4.506078188000174,,
 ডেঙ্গু আক্রান্ত রোগীর মধ্যে প্রায় ৬৩ শতাংশ পুরুষ আর ৩৭ শতাংশ হচ্ছে নারী,ডেঙ্গু রোগীদের প্রায় 63 শতাংশ পুরুষ এবং 37 শতাংশ মহিলা৷,ডেঙ্গুতে আক্রান্ত রোগীদের মধ্যে প্রায় ৬৩ ভাগ পুরুষ এবং ৩৭ ভাগ নারী।,1.0576174180005182,,
রোগী ভেদে কিডনির পথ্য নির্ধারণে ভিন্নতা থাকে,কিডনির কার্যকারিতা রোগী থেকে রোগীতে পরিবর্তিত হয়।,কিডনির পথ্য নির্ধারণে রোগীভেদে ভিন্নতা পরিলক্ষিত হয়।,2.1672767549998753,,
 উপসর্গ লুকাবেন না সঠিক সময়ে ধরা পড়লে মৃত্যুর হার নেই বললেই চলে,"উপসর্গ লুকাবেন না, সঠিক সময়ে ধরা পড়লে মৃত্যুহার প্রায় শূন্য।","লক্ষণ গোপন করবেন না, সময়মতো শনাক্ত হলে মৃত্যুর ঝুঁকি প্রায় শূন্য।",3.5435040769998523,,
হৃৎপিণ্ড ও রক্তনালির রোগের ঝুঁকিতে আছেন এমন রোগীদের ওপর পরিচালিত এক সাম্প্রতিক গবেষণায় দেখা গেছে রোজা স্ট্রোকের ঝুঁকি কমায়,কার্ডিওভাসকুলার রোগের ঝুঁকিতে থাকা রোগীদের উপর একটি সাম্প্রতিক গবেষণায় দেখা গেছে যে উপবাস স্ট্রোকের ঝুঁকি হ্রাস করে।,"রোজা স্ট্রোকের সম্ভাবনা হ্রাস করে, সম্প্রতি হৃদযন্ত্র ও রক্তনালীর রোগে আক্রান্ত হওয়ার ঝুঁকিতে থাকা রোগীদের ওপর করা এক গবেষণায় এ তথ্য উঠে এসেছে।",5.023747819000164,,
আমি পুরো সুস্থ না হয়েও আবার চলে গেলাম তাদের কাছে ফরিদপুরে,আমি পুরোপুরি সুস্থ না হলেও ফরিদপুরে তাদের কাছে ফিরে যাই।,পুরোপুরি সুস্থ না হয়েও আবার ফরিদপুরে তাদের কাছে ফিরে গেলাম।,2.3103402020005888,,
মেয়েদের ক্ষেত্রে তদ্রুপ মাসিক শুরু হওয়ার আগে ডিম্বাশয়ে বেশি পরিমাণে আয়রন জমা হলে মাসিক কোনো দিন শুরু নাও হতে পারে প্রাইমারি হাইপোগনাডিজম এবং মাসিক শুরু হওয়ার পরে ধীরে ধীরে আয়রন জমে ডিম্বাশয়টি এর কার্যকারিতা হারিয়ে ফেলতে পারে সেকেন্ডারি হাইপোগনাডিজম,"একইভাবে, মেয়েদের ক্ষেত্রে, ঋতুস্রাবের আগে ডিম্বাশয়ে খুব বেশি আয়রন জমে থাকলে, ঋতুস্রাব কখনই শুরু নাও হতে পারে, প্রাথমিক হাইপোগোনাডিজম এবং মাসিকের পরে, আয়রন জমে ধীরে ধীরে ডিম্বাশয় তাদের কার্যকারিতা হারিয়ে ফেলে, সেকেন্ডারি হাইপোগোনাডিজম।",,8.978843672999574,request_error:'NoneType' object has no attribute 'strip',
 রক্তচাপ কমে গিয়ে রোগী শকে চলে যেতে পারে,রক্তচাপ কমে যাওয়ার কারণে রোগী শকে যেতে পারে।,রক্তচাপ হ্রাস পেয়ে রোগী শক অবস্থায় চলে যেতে পারে।,0.7227780749999511,,
দই প্রোবায়োটিকসমৃদ্ধ খাবার যা বর্ষায় চমৎকার স্বাস্থ্যকর খাবার হতে পারে,দই একটি প্রোবায়োটিক-সমৃদ্ধ খাবার যা বর্ষা মৌসুমে একটি দুর্দান্ত স্বাস্থ্যকর খাবার হতে পারে।,বর্ষাকালে দই একটি প্রোবায়োটিকসমৃদ্ধ খাবার হিসেবে চমৎকার স্বাস্থ্যকর হতে পারে।,1.4562418949999483,,
"৩ ক্যাথেটার ডিরেক্টেড থ্রম্বোলাইসিস Catheter Directed Thrombolysis
এটাও এক ধরনের থ্রম্বোলাইসিস",3 ক্যাথেটার নির্দেশিত থ্রম্বোলাইসিস ক্যাথেটার নির্দেশিত থ্রম্বোলাইসিস এটিও এক ধরনের থ্রম্বোলাইসিস।,"এটিও থ্রম্বোলাইসিসের একটি রূপ, যাকে ক্যাথেটার নির্দেশিত থ্রম্বোলাইসিস বলা হয়।",1.1904523399998652,,
যাদের নিজেদের শ্বাস বা বংশগত শ্বাস রোগের সমস্যা আছে তাদের এটি নেওয়া ভালো,যাদের নিজস্ব শ্বাসকষ্ট বা বংশগত শ্বাসযন্ত্রের রোগ আছে তাদের জন্য এটি ভালো।,"যাদের নিজস্ব শ্বাসকষ্ট বা বংশগত শ্বাসজনিত রোগ রয়েছে, তাদের জন্য এটি গ্রহণ করা উপকারী।",2.691172486999676,,
যেখানেই থাকুন যে অবস্থাতেই থাকুন শব্দ আপনার কানের কোনো ক্ষতি করতে পারবে না,"আপনি যেখানেই থাকুন না কেন, আপনার পরিস্থিতি যাই হোক না কেন, শব্দ আপনার কানের ক্ষতি করতে পারে না।","আপনি যেখানেই থাকুন বা যে অবস্থাতেই থাকুন না কেন, শব্দ আপনার কানের কোনো ক্ষতি করতে পারে না।",10.41718906099959,,
তাহলে পাঠকরা বুঝুন এই রোগটি সংক্রমণের ব্যাপারে কতটুকু পারদর্শী তাই স্বাস্থ্যঝুঁকি এবং জীবনের ঝুঁকি চিন্তা করে ডাক্তাররা আপাতত চেম্বার বন্ধ রাখছেন,"তাই পাঠকদের বুঝতে হবে সংক্রমণের দিক থেকে এই রোগটি কতটা পারদর্শী, তাই স্বাস্থ্যঝুঁকি ও জীবনের ঝুঁকির কারণে আপাতত চেম্বার বন্ধ রাখছেন চিকিৎসকরা।","তাই পাঠকরা উপলব্ধি করুন এই রোগটি কতটা সংক্রামক, তাই স্বাস্থ্য ও জীবন ঝুঁকি বিবেচনা করে চিকিৎসকরা বর্তমানে চেম্বার বন্ধ রেখেছেন।",7.678379314000267,,
আয়োডিন খুবই কম পরিমাণে প্রয়োজন,আয়োডিন খুব অল্প পরিমাণে প্রয়োজন।,আয়োডিনের প্রয়োজন অত্যন্ত অল্প পরিমাণে।,3.0026045499998872,,
এ সময় প্লাটিলেট কাউন্ট কমে যায় এবং রক্তক্ষরণসহ নানারকম সমস্যা দেখা দিতে পারে,এই সময় প্লেটলেট কাউন্ট কমে যায় এবং রক্তপাত সহ বিভিন্ন সমস্যা দেখা দিতে পারে।,প্লাটিলেটের সংখ্যা কমে যাওয়ার ফলে রক্তক্ষরণ ও অন্যান্য নানা সমস্যা দেখা দিতে পারে।,4.651493975000449,,
একজুডেটিভ  ফুসফুসের যক্ষ্মা ফুসফুসের ক্যান্সার নিউমোনিয়া পালমোনারি ইনফ্রাকশন ইত্যাদি,এক্সুডেটিভ পালমোনারি যক্ষ্মা ফুসফুসের ক্যান্সার নিউমোনিয়া পালমোনারি ইনফার্কশন ইত্যাদি।,"ফুসফুসের যক্ষ্মা, ক্যান্সার, নিউমোনিয়া ও পালমোনারি ইনফ্রাকশনের মতো রোগ নির্ণয় করা হয় একজুডেটিভের মাধ্যমে।",9.739082957999926,,
রঙিন ফলমূল এবং শাকসবজি খান,রঙিন ফল ও সবজি খান।,রঙিন ফল ও সবজি খাওয়া উচিত।,6.475835305000146,,
রেটিনা লেন্স কর্ণিয়া ও মণির রোগে চোখ ট্যারা হতে পারে,রেটিনা লেন্স কর্নিয়াল এবং ম্যাকুলার রোগের কারণে ছানি পড়তে পারে।,"চোখের রেটিনা, লেন্স, কর্ণিয়া ও মণির অসুখের কারণে চোখ বাঁকা হয়ে যেতে পারে।",1.0233605189996524,,
টেকনোলজিস্টদের বিষয়ে তিনি বলেন তাদের সব সুবিধা দেয়ার কথা,"তিনি বলেন, প্রযুক্তিবিদদের সব সুযোগ-সুবিধা দিতে হবে।",তিনি টেকনোলজিস্টদের সব ধরণের সুবিধা প্রদানের প্রতিশ্রুতি দিয়েছেন।,0.7912542470003245,,
"প্রশ্ন : বাকি যেই তেল আছে সয়াবিন তেল বা অন্য যেসব তেল আছে, হৃদরোগীদের জন্য কি এটা ক্ষতিকর?","প্রশ্ন: বাকি তেল, সয়াবিন তেল বা অন্যান্য তেল কি হৃদরোগীদের জন্য ক্ষতিকর?","প্রশ্ন: হৃদরোগীদের জন্য কি বাকি থাকা তেল, যেমন সয়াবিন তেল বা অন্যান্য তেল, ক্ষতিকর?",24.792687574999945,,
পরিষ্কারপরিচ্ছন্নতার অভাবও এ জন্য দায়ী,পরিচ্ছন্নতার অভাবও এর জন্য দায়ী।,পরিচ্ছন্নতার ঘাটতিও এর জন্য দায়ী।,1.7036659080004029,,
১ চামচ ফ্ল্যাক্স সিডের মধ্যে ০৬ থেকে ১২ গ্রাম ফাইবার রয়েছে,1 টেবিল চামচ শণের বীজে 6 থেকে 12 গ্রাম ফাইবার থাকে।,প্রতি এক চামচ ফ্ল্যাক্স সিডে ৬ থেকে ১২ গ্রাম ফাইবার থাকে।,3.2226913370004695,,
দাঁতের ব্যথা কানে সঞ্চালন  দাঁতের ব্যথা যেমন এক দাঁত থেকে অন্য দাঁত ছাড়াও কানে সঞ্চালিত হতে পারে,"দাঁতের ব্যথা কানে বিকিরণ দাঁতের ব্যথা, যেমন এক দাঁত থেকে অন্য দাঁত, কানেও বিকিরণ হতে পারে।","দাঁতের ব্যথা শুধু এক দাঁত থেকে অন্য দাঁতেই নয়, কানেও ছড়িয়ে পড়তে পারে।",22.06389013199987,,
কখন ব্যবহারে বেশি উপকার হলুদ সবসময় রাতে ব্যবহার করলে বেশি উপকার পাওয়া যায়,হলুদ কখন সবচেয়ে উপকারী? সর্বাধিক উপকার পেতে এটি সর্বদা রাতে ব্যবহার করুন।,,9.817912448000243,request_error:'NoneType' object has no attribute 'strip',
এরপর সেটি নিয়ন্ত্রণ করতে হবে,তাহলে তা নিয়ন্ত্রণ করতে হবে।,এরপর এটি নিয়ন্ত্রণ করা প্রয়োজন।,1.383659300000545,,
বর্তমান মহামারি চলাকালীন ঠোঁট বা জিহ্বা সামান্য নীল হলে যত দ্রুত সম্ভব পালস্ অক্সিমিটার দিয়ে দেখে নিতে হবে আপনার রক্তে অক্সিজেন স্যাচুরেশনের পরিমাণ কত স্বাভাবিকের চেয়ে কম হলে যত দ্রুত সম্ভব ডাক্তারের পরামর্শ গ্রহণ করতে হবে,"বর্তমান মহামারীর সময়, যদি ঠোঁট বা জিহ্বা সামান্য নীল হয়, আপনার যত তাড়াতাড়ি সম্ভব পালস অক্সিমিটার দিয়ে পরীক্ষা করা উচিত। যদি আপনার রক্তের অক্সিজেন স্যাচুরেশন স্বাভাবিকের চেয়ে কম হয়, আপনার যত তাড়াতাড়ি সম্ভব ডাক্তারের পরামর্শ নেওয়া উচিত।","মহামারির এই সময়ে ঠোঁট বা জিহ্বা যদি কিছুটা নীল হয়ে যায়, তাহলে দ্রুত পালস অক্সিমিটার দিয়ে রক্তের অক্সিজেন স্যাচুরেশন মাপুন; স্বাভাবিকের চেয়ে কম হলে অবিলম্বে চিকিৎসকের পরামর্শ নিন।",1.5567344350001804,,
বিশ্বজুড়ে মানুষের জীবনযাপনকে নিরাপদ করতে নতুন নতুন ঔষধ তৈরিতে কাজ করছে যুক্তরাষ্ট্র ভিত্তিক প্রতিষ্ঠান এলি লিলি এবং বাংলাদেশের ঔষধ প্রস্তুতকারী প্রতিষ্ঠানের মধ্যে অন্যতম হেলথকেয়ার ফার্মসিটিউক্যালস যা ওষুধ প্রস্তুতকারী গবেষণায় অগ্রগামী হিসেবে বিবেচিত,"এলি লিলি, একটি ইউএস-ভিত্তিক কোম্পানি, সারা বিশ্বে মানুষের জীবনকে নিরাপদ করতে নতুন ওষুধ তৈরিতে কাজ করছে এবং বাংলাদেশের অন্যতম ওষুধ কোম্পানি হেলথকেয়ার ফার্মাসিউটিক্যালসকে ফার্মাসিউটিক্যাল গবেষণায় অগ্রগামী হিসেবে বিবেচনা করা হয়।","যুক্তরাষ্ট্রের এলি লিলি ও বাংলাদেশের শীর্ষস্থানীয় ওষুধ প্রস্তুতকারী প্রতিষ্ঠান হেলথকেয়ার ফার্মাসিউটিক্যালস, যা ওষুধ গবেষণায় অগ্রণী ভূমিকা পালন করে, বিশ্বব্যাপী মানুষের জীবনযাত্রা সুরক্ষিত করতে নতুন নতুন ওষুধ তৈরিতে কাজ করছে।",1.30074344500008,,
শারীরিক শ্রমের সুযোগ না থাকলে ব্যায়াম অথবা হাঁটার যতটুকু সুযোগ আছে তাকে কাজে লাগাতে হবে,শারীরিক পরিশ্রমের সুযোগ না থাকলে যথাসম্ভব ব্যায়াম বা হাঁটা ব্যবহার করতে হবে।,"শারীরিক পরিশ্রমের সুযোগ না থাকলে ব্যায়াম বা হাঁটার যে সুযোগ রয়েছে, তা কাজে লাগানো জরুরি।",4.361537397000575,,
যথাসময়ে চিকিৎসা না নিলে হার্ট অ্যাটাক স্ট্রোক কিডনি জটিলতা অন্ধত্ব মাড়ির রোগ এবং অঙ্গহানির মতো শারীরিক জটিলতা হতে পারে,"সময়মতো চিকিৎসা না করালে হার্ট অ্যাটাক, স্ট্রোক, কিডনি জটিলতা, অন্ধত্ব, মাড়ির রোগ এবং অঙ্গচ্ছেদের মতো শারীরিক জটিলতা হতে পারে।","সময়মতো চিকিৎসা না করালে হৃদরোগ, স্ট্রোক, কিডনির সমস্যা, অন্ধত্ব, মাড়ির অসুখ ও অঙ্গহানির মতো শারীরিক জটিলতা দেখা দিতে পারে।",2.6435607779994825,,
শুষ্ক ও রুক্ষ ত্বককে নরম রাখে,শুষ্ক ও রুক্ষ ত্বক নরম রাখে।,শুষ্ক ও রুক্ষ ত্বককে কোমল রাখে,3.023179481000625,,
শরীরকে হাইড্রেটেড ও শীতল রাখতে সাহায্য করে তরমুজ,তরমুজ শরীরকে হাইড্রেটেড ও ঠান্ডা রাখতে সাহায্য করে।,তরমুজ শরীরকে সতেজ ও ঠাণ্ডা রাখতে সহায়তা করে।,11.213833056000112,,
তবে মাথাঘোরা মাথাব্যথা ঝাপসা দেখা দম আটকে আসা ইত্যাদি সমস্যা হলে রক্তচাপ পর্যবেক্ষণে রাখতে হবে,"তবে মাথা ঘোরা, মাথাব্যথা, ঝাপসা দৃষ্টি, শ্বাসকষ্টের মতো সমস্যা থাকলে রক্তচাপ পর্যবেক্ষণ করতে হবে।","রক্তচাপ নিয়ন্ত্রণে রাখা প্রয়োজন যদি মাথা ঘোরা, মাথাব্যথা, ঝাপসা দৃষ্টি, শ্বাসকষ্ট ইত্যাদি সমস্যা দেখা দেয়।",1.5248225240002284,,
আমরা দিনের পর দিন একটি প্রচলিত ভুল ধারণার মধ্যে দিয়ে যাচ্ছি যে রক্তসম্পর্কীয় নিকটাত্মীয়ের কাছ থেকে রক্ত নিতে হবে,"দিনের পর দিন, আমরা একটি সাধারণ ভুল ধারণার সম্মুখীন হই যে রক্ত ​​নেওয়া উচিত নিকটাত্মীয়দের কাছ থেকে।",প্রতিদিন আমরা একটি ভ্রান্ত ধারণায় আচ্ছন্ন থাকি যে রক্ত কেবল রক্তের আত্মীয়ের কাছ থেকেই নিতে হবে।,7.357350440000118,,
এর কমবেশি হলে বুঝতে হবে শরীরে কোনো না কোনো সমস্যা আছে,বেশি বা কম হলে বুঝতে হবে শরীরে কোনো সমস্যা আছে।,শরীরে কোনো সমস্যা থাকলে এর পরিমাণ কম বা বেশি হতে পারে।,1.8934143790002054,,
 তাই সংক্রমণের ফাঁদ এড়াতে চাইলে প্রায়ই এই ডাল খান,তাই সংক্রমণের ফাঁদ এড়াতে চাইলে প্রায়ই এই ডাল খান।,সংক্রমণের ঝুঁকি এড়াতে চাইলে নিয়মিত এই ডাল খান।,2.852581344999635,,
আয়রনের অভাবে দুর্বলতা বা ক্লান্তি অনুভব করতে পারেন আপনি,আয়রনের ঘাটতির কারণে আপনি দুর্বল বা ক্লান্ত বোধ করতে পারেন।,আয়রনের ঘাট,3.364481034000164,,
এক্ষেত্রে আমরা প্রথমে শিশুর ডিটেইলস হিস্ট্রি নিয়ে থাকি,"এই ক্ষেত্রে, আমরা প্রথমে শিশুর বিস্তারিত ইতিহাস গ্রহণ করি।",এই পরিস্থিতিতে আমরা প্রথমে শিশুটির বিস্তারিত ইতিহাস সংগ্রহ করি।,1.9498107579993302,,
আরও কিছু ওষুধ দীর্ঘ মেয়াদে হাড়ের ওপর বিরূপ প্রভাব ফেলে,কিছু অন্যান্য ওষুধের হাড়ের উপর দীর্ঘমেয়াদী বিরূপ প্রভাব রয়েছে।,দীর্ঘমেয়াদে আরও কিছু ওষুধ হাড়ের ওপর ক্ষতিকর প্রভাব ফেলে।,2.5331118269996296,,
৬. স্বাস্থ্য অধিদফতর থেকে সার্বিক পরিস্থিতি পর্যবেক্ষণে কন্ট্রোল রুম খোলা হয়েছে,সার্বিক পরিস্থিতি পর্যবেক্ষণের জন্য স্বাস্থ্য বিভাগ একটি কন্ট্রোল রুম খোলা হয়েছে।,স্বাস্থ্য অধিদফতরের পক্ষ থেকে সার্বিক পরিস্থিতি নজরদারির জন্য একটি কন্ট্রোল রুম চালু করা হয়েছে।,9.551136555000085,,
কাজেই এর চিকিৎসার প্রয়োজন হয় না,তাই এর চিকিৎসার প্রয়োজন নেই।,সুতরাং এটির চিকিৎসার দরকার পড়ে না।,1.171536828999706,,
একটা পানীয়ই এত পরিমাণ ক্যালোরি জোগায় শরীরে,একটি পানীয় শরীরে অনেক ক্যালোরি সরবরাহ করে।,শুধু একটি পানীয়ই শরীরে এত পরিমাণ ক্যালোরি সরবরাহ করে।,2.2261262409992923,,
প্রতিদিনই চিকিৎসা বিজ্ঞানে ব্যাপক বৈজ্ঞানিক বিপ্লব সাধিত হচ্ছে,প্রতিদিন চিকিৎসা বিজ্ঞানে ব্যাপক বৈজ্ঞানিক বিপ্লব সাধিত হচ্ছে।,প্রতিনিয়ত চিকিৎসা বিজ্ঞানে বড় ধরনের বৈজ্ঞানিক পরিবর্তন ঘটছে।,2.4533028420000846,,
আঙুরের জুসে অ্যান্টিঅক্সিডেন্ট ও অ্যান্টিইনফ্লামিটরির মতো গুরুত্বপূর্ণ উপাদান রয়েছে যা অঙ্গপ্রত্যঙ্গের প্রদাহ দূর করে,আঙ্গুরের রসে অ্যান্টিঅক্সিডেন্ট এবং অ্যান্টি-ইনফ্লেমেটরি এজেন্টের মতো গুরুত্বপূর্ণ উপাদান রয়েছে যা অঙ্গগুলির প্রদাহ কমায়।,"আঙুরের রসে অ্যান্টিঅক্সিডেন্ট ও অ্যান্টি-ইনফ্লেমেটরির মতো গুরুত্বপূর্ণ উপাদান বিদ্যমান, যা দেহের অঙ্গপ্রত্যঙ্গের প্রদাহ হ্রাস করে।",3.570194671000536,,
 আর এর সবগুলোর পেছনেই রয়েছে অস্বাস্থ্যকর খাদ্যাভ্যাস,আর এসবের পেছনে রয়েছে অস্বাস্থ্যকর খাদ্যাভ্যাস।,এবং এগুলোর প্রতিটির পেছনেই অস্বাস্থ্যকর খাদ্যাভ্যাস দায়ী।,5.2473997170000075,,
 ঘরে থাকা উচিত আর জ্বর সেরে গেলেও আরও একদিন গৃহবাস যাতে অন্যদের সংক্রমিত না হয়,জ্বর সেরে গেলেও বাড়িতে থাকা উচিত এবং আরও একদিন বাড়িতে থাকা উচিত যাতে অন্যদের সংক্রমিত না হয়।,"জ্বর সেরে গেলেও আরও একদিন বাড়িতে থাকা উচিত, যাতে অন্যরা আক্রান্ত না হয়।",3.825825834999705,,
সমস্ত চিকিৎসা তথ্য দেখতে এবং তৈরি করতে একটি সাধারণ সফ্টওয়্যার ব্যবহৃত হতো,একটি সাধারণ সফ্টওয়্যার সমস্ত মেডিকেল ডেটা দেখতে এবং জেনারেট করতে ব্যবহৃত হয়েছিল।,একটি সাধারণ সফ্টওয়্যার দিয়ে সমস্ত চিকিৎসা তথ্য দেখা ও তৈরি করা হতো।,2.5799579590002395,,
কিছু নিয়মিত অভ্যাস যেমন পানিশূন্যতা রোধে বেশি করে পানি খাওয়া ভালো রক্ত সঞ্চালনের জন্য হাঁটা এবং ফুসফুসকে ভালো রাখতে শ্বাস প্রশ্বাসের চর্চা আমাদের জীবনকে অধিকতর আনন্দময় করতে পারে,"কিছু নিয়মিত অভ্যাস যেমন ডিহাইড্রেশন প্রতিরোধে বেশি করে পানি পান করা, ভালো রক্ত ​​সঞ্চালনের জন্য হাঁটা এবং ফুসফুসকে সুস্থ রাখতে শ্বাস-প্রশ্বাসের ব্যায়াম আমাদের জীবনকে আরও আনন্দময় করে তুলতে পারে।",,10.36027133800053,request_error:'NoneType' object has no attribute 'strip',
আবার ঝিঁঝি ধরা বা সুচের তীক্ষ্ণ আচড়ের মতো ব্যথার অনুভূতি হতে পারে,"আবার, একটি টিংলিং বা পিন-তীক্ষ্ণ ব্যথা সংবেদন হতে পারে",পুনরায় ঝিঁঝি ধরা বা সূঁচের তীক্ষ্ণ আঁচড়ের মতো ব্যথা অনুভূত হতে পারে।,3.633528256000318,,
মিষ্টি আলুতে কার্বোহাইড্রেট এবং অ্যান্টিঅক্সিডেন্টস প্রচুর পরিমাণে থাকায় আপনি অনেকক্ষণ চাঙ্গা থাকার এনার্জি পাবেন এই খাবার থেকে,"মিষ্টি আলুতে প্রচুর পরিমাণে কার্বোহাইড্রেট এবং অ্যান্টিঅক্সিডেন্ট রয়েছে, তাই এগুলি আপনাকে দীর্ঘ সময়ের জন্য শক্তিশালী থাকার শক্তি দেবে।",মিষ্টি আলুতে প্রচুর কার্বোহাইড্রেট ও অ্যান্টিঅক্সিডেন্ট থাকায় এই খাবার থেকে আপনি দীর্ঘক্ষণ সক্রিয় থাকার শক্তি পাবেন।,2.1685754340005587,,
 শুক্রাণুর সংখ্যা কমে গেলে আদা খাওয়া উচিত,শুক্রাণুর সংখ্যা কম হলে আদা খাওয়া উচিত।,শুক্রাণুর পরিমাণ হ্রাস পেলে আদা খাওয়া উপকারী।,2.8000388259997635,,
আরও পড়ুন                                                                                           পটলের বীজ খেয়ে ফেললে যা ঘটবে আপনার শরীরে                                        কিছুক্ষণ পরপর ঘাড়ের ব্যায়াম আপনাকে কিছুক্ষণ বাদে বাদে ঘাড়ের ব্যায়াম করতে হবে,আরও পড়ুন মেথির বীজ খেলে আপনার শরীরের কী হয় নিয়মিত বিরতিতে ঘাড়ের ব্যায়াম আপনাকে নিয়মিত বিরতিতে ঘাড়ের ব্যায়াম করতে হবে,পটলের বীজ খেলে আপনার শরীরে কী প্রভাব পড়ে তা জানুন। কিছু সময় অন্তর ঘাড়ের ব্যায়াম করা প্রয়োজন।,1.743810406999728,,
৪ চোখে মুখে হাত দেয়া থেকে বিরত থাকতে হবে,4 চোখ এবং মুখ স্পর্শ এড়িয়ে চলুন.,৪ চোখে মুখে হাত না দেওয়ার অভ্যাস করতে হবে।,0.9754904560004434,,
এ পরীক্ষায় কোনো পলিপ বা অস্বাভাবিক টিস্যু চোখে পড়লে তা কেটে বের করা হয় এবং সেটির বায়োপসি পরীক্ষাও করা হয়,"এই পরীক্ষায় যদি কোনো পলিপ বা অস্বাভাবিক টিস্যু পাওয়া যায়, তাহলে তা অপসারণ করা হয় এবং একটি বায়োপসিও করা হয়।",এই পরীক্ষায় কোনো পলিপ বা অস্বাভাবিক কলা দেখা গেলে তা অপসারণ করে তার বায়োপসি পরীক্ষাও করা হয়।,3.195692711999982,,
স্বাস্থ্য অধিদফতরের তথ্য মতে দেশে একদিনে আরও ৫৬৪ জনের মধ্যে নতুন করোনাভাইরাসের সংক্রমণ ধরা পড়ায় মোট আক্রান্তের সংখ্যা বেড়ে হয়েছে ৭ হাজার ৬৬৭ জন,"স্বাস্থ্য অধিদফতরের তথ্য অনুযায়ী, দেশে একদিনে আরও ৫৬৪ জন আক্রান্ত হওয়ায় মোট আক্রান্তের সংখ্যা ৭ হাজার ৬৬৭ জনে দাঁড়িয়েছে।",স্বাস্থ্য অধিদফতরের পরিসংখ্যান অনুযায়ী দেশে গত ২৪ ঘণ্টায় আরও ৫৬৪ জনের দেহে করোনাভাইরাস শনাক্ত হওয়ায় মোট আক্রান্তের সংখ্যা বেড়ে দাঁড়িয়েছে ৭ হাজার ৬৬৭ জনে।,27.811547921000056,,
তাই স্বাদু পানির মাছেও আয়োডিন খুব বেশি থাকে না,তাই মিঠা পানির মাছেও খুব বেশি আয়োডিন থাকে না।,সুতরাং মিঠা পানির মাছেও আয়োডিনের পরিমাণ খুব বেশি নয়।,8.394555113000024,,
তা সম্ভব না হলে সপ্তাহে পাঁচ দিন কমপক্ষে ৩০ মিনিট করে হাঁটুন,"যদি তা সম্ভব না হয়, সপ্তাহে পাঁচ দিন অন্তত ৩০ মিনিট হাঁটুন।","যদি তা সম্ভব না হয়, তাহলে সপ্তাহে পাঁচ দিন অন্তত ৩০ মিনিট হাঁটুন।",3.4567154579999624,,
শরীরে বাড়তি মেদ জমে নানাবিধ রোগের সৃষ্টি হয়,শরীরে অতিরিক্ত চর্বি জমে নানা রোগের সৃষ্টি করে।,শরীরে অতিরিক্ত চর্বি জমলে বিভিন্ন ধরনের রোগের উদ্ভব ঘটে।,1.09312425600001,,
 চালকুমড়ার রস ৩ থেকে ৪ চা চামচ একটু চিনি মিশিয়ে খাবেন,3 থেকে 4 চা চামচ কুমড়ার রসে সামান্য চিনি মিশিয়ে পান করুন।,অল্প চিনি মিশিয়ে ৩-৪ চা চামচ চালকুমড়ার রস পান করুন।,35.233159572999284,,
পৌনে ১০টার দিকে হঠাৎ বহির্বিভাগের কলাপসিবল গেট বন্ধ করে দেওয়া হয়,সাড়ে ১০টার দিকে বাইরের কলাপসিবল গেটটি হঠাৎ বন্ধ হয়ে যায়।,হঠাৎ পৌনে ১০টার সময় বহির্বিভাগের ভাঁজযোগ্য গেটটি বন্ধ করে দেওয়া হয়।,3.573861047000719,,
সেলারি বীজ: সেলারি বীজ মূত্র বর্ধক হিসাবে কাজ করে,সেলারি বীজ: সেলারি বীজ মূত্রবর্ধক হিসাবে কাজ করে।,সেলারি বীজ মূত্র উৎপাদন বৃদ্ধিকারী হিসেবে কাজ করে।,3.659292469999855,,
যারা এই মাস্ক ব্যবহার করেন তাদের বলা হয়েছে ঢিলেঢালাভাবে মাস্কটি পরিধান করলে ব্যাকটেরিয়া সহজে নাক অথবা মুখ দিয়ে প্রবেশ করতে পারে,যারা এই মাস্কগুলি ব্যবহার করেন তাদের বলা হয় যে মাস্কটি ঢিলেঢালাভাবে পরলে ব্যাকটেরিয়া সহজেই নাক বা মুখ দিয়ে প্রবেশ করতে পারে।,"এই মাস্ক ব্যবহারকারীদের সাবধান করা হয়েছে যে, ঢিলেঢালাভাবে পরলে ব্যাকটেরিয়া সহজেই নাক বা মুখ দিয়ে প্রবেশ করতে পারে।",3.3222684370002753,,
মাঝের মায়োমেট্রিয়াম স্তরটিতেই দেখা দেয় অ্যাডেনোমায়োসিস,অ্যাডেনোমায়োসিস শুধুমাত্র মধ্যবর্তী মায়োমেট্রিয়াম স্তরে ঘটে।,মায়োমেট্রিয়ামের মধ্যবর্তী স্তরেই অ্যাড,3.0763313870002094,,
যেহেতু সহজে ধরা পড়ে না তাই অনেকে জানেনই না যে তাঁদের এই রোগ রয়েছে,"যেহেতু এটা সহজে ধরা পড়ে না, তাই অনেকেই জানেন না তাদের এই রোগ আছে।","কারণ এই রোগ সহজে শনাক্ত করা যায় না, তাই অনেকেই অজ্ঞাত থাকেন যে তাঁরা এই রোগে আক্রান্ত।",4.179637182000079,,
সম্প্রতি ৫০ শয্যার হাসপাতালগুলোতে সব ধরনের রোগীর চিকিৎসার নির্দেশ দেয়ায় আরও ৩শ হাসপাতাল এর সঙ্গে যুক্ত হওয়ার কথা,"সম্প্রতি, ৫০ শয্যা বিশিষ্ট হাসপাতালকে সব ধরনের রোগীর চিকিৎসার নির্দেশ দেওয়া হয়েছে এবং আরও ৩০০ হাসপাতাল এতে যোগ দেবে বলে আশা করা হচ্ছে।",সম্প্রতি ৫০ শয্যার হাসপাতালগুলোতে সব ধরনের রোগীর চিকিৎসার নির্দেশ দেওয়ায় আরও ৩০০ হাসপাতাল এর সাথে যুক্ত হওয়ার কথা রয়েছে।,7.751276752999729,,
আমাদের দেশেও ক্যান্সার এর চিকিৎসা সেবার ক্ষেত্রে কম অগ্রগতি হয়নি,আমাদের দেশে ক্যান্সার চিকিৎসার ক্ষেত্রেও তেমন অগ্রগতি হয়নি।,আমাদের দেশে ক্যান্সার চিকিৎসা সেবার ক্ষেত্রে যথেষ্ট অগ্রগতি হয়েছে।,1.158003276999807,,
কাঁচা সবজির মধ্যে গাজর ও শসাটমেটোর ভূমিকা কম নয়,কাঁচা সবজির মধ্যে গাজর ও টমেটোর ভূমিকা কম নেই।,"কাঁচা সবজির মধ্যে গাজর, শসা ও টমেটোর গুরুত্ব অনেক বেশি।",3.5559191490001467,,
কিন্তু কেন কিভাবে এটি শুরু হল,কিন্তু এটা কিভাবে শুরু হল?,কিন্তু এটি কীভাবে এবং কেন শুরু হলো?,1.598336773000483,,
আলিঙ্গন শুধুমাত্র অনুভূতি প্রকাশের মাধ্যম নয়,আলিঙ্গন শুধুমাত্র অনুভূতি প্রকাশ করার একটি উপায় নয়।,আলিঙ্গন কেবল আবেগ প্রকাশের উপায় নয়।,2.5579964770004153,,
কানে শোঁ শোঁ শব্দ হতে পারে অনেক সময় কান দিয়ে রক্তও বের হতে পারে,কানে বাজতে পারে এবং অনেক সময় কান থেকে রক্তও বের হতে পারে।,কানে শোঁ শোঁ আওয়াজ হওয়ার পাশাপাশি অনেক সময় কান থেকে রক্তও বের হতে পারে।,2.8971573759999956,,
রক্তের উপাদানগত সমস্যা বা কোনো কারণে সাময়িকভাবে রক্তের ঘনত্ব বৃদ্ধি পেলে যেমন পানি শূন্যতা রক্ত ধমনির ভেতরেই জমাট বেঁধে যায় ও রক্ত চলাচলের পথ বন্ধ করে দেয়,"রক্তের উপাদানের সমস্যা বা যেকোনো কারণে রক্তের ঘনত্ব সাময়িকভাবে বেড়ে যাওয়া, যেমন ডিহাইড্রেশন, ধমনীর ভেতরে রক্ত ​​জমাট বাঁধে এবং রক্ত ​​চলাচলে বাধা সৃষ্টি করে।","রক্তের উপাদানগত ত্রুটি বা অস্থায়ীভাবে রক্তের ঘনত্ব বেড়ে গেলে, যেমন পানিশূন্যতার কারণে, রক্ত",3.5627186940000684,,
 করোনায় যাদের ডায়াবেটিস ছিল না তাদের অনেকের ডায়াবেটিস হয়েছে,করোনায় যাদের ডায়াবেটিস ছিল না তাদের অনেকেরই ডায়াবেটিস হয়েছে।,"করোনায় আক্রান্ত হয়ে যাদের আগে ডায়াবেটিস ছিল না, তাদের অনেকেরই ডায়াবেটিস ধরা পড়েছে।",1.447720553000181,,
৫ থেকে ৯ বছর বয়সী ৩৬৪ জন ১০১৪ বছরের ১০৩ জন এবং ১৫১৮ বছরের ৩৯ জন,"5 থেকে 9 বছর বয়সী 364, 103 1014 এবং 39 বছর বয়সী 1518।","৩৬৪ জন ৫-৯ বছর বয়সের, ১০৩ জন ১০-১৪ বছর বয়সের",4.102881413000432,,
যাদের খুশকি হয় তারা মাথা ভেজা রাখবেন না এবং ভেজা অবস্থায় চুল বাঁধবেনও না,খুশকিতে আক্রান্ত ব্যক্তিদের মাথার ত্বক ভেজা রাখা উচিত নয় এবং ভেজা অবস্থায় চুল বাঁধবেন না।,"খুশকি থাকলে মাথা ভেজা রাখা উচিত নয়, আর ভেজা চুল বাঁধাও ঠিক না।",1.3773768609999024,,
প্রসব পরবর্তী থায়রয়েড গ্রন্থির প্রদাহ সব সময় প্রতিরোধ করা সম্ভব হবে তা নয়,প্রসবোত্তর থাইরয়েডাইটিস সবসময় প্রতিরোধযোগ্য নয়।,প্রসবোত্তর থাইরয়েড গ্রন্থির প্রদাহ,5.4944532279996565,,
আমরা অনেকেই জানি না এ অঙ্গপ্রত্যঙ্গের মধ্যে প্রধান হল আমাদের অন্তঃকর্ণ,আমরা অনেকেই জানি না যে এই অঙ্গগুলির মধ্যে প্রধান হল আমাদের ভিতরের কান।,আমাদের মধ্যে অনেকেই অজানা যে এই অঙ্গগুলোর মধ্যে সবচেয়ে গুরুত্বপূর্ণ হলো আমাদের ভেতরের কান।,2.953498617999685,,
 পেশিতে বল কম পাওয়া এবং গিরা শক্ত হয়ে ধরে থাকায় শারীরিক কার্যক্ষমতার অবনতি,পেশী শক্তি হ্রাস এবং টাইট জয়েন্টগুলির কারণে শারীরিক কর্মক্ষমতা ব্যাহত হয়।,পেশি দুর্বল হওয়া ও জোড়া শক্ত হয়ে যাওয়ার ফলে শারীরিক কর্মক্ষমতা হ্রাস পায়।,3.5960066699999516,,
পেপটিক আলসার ডায়াবেটিস হৃদরোগী বাতব্যথার রোগীও সরাসরি রোজায় উপকার পান,"পেপটিক আলসার, ডায়াবেটিস, হৃদরোগ এবং আর্থ্রাইটিসের রোগীরাও রোজা রাখলে সরাসরি উপকার হয়।","পেপটিক আলসার, ডায়াবেটিস, হৃদরোগ ও বাতব্যথায় আক্রান্ত রোগীরাও রোজা রেখে সরাসরি উপকৃত হন।",2.179325560000507,,
সারাবছরই ফ্রিজে বরফ জমিয়ে রাখতে হয় তবে এর সবচেয়ে বেশি প্রয়োজন পড়ে গরমকালে,"আপনাকে সারা বছর ফ্রিজে বরফ রাখতে হবে, তবে গ্রীষ্মের মাসগুলিতে এটি সবচেয়ে বেশি প্রয়োজন।","গরমকালে ফ্রিজে বরফ জমিয়ে রাখার প্রয়োজন সবচেয়ে বেশি হয়, তবে সারা বছরই এটি করতে হয়।",11.274040815000262,,
যখন রোগটি আকৃতিতে বৃদ্ধি পায় তখন আক্রান্ত স্থান সমান থেকে উঁচু হয়ে যায়,রোগটি আকারে অগ্রসর হওয়ার সাথে সাথে আক্রান্ত স্থান সমতল থেকে উঁচু হয়ে যায়।,"রোগটি যখন আকারে বড় হয়, তখন আক্রান্ত জায়গাটি সমতল থেকে উঁচু হয়ে পড়ে।",1.0352809979995072,,
ওষুধ খাওয়ার সময় শিশুরা কাঁদতে থাকে,ওষুধ খাওয়ার সময় শিশুরা কাঁদে।,ওষুধ খাওয়ার সময় বাচ্চারা কান্নাকাটি শুরু করে।,10.917898118000267,,
ডাক্তাররা আসলে তাদের পুরো জীবনটাই রোগীর জন্য উৎসর্গ করে,ডাক্তাররা আসলে তাদের পুরো জীবন তাদের রোগীদের জন্য উৎসর্গ করে।,ডাক্তাররা সত্যিই তাদের সমগ্র জীবন রোগীদের জন্য নিবেদিত করেন।,8.298789598999974,,
হাঁপানি থেকে বাঁচার উপায় নিয়ে বিস্তারিত জানিয়েছেন অ্যালার্জি ও অ্যাজমা রোগ বিশেষজ্ঞ অধ্যাপক ডা গোবিন্দ চন্দ্র দাস,অ্যালার্জি ও অ্যাজমা বিশেষজ্ঞ প্রফেসর ডাঃ গোবিন্দ চন্দ্র দাস অ্যাজমা থেকে কীভাবে মুক্তি পাবেন তা বিস্তারিত জানিয়েছেন।,অ্যালার্জি ও অ্যাজমা বিশেষজ্ঞ অধ্যাপক ডা. গোবিন্দ চন্দ্র দাস হাঁপানি থেকে রক্ষার উপায় সম্পর্কে বিস্তারিত জানিয়েছেন।,2.3339081129997794,,
আর বাঙালির রান্নাঘরে শাকের কোনো কমতি নেই,আর বাঙালির রান্নাঘরে সবজির অভাব নেই।,বাঙালির রান্নাঘরে শাকের কোনো অভাব নেই।,1.6329637699991508,,
কিডনি রোগের উপসর্গ ও লক্ষণ,কিডনি রোগের লক্ষণ ও লক্ষণ,কিডনির অসুখের লক্ষণ ও উপসর্গ।,1.020259408000129,,
কিন্তু মজার ব্যাপার হচ্ছে পেঁপের সঙ্গে পেঁপের বীজও যে আমাদের শরীরের জন্য অনেক বেশি পুষ্টি সরবরাহকারী তা আমরা বেশির ভাগ মানুষই জানি না,কিন্তু মজার ব্যাপার হল আমরা অনেকেই জানি না যে পেঁপে এবং পেঁপের বীজও আমাদের শরীরের জন্য খুবই পুষ্টিকর।,"আশ্চর্যের বিষয় হলো, পেঁপের বীজও পেঁপের মতোই আমাদের শরীরের জন্য অত্যন্ত পুষ্টিকর, কিন্তু অধিকাংশ মানুষই তা জানেন না।",9.897427385999436,,
চারটি দেশ ও অঞ্চল ছাড়া সব দেশ থেকেই যাত্রী আসা বন্ধ করে দেয়া হয়েছে,চারটি দেশ ও অঞ্চল ছাড়া বাকি সবগুলো থেকে যাত্রীদের আগমন নিষিদ্ধ করা হয়েছে।,চারটি দেশ ও অঞ্চল ব্যতীত সব দেশ থেকেই যাত্রী আসা বন্ধ করে দেওয়া হয়েছে।,27.670406324000396,,
নিয়মিত স্বাভাবিক খাবার খেলেও গলার ভেতর ময়লা জমতে পারে না,নিয়মিত খাবার খেলেও গলায় ময়লা জমতে পারে না।,নিয়মিত সাধারণ খাবার খেলেও গলায় ময়লা জমে না।,0.7999740499999461,,
সচরাচর ছোট্ট শিশুদের ফিস্টুলা হয় যদিও যেকোনো বয়সেই এনাল ফিশার হতে পারে,"ছোট বাচ্চাদের মধ্যে ফিস্টুলা বেশি দেখা যায়, যদিও মলদ্বারে ফাটল যে কোন বয়সে হতে পারে।",ছোট শিশুদের সাধারণত ফিস্টুলা দেখা দিলেও যেকোনো বয়সেই পায়ুপথে ফাটল হতে পারে।,3.0238201709998975,,
শুকনো খোলায় জিরা ধনে এবং শুকনো মরিচ ভেজে গুঁড়ো করে নিন,"একটি শুকনো প্যানে জিরা, ধনেপাতা এবং শুকনো মরিচ ভাজুন এবং গুঁড়ো করে নিন।","শুকনো পাত্রে জিরা, ধনে ও শুকনো মরিচ ভেজে পিষে নিন।",5.228750790000049,,
রক্ত উঠানামা একটি জটিল স্বাস্থ্যগত সমস্যা,রক্ত জমাট বাঁধা একটি জটিল স্বাস্থ্য সমস্যা।,রক্তচাপের ওঠানামা একটি জটিল স্বাস্থ্যগত ব্যাপার।,3.019216416000745,,
শুধু রোজার ক্ষেত্রে পেস্ট ও ব্রাশসহকারে ইফতার ও সাহ্রির পর দুবার ভালো করে দাঁত ব্রাশ করতে হবে,শুধুমাত্র রোজা অবস্থায়ই ইফতার ও সাহরির পর টুথপেস্ট এবং ব্রাশ দিয়ে ভালোভাবে দাঁত ব্রাশ করা উচিত।,রোজা রাখার সময় শুধু ইফতার ও সাহ্রির পর প,4.874772223000036,,
শুধু তাই নয় রোগপ্রতিরোধ কম ওয়ালা কেউ এতে আক্রান্ত হলে মৃত্যুঝুঁকিও তার বেশি,"শুধু তাই নয়, কম রোগ প্রতিরোধ ক্ষমতা সম্পন্ন কেউ আক্রান্ত হলে মৃত্যুর ঝুঁকিও বেশি।","শুধু এটাই না, রোগ প্রতিরোধ ক্ষমতা কম থাকা ব্যক্তি আক্রান্ত হলে তার মৃত্যুর আশঙ্কাও বেশি থাকে।",1.368907520999528,,
 বিভিন্ন দেশে দেখার পরে আমরা বাংলাদেশের বিশেষজ্ঞদের সঙ্গে আলাপ করে এটা নিয়ে এসেছি,বিভিন্ন দেশ ঘুরে বাংলাদেশের বিশেষজ্ঞদের সঙ্গে কথা বলে আমরা বিষয়টি নিয়ে এসেছি।,বিভিন্ন দেশে পর্যবেক্ষণ শেষে আমরা বাংলাদেশের বিশেষজ্ঞদের সাথে পরামর্শ করে এটি নিয়ে এসেছি।,4.402407827999923,,
বমির সমস্যা থেকে মুক্তি পেতে কাছে রাখতে পারেন লেবুর পাতা যার ঘ্রাণ বমিভাব কাটাতে সাহায্য করে,"বমির সমস্যা থেকে মুক্তি পেতে লেবু পাতা রাখতে পারেন, যার গন্ধ বমি বমি ভাব কমাতে সাহায্য করে।","বমি ভাব দূর করতে লেবুর পাতা কাছে রাখা যেতে পারে, এর গন্ধ বমি সমস্যা কমাতে সাহায্য করে।",32.14205024700004,,
বিচারপতি কে এম কামরুল কাদের ও বিচারপতি মোহাম্মদ আলীর সমন্বয়ে গঠিত হাইকোর্ট বেঞ্চে মঙ্গলবার সশরীরে হাজির হয়ে লিখিতভাবে ক্ষমা চান তিনি,মঙ্গলবার বিচারপতি কে এম কামরুল কাদের ও বিচারপতি মোহাম্মদ আলীর হাইকোর্ট বেঞ্চে তিনি ব্যক্তিগতভাবে হাজির হয়ে লিখিতভাবে ক্ষমা চান।,মঙ্গলবার বিচারপতি কে এম কামরুল কাদের ও বিচারপতি মোহাম্মদ আলীর হাইকোর্ট বেঞ্চে ব্যক্তিগতভাবে উপস্থিত হয়ে তিনি লিখিতভাবে ক্ষমা প্রার্থনা করেন।,5.704276020000179,,
খেয়াল রাখতে হবে বাচ্চা যেন ভেজা অবস্থায় থেকে না যায়,বাচ্চা যাতে ভিজে না থাকে সেদিকে খেয়াল রাখতে হবে।,"বাচ্চা যেন ভিজে অবস্থায় না থাকে, সেদিকে নজর রাখতে হবে।",6.2489854170007675,,
গবেষকরা জানিয়েছেন চীনের হুবেই প্রদেশের উহান শহরে প্রথম শনাক্ত হওয়ার বহু আগ থেকেই প্রাণী থেকে মানুষের শরীরে এ ভাইরাস ছড়িয়েছে,"গবেষকরা বলছেন, ভাইরাসটি চীনের হুবেই প্রদেশের উহানে প্রথম শনাক্ত হওয়ার অনেক আগেই প্রাণী থেকে মানুষের মধ্যে ছড়িয়ে পড়েছে।","গবেষকদের মতে, উহান শহরে প্রথম শনাক্ত হওয়ার অনেক আগেই প্রাণী থেকে মানুষের দেহে ভাইরাসটি ছড়িয়ে পড়েছিল।",6.196032660999663,,
২ ডিম্বাশয়ে সিস্ট আছে কি না তা জানতে আলট্রাসনোগ্রাফি,2 ডিম্বাশয়ে সিস্ট আছে কিনা তা খুঁজে বের করতে আলট্রাসনোগ্রাফি,আলট্রাসনোগ্রাফির মাধ্যমে জানা যায় দুই ডিম্বাশয়ে সিস্ট রয়েছে কিনা।,0.6347404980006104,,
প্রধানমন্ত্রী বলেন আমি মনে করি যত বেশি আমাদের গবেষণা বাড়বে তত বেশি জাতি হিসাবে অর্থনৈতিক উন্নয়নে আমাদের দেশের মানুষ অবদান রাখতে পারবে,"প্রধানমন্ত্রী বলেন, আমি মনে করি আমাদের গবেষণা যত বাড়বে, আমাদের দেশের মানুষ জাতি হিসেবে অর্থনৈতিক উন্নয়নে তত বেশি অবদান রাখতে পারবে।","প্রধানমন্ত্রী বলেছেন, গবেষণার পরিধি যত বিস্তৃত হবে, ততই জাতি হিসেবে আমাদের দেশের মানুষ অর্থনৈতিক উন্নয়নে অবদান রাখতে পারবে।",3.6229708880000544,,
"বহুমূত্র রোগ বা ডায়াবেটিস হলো একটি গুরুতর ও দীর্ঘমেয়াদি অবস্থা, যেটি ঘটে যখন রক্তের গ্লুকোজের মাত্রা দীর্ঘসময় ধরে স্বাভাবিকের চেয়ে বেশি থাকে",পলিউরিয়া বা ডায়াবেটিস একটি গুরুতর এবং দীর্ঘমেয়াদী অবস্থা যা দীর্ঘ সময়ের জন্য রক্তে গ্লুকোজের মাত্রা স্বাভাবিকের চেয়ে বেশি হলে ঘটে।,,12.440824283999973,request_error:'NoneType' object has no attribute 'strip',
তবে এই সমস্যার সহজ সমাধান হল সারাদিন ধরে পর্যাপ্ত পানি পান করা,কিন্তু এই সমস্যার সহজ সমাধান হল সারাদিন পর্যাপ্ত পানি পান করা।,তবে এই সমস্যার সরল সমাধান হলো সারা দিন ধরে যথেষ্ট পরিমাণ পানি খাওয়া।,1.2898917400007122,,
কোনো রোগীর কোনো দিন পেটেব্যথা না হলে এবং হঠাৎ করে কোনো দিন পেটেব্যথা হলে সঙ্গে প্রচুর ঘাম হলে বা বমি হলে সে ক্ষেত্রে যেহেতু হৃৎপিণ্ডের ব্লকজনিত কারণে হওয়ার আশঙ্কা বেশি সে ক্ষেত্রে অতিসত্বর নিকটস্থ হাসপাতাল বা স্বাস্থ্যকেন্দ্রে ইসিজি বা রক্তপরীক্ষা যেমন কার্ডিয়াক ট্রপোনিন আই পরীক্ষাটি করিয়ে নেওয়া উচিত,"যদি একজন রোগীর একদিনের জন্য পেটে ব্যথা না হয় এবং হঠাৎ পেটে ব্যথার সাথে প্রচুর ঘাম বা বমি হওয়ার সম্ভাবনা থাকে হার্ট ব্লকের কারণে, একটি ইসিজি বা রক্ত ​​​​পরীক্ষা যেমন কার্ডিয়াক ট্রপোনিন I যত তাড়াতাড়ি সম্ভব নিকটতম সময়ে করা উচিত। হাসপাতাল বা স্বাস্থ্য কেন্দ্র।","কোনো রোগীর যদি কোনো দিন পেটে ব্যথা না থাকে, আর হঠাৎ একদিন পেটে ব্যথা শুরু হয় আর তার সাথে প্রচুর ঘাম বা বমি হয়, তাহলে সেটা হৃৎপিণ্ডের ব্লকের কারণে হওয়ার সম্ভাবনা বেশি, তাই দ্রুত নিকটবর্তী হাসপাতাল বা স্বাস্থ্যকেন্দ্রে গিয়ে ইসিজি বা কার্ডিয়াক ট্রপোনিন আই-এর মতো রক্তপরীক্ষা করানো উচিত।",2.5532841529993675,,
সে হিসাবে মার্চে মৃত্যু ফেব্রুয়ারির চেয়ে ৬২ শতাংশ মৃত্যু কম ছিল,"সেই অনুযায়ী, ফেব্রুয়ারির তুলনায় মার্চে মৃত্যু ৬২ শতাংশ কম।","ফেব্রুয়ারির তুলনায় মার্চে মৃত্যুর সংখ্যা ৬২ শতাংশ কম ছিল, সেই হিসাবেই।",3.173884237000493,,
একই সময়ে হাসপাতালে ভর্তি হয়েছেন আরও ৮৮৬ জন,একই সময়ে আরও ৮৮৬ জনকে হাসপাতালে ভর্তি করা হয়েছে।,হাসপাতালে একই সময়ে আরও ৮৮৬ জন ভর্তি হয়েছেন।,8.427802032999352,,
এই ডেলিভারির সময় সঠিক মনিটরিং না হলে মা ও বাচ্চার জটিলতার হার বেড়ে যায়,এই প্রসবের সময় সঠিক পর্যবেক্ষণ না করা হলে মা ও শিশুর জটিলতার হার বেড়ে যায়।,এই প্রসবের সময় সঠিক পর্যবেক্ষণ না থাকলে মা ও শিশুর জটিলতার হার বৃদ্ধি পায়।,40.935766316999434,,
যেমন আক্রান্ত ব্যক্তির শরীরের তাপমাত্রা কমাতে ঠাণ্ডা বা বরফ মিশ্রিত পানি দিয়ে শরীর মুছে দিন,যেমন আক্রান্ত ব্যক্তির শরীরের তাপমাত্রা কমাতে ঠাণ্ডা বা বরফের পানি দিয়ে শরীর মুছে নিন।,"উদাহরণস্বরূপ, আক্রান্ত ব্যক্তির দেহের তাপমাত্রা কমানোর জন্য ঠাণ্ডা পানি বা বরফ মেশানো পানি দিয়ে শরীর মুছে ফেলুন।",5.0407420679994175,,
এই হরমোন কমে যাওয়ার ফলে ও আয়রনের অভাব থেকে মুড সুইং হয়ে থাকে,এই হরমোন হ্রাস এবং আয়রনের ঘাটতির কারণে মেজাজের পরিবর্তন ঘটে।,মেজাজ পরিবর্তন ঘটে এই হরমোন হ্রাস পাওয়ার কারণে এবং আয়রনের ঘাটতি থেকেও।,5.968728132999786,,
ডা মো আসাফুজ্জোহা রাজ রাজ ডেন্টাল সেন্টার কলাবাগান ঢাকা,ডাঃ আসাফুজ্জোহা রাজ ডেন্টাল সেন্টার কলাবাগান ঢাকা,"ডা. মো. আসাফুজ্জোহা রাজ রাজ ডেন্টাল সেন্টারটি কলাবাগান, ঢাকায় অবস্থিত।",1.7029931420001958,,
 আমাদের দেহে রোগ প্রতিরোধ ক্ষমতা বৃদ্ধি করে,আমাদের শরীরে রোগ প্রতিরোধ ক্ষমতা বাড়ায়।,আমাদের শরীরের রোগ প্রতিরোধ ক্ষমতা বাড়িয়ে দেয়।,3.631290485000136,,
"শুরুর দিকে ডায়াবেটিক কিডনি রোগ
যত প্রাথমিক অবস্থায় ডায়াবেটিক কিডনি রোগ শনাক্ত করা যাবে তত কার্যকরী পদক্ষেপ নেওয়ার সুযোগ তৈরি হবে","প্রথম দিকে ডায়াবেটিক কিডনি রোগ আগে ডায়াবেটিক কিডনি রোগ সনাক্ত করা হয়, আরো কার্যকর ব্যবস্থা গ্রহণ করা যেতে পারে.",প্রাথমিক পর্যায়ে ডায়াবেটিক কিডনি রোগ শনাক্ত করা গেলে তত বেশি কার্যকরী ব্যবস্থা নেওয়া সম্ভব।,4.263014473000112,,
নির্ধারিত তারিখে চাকরিতে যোগদান না করলে তিনি চাকরিতে যোগদান করতে সম্মত নন বলে ধরে নেয়া হবে এবং এ নিয়োগপত্র বাতিল হয়ে যাবে বলে আদেশে উল্লেখ করা হয়েছে,"আদেশে বলা হয়েছে, নির্ধারিত তারিখে চাকরিতে যোগদান না করলে তিনি চাকরিতে যোগ দিতে রাজি নন বলে গণ্য হবে এবং নিয়োগপত্র বাতিল করা হবে।","নির্দিষ্ট দিনে চাকরিতে না যোগ দিলে ধরা হবে যে তিনি কাজে যোগ দিতে রাজি নন, এবং এই নিয়োগপত্র বাতিল হয়ে যাবে বলে আদেশে বলা হয়েছে।",1.8120089260000896,,
তাই করোনা সংক্রমণের ঝুঁকি এড়াতে সামাজিক শিষ্টাচারসহ হাঁচিকাশির শিষ্টাচার মেনে চলার বিকল্প নেই,করোনা সংক্রমণের ঝুঁকি এড়াতে হাঁচি দেওয়ার শিষ্টাচারসহ সামাজিক শিষ্টাচারের কোনো বিকল্প নেই।,করোনা সংক্রমণ এড়াতে সামাজিক ও হাঁচি-কাশির শিষ্টাচার মেনে চলা ছাড়া কোনো বিকল্প নেই।,3.248920320999787,,
’ শেখ হাসিনা ন্যাশনাল ইনস্টিটিউট অব বার্ন অ্যান্ড প্লাস্টিক সার্জারির জাতীয় সমন্বয়কারী ডা. সামন্ত লাল সেন হবিগঞ্জে সাংবাদিকদের সাথে মতবিনিময়কালে এ মন্তব্য করেন,হবিগঞ্জে সাংবাদিকদের সঙ্গে মতবিনিময়কালে শেখ হাসিনা জাতীয় বার্ন অ্যান্ড প্লাস্টিক সার্জারি ইনস্টিটিউটের জাতীয় সমন্বয়ক ডা: সামন্ত লাল সেন এ মন্তব্য করেন।,হবিগঞ্জে সাংবাদিকদের সঙ্গে মতবিনিময়ের সময় শেখ হাসিনা ন্যাশনাল ইনস্টিটিউট অব বার্ন অ্যান্ড প্লাস্টিক সার্জারির জাতীয় সমন্বয়কারী ডা. সামন্ত লাল সেন এই মন্তব্য করেন।,1.3506870709998111,,
৫ বছরের কম বয়সী শিশুদের মধ্যে জটিলতা দেখা দিতে পারে,5 বছরের কম বয়সী শিশুদের মধ্যে জটিলতা দেখা দিতে পারে।,,8.55124212299961,request_error:'NoneType' object has no attribute 'strip',
সারাদিন ব্যস্ততার পর বিছানায় শুয়েই শান্তির ঘুম কে না চায় কিন্তু নানারকম পদ্ধতি ট্রাই করেও কোনভাবেই ঘুম আসছে না বিছানায় শুলেই ঘুম একেবারে গায়েব,সারাদিনের ব্যস্ততার পর বিছানায় শান্তিতে ঘুমাতে কে না চায় কিন্তু বিভিন্ন পদ্ধতি চেষ্টা করেও ঘুম আসে না - বিছানায় শুয়ে পড়লে ঘুম একেবারেই অদৃশ্য হয়ে যায়।,"সারাদিন কাজের চাপের পর বিছানায় শুয়ে আরামের ঘুম কে না পেতে চায়, কিন্তু নানা উপায় চেষ্টা করেও ঘুম আসছে না, বিছানায় শুলেই যেন ঘুম উধাও হয়ে যায়।",2.0739335540001775,,
 দেখে নিন যাদুকরী পানীয় আখের রসের উপকারিতা-,জাদুকরী পানীয় আখের রসের উপকারিতা দেখুন।,জাদুকরি এই পানীয় আখের রসের গুণাগুণ জেনে নিন।,0.6456166699999812,,
কিন্তু তখনো পাতলা পায়খানা ও বমির রেশ ছিল,কিন্তু তারপরও ডায়রিয়া ও বমি হচ্ছিল।,কিন্তু তখনও পাতলা পায়খানা ও বমির ভাব ছিল।,0.511888380999153,,
৭ প্রতিটি বেসরকারি চিকিৎসা প্রতিষ্ঠানে জব সিকিউরিটি ও সরকারি নীতিমালা অনুযায়ী বেতন কাঠামো অনুযায়ী সার্ভিস রুল থাকতে হবে,7 প্রতিটি বেসরকারি চিকিৎসা প্রতিষ্ঠানের চাকরির নিরাপত্তা এবং সরকারি নীতি অনুযায়ী বেতন কাঠামো অনুযায়ী পরিষেবা বিধি থাকতে হবে।,প্রত্যেকটি বেসরকারি স্বাস্থ্যসেবা কেন্দ্রে চাকরির নিরাপত্তা ও সরকারি নিয়ম অনুযায়ী বেতন কাঠামোর ভিত্তিতে সেবা বিধি থাকা আবশ্যক।,18.985065066999596,,
যন্ত্রকে অনেকদিন ব্যবহার না করে ফেলে রাখলে যেমন অকেজো হয়ে যায় ঠিক তেমনি আমাদের শরীর ও মন নিয়মিত কায়িক পরিশ্রমের অভাবে ঠিকভাবে বিকশিত হতে পারে না,"দীর্ঘ সময় অব্যবহৃত থাকলে একটি যন্ত্র যেমন অকেজো হয়ে যায়, তেমনি নিয়মিত শারীরিক পরিশ্রম ছাড়া আমাদের শরীর ও মনের সঠিক বিকাশ ঘটে না।","আমাদের শরীর ও মন নিয়মিত শারীরিক পরিশ্রম না করলে ঠিকভাবে গড়ে উঠতে পারে না, যেমন যন্ত্র দ",3.89293949399962,,
শিশুর বিকাশে বিলম্ব দেখা দিলে দেরি না করে দ্রুত তার কারণ নির্ণয় করার জন্য চিকিৎসক বিশেষত শিশুনিউরোলজিস্টের পরামর্শ নেওয়া প্রয়োজন,"যদি একটি শিশুর বিকাশে বিলম্ব হয়, তবে দেরি না করে দ্রুত কারণ নির্ণয় করার জন্য একজন ডাক্তার, বিশেষ করে একজন পেডিয়াট্রিক নিউরোলজিস্টের সাথে পরামর্শ করা গুরুত্বপূর্ণ।","শিশুর বিকাশে দেরি হলে দ্রুত কারণ নির্ণয়ের জন্য চিকিৎসকের, বিশেষ করে শিশুনিউরোলজিস্টের পরামর্শ নেওয়া জরুরি।",1.240262411999538,,
 সে ক্ষেত্রে প্রথমেই কমাতে হবে লবণ খাওয়ার পরিমাণ,সেক্ষেত্রে প্রথমে লবণ খাওয়ার পরিমাণ কমাতে হবে।,"প্রথমত, সেই অবস্থায় লবণ গ্রহণের মাত্রা কমানো জরুরি।",6.768935000000056,,
" কমলা লেবুতে রয়েছে ভিটামিন সি, ফাইবার","কমলালেবুতে রয়েছে ভিটামিন সি, ফাইবার।",কমলা লেবুতে ভিটামিন সি ও ফাইবার বিদ্যমান।,1.208033095999781,,
কিন্তু ধীরে ধীরে এর মাত্রা কমতে থাকে এবং এই পরিবর্তন কয়েক বছর ধরে চলে,কিন্তু ধীরে ধীরে এর মাত্রা কমতে থাকে এবং এই পরিবর্তন কয়েক বছর স্থায়ী হয়।,তবে ধীরে ধীরে এর পরিমাণ কমতে থাকে এবং এই পরিবর্তনটি কয়েক বছর ধরে চলতে থাকে।,2.262964839000233,,
ডায়াপারের ঘষা লেগে শিশুর কচি ত্বক ছড়ে গেলে মূত্রে থাকা জীবানুরা ভিজে ও স্যাঁতস্যাঁতে জায়গায় দ্রুত বংশবৃদ্ধি করে ছড়িয়ে পড়ে,"যখন একটি শিশুর ত্বকে ডায়াপার ঘষা হয়, তখন প্রস্রাবের ব্যাকটেরিয়া ভেজা ও স্যাঁতসেঁতে জায়গায় সংখ্যাবৃদ্ধি করতে পারে এবং দ্রুত ছড়িয়ে পড়তে পারে।","ডায়াপারের সংস্পর্শে শিশুর কোমল ত্বক ক্ষতিগ্রস্ত হলে, প্রস্রাবে উপস্থিত ব্যাকটেরিয়া আর্দ্র ও স্যাঁতসেঁতে স্থানে দ্রুত সংখ্যাবৃদ্ধি করে ছড়িয়ে যায়।",2.7410799669996777,,
তারা দুজনে মিলে আরমানকে বাঁধতে গেলে আরমান দিলো ভুঁদৌড়,দুজনে আরমানকে বেঁধে দিতে গেলে আরমান তাকে জড়িয়ে ধরে।,"আরমানকে বাঁধতে গিয়ে দুজন মিলে এগোলে, আরমান একটি ভুঁদৌড় মেরে বাঁচল।",3.4142756530000042,,
যাদের নিয়মিত নাক দিয়ে রক্ত পড়ে তাদের অবশ্যই একজন নাককানগলা রোগ বিশেষজ্ঞ দিয়ে এন্ডোস্কোপির মাধ্যমে নাকের ভেতর ভালোভাবে দেখে নেয়া উচিত,নিয়মিত নাক দিয়ে রক্ত ​​পড়া লোকদের একজন অটোল্যারিঙ্গোলজিস্ট দ্বারা এন্ডোস্কোপি করা উচিত।,নিয়মিত নাক থেকে রক্ত পড়লে এন্ডোস্কোপির মাধ্যমে নাকের ভেতর ভালোভাবে পরীক্ষা করানোর জন্য একজন নাক-কান-গলা বিশেষজ্ঞের পরামর্শ নেওয়া জরুরি।,2.3719884920001277,,
যেহেতু মা বাচ্চাকে বারবার ব্রেস্ট ফিডিং করায় সেক্ষেত্রে মায়ের শরীর ডিহাইড্রেশন থেকে কনস্টিপেশন তথা কোষ্ঠকাঠিন্য দেখা দেয়,মা বারবার শিশুকে বুকের দুধ খাওয়ানোর ফলে মায়ের শরীর পানিশূন্যতার কারণে কোষ্ঠকাঠিন্য হয়ে যায়।,"মা যখন শিশুকে বারবার স্তন্যপান করান, তখন তার শরীরে পানিশূন্যতা থেকে কোষ্ঠকাঠিন্য দেখা দিতে পারে।",1.1856217620006646,,
অতিরিক্ত গরম আবহাওয়ায় স্যালাইনও খেতে পারেন,অত্যন্ত গরম আবহাওয়ায় আপনি স্যালাইনও পান করতে পারেন।,গরমের সময়ে স্যালাইনও পান করতে পারেন।,2.1429081200003566,,
রক্তে শর্করার মাত্রা সঠিক রাখার উদ্দেশ্য হলো,উদ্দেশ্য রক্তে শর্করার মাত্রা ঠিক রাখা।,রক্তে চিনির পরিমাণ ঠিক রাখার লক্ষ্য হলো,0.7465838620000795,,
করোনা পরিস্থিতির শুরুতে ডাক্তারদের পর্যাপ্ত সুরক্ষা পোশাক কিন্তু ছিল না,করোনা পরিস্থিতির শুরুতে চিকিৎসকদের পর্যাপ্ত প্রতিরক্ষামূলক পোশাক ছিল না।,করোনা মহামারির শুরুর দিকে চিকিৎসকদের কাছে পর্যাপ্ত সুরক্ষা পোশাক ছিল না।,2.004998572999284,,
এজন্য একে ছাই চাপা তুশের আগুনের সাথে তুলনা করে হয়,এজন্য একে ছাইয়ে ঢাকা আগুনের সাথে তুলনা করা হয়।,তাই একে ছাইয়ের নিচে চাপা আগুনের সঙ্গে তুলনা করা হয়।,3.4810393799998565,,
তাই এ অবস্থা থেকে মুক্ত থাকতে করণীয় হল,তাই এ অবস্থা থেকে মুক্ত থাকা প্রয়োজন।,তাই এই পরিস্থিতি থেকে বাঁচতে যা করা উচিত তা হলো,0.8049513599999045,,
এসব মশা বদ্ধ জলাশয়ে বাড়ির আশপাশে ঝোপঝাড়ে ঘরের পাশে ফেলা টব বালতি হাঁড়িপাতিল বাসন ইত্যাদিতে জমে থাকা বৃষ্টির পানিতে বসবাস করে এবং বংশবিস্তার করে,"এই মশাগুলো বদ্ধ জলাশয়ে, ঘরের আশেপাশের ঝোপ, টব, বালতি, হাঁড়ি ইত্যাদিতে জমে থাকা বৃষ্টির পানিতে বাস করে এবং বংশবিস্তার করে।","এই মশাগুলো থেমে থাকা জলের মধ্যে, বাড়ির আশেপাশের ঝোপে, আর ঘরের পাশে ফেলে দেওয়া টব, বালতি, হাঁড়ি-পাতিল, বাসন ইত্যাদিতে জমে থাকা বৃষ্টির পানিতেই বাস করে এবং নিজেদের বংশবৃদ্ধি করে।",24.518914346999736,,
যাদের আগে কোভিড১৯ ছিল তারা ওমিক্রন কোভিড১৯ দিয়ে পুনরায় সংক্রমিত হতে পারেন,যাদের আগে কোভিড-১৯ আছে তারা আবার ওমিক্রন কোভিড-১৯-এ আক্রান্ত হতে পারে।,"যারা আগে কোভিড-১৯ আক্রান্ত হয়েছিলেন, তারা ওমিক্রন ভেরিয়েন্টের মাধ্যমে পুনরায় সংক্রমিত হতে পারেন।",1.8152910689996133,,
একটি অসুস্থ বা অকার্যকর কিডনির কারণে একজন মানুষ দীর্ঘমেয়াদি শারীরিক জটিলতায় আক্রান্ত হয়ে ধুকে ধুকে মৃত্যুর দিকে ধাবিত হয়,একটি রোগাক্রান্ত বা অকার্যকর কিডনি একজন ব্যক্তির দীর্ঘমেয়াদী শারীরিক জটিলতায় ভুগতে পারে এবং মৃত্যুর দিকে ধাবিত হতে পারে।,একটি রোগাক্রান্ত বা নিষ্ক্রিয় কিডনির ফলে একজন ব্যক্তি দীর্ঘস্থায়ী শারীরিক সমস্যায় ভুগে ধীরে ধীরে মৃত্যুর মুখে পতিত হয়।,8.809516637000343,,
যেমন শ্বাসকষ্ট মুখ ফোলা পেট ফোলা জন্ডিস প্রস্রাব কম হওয়া বা না হওয়া গলার স্বরে পরির্বতন ইত্যাদি,"যেমন শ্বাসকষ্ট, মুখ ফুলে যাওয়া, পেট ফুলে যাওয়া, জন্ডিস, প্রস্রাব কমে যাওয়া বা না হওয়া, গলার স্বর পরিবর্তন হওয়া ইত্যাদি।","শ্বাসকষ্ট, মুখ ফোলা, পেট ফোলা, জন্ডিস, প্রস্রাব কমে যাওয়া বা বন্ধ হয়ে যাওয়া, এবং গলার স্বরে পরিবর্তনের মতো লক্ষণগুলো দেখা দিতে পারে।",2.0094206900002973,,
 তার ওপর গরম আবহাওয়া হলে তো কথাই নেই,আবহাওয়া গরম হলে এটা কোন ব্যাপার না।,,9.937502523999683,request_error:'NoneType' object has no attribute 'strip',
এরপর পেঁয়াজ ও কাঁচামরিচ কুচি কুচি করে কেটে রাখুন,তারপর পেঁয়াজ ও কাঁচা মরিচ কুচি করে কেটে নিন।,এরপর পেঁয়াজ ও কাঁচামরিচ ছোট ছোট টুকরো করে কেটে নিন।,2.606445856999926,,
আরেকটি পাত্রে পানি দিয়ে তাতে আগের মিশ্রণগুলো অল্প অল্প করে মিশিয়ে নাড়তে থাকুন তবে এ মিশ্রণে পানির পাশাপাশি তরল দুধ বা ডাবের পানিও ব্যবহার করেন অনেকে,"অন্য একটি পাত্রে জল যোগ করুন এবং আগের মিশ্রণগুলিকে অল্প অল্প করে মিশিয়ে নিন, তবে অনেকে জলের সাথে এই মিশ্রণে তরল দুধ বা নারকেলের জলও ব্যবহার করেন।","অন্য একটি বাটিতে জল নিয়ে তাতে পূর্বের উপাদানগুলো ধীরে ধীরে মিশিয়ে নাড়তে থাকুন, তবে এই মিশ্রণে জলের সাথে তরল দুধ বা নারকেলের জলও অনেকে ব্যবহার করেন।",1.0301868240003387,,
স্বামীস্ত্রীর যে কোনো একজন থ্যালাসেমিয়ার বাহক হলে কোনো সন্তানই রোগী হবে না তবে সন্তানের বাহক হওয়ার আশঙ্কা শতকরা ৫০ ভাগ সুস্থ হওয়ার সম্ভাবনা শতকরা ৫০ ভাগ,"যদি স্বামী/স্ত্রী উভয়েই থ্যালাসেমিয়ার বাহক হন, তাহলে কোনো সন্তান আক্রান্ত হবে না, তবে সন্তানের বাহক হওয়ার সম্ভাবনা 50% এবং পুনরুদ্ধারের সম্ভাবনা 50%।","স্বামী ও স্ত্রীর মধ্যে যে কেউ থ্যালাসেমিয়ার বাহক হলে, কোনো সন্তানই রোগাক্রান্ত হবে না, তবে সন্তানের বাহক হওয়ার সম্ভাবনা ৫০ শতাংশ এবং সুস্থ থাকার সম্ভাবনাও ৫০ শতাংশ।",3.1670671860001676,,
কাঁঠালের বীজ ত্বক ও চুল ভালো রাখতেও সাহায্য করে,কাঁঠালের বীজ ত্বক ও চুল ভালো রাখতেও সাহায্য করে।,কাঁঠালের বীজ ত্বক ও চুলের সুস্থতা বজায় রাখতেও সহায়তা করে।,4.024953365000329,,
পাইলো নেফ্রাইটিস রোগ থাকলে রোগীর কোনো উপসর্গ  নাও প্রকাশ পেতে পারে,আপনার যদি পাইলোনেফ্রাইটিস থাকে তবে রোগীর কোনও লক্ষণ নাও দেখা যেতে পারে।,পাইলো নেফ্রাইটিস রোগে আক্রান্ত রোগীর কোনো উপস,4.256475870000031,,
বিশেষজ্ঞরা করে মনে করেন সব সময়ই যে ওজন স্কেল দেখে চলতে হবে বিষয়টা এমন নয় সঠিক খাদ্যাভ্যাস আর স্বাস্থ্যকর জীবনযাপনের মাধ্যমে সুস্থ থাকাটাই বড় কথা,"বিশেষজ্ঞরা বিশ্বাস করেন যে এটি সর্বদা ওজন স্কেল দেখার বিষয়ে নয়, তবে সঠিক খাদ্য এবং একটি স্বাস্থ্যকর জীবনধারার মাধ্যমে সুস্থ থাকার বিষয়ে।","বিশেষজ্ঞদের মতে, সবসময় ওজন মাপার যন্ত্রের ওপর নির্ভর করে চলার প্রয়োজন নেই; বরং সঠিক খাদ্যাভ্যাস ও স্বাস্থ্যকর জীবনযাপনের মাধ্যমেই সুস্থ থাকাটাই মুখ্য",5.572787559000062,,
দিনে অল্প সময়ের জন্য ঘুমিয়ে পড়েও দীর্ঘ সময় ঘুমিয়ে থাকা,দিনের বেলা অল্প ঘুমিয়েও দীর্ঘ সময় ধরে ঘুমানো,দিনের বেলা অল্পক্ষণ ঘুমিয়ে পড়লেও অনেকক্ষণ ধরে ঘুমিয়ে থাকা যায়।,6.706264890000057,,
সামনে সুন্দর সময় সবার জন্য অপেক্ষা করছে,ভালো সময় সবার জন্য অপেক্ষা করছে।,সবার জন্য সামনে সুন্দর সময় অপেক্ষা করছে,3.4966142829998716,,
 তারপরই আপনার দৃষ্টি হয়ে উঠবে ঈগলের মতো!,তাহলে আপনার দৃষ্টি ঈগলের মত হয়ে যাবে!,এরপর আপনার চোখ হবে ঈগলের চোখের মতো তীক্ষ্ণ!,1.0936726330000965,,
 তৃষ্ণা পেলেও জাম খেয়ে কখনও পানি খাওয়া যাবে না,পিপাসা লাগলেও জাম খেয়ে কখনো পানি পান করা যাবে না।,জাম খাওয়ার পর তৃষ্ণা লাগলেও পানি পান করা নিষেধ।,0.9493900959996608,,
গর্ভকালীন চুল অপবিত্র বলে অনেকে জন্মের পর চুল কামান,গর্ভাবস্থায় চুল নাপাক হওয়ার কারণে অনেকেই জন্মের পর চুল আঁচড়ান।,জন্মের পর অনেকেই চুল কামিয়ে দেন কারণ গর্ভাবস্থায় চুল অশুচি বলে মনে করা হয়।,2.1319991769996705,,
অবৈধ সম্পদ অর্জন ও মানি লন্ডারিংয়ের অভিযোগে দুদকের করা পৃথক দুই মামলায় আবজাল আদালতে হাজির হয়ে আইনজীবীর মাধ্যমে আত্মসমর্পণ করে জামিন আবেদন করেন,অবৈধ সম্পদ অর্জন ও অর্থ পাচারের অভিযোগে দুদকের করা পৃথক দুটি মামলায় আবজাল তার আইনজীবীর মাধ্যমে আত্মসমর্পণ করে জামিনের আবেদন করেন।,,9.106097360000604,request_error:'NoneType' object has no attribute 'strip',
 তাই রুটি খেলে কোষ্ঠকাঠিন্যের সমস্যা অনায়াসে দূর করা যায়,তাই রুটি খেলে কোষ্ঠকাঠিন্যের সমস্যা সহজেই দূর করা যায়।,সেহেতু রুটি খাওয়ার মাধ্যমে কোষ্ঠকাঠিন্য সহজেই দূর করা সম্ভব।,2.9422951910000847,,
স্নায়ুতন্ত্রের সিএনএস আক্রমণের জন্য ভাইরাসের অনেক পথ রয়েছে,স্নায়ুতন্ত্রের সিএনএস আক্রমণ করার জন্য ভাইরাসগুলির অনেকগুলি রুট রয়েছে।,ভাইরাসটি স্নায়ুতন্ত্রের কেন্দ্রীয় স্নায়ুতন্ত্রে আক্রমণ করার জন্য একাধিক পথ ব্যবহার করতে পারে।,2.130351019000045,,
এ বয়সে ক্যালসিয়াম চ্যানেল ব্লকার এন্টিসিসিবিএমলডিপিন সিলনিডিপি এবং থায়াজাইড লাইকডাইউরেটিক ক্লোরথায়জাইড শ্রেষ্ঠতর,"এই বয়সে, ক্যালসিয়াম চ্যানেল ব্লকার অ্যান্টিসিবমোল্ডিপাইন সিলনিডিপ এবং থিয়াজাইড মূত্রবর্ধক ক্লোরথিয়াজাইড উচ্চতর।","এই বয়সে ক্যালসিয়াম চ্যানেল ব্লকার যেমন সিসিবি, অ্যামলোডিপিন, সিলনিডিপিন এবং থায়াজাইড জাতীয় মূত্রবর্ধক ক্লোরথিয়াজাইড বেশি কার্যকর।",7.527340925000317,,
 সেজন্য আগাম সতর্কতা এবং প্রস্তুতির প্রয়োজন,এজন্য আগাম সতর্কতা ও প্রস্তুতি প্রয়োজন।,তাই আগে থেকেই সতর্ক ও প্রস্তুত থাকা জরুরি।,0.7239079030005087,,
শিক্ষাপ্রতিষ্ঠানগুলোতে করোনার সংক্রমণ বিস্তার রোধে দরকার ইনফেকশন মনিটরিং যা স্বস্ব শিক্ষা প্রতিষ্ঠানে র্যাপিড এন্টিজেন টেস্ট কিট ব্যবহার করে সহজেই করা যায়,"শিক্ষাপ্রতিষ্ঠানে করোনা সংক্রমণের বিস্তার রোধে সংক্রমণ পর্যবেক্ষণ প্রয়োজন, যা শিক্ষাপ্রতিষ্ঠানে র‌্যাপিড অ্যান্টিজেন টেস্ট কিট ব্যবহার করে সহজেই করা যায়।","করোনার সংক্রমণ ঠেকাতে শিক্ষাপ্রতিষ্ঠানগুলোতে সংক্রমণ পর্যবেক্ষণ জরুরি, যা নিজ নিজ প্রতিষ্ঠানে দ্রুত অ্যান্টিজেন টেস্ট কিট ব্যবহার করে সহজেই সম্পন্ন করা সম্ভব।",0.9175573409993376,,
সব মিলিয়ে দেশটিতে করোনাভাইরাসে আক্রান্তের সংখ্যা দাঁড়াল ১১ জনে,সব মিলিয়ে দেশে করোনাভাইরাসে আক্রান্তের সংখ্যা দাঁড়িয়েছে ১১ জন।,দেশটিতে মোট করোনাভাইরাস আক্রান্তের সংখ্যা এখন ১১ জনে পৌঁছেছে।,0.7247034820002227,,
অনুষ্ঠানে অন্য একটি গবেষণা তুলে ধরে অক্সফোর্ড ইউনিভার্সিটির গবেষক চিকিৎসক ডা ফরহাদ মারুফ বলেন বিশ্বজুড়ে এ সুপারবাগ ইনফেকশনে বছরে মারা যাচ্ছে ৫০ লাখ মানুষ,"অক্সফোর্ড ইউনিভার্সিটির গবেষক ডক্টর ফরহাদ মারুফ অনুষ্ঠানে আরেকটি গবেষণার কথা তুলে ধরে বলেন, সারা বিশ্বে এই সুপারবাগ সংক্রমণে প্রতি বছর ৫ কোটি মানুষ মারা যায়।","অক্সফোর্ড বিশ্ববিদ্যালয়ের গবেষক ও চিকিৎসক ডা. ফরহাদ মারুফ অনুষ্ঠানে আরেকটি গবেষণা উপস্থাপন করে জানান, বিশ্বব্যাপী এই সুপারবাগ সংক্রমণে প্রতি বছর ৫০ লাখ মানুষের মৃত্যু হচ্ছে।",1.1298966019994623,,
তাই সেসব দেশগুলোতে স্তন ক্যান্সার প্রাথমিকভাবে ধরা পরলেও আমাদের দেশে নারীদের ক্ষেত্রে ব্যাতিক্রম,তাই সেসব দেশে স্তন ক্যান্সার প্রাথমিক পর্যায়ে ধরা পড়লেও আমাদের দেশে নারীদের ক্ষেত্রে পার্থক্য রয়েছে।,তাই ওই সব দেশে স্তন ক্যান্সার প্রাথমিক পর্যায়ে ধরা পড়লেও আমাদের দেশের নারীদের ক্ষেত্রে তা ভিন্ন।,1.9863851370000702,,
ইংরেজিতে এই ডিসঅর্ডারকে শক শেল্ড বলা হয়,ইংরেজিতে এই ব্যাধিকে শক শিল্ড বলা হয়।,এই ব্যাধিটিকে ইংরেজিতে শক শেল্ড নামে অভিহিত করা হয়।,1.0808556119991408,,
এতে দেখা যায় একেকটি উপাদান শরীরে একেক ধরনের প্রতিক্রিয়া সৃষ্টি করছে,এটি দেখায় যে প্রতিটি উপাদান শরীরে বিভিন্ন প্রতিক্রিয়া সৃষ্টি করে।,এথেকে বোঝা যায় যে প্রতিটি উপাদান শরীরে ভিন্ন ভিন্ন প্রতিক্রিয়া তৈরি করছে।,3.999589009000374,,
দৈনিক শনাক্ত হচ্ছে গড়ে ৪০ জনের বেশি,গড়ে প্রতিদিন 40 জনেরও বেশি লোককে চিহ্নিত করা হয়।,প্রতিদিন শনাক্ত হচ্ছে গড়ে ৪০ জনের বেশি।,6.071613803999753,,
তবে অনেক সময় এই ছন্দের ব্যত্যয় ঘটতে দেখা যায়,কিন্তু অনেক সময় এই ছন্দে বিঘ্ন ঘটে।,তবে প্রায়শই এই ছন্দের ব্যতিক্রম লক্ষ্য করা যায়।,0.45938318299977254,,
 ভ্যাজাইনাল এরিয়ার বাইরে সাবান বা জেল দিয়ে পরিষ্কার করলেও ভ্যাজাইনাল এরিয়ার ভেতরে কোনো ধরনের কেমিক্যাল দিয়ে ধোবেন না,"সাবান বা জেল দিয়ে যোনিপথের বাইরের অংশ পরিষ্কার করার সময়, কোনও রাসায়নিক দিয়ে যোনি এলাকার ভিতরের অংশ ধুয়ে ফেলবেন না।",ভ্যাজাইনাল এলাকার বাইরে সাবান বা জেল ব্যবহার করে পরিষ্কার করলেও ভিতরে কোনো রাসায়নিক পদার্থ দিয়ে ধোয়া উচিত নয়।,2.1998425500005396,,
জিরাপানি জিরা দেহে রক্তের সঞ্চালন বাড়িয়ে দীর্ঘ সময়ের জন্য শরীর উষ্ণ রাখতে সাহায্য করে,জিরা শরীরে রক্ত ​​সঞ্চালন বাড়ায় এবং শরীরকে দীর্ঘ সময় গরম রাখতে সাহায্য করে।,জিরার পানি রক্ত সঞ্চালন বৃদ্ধি করে দীর্ঘ সময় শরীরকে উষ্ণ রাখতে সহায়তা করে।,3.3085928209993654,,
 তারপর আবার নতুন করে এক দিয়ে শুরু করুন,তারপর নতুন করে শুরু করুন।,এরপর পুনরায় এক থেকে শুরু করুন,2.4458103639999536,,
ইসলামের পাঁচটি স্তম্ভের মধ্যে তৃতীয় হলো রমজান মাসের রোজা,রমজান মাসে রোজা রাখা ইসলামের পাঁচটি স্তম্ভের তৃতীয়।,ইসলামের পাঁচ স্তম্ভের তৃতীয়টি হলো রমজান মাসের সিয়াম।,12.829273904999354,,
এটি আমরা বলে থাকি মায়োকার্ডিয়াল ইনফ্রাকশন নো অবস্ট্রাকটিভ করোনারি অ্যাথেরোসেক্লেরোসিস মিনোকা,একে আমরা মায়োকার্ডিয়াল ইনফার্কশন নো অবস্ট্রাকটিভ করোনারি এথেরোস্ক্লেরোসিস মিনোকা বলি।,একে আমরা বলি মায়োকার্ডিয়াল ইনফ্রাকশন যেখানে করোনারি অ্যাথেরোসেক্লেরোসিসের কোনো বাধা নেই।,1.1238943829994241,,
কাগজপত্র নবায়ন না থাকাসহ বিভিন্ন অনিয়মের অভিযোগে চাঁদপুরে দুইটি হাসপাতল সীলগালা এবং একটিকে ৫০ হাজার টাকা জরিমানা করেছে ভ্রাম্যমাণ আদালত,কাগজপত্র নবায়ন না করাসহ বিভিন্ন অনিয়মের দায়ে চাঁদপুরে দুটি হাসপাতাল সিলগালা ও ৫০ হাজার টাকা জরিমানা করেছে ভ্রাম্যমাণ আদালত।,ভ্রাম্যমাণ আদালত চাঁদপুরে কাগজপত্র নবায়ন না থাকাসহ নানা অনিয়মের কারণে দুটি হাসপাতাল সিলগালা এবং একটি হাসপাতালকে ৫০ হাজার টাকা জরিমানা করেছে।,18.607502511999883,,
স্কোপোলামিনের প্রভাবে স্বামীস্ত্রী প্রেমিকপ্রেমিকা সত্যি সাময়িক স্টিউপর  Stuporous Condition হয়ে যায় বুদ্ধিবিবেচনা হারিয়ে ফেলেন এবং উন্মাদের মতো আচরণ করেন,"স্কোপোলামিনের প্রভাবের অধীনে, স্ত্রী প্রেমিকা সত্যিকারের অস্থায়ী মূর্খ হয়ে ওঠে - অবস্থা, চেতনা হারায় এবং পাগলের মতো আচরণ করে।","স্কোপোলামিনের প্রভাবে দম্পতি বা প্রেমিক-প্রেমিকা অস্থায়ীভাবে স্তম্ভিত অবস্থায় চলে যান, চেতনা ও বিচারশক্তি হারিয়ে পাগলের মতো আচরণ করেন।",7.186680719999458,,
দেশের তরুণ সার্জনদের রোবটিক সার্জারির বিষয়ে ফেলোশিপ করাসহ রোবটিক সার্জারিতে উদ্ধুদ্ধ করতে আগামী ৫ জুলাই রংপুরে বৈজ্ঞানিক সেমিনার অনুষ্ঠিত হবে,দেশের তরুণ সার্জনদের রোবোটিক সার্জারিতে ফেলোশিপ পেতে এবং রোবোটিক সার্জারির প্রচারে উৎসাহিত করতে রংপুরে ৫ জুলাই একটি বৈজ্ঞানিক সেমিনার অনুষ্ঠিত হবে।,"আগামী ৫ জুলাই রংপুরে একটি বৈজ্ঞানিক সেমিনার অনুষ্ঠিত হবে, যেখানে দেশের তরুণ সার্জনদের রোবটিক সার্জারিতে উৎসাহিত করা এবং এ বিষয়ে ফেলোশিপ প্রদানের ব্যবস্থা থাকবে।",3.0618059680000442,,
 টাইপ ওয়ান ডায়াবেটিস ও টাইপ টু ডায়াবেটিস,টাইপ ওয়ান ডায়াবেটিস এবং টাইপ টু ডায়াবেটিস।,টাইপ ওয়ান ও টাইপ টু ডায়াবেটিস।,1.0429010190000554,,
সব ঋতুতেই এই সমস্যা দেখা দিতে পারে,এই সমস্যা সব ঋতুতেই হতে পারে।,প্রত্যেক মৌসুমেই এই সমস্যা দেখা যেতে পারে।,1.603285385000163,,
আয়োডিনের অভাবগ্রস্ত শিশুরা অন্যান্য শিশুর চেয়ে বেশিমাত্রায় অপুষ্টিজনিত সমস্যায় ভোগে এবং তাদের রোগপ্রতিরোধ ক্ষমতাও কম থাকে,অন্যান্য শিশুদের তুলনায় আয়োডিনের অভাবজনিত শিশুরা অপুষ্টিতে ভুগছে এবং তাদের রোগ প্রতিরোধ ক্ষমতা কম।,আয়োডিনের অভাবে ভোগা শিশুরা অন্য শিশুদের তুলনায় বেশি অপুষ্টিজনিত সমস্যায় আক্রান্ত হয় এবং তাদের রোগ প্রতিরোধ করার শক্তিও দুর্বল হয়।,6.487107551000008,,
কিন্তু গত ৩ দিন আগে হঠাৎ করে বামপাশে দুর্বল ও অবশ হয়ে গেছে,কিন্তু গত ৩ দিন আগে হঠাৎ করে বাম পাশ দুর্বল ও অবশ হয়ে পড়ে।,কিন্তু তিন দিন আগে হঠাৎ করেই বাম দিকটা দুর্বল ও অবশ হয়ে পড়েছে।,1.0539945870004885,,
ন্যাচারাল ভেন্টিলেশন: এই সময়ে বেশি প্রয়োজন ঘরগুলো খোলামেলা রাখা,প্রাকৃতিক বায়ুচলাচল: এ সময় ঘরগুলো খোলা রাখা বেশি প্রয়োজন।,প্রাকৃতিক বায়ু চলাচল: এই সময়ে ঘরগুলো খোলা রাখা খুবই জরুরি।,0.9698153639992597,,
২০২২ সালে তা ৫০ শতাংশে নেমে আসে,2022 সালে তা 50 শতাংশে নেমে আসে।,২০২২ সালে তা ৫০ শতাংশে কমে যায়।,2.601716442999532,,
পাশাপাশি ধূমায়িত এবং দূষিত পরিবেশ পরিত্যাগ করে চলা ধূমপান পরিত্যাগ করা ঘুমানোর সময় মাথা উঁচু রাখা যাতে সাইনাস নিজে থেকেই পরিষ্কার হতে পারে নাকে খুব জোরে আঘাত লাগতে না দেয়া ইত্যাদি বিষয়ে খেয়াল রাখতে হবে,"এছাড়াও, ধোঁয়া ও দূষিত পরিবেশ এড়াতে, ধূমপান ছেড়ে দিতে, ঘুমানোর সময় মাথা উঁচু করে রাখতে হবে যাতে সাইনাসগুলি নিজে থেকেই পরিষ্কার হয়ে যায়, নাকে খুব বেশি আঘাত না করে ইত্যাদি।","পাশাপাশি ধূমপান ও দূষিত পরিবেশ ত্যাগ করা, ঘুমের সময় মাথা উঁচু করে রাখা যাতে সাইনাস নিজে থেকেই পরিষ্কার হয়, এবং নাকে জোরে আঘাত না লাগতে দেওয়া—এসব বিষয়ে সতর্ক থাকতে হবে।",4.625171351999597,,
মাইটোকন্ড্রিয়াল রোগগুলো যাদের আছে তাদের সবকটি ১০০ শতাংশ সন্তানই এ রোগে আক্রান্ত হবে,মাইটোকন্ড্রিয়াল রোগে আক্রান্ত 100% শিশু এই রোগটি বিকাশ করবে।,মাইটোকন্ড্রিয়াল রোগে আক্রান্ত ব্যক্তিদের প্রতিটি সন্তানই শতভাগ এই রোগে আক্রান্ত হবে।,6.210067772000002,,
চুলকানি ও জ্বালা কমানোর জন্য বেবি ট্যালকম পাউডার ব্যবহার করা যেতে পারে,চুলকানি এবং জ্বালা কমাতে ট্যালকম পাউডার ব্যবহার করা যেতে পারে।,শিশুর ট্যালকম পাউডার চুলকানি ও জ্বালাপোড়া কমাতে ব্যবহার করা যায়।,2.7461892410001383,,
এ ছাড়া ফিটকিরি ও পানি বিশুদ্ধকরণ ট্যাবলেট ব্যবহার করা যেতে পারে,এ ছাড়া ফিতারি ও পানি বিশুদ্ধকরণ ট্যাবলেট ব্যবহার করা যেতে পারে।,ফিটকিরি এবং পানি পরিশোধন ট্যাবলেটও ব্যবহার করা সম্ভব।,0.6746130159999666,,
কিডনির স্বাস্থ্য পরীক্ষায় তাই চিকিৎসকরা শরীরে কতটুকু ক্রিয়েটিনিন আছে সেটা জানার চেষ্টা করে,কিডনির স্বাস্থ্য পরীক্ষায় চিকিৎসকেরা জানার চেষ্টা করেন শরীরে কতটা ক্রিয়েটিনিন আছে।,কিডনির সুস্থতা যাচাই করতে চিকিৎসকেরা শরীরে ক্রিয়েটিনিনের মাত্রা কত তা নির্ধারণের চেষ্টা করেন।,1.3925287129995922,,
এরপর আস্তে আস্তে পা থেকে ধীরে ধীরে মালিশ শুরু করুন,তারপর ধীরে ধীরে পা থেকে উপরের দিকে ম্যাসাজ করা শুরু করুন।,এরপর ধীরে ধীরে পা থেকে মালিশ করা শুরু করুন।,2.316902671999742,,
অনেকের ক্ষেত্রে অপুষ্টিজনিত দৈহিক বৃদ্ধিহীনতাও এর একটি কারণ হতে পারে,অনেক ক্ষেত্রে অপুষ্টির কারণে স্টান্টিংও একটি কারণ হতে পারে।,অনেক মানুষের ক্ষেত্রে অপুষ্টির কারণে শারীরিক বৃদ্ধি না হওয়াও এর একটি কারণ হতে পারে।,0.8674176260001332,,
লেখক  সহযোগী অধ্যাপক এন্ডোক্রাইনোলজি বিভাগ বঙ্গবন্ধু শেখ মুজিব মেডিকেল বিশ্ববিদ্যালয় ঢাকা,লেখক এন্ডোক্রাইনোলজি বিভাগের সহযোগী অধ্যাপক বঙ্গবন্ধু শেখ মুজিব মেডিকেল বিশ্ববিদ্যালয় ঢাকা,লেখক ঢাকার বঙ্গবন্ধু শেখ মুজিব মেডিকেল বিশ্ববিদ্যালয়ের এন্ডোক্রাইনোলজি বিভাগের সহযোগী অধ্যাপক।,5.100216781000199,,
ডায়াবেটিস দীর্ঘদিন রাতে না ঘুমানো বা কম ঘুমানোর ফলে শরীরে ইনসুলিন উৎপাদন ব্যাহত হয়,ডায়াবেটিস: দীর্ঘ সময় ধরে অনিদ্রা বা ঘুমের অভাব শরীরের ইনসুলিন উৎপাদনে ব্যাঘাত ঘটায়।,দীর্ঘদিন রাতে পর্যাপ্ত ঘুম না হওয়ার কারণে ডায়াবেটিসে শরীরে ইনসুলিন উৎপাদন বিঘ্নিত হয়।,3.054074149000371,,
রাস্তাঘাটের যে কোনো জায়গা থেকে পানি খাবেন না,রাস্তার যেকোনো জায়গা থেকে পানি পান করুন।,রাস্তার যেকোনো স্থান থেকে পানি পান করবেন না।,0.9984509420000904,,
মশার কামড় থেকে বাঁচতে ঘুমানোর সময় মশারি ব্যবহার করতে হবে,মশার কামড় এড়াতে ঘুমানোর সময় মশারি ব্যবহার করতে হবে।,ঘুমানোর সময় মশার কামড় এড়াতে মশারি ব্যবহার করা জরুরি।,5.869282829999975,,
ঘর থেকে বের হওয়ার আগে এবং রোদ থেকে ঘরে এসে ত্বকের যত্ন নিতে হবে,ঘর থেকে বের হওয়ার আগে এবং রোদ থেকে বাসায় আসার পর ত্বকের যত্ন নিতে হবে।,ঘর থেকে বের হওয়ার সময় এবং রোদ থেকে ফিরে এসে ত্বকের পরিচর্যা করা জরুরি।,0.9339967519999846,,
এর মূল কারণ সূর্যের আলো,এর প্রধান কারণ সূর্যের আলো।,সূর্যের আলোই এর মূল কারণ।,10.053754576999381,,
বিশ্বে প্রতিবছর লাখ লাখ ব্যক্তি অস্টিওপোরোসিসজনিত হাড় ভাঙার শিকার হয়ে শয্যাশায়ী হন,অস্টিওপোরোসিস-সম্পর্কিত ফ্র্যাকচারের কারণে বিশ্বব্যাপী লক্ষ লক্ষ মানুষ প্রতি বছর শয্যাশায়ী হয়।,অস্টিওপোরোসিসজনিত হাড় ভাঙার কারণে বিশ্বজুড়ে প্রতিবছর লক্ষ লক্ষ মানুষ শয্যাশায়ী হন।,2.067498567000257,,
উদ্ভিজ্জ উৎস থেকেই কেবল ননহিম আয়রন পাওয়া যায়,ননহেম আয়রন শুধুমাত্র উদ্ভিদ উৎস থেকে পাওয়া যায়।,শুধুমাত্র উদ্ভিজ্জ উৎস থেকে ননহিম আয়রন পাওয়া সম্ভব।,1.0863387210001747,,
এ রোগের নানা জটিলতায় আক্রান্ত হওয়ার আশঙ্কা অনেক বেশি,এ রোগের বিভিন্ন জটিলতায় আক্রান্ত হওয়ার আশঙ্কা অনেক বেশি।,,9.46728267599974,request_error:'NoneType' object has no attribute 'strip',
কিডনি লিভার ও হার্টে জটিলতা থাকলে,"আপনার যদি কিডনি, লিভার এবং হার্টের জটিলতা থাকে","কিডনি, লিভার ও হৃদপিণ্ডে জটিলতা থাকলে",4.007999290000043,,
রোগীরে সেবায় আরও নিয়োজিত থাকবেন আন্তর্জাতিক পর্যায়ে প্রশিক্ষিত নার্সরা,আন্তর্জাতিকভাবে প্রশিক্ষিত নার্সরা রোগীর পরিচর্যায় আরও যুক্ত হবে।,আন্তর্জাতিকভাবে প্রশিক্ষিত নার্সরা রোগীর সেবায় আরও বেশি সম্পৃক্ত থাকবেন।,7.7870434550004575,,
তবে নিয়মিত নাভি সাবানপানি দিয়ে পরিষ্কার রাখলে পাথর সৃষ্টি হয় না,তবে নিয়মিত সাবান ও পানি দিয়ে নাভি পরিষ্কার করলে পাথর হবে না।,তবে সাবানপানি দিয়ে নিয়মিত নাভি পরিষ্কার করলে পাথর জমে না।,2.471305392999966,,
ঠান্ডা আমেজ পেতে চাইলে অর্থাৎ ফ্রিজে রাখতে হলে এমন পাত্রে ডিটক্স ওয়াটার তৈরি করবেন যেটির মুখ খুব ভালোভাবে আটকানো যায়,"আপনি যদি একটি ঠান্ডা অনুভূতি পেতে চান, অর্থাৎ, আপনি যদি এটি ফ্রিজে রাখতে চান তবে একটি পাত্রে ডিটক্স জল প্রস্তুত করুন যা শক্তভাবে বন্ধ করা যেতে পারে।","ডিটক্স ওয়াটার বানানোর সময় এমন পাত্র ব্যবহার করুন যার মুখ ভালোভাবে বন্ধ করা যায়, যদি আপনি ঠান্ডা পরিবেশে অর্থাৎ ফ্রিজে রাখতে চান।",5.315230080999754,,
ফলিক অ্যাসিড টাটকা শাকসবজিতে পাওয়া যায় ভিটামিন বি১২ লিভার মাছ ডিম ছত্রাক ও শস্যজাতীয় খাদ্যের মধ্যে পাওয়া যায়,"ফলিক অ্যাসিড পাওয়া যায় তাজা শাকসবজিতে, ভিটামিন বি১২ পাওয়া যায় লিভার, মাছ, ডিম, মাশরুম এবং গোটা শস্যে।","ফলিক অ্যাসিড তাজা শাকসবজিতে থাকে, আর ভিটামিন বি১২ পাওয়া যায় কলিজা, মাছ, ডিম, ছত্রাক ও শস্যজাতীয় খাবারে।",1.5696342410001307,,
ক্লান্ত লাগা বার বার প্রস্রাবের ফলে শরীর থেকে অতিরিক্ত পরিমাণে শর্করা এবং বিভিন্ন খনিজ বেরিয়ে গেলে ক্লান্ত লাগা স্বাভাবিক,ক্লান্তি ঘন ঘন প্রস্রাবের কারণে শরীর থেকে অতিরিক্ত পরিমাণে শর্করা এবং বিভিন্ন খনিজ পদার্থ বের হয়ে গেলে ক্লান্ত বোধ হওয়া স্বাভাবিক।,বারবার প্রস্রাবের কারণে শরীর থেকে অতিরিক্ত চিনি ও খনিজ পদার্থ বেরিয়ে গেলে ক্লান্তি অনুভব করা স্বাভাবিক।,2.6286225200001354,,
সাধারণত স্টেরয়েডজাতীয় ওষুধ ও ভিটামিন বি১২ ভিটামিন বি৬ বি১ ইত্যাদি দিয়ে চিকিৎসা করা হয়,"সাধারণত স্টেরয়েড জাতীয় ওষুধ এবং ভিটামিন B12, B6, B1 ইত্যাদি দিয়ে চিকিত্সা করা হয়।","চিকিৎসায় সাধারণত স্টেরয়েডজাতীয় ওষুধ ও ভিটামিন বি১২, বি৬, বি১ প্রভৃতি ব্যবহার করা হয়।",1.598042908000025,,
 যেন প্রান্তিক পর্যায়ের মানুষ সহজে প্রাথমিক স্বাস্থ্যসেবা পায়,যাতে প্রান্তিক জনগোষ্ঠী সহজে প্রাথমিক স্বাস্থ্যসেবা পায়।,প্রান্তিক জনগোষ্ঠী যাতে সহজেই মৌলিক স্বাস্থ্যসেবা পেতে পারে।,8.646965418000036,,
 ১০০ গ্রাম ওজনের একটি চকোলেটের বারে ৩.৩ মিলিগ্রাম জিংক থাকে,একটি 100 গ্রাম চকোলেট বারে 3.3 মিলিগ্রাম জিঙ্ক থাকে।,একটি ১০০ গ্রামের চকোলেট বারে ৩.৩ মিলিগ্রাম জিংক বিদ্যমান।,5.194997605999561,,
" এছাড়াও সরকারি, বেসরকারি ও উন্নয়ন সহযোগী সংস্থার প্রতিনিধিবৃন্দ তাদের বক্তব্যে মানুষের এ ক্ষতিকর অভ্যাস পরিত্যাগের আহবান জানান","এ ছাড়া সরকারি, বেসরকারি ও উন্নয়ন সহায়তা সংস্থার প্রতিনিধিরা তাদের বক্তব্যে জনগণকে এই ক্ষতিকর অভ্যাস ত্যাগ করার আহ্বান জানান।",,10.396381585999734,request_error:'NoneType' object has no attribute 'strip',
" বিশেষজ্ঞদের মতে, জীবনাচরণ পরিবর্তনের পাশাপাশি ৭ থেকে ১০ শতাংশ শরীরের ওজন হ্রাস করাই ফ্যাটি লিভার প্রতিরোধের মূলমন্ত্র","বিশেষজ্ঞদের মতে, ফ্যাটি লিভার প্রতিরোধের চাবিকাঠি হল জীবনযাত্রার পরিবর্তনের সাথে সাথে শরীরের ওজনের 7 থেকে 10 শতাংশ হ্রাস করা।","বিশেষজ্ঞদের ভাষ্যমতে, জীবনযাত্রায় পরিবর্তন আনার পাশাপাশি শরীরের ওজন ৭ থেকে ১০ শতাংশ কমানোই ফ্যাটি লিভার প্রতিরোধের মূল উপায়।",1.3445387570000094,,
শরীরের তাপমাত্রা স্বাভাবিকের ৯৮৪ ফা চেয়ে বেড়ে যাওয়া আর বেড়ে থাকা মানে জ্বর,শরীরের তাপমাত্রা স্বাভাবিক 984 ফারেনহাইটের উপরে বেড়ে যাওয়া এবং বেড়ে যাওয়া মানে জ্বর।,শরীরের তাপমাত্রা স্বাভাবিক ৯৮.৪ ডিগ্রি ফারেনহাইটের চেয়ে বেড়ে যাওয়া এবং বেড়ে থাকাকেই জ্বর বলা হয়।,1.2680444569996325,,
কেউ যদি স্টেরয়েড জাতীয় ওষুধ প্রতিদিন ২০০০ মাইক্রোগ্রামের অধিক গ্রহণ করে তাহলে শ্বাসনালি থেকে তা রক্তে শোষিত হয়ে ডায়াবেটিস উচ্চরক্তচাপ ও এন্ড্রেনাল ইনসাফেয়েন্সি রোগ হতে পারে,"যদি কেউ প্রতিদিন 2,000 মাইক্রোগ্রামের বেশি স্টেরয়েড গ্রহণ করে তবে সেগুলি শ্বাসনালী থেকে রক্ত ​​​​প্রবাহে শোষিত হতে পারে এবং ডায়াবেটিস, উচ্চ রক্তচাপ এবং অ্যাড্রিনাল অপ্রতুলতা হতে পারে।","স্টেরয়েড জাতীয় ওষুধ যদি কেউ প্রতিদিন ২০০০ মাইক্রোগ্রামের বেশি নেয়, তবে তা শ্বাসনালি থেকে রক্তে মিশে ডায়াবেটিস, উচ্চরক্তচাপ ও এন্ড্রেনাল ইনসাফেয়েন্সি রোগ সৃষ্টি করতে পারে।",4.46068828100033,,
সাধারণত যেসব মা বাচ্চাকে বুকের দুধ পান করান তাদের একটা হরমোন বের হয়,সাধারণত যে মায়েরা তাদের বাচ্চাদের বুকের দুধ খাওয়ায় তারা একটি হরমোন নিঃসরণ করে।,"যেসব মা সাধারণত শিশুকে স্তন্যপান করান, তাদের শরীরে একপ্রকার হরমোন নিঃসৃত হয়।",3.2584355819999473,,
শিশুদের ডায়াপার ভিজে গেলেই ঘন ঘন পরিবর্তন করবেন,আপনার শিশুর ডায়াপার ভিজে গেলে ঘন ঘন পরিবর্তন করুন।,শিশুদের ডায়াপার ভিজে গেলে বারবার বদলে দেবেন।,0.7585864539996692,,
 একশিরা রোগে কদমের ছাল কেটে বর্ধিত স্থানে কদমপাতা দিয়ে বেঁধে রাখলে উপকার পাওয়া যায়,ভেরিকোজ ভেইনসে কদমের ছাল কেটে কদম পাতা দিয়ে আক্রান্ত স্থানে বেঁধে দিলে উপকার পাওয়া যায়।,একশিরা রোগের উপশমে কদম গাছের ছাল কেটে স্ফীত স্থানে কদমপাতা দিয়ে বেঁধে রাখা উপকারী।,5.2118824219996895,,
একদুটি কারণে আসলে হাঁটুতে ব্যথা হয় না,হাঁটু আসলে কয়েকটি কারণে ব্যাথা করে না।,হাঁটুতে ব্যথা হওয়ার মূল কারণ কিন্তু এক বা দুটি নয়।,11.804896637000638,,
এক মুষ্টি চিপসের বদলে এক মুষ্টি বাদাম খান,এক মুঠো চিপসের পরিবর্তে এক মুঠো বাদাম খান।,"চিপসের বদলে বাদাম খান, এক মুঠো করে।",3.413662827000735,,
এছাড়া শিশু ক্রমাগতভাবে কম শোনার কারণে ক্লাসে অমনোযোগী হয়ে পড়ে পড়াশোনায় খারাপ করে এবং শিক্ষাজীবন ব্যাহত হয়,"উপরন্তু, ক্রমাগত শোনার অভাবে শিশু ক্লাসে অমনোযোগী হয়ে পড়ে, যার ফলশ্রুতিতে একাডেমিক পারফরম্যান্স খারাপ হয় এবং একাডেমিক ক্যারিয়ার ব্যাহত হয়।","শিশুটি ক্রমাগত কম শোনার ফলে ক্লাসে মনোযোগহীন হয়ে পড়ে, পড়াশোনায় খারাপ করে এবং শিক্ষাজীবন বিঘ্নিত হয়।",3.492341860999659,,
কর্টিসলের জোয়ারভাটা শরীরে প্রাকৃতিকভাবেই ঘটতে থাকে,শরীরে স্বাভাবিকভাবেই কর্টিসলের বৃদ্ধি ঘটে।,শরীরে কর্টিসলের ওঠানামা স্বাভাবিকভাবেই ঘটে।,3.2480775089998133,,
সেই চুলকে ঘন ও কালো দেখাতে প্রয়োজন নিয়মিত পরিচর্যা,চুল ঘন ও কালো দেখাতে নিয়মিত যত্ন প্রয়োজন।,নিয়মিত যত্ন নিলে সেই চুল ঘন ও কালো দেখায়।,0.5445580109999355,,
অনেক মাবাবা ভাবছেন বড় হয়ে গেছে আশপাশে কী ঘটছে তাদেরও সেটা জানা উচিত,অনেক অভিভাবক মনে করেন যে প্রাপ্তবয়স্ক হিসাবে তাদের চারপাশে কী ঘটছে তাও তাদের জানা উচিত।,"অনেক অভিভাবক মনে করেন সন্তানরা বড় হয়ে গেছে, তাই তাদের চারপাশে কী ঘটছে সেটাও জানা দরকার।",4.578006710999944,,
তবে এটাতে লবণ বেশি থাকে বলে উচ্চরক্ত চাপে না খাওয়াই ভালো,"কিন্তু উচ্চ রক্তচাপের সঙ্গে এটি না খাওয়াই ভালো, কারণ এতে লবণ বেশি থাকে।",তবে এতে লবণের পরিমাণ বেশি থাকায় উচ্চ রক্তচাপের রোগীদের না খাওয়াই উচিত।,1.1052879489998304,,
চাহিদার তুলনায় সরবরাহ কম থাকায় দাম বেড়েছে কয়েকগুণ,চাহিদার তুলনায় সরবরাহ কম থাকায় দাম বেড়েছে বহুগুণ।,সরবরাহ চাহিদার চেয়ে কম হওয়ায় দাম কয়েক গুণ বেড়ে গেছে।,0.7984686400004648,,
কিন্তু তখনো পাতলা পায়খানা ও বমির রেশ ছিল,কিন্তু তারপরও ডায়রিয়া ও বমি হচ্ছিল।,তবে তখনও পাতলা পায়খানা ও বমির ভাব ছিল।,1.4729120419997344,,
চিকিৎসক আরও বলেন চশমা হলে প্রথমে বেসিনের কল থেকে বেরুনো পানি দিয়ে দুটি কাচ ও ফ্রেম ভালোভাবে ধুয়ে নিয়ে হবে,"ডাক্তার আরো বলেন, চশমার ক্ষেত্রে বেসিনের কল থেকে পানি দিয়ে প্রথমে দুটি গ্লাস ও ফ্রেম ধুয়ে ফেলুন।","চিকিৎসক আরও জানান, চশমা থাকলে প্রথমে বেসিনের কলের পানি দিয়ে দুটি লেন্স ও ফ্রেম ভালো করে ধুয়ে নিতে হবে।",5.108829576999597,,
তিনি বলেন আমরা একটি উচ্চ ক্ষমতাসম্পন্ন টাস্কফোর্স গঠন করেছি,"তিনি বলেন, আমরা একটি উচ্চ ক্ষমতাসম্পন্ন টাস্কফোর্স গঠন করেছি।","তিনি জানান, আমরা একটি শক্তিশালী টাস্কফোর্স তৈরি করেছি।",3.3304979429995,,
শুনতে খুব ভালো লাগছে তাই না,খুব ভালো লাগছে তাই না?,"শুনতে বেশ চমৎকার লাগছে, তাই নয় কি?",0.41075254600036715,,
এতে থাইরয়েড ফোলার সঙ্গে সঙ্গে চোখ কোটর থেকে বেরিয়ে আসে,"এতে, থাইরয়েড ফুলে যাওয়ায় চোখ তাদের সকেট থেকে বেরিয়ে আসে।",এতে থাইরয়েড ফুলে যাওয়ার পাশাপাশি চোখ কোটর থেকে বেরিয়ে পড়ে।,1.9946180300003107,,
রক্ত পরীক্ষার মাধ্যমে এই রোগ নির্ণয় করা সম্ভব,রক্ত পরীক্ষার মাধ্যমে এই রোগ নির্ণয় করা যায়।,এই রোগ শনাক্ত করা সম্ভব রক্ত পরীক্ষার সাহায্যে।,12.244124957999702,,
মদিনায় এ খেজুরের ফলন হয় বেশি,মদীনায় এসব খেজুরের ফলন বেশি হয়।,এই খেজুর মদিনায় বেশি ফলন দেয়।,11.190514733000782,,
 তাই স্টিল কাট বা রোলড ওটসের চাহিদাই বেশি,স্টিলের কাট বা রোলড ওটসের তাই চাহিদা বেশি।,সুতরাং স্টিল,3.9257984509995367,,
"তিনি বলেন, ‘প্যাথলজি বিভাগের একটি শাখায় শুধু ডেঙ্গু পরীক্ষা করা হচ্ছে","তিনি বলেন, 'শুধুমাত্র প্যাথলজি বিভাগের একটি শাখায় ডেঙ্গু পরীক্ষা করা হয়।","তিনি মন্তব্য করেন, প্যাথলজি বিভাগের একটি শাখায় শুধু ডেঙ্গু পরীক্ষাই করা হচ্ছে।",77.9650322110001,,
তাই বিশেষজ্ঞরা বারবার ‘জেন এফেক্ট’ দূর করার জন্য মুলা খাওয়ার পরামর্শ দিয়ে থাকেন,তাই বিশেষজ্ঞরা বারবার 'জেন প্রভাব' দূর করতে মুলা খাওয়ার পরামর্শ দেন।,সেই কারণে বিশেষজ্ঞরা বারবার ‘জেন এফেক্ট’ দূর করতে মুলা খাওয়ার পরামর্শ দেন।,2.6261484610004118,,
 ভাজাভাজির জন্যে চাই স্বাস্থ্যকর তেল,আমি ভাজার জন্য স্বাস্থ্যকর তেল চাই।,স্বাস্থ্যকর তেল দরকার ভাজাভাজি করার জন্য।,5.229132471999947,,
ধূমপান এবং মদ্যপান থেকে বিরত থাকুন,ধূমপান এবং অ্যালকোহল পান এড়িয়ে চলুন।,ধূমপান ও মদ্যপান পরিহার করুন।,2.143782091000503,,
ভাইরাল হেপাটাইটিসজনিত জন্ডিসে খাওয়ার রুচি এমনিতেই কম থাকে,ভাইরাল হেপাটাইটিস দ্বারা সৃষ্ট জন্ডিস দুর্বল ক্ষুধা দ্বারা চিহ্নিত করা হয়।,ভাইরাল হেপাটাইটিসের কারণে জন্ডিস হলে খাবারের প্রতি আগ্রহ স্বাভাবিকভাবেই কমে যায়।,9.943153133999658,,
বেসন  বেসন প্রাকৃতিক এক্সফোলিয়েটর হিসেবে কাজ করে আর এর ক্লিনজিং এজেন্ট ত্বকের ময়লা পরিষ্কার করতে সাহায্য করে,বেসন বেসন প্রাকৃতিক এক্সফোলিয়েটর হিসেবে কাজ করে এবং এর ক্লিনজিং এজেন্ট ত্বকের ময়লা দূর করতে সাহায্য করে।,বেসন প্রাকৃতিকভাবে ত্বকের মৃত কোষ দূর করে এবং এর পরিষ্কারক উপাদান ত্বকের ময়লা অপসারণে সহায়তা করে।,3.3135380069998064,,
সে ক্ষেত্রে রোগীকে দ্রুত অক্সিজেন দিতে হবে,সেক্ষেত্রে রোগীকে দ্রুত অক্সিজেন দিতে হবে।,তখন রোগীকে তাড়াতাড়ি অক্সিজেন সরবরাহ করতে হবে।,0.7653957390002688,,
"এরপর নলেন গুড় তৈরির তৃতীয় তথা শেষ ধাপ এবং সবচেয়ে গুরুত্বপূর্ণ ধাপ৷ ভাল গুণমানের নলেন গুড় তৈরি করতে তৃতীয় ধাপে যথেষ্ট মুন্সিয়ানার প্রয়োজন৷ মাটির উনুনে কাঠের জ্বালানি ব্যবহার করে রস ফোটাতে হয়৷ রস ফোটার সময় তার মধ্যে বিশেষ ধরনের হাতা দিয়ে সারাক্ষণ নাড়তে হয়৷ মূলত নারকেলের মালার অর্ধেক অংশে লম্বা কাঠ লাগিয়ে এই হাতা তৈরি করা হয়৷ কয়েক ঘণ্টা ধরে রস ফোটাতে হয়৷ যত সময় এগোয়, ততই নলেন গুড়ের গন্ধ পাওয়া যায়৷ গন্ধ যত বাড়বে, বুঝতে হবে গুড়ের মান ততই ভাল হচ্ছে৷ তবে অনেকে গুড়ের রং হালকা করার জন্য সোডিয়াম হাইড্রোজেন সালফাইট (হাইড্রোজ) ব্যবহার করে থাকেন যা স্বাস্থ্যের জন্য ক্ষতিকর","এরপর আসে তৃতীয় এবং শেষ ধাপ এবং গুড় তৈরির সবচেয়ে গুরুত্বপূর্ণ ধাপ তৃতীয় ধাপে ভালো মানের নলেন গুড় উৎপাদনের জন্য পর্যাপ্ত মুন্সিয়ানা প্রয়োজন। মূলত এই হাতা একটি নারকেলের খোসার অর্ধেক কাঠের একটি লম্বা টুকরা সংযুক্ত করে তৈরি করা হয়। যত সময় যায় গুড়ের গন্ধ ততই তীব্র হয়। তবে অনেকেই গুড়ের রঙ হালকা করতে সোডিয়াম হাইড্রোজেন সালফাইট (হাইড্রোজ) ব্যবহার করেন, যা","এরপর নলেন গুড় তৈরির তৃতীয় ও শেষ ধাপ, যা সবচেয়ে গুরুত্বপূর্ণ। ভালো মানের নলেন গুড় বানাতে তৃতীয় ধাপে যথেষ্ট দক্ষতার প্রয়োজন। মাটির চুলায় কাঠের জ্বালানি দিয়ে রস ফুটাতে হয়। রস ফুটানোর সময় বিশেষ ধরনের হাতা দিয়ে সবসময় নাড়তে হয়। এই হাতা সাধারণত নারকেলের মালার অর্ধেক অংশে লম্বা কাঠ লাগিয়ে তৈরি করা হয়। কয়েক ঘণ্টা ধরে রস ফুটাতে হয়। সময় যত বাড়ে, নলেন গুড়ের গন্ধ তত বেশি পাওয়া যায়। গন্ধ যত বাড়বে, বুঝতে হবে গুড়ের মান তত ভালো হচ্ছে। তবে অনেকে গুড়ের রং হালকা করতে সোডিয়াম হাইড্রোজেন সালফাইট (হাইড্রোজ) ব্যবহার করেন, যা স্বাস্থ্যের জন্য ক্ষতিকর।",4.223443113999565,,
 যারা প্রোস্টেট গ্রন্থি বড় হওয়ার কারণে ওষুধ সেবন করে থাকেন তারা টাইপ২ ডায়াবেটিস ঝুঁকির মধ্যে থাকেন,যারা প্রোস্টেট বৃদ্ধির জন্য ওষুধ খান তাদের টাইপ 2 ডায়াবেটিসের ঝুঁকি থাকে।,"প্রোস্টেট গ্রন্থি বড় হওয়ার জন্য যেসব ব্যক্তি ওষুধ সেবন করেন, তাদের টাইপ ২ ডায়াবেটিসের ঝুঁকি থাকে।",7.579702891999659,,
 কারণ শিশুদের ক্যানসারের মধ্যে এই লক্ষণগুলোও রয়েছে,কারণ শিশুদের ক্যান্সারেও এই উপসর্গ থাকে।,কারণ শিশুদের ক্যানসারের ক্ষেত্রেও এই লক্ষণগুলো দেখা যায়।,3.2703004929999224,,
সেই সঙ্গে প্রস্রাবের পরিমাণ পর্যবেক্ষণ করতে হবে,সেই সঙ্গে প্রস্রাবের পরিমাণ পর্যবেক্ষণ করতে হবে।,প্রস্রাবের পরিমাণের ওপর নজর রাখা জরুরি।,0.7857494480003879,,
যদি পরিচর্যা করতেই হয় তাহলে মাস্ক পরে নেবেন গাউন পরে নেবেন এবং হাতটি সুন্দর করে ধুয়ে নেবেন,"যদি আপনাকে উপস্থিত হতেই হয়, একটি মাস্ক, গাউন পরুন এবং আপনার হাত ভালভাবে ধুয়ে নিন।",পরিচর্যা করতে বাধ্য হলে মাস্ক ও গাউন পরুন এবং হাত ভালোভাবে ধুয়ে নিন।,1.6724486819994127,,
 তাই ডায়াবেটিস রোগীদের এটি এড়িয়ে চলাই ভালো,তাই ডায়াবেটিস রোগীদের এটি এড়িয়ে চলা উচিত।,তাই ডায়াবেটিস রোগীদের জন্য এটি এড়ানোই উত্তম।,2.5158235779999814,,
 ডায়াবেটিস শরীরে বাসা বাঁধলে অনেক কিছু খাবার খাওয়া বন্ধ হয়ে যায়,ডায়াবেটিস শরীরে শিকড় গেড়ে গেলে অনেক খাবার বন্ধ হয়ে যায়।,শরীরে ডায়াবেটিস হলে নানা রকম খাবার খাওয়া বন্ধ করতে হয়।,3.047124533999522,,
তারা বলছেন তাদের কথা শোনার পাশাপাশি গুরুত্ব দিতে হবে চরম সামাজিক দূরত্ব সৃষ্টি করার বিষয়টিতে,তারা বলে যে তাদের শোনার পাশাপাশি চরম সামাজিক দূরত্বের দিকে মনোনিবেশ করা দরকার।,"তারা বলছেন, তাদের কথা শোনার পাশাপাশি চরম সামাজিক দূরত্ব তৈরির বিষয়টিতে গুরুত্ব দিতে হবে।",1.5515689809999458,,
প্রান্তিক জনগোষ্ঠীর ইনসুলিনের মতো প্রয়োজনীয় ওষুধ পাওয়ার সম্ভাবনা কম,প্রান্তিক জনগোষ্ঠীর ইনসুলিনের মতো প্রয়োজনীয় ওষুধ পাওয়ার সম্ভাবনা কম।,প্রান্তিক জনগোষ্ঠীর জন্য ইনসুলিনের মতো অত্যাবশ্যক ওষুধ পাওয়ার সুযোগ খুবই সীমিত।,2.3984795360001954,,
ঝাল খাবার পাকস্থলীতে এসিডিটির পরিমাণ বাড়িয়ে দেয়,লবণাক্ত খাবার পাকস্থলীতে অ্যাসিডের পরিমাণ বাড়ায়।,ঝাল খাবার পাকস্থলীতে অ্যাসিডের মাত্রা বৃদ্ধি করে।,1.2872088729991447,,
 মস্তিষ্কে রক্তক্ষরণ স্ট্রোক অস্ত্রোপচার বা কোনো রোগের কারণে দীর্ঘদিন শয্যাশায়ী থাকলে কোষ্ঠকাঠিন্য দূর করা কঠিন হয়ে পড়ে,"ব্রেন হেমারেজ, স্ট্রোক, সার্জারি বা অন্য কোনো রোগের কারণে দীর্ঘদিন শয্যাশায়ী থাকলে কোষ্ঠকাঠিন্য দূর করা কঠিন হয়ে পড়ে।","দীর্ঘদিন বিছানায় পড়ে থাকলে, যেমন মস্তিষ্কে রক্তক্ষরণ, স্ট্রোক, অস্ত্রোপচার বা কোনো রোগের কারণে, কোষ্ঠকাঠিন্য দূর করা কঠিন হয়ে পড়ে।",9.725753688000623,,
এ ছাড়া বিএসএমএমইউর পরীক্ষা থেকেও ২৮ মে তাঁর করোনা পজিটিভ আসে,এ ছাড়া গত ২৮ মে বিএসএমএমইউ পরীক্ষায় তার করোনা পজিটিভ আসে।,তাছাড়া ২৮ মে বিএসএমএমইউর পরীক্ষায় তাঁর করোনা পজিটিভ ধরা পড়ে।,9.495760642000278,,
ডা কাজী মাহজেবীন আক্তার সরকারী ইউনানী ও আয়ুর্বেদিক মেডিকেল কলেজের মেডিকেল অফিসার এমও হিসেবে কর্মরত ছিলেন,ডাঃ কাজী মাহজেবীন আখতার সরকারি ইউনানী ও আয়ুর্বেদিক মেডিকেল কলেজের মেডিকেল অফিসার হিসেবে কর্মরত ছিলেন।,ডা. কাজী মাহজেবীন আক্তার সরকারি ইউনানি ও আয়ুর্বেদিক মেডিকেল কলেজে মেডিকেল অফিসার (এমও) পদে দায়িত্ব পালন করছিলেন।,10.609265539999797,,
রক্তে অত্যধিক পরিমাণে কলেস্টেরল থাকলে ডায়াবেটিস রোগীদের হার্টের রোগ এবং রক্তনালির রোগ বৃদ্ধি পেতে পারে,রক্তে অত্যধিক কোলেস্টেরল ডায়াবেটিস রোগীদের হৃদরোগ এবং রক্তনালীর রোগের ঝুঁকি বাড়াতে পারে।,"ডায়াবেটিস আক্রান্ত ব্যক্তিদের রক্তে যদি অতিরিক্ত কোলেস্টেরল থাকে, তাহলে তাদের হৃদরোগ ও রক্তনালীর রোগের ঝুঁকি বাড়তে পারে।",9.459483399000419,,
এর আগে খবরে বলা হয়েছে সরকারের অনুমোদন না পেলেও নিজেদের উদ্ভাবিত জি আর কোভিড১৯ রেপিড ডট ব্লট কিট দিয়ে করোনাভাইরাসের পরীক্ষা শুরু করবে গণস্বাস্থ্য কেন্দ্র,"এর আগে জানা গেছে, সরকারের অনুমোদন না পাওয়া সত্ত্বেও গণসাথ্য কেন্দ্র নিজস্ব উদ্ভাবিত জিআর কোভিড-১৯ র‌্যাপিড ডট ব্লট কিট দিয়ে করোনাভাইরাস পরীক্ষা শুরু করবে।","গণস্বাস্থ্য কেন্দ্র জানিয়েছে, সরকারের অনুমোদন না থাকলেও তাদের উদ্ভাবিত জি আর কোভিড-১৯ র্যাপিড ডট ব্লট কিট ব্যবহার করে করোনাভাইরাস",4.822993564000171,,
হৃৎপিণ্ডের রক্তনালিতে ব্লকজনিত কারণে বুকে ব্যথা হলে কি ইসিজি স্বাভাবিক থাকতে পারে,হার্টের রক্তনালীতে ব্লকেজের কারণে বুকে ব্যথা হলে ইসিজি কি স্বাভাবিক হতে পারে?,হৃদযন্ত্রের রক্তনালীতে ব্লকের কারণে বুকে ব্যথা হলে ইসিজি কি স্বাভাবিক থাকতে পারে?,6.154636463000315,,
সাধারণ নিউমোনিয়াতেও হঠাৎ অনেক জ্বর বুকব্যথা ও কাশির সঙ্গে মরিচা রঙের কফ হতে পারে,সাধারণ নিউমোনিয়াতেও হঠাৎ উচ্চ জ্বর হতে পারে বুকে ব্যথা এবং মরিচাযুক্ত কফের সাথে কাশি।,"সাধারণ নিউমোনিয়ার ক্ষেত্রেও হঠাৎ করে প্রচণ্ড জ্বর, বুকে ব্যথা ও কাশির সাথে মরিচা রঙের কফ দেখা দিতে পারে।",1.6076549640001758,,
সময়মতো ধৈর্য ধরে চিকিৎসা করলে এ অন্ধত্বের হাত থেকে রক্ষা পাওয়া যায়,সময়মত এবং রোগীর চিকিৎসা আপনাকে এই অন্ধত্ব থেকে বাঁচাতে পারে।,সময়মতো ধৈর্য সহকারে চিকিৎসা করলে এই অন্ধত্ব থেকে রক্ষা পাওয়া সম্ভব।,3.5001489950000177,,
কোনো কারণে থাইরয়েড গ্রন্থি থেকে মাত্রাতিরিক্ত হরমোন নিঃসৃত হওয়াকে হাইপারথাই রয়েডিজম বলা হয়,হাইপারথাইরয়েডিজম হলো কোনো কারণে থাইরয়েড গ্রন্থি থেকে অতিরিক্ত হরমোন নিঃসরণ।,থাইরয়েড গ্রন্থি থেকে অতিরিক্ত হরমোন নিঃসরণের অবস্থাকে হাইপারথাইরয়েডিজম বলে।,2.379664404000323,,
প্রতি সপ্তাহে কমপক্ষে তিন রাত এবং একটানা কমপক্ষে তিন মাস উপরোক্ত অবস্থা চলতে থাকলে তাকে আমরা ইনসমনিয়া ডিসঅর্ডার বলি,"যদি উপরোক্ত অবস্থা প্রতি সপ্তাহে অন্তত তিন রাত এবং টানা তিন মাস চলতে থাকে, তাহলে আমরা তাকে অনিদ্রা ব্যাধি বলি।",যদি প্রতি সপ্তাহে কমপক্ষে তিন রাত এবং টানা অন্তত তিন মাস ধরে এই অবস্থা চলতে থাকে,9.185508199999276,,
এসব লবণের ঘাটতিতে সচরাচর এই সমস্যা হতে পারে,এই লবণের ঘাটতির কারণে প্রায়ই এই সমস্যা হতে পারে।,এই লবণের অভাবে সাধারণত এই সমস্যা দেখা দিতে পারে।,1.394895610000276,,
নাকের এ সর্দি সামনের দিকে আসতে পারে,এই সর্দি নাক এগিয়ে আসতে পারে।,এই নাকের সর্দি সামনের দিকে বের হতে পারে।,3.9845241509992775,,
 মানসিক চাপ বা উদ্বেগ ম্যানেজে মেডিটেশন ইয়োগা করবেন,মানসিক চাপ বা উদ্বেগ পরিচালনা করতে ধ্যান যোগব্যায়াম করুন।,মেডিটেশন ও ইয়োগা মানসিক চাপ বা উদ্বেগ নিয়ন্ত্রণে সহায়তা করে।,11.530762108999625,,
কিন্তু জন্মগতকারণে চোখের মাংস দুর্বল হলে মণি অস্বচ্ছ হলে জন্মগত ছানি হলে দুই চোখের দৃষ্টিশক্তির পার্থক্য হলে গঠনগত অসামঞ্জস্য হলে দুটি চোখ একসঙ্গে কোনো বস্তুর দিকে স্থির থাকতে পারে না,"কিন্তু জন্মগত কারণে চোখের পেশী দুর্বল হলে, পুতুল অস্বচ্ছ হলে, জন্মগত ছানি থাকলে, দুই চোখের দৃষ্টিশক্তির পার্থক্য থাকলে, গঠনগত অসংগতি থাকলে চোখ দুটি পারে না। একই সাথে একটি বস্তু ঠিক করুন।","জন্মগত কারণে চোখের পেশি দুর্বল, মণি অস্বচ্ছ, জন্মগত ছানি",2.577172383999823,,
প্রণালী ১ কাপ বেসন ১ কাপ চিনি ১ কাপ ঘি বড় এলাচের গুঁড়ো ছোট ছোট টুকরো করে কাটা বাদামউপকরণ প্রথমে চিনি আর ১ কাপ পানি নিয়ে ওভেনে বসান,"প্রণালী: 1 কাপ বেসন, 1 কাপ চিনি, 1 কাপ ঘি, বড় এলাচ গুঁড়া, বাদাম ছোট ছোট টুকরো করে কাটা। উপকরণ: প্রথমে চিনি ও ১ কাপ পানি নিয়ে ওভেনে রাখুন।",,9.682725699000002,request_error:'NoneType' object has no attribute 'strip',
রোগীর দ্রুত সুস্থতার জন্য পানি এবং পানীয় জাতীয় খাবার যেমন ডাবের পানি ও বিভিন্ন ধরনের ফলের জুস এবং প্লেটেলেট বাড়ে এ জাতীয় খাবার দিয়ে সুষম ও সহজপাচ্য খাদ্য তালিকাটি তৈরি করতে হবে,রোগীর দ্রুত সুস্থতার জন্য পানি এবং ডাবের পানির মতো পানীয় এবং বিভিন্ন ফলের রস এবং খাবার যা প্লেটলেট বাড়ায় দিয়ে একটি সুষম এবং সহজে হজমযোগ্য খাদ্য তৈরি করতে হবে।,"দ্রুত রোগীকে সুস্থ করতে পানি, ডাবের পানি, বিভিন্ন ফলের জ",6.652734606000195,,
 মায়ের বুকের দুধ পান করাতে হবে,মায়ের বুকের দুধ পান করা উচিত।,মায়ের দুধ শিশুকে খাওয়ানো আবশ্যক।,4.123612463000427,,
গত ৫ বছর পূর্বে বেলজিয়ামের একটি গবেষণাগারে একইভাবে একটি লামার দেহে ইনজেকশনের মাধ্যমে SARS সার্স ও MARS মার্স ভাইরাস দেয়া হয়েছিল,5 বছর আগে বেলজিয়ামের একটি গবেষণাগারে SARS এবং MARS ভাইরাস একইভাবে একটি লামাতে ইনজেকশন দেওয়া হয়েছিল।,প্রায় পাঁচ বছর আগে বেলজিয়,3.184835742999894,,
১ গর্ভকালীন এবং গর্ভ পরবর্তী সময়ে নিয়মিত স্বাস্থ্যসেবা পেতে চিকিৎসকের সঙ্গে যোগাযোগ রাখুন,1 গর্ভাবস্থায় এবং গর্ভাবস্থার পরে নিয়মিত স্বাস্থ্যসেবা পেতে ডাক্তারের সাথে যোগাযোগ রাখুন।,গর্ভাবস্থায় ও সন্তান জন্মের পর নিয়মিত স্বাস্থ্যসেবা নিশ্চিত করতে চিকিৎসকের সংস্পর্শে থাকুন।,1.1181868089997806,,
একই বিভাগের সিনিয়র কনসালটেন্ট অ্যান্ড কোঅর্ডিনেটর ডা ফেরদৌস শাহরিয়ার সৈয়দ বলেন দেশে ৯০ শতাংশ ক্যানসারের ওষুধ তৈরি হয়,"একই বিভাগের সিনিয়র কনসালটেন্ট ও সমন্বয়কারী ড. ফেরদৌস শাহরিয়ার সৈয়দ বলেন, দেশে ক্যান্সারের ৯০ শতাংশ ওষুধ তৈরি হয়।",,10.722704767999858,request_error:'NoneType' object has no attribute 'strip',
অ্যালার্জি থাকলে অপারেশনের পর শিশুকে অ্যালার্জির জন্য দীর্ঘমেয়াদী ওষুধ দিতে হবে,অ্যালার্জি হলে অপারেশনের পর শিশুকে দীর্ঘমেয়াদি অ্যালার্জির ওষুধ দিতে হবে।,অ্যালার্জি থাকলে অস্ত্রোপচারের পর শিশুকে দীর্ঘদিন অ্যালার্জির ওষুধ দিতে হবে।,1.6844357529998888,,
৪৫ মিনিট থেকে ৬০ মিনিট অপেক্ষা করুন,45 মিনিট থেকে 60 মিনিট অপেক্ষা করুন।,৪৫ থেকে ৬০ মিনিট পর্যন্ত অপেক্ষা করুন।,1.2079202710001482,,
হার্ট ফেলিওর সম্পর্কে আপনি জানেন এবং হার্ট ফেলিওরের সঙ্গে নিরাপদ বসবাস করবেন,আপনি হার্ট ফেইলিউর সম্পর্কে জানেন এবং হার্ট ফেইলিউর নিয়ে নিরাপদে বাস করুন।,আপনার হার্ট ফেলিওর সম্পর্কে জ্ঞান আছে এবং এই রোগ নিয়ে নিরাপদে থাকবেন।,2.639699629000461,,
পেট পরিষ্কার থাকবে যে কারণে ত্বক ঝকঝকে হবে নিজ থেকেই,"পেট পরিষ্কার থাকবে, যা স্বাভাবিকভাবেই ত্বককে উজ্জ্বল করবে।",পেট পরিষ্কার থাকার ফলে ত্বক নিজেই উজ্জ্বল হবে।,2.8388473049999448,,
তাই একটি বাস্তবমুখী কার্যকর আইপিসি ছাড়া মানসম্পন্ন স্বাস্থ্যসেবা সরবরাহ করা অসম্ভব,"সুতরাং, একটি বাস্তবসম্মত এবং কার্যকর আইপিসি ছাড়া মানসম্পন্ন স্বাস্থ্যসেবা সরবরাহ করা অসম্ভব।",সুতরাং বাস্তবমুখী ও কার্যকরী আইপিসি ছাড়া মানসম্মত স্বাস্থ্যসেবা প্রদান করা সম্ভব নয়।,2.294928486000572,,
দুধ যে ক্যালসিয়ামের ঘাটতি মেটানোর জন্য মূল আশ্রয় তা আমরা কম বেশি সকলেই জানি,আমরা সবাই কমবেশি জানি যে দুধ হল ক্যালসিয়ামের ঘাটতির প্রধান আশ্রয়স্থল।,"দুধ যে ক্যালসিয়ামের অভাব পূরণের প্রধান উৎস, তা আমরা প্রায় সবাই জানি।",0.683500434999587,,
গাছে পানি দেবে কে এই চিন্তায় শহর ছেড়ে বেড়াতে বা ভ্রমণে যাওয়াটা এক রকম চিন্তার বিষয় হয়ে যায়,"শহর ছেড়ে বেড়াতে যাওয়া বা বেড়াতে যাওয়া এক ধরনের দুশ্চিন্তায় পরিণত হয়, কে গাছে পানি দেবে তা নিয়ে দুশ্চিন্তা।",শহর থেকে বেরিয়ে কোথাও ঘুরতে বা ভ্রমণে যেতে গেলে গাছে পানি দেওয়ার চিন্তাটাই বড় উদ্বেগের কারণ হয়ে দাঁড়ায়।,3.007437944999765,,
হাজিদের প্রায় ১৫ শতাংশ ডায়াবেটিক নিউরোপ্যাথিতে ভোগেন যা পায়ের জটিলতা যেমনক্ষত বা ঘা হওয়ার ঝুঁকি বাড়িয়ে দেয়,"প্রায় 15 শতাংশ হাজি ডায়াবেটিক নিউরোপ্যাথিতে ভুগছেন, যা আলসারের মতো পায়ের জটিলতার ঝুঁকি বাড়ায়।","ডায়াবেটিক নিউরোপ্যাথিতে আক্রান্ত হাজিদের সংখ্যা প্রায় ১৫ শতাংশ, যা পায়ে ঘা বা ক্ষত সৃষ্টির সম্ভাবনা বাড়িয়ে দেয়।",11.960629825000069,,
হাতের ওপর মাথার চাপ বাড়বে তবে হাত দুটোও মাথার ওপর সমান চাপ দেবে,"হাতের উপর মাথার চাপ বাড়বে, তবে উভয় হাত মাথার উপর সমান চাপ দেবে।","মাথার চাপ হাতের ওপর বাড়লেও, হাত দুটোও মাথায় সমান",4.998470780000389,,
এই দুই এসেন্সিয়াল হেলদি ফ্যাট আমাদের হৃদযন্ত্রের স্বাস্থ্যের খেয়াল রাখে,এই দুটি অপরিহার্য স্বাস্থ্যকর চর্বি আমাদের হার্টের স্বাস্থ্যের যত্ন নেয়।,আমাদের হৃদযন্ত্রের সুস্থতা নিশ্চিত করে এই দুটি প্রয়োজনীয় স্বাস্থ্যকর চর্বি।,2.039523888999611,,
 এই ভাইরাস সম্পর্কে এখন অনেক ধারণাই পরিষ্কার হয়ে গেছে বিজ্ঞানীদের,এই ভাইরাস সম্পর্কে অনেক ধারণা এখন বিজ্ঞানীদের কাছে পরিষ্কার।,বিজ্ঞানীদের কাছে এই ভাইরাস সম্পর্কে এখন অনেক ধারণাই স্পষ্ট হয়ে গেছে।,1.3675731339999402,,
দৈনিক চিনির পরিমাণ আমেরিকান হার্ট অ্যাসোসিয়েশন মেয়েদের জন্য ছয় চামচ চিনি বা ২৫ গ্রাম চিনি এক দিনে অতিরিক্ত বা অ্যাডেড সুগার হিসাবে গ্রহণের পরামর্শ প্রদান করেছেন,দৈনিক চিনির পরিমাণ আমেরিকান হার্ট অ্যাসোসিয়েশন মেয়েদের জন্য সুপারিশ করে দিনে ছয় চা চামচ চিনি বা যোগ করা চিনি 25 গ্রাম।,আমেরিকান হার্ট অ্যাসোসিয়েশন মেয়েদের জন্য প্রতিদিন অতিরিক্ত বা অ্যাডেড সুগার হিসেবে ছয় চামচ বা ২৫ গ্রাম চিনি গ্রহণের পরামর্শ দিয়েছে।,3.4398665919998166,,
শীতকালে সাইনাসের সমস্যা একটি সাধারণ ব্যাপার,শীতকালে সাইনাসের সমস্যা দেখা যায়।,শীতের মৌসুমে সাইনাসের সমস্যা খুবই পরিচিত একটি বিষয়।,1.6794328160003715,,
এভাবে কয়েক দিন খেলে কমে যাবে গলাব্যথা,এভাবে কয়েকদিন খেলে গলা ব্যথা কমে যাবে।,,10.706650006000018,request_error:'NoneType' object has no attribute 'strip',
মুখের আলসারের ভালো চিকিৎসা রয়েছে,মুখের আলসারের ভালো চিকিৎসা আছে।,মুখের ঘায়ের জন্য কার্যকর চিকিৎসা বিদ্যমান।,2.3970161090001056,,
স্টেরয়েড ড্রপ ব্যবহার করলে জীবাণুর সংক্রমণ আরও বেড়ে যেতে পারে এমনকি কর্নিয়া ক্ষতিগ্রস্থও হতে পারে,স্টেরয়েড ড্রপ সংক্রমণকে আরও খারাপ করতে পারে এবং এমনকি কর্নিয়ার ক্ষতি করতে পারে।,স্টেরয়েড ড্রপ প্রয়োগ করলে সংক্রমণ আরও বাড়তে পারে এবং কর্নিয়ারও ক্ষতি হতে পারে।,1.1343713810001645,,
শিশুকে সুস্থ রাখার জন্য শীতের প্রস্তুতি ও চিকিৎসা নিয়ে লিখেছেন শিশুরোগ বিশেষজ্ঞ ও বাংলাদেশ শিশু চিকিৎসক সমিতির সভাপতি অধ্যাপক ডা মনজুর হোসেন,শিশুদের সুস্থ রাখতে শীতের প্রস্তুতি ও চিকিৎসার কথা লিখেছেন শিশু বিশেষজ্ঞ ও বাংলাদেশ চিলড্রেন ফিজিশিয়ান অ্যাসোসিয়েশনের সভাপতি ডাঃ মনজুর হোসেন।,,8.441928211000231,request_error:'NoneType' object has no attribute 'strip',
 ফুসফুসে ছড়ালে কাশি হওয়া এমনকি কাশির সঙ্গে রক্তও যেতে পারে,"যদি এটি ফুসফুসে ছড়িয়ে পড়ে, তবে এটি কাশি এবং এমনকি কাশির কারণে রক্তও হতে পারে।",ফুসফুসে সংক্রমণ ছড়িয়ে পড়লে কাশি হতে পারে এবং সেই কাশির সঙ্গে রক্তও বেরোতে পারে।,8.67321960999925,,
নখে তিতা কিছু দিয়ে রাখুন তাহলে দাঁতে নখ দিতে ইচ্ছে করবে না,"তোমার নখে তেতো কিছু লাগাও, তাহলে তুমি আর দাঁতে নখ লাগাতে চাইবে না।","নখে তিতা কিছু লাগিয়ে রাখুন, তাহলে নখ কামড়ানোর ইচ্ছা হবে না।",7.437945231999947,,
কী ঘটে যখন সবাই ঘরে বসে কাজ করে অথবা শুধুমাত্র দূর থেকেই যোগাযোগ করে কেমন হয় যখন সকল শিক্ষা কার্যক্রম অনলাইনে হয় স্বাভাবিক সময়ে রাষ্ট্র ব্যবসা এবং শিক্ষা প্রতিষ্ঠান এই ধরণের এক্সপেরিমেন্টে কখনোই রাজি হবে না,"সবাই যখন বাড়ি থেকে কাজ করে বা শুধুমাত্র দূর থেকে যোগাযোগ করে তখন কী হয়? সমস্ত শিক্ষা কার্যক্রম অনলাইন হলে কি হয়? স্বাভাবিক সময়ে, সরকার, ব্যবসায়িক এবং শিক্ষা প্রতিষ্ঠানগুলি কখনই এ জাতীয় পরীক্ষায় রাজি হবে না।",,9.273806530000002,request_error:'NoneType' object has no attribute 'strip',
কেননা আর্থ্রাইটিস একটি দীর্ঘমেয়াদি জটিলতা এবং এখন পর্যন্ত সে অর্থে আর্থ্রাইটিসের সে রকম কার্যকরী চিকিৎসাও নেই কিন্তু করোনাভাইরাসের ক্ষেত্রে সম্পূর্ণ বিষয়টি ভিন্ন,"কারণ আর্থ্রাইটিস একটি দীর্ঘমেয়াদি জটিলতা এবং আর্থ্রাইটিসের তেমন কোনো কার্যকর চিকিৎসা নেই, তবে করোনাভাইরাসের ক্ষেত্রে এটি সম্পূর্ণ ভিন্ন।",কারণ আর্থ্রাইটিস একটি দীর্ঘস্থায়ী জট,5.586039617000097,,
কারও অ্যালার্জি হয় সর্দিকাশি দেখা দেয়,কারও অ্যালার্জি আছে এবং কারও সর্দি আছে।,কিছু মানুষের অ্যালার্জি থাকলে সর্দি-কাশি হয়।,2.1600339269998585,,
তবে সবার এরকম থাকে না তাই যাদের অ্যাসিডিটি না হয় তারা অবশ্যই খাবার তালিকায় নিয়মিত লেবু রাখবেন,"কিন্তু সবারই এটা থাকে না, তাই যাদের অ্যাসিডিটি নেই তাদের খাবারে নিয়মিত লেবু রাখতে হবে।","তবে সবাই এরকম নয়, তাই যাদের অ্যাসিডিটি নেই তারা নিয়মিত খাদ্যতালিকায় লেবু রাখবেন।",4.191720488000101,,
 চতুর্থ পর্যায় পাইলস ফুলে বাইরে বের হয়ে আসে বা প্রলেপস হয়ে এবং তা আর নিজে ঠিক করা যায় না,স্টেজ IV পাইলস ফুলে যায় বা প্রল্যাপস হয় এবং নিজে থেকে মেরামত করা যায় না।,চতুর্থ ধাপে পাইলস ফুলে বাইরে বেরিয়ে আসে বা প্রলেপস হয় এবং সেটি আর নিজে থেকে ঠিক করা সম্ভব হয় না।,1.9903595560008398,,
মো ইকবাল হোসেন জ্যেষ্ঠ পুষ্টি কর্মকর্তা চট্টগ্রাম ডায়াবেটিক জেনারেল হাসপাতাল,মোঃ ইকবাল হোসেন সিনিয়র নিউট্রিশন অফিসার চট্টগ্রাম ডায়াবেটিক জেনারেল হাসপাতাল,চট্টগ্রাম ডায়াবেটিক জেনারেল হাসপাতালের জ্য,12.866741077999905,,
বেশিরভাগ ক্ষেত্রে এটা একটা কারণে ফুলে যায় অধিকাংশ ক্ষেত্রে এর চিকিৎসার প্রয়োজন আছে,বেশিরভাগ ক্ষেত্রে এটি একটি কারণে ফুলে যায় এবং বেশিরভাগ ক্ষেত্রে এটির চিকিত্সার প্রয়োজন হয়।,বেশিরভাগ সময় এটি একটি কারণে ফুলে যায় এবং অধিকাংশ ক্ষেত্রে এর চিকিৎসা প্রয়োজন।,2.716305767999984,,
"২ স্থূলতা
স্থূলতার কারণে অনেক সময় পাকস্থলীতে ক্যান্সার হতে পারে",2 স্থূলতা স্থূলতা প্রায়ই পেট ক্যান্সার হতে পারে.,,12.510273331000462,request_error:'NoneType' object has no attribute 'strip',
এখানে মুক্তিযোদ্ধাদের জন্য স্বল্পব্যয়ে আবাসন গড়ে তোলা হবে,মুক্তিযোদ্ধাদের জন্য এখানে স্বল্পমূল্যের আবাসন নির্মাণ করা হবে।,এখানে স্বাধীনতা সংগ্রামীদের জন্য কম খরচে বাসস্থান তৈরি করা হবে।,7.401570566999908,,
দুধ বাদাম ফলের রস বা নারকেলের পানিতেও চিয়া সিড মেশাতে পারেন,"এছাড়াও আপনি দুধ, বাদাম ফলের রস বা নারকেল জলে চিয়া বীজ মেশাতে পারেন।","চিয়া সিড দুধ, বাদামের রস, ফলের রস বা নারকেলের পানির সঙ্গেও মেশানো সম্ভব।",2.4126422340004865,,
এই উপমহাদেশে প্রকোপ কিছুটা বেশি,এই উপমহাদেশে প্রকোপ কিছুটা বেশি।,এই উপমহাদেশে প্রকোপটা কিছুটা বেশি।,0.6592677449998519,,
তাই রোগীর রোগগুলো হলে মাইট্রাল স্টেটোনোফ সঙ্গে লেফ্ট এট্রিয়াল থ্রোম্বাস আছে এট্রিয়াল ফিব্রিলেশন ও ইস্কোমিক স্ট্রোক,"তাই যদি রোগীর রোগ হয় mitral stetonoph with left atrial thrombus, atrial fibrillation এবং ischemic stroke.",,11.664113965999604,request_error:'NoneType' object has no attribute 'strip',
সর্দিজ্বর থেকে অনেক সময় সেকেন্ডারি ইনফেকশন হয়ে থাকে,ঠাণ্ডা প্রায়ই সেকেন্ডারি ইনফেকশন সৃষ্টি করে।,সর্দিজ্বরের কারণে প্রায়ই দ্বিতীয় সংক্রমণ দেখা দেয়।,1.0175765379999575,,
কখনো চিনিমুক্ত মিল্কশেক বা টক দইয়ের লাচ্ছি খেতে পারেন,কখনও কখনও আপনি চিনিমুক্ত মিল্কশেক বা টক দই লস্যি খেতে পারেন।,চিনি ছাড়া মিল্কশেক বা টক দইয়ের লাচ্ছি খাওয়া যেতে পারে মাঝে মাঝে।,2.230506840000089,,
ডেঙ্গু হলে যেসব খাবার এড়িয়ে চলতে হবে,ডেঙ্গু হলে যেসব খাবার এড়িয়ে চলতে হবে।,ডেঙ্গু রোগে আক্রান্ত হলে যে খাবারগুলো এড়িয়ে চলা উচিত।,15.192875540999921,,
কোনো কারণে গ্রন্থির মুখ বন্ধ হয়ে গেলে বা গ্রন্থিগুলো থেকে পানি নিঃসরণ কমে গেলে চোখ শুষ্ক হয়ে পড়ে,কোনো কারণে গ্রন্থি বন্ধ হয়ে গেলে বা গ্রন্থি থেকে পানি নিঃসরণ কমে গেলে চোখ শুষ্ক হয়ে যায়।,"যদি কোনো কারণে গ্রন্থির ছিদ্র বন্ধ হয়ে যায় বা গ্রন্থি থেকে পানি নির্গমনের পরিমাণ কমে যায়, তাহলে চোখ শুষ্ক হয়ে পড়ে।",2.3158015279996107,,
দীর্ঘমেয়াদি লিভার প্রদাহের ফলে ধীরে ধীরে ক্ষতিগ্রস্ত লিভারজুড়ে আঁশ তৈরি হয় যাকে লিভার ফাইব্রোসিস বলা হয়,"দীর্ঘমেয়াদী লিভারের প্রদাহ ধীরে ধীরে ক্ষতিগ্রস্ত লিভার জুড়ে দাগের টিস্যু গঠনের দিকে নিয়ে যায়, যাকে বলা হয় লিভার ফাইব্রোসিস।",দীর্ঘস্থায়ী লিভারের প্রদাহের কারণে ধীরে ধীরে লিভারের ক্ষতিগ্রস্ত স্থানে আঁশ,2.8720360620000065,,
বাংলাদেশ স্পেশালাইজড হাসপাতাল শ্যামলী ঢাকা,বাংলাদেশের শ্যামলী ঢাকা বিশেষায়িত হাসপাতাল,ঢাকার শ্যামলীতে অবস্থিত বাংলাদেশ স্পেশালাইজড হাসপাতাল,4.818435166999734,,
থাইল্যান্ড থেকে নিউইয়র্ক গোটা মানব সমাজ আজ একই রকম বিষয়ে উদ্বিগ্ন  কোথায় কখন মাস্ক ব্যবহার করতে হবে মুদি দোকান থেকে আনা খাদ্যদ্রব্য কীভাবে নিরাপদে ব্যবহার করতে পারি নিজ উদ্যোগে কোয়ারেন্টাইনে যাবো কি না,"থাইল্যান্ড থেকে নিউইয়র্ক পর্যন্ত, আজ সমগ্র মানবসমাজ একই বিষয় নিয়ে উদ্বিগ্ন: কোথায় মাস্ক পরতে হবে, কখন মুখোশ পরতে হবে, কীভাবে নিরাপদে মুদি দোকান থেকে খাবার গ্রহণ করতে হবে, সেল্ফ কোয়ারেন্টাইন হবে কি না।","থাইল্যান্ড থেকে নিউইয়র্ক পর্যন্ত সমগ্র মানব সমাজ বর্তমানে একই সমস্যা নিয়ে চিন্তিত: কোথায় এবং কখন মাস্ক পরতে হবে, মুদি দোকান থেকে আনা খাবার কীভাবে নিরাপদে ব্যবহার করবেন, এবং নিজের উদ্যোগে কোয়ারেন্টাইনে যাবেন কিনা।",18.92489028,,
যেসব নারীর ব্রেস্ট ক্যানসারের কোনো পারিবারিক ইতিহাস নেই তাদের চেয়ে যেসব নারীর আত্মীয়দের firstdegree relative মাঝে ব্রেস্ট ক্যানসারের পারিবারিক ইতিহাস আছে তাদের ক্যানসার হওয়ার ঝুঁকি নয় গুণ বেশি,স্তন ক্যান্সারের পারিবারিক ইতিহাস সহ প্রথম-ডিগ্রী আত্মীয় সহ মহিলাদের স্তন ক্যান্সারের কোন পারিবারিক ইতিহাস নেই এমন মহিলাদের তুলনায় স্তন ক্যান্সার হওয়ার সম্ভাবনা নয় গুণ বেশি।,"যেসব নারীর স্তন ক্যান্সারের পারিবারিক ইতিহাস নেই, তাদের তুলনায় যেসব নারীর প্রথম পর্যায়ের আত্মীয়দের মধ্যে স্তন ক্যান্সারের পারিবারিক ইতিহাস রয়েছে, তাদের ক্যান্সারে আক্রান্ত হওয়ার সম্ভাবনা নয় গুণ বেশি।",1.5589704630001506,,
প্রসবপরবর্তী সেবা শুধুমাত্র বুকের দুধ খাওয়ানোর কাউন্সেলিং পরিবার পরিকল্পনার পদ্ধতিগুলো জানাতে হবে এবং বাচ্চার বিপজ্জনক উপসর্গগুলো জানাতে হবে,"প্রসবোত্তর যত্নে শুধুমাত্র বুকের দুধ খাওয়ানোর পরামর্শ, পরিবার পরিকল্পনা এবং শিশুর বিপদের সতর্কতা সংকেত অন্তর্ভুক্ত করা উচিত।",,7.872906594000597,request_error:'NoneType' object has no attribute 'strip',
জমজ সন্তানের হবু মায়ের খাবারদাবারের বিষয়ে চিকিৎসকরা সব সময় প্রোটিনের ওপর জোর দেন,"যমজ সন্তানের গর্ভবতী মায়েদের খাবারের ক্ষেত্রে, চিকিত্সকরা সর্বদা প্রোটিনের উপর জোর দেন।",জমজ সন্তানের প্রত্যাশী মায়েদের খাদ্যতালিকায় চিকিৎসকরা সবসময় প্রোটিনের ওপর গুরুত্ব দেন।,8.175177248999717,,
অনেক সময় আধমরা সাপ যিনি ধরে নিয়ে আসছেন তাঁর ক্ষতি করতে পারে,কখনও কখনও একটি অর্ধ-মরা সাপ তাকে ধরে থাকা ব্যক্তির ক্ষতি করতে পারে।,অর্ধমৃত সাপটি অনেক সময় ধরে আনা ব্যক্তির ক্ষতি করতে পারে।,3.379710021000392,,
অনুষ্ঠানে জানানো হয় বাংলাদেশ ডায়াবেটিক সমিতির নিয়োগকর্তাস্পন্সরড হেলথ ইন্সুরেন্স ইএসএইচআই স্কিমের আওতায় ২০১৪ সালের ২৪ এপ্রিল থেকে ২০১৫ সালের ২৩ এপ্রিল পর্যন্ত গাজীপুর জেলার সাতটি তৈরি পোশাক আরএমজি কারখানায় গার্মেন্টস কর্মীদের স্বাস্থ্য সেবা নিয়ে একটি গবেষণা জরিপ পরিচালিত হয়েছিল,"অনুষ্ঠানে জানানো হয়, বাংলাদেশ ডায়াবেটিক অ্যাসোসিয়েশনের নিয়োগকর্তার পৃষ্ঠপোষকতায় স্বাস্থ্য বীমা ESHI স্কিমের আওতায় গাজীপুর জেলার সাতটি তৈরি পোশাক কারখানায় 24 এপ্রিল 2014 থেকে 23 এপ্রিল 2015 পর্যন্ত গার্মেন্টস শ্রমিকদের স্বাস্থ্যসেবা নিয়ে একটি গবেষণা জরিপ পরিচালিত হয়। .","গাজীপুর জেলার সাতটি তৈরি পোশাক কারখানায় গার্মেন্টস কর্মীদের স্বাস্থ্যসেবা নিয়ে একটি গবেষণা জরিপ চালানো হয়েছিল, যা বাংলাদেশ ডায়াবেটিক সমিতির নিয়োগকর্তা-স্পন্সরড স্বাস্থ্য বীমা (ইএসএইচআই) প্রকল্পের আওতায় ২০১৪ সালের ২৪ এপ্রিল থেকে ২০১৫ সালের ২৩ এপ্রিল পর্যন্ত পরিচালিত হয়—অনুষ্ঠানে এ তথ্য জানানো হয়।",12.131453760999648,,
কিন্তু বেশি প্লাজমা লিকেজ হলে রক্তচাপ কমে যায় ও রোগী শকে চলে যায়,কিন্তু প্লাজমা লিকেজ বেশি হলে রক্তচাপ কমে যায় এবং রোগী শকে যায়।,কিন্তু অতিরিক্ত প্লাজমা নিঃসরণে রক্তচাপ কমে যায় এবং রোগী শকে চলে যায়।,2.8366694079995796,,
 প্রচুর পানি পান করুন এবং নিজেকে হাইড্রেটেড রাখতে বাড়িতে এবং ভ্রমণের সময় ডাবের জল এবং লেবুর শরবত পান করুন,প্রচুর পানি পান করুন এবং নিজেকে হাইড্রেটেড রাখতে বাড়িতে এবং ভ্রমণের সময় ডাবের পানি এবং লেবুপানি পান করুন।,"নিজেকে হাইড্রেটেড রাখতে প্রচুর পানি পান করুন, আর বাড়িতে ও ভ্রমণের সময় ডাবের জল ও লেবুর শরবত খান।",2.9738735340006315,,
তাদের প্রস্তুতি শেষ পর্যায়ে বলে হাসপাতাল সূত্রে জানা গেছে,তাদের প্রস্তুতি শেষ পর্যায়ে রয়েছে বলে হাসপাতাল সূত্রে জানা গেছে।,"হাসপাতাল সূত্রে জানা গেছে, তাদের প্রস্তুতি চূড়ান্ত পর্যায়ে রয়েছে।",2.66197010399992,,
২৩ ভাগ রোগীর সার্জারি লাগে,23% রোগীর অস্ত্রোপচারের প্রয়োজন হয়।,২৩ শতাংশ রোগীর অস্ত্রোপচারের প্রয়োজন।,7.0256461460003266,,
৩০ বছর বয়সের পরে হাড়ের ঘনত্ব ধীরে ধীরে কমতে শুরু করে,30 বছর বয়সের পর ধীরে ধীরে হাড়ের ঘনত্ব কমতে শুরু করে,ত্রিশ বছর বয়সের পর থেকে হাড়ের ঘনত্ব ধীরে ধীরে হ্রাস পেতে শুরু করে।,3.6428831789999094,,
শীতে পা ঘামার বড় কারণ পা ঢাকা জুতা পরা,পায়ের পাতায় বন্ধ জুতা পরা শীতে পায়ের ঘামের একটি প্রধান কারণ।,শীতকালে পা ঘামার প্রধান কারণ হলো পা ঢাকা জুতা পরা।,4.468989331000557,,
সেই সঙ্গে নিয়মিত ব্রকলি খেলে রোগ প্রতিরোধক ক্ষমতা বাড়ে,"এছাড়াও, নিয়মিত ব্রকলি খেলে রোগ প্রতিরোধ ক্ষমতা বৃদ্ধি পায়।",নিয়মিত ব্রকলি খাওয়ার মাধ্যমে রোগ প্রতিরোধক্ষমতা বাড়ে।,8.543539982999391,,
কিন্তু রোগটিতে সমানসংখ্যক নারী ও পুরুষ মারা গেছে,কিন্তু এই রোগটি সমান সংখ্যক নারী-পুরুষকে হত্যা করেছে।,তবে রোগটিতে সমান পরিমাণে নারী ও পুরুষের মৃত্যু হয়েছে।,7.645672659999946,,
যতদিন যেতে থাকে বাচ্চার বৃদ্ধির মাত্রা ততই কমতে থাকে,সময়ের সাথে সাথে শিশুর বৃদ্ধির হার কমে যায়।,শিশুর বয়স বাড়ার সাথে সাথে তার বৃদ্ধির হারও ক্রমশ কমতে থাকে।,2.3176205560002927,,
এমনটি হয়ে থাকলে কোনো কিছু ধরার চেষ্টা করলে হাত থেকে জিনিস পড়ে যাওয়ার মতো দুর্বলতা দেখা দিতে পারে,"এমনটা হলে দুর্বলতা দেখা দিতে পারে, যেমন কিছু ধরতে গিয়ে হাত থেকে পড়ে যাওয়া।",এ অবস্থায় কিছু ধরতে গেলে হাত থেকে জিনিস পড়ে যাওয়ার মতো দুর্বলতা দেখা দিতে পারে।,2.8605777850007144,,
"গবেষণায় দেখা গেছে, এসব খাবার নিয়মিত খেলে হার্টের অসুখ, সুগার, প্রেশার এবং কোলেস্টেরলের ফাঁদে জড়িয়ে পড়ার আশঙ্কা তৈরি হয়","গবেষণায় দেখা গেছে নিয়মিত এসব খাবার খেলে হৃদরোগ, ডায়াবেটিস, উচ্চ রক্তচাপ ও কোলেস্টেরল হতে পারে।","গবেষণায় প্রমাণিত, নিয়মিত এই খাবারগুলো খেলে হৃদরোগ, ড",4.123439398999835,,
এ ছাড়া পর্যাপ্ত বিশ্রাম নিতে হবে,এ ছাড়া পর্যাপ্ত বিশ্রাম নিতে হবে।,এছাড়াও যথেষ্ট বিশ্রাম গ্রহণ করা প্রয়োজন।,1.235264480999831,,
শীঘ্রই অনুমোদিত অন্যান্য ভ্যাকসিনসমূহও স্কুলগামীদের ভ্যাকসিন প্রদানের স্বপক্ষে তাদের তথ্য উপাত্ত উপস্থাপন করবে,অন্যান্য শীঘ্রই অনুমোদিত-অনুমোদিত ভ্যাকসিনগুলিও স্কুলে যাওয়া শিক্ষার্থীদের টিকা দেওয়ার সমর্থনে তাদের ডেটা উপস্থাপন করবে।,অন্যান্য অনুমোদিত ভ্যাকসিনগুলিও শীঘ্রই স্কুলগামী শিশুদের টিকা প্রদানের পক্ষে তাদের তথ্য-প্রমাণ উপস্থাপন করবে।,3.4557036910000534,,
আর চিকিৎসক রোগীর শরীরের অবস্থা বুঝে তাকে হাসপাতালে ভর্তি হতে বললে সেটা করতে হবে,"আর ডাক্তার যদি রোগীর শরীরের অবস্থা বুঝে তাকে হাসপাতালে ভর্তি করতে বলেন, তাহলে তাকে তা করতেই হবে।","চিকিৎসক যদি রোগীর শারীরিক অবস্থা বিচার করে তাকে হাসপাতালে ভর্তি হওয়ার পরামর্শ দেন, তবে তা মেনে নেওয়া জরুরি।",15.697697841000263,,
এ চিকিৎসায় সাধারণত একটি বড় মেশিন ব্যবহার করা হয়,এই চিকিৎসায় সাধারণত বড় মেশিন ব্যবহার করা হয়।,এই চিকিৎসায় সাধারণত একটি বড় যন্ত্র ব্যবহৃত হয়।,3.4048447410004883,,
গ্রিন টিতে প্রচুর অ্যান্টিঅক্সিডেন্ট থাকে বলে ইনফ্লামেশন বা প্রদাহ থেকে বাঁচায়,গ্রিন টিতে প্রচুর পরিমাণে অ্যান্টিঅক্সিডেন্ট রয়েছে যা প্রদাহ প্রতিরোধে সাহায্য করে।,গ্রিন টিতে অ্যান্টিঅক্সিডেন্টের পরিমাণ বেশি থাকায় এটি প্রদাহজনিত সমস্যা থেকে রক্ষা করে।,3.17276714899981,,
এখন আবার কি প্রেগন্যান্সি হেয়া যাবে,গর্ভাবস্থা কি এখন নষ্ট হয়ে যাবে?,এখন কি আবার গর্ভবতী হওয়া সম্ভব?,3.9804973269992843,,
কিন্তু ফাস্ট ফুড সেই প্রক্রিয়ার গতি আরও বাড়িয়ে দেয়,কিন্তু ফাস্ট ফুড এই প্রক্রিয়াটিকে আরও গতি দেয়।,কিন্তু ফাস্ট ফুড সেই প্রক্রিয়াটিকে আরও দ্রুততর করে তোলে।,2.8809096250006405,,
এসব ফলে আছে ভিটামিনএ সি ও ই মিনারেল ক্যালসিয়াম ফসফরাস এন্টিঅক্সিডেন্ট ও ফাইবার,"এই ফলগুলিতে ভিটামিন এ, সি এবং ই, খনিজ পদার্থ, ক্যালসিয়াম, ফসফরাস, অ্যান্টিঅক্সিডেন্ট এবং ফাইবার রয়েছে।","এই ফলগুলিতে ভিটামিন এ, সি ও ই, খনিজ পদার্থ ক্যালসিয়াম, ফসফরাস, অ্যান্টিঅক্সিডেন্ট এবং ফাইবার বিদ্যমান।",3.24423039300018,,
যেমন মস্তিষ্কে রক্তক্ষরণ হার্টের বৃহত্তর রক্তনালি যদি ছিঁড়ে যায় বা ফেটে যায় এবং ঘাড় মটকে গেলে,যেমন হৃৎপিণ্ডের একটি বড় রক্তনালী ছিঁড়ে গেলে বা ফেটে গেলে এবং ঘাড় মচকে গেলে মস্তিষ্কে রক্তক্ষরণ।,মস্তিষ্কে রক্তক্ষরণ ঘটে যখন হার্টের বড় রক্তনালি ছিঁড়ে বা ফেটে যায় এবং ঘাড় মোচড়ায়।,1.2773094419999325,,
এছাড়া আমরা এতক্ষণ যেটা বললাম খাদ্যের নিয়ন্ত্রন সেটা হচ্ছে মেডিকেল নিউট্রেশন থেরাপী গঘঞ,এছাড়া খাদ্য নিয়ন্ত্রণের বিষয়ে আমরা যা বলেছি তা হলো মেডিকেল নিউট্রিশন থেরাপি।,"এছাড়াও, আমরা এইমাত্র যে খাদ্য নিয়ন্ত্রণের কথা বললাম, সেটি হলো মেডিকেল নিউট্রিশন থেরাপি।",2.0203126570004315,,
গবেষণায় দেখা যায় অতিরিক্ত ফ্লোরাইড মাঝে মাঝে ক্যানসার সৃষ্টি করতে পারে,গবেষণা দেখায় যে অতিরিক্ত ফ্লোরাইড কখনও কখনও ক্যান্সারের কারণ হতে পারে।,"গবেষণা থেকে জানা যায়, অতিরিক্ত ফ্লোরাইড কখনো কখনো ক্যানসারের কারণ হতে পারে।",1.2541729399999895,,
 কেবল ভাইরাসবাহী এডিস মশার কামড়েই ডেঙ্গু হতে পারে,ডেঙ্গু শুধুমাত্র ভাইরাস বহনকারী এডিস মশার কামড়ে ছড়াতে পারে।,শুধুমাত্র ভাইরাস বহনকারী এডিস মশার কামড়েই ডেঙ্গু রোগ হয়।,4.18948348899994,,
একই কারণে যাঁরা রক্ত পাতলা করার ওষুধ খান তাঁরাও কাঁচা হলুদ খাওয়া থেকে বিরত থাকবেন,একই কারণে যারা রক্ত ​​পাতলা করার ওষুধ খান তাদেরও কাঁচা হলুদ খাওয়া থেকে বিরত থাকতে হবে।,রক্ত পাতলা করার ওষুধ সেবনকারীদেরও একই কারণে কাঁচা হলুদ খাওয়া এড়িয়ে চলা উচিত।,1.1678873359996942,,
" পরিবর্তে সূর্যমুখীর বীজ, আমন্ড এসব খান","বরং সূর্যমুখীর বীজ, বাদাম খান।",পরিবর্তে সূর্যমুখী বীজ ও আমন্ড জাতীয় খাবার খান।,3.5688528640002914,,
শিশুদের ক্যানসার শনাক্তের হার বাড়লেও চিকিৎসা সম্প্রসারিত হচ্ছে না,"যদিও শৈশবকালে ক্যান্সার সনাক্তকরণের হার বাড়ছে, চিকিৎসার প্রসার ঘটছে না।","শিশুদের ক্যানসার শনাক্তকরণের হার বেড়েছে, কিন্তু চিকিৎসার পরিধি বিস্তৃত হচ্ছে না।",2.946585598000638,,
 আখের রস রোগ প্রতিরোধ ক্ষমতা বাড়িয়ে তোলে এবং বহু রোগের বিরুদ্ধে লড়াই করার ক্ষমতা যোগায়,আখের রস রোগ প্রতিরোধ ক্ষমতা বাড়ায় এবং অনেক রোগের বিরুদ্ধে লড়াই করার ক্ষমতা জোগায়।,আখের রস শরীরের রোগ প্রতিরোধক্ষমতা বৃদ্ধি করে এবং বিভিন্ন রোগের বিরুদ্ধে লড়াই করার শক্তি প্রদান করে।,2.717350207999516,,
আর পেটে সমস্যা দেখা দিলে স্বাস্থ্যগত সমস্যা দেখা দেয়,আর পেটের সমস্যা থাকলে স্বাস্থ্য সমস্যা দেখা দেয়।,পেটের সমস্যা হলে স্বাস্থ্যগত জটিলতা দেখা দেয়।,2.680249222000384,,
আগে চিকিৎসকরা জানতেন যে বাচ্চারা কেবল টাইপ১ ডায়াবেটিসে আক্রান্ত হয় এবং একে দীর্ঘকাল ধরে কিশোর ডায়াবেটিস Juvenile Diabetes নামে নামকরণ করা হতো,"আগে, ডাক্তাররা জানতেন যে টাইপ 1 ডায়াবেটিস শুধুমাত্র শিশুদের প্রভাবিত করে এবং এটি দীর্ঘকাল ধরে কিশোর ডায়াবেটিস নামে পরিচিত।",পূর্বে চিকিৎস,4.18125230700025,,
শিশুদের করোনার উপসর্গ পরিবর্তন হয়ে নতুন কোনো কিছু যুক্ত হয়েছে কি না এমন প্রশ্নে ডা আবিদ হোসেন মোল্লা বলেন করোনার প্রভাবে জ্বর প্রধান উপসর্গ,"ডাক্তার আবিদ হোসেন মোল্লা বলেন, করোনার প্রভাবে জ্বরই প্রধান উপসর্গ বলে শিশুদের মধ্যে করোনার উপসর্গ পরিবর্তিত হয়েছে নাকি নতুন কিছু যোগ হয়েছে এমন প্রশ্নে।","ডা. আবিদ হোসেন মোল্লার মতে, করোনায় আক্রান্ত শিশুদের উপসর্গ পরিবর্তিত হয়ে নতুন কিছু যুক্ত হয়েছে কিনা জানতে চাইলে তিনি বলেন, করোনার সংক্রমণে জ্বরই প্রধান লক্ষণ।",21.204797600999882,,
তবে রুটিনে এমন কাজও রাখুন যা করলে আপনার একটু হলেও মন ভালো হয়,"যাইহোক, রুটিন ক্রিয়াকলাপগুলি অন্তর্ভুক্ত করুন যা আপনাকে কমপক্ষে কিছুটা ভাল বোধ করে।","তবে দৈনন্দিন কাজের তালিকায় এমন কাজও যুক্ত করুন, যা করলে আপনার মন একটু হলেও ভালো থাকে।",2.730368498999269,,
গরম পানির বাষ্প টানলে কাশি উপশম হয়,গরম পানির বাষ্প নিঃশ্বাসে নিলে কাশি উপশম হয়।,গরম জলের বাষ্প নিলে কাশি কমে যায়।,2.47255120599948,,
অনেকেই মনে করেন যে এই অসুখটি হয়তো প্রাপ্ত বয়স্ক হওয়ার পরে হয়ে থাকে কিন্তু এটি ভুল ধারণা,অনেকের ধারণা প্রাপ্তবয়স্ক হওয়ার পরে এই রোগ হতে পারে তবে এটি একটি ভুল ধারণা।,"অনেকের ধারণা এই রোগটি কেবল বয়স্কদেরই হয়, কিন্তু তা সঠিক নয়।",0.8553096109999387,,
অতিরিক্ত গরমে ঘাম থেকে বাচ্চাদের ঘামাচি হতে পারে,অতিরিক্ত গরমে শিশুদের ঘাম ও চুলকানি হতে পারে।,প্রচণ্ড গরমে ঘামের কারণে শিশুদের গরমদানা বা ঘামাচি দেখা দিতে পারে।,9.549415739999858,,
আক্রান্ত রোগী হাতের বৃদ্ধাঙ্গুল সহজে নাড়াতে পারেন না,আক্রান্ত রোগীর বুড়ো আঙুল সহজে নাড়াতে পারে না।,আক্রান্ত ব্যক্তির হাতের বুড়ো আঙুল নড়াতে কষ্ট হয়।,11.097316966000108,,
 তাহলেই সুস্থ-সবল জীবনযাপন করতে পারবেন,তবেই আপনি সুস্থ জীবনযাপন করতে পারবেন।,তাহলেই আপনি সুস্থ ও সবল জীবন কাটাতে সক্ষম হবেন।,0.7545203089994175,,
এ মাত্রার নিচে হলে সোয়েটার ব্যবহার করতে পারেন,আপনি যদি এই স্তরের নীচে থাকেন তবে আপনি একটি সোয়েটার ব্যবহার করতে পারেন।,এই মাত্রার কম তাপমাত্রায় সোয়েটার পরা যেতে পারে।,3.5146276720006426,,
কিন্তু সেসব কিছু কিনতে যাওয়ার আগে কিছু বিষয়ে খেয়াল রাখা জরুরি,কিন্তু সেসব জিনিস কিনতে যাওয়ার আগে কিছু বিষয় মাথায় রাখা জরুরি।,তবে ওই সব জিনিস কেনার আগে কিছু বিষয়ে সতর্ক থাকা প্রয়োজন।,3.7655386160004127,,
খাবার থেকে অনেক সময় অ্যালার্জি হয়ে থাকে,অ্যালার্জি প্রায়শই খাবারের কারণে হয়।,খাবারের কারণে প্রায়ই অ্যালার্জি দেখা দেয়।,0.710981346999688,,
 ব্যবহারের পরের ঠান্ডা টিব্যাগকে সামান্য কুসুম গরম পানি দিয়ে ভিজিয়ে যে রঙিন পানি বের হবে তাতে মুলতানি মাটি মিশিয়ে ত্বকে লাগালে ত্বকের তৈলাক্ত ভাব কমে গিয়ে ব্রণ থেকে মিলবে মুক্তি,ব্যবহারের পর ঠাণ্ডা টি ব্যাগটি সামান্য ঈষদুষ্ণ পানিতে ভিজিয়ে রেখে বের হওয়া রঙিন পানিতে মুলতানি মাটি মিশিয়ে ত্বকে লাগালে ত্বকের তৈলাক্ততা কমে যায় এবং ব্রণ থেকে মুক্তি পাওয়া যায়।,"ঠান্ডা টিব্যাগ ব্যবহারের পর তা সামান্য কুসুম গরম পানিতে ভিজিয়ে যে রঙিন পানি বের হয়, তাতে মুলতানি মাটি মিশিয়ে ত্বকে লাগালে ত্বকের তেলতেলে ভাব কমে এবং ব্রণ থেকে মুক্তি পাওয়া যায়।",13.179292892000376,,
শ্বাসতন্ত্র সংক্রমণের নানা উপসর্গ যেমন কাশি সর্দি জ্বর শ্বাসকষ্টে ভোগে শিশু,"শিশুরা শ্বাসযন্ত্রের সংক্রমণের বিভিন্ন উপসর্গ যেমন কাশি, সর্দি, জ্বর এবং শ্বাসকষ্টে ভোগে।","শিশুরা শ্বাসযন্ত্রের সংক্রমণের ফলে কাশি, সর্দি, জ্বর ও শ্বাসকষ্টের মতো নানা উপসর্গে ভোগে।",3.964765499999885,,
এতে রাখতে পারেন প্যারাসিটামলজাতীয় ওষুধ খাওয়ার স্যালাইন কাটাছেঁড়ার জন্য থাকতে পারে জীবাণুনাশক ক্রিম,"আপনি এতে প্যারাসিটামল জাতীয় ওষুধ রাখতে পারেন, খাওয়ার জন্য স্যালাইন এবং কাটার জন্য অ্যান্টিসেপটিক ক্রিম রাখতে পারেন।","এতে প্যারাসিটামল জাতীয় ওষুধ, খাওয়ার স্যালাইন এবং কাটাছেঁড়ার জন্য জীবাণুনাশক ক্রিম রাখা যেতে পারে।",1.0958490040002289,,
ভেটিভারের নিয়মিত ব্যবহার মাথার স্নায়ুকে শীতল রাখতে সাহায্য করে চুল ও স্ক্যাল্পকে সুস্থ রাখে এবং মাথা রাখে ঠাণ্ডা,"ভেটিভারের নিয়মিত ব্যবহার মাথার স্নায়ু ঠান্ডা করতে সাহায্য করে, চুল ও মাথার ত্বক সুস্থ রাখে এবং মাথা ঠান্ডা রাখে।","ভেটিভারের নিয়মিত প্রয়োগ মস্তিষ্কের স্নায়ুকে শীতল রাখতে সহায়তা করে, চুল ও মাথার ত্বককে সুস্থ রাখে এবং মাথা ঠাণ্ডা রাখে।",3.470504099000209,,
বেগমগঞ্জ উপজেলার হাজীপুর ইউনিয়ন স্বাস্থ্য ও পরিবার কল্যাণ কেন্দ্র,বেগমগঞ্জ উপজেলার হাজীপুর ইউনিয়ন স্বাস্থ্য ও পরিবার কল্যাণ কেন্দ্র,"বেনারসী শাড়ি কেনার সময় সতর্ক থাকুন, কারণ বাজারে নকল পণ্য বিক্রি হচ্ছে।",2.2773875479997514,,
এ বিষয়ে ডা মোর্তাজাভি বলেন বমিভাব কিংবা বমি হওয়া এমন একটা বিষয় যা হঠাৎ করে বিনা কারণে হয় না,"এ বিষয়ে ডাঃ মোর্তজাভী বলেন, বমি বমি ভাব বা বমি এমন একটি বিষয় যা হঠাৎ করে কোনো কারণে ঘটে না।","ডা. মোর্তাজাভি এই প্রসঙ্গে বলেন, বমি বমি ভাব বা বমি হওয়া এমন একটি ঘটনা যা হঠাৎ করে কোনো কারণ ছাড়া ঘটে না।",1.759727403999932,,
মাঝে মাঝে মস্তিষ্কের ভেতরের ধমনিতে এক ধরনের অ্যানিউরিজম দেখা যায় যাকে বেরি অ্যানিউরিজম বলা হয়,কখনও কখনও একটি বেরি অ্যানিউরিজম নামক মস্তিষ্কের ভিতরে একটি ধমনীতে অ্যানিউরিজম হয়।,বেরি অ্যানিউরিজম নামে পরিচিত এক ধরনের অ্যানিউরিজম কখনো কখনো মস্তিষ্কের অভ্যন্তরীণ ধমনিতে দেখা যায়।,0.8030058220001592,,
এসব নডিউলের ১ শতাংশ থেকে থাইরয়েড ক্যানসার হতে পারে,এই নডিউলের 1 শতাংশ থাইরয়েড ক্যান্সার হতে পারে।,প্রায় ১ শতাংশ নডিউল থাইরয়েড ক্যানসারে রূপ নিতে পারে।,8.395377923000524,,
এতে তৃণমূলের রোগীরা সেবাবঞ্চিত হচ্ছেন,সেবা থেকে বঞ্চিত হচ্ছে তৃণমূলের রোগীরা।,এতে তৃণমূল স্তরের রোগীরা সেবা থেকে বঞ্চিত হচ্ছেন।,0.44128440900021815,,
এক্ষেত্রে রোগীদেরও উচিত হবে চিকিৎসককে নিজের কিডনি জটিলতার সম্পর্কে জানানো,এক্ষেত্রে রোগীদের কিডনির জটিলতা সম্পর্কেও চিকিৎসককে জানাতে হবে।,এ পরিস্থিতিতে রোগীদেরও কর্তব্য হবে ডাক্তারকে তাদের কিডনি সমস্যার বিষয়ে অবহিত করা।,2.1378017430006366,,
বুকের ব্যথা বাম হাতের ভেতরের দিক দিয়ে নিচের দিকে নামে,বুকের ব্যথা বাম বাহুর ভিতরের দিকে ছড়িয়ে পড়ে।,বাম হাতের ভেতর বরাবর বুকের ব্যথা নিচের দিকে ছড়িয়ে পড়ে।,1.9313731049996932,,
২০১৯ সালে সারা দেশে ভয়াবহ ডেঙ্গির প্রাদুর্ভাবে ১ লাখ ১ হাজার ৩৫৪ জন আক্রান্ত এবং ১৭৯ জন মানুষ মৃত্যুবরণ করে,"2019 সালে, সারাদেশে মারাত্মক ডেঙ্গুর প্রাদুর্ভাবের কারণে 1 লাখ 1 হাজার 354 জন আক্রান্ত হয়েছিল এবং 179 জন মারা গিয়েছিল।",২০১৯ সালে দেশব্যাপী ডেঙ্গুর ভয়ানক প্রকোপে ১ লাখ ১ হাজার ৩৫৪ জন রোগী শনাক্ত এবং ১৭৯ জনের মৃত্যু ঘটে।,2.137085839000065,,
কলার খোসা সব বাড়িতেই কমবেশি পাওয়া যায় এবং সার তৈরির খুব ভালো উপাদানও বটে,কলার খোসা প্রায় প্রতিটি ঘরেই পাওয়া যায় এবং সার তৈরির জন্যও এটি খুব ভালো একটি উপাদান।,"বেশিরভাগ বাড়িতেই কলার খোসা কিছু না কিছু পরিমাণে পাওয়া যায়, আর এটি কম্পোস্ট তৈরির জন্য একটি চমৎকার উপাদান।",2.865385048999997,,
তো ১৫০০ মিলিগ্রামে সোডিয়াম আছে ৩ দশমিক ৭৫ গ্রাম পরিমাণ লবণ মানে পৌনে এক চামচ লবণে,"সুতরাং 1500 মিলিগ্রাম সোডিয়ামে 3.75 গ্রাম লবণ থাকে, যার অর্থ এক চতুর্থাংশ চা চামচ লবণ।","১৫০০ মিলিগ্রাম সোডিয়াম সমতুল্য ৩.৭৫ গ্রাম লবণ, অর্থাৎ প্রায় তিন-চতুর্থাংশ চামচ লবণ।",0.7718138529999123,,
তাই হোম ট্রিটমেন্টের সময় একটু সতর্ক থাকতে হবে,তাই ঘরোয়া চিকিৎসার সময় একটু সতর্ক থাকতে হবে।,হোম ট্রিটমেন্টের সময় কিছুটা সাবধানতা অবলম্বন করা উচিত।,0.676189668999541,,
সপ্তাহে তিন দিন ভালো করে মাথায় শ্যাম্পু করুন,সপ্তাহে তিন দিন চুল ভালো করে শ্যাম্পু করুন।,সপ্তাহে তিনবার ভালো করে মাথায় শ্যাম্পু ব্যবহার করুন।,1.5078864910001357,,
 আক্রান্তদের ৭৬ শতাংশ চিকিৎসা নিয়েছেন ঢাকার অন্য ১৬টি হাসপাতালে,আক্রান্তদের ৭৬ শতাংশ ঢাকার অন্য ১৬টি হাসপাতালে চিকিৎসা নিয়েছেন।,ঢাকার বাকি ১৬টি হাসপাতালে চিকিৎসা নিয়েছেন আক্রান্তদের ৭৬ শতাংশ।,2.5526729279999927,,
যেসব ওষুধ বর্ধনশীল হাড়ের ওপর কাজ করে তাদের দীর্ঘমেয়াদি প্রয়োগ শিশুর খর্বতার কারণ হতে পারে এর মধ্যে স্টেরয়েডজাতীয় ওষুধ এবং ক্যানসার চিকিৎসায় ব্যবহৃত কেমোথেরাপি ও রেডিওথেরাপি অন্যতম,ক্যান্সারের চিকিৎসায় ব্যবহৃত স্টেরয়েড ওষুধ এবং কেমোথেরাপি এবং রেডিওথেরাপি সহ ক্রমবর্ধমান হাড়কে প্রভাবিত করে এমন ওষুধের দীর্ঘমেয়াদী ব্যবহার শিশুদের স্টান্টিং হতে পারে।,"যে ওষুধগুলি বর্ধনশীল হাড়ের ওপর ক্রিয়া করে, সেগুলির দীর্ঘমেয়াদি ব্যবহার শিশুর শারীরিক বৃদ্ধি বাধাগ্রস্ত করতে পারে; এর মধ্যে স্টেরয়েডজাতীয় ওষুধ এবং ক্যানসার চিকিৎসায় ব্যবহৃত কেমোথেরাপি ও রেডিওথেরাপি অন্যতম।",23.901894520000496,,
" লো সেক্স ড্রাইভ, অকাল বীর্যপাত এবং দুর্বলতার মতো সমস্যার সমাধান করতে পারে মৌরি","মৌরি কম যৌন ড্রাইভ, অকাল বীর্যপাত এবং পুরুষত্বহীনতার মতো সমস্যার সমাধান করতে পারে।","মৌরি লো সেক্স ড্রাইভ, অকাল বীর্যপাত ও দুর্বলতার মতো সমস্যা দূর করতে পারে।",3.713448427000003,,
যেকোনো কারণে অস্থিমজ্জার ভেতরের রক্তের মাদার সেলের স্টেম সেল মিউটেশন বা অন্য কোনো পরিবর্তন হলে ক্যানসার সেল বা অপরিপক্ব কোষ তৈরি হয় যা অস্থিমজ্জার ভেতরে অতি দ্রুত বৃদ্ধি হয় ও রক্তে প্রবাহিত হয়,অস্থিমজ্জার অভ্যন্তরে রক্তের মাতৃ কোষে স্টেম সেল মিউটেশন বা অন্য কোনো পরিবর্তন ঘটলে ক্যান্সার কোষ বা অপরিণত কোষ তৈরি হয় যা অস্থিমজ্জার ভেতরে খুব দ্রুত বৃদ্ধি পায় এবং রক্তে সঞ্চালিত হয়।,"অস্থিমজ্জার ভেতরে থাকা রক্তের মাদার সেল বা স্টেম সেল যদি কোনো কারণে মিউটেট বা পরিবর্তিত হয়, তাহলে তা থেকে ক্যানসার সেল বা অপরিণত কোষ তৈরি হয়, যা অস্থিমজ্জার ভেতরে খুব দ্রুত বেড়ে ওঠে এবং রক্তে ছড়িয়ে পড়ে।",5.222793167999953,,
১ জাতি বর্ণ ধর্ম গোত্র ভূখন্ড সীমারেখা পতাকা মানচিত্র মন্দির মসজিদ গীর্জা প্যাগোডা  এসবের কোনটিই একে অপরের শত্রু নয়,1 জাতি বর্ণ ধর্ম উপজাতি অঞ্চল সীমানা পতাকা মানচিত্র মন্দির মসজিদ গির্জা প্যাগোডা এগুলোর কেউই একে অপরের শত্রু নয়।,"জাতি, ধর্ম, বর্ণ, গোত্র, ভূখণ্ড, সীমানা, পতাকা, মানচিত্র, মন্দির, মসজিদ, গির্জা, প্যাগোডা—এগুলোর কোনোটাই পরস্পরের শত্রু নয়।",2.538087696999355,,
শুরুতেই যখন কাউকে জানানো হয় আপনার ডায়াবেটিস হয়েছে যা আজীবনই থাকবে এবং আপনাকে জীবনযাপন পরিবর্তন করাসহ ক্রমেই বেশি সংখ্যক ওষুধ সেবন করার দরকার হতে পারে এ তথ্যগুলোই ডায়াবেটিসের রোগীকে মানসিক চাপে বা মানসিক অবসাদে ফেলতে পারে,শুরুতেই বলা হচ্ছে যে আপনার ডায়াবেটিস আছে যা সারাজীবন স্থায়ী হবে এবং জীবনযাত্রার পরিবর্তনের সাথে আপনাকে আরও বেশি ওষুধ সেবন করতে হতে পারে ডায়াবেটিস আক্রান্ত ব্যক্তির জন্য চাপ বা অপ্রতিরোধ্য হতে পারে।,"ডায়াবেটিস ধরা পড়ার পর প্রথমেই যদি বলা হয় এটি пожизненный এবং জীবনধারা বদলানো ও ধীরে ধীরে আরও বেশি ওষুধ খাওয়ার প্রয়োজন হতে পারে, তাহলে এই তথ্যগুলোই রোগীকে মানসিক চাপ বা বিষণ্ণতায় ফেলে দিতে পারে।",11.359286193999651,,
এই গ্রুপের মধ্যে পড়বে অতিরিক্ত রক্তপাতের রোগী শকের রোগী যাদের রক্তচাপ অনেক কম অথবা খুঁজে পাওয়া যাচ্ছে না প্রস্রাব তৈরি হচ্ছে না শরীর নিস্তেজ হয়ে যাচ্ছে এক্সপান্ডেড ডেঙ্গু রোগী ডেঙ্গু থেকে যাদের হার্ট ফুসফুস কিডনি ও মস্তিষ্ক আক্রান্ত হবে ও রক্তের ইলেক্ট্রোলাইট ও অন্যান্য মেটাবলিক সমস্যা থাকলে,"এই গ্রুপে অতিরিক্ত রক্তক্ষরণের রোগী, শকে রোগী যাদের রক্তচাপ খুব কম বা সনাক্ত করা যায় না, প্রস্রাব তৈরি হয় না, শরীর অলস, প্রসারিত ডেঙ্গু রোগী, যাদের হার্ট, ফুসফুস, কিডনি এবং মস্তিষ্ক ডেঙ্গুতে আক্রান্ত। এবং যাদের রক্তের ইলেক্ট্রোলাইট এবং অন্যান্য বিপাকীয় সমস্যা রয়েছে।","এই শ্রেণিভুক্ত হবে অতিরিক্ত রক্তক্ষরণের রোগী, শকগ্রস্ত রোগী যাদের রক্তচাপ অত্যন্ত কম অথবা পাওয়া যায় না, প্রস্রাব তৈরি হচ্ছে না, দেহ অচেতন হয়ে যাচ্ছে, এক্সপান্ডেড ডেঙ্গু আক্রান্ত রোগী এবং ডেঙ্গুজনিত কারণে যাদের হৃদপিণ্ড, ফুসফুস, বৃক্ক ও মস্তিষ্ক ক্ষতিগ্রস্ত হবে, পাশাপাশি রক্তের ইলেক্ট্রোলাইট ও অন্যান্য বিপাকীয় সমস্যা থাকলে।",3.7930132259998572,,
রেটিনা সার্জারিতে মূলত আমরা চোখের ভিট্রিয়াস জেলি ও একই সঙ্গে জমে থাকা জমাট রক্ত চোখের ভেতর থেকে ভিট্রেকটোমি কাটার দিয়ে বের করে আনি এরপর ছিঁড়ে যাওয়া রেটিনার অংশ জোড়া লাগানো হয় এবং লেজার করা হয় যা এন্ডেলেজার নামে পরিচিত,"রেটিনাল সার্জারিতে, আমরা একটি ভিট্রেক্টমি কাটার দিয়ে চোখের ভিতর থেকে রক্ত ​​জমাট বাঁধার সাথে চোখের ভিট্রিয়াস জেলি অপসারণ করি, তারপর ছেঁড়া রেটিনাকে সংযুক্ত করে লেজার করা হয়, যা এন্ডলেজার নামে পরিচিত।","রেটিনা সার্জারির সময় সাধারণত চোখের ভিট্রিয়াস জেলি এবং জমে থাকা রক্ত ভিট্রেকটোমি কাটার দিয়ে বের করে আনা হয়, তারপর ছিঁড়ে যাওয়া রেটিনার অংশ জোড়া দিয়ে লেজার করা হয়, যাকে এন্ডেলেজার বলা হয়।",1.1503366730003108,,
কারণ এখানে রক্ত বের করে নেওয়া হচ্ছে দেওয়া নয়,"কারণ এখানে রক্ত ​​নেওয়া হয়, দেওয়া হয় না।","কারণ এখানে রক্ত নেওয়া হচ্ছে, দেওয়া হচ্ছে না।",2.4100640240003486,,
"তিনি আরও বলেন, সম্প্রতি আমরা বেশ কিছু হাসপাতালে ইন্সটিটিউশনাল প্র্যাকটিস শুরু করেছি","তিনি আরও বলেন, আমরা সম্প্রতি বেশ কয়েকটি হাসপাতালে প্রাতিষ্ঠানিক অনুশীলন শুরু করেছি।","তিনি আরো জানান, ইদানীং আমরা কয়েকটি হাসপাতালে প্রাতিষ্ঠানিক অনুশীলন শুরু করেছি।",1.9155715140004759,,
সব ধরনের মিষ্টিযুক্ত পানীয় বাদ দিন,সব চিনিযুক্ত পানীয় এড়িয়ে চলুন।,সব রকমের মিষ্টি পানীয় এড়িয়ে চলুন।,0.761436011999649,,
 তরমুজ ও ডিম কখনোই একসঙ্গে খাবেন না,তরমুজ ও ডিম একসাথে খাবেন না।,তরমুজ আর ডিম একসাথে খাওয়া উচিত নয়।,4.856999465999252,,
 কঠিন বর্জ্য পদার্থ দিয়ে গঠিত হয় এই পাথরগুলো,এই পাথরগুলো কঠিন বর্জ্য পদার্থ দিয়ে তৈরি।,এই পাথরগুলো কঠিন বর্জ্য পদার্থ দ্বারা তৈরি।,2.848674738000227,,
এক গ্লাস দুধে কাজুবাদাম ভিজিয়ে খেলে কী কী উপকার মিলতে পারে,এক গ্লাস দুধে কাজুবাদাম ভিজিয়ে রাখলে কী কী উপকার পাওয়া যায়?,দুধে কাজুবাদাম ভিজিয়ে খেলে কী কী উপকারিতা পাওয়া যায়?,2.1161059140004,,
উত্তেজনা ও চাপের কারণে এর পরিবর্তন ঘটে এবং দ্রুতই এটি স্বাভাবিক হয়ে যায়,এটি উত্তেজনা এবং চাপের কারণে পরিবর্তিত হয় এবং দ্রুত স্বাভাবিক অবস্থায় ফিরে আসে।,উত্তেজনা ও চাপের ফলে এর পরিবর্তন ঘটে এবং তা দ্রুত স্বাভাবিক হয়ে যায়।,2.5891792390002593,,
হুপিং কফের প্রতিষেধক ভ্যাকসিন আছে,হুপিং কাশির বিরুদ্ধে একটি ভ্যাকসিন রয়েছে।,হুপিং কাশি প্রতিরোধের টিকা পাওয়া যায়।,3.227641602999938,,
 পান সাজাবার সময়েও পানের ভেতর মৌরি দেওয়া হয়,মটরশুটি সাজানোর সময় মৌরি যোগ করা হয়।,পান সাজানোর সময়ও পানের ভিতরে মৌরি দেওয়া হয়।,3.25861812400035,,
বিশ্বব্যাপী ডায়াবেটিস রোগীর সংখ্যার ক্রমবর্ধমান বৃদ্ধি ডায়াবেটিসজনিত স্বল্প ও দীর্ঘমেয়াদি জটিলতা এবং এতে মৃত্যু বেড়েই চলছে,বিশ্বব্যাপী ডায়াবেটিস রোগীর ক্রমবর্ধমান সংখ্যা ডায়াবেটিসের কারণে স্বল্প ও দীর্ঘমেয়াদী জটিলতা এবং মৃত্যুকে বাড়িয়ে দেয়।,বিশ্বজুড়ে ডায়াবেটিস রোগীর সংখ্যা বাড়ায় ডায়াবেটিসজনিত স্বল্প ও দীর্ঘমেয়াদি জটিলতা এবং মৃত্যুহারও ক্রমাগত বৃদ্ধি পাচ্ছে।,3.6513976030000777,,
 বংশগত কারণেও পাকস্থলীতে ক্যান্সার হয়,বংশগত কারণেও পেটের ক্যান্সার হয়।,বংশানুক্রমিক কারণেও পাকস্থলিতে ক্যান্সার হতে পারে।,1.0270018539995363,,
জ্বর  অন্য ভাইরাস জ্বরের মতো ডেঙ্গুজ্বর সাত দিনের বেশি থাকে না,"জ্বর অন্যান্য ভাইরাল জ্বরের মতো, ডেঙ্গু জ্বর সাত দিনের বেশি স্থায়ী হয় না।",ডেঙ্গুজ্বর অন্যান্য ভাইরাসজনিত জ্বরের মতো সাত দিনের বেশি স্থায়ী হয় না।,3.1913359609998224,,
এতে খুব একটা ঘাম হয় না কিন্তু রক্ত সঞ্চালন ভালো হয় এবং চর্বি ঝরে যায়,"এটি খুব বেশি ঘাম দেয় না, তবে এটি রক্ত ​​​​সঞ্চালন উন্নত করে এবং চর্বি পোড়ায়।","এই কাজে খুব বেশি ঘাম হয় না, তবে রক্ত সঞ্চালন উন্নত হয় এবং চর্বি কমতে থাকে।",3.560204161999536,,
আমাদের দেশে এই দুটো চিকিৎসাই সাধারণের সামর্থ্য ও আয়ত্তের বাইরে,আমাদের দেশে এই দুটি চিকিৎসা সাধারণ মানুষের সাধ্য ও আয়ত্তের বাইরে।,আমাদের দেশে সাধারণ মানুষের পক্ষে এই দুটি চিকিৎসার খরচ বহন করা সম্ভব নয়।,2.2274806030000036,,
ওর বয়স অনুযায়ী ওর নেওয়ার ক্ষমতাও আপনাকে বুঝতে হবে,তার বয়স অনুযায়ী এটি নেওয়ার ক্ষমতাও আপনাকে বুঝতে হবে।,"ওর বয়সের সাথে সামঞ্জস্য রেখে ও কী নিতে পারে, সেটাও আপনাকে উপলব্ধি করতে হবে।",5.689499210999202,,
এতে থাকা ভিটামিনই ও শিয়া বাটারের মতো উপাদান ত্বককে দিনভর আর্দ্র ও কোমল রাখবে,ভিটামিন ই এবং শিয়া মাখনের মতো উপাদানগুলি সারা দিন ত্বককে ময়েশ্চারাইজড এবং নরম রাখবে।,এই উপাদানের ভিটামিন ও শিয়া বাটার ত্বককে সারাদিন আর্দ্র ও কোমল রাখবে।,3.3812483530000463,,
"পোস্ট ভাইরাল ড্রাই কফ শুকনো কাশি
২",পোস্ট ভাইরাল শুষ্ক কাশি একটি শুষ্ক কাশি 2.,ভাইরাস পরবর্তী শুকনো কাশি,10.063919345000613,,
" চোখ, কিডনি, লিভার, হার্ট ও পায়ে বিভিন্ন সমস্যা দেখা দিতে শুরু করে","চোখ, কিডনি, লিভার, হার্ট ও পায়ে নানা সমস্যা দেখা দিতে থাকে।","চোখ, বৃক্ক, যকৃত, হৃদপিণ্ড ও পায়ে নানা ধরনের সমস্যা দেখা দিতে থাকে।",2.2585416279998753,,
জমা পড়লেই সেটা সর্বৈব সত্য এমন নয়,শুধু পড়লেই এটা পরম সত্য নয়।,"কোনো কিছু জমা পড়লেই যে তা সম্পূর্ণ সত্য হবে, তা নয়।",7.635421111999676,,
কাশির সঙ্গে রক্ত গেলে তার সঠিক ইতিহাস জানা এবং কারণ বের করা প্রয়োজন,কাশিতে রক্ত ​​পড়লে সঠিক ইতিহাস জানা এবং কারণ খুঁজে বের করা জরুরি।,কাশির সাথে রক্ত আসলে তার সঠিক ইতিহাস ও কারণ নির্ণয় করা জরুরি।,1.0368180049999864,,
এ রোগীদের চুল এবং লোমও সাদা হয়ে যেতে পারে,এই রোগীদের চুল এবং পশমও সাদা হতে পারে।,এসব রোগীর চুল ও লোমও সাদা হতে পারে।,1.3064896010000666,,
 প্রচুর পানি খাওয়াতে হবে যেন প্রস্রাবের পরিমাণ স্বাভাবিক থাকে,প্রস্রাবের পরিমাণ স্বাভাবিক রাখতে প্রচুর পানি পান করুন।,প্রস্রাবের পরিমাণ স্বাভাবিক রাখতে প্রচুর পানি পান করা জরুরি।,8.209514561000105,,
তারপর বালিশ পিঠের কাছে রেখে বসে থাকতে হবে আরও ঘণ্টা দুয়েকের মতো,তারপর পিঠের কাছে বালিশ রেখে আরও ঘণ্টা দুয়েক বসে থাকুন।,এরপর বালিশটা পিঠের পাশে রেখে আরও প্রায় দুই ঘণ্টা বসে থাকতে হবে।,7.0730437480006,,
আপনার মেয়ের ক্ষেত্রেও তাই হয়েছে,আপনার মেয়ের ক্ষেত্রেও তাই হয়েছে।,আপনার কন্যার বেলায়ও একই ঘটনা ঘটেছে।,1.7698618970007374,,
চিকিৎসক প্রথমত আপনার কী কারণে জন্ডিস হলো তা নির্ণয় করবেন এবং কারণ অনুযায়ী উপদেশ ও চিকিৎসা প্রদান করবেন,ডাক্তার প্রথমে আপনার জন্ডিসের কারণ নির্ণয় করবেন এবং কারণ অনুযায়ী পরামর্শ ও চিকিৎসা দেবেন।,চিকিৎসক প্রথমে আপনার জন্ডিসের কারণ নির্ধারণ করবেন এবং সেই অনুযায়ী পরামর্শ ও চিকিৎসা দেবেন।,2.5220667789999425,,
"কোন টিকায় আটকানো যাবে করোনা, কোন ওষুধে কাজ হবে সবচেয়ে বেশি— এমন অনেক প্রশ্নের উত্তরের পেছনেই ছুটে চলেছেন বিজ্ঞানীরা","কোন টিকা করোনা ভাইরাস প্রতিরোধ করতে পারে, কোন ওষুধ সবচেয়ে বেশি কাজ করবে, এমন অনেক প্রশ্নের উত্তরের পেছনেই ছুটছেন বিজ্ঞানীরা।","বিজ্ঞানীরা এমন অনেক প্রশ্নের উত্তর খুঁজতে ছুটছেন, যেমন কোন টিকা করোনা প্রতিরোধ করতে পারবে এবং কোন ওষুধ সবচেয়ে কার্যকর হবে।",1.2389594080004827,,
পাশাপাশি হাসপাতালগুলোর ওপর চাপ কমানোর জন্য জনগণকে টেলিহেলথ সেবার প্রতি উৎসাহিত করতে হবে,"এছাড়াও, হাসপাতালের উপর চাপ কমাতে টেলিহেলথ পরিষেবাগুলি ব্যবহার করতে জনগণকে উত্সাহিত করা উচিত।","পাশাপাশি, হাসপাতালগুলোর ওপর চাপ কমাতে জনগণকে টেলিহেলথ সেবা ব্যবহারে উৎসাহিত করা প্রয়োজন।",2.5744377139999415,,
 এই উপাদানগুলো রোগ প্রতিরোধ ক্ষমতা বাড়ায়,এই উপাদানগুলো রোগ প্রতিরোধ ক্ষমতা বাড়ায়।,এই উপাদানগুলো শরীরের রোগ প্রতিরোধের শক্তি বৃদ্ধি করে।,1.5696063630002755,,
তাই নোভেল করোনাভাইরাস যাঁর দেহে সংক্রামিত হয় তাঁর শরীরে গিয়ে ভাইরাসটা নিজের প্রতিরূপ তৈরি করতে থাকে এবং একই সঙ্গে ভাইরাসটা আবার পারিপার্শ্বিকতার সঙ্গে নিজেকে খাপ খাইয়ে নেওয়ার চেষ্টাও করতে থাকে,তাই নভেল করোনাভাইরাস ব্যক্তির শরীরে সংক্রমিত হয় এবং ভাইরাসটি নিজের প্রতিলিপি তৈরি করতে শুরু করে এবং একই সাথে ভাইরাসটি পরিবেশের সাথে নিজেকে মানিয়ে নেওয়ার চেষ্টা করে।,"তাই নোভেল করোনাভাইরাস যখন কারও শরীরে সংক্রমিত হয়, তখন ভাইরাসটি নিজের প্রতিলিপি তৈরি করতে থাকে এবং একইসাথে পরিবেশের সাথে নিজেকে মানিয়ে নেওয়ার চেষ্টাও চালিয়ে যায়।",6.771704270000555,,
কিন্তু যে বিষয়টি অনেক বেশি গুরুত্বপূর্ণ সেটি হচ্ছে ডায়াবেটিস রোগীদের পায়ুপথের এসব রোগ হলে তার জটিলতার হার অনেক বেশি,তবে যেটা বেশি গুরুত্বপূর্ণ তা হল ডায়াবেটিস রোগীদের এই মলদ্বার রোগ থেকে জটিলতার হার অনেক বেশি।,"কিন্তু সবচেয়ে গুরুত্বপূর্ণ ব্যাপারটি হলো, ডায়াবেটিস আক্রান্ত ব্যক্তিদের পায়ুপথের এই রোগগুলো দেখা দিলে জটিলতার সম্ভাবনা অনেক বেড়ে যায়।",4.000329550999595,,
সেই ২০ জন আক্রান্ত হয়নি,সেই 20 জন আক্রান্ত হননি।,২০ জন ব্যক্তি আক্রান্ত হননি।,6.941597627999727,,
ক্রিকেট খেলার সময়ও ক্রিকেটারদের সানস্ক্রিন ব্যবহার করা উচিত,ক্রিকেটারদেরও ক্রিকেট খেলার সময় সানস্ক্রিন ব্যবহার করা উচিত।,ক্রিকেট খেলার সময় ক্রিকেটারদের সানস্ক্রিন লাগানো প্রয়োজন।,9.667750811000587,,
করোনার মতো মহামারি আগামী এক দশকের মধ্যে আঘাত হানতে পারে বলে সতর্ক করেছে লন্ডনভিত্তিক স্বাস্থ্য বিশ্লেষণ সংস্থা এয়ারফিনিটি লিমিটেড,আগামী এক দশকের মধ্যে করোনার মতো মহামারী আঘাত হানতে পারে বলে সতর্ক করেছে লন্ডনভিত্তিক স্বাস্থ্য বিশ্লেষণকারী প্রতিষ্ঠান এয়ারফিনিটি লিমিটেড।,লন্ডনভিত্তিক স্বাস্থ্য বিশ্লেষণ সংস্থা এয়ারফিনিটি লিমিটেড সতর্ক করেছে যে করোনার মতো মহামারি আগামী দশ,3.8106414260000747,,
 যারা মদপান করেন বা যারা মাদকসেবী তাদেরও অনেক সময় হ্যালুসিনেশন হয়,যারা অ্যালকোহল পান করে বা মাদকাসক্ত তাদেরও প্রায়ই হ্যালুসিনেশন হয়।,মদ বা মাদক সেবনকারীদের প্রায়ই হ্যালুসিনেশন হতে দেখা যায়।,1.210210279000421,,
আমাদের দাবি সরকার তাদের এই বঞ্চিত নাগরিকদের প্রতি নজর দিক প্রতিষ্ঠান কর্তৃপক্ষকে বাধ্য করুক সার্ভিস রুল বানাতে এবং প্রত্যেকের বেতন বোনাসসহ সব বকেয়া পরিশোধ করাতে,আমরা দাবি করছি যে সরকার এই বঞ্চিত নাগরিকদের দিকে নজর দেবে এবং কর্তৃপক্ষকে পরিষেবা বিধি প্রণয়ন করতে এবং বেতন-বোনাস সহ সমস্ত বকেয়া পরিশোধ করতে বাধ্য করবে।,,9.751218496000547,request_error:'NoneType' object has no attribute 'strip',
 প্রয়োজনীয় ঠাণ্ডা হলে নামিয়ে এনে পরিবেশন করুন রঙিন এক গ্লাস ঠাণ্ডা তরমুজ শরবত,প্রয়োজনে নামিয়ে ঠান্ডা করে পরিবেশন করুন এক গ্লাস ঠাণ্ডা তরমুজের শরবত।,ঠাণ্ডা হয়ে গেলে নামিয়ে নিয়ে রঙিন গ্লাসে ঠাণ্ডা তরমুজের শরবত পরিবেশন করুন।,2.290959416000078,,
উপকরণ ১ কাপ টকদই ১ স্কুপ ভ্যানিলা আইসক্রিম ১ টেবিল চামচ ভ্যানিলা আইসক্রিম আধ টেবিল চামচ কেশর আধ কাপ পানি ১ টেবিল চামচ টুকরো কাঠবাদাম    আরও পড়ুন                                                                                           গরমে পেট ঠান্ডা রাখতে দই খাবেন নাকি তরমুজ                                        প্রণালী টকদই চিনি পানি এবং ভ্যানিলা আইসক্রিম একসঙ্গে মিশিয়ে ব্লেন্ডারে ভালো করে মিশিয়ে নিন,"উপকরণ 1 কাপ টক ক্রিম 1 স্কুপ ভ্যানিলা আইসক্রিম 1 টেবিল চামচ ভ্যানিলা আইসক্রিম আধা টেবিল চামচ জাফরান আধা কাপ জল 1 টেবিল চামচ কাটা বাদাম আরও পড়ুন গরমে আপনার পেট ঠান্ডা রাখতে দই বা তরমুজ খাওয়া উচিত রেসিপি টক ক্রিম, চিনি, জল মেশান এবং ভ্যানিলা আইসক্রিম একসাথে ব্লেন্ডারে ভালো করে ব্লেন্ড করুন",,10.71152719299971,request_error:'NoneType' object has no attribute 'strip',
 পেকটিন হলো সেই ধরনের দ্রবণীয় প্রোটিন যা ১০ শতাংশের মতো কোলেস্টেরল মাত্রা কমাতে পারে,পেকটিন হল এক ধরনের দ্রবণীয় প্রোটিন যা কোলেস্টেরলের মাত্রা 10 শতাংশ পর্যন্ত কমাতে পারে।,পেকটিন হলো এক ধরনের দ্রবণীয় প্রোটিন যা প্রায় ১০ শতাংশ কোলেস্টেরলের মাত্রা হ্রাস করতে সক্ষম।,1.2515992769995137,,
তলপেট পিঠ ও কোমরে মালিশ নিতে পারেন মিনিট কুড়ির জন্য,"আপনি আপনার তলপেট, পিঠ এবং কোমরে বিশ মিনিট ম্যাসাজ করতে পারেন।","মিনিট বিশেক তলপেট, পিঠ ও কোমরে মালিশ করাতে পারেন।",0.7508698400006324,,
চায়ের উৎপত্তিস্থল চীন দেশের দক্ষিণ পশ্চিম অঞ্চলে,চায়ের উৎপত্তিস্থল চীনের দক্ষিণ-পশ্চিম অঞ্চলে।,চীনের দক্ষিণ-পশ্চিমাঞ্চলে চায়ের উৎপত্তি।,5.530694039000082,,
শরীরের প্রদাহ কমে  ঠাণ্ডার মৌসুমে শরীরের ভিতরে প্রদাহ বা ইনফ্লেমশন কমতে থাকে,"ঠাণ্ডা মৌসুমে শরীরের প্রদাহ কমে যায়, শরীরের ভেতরের প্রদাহ কমে যায়।",ঠাণ্ডা আবহাওয়ায় দেহের অভ্যন্তরীণ প্রদাহ বা ইনফ্লেমেশন হ্রাস পায়।,1.0978555980000237,,
যেখানে টিকা তৈরিতে ১০ থেকে ১৫ বছর লেগে যায় সেখানে দ্রুত টিকা বাজারে পাওয়ার আশা করা যাচ্ছে,"যেখানে ভ্যাকসিন তৈরি হতে 10 থেকে 15 বছর সময় লাগে, আশা করা যায় সেগুলো দ্রুত বাজারে পাওয়া যাবে।","সাধারণত টিকা তৈরি করতে ১০ থেকে ১৫ বছর সময় লাগলেও, এখন দ্রুত বাজারে টিকা পাওয়ার আশা করা হচ্ছে।",42.16360117900058,,
যদি আঘাতের স্থানটি সংক্রমিত হয় জীবাণু পার্শ্ববর্তী হাড়ে ছড়িয়ে পড়তে পারে,যদি আঘাতের স্থান সংক্রামিত হয় তবে সংক্রমণটি আশেপাশের হাড়ে ছড়িয়ে পড়তে পারে।,"আঘাতপ্রাপ্ত জায়গাটিতে যদি জীবাণু সংক্রমণ ঘটে, তাহলে তা পাশের হাড়ে ছড়িয়ে যেতে পারে।",1.7146351339997636,,
অনেক দিন ধরে গলার স্বর বসে যাওয়া বারবার গলা পরিষ্কার করা এবং কাশি হওয়া তার সঙ্গে গলার ভেতর টিউমারের মতো বোধ করা অথবা ঢোক গিলতে অসুবিধা হওয়া এগুলোই হচ্ছে স্বরযন্ত্র বা গলার রিফ্লাক্সের উপসর্গ,"ক্রমাগত কর্কশ হওয়া, ঘন ঘন গলা পরিষ্কার হওয়া এবং কাশির সাথে গলায় টিউমারের অনুভূতি হওয়া বা গিলতে অসুবিধা হওয়া ল্যারিঞ্জিয়াল বা ল্যারিঞ্জিয়াল রিফ্লাক্সের লক্ষণ।","বহুদিন ধরে গলার আওয়াজ বসে যাওয়া, বারবার গলা পরিষ্কার করা, কাশি, গলায় টিউমারের মতো অনুভূতি বা গিলতে সমস্যা—এগুলোই ল্যারিঞ্জিয়াল বা গলার রিফ্লাক্সের লক্ষণ।",2.4580593520004186,,
 পরবর্র্তীতে ডা. সজিব ট্রান্সপ্ল্যান্ট মেডিক্যাল টিমকে অবহিত করেন এবং পুরো প্রক্রিয়া শুরু হয়,পরে ডাঃ সজিব ট্রান্সপ্লান্ট মেডিকেল টিমকে জানালে পুরো প্রক্রিয়া শুরু হয়।,ডা. সজিব পরবর্তী সময়ে ট্রান্সপ্ল্যান্ট মেডিক্যাল টিমকে জানান এবং পুরো প্রক্রিয়া শুরু হয়ে যায়।,1.2474526239993793,,
 আর নতুন দুজন নিয়ে মৃতের সংখ্যা বেড়ে দাঁড়িয়েছে ২৯ হাজার ৪৪৮ জনে,"এবং নতুন দুটির সাথে, মৃতের সংখ্যা বেড়ে 29,448 হয়েছে।",নতুন দুইজনের মৃত্যুতে মৃতের সংখ্যা বেড়ে ২৯ হাজার ৪৪৮ জনে পৌঁছেছে।,2.8563529249995554,,
ব্লক ছাড়াও কি হার্টঅ্যাটাক হয়,ব্লক ছাড়া হার্ট অ্যাটাক কি?,হার্টঅ্যাটাক কি ব্লক ছাড়াও হতে পারে?,2.807298955999613,,
ডেঙ্গুজ্বরের নির্দিষ্ট কোনো চিকিৎসা নেই,ডেঙ্গু জ্বরের কোনো নির্দিষ্ট চিকিৎসা নেই।,ডেঙ্গুজ্বরের জন্য কোনো নির্দিষ্ট চিকিৎসা পদ্ধতি নেই।,2.249096344999998,,
ফলে মস্তিষ্কের সংকেতগুলোতে প্রভাব ফেলে পড়ে যার ফলে মেজাজ পরিবর্তন হয় এবং বিষণ্নতা দেখা দিতে পারে,"ফলস্বরূপ, মস্তিষ্কের সংকেতগুলি প্রভাবিত হয়, যা মেজাজের পরিবর্তন এবং বিষণ্নতার কারণ হতে পারে।","এর ফলে মস্তিষ্কের সংকেতগুলো প্রভাবিত হয়, যার কারণে মেজাজের পরিবর্তন ঘটে এবং বিষণ্নতা দেখা দিতে পারে।",22.970550453000214,,
লেখক  চিফ নিউট্রিশন অফিসার ও বিভাগীয় প্রধান অব বারডেম,লেখক বারডেমের প্রধান পুষ্টি কর্মকর্তা এবং বিভাগীয় প্রধান।,বারডেমের চিফ নিউট্রিশন অফিসার ও বিভাগীয় প্রধান হলেন লেখক।,0.6106619709998995,,
মাংস খাওয়ার পর খেলে হজমের সমস্যা বেশি দেখা যায়,মাংস খাওয়ার পর খেলে হজমের সমস্যা বেশি হয়।,ম,8.058583500999703,,
চামচ দিয়ে ধীরে ধীরে নেড়ে গুলিয়ে নিন,চামচ দিয়ে আস্তে আস্তে নাড়ুন।,চামচের সাহায্যে আস্তে আস্তে মিশিয়ে নিন।,1.127921747000073,,
কিন্তু অ্যান্টিবায়োটিকের প্রভাবে ওই ব্যাকটেরিয়া যখন মরে যায় তখন সহজেই যোনিতে ছত্রাকের সংক্রমণ দেখা দেয়,"কিন্তু যখন এই ব্যাকটেরিয়া অ্যান্টিবায়োটিকের প্রভাবে মারা যায়, তখন যোনির খামির সংক্রমণ সহজেই ঘটে।",তবে অ্যান্টিবায়োটিকের প্রভাবে ওই ব্যাকটেরিয়াগুলো মারা গেলে যোনিতে ছত্রাকের সংক্রমণ সহজে দেখা দেয়।,2.649786025999674,,
৫ অরগ্যান ফেইলিওর বা দেহের বিভিন্ন প্রত্যঙ্গ বিকল হয়ে যাওয়া,5 অঙ্গ ব্যর্থতা বা শরীরের বিভিন্ন অংশ ক্ষতিগ্রস্ত হওয়া।,দেহের বিভিন্ন অঙ্গ বিকল হয়ে যাওয়া বা পাঁচ অঙ্গের ব্যর্থতা।,1.1410876399995686,,
মাড়ি রোগের মাধ্যমে যদি ব্যাকটেরিয়া ভিরিড্যান্স স্ট্রেপটোকক্কাই রক্ত প্রবাহে সংক্রমিত হয় তা হলে হার্টের ভাল্ব নষ্ট হওয়ার আশঙ্কা থাকে,"যদি ব্যাকটেরিয়া viridans streptococci মাড়ির রোগের মাধ্যমে রক্ত ​​​​প্রবাহে প্রবেশ করে, তাহলে হার্টের ভালভের ক্ষতি হওয়ার ঝুঁকি থাকে।","মাড়ির রোগ থেকে ভিরিড্যান্স স্ট্রেপটোকক্কাই ব্যাকটেরিয়া যদি রক্তে প্রবেশ করে, তাহলে হৃদপিণ্ডের ভাল্ব ক্ষতিগ্রস্ত হওয়ার সম্ভাবনা থাকে।",3.7113577059999443,,
তবে গরমের চেয়ে শীতকাল হলে বেশি ভালো,তবে গরমের চেয়ে শীত ভালো।,তবে শীতকাল গরমের তুলনায় অনেক ভালো।,3.906226420999701,,
 এছাড়া আগের দিন ১৫ জনের করোনা শনাক্ত হয়েছিল,এছাড়া আগের দিন ১৫ জনের করোনা শনাক্ত হয়েছে।,"আরও, গতকাল ১৫ জনের করোনা ধরা পড়ে।",2.197558872000627,,
পর্যাপ্ত ঘুম বা বিশ্রাম না হলে তাতে নিজের বা গর্ভস্থ শিশুর ক্ষতির কারণ হতে পারে,পর্যাপ্ত ঘুম বা বিশ্রাম না পাওয়া আপনার বা আপনার অনাগত শিশুর ক্ষতি করতে পারে।,পর্যাপ্ত ঘুম বা বিশ্রামের অভাবে নিজের ও গর্ভের সন্তানের ক্ষতি হওয়ার সম্ভাবনা থাকে।,3.4066682339998806,,
সেই হিসেবে সব অর্গানের চিকিৎসা করতে হবে,সমস্ত অঙ্গ সেই অনুযায়ী চিকিত্সা করা উচিত।,সেই হিসাবে প্রতিটি অঙ্গের চিকিৎসা করা প্রয়োজন।,2.4478875710001375,,
এ সব নিয়ে বলার আগে মোমবাতির ইতিহাস নিয়ে ছোট্ট করে মিষ্টি কাহিনিটি বলা যাক,"এই সব নিয়ে কথা বলার আগে, মোমবাতির ইতিহাস সম্পর্কে একটা মিষ্টি গল্প বলি।","এ প্রসঙ্গে কথা বলার পূর্বে, মোমবাতির ইতিহাস সংক্রান্ত একটি ছোট ও মধুর কাহিনী বর্ণনা করা যাক।",6.123110712999733,,
আমরা কতটা আমিষ গ্রহণ করব তা নির্ভর করবে বয়স লিঙ্গ ও স্বাস্থ্যের অবস্থার ওপর,"আমরা কতটা প্রোটিন গ্রহণ করি তা নির্ভর করবে বয়স, লিঙ্গ এবং স্বাস্থ্যের অবস্থার উপর।","বয়স, লিঙ্গ ও স্বাস্থ্যের অবস্থার ওপর ভিত্তি করে আমাদের আমিষ গ্রহণের পরিমাণ নির্ধারিত হবে।",10.680766133999896,,
এটি রোগ প্রতিরোধ ক্ষমতা বাড়াতে শরীরের বিষাক্ত পদার্থ দূর করতে এবং মৌসুমি ঠাণ্ডাজ্বর দূর করতেও অনেক উপকারি হতে পারে,"এটি রোগ প্রতিরোধ ক্ষমতা বাড়াতে, শরীর থেকে টক্সিন দূর করতে এবং মৌসুমি সর্দি-কাশি দূর করতেও খুব উপকারী হতে পারে।","এটি শরীরের রোগ প্রতিরোধ ক্ষমতা বৃদ্ধি, বিষাক্ত উপাদান দূর করতে এবং মৌসুমি সর্দি-কাশি নিরাময়ে বেশ কার্যকরী হতে পারে।",2.868431875999704,,
এই সাপের বিষ এমনই বেশি যে একসঙ্গে শরীরের অনেকগুলো অঙ্গ আক্রান্ত হয়ে যায়,এই সাপের বিষ এতটাই শক্তিশালী যে এটি একবারে শরীরের অনেক অংশকে প্রভাবিত করে।,এমন তীব্র এই সাপের বিষ যে একসঙ্গে শরীরের একাধিক অঙ্গ ক্ষতিগ্রস্ত হয়।,1.8388623310002004,,
বাসার বাইরেও ৬ ফুট দূরত্ব বজায় রাখুন,বাড়ির বাইরে ৬ ফুট দূরত্ব বজায় রাখুন।,বাড়ির বাইরেও ৬ ফুট দূরত্ব বজায় রাখুন।,1.705022867999105,,
প্রয়োজন শুধু আপনার সদিচ্ছা সচেতনতা এবং সুচিকিৎসা নেওয়া,আপনার শুধু প্রয়োজন সদিচ্ছা সচেতনতা এবং ভালো চিকিৎসা।,"আপনার শুধু ইচ্ছাশক্তি, সচেতনতা এবং সঠিক চিকিৎসা নেওয়া প্রয়োজন।",2.37408399800006,,
অনেকে পা ঝিনঝিন ও ব্যথা নিয়ে আসলেন পরীক্ষায় ডায়াবেটিস ধরা পড়ে,অনেকের পায়ে খিঁচুনি এবং ব্যথা হয় এবং তাদের ডায়াবেটিস ধরা পড়ে।,পায়ে ঝিনঝিন ও ব্যথা নিয়ে অনেকেই পরীক্ষা করাতে এসে ডায়াবেটিস ধরা পড়েছে।,4.695178388999921,,
 মেরুদণ্ডের নার্ভ চলাচলের রাস্তা সরু হলে,"যদি মেরুদণ্ডের স্নায়ুর পথ সংকীর্ণ হয়,",মেরুদণ্ডের স্নায়ু চলাচলের পথ সংকীর্ণ হলে,3.5412383949997093,,
কোনো কোনো চক্ষু বিশেষজ্ঞদের ক্ষেত্রে মেকোবালামাইন ভিটামিন বি১বি৬বি১২ মকসিফ্লোক্জাসিন চোখের ড্রপ টোব্রামাইসিন চোখের ওয়াইনমেন্ট ব্যাবহার করতে দেখা যায়,কিছু চক্ষু বিশেষজ্ঞ মেকোবালামিন ভিটামিন B1B6B12 মক্সিফ্লক্সাসিন আই ড্রপ টোব্রামাইসিন আই মলম ব্যবহার করতে পারেন।,"কয়েকজন চক্ষু বিশেষজ্ঞ মেকোবালামাইন, ভিটামিন বি১, বি৬, বি১২, মক্সিফ্লক্সাসিন চোখের ড্রপ এবং টোব্রামাইসিন চোখের মলম ব্যবহার করতে দেখা যায়।",3.7364840129994263,,
হিয়ারিং স্ক্রিনিংয়ের মাধ্যমে শিশুদের কানে শোনার পরীক্ষা শিশুর জন্মের এক মাস সময়ের মধ্যে পরীক্ষা ও তিন মাস সময়ের মধ্যে রোগ নির্ণয় এবং ছয় মাসের মধ্যে চিকিৎসা করাতে হবে,"শ্রবণ স্ক্রীনিং পরীক্ষা করা হয় জন্মের এক মাসের মধ্যে শিশুদের শ্রবণশক্তি, তিন মাসের মধ্যে রোগ নির্ণয় এবং ছয় মাসের মধ্যে চিকিত্সা।","শিশুদের কানের শোনার ক্ষমতা পরীক্ষার জন্য হিয়ারিং স্ক্রিনিংয়ের মাধ্যমে জন্মের এক মাসের মধ্যে পরীক্ষা, তিন মাসের মধ্যে রোগ শনাক্তকরণ এবং ছয় মাসের মধ্যে চিকিৎসা নিশ্চিত করতে হবে।",1.419231301999389,,
শরীরে জ্বর থাকে এবং গ্রন্থিগুলো হঠাৎ ফুলে যায় এবং প্রচণ্ড ব্যথা হতে পারে,শরীরে জ্বর হয় এবং গ্রন্থিগুলো হঠাৎ ফুলে যায় এবং প্রচণ্ড ব্যথা হতে পারে।,জ্বরের পাশাপাশি হঠাৎ গ্রন্থি ফুলে যেতে পারে এবং তীব্র ব্যথা অনুভূত হতে পারে।,4.905669584999487,,
ইলিশ কই মলা চাপিলা মাছে ওমেগা৩ ফ্যাটের ভালো উপস্থিতি আছে,"ইলিশ, কই এবং স্ক্যাড মাছে ওমেগা-৩ ফ্যাটের ভালো উপস্থিতি রয়েছে।","ইলিশ, কই, মলা ও চাপিলা মাছের মধ্যে ওমেগা-৩ ফ্যাটের পর্যাপ্ত পরিমাণ রয়েছে।",3.2066316350001216,,
জেনে নিন ফেলে দেওয়া টিব্যাগের ব্যবহারসৌন্দর্যচর্চা প্রথমেই বলতে হয় সৌন্দর্যচর্চায় ব্যবহারের কথা,জেনে নিন সৌন্দর্য পরিচর্যায় ফেলে দেওয়া টি ব্যাগ কীভাবে ব্যবহার করবেন।,"ফেলে দেওয়া টি-ব্যাগ সৌন্দর্যচর্চায় কীভাবে কাজে লাগানো যায়, জেনে নিন।",1.3073701759994947,,
শিশুকে জন্মের পর থেকে সব টিকা সময়মতো দেওয়ার পরামর্শ দেন তিনি,তিনি জন্ম থেকেই শিশুকে সময়মতো সব টিকা দেওয়ার পরামর্শ দেন।,"তিনি পরামর্শ দেন যে, শিশুকে জন্মের পর থেকেই সব টিকা যথাসময়ে দেওয়া উচিত।",6.357113689000471,,
অনেক সময় রোগী জোরে কাশি দিলে আটকে থাকা খাবার বেরিয়ে যায়,অনেক সময় রোগীর শক্ত কাশি হলে আটকে থাকা খাবার বেরিয়ে আসে।,প্রায়ই রোগী জোরে কাশি দিলে আটকে পড়া খাবার বের হয়ে আসে।,0.8734921920004126,,
তবে কারও কাছে ভুল চিকিৎসার কথা বলবে না শর্তে ওই কাগজ ফেরত দেন বলে জানিয়েছেন ভুক্তভোগী রোগী মানিক,"তবে ভুক্তভোগী রোগী মানিক জানান, ভুল চিকিৎসার কথা কাউকে জানাবেন না শর্তে কাগজ ফেরত দেন।","ভুক্তভোগী রোগী মানিক জানিয়েছেন, তিনি ওই কাগজ ফেরত দিয়েছেন এই শর্তে যে কারও কাছে ভুল চিকিৎসার কথা বলবেন না।",1.7007917329992779,,
দুধে ভেজানো কাজুবাদাম খেলে হাড় শক্তিশালী হয়,কাজুবাদাম দুধে ভিজিয়ে খেলে হাড় মজবুত হয়।,দুধে ভেজানো কাজু বাদাম খেলে হাড় মজবুত হয়।,2.1257252349996634,,
স্ট্রোক মস্তিষ্কের এক জটিল রোগ,স্ট্রোক একটি জটিল মস্তিষ্কের রোগ।,মস্তিষ্কের একটি জটিল ব্যাধি হলো স্ট্রোক।,2.2970191350004825,,
নাক কান গলা ছাড়াও শরীরের অন্য অনেক রোগের কারণেও নাক দিয়ে রক্ত পড়তে পারে,"নাক, ​​কান ও গলা ছাড়াও শরীরের আরও অনেক রোগে নাক দিয়ে রক্ত ​​পড়তে পারে।","শরীরের অন্যান্য নানা রোগের কারণেও নাক দিয়ে রক্ত ঝরতে পারে, শুধু নাক-কান-গলার সমস্যা ছাড়াও।",1.3833570269998745,,
ফলাফল তাদের দেশ এখন করোনার অন্যতম মৃত্যুর স্থান,ফলে তাদের দেশ এখন করোনার জন্য সবচেয়ে প্রাণঘাতী স্থানগুলোর একটি।,তাদের দেশ এখন করোনায় সবচেয়ে বেশি মৃত্যুর স্থানগুলোর একটি।,0.5746001699999397,,
চিকিৎসাবিজ্ঞানের ভাষায় প্রসবপরবর্তী এই রক্তক্ষরণকে বলে পোস্টপারটাম হেমোরেজ পিপিএইচ,ডাক্তারি পরিভাষায় সন্তান প্রসবের পর এই রক্তপাতকে বলা হয় পোস্টপার্টাম হেমোরেজ (PPH)।,প্রসবপরবর্তী এই রক্তক্ষরণকে চিকিৎসাবিজ্ঞানের ভাষায় পোস্টপারটাম হেমোরেজ বা পিপিএইচ বলা হয়।,10.535338899000635,,
প্রথমে বাড়িতে চলাফেরা করুন তারপর বাড়ির আঙিনায় যান এর পর উপাসনালয় বাজার অফিসআদালতে যাওয়ার চেষ্টা করুন,প্রথমে বাড়ি ঘুরে তারপর বাড়ির আঙিনায় যান তারপর মাজার বাজার অফিস আদালতে যাওয়ার চেষ্টা করুন।,"প্রথমে ঘরের ভেতরে হাঁটাচলা করুন, এরপর উঠোনে যান, তারপর মন্দির, বাজার ও অফিস-আদালতে যাওয়ার চেষ্টা করুন।",0.9058148509993771,,
কাঁচা ফল ও সবজি এবং ইলিশ মাছ লবণ দিয়েই সংরক্ষণ করা হয়,কাঁচা ফল ও সবজি এবং ইলিশ মাছ লবণ দিয়ে সংরক্ষণ করা হয়।,"কাঁচা ফল, সবজি আর ইলিশ মাছ লবণ দিয়ে সংরক্ষণ করা হয়।",1.4991771029999654,,
১৪ শিক্ষায় অধ্যাপক ড বিকিরণ প্রসাদ বড়ুয়া,14 শিক্ষায় অধ্যাপক ড. বিকিরণ প্রসাদ বড়ুয়া,,9.976849292000225,request_error:'NoneType' object has no attribute 'strip',
খরচের বিষয়ে তিনি বলেন আমাদের প্রতিষ্ঠানটিও কিছু ডাক্তারের স্বেচ্ছ্বাশ্রম ও মানুষের দানে চলে,"খরচের বিষয়ে তিনি বলেন, আমাদের প্রতিষ্ঠানও কিছু চিকিৎসকের স্বেচ্ছাশ্রম এবং মানুষের অনুদানে চলে।","তিনি খরচ প্রসঙ্গে জানান, আমাদের এই প্রতিষ্ঠানটিও কিছু চিকিৎসকের স্বেচ্ছাসেবা ও জনগণের অনুদানের মাধ্যমে পরিচালিত হয়।",1.6122446879999188,,
দুধ যখন প্রক্রিয়াজাত করা হয় যেমন মিল্ক পাউডার হিসেবে বা কনডেন্সড মিল্ক তখন এটি তার পুষ্টিগুণ হারায়,"যখন দুধ প্রক্রিয়া করা হয়, যেমন দুধের গুঁড়া বা কনডেন্সড মিল্ক, এটি তার পুষ্টির মান হারায়।","দুধ যখন প্রক্রিয়াজাত করা হয়, যেমন গুঁড়ো দুধ বা কনডেন্সড মিল্ক আকারে, তখন তা তার পুষ্টিমান হারিয়ে ফেলে।",0.7465886750005666,,
ধূমপায়ীদের এই রোগে আক্রান্ত হওয়ার আশঙ্কা অধূমপায়ীদের চাইতে প্রায় ৮ গুণ বেশি,অধূমপায়ীদের তুলনায় ধূমপায়ীদের এই রোগ হওয়ার সম্ভাবনা প্রায় 8 গুণ বেশি।,ধূমপায়ীদের মধ্যে এই রোগে আক্রান্ত হওয়ার সম্ভাবনা অধূমপায়ীদের তুলনায় প্রায় আট গুণ বেশি।,2.2659002219998,,
বারবার মিসড অ্যাবরশন হলে এ রকম কারণ চিন্তা করতে হবে,"যদি বারবার মিস গর্ভপাত হয়, এই ধরনের কারণ বিবেচনা করা উচিত।",ঘন ঘন মিসড অ্যাবরশন ঘটলে এই ধরনের কারণ বিবেচনা করা দরকার।,2.472067684000649,,
এসব কিছু নির্ভর করে ক্যান্সারের ধরন প্রকৃতি স্থান ও উৎপত্তি এবং বিস্তৃতি ইত্যাদির ওপরে,"এই বিষয়গুলো নির্ভর করে ক্যান্সারের ধরন, প্রকৃতি, অবস্থান এবং উৎপত্তি এবং বিস্তার ইত্যাদির উপর।","ক্যান্সারের ধরন, প্রকৃতি, অবস্থান, উৎপত্তি এবং বিস্তার ইত্যাদির ওপর এসব কিছু নির্ভর করে।",3.118868405000285,,
দেশটিতে মৃতের সংখ্যা বেড়ে দাঁড়িয়েছে ১৬০ জনে,দেশটিতে মৃতের সংখ্যা 160 জনে দাঁড়িয়েছে।,দেশটিতে নিহতের সংখ্যা বেড়ে ১৬০ জনে পৌঁছেছে।,10.610418326999934,,
 প্রতিদিন অন্তত এক ঘণ্টা ছোটাছুটি করে খেলার জন্য বরাদ্দ করতে হবে,প্রতিদিন দৌড়ানো এবং খেলার জন্য কমপক্ষে এক ঘন্টা বরাদ্দ করা উচিত।,প্রতিদিন অন্তত এক ঘণ্টা দৌড়াদৌড়ি করে খেলার সময় নির্ধারণ করতে হবে।,1.7812358359997233,,
 কিছু দিন আগেই সরকারি চাকরি থেকে অবসর নিয়েছেন,কিছুদিন আগে তিনি সরকারি চাকরি থেকে অবসর নিয়েছেন।,সরকারি চাকরি থেকে তিনি কয়েক দিন আগেই অবসর নিয়েছেন।,1.9397563849997823,,
অনেক বাবামার ধারণা বাচ্চা যত গোলগাল নাদুসনুদুস সে ততই সুস্বাস্থ্যের অধিকারী,"অনেক বাবা-মা মনে করেন যে শিশুটি যত বেশি নিমজ্জিত হয়, তত স্বাস্থ্যবান হয়।","অনেক অভিভাবক মনে করেন শিশু যত মোটা-তাজা হবে, ততই সে সুস্থ থাকবে।",1.4468198829999892,,
অটিজম বৈশিষ্ট্যসম্পন্ন শিশুর বিভিন্ন দক্ষতা উন্নয়নে দক্ষতার প্রয়োগে আমাদের সমাজের সবার ইতিবাচক চিন্তাভাবনা ও দৃষ্টিভঙ্গির প্রয়োজন,অটিজম বৈশিষ্ট্যসম্পন্ন শিশুদের বিভিন্ন দক্ষতা বিকাশে দক্ষতার প্রয়োগে আমাদের সমাজের সকলের ইতিবাচক চিন্তাভাবনা ও দৃষ্টিভঙ্গি প্রয়োজন।,অটিজম বৈশিষ্ট্যসম্পন্ন শিশুদের বিভিন্ন দক্ষতা উন্নয়ন ও দক্ষতার প্রয়োগের জন্য আমাদের সমাজের প্রতিটি মানুষের ইতিবাচক চিন্তাভাবনা ও দৃষ্টিভঙ্গি প্রয়োজন।,89.65017438799987,,
অনেকের ধারণা এমন দাঁত কখনো ঠিক করা সম্ভব নয়,"অনেকেই মনে করেন, এ ধরনের দাঁত কখনই ঠিক করা যায় না।",অনেক লোক মনে করে যে এই ধরনের দাঁত কখনো ঠিক করা যায় না।,10.418610499000351,,
এ রোগ নির্ণয়ের পরীক্ষা হলো স্কিন বায়োপসি,এই রোগের ডায়াগনস্টিক পরীক্ষা হল ত্বকের বায়োপসি।,রোগ শনাক্ত করার জন্য ত্বকের বায়োপসি পরীক্ষা করা হয়।,1.1830090010007552,,
গ্রামেগঞ্জে প্রচলিত একটা কথা আছে চোখে সুরমা পড়লে এবং চোখে শামুকঝিনুকের পানি লাগালে চোখ ভালো থাকে,গ্রামগঞ্জে একটা কথা আছে চোখে সুরমা লাগিয়ে শামুকের পানি দিলে চোখ ভালো থাকবে।,গ্রামবাংলায়,3.983415419999801,,
ফুসফুস সুস্থ রাখতে ইদানীং চিকিৎসকেরা সবাইকে ফুসফুসের ব্যায়াম করতে পরামর্শ দিচ্ছেন,ইদানিং ফুসফুসকে সুস্থ রাখতে ফুসফুসের ব্যায়াম করার পরামর্শ দিচ্ছেন চিকিৎসকরা।,ইদানীং চিকিৎসকেরা ফুসফুস ভালো রাখতে সবাইকে ফুসফুসের ব্যায়াম করার উপদেশ দিচ্ছেন।,3.7328280950005137,,
ব্যাপারটা আসলে সে রকম নয় বরং যত দ্রুত সম্ভব পরীক্ষানিরীক্ষার মাধ্যমে আঘাতের মাত্রা নির্ণয় এবং চিকিৎসার ব্যবস্থা করলে ক্ষতির মাত্রা কমবে,"এটি এমন নয়, তবে যত তাড়াতাড়ি সম্ভব আঘাতের পরিমাণ নির্ণয় এবং চিকিত্সা করা হলে ক্ষতি হ্রাস করা হবে।","ঘটনাটি আসলে তেমন নয়, বরং যত শীঘ্র সম্ভব পরীক্ষা-নিরীক্ষার মাধ্যমে আঘাতের তীব্রতা নির্ধারণ ও চিকিৎসার ব্যবস্থা করলে ক্ষতির পরিমাণ হ্রাস পাবে।",1.6276185960014118,,
আর যদি আপনার হেপাটাইটিস থাকে তবে তা কখনোই লুকাবেন না,আর যদি আপনার হেপাটাইটিস থাকে তবে তা কখনোই লুকাবেন না।,"আপনার যদি হেপাটাইটিস থাকে, তাহলে তা কখনো গোপন করবেন না।",3.8869136150005943,,
এ অবস্থাকে Decompensated liver Cirrhosis বা লিভার সিরোসিসের অসহনীয় অবস্থা বলা হয়,এই অবস্থাকে বলা হয় ডিকম্পেনসেটেড লিভার সিরোসিস বা লিভার সিরোসিসের অসহনীয় অবস্থা।,লিভার সিরোসিসের অসহনীয় অবস্থাকে ডিকম্পেনসেটেড লিভার সিরোসিস বলা হয়।,1.1640558180006337,,
এ তেলের মধ্যে ফ্যাটি অ্যাসিড থাকে,এই তেলে রয়েছে ফ্যাটি অ্যাসিড।,এই তেলে ফ্যাটি অ্যাসিড রয়েছে।,2.764209421000487,,
I confesslets make it clear and loud,আমি স্বীকারোক্তি এটা স্পষ্ট এবং জোরে.,"আমি স্বীকার করছি, আসুন এটি পরিষ্কার ও জোরালোভাবে বলি।",0.8908533079993504,,
 ফাস্ট ফুড ভেজাল খাবার বর্জন করতে হবে,ফাস্ট ফুডে ভেজাল থাকলে এড়িয়ে চলতে হবে।,ফাস্ট ফুড ও ভেজাল খাবার পরিহার করা জরুরি।,3.912042946998554,,
কারণ এতে থাকা ভিটামিন সি এবং সাইট্রিক অ্যাসিড মাড়ি থেকে রক্ত পড়া ইনফেকশনসহ বিভিন্ন রোগের প্রকোপ কমাতে সাহায্য করে,কারণ এতে থাকা ভিটামিন সি এবং সাইট্রিক অ্যাসিড মাড়ি থেকে রক্ত ​​পড়াসহ বিভিন্ন রোগের প্রকোপ কমাতে সাহায্য করে।,এতে বিদ্যমান ভিটামিন সি ও সাইট্রিক অ্যাসিড মাড়ি থেকে রক্ত পড়া এবং সংক্রমণসহ নানা রোগের প্রক,3.969858638000005,,
ভিটামিন ডিও একইভাবে কার্যকর বলে প্রমাণিত,ভিটামিন ডিও একইভাবে কার্যকর দেখানো হয়েছে।,ভিটামিন,4.125476149998576,,
ক্যান্সার কোষগুলো জমা হয়ে একটি টিউমার গঠন করতে পারে,ক্যান্সার কোষগুলি জমা হতে পারে এবং একটি টিউমার তৈরি করতে পারে।,ক্যান্সার কোষগুলি একত্রিত হয়ে টিউমার তৈরি করতে পারে।,1.9655555949993868,,
স্বাস্থ্যকর এবং পুষ্টিকর খাবার বলতে মূলত ঘরের খাবার দেশিয় খাবার ও সুষম খাবারকে বোঝায়,স্বাস্থ্যকর ও পুষ্টিকর খাবার বলতে মূলত ঘরে রান্না করা স্থানীয় খাবার এবং সুষম খাবার বোঝায়।,"ঘরের খাবার, দেশীয় খাবার ও সুষম খাবারকেই মূলত স্বাস্থ্যকর ও পুষ্টিকর খাবার হিসেবে গণ্য করা হয়।",7.735554385000796,,
তাহলে আজ জেনে নিন পূজার জন্য বিশেষ একটি পদ অষ্টমঙ্গলা ঝোল,আজ জেনে নিন পূজার বিশেষ খাবার অষ্টমঙ্গলা ঝোল সম্পর্কে।,আজ পূজার জন্য বিশেষ একটি পদ অষ্টমঙ্গলা ঝোল সম্পর্কে জেনে নিন।,8.14975330499874,,
চূড়ান্ত বিষয় বাচ্চা পেটের মধ্যে মারা যেতে পারে,"অবশেষে, গর্ভে শিশুর মৃত্যু হতে পারে।","সবচেয়ে গুরুত্বপূর্ণ বিষয় হলো, গর্ভের শিশুটি মারা যেতে পারে।",2.9579613269997935,,
কর্পোরেট প্রোগ্রাম বা যেকোন সাংস্কৃতিক অনুষ্ঠান সব ধরনের আয়োজনেই রঙ বাংলাদেশ এর পোশাক ক্রেতাকে করবে আকর্ষণীয়,কর্পোরেট অনুষ্ঠান বা যেকোনো সাংস্কৃতিক অনুষ্ঠান সব ধরনের অনুষ্ঠানেই রঙ বাংলাদেশের পোশাক ক্রেতাকে আকর্ষণীয় করে তুলবে,রঙ বাংলাদেশের পোশাক কর্পোরেট প্রোগ্রাম বা যেকোনো সাংস্কৃতিক অনুষ্ঠানের সব ধরনের আয়োজনে ক্রেতাকে আকর্ষণীয় করে তুলবে।,3.508356598998944,,
৩ শরীরে প্রয়োজনীয় কোনো লবণের পরিমাণ কমে যাওয়া বা কিছু কিছু ওষুধের পার্শ্বপ্রতিক্রিয়া হিসেবেও হতে পারে,এটি শরীরের প্রয়োজনীয় লবণের পরিমাণ হ্রাস বা কিছু ওষুধের পার্শ্ব প্রতিক্রিয়া হিসাবেও হতে পারে,শরীরে প্রয়োজনীয় কোনো লবণের মাত্রা কমে যাওয়া বা কিছু ওষুধের পার্শ্বপ্রতিক্রিয়ার কারণেও এটি ঘটতে পারে।,7.5209092240002065,,
সবার একটি কথা মনে রাখতে হবে ঠোঁটের নিচে কোনো ঘর্মগ্রন্থি বা সোয়েট গ্ল্যান্ড থাকে না,একটা কথা সবার মনে রাখা উচিত যে ঠোঁটের নিচে কোনো ঘাম গ্রন্থি বা ঘাম গ্রন্থি নেই।,"মনে রাখা দরকার, ঠোঁটের নিচে কোনো ঘামগ্রন্থি বা সোয়েট গ্ল্যান্ড নেই।",6.149999484001455,,
গবেষণায় দেখা গেছে পুরুষের তুলনায় নারীর এ রোগে আক্রান্ত হওয়ার প্রবণতা তিন গুণ,"গবেষণায় দেখা গেছে, পুরুষদের তুলনায় নারীদের এই রোগে আক্রান্ত হওয়ার সম্ভাবনা তিনগুণ বেশি।","গবেষণা বলছে, পুরুষের চেয়ে নারীদের এই রোগে আক্রান্ত হওয়ার সম্ভাবনা তিনগুণ বেশি।",4.0059866510000575,,
ফ্লুএর লক্ষণগুলো সচরাচর ঠান্ডা বা কমন কোল্ডের লক্ষণ থেকে খারাপ থাকে,ফ্লু উপসর্গ সাধারণত ঠান্ডা বা সাধারণ ঠান্ডা উপসর্গের চেয়ে খারাপ হয়।,ফ্লুর লক্ষণগুলো সাধারণত ঠান্ডা বা সাধারণ সর্দির লক্ষণগুলোর চেয়ে বেশি কষ্টকর হয়।,2.7364453129994217,,
ইনসুলিন যাঁরা ব্যবহার করেন তাঁরা সকালের ডোজ দেবেন ইফতারের সময় এবং রাতের ডোজ রাতের সময় না দিয়ে সেই ডোজের অর্ধেক বা তিন ভাগের একভাগ দেবেন সাহ্রির সময়,"যারা ইনসুলিন ব্যবহার করেন তাদের উচিত সকালের ডোজ ইফতারের সময় এবং সন্ধ্যার ডোজ রাতে না দিয়ে সাহুরে দেওয়া, তবে সেই ডোজটির অর্ধেক বা এক তৃতীয়াংশ।","যারা ইনসুলিন ব্যবহার করেন, তারা সকালের ডোজ ইফতারের সময় নেবেন এবং রাতের ডোজ রাতে না নিয়ে তার অর্ধেক বা এক-তৃতীয়াংশ সাহ্রির সময় নেবেন।",8.35645692899925,,
বলা হয় এটি অ্যান্টিঅক্সিডেন্টে ঠাসা,বলা হয় এটি অ্যান্টিঅক্সিডেন্টে ভরপুর।,এটি অ্যান্টিঅক্সিডেন্টে পরিপূর্ণ বলে জানা যায়।,1.2544070010008,,
অনেক সময় শ্রেণিকক্ষে শিক্ষকবৃন্দ জোরে চিৎকার করে কথা বলে মনের অজান্তে ক্ষতি করে থাকেন রাজনৈতিক নেতৃবৃন্দ জনসভায় মায়েরা বাচ্চাদের সঙ্গে ফেরিওয়ালা হকারসহ বিভিন্ন কণ্ঠ নিভর্রশীল পেশাজীবীরা,অনেক সময় শিক্ষকরা শ্রেণীকক্ষে উচ্চস্বরে চিৎকার করে মনের অজান্তে আঘাত করে। জনসভায় রাজনৈতিক নেতারা; বাচ্চাদের সাথে মায়েরা;,,7.3012084210004105,request_error:'NoneType' object has no attribute 'strip',
হজম ক্ষমতার উন্নতি ঘটে তামায় মজুত উপাদানগুলো পাকস্থলীর ক্ষতিকারক ব্যাকটেরিয়া মেরে ফেলে,হজমশক্তির উন্নতি ঘটায়: তামার উপাদান পাকস্থলীর ক্ষতিকর ব্যাকটেরিয়া মেরে ফেলে।,"তেঁতুলে থাকা উপাদানগুলো পাকস্থলীর ক্ষতিকর ব্যাকটেরিয়া ধ্বংস করে, ফলে হজমশক্তি বৃদ্ধি পায়।",4.705404840000483,,
শরীরের বাড়তি ওজন কমাতে সঠিক সময়ে শরীরচর্চার বিকল্প নেই,শরীরের অতিরিক্ত ওজন কমাতে সঠিক সময়ে ব্যায়ামের বিকল্প নেই।,শরীরের অতিরিক্ত ওজন কমানোর জন্য নির্দিষ্ট সময়ে ব্যায়ামের কোনো বিকল্প নেই।,4.28626758000064,,
অনেক সময় অন্যান্য শারীরিক অসুখ যেমন থাইরয়েড গ্রন্থির সমস্যা বিষণ্ণতা রোগ অতিরিক্ত মদ্যপান ইত্যাদি কিংবা ওষুধ সেবনের পার্শ্বপ্রতিক্রিয়া হিসাবেও এ রকম হতে পারে,"কখনও কখনও এটি অন্যান্য শারীরিক অসুস্থতার কারণে হতে পারে যেমন থাইরয়েড সমস্যা, বিষণ্নতা, অতিরিক্ত অ্যালকোহল সেবন বা ওষুধের পার্শ্ব প্রতিক্রিয়া হিসাবে।","কখনো কখনো থাইরয়েড গ্রন্থির সমস্যা, বিষণ্ণতা, অতিরিক্ত মদ্যপান ইত্যাদি শারীরিক অসুখ বা ওষুধ সেবনের পার্শ্বপ্রতিক্রিয়া হিসেবেও এমন হতে পারে।",4.70146613200086,,
তাই এ সময়ে কোভিড টীকা দিয়ে প্রতিটি মাকে কোভিড বিরোধী  বর্ম পড়িয়ে  রেখে মায়ের চারপাশে সুরক্ষা দেয়াল তৈরী করে দিতে হবে,"তাই এই সময়ে, কোভিড ভ্যাকসিন সহ প্রতিটি মায়ের উচিত অ্যান্টি-কোভিড বর্ম পরিধান করা এবং মায়ের চারপাশে একটি সুরক্ষা প্রাচীর তৈরি করা।",তাই বর্তমানে প্রতিটি মাকে কোভিড টিকা প্রদান ও কোভিড-বিরোধী সুরক্ষা বর্ম পরিধান করিয়ে মায়ের চারপাশে একটি সুরক্ষা প্রাচীর গড়ে তোলা জরুরি।,7.977829183999347,,
বিশ্বস্বাস্থ্য সংস্থার মতে ৬০ ডেসিবেলের অধিক শব্দ যদি দীর্ঘসময় ধরে থাকে তাহলে সাময়িক বধিরতা আর ১০০ ডেসিবেলের বেশি হলে স্থায়ী বধিরতা Permament Deafness হতে পারে,"বিশ্ব স্বাস্থ্য সংস্থার মতে, দীর্ঘ সময় ধরে 60 ডেসিবেলের বেশি শব্দ থাকলে তা সাময়িক বধিরতা হতে পারে এবং 100 ডেসিবেলের বেশি হলে তা স্থায়ী বধিরতা হতে পারে।","বিশ্ব স্বাস্থ্য সংস্থার মতে, ৬০ ডেসিবেলের বেশি শব্দ দীর্ঘক্ষণ থাকলে অস্থায়ী বধিরতা এবং ১০০ ডেসিবেলের বেশি হলে স্থায়ী বধিরতা হতে পারে।",6.448263500000394,,
এ উপসর্গগুলো সন্তান জন্মদানের দিন থেকে শুরু করে এমনকি তিন মাস পরও হতে পারে,এই লক্ষণগুলি প্রসবের দিন থেকে শুরু হতে পারে এমনকি তিন মাস পরেও।,এই উপসর্গগুলি সন্তানের জন্মের দিন থেকে শুরু করে তিন মাস পরেও দেখা দিতে পারে।,0.9904271169998538,,
মানবদেহে আয়োডিন খুবই অল্প পরিমাণে প্রয়োজন হলেও এর গুরুত্ব কিন্তু কোনো অংশে কম নয়,মানবদেহে আয়োডিন খুব অল্প পরিমাণে প্রয়োজন হলেও এর গুরুত্ব কোনো অংশেই কম নয়।,"যদিও মানবদেহে আয়োডিনের চাহিদা খুবই সামান্য, তবুও এর গুরুত্ব কোনো অংশেই কম নয়।",2.5924424240001827,,
 ওষুধ  যদিও কিছু কিছু ক্ষেত্রে ওষুধগুলো টিনিটাস সম্পূর্ণরূপে নিরাময় করতে পারে না তবে তারা টিনিটাসের সঙ্গে সম্পর্কিত উপসর্গগুলো উপশম করতে পারে রক্ত সঞ্চালন বাড়াতে সহায়তা করে,"ওষুধ যদিও ওষুধগুলি কিছু ক্ষেত্রে সম্পূর্ণরূপে টিনিটাস নিরাময় করতে পারে, তবে তারা রক্ত ​​সঞ্চালন বাড়াতে সাহায্য করে টিনিটাসের সাথে সম্পর্কিত উপসর্গগুলি উপশম করতে পারে।","কিছু কিছু ক্ষেত্রে ওষুধ টিনিটাস সম্পূর্ণরূপে নিরাময় করতে না পারলেও, রক্ত সঞ্চালন বাড়ানোর মাধ্যমে টিনিটাসের উপসর্গগুলো লাঘব করতে পারে।",19.698941182999988,,
" বিশেষ করে লাল মাংস, খাসির মাংস, গরুর মাংস এগুলো এড়িয়ে যেতে হবে","বিশেষ করে লাল মাংস, গরুর মাংস এড়িয়ে চলতে হবে।","লাল মাংস, খাসির মাংস ও গরুর মাংসের মতো খাবারগুলো বিশেষভাবে পরিহার করা উচিত।",2.0856821260003926,,
এটি একটি ভয়ঙ্কর ও অস্বস্তিকর পরিস্থিতি,এটি একটি ভীতিকর এবং অস্বস্তিকর পরিস্থিতি।,এটি একটি ভীতিকর ও অস্বস্তিকর অবস্থা।,0.6290424489998259,,
 কিছু কিছু বিষয়ে সচেতন হয়ে হাঁপানি থেকে পরিত্রাণ সম্ভব,কিছু বিষয়ে সচেতন থাকলে হাঁপানি থেকে মুক্তি পাওয়া সম্ভব।,হাঁপানি থেকে মুক্তি পাওয়া সম্ভব কিছু নির্দিষ্ট বিষয় সম্পর্কে সচেতন থাকলে।,2.781075636999958,,
হাতুড়ে ডাক্তার দিয়ে কান পরিষ্কার না করানো,হাতুড়ি ডাক্তার দিয়ে কান পরিষ্কার করবেন না।,অযোগ্য চিকিৎসকের মাধ্যমে কান পরিষ্কার করানো উচিত নয়।,3.97942157199941,,
সকল জনগণকে তাদের শরীরের তাপমাত্রা ও অন্যান্য শারীরিক অবস্থা পরীক্ষা করে অনলাইনে জানানোকে বাধ্যতামূলক করেছে,এটি সমস্ত মানুষের জন্য তাদের শরীরের তাপমাত্রা এবং অন্যান্য শারীরিক অবস্থার অনলাইনে রিপোর্ট করা বাধ্যতামূলক করেছে৷,সকল নাগরিকের জন্য তাদের দেহের তাপমাত্রা ও অন্যান্য শারীরিক অবস্থা যাচাই করে অনলাইনে রিপোর্ট করা বাধ্যতামূলক করা হয়েছে।,4.722543275000135,,
হরমোনজনিত মেরুদণ্ডের বক্রতার পরিবর্তন শারীরিক স্থূলতা নার্ভের ওপর অতিরিক্ত চাপ পর্যাপ্ত ঘুমের অভাব অপর্যাপ্ত পুষ্টি মানসিক অশান্তি,"মেরুদণ্ডের বক্রতার হরমোনের পরিবর্তন, শারীরিক স্থূলতা, স্নায়ুর উপর অতিরিক্ত চাপ, পর্যাপ্ত ঘুমের অভাব, অপর্যাপ্ত পুষ্টি, মানসিক অশান্তি","হরমোনের কারণে মেরুদণ্ডের বাঁকা হওয়া, শারীরিক মোটা হওয়া, স্নায়ুর ওপর বেশি চাপ, পর্যাপ্ত ঘুম না পাওয়া, পুষ্টির ঘাটতি এবং মানসিক অশান্তি।",6.775111703000221,,
তখন মহিলা নিজেও জানতেন না তিনি করোনাভাইরাস আক্রান্ত এমন কি তার দেহে করোনাভাইরাস সংক্রমণের কোনও লক্ষণই ছিল না,"ওই সময় ওই নারী নিজেও জানতেন না যে তিনি করোনাভাইরাসে আক্রান্ত হয়েছেন, তার শরীরে সংক্রমণের কোনো উপসর্গও ছিল না।","সেই সময় নারীটি নিজেও জানতেন না যে তিনি করোনাভাইরাসে আক্রান্ত, বরং তার শরীরে",3.1645719459993416,,
 শহীদ মিনার প্রাঙ্গণে সকাল সাড়ে ১০টায় আমাদের কর্মসূচি শুরু হবে,সকাল সাড়ে ১০টায় শহীদ মিনার প্রাঙ্গণে শুরু হবে আমাদের কর্মসূচি।,শহীদ মিনার চত্বরে সকাল সাড়ে দশটায় আমাদের অনুষ্ঠান শুরু হবে।,0.4492329479999171,,
একদিনের খাদ্যের কারণে বহুদিনের অস্বাস্থ্যকর অবস্থায় নিপতিত হওয়া থেকে বিরত থাকুন,একদিনের খাবারের কারণে অনেক দিন অস্বাস্থ্যকর পরিস্থিতিতে পড়া এড়িয়ে চলুন।,"একদিনের খাবারের জন্য দীর্ঘদিন অসুস্থ না হয়ে পড়ুন, সাবধান থাকুন।",3.3786801419992116,,
নভেল করোনাভাইরাস একটি মারাত্মক ছোঁয়াচে ও দ্রুত বিস্তারে সক্ষম,নভেল করোনাভাইরাস অত্যন্ত সংক্রামক এবং দ্রুত ছড়িয়ে পড়তে সক্ষম।,নভেল করোনাভাইরাস একটি ভয়ানক সংক্রামক এবং দ্রুত ছড়িয়ে পড়তে সক্ষম রোগ।,0.9495672900011414,,
 এটি নির্দিষ্ট করা যেতে পারে এবং সবার জন্য স্বাস্থ্যসেবা নিশ্চিত করা যেতে পারে,এটি নির্দিষ্ট করা যেতে পারে এবং সকলের জন্য স্বাস্থ্যসেবা প্রদান করা যেতে পারে।,একে নির্ধারণ করা সম্ভব এবং সকলের জন্য স্বাস্থ্যসেবা নিশ্চিত করা সম্ভব।,4.557783494999967,,
এর লক্ষণসমূহের মধ্যে রয়েছেপেটে ব্যথা খাবার পর অস্বস্তিবোধ পেট ফেঁপে যাওয়া মলত্যাগে সমস্যা ডায়রিয়া অথবা কোষ্ঠকাঠিন্যসহ আরও কিছু সাধারণ লক্ষণ থাকতে পারে,"লক্ষণগুলির মধ্যে রয়েছে পেটে ব্যথা, খাওয়ার পরে অস্বস্তি, ফোলাভাব, মল যেতে অসুবিধা এবং ডায়রিয়া বা কোষ্ঠকাঠিন্য সহ অন্যান্য সাধারণ লক্ষণ।",,11.845941637999204,request_error:'NoneType' object has no attribute 'strip',
 নির্মাণাধীন ভবনের প্রজননস্থল ধ্বংস করে ৪০ শতাংশ পর্যন্ত রোগের প্রাদুর্ভাব কমানো সম্ভব,নির্মাণাধীন ভবনে প্রজনন ক্ষেত্র ধ্বংস করে রোগের প্রাদুর্ভাব ৪০ শতাংশ পর্যন্ত কমানো যেতে পারে।,নির্মাণাধীন ভবনের প্রজননস্থল ধ্বংসের মাধ্যমে রোগের প্রাদুর্ভাব ৪০,5.124805765000929,,
"বিছানা রাখতে পারেন ফ্রিজে: বন্ধ ব্যাগে বিছানার চাদর, বালিশের কভার ভরে তা রেফ্রিজারেটরে রেখে দেওয়া যেতে পারে",বিছানার চাদর এবং বালিশের কভার ফ্রিজে বদ্ধ ব্যাগে রাখা যেতে পারে।,ফ্রিজে বিছানা সংরক্ষণ করা সম্ভব: বন্ধ ব্যাগে চাদর ও বালিশের কভার ভরে রেফ্রিজারেটরে রাখা যায়।,4.704814651000561,,
অস্ত্রোপচার দ্রুত করে ফেললে আপনার সময় শুধু নষ্ট হবে না,দ্রুত অস্ত্রোপচার করা আপনার সময় নষ্ট করবে না।,দ্রুত অস্ত্রোপচার করলে আপনার শুধু সময়ই নষ্ট হবে না।,8.847925592001047,,
সভ্য ও উন্নয়ন দেশে অপারেটিং মাইক্রোস্কোপ এবং বিভিন্ন এন্ডোস্কোপ ছাড়া কোনো নাককানগলা এর ক্লিনিক চিন্তাই করা যায় না,"সভ্য এবং উন্নয়নশীল দেশগুলিতে, অপারেটিং মাইক্রোস্কোপ এবং বিভিন্ন এন্ডোস্কোপ ছাড়া কোনও ইএনটি ক্লিনিক কল্পনা করা যায় না।",উন্নত ও সভ্য দেশে অপারেটিং মাইক্রোস্কোপ এবং বিভিন্ন এন্ডোস্কোপ ব্যতীত কোনো নাক-কান-গলা ক্লিনিকের কথা ভাবাই সম্ভব নয়।,1.3227631489990017,,
আয়োডিনের ঘাটতি হলে থাইরয়েড গ্রন্থির কার্যক্ষমতা কমে যায়,আয়োডিনের অভাব থাইরয়েডের কার্যকারিতা হ্রাস করে।,থাইরয়েড গ্রন্থির কার্যক্ষমতা হ্রাস পায় আয়োডিনের অভাবে।,2.9645893899996736,,
আবহাওয়া পরিবর্তনের এ সময়ে ঠাণ্ডা জ্বর বা কাশি হতেই পারে,আবহাওয়া পরিবর্তনের সময় সর্দি-জ্বর বা কাশি হতে পারে।,"ঠাণ্ডা, জ্বর বা কাশি এই আবহাওয়া পরিবর্তনের সময়ে স্বাভাবিকভাবেই হতে পারে।",1.0294787879993237,,
নাগেশ্বরী উপজেলা স্বাস্থ্য পরিবার ও পরিকল্পনা কর্মকর্তা ডা আবু বক্কর সিদ্দিক জানান রোববার ভোরে নাগেশ্বরী উপজেলার সন্তোষপুর ইউনিয়নের কুটি নাওডাঙ্গা গ্রামের ওই ৬ মাসের শিশু করোনা উপসর্গ নিয়ে মারা যায়,"নাগেশ্বরী উপজেলা স্বাস্থ্য পরিবার ও পরিকল্পনা কর্মকর্তা ডাঃ আবু বক্কর সিদ্দিক জানান, নাগেশ্বরী উপজেলার সন্তোষপুর ইউনিয়নের কুটি নওডাঙ্গা গ্রামের ৬ মাস বয়সী শিশুটি রোববার সকালে করোনা উপসর্গ নিয়ে মারা যায়।","নাগেশ্বরী উপজেলার স্বাস্থ্য ও পরিবার পরিকল্পনা কর্মকর্তা ডা. আবু বক্কর সিদ্দিক জানিয়েছেন, রোববার ভোরে উপজেলার সন্তোষপুর ইউনিয়নের কুটি নাওডাঙ্গা গ্রামের ছয় মাস বয়সী এক শিশু করোনার উপসর্গ নিয়ে মৃত্যুবরণ করে।",19.185689033000017,,
সবুজ শাকসব্জি উপকারি ব্যাক্টেরিয়ার সংখ্যা বৃদ্ধি করে এবং খারাপ ব্যাক্টেরিয়ার পরিমাণ কমায়,সবুজ শাকসবজি উপকারী ব্যাকটেরিয়ার সংখ্যা বাড়ায় এবং খারাপ ব্যাকটেরিয়ার পরিমাণ কমায়।,সবুজ শাকসবজি উপকারী ব্যাকটেরিয়ার পরিমাণ বাড়ায় এবং ক্ষতিকর ব্যাকটেরিয়ার সংখ্যা হ্রাস করে।,0.5316685660000076,,
অনেকে হাঁটাচলার সময় প্রায়ই ব্যথা অনুভব করেন,হাঁটার সময় অনেকেই ব্যথা অনুভব করেন।,হাঁটার সময় অনেকেরই প্রায়ই ব্যথা হয়।,1.9165489900005923,,
 যা বুকের কফ দূর করতে সহায়তা করে,এটি বুকের কফ পরিষ্কার করতে সাহায্য করে।,এটি বুকের কফ পরিষ্কার করতে সাহায্য করে।,0.5721701139991637,,
রাতে শোয়ার আগে চা বা কফি পান করবেন না,রাতে ঘুমানোর আগে চা বা কফি পান করবেন না।,রাতে ঘুমাতে যাওয়ার আগে চা কিংবা কফি খাবেন না।,1.6101155950000248,,
বিশেষ করে বিস্তীর্ণ নদীর অববাহিকায় বসবাসরত জনগোষ্ঠীর মধ্যে এ সমস্যা প্রকট কারণ প্রায় প্রতি বছর বন্যার সময় এসব এলাকার ফসল উৎপাদনকারী জমিজমা পানিতে তলিয়ে যায়,বৃহৎ নদী অববাহিকায় বসবাসকারী সম্প্রদায়ের মধ্যে সমস্যাটি বিশেষত তীব্র কারণ এই অঞ্চলের ফসল উৎপাদনকারী জমিগুলি প্রায় প্রতি বছর বন্যার সময় ডুবে যায়।,"বিশেষত বিস্তৃত নদী অববাহিকায় বসবাসকারী জনগণের মধ্যে এই সমস্যা তীব্র, কারণ প্রায় প্রতিবছর বন্যার সময় ওই অঞ্চলের কৃষিজমি পানিতে ডুবে যায়।",2.4220675619999383,,
অনেকে এ সমস্যায় আক্রান্ত ব্যক্তি ভান করেছে বলা হয়,অনেকে এই সমস্যায় ভুগছেন বলে জানা গেছে।,"অনেকের মতে, এই সমস্যায় আক্রান্ত ব্যক্তি ভান করেছিলেন।",3.311203076000311,,
নাস্তা খাওয়া উচিত সকাল ৮টা থেকে ৯টার মধ্যে,সকালের নাস্তা 8 থেকে 9 টার মধ্যে নিতে হবে।,সকাল ৮টা থেকে ৯টার মধ্যে নাস্তা খাওয়া উচিত।,3.108250686998872,,
 যান্ত্রিক জীবনে অলসভাবে সবার সময় কাটে,যান্ত্রিক জীবনে সবাই অলস সময় কাটায়।,যান্ত্রিক জীবনে সবাই অলসভাবে সময় কাটায়।,0.9681570889988507,,
৩ চোখের ধমনির হঠাৎ রক্ত সঞ্চালন বন্ধ হওয়া,3 চোখের ধমনীতে হঠাৎ রক্ত ​​চলাচল বন্ধ হয়ে যাওয়া,৩ চোখের ধমনিতে হঠাৎ রক্ত চলাচল বন্ধ হয়ে যাওয়া।,1.0236335130011867,,
ফ্যাটি লিভার প্রতিরোধ বিষয়ে আলোকপাত করে একই বিভাগের বিশেষজ্ঞ অধ্যাপক গোলাম মোস্তফা বলেন জীবনাচরণ পরিবর্তনের পাশাপাশি ৭ থেকে ১০ শতাংশ ওজন হ্রাস হচ্ছে ফ্যাটি লিভার প্রতিরোধের মূলমন্ত্র,"একই বিভাগের বিশেষজ্ঞ অধ্যাপক গোলাম মোস্তফা ফ্যাটি লিভার প্রতিরোধের বিষয়ে আলোকপাত করে বলেন, লাইফস্টাইল পরিবর্তনের পাশাপাশি ফ্যাটি লিভার প্রতিরোধে ৭ থেকে ১০ শতাংশ ওজন কমানোর চাবিকাঠি।",জীবনাচরণে পরিবর্তন আনা এবং ৭ থেকে,3.9336803070000315,,
 গরমে আপনার জন্য একটি আরামদায়ক প্রাকৃতিক পানীয় হতে পারে জিরাপানি,জিরাপানি গ্রীষ্মে আপনার জন্য একটি আরামদায়ক প্রাকৃতিক পানীয় হতে পারে।,গরমের দিনে জিরাপানি আপনার জন্য একটি আরামদায়ক প্রাকৃতিক পানীয় হিসেবে কাজ করতে পারে।,5.227145550999921,,
আর বিভিন্ন খাবারের মাধ্যমে এই যোগটি শরীরে উৎপাদিত হয়,আর এই যোগ শরীরে তৈরি হয় বিভিন্ন খাবারের মাধ্যমে।,বিভিন্ন খাবারের মাধ্যমেই দেহে এই যোগ উৎপন্ন হয়।,1.01548615899992,,
এ পরিস্থিতে অনেকেই দ্বারস্থ হচ্ছেন এসির দোকানে,এ অবস্থায় অনেকেই এসির দোকানের দিকে ঝুঁকছেন।,এই অবস্থায় অনেকেই এসির দোকানে আশ্রয় নিচ্ছেন।,2.9645661450012994,,
তারপরও কোনো রকম অসুবিধা হলে রক্তদান কেন্দ্রে যোগাযোগ করুন এবং সংশ্লিষ্ট চিকিৎসকের পরামর্শ নিন,কোনো সমস্যা হলে রক্তদান কেন্দ্রে যোগাযোগ করে সংশ্লিষ্ট চিকিৎসকের পরামর্শ নিন।,"যদি কোনো সমস্যা দেখা দেয়, তবে রক্তদান কেন্দ্রে ফোন করুন এবং প্রাসঙ্গিক চিকিৎসকের পরামর্শ নিন।",3.670888450000348,,
দৈনিক খাদ্যতালিকায় চিনাবাদাম কাজুবাদাম কাঠবাদাম পেস্তাবাদাম ও ওয়ালনাটের মতো বাদামজাতীয় খাবার রাখা যেতে পারে,"চিনাবাদাম, কাজু, পেস্তা এবং আখরোটের মতো বাদাম প্রতিদিনের খাদ্যতালিকায় অন্তর্ভুক্ত করা যেতে পারে।","দৈনিক খাদ্যতালিকায় চিনাবাদাম, কাজুবাদাম, কাঠবাদাম, পেস্তাবাদাম এবং ওয়ালনাটের মতো বাদামজাতীয় খাবার অন্তর্ভুক্ত করা সম্ভব।",11.765532352999799,,
গলা ব্যথা থেকে আপনাকে মুক্তি দিতে পারে আদা,আদা গলা ব্যথা উপশম করতে পারে।,আদা গলা ব্যথা দূর করতে সাহায্য করতে পারে।,4.0157057129999885,,
" ঐক্য, ঐক্য চিকিৎসকদের ঐক্য’ স্লোগান দিচ্ছেন","ঐক্য, ঐক্য চিকিৎসক ঐক্য স্লোগান","চিকিৎসকদের ঐক্য, ঐক্যই তাদের মূল স্লোগান।",4.924926760000744,,
এদিকে শিক্ষাপ্রতিষ্ঠানগুলো বন্ধ করে দেয়া হয়েছে এবং শিক্ষার্থীরা যাতে পিছিয়ে না পড়ে সেজন্য অনলাইনে শিক্ষার্থীদের ক্লাসের ব্যবস্থা করা হয়েছে,এদিকে শিক্ষার্থীরা যাতে পিছিয়ে না পড়ে সেজন্য শিক্ষা প্রতিষ্ঠান বন্ধ করে অনলাইন ক্লাসের ব্যবস্থা করা হয়েছে।,"অন্যদিকে, শিক্ষাপ্রতিষ্ঠানগুলো বন্ধ করে দেওয়া হয়েছে এবং শিক্ষার্থীদের পিছিয়ে পড়া রোধ করতে অনলাইনে ক্লাসের আয়োজন",12.911689464999654,,
এ ধরনের রোগীদের অতিরিক্ত মিষ্টি জাতীয় বা চিনিযুক্ত খাবার গ্রহণ না করাই শ্রেয়,এই ধরনের রোগীদের অতিরিক্ত মিষ্টি বা চিনিযুক্ত খাবার খাওয়া উচিত নয়।,এই ধরণের রোগীদের জন্য বেশি মিষ্টি বা চিনিযুক্ত খাবার না খাওয়াই ভালো।,6.5204165569994075,,
আমাদেরকে দ্রুততার সঙ্গে কার্যকারী সিদ্ধান্ত নিতে হবে,আমাদের দ্রুত কার্যকরী সিদ্ধান্ত নিতে হবে।,আমাদের দ্রুত কার্যকরী সিদ্ধান্ত নেওয়া প্রয়োজন।,4.9571588470007555,,
পদ্ধতি    আরও পড়ুন                                                                                           প্রতিদিনের জগিংয়ে দূরে থাকবে যেসব শারীরিক সমস্যা                                        প্রথমে কাঁচা আম ছোট ছোট করে কেটে নিন,পদ্ধতিটি সম্পর্কে আরও পড়ুন: প্রতিদিন জগিং করলে যে শারীরিক সমস্যাগুলো এড়ানো যাবে: প্রথমে কাঁচা আম ছোট ছোট করে কেটে নিন।,প্রথমে কাঁচা আমটিকে ছোট ছোট টুকরো করে কেটে নিন।,2.677298922000773,,
ঠান্ডা বা ফ্লু রোগের উপসর্গ গা ব্যথা মাথাব্যথা ঠান্ডা লাগা নাক ও চোখ দিয়ে পানি পড়া এবং গলাব্যথা কমে যাওয়ার পর শুকনো কাশি দেখা দেয় যা অত্যন্ত বেশি এবং বিরক্তিকর শত চেষ্টা করেও কাশি বন্ধ করা যায় না,"সর্দি বা ফ্লুর লক্ষণগুলির মধ্যে রয়েছে গলা ব্যথা, মাথাব্যথা, ঠাণ্ডা লাগা, নাক ও চোখ এবং একটি গলা ব্যথা যা কমে যায় এবং তারপরে একটি শুকনো কাশি যা অত্যধিক এবং বিরক্তিকর এবং বারবার চেষ্টা করেও থামানো যায় না।",,10.906416698000612,request_error:'NoneType' object has no attribute 'strip',
" ডাক্তাররা মনে করেন, তার জন্য গর্ভবতী মাকে অন্তত তিনবার স্বাস্থ্যকেন্দ্রে গিয়ে রু্টিন চেকআপ করা দরকার","চিকিৎসকরা মনে করেন, গর্ভবতী মাকে রুটিন চেকআপের জন্য অন্তত তিনবার স্বাস্থ্যকেন্দ্রে যেতে হবে।","ডাক্তারদের মতে, গর্ভবতী মায়ের জন্য স্বাস্থ্যকেন্দ্রে গিয়ে নিয়মিত চেকআপ করানো অন্তত তিনবার জরুরি।",1.7195186740009376,,
যেহেতু মন আর শরীর অঙ্গাঙ্গিভাবে জড়িত তাই একটি খারাপ থাকলে অন্যটিও খারাপ থাকে,"যেহেতু মন এবং শরীর অঙ্গাঙ্গীভাবে জড়িত, একটি খারাপ হলে অন্যটি খারাপ।","মন ও শরীর পরস্পরের সাথে গভীরভাবে যুক্ত, তাই একটি অসুস্থ হলে অন্যটিও অসুস্থ হয়।",3.106979655998657,,
এই ব্যাকটেরিয়া অন্ত্রের স্বাস্থ্য ভালো রাখে,এই ব্যাকটেরিয়া অন্ত্রের স্বাস্থ্য ভালো রাখে।,এই ব্যাকটেরিয়া অন্ত্রের স্বাস্থ্য বজায় রাখে।,3.4205964030006726,,
এতে আপনার কাছ থেকে জীবাণু ছড়িয়ে পড়ার ঝুঁকিও কমবে,এটি আপনার থেকে জীবাণু ছড়ানোর ঝুঁকিও কমিয়ে দেবে।,এতে আপনার থেকে জীবাণু ছড়ানোর সম্ভাবনাও কমে যাবে।,3.5873099679993175,,
সহজ করে বললে শুধু মাথাব্যথা এবং মাইগ্রেনের পার্থক্য হলো  শুধু মাথাব্যথায় কেবল মাথার যন্ত্রণা করে কিন্তু মাইগ্রেনে মাথার যন্ত্রণার সঙ্গে শরীরে আরও কিছু সমস্যা দেখা দেয়,"সোজা কথায়, মাথাব্যথা এবং মাইগ্রেনের মধ্যে পার্থক্য হল যে মাথাব্যথা হলে শুধুমাত্র মাথায় ব্যথা হয়, কিন্তু মাইগ্রেনে মাথাব্যথার পাশাপাশি শরীরে অন্যান্য সমস্যাও থাকে।",,10.05311493299996,request_error:'NoneType' object has no attribute 'strip',
এসব এন্টিবায়োটিকের মধ্যে রয়েছে সিপ্রোফ্লক্সাসিন ক্লিন্ডামাইসিন বা ভ্যানকোমাইসিন,"এই অ্যান্টিবায়োটিকের মধ্যে রয়েছে সিপ্রোফ্লক্সাসিন, ক্লিন্ডামাইসিন বা ভ্যানকোমাইসিন।","এই এন্টিবায়োটিকগুলোর মধ্যে আছে সিপ্রোফ্লক্সাসিন, ক্লিন্ডামাইসিন অথবা ভ্যানকোমাইসিন।",10.032235852999293,,
১৫ এপ্রিল থেকে আবার তার ডিউটি করার কথা,আগামী ১৫ এপ্রিল তার ডিউটিতে ফেরার কথা রয়েছে।,১৫ এপ্রিল থেকে পুনরায় তার ডিউটি শুরু করার কথা।,1.0000947429998632,,
গ্লুকোমায় আক্রান্ত হলে এই স্নায়ু ধীরে ধীরে ক্ষতিগ্রস্ত হয় ক্রমে কমে আসে দৃষ্টি,"যখন গ্লুকোমা এই স্নায়ুকে প্রভাবিত করে, এটি ধীরে ধীরে এটিকে ক্ষতিগ্রস্ত করে, ধীরে ধীরে দৃষ্টিশক্তি হ্রাস করে।",গ্লুকোমার কারণে এই স্নায়ু ধীরে ধীরে নষ্ট হতে থাকে এবং দৃষ্টিশক্তি কমে আসে।,2.9679627409987006,,
পরিবেশবিদদের হতবাক করে নিউইয়র্কের আকাশে দূষণের মাত্রা কমেছে ৫০ শতাংশেরও বেশি স্রেফ উপগ্রহ ছবিতে নয় ঘরবন্দি ইউরোপের মানুষ খালি চোখেও দেখতে পাচ্ছে ঝকঝকে নির্মল আকাশ,"নিউইয়র্কের আকাশে দূষণের মাত্রা 50 শতাংশেরও বেশি কমে গেছে, যা শুধুমাত্র স্যাটেলাইট ছবিতেই নয়, পরিবেশবাদীদের চমকে দিয়েছে৷ গৃহবন্দী ইউরোপীয়রা খালি চোখে ঝকঝকে পরিষ্কার আকাশ দেখতে পারে।",,11.598366902000635,request_error:'NoneType' object has no attribute 'strip',
বস্তুত যারা ডায়াবেটিস ও উচ্চ রক্তচাপ দুটিতেই আক্রান্ত তাদের হৃদরোগ স্ট্রোক হওয়ার ঝুঁকি বেশি থাকে কিডনি ক্ষতিগ্রস্ত হওয়া চোখের রেটিনা ক্ষতিগ্রস্ত হওয়া এবং প্রজনন ক্ষমতা হ্রাস পাওয়া এবং সর্বোপরি মৃত্যুর ঝুঁকি বেড়ে যাওয়ার আশঙ্কা থাকবে,"প্রকৃতপক্ষে, ডায়াবেটিস এবং উচ্চ রক্তচাপে আক্রান্ত ব্যক্তিদের হার্ট স্ট্রোক, কিডনির ক্ষতি, রেটিনার ক্ষতি এবং উর্বরতা হ্রাস এবং মৃত্যুর সামগ্রিক ঝুঁকি বেশি থাকে।",,8.425948875001268,request_error:'NoneType' object has no attribute 'strip',
 তাই প্রতিদিনের ডায়েটে এসব সবজিকে জায়গা করে দেয়াটাই হবে বুদ্ধিমানের কাজ,তাই প্রতিদিনের খাদ্যতালিকায় এই সবজি অন্তর্ভুক্ত করাই বুদ্ধিমানের কাজ হবে।,এ কারণে দৈনন্দিন খাদ্যতালিকায় এই সবজিগুলোকে স্থান দেওয়াটাই বুদ্ধিমানের কাজ।,3.1426962469995487,,
এবার মে মাসেই সর্বাধিক ডেঙ্গি রোগী শনাক্ত হয়েছে,মে মাসে সবচেয়ে বেশি ডেঙ্গু রোগী শনাক্ত হয়েছে।,চলতি বছরের মে মাসেই সবচেয়ে বেশি ডেঙ্গি রোগী শনাক্ত হয়েছে।,7.918160772000192,,
কিট তৈরি করতে তাদের সময় লেগেছিল সাপ্তাহ খানেক এরমাঝে রোগীর সংখ্যা বৃদ্ধি পেলেও কিট বাজারে আসার পর তারা গন পরীক্ষার মাধ্যমে সেটার নাগাল টেনে ধরে,"কিটটি তৈরি করতে তাদের কয়েক সপ্তাহ লেগেছিল, কিন্তু রোগীর সংখ্যা বৃদ্ধি পাওয়ার পরে, তারা গণ পরীক্ষার মাধ্যমে কিটের নাগালের পরিমাণ বাড়িয়েছে।",কিট প্রস্তুত করতে তাদের প্রায় এক সপ্তাহ সময় লেগেছিল। রোগীর সংখ্যা বাড়লেও কিট বাজারে আসার পর তারা ব্যাপক পরীক্ষার মাধ্যমে তা নিয়ন্ত্রণে আনে।,1.7810082539999712,,
সেই সঙ্গে এটি লিভার ক্যানসারের ঝুঁকিতে থাকা ব্যক্তিদের ওপর রোগের প্রভাবকে অনেকাংশে কমিয়ে দেওয়ার সক্ষমতা রাখে,এটি লিভার ক্যান্সারের ঝুঁকিতে থাকা ব্যক্তিদের উপর রোগের প্রভাবকে উল্লেখযোগ্যভাবে হ্রাস করার ক্ষমতাও রাখে।,"পাশাপাশি, এটি লিভার ক্যানসারের ঝুঁকিতে থাকা ব্যক্তিদের ওপর রোগের প্রভাব অনেকটাই কমিয়ে দিতে সক্ষম।",6.702985408999666,,
দাঁতে গর্ত দেখা দেওয়া মাত্র দেরি না করে শূন্য জায়গাটা ভর্তি বা ফিলিং করে নেওয়া উচিত,দাঁতে ছিদ্র দেখা দেওয়ার সাথে সাথে খালি জায়গাটি পূরণ বা ভরাট করতে হবে।,দাঁতে গর্ত তৈরি হওয়ার পরই দেরি না করে সেই ফাঁকা জায়গাটি ফিলিং করে নেওয়া কর্তব্য।,3.1041084749995207,,
প্লাটিলেট রক্ত জমাট বাঁধতে ও রক্তক্ষরণ বন্ধ করতে সাহায্য করে,প্লেটলেট রক্ত ​​জমাট বাঁধতে সাহায্য করে এবং রক্তপাত বন্ধ করে।,প্লাটিলেট রক্ত জমাট বাঁধা এবং রক্তপাত বন্ধ করতে সহায়তা করে।,2.5477472960010346,,
৮ গাড়িতে উঠলেই আমার বমি হবেএমন চিন্তা ভ্রমণের সময় কখনই মনে আনা যাবে না,গাড়িতে ওঠা আর গাড়িতে উঠার চিন্তাটা ভ্রমণের সময় আমার মাথায় আসবে না।,ভ্রমণের সময় গাড়িতে উঠলেই বম,4.096527081999739,,
তুলসী চায়ের পাশাপাশি লবঙ্গ চায়ের রয়েছে নানা উপকারিতা,তুলসী চায়ের পাশাপাশি লবঙ্গ চায়ের অনেক উপকারিতা রয়েছে।,লবঙ্গ চায়ের পাশাপাশি তুলসী চায়েরও বিভিন্ন গুণাগুণ বিদ্যমান।,1.6140819789998204,,
 পা ফোলার সমস্যাতেও ভাল কাজ করে,পা ফোলা সমস্যায়ও ভালো কাজ করে।,পায়ে ফুলে যাওয়ার সমস্যাতেও এটি কার্যকরী।,6.207665451000139,,
আর এসব ব্যবস্থা না থাকলে রোগীকে থ্রমবোলাইসড্ করতে হবে অর্থাৎ রোগীর রক্তনালিতে জমাট বাঁধা রক্তেরপিণ্ড গলানোর ওষুধ দিতে হবে,"এবং যদি এই ব্যবস্থাগুলি উপলব্ধ না হয় তবে রোগীকে থ্রম্বোলাইজ করা উচিত, অর্থাৎ রোগীর রক্তনালীতে রক্ত ​​​​জমাট দ্রবীভূত করার ওষুধ দেওয়া উচিত।",যদি এসব ব্যবস্থা উপলব্ধ না,13.220136447998811,,
" দরপত্রে অংশ নেওয়া একটি প্রতিষ্ঠানের একজন কর্মকর্তা জানান, সাধারনত কোনো প্রকল্প চলাকালীন প্রকল্প পরিচালককে সরানোর নজির কম",টেন্ডারে অংশ নেওয়া একটি সংস্থার একজন কর্মকর্তা বলেছেন যে সাধারণত একটি প্রকল্প চলাকালীন একজন প্রকল্প পরিচালককে অপসারণের নজির খুব কমই রয়েছে।,"একটি প্রতিষ্ঠানের এক কর্মকর্তা, যিনি দরপত্রে অংশ নিয়েছিলেন, জানান যে সাধারণত প্রকল্প চলাকালীন প্রকল্প পরিচালককে অপসারণের নজির খুবই বিরল।",3.8026614770005835,,
তবে সবসময় গন্ধের এ পরিবর্তনে উদ্বিগ্ন হওয়ার কারণ নেই,"যাইহোক, গন্ধের এই পরিবর্তন সবসময় উদ্বেগের কারণ নয়।",সব সময় গন্ধের এই পরিবর্তন নিয়ে চিন্তিত হওয়ার দরকার নেই।,0.8267847199986136,,
তাই বড়দের সাবান কিংবা বেশি গরম পানিতে তাদের গোসল করানো উচিত নয়,তাই প্রাপ্তবয়স্কদের সাবান বা খুব গরম পানি দিয়ে গোসল করা উচিত নয়।,"সুতরাং, বড়দের সাবান বা অতিরিক্ত গরম পানি ব্যবহার করে তাদের গোসল করানো ঠিক নয়।",3.2804685149985744,,
৩৪টি ডিম ফেটিয়ে কয়েক ফোঁটা রোজ ওয়াটার মেশান,34টি ডিম বিট করুন এবং কয়েক ফোঁটা গোলাপ জল মেশান।,কয়েক ফোঁটা রোজ ওয়াটার দিয়ে ৩৪টি ডিম ফেটিয়ে নিন।,3.116861226000765,,
পরে ২০২৩ সালের ২১ আগস্ট তার লিভার ট্রান্সপ্ল্যান্ট করা হয়,"পরে 21শে আগস্ট, 2023-এ তার লিভার ট্রান্সপ্লান্ট করা হয়।",২০২৩ সালের ২১ আগস্ট তার যকৃত প্রতিস্থাপন করা হয়।,7.186684995998803,,
 যদি বাচ্চা টাং টাই থাকায় অস্বস্তিতে থাকে,যদি শিশুর ধনুর্বন্ধনীতে অস্বস্তি হয়,বাচ্চা যদি টাং টাইয়ের কারণে অস্বস্তি বোধ করে,0.41481441100040684,,
এমনকি ঠিক সময়ে ব্যবস্থা না নিলে পরিস্থিতি হাতের বাইরে চলে যেতেও পারে,সঠিক সময়ে ব্যবস্থা না নিলে পরিস্থিতি হাতের বাইরে চলে যেতে পারে।,ঠিক সময়ে পদক্ষেপ না নিলে পরিস্থিতি নিয়ন্ত্রণের বাইরে চলে যেতে পারে।,3.682305157999508,,
ব্রণ বেড়ে অনেক সময় মুখে স্থায়ী দাগ পড়ে যায়,ব্রণ প্রায়ই মুখে স্থায়ী দাগ বাড়ে।,ব্রণ বাড়ার কারণে প্রায়ই মুখে স্থায়ী দাগ থেকে যায়।,0.7407836500005942,,
ট্রেজারার হিসেবে নির্বাচিত হয়েছেন অধ্যাপক ডা সালমা রউফ,সালমা রউফ কোষাধ্যক্ষ পদে নির্বাচিত হয়েছেন অধ্যাপক ড.,অধ্যাপক ডা সালমা রউফ কোষাধ্যক্ষ হিসেবে নির্বাচিত হয়েছেন।,12.421538643000531,,
তাদের জন্য সতর্ক বার্তা শোনাচ্ছেন বিশেষজ্ঞরা,তাদের জন্য সতর্কবার্তা পাঠাচ্ছেন বিশেষজ্ঞরা।,বিশেষজ্ঞরা তাদের জন্য সাবধানবাণী উচ্চারণ করছেন।,2.7601131629999145,,
তাই এ সমস্যা থেকে মুক্তি পেতে ফাইবারযুক্ত খাবার বেছে নিতে হবে,এই সমস্যা থেকে মুক্তি পেতে আপনাকে বেছে নিতে হবে ফাইবার সমৃদ্ধ খাবার।,সুতরাং এই সমস্যা থেকে পরিত্রাণ পেতে ফাইবারসমৃদ্ধ খাবার নির্বাচন করতে হবে।,2.4322965259998455,,
এবার চলুন এক এক করে আমরা প্রশ্নগুলোর উত্তর খোঁজার চেষ্টা করি,এবার এক এক করে প্রশ্নের উত্তর খোঁজার চেষ্টা করা যাক।,এখন ধাপে ধাপে আমরা প্রশ্নগুলোর উত্তর বের করার চেষ্টা করি।,9.51949847600008,,
আজ সকাল থেকে আনাস খুব অস্থির আর বারবার পানি খেতে চাচ্ছে সাথে পাতলা পায়খানাও বেড়েছে,আনাস আজ সকাল থেকে খুব অস্থির এবং বারবার পানি খেতে চায় এবং আলগা মল বেড়ে গেছে।,"আজ সকাল থেকেই আনাস খুব অস্থির, বারবার জল খেতে চাইছে, আর পাতলা পায়খানাও বেড়ে গিয়েছে।",8.045621614999618,,
অতিরিক্ত নখ কামড়ানোর ফলে নখের চারপাশের ত্বকও ফুলে যায়,অতিরিক্ত নখ কামড়ানোর ফলে নখের চারপাশের ত্বকও ফুলে যায়।,অতিরিক্ত নখ কামড়ানোর কারণে নখের আশপাশের চামড়াও ফুলে ওঠে।,0.9403542420004669,,
ব্যথায় অজ্ঞান হয়ে গেলেন একদিন,একদিন ব্যথায় অজ্ঞান হয়ে গেল।,একদিন ব্যথায় জ্ঞান হারিয়ে ফেললেন।,1.350935799000581,,
৩ থাইরয়েড ও প্রোলাকটিন হরমোন অনিয়ন্ত্রিত থাকলে তার চিকিৎসা করা,3 থাইরয়েড এবং প্রোল্যাক্টিন হরমোনগুলি যদি অনিয়ন্ত্রিত হয় তবে তাদের চিকিত্সা করুন৷,থাইরয়েড ও প্রোলাকটিন হরমোন নিয়ন্ত্রণে না থাকলে তার চিকিৎসা প্রয়োজন।,3.143704025000261,,
অনেকে খুঁচিয়ে বা বল প্রয়োগ করে বরফ দূর করার চেষ্টা করে যা একেবারেই সঠিক না,"অনেকে বেলচা দিয়ে বা বল প্রয়োগ করে বরফ সরানোর চেষ্টা করেন, যা মোটেও ঠিক নয়।","বরফ সরানোর জন্য অনেকেই খোঁচা মেরে বা জোর প্রয়োগ করে, যা মোটেই ঠিক নয়।",0.6166993620008725,,
মনের উপর চাপ বাড়লে বা শান্তি কমে গেলে টেস্টোস্টেরনের ক্ষরণ অনেক কমে যায়,মনের উপর চাপ বাড়লে বা শান্তি কমে গেলে টেস্টোস্টেরনের ক্ষরণ অনেক কমে যায়।,মনোদুশ্চিন্তা বাড়লে কিংবা মানসিক প্রশান্তি হ্রাস পেলে টেস্টোস্টেরনের নিঃসরণ ব্যাপকভাবে হ্রাস পায়।,11.416060382000069,,
যা খেতে পারেন এই সময় পাতে থাকুক প্রচুর পরিমাণে শাক সবজি এবং ফল,"এ সময় যা খেতে পারেন, প্রচুর পরিমাণে শাকসবজি ও ফলমূল খান।","এই সময় পাতে যাতে প্রচুর শাকসবজি ও ফল থাকে, সেদিকে খেয়াল রাখুন।",2.5982870150000963,,
এ সময় জ্বরের প্রধান কারণগুলোর মধ্যে ডেঙ্গু টাইফয়েড নিউমোনিয়া কোভিড১৯ সাধারণ সর্দিকাশি টনসিলে প্রদাহ ও ডায়রিয়া অন্যতম,"এই সময়ে জ্বরের প্রধান কারণগুলোর মধ্যে রয়েছে ডেঙ্গু, টাইফয়েড, নিউমোনিয়া, কোভিড-১৯, সাধারণ সর্দি, টনসিলাইটিস এবং ডায়রিয়া।","ডেঙ্গু, টাইফয়েড, নিউমোনিয়া, কোভিড-১৯, সাধারণ সর্দি-কাশি, টনসিলের প্রদাহ এবং ডায়রিয়া বর্তমানে জ্বরের প্রধান কারণগুলোর মধ্যে পড়ে।",11.631980531999943,,
এ উপসর্গগুলো ৩ থেকে ৫ দিনের মধ্যে বেশি হয় এবং এক সপ্তাহের মধ্যে সম্পূর্ণ সেরে যায়,এই লক্ষণগুলি 3 থেকে 5 দিন স্থায়ী হয় এবং এক সপ্তাহের মধ্যে সম্পূর্ণরূপে সমাধান হয়।,এই লক্ষণগুলো ৩-৫ দিনের মধ্যে তীব্র থাকে এবং এক সপ্তাহের মধ্যে পুরোপুরি সেরে যায়।,3.9801586360008514,,
প্রাপ্তবয়স্ক অর্থাৎ ২৬ থেকে ৬৪ বছর পর্যন্ত ৭ থেকে ৯ ঘণ্টা ঘুমাতে হবে,প্রাপ্তবয়স্কদের অর্থাৎ ২৬ থেকে ৬৪ বছর বয়সীদের ৭ থেকে ৯ ঘণ্টা ঘুমানো উচিত।,বয়স্ক ব্যক্তিদের (২৬ থেকে ৬৪ বছর বয়সীদের) জন্য ৭ থেকে ৯ ঘণ্টা ঘুমানো জরুরি।,3.3260492510016775,,
অর্থাৎ সেখানে প্রতি ১০ জনে একজন ওই বছর প্যারাসিটামল খেয়েছেন,"অর্থাৎ, সেই বছর সেখানে প্রতি 10 জনের মধ্যে একজন প্যারাসিটামল খেয়েছিলেন।","অর্থাৎ, ওই বছর প্রতি দশজনের মধ্যে একজন প্যারাসিটামল সেবন করেছেন।",2.0650751379998837,,
 অল্প খেলে তৃপ্তি চলে আসে  পেট ফেঁপে ও ফুলে থাকে  বমি হয়  রক্তস্বল্পতা দেখা দেয়  খাদ্যগ্রহণের পর খাদ্যনালীতে ব্যথা হয়  শরীরের ওজন কমে যায়  বমির সঙ্গে রক্ত কিংবা কালো পায়খানা হতে পারে,কম খাওয়া তৃপ্তির কারণ হয় ফোলা এবং ফোলা বমি রক্তাল্পতা খাওয়ার পরে খাদ্যনালীতে ব্যথা ওজন হ্রাস বমিতে রক্ত ​​বা কালো মল অন্তর্ভুক্ত থাকতে পারে।,"পরিমিত খাবার খেলে তৃপ্তি মেলে, পেট ফুলে যায় ও ফেঁপে থাকে, বমি হয়, রক্তস্বল্পতা দেখা দেয়, খাবার খাওয়ার পর খাদ্যনালীতে ব্যথা হয়, শরীরের ওজন কমে যায় এবং বমির সঙ্গে রক্ত বা কালো পায়খানা হতে পারে।",28.861220553999374,,
স্তনের মাপ অনুযায়ী ব্রা পরুন,আপনার স্তনের আকার অনুযায়ী ব্রা পরুন।,স্তনের সাইজ অনুযায়ী ব্রা ব্যবহার করুন,3.7951330939995387,,
ওয়াটার ওয়েট মূলত শরীরের আসল ওজন নয় সাময়িক,"জলের ওজন প্রকৃত শরীরের ওজন নয়, এটি অস্থায়ী।","শরীরের প্রকৃত ওজন নয়, ওয়াটার ওয়েট মূলত অস্থায়ী।",1.8690937650007982,,
পুষ্টিকর ও মানসম্পন্ন খাবার যেন আমাদের পছন্দের তালিকায় ও খাবার টেবিলে রাখতে পারি সে চেষ্টা করতে হবে,আমাদের ইচ্ছার তালিকায় এবং খাবার টেবিলে পুষ্টিকর ও মানসম্মত খাবার রাখার চেষ্টা করা উচিত।,আমাদের চেষ্টা করা উচিত যেন পুষ্টিকর ও মানসম্পন্ন খাবার আমাদের পছন্দের তালিকায় এবং খাবার টেবিলে থাকে।,4.182875190001141,,
আমাদের দেশে সেহরি ও ইফতারের মধ্যবর্তী সময় সর্বোচ্চ ১৮ ঘণ্টা হতে পারে,আমাদের দেশে সেহরি ও ইফতারের মধ্যে সময় সর্বোচ্চ ১৮ ঘণ্টা হতে পারে।,আমাদের দেশে সেহরি থেকে ইফতার পর্যন্ত সময় সর্বোচ্চ ১৮ ঘণ্টা হতে পারে।,4.938847391000309,,
দেখবেন ঘরে সুন্দর গন্ধ খেলা করবে,দেখবেন ঘরে একটা সুন্দর গন্ধ বইছে।,ঘরে মনোরম সুবাস ছড়িয়ে পড়বে দেখবেন।,3.0172075559985387,,
কিডনি রোগীদের ক্ষেত্রে কিডনি রোগী করোনাভাইরাসের আক্রান্ত হলে সেটি অত্যন্ত ঝুঁকিপূর্ণ হতে পারে,কিডনি রোগীদের ক্ষেত্রে একজন কিডনি রোগী করোনাভাইরাসে আক্রান্ত হলে তা খুবই বিপজ্জনক হতে পারে।,"কিডনির সমস্যায় ভুগছেন এমন ব্যক্তিরা যদি করোনাভাইরাসে আক্রান্ত হন, তাহলে তা খুবই বিপজ্জনক হতে পারে।",4.604725712999425,,
অতিরিক্ত চিনি হার্ট ও লিভারের জন্য ক্ষতিকর  চিনি যুক্ত খাবার হার্টের জন্য ক্ষতিকর,অতিরিক্ত চিনি হার্ট ও লিভারের জন্য ক্ষতিকর চিনি যুক্ত খাবার হার্টের জন্য ক্ষতিকর।,অতিরিক্ত চিনি হৃদযন্ত্র ও যকৃতের জন্য ক্ষতিকর। চিনি মেশানো খাবার হৃদপিণ্ডের জন্য বিপজ্জনক।,6.742315146000692,,
যাতে সেখানে কর্মরত চিকিৎসকসহ স্বাস্থ্যকর্মীদের নিরাপত্তা পোশাক এবং প্রয়োজনীয় উপকরণের অভাব না পড়ে,যাতে সেখানে কর্মরত চিকিৎসকসহ স্বাস্থ্যকর্মীদের নিরাপত্তার পোশাক ও প্রয়োজনীয় যন্ত্রপাতির কোনো ঘাটতি না হয়।,যেন ওই স্থানে কর্মরত চিকিৎসক ও স্বাস্থ্যকর্মীদের জন্য নিরাপত্তা পোশাক এবং প্রয়োজনীয় সরঞ্জামের অভাব না ঘটে।,5.66929298300056,,
তবে কিছু কিছু রোগ পাইলস হওয়াকে ত্বরান্বিত করে,তবে কিছু কিছু রোগ পাইলস গঠনকে ত্বরান্বিত করে।,তবে কিছু রোগ পাইলসের সৃষ্টি ত্বরান্বিত করে।,9.228096887998618,,
এটাকে স্বাভাবিকভাবে মেনে নিয়ে জীবনের এই নতুন পর্যায়টিকে উপভোগ করা এবং আনন্দমুখর করে তোলা লক্ষ্য হওয়া উচিত,জীবনের এই নতুন পর্যায়কে আলিঙ্গন করা এবং এটিকে আনন্দময় করাই লক্ষ্য হওয়া উচিত।,জীবনের এই নতুন অধ্যায়টিকে স্বাভাবিকভাবে গ্রহণ করে তার মধ্যেই আনন্দ খুঁজে নেওয়া এবং তা উপভোগ্য করে তোলাই হওয়া উচিত আমাদের লক্ষ্য।,2.450976914000421,,
লেখক  নাক কান ও গলা রোগ বিশেষজ্ঞ ও সার্জন সিনিয়র কনসালটেন্ট ইমপালস হসপিটাল ঢাকা,"লেখক একজন কান, নাক ও গলা বিশেষজ্ঞ এবং সার্জন, ইমপালস হাসপাতালের সিনিয়র কনসালটেন্ট, ঢাকা।",,11.608591461999822,request_error:'NoneType' object has no attribute 'strip',
নতুন পরিচালক ব্রিগেডিয়ার জেনারেল নাজমুল হক এসেছেন আমরা প্রত্যাশা করি তিনিও এ হাসপাতালের উন্নয়নে বিশেষ ভূমিকা রাখবেন,নতুন পরিচালক ব্রিগেডিয়ার জেনারেল নাজমুল হক এসেছেন এবং আমরা আশা করি তিনি এই হাসপাতালের উন্নয়নে বিশেষ ভূমিকা রাখবেন।,"আমরা আশা করি, নতুন পরিচালক ব্রিগেডিয়ার জেনারেল নাজমুল হকের আগমনে তিনিও এই হাসপাতালের উন্নয়নে গুরুত্বপূর্ণ ভূমিকা রাখবেন।",2.65188777900039,,
শ্বাস নেওয়া ও ছাড়ার সময়টি সমান থাকবে,শ্বাস নেওয়া এবং শ্বাস ছাড়ার সময় সমান হবে।,শ্বাস গ্রহণ ও ত্যাগের সময়কাল সমান থাকবে।,95.24825817499914,,
তবে এটা কিন্তু ডাক্তারি ছাড়পত্র নয় মনে রাখবেন,কিন্তু মনে রাখবেন এটি একটি মেডিকেল ক্লিয়ারেন্স নয়।,"তবে মনে রাখবেন, এটি কোনো চিকিৎসা সনদ নয়।",1.7621042380014842,,
​চিনি থেকে দূরে থাকাটাই শ্রেয়​,চিনি থেকে দূরে থাকাই ভালো।,চিনি পরিহার করাই ভালো।,1.9055141739991086,,
যেমন শৈশবের অভিজ্ঞতাটি যখনই তোমার মাথায় আসবে সঙ্গে সঙ্গেই দীর্ঘ শ্বাস নিয়ে কিছুক্ষণ ধরে রেখে মুখ দিয়ে শ্বাস ফেলতে থাকবে,"উদাহরণস্বরূপ, যখনই শৈশবের অভিজ্ঞতা মাথায় আসে, তখনই একটি গভীর শ্বাস নিন, কিছুক্ষণ ধরে রাখুন এবং আপনার মুখ দিয়ে শ্বাস নিন।","শৈশবের সেই অভিজ্ঞতা যখনই তোমার মনে পড়বে, তখনই গভীর শ্বাস নিয়ে কিছুক্ষণ ধরে রেখে মুখ দিয়ে ছেড়ে দাও।",3.2993158549998043,,
কণ্ঠের যত্নে জনবহুল জায়গায় শোরগোলের স্থানে মাইক বা সাউন্ড সিস্টেম ব্যবহার করা উচিত,ভয়েস কেয়ার জনাকীর্ণ জায়গায় কোলাহলপূর্ণ জায়গায় মাইক্রোফোন বা সাউন্ড সিস্টেম ব্যবহার করা উচিত।,জনবহুল ও কোলাহলপূর্ণ স্থানে কণ্ঠস্বরের সুরক্ষার জন্য মাইক বা সাউন্ড সিস্টেম ব্যবহার করা কর্তব্য।,1.035108358000798,,
যখন তারা দ্রুত শ্বাস নেয় ও আরও নীল হয়ে যায় এবং নিস্তেজ হয়ে পড়ে তখন দ্রুত চিকিৎসকের পরামর্শ নেওয়া দরকার,"যখন তারা দ্রুত শ্বাস নেয় এবং নীল এবং নিস্তেজ হয়ে যায়, জরুরী চিকিৎসা পরামর্শ প্রয়োজন।","দ্রুত শ্বাস নেওয়া, ত্বক নীল হয়ে যাওয়া ও অজ্ঞান হয়ে পড়লে তাড়াতাড়ি ডাক্তারের সাহায্য নেওয়া জরুরি।",2.1919997639997746,,
এ কথাটির সত্যতা কতটুকুএমন প্রশ্নের জবাবে ডা নিয়াজ আব্দুর রহমান বলেন গ্রামেগঞ্জে কোন শিশু খেলতে গিয়ে চোখে আঘাত পেলে অভিভাবকরা চোখে শামুক ঝিনুকের পানি লাগায়,"এ কথা কতটা সত্য- এমন প্রশ্নের জবাবে ডাঃ নিয়াজ আবদুর রহমান বলেন, গ্রামগঞ্জে খেলার সময় কোনো শিশু চোখে আঘাত পেলে অভিভাবকরা চোখে শামুকের পানি দেন।","এ বক্তব্যের সত্যতা কতখানি—এমন প্রশ্নের উত্তরে ডা. নিয়াজ আব্দুর রহমান বলেন, গ্রামাঞ্চলে কোনো শিশু খেলতে গিয়ে চোখে আঘাত পেলে অভিভাবকেরা চোখে শামুক-ঝিনুকের পানি ব্যবহার করেন।",6.811849830000938,,
উচ্চ মাত্রায় ফ্রুসেমাইড বুমেটামাইড ও ইথাক্রাইনিক অ্যাসিড বিপরীতমুখী উচ্চ ফ্রিকোয়েন্সি সংবেদনশীল শ্রবণশক্তি হ্রাসের কারণ হতে পারে,"ফ্রুসেমাইড, বুমেটানাইড এবং ইথাক্রাইনিক অ্যাসিডের উচ্চ মাত্রা বিপরীতমুখী উচ্চ-ফ্রিকোয়েন্সি সংবেদনশীল শ্রবণশক্তি হ্রাসের কারণ হতে পারে।","উচ্চ মাত্রায় ফ্রুসেমাইড, বুমেটামাইড ও ইথাক্রাইনিক অ্যাসিডের কারণে বিপরীতমুখী উচ্চ ফ্রিকোয়েন্সি সংবেদনশীল শ্রবণশক্তি হ্রাস পেতে পারে।",2.6308109180008614,,
খবর বিবিসি এএফপিসহ বিভিন্ন সংবাদমাধ্যমের,বিবিসি এএফপিসহ বিভিন্ন গণমাধ্যমের খবর।,"বিবিসি, এএফপি সহ বিভিন্ন সংবাদ মাধ্যমের কাছ থেকে খবর পাওয়া গেছে।",6.5362480509993475,,
এ সময় চিন্তাচেতনার সঙ্গে সঙ্গে শারীরিকভাবে মানসিকভাবে বেড়ে উঠতে থাকে তারা,এ সময় তারা চিন্তার পাশাপাশি শারীরিক ও মানসিকভাবে বেড়ে উঠতে থাকে।,এই সময়ে তারা চিন্তা-চেতনার পাশাপাশি শারীরিক ও মানসিকভাবে বিকশিত হতে থাকে।,3.409952420999616,,
এতকিছু বিবেচনা করলে এটি নির্দ্বিধায় বলা যায় যে পত্রিকায় লেজার সার্জারির বিজ্ঞাপন একটি অহেতুক গণবিরোধী এবং চটকদার রোগী ভিড় করানো বিজ্ঞাপন ছাড়া আর কিছুই নয়,"এই সব বিবেচনা করে, এটা বলা নিরাপদ যে লেজার সার্জারির জন্য সংবাদপত্রের বিজ্ঞাপনগুলি একটি অপ্রয়োজনীয় গণবিরোধী এবং চিজি রোগীর বিজ্ঞাপন ছাড়া আর কিছুই নয়।","এত সব দিক বিচার করে নিঃসন্দেহে বলা চলে যে সংবাদপত্রে লেজার সার্জারির বিজ্ঞাপনটি একটি অপ্রয়োজনীয়, জনবিরোধী এবং আকর্ষণীয় রোগী জড়ো করার বিজ্ঞাপন ছাড়া আর কিছুই নয়।",2.6956166489999305,,
এ মৌসুমে তিনটি সমস্যা হচ্ছে,এই মৌসুমে তিনটি সমস্যা রয়েছে।,এই মৌসুমে তিনটি সমস্যা দেখা দিচ্ছে।,1.4926391429999057,,
রোগীদের শরীরের নিুে বর্ণিত উপসর্গগুলোর দিকে একটু খেয়াল রাখবেন এবং প্রয়োজনে সংশ্লিষ্ট চিকিৎসকের সঙ্গে যোগাযোগ করবেন,রোগীর শরীরে বর্ণিত লক্ষণগুলোর প্রতি মনোযোগ দিন এবং প্রয়োজনে সংশ্লিষ্ট চিকিৎসকের সাথে যোগাযোগ করুন।,রোগীদের মধ্যে নিচে বর্ণিত উপসর্গগুলোর প্রতি সতর্ক থাকুন এবং প্রয়োজন হলে সংশ্লিষ্ট চিকিৎসকের সাথে যোগাযোগ করুন।,4.066899703999297,,
অনেক সময় ধরে গোসল করলে কিংবা ৫৭ দিন ধরে গোসল না করলে অনেক বেশি সাবান বা শ্যাম্পু ব্যবহার থেকেও খুশকি হতে পারে,দীর্ঘ সময় ধরে গোসল করা বা 57 দিন গোসল না করলেও অতিরিক্ত সাবান বা শ্যাম্পু থেকে খুশকি হতে পারে।,,10.728965356000117,request_error:'NoneType' object has no attribute 'strip',
জানুন শরীরে ফলিক অ্যাসিডের চাহিদা মেটাতে কী খাবেন,আপনার শরীরের ফলিক অ্যাসিডের চাহিদা মেটাতে কী খেতে হবে তা জানুন।,"শরীরে ফলিক অ্যাসিডের ঘাটতি পূরণ করতে কী খাবেন, তা জেনে নিন।",2.7445660720004526,,
অনেক সময় পুরো থায়রয়েড গ্রন্থি কেটে ফেলার প্রয়োজন হতে পারে,কখনও কখনও সম্পূর্ণ থাইরয়েড গ্রন্থি অপসারণ করার প্রয়োজন হতে পারে।,কখনো কখনো সম্পূর্ণ থাইরয়েড গ্রন্থি অপসারণের প্রয়োজন পড়তে পারে।,2.970069629000136,,
এর পর যখন আবার তার শরীরে লিম্ফোসাইট এবং ইএসআরের মাত্রা স্বাভাবিক রেঞ্জে নেমে আসবে সে সময় হয়তোবা আবারও তাকে কোভিড ১৯এর জন্য পরীক্ষা করা যেতে পারে,"এর পরে, যখন তার লিম্ফোসাইট এবং ESR মাত্রা স্বাভাবিক পরিসরে ফিরে আসে, তখন তাকে আবার কোভিড-১৯ পরীক্ষা করা হতে পারে।","এরপর যখন তার দেহে লিম্ফোসাইট ও ইএসআর-এর মাত্রা স্বাভাবিক সীমায় ফিরে আসবে, তখন তাকে আবার কোভিড-১৯-এর জন্য পরীক্ষা করা হতে পারে।",3.0661633010004152,,
মঙ্গলবার শ্যামলী এলাকা থেকে মোহাম্মাদপুর মা ও শিশু হাসপাতালে নয় মাসের অন্তঃসত্ত্বা মেয়েকে তৃতীয়বারের মতো ফলোআপে নিয়ে আসেন রায়হানা বেগম,মঙ্গলবার রায়হানা বেগম তার নয় মাসের অন্তঃসত্ত্বা মেয়েকে শ্যামলী এলাকা থেকে তৃতীয়বারের মতো মোহাম্মদপুর মা ও শিশু হাসপাতালে ফলোআপের জন্য নিয়ে আসেন।,মঙ্গলবার শ্যামলী অঞ্চল থেকে মোহাম্মাদপুর মা ও শিশু হাসপাতালে নয় মাসের গর্ভবতী মেয়েকে তৃতীয়বারের মতো চেকআপে আনেন রায়হানা বেগম।,2.8156069079996087,,
মাতৃত্বের স্বাদ থেকে বঞ্চিত হওয়ার ঝুঁকি সবচেয়ে বেশি থাকে ও গ্রুপের নারীদের,মাতৃত্বের স্বাদ থেকে বঞ্চিত হওয়ার ঝুঁকির মধ্যে রয়েছে দলটির নারীরা,ও গ্রুপের নারীদের মধ্যে মাতৃত্বের স্বাদ না পাওয়ার আশঙ্কা সবচেয়ে বেশি।,3.13353120300053,,
অ্যালকোহল জাতীয় দ্রব্য প্রয়োগ করলে সেটি ত্বকের মধ্যে প্রবেশ করে কোমার মতো মারাত্মক সমস্যা দেখা দিতে পারে,অ্যালকোহল ত্বকে প্রবেশ করলে কোমার মতো গুরুতর সমস্যা হতে পারে।,অ্যালকোহলযুক্ত দ্রব্য ব্যবহার করলে তা ত্বকে শোষিত হয়ে কোমার মতো গুরুতর সমস্যা সৃষ্টি করতে পারে।,3.5395189710015984,,
জনঘনত্ব বেশি হওয়া সত্ত্বেও সংক্রমণের গতি ইউরোপআমেরিকার মতো নয়,"উচ্চ জনসংখ্যার ঘনত্ব সত্ত্বেও, সংক্রমণের হার ইউরোপ এবং আমেরিকার মতো নয়।",জনঘনত্ব বেশি থাকলেও আক্রান্ত হওয়ার হার ইউরোপ ও আমেরিকার মতো নয়।,12.096483905999776,,
যারা দেহের ওজন কমাতে চান তাদের জন্য শসা একটি আদর্শ খাবার,যারা ওজন কমাতে চান তাদের জন্য শসা একটি আদর্শ খাবার।,শসা হলো তাদের জন্য একটি আদর্শ খাবার যারা নিজের শরীরের ওজন কমাতে চান।,3.0819446929999685,,
বিশেষজ্ঞরা বলেছেন লবণ খাওয়া নিয়ন্ত্রণ করতে পারলে উচ্চ রক্তচাপের ঝুঁকি ৫০ শতাংশ কমে আসবে,"বিশেষজ্ঞরা বলছেন, লবণ খাওয়া নিয়ন্ত্রণ করলে উচ্চ রক্তচাপের ঝুঁকি ৫০ শতাংশ কমে যায়।","বিশেষজ্ঞদের মতে, লবণ গ্রহণ নিয়ন্ত্রণে রাখা সম্ভব হলে উচ্চ রক্তচাপের আশঙ্কা ৫০ শতাংশ হ্রাস পাবে।",12.191166055999929,,
সাবান দিয়ে হাত ধোন বেশি বেশি ধোন,প্রায়ই সাবান দিয়ে হাত ধুয়ে নিন।,নিয়মিত সাবান দিয়ে হাত ধোয়া উচিত।,3.6376597999988007,,
তিনি বলেন প্রিডায়াবেটিস স্টেজ থেকে নরমাল হওয়া যায় আর এটাই হচ্ছে ডায়াবেটিস প্রতিরোধ করার উপযুক্ত সময় এবং উপযুক্ত টেস্ট,তিনি বলেছিলেন যে প্রি-ডায়াবেটিসের পর্যায়টি স্বাভাবিক করা যেতে পারে এবং এটি ডায়াবেটিস প্রতিরোধের সঠিক সময় এবং সঠিক পরীক্ষা।,"তিনি বলেছেন, প্রিডায়াবেটিস অবস্থা থেকে স্বাভাবিক অবস্থায় ফেরা সম্ভব এবং ডায়াবেটিস প্রতিরোধের জন্য এটি সঠিক সময় ও সঠিক পরীক্ষা।",9.653454662000513,,
একজন সুস্থ মানুষ রক্ত দিতে ভয় পায় সে দেশে কলিজা ডোনেট কল্পনার রাজ্যেল বসবাস ছাড়া কিছুই নয়,যে দেশে একজন সুস্থ মানুষ রক্ত ​​দিতে ভয় পায় সেখানে লিভার দান কল্পনার রাজ্যে বসবাস করা ছাড়া আর কিছুই নয়।,"একজন সুস্থ মানুষ রক্ত দিতে ভয় পায়, এমন দেশে কলিজা দানের কথা কল্পনার রাজ্যে বাস করার মতোই।",1.2050427310005034,,
তবে সানস্ক্রিন ক্রিম লাগিয়ে রোদে গেলে ভিটামিন ডি ঢুকবে না,তবে সানস্ক্রিন ক্রিম লাগিয়ে রোদে গেলে ভিটামিন ডি ঢুকবে না।,কিন্তু সানস্ক্রিন ব্যবহার করলে রোদে বের হলেও ভিটামিন ডি শোষিত হবে না।,2.5643672320002224,,
তিনি প্রয়োজনীয় পরীক্ষানিরীক্ষা আলট্রাসনোগ্রাম থাইরয়েড ফাংশন টেস্ট এবং সবচেয়ে স্পেসিফিক FNAC করে দেখবেন এটা কোন ধরনের রোগ,তিনি প্রয়োজনীয় পরীক্ষা করবেন যেমন আল্ট্রাসনোগ্রাম থাইরয়েড ফাংশন টেস্ট এবং সবচেয়ে নির্দিষ্ট FNAC কি ধরনের রোগ তা দেখতে।,"তিনি প্রয়োজনীয় পরীক্ষা যেমন আলট্রাসনোগ্রাম, থাইরয়েড ফাংশন টেস্ট এবং সবচেয়ে নির্দিষ্ট FNAC সম্পাদন করে দেখবেন এটি কোন ধরনের রোগ।",2.5103515999999217,,
উপকরণ লাগবে সামান্যইবেসন দই মোটামুটি সকলের বাড়িতেই থাকে,প্রয়োজনীয় উপকরণ: বেসন দই প্রায় প্রতিটি বাড়িতে পাওয়া যায়।,"বেসন ও দইয়ের মতো উপকরণ সাধারণত প্রতিটি বাড়িতেই পাওয়া যায়, তাই খুব বেশি কিছু লাগবে না।",1.4970387049997953,,
ডায়াবেটিস রক্তচাপ পিসিওএস ও হাইপারথাইরয়েডিজম থাকলে এই প্রবণতা বেশি হয়,"ডায়াবেটিস, উচ্চ রক্তচাপ, PCOS এবং হাইপারথাইরয়েডিজমে আক্রান্ত ব্যক্তিদের মধ্যে এই প্রবণতা বেশি দেখা যায়।","ডায়াবেটিস, উচ্চ রক্তচাপ, পিসিওএস ও হাইপারথাইরয়েডিজম থাকলে এই প্রবণতা বেড়ে যায়।",3.582207270001163,,
 এ অবস্থায় রাজধানীর তিন হাসপাতালে বৃহস্পতিবার থেকে বিনামূল্যে ডেঙ্গু পরীক্ষা করানোর সিদ্ধান্ত নিয়েছে ঢাকা দক্ষিণ সিটি করপোরেশন,এ অবস্থায় বৃহস্পতিবার থেকে রাজধানীর তিনটি হাসপাতালে বিনামূল্যে ডেঙ্গু পরীক্ষা করার সিদ্ধান্ত নিয়েছে ঢাকা দক্ষিণ সিটি করপোরেশন।,ঢাকা দক্ষিণ সিটি করপোরেশন বৃহস্পতিবার থেকে রাজধানীর তিনটি হাসপাতালে বিনামূল্যে ডেঙ্গু পরীক্ষার সিদ্ধান্ত নিয়,4.309078000000227,,
৪ পিপারমিন্ট অয়েল জাতীয় ওষুধ খেলে এ সমস্যা থেকে অনেক সময় দূরে থাকা যায়,4. পেপারমিন্ট অয়েলের মতো ওষুধ সেবন করলে আপনি এই সমস্যা থেকে দীর্ঘ সময় দূরে থাকতে পারেন।,এই সমস্যা থেকে প্রায়ই দূরে থাকা যায় যদি চার ফোঁটা পিপারমিন্ট অয়েল জাতীয় ওষুধ খাওয়া হয়।,5.876584490000823,,
সারা দেশে গত ২৪ ঘণ্টায় ডেঙ্গু জ্বরে আক্রান্ত হয়ে তিনজন মারা গেছেন,ডেঙ্গু জ্বরে গত ২৪ ঘণ্টায় সারাদেশে তিনজনের মৃত্যু হয়েছে।,গত ২৪ ঘণ্টায় দেশের বিভিন্ন স্থানে ডেঙ্গু জ্বরে আক্রান্ত হয়ে তিনজনের মৃত্যু হয়েছে।,10.73043688799953,,
এবং তার অন্যান্য যে ওষুধ যেমন আয়রন ক্যালশিয়াম এগুলো তার রেগুলার খেতে হবে,"আর তার অন্যান্য ওষুধ যেমন আয়রন ক্যালসিয়াম, যা তাকে নিয়মিত খেতে হয়।","আর তার বাকি ওষুধগুলো, যেমন আয়রন ও ক্যালশিয়াম, সেগুলো তাকে নিয়মিত সেবন করতে হবে।",3.2473829800001113,,
শীতের আগেই চিকিৎসককে দেখিয়ে ইনহেলার বা অন্যান্য ওষুধের ডোজ সমন্বয় করে নিন,শীতের আগে ডাক্তার দেখিয়ে ইনহেলার বা অন্যান্য ওষুধের ডোজ ঠিক করুন।,শীত আসার আগেই চিকিৎসকের পরামর্শ নিন এবং ইনহেলার ও অন্যান্য ওষুধের মাত্রা নির্ধারণ করে নিন।,2.2345064599994657,,
 কারণ চিনি শরীরে প্রবেশ করার পর নিমেষে সুগার লেভেলকে অনেকটা বাড়িয়ে দেয়,কারণ চিনি শরীরে প্রবেশের সঙ্গে সঙ্গে চিনির মাত্রা বাড়িয়ে দেয়।,কারণ চিনি শরীরে প্রবেশ করলেই তা তৎক্ষণাৎ রক্তে শর্করার মাত্রা ব্যাপকভাবে বাড়িয়ে দেয়।,3.4850617470001453,,
বয়সের কারণে অনেকেরই হাড়ের ক্ষয় হয়,অনেকেই বয়সের কারণে হাড়ের ক্ষয় অনুভব করেন।,বয়স বাড়ার ফলে অনেক মানুষের হাড়ের ক্ষয় দেখা দেয়।,3.2786317999998573,,
টিকা  টাইফয়েড ভ্যাকসিন বা টিকা টাইফয়েড থেকে রক্ষা করে,ইমিউনাইজেশন টাইফয়েড ভ্যাকসিন বা ভ্যাকসিন টাইফয়েড থেকে রক্ষা করে।,টাইফয়েড ভ্যাকসিন বা টিকা টাইফয়েড রোগ থেকে সুরক্ষা প্রদান করে।,16.325334792998547,,
সূর্যের আলো থেকে চোখের ক্ষতি হতে পারে,সূর্যের আলো চোখের ক্ষতি করতে পারে।,সূর্যের রশ্মি চোখের জন্য ক্ষতিকর হতে পারে।,1.336325684998883,,
পুরুষদের বন্ধ্যত্বের অন্যতম একটি কারণ এই স্পার্ম এর মটিলিটি বা চলন ক্ষমতা,পুরুষ বন্ধ্যাত্বের অন্যতম কারণ শুক্রাণুর গতিশীলতা।,পুরুষ বন্ধ্যত্বের একটি প্রধান কারণ হলো শুক্রাণুর গতিশীলতা বা চলনের ক্ষমতা।,2.730605676999403,,
অ্যাট্রিয়াল সেপ্টাল ডিফেক্ট হলো আরেক ধরনের ছিদ্র যা অনেক বছর ধরে প্রাপ্তবয়স্ক হওয়া পর্যন্ত সুপ্ত থাকতে পারে,অ্যাট্রিয়াল সেপ্টাল ডিফেক্ট হল আরেক ধরনের গর্ত যা প্রাপ্তবয়স্ক হওয়া পর্যন্ত বহু বছর সুপ্ত থাকতে পারে।,অ্যাট্রিয়াল সেপ্টাল ডিফেক্ট এক ধরনের ছিদ্র যা দীর্ঘকাল প্রাপ্তবয়স্ক হওয়া পর্যন্ত নিষ্ক্রিয় থাকতে পারে।,4.944784000999789,,
সাধারণভাবে অনেকেই ডিপ্রেশন অ্যানজাইটির মত সমস্যাকে রোগ হিসাবে গণ্য করে না,"সাধারণভাবে, অনেকে হতাশা এবং উদ্বেগের মতো সমস্যাকে রোগ হিসাবে বিবেচনা করেন না।",ডিপ্রেশন ও অ্যানজাইটির মতো সমস্যাকে সাধারণত অধিকাংশ মানুষ রোগ হিসেবে গণ্য করে না।,7.439514085001065,,
পেপটো বিসমল ওষুধ সেবন করলে জিহ্বা কালো হয়ে যেতে পারে,পেপ্টো বিসমল জিহ্বা কালো করতে পারে।,পেপটো বিসমল ওষুধ খেলে জিহ্বা কালচে হয়ে যাওয়ার সম্ভাবনা থাকে।,1.4237901240012434,,
পরার পর মাস্কটি সংক্রমিত বা দূষিত হাত দিয়ে স্পর্শ করবেন না,পরার পর সংক্রামিত বা দূষিত হাত দিয়ে মাস্ক স্পর্শ করবেন না।,মাস্কটি ব্যবহারের পর দূষিত বা সংক্রমিত হাত দিয়ে স্পর্শ করা থেকে বিরত থাকুন।,0.5223283000013907,,
নূরজাহান বেগম বলেন ঢাকা মেডিকেলের পর আরও দুটি জায়গায় এমন ঘটনা ঘটেছে যা খুবই দুঃখজনক,"নূরজাহান বেগম বলেন, ঢাকা মেডিকেলের পর আরও দুটি জায়গা আছে যা খুবই দুঃখজনক।","নূরজাহান বেগমের মতে, ঢাকা মেডিকেল ছাড়াও আরও দুটি জায়গায় এমন ঘটনা ঘটেছে, যা অত্যন্ত দুঃখজনক।",3.130931652000072,,
স্বাস্থ্য অধিদপ্তর জানায় বৃহস্পতিবার সকাল ৮টা পর্যন্ত ২৪ ঘণ্টায় ৩ হাজার ৮০৩ জনের মধ্যে সংক্রমণ ধরা পড়ায় দেশে শনাক্ত রোগীর সংখ্যা বেড়ে ১ লাখ ২ হাজার ২৯২ জন হয়েছে,"স্বাস্থ্য অধিদফতরের তথ্য অনুযায়ী, বৃহস্পতিবার ২৪ ঘণ্টায় ৩ হাজার ৮০৩ জনের মধ্যে সংক্রমণ শনাক্ত হওয়ায় দেশে নিশ্চিত হওয়া মামলার সংখ্যা বেড়ে দাঁড়াল ১ লাখ ২ হাজার ২৯২।","স্বাস্থ্য অধিদপ্তরের তথ্য অনুযায়ী, বৃহস্পতিবার সকাল ৮টা পর্যন্ত গত ২৪ ঘণ্টায় ৩ হাজার ৮০৩ জনের করোনা শনাক্ত হওয়ায় দেশে মোট আক্রান্তের সংখ্যা দাঁড়িয়েছে ১ লাখ ২ হাজার ২৯২ জনে।",0.9758353130000614,,
এর মধ্যে রয়েছে নিন্মাঙ্গের চারপাশে চাপ লাগা ঘনঘন মূত্রত্যাগ গ্যাস বদহজম কোষ্ঠ্যকাঠিন্য হালকা খাবার খেলেও মনে হয় পেট ভর্তি পেটে কোনো ধরনের অস্বাভাবিকতা পেটে অতিরিক্ত ব্যথা পেট ফুলে থাকা বমি বমি ভাব বা বমি হওয়া ক্ষুধা কম ওজন কম বা বেশি হওয়া যৌন মিলনে ব্যথা লাগা অতিরিক্ত ক্লান্তি এবং মেনোপজের পরও এ ধরনের কোনো সমস্যা থাকলে দ্রুত চিকিৎসকরে শরণাপন্ন হতে হবে,"এর মধ্যে রয়েছে তলপেটের চারপাশে চাপ, ঘন ঘন প্রস্রাব, গ্যাস, বদহজম, কোষ্ঠকাঠিন্য, হালকা খাবার খাওয়ার পরেও পূর্ণ বোধ করা, পেটে কোনো অস্বাভাবিকতা, অতিরিক্ত পেটে ব্যথা, ফোলাভাব, বমি বমি ভাব বা বমি, ক্ষুধা কমে যাওয়া, ওজন বৃদ্ধি বা হ্রাস, গর্ভাবস্থা, ক্লান্তি এবং মেনোপজের সময় ব্যথা।","এই তালিকায় আছে তলপেটের চারপাশে চাপ অনুভব করা, বারবার প্রস্রাব হওয়া, গ্যাস, বদহজম, কোষ্ঠকাঠিন্য, অল্প খেলেও পেট ভরা লাগা, পেটে অস্বাভাবিকতা, তীব্র পেটব্যথা, পেট ফোলা, বমি বমি ভাব বা বমি, ক্ষুধামান্দ্য, ওজন কম বা বেশি হওয়া, যৌনমিলনে ব্যথা, অতিরিক্ত ক্লান্তি এবং মেনোপজের পরও এসব সমস্যা থাকলে দ্রুত চিকিৎসকের পরামর্শ নেওয়া জরুরি।",11.488880869999775,,
যেমন সারাক্ষণ ঝুঁকে বসে পড়া কম্পিউটারে কাজ করা ইত্যাদি ধরনের কারণে মেরুদণ্ড বেঁকে শরীরের উচ্চতাকে খাটো করে,"উদাহরণস্বরূপ, সারাক্ষণ বসে থাকা অবস্থায় কম্পিউটারে কাজ করার ফলে মেরুদণ্ড বাঁকানো এবং শরীরের উচ্চতা ছোট হতে পারে।",সারাক্ষণ ঝুঁকে থেকে কম্পিউটারে কাজ করার মতো অভ্যাসের কারণে মেরুদণ্ড বাঁকা হয়ে শরীরের উচ্চতা কমে যায়।,9.314952343998812,,
তাই প্রকৃতির কাছে না যাওয়া মানে হরমোনের ভারসাম্যহীনতাকে আমন্ত্রণ জানানো,তাই প্রকৃতির কাছাকাছি না যাওয়া মানে হরমোনের ভারসাম্যহীনতাকে আমন্ত্রণ জানানো।,সুতরাং প্রকৃতির সান্নিধ্যে না গেলে হরমোনের ভারসাম্যহীনতা ডেকে আনা হয়।,3.3992274480006017,,
ফলে হিউম্যান হারপিস ভাইরাস৮ দ্রুত বংশবিস্তার করে যেহেতু রোগ প্রতিরোধ ব্যবস্থা অত্যন্ত দুর্বল থাকে বা থাকে না বললেই চলে,"ফলস্বরূপ, মানব হারপিসভাইরাস 8 দ্রুত ছড়িয়ে পড়ে কারণ ইমিউন সিস্টেম খুব দুর্বল বা অস্তিত্বহীন।","ফলে হিউম্যান হারপিস ভাইরাস-৮ দ্রুত সংখ্যাবৃদ্ধি করে, কারণ রোগ প্রতিরোধ ক্ষমতা খুবই দুর্বল বা প্রায় নেই বললেই চলে।",3.169520241999635,,
এক্ষেত্রে হিমোগ্লোবিন লেভেল ৮ থেকে ১০ হলে সেটা মাইল্ড ৬ থেকে ৭ হলে সেটা মডারেট আর ৬ এর কম হলে সেটা সিভিয়ার লেভেল,"এই ক্ষেত্রে, হিমোগ্লোবিনের মাত্রা 8 থেকে 10 হলে তা মৃদু, 6 থেকে 7 হলে তা মাঝারি এবং 6-এর কম হলে তা গুরুতর মাত্রা।","হিমোগ্লোবিনের মাত্রা ৮ থেকে ১০ হলে তা হালকা, ৬ থেকে ৭ হলে মাঝারি, আর ৬-এর নিচে হলে গুরুতর পর্যায় বলে ধরা হয়।",2.629923290000079,,
চিকিৎসক পরীক্ষানিরীক্ষা করে তেমন কোনো অসুবিধা পেলেন না,চিকিৎসক তাকে পরীক্ষা করে বড় ধরনের কোনো সমস্যা পাননি।,পরীক্ষা-নিরীক্ষার পর চিকিৎসক তেমন কোনো সমস্যা খুঁজে পাননি।,10.953880050999942,,
কোলন পলিপ নির্ণয়ের আধুনিক পরীক্ষা হচ্ছে কোলোনোস্কোপি,কোলনস্কোপি হল কোলন পলিপ নির্ণয়ের আধুনিক পরীক্ষা।,কোলন পলিপ শনাক্ত করার আধুনিক পদ্ধতি হলো কোলোনোস্কোপি।,1.283788374001233,,
অতএব আমরা যেটা মনে করতাম ব্লাড ক্যানসার মানে মৃত্যু সেটা নয়,"অতএব, আমরা যা ভেবেছিলাম ব্লাড ক্যান্সার মানে মৃত্যু নয়।","সুতরাং আমরা আগে যা ভাবতাম যে রক্ত ক্যানসার মানে মৃত্যু, তা আসলে নয়।",4.241150159999961,,
অধ্যাপক ডা ইমনুল ইসলাম শিশুরোগবিশেষজ্ঞ আলোক হেলথকেয়ার লিমিটেড মিরপুর ঢাকা,ডাঃ ইমনুল ইসলাম শিশু বিশেষজ্ঞ অলোক হেলথকেয়ার লিমিটেড মিরপুর ঢাকা,"আলোক হেলথকেয়ার লিমিটেড, মিরপুর, ঢাকা-তে শিশুরোগ বিশেষজ্ঞ অধ্যাপক ডা. ইমনুল ইসলাম।",2.420817303000149,,
জিহ্বার ওপর ব্যথাযুক্ত বাম্প ক্যানকার সোর বা মুখের আলসারের কারণে হতে পারে অথবা মুখের ক্যান্সারের কারণেও হতে পারে,"জিহ্বায় একটি বেদনাদায়ক বাম্প ক্যানকার ঘা বা মুখের আলসারের কারণে হতে পারে, অথবা এটি মুখের ক্যান্সারের কারণেও হতে পারে।","জিহ্বায় ব্যথাদায়ক ফোস্কা ক্যানকার সোর বা মুখের ঘা থেকে হতে পারে, আবার মুখের ক্যান্সারের কারণেও হতে পারে।",7.45530417900045,,
করোনা রোগীদের উপযুক্ত চিকিৎসায় তিনি অবিলম্বে শহীদ সোহরাওয়ার্দী মেডিকেল কলেজ হাসপাতালের মতো পরিপূর্ণ চিকিৎসা প্রতিষ্ঠানকে কাজে লাগাতে পরামর্শ দেন,তিনি করোনা রোগীদের যথাযথ চিকিৎসার জন্য অবিলম্বে শহীদ সোহরাওয়ার্দী মেডিকেল কলেজ হাসপাতালের মতো সম্পূর্ণ চিকিৎসা সুবিধা ব্যবহারের পরামর্শ দেন।,তিনি করোনা আক্রান্তদের সঠিক চিকিৎসার জন্য দ্রুত শহীদ সোহরাওয়ার্দী মেডিকেল কলেজ হাসপাতালের মতো সম্পূর্ণ চিকিৎসা প্রতিষ্ঠান ব্যবহারের পরামর্শ দেন।,4.562514997998733,,
শুধু যে নাকচোখ চুলকায় তা নয় অনেকের ত্বকও চুলকাতে থাকে,"শুধু চোখ ও নাক চুলকায় না, অনেকের ত্বকে চুলকানিও হয়।","শুধু নাক-চোখই চুলকায় না, বরং অনেকের ত্বকেও চুলকানি শুরু হয়।",2.9462175379994733,,
সহজ ভাষায় বলতে গেলে রক্তে গ্লুকোজসুগারের মাত্রা স্বাভাবিকের চেয়ে কমে যাওয়া,"সহজ কথায়, রক্তে গ্লুকোজের মাত্রা স্বাভাবিকের চেয়ে কম।","সহজভাবে বললে, রক্তে গ্লুকোজের মাত্রা স্বাভাবিকের তুলনায় কমে যাওয়া।",4.198223706000135,,
এ রোগ থেকে বাঁচতে বিশুদ্ধ পানি পান করতে হবে,এই রোগ থেকে বাঁচতে বিশুদ্ধ পানি পান করতে হবে।,এই রোগ থেকে রক্ষা পেতে বিশুদ্ধ পানি পান করা জরুরি।,2.8052975430000515,,
 আলফা হাইড্রক্সি অ্যাসিডের মধ্যে সবচেয়ে কার্যকর হল গ্লাইকলিক অ্যাসিড এবং আখ তার একটি প্রাকৃতিক উৎস,আলফা হাইড্রক্সি অ্যাসিডের মধ্যে সবচেয়ে কার্যকর হল গ্লাইকোলিক অ্যাসিড এবং আখ এর প্রাকৃতিক উৎস।,"গ্লাইকলিক অ্যাসিড আলফা হাইড্রক্সি অ্যাসিডগুলোর মধ্যে সবচেয়ে কার্যকরী, আর আখ এর একটি প্রাকৃতিক উৎস।",4.979297357000178,,
অনলাইনে যেসব গ্রুপ গড়ে উঠেছে সেখানে ওই বিষয়ের অনেক বিশেষজ্ঞও যুক্ত থাকেন,অনলাইনে যে গ্রুপগুলো তৈরি হয়েছে তার সঙ্গে সংশ্লিষ্ট বিষয়ে অনেক বিশেষজ্ঞও রয়েছেন।,অনলাইনে গড়ে ওঠা গ্রুপগুলিতে ওই বিষয়ের অনেক বিশেষজ্ঞও অংশ নেন।,2.820217185000729,,
 প্রচুর পরিমাণ শাকসবজি ও ফলমূল খেতে হবে,প্রচুর পরিমাণে শাকসবজি ও ফলমূল খান।,প্রচুর শাকসবজি আর ফল খাওয়া দরকার।,0.8788093130006018,,
 এর গ্লাইসেমিক ইনডেক্সও খুব কম,এর গ্লাইসেমিক ইনডেক্সও খুব কম।,এটির গ্লাইসেমিক ইনডেক্স অত্যন্ত নিম্ন।,3.2818084999998973,,
এর মধ্যে থাকা অ্যান্টিস্পাজমোডিক পেশির খিঁচুনি নিয়ন্ত্রণ করে,এতে থাকা অ্যান্টিস্পাসমোডিক পেশীর খিঁচুনি নিয়ন্ত্রণ করে।,এতে থাকা অ্যান্টিস্পাজমোডিক উপাদান পেশির খিঁচুনি দমন করে।,3.055054143000234,,
প্রোটিনজাতীয় খাবার এ ধরনের হঠাৎ ক্ষুধার তীব্র অনুভূতি কমিয়ে দেয়,প্রোটিন জাতীয় খাবার হঠাৎ ক্ষুধার্ত ব্যথা কমায়।,প্রোটিনসমৃদ্ধ খাবার হঠাৎ তীব্র ক্ষুধার অনুভূতি কমাতে সাহায্য করে।,1.5253883579989633,,
আতঙ্কগ্রস্ত হওয়ার দরকার নেই তবে আমাদের অবশ্যই সতর্কতামূলক ব্যবস্থা নিতে হবে,"আতঙ্কিত হওয়ার দরকার নেই, তবে আমাদের অবশ্যই সতর্কতামূলক ব্যবস্থা নিতে হবে।","আতঙ্কিত হওয়ার দরকার নেই, তবে আমাদের সতর্কতামূলক পদক্ষেপ নেওয়া জরুরি।",3.3024691289992916,,
সারা বছর পাওয়া গেলেও শীতে এই ফল পাওয়া যায় সবচাইতে বেশি,সারা বছর পাওয়া গেলেও শীতকালে এই ফলটি সবচেয়ে বেশি পাওয়া যায়।,"শীতকালে এই ফল সবচেয়ে বেশি পাওয়া যায়, যদিও সারা বছরই এটি পাওয়া যায়।",1.1185447279985965,,
তবে এভাবে বারবার চা গরম বা ফুটিয়ে পানের অভ্যাস একেবারেই ভালো নয়,তবে এভাবে বারবার চা গরম বা ফুটানোর অভ্যাস মোটেও ভালো নয়।,কিন্তু বারবার চা গরম করে বা ফুটিয়ে খাওয়ার অভ্যাস মোটেই ভালো নয়।,4.497165157001291,,
এই ঘটনাটি যদি একটু বিস্তারিত ব্যাখ্যা করা যায় তাহলে দেখা যাচ্ছে যে একই পরিবারে প্রথম ২ জনের কোভিড১৯ শনাক্তকরণ টেস্টের জটিলতায় পরবর্তী ৫ জন লক্ষ্মণ প্রকাশের পর টেস্টই করাননি,এই ঘটনাটিকে আরেকটু বিস্তারিতভাবে ব্যাখ্যা করা গেলে দেখা যাচ্ছে যে কোভিড-১৯ শনাক্তকরণ পরীক্ষার জটিলতার কারণে একই পরিবারের প্রথম ২ জন পরবর্তী ৫ জনের সংস্পর্শে আসার পর পরীক্ষা করা হয়নি।,"এই ঘটনাটি যদি কিছুটা বিস্তারিতভাবে বোঝানো যায়, তাহলে দেখা যায় যে একই পরিবারে প্রথম দুইজনের কোভিড-১৯ শনাক্তকরণ পরীক্ষার জটিলতার কারণে পরবর্তী পাঁচজন উপসর্গ প্রকাশের পরও পরীক্ষা করাননি।",8.07313454999894,,
এই সামিটে ডিজিটাল হেলথকেয়ার সলিউশানসের মূল বক্তব্য কী ছিল,এই শীর্ষ সম্মেলনে ডিজিটাল হেলথকেয়ার সলিউশনের মূল বক্তব্য কী ছিল?,এই সম্মেলনে ডিজিটাল স্বাস্থ্যসেবা সমাধানের মূল আলোচ্য বিষয় কী ছিল?,0.6323067889989034,,
নিয়মিত ব্যায়াম করুন এবং স্বাস্থ্যকর খাবার খান,নিয়মিত ব্যায়াম করুন এবং স্বাস্থ্যকর খাবার খান।,নিয়মিত শরীরচর্চা ও পুষ্টিকর খাদ্য গ্রহণ করুন।,2.5212275630001386,,
পুরো মুরগি কালো হলেও এই মুরগির ডিম কিন্তু কালো নয়,"পুরো মুরগি কালো হলেও, এই মুরগির ডিম কালো নয়।",মুরগিটি পুরো কালো হলেও এর ডিম কিন্তু কালো নয়।,3.7364227270008996,,
