source,reference,prediction,latency,error,_idx
লেখক অধ্যাপক অমল কুমার চৌধুরী অধ্যাপক কার্ডিওলজি বিভাগ ন্যাশনাল ইন্সটিটিউট অব কার্ডিওভাসকুলার ডিজিজ এনআইসিভিডি,লেখক অধ্যাপক অমল কুমার চৌধুরী প্রফেসর কার্ডিওলজি বিভাগের ন্যাশনাল ইনস্টিটিউট অফ কার্ডিওভাসকুলার ডিজিজেস এনআইসিভিডি,"লেখক হলেন অমল কুমার চৌধুরী, যিনি ন্যাশনাল ইন্সটিটিউট অব কার্ডিওভাসকুলার ডিজিজ (এনআইসিভিডি)-এর কার্ডিওলজি বিভাগের অধ্যাপক।",42.92310262600006,,
এ জন্য কিছু পরীক্ষা করা যেতে পারে এবং সুষম খাওয়ার অভ্যাস করতে হবে,এ জন্য কিছু পরীক্ষা করা যেতে পারে এবং সুষম খাবারের অভ্যাস করতে হবে।,এ বিষয়ে কিছু পরীক্ষা-নিরীক্ষা করা যেতে পারে এবং সুষম খাদ্যাভ্যাস গড়ে তোলা প্রয়োজন।,29.58701882599996,,
প্রচুর পরিমাণে পানি বা তরল খাবার ও ভিটামিন সিযুক্ত খাবার খেতে হবে,প্রচুর পানি বা তরল পান করুন এবং ভিটামিন সি সমৃদ্ধ খাবার খান।,প্রচুর পানি কিংবা তরল জাতীয় খাবারের পাশাপাশি ভিটামিন সি সমৃদ্ধ খাবার গ্রহণ করা আবশ্যক।,34.68465499000001,,
কারণ প্রতিযোগিতার এ সময়ে কর্মক্ষেত্রে ইন্টারভিউয়ে সামাজিক অনুষ্ঠানে নিজেকে যোগ্য ও ভিন্নভাবে উপস্থাপনের চেষ্টা,কারণ প্রতিযোগিতার এই সময়ে কর্মক্ষেত্রের সাক্ষাৎকারে সামাজিক অনুষ্ঠানে নিজেকে যোগ্য ও ভিন্নভাবে উপস্থাপন করার চেষ্টা করুন।,"কারণ বর্তমানের এই প্রতিযোগিতামূলক যুগে কর্মস্থল, সাক্ষাৎকার কিংবা সামাজিক অনুষ্ঠানে নিজেকে একজন দক্ষ ও স্বতন্ত্র ব্যক্তি হিসেবে তুলে ধরার প্রবল প্রয়াস দেখা যায়।",46.81349333399999,,
টুপি পরে বা অন্য কোনো চুলের প্রসাধনীর সাহায্যে চুলকে সুরক্ষিত রাখতে হবে,একটি টুপি বা অন্যান্য চুলের আনুষাঙ্গিক পরা দ্বারা চুল সুরক্ষিত করা উচিত।,চুলের নিরাপত্তা বজায় রাখতে টুপি পরা অথবা চুলের অন্য কোনো সুরক্ষামূলক প্রসাধনী ব্যবহার করা প্রয়োজন।,27.735101319000023,,
পার্বত্য অঞ্চলের উর্বর জমিগুলোতে ব্যাপক আকারে তামাক চাষ হচ্ছে,পার্বত্য অঞ্চলের উর্বর জমিতে ব্যাপক হারে তামাক চাষ হয়।,পাহাড়ি অঞ্চলের উর্বর ভূমিতে ব্যাপকভাবে তামাকের আবাদ করা হচ্ছে।,29.25453653200009,,
যেহেতু এখনো নভেল করোনাভাইরাসের কোন ভ্যাকসিন আবিষ্কৃত হয়নি তাই আমরা হার্ড ইমিউনিটি বলতে বেশিরভাগ মানুষের জীবাণুর সংস্পর্শে আসাকে বুঝাচ্ছি,"যেহেতু নোভেল করোনাভাইরাসের কোনো ভ্যাকসিন আবিষ্কৃত হয়নি, তাই আমরা সবচেয়ে বেশি লোকের ভাইরাসের সংস্পর্শে আসার জন্য কঠোর প্রতিরোধ ক্ষমতা ব্যবহার করি।",য,18.06332726100004,,
বলা হয় সর্বশেষ ২৪ ঘণ্টায় মঙ্গলবার সকাল আটটা থেকে বুধবার সকাল আটটা পর্যন্ত ডেঙ্গু নিয়ে ২৯৬ জন দেশের বিভিন্ন হাসপাতালে ভর্তি হয়েছেন,মঙ্গলবার সকাল ৮টা থেকে বুধবার সকাল ৮টা পর্যন্ত গত ২৪ ঘণ্টায় ডেঙ্গুতে আক্রান্ত হয়ে দেশের বিভিন্ন হাসপাতালে ২৯৬ জন ভর্তি হয়েছেন বলে জানা গেছে।,"প্রতিবেদনে জানা গেছে, গত ২৪ ঘণ্টায় অর্থাৎ মঙ্গলবার সকাল আটটা থেকে বুধবার সকাল আটটা পর্যন্ত ডেঙ্গু জ্বরে আক্রান্ত হয়ে সারাদেশের বিভিন্ন হাসপাতালে ২৯৬ জন রোগী ভর্তি হয়েছেন।",31.33200294599999,,
তবে ওষুধের ব্যবহার সম্পর্কে বিশ্ব স্বাস্থ্য সংস্থা সতর্ক করে দিয়েছে,তবে ওষুধের ব্যবহার নিয়ে সতর্ক করেছে বিশ্ব স্বাস্থ্য সংস্থা।,"তথাপি, ঔষধ প্রয়োগের বিষয়ে বিশ্ব স্বাস্থ্য সংস্থা সতর্কবার্তা জারি করেছে।",28.29637719100004,,
" চীনাবাদামে পর্যাপ্ত অ্যান্টি-অক্সিডেন্ট থাকে, যা ক্যানসার প্রতিরোধ করে",চিনাবাদামে রয়েছে পর্যাপ্ত অ্যান্টি-অক্সিডেন্ট যা ক্যান্সার প্রতিরোধ করে।,"চীনাবাদামে প্রচুর পরিমাণে অ্যান্টি-অক্সিডেন্ট বিদ্যমান, যা ক্যানসার রোধ করে।",35.069986524,,
এতে শরীরের কোনো ক্ষতি হয় না,এতে শরীরের কোনো ক্ষতি হয় না।,এতে শরীরের বিন্দুমাত্রও অনিষ্ট হয় না।,22.769764876999943,,
তবে এমন খবরে আতঙ্কিত হননি বলে জানান তিনি,তবে এ ধরনের খবরে তিনি ভীত নন বলে জানান।,"তিনি অবশ্য জানিয়েছেন যে, এ ধরনের খবরে তিনি আতঙ্কিত হননি।",30.53658089800001,,
সম্পূর্ণ সেদ্ধ হয়ে পানি শুকিয়ে যাওয়া পর্যন্ত মাঝারি আঁচে রান্না করুন,মাঝারি আঁচে রান্না করুন যতক্ষণ না সম্পূর্ণ সিদ্ধ হয় এবং জল শুকিয়ে যায়।,মাঝারি তাপে রান্না করুন যতক্ষণ না পানি একদম শুকিয়ে যায় এবং পুরোপুরি সেদ্ধ হয়ে যায়।,38.08699312800002,,
হাঁটতে গেলে মানুষ কেন হাঁপিয়ে ওঠে এ বিষয়ে বিস্তারিত জানিয়েছেন মুন্নু মেডিকেল কলেজ ও হাসপাতালের হৃদরোগ বিভাগের প্রধান  অধ্যাপক ডা মোহাম্মদ সাইফউল্লাহ,মুন্নু মেডিক্যাল কলেজ ও হাসপাতালের কার্ডিওলজি বিভাগের প্রধান অধ্যাপক ডাঃ মোহাম্মদ সাইফুল্লাহ কেন হাঁটার সময় হাঁটতে হাঁটতে হাঁটতে পারে সে সম্পর্কে বিস্তারিত জানিয়েছেন।,মুন্নু মেডিকেল কলেজ ও হাসপাতালের হৃদরোগ বিভাগের প্রধান অধ্যাপক ডা. মোহাম্মদ সাইফউল্লাহ হাঁটার সময় মানুষের হাঁপিয়ে ওঠার কারণ সম্পর্কে বিস্তারিত ব্যাখ্যা দিয়েছেন।,38.780221464999954,,
সেখান থেকেই মূলত মেডিসিনের প্রতি তার বিশেষ আগ্রহ তৈরি হয়,সেখান থেকেই চিকিৎসার প্রতি তার বিশেষ আগ্রহ গড়ে ওঠে।,মূলত সেই স্থান থেকেই চিকিৎসাবিজ্ঞানের প্রতি তার গভীর আগ্রহের সূত্রপাত হয়।,27.494648422999944,,
যে কেউই করোনা আক্রান্ত হতে পারেন,যে কেউ করোনা ভাইরাসে আক্রান্ত হতে পারে।,করোনা ভাইরাসে আক্রান্ত হওয়ার সম্ভাবনা সবারই রয়েছে।,18.66604428899996,,
ক্রনিক মায়েলোয়েড লিউকেমিয়া সিএমএল তার মধ্যে অন্যতম,ক্রনিক মাইলয়েড লিউকেমিয়া সিএমএল তাদের মধ্যে একটি।,সিএমএল অর্থাৎ ক্রনিক মায়েলোয়েড লিউকেমিয়া তার মধ্যে অন্যতম।,35.280762073999995,,
জ্বাল কমিয়ে ভাজা ভাজা করে রান্না করুন,আঁচ কমিয়ে ভাজা না হওয়া পর্যন্ত রান্না করুন।,আঁচ কমিয়ে হালকা ভাজা হওয়া পর্যন্ত রান্না করুন।,35.863751845000024,,
 সেই কারণে কিডনি রোগীর সংখ্যা এখন বাড়ছে,যে কারণে কিডনি রোগীর সংখ্যা এখন বাড়ছে।,এর ফলে বর্তমানে কিডনি রোগীর সংখ্যা ক্রমশ বৃদ্ধি পাচ্ছে।,25.5179820300001,,
এদিকে গত ২৪ ঘণ্টায় করোনা থেকে সুস্থ হয়েছেন ৪৬ জন,গত ২৪ ঘণ্টায় ৪৬ জন কোভিড-১৯ থেকে সুস্থ হয়েছেন।,"অপরদিকে, গত ২৪ ঘণ্টায় করোনা থেকে আরোগ্য লাভ করেছেন ৪৬ জন।",33.82567226200001,,
যেমন সন্তানধারণ করলে শুরু থেকেই দ্বিগুণ খাবার খেতে হবে প্রচুর ভাত খেতে হবে এসব ঠিক নয়,"যেমন, সন্তান হলে শুরু থেকেই দ্বিগুণ খাবার খেতে হবে এবং প্রচুর ভাত খেতে হবে- এগুলো ঠিক নয়।","উদাহরণস্বরূপ, গর্ভাবস্থায় একদম শুরু থেকেই দ্বিগুণ খাবার ও প্রচুর ভাত খাওয়ার যে ধারণা, তা মোটেও সঠিক নয়।",49.49606439900003,,20.0
সাদা চুল রং করতে চাইলে প্রাকৃতিক পদ্ধতি অবলম্বন করা যেতে পারে,সাদা চুলে রং করতে চাইলে প্রাকৃতিক উপায় অবলম্বন করা যেতে পারে।,পাকা চুলে রং করার ইচ্ছা থাকলে প্রাকৃতিক উপায় বেছে নেওয়া যায়।,26.312054248999857,,21.0
চিকিৎসা পদ্ধতির অজস্র ত্রুটির দায় মাথায় নিয়ে ১৯৫১ সালে পরলোকে পাড়ি দেন ভোরোনফ,"1951 সালে, ভোরোনফ অসংখ্য চিকিৎসা ত্রুটির দায় নিয়ে মারা যান।",১৯৫১ সালে নিজের চিকিৎসা পদ্ধতির অসংখ্য ত্রুটির দায়ভার বহন করে ইহলোক ত্যাগ করেন ভোরোনফ।,43.72736973700012,,22.0
নখ এবং ত্বকে নিয়মিত ময়েশ্চারাইজার ব্যবহার করে মসৃণ রাখুন,নিয়মিত ময়েশ্চারাইজার ব্যবহার করে নখ ও ত্বক মসৃণ রাখুন।,ত্বক ও নখের মসৃণতা বজায় রাখতে নিয়মিত ময়েশ্চারাইজার ব্যবহার করুন।,25.19873761100007,,23.0
"চিকিৎসকদের কথায়, দুপুর বা বিকালের দিকে বাইরের তাপমাত্রা মারাত্মক আকার নেয়","চিকিৎসকদের মতে, বিকেল বা বিকেলে বাইরের তাপমাত্রা মারাত্মক আকার ধারণ করে।","ডাক্তারদের মতে, দুপুর কিংবা বিকেলের সময় বাইরের তাপমাত্রা ভয়ংকর রূপ ধারণ করে।",34.46814229200004,,24.0
 এই দুই ধরনের ফাইবার শরীরে রক্তে শর্করার মাত্রা কমায়,এই দুই ধরনের ফাইবার শরীরে রক্তে শর্করার মাত্রা কমায়।,এই দুই প্রকার আঁশ শরীরের রক্তে শর্করার মাত্রা হ্রাস করে।,27.079832441000008,,25.0
 গত একদিনে ডেঙ্গুতে আক্রান্ত হয়ে ১৮৯ জন রোগী হাসপাতালে ভর্তি হয়েছেন,গত দিনে ডেঙ্গুতে আক্রান্ত হয়ে হাসপাতালে ভর্তি হয়েছেন ১৮৯ জন।,গত ২৪ ঘণ্টায় ডেঙ্গু জ্বরে আক্রান্ত হয়ে ১৮৯ জন রোগীকে হাসপাতালে ভর্তি করা হয়েছে।,31.930969000000005,,26.0
বাংলাদেশের একজন বৈচিত্র্যময় এবং অগ্রগামী হেলথকেয়ার পেশাজীবী উদ্যোক্তা ও সমাজসেবী হিসেবে তিনি স্বাস্থ্যসেবা ব্যবস্থাপনায় উল্লেখযোগ্য পরিবর্তন সাধন করেছেন বিশেষত দীর্ঘদিন ধরে অসুস্থ রোগীদের মধ্যে রোগের নিরাময় বিষয়ক প্রচারণা এবং বাংলাদেশে কম খরচে উন্নত প্রযুক্তির আন্তর্জাতিক ফার্মা পণ্য ও মেডিক্যাল ডিভাইস নিয়ে আসার ক্ষেত্রে অত্যন্ত গুরুত্বপূর্ণ ভূমিকা রেখেছেন,"বাংলাদেশের একজন বৈচিত্র্যময় এবং অগ্রগামী স্বাস্থ্যসেবা পেশাদার উদ্যোক্তা এবং জনহিতৈষী হিসাবে, তিনি স্বাস্থ্যসেবা ব্যবস্থাপনায় উল্লেখযোগ্য পরিবর্তন করেছেন, বিশেষ করে দীর্ঘস্থায়ী অসুস্থ রোগীদের নিরাময়ের জন্য প্রচারাভিযানে, এবং কম খরচে, উচ্চ প্রযুক্তির আন্তর্জাতিক ফার্মা পণ্য এবং চিকিৎসা আনার ক্ষেত্রে সহায়ক ভূমিকা পালন করেছেন। বাংলাদেশে ডিভাইস।","একজন বহুমুখী ও অগ্রণী স্বাস্থ্যসেবা উদ্যোক্তা এবং সমাজসেবক হিসেবে তিনি দেশের স্বাস্থ্যব্যবস্থায় আমূল পরিবর্তন এনেছেন, বিশেষত দীর্ঘস্থায়ী রোগীদের সুচিকিৎসা ও সচেতনতা বৃদ্ধির পাশাপাশি সাশ্রয়ী মূল্যে আধুনিক প্রযুক্তির আন্তর্জাতিক ঔষধ ও চিকিৎসা সরঞ্জাম দেশে চালু করতে তাঁর ভূমিকা অত্যন্ত তাৎপর্যপূর্ণ।",50.86184888899993,,27.0
গরমে কাঁচা আমের ডাল সকলেরই খুব প্রিয় খাবার,গ্রীষ্মকালে কাঁচা আমের ডাল সবারই প্রিয় খাবার।,গ্রীষ্মকালে কাঁচা আমের ডাল সবারই অত্যন্ত পছন্দের একটি খাবার।,22.248093994999863,,28.0
পাঁচ ধূমপান কিডনিতে রক্ত চলাচল ব্যহত করে,5. ধূমপান কিডনিতে রক্ত ​​​​প্রবাহকে ব্যাহত করে।,পাঁচটি সিগারেট ধূমপান করলে কিডনিতে রক্ত সঞ্চালন ব্যাহত হয়।,41.70465640800012,,29.0
আমাদের দেশে গড় বয়স ২৭ বছর এখন পর্যন্ত মৃত্যু হার সবচেয়ে বেশি ১৬ ৬৫ থেকে ৭৪ বছর এর মধ্যে,"আমাদের দেশে গড় বয়স 27 বছর, এবং মৃত্যুর হার 1665 থেকে 74 বছরের মধ্যে সর্বোচ্চ।","আমাদের দেশের গড় বয়স ২৭ বছর, আর ৬৫ থেকে ৭৪ বছর বয়সীদের মধ্যে সর্বোচ্চ মৃত্যুহার এখন পর্যন্ত ১৬।",51.95799110500002,,30.0
 মেটাবলিজম বাড়ার কারণে দেহ থেকে মেদের বহর দ্রুত গতিতে কমে যাবে,"মেটাবলিজম বৃদ্ধির কারণে, শরীর দ্রুত হারে চর্বি হারাবে।",বিপাক ক্রিয়া বৃদ্ধির ফলে শরীর থেকে চর্বির পরিমাণ দ্রুতবেগে হ্রাস পাবে।,30.48818890099983,,31.0
 তাকে দেখা গেছে একের পর এক কমেডি সিরিজেও,একের পর এক কমেডি ধারাবাহিকেও দেখা গেছে তাকে।,পরপর বেশ কয়েকটি কমেডি সিরিজেও তাকে দেখা গেছে।,36.21414008800002,,32.0
"সাংবাদিকদের আরেক প্রশ্নের জবাবে তিনি বলেন, ‘ঢালাওভাবে বলা—এটা কাজ করছে না, ওটা কাজ করছে না! আমার ফলাফলই তো বলে দিচ্ছে কোনটা কাজ করছে","সাংবাদিকদের আরেক প্রশ্নের জবাবে তিনি বলেন: 'এটা ক্লিনলি বললে- এটা কাজ করছে না, কাজ হচ্ছে না! আমার ফলাফল আমাকে বলে কি কাজ করে.","সাংবাদিকদের আরেকটি প্রশ্নের উত্তরে তিনি জানান, ‘সামগ্রিকভাবে এটা বা ওটা চলছে না বলে দেওয়া হচ্ছে! কিন্তু আমার কাজের ফলাফলই স্পষ্ট করে দিচ্ছে কোনটি সফল হচ্ছে।’",34.45852294799988,,33.0
পটাশিয়াম ও খনিজসমৃদ্ধ ফলমূল ও শাকসবজি খেলে পটাশিয়াম শরীর থেকে সোডিয়ামকে বের করে দিয়ে রক্তচাপ কমিয়ে আনে,পটাসিয়াম এবং খনিজ পটাসিয়াম সমৃদ্ধ ফল এবং শাকসবজি খাওয়া শরীর থেকে সোডিয়াম অপসারণ করে রক্তচাপ কমায়।,পটাশিয়াম ও খনিজ পদার্থে সমৃদ্ধ ফলমূল ও শাকসবজি সেবন করলে শরীর থেকে সোডিয়াম নির্গত হয়ে রক্তচাপ হ্রাস পায়।,48.59048647600002,,34.0
এটি স্মৃতিশক্তি হ্রাসের পাশাপাশি সিদ্ধান্ত গ্রহণে কোনো বিষয়ে মনোনিবেশ করা ও সহজেই বিভ্রান্ত হওয়ার মতো সমস্যা দেখা দিতে পারে,এর ফলে স্মৃতিশক্তি হ্রাসের পাশাপাশি মনোযোগ দিতে এবং সহজে সিদ্ধান্ত নিতে সমস্যা হতে পারে।,এর ফলে স্মৃতিশক্তি কমে যাওয়ার পাশাপাশি সিদ্ধান্ত নেওয়ার সময় মনোযোগ ধরে রাখতে না পারা এবং দ্রুত বিভ্রান্ত হয়ে পড়ার মতো জটিলতা তৈরি হতে পারে।,40.16499274400008,,35.0
এ সময়ে হঠাৎ গরম হঠাৎ বৃষ্টি,এ সময় হঠাৎ গরম ও হঠাৎ বৃষ্টি হচ্ছে।,এই সময়ে আচমকা গরম পড়ছে তো আবার অকস্মাৎ বৃষ্টিও নামছে।,46.3976185460001,,36.0
যে কোনো রোগে আক্রান্ত হলেই নিকটস্থ হাসপাতালে যেন চিকিৎসা দেয়া হয়,কোনো রোগ হলে নিকটস্থ হাসপাতালে চিকিৎসা দিতে হবে।,যেকোনো রোগে আক্রান্ত হলে নিকটবর্তী হাসপাতালেই চিকিৎসার ব্যবস্থা করতে হবে।,35.664667793000035,,37.0
 কিন্তু যাদের শরীরে অ্যালবুমিনের পরিমাণ বেশি তারা সেদ্ধ ডিমের সাদা অংশ খাবেন না,কিন্তু যাদের শরীরে অ্যালবুমিনের পরিমাণ বেশি তাদের সেদ্ধ ডিমের সাদা অংশ খাওয়া উচিত নয়।,"তবে যাদের শরীরে অ্যালবুমিনের মাত্রা বেশি থাকে, তাদের সেদ্ধ ডিমের সাদা অংশ খাওয়া উচিত নয়।",21.99156111599996,,38.0
যাদের চিকেন পক্স অথবা সিঙ্গেল হয়েছে শুধু তাদের ক্ষেত্রে রামজি হান্ট সিনড্রম হতে পারে,চিকেন পক্স বা চিকেন পক্সে আক্রান্ত ব্যক্তিরাই রামজি-হান্ট সিনড্রোম হতে পারে।,"কেবল তারাই র‍্যামসে হান্ট সিনড্রোমে আক্রান্ত হতে পারেন, যাদের পূর্বে চিকেনপক্স বা শিংগলস হয়েছিল।",44.04478431199982,,39.0
 জ্বর হলে জ্বর কমাতে শুধু প্যারাসিটামল খাওয়াতে হবে,জ্বর হলে জ্বর কমানোর জন্য শুধুমাত্র প্যারাসিটামল খেতে হবে।,জ্বর হলে তা কমানোর জন্য কেবল প্যারাসিটামলই সেবন করানো হবে।,35.19010926299984,,40.0
থাইরয়েড গ্রন্থির কোনো অংশ টিউমারের মতো ফুলে উঠলে তাকে বলা হয় থাইরয়েড নডিউল,থাইরয়েড গ্রন্থির কোনো অংশ টিউমারের মতো ফুলে গেলে তাকে থাইরয়েড নডিউল বলে।,থাইরয়েড গ্রন্থির যেকোনো অংশে টিউমারের ন্যায় স্ফীতি দেখা দিলে তাকে থাইরয়েড নডিউল হিসেবে অভিহিত করা হয়।,20.32199367299995,,41.0
হঠাৎ পা ফুলে যাওয়া খুবই স্বাভাবিক ঘটনা,হঠাৎ পা ফুলে যাওয়া খুবই স্বাভাবিক।,আকস্মিকভাবে পা ফুলে যাওয়া একটি অত্যন্ত সাধারণ বিষয়।,31.39961505800011,,42.0
তাই এখন আমাদের ঝুঁকি নিয়েই নিত্যদিনের কাজকর্ম ও যাতায়াত করতে হবে,তাই এখন আমাদের দৈনন্দিন কাজকর্ম করতে হবে এবং নিজ দায়িত্বে ভ্রমণ করতে হবে।,সুতরাং বর্তমানে ঝুঁকি স্বীকার করেই আমাদের দৈনন্দিন কাজ ও চলাফেরা চালিয়ে যেতে হবে।,28.41766110399999,,43.0
সার্স ও মার্স পরিবারের সদস্য নতুন ভাইরাসের নাম দেয়া হয়েছে নভেল করোনাভাইরাস,সারস এবং মঙ্গল গ্রহের পরিবারের সদস্য নতুন ভাইরাসটির নামকরণ করা হয়েছে নভেল করোনাভাইরাস।,সার্স এবং মার্সের একই পরিবারভুক্ত নতুন এই ভাইরাসটির নামকরণ করা হয়েছে নভেল করোনাভাইরাস।,32.747664072999896,,44.0
বাবা বিদেশে অবস্থান করার কারণে পরিবারের সবার স্বাস্থ্যসেবার ব্যাপারে লক্ষ্য রাখতে হতো,বাবা বিদেশে থাকার সুবাদে তাকে পরিবারের সবার স্বাস্থ্যের যত্ন নিতে হয়েছে।,বাবা বিদেশে থাকার ফলে পরিবারের সকলের স্বাস্থ্যসেবার দিকে নজর রাখতে হতো।,33.83555164199993,,45.0
এ সময় গ্রামের লোকেরা তাকে গ্রামে থাকতে নিষেধ করে,এ সময় গ্রামের লোকজন তাকে গ্রামে থাকতে নিষেধ করে।,এই সময়ে গ্রামবাসী তাকে গ্রামে বসবাস করতে বারণ করেছিল।,27.97074869300013,,46.0
প্রশ্ন টেকসই উন্নয়ন নিশ্চিতকরণে জনগণের সুস্বাস্থ্য গুরুত্বপূর্ণ,প্র: টেকসই উন্নয়ন নিশ্চিত করতে মানুষের সুস্বাস্থ্য গুরুত্বপূর্ণ।,টেকসই উন্নয়ন নিশ্চিত করার ক্ষেত্রে জনগণের সুস্বাস্থ্য অপরিসীম গুরুত্ব রাখে।,51.224400849000176,,47.0
যাঁদের ত্বক অতিরিক্ত শুষ্ক তারা ময়েশ্চারাইজার লাগানোর আগে চাইলে হাইড্রেটিং সিরাম বা শিট মাস্ক বা টোনার ব্যবহার করতে পারেন,"যাদের ত্বক অত্যন্ত শুষ্ক তারা ময়েশ্চারাইজার লাগানোর আগে হাইড্রেটিং সিরাম, শীট মাস্ক বা টোনার ব্যবহার করতে পারেন।","অত্যধিক শুষ্ক ত্বকের অধিকারীরা ময়েশ্চারাইজার প্রয়োগের পূর্বে ইচ্ছা করলে হাইড্রেটিং সিরাম, শিট মাস্ক অথবা টোনার ব্যবহার করে নিতে পারেন।",34.92850876800003,,48.0
পরোক্ষ ধূমপানের কারণে প্রতি বছর মার্কিন অধুমপায়ীদের মধ্যে প্রায়ই ৭ হাজার ৩০০ জনের ফুসফুসের ক্যান্সারের কারণে মৃত্যুবরণ করে,"সেকেন্ডহ্যান্ড ধোঁয়া প্রতি বছর মার্কিন ধূমপায়ীদের মধ্যে ফুসফুসের ক্যান্সারে প্রায় 7,300 জন মারা যায়।",পরোক্ষ ধূমপানের ফলে প্রতি বছর যুক্তরাষ্ট্রের প্রায় ৭ হাজার ৩০০ জন অধূমপায়ী ফুসফুসের ক্যান্সারে আক্রান্ত হয়ে প্রাণ হারান।,40.12347227800001,,49.0
রুচির সমস্যা যেমন খেতে ইচ্ছা না করা খিদে না থাকা বা বেশি বেশি খাওয়া,"ক্ষুধার সমস্যা যেমন খেতে না চাওয়া, ক্ষুধা না লাগা বা বেশি খাওয়া","রুচিজনিত সমস্যার মধ্যে রয়েছে খাওয়ার ইচ্ছা না হওয়া, ক্ষুধা না লাগা কিংবা অতিরিক্ত পরিমাণে খাওয়া।",32.12608313199985,,50.0
এক কথায় বলতে গেলে স্কিবেসজাম্পিং হলো এমন একটি চরম খেলা যেখানে উঁচু পাহাড় থেকে এক লাফে স্কি করতে হয়,"সংক্ষেপে, স্কি বেস জাম্পিং একটি চরম খেলা যেখানে আপনাকে একবারে একটি উঁচু পাহাড় থেকে লাফ দিতে হবে।","সংক্ষেপে বললে, স্কিবেসজাম্পিং হলো এক ধরনের অত্যন্ত ঝুঁকিপূর্ণ খেলা, যেখানে বিশাল পাহাড়ের চূড়া থেকে একবারে লাফ দিয়ে স্কি করতে হয়।",37.42492529900005,,51.0
যাঁদের মারাত্মক জটিলতা হওয়ার আশঙ্কা তাঁদের লক্ষণ শুরু হওয়ার দুই থেকে চার দিনের মধ্যে রেসপিরেটরি প্যানেল টেস্ট করাতে হবে,যাদের গুরুতর জটিলতার ঝুঁকি রয়েছে তাদের লক্ষণ শুরু হওয়ার দুই থেকে চার দিনের মধ্যে একটি শ্বাসযন্ত্রের প্যানেল পরীক্ষা করা উচিত।,গুরুতর জটিলতার ঝুঁকিতে থাকা ব্যক্তিদের উপসর্গ দেখা দেওয়ার দুই থেকে চার দিনের ভেতরে রেসপিরেটরি প্যানেল পরীক্ষা করিয়ে নেওয়া আবশ্যক।,38.56384557000001,,52.0
কারণ এসব শরীরকে পানিশূন্য করে,কারণ এগুলো শরীরকে ডিহাইড্রেট করে।,কারণ এগুলো শরীরের পানির ঘাটতি সৃষ্টি করে।,32.40353575499989,,53.0
শতাংশের দিক দিয়ে এর অবস্থান ৪৭ এর পর যথাক্রমে চোখ ৩১  সুগন্ধি ১১  পোশাক ৭ আর চুল ৪ শতাংশ,"শতাংশের দিক থেকে এর অবস্থান যথাক্রমে ৪৭, চোখ ৩১ পারফিউম, ১১ জামাকাপড় ৭ এবং চুল ৪ শতাংশ।","শতকরা হারের বিচারে ৪৭-এর পরবর্তী অবস্থানগুলো হলো যথাক্রমে চোখ ৩১, সুগন্ধি ১১, পোশাক ৭ এবং চুল ৪ শতাংশ।",34.2602039479998,,54.0
বইপ্রেমীরা বুক মার্ক ব্যবহার করেন কেন বইয়ের পড়ার অংশটুকু খুঁজে পেতে,বইপ্রেমীরা বইয়ের যে অংশটি পড়ছেন তা খুঁজে বের করতে বুকমার্ক ব্যবহার করেন কেন?,বইপ্রেমীরা বইয়ের পড়া অংশটি সহজে খুঁজে পাওয়ার উদ্দেশ্যে বুকমার্ক ব্যবহার করে থাকেন।,31.31665271299994,,55.0
সম্প্রতি গবেষণায় জানা যায় মাড়ি রোগের সঙ্গে শুধু হৃদরোগ সম্পৃক্ত নয় বরং মাড়ি রোগের কারণে ব্রেন স্ট্রোক হতে পারে,"সাম্প্রতিক গবেষণায় দেখা গেছে যে মাড়ির রোগের সাথে শুধু হৃদরোগই জড়িত নয়, মাড়ির রোগের কারণে ব্রেন স্ট্রোকও হতে পারে।","সাম্প্রতিক এক গবেষণায় উঠে এসেছে যে, মাড়ির রোগ কেবল হৃদরোগের সাথেই সীমাবদ্ধ নয়, বরং এটি মস্তিষ্কে স্ট্রোকের কারণও হতে পারে।",30.75105589099985,,56.0
তার আগেই লকডাউনের অধিকাংশ বিধিনিষেধ তুলে নেওয়া হয়েছে,তার আগেই লকডাউনের বেশিরভাগ নিষেধাজ্ঞা তুলে নেওয়া হয়েছে।,লকডাউন সংক্রান্ত বেশিরভাগ কড়াকড়ি তার পূর্বেই প্রত্যাহার করে নেওয়া হয়েছে।,37.20358630200008,,57.0
এ সময় জলবসন্ত বা চিকেনপক্সসহ অন্যান্য সংক্রামক রোগও বেশি হয়,এ সময় চিকেনপক্স বা চিকেনপক্সসহ অন্যান্য সংক্রামক রোগ বেশি দেখা যায়।,এই সময়ে জলবসন্ত বা চিকেনপক্সসহ আরও নানা সংক্রামক রোগের প্রাদুর্ভাব বেড়ে যায়।,26.72973022700012,,58.0
বিশেষ করে শিশুদের ঝুঁকি বেশি,শিশুরা বিশেষ করে ঝুঁকির মধ্যে রয়েছে।,বিশেষত শিশুদের ক্ষেত্রে বিপদের আশঙ্কা অধিক।,38.78761011000006,,59.0
লিউকোপ্লাকিয়ার পরীক্ষানিরীক্ষা  লিউকোপ্লাকিয়ার সাদা দাগ ধীরে ধীরে বিস্তার লাভ করে,লিউকোপ্লাকিয়া পরীক্ষা লিউকোপ্লাকিয়ার সাদা ছোপ ধীরে ধীরে বিকাশ লাভ করে।,"লিউকোপ্লাকিয়ার পরীক্ষায় দেখা যায় যে, এর সাদা দাগগুলো ধীরে ধীরে ছড়িয়ে পড়ে।",25.663990040000044,,60.0
আগে সন্তান ধারণের সময়ও গর্ভকালীন ডায়াবেটিস ছিল,পূর্ববর্তী গর্ভাবস্থায় গর্ভকালীন ডায়াবেটিস ছিল।,পূর্ববর্তী গর্ভাবস্থায়ও গর্ভকালীন ডায়াবেটিস দেখা দিয়েছিল।,30.449081324999952,,61.0
বিএমডি দ্বারা হাড়ের ঘনত্ব সঠিকভাবে নির্ণয় করে হাড় ভাঙার ঝুঁকি এবং এর সঠিক চিকিৎসা নির্ধারণ করা যায়,"সঠিকভাবে হাড়ের ঘনত্ব পরিমাপ করে, BMD ফ্র্যাকচারের ঝুঁকি এবং উপযুক্ত চিকিৎসা নির্ধারণে সাহায্য করতে পারে।",বিএমডি পরীক্ষার মাধ্যমে হাড়ের ঘনত্ব নিখুঁতভাবে পরিমাপ করে হাড় ভাঙার আশঙ্কা ও তার যথাযথ চিকিৎসা নির্ধারণ করা সম্ভব।,33.806377225000006,,62.0
তাই স্বাদু পানির মাছেও আয়োডিন খুব বেশি থাকে না,তাই মিঠা পানির মাছেও খুব বেশি আয়োডিন থাকে না।,সেকারণে মিঠা পানির মাছেও আয়োডিনের পরিমাণ তেমন বেশি হয় না।,23.78848603099982,,63.0
 মহামারির শুরু থেকে এ পর্যন্ত মোট শনাক্তের হার ১৩ দশমিক ২১ শতাংশ,মহামারী শুরুর পর থেকে মোট সনাক্তকরণের হার 13.21 শতাংশ।,মহামারি শুরুর পর থেকে এখন পর্যন্ত সামগ্রিক শনাক্তের হার ১৩ দশমিক ২১ শতাংশে দাঁড়িয়েছে।,31.40005413500012,,64.0
 যাদের ডায়াবেটিস আছে তাদের ১০ শতাংশ এই টাইপ ওয়ানে আক্রান্ত,ডায়াবেটিস রোগীদের প্রায় 10 শতাংশের টাইপ 1 ডায়াবেটিস রয়েছে।,ডায়াবেটিস রোগীদের মধ্যে ১০ শতাংশ এই টাইপ ওয়ান ডায়াবেটিসে আক্রান্ত হয়ে থাকেন।,29.4374944409999,,65.0
এর আগে বিশ্বের অনেক দেশ টিকা গ্রহণের পর রোগীর প্রধান রক্তনালীতে রক্তচাপ বেড়ে যাওয়ার খবরে অ্যাস্ট্রাজেনেকার ভ্যাকসিন ব্যবহার স্থগিত করে,"এর আগে, ভ্যাকসিন গ্রহণের পর রোগীদের প্রধান রক্তনালীতে রক্তচাপ বেড়ে যাওয়ার খবরে বিশ্বের অনেক দেশ অ্যাস্ট্রাজেনেকার ভ্যাকসিনের ব্যবহার স্থগিত করেছিল।","ইতিপূর্বে বিশ্বের বহু দেশ অ্যাস্ট্রাজেনেকার টিকা প্রয়োগ স্থগিত করেছিল, টিকা গ্রহণের পর রোগীদের প্রধান রক্তনালীতে রক্তচাপ বৃদ্ধির খবরের পরিপ্রেক্ষিতে।",43.90623753400018,,66.0
অভিভাবককে ১৪ দিন আইসোলেশনে থাকতে হবে এবং এটিকে স্বাভাবিকভাবে নিতে হবে,অভিভাবককে 14 দিনের জন্য বিচ্ছিন্ন অবস্থায় থাকতে হবে এবং সাধারণত এটি গ্রহণ করতে হবে।,অভিভাবককে ১৪ দিন আইসোলেশনে কাটাতে হবে এবং বিষয়টিকে স্বাভাবিকভাবেই মেনে নিতে হবে।,39.51168476399994,,67.0
ফুসফুস ছাড়া হৃদযন্ত্রও আক্রান্ত হতে পারে,ফুসফুস ছাড়াও হার্টও আক্রান্ত হতে পারে।,"কেবল ফুসফুস নয়, হৃদপিণ্ডও আক্রান্ত হতে পারে।",34.935663705000024,,68.0
"শুষ্কতা
সারা দিন পানি পান না করার কারণে মুখে লালা নিঃসরণ কমে যাওয়ায় মুখ শুষ্ক হয়ে পড়ে",শুষ্কতা সারাদিন পানি না খাওয়ার কারণে মুখের লালা নিঃসরণ কমে যায় এবং মুখ শুষ্ক হয়ে যায়।,"সারাদিন পানি না খাওয়ার ফলে মুখে লালা উৎপাদন কমে যায়, যার কারণে মুখ শুকিয়ে শুষ্কতার সৃষ্টি হয়।",40.08920094999985,,69.0
"এবারের ১০ম আন্তর্জাতিক এই ফোরামে ২৪টি দেশের ৪৩ জন আইএফসি প্রতিনিধি, নীতিনির্ধারক, শীর্ষ খাদ্য উৎপাদক, নির্মাতা, খুচরা বিক্রেতা, পর্যটন কোম্পানি, কোল্ড চেইন লজিস্টিক সরবরাহকারী, ভোক্তা সংস্থা এবং অন্যান্য মূল স্টেকহোল্ডারসহ ৩০০ জন প্রতিনিধিসহ অংশগ্রহণ করবেন","এই 10তম আন্তর্জাতিক ফোরামে 24টি দেশের 43 জন IFC প্রতিনিধি, নীতি নির্ধারক, শীর্ষ খাদ্য উৎপাদনকারী, প্রস্তুতকারক, খুচরা বিক্রেতা, পর্যটন কোম্পানি, কোল্ড চেইন লজিস্টিক প্রদানকারী, ভোক্তা সংস্থা এবং 300 জন প্রতিনিধি সহ অন্যান্য মূল স্টেকহোল্ডাররা অংশগ্রহণ করবেন।","চলতি বছরের দশম আন্তর্জাতিক এই ফোরামে ২৪টি দেশের ৪৩ জন আইএফসি প্রতিনিধি, নীতিনির্ধাতা, শীর্ষ খাদ্য উৎপাদনকারী, প্রস্তুতকারক, খুচরা বিক্রেতা, পর্যটন সংস্থা, কোল্ড চেইন লজিস্টিকস সরবরাহকারী, ভোক্তা সংগঠন ও অন্যান্য গুরুত্বপূর্ণ অংশীজনের সমন্বয়ে মোট ৩০০ জন প্রতিনিধি অংশ নেবেন।",38.47292899700005,,70.0
চাকাগুলো শক্ত যেমন ফাইব্রোডেনোমা বা ক্যানসার বা তরলে ভরা যেমন সিস্ট কি না তা নির্ধারণ করতে আলট্রাসাউন্ড পরিপূরক তথ্য প্রদান করে যা একটি ম্যামোগ্রাম পেতে পারে না,"আল্ট্রাসাউন্ড অতিরিক্ত তথ্য প্রদান করে যা একটি ম্যামোগ্রাম নিশ্চিত করতে পারে না যে পিণ্ডগুলি শক্ত কিনা, যেমন ফাইব্রোডেনোমাস বা ক্যান্সারযুক্ত, বা তরল ভরা, যেমন সিস্ট।","পিণ্ডগুলো ফাইব্রোডেনোমা বা ক্যানসারের মতো শক্ত নাকি সিস্টের মতো তরলপূর্ণ, তা সনাক্ত করার জন্য আলট্রাসাউন্ড অতিরিক্ত তথ্য প্রদান করে, যা ম্যামোগ্রামের মাধ্যমে পাওয়া সম্ভব নয়।",40.13939921300016,,71.0
ভিটামিনসি বা অ্যাসকরবিক এসিড আয়রন শোষণে সাহায্য করে,ভিটামিন সি বা অ্যাসকরবিক অ্যাসিড আয়রন শোষণে সাহায্য করে।,আয়রন শোষণ প্রক্রিয়ায় ভিটামিন সি বা অ্যাসকরবিক এসিড সহায়ক ভূমিকা পালন করে।,24.766943158000004,,72.0
আর এই কাজটি কে করবে   সরকার ও নীতি নির্ধারকদেরকে এ কাজে এগিয়ে আসতে হবে,"আর এ কাজ কারা করবে, এ কাজে সরকার ও নীতিনির্ধারকদের এগিয়ে আসতে হবে।",এই কাজটি করার দায়িত্ব কার? সরকার ও নীতিনির্ধারকদেরই এগিয়ে এসে এই উদ্যোগ নিতে হবে।,25.48957691299984,,73.0
 এ ছাড়াও অন্যান্য প্রায় সবগুলো হাসপাতালেই শয্যা ফাঁকা রয়েছে,এ ছাড়া বাকি প্রায় সব হাসপাতালেই শয্যা খালি রয়েছে।,এর পাশাপাশি বাকি প্রায় সকল হাসপাতালেই শয্যা খালি পড়ে আছে।,25.668913849999853,,74.0
তাতে দিনে শনাক্তের হার হয়েছে শূন্য দশমিক ৪৪ শতাংশ,প্রতিদিন সনাক্তকরণের হার 0.44 শতাংশ।,এর ফলে দৈনিক শনাক্তের হার দাঁড়িয়েছে শূন্য দশমিক ৪৪ শতাংশে।,29.73075849099996,,75.0
শরীরের পানিশূন্যতা পূরণ করে ক্লান্তি দূর করতে পানি এবং পানীয়জাতীয় খাবারের কোনো বিকল্প নেই,শরীরের হাইড্রেশন পূরণ করতে এবং ক্লান্তি দূর করতে পানি ও পানীয়ের কোনো বিকল্প নেই।,শরীরের পানির চাহিদা মেটিয়ে ক্লান্তি দূর করার ক্ষেত্রে পানি ও তরল খাবারের বিকল্প কিছুই হতে পারে না।,32.63073833400017,,76.0
ভিটামিন সি নিউরোট্রান্সমিটার উৎপাদনের জন্য অপরিহার্য,ভিটামিন সি নিউরোট্রান্সমিটার উৎপাদনের জন্য অপরিহার্য।,নিউরোট্রান্সমিটার সংশ্লেষণের জন্য ভিটামিন সি একান্ত প্রয়োজনীয়।,31.729475286000024,,77.0
যেমন পেটের আলট্রাসনোগ্রাম বা প্যাপস স্মিয়ার পরীক্ষা,যেমন পেটের আল্ট্রাসাউন্ড বা প্যাপ স্মিয়ার পরীক্ষা,উদাহরণস্বরূপ উদরের আল্ট্রাসনোগ্রাম অথবা প্যাপ স্মিয়ার টেস্ট।,29.779510573999914,,78.0
মেন্যু সিলেকশন সঠিকভাবে করতে হবে যেন তা থেকে সব পুষ্টি উপাদান পাওয়া যায়,মেনু নির্বাচন সঠিকভাবে করা উচিত যাতে এটি থেকে সমস্ত পুষ্টি পাওয়া যায়।,"খাদ্যতালিকা যথাযথভাবে বেছে নিতে হবে, যাতে তা থেকে সমস্ত পুষ্টি উপাদান আহরণ করা যায়।",28.720703201999868,,79.0
তাই নিজেকে সুরক্ষিত রাখতে বিভিন্ন প্রক্রিয়াজাত মাংস ও চিজ খাওয়া থেকে বিরত থাকতে হবে,"নিজেকে রক্ষা করার জন্য, আপনাকে বিভিন্ন প্রক্রিয়াজাত মাংস এবং পনির খাওয়া এড়িয়ে চলতে হবে।",সুতরাং নিজের নিরাপত্তা নিশ্চিত করতে নানা ধরনের প্রক্রিয়াজাত মাংস ও পনির খাওয়া পরিহার করা আবশ্যক।,32.4183388030001,,80.0
মঙ্গলবার স্বাস্থ্য অধিদপ্তর থেকে পাঠানো করোনাবিষয়ক নিয়মিত সংবাদ বিজ্ঞপ্তিতে এসব তথ্য জানানো হয়েছে,মঙ্গলবার স্বাস্থ্য অধিদপ্তর থেকে পাঠানো করোনা সংক্রান্ত নিয়মিত প্রেস বিজ্ঞপ্তিতে এ তথ্য জানানো হয়।,মঙ্গলবার স্বাস্থ্য অধিদপ্তরের করোনা সংক্রান্ত নিয়মিত প্রেস বিজ্ঞপ্তিতে এই তথ্যগুলো প্রকাশ করা হয়েছে।,33.2313708879999,,81.0
সারাদিন না খেয়ে থাকার কারণে ইফতারের পর ক্লান্ত লাগতে পারে,সারাদিন না খেয়ে থাকার কারণে ইফতারের পর ক্লান্ত বোধ হতে পারে।,সারাদিন উপবাস থাকার ফলে ইফতারের পর শরীরে ক্লান্তি অনুভূত হতে পারে।,47.871618620999925,,82.0
 তবে বর্তমানে রোগীর চাপ আগের থেকে অনেক বেশি,কিন্তু আগের তুলনায় আজ রোগীর চাপ অনেক বেশি।,তবে বর্তমান সময়ে রোগীদের চাপ পূর্বের চেয়ে যথেষ্ট বেশি।,44.540008627999896,,83.0
আবার কারো কারো দাঁতে গর্ত,কারও কারও দাঁতে ছিদ্র রয়েছে।,আবার কিছু মানুষের দাঁতে পচন ধরে গর্ত হয়ে থাকে।,39.67747127999996,,84.0
যখনই কোনো একটি হরমোনের ঘাটতি নজরে আসবে অতিদ্রুত তা পূরণের চেষ্টা করতে হবে,"যখনই হরমোনের ঘাটতি লক্ষ্য করা যায়, যত তাড়াতাড়ি সম্ভব তা সংশোধন করা উচিত।",যেকোনো হরমোনের অভাব পরিলক্ষিত হওয়া মাত্রই তা পুষিয়ে নেওয়ার জন্য তৎক্ষণাৎ উদ্যোগ নিতে হবে।,29.549283113,,85.0
বিভিন্ন ভেষজ উপাদান হলুদ বেসন ও বাদামের গুঁড়ো মিশিয়ে তৈরি করা হতো এই রূপচর্চার পণ্য,"বিভিন্ন ভেষজ উপাদান, হলুদ, বেসন এবং বাদাম গুঁড়ো মিশিয়ে তৈরি করা হয়েছে এই সৌন্দর্য পণ্যটি।","নানা প্রকার ভেষজ উপাদানের সাথে হলুদ, বেসন এবং বাদামের গুঁড়ো মিশিয়ে এই রূপচর্চার পণ্যটি প্রস্তুত করা হতো।",27.084209552999937,,86.0
অবাক করা ব্যাপার হলো কোনো ধরনের ব্যথার অনুভূতি আমার হয়নি,"আশ্চর্যজনকভাবে, আমি কোন ব্যথা অনুভব করিনি।","আশ্চর্যের বিষয় এই যে, আমি কোনো প্রকার ব্যথা অনুভব করিনি।",26.459226738000098,,87.0
তাছাড়া পাইলস যখন খুব বড় হয় তখন মনে হয় মলদ্বারের চতুর্দিকের সব এলাকায় পাইলস ছড়িয়ে পড়ে,তাছাড়া পাইলস যখন অনেক বড় হয় তখন মনে হয় পাইলস মলদ্বারের আশেপাশের সব জায়গায় ছড়িয়ে পড়ে।,"এছাড়াও, পাইলস যখন অত্যধিক বৃদ্ধি পায়, তখন এমন অনুভূতি হয় যেন মলদ্বারের চারপাশের সম্পূর্ণ এলাকা জুড়েই তা বিস্তৃত হয়ে পড়েছে।",29.38084617799996,,88.0
পুষ্টিসম্পন্ন খাবার গ্রহণ এবং নিয়মিত ব্যায়ামের মাধ্যমে ওজন এখনো ৬৩ কেজিতে ধরে রাখতে সক্ষম হয়েছি,পুষ্টিকর খাবার খেয়ে এবং নিয়মিত ব্যায়াম করে আমি আমার ওজন ৬৩ কেজি ধরে রাখতে পেরেছি।,সুষম খাদ্য গ্রহণ ও নিয়মিত শরীরচর্চার ফলে আমি আজও ৬৩ কেজি ওজন বজায় রাখতে সমর্থ হয়েছি।,29.715053576000173,,89.0
৪ ঘরে ঢুকেই পরিহিত কাপড় ডিটারজেন্ট দিয়ে জীবাণুমুক্ত করতে হবে এবং হাত সাবানপানি দিয়ে কমপক্ষে ২০ সেকেন্ড ধরে ভালোভাবে ধুয়ে ফেলতে হবে,4 ঘরে ঢোকার পর পরা জামাকাপড় ডিটারজেন্ট দিয়ে জীবাণুমুক্ত করতে হবে এবং কমপক্ষে 20 সেকেন্ডের জন্য সাবান ও জল দিয়ে হাত ভালোভাবে ধুতে হবে।,ঘরে প্রবেশ করার সাথে সাথে পরনের পোশাক ডিটারজেন্ট দিয়ে ধুয়ে জীবাণুমুক্ত করতে হবে এবং সাবান ও পানি ব্যবহার করে অন্তত ২০ সেকেন্ড ধরে হাত ভালো করে পরিষ্কার করে ফেলতে হবে।,26.96835033599996,,90.0
কিন্তু এগুলোর কোনোটিই ভাইরাসটির নাম নয়,কিন্তু এগুলোর কোনোটিরই নাম ভাইরাস নয়।,তবে এদের মধ্যে একটিও ভাইরাসটির নাম নয়।,26.51355618499997,,91.0
লুপাস মাথার ত্বকে প্রদাহ সৃষ্টি করে চুল পড়ার হার বাড়িয়ে দেয়,"লুপাস মাথার ত্বকে প্রদাহ সৃষ্টি করে, চুল পড়ার হার বাড়িয়ে দেয়।","লুপাসের কারণে মাথার ত্বকে প্রদাহ দেখা দেয়, যার ফলে চুল ঝরে পড়ার হার বৃদ্ধি পায়।",32.552541695999935,,92.0
অতিরিক্ত মিষ্টিজাতীয় খাবার না খাওয়াই ভালো,বেশি মিষ্টি জাতীয় খাবার না খাওয়াই ভালো।,অতিরিক্ত মিষ্টিজাতীয় খাবার পরিহার করাই উচিত।,28.700500422000005,,93.0
ভারী ব্যায়াম শুরুর আগে বয়স ও ফিটনেস অনুযায়ী ৬ থেকে ১৫ মিনিট কিছুটা হালকা ব্যায়াম ওয়ার্মআপ করে নিতে পারেন,"ভারী ব্যায়াম শুরু করার আগে, আপনি আপনার বয়স এবং ফিটনেস স্তরের উপর নির্ভর করে কিছু হালকা ব্যায়ামের সাথে 6 থেকে 15 মিনিটের ওয়ার্ম-আপ করতে পারেন।",তীব্র শারীরিক পরিশ্রমের পূর্বে নিজের বয়স ও শারীরিক সক্ষমতা বিবেচনা করে ৬ থেকে ১৫ মিনিট ধরে হালকা কিছু শারীরিক চর্চা করে ওয়ার্ম-আপ সেরে নিতে পারেন।,49.94421044399997,,94.0
তাই ঘামাচি প্রতিরোধের জন্য বরং ঘামের বিষয়েই বেশি সচেতন থাকা প্রয়োজন,তাই চ্যাফিং প্রতিরোধে ঘামের ব্যাপারে আরও সচেতন হওয়া প্রয়োজন।,সুতরাং ঘামাচি এড়াতে হলে বরং ঘামের ব্যাপারেই অধিক সতর্ক থাকা জরুরি।,29.132442745999924,,95.0
শীতকাল এলেই যাদেরকে কানের ইনফেকশনে ভুগতে হয় তাদের জন্য পরামর্শ হচ্ছে নিয়মিত নাক পরিষ্কার করা,যারা শীতকালে কানের সংক্রমণে ভোগেন তাদের জন্য নিয়মিত নাক পরিষ্কার করার পরামর্শ দেওয়া হয়।,"শীতের মৌসুমে যারা কানের সংক্রমণে ভোগেন, তাদের নিয়মিত নাক পরিষ্কার করার পরামর্শ দেওয়া হয়।",27.89547208099998,,96.0
ব্যথানাশক ওষুধ ও এসপিরিন জাতীয় ওষুধ সেবন থেকে যথা সম্ভব বিরত থাকতে হবে এবং নিয়মিত খাবার খেতে হবে,যতটা সম্ভব ব্যথানাশক ও অ্যাসপিরিন গ্রহণ এড়িয়ে চলুন এবং নিয়মিত খাবার খান।,"যথাসম্ভব ব্যথানাশক ও এসপিরিন ঘরানার ঔষধপত্র সেবন পরিহার করা উচিত, পাশাপাশি নিয়মিত আহার করতে হবে।",30.65941669799986,,97.0
কিন্তু বাস্তবতা হলো ব্যায়ামপরবর্তী সময়ে পেশিগুলো স্বাভাবিক অবস্থায় ফিরে যাওয়ার জন্য পানি ধরে রাখে,কিন্তু বাস্তবতা হল ব্যায়ামের পর মাংসপেশি স্বাভাবিক অবস্থায় ফেরার জন্য পানি ধরে রাখে।,"তবে প্রকৃত সত্য হলো, ব্যায়ামের পরে পেশিগুলো তাদের পূর্বাবস্থায় ফিরে আসার জন্য পানি ধারণ করে।",31.68106806700007,,98.0
এর কারণে জিহ্বা খুব মসৃণ দেখা যেতে পারে,এর ফলে জিহ্বা খুব মসৃণ দেখাতে পারে।,এর ফলে জিহ্বাটি অত্যন্ত মসৃণ দেখা যেতে পারে।,41.21165691499982,,99.0
এভাবে বাক্সটি ডিপ ফ্রিজে রেখে দিলে মাছের টুকরাগুলো সুন্দরভাবে বরফে থাকবে,ডিপ ফ্রিজারে বক্সটি এভাবে রাখলে মাছের টুকরোগুলো ভালোভাবে জমে থাকবে।,এই পদ্ধতিতে বাক্সটি ডিপ ফ্রিজে সংরক্ষণ করলে মাছের টুকরোগুলো বরফের ভেতরে বেশ ভালোভাবেই জমে থাকবে।,35.2296423759999,,100.0
গত কয়েক দিন ধরে হাসপাতালটিতে ঘণ্টায় গড়ে ৮০ জন রোগী ভর্তি হচ্ছে,গত কয়েকদিন ধরে হাসপাতালে প্রতি ঘণ্টায় গড়ে ৮০ জন রোগী আসছে।,গত কয়েকদিন যাবৎ ওই হাসপাতালে প্রতি ঘণ্টায় গড়ে ৮০ জন করে রোগী ভর্তি হচ্ছে।,31.77662973399993,,101.0
 অভিযানকালে মেয়র আতিকুল ইসলাম কাউকে না জানিয়ে বিভিন্ন ওয়ার্ডে আকস্মিক পরিদর্শনে যাওয়ার ঘোষণাও দেন,প্রচারণা চলাকালে মেয়র আতিকুল ইসলামও কাউকে কিছু না জানিয়ে বিভিন্ন ওয়ার্ড পরিদর্শনের ঘোষণা দেন।,"অভিযান চলাকালে মেয়র আতিকুল ইসলাম এও ঘোষণা দেন যে, তিনি কাউকে আগে থেকে অবহিত না করে বিভিন্ন ওয়ার্ডে আকস্মিক পরিদর্শন করবেন।",32.49021872000003,,102.0
ক্রনিক বা দীর্ঘমেয়াদি অল্প অল্প ব্যথা থেকে পরে তীব্র ব্যথা হতে পারে,দীর্ঘস্থায়ী বা দীর্ঘমেয়াদী ব্যথা হালকা ব্যথা থেকে গুরুতর ব্যথা পর্যন্ত হতে পারে।,দীর্ঘস্থায়ী বা ক্রনিক সামান্য ব্যথা পরবর্তীতে তীব্র যন্ত্রণায় রূপ নিতে পারে।,25.86914478099993,,103.0
 বেশির ভাগ রোগী অর্থাৎ প্রায় ৬১ শতাংশের বেশি থাকেন উপসর্গ ছাড়াই,"বেশিরভাগ রোগী, 61 শতাংশেরও বেশি, উপসর্গহীন থেকে যায়।","প্রায় ৬১ শতাংশেরও বেশি, অর্থাৎ অধিকাংশ রোগীই কোনো উপসর্গ ছাড়াই থাকেন।",33.82781183800012,,104.0
" জামে পাওয়া গেছে অ্যালার্জিক নামে এক ধরনের এসিডের উপস্থিতি, যা ত্বককে করে শক্তিশালী","জামে অ্যালার্জি নামক এক ধরনের অ্যাসিড পাওয়া গেছে, যা ত্বককে শক্তিশালী করে।",ত্বককে শক্তিশালী করে তোলে এমন 'অ্যালার্জিক' নামের এক ধরনের এসিডের উপস্থিতি জাম ফলে পাওয়া গেছে।,26.865286088999937,,105.0
তবে এখানে টেস্ট করার বিষয়টি রোগী সংখ্যার ওপরও নির্ভর করবে,এখানে পরীক্ষা করা রোগীর সংখ্যার উপরও নির্ভর করবে।,তবুও এই স্থানে পরীক্ষা করার বিষয়টি রোগীর সংখ্যার ওপরও নির্ভরশীল হবে।,24.77191197599996,,106.0
বাড়ির আঙিনা বা বাগানের কাজেমাটি খননের সময় জুতা লম্বা প্যান্ট লম্বা হাতা শার্ট ও গ্লাভস পরিধান করা,"আপনার উঠান বা বাগানে খনন করার সময় জুতা, লম্বা প্যান্ট, লম্বা-হাতা শার্ট এবং গ্লাভস পরুন।","বাড়ির উঠান বা বাগানে মাটি খোঁড়ার সময় জুতা, লম্বা প্যান্ট, লম্বা হাতার শার্ট এবং গ্লাভস পরা উচিত।",37.775357632999885,,107.0
নবজাতকদের ওপেন হার্ট সার্জারি বাংলাদেশে খুব লিমেটেড,বাংলাদেশে নবজাতকের ওপেন হার্ট সার্জারি খুবই সীমিত।,বাংলাদেশে নবজাতকদের ওপেন হার্ট সার্জারির সুযোগ অত্যন্ত সীমিত।,19.83989483900018,,108.0
হাসপাতাল থেকে ছাড়া পাওয়ার পরদিনই কাজে যোগ দিয়েছিলাম,হাসপাতাল থেকে ছাড়ার পরদিন আমি কাজে যোগ দিয়েছিলাম।,হাসপাতাল থেকে ছাড়া পেয়ে ঠিক পরের দিনেই আমি কর্মস্থলে যোগ দিয়েছিলাম।,33.97465603399996,,109.0
সিলেট সদর থানার বর্তমান দক্ষিণ সুরমা উপজেলা নোয়াগাঁও গ্রামে জন্ম অধ্যাপক আবদুল মালিকের,আবদুল মালিকের জন্ম সিলেট সদর থানার বর্তমান দক্ষিণ সুরমা উপজেলার নোয়াগাঁও গ্রামে।,অধ্যাপক আবদুল মালিক জন্মগ্রহণ করেছিলেন সিলেট সদর থানাধীন বর্তমান দক্ষিণ সুরমা উপজেলার নোয়াগাঁও গ্রামে।,40.548946403999935,,110.0
শুধু মাথাব্যথা হলে যে কোনো পেইন কিলার সহজে কাজ করে,যেকোনো ব্যথানাশক সহজে কাজ করে যদি এটি শুধু মাথাব্যথা হয়।,সাধারণ মাথাব্যথার ক্ষেত্রে যেকোনো ব্যথানাশক ওষুধ দ্রুত কার্যকর হয়।,24.670650497,,111.0
যেমন লেখালেখি করা সেলাই করা টেনিস খেলা গলফ খেলা বা বেহালা বাজানো ইত্যাদি,"যেমন লেখা, সেলাই, টেনিস খেলা, গলফ বা বেহালা বাজানো ইত্যাদি।","উদাহরণস্বরূপ লেখালেখি, সেলাইয়ের কাজ, টেনিস ও গলফ খেলা কিংবা বেহালা বাজানো প্রভৃতি।",33.19881260099987,,112.0
উল্লেখিত সময়ে হাসপাতালে ভর্তি হয়েছেন ১ হাজার ৭৫৭ জন,উল্লেখিত সময়ে হাসপাতালে ভর্তি হয়েছেন ১ হাজার ৭৫৭ জন।,উক্ত সময়ে ১ হাজার ৭৫৭ জন রোগী হাসপাতালে ভর্তি হয়েছেন।,40.5451109600001,,113.0
"আলসারের সর্বাধিক কমন লক্ষণসমূহের মধ্যে একটি হচ্ছে, বদহজম এবং এই কারণেই আপনার ঢেকুর ওঠতে পারে","আলসারের সবচেয়ে সাধারণ লক্ষণগুলির মধ্যে একটি হল বদহজম, এবং এর ফলে আপনার ডায়রিয়া হতে পারে।","আলসারের অন্যতম প্রধান লক্ষণ হলো অজীর্ণ, যার ফলেই আপনার ঢেকুর উঠতে পারে।",34.63250695600004,,114.0
নাকের প্রতি পাশে কতগুলো সাইনাস থাকে একটি ফ্রন্টাল সাইনাস একটি ম্যাক্সিলারি সাইনাস একটি স্ফেনয়েড সাইনাস এবং কতগুলো ইথময়েড মোট  ৪১৭টি গড়ে ৯টি সাইনাস বা সম্মুখভাবে এবং পশ্চাদভাগ এ দুই গুচ্ছে বিভক্ত,নাকের প্রতিটি পাশে কয়টি সাইনাস আছে একটি ফ্রন্টাল সাইনাস একটি ম্যাক্সিলারি সাইনাস একটি স্ফেনয়েড সাইনাস এবং মোট কতটি ইথময়েড রয়েছে যার মোট 417টি গড়ে 9টি সাইনাস রয়েছে বা সামনের এবং পিছনের দিকে দুটি গ্রুপে বিভক্ত?,"নাকের দুই পাশেই একাধিক সাইনাস অবস্থিত, যার মধ্যে একটি ফ্রন্টাল, একটি ম্যাক্সিলারি, একটি স্ফেনয়েড এবং বেশ কয়েকটি ইথময়েড সাইনাস অন্তর্ভুক্ত; সম্মুখ ও পশ্চাৎ—এই দুটি ভাগে বিভক্ত এগুলোর মোট সংখ্যা ৪১৭টি এবং গড় সংখ্যা ৯টি।",51.69336652799984,,115.0
গুগল নিউজে ফলো করুন আরটিভি অনলাইনভালো সার হিসেবে কাজ করতে পারে এই রকম কয়েকটা জিনিসের নাম জেনে নিনসবজির খোসা আলু পটল ঝিঙে কুমড়া ছাড়াও যে সব সবজি ব্যবহার করেন তার খোসা একটি পাত্রে জমা করে রাখুন,"গুগল নিউজে আরটিভি অনলাইন অনুসরণ করুন কয়েকটি জিনিসের নাম জেনে নিন যা একটি ভালো সার হিসেবে কাজ করতে পারে। আলু, জুচিনি এবং কুমড়া সহ সবজির খোসা, আপনার ব্যবহার করা সব সবজির খোসা একটি পাত্রে সংরক্ষণ করুন।","গুগল নিউজে আরটিভি অনলাইনকে ফলো করুন এবং উৎকৃষ্ট সার হিসেবে ব্যবহারযোগ্য কিছু উপাদানের নাম জেনে নিন; আলু, পটল, ঝিঙে ও কুমড়ার পাশাপাশি আপনার ব্যবহৃত অন্যান্য সবজির খোসা একটি পাত্রে একত্রিত করে সংরক্ষণ করুন।",41.46611450700016,,116.0
 এই অবস্থায় ভারী জিনিস তোলা নিষেধ,এই অবস্থায় ভারী উত্তোলন নিষিদ্ধ।,এই পরিস্থিতিতে ভারী বস্তু উত্তোলন করা নিষিদ্ধ।,22.89095085000008,,117.0
দই পায়েস ফিরনি নরম খিচুড়ি খাওয়ানো যেতে পারে,দই পিস ফিরনি নরম খিচুড়ি পরিবেশন করা যেতে পারে।,"দই, পায়েস, ফিরনি এবং নরম খিচুড়ি খেতে দেওয়া যেতে পারে।",26.004111800000143,,118.0
অনেক শিশু সরাসরি দুধ বা ডিম খেতে চায় না,অনেক শিশু সরাসরি দুধ বা ডিম খেতে চায় না।,অনেক শিশুর সরাসরি দুধ পান করা বা ডিম খাওয়ার ইচ্ছা থাকে না।,25.956337249999933,,119.0
পাইলস বলতে আমরা বুঝি মলদ্বারের ভেতরে ফুলে ওঠা রক্তের শিরার একটি মাংসপিণ্ড,পাইলস বলতে আমরা বুঝি মলদ্বারের ভিতরে ফুলে যাওয়া রক্তনালীগুলির একটি পিণ্ড।,"মলদ্বারের অভ্যন্তরে ফোলা রক্তনালীর যে মাংসপিণ্ড তৈরি হয়, তাকেই পাইলস বলা হয়।",36.29363014499995,,120.0
গরমে ও রোদে বাইরে বেরোলে এমনকি ঘরেও পরিশ্রমের কাজ করলে প্রচুর ঘাম হয়,"আপনি যদি গরম এবং রোদে বাইরে যান, এমনকি আপনি বাড়িতে কঠোর পরিশ্রম করলেও আপনার প্রচুর ঘাম হবে।",রোদে ও গরমে বাইরে বের হলে কিংবা ঘরে থেকে কঠোর পরিশ্রম করলেও শরীর থেকে প্রচুর ঘাম ঝরে।,29.96542799299982,,121.0
সংস্থাটির ডিরেক্টর টেডরস অ্যাডানম গেব্রিয়াস বলেছেন এটি কোনো মহড়া চলছে না,সংস্থাটির পরিচালক টেড্রোস আধানম ঘেব্রেয়েসুস বলেছেন যে এটি কোনও অনুশীলন ছিল না।,"প্রতিষ্ঠানটির মহাপরিচালক টেডরস অ্যাডানম গেব্রিয়াস জানিয়েছেন যে, এটা কোনো ধরনের মহড়া নয়।",43.917681508999976,,122.0
লেখক  মুখ ও দন্তরোগ বিশেষজ্ঞ,লেখক মৌখিক ও দাঁতের বিশেষজ্ঞ।,লেখক পেশায় একজন দন্ত ও মুখরোগ বিশেষজ্ঞ।,35.25757888299995,,123.0
টিআইএর ক্ষেত্রেও মস্তিষ্কের কোনো রক্তনালিতে রক্ত জমাট বাঁধে কিন্তু তা সাময়িক,"টিআইএর ক্ষেত্রে, মস্তিষ্কের একটি রক্তনালীতে রক্ত ​​​​জমাট বাঁধে, তবে এটি অস্থায়ী।","টিআইএ-তেও মস্তিষ্কের কোনো রক্তনালীতে রক্ত জমাট বেঁধে যায়, তবে তা স্থায়ী নয়।",41.09857241000009,,124.0
সম্প্রতি এক নতুন গবেষণায় এমনটি দাবি করা হয়েছে,সাম্প্রতিক এক গবেষণায় এমনটাই দাবি করা হয়েছে।,সম্প্রতি একটি নতুন গবেষণায় এই বিষয়টি দাবি করা হয়েছে।,50.522879884000304,,125.0
" 
তিনি আরও জানান, এখন থেকে নতুন করে প্রসাধনী উৎপাদন করতে হলে সরকারের লাইসেন্স বা অনুমোদন নিতে হবে","তিনি আরও বলেন, নতুন প্রসাধনী উৎপাদন করতে হলে সরকারের লাইসেন্স বা অনুমোদন নিতে হবে।","তিনি এও উল্লেখ করেছেন যে, এখন থেকে নতুন করে প্রসাধনী সামগ্রী তৈরি করতে চাইলে সরকারি লাইসেন্স বা অনুমতি গ্রহণ করা বাধ্যতামূলক।",34.167110498000056,,126.0
এমনকি উচ্চ রক্তচাপ ডায়াবেটিস রক্তে অতিরিক্ত চর্বি ইত্যাদি না থাকা সত্ত্বেও এই বয়সের সবাইকেই ঈদের খাবারের ব্যাপারে বাড়তি সতর্ক থাকা দরকার,"আপনার উচ্চ রক্তচাপ, ডায়াবেটিস, রক্তে অতিরিক্ত চর্বি ইত্যাদি না থাকলেও এই বয়সের সবাইকে ঈদের খাবারের প্রতি বাড়তি সতর্ক থাকতে হবে।","এই বয়সের মানুষের রক্তে চর্বি, ডায়াবেটিস বা উচ্চ রক্তচাপের মতো কোনো সমস্যা না থাকলেও ঈদের খাবার গ্রহণের ক্ষেত্রে তাদের সবারই অতিরিক্ত সতর্কতা অবলম্বন করা প্রয়োজন।",33.46837241000003,,127.0
এ উপাদান মানবদেহে প্রোটিন তৈরি করে শরীরের ভাইরাসের বিরুদ্ধে কার্যকরী ভূমিকা রাখে,এই উপাদান মানবদেহে প্রোটিন তৈরি করে শরীরে ভাইরাসের বিরুদ্ধে কার্যকর ভূমিকা পালন করে।,মানবদেহে প্রোটিন উৎপাদন করে এই পদার্থটি শরীরের ভাইরাসের মোকাবিলায় গুরুত্বপূর্ণ ভূমিকা পালন করে।,31.45601320500009,,128.0
টাইফয়েড জ্বরের সব ক্ষেত্রে ভর্তির প্রয়োজন নাও হতে পারে,টাইফয়েড জ্বরের সমস্ত ক্ষেত্রে ভর্তির প্রয়োজন নাও হতে পারে।,টাইফয়েড জ্বরের প্রতিটি ক্ষেত্রে হাসপাতালে ভর্তি হওয়ার দরকার নাও পড়তে পারে।,39.06996378399981,,129.0
 কিন্তু তৃতীয় স্তরের ধূমপানে ক্ষতি বেশি হতে পারে,তবে তৃতীয় ডিগ্রি ধোঁয়ায় ক্ষতি বেশি হতে পারে।,তবে তৃতীয় স্তরের ধূমপানের ফলে অধিক ক্ষতি হওয়ার সম্ভাবনা রয়েছে।,25.016571152000324,,130.0
 আম পছন্দ করেন না এমন মানুষ খুঁজে পাওয়া ভার,আম পছন্দ করেন না এমন মানুষ খুঁজে পাওয়া কঠিন।,আম অপছন্দ করে এমন ব্যক্তি খুঁজে পাওয়া বড়ই দুষ্কর।,32.57852437299971,,131.0
চিনি গলে গেলে গোলানো কর্নফ্লাওয়ার দিয়ে নাড়তে থাকুন,চিনি গলে গেলে তাতে কর্নফ্লাওয়ার দিয়ে নাড়ুন।,চিনি গলে যাওয়ার পর কর্নফ্লাওয়ারের মিশ্রণ যোগ করে নাড়তে থাকুন।,29.24994116299968,,132.0
সাধারনত পাশ্চাত্যের দেশগুলোতে সচেতন নারীরা স্তন ক্যান্সার বিষয়টি অত্যন্ত গুরুত্ব সহকারে বিবেচনা করেন,"সাধারণভাবে, পশ্চিমা দেশগুলির মহিলারা স্তন ক্যান্সারকে খুব গুরুত্ব সহকারে নেয়।",পশ্চিমা দেশগুলির সচেতন নারীরা সাধারণত স্তন ক্যান্সারের বিষয়টিকে খুবই গুরুত্বের সাথে বিবেচনা করে থাকেন।,35.883073891000095,,133.0
 কোনো কোনো ওষুধ বুক জ্বালার সমস্যাটা বাড়িয়ে দিতে পারে যেমন অ্যাসপিরিনব্যাথানাশক,"কিছু ওষুধ অম্বলকে আরও খারাপ করে তুলতে পারে, যেমন ব্যথা উপশমকারী অ্যাসপিরিন।",অ্যাসপিরিন ও ব্যথানাশক জাতীয় কিছু ওষুধ বুক জ্বালার সমস্যা আরও তীব্র করে তুলতে পারে।,30.871979603,,134.0
শীতকালে উত্তর গোলার্ধে দিনের আলো গ্রীষ্মকালের চেয়ে কম সময় ধরে পাওয়া যায় আলোর তীব্রতাও বেশ কম থাকে,"উত্তর গোলার্ধে, গ্রীষ্মের তুলনায় শীতকালে দিনের আলোর সময় কম হয় এবং আলোর তীব্রতাও অনেক কম।","উত্তর গোলার্ধে শীতকালে গ্রীষ্মের তুলনায় দিনের আলোর স্থিতিকাল যেমন কম থাকে, তেমনি আলোর তীব্রতাও অনেক কমে যায়।",38.3622714029998,,135.0
"এক প্রশ্নের জবাবে সেলিম রেজা বলেন, ‘ডেঙ্গুর প্রকোপ রোধে জনগণকে সচেতন ও সম্পৃক্ত করতে আমরা ডিএনসিসির কাউন্সিলর ও কর্মকর্তাদের পাশাপাশি বিএনসিসি ও স্কাউটকে যুক্ত করেছি","এক প্রশ্নের জবাবে সেলিম রেজা বলেন, ডেঙ্গুর প্রাদুর্ভাব প্রতিরোধে জনগণকে সংবেদনশীল ও সম্পৃক্ত করতে আমরা ডিএনসিসি কাউন্সিলর ও কর্মকর্তাদের পাশাপাশি বিএনসিসি ও স্কাউটদের নিযুক্ত করেছি।","সেলিম রেজা এক প্রশ্নের উত্তরে জানান, ডেঙ্গু প্রতিরোধে জনগণকে সচেতন ও সম্পৃক্ত করার লক্ষ্যে ডিএনসিসির কাউন্সিলর ও কর্মকর্তাদের পাশাপাশি বিএনসিসি ও স্কাউটদেরও যুক্ত করা হয়েছে।",40.112496973999896,,136.0
বাংলাদেশ সায়েন্স ফিকশন সোসাইটির সভাপতি বহুমাত্রিক লেখক মোশতাক আহমেদের সভাপতিত্বে মোড়ক উন্মোচন উৎসবে অংশ নেন সায়েন্স ফিকশন লেখক দীপু মাহমুদ মোস্তফা কামাল মিজানুর রহমান কল্লোল মুহাম্মদ মনিরুল হুদা কমলেশ রায় ইউনূস আহমেদ বদরুল আলম বিশ্বজিৎ দাসআসমা উল হুসনা সঞ্চিতা সাইফ ইমন ইফতেখার শিবলী খোন্দকার মেহেদী হাসান সরকার হুমায়ূনসহ সায়েন্স ফিকশন লেখক ও কয়েক শতাধিক পাঠক,মোড়ক উন্মোচন অনুষ্ঠানে অংশ নেন বাংলাদেশ সায়েন্স ফিকশন সোসাইটির সভাপতি মোশতাক আহমেদ। সায়েন্স ফিকশন লেখক হুমায়ুনসহ শত শত পাঠক,"বাংলাদেশ সায়েন্স ফিকশন সোসাইটির সভাপতি ও বহুমুখী লেখক মোশতাক আহমেদের সভাপতিত্বে আয়োজিত মোড়ক উন্মোচন অনুষ্ঠানে দীপু মাহমুদ, মোস্তফা কামাল, মিজানুর রহমান কল্লোল, মুহাম্মদ মনিরুল হুদা, কমলেশ রায়, ইউনূস আহমেদ, বদরুল আলম, বিশ্বজিৎ দাস, আসমা উল হুসনা, সঞ্চিতা, সাইফ ইমন, ইফতেখার, শিবলী, খোন্দকার মেহেদী হাসান, সরকার হুমায়ূনসহ অন্যান্য বিজ্ঞান কল্পকাহিনি লেখক এবং শত শত পাঠক উপস্থিত ছিলেন।",50.01241799699983,,137.0
"লেখক  মুখ ও দন্তরোগ বিশেষজ্ঞ
drfaruqugmailcom",লেখক একজন মৌখিক ও দন্ত বিশেষজ্ঞ ডঃফারুক জিমেইলকম।,"গ্রন্থকার একজন মুখ ও দন্ত চিকিৎসক, যার ইমেইল drfaruqugmailcom।",35.693038486000205,,138.0
দুধ সহজেই নানা রকম জীবাণু দ্বারা সংক্রামিত হতে পারে তাই কাঁচা দুধ বা একবার ফোটানো ঠান্ডা দুধ খেতে হলে পুনরায় ফুটিয়ে নিতে হবে,"দুধ সহজেই বিভিন্ন ব্যাকটেরিয়া দ্বারা দূষিত হতে পারে, তাই কাঁচা দুধ বা ঠান্ডা দুধ যা একবার সিদ্ধ করা হয়েছে তা আবার ফুটিয়ে নিতে হবে।","দুধে খুব সহজেই নানা ধরনের জীবাণুর সংক্রমণ ঘটতে পারে, তাই কাঁচা অথবা আগে ফুটিয়ে ঠান্ডা করা দুধ পান করার আগে তা অবশ্যই আরেকবার ফুটিয়ে নিতে হবে।",32.38554662000024,,139.0
তা না হলে এসময় শিশুর ইলেকট্রিক গিটারের শব্দও মারাত্মক ক্ষতি করে,তা না হলে শিশুর ইলেকট্রিক গিটারের শব্দও মারাত্মক ক্ষতির কারণ হতে পারে।,"অন্যথায়, এই সময়ে শিশুর ইলেকট্রিক গিটারের আওয়াজও ভয়াবহ ক্ষতির কারণ হয়ে দাঁড়ায়।",42.464500972000224,,140.0
এ সময় শিশুর হাতপা একটু ফোলা ফোলা ও বেশ লালচে দেখা যায়,এ সময় শিশুর হাত-পা সামান্য ফোলা এবং বেশ লাল দেখা যেতে পারে।,এই সময়ে শিশুর হাত ও পা কিছুটা ফোলা এবং বেশ লালচে দেখায়।,36.22979424799996,,141.0
গ্লুকোমাজনিত অন্ধত্বের কোনো প্রতিকার নেই প্রতিরোধই একমাত্র উপায়,"গ্লুকোমা অন্ধত্বের কোন প্রতিকার নেই, প্রতিরোধই একমাত্র উপায়।","গ্লুকোমার কারণে সৃষ্ট অন্ধত্বের কোনো চিকিৎসা নেই, তাই এটি প্রতিরোধ করাই হলো একমাত্র সমাধান।",35.342095023000184,,142.0
অন্যদিকে শরীরের অনেক রোগের প্রাথমিক উপসর্গ মুখে দেখা যেতে পারে যেমন বিভিন্ন ভিটামিনের অভাব রক্ত স্বল্পতা হরমোনের তারতম্যতা ব্লাড ক্যান্সার থেকে শুরু করে রক্তের কোনো রোগ অনিয়ন্ত্রিত ডায়াবেটিস লিভার বা কিডনি রোগ গ্যাস্ট্রিক এসিডিটি হার্টের ব্যথা চোয়ালে অনুভব থেকে মরণব্যাধি এইডস পর্যন্ত,"অন্যদিকে শরীরের অনেক রোগের প্রাথমিক লক্ষণ দেখা যায় মুখে, যেমন বিভিন্ন ভিটামিনের ঘাটতি, রক্তের ঘাটতি, হরমোনের পরিবর্তন, ব্লাড ক্যান্সার থেকে শুরু করে যেকোনো রক্তের রোগ, অনিয়ন্ত্রিত ডায়াবেটিস, লিভার বা কিডনির রোগ, গ্যাস্ট্রিক। অ্যাসিডিটি, হার্টের ব্যথা, চোয়ালের ব্যথা থেকে মরণব্যাধি এইডস পর্যন্ত।","এর বিপরীতে, মুখেই শরীরের বহু রোগের আদি লক্ষণসমূহ প্রকাশ পায়, যার মধ্যে রয়েছে নানা ধরনের ভিটামিনের ঘাটতি, রক্তশূন্যতা, হরমোনের অসামঞ্জস্য, ব্লাড ক্যান্সারসহ বিভিন্ন রক্তজনিত রোগ, নিয়ন্ত্রণহীন ডায়াবেটিস, লিভার ও কিডনির সমস্যা, গ্যাস্ট্রিকের অ্যাসিডিটি, হৃদযন্ত্রের ব্যথা, চোয়ালের অস্বস্তি থেকে শুরু করে প্রাণঘাতী এইডস পর্যন্ত।",49.88952711499997,,143.0
ক্যালসিয়ামের পরীক্ষা ইউরিক এসিডের পরিমাণ শরীরে বাত আছে কি না এসব পরীক্ষা করতে হয়,ক্যালসিয়াম পরীক্ষা শরীরে ইউরিক অ্যাসিডের পরিমাণ বাত আছে কি না তা অবশ্যই পরীক্ষা করতে হবে।,শরীরে ক্যালসিয়াম ও ইউরিক এসিডের মাত্রা নির্ণয় এবং বাত রোগ আছে কি না তা জানতে এই সমস্ত পরীক্ষাগুলো করানো আবশ্যক।,24.293601210999896,,144.0
"বিএনপিকে উদ্দেশ্য করে জাহিদ মালেক বলেন, তারাও দেশে ক্ষমতায় ছিলেন, কিন্তু এলাকায় কোনো উন্নয়ন করেনি","জাহিদ মালেক বিএনপিকে উদ্দেশ্য করে বলেন, তারাও দেশে ক্ষমতায় থাকলেও এলাকায় কোনো উন্নয়ন করেনি।","বিএনপির উদ্দেশে জাহিদ মালেক বলেছেন, একসময় তারাও দেশের শাসনক্ষমতায় ছিল, কিন্তু স্থানীয় পর্যায়ে কোনো উন্নয়নমূলক কাজ সম্পন্ন করেনি।",32.526946788999794,,145.0
কোনো রোগেই রোজা নিষেধ নয়,কোনো রোগে রোজা রাখা হারাম নয়।,কোনো অসুস্থতায় রোজা রাখা নিষিদ্ধ নয়।,27.719910188000085,,146.0
 নিশ্চিত করুন যে সে হালকা পোশাক পরে আছে,তিনি হালকা পোশাক পরেন তা নিশ্চিত করুন।,নিশ্চিত হোন যে সে পাতলা পোশাক পরিধান করে আছে।,30.325669780000226,,147.0
খুব প্রয়োজন না পড়লে বাইরে যাবেন না,একান্ত প্রয়োজন ছাড়া বাইরে যাবেন না।,একান্ত প্রয়োজন না হলে বাইরে বের হবেন না।,19.830526183000075,,148.0
দুঃখ পেয়ে সে কান্নার বদলে ভায়োলেন্ট আচরণ করতে পারে,"দু: খিত হলে, সে কাঁদার পরিবর্তে হিংস্র আচরণ করতে পারে।",দুঃখ পেয়ে সে কাঁদার পরিবর্তে হিংস্র আচরণ প্রদর্শন করতে পারে।,32.004191485999854,,149.0
থাইরয়েড গ্লান্ডের কার্যকারিতা হ্রাস বা হাইপোথায়রয়েডিজম  আয়োডিনের অভাবে হাইপোথায়রয়েডিজম হতে পারে,থাইরয়েড গ্রন্থি বা হাইপোথাইরয়েডিজম আয়োডিনের অভাবের কারণে হাইপোথাইরয়েডিজম হতে পারে।,"আয়োডিনের ঘাটতির কারণে থাইরয়েড গ্রন্থির কার্যকারিতা কমে যেতে পারে, এই অবস্থাকেই হাইপোথায়রয়েডিজম বলা হয়।",31.410449183999845,,150.0
তেমনিভাবে যে কোনো বয়সী মানুষের মস্তিষ্কের রক্তনালিতে এই ক্লট জমাট বাঁধলে ভেনাস সাইনাস থ্রোম্বোসিসসহ বড় রক্তনালির ব্লক হয়ে ব্রেন স্ট্রোক হতে পারে,"একইভাবে, যে কোনও বয়সের মানুষের মধ্যে, যখন এই জমাট বাঁধা মস্তিষ্কের রক্তনালীতে তৈরি হয়, তখন এটি শিরাস্থ সাইনাস থ্রম্বোসিস সহ বড় রক্তনালীগুলিকে ব্লক করতে পারে এবং ব্রেন স্ট্রোকের দিকে পরিচালিত করতে পারে।","অনুরূপভাবে, যেকোনো বয়সের ব্যক্তির মস্তিষ্কের রক্তনালীতে এই ক্লট জমাট বাঁধার ফলে ভেনাস সাইনাস থ্রোম্বোসিসসহ বৃহৎ রক্তনালীগুলো অবরুদ্ধ হয়ে মস্তিষ্কে স্ট্রোক হওয়ার সম্ভাবনা থাকে।",33.702512079999906,,151.0
৩ হাঁটা এবং শরীরচর্চার জন্য পর্যাপ্ত সবুজ জায়গার ব্যবস্থা করা আবশ্যক,3 হাঁটা এবং ব্যায়াম জন্য পর্যাপ্ত সবুজ স্থান প্রদান করা আবশ্যক.,৩. হাঁটা ও শরীরচর্চার জন্য যথেষ্ট সবুজ এলাকার ব্যবস্থা করা একান্ত প্রয়োজন।,29.26249172300004,,152.0
সেমিনার শেষে মুক্ত প্রশ্নোত্তর পর্ব অনুষ্ঠিত হয়,সেমিনার শেষে উন্মুক্ত প্রশ্নোত্তর পর্ব অনুষ্ঠিত হয়।,সেমিনারের সমাপ্তিতে একটি উন্মুক্ত প্রশ্নোত্তর পর্বের আয়োজন করা হয়।,23.282875469999908,,153.0
তাই যত্নের আগে মাথার ত্বকের ধরন বুঝে নিন,তাই যত্ন নেওয়ার আগে আপনার মাথার ত্বকের ধরন বুঝে নিন।,"সেহেতু, যত্ন নেওয়ার পূর্বে মাথার ত্বকের প্রকৃতি ভালো করে চিনে নিন।",33.919474610999714,,154.0
এই মশা বংশবিস্তার করে ফুলের টবের নিচের জলকান্দার পানিতে বৃষ্টির দিনে রাস্তার ধারে জমা পানি নির্মাণসামগ্রীতে থাকা পানি পেপসির ক্যান নারিকেলের খোলায় জমা পানিতে,"এই মশা ফুলের টবের নিচে পুকুরে, বৃষ্টির দিনে রাস্তার ধারে দাঁড়িয়ে থাকা জল, নির্মাণ সামগ্রীতে দাঁড়িয়ে থাকা জল, পেপসির ক্যানে দাঁড়িয়ে থাকা জল, নারকেল খোলা ইত্যাদিতে বংশবিস্তার করে।","ফুলের টবের নিচের জলা, বৃষ্টির দিনে রাস্তার পাশে জমে থাকা পানি, নির্মাণসামগ্রীর ফাঁকে আটকে থাকা জল, পেপসির ক্যান ও নারিকেলের খোলায় জমা পানিতে এই মশা বংশবৃদ্ধি করে থাকে।",38.77784630999986,,155.0
গ্লুকোমাজনিত অন্ধ লোকের সংখ্যা প্রায় ৮ মিলিয়ন,গ্লুকোমার কারণে প্রায় 8 মিলিয়ন মানুষ অন্ধ।,গ্লুকোমার কারণে দৃষ্টিহারা মানুষের সংখ্যা আনুমানিক ৮ মিলিয়ন।,33.627998060999744,,156.0
মাঝারি আকারের খেজুর হলে তা একটি খাওয়াই যথেষ্ট,যদি এটি মাঝারি আকারের খেজুর হয় তবে একটি খাওয়াই যথেষ্ট।,"খেজুর যদি মাঝারি মাপের হয়, তবে একটি খেলেই যথেষ্ট।",32.938761816999886,,157.0
এই স্পাইক প্রোটিনগুলো প্রভাবিত ব্যক্তিদের মধ্যে দীর্ঘস্থায়ী প্রদাহ সৃষ্টি করে এবং নিউরোডিজেনারেটিভ রোগের ঝুঁকি বাড়ায়,এই স্পাইক প্রোটিনগুলি আক্রান্ত ব্যক্তিদের মধ্যে দীর্ঘস্থায়ী প্রদাহ সৃষ্টি করে এবং নিউরোডিজেনারেটিভ রোগের ঝুঁকি বাড়ায়।,এই স্পাইক প্রোটিনগুলির কারণে আক্রান্ত ব্যক্তিদের শরীরে দীর্ঘস্থায়ী প্রদাহ দেখা দেয় এবং নিউরোডিজেনারেটিভ রোগের আশঙ্কা বৃদ্ধি পায়।,37.98077102100024,,158.0
সহকারী অধ্যাপক সিলেট এমএজি ওসমানী মেডিকেল কলেজ সিলেট,সিলেটের এমএজি ওসমানী মেডিকেল কলেজ সিলেটের সহকারী অধ্যাপক ডা,সিলেটের এম এ জি ওসমানী মেডিকেল কলেজের সহকারী অধ্যাপক।,31.57093656699999,,159.0
১ টক্সিক মানুষেরা সাধারণত কোনো কিছুর দায়িত্ব নিতে চায় না,1 বিষাক্ত ব্যক্তিরা সাধারণত কোনো কিছুর দায়িত্ব নিতে চান না।,১ টক্সিক ব্যক্তিরা সচরাচর কোনো বিষয়ের দায়ভার নিতে আগ্রহী হয় না।,30.98192301300014,,160.0
সরকার সব সময় এটাকে প্রাধান্য দিয়ে কাজ করেছেন,সরকার সব সময় এটাকে অগ্রাধিকার দিয়েছে।,সর্বদা এই বিষয়টিকে অগ্রাধিকার দিয়েই সরকার তাদের কার্যক্রম পরিচালনা করে এসেছে।,30.94187260400031,,161.0
এই নিউরোকেমিক্যাল সমস্যার কারণে মাইগ্রেন হওয়ার আগেই কিছু প্রি সিম্পটম দেখা যায়,এই নিউরোকেমিক্যাল সমস্যার কারণে মাইগ্রেন শুরু হওয়ার আগে কিছু উপসর্গ দেখা দেয়।,নিউরোকেমিক্যাল এই সমস্যার দরুন মাইগ্রেন আক্রমণের পূর্বেই কিছু পূর্বলক্ষণ প্রকাশ পায়।,34.80648380599996,,162.0
"হাইপোথায়রয়েডিজমের যে লক্ষণগুলো দেখা দেয়
 অবসাদগ্রস্ত হওয়া সাথে অলসতা ঘুমঘুম ভাব",হাইপোথাইরয়েডিজমের লক্ষণ অলসতার সাথে তন্দ্রা,"হাইপোথায়রয়েডিজমের যেসব উপসর্গ প্রকাশ পায়, তার মধ্যে রয়েছে বিষণ্নতা, শারীরিক অলসতা এবং তন্দ্রাচ্ছন্ন ভাব।",29.438418831000035,,163.0
তবে এর মাত্রা ৩ ৪ ৫ ও ৬ শতাংশের বেশি হবে না,"তবে এর মাত্রা ৩, ৪, ৫ ও ৬ শতাংশের বেশি হবে না।","তথাপি এর হার ৩, ৪, ৫ এবং ৬ শতাংশের ঊর্ধ্বে যাবে না।",30.626500029,,164.0
চর্বি ছাড়া গরুর মাংসে অর্থাৎ লিনকাট মাংসে যেহেতু চর্বির পরিমাণ অনেক কম থাকে ও প্রচুর প্রোটিন থাকে তাই ৩ আউন্স চর্বি ছাড়া মাংসে মাত্র ১৮০ ক্যালরি শক্তি থাকে কিন্তু ১০টিরও বেশি জরুরি খাদ্য উপাদান থাকে,"যেহেতু চর্বিহীন গরুর মাংস বা লিনকাটে চর্বি কম এবং প্রোটিন বেশি, তাই চর্বিহীন গরুর মাংসের একটি 3-আউন্স পরিবেশন মাত্র 180 ক্যালোরি ধারণ করে কিন্তু 10টিরও বেশি প্রয়োজনীয় পুষ্টি ধারণ করে।","লিনকাট বা চর্বিহীন গরুর মাংসে প্রোটিনের প্রাচুর্য এবং চর্বির স্বল্পতার কারণে, ৩ আউন্স পরিমাণ মাংসে মাত্র ১৮০ ক্যালরি শক্তি থাকলেও তাতে ১০টির অধিক অপরিহার্য পুষ্টি উপাদান বিদ্যমান।",28.46085775300025,,165.0
তার ওই স্বীকারোক্তিতে তুমুল বিতর্ক ও নানা প্রতিক্রিয়া সৃষ্টি হয়,তার এই স্বীকারোক্তিতে ব্যাপক বিতর্ক ও নানা প্রতিক্রিয়ার সৃষ্টি হয়।,তার ওই স্বীকারোক্তির কারণে তীব্র বিতর্ক ওঠে এবং বিভিন্ন মহলে নানা ধরনের প্রতিক্রিয়া দেখা দেয়।,30.60476282899981,,166.0
তবে এ সময় ভাইরাসটিতে কারও মৃত্যুর তথ্য দেয়নি স্বাস্থ্য বিভাগ,তবে এ ভাইরাসে আক্রান্ত হয়ে কারো মৃত্যুর খবর জানায়নি স্বাস্থ্য বিভাগ।,তবে এই সময়ে উক্ত ভাইরাসে কারও মৃত্যুর কোনো তথ্য স্বাস্থ্য বিভাগ প্রকাশ করেনি।,30.69560388200034,,167.0
অন্যান্য উপসর্গগুলো নির্ভর করে আপনার হাড়ের ব্যথার নির্দিষ্ট কারণগুলোর ওপর,অন্যান্য লক্ষণগুলি আপনার হাড়ের ব্যথার নির্দিষ্ট কারণের উপর নির্ভর করে।,আপনার হাড়ের ব্যথার সুনির্দিষ্ট কারণের ওপরই বাকি লক্ষণগুলো নির্ভরশীল।,29.474635656999908,,168.0
সাধারণত গলাব্যথার সঙ্গে জ্বর থাকে যা অনেক সময় ১০৩ থেকে ১০৪ ডিগ্রি পর্যন্ত হতে পারে,গলা ব্যথা সাধারণত জ্বরের সাথে থাকে যা কখনও কখনও 103 থেকে 104 ডিগ্রি পর্যন্ত হতে পারে।,"সাধারণত গলাব্যথার পাশাপাশি জ্বরও দেখা দেয়, যা অনেক ক্ষেত্রে ১০৩ থেকে ১০৪ ডিগ্রি পর্যন্ত পৌঁছাতে পারে।",31.715276759000066,,169.0
সাধারণত অ্যান্টিবায়োটিক গ্রহণ বন্ধ করে দিলে অর্থাৎ এর কোর্স সম্পন্ন হলে এই সমস্যাগুলো ঠিক হতে শুরু করে,অ্যান্টিবায়োটিকের কোর্স বন্ধ হয়ে গেলে সাধারণত এই সমস্যাগুলি চলে যায়।,সাধারণত অ্যান্টিবায়োটিকের নির্ধারিত কোর্স শেষ করে ওষুধ সেবন বন্ধ করার পর থেকেই এই সমস্যাগুলো দূর হতে থাকে।,30.9089603970001,,170.0
তাই ময়দার চেয়ে আটা বেশি স্বাস্থ্যকর,তাই কেকের চেয়ে ময়দা স্বাস্থ্যকর।,সে কারণেই আটা ময়দার তুলনায় স্বাস্থ্যের জন্য অধিক উপকারী।,19.492558906999875,,171.0
বেশ কিছুদিন লাগামহীন খাওয়াদাওয়া চালিয়ে গেলে কিংবা নিয়মমাফিক শরীরচর্চা না করলে ওজন তো বাড়তেই পারে,আপনি যদি কিছুক্ষণ অনিয়ন্ত্রিতভাবে খাওয়া চালিয়ে যান বা নিয়মিত ব্যায়াম না করেন তবে আপনার ওজন বাড়তে পারে।,দীর্ঘদিন ধরে বেহিসাবি খাওয়াদাওয়া করলে অথবা নিয়মিত ব্যায়াম না করলে শরীরের ওজন বেড়ে যাওয়াটাই স্বাভাবিক।,23.410676157000125,,172.0
শনিবার তিনি যুগান্তরকে বলেন করোনা চিকিৎসায় এখন পর্যন্ত শতভাগ নিশ্চিত কোনো চিকিৎসা নেই,"শনিবার তিনি যুগান্তরকে বলেন, করোনার কোনো ১০০% নিশ্চিত চিকিৎসা নেই।","শনিবার যুগান্তরকে তিনি জানান, করোনা রোগের চিকিৎসায় এ পর্যন্ত কোনো শতভাগ নিশ্চিত ও কার্যকর পদ্ধতি পাওয়া যায়নি।",35.745289388999936,,173.0
৪ ডায়াবেটিস আছে কি না থাকলে নিয়ন্ত্রণে আছে কি না দেখে নিতে হবে,আপনার ডায়াবেটিস থাকলে তা নিয়ন্ত্রণে আছে কিনা তা পরীক্ষা করতে হবে।,"৪. ডায়াবেটিস রোগ আছে কিনা এবং থাকলে তা নিয়ন্ত্রণে রয়েছে কিনা, তা পরীক্ষা করে নিতে হবে।",27.77887504199998,,174.0
পরামর্শ ডেঙ্গু সেরে যাওয়ার পর অনেকের মধ্যেই কিছু সমস্যা রয়ে যায়,পরামর্শ: ডেঙ্গু থেকে সেরে ওঠার পরও অনেকের কিছু সমস্যা রয়েছে।,ডেঙ্গু জ্বর সারার পরেও অনেকের শরীরে কিছু জটিলতা বা সমস্যা থেকে যায়।,36.62087580499974,,175.0
" গ্যাস্ট্রাইটিস কিংবা গ্যাস্ট্রিক আলসারে সাধারণত নাভির ওপরে পেটে ব্যথা হয় যা খালি পেটে অথবা ভোররাতের দিকে তীব্র হয়, সঙ্গে গলা-বুক-পেট জ্বলে ও টক ঢেঁকুর ওঠে","গ্যাস্ট্রাইটিস বা গ্যাস্ট্রিক আলসার সাধারণত নাভির উপরে পেটে ব্যথার সাথে উপস্থাপন করে, যা খালি পেটে বা ভোরবেলা বুকজ্বালা এবং বেলচিং সহ আরও খারাপ হয়।","গ্যাস্ট্রিক আলসার বা গ্যাস্ট্রাইটিসের ক্ষেত্রে মূলত নাভির ঊর্ধ্বে পেটে ব্যথা অনুভূত হয়, যা খালি পেটে কিংবা রাতের শেষ প্রহরে অত্যন্ত তীব্র হয়ে ওঠে এবং এর সাথে গলা, বুক ও পেটে জ্বালাপোড়া ও টক ঢেকুর উঠার সমস্যাও দেখা দেয়।",28.430721076999816,,176.0
তবে রাতের খাবারে অবশ্যই লাল আটা অথবা লাল চালের ভাত কিছুটা রাখলে বেশি ভালো হবে,তবে রাতের খাবারে কিছু লাল আটা বা লাল চালের ভাত রাখলে ভালো হবে।,তবুও রাতের আহারে সামান্য পরিমাণ লাল আটা বা লাল চালের ভাত রাখাটা অত্যন্ত উপকারী হবে।,36.73136697200016,,177.0
গতকাল হায়দরাবাদে ভারত বায়োটেক কারখানায় সফরে যাওয়া বাংলাদেশি সাংবাদিক প্রতিনিধি দলকে এক প্রেজেন্টেশনে এসব তথ্য জানায় ভারত বায়োটেক,গতকাল হায়দ্রাবাদে ভারত বায়োটেক কারখানা পরিদর্শনে আসা বাংলাদেশি সাংবাদিকদের একটি প্রতিনিধিদলের কাছে ভারত বায়োটেক এক উপস্থাপনায় এ তথ্য জানায়।,গতকাল হায়দরাবাদের ভারত বায়োটেক কারখানা পরিদর্শনে আসা বাংলাদেশি সাংবাদিকদের প্রতিনিধি দলের উদ্দেশে একটি প্রেজেন্টেশনের মাধ্যমে এসব তথ্য তুলে ধরে ভারত বায়োটেক।,34.67725379700005,,178.0
বিশ্বে হাজার হাজার মানুষ এই রোগে আক্রান্ত হচ্ছেন,বিশ্বের হাজার হাজার মানুষ এই রোগে আক্রান্ত।,সারা বিশ্বে হাজার হাজার মানুষ এই ব্যাধিতে আক্রান্ত হচ্ছেন।,30.937266703000205,,179.0
"আয়ুর্বেদ মতে, মৌরি রুচিকর, শুক্রবর্ধক, মুখদোষ নিবারক, রক্তপিত্ত, জ্বর, পেটের অসুখে, চোখের অসুখে ও শ্লেষ্ম রোগে উপকারী","আয়ুর্বেদ অনুসারে মৌরি সুস্বাদু, কামোদ্দীপক, অ্যান্টিস্পাসমোডিক, পিত্তজনিত, জ্বর, পেটের অসুখ, চোখের অসুখ এবং শ্লেষ্মাজনিত রোগ।","আয়ুর্বেদ অনুসারে, মৌরি রুচি ও শুক্রধাতু বর্ধক, মুখরোগ প্রতিরোধক এবং রক্তপিত্ত, জ্বর, উদররোগ, চক্ষুরোগ ও কফজনিত ব্যাধিতে অত্যন্ত উপকারী।",37.96774667099999,,180.0
এক আউন্স পনিরে পাবেন ৭ গ্রাম প্রোটিন,এক আউন্স পনির 7 গ্রাম প্রোটিন সরবরাহ করে।,এক আউন্স পনিরে ৭ গ্রাম প্রোটিন থাকে।,30.574142336000023,,181.0
এটি চুলের খুশকির সমস্যা দূর করে,এটি খুশকির সমস্যা দূর করে।,এটি চুলের খুশকির সমস্যা মিটিয়ে দেয়।,43.13284718199975,,182.0
 পরিবার বা বন্ধুবান্ধব সহানুভূতিশীল না হলে,যদি পরিবার বা বন্ধুরা সহানুভূতিশীল না হয়।,পরিবার কিংবা বন্ধুদের মধ্যে সহমর্মিতার অভাব থাকলে,29.85681861600005,,183.0
 বলা হয় যে সকাল ও বিকেলে সংক্রমণের সম্ভাবনা সব চেয়ে বেশি,"বলা হচ্ছে, সকাল ও বিকেলে আক্রান্ত হওয়ার সম্ভাবনা সবচেয়ে বেশি।",সকাল ও বিকেলের সময় সংক্রমণের ঝুঁকি সর্বাধিক থাকে বলে ধারণা করা হয়।,33.286830852000094,,184.0
এই অবস্থায় আমার করণীয় কী,এই পরিস্থিতিতে আমার কি করা উচিত?,এমন পরিস্থিতিতে আমার এখন কী করা উচিত?,19.91207950900025,,185.0
যেকোনো ধরনের চিনিই এড়িয়ে চলা উচিত,যেকোনো ধরনের চিনি এড়িয়ে চলতে হবে।,সকল প্রকার চিনি গ্রহণ থেকে বিরত থাকা উচিত।,27.98334364499988,,186.0
আমাদের স্বাভাবিক জীবনযাপনে কথা বলার সময় কীভাবে মুখ থেকে থুতু বের হয় তার একটা গবেষণা করেছে জাপানের একটি গবেষণা প্রতিষ্ঠান,আমাদের স্বাভাবিক জীবনে কথা বলার সময় কীভাবে মুখ থেকে থুতু বের হয় তা নিয়ে একটি গবেষণা করেছে জাপানের একটি গবেষণা প্রতিষ্ঠান।,"জাপানের একটি গবেষণা প্রতিষ্ঠান দৈনন্দিন কথাবার্তার সময় মুখ থেকে কীভাবে থুতু নির্গত হয়, সেই বিষয়ে একটি সমীক্ষা পরিচালনা করেছে।",31.76850200199988,,187.0
বাংলাদেশ পৃথিবীর অন্যতম দেশ যেখানে অসংখ্য মানুষ থাইরয়েড গ্রন্থি ও থাইরয়েড হরমোনজনিত সমস্যা নিয়ে বসবাস করছে,বাংলাদেশ বিশ্বের এমন একটি দেশ যেখানে অনেক মানুষ থাইরয়েড গ্রন্থি এবং থাইরয়েড হরমোন সংক্রান্ত সমস্যা নিয়ে বসবাস করে।,"বিশ্বের যে কয়েকটি দেশে বিপুল সংখ্যক মানুষ থাইরয়েড গ্রন্থি ও হরমোন সংক্রান্ত সমস্যা নিয়ে জীবনযাপন করছে, বাংলাদেশ তার অন্যতম।",42.76154661500004,,188.0
হালকা বা সাদা লোমে মেলানিন কম থাকায় লেজার রশ্মি কাজ করতে পারে না,লেজার বিম হালকা বা সাদা চুলে কাজ করতে পারে না কারণ এতে মেলানিন কম থাকে।,হালকা বা সাদা রঙের লোমে মেলানিনের স্বল্পতার কারণে লেজার রশ্মি কার্যকর হয় না।,35.06584399299982,,189.0
যাদের প্রাথমিক চিকিৎসা দিয়ে ছেড়ে দেওয়া হচ্ছে,যাদের প্রাথমিক চিকিৎসা দিয়ে ছেড়ে দেওয়া হয়েছে।,যাদের প্রাথমিক চিকিৎসা শেষে ফিরিয়ে দেওয়া হচ্ছে,27.45009453600005,,190.0
মুগ ছোলা মুসুর থেকে শুরু করে কাবুলি ছোলা রাজমার মতো ডালেও ফাইবার রয়েছে,"মুগ, ছোলা, মসুর ডাল এবং কাবুলি ছোলার মতো ডালেও ফাইবার থাকে।","মুগ, ছোলা, মসুর, কাবুলি ছোলা এবং রাজমাসহ বিভিন্ন ধরনের ডালে ফাইবার বা আঁশ পাওয়া যায়।",36.9556785460004,,191.0
শুধু তাই নয় প্রত্যাহার করা হয় পরিচালককেও,"শুধু তাই নয়, পরিচালককে প্রত্যাহারও করা হয়।",এর পাশাপাশি পরিচালককেও প্রত্যাহার করে নেওয়া হয়েছে।,37.5068746650004,,192.0
এভাবে আপনার ওজন ১০০ কেজি হলে তখন আপনাকে দিনে অন্তত ১৮ গ্লাস পানি পান করতে হবে,"আপনার ওজন যদি 100 কেজি হয়, তবে আপনাকে দিনে কমপক্ষে 18 গ্লাস জল পান করতে হবে।","এই নিয়ম অনুযায়ী, আপনার শরীরের ওজন যদি ১০০ কেজি হয়, তবে প্রতিদিন আপনাকে কমপক্ষে ১৮ গ্লাস পানি পান করতে হবে।",28.70796603100007,,193.0
প্রধানমন্ত্রী বলেছেন প্রত্যেকটা হাসপাতালে আইসিইউ ইউনিট স্থাপন প্রত্যেকটি হাসপাতালে যেন ভেনটিলেটর স্থাপন যথেষ্ট পরিমাণ উচ্চমাত্রার পর্যাপ্ত অক্সিজেন সরবরাহ ব্যবস্থা যেন আরও বৃদ্ধি করা হয়,"প্রধানমন্ত্রী বলেন, প্রতিটি হাসপাতালে আইসিইউ ইউনিট স্থাপন করতে হবে, প্রতিটি হাসপাতালে ভেন্টিলেটর স্থাপন করতে হবে এবং পর্যাপ্ত পরিমাণে অক্সিজেন সরবরাহ বাড়াতে হবে।",প্রতিটি হাসপাতালে আইসিইউ ও ভেন্টিলেটর স্থাপনের পাশাপাশি পর্যাপ্ত পরিমাণে উচ্চমানের অক্সিজেন সরবরাহ ব্যবস্থা বৃদ্ধির নির্দেশ দিয়েছেন প্রধানমন্ত্রী।,28.750343654000066,,194.0
পেটের আলট্রাসনোগ্রাম করলে ফ্যাটি লিভার আছে কি না বোঝা যায়,একটি পেটের আল্ট্রাসাউন্ড আপনার ফ্যাটি লিভার আছে কিনা তা নির্ধারণ করতে পারে।,পেটের আল্ট্রাসনোগ্রাম পরীক্ষার মাধ্যমে ফ্যাটি লিভারের উপস্থিতি শনাক্ত করা সম্ভব।,26.07447844399985,,195.0
দীর্ঘদিন ধরে লম্বা সময়ের জন্য এভাবে বাড়তি চাপ সৃষ্টি হওয়ার কারণেই কিন্তু ওই রক্তনালিগুলো ফুলে যেতে পারে,কিন্তু দীর্ঘ সময় ধরে তৈরি হওয়া বর্ধিত চাপের কারণে এই রক্তনালীগুলি ফুলে যেতে পারে।,দীর্ঘকাল ধরে ক্রমাগত অতিরিক্ত চাপ পড়ার কারণেই মূলত সেই রক্তনালীগুলো ফুলে ওঠার সম্ভাবনা থাকে।,31.580594940000083,,196.0
চিউ অর্থ মানসিক ও শারীরিক শক্তি যা মহাবিশ্বে ছড়িয়ে পড়ে,চিউ মানে মানসিক এবং শারীরিক শক্তি যা সমগ্র মহাবিশ্বে ছড়িয়ে পড়ে।,মহাবিশ্বজুড়ে বিস্তৃত মানসিক ও দৈহিক শক্তিকেই চিউ বলা হয়।,28.184653128000264,,197.0
মেটাসটেসিস কি পরিমাণ হয়েছে এবং কোথায় কোথায় হয়েছে তার ওপর চিকিৎসা পদ্ধতি নির্ভর করে,চিকিত্সা মেটাস্টেসিসের পরিমাণ এবং অবস্থানের উপর নির্ভর করে।,"মেটাসটেসিসের ব্যাপ্তি এবং শরীরের কোন কোন অংশে তা ছড়িয়ে পড়েছে, তার ওপর ভিত্তি করে চিকিৎসার পদ্ধতি নির্ধারিত হয়।",39.187688506000086,,198.0
এই যৌগটি শরীরের কোষ সুরক্ষিত রেখে দীর্ঘস্থায়ী রোগবালাই থেকে শরীরকে রক্ষা করে,এই যৌগটি শরীরের কোষকে রক্ষা করে দীর্ঘস্থায়ী রোগ থেকে শরীরকে রক্ষা করে।,শরীরের কোষগুলোকে নিরাপদ রেখে এই যৌগটি দীর্ঘস্থায়ী ব্যাধির হাত থেকে শরীরকে বাঁচিয়ে রাখে।,37.162333150999984,,199.0
২ পেনিট্রেশন ফেইলিউর অর্থাৎ লিঙ্গে যোনিদ্বার ছেদনে ব্যর্থতা ৩ প্রিম্যাচুর ইজাকুলেশন অর্থাৎ সহবাসে দ্রুত বীর্য স্খলন বা স্থায়িত্বের অভাব,2 অনুপ্রবেশ ব্যর্থতা অর্থাৎ লিঙ্গ দ্বারা যোনিতে প্রবেশ করতে ব্যর্থতা 3 অকাল বীর্যপাত অর্থাৎ দ্রুত বীর্যপাত বা সহবাসের সময় জেদ না থাকা।,"২ পেনিট্রেশন বা প্রবেশে ব্যর্থতা, অর্থাৎ লিঙ্গ দিয়ে যোনিদ্বার ভেদ করে প্রবেশ করা সম্ভব না হওয়া; ৩ অকাল বীর্যস্খলন, অর্থাৎ যৌনমিলনের সময় অতি দ্রুত বীর্যপাত হয়ে যাওয়া বা সহবাসের স্থিতিকাল কমে যাওয়া।",43.710052350000296,,200.0
"গুঁড়াদুধ, চিনি আর অলিভ অয়েল","গুঁড়ো দুধ, চিনি এবং জলপাই তেল","দুধের গুঁড়ো, চিনি এবং জলপাই তেল",21.340152466999825,,201.0
১৮৯৬ সালে ফ্রান্স ছেড়ে মিশর চলে আসেন ভোরোনফ,ভোরোনফ 1896 সালে ফ্রান্স ছেড়ে মিশরে চলে যান।,১৮৯৬ সালে ভোরোনফ ফ্রান্স ত্যাগ করে মিশরে চলে আসেন।,45.00586414700001,,202.0
" পেট ফেঁপে ও ফুলে থাকে 
 বমি হয় 
 খাদ্যগ্রহণের পর খাদ্যনালীতে ব্যথা হয় 
 অল্প খেলে তৃপ্তি চলে আসে 
 রক্তস্বল্পতা দেখা দেয় 
 শরীরের ওজন কমে যায় 
 বমির সঙ্গে রক্ত কিংবা কালো পায়খানা হতে পারে
এ সমস্যাগুলো হলে অপারেশন করালেও রোগীর আয়ুকাল খুব বেশি বাড়ানো যায় না",পেট ফেটে যায় এবং ফুলে যায় .,"পেট অতিরিক্ত ফোলা ও ভারী লাগা, বমি হওয়া, আহারের পর খাদ্যনালীতে যন্ত্রণা অনুভব হওয়া, সামান্য খেলেই পেট ভরে যাওয়া, শরীরে রক্তশূন্যতা দেখা দেওয়া, ওজন হ্রাস পাওয়া এবং বমিতে রক্ত আসা বা পায়খানা কালো হয়ে যাওয়া—এই ধরনের লক্ষণ দেখা দিলে অস্ত্রোপচার করলেও রোগীর জীবনকাল উল্লেখযোগ্যভাবে বৃদ্ধি করা সম্ভব হয় না।",38.04623999100022,,203.0
এই লিপস্টিক স্পার্কেল করে তবে এই লিপস্টিক ঠোঁটও শুষ্ক করে না,"এই লিপস্টিক ঝকঝকে, কিন্তু এই লিপস্টিকও ঠোঁট শুকায় না।","এই লিপস্টিকটি ঠোঁটে চকচকে ভাব আনে, অথচ ঠোঁটকে শুকিয়ে ফেলে না।",33.75162234300024,,204.0
এটি নারীর জীবনচক্রের প্রতিটি অধ্যায়মাসিক গর্ভাবস্থা ও রজঃচক্রের নিবৃত্তি বা মেনোপজে প্রভাব রাখে,"এটি একজন মহিলার জীবনচক্রের প্রতিটি স্তরকে প্রভাবিত করে, মাসিক গর্ভাবস্থা থেকে মাসিক বন্ধ হওয়া বা মেনোপজ পর্যন্ত।","নারীর জীবনচক্রের প্রতিটি পর্ব, ঋতুস্রাব, গর্ভধারণ এবং ঋতুচক্রের সমাপ্তি বা মেনোপজের ওপর এটি প্রভাব বিস্তার করে।",31.23605759699967,,205.0
তবে এ সমস্যা খুব সহজেই দূর করা যায়,তবে এই সমস্যা সহজেই দূর করা যায়।,তবুও এই সমস্যাটি অত্যন্ত সহজেই সমাধান করা সম্ভব।,23.374059107,,206.0
লিপস্টিকের দাগও দূর করতে পারবেন একইভাবে,আপনিও একইভাবে লিপস্টিকের দাগ দূর করতে পারেন।,ঠিক একই পদ্ধতিতে লিপস্টিকের দাগও দূর করা সম্ভব।,27.896117712000432,,207.0
এগুলো হচ্ছে ধূমপান কম শাকসবজি ও ফলমূল গ্রহণ মদ্যপান ওজন বৃদ্ধি কায়িক পরিশ্রম না করা ইত্যাদি,"এগুলো হলো ধূমপান, শাকসবজি ও ফলমূল কম খাওয়া, অ্যালকোহল পান করা, ওজন বাড়ানো, শারীরিক ব্যায়াম না করা ইত্যাদি।","এর মধ্যে রয়েছে ধূমপান, পর্যাপ্ত শাকসবজি ও ফলমূল না খাওয়া, মদ্যপান, ওজন বেড়ে যাওয়া, শারীরিক পরিশ্রম না করা প্রভৃতি।",38.72036010600005,,208.0
" যেসব কৃষক এই গরমে মাঠে কাজ করেন, তাঁরা এই খাবার দুপুরের দিকে খেয়ে শরীর শীতল করেন",এই গ্রীষ্মে ক্ষেতে কাজ করা কৃষকরা তাদের শরীর ঠান্ডা করতে দুপুরের দিকে এই খাবার খান।,এই তীব্র গরমে মাঠে পরিশ্রম করা কৃষকরা দুপুরবেলায় এই খাবার খেয়ে শরীর ঠান্ডা রাখেন।,35.56370382000023,,209.0
"যখন রোগের মহামারী বা প্যান্ডেমিক দেখা দেয় তখন এর সাথে আরেকটি মহামারী  
দেখা দেয়","যখন একটি রোগ মহামারী বা মহামারী দেখা দেয়, তখন তার সাথে আরেকটি মহামারী হয়।",কোনো রোগের মহামারী বা প্যান্ডেমিক শুরু হলে তার সাথে সাথেই আরেকটি মহামারী আবির্ভূত হয়।,32.20663896099995,,210.0
তবে এক্ষেত্রে অবশ্যই চিকিৎসকের পরামর্শ নিতে হবে,"তবে এই ক্ষেত্রে, আপনাকে অবশ্যই একজন ডাক্তারের সাথে পরামর্শ করতে হবে।",তবে এই ক্ষেত্রে ডাক্তারের পরামর্শ নেওয়া একান্ত প্রয়োজন।,31.67997614900014,,211.0
প্রথমেই চলুন জেনে নিই হার্ড ইমিউনিটি কী সে সম্পর্কে,আসুন প্রথমে জানি হার্ড ইমিউনিটি কাকে বলে।,"সবার আগে হার্ড ইমিউনিটি কী, তা জেনে নেওয়া যাক।",30.13499007900009,,212.0
যে কোনো সময় যে কোনো স্থান থেকে সে তথ্য আপনি সংগ্রহ করতে পারেন,আপনি যেকোনো সময় যেকোনো জায়গা থেকে এই তথ্য সংগ্রহ করতে পারেন।,আপনি যে কোনো স্থান থেকে যে কোনো সময়ে ওই তথ্যটি সংগ্রহ করতে পারেন।,26.18379801799984,,213.0
খাদ্যনালির উপরের দিকে রক্তক্ষরণ হলে এটা হয়,খাদ্যনালীর উপরের অংশে রক্তপাত হলে এটি ঘটে।,খাদ্যনালীর উপরের অংশে রক্তক্ষরণের ফলে এমনটি ঘটে।,29.150415048000013,,214.0
 করোনা সংক্রান্ত একের পর এক গবেষণায় উঠে আসছে চাঞ্চল্যকর তথ্য,করোনা সংক্রান্ত একের পর এক গবেষণায় উঠে আসছে চাঞ্চল্যকর তথ্য।,করোনাভাইরাস বিষয়ক ধারাবাহিক গবেষণায় সামনে আসছে চমকপ্রদ নানা তথ্য।,29.845258316000127,,215.0
 এয়ারড্রাম কানের পর্দা ক্ষতিগ্রস্ত হবে,এয়ারড্রাম কানের পর্দার ক্ষতি করবে।,এয়ারড্রাম অর্থাৎ কানের পর্দার ক্ষতি হবে।,36.06174820699971,,216.0
সাইনাসের একটি এক্সরে করলেই রোগ সম্পর্কে অনেক ধারণা পাওয়া যায়,সাইনাসের একটি এক্স-রে রোগ সম্পর্কে অনেক অন্তর্দৃষ্টি দিতে পারে।,রোগের অবস্থা সম্পর্কে বেশ ভালো ধারণা পাওয়ার জন্য সাইনাসের একটি এক্সরেই যথেষ্ট।,37.70612691699989,,217.0
ব্রণের সমস্যা থেকে পরিত্রাণের উপায় সম্পর্কে যুগান্তরকে পরামর্শ দিয়েছেন আলরাজী হাসপাতালের চর্ম ও যৌনরোগ বিশেষজ্ঞ ডা দিদারুল আহসান,ব্রণের সমস্যা থেকে মুক্তির উপায় সম্পর্কে যুগান্তরকে পরামর্শ দিয়েছেন আলরাজি হাসপাতালের চর্মরোগ ও ভেনারোলজিস্ট ডাঃ দিদারুল আহসান।,ব্রণের সমস্যা দূর করার উপায় নিয়ে আলরাজী হাসপাতালের চর্ম ও যৌনরোগ বিশেষজ্ঞ ডা. দিদারুল আহসান যুগান্তরকে পরামর্শ প্রদান করেছেন।,43.7024912210004,,218.0
এটি সংক্রমিত কোষের ভেতরে অ্যান্টিভাইরালঅনুশাসনও ধ্বংস করে,এটি সংক্রামিত কোষের ভিতরে অ্যান্টিভাইরালগুলিও ধ্বংস করে।,এটি সংক্রমিত কোষের অভ্যন্তরে অ্যান্টিভাইরাল নিয়ন্ত্রণ ব্যবস্থাকেও ধ্বংস করে দেয়।,34.56513356400001,,219.0
এক্ষেত্রে ডাক্তারের পরামর্শ নিতে হবে,এক্ষেত্রে চিকিৎসকের পরামর্শ নিতে হবে।,এই পরিস্থিতিতে চিকিৎসকের পরামর্শ নেওয়া আবশ্যক।,23.846256309000182,,220.0
 বরং কয়েকটি খাবার খেয়েই এই কাজটি অনায়াসে সেরে ফেলতে পারেন,বরং অল্প কিছু খাবার খেয়েই এই কাজটি সহজে সম্পন্ন করতে পারেন।,বরং কিছু খাবার গ্রহণ করে আপনি খুব সহজেই এই কাজটি সম্পন্ন করতে পারবেন।,24.312285361999784,,221.0
তাই শীতের দিনে অতি ভোরে বা সন্ধ্যার পর নয় ব্যায়াম করুন দিনের আলোয়,তাই শীতের দিনে সকালে বা সন্ধ্যায় নয় দিনের আলোতে ব্যায়াম করুন।,সুতরাং শীতকালে খুব ভোরে বা সন্ধ্যার পরে ব্যায়াম না করে দিনের আলোতেই ব্যায়াম করা উচিত।,27.120943616000204,,222.0
কম ওজনের শিশুর জন্মদান সময়ের আগে প্রসব মাতৃগর্ভে শিশুমৃত্যু এন্টিপারটাম হেমোরেজ ইত্যাদি সমস্যা প্রিএকলাম্পসিয়ায় আক্রান্ত মায়েদের ক্ষেত্রে সচরাচর ঘটে থাকে,"প্রি-ক্ল্যাম্পসিয়ায় আক্রান্ত মায়েদের কম জন্মের ওজন, অকাল জন্ম, মৃতপ্রসব এবং প্রসবের আগে রক্তক্ষরণের মতো সমস্যা দেখা যায়।","প্রি-এক্ল্যাম্পসিয়ায় আক্রান্ত মায়েদের ক্ষেত্রে অকাল প্রসব, কম ওজনের শিশু জন্ম, গর্ভস্থ শিশুর মৃত্যু এবং অ্যান্টেপার্টাম হেমোরেজের মতো জটিলতাগুলো সাধারণত দেখা দেয়।",31.87738685900013,,223.0
সিদ্ধান্তসমূহ নেয়ার সময় নিজেদেরকে শুধু এই প্রশ্ন করলেই হবে না যে আমাদের ঠিক সামনে কোন বিপদটি দাঁড়িয়ে আছে বরং এই ঝড় থেমে যাওয়ার পরে আমরা কোন পৃথিবীতে বাস করতে যাচ্ছি সেটাও জানতে হবে,"সিদ্ধান্ত নেওয়ার সময়, আমাদের নিজেদেরকে জিজ্ঞাসা করতে হবে যে আমাদের সামনে কী বিপদ রয়েছে তা নয়, এই ঝড় শেষ হওয়ার পরে আমরা কী ধরনের পৃথিবীতে বাস করতে যাচ্ছি।","সিদ্ধান্ত গ্রহণের সময় কেবল তাৎক্ষণিক বিপদ সম্পর্কে চিন্তা করলেই চলবে না, বরং এই সংকট কেটে যাওয়ার পর আমরা যে পৃথিবীতে বসবাস করব, তার রূপ কেমন হবে তাও বিবেচনা করা আবশ্যক।",34.70531829499987,,224.0
এই যেমন মাথাব্যথা চুল পড়া মুখে অতিরিক্ত লোম বা ব্রণের মতো কিছু সমস্যা দেখা যেতে পারে,"কিছু সমস্যা যেমন মাথাব্যথা, চুল পড়া, মুখের অতিরিক্ত চুল বা ব্রণ হতে পারে।","যেমন- মাথাব্যথা, চুল ঝরা, মুখে বাড়তি লোম কিংবা ব্রণ হওয়ার মতো বেশ কিছু সমস্যা দেখা দিতে পারে।",34.395396130000336,,225.0
ওইদিন ২০টি জেনেরিকের ৫৩ ধরনের ওষুধের দাম বাড়ানোর প্রস্তাব অনুমোদন হয়,ওই দিন ৫৩ ধরনের ২০টি জেনেরিক ওষুধের দাম বাড়ানোর প্রস্তাব অনুমোদন করা হয়।,সেদিন ২০টি জেনেরিকের ৫৩ প্রকার ওষুধের মূল্য বৃদ্ধির প্রস্তাবনাটি অনুমোদিত হয়।,32.43595248700012,,226.0
বিশ্ব স্বাস্থ্য দিবস উপলক্ষ্যে শনিবার আয়োজিত ওয়েবিনারে এমন আশঙ্কার কথা জানান,বিশ্ব স্বাস্থ্য দিবস উপলক্ষে শনিবার আয়োজিত ওয়েবিনারে এমন আশঙ্কা প্রকাশ করেন ড.,"শনিবার বিশ্ব স্বাস্থ্য দিবস উপলক্ষে যে ওয়েবিনারের আয়োজন করা হয়েছিল, সেখানে এই ধরনের উদ্বেগের কথা তুলে ধরা হয়।",31.431129270000383,,227.0
রোদ আর তীব্রতায় অনেক সময় তা মানানসই নাও লাগতে পারে,রোদ এবং তীব্রতার কারণে এটি অনেক সময় উপযুক্ত মনে হতে পারে না।,সূর্যের প্রখর আলো ও তীব্রতায় অনেক সময়ই সেটি মানানসই নাও মনে হতে পারে।,40.05097757199974,,228.0
কোনো কারণ ছাড়া সাধারণ মানুষকে এন৯৫ ফেসিয়াল মাস্ক পরতে নিষেধ করেছে দুবাইয়ের স্বাস্থ্য ও প্রতিরোধ মন্ত্রণালয়,দুবাইয়ের স্বাস্থ্য ও প্রতিরোধ মন্ত্রক কোনও কারণ ছাড়াই সাধারণ মানুষকে N95 মুখোশ পরা নিষিদ্ধ করেছে।,দুবাইয়ের স্বাস্থ্য ও প্রতিরোধ মন্ত্রণালয় বিনা কারণে সাধারণ জনগণকে এন৯৫ মাস্ক ব্যবহারের ওপর নিষেধাজ্ঞা জারি করেছে।,36.03532103999987,,229.0
তবে সারা দিনের কাজের চাপে সাজানো ডেস্কও অগোছালো হতে বাধ্য,"যাইহোক, এমনকি একটি সুসংগঠিত ডেস্ক পুরো দিনের কাজের চাপের কারণে অগোছালো হতে বাধ্য।",কিন্তু দিনভরের কাজের ব্যস্ততায় সুগোছানো ডেস্কও এলোমেলো হয়ে পড়াটা অনিবার্য।,41.23038639400011,,230.0
ফিটিং পোশাক পরলে ঘামে শরীরে কাপড় লেগে থাকে,লাগানো কাপড় পরলে ঘাম শরীরে লেগে থাকে।,আঁটসাঁট পোশাক পরিধান করলে ঘামের কারণে কাপড় শরীরের সাথে লেপটে থাকে।,29.673086911000155,,231.0
মানুষ তার সততা সৎকর্ম ও অটল আল্লাহপ্রীতির মাধ্যমে উল্লিখিত বদগুণ থেকে নিজেকে দূরে রেখে এ জীবনেই পরম সুখ ও প্রশান্তি লাভ করতে পারে,মানুষ তার সৎ সৎকর্ম ও ভগবানের প্রতি অটল ভালোবাসার মাধ্যমে উল্লেখিত কুফল থেকে নিজেকে দূরে রেখে এই জীবনে পরম সুখ ও শান্তি লাভ করতে পারে।,"উল্লেখিত কুগুণসমূহ পরিহার করে একজন মানুষ তার সত্যনিষ্ঠা, সৎ কাজ এবং অবিচল আল্লাহ-প্রেমের সুবাদে এই পার্থিব জীবনেই পরম সুখ ও শান্তি অর্জন করতে সক্ষম হয়।",37.708338079999976,,232.0
ভালো মানুষ বলেই তিনি করোনাক্রান্তিকালে রোগীদের অসহায়ত্বের  কথা ভেবে তার চেম্বার খোলা রেখেছিলেন,ভালো মানুষ হওয়ায় করোনা সংকটের সময় রোগীদের অসহায়ত্বের কথা চিন্তা করে চেম্বার খোলা রাখতেন।,একজন মহানুভব মানুষ হিসেবে তিনি করোনা মহামারির সময় রোগীদের দুর্দশার কথা চিন্তা করে তার চেম্বার চালু রেখেছিলেন।,34.64084634699975,,233.0
 এই রোগে হাড়ের ঘনত্ব ও শক্তি অনেকটাই কমে যায়,এ রোগে হাড়ের ঘনত্ব ও শক্তি অনেক কমে যায়।,এই ব্যাধিতে হাড়ের ঘনত্ব ও মজবুতি ব্যাপকভাবে হ্রাস পায়।,27.933839035000343,,234.0
ফলে রক্তনালির ওপর বাড়তি চাপ পড়ে না,ফলে রক্তনালিতে বাড়তি চাপ পড়ে না।,এর ফলে রক্তবাহী নালীর ওপর অতিরিক্ত চাপ প্রযুক্ত হয় না।,29.660632233000342,,235.0
তবে রক্তদানের এ উপকারগুলো আসলে তারাই পাবেন যারা নিয়মিত রক্তদান করেন,তবে যারা নিয়মিত রক্ত ​​দেন তারা রক্তদানের এই সুবিধাগুলো পাবেন।,তবুও রক্তদানের এই সুফলগুলো মূলত তারাই ভোগ করতে পারেন যারা নিয়মিতভাবে রক্ত দান করেন।,34.95585366599971,,236.0
আমাদের খাবারের মধ্যে দুই ধরনের চর্বি আছে,আমাদের খাবারে দুই ধরনের চর্বি থাকে।,আমাদের খাদ্যে দুই প্রকার চর্বি রয়েছে।,12.707791197999995,,237.0
ওই ব্যক্তিও চীনা নাগরিক বলে জানা গেছে,ওই ব্যক্তি চীনের নাগরিক বলেও জানা গেছে।,"জানা গেছে যে, ঐ ব্যক্তিটিও চীনের নাগরিক।",17.696202097999958,,238.0
আর গেলেও হাসপাতালে ভর্তি করার দরকার হয় না,হাসপাতালে ভর্তি হতে হবে না।,তাছাড়া হাসপাতালে গেলেও ভর্তি হওয়ার কোনো প্রয়োজন নেই।,25.131219316999704,,239.0
সব হাসপাতালে ডেঙ্গি কর্ণার হবে,সব হাসপাতালেই থাকবে ডেঙ্গু কর্নার।,প্রতিটি হাসপাতালে ডেঙ্গু রোগীদের জন্য আলাদা কর্নার স্থাপন করা হবে।,24.209561660999952,,240.0
লেখক অধ্যাপক মেডিসিন বিভাগ বারডেম হাসপাতাল ঢাকা,"লেখক অধ্যাপক, মেডিসিন বিভাগ, বারডেম হাসপাতাল, ঢাকা।",লেখক ঢাকার বারডেম হাসপাতালের মেডিসিন বিভাগের অধ্যাপক।,20.685357015000136,,241.0
ঘটনা এতটুকু থাকলে তো ভালোই হত অনেক দেশের জন্য,ঘটনা এতটা হলে অনেক দেশের জন্যই ভালো হতো।,"ঘটনাটি যদি শুধু এতটুকুতেই সীমাবদ্ধ থাকত, তবে অনেক দেশের জন্য তা মঙ্গলজনক হতো।",27.990797251000004,,242.0
চিকিৎসক তাদের এক্সরে এমআরআইসহ বিভিন্ন ডায়াগনসিস করাতে বলতে পারেন,ডাক্তার তাদের এক্স-রে এমআরআই সহ বিভিন্ন রোগ নির্ণয় করতে বলতে পারেন।,"চিকিৎসক তাদের এক্স-রে, এমআরআইসহ নানা ধরনের ডায়াগনস্টিক পরীক্ষা করানোর পরামর্শ দিতে পারেন।",40.950377029000265,,243.0
মন্ত্রী জানান সারা দেশের ৩৭টি সরকারি মেডিকেল কলেজে এবার শিক্ষার্থী ভর্তির জন্য আসন আছে ৪ হাজার ৩৫০টি,"মন্ত্রী বলেন, সারাদেশে ৩৭টি সরকারি মেডিকেল কলেজে শিক্ষার্থী ভর্তির আসন রয়েছে ৪ হাজার ৩৫০টি।",দেশব্যাপী ৩৭টি সরকারি মেডিকেল কলেজে এবার শিক্ষার্থী ভর্তির জন্য মোট ৪ হাজার ৩৫০টি আসন রয়েছে বলে জানিয়েছেন মন্ত্রী।,32.527198095999665,,244.0
 ওষুধ ব্যথানাশক ও স্টেরয়েড জাতীয় ওষুধ বিশেষভাবে উল্লেখযোগ্য,ব্যথানাশক ও স্টেরয়েডের জন্য ওষুধ বিশেষভাবে উল্লেখযোগ্য।,ঔষধের মধ্যে ব্যথানাশক ও স্টেরয়েড ঘরানার ঔষধগুলো বিশেষ করে উল্লেখ করার মতো।,39.911216341,,245.0
গতানুগতিক ইচ্ছার বাইরে নিজেদের আনন্দকে সীমাবদ্ধ রাখতে হবে নিজ বাড়ির সীমানায়,"প্রচলিত আকাঙ্ক্ষার বাইরে, একজনকে অবশ্যই তার আনন্দকে তার বাড়ির সীমানায় সীমাবদ্ধ করতে হবে।",চিরাচরিত ইচ্ছার ঊর্ধ্বে থেকে নিজেদের আনন্দকে শুধুমাত্র নিজ গৃহের চার দেওয়ালের মধ্যেই সীমিত রাখা দরকার।,36.153384415000346,,246.0
এর বাইরে কোনও ব্যায়াম করতে চাইলে কার্ডিওলজিস্টের পরামর্শ মতো ট্রেডমিল টেস্ট করে নিন ও তার পরামর্শ মেনে চলুন,আপনি যদি অন্য কোন ব্যায়াম করতে চান তবে আপনার কার্ডিওলজিস্টের পরামর্শ অনুযায়ী একটি ট্রেডমিল পরীক্ষা করুন এবং তার পরামর্শ অনুসরণ করুন।,এ ছাড়া অন্য কোনো শরীরচর্চা করার ইচ্ছা থাকলে হৃদরোগ বিশেষজ্ঞের পরামর্শ অনুযায়ী ট্রেডমিল টেস্ট করিয়ে নিন এবং তাঁর নির্দেশনা অনুসরণ করুন।,36.10750071500024,,247.0
প্রয়োজনীয় খাদ্য উপাদান ছাড়া এসব খাবার আমরা হয়তো অজ্ঞতাবশতই খাই,প্রয়োজনীয় পুষ্টি ছাড়াই আমরা অজ্ঞতাবশত এই খাবারগুলো খেতে পারি।,হয়তো আমরা অজান্তেই এই খাবারগুলো গ্রহণ করি যাতে প্রয়োজনীয় পুষ্টি উপাদানের অভাব রয়েছে।,30.48585967500003,,248.0
" লেবুর রস- ২চা-চামচ, গোলমরিচ- ১ চিমটে, দারচিনির গুঁড়া-১ চিমটে, বরফ কুচি","লেবুর রস- 2 চা চামচ, গোলমরিচ- 1 চিমটি, দারুচিনি গুঁড়া- 1 চিমটি, বরফ গুঁড়ো।","দুই চা চামচ লেবুর রস, এক চিমটি গোলমরিচ, এক চিমটি দারুচিনি গুঁড়া এবং বরফ কুচি।",32.320942062000086,,249.0
কারণ তাঁর মা ও শাশুড়ি কেউই ঢাকায় থাকেন না,কারণ তার মা বা শাশুড়ি কেউই ঢাকায় থাকেন না,যেহেতু তাঁর মা এবং শাশুড়ি উভয়েই ঢাকায় বসবাস করেন না।,21.36165092600004,,250.0
কোভিড১৯ পজিটিভ রোগী বিভিন্ন হাসপাতাল ঘুরলে তিনি অনেকজনকে এ রোগ ছড়িয়ে দেবেন,"যদি একজন কোভিড-১৯ পজিটিভ রোগী বিভিন্ন হাসপাতালে যান, তবে তিনি অনেকের মধ্যে রোগটি ছড়িয়ে দেবেন।",বিভিন্ন হাসপাতালে কোভিড-১৯ আক্রান্ত রোগী ঘোরাফেরা করলে তিনি বহু মানুষের মাঝে এই সংক্রমণ ছড়িয়ে দেবেন।,28.264768700999863,,251.0
যেমন এক গ্লাস শরবত দুইটা খেজুর ডালচাল ও সবজির তৈরি খিচুড়ি এবং ফলের সালাদ,"যেমন এক গ্লাস শরবত, দুই খেজুরের সঙ্গে ডালচাল ও সবজি খিচুড়ি এবং ফলের সালাদ।","উদাহরণস্বরূপ, এক গ্লাস শরবত, দুটি খেজুর, ডাল ও সবজি দিয়ে প্রস্তুত খিচুড়ি এবং সাথে ফলের সালাদ।",35.07713117499998,,252.0
লেখক  চিফ নিউট্রিশন অফিসার ও বিভাগীয় প্রধান অব বারডেম,লেখক বারডেমের প্রধান পুষ্টি কর্মকর্তা এবং বিভাগীয় প্রধান।,বারডেমের প্রধান পুষ্টি কর্মকর্তা এবং বিভাগীয় প্রধান হলেন লেখক।,29.17766627999981,,253.0
এসব নির্মম তথ্যগুলো ডায়াবেটিস রোগীর মানসিক চাপ বৃদ্ধির অমোঘ কারণ হিসেবে কাজ করছে,এই নিষ্ঠুর তথ্যগুলো ডায়াবেটিস রোগীদের মানসিক চাপ বৃদ্ধির এক অবর্ণনীয় কারণ হিসেবে কাজ করছে।,ডায়াবেটিসে আক্রান্ত রোগীদের মানসিক চাপ বৃদ্ধির পেছনে এই মর্মান্তিক তথ্যগুলোই অবশ্যম্ভাবী কারণ হিসেবে দায়ী।,34.617382580999674,,254.0
আর হার্টঅ্যাটাকের কোনো ধরনের লক্ষণ দেখা দিলে তা নিয়ে দ্রুতই চিকিৎসকের সঙ্গে পরামর্শ করা উচিত,আর হার্ট অ্যাটাকের কোনো ধরনের উপসর্গ দেখা দিলে সঙ্গে সঙ্গে চিকিৎসকের পরামর্শ নেওয়া উচিত।,"এছাড়াও, হার্ট অ্যাটাকের কোনো উপসর্গ দেখা দিলে অবিলম্বে একজন চিকিৎসকের পরামর্শ নেওয়া উচিত।",24.31598188199996,,255.0
এই রকম পরিস্থিতিতে প্রথমেই যা করা দরকার তা হলো রোগীর শরীর ঠান্ডা করা এবং খোলা বা ফাঁকা স্থানে নিয়ে যাওয়া,এ ধরনের পরিস্থিতিতে প্রথমেই করণীয় হলো রোগীকে ঠান্ডা করা এবং তাকে খোলা বা খালি জায়গায় নিয়ে যাওয়া।,এমন পরিস্থিতিতে সর্বপ্রথম করণীয় হলো রোগীকে খোলা বা মুক্ত স্থানে সরিয়ে নিয়ে তার শরীর ঠান্ডা করা।,32.78307824100011,,256.0
এতে শরীরে আয়রন ক্যালসিয়াম জিঙ্কের শোষণ করার ক্ষমতা কমিয়ে দেয়,"এতে শরীরের আয়রন, ক্যালসিয়াম ও জিঙ্ক শোষণের ক্ষমতা কমে যায়।","এর প্রভাবে শরীরে আয়রন, ক্যালসিয়াম ও জিঙ্ক শোষণের সক্ষমতা হ্রাস পায়।",28.87193846699984,,257.0
দৃষ্টি ক্ষতিগ্রস্ত হয়ে যাওয়ার পর কিন্তু পুষ্টিকর খাবার খেয়ে সেই ক্ষতি পূরণ করা সম্ভব নয়,একবার দৃষ্টিশক্তি নষ্ট হয়ে গেলে পুষ্টিকর খাবার খেয়ে ক্ষতি পূরণ করা সম্ভব নয়।,তবে দৃষ্টিশক্তি নষ্ট হয়ে গেলে পুষ্টিকর খাদ্য গ্রহণ করে তা আর ফিরিয়ে আনা সম্ভব নয়।,40.51309837899999,,258.0
সবচেয়ে বেশি মৃত্যুর তালিকায় দ্বিতীয় স্থানে রয়েছে স্ট্রোক,স্ট্রোক মৃত্যুর দ্বিতীয় প্রধান কারণ।,সর্বাধিক মৃত্যুর কারণের তালিকায় স্ট্রোকের অবস্থান দ্বিতীয়।,24.344126970999696,,259.0
এ ছাড়া সার হিসেবেও ব্যবহার করতে পারেন,এছাড়া এটি সার হিসেবেও ব্যবহার করা যায়,এর পাশাপাশি এটিকে সাররূপেও প্রয়োগ করা যায়।,40.162535714000114,,260.0
 এ কারণে পরিমিত পরিমাণে গ্রহণ করতে হবে,"অতএব, এটি পরিমিতভাবে গ্রহণ করা উচিত।",তাই এটি নিয়ন্ত্রিত মাত্রায় সেবন করা প্রয়োজন।,27.909051849000207,,261.0
সোনালি দুধ বা হলুদ মেশানো দুধ থাইরয়েডের সমস্যা দূর করতে দারুণ কাজ দেয়,সোনালি দুধ বা হলুদের সাথে দুধ মেশানো থাইরয়েডের সমস্যা দূর করতে দারুণ কাজ করে।,থাইরয়েডের সমস্যা দূরীকরণে হলুদ মিশ্রিত দুধ বা সোনালি দুধ অত্যন্ত কার্যকর।,25.298825789000148,,262.0
কেননা শীত শুরু হতেই বাত রোগীদের ব্যথাযন্ত্রণা বাড়তে শুরু করে,কারণ শীত শুরু হলেই বাতের রোগীদের ব্যথা বাড়তে শুরু করে।,কারণ শীতকাল শুরু হওয়ার সাথে সাথে বাতের রোগীদের শারীরিক ব্যথা ও কষ্ট বৃদ্ধি পেতে থাকে।,30.298407164999844,,263.0
যাদের প্রাথমিক চিকিৎসা দিয়ে ছেড়ে দেওয়া হচ্ছে,যাদের প্রাথমিক চিকিৎসা দিয়ে ছেড়ে দেওয়া হয়েছে।,যাদের প্রাথমিক চিকিৎসা শেষে ফিরিয়ে দেওয়া হচ্ছে,27.04309778000016,,264.0
কোরমা মুরগির হালকা মসলার রান্না খাবারে নতুনত্ব আনতে পারে,মুরগির কোরমার হালকা মশলা রান্না খাবারে সতেজতা আনতে পারে।,হালকা মশলায় রান্না করা মুরগির কোরমা আপনার খাবারের তালিকায় এক নতুন মাত্রা যোগ করতে পারে।,43.69766715900005,,265.0
 বিট ভিটামিন এবং খনিজগুলোর পাশাপাশি ভেষজ ঔষধি বৈশিষ্ট্যযুক্ত,বিটে ভিটামিন ও খনিজ উপাদানের পাশাপাশি ভেষজ গুণাগুণ রয়েছে।,ভিটামিন ও খনিজ উপাদানের পাশাপাশি বিটে ভেষজ ঔষধি গুণাবলিও বিদ্যমান।,32.89237564799987,,266.0
সর্দি কাশি গলাব্যথা টনসিল ফুলে যাওয়া মাথাব্যথা নাক বন্ধ বা নাক দিয়ে পানি ঝরা ইত্যাদি বিরক্তিকর উপসর্গ দেখা দেয়,বিরক্তিকর উপসর্গ যেমন সর্দি কাশি গলা ব্যথা টনসিল ফুলে যাওয়া মাথাব্যথা ঠাসা বা নাক দিয়ে পানি পড়া।,"সর্দি, কাশি, গলায় ব্যথা, টনসিল ফোলা, মাথা ধরা এবং নাক বন্ধ বা নাক দিয়ে পানি গড়ানো প্রভৃতি বেশ কিছু অস্বস্তিকর লক্ষণ প্রকাশ পায়।",40.9793076750002,,267.0
কারণ হাইপো হলে যেটা হয় বাচ্চা ও মা দুইজনেরই মারাত্মক অবস্থা হয়,কারণ হাইপো দেখা দিলে শিশু ও মা উভয়ের অবস্থাই গুরুতর।,কারণ হাইপো সমস্যা দেখা দিলে মা ও শিশু উভয়েরই জীবন সংশয়পূর্ণ পরিস্থিতির সৃষ্টি হয়।,33.36983634700027,,268.0
এ জন্য তাদের দরকার বাড়তি যত্ন,এ জন্য তাদের বাড়তি যত্ন প্রয়োজন।,এ কারণে তাদের অতিরিক্ত যত্নের প্রয়োজন।,18.61909045199991,,269.0
একজন ক্লিনিক্যাল ডায়েটেশিয়ানের পরামর্শ নেয়া একান্ত জরুরি,একজন ক্লিনিক্যাল ডায়েটিশিয়ানের সাথে পরামর্শ করা খুবই গুরুত্বপূর্ণ।,একজন ক্লিনিক্যাল ডায়েটিশিয়ানের পরামর্শ গ্রহণ করা অত্যাবশ্যক।,34.72063300700029,,270.0
এর কারণে জিহ্বা খুব মসৃণ দেখা যেতে পারে,এর ফলে জিহ্বা খুব মসৃণ দেখাতে পারে।,এর ফলে জিহ্বাটি অত্যন্ত মসৃণ দেখা যেতে পারে।,33.66504961700002,,271.0
তবে ল্যাকটোজে অ্যালার্জি রয়েছে অনেক বাচ্চার,তবে অনেক শিশুর ল্যাকটোজ থেকে অ্যালার্জি থাকে।,তবুও অনেক শিশুর ল্যাকটোজের প্রতি অ্যালার্জি রয়েছে।,29.384032871999807,,272.0
শরীরে কোলেস্টেরলের মাত্রা বেশি বেড়ে যাওয়ার প্রধান কারণ অতিমাত্রায় ভাত রুটি চিনি কোল্ড ড্রিংক আইসক্রিম খাওয়াসহ অনিয়ন্ত্রিত জীবনযাপন করা,"শরীরে কোলেস্টেরলের মাত্রা বেশি হওয়ার প্রধান কারণ হলো ভাত, রুটি, চিনি, কোল্ড ড্রিংকস, আইসক্রিম অতিরিক্ত খাওয়া সহ একটি অনিয়ন্ত্রিত জীবনধারা।","শরীরে কোলেস্টেরলের মাত্রা অত্যধিক বৃদ্ধির পেছনে মূলত অনিয়ন্ত্রিত জীবনযাপন এবং অতিরিক্ত ভাত, রুটি, চিনি, কোল্ড ড্রিংক ও আইসক্রিম সেবনই দায়ী।",28.86311634399999,,273.0
আচারের মতো খাবারে বিদ্যমান প্রোবায়োটিক ও এনজাইমকে পেঁপেতে বিদ্যমান এনজাইম ভেঙে দেয়,পেঁপেতে উপস্থিত এনজাইমগুলি আচারের মতো খাবারে উপস্থিত প্রোবায়োটিক এবং এনজাইমগুলিকে ভেঙে দেয়।,আচার জাতীয় খাবারে উপস্থিত প্রোবায়োটিক ও এনজাইমগুলোকে পেঁপেতে থাকা এনজাইম ভেঙে ফেলে।,29.26154983900005,,274.0
শুধু শারীরিক বর্ধন নয় বুদ্ধিবৃত্তিক গঠন এবং রক্ত বর্ধনেও এটি ভূমিকা রাখে,"এটি শুধুমাত্র শারীরিক বৃদ্ধিতে নয়, বুদ্ধিবৃত্তিক গঠন এবং রক্ত ​​বৃদ্ধিতেও ভূমিকা রাখে।","কেবল শারীরিক বিকাশেই নয়, বরং বৌদ্ধিক উন্নয়ন ও রক্ত বৃদ্ধিতেও এর বিশেষ অবদান রয়েছে।",32.64141745000006,,275.0
দেশে অনিবন্ধিত হাসপাতাল ক্লিনিক ও ডায়াগনস্টিক সেন্টারগুলোকে ছাড় দেওয়ার সুযোগ নেই বলে জানিয়েছেন স্বাস্থ্য অধিদপ্তরের অতিরিক্ত মহাপরিচালক এডিজি অধ্যাপক ডা আহমেদুল কবীর,"স্বাস্থ্য অধিদপ্তরের অতিরিক্ত মহাপরিচালক অধ্যাপক ডাঃ আহমদুল কবির বলেন, দেশে অনিবন্ধিত হাসপাতাল ক্লিনিক ও ডায়াগনস্টিক সেন্টারগুলোকে ছাড় দেওয়ার সুযোগ নেই।","স্বাস্থ্য অধিদপ্তরের অতিরিক্ত মহাপরিচালক এডিজি অধ্যাপক ডা. আহমেদুল কবীর স্পষ্ট জানিয়ে দিয়েছেন যে, দেশের অনিবন্ধিত হাসপাতাল, ক্লিনিক এবং ডায়াগনস্টিক সেন্টারগুলোর বিষয়ে কোনো ধরনের ছাড় দেওয়ার সুযোগ নেই।",45.14009315500016,,276.0
কিডনির কাজ হলো বর্জ্য নিষ্কাশন করা,কিডনির কাজ বর্জ্য অপসারণ করা।,শরীর থেকে বর্জ্য পদার্থ অপসারণ করাই কিডনির মূল কাজ।,35.021702953000386,,277.0
তা ছাড়া এর আছে অ্যান্টিভাইরাল গুণ যা ভাইরাল ইনফেকশন প্রতিহত করে,তা ছাড়া এতে রয়েছে অ্যান্টিভাইরাল বৈশিষ্ট্য যা ভাইরাল সংক্রমণ প্রতিরোধ করে।,"এছাড়াও, এতে ভাইরাসবিরোধী গুণাগুণ রয়েছে, যা ভাইরাল সংক্রমণ রোধ করে।",27.37138396400041,,278.0
১ জীবিকার তাগিদে নারীদের তুলনায় পুরুষরা ঘরে থেকে বেশি বের হন,1 পুরুষরা জীবিকা অর্জনের জন্য মহিলাদের চেয়ে বেশি বাড়ি ছেড়ে চলে যায়।,১ রুজিরোজগারের প্রয়োজনে নারীদের চেয়ে পুরুষেরা বাড়ি থেকে বেশি বাইরে যায়।,37.460623425999984,,279.0
 টিকা দেওয়ার জায়গায় টিকা নেওয়ার পরবর্তী ৪৮ ঘণ্টা ঘষামাজা করবেন না চাপ দিবেন না ঠান্ডা বা গরম স্যাক দিবেন না,"টিকা দেওয়ার পর 48 ঘন্টার জন্য ভ্যাকসিনেশন সাইটে ঘষবেন না, ঠান্ডা বা গরম প্যাক লাগান।","টিকা নেওয়ার পরের ৪৮ ঘণ্টা ইনজেকশনের স্থানে কোনো রকম ঘষা, চাপ দেওয়া বা ঠান্ডা-গরম সেঁক দেওয়া থেকে বিরত থাকুন।",38.12619852399985,,280.0
তরমুজ পেট ঠান্ডা রাখার জন্য দইয়ের বদলে বেছে নিতে পারেন তরমুজ,তরমুজ: পেট ঠান্ডা রাখতে দইয়ের বদলে বেছে নিতে পারেন তরমুজ।,পেট ঠান্ডা রাখার জন্য দইয়ের পরিবর্তে আপনি তরমুজ বেছে নিতে পারেন।,34.69395332000022,,281.0
ফ্যাটি লিভারের একপর্যায়ে শুরু হওয়া লিভারের প্রদাহকে ন্যাশ বলা হয়,লিভারের প্রদাহ যা ফ্যাটি লিভারের পর্যায় থেকে শুরু হয় তাকে NASH বলা হয়।,"ফ্যাটি লিভারের একটি নির্দিষ্ট পর্যায়ে লিভারে যে প্রদাহের সূত্রপাত হয়, তাকে ন্যাশ হিসেবে অভিহিত করা হয়।",28.593047067000043,,282.0
 তারা যদি মনে করে রোগীটা বেশি খারাপ পরিস্থিতির মধ্য দিয়ে যাচ্ছে তাকে আমাদের কাস্টমার নাম্বারে ফোন করে সমস্যা শেয়ার করতে পারে,"যদি তারা মনে করে যে রোগী আরও খারাপ পরিস্থিতির মধ্য দিয়ে যাচ্ছে, তারা আমাদের গ্রাহক নম্বরে কল করে সমস্যাটি শেয়ার করতে পারে।","রোগীর অবস্থা অত্যন্ত সংকটজনক মনে হলে, তারা আমাদের গ্রাহক সেবা নম্বরে কল করে বিষয়টি জানাতে পারেন।",22.94179196799996,,283.0
 অনেকক্ষেত্রে মলদ্বারে ছোট্ট ছিদ্র হয়ে ফিস্টুলা হয় যেখান থেকে পুঁজপানি বের হয় সেই ছিদ্রপথও অনেক ক্ষেত্রে চুলকায়,অনেক ক্ষেত্রে ফিস্টুলা হল মলদ্বারের একটি ছোট ছিদ্র যেখান থেকে পুঁজ বের হয়। প্যাসেজটিও অনেক ক্ষেত্রে চুলকায়।,"প্রায়শই পায়ুপথে ক্ষুদ্র রন্ধ্র সৃষ্টির ফলে ফিস্টুলা হয়, যে পথ দিয়ে পুঁজ নির্গত হয় এবং সেই রন্ধ্রপথেও চুলকানির সমস্যা দেখা দেয়।",37.31844823100028,,284.0
অধিকাংশ ক্ষেত্রে কিডনি হার্ট চোখ কান ত্বক স্নায়ুতন্ত্র অস্থিসন্ধি এবং প্রজননতন্ত্রের স্বাভাবিক কার্যক্ষমতা ব্যাহত করে থাকে,"বেশিরভাগ ক্ষেত্রে কিডনি, হৃদপিন্ড, চোখ, কান, ত্বক, স্নায়ুতন্ত্র, জয়েন্ট এবং প্রজনন ব্যবস্থা ক্ষতিগ্রস্ত হয়।","বেশিরভাগ ক্ষেত্রে বৃক্ক, হৃদপিণ্ড, চক্ষু, কর্ণ, ত্বক, স্নায়ুতন্ত্র, অস্থিসন্ধি ও জননতন্ত্রের স্বাভাবিক কার্যকলাপে ব্যাঘাত ঘটে থাকে।",35.62534999899981,,285.0
প্রয়োজনে একই রূপে ভিন্ন ব্যাধির সম্ভাবনা দূরীকণকল্পে অভিজ্ঞ চিকিৎসকের পরামর্শ মোতাবেক নানা ল্যাবরেটরিতে পরীক্ষার প্রয়োজন হতে পারে,প্রয়োজনে একই ফর্মে বিভিন্ন রোগের সম্ভাবনা নাকচ করার জন্য অভিজ্ঞ চিকিৎসকের পরামর্শ অনুযায়ী বিভিন্ন পরীক্ষাগার পরীক্ষার প্রয়োজন হতে পারে।,"প্রয়োজনীয় ক্ষেত্রে, একই লক্ষণবিশিষ্ট ভিন্ন রোগের সম্ভাবনা বাদ দিতে অভিজ্ঞ চিকিৎসকের পরামর্শ অনুযায়ী বিভিন্ন ল্যাবরেটরিতে পরীক্ষা-নিরীক্ষা করা প্রয়োজন হতে পারে।",37.27892945700023,,286.0
পেশাগত মানোন্নয়নের লক্ষ্যে প্রায় তিন হাজার নার্সকে ফাউন্ডেশন প্রশিক্ষণ এবং ৮০০ নার্স ও মিডওয়াইফকে ইনফেকশন প্রিভেনশন অ্যান্ড কন্ট্রোল এর প্রশিক্ষণ দেওয়া হয়,"প্রায় 3,000 নার্সকে ফাউন্ডেশন প্রশিক্ষণে প্রশিক্ষণ দেওয়া হয়েছিল এবং পেশাদার বিকাশের জন্য 800 জন নার্স ও মিডওয়াইফদের সংক্রমণ প্রতিরোধ ও নিয়ন্ত্রণে প্রশিক্ষণ দেওয়া হয়েছিল।",পেশাগত মান উন্নয়নের উদ্দেশ্যে আনুমানিক তিন হাজার নার্সকে ফাউন্ডেশন প্রশিক্ষণ এবং ৮০০ জন নার্স ও মিডওয়াইফকে ইনফেকশন প্রিভেনশন অ্যান্ড কন্ট্রোল বিষয়ক প্রশিক্ষণ প্রদান করা হয়েছে।,36.23836665099998,,287.0
উপকরণ চিকেন বোনলেস ২০০ গ্রাম গোলমরিচগুঁড়ো আধচা চামচ নুন স্বাদ মতো শুকনা মরিচ গুঁড়ো  ১ চাচামচ কাচামরিচ ২ টি আদা রসুন বাটা ২ চামচ হলুদ গুঁড়ো ১৪ চাচামচ পিৎজা চিজ গ্রেটেড ৫০ গ্রাম সাদা তেল ভাজার জন্য,উপকরণ মুরগির হাড়বিহীন 200 গ্রাম মরিচের গুঁড়া 12 চা চামচ লবণ স্বাদমতো শুকনো মরিচের গুঁড়া 12 চা চামচ গোল মরিচ 2 লবঙ্গ আদা রসুনের পেস্ট 2 চা চামচ হলুদের গুঁড়া 14 চা চামচ পিজা চিজ গ্রেট করা 50 গ্রাম সাদা তেল ভাজার জন্য,"এই রান্নার জন্য প্রয়োজনীয় উপকরণগুলো হলো: ২০০ গ্রাম বোনলেস চিকেন, আধা চা চামচ গোলমরিচ গুঁড়ো, স্বাদমতো লবণ, এক চা চামচ শুকনো মরিচের গুঁড়ো, দুটি কাঁচামরিচ, দুই চামচ আদা-রসুন বাটা, ১/৪ চা চামচ হলুদ গুঁড়ো, ৫০ গ্রাম কোঁচানো পিৎজা চিজ এবং ভাজার জন্য সাদা তেল।",46.90567668199992,,288.0
 শিশুর কোনো অ্যলার্জি আছে কিনা,শিশুর কি কোন এলার্জি আছে?,শিশুটির কোনো ধরনের অ্যালার্জি রয়েছে কি না।,16.291691421999985,,289.0
বি ভিটামিন যেমন বি৬ বি৯ ও বি১২ হোমোসিস্টাইনের মাত্রা নিয়ন্ত্রণে সাহায্য করে যা কার্ডিওভাস্কুলার রোগের সিভিডি ঝুঁকি কমায়,"বি ভিটামিন যেমন B6, B9 এবং B12 হোমোসিস্টাইনের মাত্রা নিয়ন্ত্রণে সাহায্য করে, যা কার্ডিওভাসকুলার রোগের (সিভিডি) ঝুঁকি কমায়।","বি৬, বি৯ এবং বি১২-এর মতো বি-ভিটামিন হোমোসিস্টাইনের মাত্রা নিয়ন্ত্রণে রাখতে সাহায্য করে, যার ফলে কার্ডিওভাস্কুলার রোগ বা সিভিডি-র ঝুঁকি হ্রাস পায়।",31.033448400999987,,290.0
অনেক মানুষই কাউন্সেলিং সহায়তা এবং সাইকোথেরাপি নেওয়ার মাধ্যমে সুস্থ জীবনে ফিরে আসেন,অনেকে কাউন্সেলিং এবং সাইকোথেরাপির মাধ্যমে সুস্থ জীবনে ফিরে আসেন।,কাউন্সেলিং ও সাইকোথেরাপির সহায়তায় বহু মানুষ পুনরায় সুস্থ জীবনে ফিরে আসেন।,25.46635162099983,,291.0
একটি হলো ফান্ডাস ফ্লোরেসেন্স এনজিওগ্রাম বা চোখের এনজিওগ্রাম এবং দ্বিতীয়টি  হলো ওসিটি মেকুলা,একটি হল ফান্ডাস ফ্লুরোসেন্স এনজিওগ্রাম বা চোখের এনজিওগ্রাম এবং দ্বিতীয়টি হল ওসিটি ম্যাকুলা।,"প্রথমটি ফান্ডাস ফ্লোরেসেন্স এনজিওগ্রাম অথবা চোখের এনজিওগ্রাম, এবং দ্বিতীয়টি হলো মেকুলা ওসিটি।",32.33994460799977,,292.0
এজন্য কাঠামোগত যত নিখুঁত নকশা প্রয়োজন তা যুক্ত করেছেন গবেষকরা,"এর জন্য, গবেষকরা যোগ করেছেন যে কাঠামোগত নিখুঁত নকশা প্রয়োজন।",গবেষকরা এই উদ্দেশ্যে কাঠামোগত দিক থেকে প্রয়োজনীয় নিখুঁত নকশাটি সংযোজন করেছেন।,31.17951787799984,,293.0
এডিস মশা মূলত দিনের বেলা সূর্যোদয়ের পরপর ও সূর্যাস্তের পূর্বে কামড়ায়,এডিস মশা প্রধানত দিনের বেলায় সূর্যোদয়ের পর এবং সূর্যাস্তের আগে কামড়ায়।,"মূলত দিনের বেলায়, অর্থাৎ সূর্য ওঠার ঠিক পরে এবং সূর্য ডোবার আগে এডিস মশা কামড় দেয়।",39.71341512200024,,294.0
সাধারণত টনসিল একটু বড় হয়ে গেলে সেটা নিয়ে চিন্তিত হওয়ার কারণ নেই কিন্তু যদি সে কারণে বাচ্চার খাবার খেতেখাবার গিলতে কষ্ট হয় মুখ দিয়ে লালা বের হয় গলা ব্যথার সঙ্গে ঘনঘন জ্বর হয় রাতে ঘুমের ভেতর শ্বাস নিতে সমস্যা হয় তাহলে এটা বাচ্চার অনেক ক্ষতি করতে পারে,"সাধারণত টনসিল সামান্য বড় হলে চিন্তার কোনো কারণ নেই, তবে শিশুর যদি খাবার গিলতে অসুবিধা হয়, মুখ থেকে লালা বের হয়, গলা ব্যথার সঙ্গে ঘন ঘন জ্বর হয়, রাতে ঘুমানোর সময় শ্বাস নিতে কষ্ট হয়, তাহলে তা অনেকটাই হতে পারে। সন্তানের ক্ষতি।","টনসিল সামান্য বড় হলে সাধারণত আতঙ্কিত হওয়ার কিছু নেই, তবে এর ফলে শিশুর খাবার গিলতে কষ্ট হওয়া, মুখ দিয়ে লালা গড়িয়ে পড়া, গলাব্যথা সহ বারবার জ্বর আসা এবং রাতে ঘুমন্ত অবস্থায় শ্বাসকষ্টের মতো সমস্যা দেখা দিলে তা শিশুর স্বাস্থ্যের ব্যাপক ক্ষতি সাধন করতে পারে।",40.98684256999968,,295.0
এ কারণেই ঠোঁট শুষ্ক হয়ে যায়,এ কারণে ঠোঁট শুষ্ক হয়ে যায়।,ঠোঁট শুকিয়ে যাওয়ার মূল কারণ এটাই।,29.59434595699986,,296.0
"চোখের সামনে কারও এমন সঙ্গে এমনটা ঘটলে তার চোখে-মুখে পানির ঝাপটা দিন, সঙ্গে এক গ্লাস পানি পানও করান",কারো চোখের সামনে এমন কিছু ঘটলে তাদের চোখে-মুখে পানি ছিটিয়ে এক গ্লাস পানি পান করান।,"আপনার প্রত্যক্ষ সামনে যদি কারও সাথে এমন কিছু ঘটে, তবে তার চোখ ও মুখে পানি ছিটিয়ে দিন এবং তাকে এক গ্লাস পানি পান করান।",33.951167313999576,,297.0
 আইসিসি বা বেসিলোসিড অনুমোদিত হাসপাতাল জীবাণুনাশক ম্যানুফেকচারারের নির্দেশনা অনুযায়ী স্প্রে করতে হবে,একটি ICC বা Basilocid অনুমোদিত হাসপাতালের জীবাণুনাশক প্রস্তুতকারকের নির্দেশ অনুযায়ী স্প্রে করা উচিত।,আইসিসি অথবা বেসিলোসিড অনুমোদিত হাসপাতালের জীবাণুনাশক প্রস্তুতকারকের নির্দেশনা অনুসরণ করে স্প্রে করা আবশ্যক।,34.49652255199999,,298.0
কোনোভাবেই কালক্ষেপণ করা যাবে না,এটা কোনোভাবেই বিলম্বিত করা যাবে না।,এক মুহূর্তও সময় নষ্ট করা চলবে না।,22.23877432900008,,299.0
 সম্ভব হলে প্যাসেজওয়ের পাশের সিট বেছে নিন,"যদি সম্ভব হয়, একটি আইল সিট চয়ন করুন।",সুযোগ থাকলে প্যাসেজের পাশের আসনটি নির্বাচন করুন।,34.10851969400028,,300.0
 তার পর মধু ও লেবু মিশিয়ে নিলেই তৈরি তুলসী চা,এরপর মধু ও লেবু মিশিয়ে তুলসী চা তৈরি করা হয়।,এরপর তাতে মধু ও লেবু মিশিয়ে দিলেই তুলসী চা প্রস্তুত হয়ে যাবে।,24.539548403000023,,301.0
  সবাইকে জুতা ও মোজা পরার অভ্যাস করতে হবে,প্রত্যেকেরই জুতা ও মোজা পরার অভ্যাস করা উচিত।,প্রত্যেককেই জুতা ও মোজা পরিধানের অভ্যাস গড়ে তুলতে হবে।,29.726257973999964,,302.0
নয়তো আপনার কষ্টের টাকা সঠিকভাবে খরচ নাও হতে পারে,"অন্যথায়, আপনার কষ্টার্জিত অর্থ সঠিকভাবে ব্যয় নাও হতে পারে।",অন্যথায় আপনার কষ্টার্জিত অর্থ সঠিকভাবে ব্যয় না-ও হতে পারে।,26.43536085300002,,303.0
কারণ সিগারেট খাওয়ার দীর্ঘদিনের অভ্যাস ত্যাগ করলে অনেকেই তারপর হতাশায় ভোগেন,কারণ সিগারেট খাওয়ার দীর্ঘদিনের অভ্যাস ত্যাগ করার পর অনেকেই বিষণ্নতায় ভোগেন।,"এর কারণ হলো, বহুদিনের সিগারেট সেবনের অভ্যাস ছেড়ে দিলে পরবর্তীতে অনেক মানুষই হতাশাগ্রস্ত হন।",33.485222885999974,,304.0
এর সবচেয়ে ভালো এবং সহজ উপায় হলো আয়োডিনযুক্ত লবণ খাওয়া,সবচেয়ে ভালো এবং সহজ উপায় হল আয়োডিনযুক্ত লবণ খাওয়া।,আয়োডিন সমৃদ্ধ লবণ সেবন করাই হলো এর সবচেয়ে সহজ ও শ্রেষ্ঠ পদ্ধতি।,27.37862154699997,,305.0
খাদ্য ব্যবস্থাপনা রোগিনীর দৈহিক ওজন কাঙ্ক্ষিত মাত্রায় পৌঁছাতে সাহায্য করবে বিপাকীয় প্রক্রিয়ার উন্নতি ঘটাবে যাতে করে ইনস্যুলিন রেজিস্ট্রেন্স কমে যাওয়ার সম্ভাবনা বৃদ্ধি পাবে,ডায়েটারি ম্যানেজমেন্ট রোগীকে কাঙ্খিত শরীরের ওজন অর্জন করতে এবং বিপাকীয় প্রক্রিয়াগুলিকে উন্নত করতে সাহায্য করবে যার ফলে ইনসুলিন প্রতিরোধের হ্রাসের সম্ভাবনা বৃদ্ধি পাবে।,"পুষ্টি ব্যবস্থাপনা রোগিনীর ওজন আদর্শ মাত্রায় পৌঁছাতে এবং বিপাকীয় কার্যকলাপের উন্নতি ঘটাতে সহায়তা করবে, যার ফলে ইনস্যুলিন রেজিস্ট্যান্স হ্রাস পাওয়ার সম্ভাবনা বৃদ্ধি পাবে।",34.548418889000004,,306.0
তাই যাদের ফ্যাটি লিভার আছে তাদের উচিত রোগটি সম্পর্কে জানা এবং চিকিৎসা নেওয়া,ফ্যাটি লিভারে আক্রান্ত ব্যক্তিদের রোগ সম্পর্কে জেনে চিকিৎসা নেওয়া উচিত।,সুতরাং ফ্যাটি লিভারে আক্রান্ত ব্যক্তিদের এই রোগ সম্পর্কে সচেতন হওয়া এবং যথাযথ চিকিৎসা গ্রহণ করা উচিত।,18.37311373700004,,307.0
তাই যত খারাপই লাগুক না কেন একটা নির্দিষ্ট নিয়ম মেনে ঘুমাতে যান এবং ঘুম থেকে উঠুন,তাই ঘুমাতে যান এবং একটি নির্দিষ্ট রুটিন নিয়ে জেগে উঠুন তা যতই খারাপ লাগুক না কেন।,"সুতরাং, যতই কষ্ট হোক না কেন, শোয়া এবং জেগে ওঠার একটি সুনির্দিষ্ট নিয়ম মেনে চলুন।",45.90593001700017,,308.0
দইয়ের বদলে পেট ঠান্ডা রাখে যে খাবারতরমুজ পেট ঠান্ডা রাখার জন্য দইয়ের বদলে বেছে নিতে পারেন তরমুজ,দইয়ের বদলে পেট ঠাণ্ডা রাখে যেসব খাবার: তরমুজ পেট ঠাণ্ডা রাখতে দইয়ের বদলে তরমুজ বেছে নিতে পারেন।,পেট শীতল রাখার জন্য দইয়ের বিকল্প হিসেবে তরমুজ বেছে নেওয়া যেতে পারে।,28.75158636399965,,309.0
দক্ষিণ কোরিয়ায় মৃতের সংখ্যা ৪২,দক্ষিণ কোরিয়ায় মৃতের সংখ্যা ৪২।,দক্ষিণ কোরিয়ায় ৪২ জনের মৃত্যু হয়েছে।,23.24515831600001,,310.0
মনে রাখবেন প্রাথমিক অবস্থায় চিকিৎসা নিলে যে কোনো জটিলতা এড়ানো খুব সহজ,মনে রাখবেন যে আপনি যদি প্রাথমিক পর্যায়ে চিকিত্সা চান তবে কোনও জটিলতা এড়ানো খুব সহজ।,"স্মরণ রাখবেন, রোগের প্রাথমিক পর্যায়ে চিকিৎসা গ্রহণ করলে যেকোনো জটিলতা থেকে খুব সহজেই রেহাই পাওয়া যায়।",34.43617002300016,,311.0
 ৯ হাজারের বেশি রোগী চিকিৎসা নিয়ে বাড়ি ফিরেছেন,চিকিৎসা শেষে বাড়ি ফিরেছেন ৯ হাজারের বেশি রোগী।,চিকিৎসা শেষে নয় হাজারের অধিক রোগী স্বস্থানে ফিরে গেছেন।,24.584246053999777,,312.0
কেননা সুস্বাস্থ্যের জন্য ঘুম খুবই জরুরি,কারণ সুস্বাস্থ্যের জন্য ঘুম খুবই গুরুত্বপূর্ণ।,কারণ সুস্থ শরীরের জন্য ঘুম অত্যন্ত প্রয়োজনীয়।,30.475303168999744,,313.0
" কেউ কেউ জন্মান্ধ হয়ে পৃথিবীতে আসেন, কেউ কেউ আবার জন্মানোর পর নানা কারণে দৃষ্টিশক্তি হারান","কেউ জন্ম থেকে অন্ধ হয়ে পৃথিবীতে আসেন, কেউ আবার জন্মের পর নানা কারণে দৃষ্টিশক্তি হারান।","অনেকেই জন্মগতভাবে দৃষ্টিশক্তিহীন হয়ে ভূমিষ্ঠ হন, আবার কারও কারও জন্মগ্রহণের পর বিভিন্ন কারণে দৃষ্টিশক্তি লোপ পায়।",36.317998563999936,,314.0
ওয়ার্ল্ড হেলথ অর্গানাইজেশন WHO দ্বারা চিহ্নিত আটটি অফিশিয়াল গ্লোবাল পাবলিক হেলথ ক্যাম্পেইনিংয়ের মধ্যে একটি হলো বিশ্ব রক্তদাতা দিবস,বিশ্ব রক্তদাতা দিবস WHO বিশ্ব স্বাস্থ্য সংস্থা দ্বারা চিহ্নিত আটটি সরকারী বিশ্বব্যাপী জনস্বাস্থ্য প্রচারের একটি।,বিশ্ব রক্তদাতা দিবস হলো বিশ্ব স্বাস্থ্য সংস্থা (WHO) কর্তৃক নির্ধারিত আটটি সরকারি বৈশ্বিক জনস্বাস্থ্য প্রচারণার অন্যতম।,31.653220090000104,,315.0
ধীরে ধীরে এরা কানে কম শুনতে শুরু করে,ধীরে ধীরে তারা কম শুনতে শুরু করে।,ক্রমশ এদের শ্রবণশক্তি হ্রাস পেতে শুরু করে।,27.1610794420003,,316.0
চাহিদামতো ওষুধ উৎপাদন বাধাগ্রস্ত হচ্ছে,চাহিদা অনুযায়ী ওষুধ উৎপাদন ব্যাহত হচ্ছে।,প্রয়োজন অনুযায়ী ঔষধ তৈরিতে বাধা সৃষ্টি হচ্ছে।,38.48692362299971,,317.0
" কারণ, ঠান্ডায় এসব খাবারই বেশি খেতে মন চায়",কারণ ঠান্ডায় এই খাবারগুলো বেশি করে খেতে চান।,"এর কারণ হলো, শীতকালে এই ধরনের খাবার খাওয়ার ইচ্ছাই বেশি জাগে।",31.18158969299975,,318.0
কারণ এর প্রযুক্তি আমি আগেই ব্যবহার করেছি,কারণ আমি ইতিমধ্যে এর প্রযুক্তি ব্যবহার করেছি।,কারণ আমি ইতিমধ্যেই এর প্রযুক্তি ব্যবহার করেছি।,28.749610399000176,,319.0
যেমন পালং শাক মুসুর ডাল মটরশুঁটি চর্বিহীন মাংস হাঁসমুরগি মাছ,"যেমন পালং শাক, মসুর ডাল, মটরশুটি, চর্বিহীন মাংস, মুরগি, মাছ","উদাহরণস্বরূপ পালং শাক, মুসুর ডাল, মটরশুঁটি, চর্বিহীন মাংস, মুরগি ও হাঁস এবং মাছ।",30.004199876000257,,320.0
চট্রগ্রাম ছাড়া এ সময়ে আরো ১৩টি জেলায় অন্তত ৩০ জন বা তার বেশি সংখ্যাক মানুষ পানিতে ডুবে মারা যায়,চট্টগ্রাম ছাড়াও আরও ১৩টি জেলায় অন্তত ৩০ বা তার বেশি মানুষ পানিতে ডুবে মারা গেছে।,এই সময়ে চট্টগ্রাম ব্যতীত আরও ১৩টি জেলায় পানিতে ডুবে মৃত্যুবরণ করেছেন কমপক্ষে ৩০ জন বা তার অধিক ব্যক্তি।,33.357963607999864,,321.0
বেশি রক্তবমি হলে দুর্বলতা অস্বস্তিবোধ শরীর ঠান্ডা হয়ে ঘেমে যাওয়া ধীরে ধীরে নেতিয়ে পড়া ভুলভাল বলতে শুরু করার মতো লক্ষণ দেখা যেতে পারে,"প্রচুর রক্ত ​​বমি হলে দুর্বলতা, অস্বস্তি, ঠান্ডা লাগা, ঘাম হওয়া এবং ধীরে ধীরে কমে যাওয়ার মতো উপসর্গ দেখা দিতে পারে।","অতিরিক্ত রক্তবমির কারণে শরীরে তীব্র দুর্বলতা, অস্বস্তি, ঠান্ডা ঘাম, ক্রমশ অবসন্ন হয়ে পড়া এবং অসংলগ্ন কথা বলার মতো উপসর্গ দেখা দিতে পারে।",34.07410884500041,,322.0
যদি কমপক্ষে ছয় মাস ধরে এই মনোযোগহীনতা থাকে এবং এর কারণে পড়ালেখা বা দৈনন্দিন কাজে সমস্যা হয় মানুষের সঙ্গে সম্পর্ক নষ্ট হতে থাকে তখন তাকে এডিডি বলা যেতে পারে,"যদি এই অসাবধানতা কমপক্ষে ছয় মাস ধরে চলতে থাকে এবং পড়াশোনা বা দৈনন্দিন কাজকর্মে সমস্যা সৃষ্টি করে বা মানুষের সাথে সম্পর্ক নষ্ট করে, তবে তাকে ADD বলা যেতে পারে।","যদি এই মনোযোগহীনতা টানা কমপক্ষে ছয় মাস স্থায়ী হয় এবং এর প্রভাবে পড়াশোনা, দৈনন্দিন কাজ ও মানুষের সাথে সম্পর্ক ক্ষতিগ্রস্ত হতে থাকে, তবে একে এডিডি হিসেবে বিবেচনা করা যেতে পারে।",27.36723554800028,,323.0
 যদি বমি করে ১০ মিনিট অপেক্ষা করে আবার স্যালাইন খাওয়াতে হবে,বমি হলে ১০ মিনিট অপেক্ষা করে আবার স্যালাইন দিন।,বমি হলে দশ মিনিট বিরতি দিয়ে পুনরায় স্যালাইন খাওয়াতে হবে।,30.97072128500031,,324.0
চোখের পেছন দিকে থাকে স্ফেনয়েড সাইনাস,চোখের পিছনে রয়েছে স্ফেনয়েড সাইনাস।,স্ফেনয়েড সাইনাস চোখের পশ্চাৎভাগে অবস্থিত।,23.44126854499973,,325.0
দাম্পত্য সম্পর্ক স্ট্রেস হরমোন কমায় মানসিক প্রশান্তি দেয় হৃদস্পন্দন স্বাভাবিক রাখে এবং রক্তচাপ কমায় বা স্বাভাবিক রাখে ও হার্টঅ্যাটাকের ঝুঁকি কমায়,"বিয়ে স্ট্রেস হরমোন কমায়, মনকে শান্ত করে, হৃদস্পন্দন স্বাভাবিক করে এবং রক্তচাপ কমায় বা স্বাভাবিক করে এবং হার্ট অ্যাটাকের ঝুঁকি কমায়।","দাম্পত্য বন্ধন মানসিক শান্তি আনে এবং স্ট্রেস হরমোন কমিয়ে দেয়, যা হৃদস্পন্দন ও রক্তচাপ নিয়ন্ত্রণে রেখে হার্ট অ্যাটাকের আশঙ্কা হ্রাস করে।",36.25805458900004,,326.0
৫ শিশুদের গলাব্যথা জ্বর ও ত্বকে খোসপাঁচড়ার দ্রুত সঠিক চিকিৎসা করা উচিত,"5 শিশুদের মধ্যে গলা ব্যথা, জ্বর এবং ত্বকের ফুসকুড়ি অবিলম্বে এবং সঠিকভাবে চিকিত্সা করা উচিত।","৫ শিশুদের গলাব্যথা, জ্বর এবং ত্বকের খোসপাঁচড়ার তাৎক্ষণিক ও যথাযথ চিকিৎসা করানো প্রয়োজন।",34.439233898999646,,327.0
মস্তিষ্কের অ্যানিউরিজমের ফলে সাবঅ্যারাকনয়েড হেমোরেজ বা রক্তক্ষরণ হতে পারে,মস্তিষ্কের অ্যানিউরিজমের কারণে সাবরাচনয়েড হেমোরেজ বা রক্তপাত হতে পারে।,মস্তিষ্কের অ্যানিউরিজমের কারণে সাবঅ্যারাকনয়েড হেমোরেজ বা রক্তক্ষরণের সম্ভাবনা রয়েছে।,28.84076842400009,,328.0
জেনেটিক অথবা বংশগত রোগ যেমন ডাউন সিনড্রোম,জেনেটিক বা বংশগত রোগ যেমন ডাউন সিনড্রোম,ডাউন সিন্ড্রোমের মতো জিনগত বা বংশানুক্রমিক রোগ,24.81639857800019,,329.0
পারতপক্ষে রাত ১০টার পর আর জেগে থাকবেন না,হয়তো রাত ১০টার পর জেগে থাকবেন না।,চেষ্টা করবেন যেন রাত ১০টার পরে আর জেগে না থাকতে হয়।,35.26674753200041,,330.0
কারণ এতে ক্যারোটিন বেশি থাকে,কারণ এতে ক্যারোটিন বেশি থাকে।,কেননা এতে ক্যারোটিনের প্রাচুর্য রয়েছে।,28.52210575300024,,331.0
এ থেকে পরিত্রাণের উপায় জানাবেন,এটা থেকে পরিত্রাণ পেতে আমাকে বলুন.,এ থেকে মুক্তি পাওয়ার পথ তিনি বলে দেবেন।,22.327409405999788,,332.0
হালকা ব্যায়ামের মধ্যে জগিং ট্রেডমিল বা ইন্সট্রুমেন্টাল কিছু হালকা ব্যায়াম করা যেতে পারে,হালকা ব্যায়ামের মধ্যে জগিং ট্রেডমিল বা কিছু হালকা ইন্সট্রুমেন্টাল ব্যায়াম করা যেতে পারে।,"হালকা শরীরচর্চার আওতায় জগিং, ট্রেডমিল অথবা যন্ত্রপাতি নির্ভর কিছু সহজ ব্যায়াম করা যেতে পারে।",34.10038479500008,,333.0
খুব সকালে ঘুম থেকে ওঠার পর খালি পেটে অপারেশন করাই ভালো,সকালে ঘুম থেকে ওঠার পর খালি পেটে অপারেশন করা ভালো।,ভোরবেলা ঘুম থেকে উঠে না খেয়েই অস্ত্রোপচার করিয়ে নেওয়াটাই ভালো।,35.222805147000145,,334.0
এ সমস্যার ট্রিটমেন্ট না করলে এবং দীর্ঘদিন চলতে থাকলে ব্যাকটেরিয়াল ভ্যাজাইনোসিস নামক সমস্যা হতে পারে,যদি এই সমস্যার চিকিৎসা না করা হয় এবং দীর্ঘ সময় ধরে চলতে থাকে তবে এটি ব্যাকটেরিয়াল ভ্যাজিনোসিস নামক সমস্যা সৃষ্টি করতে পারে।,এই সমস্যার চিকিৎসা না করিয়ে দীর্ঘদিন ধরে ফেললে তা ব্যাকটেরিয়াল ভ্যাজাইনোসিস নামক রোগে পরিণত হতে পারে।,36.831037210999966,,335.0
"দেশের একমাত্র মাল্টিডিসিপ্লিনারি সুপার স্পেশালিটি হাসপাতাল হিসেবে ল্যাবএইড ক্যান্সার হাসপাতাল এন্ড সুপার স্পেশালিটি সেন্টার চিকিৎসা, রেডিয়েশন এবং ডায়াগনস্টিক সুবিধাসহ সকল ধরনের স্বাস্থ্য সেবা প্রদান করে আসছে","দেশের একমাত্র মাল্টিডিসিপ্লিনারি সুপার স্পেশালিটি হাসপাতাল হিসেবে, ল্যাবএইড ক্যান্সার হাসপাতাল এবং সুপার স্পেশালিটি সেন্টার চিকিৎসা, রেডিয়েশন এবং ডায়াগনস্টিক সুবিধা সহ সব ধরনের স্বাস্থ্য পরিষেবা প্রদান করে।","ল্যাবএইড ক্যান্সার হাসপাতাল এন্ড সুপার স্পেশালিটি সেন্টার দেশের একমাত্র মাল্টিডিসিপ্লিনারি সুপার স্পেশালিটি হাসপাতাল হিসেবে চিকিৎসা, ডায়াগনস্টিক ও রেডিয়েশন সুবিধা মিলিয়ে সমস্ত ধরনের স্বাস্থ্যসেবা প্রদান করে চলেছে।",41.52033178700003,,336.0
লিভিং বা জীবিত ব্যক্তি থেকে কিডনি নিতে চাইলে ডোনারের মারাত্মক ও দীর্ঘস্থায়ী কোনো শারীরিক অসুস্থতা থাকা চলবে না,আপনি যদি জীবিত ব্যক্তির কাছ থেকে কিডনি নিতে চান তবে দাতার অবশ্যই গুরুতর বা দীর্ঘস্থায়ী শারীরিক অসুস্থতা থাকবে না।,জীবিত দাতা থেকে কিডনি নেওয়ার ক্ষেত্রে দাতার কোনো গুরুতর বা দীর্ঘমেয়াদী শারীরিক রোগ থাকা যাবে না।,34.055506097000034,,337.0
আর শিশু ভূমিষ্ঠ হওয়ার পর থেকে পূর্ণাঙ্গ যুবক হওয়া পর্যন্ত পুরো সময়টার বৃদ্ধি মূলতঃ নিয়ন্ত্রিত হয় Growth hormone Thyroid hormone ও Insulin হরমোনের সমন্বিত কার্যক্রমের দ্বারা,"এবং জন্ম থেকে প্রাপ্তবয়স্ক হওয়া পর্যন্ত পুরো সময়কালের বৃদ্ধি মূলত বৃদ্ধি হরমোন, থাইরয়েড হরমোন এবং ইনসুলিন হরমোনের সমন্বিত ক্রিয়া দ্বারা নিয়ন্ত্রিত হয়।","জন্ম থেকে পূর্ণাঙ্গ যুবক হওয়া পর্যন্ত শরীরের বৃদ্ধি মূলত গ্রোথ হরমোন, থাইরয়েড হরমোন ও ইনসুলিনের সম্মিলিত কার্যকলাপের মাধ্যমে নিয়ন্ত্রিত হয়ে থাকে।",31.977797984000063,,338.0
এডিস মশার জন্ম হয় পাত্রের জমে থাকা পানিতে,পাত্রে দাঁড়িয়ে থাকা পানিতে এডিস মশা বংশবিস্তার করে।,পাত্রে জমে থাকা পানিতে এডিস মশার বংশবিস্তার ঘটে।,32.59177540100018,,339.0
৬ কিছু ওষুধ আছে যেগুলো বমি বা বমি বমি ভাব বন্ধ করতে পারে চিকিৎসকের পরামর্শমতো বাহনে ওঠার আগেই এজাতীয় ওষুধ খেয়ে নিতে পারেন,কিছু ওষুধ আছে যা বমি বা বমি বমি ভাব বন্ধ করতে পারে। ডাক্তারের পরামর্শ অনুযায়ী বোর্ডিং করার আগে এই জাতীয় ওষুধ খান।,"বমি বা বমি বমি ভাব উপশমের বেশ কিছু ওষুধ রয়েছে, যা চিকিৎসকের পরামর্শ অনুযায়ী যানবাহনে আরোহণের পূর্বেই সেবন করে নেওয়া যায়।",33.111339771000075,,340.0
যে কারণে পাকস্থলীতে ক্যান্সার হয় তার মধ্যে উল্লেখযোগ্য হচ্ছে,যেসব কারণে পাকস্থলীর ক্যান্সার হয় তার মধ্যে উল্লেখযোগ্য।,পাকস্থলীতে ক্যান্সার হওয়ার উল্লেখযোগ্য কারণগুলোর মধ্যে রয়েছে,29.440905308999845,,341.0
"চিকিৎসকের মতে, এসময় তিনটি বিষয়ে সতর্ক থাকতে হবে","চিকিৎসকের মতে, তিনটি বিষয়ে সতর্ক থাকতে হবে।","চিকিৎসকের পরামর্শ অনুযায়ী, এই সময়ে তিনটি ক্ষেত্রে সতর্কতা অবলম্বন করা প্রয়োজন।",24.87710408900012,,342.0
৯ শিশুদের খাদ্য তালিকায় প্রোটিন পর্যাপ্ত পরিমাণে শাকসবজি ও তরল খাবার আবশ্যক,"9 বাচ্চাদের ডায়েটে পর্যাপ্ত প্রোটিন, শাকসবজি এবং তরল খাবার অন্তর্ভুক্ত করা উচিত।","শিশুদের খাদ্যতালিকায় যথেষ্ট পরিমাণে প্রোটিন, শাকসবজি এবং তরল খাবার অন্তর্ভুক্ত করা অপরিহার্য।",30.578819836999628,,343.0
৪০ থেকে ৬০ বছর বয়সে এ রোগ বেশি হয়ে থাকে,এই রোগটি 40 থেকে 60 বছর বয়সের মধ্যে বেশি দেখা যায়।,এই রোগটি ৪০ থেকে ৬০ বছর বয়সীদের মধ্যে অধিক হারে দেখা দেয়।,35.82271234400014,,344.0
চিঠি কিংবা কবিতা নিজের মনের ভাবগুলো লিখে প্রিয় মানুষটিকে দিন,আপনার অনুভূতি সম্পর্কে একটি চিঠি বা কবিতা লিখুন এবং আপনার প্রিয়জনকে দিন,নিজের অন্তরের অনুভূতিগুলো চিঠি বা কবিতার আকারে লিখে প্রিয় মানুষটিকে উপহার দিন।,31.731645584000034,,345.0
অথবা অতিরিক্ত চা পান বা কফি পান বা মদ্যপান করলেও বুক ধড়ফড় করতে পারে,অত্যধিক চা বা কফি বা অ্যালকোহল হৃদস্পন্দনের কারণ হতে পারে।,"অথবা অতিরিক্ত চা, কফি পান কিংবা মদ্যপানের কারণেও বুক ধড়ফড়ানির সম্ভাবনা থাকে।",37.304669614999966,,346.0
 মায়ের স্পর্শ বাচ্চাদের শরীর ও মন শান্ত করে এবং তাদের স্বস্তি দেয়,মায়ের স্পর্শ শিশুদের শরীর ও মনকে শান্ত করে এবং তাদের আরাম দেয়,শিশুদের শরীর ও মনকে প্রশান্ত করে এবং তাদের স্বস্তি এনে দেয় মায়ের স্পর্শ।,30.805170907000047,,347.0
"ডা খালেদ হাসান
হেড অফ মেডিকেল সার্ভিসেস ডিজিটাল হসপিটাল ডিজিটাল হেলথকেয়ার সলিউশানস",ডাঃ খালেদ হাসান মেডিকেল সার্ভিসেস ডিজিটাল হাসপাতাল ডিজিটাল হেলথকেয়ার সলিউশনের প্রধান,ডিজিটাল হেলথকেয়ার সলিউশানস-এর অন্তর্গত ডিজিটাল হসপিটালের চিকিৎসা সেবা বিভাগের প্রধান হলেন ডা. খালেদ হাসান।,37.9985392120002,,348.0
CBT কীভাবে প্রয়োগ করা হয় সে সম্পর্কে বিশদ আলোচনা এ স্বল্প পরিসরে আসলে সম্ভব নয়,"এই সংক্ষিপ্ত স্থানে, কিভাবে CBT বাস্তবায়িত হয় তার বিস্তারিত আলোচনা সত্যিই সম্ভব নয়।",এই সংক্ষিপ্ত পরিসরে CBT-এর প্রয়োগ পদ্ধতি নিয়ে বিস্তারিত আলোচনা করা বাস্তবে সম্ভব নয়।,29.98336934999997,,349.0
তবে ঘরোয়া কয়েকটি উপায়েও নিয়ন্ত্রণ রাখতে পারেন হাইপারইউরিসেমিয়া,কিন্তু কিছু ঘরোয়া উপায়ে হাইপারইউরিসেমিয়া নিয়ন্ত্রণ করা যায়।,তবে কিছু ঘরোয়া পদ্ধতি অবলম্বন করেও হাইপারইউরিসেমিয়া নিয়ন্ত্রণে রাখা সম্ভব।,25.467967488999875,,350.0
ব্রেইন টিউমার থেকেই সাধারণত ব্রেইন ক্যানসারের সৃষ্টি হয়,ব্রেন টিউমার সাধারণত ব্রেন টিউমার থেকে বিকাশ লাভ করে।,সাধারণত ব্রেইন টিউমার থেকেই মস্তিষ্কের ক্যানসারের উৎপত্তি ঘটে।,39.8760226710001,,351.0
তাই এ ঝুঁকি এড়াতে আমাদের ফুসফুসকে যতটা সম্ভব সুরক্ষিত ও পরিষ্কার রাখতে হবে,এই ঝুঁকি এড়াতে আমাদের ফুসফুসকে যতটা সম্ভব নিরাপদ ও পরিষ্কার রাখতে হবে।,সুতরাং এই ঝুঁকি থেকে রক্ষা পেতে আমাদের ফুসফুসকে যথাসম্ভব নিরাপদ ও পরিচ্ছন্ন রাখা একান্ত প্রয়োজন।,37.38253093599997,,352.0
রোগীর ইতিহাস ও শারীরিক পরীক্ষার পর ইমেজিং সবচেয়ে কার্যকর পরীক্ষা যেমন এক্সরে প্রয়োজনে সিটি স্ক্যান এমআরআই পেট স্ক্যান বোন স্ক্যান,"রোগীর ইতিহাস এবং শারীরিক পরীক্ষার পরে, ইমেজিং হল সবচেয়ে দরকারী পরীক্ষা যেমন সিটি স্ক্যান, এমআরআই, পেট স্ক্যান, প্রয়োজনে হাড় স্ক্যান।","রোগীর ইতিহাস ও শারীরিক পরীক্ষা সম্পন্ন করার পরে, এক্স-রে এবং প্রয়োজন সাপেক্ষে সিটি স্ক্যান, এমআরআই, পেট স্ক্যান ও বোন স্ক্যানের মতো ইমেজিং পরীক্ষাগুলোই সবচেয়ে বেশি কার্যকর।",32.909583432999625,,353.0
রোজায় শরীরের ক্ষতিকারক টক্সিনের মাত্রা কমে যায়,রোজা রাখলে শরীরে ক্ষতিকর টক্সিনের মাত্রা কমে।,রোজা পালনের ফলে দেহের ক্ষতিকর বিষাক্ত পদার্থের পরিমাণ হ্রাস পায়।,27.87614548600004,,354.0
সাইকোসোমাটিক ব্যথাও মুখে একটি লম্বা সময় ধরে থাকতে পারে,মনস্তাত্ত্বিক ব্যথাও মুখে দীর্ঘ সময় ধরে চলতে পারে।,মুখগহ্বরে সাইকোসোমাটিক ব্যথাও দীর্ঘকাল ধরে বজায় থাকতে পারে।,32.51077642399969,,355.0
শিশুদের অনেকেই এখন কিডনি রোগে আক্রান্ত হচ্ছে,এখন অনেক শিশু কিডনি রোগে আক্রান্ত হচ্ছে।,বর্তমানে অনেক শিশু কিডনির রোগে আক্রান্ত হয়ে পড়ছে।,43.839351488000375,,356.0
সেখানে দেখা গেছে এ গ্রুপের রক্তধারীরা সবচেয়ে বেশি করোনায় আক্রান্ত হচ্ছেন আবার মারাও পড়ছেন,দেখা গেছে এই গ্রুপের রক্তের মানুষরাই করোনায় সবচেয়ে বেশি আক্রান্ত হচ্ছেন এবং মারা যাচ্ছেন।,"সেখানে পরিলক্ষিত হয়েছে যে, এই রক্তের গ্রুপের মানুষেরাই করোনায় সর্বাধিক সংক্রমিত হচ্ছেন এবং প্রাণও হারাচ্ছেন।",30.712340778999987,,357.0
" অস্বাস্থ্যকর জীবনযাপন, অনিয়মিত খাওয়াদাওয়ার অভ্যাসের মতো বহু কারণে কিডনিতে পাথর জমে","অস্বাস্থ্যকর জীবনযাপন, অনিয়মিত খাদ্যাভ্যাসের মতো অনেক কারণে কিডনিতে পাথর জমে।",খাদ্যাভ্যাসে অনিয়ম ও অস্বাস্থ্যকর জীবনযাপনসহ নানা কারণে বৃক্কে পাথর জমা হয়।,33.85440434200018,,358.0
প্রশ্ন আমার বয়স ২২ বছর,প্রশ্ন: আমার বয়স 22 বছর।,"আমার বর্তমান বয়স ২২ বছর, এ নিয়েই আমার জিজ্ঞাসা।",41.82949412800008,,359.0
তৈলাক্ত স্ক্যাল্প  এ ধরনের স্ক্যাল্পে খুশকির সমস্যা বেশি হয়,তৈলাক্ত স্ক্যাল্প এই ধরনের স্ক্যাল্পে খুশকির প্রবণতা বেশি থাকে।,তৈলাক্ত মাথার ত্বকে খুশকির সমস্যা বেশি দেখা দেয়।,31.02590088900024,,360.0
কারণ মিষ্টি কুমড়ার বিচিতে হয়েছে প্রচুর পরিমাণে ম্যাগনেসিয়াম সালফেট যা মাথাব্যথা উপশমে কাজ করে থাকে,"কারণ মিষ্টি কুমড়ার বীজে রয়েছে উচ্চ পরিমাণে ম্যাগনেসিয়াম সালফেট, যা মাথাব্যথা দূর করতে কাজ করে।","এর কারণ হলো, মিষ্টি কুমড়ার বীজে প্রচুর পরিমাণে ম্যাগনেসিয়াম সালফেট থাকে, যা মাথাব্যথা কমাতে সাহায্য করে।",28.934755676999885,,361.0
 বাইরে যাওয়ার সময় এবং ঘুমানোর সময় বাচ্চাদের শরীরে পর্যাপ্ত শীতের কাপড় যেন থাকে সেদিকে খেয়াল রাখতে হবে,বাচ্চাদের বাইরে এবং ঘুমানোর সময় পর্যাপ্ত শীতের পোশাক রয়েছে তা নিশ্চিত করুন।,"বাচ্চাদের বাইরে যাওয়ার ও ঘুমানোর সময় তাদের গায়ে যথেষ্ট শীতের পোশাক থাকে, সেদিকে নজর রাখা প্রয়োজন।",33.911174192999624,,362.0
ম্যাগনেশিয়াম আমাদের দেহের রক্তনালির সংকোচন এবং নিউরোট্রান্সমিটার পরিবহনে ভূমিকা রাখে,ম্যাগনেসিয়াম রক্তনালীগুলির সংকোচন এবং আমাদের দেহে নিউরোট্রান্সমিটার পরিবহনে ভূমিকা পালন করে।,আমাদের শরীরের রক্তনালী সংকোচন এবং নিউরোট্রান্সমিটারের পরিবহনে ম্যাগনেশিয়ামের গুরুত্বপূর্ণ অবদান রয়েছে।,46.73313069899996,,363.0
" বিজ্ঞানীদের কথায়, গরমের মধ্যে এমনিই শরীরে পানি কমে যাওয়ার প্রবণতা রয়েছে","বিজ্ঞানীদের মতে, গরমে শরীরে পানি কমে যাওয়ার প্রবণতা থাকে।","বিজ্ঞানীদের মতে, গরমের সময় স্বাভাবিকভাবেই শরীরে পানিশূন্যতা দেখা দেওয়ার প্রবণতা থাকে।",38.183644174000165,,364.0
বিশ্বখ্যাত শেফ রাফি বলেন আমরা চেষ্টা করেছি মানসম্পন্ন লেবানিজ ফুড খাবারপ্রেমীদের জন্য মেলে ধরতে,"বিশ্ববিখ্যাত শেফ রাফি বলেছেন: ""আমরা খাবার প্রেমীদের কাছে মানসম্পন্ন লেবানিজ খাবার আনার চেষ্টা করেছি।""","বিশ্ববিখ্যাত শেফ রাফি জানালেন, খাদ্যরসিকদের জন্য উন্নতমানের লেবানিজ খাবার উপহার দিতে আমরা সর্বোচ্চ প্রয়াস চালিয়েছি।",38.58254058600005,,365.0
সারাদিনে তিন বেলার খাবারের মেন্যুতে রাখতে পারেন বিভিন্ন ধরনের স্যুপ গরম দুধ দুধ ছাড়া চা তিনচার ফোঁটা লেবুর রস,সারাদিনের তিন বেলা খাবারের মেনুতে রাখতে পারেন বিভিন্ন ধরনের স্যুপ গরম দুধ দুধহীন চা তিন ফোঁটা লেবুর রস।,"দিনের তিনটি খাবারের তালিকায় আপনি নানা ধরনের স্যুপ, গরম দুধ, দুধবিহীন চা এবং তিন-চার ফোঁটা লেবুর রস অন্তর্ভুক্ত করতে পারেন।",33.918276753999635,,366.0
তবে ইলিশ খিচুড়িও বৈশাখের ভোজন আয়োজনে যোগ করতে পারে ভিন্ন মাত্রা,তবে ইলিশের খিচুড়িও বৈশাখের উৎসবে যোগ করতে পারে ভিন্ন মাত্রা।,তবে বৈশাখী ভোজসভায় ইলিশ খিচুড়িও এক নতুন মাত্রা যোগ করতে সক্ষম।,28.459174428000097,,367.0
 রোজের ডায়েটে ওটস রাখলে রক্তে খারাপ কোলেস্টেরলের মাত্রা কমে ও ভাল কোলেস্টেরলের মাত্রা বৃদ্ধি পায়,প্রতিদিনের খাদ্যতালিকায় ওটস রাখলে তা রক্তে খারাপ কোলেস্টেরলের মাত্রা কমায় এবং ভালো কোলেস্টেরলের মাত্রা বাড়ায়।,প্রতিদিনের খাদ্যতালিকায় ওটস অন্তর্ভুক্ত করলে রক্তে ক্ষতিকারক কোলেস্টেরলের মাত্রা কমে যায় এবং উপকারী কোলেস্টেরলের পরিমাণ বেড়ে যায়।,29.415886680000312,,368.0
কান চোখ ও বিভিন্ন জয়েন্ট থেকে সিগন্যালগুলো মস্তিষ্কের সেরিবেলামে যায় এবং এখানে বিভিন্ন দিকে এবং তার শুরুতে বিবেচনার মাধ্যমে শরীরে ভারসাম্য রক্ষা হয়ে থাকে,"কান, চোখ এবং বিভিন্ন জয়েন্ট থেকে সংকেত সেরিবেলামে যায়, যেখানে বিভিন্ন দিক এবং শুরু বিবেচনা করে শরীরের ভারসাম্য বজায় রাখা হয়।","কর্ণ, চক্ষু ও বিভিন্ন সন্ধিস্থল থেকে প্রেরিত সংকেতগুলো মস্তিষ্কের সেরিবেলামে পৌঁছায়, যেখানে এই সংকেতগুলো বিশ্লেষণের মাধ্যমে শরীরের ভারসাম্য বজায় রাখা হয়।",31.71638619999976,,369.0
তবে বয়স অনুসার লক্ষণগুলো পরিবর্তিত হয়,"যাইহোক, বয়সের সাথে লক্ষণগুলি পরিবর্তিত হয়।",তবে বয়সের ওপর নির্ভর করে লক্ষণগুলোর পরিবর্তন ঘটে।,28.11690847399996,,370.0
২ গঠনত বৃদ্ধি  ব্র্যাকিংয়াল সিস্ট ল্যারিগোসিস,2 গঠনমূলক বৃদ্ধি Brachyngeal সিস্ট ল্যারিগোসিস,২. গঠনগত বৃদ্ধি এবং ব্র্যাকিয়াল তন্ত্রের ল্যারিঙ্গোসিস।,41.93392674999996,,371.0
তবে বেশির ভাগ ক্ষেত্রে থায়রয়েড গ্রন্থি বা এর অংশবিশেষ ফুলে ওঠা মানেই কিন্তু ক্যান্সার নয়,তবে বেশিরভাগ ক্ষেত্রে থাইরয়েড গ্রন্থি বা এর অংশ ফুলে যাওয়া মানে ক্যান্সার নয়।,তথাপি অধিকাংশ ক্ষেত্রে থাইরয়েড গ্রন্থি বা তার কোনো নির্দিষ্ট অংশ স্ফীত হওয়াকে ক্যান্সার হিসেবে ধরে নেওয়া যায় না।,34.52674635199992,,372.0
অবশ্য কয়েকটি সরকারি হাসপাতাল এবং বেসরকারি পর্যায়ে অলাভজনক প্রতিষ্ঠান যেমনকিডনি ফাউন্ডেশন হাসপাতাল রোগীদের ডায়ালাইসিস ও কিডনি সংযোজন কার্যক্রম পরিচালনা করলেও চাহিদার তুলনায় যথেষ্ট অপ্রতুল,তবে কিছু সরকারি হাসপাতাল এবং কিডনি ফাউন্ডেশন হাসপাতালের মতো বেসরকারি অলাভজনক প্রতিষ্ঠান রোগীদের জন্য ডায়ালাইসিস ও কিডনি প্রতিস্থাপন কার্যক্রম পরিচালনা করলেও চাহিদার তুলনায় তা অপ্রতুল।,"কিডনি ফাউন্ডেশন হাসপাতালের মতো কিছু বেসরকারি অলাভজনক প্রতিষ্ঠান ও কয়েকটি সরকারি হাসপাতাল রোগীদের ডায়ালাইসিস ও কিডনি প্রতিস্থাপনের সেবা প্রদান করলেও, বিদ্যমান চাহিদার তুলনায় এই ব্যবস্থা অত্যন্ত অপ্রতুল।",38.91045702100018,,373.0
আসলে তা নয় তবে অন্যান্য সমস্যা দেখা দিতে পারে,"আসলে তা নয়, তবে অন্যান্য সমস্যা দেখা দিতে পারে।","প্রকৃতপক্ষে বিষয়টি এমন নয়, বরং অন্য কিছু জটিলতা তৈরি হওয়ার সম্ভাবনা রয়েছে।",19.127634324000155,,374.0
ঘরে যাতে পর্যাপ্ত আলোবাতাস থাকে সে ব্যবস্থা করুন,ঘরে পর্যাপ্ত আলো এবং বায়ুচলাচল রয়েছে তা নিশ্চিত করুন।,ঘরে পর্যাপ্ত আলো ও বায়ু চলাচলের ব্যবস্থা নিশ্চিত করুন।,21.147976518999712,,375.0
পানিশূন্যতা রোধে দিনে বা রাতে যেকোনো সময় তরমুজ খাওয়া যেতে পারে,ডিহাইড্রেশন প্রতিরোধে দিনে বা রাতে যে কোনো সময় তরমুজ খাওয়া যেতে পারে।,"শরীরে পানির ঘাটতি পূরণ করতে দিন বা রাত, যেকোনো সময়েই তরমুজ সেবন করা যায়।",27.27435009000009,,376.0
চুল কন্ডিশন করতে দুই টেবিল চামচ বাটার গলিয়ে নিয়ে তাতে আধা কাপ অলিভ অয়েল মিশিয়ে নিন,"আপনার চুল কন্ডিশন করার জন্য, দুই টেবিল চামচ মাখন গলিয়ে তাতে আধা কাপ অলিভ অয়েল মিশিয়ে নিন।",চুলে কন্ডিশন করার জন্য দুই টেবিল চামচ বাটার গলিয়ে তার সাথে আধা কাপ অলিভ অয়েল ভালো করে মিশিয়ে নিন।,29.465048917999862,,377.0
কখনও কখনও যৌনাঙ্গে চুলকানি দেখা যায়,কখনও কখনও যৌনাঙ্গে চুলকানি দেখা যায়।,মাঝে মাঝে জননাঙ্গে চুলকানি অনুভূত হতে পারে।,33.740388705999976,,378.0
স্ক্যাবিসের চিকিৎসায় পারমিথ্রিন ক্রিম সঠিক নিয়মে ব্যবহার করতে হবে,পার্মেথ্রিন ক্রিম স্ক্যাবিসের চিকিত্সার জন্য সঠিকভাবে ব্যবহার করা উচিত।,স্ক্যাবিস রোগ নিরাময়ের জন্য পারমিথ্রিন ক্রিম যথাযথ পদ্ধতিতে প্রয়োগ করা আবশ্যক।,26.34870694400024,,379.0
বি কমপ্লেক্স আরও যেসব স্বাস্থ্যসুবিধা দেয় তা জেনে নিন,বি কমপ্লেক্সের আরও স্বাস্থ্য উপকারিতা জেনে নিন,বি কমপ্লেক্সের অন্যান্য স্বাস্থ্যগুণ ও উপকারিতা সম্পর্কে জেনে নিন।,33.63158689000011,,380.0
কেউ কেউ তারও আগে থেকে পরিশ্রমে বুক ব্যথা পরিশ্রমে হাপিয়ে যাওয়া বা হাঁপিয়ে ওঠা কেউ কেউ এটাকে দম আটকে আসা কেউ বলে হাঁসফাঁস লাগে কারও কারও বুক ধড়ফড় করে থাকে,"কিছু লোকের আগে পরিশ্রমের কারণে বুকে ব্যথা হয়, পরিশ্রমের ফলে শ্বাসকষ্ট হয় বা হাঁপায়, কেউ একে বলে শ্বাসকষ্ট, কেউ বলে হাঁপাতে, কেউ বলে ধড়ফড়।","পরিশ্রমের আগে থেকেই অনেকের বুকে যন্ত্রণা শুরু হয়, আবার কেউ কেউ হাঁপিয়ে ওঠে বা দম আটকে আসার অনুভূতি পায়; কারও কারও প্রচণ্ড হাঁসফাঁস লাগে এবং বুক ধড়ফড় করতে থাকে।",39.93173245300022,,381.0
২০১৯ সালে সারা বিশ্বে অ্যান্টিবায়োটিক রেজিস্ট্যান্সের সঙ্গে সম্পর্কিত মৃত্যুর সংখ্যা ৪৯ লাখ ৫০ হাজার জন,"2019 সালে, বিশ্বজুড়ে অ্যান্টিবায়োটিক প্রতিরোধের সাথে সম্পর্কিত মৃত্যুর সংখ্যা ছিল 4.95 মিলিয়ন।",বিশ্বব্যাপী ২০১৯ সালে অ্যান্টিবায়োটিক রেজিস্ট্যান্সের সাথে সম্পৃক্ত হয়ে ৪৯ লক্ষ ৫০ হাজার মানুষের মৃত্যু হয়েছে।,44.17377164299978,,382.0
 হাসপাতালে ভর্তি থাকার হার ৭ শতাংশ এবং মৃত্যুর হার শূন্য দশমিক পাঁচ শতাংশ,হাসপাতালে ভর্তির হার 7 শতাংশ এবং মৃত্যুর হার 0.5 শতাংশ।,মৃত্যুর হার শূন্য দশমিক পাঁচ শতাংশ এবং হাসপাতালে ভর্তির হার ৭ শতাংশ।,37.85245512900019,,383.0
সরকারিভাবে সব উপজেলা স্বাস্থ্য কমপ্লেক্সে ওষুধটি পৌঁছানো হয়েছে,সরকারিভাবে সব উপজেলা স্বাস্থ্য কমপ্লেক্সে ওষুধ পৌঁছে দেওয়া হয়েছে।,সরকারি উদ্যোগে সকল উপজেলা স্বাস্থ্য কমপ্লেক্সে ওষুধটি সরবরাহ করা হয়েছে।,27.850589781000053,,384.0
কী কী সমস্যা হচ্ছে এর ফলে? কীভাবে সামলাবেন সেগুলো? জেনে নিন,"ফলে কী কী সমস্যা হচ্ছে, সেগুলো কীভাবে সামলাবেন?","এর পরিণতিতে কী কী সমস্যার সৃষ্টি হচ্ছে এবং কী উপায়ে সেগুলো মোকাবিলা করবেন, তার বিস্তারিত জেনে নিন।",24.39688584500027,,385.0
এবার একটি কড়াইয়ে তেল গরম করুন,এবার একটি প্যানে তেল গরম করুন।,এবার একটা কড়াইতে তেল গরম করে নিন।,21.75724946900027,,386.0
আপনার চিকিৎসকের সঙ্গে নিয়মিত যোগাযোগ এবং উপসর্গ ও উদ্বেগ নিয়ে আলোচনা করবেন,আপনার ডাক্তারের সাথে নিয়মিত যোগাযোগ করুন এবং লক্ষণ এবং উদ্বেগ নিয়ে আলোচনা করুন।,নিয়মিতভাবে আপনার চিকিৎসকের সাথে যোগাযোগ বজায় রাখুন এবং আপনার লক্ষণ ও দুশ্চিন্তার বিষয়গুলো নিয়ে তার সাথে আলোচনা করুন।,31.90017970599956,,387.0
ঠিক এক রকম না হলেও একই নকশা বা ধরনের পোশাক ও তাদের জন্য ভারী আনন্দের,ঠিক একই রকম না হলেও একই ডিজাইন বা পোশাকের ধরন নিয়েও তারা খুব খুশি।,"হুবহু এক না হলেও, নকশা বা ধরনে মিলে যাওয়া পোশাক তাদের জন্য অপরিসীম আনন্দের।",33.45733580700016,,388.0
বিস্তারিত লিখেছেন সিলেট এমএজি ওসমানী মেডিকেল কলেজ হাসপাতালের নাক কান ও গলা বিভাগের রেজিস্ট্রার ডা মো আব্দুল হাফিজ শাফী,"এ বিষয়ে বিস্তারিত লিখেছেন সিলেট এমএজি ওসমানী মেডিকেল কলেজ হাসপাতালের কান, নাক ও গলা বিভাগের রেজিস্ট্রার ডাঃ মোঃ আব্দুল হাফিজ শফি।","সিলেট এমএজি ওসমানী মেডিকেল কলেজ হাসপাতালের নাক, কান ও গলা বিভাগের রেজিস্ট্রার ডা. মো. আব্দুল হাফিজ শাফী বিস্তারিত বর্ণনা দিয়েছেন।",55.19214995700031,,389.0
 চোখের ব্যথা এড়াতে এবং সংক্রমণের আরও বিস্তার এড়াতে আপনার হাত সঠিকভাবে পরিষ্কার রাখুন ব্যথা কমাতে পরিষ্কার পানি দিয়ে আপনার চোখ বারবার ধুয়ে নিন,চোখের ব্যথা এবং সংক্রমণের আরও বিস্তার এড়াতে আপনার হাত সঠিকভাবে পরিষ্কার রাখুন ব্যথা কমাতে পরিষ্কার জল দিয়ে ঘন ঘন আপনার চোখ ধুয়ে নিন।,চোখের যন্ত্রণা ও সংক্রমণ ছড়িয়ে পড়া রোধ করতে হাত ভালো করে পরিষ্কার রাখুন এবং ব্যথা কমানোর জন্য স্বচ্ছ পানি দিয়ে ঘন ঘন চোখ ধুয়ে নিন।,29.55793723400029,,390.0
তারা ইলিশ মাছের মতো দেখতে সার্ডিন মাছকে ইলিশ বলে চালিয়ে দিচ্ছে,"ইলিশ মাছের মতো দেখতে সার্ডিন মাছকে তারা বলে, ইলিশ।",দেখতে ইলিশের মতো হওয়া সার্ডিন মাছকে তারা ইলিশ পরিচয় দিয়ে চালিয়ে দিচ্ছে।,49.667696719000105,,391.0
তাই সুস্থসবল জীবন চাইলে ঝটপট এই পাতার শরণাপন্ন হন,"আপনি যদি একটি সুস্থ জীবন চান, অবিলম্বে এই পেজ ভিজিট করুন.",সুস্থ ও সবল জীবন কামনা করলে দ্রুত এই পাতার ওপর নির্ভর করুন।,40.94130968500031,,392.0
এ ক্ষেত্রে মাইল্ড শ্যাম্পু বেশি কার্যকর,এ ক্ষেত্রে মাইল্ড শ্যাম্পু বেশি কার্যকর।,এই পরিস্থিতিতে হালকা শ্যাম্পু অধিক ফলপ্রসূ।,32.500132473999656,,393.0
 মেনোপজের পর ইস্ট্রোজেন এবং প্রোজেস্টেরন প্রতিস্থাপনের জন্য পাঁচ বছরেরও বেশি সময় ধরে হরমোন ওষুধ গ্রহণ,মেনোপজের পরে ইস্ট্রোজেন এবং প্রোজেস্টেরন প্রতিস্থাপনের জন্য পাঁচ বছরের বেশি সময় ধরে হরমোনের ওষুধ গ্রহণ করা।,মেনোপজের পরবর্তী সময়ে ইস্ট্রোজেন ও প্রোজেস্টেরন হরমোনের ঘাটতি পূরণের লক্ষ্যে পাঁচ বছরের অধিক সময় ধরে হরমোন জাতীয় ওষুধ সেবন।,40.23123448200022,,394.0
অর্থাৎ রাতে ঠান্ডা পানি দিয়ে গোসলের তেমন কোনো বৈজ্ঞানিক উপকারিতা নেই,অর্থাৎ রাতে ঠাণ্ডা গোসলের কোনো বৈজ্ঞানিক উপকারিতা নেই।,"অর্থাৎ, রাত্রে শীতল পানিতে স্নান করার কোনো উল্লেখযোগ্য বৈজ্ঞানিক সুফল পাওয়া যায় না।",26.34031649399913,,395.0
 জেনেটিকস বা বংশগত কারণ থেকে হতে পারে তবে খুব কম,"জেনেটিক্স বা বংশগত কারণে হতে পারে, কিন্তু খুব বিরল।","জিনগত বা বংশানুক্রমিক কারণে এটি হওয়ার সম্ভাবনা রয়েছে, তবে তা অত্যন্ত বিরল।",25.18657347299996,,396.0
আমরা অবশ করে পলিপ বের করে নিয়ে আসতে পারি,আমরা আলতো করে পলিপ অপসারণ করতে পারি।,অবেদন প্রয়োগ করে আমরা পলিপটি অপসারণ করতে পারি।,27.045280843,,397.0
একদিকে ভাইরাসের কারণে হাড়ের মজ্জায় প্লাটিলেটের উৎপাদন কমে যায় অন্যদিকে ভাইরাস সংক্রমণের কারণে রক্তে কিছু বিষাক্ত পদার্থ উৎপন্ন হয় যা প্লাটিলেট ধ্বংসের হার বাড়ায়,"একদিকে ভাইরাস অস্থিমজ্জায় প্লেটলেটের উৎপাদন কমিয়ে দেয়, অন্যদিকে ভাইরাল সংক্রমণ রক্তে কিছু বিষাক্ত পদার্থ তৈরি করে যা প্লেটলেট ধ্বংসের হার বাড়িয়ে দেয়।","ভাইরাসের কারণে হাড়ের মজ্জায় প্লাটিলেট তৈরির পরিমাণ কমে যাওয়ার পাশাপাশি, সংক্রমণের ফলে রক্তে উৎপন্ন বিষাক্ত উপাদানগুলো প্লাটিলেট নষ্ট হওয়ার গতি বাড়িয়ে দেয়।",39.441369407999446,,398.0
পরবর্তী ফলো আপে দেখা গেল তার হার্টেরপাম্পিং সম্পূর্ণ স্বাভাবিক,পরবর্তী ফলোআপ দেখায় যে তার হার্ট পাম্পিং সম্পূর্ণ স্বাভাবিক ছিল।,পরবর্তী চেকআপে দেখা যায় তার হৃদপিণ্ডের পাম্পিং কার্যক্রম পুরোপুরি স্বাভাবিক।,25.518114432999937,,399.0
তবে নবজাতকও আক্রান্ত হতে পারে,"তবে, নবজাতকও আক্রান্ত হতে পারে।",কিন্তু নবজাতক শিশুরাও আক্রান্ত হওয়ার সম্ভাবনা রয়েছে।,38.31831827299993,,400.0
কারণ বাসি ভাত দিয়ে কী করবেন ভেবে পান না,কারণ বাসি ভাত দিয়ে কী করবেন বুঝতে পারছেন না।,"কারণ বাসি ভাত দিয়ে কী করা যায়, তা ভেবে উঠতে পারছেন না।",25.43943775000025,,401.0
এ বিষয়ে জাতীয় ক্যানসার গবেষণা ইনস্টিটিউট ও হাসপাতালের পরিচালক অধ্যাপক ডা কাজী মোস্তাক হোসেন যুগান্তরকে বলেন আমার সর্বোচ্চ চেষ্টা করছি,"জাতীয় ক্যান্সার গবেষণা ইনস্টিটিউট ও হাসপাতালের পরিচালক ডাঃ কাজী মোস্তাক হোসেন যুগান্তরকে বলেন, আমি সাধ্যমত চেষ্টা করছি।","এ প্রসঙ্গে জাতীয় ক্যানসার গবেষণা ইনস্টিটিউট ও হাসপাতালের পরিচালক অধ্যাপক ডা. কাজী মোস্তাক হোসেন যুগান্তরকে জানান, তিনি এ বিষয়ে সর্বোচ্চ প্রচেষ্টা চালিয়ে যাচ্ছেন।",33.38321630500013,,402.0
প্রথাগত মাথাব্যথার ওষুধে ট্রাইজেমিনাল নিউরালজিয়ার ব্যথা সাধারণত কমে না,ট্রাইজেমিনাল নিউরালজিয়া ব্যথা সাধারণত প্রথাগত মাথাব্যথার ওষুধ দ্বারা উপশম হয় না।,প্রচলিত মাথাব্যথার ঔষধে ট্রাইজেমিনাল নিউরালজিয়ার যন্ত্রণা সাধারণত উপশম হয় না।,48.224071611999534,,403.0
ডিমের মধ্যে সেলমোনেলা নামক এক ধরনের ব্যাকটেরিয়া থাকে যা ত্বকের ক্ষতি করতে পারে,ডিমে সালমোনেলা নামক এক ধরনের ব্যাকটেরিয়া থাকে যা ত্বকের ক্ষতি করতে পারে।,"ডিমের ভেতরে সেলমোনেলা নামের এক প্রকার ব্যাকটেরিয়া থাকে, যা ত্বকের জন্য ক্ষতিকর হতে পারে।",48.24528093100071,,404.0
মন ভালো রাখতে ও ভালো ঘুমের জন্য এই ম্যাগনেশিয়াম খুবই প্রয়োজন,সুস্থ মন এবং ভালো ঘুমের জন্য ম্যাগনেসিয়াম খুবই গুরুত্বপূর্ণ।,মানসিক প্রশান্তি বজায় রাখা এবং সুস্থ ঘুমের জন্য এই ম্যাগনেশিয়ামটি অত্যন্ত জরুরি।,27.161574599999767,,405.0
 কিন্তু কিছুতেই কাঁচকলা মুখে তুলে দেখেন না,কিন্তু মুখে হাসি নিয়ে সে কিছুতেই তাকায় না।,তথাপি কোনোমতেই কাঁচকলা জিভে ঠেকান না।,35.836538769999606,,406.0
এসব উপকরণ চুল পড়া বন্ধ করবে দ্রুতই,এই উপাদানগুলো দ্রুত চুল পড়া বন্ধ করবে।,এই উপাদানগুলো খুব দ্রুত চুল পড়া রোধ করবে।,23.663063035999585,,407.0
কেউ কেউ মাংস জাতীয় খাবার বা চর্বিযুক্ত মাংস বেশি খেয়ে থাকেন,কেউ কেউ বেশি মাংস বা চর্বিযুক্ত মাংস খান।,অনেকেই মাংসজাতীয় অথবা চর্বিযুক্ত মাংস প্রচুর পরিমাণে গ্রহণ করে থাকেন।,37.99037528499957,,408.0
যেহেতু শীত চলেই এসেছে তাই এ সময়ে একটু বাড়তি যত্ন প্রয়োজন,যেহেতু শীত এসেছে তাই এই সময়ে একটু বাড়তি যত্নের প্রয়োজন।,"শীতের আগমন ঘটেছে, তাই বর্তমান সময়ে কিছুটা অতিরিক্ত যত্নের প্রয়োজন রয়েছে।",36.8724783560001,,409.0
তবে সকালে স্কুলে যাওয়ার সময় ও বিকেলে খেলতে যাওয়ার সময় পর্যন্ত উষ্ণতা নিশ্চিত করুন,তবে সকালে স্কুলে যাওয়ার সময় এবং বিকেলে খেলতে যাওয়ার সময় আপনি উষ্ণ থাকুন তা নিশ্চিত করুন।,তবে সকালে স্কুলে রওনা দেওয়া থেকে বিকেলে খেলতে বের হওয়া পর্যন্ত উষ্ণতা বজায় রাখার ব্যবস্থা করুন।,29.009882280000056,,410.0
১৯৯৯ সালে এই মাত্রা ছিল যথাক্রমে ৫৪ মাইক্রোগ্রাম ও ৪৭ মাইক্রোগ্রাম,"1999 সালে, এই মাত্রা ছিল যথাক্রমে 54 মাইক্রোগ্রাম এবং 47 মাইক্রোগ্রাম।",১৯৯৯ খ্রিস্টাব্দে উক্ত মাত্রাটি যথাক্রমে ৫৪ মাইক্রোগ্রাম এবং ৪৭ মাইক্রোগ্রাম ছিল।,38.61329015299998,,411.0
এদিকে করোনাভাইরাস ঠেকাতে ফেব্রুয়ারির শেষ থেকে মক্কা এবং মদিনায় প্রবেশের ওপরে নিষেধাজ্ঞা জারি করেছিল সৌদি সরকার,এদিকে করোনাভাইরাসের বিস্তার ঠেকাতে ফেব্রুয়ারির শেষ দিক থেকে মক্কা ও মদিনায় প্রবেশে নিষেধাজ্ঞা জারি করে সৌদি সরকার।,এদিকে করোনাভাইরাসের সংক্রমণ রোধ করার লক্ষ্যে সৌদি সরকার ফেব্রুয়ারি মাসের শেষ দিক থেকেই মক্কা ও মদিনায় প্রবেশের ওপর নিষেধাজ্ঞা আরোপ করেছিল।,33.74941249399944,,412.0
আর এটি হলে ত্বক থেকে মরা চামড়া উঠে যেতে শুরু করে এবং চুলকানি হতে পারে,"এবং যখন এটি ঘটে, মৃত ত্বকের খোসা ছাড়তে শুরু করে এবং এটি চুলকানি হতে পারে।",এমনটি ঘটলে ত্বক থেকে মৃত চামড়া খসে পড়া শুরু হয় এবং চুলকানির সমস্যাও দেখা দিতে পারে।,23.69998964700062,,413.0
সাধারণত রাস্তাঘাটে জগিং করা যায় না তাই চেষ্টা করবেন বাড়ির পাশাপাশি যদি কোথাও মাঠ থাকে তাহলে সেখানে জগিং করতে,"সাধারণত, আপনি রাস্তায় জগিং করতে পারবেন না, তাই আপনার বাড়ির কাছের মাঠে জগ করার চেষ্টা করুন যদি একটি থাকে।","সাধারণত রাস্তায় জগিং করা সম্ভব হয় না, তাই বাড়ির আশেপাশে কোনো মাঠ থাকলে সেখানেই জগিং করার চেষ্টা করা উচিত।",27.47383021699989,,414.0
কফি পানে ঘুমের ব্যাঘাত হয় কফি ঘুম কমায়,কফি পান ঘুমের ব্যাঘাত ঘটায় কফি ঘুম কমায়।,কফি পান করলে ঘুমের ব্যাঘাত ঘটে এবং ঘুমের পরিমাণ কমে যায়।,26.13951377800004,,415.0
ব্রণের সমস্যা থাকলে আঠালো তৈলাক্ত ক্রিম লোশন বা মেকআপ এড়িয়ে ওয়াটারবেইজড মেকআপ ব্যবহার করা ভালো,"ব্রণের সমস্যা থাকলে স্টিকি, তৈলাক্ত ক্রিম লোশন বা মেকআপের পরিবর্তে ওয়াটার বেসড মেকআপ ব্যবহার করা ভালো।","ব্রণের সমস্যায় ভুগলে আঠালো ও তৈলাক্ত ক্রিম, লোশন কিংবা মেকআপ পরিহার করে পানিভিত্তিক মেকআপ ব্যবহার করাই শ্রেয়।",28.165091611999745,,416.0
এরপরও যদি করোনাভাইরাসে আক্রান্তের সংখ্যা বাড়ে তাতেও দুশ্চিন্তার কিছু নেই,করোনাভাইরাসে আক্রান্তের সংখ্যা বাড়লে চিন্তার কিছু নেই।,"এত কিছুর পরেও যদি করোনাভাইরাসে আক্রান্তের সংখ্যা বৃদ্ধি পায়, তবুও তা নিয়ে উদ্বিগ্ন হওয়ার কোনো কারণ নেই।",43.7202023789996,,417.0
এক্ষেত্রে সিম্পটম অনুসারে ডাক্তারের কাছে গিয়ে চিকিৎসা নিতে হবে,এক্ষেত্রে লক্ষণ অনুযায়ী চিকিৎসকের কাছে গিয়ে চিকিৎসা করাতে হবে।,এই পরিস্থিতিতে লক্ষণ অনুযায়ী একজন চিকিৎসকের শরণাপন্ন হয়ে চিকিৎসা করাতে হবে।,33.33932525599994,,418.0
বাংলাদেশ সোসাইটি অফ ক্রিটিকেল কেয়ার মেডিসিনের প্রকাশিত সর্বশেষ হিসাব মতে মেডিসিন সার্জারি আঘাতের কারণে সৃষ্ট সমস্যা কার্ডিয়াক বার্ন ইত্যাদির কারণে এসকল ব্যবহৃত হয়,"বাংলাদেশ সোসাইটি অফ ক্রিটিক্যাল কেয়ার মেডিসিন দ্বারা প্রকাশিত সর্বশেষ প্রতিবেদন অনুসারে, ওষুধটি অস্ত্রোপচারের আঘাত, কার্ডিয়াক পোড়া ইত্যাদি সমস্যার জন্য ব্যবহৃত হয়।","বাংলাদেশ সোসাইটি অফ ক্রিটিক্যাল কেয়ার মেডিসিনের প্রকাশিত সর্বশেষ পরিসংখ্যান অনুসারে, চিকিৎসা, অস্ত্রোপচার, আঘাত, হৃদরোগ ও পোড়া ইত্যাদি কারণে সৃষ্ট জটিলতা নিরসনে এগুলোর প্রয়োগ করা হয়।",36.72852318200057,,419.0
লিভারের কোষগুলোতে শতকরা পাঁচ ভাগের মতো চর্বি থাকে যা স্বাভাবিক কোনো কারণে অতিরিক্ত চর্বি জমা হলে তাকে ফ্যাটি লিভার রোগ বলা হয়,লিভারের কোষে প্রায় পাঁচ শতাংশ চর্বি থাকে এবং যখন স্বাভাবিক কারণে অতিরিক্ত চর্বি জমে তখন তাকে ফ্যাটি লিভার ডিজিজ বলে।,"লিভারের কোষে সাধারণত ৫ শতাংশের মতো চর্বি থাকে, তবে যেকোনো কারণে অতিরিক্ত চর্বি জমা হলে সেই অবস্থাকে ফ্যাটি লিভার রোগ হিসেবে অভিহিত করা হয়।",38.26047732899952,,420.0
গ্যামালিয়ার দাবি হচ্ছে যেহেতু তারা তাদের ভ্যাকসিনের প্রাথমিক ডোজ এবং দ্বিতীয় ডোজে দুই ধরনের ভাইরাস ভেক্টর ব্যবহার করছে সেহেতু স্পুটনিক ভি অন্যান্য ভ্যাকসিনের চেয়ে বেশি দিন প্রতিরক্ষা দেবে,"গামালিয়া দাবি করেছেন যে যেহেতু তারা তাদের ভ্যাকসিনের প্রথম ডোজ এবং দ্বিতীয় ডোজে দুই ধরনের ভাইরাস ভেক্টর ব্যবহার করে, স্পুটনিক ভি অন্যান্য ভ্যাকসিনের তুলনায় দীর্ঘ সুরক্ষা প্রদান করবে।","গ্যামালিয়ার দাবি অনুযায়ী, স্পুটনিক ভি টিকাটি প্রথম ও দ্বিতীয় ডোজে ভিন্ন ভিন্ন ভাইরাল ভেক্টর ব্যবহার করার কারণে অন্যান্য টিকার তুলনায় দীর্ঘমেয়াদী সুরক্ষা প্রদান করবে।",39.88774279599966,,421.0
"যেমন প্লুরাতে প্লুরিসি, কেন্দ্রীয় স্নায়ুতন্ত্রে মেনিনজাইটিস, লসিকাতন্ত্রে স্ক্রফুলা, প্রজনন তন্ত্রে প্রজনন তন্ত্রীয় যক্ষ্মা, পরিপাক তন্ত্রে পরিপাক তন্ত্রীয় যক্ষ্মা এবং অস্থিকলায় পটস ডিজিস","যেমন প্লুরায় প্লুরিসি, কেন্দ্রীয় স্নায়ুতন্ত্রের মেনিনজাইটিস, লিম্ফ্যাটিক সিস্টেমে স্ক্রোফুলা, প্রজনন সিস্টেমে প্রজননতন্ত্রের যক্ষ্মা, পরিপাকতন্ত্রের যক্ষ্মা এবং হাড়ের পোটস রোগ।","উদাহরণস্বরূপ, প্লুরার আবরণে প্লুরিসি, কেন্দ্রীয় স্নায়ুতন্ত্রে মেনিনজাইটিস, লসিকা গ্রন্থিতে স্ক্রফুলা, জননতন্ত্রে যক্ষ্মা, পরিপাকতন্ত্রে যক্ষ্মা এবং হাড়ের কলায় পটস রোগের উল্লেখ করা যায়।",51.01478642499933,,422.0
যারা সপ্তাহে অন্তত তিন ঘণ্টা অথবা দৈনিক আধা ঘণ্টা করে হাঁটেন তাদের ক্ষেত্রে হৃদরোগ হওয়ার ঝুঁকি অন্যদের চেয়ে ৩০ থেকে ৪০ শতাংশ কম,যারা সপ্তাহে অন্তত তিন ঘণ্টা বা দিনে আধা ঘণ্টা হাঁটেন তাদের হৃদরোগের ঝুঁকি অন্যদের তুলনায় ৩০ থেকে ৪০ শতাংশ কম।,"সপ্তাহে ন্যূনতম তিন ঘণ্টা অথবা প্রতিদিন ৩০ মিনিট হাঁটার অভ্যাস থাকলে, সাধারণ মানুষের তুলনায় তাদের হৃদরোগে আক্রান্ত হওয়ার সম্ভাবনা ৩০ থেকে ৪০ শতাংশ কম থাকে।",35.15204174500013,,423.0
তাই কোলেস্টেরলের মাত্রা কমাতে চাইলে ধূমপান এড়াতে হবে,কোলেস্টেরলের মাত্রা কমাতে চাইলে ধূমপান এড়িয়ে চলতে হবে।,"অতএব, কোলেস্টেরলের মাত্রা কমাতে হলে ধূমপান বর্জন করা আবশ্যক।",34.80036648799978,,424.0
" মূত্রাশয়ের শক্তি ও প্রস্রাববর্ধক, পাথুরিনাশক","মূত্রাশয় টনিক এবং মূত্রবর্ধক, calcifying","এটি মূত্রথলিকে শক্তিশালী করে, প্রস্রাব নিঃসরণ বাড়ায় এবং মূত্রপাথর দূর করতে সাহায্য করে।",39.97056509599952,,425.0
দ্রুত মুখের দুর্গন্ধ দূর করার কিছু উপায় নিচে দেয়া হলো-,নিঃশ্বাসের দুর্গন্ধ থেকে দ্রুত মুক্তি পাওয়ার কিছু উপায় নিচে দেওয়া হল:,মুখের দুর্গন্ধ দ্রুত দূরীভূত করার কয়েকটি পদ্ধতি নিম্নে উল্লেখ করা হলো-,33.50900434400046,,426.0
আরও পড়ুন ডিপ্রেশন থেকে নিজেকে ভালো রাখার উপায়,বিষণ্নতা থেকে নিজেকে কিভাবে যত্ন নেবেন তাও পড়ুন।,বিস্তারিত পড়ুন: বিষণ্নতা কাটিয়ে সুস্থ থাকার উপায়।,30.043646295000144,,427.0
" যারা রাতের বেলা কাজ করেন, নাইট শিফট রয়েছে",যারা রাতে কাজ করেন তাদের জন্য রয়েছে নাইট শিফট।,"রাতে যারা কর্মরত থাকেন, তাদের নাইট শিফট থাকে।",32.27086267800041,,428.0
দেশে পরিচালিত ল্যাবরেটরিগুলোর মান উন্নয়ন বাজেট সহায়তা বাড়ানোর মাধ্যমে চিকিৎসাশাস্ত্রের গবেষণা কার্যক্রম বৃদ্ধি করতে হবে,দেশে পরিচালিত পরীক্ষাগারগুলির মান উন্নয়নের জন্য বাজেট সহায়তা বৃদ্ধি করে চিকিৎসা গবেষণা কার্যক্রম বৃদ্ধি করতে হবে।,দেশে সক্রিয় ল্যাবরেটরিগুলোর মানোন্নয়নে বাজেট বরাদ্দ বৃদ্ধি করে চিকিৎসা বিজ্ঞানের গবেষণা কার্যক্রম সম্প্রসারণ করতে হবে।,39.10488836399964,,429.0
শুধু তাই নয় যে নারীর দেহে এই স্পার্ম থাকবে তার দেহেও অতি সহজে করোনার প্রবেশ ঘটবে,"শুধু তাই নয়, যে মহিলার শরীরে এই শুক্রাণু আছে তারও খুব সহজেই করোনা প্রবেশ করবে।","কেবল এটাই নয়, যার শরীরে এই শুক্রাণু বিদ্যমান থাকবে, সেই নারীর শরীরেও করোনা ভাইরাস অত্যন্ত সহজেই প্রবেশ করবে।",45.2559573970002,,430.0
ঠান্ডা পানি বিপাকে শরীরের অতিরিক্ত শক্তি ক্ষয় হয়,ঠাণ্ডা পানির কারণে শরীরের অতিরিক্ত শক্তি ক্ষয় হয়।,"ঠান্ডা পানি পান করা বিপজ্জনক, কারণ এতে শরীরের অতিরিক্ত শক্তি ক্ষয়প্রাপ্ত হয়।",45.15940318699995,,431.0
তবে কিছু কিছু রোগীদের আক্রান্তের ঝুঁকি বেশি রয়েই যায় এবং আক্রান্ত হলে জটিলতার আশংকা বেশি থাকে,"যাইহোক, কিছু রোগী সংক্রমণের উচ্চ ঝুঁকিতে থাকে এবং আক্রান্ত হলে জটিলতার ঝুঁকি বেশি থাকে।",কিন্তু নির্দিষ্ট কিছু রোগীর ক্ষেত্রে সংক্রমিত হওয়ার ঝুঁকি অধিক থাকে এবং তারা আক্রান্ত হলে জটিলতা দেখা দেওয়ার আশঙ্কাও প্রবল হয়।,34.9840518179999,,432.0
এদিকে ক্যালসিয়ামের বড় উৎস হলো দুধ,"এদিকে, দুধ ক্যালসিয়ামের একটি বড় উৎস।","অন্যদিকে, দুধ হলো ক্যালসিয়ামের একটি প্রধান উৎস।",25.204584991000047,,433.0
এ নবীন চিকিৎসকের মায়ের লিভার টিউমার ধরা পড়েছে,এই তরুণ চিকিৎসকের মায়ের লিভারে টিউমার ধরা পড়েছে।,এই তরুণ ডাক্তারের মায়ের যকৃতে টিউমার শনাক্ত হয়েছে।,25.073234163999587,,434.0
 টনসিলে তীব্র ইনফেকশন থাকলে অর্থাৎ জ্বর বা ব্যথা থাকা অবস্থায় অপারেশন করা যাবে না,"যদি টনসিলে তীব্র সংক্রমণ হয়, অর্থাৎ জ্বর বা ব্যথা হয়, তাহলে অপারেশন করা যাবে না।","টনসিলে প্রবল সংক্রমণ, যেমন জ্বর বা ব্যথা থাকার সময় অস্ত্রোপচার করা যাবে না।",35.10690088799947,,435.0
সোডিয়াম লরেল সালফেটের কারণে সংবেদনশীল ত্বকে জ্বালাপোড়া হতে পারে,সোডিয়াম লরিল সালফেট সংবেদনশীল ত্বকে জ্বালা সৃষ্টি করতে পারে।,সংবেদনশীল ত্বকে সোডিয়াম লরেল সালফেট জ্বালাপোড়া সৃষ্টি করতে পারে।,37.64775939899937,,436.0
এতে ফুসফুসের টিস্যুগুলো মোটা ও শক্ত হয়ে যায়,এটি ফুসফুসের টিস্যু পুরু এবং শক্ত হয়ে যায়।,এর ফলে ফুসফুসের কলাগুলো পুরু ও শক্ত হয়ে উঠে।,28.68011499899967,,437.0
যেসব মানুষের রক্তে আলফা১ এন্টিট্রিপসিন এনজাইমের ঘাটতি আছে তাদেরই সিওপিডি হওয়ার ঝুঁকি বেশি,যাদের রক্তে আলফা 1 অ্যান্টিট্রিপসিন এনজাইমের ঘাটতি রয়েছে তাদের সিওপিডি হওয়ার ঝুঁকি বেশি।,রক্তে আলফা-১ অ্যান্টিট্রিপসিন এনজাইমের অভাব রয়েছে এমন ব্যক্তিদের ক্ষেত্রেই সিওপিডি রোগে আক্রান্ত হওয়ার ঝুঁকি বেশি।,49.13525382599983,,438.0
৩ ফুসফুস পুনর্বাসন কার্যক্রম ফুসফুসের শক্তি বাড়ানোর উদ্দেশ্যে নিয়মিত ফুসফুসের ব্যয়াম করতে থাকা,3 ফুসফুস পুনর্বাসন প্রোগ্রাম ফুসফুসের শক্তি বাড়ানোর জন্য নিয়মিত ফুসফুসের ব্যায়াম,৩. ফুসফুসের শক্তি বৃদ্ধির লক্ষ্যে নিয়মিত ব্যায়াম করাই হলো ফুসফুস পুনর্বাসন কার্যক্রম।,43.67779701000018,,439.0
কিন্তু অ্যান্টিজেন পরীক্ষার মাধ্যমে সেটি সম্ভব নয় বলে জানাচ্ছেন বিশেষজ্ঞরা,"কিন্তু বিশেষজ্ঞরা বলছেন, অ্যান্টিজেন পরীক্ষার মাধ্যমে তা সম্ভব নয়।","তবে বিশেষজ্ঞদের মতে, অ্যান্টিজেন পরীক্ষার সাহায্যে তা করা সম্ভব নয়।",24.65453930300009,,440.0
 ভিটামিন সি রোগ প্রতিরোধ ক্ষমতাও কয়েকগুণ বাড়ায়,ভিটামিন সি রোগ প্রতিরোধ ক্ষমতাও কয়েকগুণ বাড়িয়ে দেয়।,রোগ প্রতিরোধের ক্ষমতাও কয়েকগুণ বাড়িয়ে তোলে ভিটামিন সি।,38.3881034799997,,441.0
বালিশের গড়ন ঘুম অনেকটাই নিয়ন্ত্রণ করে,বালিশের আকৃতি ঘুমকে ব্যাপকভাবে প্রভাবিত করে,বালিশের আকৃতি ঘুমকে অনেকাংশে নিয়ন্ত্রণে রাখে।,41.150447695000366,,442.0
" অ্যান্টিব্যাকটেরিয়াল এবং ক্ষত নিরাময় বৈশিষ্ট্য তো র‍য়েছে, কোষ্ঠকাঠিন্য নিরাময় এবং হজমশক্তি বাড়াতেও সাহায্য করে","অ্যান্টিব্যাকটেরিয়াল এবং ক্ষত নিরাময় বৈশিষ্ট্য, এটি কোষ্ঠকাঠিন্য নিরাময় এবং হজম উন্নত করতেও সহায়তা করে।","অ্যান্টিব্যাকটেরিয়াল ও ক্ষত সারানোর গুণাবলি তো রয়েছেই, পাশাপাশি এটি হজমশক্তি বৃদ্ধি ও কোষ্ঠকাঠিন্য দূর করতেও সহায়তা করে।",37.48925173899988,,443.0
৪মিথাইলইমিডাজল থেকে উৎপন্ন ক্যারামেল রং ক্যান্সার সৃষ্টির সহায়ক শক্তি হিসাবে কাজ করে,4-মিথিলিমিডাজল থেকে প্রাপ্ত ক্যারামেল রঙ একটি প্রো-কার্সিনোজেনিক এজেন্ট হিসাবে কাজ করে।,৪-মিথাইলইমিডাজল থেকে উদ্ভূত ক্যারামেল রঙ ক্যান্সার সৃষ্টিতে সহায়ক ভূমিকা রাখে।,40.78228308999951,,444.0
 গরম আবহাওয়ায় পর্যাপ্ত বিশ্রাম ও ঘুম না হলে স্লিপ সাইকেল ঘুমের চক্র ব্যাহত হলে ত্বকে প্রভাব পড়ে,গরম আবহাওয়ায় পর্যাপ্ত বিশ্রাম ও ঘুমের অভাব ত্বকে প্রভাব ফেলতে পারে যদি ঘুমের চক্র ব্যাহত হয়।,গরমকালে পর্যাপ্ত বিশ্রাম ও ঘুমের অভাবে ঘুমের চক্র বিঘ্নিত হলে তার প্রভাব পড়ে ত্বকের ওপর।,31.45327086199996,,445.0
এরপর অনুষ্ঠানে দ্বিতীয় বক্তা হিসেবে বিএসএমএমইউর এন্ডোক্রাইনোলজি বিভাগের সহকারী অধ্যাপক মারুফা মুস্তারি এবং মেম্বার সেক্রেটারি বিইএস তিনি বাংলাদেশ এন্ডোক্রাইন সোসাইটি কর্তৃক গর্ভাবস্থায় ডায়াবেটিস রোগ ব্যবস্থাপনা বিষয়ক গাইডলাইন এর নানা গুরুত্বপূর্ণ বিষয় ব্যাখ্যা করেন,এরপর বিএসএমএমইউর এন্ডোক্রাইনোলজি বিভাগের সহকারী অধ্যাপক মারুফা মুস্তারী ও সদস্য সচিব বিইএস বাংলাদেশ এন্ডোক্রাইন সোসাইটি কর্তৃক গর্ভাবস্থায় ডায়াবেটিস ব্যবস্থাপনা সংক্রান্ত নির্দেশনার গুরুত্বপূর্ণ বিষয়গুলো ব্যাখ্যা করেন।,অতঃপর অনুষ্ঠানের দ্বিতীয় বক্তা হিসেবে বিএসএমএমইউর এন্ডোক্রাইনোলজি বিভাগের সহকারী অধ্যাপক এবং বাংলাদেশ এন্ডোক্রাইন সোসাইটির (বিইএস) মেম্বার সেক্রেটারি মারুফা মুস্তারি গর্ভকালীন ডায়াবেটিস ব্যবস্থাপনা সংক্রান্ত গাইডলাইনের বিভিন্ন গুরুত্বপূর্ণ দিক তুলে ধরেন।,38.27508457600016,,446.0
 এমনকি রোগীকে রান্না করতেও দেবেন না,এমনকি রোগীকে রান্না করতেও দেবেন না।,রোগীকে রান্না করার অনুমতি একদমই দেবেন না।,31.48352448100013,,447.0
অন্ত্রের স্বাস্থ্য ভালো রাখার উপায় হলো উচ্চ ফাইবার বা আঁশযুক্ত খাবার খাওয়া,অন্ত্রের স্বাস্থ্য ভালো রাখার উপায় হল উচ্চ ফাইবারযুক্ত খাবার খাওয়া।,আঁশযুক্ত বা ফাইবারসমৃদ্ধ খাবার গ্রহণের মাধ্যমে অন্ত্রের সুস্থতা বজায় রাখা যায়।,43.49746898899957,,448.0
চিনির বদলে গুড় দিলে তা স্বাস্থ্যের জন্য উপকারী,চিনির বদলে গুড় খাওয়া স্বাস্থ্যের জন্য উপকারী।,চিনির পরিবর্তে গুড় ব্যবহার করলে তা স্বাস্থ্যের পক্ষে অত্যন্ত লাভজনক।,43.04703249399972,,449.0
"​চিকিৎসা বিশেষজ্ঞরা জানাচ্ছেন, ইউরিন ইনফেকশন প্রতিরোধ করার জন্য পর্যাপ্ত পরিমাণে পানিপান করতে হবে","চিকিৎসা বিশেষজ্ঞদের মতে, ইউরিন ইনফেকশন প্রতিরোধে পর্যাপ্ত পরিমাণ পানি পান করা উচিত।",মূত্রনালীর সংক্রমণ এড়াতে প্রচুর পরিমাণে পানি পান করার পরামর্শ দিয়েছেন চিকিৎসকরা।,26.70289696100008,,450.0
কিন্তু এটি ব্লাডার অথবা কিডনির ক্যান্সারের কারণে হতে পারে,কিন্তু এটি মূত্রাশয় বা কিডনি ক্যান্সারের কারণে হতে পারে।,তবে মূত্রাশয় বা কিডনির ক্যান্সারের ফলেও এমনটি হতে পারে।,34.03644030599935,,451.0
 ডালিমের রসের ভিটামিন দূর্বলতা দূর করে কাজে শক্তি দেবে,ডালিমের রসের ভিটামিন দুর্বলতা দূর করে কাজ করার শক্তি জোগাবে।,ডালিমের রসে থাকা ভিটামিন শরীরের দুর্বলতা ঘোচিয়ে কাজের জন্য নতুন শক্তি যোগাবে।,21.33114077800019,,452.0
এছাড়া শিশুদের শীতকালীন ফল জুস এবং শাকসবজিও খাওয়াতে হবে,এছাড়া শিশুদের শীতকালীন ফলের রস ও শাকসবজি খাওয়া উচিত।,এর পাশাপাশি শিশুদের শীতকালীন ফলের রস এবং শাকসবজি খাওয়ানোও প্রয়োজন।,24.5239179780001,,453.0
 তবে এই ডায়েটে শরীরে কোনো ক্যালোরিই যায় না,কিন্তু এই খাবারে কোনো ক্যালরি শরীরে যায় না।,কিন্তু এই খাদ্যনিয়মে শরীরে এক ক্যালোরিও গ্রহণ করা হয় না।,28.15374381200036,,454.0
ছয় কাঁধে প্রতিদিন ভারী ব্যাগ বহন করলে পিঠে ব্যথা হতে পারে,প্রতিদিন ছয়টি কাঁধে ভারী ব্যাগ বহন করলে পিঠে ব্যথা হতে পারে,নিয়মিত কাঁধে ভারী ব্যাগ বহন করার ফলে পিঠে ব্যথা হওয়ার সম্ভাবনা থাকে।,31.933527653000056,,455.0
 তবে মুখে দুর্গন্ধ হওয়ার পেছনে মুখের ভেতরে বা দাঁতের ফাঁকে জমে থাকা ব্যাকটেরিয়ার প্রভাব ছাড়াও আরও অনেক কারণ থাকতে পারে,মুখে বা দাঁতের মাঝখানে জমে থাকা ব্যাকটেরিয়ার প্রভাব ছাড়াও নিঃশ্বাসে দুর্গন্ধের আরও অনেক কারণ থাকতে পারে।,মুখের ভেতর বা দাঁতের ফাঁকে জমে থাকা ব্যাকটেরিয়ার প্রভাবের পাশাপাশি মুখ থেকে দুর্গন্ধ বের হওয়ার আরও বহু কারণ থাকতে পারে।,38.21662343599928,,456.0
এবং সোরিয়াসিসের মতোই পা ফেটে যায়,আর সোরিয়াসিসের মতো পা ভেঙে বেরিয়ে যায়।,আর সোরিয়াসিসের ন্যায় পায়ের চামড়া ফেটে যায়।,27.9275102419997,,457.0
এসব সংক্রমণ নবদম্পতির কারও থাকলে অন্যজনকেও তা সংক্রামিত করতে পারে,নবদম্পতির মধ্যে একজনের যদি এই সংক্রমণ থাকে তবে তা অন্য ব্যক্তিকেও সংক্রমিত করতে পারে।,নববিবাহিত দম্পতির যেকোনো একজনের শরীরে এই ধরনের সংক্রমণ থাকলে তা অপর সঙ্গীকেও আক্রান্ত করতে পারে।,26.435429913000007,,458.0
পেনিসিলিন আবিষ্কৃত হওয়ার পরবর্তী বছরগুলোয় বিশ্বব্যাপী বিভিন্ন ধরনের অ্যান্টিবায়োটিক বাজারজাত হয়,"পেনিসিলিন আবিষ্কারের পরের বছরগুলিতে, বিশ্বব্যাপী বিভিন্ন ধরণের অ্যান্টিবায়োটিক বাজারজাত করা হয়েছিল।",পেনিসিলিন আবিষ্কারের পরবর্তী বছরগুলিতে সারা বিশ্বে নানা প্রকারের অ্যান্টিবায়োটিক বাজারে ছাড়া হয়।,28.08627365099983,,459.0
সোমবার তাদের পরীক্ষার রিপোর্ট পাওয়ার পর  আমরা আইইডিসিআরের সঙ্গে যোগাযোগ করলে তারা হাসপাতাল লকডাউনের পরামর্শ দেন,সোমবার তাদের পরীক্ষার রিপোর্ট পাওয়ার পর আমরা আইইডিসিআরের সাথে যোগাযোগ করলে তারা হাসপাতাল লকডাউনের পরামর্শ দেয়।,"সোমবার তাদের পরীক্ষার ফলাফল হাতে পাওয়ার পর আমরা যখন আইইডিসিআর কর্তৃপক্ষের সাথে যোগাযোগ করি, তখন তারা হাসপাতালটি লকডাউন করার পরামর্শ দেন।",29.91446716800056,,460.0
মাঝ রাতে এসে তাপমাত্রা একটু বেশিই নেমে যায়,মধ্যরাত থেকে তাপমাত্রা কিছুটা কমে যায়।,রাত গভীর হলে তাপমাত্রা বেশ খানিকটা কমে যায়।,33.64269496399993,,461.0
এছাড়া পেশাগত কারণ খনি শ্রমিক বায়ুদূষণ জেনেটিক এবং রেডিয়েশন অন্যতম কারণ,"এছাড়াও, খনি শ্রমিকদের পেশাগত কারণ হল জেনেটিক এবং বিকিরণ দূষণ।","এছাড়াও খনি শ্রমিকদের পেশাগত ঝুঁকি, বায়ুদূষণ, বংশগত সমস্যা ও বিকিরণ এর অন্যতম প্রধান কারণ।",29.58389006299967,,462.0
তবে তা সম্ভব না হলে তেলের বিকল্প হিসেবে যেকোনো একটি অ্যান্টিবায়োটিক ড্রপ ব্যবহার করতে পারেন ওই একই নিয়মে,"যাইহোক, যদি তা সম্ভব না হয়, আপনি একই নিয়ম অনুসরণ করে তেলের বিকল্প হিসাবে যেকোনো অ্যান্টিবায়োটিক ড্রপ ব্যবহার করতে পারেন।","যদি তেল ব্যবহার করা সম্ভব না হয়, তবে ঠিক একই পদ্ধতিতে তেলের বিকল্প হিসেবে যেকোনো একটি অ্যান্টিবায়োটিক ড্রপ প্রয়োগ করতে পারেন।",26.442166933999943,,463.0
এটি বমি ভাব দূর করে দেহমন তাজা করে,এটি বমি বমি ভাব দূর করে এবং শরীরকে সতেজ করে।,এটা বমি বমি ভাব দূরীভূত করে শরীর ও মনকে সতেজ করে তোলে।,31.98822365599972,,464.0
"থায়রয়েড ক্যান্সারে যে লক্ষণগুলো দেখা দিতে পারে
    গলার সম্মুখভাগে ফুলে ওঠা",থাইরয়েড ক্যান্সারে যে লক্ষণগুলো দেখা দিতে পারে গলার সামনের অংশ ফুলে যাওয়া।,"থাইরয়েড ক্যান্সারের যেসব লক্ষণ প্রকাশ পেতে পারে, তার মধ্যে গলার সামনের অংশে ফুলে ওঠা অন্যতম।",37.68068741200023,,465.0
ধূমপান সম্পূর্ণভাবে ত্যাগ করলে ধূমপায়ীর কাশি বন্ধ হয়ে যায় এমনকি ক্রনিক ব্রংকাইটিসের কাশি ও শ্বাসকষ্ট কমে যায় এবং রোগীর আয়ু বাড়ায়,ধূমপান ত্যাগ করলে ধূমপায়ীর কাশি পুরোপুরি বন্ধ হয়ে যায় এবং এমনকি দীর্ঘস্থায়ী ব্রঙ্কাইটিসে কাশি ও শ্বাসকষ্ট কম হয় এবং রোগীর জীবনকাল দীর্ঘায়িত হয়।,"ধূমপান পুরোপুরি বর্জন করলে ধূমপায়ীর কাশি থেমে যায়, এমনকি দীর্ঘস্থায়ী ব্রংকাইটিসজনিত কাশি ও শ্বাসকষ্টও হ্রাস পায় এবং এটি রোগীর আয়ুষ্কাল বৃদ্ধি করে।",32.95276536500023,,466.0
বিশ্বজুড়ে করোনার নতুন ধরনের প্রকোপ বাড়ছে,বিশ্বজুড়ে করোনার নতুন প্রাদুর্ভাব বাড়ছে।,বিশ্বব্যাপী করোনার নতুন ভ্যারিয়েন্টের প্রাদুর্ভাব বৃদ্ধি পাচ্ছে।,28.16270772900043,,467.0
সেই সঙ্গে ফাইব্রিনোলেটিক অ্যাকটিভিটিকে বাড়িয়ে দিয়ে মস্তিষ্কে যাতে ব্লাড ক্লট না হয় সেদিকেও খেয়াল রাখে মরিচ,"এর পাশাপাশি, কাঁচামরিচ ফাইব্রিনোলাইটিক কার্যকলাপ বাড়িয়ে মস্তিষ্কে রক্ত ​​​​জমাট বাঁধতে বাধা দেয়।","পাশাপাশি ফাইব্রিনোলাইটিক কার্যকলাপ বৃদ্ধি করে মস্তিষ্কে রক্ত জমাট না বাঁধে, মরিচ সেই বিষয়টিও নিশ্চিত করে।",36.05006796499947,,468.0
ডাক্তারের কাছে যাওয়ার আগে আপনার আগের চিকিৎসা সংক্রান্ত সকল কাগজপত্র দ্রুত নিয়ে নিন,ডাক্তারের কাছে যাওয়ার আগে আপনার পূর্বের চিকিৎসা সংক্রান্ত সমস্ত কাগজপত্র দ্রুত নিয়ে নিন।,চিকিৎসকের কাছে যাওয়ার পূর্বে আপনার পূর্ববর্তী সকল চিকিৎসা সংক্রান্ত কাগজপত্র তাড়াতাড়ি সাথে করে নিয়ে নিন।,33.032446770000206,,469.0
" তার কারণেই অতিরিক্ত গ্যাস, অম্বল, পেট ভার, পেট ঠিকমতো পরিষ্কার না হওয়া","এতে অতিরিক্ত গ্যাস, বুকজ্বালা, পেটে ভারাক্রান্ততা, সঠিকভাবে পেট পরিষ্কার না হওয়া।","ঠিক এই কারণেই পেটে অতিরিক্ত গ্যাস ও অম্বল, পেট ভারী লাগা এবং স্বাভাবিকভাবে পেট পরিষ্কার না হওয়ার সমস্যা দেখা দেয়।",36.6255557479999,,470.0
এ রোগের লক্ষণ মূলত তিনটি,এই রোগের লক্ষণ প্রধানত তিনটি।,এই রোগের প্রধানত তিনটি লক্ষণ দেখা যায়।,23.322660628999984,,471.0
এ ছাড়া হালকা আঘাত কাটাছেঁড়া হাতপা ছিলে যাওয়ার মতো সমস্যা হতে পারে শিশুদের,"এ ছাড়া শিশুরা ছোটখাটো আঘাত, কেটে যাওয়া এবং অঙ্গচ্ছেদের সমস্যায় ভুগতে পারে।","এর পাশাপাশি শিশুদের সামান্য চোট, কাটাছেঁড়া কিংবা হাত-পা ছেঁড়ে যাওয়ার মতো সমস্যা দেখা দিতে পারে।",29.1684604459997,,472.0
মাঝরাতে কারো শ্বাসকষ্ট হলে এক মুহূর্ত দেরি না করে ইমার্জেন্সিতে যেতে হবে,মাঝরাতে কারো শ্বাস নিতে সমস্যা হলে এক মুহূর্ত দেরি না করে জরুরি কক্ষে যেতে হবে।,"গভীর রাতে কারও শ্বাসকষ্ট দেখা দিলে, বিন্দুমাত্র সময় নষ্ট না করে দ্রুত জরুরি বিভাগে ছুটে যেতে হবে।",23.8798429389999,,473.0
ওরাল লাইকেন প্ল্যানাস সাধারণত গালের অভ্যন্তরে বাক্কাল মিউকোসাতে বেশি দেখা যায়,ওরাল লাইকেন প্ল্যানাস সাধারণত গালের ভেতরের বুকাল মিউকোসায় দেখা যায়।,সাধারণত গালের ভেতরের দিকের বাক্কাল মিউকোসাতেই ওরাল লাইকেন প্ল্যানাস বেশি পরিলক্ষিত হয়।,39.30749890499919,,474.0
কোনো ওষুধে পার্শ্বপ্রতিক্রিয়া হলে কিংবা ওই ওষুধ আপনার ক্ষেত্রে কার্যকর না হলে চিকিৎসক ওষুধ বদলে দিতে পারেন,আপনার ডাক্তার আপনার ওষুধ পরিবর্তন করতে পারেন যদি এর পার্শ্বপ্রতিক্রিয়া থাকে বা এটি আপনার জন্য কাজ না করে।,ওষুধের কারণে পার্শ্বপ্রতিক্রিয়া দেখা দিলে অথবা তা আপনার শরীরে কাজ না করলে ডাক্তার ঔষধটি পরিবর্তন করে দিতে পারেন।,23.50980355899992,,475.0
হৃৎপিণ্ডের ওপর বাড়তি চাপ বোধ করা ও হৃৎস্পন্দন বেড়ে যাওয়া,হার্টের উপর অতিরিক্ত চাপ অনুভব করা এবং হৃদস্পন্দন বেড়ে যাওয়া।,হৃদয়ে অতিরিক্ত চাপ অনুভব করা এবং হৃৎপিণ্ডের গতি বৃদ্ধি পাওয়া।,32.36863177600026,,476.0
তবে অর্থ উপার্জনই বড় কথা নয় অর্থের যথার্থ ব্যয়ের মধ্যেই মানুষের প্রকৃত পরিচয় উন্মোচিত হয়,"যাইহোক, অর্থ উপার্জন করা বড় কথা নয় - অর্থের সঠিক ব্যয়ের মধ্যেই একজন ব্যক্তির আসল পরিচয় প্রকাশ পায়।","অর্থ রোজগার করাই প্রধান বিষয় নয়, বরং সেই অর্থের সঠিক ব্যবহারের মাধ্যমেই একজন মানুষের প্রকৃত স্বরূপ প্রকাশ পায়।",27.01063996599987,,477.0
পাতে রাখতে পারেন স্ট্রবেরি ব্লুবেরি রাস্পবেরি আঙুল বেদানার মতো ফলও,"এছাড়াও আপনি আপনার পায়ে স্ট্রবেরি, ব্লুবেরি, রাস্পবেরি এবং ব্ল্যাকবেরি জাতীয় ফল রাখতে পারেন।","আপনি পাত্রে স্ট্রবেরি, ব্লুবেরি, রাস্পবেরি, আঙুর ও বেদানার মতো ফলগুলোও সাজিয়ে রাখতে পারেন।",31.92043380500036,,478.0
এ সময় সচেতন থেকে খাওয়া বা বিশ্রামের ঘাটতি যদি পুষিয়ে নেওয়া যায় তাহলে শারীরিকভাবে অসুস্থ হওয়ার আশঙ্কা অনেকটাই কমিয়ে আনা যায়,এই সময়ে খাবার বা বিশ্রামের অভাব সচেতনভাবে পূরণ করতে পারলে শারীরিকভাবে অসুস্থ হওয়ার আশঙ্কা অনেকটাই কমে যায়।,এই সময়ে সচেতনতা অবলম্বন করে খাওয়া-দাওয়া ও বিশ্রামের অভাব পূরণ করা গেলে শারীরিক অসুস্থতার ঝুঁকি যথেষ্ট কমানো সম্ভব।,32.09598421999999,,479.0
" পুষ্টিবিদের মতে, রসুনে একটি সক্রিয় উপাদান অ্যালাইন রয়েছে, যা রোগ প্রতিরোধ ক্ষমতা শক্তিশালী করতে সহায়ক","পুষ্টিবিদদের মতে, রসুনে একটি সক্রিয় উপাদান অ্যালাইন রয়েছে, যা রোগ প্রতিরোধ ক্ষমতা শক্তিশালী করতে সহায়ক।","পুষ্টি বিশেষজ্ঞদের মতামত অনুযায়ী, রসুনে অ্যালাইন নামক একটি সক্রিয় উপাদান পাওয়া যায়, যা শরীরের রোগ প্রতিরোধক ক্ষমতা বাড়াতে সাহায্য করে।",38.25451723300012,,480.0
জার্মান গবেষকদের নতুন গবেষণায় এমন চাঞ্চল্যকর তথ্য উঠে এসেছে,জার্মান গবেষকদের নতুন এক গবেষণায় এমনই চাঞ্চল্যকর তথ্য উঠে এসেছে,জার্মান গবেষকদের সাম্প্রতিক এক গবেষণায় অত্যন্ত চমকপ্রদ কিছু তথ্য প্রকাশ্যে এসেছে।,31.94217566200041,,481.0
এসব খাবার না খাওয়াই ভালো,এসব খাবার না খাওয়াই ভালো।,এই ধরনের খাবার এড়িয়ে চলাই ভালো।,34.05569285399997,,482.0
রোদে দিতে হলে জানালার পাশে বা ঘরের বারান্দা থেকে গায়ে রোদ লাগান,সূর্যের সংস্পর্শে আসতে চাইলে জানালা থেকে বা ঘরের বারান্দা থেকে রোদে লাগান।,শরীরে রোদ লাগানোর প্রয়োজন হলে জানালার ধারে কিংবা ঘরের বারান্দায় বসে রোদ পোহান।,35.211100363000696,,483.0
এক সমীক্ষায় দেখা গেছে ফ্ল্যাক্সিডের তেল যারা ১২ সপ্তাহ নিয়মিত ত্বকে ব্যবহার করেছেন তাদের ত্বকে আর্দ্রতার পরিমাণ বেড়েছে ৩৯ শতাংশ,একটি গবেষণায় দেখা গেছে যে যারা নিয়মিত 12 সপ্তাহ ধরে ফ্ল্যাক্সসিড তেল ব্যবহার করেন তাদের ত্বকের আর্দ্রতা 39 শতাংশ বৃদ্ধি পায়।,"একটি গবেষণায় প্রমাণিত হয়েছে যে, ১২ সপ্তাহ ধরে নিয়মিত ফ্ল্যাক্সসিডের তেল ত্বকে ব্যবহারকারীদের ত্বকের আর্দ্রতার মাত্রা ৩৯ শতাংশ বৃদ্ধি পেয়েছে।",46.05005598799926,,484.0
পেশাগত ও ব্যক্তিগত জীবনে ভারসাম্য রক্ষায় নির্দিষ্ট কর্মঘণ্টা নির্ধারণ করে সেটার সঠিক বাস্তবায়ন করা,পেশাদার এবং ব্যক্তিগত জীবনের মধ্যে ভারসাম্য বজায় রাখার জন্য নির্দিষ্ট কাজের সময় স্থাপন এবং বাস্তবায়ন করা,কর্মজীবন ও ব্যক্তিগত জীবনের মধ্যে সামঞ্জস্য বজায় রাখার জন্য একটি সুনির্দিষ্ট কাজের সময়সীমা বেঁধে তা যথাযথভাবে মেনে চলা।,31.68925137400037,,485.0
ফাইবার পানির সঙ্গে দ্রবীভূত হয়ে যায় এবং জেল আকারে গঠিত হয়,ফাইবার পানিতে দ্রবীভূত হয় এবং একটি জেল গঠন করে,পানিতে দ্রবীভূত হয়ে ফাইবার জেলের ন্যায় আকৃতি ধারণ করে।,37.72800929299956,,486.0
এর দুদিন পরই টিভিতে তিনি শুনতে পান সংবাদপাঠক বলছেন চীনের উহান শহর থেকে আগত মেডিকেলের এক শিক্ষার্থীর স্বাস্থ্য পরীক্ষায় দেখা গেছে তিনি করোনাভাইরাসে আক্রান্ত,দুই দিন পর তিনি টিভিতে শুনলেন যে চীনের উহানের এক মেডিকেল ছাত্র করোনাভাইরাস পজিটিভ পরীক্ষা করেছে।,"ঠিক দুদিন পরেই টেলিভিশনে সংবাদ পাঠকের মুখে তিনি শোনেন যে, চীনের উহান শহর থেকে ফেরা একজন চিকিৎসা শিক্ষার্থীর শারীরিক পরীক্ষায় করোনাভাইরাসে আক্রান্ত হওয়ার বিষয়টি শনাক্ত হয়েছে।",36.78314967099959,,487.0
রোজ হয়তো একটা কলা খান,হয়তো প্রতিদিন একটি করে কলা খান।,সম্ভবত আপনি প্রতিদিন একটি করে কলা খেয়ে থাকেন।,20.356094359000053,,488.0
জেনে নিন এসির ক্ষতিকর দিকগুলো ব্রেন হ্যামারেজের ঘটনা বেশিরভাগই শীতকালে দেখা যায়,জেনে নিন এসির ক্ষতিকর প্রভাব। ব্রেন হেমারেজের ঘটনা বেশি দেখা যায় শীতকালে।,"এসির কুপ্রভাব সম্পর্কে জানুন, শীতের মৌসুমেই ব্রেন হ্যামারেজের ঘটনা অধিকাংশ ক্ষেত্রে ঘটে থাকে।",33.80156479499965,,489.0
 প্রাকৃতিকভাবে উৎপন্ন ভেষজ দীর্ঘদিন ধরে ব্যবহার করলেও একই ঘটনা ঘটতে পারে,একই জিনিস প্রাকৃতিকভাবে ঘটতে ভেষজ দীর্ঘমেয়াদী ব্যবহার সঙ্গে ঘটতে পারে.,প্রকৃতি থেকে প্রাপ্ত ভেষজ ঔষধ দীর্ঘকাল ধরে সেবন করলেও একই রকম ঘটনার পুনরাবৃত্তি হতে পারে।,35.478079155999694,,490.0
সেই সঙ্গে আনুষঙ্গিক রক্তের শর্করা চর্বি বা লিভারের এনজাইম ইত্যাদি পরীক্ষা করা উচিত,"এর পাশাপাশি রক্তে শর্করা, চর্বি বা লিভারের এনজাইম পরীক্ষা করতে হবে।","এর পাশাপাশি রক্তের গ্লুকোজ, চর্বি অথবা যকৃতের এনজাইম ইত্যাদি সংশ্লিষ্ট পরীক্ষাগুলোও করিয়ে নেওয়া প্রয়োজন।",40.55207944700032,,491.0
সাধারণত ভাইরাস এবং ব্যাকটেরিয়াজনিত কারণে সাইনাসজনিত সমস্যা হয়ে থাকে,সাইনাসের সমস্যা সাধারণত ভাইরাস এবং ব্যাকটেরিয়ার কারণে হয়ে থাকে।,সাধারণত ভাইরাল ও ব্যাকটেরিয়াল সংক্রমণের ফলে সাইনাসের সমস্যা দেখা দেয়।,27.79240287399989,,492.0
এ ছাড়া অনেক শিশু বিদ্যালয় থেকেও স্ক্যাবিসে আক্রান্ত হয়,এ ছাড়া অনেক শিশু স্কুল থেকেও খোসপাঁচড়া পায়।,এর পাশাপাশি বহু শিশু স্কুল থেকেও স্ক্যাবিস রোগে আক্রান্ত হয়ে থাকে।,23.90661700599958,,493.0
নারী দেহের প্রজননতন্ত্রের সবচেয়ে গুরুত্বপূর্ণ অঙ্গের নাম জরায়ু বা ইউটেরাস Uterus,জরায়ু মহিলাদের প্রজনন ব্যবস্থার সবচেয়ে গুরুত্বপূর্ণ অঙ্গ।,নারী দেহের প্রজননতন্ত্রের প্রধানতম অঙ্গ হলো জরায়ু বা ইউটেরাস Uterus।,35.968421715999284,,494.0
স্তন ক্যানসার সচেতনতায় যুগান্তর আমাদের সঙ্গে কাজ করায় ধন্যবাদ জানাচ্ছি,স্তন ক্যান্সার সচেতনতায় আমাদের সাথে কাজ করার জন্য আপনাকে ধন্যবাদ।,স্তন ক্যানসার বিষয়ক সচেতনতা বৃদ্ধির কাজে আমাদের সহযোগী হওয়ার জন্য যুগান্তরকে আন্তরিক ধন্যবাদ জানাচ্ছি।,25.0277861529994,,495.0
এলার্জির ক্ষেত্রে মাংসপেশির ব্যথা থাকে না,অ্যালার্জির কারণে পেশীতে ব্যথা হয় না।,এলার্জি হলে মাংসপেশিতে কোনো ব্যথা অনুভূত হয় না।,28.815387448000365,,496.0
"ও 
সানজিদা সুলতানা রুপা 
কাউন্সেলিং সাইকোলজি ঢাকা বিশ্ববিদ্যালয়",এবং সানজিদা সুলতানা সিলভার কাউন্সেলিং সাইকোলজি ঢাকা বিশ্ববিদ্যালয়ের ড,সানজিদা সুলতানা রুপা ঢাকা বিশ্ববিদ্যালয়ের কাউন্সেলিং সাইকোলজি বিভাগের সাথে যুক্ত আছেন।,49.15484826699958,,497.0
এ কথাও ঠিক যে নানাভাবে শীতের ঠান্ডা আমাদের শরীরের উপকারেও লেগে থাকে,এটাও ঠিক যে শীতের ঠাণ্ডা আমাদের শরীরের জন্য নানাভাবে উপকারী।,"একথাও অস্বীকার করা যায় না যে, বিভিন্ন উপায়ে শীতের শৈত্য আমাদের শরীরের পক্ষে হিতকর।",44.44681907599988,,498.0
২০ বছর বয়সের মাঝামাঝি সময় থেকে ব্রণ হওয়ার হার কমে যেতে থাকে,"20-এর দশকের মাঝামাঝি থেকে, ব্রণের প্রকোপ কমতে শুরু করে।",পঁচিশ বছর বয়সের আশেপাশে ব্রণের প্রাদুর্ভাব ক্রমশ হ্রাস পেতে থাকে।,37.70166713399976,,499.0
কিডনি রোগীদের ক্ষেত্রে নিয়মিত ওষুধ সেবন এবং রুটিন চেকআপ করানো আবশ্যক,কিডনি রোগীদের জন্য নিয়মিত ওষুধ এবং রুটিন চেকআপ অপরিহার্য।,বৃক্করোগীদের জন্য নিয়মিত ঔষধ সেবন এবং নিয়মিত স্বাস্থ্য পরীক্ষা করানো একান্ত প্রয়োজন।,45.72122182400017,,500.0
তাদের মধ্যে হাসপাতালে মারা গেছেন ২৩ জন আর বাড়িতে ১৮ জন,তাদের মধ্যে 23 জন হাসপাতালে এবং 18 জন বাড়িতে মারা যান।,তাদের মধ্যে ২৩ জন হাসপাতালে এবং ১৮ জন নিজ গৃহে মৃত্যুবরণ করেছেন।,27.67069958800039,,501.0
 এখানে কোনো নিয়ম না মেনেই চলছে সবকিছু,এখানে সব কিছু চলছে নিয়ম না মেনে।,এখানে নিয়মকানুন উপেক্ষা করেই সবকিছু চলছে।,32.13820711100016,,502.0
তারা আরও বলেছে তাদের গবেষণায় ১০ লাখের মধ্যে মাত্র ২ জন ছেলেমেয়ের করোনা আক্রান্ত হয়ে হাসপাতালের ইনটেন্সিভ চিকিৎসা সেবা গ্রহণ করতে হয়েছে,"তারা আরও বলেছে যে তাদের গবেষণায় 100,000 শিশুর মধ্যে মাত্র 2 জন এই ভাইরাসে সংক্রমিত হয়েছিল এবং তাদের হাসপাতালে নিবিড় পরিচর্যার প্রয়োজন ছিল।","তারা আরও জানিয়েছেন যে, তাদের গবেষণা অনুযায়ী করোনায় আক্রান্ত হয়ে হাসপাতালের নিবিড় পরিচর্যা সেবা নিতে হয়েছে এমন শিশুর সংখ্যা প্রতি দশ লাখে মাত্র দুজন।",37.004283196999495,,503.0
২৬ মার্চ দেশের একটি শীর্ষস্থানীয় দৈনিক সংবাদ প্রকাশ করে জানায় ঢাকার বাইরে আর কোনো জেলায় শ্বাসপ্রশ্বাসের কৃত্রিম যন্ত্র ভেন্টিলেটর নেই এবং ঢাকায়ও যা আছে সেটি একেবারেই নগণ্য,"26 মার্চ, দেশের একটি শীর্ষস্থানীয় দৈনিক রিপোর্ট করেছে যে ঢাকার বাইরে অন্য কোনো জেলায় ভেন্টিলেটর নেই এবং ঢাকায় যা আছে তা নগণ্য।","২৬শে মার্চের এক জাতীয় দৈনিকের প্রতিবেদনে প্রকাশ, ঢাকার বাইরের কোনো জেলায় ভেন্টিলেটর বা কৃত্রিম শ্বাসযন্ত্রের কোনো অস্তিত্ব নেই এবং রাজধানীতে বিদ্যমান যন্ত্রগুলোর সংখ্যাও অত্যন্ত নগণ্য।",52.21221476000028,,504.0
পলিসিস্টিক ওভারি সিন্ড্রোমে আক্রান্ত নারীদের অধিকাংশই এ সমস্যার শারীরিক লক্ষণগুলোকে খুব দ্রুত বুঝতে পারেন না,পলিসিস্টিক ওভারি সিনড্রোমে আক্রান্ত বেশিরভাগ মহিলাই সমস্যার শারীরিক লক্ষণ খুব দ্রুত চিনতে পারেন না।,পলিসিস্টিক ওভারি সিন্ড্রোমে আক্রান্ত বেশিরভাগ নারীই এই রোগের শারীরিক উপসর্গগুলো তাৎক্ষণিকভাবে চিনতে ব্যর্থ হন।,39.43262566899921,,505.0
সিনিয়র টিচার থেকে শুরু করে জুনিয়ার ডাক্তার সবার কাছেই সমানভাবে প্রিয় ছিল,সিনিয়র শিক্ষক থেকে শুরু করে জুনিয়র ডাক্তার সবাই সমান প্রিয় ছিলেন।,"জ্যেষ্ঠ শিক্ষক থেকে নবীন চিকিৎসক, সকলেই তাঁকে সমান ভালোবাসত।",43.11391927900058,,506.0
"স্বাস্থ্য অধিদপ্তরের তথ্য অনুযায়ী, দেশে ২০০০ সালে প্রথম এডিস মশাবাহিত ডেঙ্গুরোগী শনাক্ত হয়","স্বাস্থ্য অধিদপ্তরের তথ্য অনুযায়ী, ২০০০ সালে দেশে প্রথম এডিস মশাবাহিত ডেঙ্গু রোগী শনাক্ত হয়।","স্বাস্থ্য অধিদপ্তরের তথ্য মতে, ২০০০ সালে দেশে এডিস মশাবাহিত ডেঙ্গু জ্বরে আক্রান্ত প্রথম রোগীর সন্ধান পাওয়া যায়।",33.18979952300015,,507.0
এ ছাড়া কাজু বাদাম পেস্তা কিশমিশ কুচি আধা কাপ এলাচ দুটি ও তেজপাতা দুটি,"এ ছাড়া আধা কাপ কাজুবাদাম, পেস্তা, কাটা কিশমিশ, দুটি এলাচ ও দুটি তেজপাতা।","এর বাইরে আধা কাপ কাটা কাজু বাদাম, পেস্তা ও কিশমিশ, এবং দুটি এলাচ ও দুটি তেজপাতাও প্রয়োজন।",45.27110169499974,,508.0
এবার ক্লিপের ওপর ইচ্ছেমতো ফুল লাগিয়ে নিন,এখনই ক্লিপে পছন্দসই ফুলগুলি সংযুক্ত করুন।,এখন আপনার পছন্দমতো ক্লিপটিতে ফুল বসিয়ে দিন।,26.716735510000035,,509.0
রক্তের শ্বেতকণিকার মাত্রা কমে যাওয়া কিংবা অ্যালবুমিন কমে যাওয়াও জটিলতার নির্দেশক,শ্বেত রক্তকণিকার মাত্রা কমে যাওয়া বা অ্যালবুমিন কমে যাওয়াও জটিলতার ইঙ্গিত দেয়,রক্তে শ্বেতকণিকা বা অ্যালবুমিনের পরিমাণ হ্রাস পাওয়াও জটিলতার ইঙ্গিত দেয়।,39.91337983300036,,510.0
আপনি যদি পানি ঠিকমতো পান না করেন তবে বেছে নিতে হবে সেসব খাবার,আপনি যদি পর্যাপ্ত জল পান না করেন তবে আপনাকে এই খাবারগুলি বেছে নিতে হবে।,পর্যাপ্ত পরিমাণে পানি পান না করলে আপনাকে সেই সব খাবার নির্বাচন করতে হবে।,32.24352692100001,,511.0
এক্ষেত্রে লেড লাইট বেশ ভালো কাজ করে,এক্ষেত্রে এলইডি লাইট খুব ভালো কাজ করে।,এই পরিস্থিতিতে এলইডি লাইট অত্যন্ত কার্যকর।,24.48868976799986,,512.0
" আঁশ খাদ্য হজম, পরিপাক ও বিপাক ক্রিয়ায় সহায়তা করে","ফাইবার খাদ্য হজম, পরিপাক ও বিপাক ক্রিয়ায় সাহায্য করে।","আঁশ খাদ্য হজম, পরিপাক এবং বিপাক প্রক্রিয়ায় সহায়ক ভূমিকা পালন করে।",27.24809480600016,,513.0
এ রিপোর্টের মাধ্যমে ক্যান্সার যক্ষ্মা নিউমোনিয়াসহ আরও অনেক রোগ নির্ণয় করা যায়,"ক্যান্সার, যক্ষ্মা, নিউমোনিয়াসহ নানা রোগ নির্ণয় করা যাবে এই প্রতিবেদনের মাধ্যমে।","এই রিপোর্টের সাহায্যে ক্যান্সার, যক্ষ্মা, নিউমোনিয়াসহ আরও বহু রোগ নির্ণয় করা সম্ভব।",29.020709000000352,,514.0
হলুদে এমন কিছু উপাদান থাকে যা প্রদাহ কমায়,হলুদে এমন উপাদান রয়েছে যা প্রদাহ কমায়।,হলুদে এমন কিছু উপাদান বিদ্যমান রয়েছে যা প্রদাহ প্রশমিত করে।,33.606128831000206,,515.0
কিছু ক্ষেত্রে দাঁতের সংক্রমণ নিয়ন্ত্রণ করা না গেলে বা মুখের যত্নে চরম অবহেলা থাকলেও দাঁত ফেলে দিতে হতে পারে,"কিছু কিছু ক্ষেত্রে, যদি সংক্রমণ নিয়ন্ত্রণ না করা হয় বা মুখের যত্নকে চরমভাবে অবহেলা করা হয় তাহলে দাঁত ফেলে দিতে হতে পারে।","নির্দিষ্ট কিছু পরিস্থিতিতে দাঁতের সংক্রমণ যদি নিয়ন্ত্রণ করা সম্ভব না হয় অথবা মুখের পরিচ্ছন্নতায় চরম গাফিলতি থাকে, তবে দাঁত তুলে ফেলার প্রয়োজন পড়তে পারে।",30.766840369999954,,516.0
হৃৎপিণ্ডের ডান দিকে গড় SpO হলো ৬০৬৫ এবং বাম দিকে SpO হল ৯৫,হার্টের ডান দিকে গড় SPO 6065 এবং বাম দিকে SPO 95।,"হৃৎপিণ্ডের ডান অংশের গড় SpO-এর মান ৬০৬৫, অন্যদিকে বাম অংশের SpO-এর মান ৯৫।",26.255555808999816,,517.0
ঙ    থায়রয়েড গ্লান্ড ছাড়া অন্য কোন উৎসের কারণে থায়রয়েড হরমোনের আধিক্য,E. থাইরয়েড গ্রন্থি ছাড়া অন্য উৎসের কারণে অতিরিক্ত থাইরয়েড হরমোন।,থায়রয়েড গ্রন্থি ব্যতীত অন্য কোনো উৎস থেকে থায়রয়েড হরমোনের অতিরিক্ত মাত্রা।,32.71177313099997,,518.0
রক্ত উঠানামা একটি জটিল স্বাস্থ্যগত সমস্যা,রক্ত জমাট বাঁধা একটি জটিল স্বাস্থ্য সমস্যা।,বমির সাথে রক্ত পড়া একটি জটিল শারীরিক সমস্যা।,25.062567522999416,,519.0
আর বাঙালি বাড়িতে লাউ থাকবে না তাতো আর হয় না,বাঙালির ঘরে আর লাউ থাকবে না এমন নয়।,বাঙালি পরিবারে লাউ না থাকাটা তো একদমই অসম্ভব।,24.808556757999213,,520.0
ছোট শিশু এবং সদ্য হাঁটা শুরু করা বাচ্চাদের toddlers মধ্যে অস্থিরতা কখনো কখনো ক্ষুধামন্দা বা অরুচি দেখা দেয় এবং শিশু অসুস্থতা বোধ করে,"ছোট বাচ্চাদের এবং ছোট বাচ্চাদের মধ্যে, অস্থিরতার ফলে কখনও কখনও ক্ষুধা কমে যায় বা ক্ষুধা না লাগে এবং শিশু অসুস্থ বোধ করে।","ছোট ও সদ্য হাঁটা শেখা শিশুরা মাঝে মাঝে অস্থিরতা, খাবারে অনীহা এবং শারীরিক অসুস্থতা অনুভব করে।",32.16010369899959,,521.0
গর্সকে প্রথম দিকে বার্গার কিনতে নিয়মিত ম্যাকডোনাল্ডে যেতেন,"প্রথম দিকে, গোর্স্ক নিয়মিত বার্গার কিনতে ম্যাকডোনাল্ডে যেতেন।",প্রাথমিক সময়ে বার্গার কেনার উদ্দেশ্যে গর্সকে নিয়মিত ম্যাকডোনাল্ডে যেতেন।,32.30274001699945,,522.0
রান্নায়ও কম লবণ দিতে হবে,রান্নায় লবণ কম ব্যবহার করা উচিত।,রান্নাতেও লবণের পরিমাণ কমাতে হবে।,23.34252788599952,,523.0
"ব্ল্যাক ফাঙ্গাসে আক্রান্ত হলে করণীয়
ধুলোবালি রয়েছে এমন জায়গায় গেলে অবশ্যই মাস্ক ব্যবহার করুন
চিকিৎসকের পরামর্শে অ্যান্টিফাংগাল বা অ্যান্টিবায়োটিক ওষুধ শুরু করা
ডায়াবেটিস নিয়ন্ত্রণে রাখতে হবে
সঠিক পরিমাণে স্টেরয়েডের ব্যবহার
উপসর্গ দেখলেই সাবধান হতে হবে",ব্ল্যাক ফাঙ্গাসে আক্রান্ত হলে কি করবেন ডাক্তারের পরামর্শে অ্যান্টিফাঙ্গাল বা অ্যান্টিবায়োটিক ওষুধ শুরু করুন ডায়াবেটিস নিয়ন্ত্রণে রাখতে হবে। সঠিক মাত্রায় স্টেরয়েড ব্যবহার করুন উপসর্গ দেখলে সতর্ক হোন।,"ব্ল্যাক ফাঙ্গাসে আক্রান্ত হলে যা করণীয়
ধুলাবালিযুক্ত পরিবেশে গেলে অবশ্যই মাস্ক পরবেন
ডাক্তারের পরামর্শ অনুযায়ী অ্যান্টিফাঙ্গাল বা অ্যান্টিবায়োটিক ঔষধ সেবন শুরু করা
ডায়াবেটিস নিয়ন্ত্রণে রাখা জরুরি
সঠিক মাত্রায় স্টেরয়েড ব্যবহার করা
লক্ষণ দেখা দিলেই সতর্ক হতে হবে",48.79042514900084,,524.0
তাই খুব বেশি গরম ও ভারী কাপড় পরার প্রয়োজন হয় না,তাই খুব গরম ও ভারী কাপড় পরার দরকার নেই।,সে কারণে অত্যন্ত গরম ও ভারী পোশাক পরিধান করার কোনো প্রয়োজন নেই।,28.93076809899958,,525.0
প্রসঙ্গত গেল ডিসেম্বরের শেষদিকে চীনের উহানে উৎপত্তি হয়ে এরইমধ্যে বিশ্বজুড়ে করোনায় আক্রান্ত হয়ে মারা গেছেন ১৬ হাজার ৬০০ মানুষ,চীনের উহান থেকে উৎপত্তি হওয়া করোনা ভাইরাসে গত বছরের ডিসেম্বরের শেষের দিকে ১৬ হাজার ৬০০ জনের মৃত্যু হয়।,"প্রসঙ্গত উল্লেখ্য, গত ডিসেম্বর মাসের শেষ ভাগে চীনের উহান শহরে করোনার উৎপত্তির পর থেকে ইতোমধ্যে সারা বিশ্বে এই ভাইরাসে আক্রান্ত হয়ে ১৬ হাজার ৬০০ জনের প্রাণহানি ঘটেছে।",34.97420940700067,,526.0
 তাই ৮০ ডিগ্রি সেন্টিগ্রেড তাপমাত্রায় ধীরে ধীরে রান্না করা উচিত,তাই এটি 80 ডিগ্রি সেন্টিগ্রেড তাপমাত্রায় ধীরে ধীরে রান্না করা উচিত।,সেকারণে ৮০ ডিগ্রি সেন্টিগ্রেড তাপমাত্রায় ধীরলয়ে রান্না করে নেওয়া উচিত।,31.63180498699967,,527.0
তাছাড়া আরো কতগুলা যেমন বিএমআই বেশি হওয়া,তাছাড়া আরও কিছু কারণ যেমন উচ্চ বিএমআই।,এছাড়াও উচ্চ বিএমআই-এর মতো আরও বেশ কিছু বিষয় রয়েছে।,23.026398043999507,,528.0
দেশে শনাক্ত হওয়া করোনাভাইরাসের কোভিড১৯ নতুন ধরন নিয়ে ব্যাপকভাবে আলোচনা চলছে,দেশে শনাক্ত হওয়া নতুন ধরনের করোনাভাইরাস কোভিড-১৯ নিয়ে তুমুল আলোচনা চলছে।,দেশে করোনাভাইরাসের নতুন রূপ কোভিড-১৯ চিহ্নিত হওয়ায় এ বিষয়ে এখন সর্বত্র ব্যাপক চর্চা চলছে।,34.381419299999834,,529.0
 তাই হাঁটার সময়ে গতি কমালে চলবে না,তাই হাঁটার সময় ধীরগতি করবেন না।,সুতরাং হাঁটার সময় গতি কমিয়ে দেওয়া যাবে না।,22.927177749000293,,530.0
চুলে খুশকি ও উকুনের সংক্রমণ চুলে খুশকি হলে অথবা উকুনের সংক্রমণ হলে অনেক বেশি চুলকায়,চুলে খুশকি ও উকুনের উপদ্রব: চুলে খুশকি বা উকুনের উপদ্রব থাকলে খুব চুলকায়।,মাথায় খুশকি পড়লে বা উকুন ধরলে প্রচণ্ড চুলকানি হয়।,33.99656176799999,,531.0
" যদি পাত্রটি এমন হয় যে, পানি ফেলে দেওয়া যাচ্ছে না তাহলে সেখানে কীটনাশক বা কেরোসিন বা ব্লিচিং পাউডার বা লবণ দিন","যদি পাত্রটি এমন হয় যাতে পানি নিষ্কাশন করা যায় না, তাহলে কীটনাশক বা কেরোসিন বা ব্লিচিং পাউডার বা লবণ যোগ করুন।","যে পাত্র থেকে পানি ফেলে দেওয়া সম্ভব নয়, সেই পাত্রে কীটনাশক, কেরোসিন, ব্লিচিং পাউডার অথবা লবণ মিশিয়ে দিন।",35.3723557659996,,532.0
সাইটোকাইন অতিপ্রবাহ বা ঝড় এর কারণে সমান্তরাল ক্ষতি ও রক্তজমাট বা ক্লটের সমস্যার ছাড়াও অন্যান্য জিনিস যেমন কম রক্তচাপ যা একটি গুরুতর অসুস্থতার ইঙ্গিতবহন করে কম অক্সিজেনের মাত্রা ভেন্টিলেটরের ব্যবহার এবং চিকিৎসায় ব্যবহৃত ওষুধ নিজেরাই হৃৎপিণ্ড কিডনি লিভার এবং মস্তিষ্কসহ শরীরের সমস্ত অঙ্গকে ক্ষতি করতে পারে,"সাইটোকাইন ওভারলোড বা ঝড়ের কারণে সমান্তরাল ক্ষতি এবং রক্ত ​​জমাট সমস্যা ছাড়াও, অন্যান্য জিনিস যেমন নিম্ন রক্তচাপ যা গুরুতর অসুস্থতার ইঙ্গিত দেয়, কম অক্সিজেনের মাত্রা, ভেন্টিলেটর ব্যবহার এবং চিকিত্সায় ব্যবহৃত ওষুধগুলি শরীরের সমস্ত অঙ্গের ক্ষতি করতে পারে, হৃদয়, কিডনি, লিভার এবং মস্তিষ্ক সহ।",,60.57260731800034,request_error:,533.0
পিএলআইডির ব্যথা সাধারণত কোমর ও কোমরের পেছন দিয়ে ঊরু এবং পায়ের পেছন দিক দিয়ে পায়ের পাতা পর্যন্ত যেতে পারে,পিএলআইডির ব্যথা সাধারণত কোমর এবং কোমরের পিছনে থেকে উরু এবং পায়ের পিছনের দিকে বিকিরণ করে এবং পায়ের তলায় যেতে পারে।,পিএলআইডির ব্যথা প্রায়শই কোমর ও তার পশ্চাৎদেশ থেকে উরু এবং পায়ের পিছনের দিক বেয়ে পায়ের পাতা পর্যন্ত বিস্তৃত হতে পারে।,38.18228062900016,,534.0
মেলাটোনিন অ্যান্টিঅক্সিডেন্ট হিসেবেও কাজ করে,মেলাটোনিন অ্যান্টিঅক্সিডেন্ট হিসেবেও কাজ করে।,মেলাটোনিন একটি অ্যান্টিঅক্সিডেন্ট হিসেবেও কার্যকর ভূমিকা পালন করে।,28.77650596300009,,535.0
সেই সঙ্গে চাপ সামলানোর কিছু কৌশলও প্রয়োগ করা যেতে পারে,"এর সাথে, কিছু স্ট্রেস ম্যানেজমেন্ট কৌশলও প্রয়োগ করা যেতে পারে।",এর পাশাপাশি চাপ মোকাবেলার কিছু কৌশলও অবলম্বন করা যেতে পারে।,27.179445855000267,,536.0
ডেন্টাল এমালগাম ফিলিং দেয়ার সময় কোনোভাবে পারদ মুখের মিউকাস মেমব্রেনের সংস্পর্শে এলে এবং মোটামুটি একটি নির্দিষ্ট সময় অবস্থান করলে মুখে আলসার বা অন্য যে কোনো সমস্যা দেখা দিতে পারে,"ডেন্টাল অ্যামালগাম ফিলিংসের সময়, যদি পারদ কোনোভাবে মুখের মিউকাস মেমব্রেনের সংস্পর্শে আসে এবং একটি নির্দিষ্ট সময় ধরে থাকে, তাহলে তা মুখের আলসার বা অন্যান্য সমস্যা তৈরি করতে পারে।","দন্তচিকিৎসায় এমালগাম ফিলিং দেওয়ার সময় পারদ যদি কোনো কারণে মুখের মিউকাস মেমব্রেনে স্পর্শ করে এবং একটি নির্দিষ্ট সময় ধরে সেখানে অবস্থান করে, তাহলে মুখে ঘা কিংবা অন্য যেকোনো সমস্যা দেখা দিতে পারে।",44.58347604800019,,537.0
খাবারের পাশপাশি মাছ মাংস ডিম দুধ ইত্যাদি খেতে হবে,"খাবারের সাথে মাছ, মাংস, ডিম, দুধ ইত্যাদি খেতে হবে।","নিয়মিত আহারের পাশাপাশি মাছ, মাংস, ডিম ও দুধ ইত্যাদি গ্রহণ করা প্রয়োজন।",22.019191399999727,,538.0
৬ রোজা থাকা অবস্থায় পাতলা পায়খানা বা বমি হলে রোজা ভেঙে খাবার স্যালাইন খেয়ে ফেলাই ভালো,রোজা রেখে ডায়রিয়া বা বমি হলে রোজা ভেঙে স্যালাইন খাওয়া উত্তম।,রোজাদার অবস্থায় পাতলা পায়খানা বা বমি হলে রোজা ভেঙে খাবার স্যালাইন পান করে নেওয়াই উচিত।,30.717098088000057,,539.0
বিশেষ করে দাঁত উঠার পর শিশুদের দুধ দাঁতের প্রতি খেয়াল রাখা লাগে,বিশেষ করে দাঁত তোলার পর শিশুর দাঁতের যত্ন নেওয়া প্রয়োজন।,শিশুদের দাঁত গজানোর পর তাদের দুধ দাঁতের যত্ন নেওয়া বিশেষভাবে জরুরি।,31.86897856700034,,540.0
এটা মাধ্যমে বোঝা যাচ্ছে যে ইরানের জনগণ হাত ধোয়ার বিষয়ে সচেতন হয়েছে,এর মানে ইরানের মানুষ হাত ধোয়ার ব্যাপারে সচেতন হয়ে উঠেছে।,"এই মাধ্যম থেকে স্পষ্ট যে, ইরানের মানুষ হাত ধোয়ার ব্যাপারে এখন সচেতন।",26.640146197999456,,541.0
বিশ্ব স্বাস্থ্য সংস্থার হিসাবে ১ জন চিকিৎসকের বিপরীতে ৩ জন রেজিস্টার্ড নার্স প্রয়োজন,"WHO এর মতে, 1 জন ডাক্তারের বিপরীতে 3 জন নিবন্ধিত নার্স প্রয়োজন।",বিশ্ব স্বাস্থ্য সংস্থার মানদণ্ড অনুযায়ী প্রতি একজন ডাক্তারের জন্য তিনজন নিবন্ধিত নার্সের প্রয়োজন।,32.72522243399999,,542.0
 আপনার চটপট আরামের ওষুধ যদি খুব বেশিক্ষণ কাজ না করে বা তাতে একেবারেই উপকার না হয়,যদি আপনার দ্রুত-ত্রাণ ওষুধ দীর্ঘ সময় ধরে কাজ না করে বা সাহায্য না করে।,আপনার দ্রুত আরামদায়ক ওষুধটি যদি দীর্ঘ সময় ধরে কাজ না করে কিংবা তাতে কোনো রকমের উপশম না পাওয়া যায়,36.38152808799987,,543.0
একজন মানুষের ব্যক্তিত্ব কেমন হবে তার অনেকটাই নির্ভর করে তার কণ্ঠের ওপর,একজন ব্যক্তির ব্যক্তিত্ব কেমন হবে তা অনেকটাই নির্ভর করে তার কণ্ঠস্বরের ওপর।,একজন ব্যক্তির ব্যক্তিত্বের বড় একটা অংশ তার কণ্ঠস্বরের ওপরই নির্ভরশীল।,34.95483223100018,,544.0
জলবায়ুর পরিবর্তন এবং তাপমাত্রা বৃদ্ধির কারণে কিছু মানুষের মেজাজ পরিবর্তন হতে পারে,জলবায়ুর পরিবর্তন এবং ক্রমবর্ধমান তাপমাত্রা কিছু লোকের মেজাজ পরিবর্তনের কারণ হতে পারে।,জলবায়ু পরিবর্তন ও তাপমাত্রা বেড়ে যাওয়ার প্রভাবে কিছু মানুষের মেজাজে পরিবর্তন ঘটতে পারে।,26.93639844799964,,545.0
" দ্রবণীয় আঁশ শরীরের লো-ডেনসিটি লাইপোপ্রোটিন, অর্থাৎ বাজে কোলেস্টেরলকে কমাতে সাহায্য করে",দ্রবণীয় ফাইবার শরীরের কম ঘনত্বের লাইপোপ্রোটিন বা খারাপ কোলেস্টেরল কমাতে সাহায্য করে।,শরীরের ক্ষতিকর কোলেস্টেরল তথা লো-ডেনসিটি লাইপোপ্রোটিনের মাত্রা কমাতে দ্রবণীয় আঁশ সহায়তা করে।,31.26108554099937,,546.0
চলুন জানি ব্যবস্থাগুলি কি আর গবেষণাই বা কি বলে,আসুন জেনে নেওয়া যাক কী কী ব্যবস্থা এবং কী বলছে গবেষণা।,"কী কী ব্যবস্থা রয়েছে এবং গবেষণায় কী বলা হয়েছে, তা আসুন জেনে নেওয়া যাক।",25.28720403400075,,547.0
স্বাস্থ্যসম্মত ডায়েট মেনে চলতে হবে,একটি স্বাস্থ্যকর খাদ্য অনুসরণ করা উচিত।,স্বাস্থ্যকর খাদ্যতালিকা অনুসরণ করা আবশ্যক।,25.063208332000613,,548.0
কোষ্ঠকাঠিন্য ফোলাভাব এবং পেট সম্পর্কিত অন্যান্য অনেক সমস্যা থেকে মুক্তি পাবেন,"আপনি কোষ্ঠকাঠিন্য, ফোলাভাব এবং অন্যান্য পেট সংক্রান্ত সমস্যা থেকে মুক্তি পাবেন।","কোষ্ঠকাঠিন্য, পেট ফাঁপা এবং উদর সংক্রান্ত আরও বহু সমস্যা থেকে আপনি নিস্তার পাবেন।",30.943964482999945,,549.0
কত ধরনের কনট্যুর  এটা ক্রিম ও পাউডার দুই ফর্মেই পাওয়া যায়,কি ধরনের কনট্যুর পাওয়া যায়? এটি ক্রিম এবং পাউডার উভয় আকারে পাওয়া যায়।,কনট্যুর ক্রিম এবং পাউডার—উভয় রূপেই পাওয়া যায়।,31.51705517299979,,550.0
প্রথমে প্রশ্বাস ছাড়ার সময় এক গুনবেন এর পরেরবার দুই এভাবে পাঁচ পর্যন্ত,"প্রথমে, শ্বাস ছাড়ার সময়, একটি গণনা করুন, তারপরে দুটি এবং তাই পাঁচটি পর্যন্ত।","প্রথমবার শ্বাস ছাড়ার সময় এক গুনবেন, তারপর পরবর্তী বারে দুই এবং এভাবে ক্রমান্বয়ে পাঁচ পর্যন্ত গণনা করবেন।",30.747078789000625,,551.0
ডা মো নাজমুল হক মাসুম,ডাঃ মো নাজমুল হক মাসুম,ডাক্তার মোহাম্মদ নাজমুল হক মাসুম,20.81503679999969,,552.0
যারা নিয়মিত খাবার খান না না কিংবা দীর্ঘ সময় উপোস থাকেন তাদের মধ্যে পেপটিক আলসার দেখা দিতে পারে,যারা নিয়মিত খান না বা দীর্ঘ সময় ধরে উপবাস করেন তাদের পেপটিক আলসার হতে পারে।,"যাদের খাওয়াদাওয়ার কোনো নির্দিষ্ট নিয়ম নেই বা যারা দীর্ঘক্ষণ উপবাস করেন, তাদের পেপটিক আলসার হওয়ার সম্ভাবনা রয়েছে।",25.56828949100054,,553.0
 মেথির অ্যান্টিব্যাকটেরিয়াল এবং অ্যান্টিফাঙ্গাল উপাদান ঈস্ট দমন করে খুশকির জন্ম প্রতিরোধ করে,মেথির অ্যান্টিব্যাকটেরিয়াল এবং অ্যান্টিফাঙ্গাল বৈশিষ্ট্য খামির দমন করে খুশকি প্রতিরোধ করে।,মেথিতে থাকা জীবাণুনাশক ও ছত্রাকনাশক গুণাগুণ ঈস্টের প্রবৃদ্ধি রোধ করে খুশকি সৃষ্টি ঠেকায়।,42.43355687999974,,554.0
এ রোগীদের টাইপ২ ডায়াবেটিস হওয়ার ঝুঁকি অনেক বেড়ে যায়,এই রোগীদের মধ্যে টাইপ 2 ডায়াবেটিস হওয়ার ঝুঁকি অনেক বেড়ে যায়।,এই রোগীদের টাইপ-২ ডায়াবেটিসে আক্রান্ত হওয়ার ঝুঁকি ব্যাপকভাবে বৃদ্ধি পায়।,29.97550050100017,,555.0
কিন্তু পরিচিত হাজারো মানুষের কাছে তিনি প্রিয় রাখী আপা নামেই বেশি পরিচিত,কিন্তু হাজারো পরিচিতজনের কাছে তিনি প্রিয়া রাখি আপা নামেই বেশি পরিচিত।,তবে হাজার হাজার পরিচিত মানুষের কাছে তিনি 'প্রিয় রাখী আপা' নামেই অধিক সুপরিচিত।,42.63834153500011,,556.0
চোখের মাংসপেশীসমূহ অবশ হতে পারে যদি ডায়াবেটিস কন্ট্রোল না করা হয়,ডায়াবেটিস নিয়ন্ত্রণে না থাকলে চোখের পেশি অবশ হয়ে যেতে পারে।,ডায়াবেটিস নিয়ন্ত্রণে না রাখলে চোখের পেশীসমূহ অবশ হয়ে যেতে পারে।,23.694673803000114,,557.0
আটায় থাকে গ্লুটেন নামক একটি উপাদান,ময়দায় গ্লুটেন নামক একটি উপাদান থাকে।,গ্লুটেন নামের এক ধরনের উপাদান আটায় পাওয়া যায়।,35.70669907299998,,558.0
এ চিকিৎসাপদ্ধতির ধারা একেক রোগীর ক্ষেত্রে একেক রকম এবং ধারাটি নির্ভর করে রোগী ঠিক কী কী কারণে কোমরব্যথা অনুভব করছেন সেটির ওপর,এই চিকিত্সার কোর্স প্রতিটি রোগীর জন্য আলাদা এবং রোগীর পিঠে ব্যথার সঠিক কারণের উপর নির্ভর করে।,"রোগীভেদে এই চিকিৎসার প্রক্রিয়া আলাদা হয়ে থাকে, যা মূলত রোগীর কোমরব্যথার সুনির্দিষ্ট কারণগুলোর ওপর ভিত্তি করে নির্ধারিত হয়।",34.19978715799971,,559.0
এর কারণ হচ্ছে প্রথমত সেখানে তাপমাত্রা বেশি থাকলেও বাতাসে আর্দ্রতা কম,"এর কারণ প্রথমত, সেখানে তাপমাত্রা বেশি, কিন্তু বাতাসে আর্দ্রতা কম।","এর প্রধান কারণ হলো, সেখানকার তাপমাত্রা অধিক হওয়া সত্ত্বেও বায়ুতে আর্দ্রতার মাত্রা কম।",34.73535394099963,,560.0
পোড়া স্থানে মধুর মিশ্রণ অথবা পানি দিয়ে চিনির মিশ্রণ লাগালেও কাজ করে,পুড়ে যাওয়া স্থানে পানির সঙ্গে মধু বা চিনি মিশিয়ে লাগালেও কাজ হয়।,দগ্ধ স্থানে মধু অথবা চিনি ও পানির দ্রবণ লাগালেও তা কার্যকর হয়।,29.5590506059998,,561.0
১ অন্যের থেকে ৬ ফিট দূরে থাকা জরুরি,1 অন্যদের থেকে 6 ফুট দূরে থাকা গুরুত্বপূর্ণ।,১ অন্যদের থেকে ছয় ফুট দূরত্ব বজায় রাখা অত্যন্ত প্রয়োজন।,31.63328871200065,,562.0
সবশেষ দুদিন আগে আরও দুজনের করোনা শনাক্ত হওয়ার কথা জানায় সেব্রিনা ফ্লোরা,"সাবরিনা ফ্লোরা জানান, দুদিন আগে আরও দুজন করোনায় আক্রান্ত হয়েছেন।",সর্বশেষ দুই দিন আগে আরও দুজন করোনায় আক্রান্ত হয়েছেন বলে জানিয়েছেন সেব্রিনা ফ্লোরা।,31.202716515999786,,563.0
" তাই এটিকে জরুরি জনস্বাস্থ্য সংকট ঘোষণা দিয়ে জাতীয় পর্যায় থেকে সমন্বিতভাবে কার্যকর উদ্যোগ গ্রহণের আহ্বান জানিয়ে টিআইবির নির্বাহী পরিচালক বলেন, ‘ঢাকার বাইরের সিটি কর্পোরেশন ও পৌরসভাগুলোতে মশক নিধনে সমন্বিত পদক্ষেপ গ্রহণে সক্ষমতার ঘাটতি জরুরি ভিত্তিতে চিহ্নিত করে সমাধানের উদ্যোগ নিতে হবে","তাই একে জরুরী জনস্বাস্থ্য সংকট হিসেবে ঘোষণা করে টিআইবির নির্বাহী পরিচালক জাতীয় পর্যায় থেকে সমন্বিত ও কার্যকর উদ্যোগ গ্রহণের আহ্বান জানিয়ে বলেন: “ঢাকার বাইরের সিটি কর্পোরেশন ও পৌরসভাগুলোতে জরুরি অবস্থার অভাব চিহ্নিত করে সমাধান করা জরুরি। মশা নির্মূল করার ক্ষমতা।""","পরিস্থিতিকে জরুরি জনস্বাস্থ্য সংকট আখ্যায়িত করে টিআইবির নির্বাহী পরিচালক জাতীয় পর্যায়ে সমন্বিত ও ফলপ্রসূ পদক্ষেপ নেওয়ার তাগিদ দিয়ে বলেন, ঢাকার বাইরের সিটি কর্পোরেশন ও পৌরসভাগুলোতে মশা নিয়ন্ত্রণে সমন্বিত ব্যবস্থা গ্রহণের সক্ষমতার যে অভাব রয়েছে, তা অতি দ্রুত চিহ্নিত করে প্রতিকারমূলক পদক্ষেপ নেওয়া আবশ্যক।",40.934973241999614,,564.0
সালাদ জনপ্রিয় মিশ্র খাবার যা মূলত কাঁচা সবজি ও ফল দিয়ে তৈরি করা হয়,সালাদ একটি জনপ্রিয় মিশ্র খাবার যা প্রধানত কাঁচা শাকসবজি এবং ফল দিয়ে তৈরি করা হয়।,"সালাদ একটি সুপরিচিত মিশ্র খাদ্য, যা প্রধানত কাঁচা শাকসবজি ও ফলমূল দিয়ে প্রস্তুত করা হয়ে থাকে।",46.58204821700019,,565.0
এন্ডোরফিন নিঃসৃত হলে মনে কোনো ব্যথাবেদনা থাকলে তা কমিয়ে দেয় এবং মনে আনন্দের সৃষ্টি করে,এন্ডোরফিন নিঃসৃত হলে তা মনের যেকোনো ব্যথা কমায় এবং মনে আনন্দ সৃষ্টি করে।,এন্ডোরফিন ক্ষরিত হলে তা মানসিক যন্ত্রণা লাঘব করে এবং মনে সুখ ও আনন্দের অনুভূতি জাগিয়ে তোলে।,46.949649477000094,,566.0
এ জন্য নিয়মিত সঠিক সময়ে খাবার গ্রহণ বসা থেকে দাঁড়ানো বা শোয়া থেকে বসার সময় ধীরগতি অবলম্বন দরকার হলে লাঠি ব্যবহারের অভ্যাস ভালো,"তাই সঠিক সময়ে নিয়মিত খাওয়া ভালো। বসা থেকে দাঁড়ানো বা শুয়ে থাকা থেকে বসা অবস্থায় যাওয়ার সময় আপনার যদি এটি ধীরগতিতে নেওয়ার প্রয়োজন হয়, তাহলে একটি লাঠি ব্যবহার করা একটি ভাল অভ্যাস।","একারণে নিয়মিত নির্দিষ্ট সময়ে আহার করা, শোয়া থেকে বসা অথবা বসা থেকে দাঁড়ানোর সময় ধীরস্থির ভঙ্গিতে ওঠা এবং প্রয়োজনে লাঠির সাহায্য নেওয়ার অভ্যাস গড়ে তোলা মঙ্গলজনক।",37.258616867000455,,567.0
এই প্রক্রিয়ায় একবারে একটি রোম তোলা যায়,এই প্রক্রিয়াটি একবারে একটি চুল অপসারণ করতে পারে।,এই পদ্ধতিতে একবারে মাত্র একটি রোমই উঠানো সম্ভব।,26.442192686999988,,568.0
কিন্তু আক্রান্ত প্রাণী বা ব্যক্তির সরাসরি সংস্পর্শে এলে অথবা শরীরে থাকা ক্ষত বা ফোসকার সংস্পর্শে এলে এ রোগ সুস্থ দেহে ছড়িয়ে পড়তে পারে,কিন্তু সংক্রমিত প্রাণী বা ব্যক্তির সরাসরি সংস্পর্শে বা শরীরে ক্ষত বা ফোসকার সংস্পর্শে এ রোগটি সুস্থ শরীরে ছড়িয়ে পড়তে পারে।,তবে আক্রান্ত কোনো প্রাণী বা ব্যক্তির সাথে প্রত্যক্ষ সংস্পর্শে আসলে অথবা তাদের শরীরের ক্ষত বা ফোস্কা স্পর্শ করলে সুস্থ শরীরেও এই রোগটি সংক্রমিত হতে পারে।,29.209722022999813,,569.0
কোষ্টকাঠিন্য হয়ে গেলে তখন কিন্তু এমনিতেও আপনার মলত্যাগের সময় বাড়তি চাপ দিতে হবে,আপনার যদি কোষ্ঠকাঠিন্য থাকে তবে আপনাকে এখনও মলত্যাগের সময় স্ট্রেন করতে হবে।,কোষ্টকাঠিন্যের শিকার হলে মলত্যাগের সময় আপনাকে অতিরিক্ত চাপ দিতেই হবে।,31.5059814920005,,570.0
গাড়িতে বসে মেরুদণ্ডে আঘাত পাওয়ার অন্যতম কারণ হলো চালকের সিটবেল্ট না পরা,গাড়িতে বসার সময় মেরুদণ্ডের আঘাতের একটি প্রধান কারণ হল চালকের সিটবেল্ট না পরা।,গাড়িতে থাকা অবস্থায় মেরুদণ্ডে আঘাত লাগার অন্যতম কারণ হিসেবে চালকের সিটবেল্ট পরিধান না করাকেই ধরা হয়।,46.58393587499995,,571.0
একে বাই ফেজিক ফিভার বলে,একে বাইফেসিক জ্বর বলা হয়।,এটিকে বাইফেজিক ফিভার বলা হয়।,32.345728007000616,,572.0
 সম্ভব হলে সারাদিন বসে থাকার পরিমাণ কমিয়ে দিন,সম্ভব হলে সারাদিন বসে থাকার পরিমাণ কমিয়ে দিন।,পারলে সারাদিন বসে থাকার সময়টা কমিয়ে আনুন।,30.567452420000336,,573.0
চা কফিতে সমস্যা হলে তা গ্রহণ থেকেও বিরত থাকুন,চা-কফির সমস্যা থাকলে তা এড়িয়ে চলুন।,চা ও কফি সেবনে কোনো সমস্যা দেখা দিলে এগুলো পান করা এড়িয়ে চলুন।,30.201760208999985,,574.0
অনেক সময় অর্থপেডিক হাড় ও জোড়া রোগ বিশেষজ্ঞ সার্জন নিউরোমেডিসিন ও নিউরোসার্জনের পরামর্শের প্রয়োজন হয়,কখনও কখনও অর্থোপেডিক হাড় এবং জয়েন্ট বিশেষজ্ঞ সার্জন নিউরোমেডিসিন এবং নিউরোসার্জনের পরামর্শ প্রয়োজন।,প্রায়ই হাড় ও জোড়ার রোগের বিশেষজ্ঞ অর্থোপেডিক সার্জনদের নিউরোলজিস্ট ও নিউরোসার্জনদের পরামর্শ নেওয়ার প্রয়োজন পড়ে।,49.81223104400033,,575.0
হাসপাতালের দীর্ঘ লাইনে মায়ের কাঁধে ভর করে দাঁড়িয়ে ছিলেন অন্তঃসত্ত্বা মেয়ে,এক গর্ভবতী মেয়ে মায়ের কাঁধে হাসপাতালে লম্বা লাইনে দাঁড়িয়ে।,হাসপাতালের লম্বা সারিতে গর্ভবতী মেয়েটি তার মায়ের কাঁধে ভর দিয়ে দাঁড়িয়ে ছিলেন।,26.54189371800021,,576.0
আর প্রতিদিন ৫০০১০০০ পা করে হাঁটা বৃদ্ধি করলে মৃত্যুহার উল্লেখযোগ্য হারে কমতে পারে,"এবং প্রতিদিন 5,001,000 ধাপ হাঁটা বৃদ্ধি উল্লেখযোগ্যভাবে মৃত্যুহার কমাতে পারে।","পাশাপাশি, দৈনিক হাঁটার মাত্রা ৫০০ থেকে ১০০০ পা পর্যন্ত বাড়িয়ে নিলে মৃত্যুহার অনেকটাই কমিয়ে আনা সম্ভব।",44.0582390590007,,577.0
পরে দ্বিতীয় দিন থেকে এক ডোজ করে দেওয়া হচ্ছে,"দ্বিতীয় দিন থেকে, একটি ডোজ পরে দেওয়া হয়।",পরবর্তীতে দ্বিতীয় দিন থেকে একটি করে ডোজ প্রদান করা হচ্ছে।,21.337550500999896,,578.0
"পেঁপে
পাকা পেঁপে ত্বককে সুন্দর রাখতে কতটা উপযোগী তা অনেকেরই অজানা",পেঁপে ত্বক সুন্দর রাখতে পাকা পেঁপে কতটা উপকারী তা অনেকেই জানেন না।,"ত্বকের সৌন্দর্য ধরে রাখতে পাকা পেঁপে কতটা কার্যকর, এই বিষয়টি বেশিরভাগ মানুষেরই জানা নেই।",32.66398730800029,,579.0
কোলনস্কোপি এক ধরনের অ্যান্ডোসকপিক পরীক্ষা যার মাধ্যমে কোলন বা বৃহদান্ত্রের যে কোনো ধরনের রোগ শনাক্ত করা হয়,কোলনোস্কোপি হল এক ধরনের এন্ডোস্কোপিক পরীক্ষা যার মাধ্যমে কোলন বা বৃহৎ অন্ত্রের যেকোনো রোগ শনাক্ত করা যায়।,"কোলনস্কোপি একটি এন্ডোস্কোপিক পদ্ধতি, যার সাহায্যে কোলন বা বৃহদান্ত্রের যেকোনো রোগ নির্ণয় করা সম্ভব।",35.769879260999915,,580.0
কারণ সে খাবার ঠান্ডা করতে ফ্রিজকে খুব বেশি শক্তি অপচয় হয়,কারণ রেফ্রিজারেটর খাবার ঠাণ্ডা করতে অনেক বেশি শক্তি অপচয় করে।,কারণ ফ্রিজে ওই খাবারটি ঠান্ডা করতে প্রচুর শক্তির অপব্যয় ঘটে।,27.05606379100027,,581.0
ডিম পুষ্টিগুণে সমৃদ্ধ স্বাস্থ্যের জন্য দারুন উপকারী,ডিম পুষ্টিগুণে ভরপুর এবং স্বাস্থ্যের জন্য দারুণ।,পুষ্টিগুণে ভরপুর ডিম স্বাস্থ্যের জন্য অত্যন্ত উপকারী।,26.59571749800034,,582.0
একটা হচ্ছে যারা হুবহু একই রকম দেখতে,একটি হচ্ছে তারা দেখতে হুবহু একই রকম।,একটি হলো যাদের চেহারা হুবহু এক।,31.580187891000605,,583.0
বুধবার দিবাগত রাত ১টায় ওয়ার্ল্ডওমিটার ওয়েবসাইট থেকে প্রাপ্ত তথ্য অনুযায়ী বিশ্বব্যাপী করোনাভাইরাসে আক্রান্ত রোগীর সংখ্যা ১৪ লাখ ৯৫ হাজার ৫৯৮ জন,"বুধবার দুপুর ১টায় ওয়ার্ল্ডোমিটারের ওয়েবসাইট থেকে প্রাপ্ত তথ্য অনুযায়ী, বিশ্বব্যাপী করোনাভাইরাসে আক্রান্ত রোগীর সংখ্যা ১৪ লাখ ৯৫ হাজার ৫৯৮ জন।","সারা বিশ্বে করোনাভাইরাসে আক্রান্ত রোগীর সংখ্যা ১৪ লাখ ৯৫ হাজার ৫৯৮ জনে গিয়ে দাঁড়িয়েছে, যা বুধবার দিবাগত রাত ১টায় ওয়ার্ল্ডওমিটার ওয়েবসাইটের তথ্য থেকে জানা গেছে।",40.47279548799997,,584.0
কিন্তু সবসময় মনে রাখতে হবে যে নিয়মিত ডাক্তারের কাছে আসতে হবে এবং ইনসুলিন নেয়াটা রেগুলার নিতে হবে,তবে সবসময় মনে রাখবেন নিয়মিত ডাক্তারের কাছে যেতে হবে এবং নিয়মিত ইনসুলিন নিতে হবে।,"তবে সর্বদা স্মরণ রাখা জরুরি যে, নিয়মিত চিকিৎসকের কাছে যেতে হবে এবং সময়মতো ইনসুলিন গ্রহণ করতে হবে।",37.23763804000009,,585.0
দানিয়ুব নদী দ্বারা এটিকে চিহ্নিত করা হতো,এটি দানিউব নদী দ্বারা চিহ্নিত করা হয়েছিল।,এটিকে দানিয়ুব নদীর মাধ্যমে চিহ্নিত করা হতো।,30.176699931000257,,586.0
অনেকেই সময় বাঁচাতে পার্লারে গিয়ে মেনিকিউরপেডিকিউর করেন,অনেকেই সময় বাঁচাতে ম্যানিকিউর এবং পেডিকিউর করতে পার্লারে যান।,সময় সাশ্রয়ের জন্য বহু মানুষ পার্লারে গিয়ে ম্যানিকিউর ও পেডিকিউর করিয়ে থাকেন।,26.81460602800053,,587.0
এই টিউমার ডিজেনারেটিভ ইনফেকশন অথবা সারকোমেটাজে পরিবর্তিত হয়ে থাকে,এই টিউমার প্রকৃতির অবক্ষয় বা সারকোমাটাসে পরিবর্তিত হয়।,ডিজেনারেটিভ ইনফেকশন কিংবা সারকোমায় এই টিউমারটির রূপান্তর ঘটে থাকে।,38.07554475400048,,588.0
৭ ডা আব্দুর রহিম সহযোগী অধ্যাপক ও বিভাগীয় প্রধান লিভার বিভাগ আব্দুল মালেক উকিল মেডিকেল কলেজ নোয়াখালী ফোন ০১৭১২১৪৪৩৫৮ শুক্রবার বিকাল ০৩টা  ০৪টা,7 ডাঃ আব্দুর রহিম সহযোগী অধ্যাপক ও লিভার বিভাগের বিভাগীয় প্রধান আব্দুল মালেক উকিল মেডিকেল কলেজ নোয়াখালী ফোন 01712144358 শুক্রবার 03:00 04:00,৭. নোয়াখালীস্থ আব্দুল মালেক উকিল মেডিকেল কলেজের লিভার বিভাগের বিভাগীয় প্রধান ও সহযোগী অধ্যাপক ডা. আব্দুর রহিমের ফোন নম্বর ০১৭১২১৪৪৩৫৮; তিনি শুক্রবার বিকাল ০৩টা থেকে ০৪টা পর্যন্ত রোগী দেখেন।,50.089736064000135,,589.0
সম্ভব হলে একাধিকবার পানির ঝাপটা নিন বা গোসল করুন,"যদি সম্ভব হয়, একাধিক ঝরনা বা গোসল করুন।",সুযোগ থাকলে বারবার গায়ে পানি ছিটিয়ে দিন অথবা স্নান করে নিন।,32.585325082000054,,590.0
জানা যায় হাসপাতালে উৎপাদিত বর্জ্যরে ৮০ শতাংশ সাধারণ এবং ২০ শতাংশ ক্ষতিকারক,"জানা গেছে, হাসপাতালগুলোতে উৎপাদিত বর্জ্যের ৮০ শতাংশই সাধারণ এবং ২০ শতাংশ ক্ষতিকর।",হাসপাতাল থেকে উৎপন্ন বর্জ্যের ৮০ শতাংশ সাধারণ এবং বাকি ২০ শতাংশ ক্ষতিকর বলে জানা গেছে।,35.28985020299933,,591.0
নির্দিষ্ট কিছু ওষুধ সেবনের ফলেও কেউ কেউ বিষণ্নতায় আক্রান্ত হয়,কিছু ওষুধ কিছু লোকের মধ্যে বিষণ্নতা সৃষ্টি করে।,কিছু বিশেষ ওষুধ খাওয়ার কারণেও কারও কারও বিষণ্নতা দেখা দেয়।,36.92877816199962,,592.0
কেনাকাটা জনসমাবেশ ভ্রমণের সময় বা যেকোনো ভিড়ের মধ্যে মাস্ক পরুন,"কেনাকাটা, ভ্রমণ বা যেকোনো ভিড়ের সময় মাস্ক পরুন।","কেনাকাটা, জনসমাগম, ভ্রমণ কিংবা যেকোনো জনাকীর্ণ স্থানে অবস্থানকালীন অবশ্যই মাস্ক পরিধান করুন।",33.207973789999414,,593.0
 অনেকে বেশ পছন্দও করেন দারুণ স্বাদের সজনে,অনেকে আবার দারুণ স্বাদও পছন্দ করেন।,সুস্বাদু সজনে অনেকেরই খুব প্রিয়।,26.389957508000407,,594.0
 সারা বিশ্বে এই প্রথম ভারতীয় প্রতিষ্ঠান ভারত বায়োটেক চালু করল কোভিডের ইন্ট্রানাসাল ভ্যাকসিন অর্থাৎ নাক দিয়ে নেওয়ার টিকা,ভারত বায়োটেক হল বিশ্বের প্রথম ভারতীয় কোম্পানি যারা কোভিডের জন্য একটি ইন্ট্রানাসাল ভ্যাকসিন চালু করেছে।,বিশ্বের ইতিহাসে প্রথমবারের মতো ভারতীয় সংস্থা ভারত বায়োটেক নাকের মাধ্যমে প্রয়োগযোগ্য কোভিড টিকা বা ইন্ট্রানাসাল ভ্যাকসিন বাজারে চালু করল।,34.17615024600036,,595.0
শাকসবজি তাজা ফলমূল স্বাভাবিক পরিমাণে খেতে পারবেন,আপনি স্বাভাবিক পরিমাণে তাজা ফল এবং সবজি খেতে পারেন।,তাজা ফলমূল ও শাকসবজি স্বাভাবিক মাত্রায় সেবন করতে পারবেন।,28.917813629999728,,596.0
 সঙ্গে মধু আর লেবু মিশিয়ে নিতে পারেন,এর সাথে মধু ও লেবু মিশিয়ে নিতে পারেন।,মধু এবং লেবু এর সাথে মিশিয়ে নিতে পারেন।,37.88226736300021,,597.0
অনিয়ন্ত্রিত উচ্চ রক্তচাপও ৫০ ভাগ স্ট্রোকের ঝুঁকি বাড়ায়,অনিয়ন্ত্রিত উচ্চ রক্তচাপও স্ট্রোকের ঝুঁকি 50% বাড়িয়ে দেয়।,উচ্চ রক্তচাপ নিয়ন্ত্রণে না থাকলে স্ট্রোকের আশঙ্কাও ৫০ শতাংশ বৃদ্ধি পায়।,33.66689606399996,,598.0
তাই মেলাসমার বেড়ে যাওয়ার সম্ভাবনা বৃদ্ধি করে,তাই মেলাসমা হওয়ার সম্ভাবনা বেড়ে যায়।,এ কারণে মেলাসমার বৃদ্ধি পাওয়ার সম্ভাবনা আরও বেড়ে যায়।,41.287756165000246,,599.0
রসালো ফলটি শুধু পুষ্টিকরই নয় সুস্বাদুও,রসালো ফলটি শুধু পুষ্টিকর নয় সুস্বাদুও বটে।,"রসালো ফলটি যেমন পুষ্টিকর, তেমনি সুস্বাদুও।",35.76768511200044,,600.0
আমাদের দেশে যার মূল কারণ শর্করাজাতীয় খাদ্য বেশি খাওয়া,আমাদের দেশে এর প্রধান কারণ বেশি চিনিযুক্ত খাবার খাওয়া।,আমাদের দেশে যার মূলে রয়েছে অতিরিক্ত শর্করাযুক্ত খাদ্য সেবন।,41.4053346009996,,601.0
এই সিদ্ধান্তসমূহের দীর্ঘমেয়াদী ফলাফলও আমাদের মাথায় রাখতে হবে,এসব সিদ্ধান্তের দীর্ঘমেয়াদী পরিণতির কথাও আমাদের মাথায় রাখতে হবে।,এই সিদ্ধান্তগুলোর দীর্ঘমেয়াদী পরিণতিও আমাদের বিবেচনায় আনতে হবে।,28.541945659999328,,602.0
পরিস্থিতি যদি অস্বাভাবিক হয় শিশুদের সামনে বিষয়গুলো নিয়ে কথা না বলাই ভালো,পরিস্থিতি অস্বাভাবিক হলে শিশুদের সামনে বিষয়গুলো নিয়ে আলোচনা না করাই ভালো।,"পরিস্থিতি যদি স্বাভাবিক না থাকে, তবে ছোটদের সামনে এসব প্রসঙ্গ নিয়ে আলোচনা না করাই শ্রেয়।",22.868539846000203,,603.0
এতে তিনি গিনেস ওয়ার্ল্ড বুকে নিজের আগের ৩২ হাজার বিগ ম্যাক খাওয়ার রেকর্ড ভেঙে এবার ৩৪ হাজার বার্গার খাওয়ার রেকর্ড গড়েছেন,"এতে তিনি ৩২,০০০ বিগ ম্যাক খাওয়ার তার আগের গিনেস ওয়ার্ল্ড রেকর্ড ভেঙেছেন এবং ৩৪,০০০ বার্গার খাওয়ার নতুন রেকর্ড গড়েছেন।",গিনেস ওয়ার্ল্ড বুকে তিনি ৩৪ হাজার বার্গার খেয়ে নিজের পূর্ববর্তী ৩২ হাজার বিগ ম্যাক খাওয়ার রেকর্ড ভেঙে নতুন রেকর্ড গড়ে তুলেছেন।,49.94173835099991,,604.0
বেল যদি মিষ্টি না হয় তখন প্রয়োজনে চিনির বিকল্প উপাদান মিছরি যষ্টিমধু খেজুরের পাউডার গুড় ইত্যাদি দিয়ে শরবত তৈরি করা যেতে পারে,"পান মিষ্টি না হলে চিনির বিকল্প যেমন মিছরি, গুড়, খেজুরের গুঁড়া ইত্যাদি দিয়ে সিরাপ তৈরি করা যেতে পারে।","বেলের ফলটি যদি মিষ্টি না হয়, তবে প্রয়োজনবশত চিনির পরিবর্তে মিছরি, যষ্টিমধু, খেজুরের গুঁড়ো, গুড় ইত্যাদি বিকল্প উপাদান ব্যবহার করে শরবত প্রস্তুত করা সম্ভব।",37.652658697000334,,605.0
এটি সার্সকোভ১ এ ছিল না তবে সার্সকোভ২ এ আছে,"এটি সারসকভ 1 তে নয়, সারসকভ 2 এ ছিল।",সার্সকোভ-১-এ এটি অনুপস্থিত থাকলেও সার্সকোভ-২-এ তা বিদ্যমান।,35.48419196500072,,606.0
 দিনে কিছুটা সময় ব্যায়াম করলে এবং ডায়েট থেকে ফ্যাট যুক্ত খাবার বাদ দিয়ে দিলেই দেহে মেদের বহর কমতে বাধ্য,দিনে কিছু সময় ব্যায়াম করা এবং খাবার থেকে চর্বিজাতীয় খাবার বাদ দিলে শরীরের মেদ কমতে বাধ্য।,প্রতিদিন কিছুক্ষণ শরীরচর্চা করলে এবং খাদ্যতালিকা থেকে চর্বিযুক্ত খাবার বর্জন করলে শরীরের মেদ কমে যাওয়া অবধারিত।,25.111815807000312,,607.0
এটি সাধারণত রক্তের মাধ্যমে ছড়ায়,এটি সাধারণত রক্তের মাধ্যমে ছড়িয়ে পড়ে।,এটি মূলত রক্তের মাধ্যমে বিস্তার লাভ করে।,38.93454887799999,,608.0
কাপড়ের পাশাপাশি সার্জিক্যাল মাস্ক পরার হারও অনেক বেশি,কাপড়ের পাশাপাশি সার্জিক্যাল মাস্ক পরার হারও অনেক বেশি।,কাপড়ের মাস্কের পাশাপাশি সার্জিক্যাল মাস্ক ব্যবহারের প্রবণতাও অত্যন্ত বেশি।,34.95944728500035,,609.0
কিন্তু উচ্চ রক্তচাপের রোগী ভাবেন তাঁর স্যালাইন খাওয়া নিষেধ,কিন্তু উচ্চ রক্তচাপের রোগী মনে করেন তার স্যালাইন পান করা উচিত নয়।,"তবে উচ্চ রক্তচাপে আক্রান্ত রোগীরা মনে করেন, তাদের স্যালাইন পান করা নিষিদ্ধ।",36.35570493900013,,610.0
তবে আড্ডা গানের সঙ্গে এই বৃষ্টির দিনে এমন কিছু খাবার থাকা চাইইচাই যা ঝুম বৃষ্টির দিনে আপনার আনন্দ এবং অনুভূতি আরও বাড়িয়ে দিবে,"তবে আড্ডা গানের পাশাপাশি, এই বৃষ্টির দিনে আমি কিছু খাবার চাই যা এই বৃষ্টির দিনে আপনার আনন্দ এবং অনুভূতি বাড়িয়ে তুলবে।","বৃষ্টির এই দিনে আড্ডা ও গানের পাশাপাশি এমন কিছু খাবার থাকা একান্ত আবশ্যক, যা মুষলধারে বৃষ্টিতে আপনার আনন্দ ও অনুভূতির মাত্রা আরও বাড়িয়ে দেবে।",36.93583261200001,,611.0
তরমুজ বেল এ ধরনের রসালো ফলমূল এবং শসা টমেটো ইত্যাদি পানিযুক্ত সবজিও শরীরের পানিশূন্যতা পূরণ করবে,তরমুজের বেলের মতো রসালো ফল এবং শসা টমেটোর মতো জলযুক্ত সবজিও শরীরে পানিশূন্যতা পূরণ করবে।,"তরমুজ ও বেলের মতো রসালো ফলমূলের পাশাপাশি শসা, টমেটো প্রভৃতি জলসমৃদ্ধ শাকসবজিও শরীরের পানির ঘাটতি মেটাবে।",40.856366877000255,,612.0
এডিস মশা সাধারণত গৃহস্থালির পরিষ্কার পানিতে জন্মে থাকে যেমনফ্রিজে জমে থাকা পানি এসিতে জমে থাকা পানি ফুলের টব গাড়ির টায়ার বা ডাবের খোলে বৃষ্টির জমে থাকা পানি,"এডিস মশা সাধারণত বাড়ির পরিষ্কার জল যেমন ফ্রিজের জল, এসি জল, ফুলের টব, গাড়ির টায়ার বা ক্যানের বৃষ্টির জলে বংশবৃদ্ধি করে৷","ঘরের আশেপাশের পরিষ্কার ও স্থির পানিতেই সাধারণত এডিস মশার জন্ম হয়, যেমন- ফ্রিজ, এসি, ফুলের টব, গাড়ির টায়ার এবং ডাবের খোলায় জমে থাকা বৃষ্টির পানি।",43.82760009199956,,613.0
স্বাভাবিক তাপমাত্রার বা ঠান্ডার সঙ্গে স্বাভাবিক পানি মিশিয়ে পান করুন,সাধারন তাপমাত্রা বা ঠাণ্ডা মিশ্রিত পানি পান করুন।,কক্ষ তাপমাত্রার অথবা ঠান্ডা সাধারণ পানির সাথে মিশিয়ে সেবন করুন।,38.376514726000096,,614.0
দেখবেন দিনের বেলা খুব ভোরে তাপমাত্রা বেশ কম পড়ে,আপনি দেখতে পাবেন যে ভোরে দিনের বেলা তাপমাত্রা বেশ কমে যায়।,"আপনি লক্ষ্য করবেন, দিনের একদম শুরুতে অর্থাৎ ভোরের বেলায় তাপমাত্রা যথেষ্ট কমে যায়।",31.99225821099936,,615.0
এবারের প্রতিপাদ্য আসুন একসাথে হাত ধরি গ্লুকোমামুক্ত পৃথিবী গড়ি,"এবারের প্রতিপাদ্য হল ""আসুন একসাথে হাত মিলিয়ে গ্লুকোমা মুক্ত পৃথিবী গড়ি।""","চলতি বছরের মূল প্রতিপাদ্য হলো, সকলে একত্রিত হয়ে একটি গ্লুকোমামুক্ত বিশ্ব গড়ে তুলি।",23.257461215999683,,616.0
যখন এই ভাইরাসের গতিবিধি বুঝতে পারা গেলো তখন থেকেই আন্তর্জাতিক স্বাস্থ্য সংস্থা who এবং আমাদের সরকার এর দেওয়া স্বাস্থ্যবিধি মেনে আমরা হাসপাতাল এবং চেম্বারে রোগী দেখা চালিয়ে গেলাম,"যেহেতু এই ভাইরাসের গতিবিধি বোঝা গিয়েছিল, আমরা WHO এবং আমাদের সরকারের দেওয়া স্বাস্থ্যবিধি নির্দেশিকা অনুসরণ করে হাসপাতাল এবং চেম্বারে রোগীদের দেখতে থাকি।","এই ভাইরাসের আচরণ সম্পর্কে স্পষ্ট ধারণা পাওয়ার পর থেকেই, বিশ্ব স্বাস্থ্য সংস্থা ও আমাদের সরকারের প্রদত্ত স্বাস্থ্যবিধি অনুসরণ করে আমরা হাসপাতাল ও চেম্বারে রোগী দেখার কাজ অব্যাহত রেখেছিলাম।",34.328739491000306,,617.0
এটি নানা রকম গবেষণায় প্রমাণিত,এটি বিভিন্ন গবেষণায় প্রমাণিত হয়েছে।,বিভিন্ন গবেষণার মাধ্যমে এটি প্রমাণিত হয়েছে।,31.145251222000297,,618.0
বার্নিং মাউথ সিনড্রোম মুখের ভেতরে একটি জ্বলন্ত অনুভূতি যা অনিয়ন্ত্রিত ডায়াবেটিসে রক্তে গ্লুকোজের মাত্রার কারণে হয়ে থাকে,বার্নিং মাউথ সিনড্রোম হল অনিয়ন্ত্রিত ডায়াবেটিসে রক্তে গ্লুকোজের উচ্চ মাত্রার কারণে মুখের ভিতরে জ্বলন্ত সংবেদন।,"অনিয়ন্ত্রিত ডায়াবেটিসে রক্তে গ্লুকোজের মাত্রার কারণে মুখের অভ্যন্তরে যে জ্বালাপোড়া অনুভূতি হয়, তাকে বার্নিং মাউথ সিনড্রোম বলা হয়।",35.77860146900002,,619.0
যেমন যাদের বয়স ৩ মাসের কম অপরিণত বা প্রিম্যাচিওর বেবি জন্ম ওজন কম এবং যেসব শিশুর হৃদপিণ্ডের জন্মগত ত্রুটি আছে,"উদাহরণস্বরূপ, যাদের বয়স 3 মাসের কম তারা অপরিণত বা অপরিণত শিশু যাদের জন্ম ওজন কম এবং জন্মগত হার্টের ত্রুটিযুক্ত শিশু।","উদাহরণস্বরূপ, তিন মাসের কম বয়সী শিশু, অসময়ে জন্ম নেওয়া বা কম ওজনের নবজাতক, এবং জন্মগত হৃদপিণ্ডের ত্রুটি রয়েছে এমন শিশুরা।",31.062290206999933,,620.0
সাধারণভাবে কেটে যাওয়া ছিঁড়ে যাওয়া বা প্রাণীর আঁচড় বা কামড়ানো এড়িয়ে চলবেন,সাধারণ কাটা এবং ক্ষত বা পশুর আঁচড় বা কামড় এড়িয়ে চলুন।,"সাধারণত কাটা, ছেঁড়া অথবা জন্তুর আঁচড় ও কামড় থেকে দূরে থাকবেন।",34.34106043099928,,621.0
 ব্যায়াম নিয়মিত শারীরিক ব্যায়াম করা দরকার,ব্যায়াম নিয়মিত শারীরিক ব্যায়াম প্রয়োজন।,নিয়মিত শরীরচর্চা করা একান্ত প্রয়োজন।,30.92763427800037,,622.0
আর কাওয়াসাকি রোগ তাদের মধ্যকারই একটি ব্যাধি,আর কাওয়াসাকি রোগ তার মধ্যে অন্যতম।,এছাড়াও কাওয়াসাকি রোগটি তাদের অন্তর্গত একটি ব্যাধি।,34.816186199000185,,623.0
এবার পরিমাণমতো পানি দিয়ে মিশিয়ে বরফ কুচি দিয়ে পরিবেশন করুন,পর্যাপ্ত পানি মিশিয়ে বরফ কুচি দিয়ে পরিবেশন করুন।,এরপর যথাযথ পরিমাণে পানি মিশিয়ে তাতে বরফকুচি যোগ করে পরিবেশন করুন।,31.176007175999985,,624.0
অ্যালকোহল সেবনকালে ডাক্তারের পরামর্শ ছাড়া কোনো ব্যথানাশক ওষুধ সেবন করা ঠিক নয়,অ্যালকোহল পান করার সময় ডাক্তারের পরামর্শ ছাড়া কোনো ব্যথানাশক ওষুধ খাওয়া ঠিক নয়।,অ্যালকোহল পান করার সময় চিকিৎসকের পরামর্শ ব্যতীত কোনো ব্যথানাশক ঔষধ গ্রহণ করা উচিত নয়।,28.326412940999944,,625.0
এরও কোনো বৈজ্ঞানিক ভিত্তি নেই,এরও কোনো বৈজ্ঞানিক ভিত্তি নেই।,এর পেছনেও বৈজ্ঞানিক কোনো ভিত্তি নেই।,47.14974979100043,,626.0
লে কর্নেল ডা নাসির উদ্দিন আহমদ মেডিসিন বিশেষজ্ঞ সিএমএইচ ঢাকা,লেঃ কর্নেল ডাঃ নাসির উদ্দিন আহমেদ মেডিসিন বিশেষজ্ঞ সিএমএইচ ঢাকা,ঢাকার সিএমএইচ-এ কর্মরত মেডিসিন বিশেষজ্ঞ লেফটেন্যান্ট কর্নেল ডা. নাসির উদ্দিন আহমদ।,32.445562218000305,,627.0
ককলিয়ার ইমপ্ল্যান্টের সফলতার হার অনেক বেশি,কক্লিয়ার ইমপ্লান্টের সাফল্যের হার অনেক বেশি।,ককলিয়ার ইমপ্ল্যান্টের ক্ষেত্রে সফলতার মাত্রা অত্যন্ত উচ্চ।,25.662408759000755,,628.0
তাছাড়া আগের উপসর্গ গুলি আরও একটু বাড়তে পারে,"তাছাড়া, আগের উপসর্গগুলি আরও খারাপ হতে পারে।","এছাড়াও, পূর্ববর্তী উপসর্গগুলোর তীব্রতা সামান্য বৃদ্ধি পেতে পারে।",25.805760375999853,,629.0
 পুরো শরীর ব্যথা এবং গিঁটে ব্যথা,সারা শরীরে ব্যথা এবং জয়েন্টে ব্যথা।,শরীরের সর্বত্র এবং হাড়ের জোড়ায় ব্যথা অনুভূত হচ্ছে।,31.22925500400015,,630.0
পর্যাপ্ত ও স্বাস্থ্যকর নাস্তা আপনার দৈহিক ওজন বজায় রাখতে সাহায্য করে,পর্যাপ্ত এবং স্বাস্থ্যকর সকালের নাস্তা আপনার শরীরের ওজন ঠিক রাখতে সাহায্য করে।,পর্যাপ্ত ও পুষ্টিকর সকালের খাবার আপনার শরীরের ওজন নিয়ন্ত্রণে রাখতে সহায়তা করে।,31.21150419999958,,631.0
এ ছাড়া ডায়াবেটিস উচ্চ রক্তচাপ টেম্পোরাল আর্টারাইটিস ও মাল্টিপল স্কেরোসিসেও অপটিক নার্ভ ক্ষতিগ্রস্ত হয়ে থাকে,"এছাড়া ডায়াবেটিস, উচ্চ রক্তচাপ, টেম্পোরাল আর্টারাইটিস এবং মাল্টিপল স্ক্লেরোসিসেও অপটিক নার্ভ ক্ষতিগ্রস্ত হতে পারে।","এছাড়াও ডায়াবেটিস, উচ্চ রক্তচাপ, টেম্পোরাল আর্টারাইটিস ও মাল্টিপল স্কেরোসিস রোগেও অপটিক নার্ভের ক্ষতি সাধিত হয়।",37.27970318299958,,632.0
ডা মো আবুল কালাম আজাদ সহকারী অধ্যাপক ফ্যাকো ও গ্লুকোমা সার্জন নির্বাহী পরিচালক ও পরামর্শক বাংলাদেশ আই হাসপাতাল মিরপুর ২ ঢাকা,ডাঃ আবুল কালাম আজাদ সহকারী অধ্যাপক ফাকো এবং গ্লুকোমা সার্জন নির্বাহী পরিচালক এবং কনসালটেন্ট বাংলাদেশ চক্ষু হাসপাতাল মিরপুর 2 ঢাকা,ঢাকার মিরপুর ২-এ অবস্থিত বাংলাদেশ আই হাসপাতালের নির্বাহী পরিচালক ও পরামর্শক ডা. মো. আবুল কালাম আজাদ একজন সহকারী অধ্যাপক এবং ফ্যাকো ও গ্লুকোমা সার্জন।,28.136318716999995,,633.0
যে কারণে পাকস্থলীতে ক্যান্সার হয় তার মধ্যে উল্লেখযোগ্য হচ্ছে,যেসব কারণে পাকস্থলীর ক্যান্সার হয় তার মধ্যে উল্লেখযোগ্য।,পাকস্থলীতে ক্যান্সার হওয়ার উল্লেখযোগ্য কারণগুলোর মধ্যে রয়েছে,23.12843122800041,,634.0
 আপনার রোগের ধরন এবং নিরাময় সম্পর্কে জানার চেষ্টা করুন,আপনার রোগের ধরন এবং প্রতিকার সম্পর্কে জানার চেষ্টা করুন।,আপনার রোগের প্রকৃতি ও তার চিকিৎসা সম্পর্কে জেনে নেওয়ার চেষ্টা করুন।,40.11278299600053,,635.0
যারা বেসরকারিতে পড়বে তারা টাকা দিয়েই পড়বে যেখাতে খুশি সেখানেই পড়বে,যারা প্রাইভেট স্কুলে পড়ে তারা তাদের পড়াশুনার খরচ দেবে এবং তারা যে কোন ক্ষেত্রে পড়তে চায়।,"বেসরকারি প্রতিষ্ঠানে পড়াশোনা করতে হলে অবশ্যই অর্থ ব্যয় করতে হবে, তবে তারা ইচ্ছামতো যেকোনো জায়গায় পড়ার সুযোগ পাবে।",35.38287829300043,,636.0
একটু সচেতন থাকলেই আমরা এসব থেকে দীর্ঘমেয়াদি কিডনি রোগ প্রতিরোধ করতে পারি,আমরা একটু সচেতন হলেই এগুলো থেকে দীর্ঘমেয়াদি কিডনি রোগ প্রতিরোধ করতে পারি।,সামান্য সতর্কতা অবলম্বন করলেই আমরা এই সব কারণ থেকে দীর্ঘস্থায়ী বৃক্ক রোগ রোধ করতে পারি।,35.32885912600068,,637.0
পাঁচ থেকে সাত মিনিট অপেক্ষা করে ময়েশ্চারাইজার লাগিয়ে ফেলুন,পাঁচ থেকে সাত মিনিট অপেক্ষা করুন এবং তারপরে ময়েশ্চারাইজার লাগান।,পাঁচ থেকে সাত মিনিট অপেক্ষা করার পর ময়েশ্চারাইজার ব্যবহার করুন।,23.91727955399984,,638.0
অন্যভাবেও চোখের আঘাতকে বর্ণনা করা যায়,চোখের আঘাত বর্ণনা করার আরেকটি উপায় হল দ্বারা,চোখের আঘাতের বর্ণনা ভিন্ন উপায়েও দেওয়া সম্ভব।,24.963428997999472,,639.0
কখনো কখনো অত্যধিক ব্যথা হয়,কখনও কখনও ব্যথা খুব বেশি হয়।,মাঝে মাঝে তীব্র যন্ত্রণা অনুভূত হয়।,17.71723284000018,,640.0
ঝুঁকির কারণগুলো  নির্দিষ্ট কিছু ঝুঁকির কারণ PPCMএর সম্ভাবনা বাড়াতে পারে,ঝুঁকির কারণ কিছু ঝুঁকিপূর্ণ কারণ PPCM এর সম্ভাবনা বাড়িয়ে দিতে পারে।,PPCM হওয়ার সম্ভাবনা কিছু নির্দিষ্ট ঝুঁকির কারণে বৃদ্ধি পেতে পারে।,26.19441268100036,,641.0
তার মধ্যে অনেক মেশিন অকার্যকর অবস্থায় রয়েছে,এর মধ্যে অনেক মেশিন অকেজো।,সেগুলোর মধ্যে বেশ কিছু যন্ত্র অচল অবস্থায় পড়ে আছে।,27.1488015369996,,642.0
হাড়ের ক্ষয় রোধ করে জলপাই তেল,অলিভ অয়েল হাড়ের ক্ষয় রোধ করে,জলপাই তেল হাড়কে ক্ষয় থেকে রক্ষা করে।,34.32942556600028,,643.0
তিনি বলেন প্রতিদিন সকালে নাস্তার পরে ও রাতে ঘুমানোর আগে দাঁত ব্রাশ করতে হবে,"তিনি বলেন, প্রতিদিন সকালে নাস্তার পর এবং রাতে ঘুমানোর আগে দাঁত ব্রাশ করা উচিত।","তিনি জানান, প্রতিদিন সকালের নাস্তা শেষে এবং রাতে ঘুমানোর পূর্বে দাঁত মাজা আবশ্যক।",33.96955468999931,,644.0
মুখত্বকে রক্ত সঞ্চালন বাড়ানো থেকে ত্বকের কোলাজেন উৎপাদন সব ক্ষেত্রে কার্যকরী,ত্বকে রক্ত ​​সঞ্চালন বাড়ানো থেকে শুরু করে কোলাজেন উৎপাদন সবকিছুতেই কার্যকর,ত্বকে রক্ত সঞ্চালন বৃদ্ধি থেকে শুরু করে কোলাজেন উৎপাদন পর্যন্ত সকল ক্ষেত্রেই এটি অত্যন্ত ফলপ্রসূ।,39.39022630399995,,645.0
২০১৭ সাল থেকে যক্ষ্মা চিকিৎসার প্রথম সারির ওষুধ সম্পূর্ণ সরকারি অর্থায়নে ক্রয় ও সরবরাহ করছে,"2017 সাল থেকে, টিবি চিকিত্সার জন্য প্রথম সারির ওষুধগুলি সম্পূর্ণ সরকারি অর্থায়নে সংগ্রহ এবং সরবরাহ করা হয়েছে।",২০১৭ সাল থেকে যক্ষ্মা চিকিৎসার প্রথম ধাপের ঔষধগুলো পুরোপুরি সরকারি তহবিল থেকে ক্রয় ও বিতরণ করা হচ্ছে।,30.58762561599997,,646.0
কোনো কারণে যদি সিক্রেশন বন্ধ হয়ে যায় অথবা সিক্রেশন হচ্ছে কিন্তু পানিটাকে ধরে রাখতে পারছে না শুকিয়ে যাচ্ছে,কোনো কারণে নিঃসরণ বন্ধ হয়ে গেলে বা নিঃসরণ ঘটছে কিন্তু পানি ধরে রাখতে না পারলে তা শুকিয়ে যায়।,যদি কোনো কারণে নিঃসরণ প্রক্রিয়া বন্ধ হয়ে যায় অথবা নিঃসরণ হওয়া সত্ত্বেও আর্দ্রতা ধরে রাখতে ব্যর্থ হয়ে শুকিয়ে যায়,34.3684495309999,,647.0
উপুড় করে শোয়াতে সমস্যা হলে ডান বা বাঁ পাশে কাত করে শোয়াতে হবে,যদি আপনার পিঠে ঘুমাতে সমস্যা হয় তবে আপনার ডান বা বাম দিকে ঘুমানো উচিত।,উপুড় করে শুইয়ে দিতে অসুবিধা হলে তাকে ডান অথবা বাম দিকে কাত করে শুইয়ে দিতে হবে।,23.271009568999943,,648.0
এতে চিকিৎসার নাগাল পেতে যে সময় লাগছে তার আগেই ক্যান্সার ছড়িয়ে যাচ্ছে ভুক্তভোগীর পুরো শরীরে,এভাবে চিকিৎসায় পৌঁছার আগেই ক্যান্সার আক্রান্ত ব্যক্তির সারা শরীরে ছড়িয়ে পড়ে।,"চিকিৎসা সেবার আওতায় আসতে যতটা সময় লেগে যাচ্ছে, ঠিক তার আগেই রোগীর সারা দেহে ক্যান্সার ছড়িয়ে পড়ছে।",25.96587031299987,,649.0
এই গ্রন্থির কাজ হল আমাদের শরীরের কিছু অত্যাবশ্যকীয় হরমোন থাইরয়েড হরমোন উৎপাদন করা,এই গ্রন্থির কাজ হল আমাদের শরীরের কিছু প্রয়োজনীয় হরমোন তৈরি করা যাকে থাইরয়েড হরমোন বলা হয়।,আমাদের দেহের অত্যাবশ্যকীয় থাইরয়েড হরমোন উৎপাদন করাই এই গ্রন্থির মূল কাজ।,41.73482490799961,,650.0
মধ্যম  খেতে গেলে শ্বাসকষ্ট হয় বুকের নিচের অংশ ডেবে যায় এবং অক্সিজেন মাত্রা ৯২ শতাংশের নিচে থাকে তবে অক্সিজেন দিলে তা স্বাভাবিক হয়ে আসে,"পরিমিত গ্রহণের ফলে শ্বাসকষ্ট হয়, বুকের আঁটসাঁটতা কম হয় এবং অক্সিজেনের মাত্রা 92% এর নিচে, কিন্তু অক্সিজেন দিয়ে স্বাভাবিক করা হয়।","মাঝারি পরিশ্রমের সময় শ্বাসকষ্ট দেখা দেয়, বুকের নিচের অংশ ভেতরের দিকে বসে যায় এবং রক্তে অক্সিজেনের মাত্রা ৯২ শতাংশের নিচে নেমে যায়, তবে অক্সিজেন প্রয়োগ করলে তা পুনরায় স্বাভাবিক হয়ে আসে।",42.00398246900022,,651.0
এই সকল ক্যালসিয়াম সমৃদ্ধ খাবারগুলো যদি মা খেলে শিশু যদি ১০০ মিলি দুধ পায় তার মধ্যে ৩০ মিলি ক্যালসিয়াম মায়ের বুকের দুধ থেকে পায়,মা যদি এই সমস্ত ক্যালসিয়াম সমৃদ্ধ খাবার খান তবে শিশু মায়ের বুকের দুধ থেকে 100 মিলি দুধের মধ্যে 30 মিলি ক্যালসিয়াম পায়।,"মা যদি ক্যালসিয়ামে ভরপুর এই খাবারগুলো গ্রহণ করেন, তবে শিশু ১০০ মিলি দুধ পান করলে তার মধ্যে ৩০ মিলি ক্যালসিয়াম সে মায়ের স্তন্য থেকেই পেয়ে থাকে।",44.12269453499994,,652.0
নতুন ভ্যাকসিন তৈরিতে করোনাভাইরাসের জেনেটিক উপাদান নেয়া হয়েছে,করোনাভাইরাসের জেনেটিক উপাদান ব্যবহার করা হয়েছে নতুন ভ্যাকসিন তৈরিতে।,নতুন টিকা প্রস্তুত করার জন্য করোনাভাইরাসের জিনগত উপাদান ব্যবহার করা হয়েছে।,27.687553266000577,,653.0
এর মাধ্যমে খুব সহজে অল্প সময়ে বেশি পানি বিশুদ্ধ করা যায়,এটি আপনাকে অল্প সময়ের মধ্যে আরও জল বিশুদ্ধ করতে দেয়।,এই পদ্ধতিতে অতি দ্রুত ও সহজেই বিপুল পরিমাণ পানি পরিশোধন করা সম্ভব।,22.38425449199985,,654.0
ডেঙ্গুতে অন্য র্যাশ হতে পারে সেগুলো টিপিক্যাল নয়,ডেঙ্গু অন্যান্য ফুসকুড়ি হতে পারে যা সাধারণ নয়।,"ডেঙ্গু জ্বরে প্রচলিত র‍্যাশের বাইরেও অন্য কিছু র‍্যাশ দেখা দিতে পারে, তবে সেগুলো টিপিক্যাল নয়।",34.41277632600031,,655.0
কিছু কিছু খাদ্যপানীয় আমরা কোনো হিসাব না করেই খাই,কিছু খাবার ও পানীয় আমরা কোনো হিসাব ছাড়াই খেয়ে থাকি।,কোনো হিসাব না রেখেই আমরা কিছু কিছু খাবার ও পানীয় গ্রহণ করে থাকি।,28.29299880000053,,656.0
"কমলা খাওয়ার পর, অনেকেই খোসা ফেলে দেন",কমলালেবু খাওয়ার পর অনেকেই খোসা ফেলে দেন।,কমলা খাওয়া শেষে বহু মানুষ এর খোসা ফেলে দেন।,27.768204336000053,,657.0
আবার টমেটো ক্যাপসিকাম ব্রকলি লেটুসপাতা ইত্যাদিতে ভিটামিন সি আছে,"টমেটো, ক্যাপসিকাম, ব্রকলি, লেটুস ইত্যাদিতে ভিটামিন সি থাকে","এছাড়া টমেটো, ক্যাপসিকাম, ব্রকলি এবং লেটুস পাতা প্রভৃতিতে ভিটামিন সি পাওয়া যায়।",35.00965075899967,,658.0
এ মশা অন্য কাউকে কামড়ালে তখন তার রক্তে ম্যালেরিয়া জীবাণু ছড়ায় এবং তিনি ম্যালেরিয়ায় আক্রান্ত হন,এই মশা অন্য কাউকে কামড়ালে তার রক্তে ম্যালেরিয়ার জীবাণু ছড়িয়ে পড়ে এবং সে ম্যালেরিয়ায় আক্রান্ত হয়।,"এই মশাটি অন্য কাউকে দংশন করলে তার রক্তে ম্যালেরিয়ার জীবাণু ছড়িয়ে পড়ে, যার ফলে তিনি ম্যালেরিয়া রোগে আক্রান্ত হন।",20.95582755600026,,659.0
 সালাদ ও কাঁচা খাবারে ব্যাকটেরিয়া ও প্যাথোজন থাকতে পারে তাই রান্না করে খাওয়া উচিত,"সালাদ এবং কাঁচা খাবারে ব্যাকটেরিয়া এবং প্যাথোজেন থাকতে পারে, তাই সেগুলি খাওয়ার আগে রান্না করা উচিত।","কাঁচা খাবার ও সালাদে জীবাণু এবং রোগজীবাণু থাকার সম্ভাবনা থাকে, তাই এগুলো রান্না করে খাওয়াই শ্রেয়।",35.47678956300024,,660.0
 অন্যদিকে স্প্যানিশ অনুসন্ধানকারী হুয়ান পঞ্চ ডি লিওন আমেরিকায় প্রথমবারের মতো কমলা চাষের সুচনা করেন ১৫১৩ সালে,"অন্যদিকে, স্প্যানিশ অভিযাত্রী জুয়ান পাঞ্চো ডি লিওন 1513 সালে আমেরিকায় প্রথমবারের মতো কমলা চাষের প্রবর্তন করেন।","অপরদিকে, ১৫১৩ সালে স্পেনীয় অভিযাত্রী হুয়ান পঞ্চ ডি লিওন আমেরিকায় সর্বপ্রথম কমলালেবু চাষের প্রবর্তন করেন।",35.078783533000205,,661.0
 তা সরাসরিই ব্যবহার করা যায়; শুকানোর দরকার হয় না,এটি সরাসরি ব্যবহার করা যেতে পারে; শুকানোর দরকার নেই।,শুকানোর কোনো প্রয়োজন না থাকায় তা সরাসরি ব্যবহার করা সম্ভব।,29.543529302000024,,662.0
তবে বড়দের ক্ষেত্রেও সময়মতো চিকিৎসা শুরু না করলে এ অসুখ মারাত্মক আকার নিতে পারে,তবে প্রাপ্তবয়স্কদের ক্ষেত্রেও সময়মতো চিকিৎসা শুরু না হলে এই রোগ মারাত্মক রূপ নিতে পারে।,তবে প্রাপ্তবয়স্কদের ক্ষেত্রেও যথাসময়ে চিকিৎসা শুরু না করলে এই রোগটি ভয়াবহ রূপ ধারণ করতে পারে।,33.581896882000365,,663.0
" 
তিনি বলেন আমি মাত্র তিন মাস হলো দায়িত্ব নিয়েছি","তিনি বলেন, আমি মাত্র তিন মাস দায়িত্বে আছি।","তিনি জানান, আমি মাত্র তিন মাস আগে দায়িত্বভার গ্রহণ করেছি।",29.12916259899976,,664.0
এই রোগীর প্রধান চিকিৎসা হল কানের ভেতর যাতে কিছু না ঢুকে এটা নিশ্চিত করা,এই রোগীর প্রধান চিকিৎসা হলো কানে যেন কিছু না ঢুকে তা নিশ্চিত করা।,এই রোগীর মূল চিকিৎসা হলো কানের ভিতরে যেন কোনো কিছু প্রবেশ না করে তা নিশ্চিত করা।,26.48625069100035,,665.0
কিডনির সমস্যার কারণে শরীরে পানি জমা হয় মুখহাতপাসহ পেটে পানি জমা হয়ে থাকে এ কথা সত্য বটে তবে কিডনির অসুস্থতা অত্যাধিক জটিল না হলে শরীরে পানি জমা হওয়ার কোনো কারণ নাই বা অন্যভাবে বলতে গেলে কিডনির অসুস্থতা খুব বেশি জটিল আকার ধারণ না করলে শরীরে পানি জমা হতে দেখা যায় না,"এটা ঠিক যে কিডনির সমস্যার কারণে শরীরে পানি জমে- মুখে, হাতে ও পেটে পানি জমে- তবে কিডনির রোগ খুব বেশি জটিল না হলে শরীরে পানি জমে যাওয়ার কোনো কারণ নেই- অন্য কথায়, কিডনির রোগ খুব বেশি জটিল না হলে শরীরে পানি জমে না।","কিডনির রোগের ফলে মুখ, হাত ও পেটসহ শরীরে পানি জমে যাওয়ার বিষয়টি সত্যিই ঠিক, তবে কিডনির সমস্যাটি যদি অত্যন্ত মারাত্মক না হয়, তাহলে শরীরে পানি জমার কোনো কারণ থাকে না; অর্থাৎ, কিডনির অসুস্থতা যখন চরম আকার ধারণ করে না, তখন শরীরে পানি জমার লক্ষণ দেখা যায় না।",40.50360231000013,,666.0
কোনো অস্ত্রোপচারের সময় অসাবধানতাবশত স্নায়ুতে আঘাত লাগতে পারে,যেকোনো অস্ত্রোপচারের সময় অসাবধানতাবশত স্নায়ু আহত হতে পারে।,যেকোনো শল্যচিকিৎসা চলাকালীন অসতর্কতার ফলে স্নায়ুর ক্ষতি হতে পারে।,27.02323006799997,,667.0
যেমন কানে সংক্রমণ কানে জ্বালা করা কানের বাইরে বা মাঝখানে আঘাত এবং খুব কম ক্ষেত্রে কানে ক্যান্সার,"যেমন কানের সংক্রমণ, কানের জ্বালা, বাইরের বা মধ্য কানে আঘাত এবং বিরল ক্ষেত্রে কানের ক্যান্সার।","উদাহরণস্বরূপ, কানে ইনফেকশন, কানে জ্বালাপোড়া অনুভব করা, বাইরের অথবা মধ্য কর্ণে আঘাত, এবং অত্যন্ত বিরল কিছু ক্ষেত্রে কানে ক্যান্সার।",42.622877797,,668.0
অ্যাজমাকে নিয়ন্ত্রণে রাখতে পারলে জটিলতা বা ঝুঁকি থাকে না বললেই চলে,কোনো জটিলতা বা ঝুঁকি ছাড়াই হাঁপানি নিয়ন্ত্রণ করা যায়।,হাঁপানিকে নিয়ন্ত্রণের আওতায় আনতে পারলে জটিলতা বা ঝুঁকির আশঙ্কা প্রায় থাকে না।,33.54633464699964,,669.0
স্মৃতিচারণের মাঝে প্রপোজ আপনাদের নিজেদের স্মৃতিগুলোকে সংগ্রহ করুন,স্মৃতিচারণ করার সময় আপনার নিজের স্মৃতি সংগ্রহ করুন।,"স্মৃতি রোমন্থনের মাঝে প্রস্তাব, আপনারা নিজেদের স্মৃতিগুলো সংগ্রহ করুন।",36.87290636899979,,670.0
এই ভিটামিনের ঘাটতিতে কিছু কিছু ক্যান্সার হওয়ার ঝুঁকিও বেড়ে যেতে পারে,এই ভিটামিনের ঘাটতি কিছু ক্যান্সারের ঝুঁকিও বাড়িয়ে দিতে পারে।,এই ভিটামিনের অভাবে কয়েক ধরনের ক্যান্সারে আক্রান্ত হওয়ার সম্ভাবনাও বৃদ্ধি পেতে পারে।,26.399211181999817,,671.0
এর কারণে জিহ্বা খুব মসৃণ দেখা যেতে পারে,এর ফলে জিহ্বা খুব মসৃণ দেখাতে পারে।,এর ফলে জিহ্বাটি অত্যন্ত মসৃণ দেখাতে পারে।,23.45332379399952,,672.0
যাদের তৈলাক্ত ত্বক তাদের ভোগান্তি বেশি,যাদের ত্বক তৈলাক্ত তারা বেশি ভোগেন।,তৈলাক্ত ত্বকের অধিকারীদের দুর্ভোগের পরিমাণ বেশি।,38.573352634,,673.0
 টিনএজারদের ক্ষেত্রে বয়ঃসন্ধিকালে অ্যান্ড্রোজেন হরমোনের আধিক্য,কিশোর বয়সে বয়ঃসন্ধির সময় এন্ড্রোজেন হরমোনের আধিক্য।,কিশোর-কিশোরীদের কৈশোরে অ্যান্ড্রোজেন হরমোনের প্রাচুর্য,34.65110726999956,,674.0
ছেলেশিশুকে ডায়াপার পরানোর সময় সাবধানে পরাতে হবে যেন প্রস্রাব করলে তা গড়িয়ে ঠিকমতো শোষিত হতে পারে,একটি শিশু ছেলেকে ডায়াপার পরার সময় সতর্কতা অবলম্বন করা উচিত যাতে প্রস্রাব গড়িয়ে যায় এবং সঠিকভাবে শোষিত হয়।,"পুত্রশিশুকে ডায়াপার পরানোর সময় বিশেষ সতর্কতা অবলম্বন করা প্রয়োজন, যাতে প্রস্রাবের সময় তা সঠিকভাবে গড়িয়ে ভালোমতো শোষিত হতে পারে।",35.737633847000325,,675.0
গর্ভধারণ প্রতিরোধ করার জন্য খাবারের বড়ি ৯৯ কার্যকর,গর্ভাবস্থা প্রতিরোধে ডায়েট পিলগুলি 99টি কার্যকর।,গর্ভধারণ রোধে খাবার বড়ির কার্যকারিতা ৯৯ শতাংশ।,31.257076369999595,,676.0
এছাড়া মসলা নেওয়ার সময় শুকনো চামচ ব্যবহার করবেন কারণ ভিজে চামচ ব্যবহার করলে মসলা নষ্ট হয়ে যেতে পারে,"এছাড়াও, মশলা নেওয়ার সময় একটি শুকনো চামচ ব্যবহার করুন কারণ ভেজা চামচ ব্যবহার করলে মশলা নষ্ট হয়ে যেতে পারে।","পাশাপাশি, মসলা তোলার সময় ভেজা চামচ ব্যবহার করলে তা নষ্ট হয়ে যেতে পারে, তাই অবশ্যই শুকনো চামচ ব্যবহার করবেন।",34.85840786799963,,677.0
ডা ফারাহ দোলা বিশেষ ভারপ্রাপ্ত কর্মকর্তা স্বাস্থ্য অধিদপ্তর,"ডাঃ ফারাহ দোলা, স্পেশাল ডিউটি ​​অফিসার, হেলথ সার্ভিস ডিরেক্টরেট জেনারেল",স্বাস্থ্য অধিদপ্তরের বিশেষ ভারপ্রাপ্ত কর্মকর্তা হলেন ডা. ফারাহ দোলা।,23.78829336400031,,678.0
মার্কিন যুক্তরাষ্ট্র ছয় কোটি ডোজ অ্যাস্ট্রাজেনেকার টিকা অন্য দেশে সরবরাহ করবে,মার্কিন যুক্তরাষ্ট্র অন্যান্য দেশে AstraZeneca ভ্যাকসিনের 60 মিলিয়ন ডোজ সরবরাহ করবে।,অন্যান্য দেশে ছয় কোটি ডোজ অ্যাস্ট্রাজেনেকা ভ্যাকসিন বণ্টন করবে মার্কিন যুক্তরাষ্ট্র।,42.32234868700016,,679.0
লেখক  মুখ ও দন্তরোগ বিশেষজ্ঞ,লেখক মৌখিক ও দাঁতের বিশেষজ্ঞ।,লেখক পেশায় দন্ত ও মুখরোগের একজন বিশেষজ্ঞ।,29.3088323789998,,680.0
এটিকে হিমোগ্লোবিনের ঘাটতিও বলা হয়,একে হিমোগ্লোবিনের ঘাটতিও বলা হয়।,একে হিমোগ্লোবিনের স্বল্পতাও বলা হয়।,21.835920034000083,,681.0
 ধূমপানের ফলে হাড়ের উপাদানের সঙ্গে ক্ষতিকর বিক্রিয়া হয়,ধূমপান হাড়ের উপাদানের সাথে ক্ষতিকর প্রতিক্রিয়া সৃষ্টি করে।,ধূমপানের প্রভাবে হাড়ের গঠনগত উপাদানের সাথে ক্ষতিকর প্রতিক্রিয়ার সৃষ্টি হয়।,33.469639990999895,,682.0
বাচ্চাদের চকলেট মূল খাবারের যেমন লাঞ্চ বা ডিনারের আধঘণ্টা আগে দিলে খাবার গ্রহণের সঙ্গে মিষ্টি অংশ অপসারিত হয়,প্রধান খাবার যেমন লাঞ্চ বা ডিনারের আধা ঘণ্টা আগে বাচ্চাদের চকলেট দিলে খাবারের মিষ্টি অংশ দূর হয়।,"শিশুদের লাঞ্চ বা ডিনারের মতো প্রধান খাবারের আধ ঘণ্টা পূর্বে চকলেট খাওয়ালে, মূল খাবারের সময় তাদের মিষ্টির প্রতি চাহিদা দূর হয়ে যায়।",29.29232285299986,,683.0
ফাস্ট এইড ওষুধ যেমনখাবার স্যালাইন প্যারাসিটামল অ্যালার্জি প্রতিরোধক ওষুধ আমাশয় ও হজম রিলেটেড ওষুধ আগে ভাগেই সংগ্রহ করে রাখা ভালো,"প্রাথমিক চিকিৎসার ওষুধ যেমন খাবার, স্যালাইন, প্যারাসিটামল, অ্যান্টি-অ্যালার্জি ওষুধ, আমাশয় এবং হজম সংক্রান্ত ওষুধ আগে থেকে মজুত করে রাখা ভালো।","প্রাথমিক চিকিৎসার জন্য খাবার স্যালাইন, প্যারাসিটামল, অ্যালার্জি নাশক এবং হজম ও আমাশয়ের সমস্যার ওষুধ আগে থেকেই মজুত করে রাখা উচিত।",50.01218814000004,,684.0
শসা নাকি গোলাপ জল কোনটি ব্যবহার করবেন,আপনি কোনটি ব্যবহার করবেন: শসা বা গোলাপ জল?,আপনি শসা ও গোলাপ জলের মধ্যে কোনটি ব্যবহার করবেন?,22.83634178500052,,685.0
গুগল নিউজে ফলো করুন আরটিভি অনলাইনপুষ্টিবিদদের কাছে পেঁপের পরিচয় সুপারফুড হিসেবে,Google News-এ আরটিভি অনলাইন অনুসরণ করুন পুষ্টিবিদরা পেঁপেকে সুপারফুড হিসেবে চিহ্নিত করেন,গুগল নিউসে আরটিভি অনলাইনকে অনুসরণ করুন; পুষ্টি বিশেষজ্ঞরা পেঁপেকে সুপারফুড হিসেবে বিবেচনা করেন।,35.71676123099951,,686.0
সাহিত্যও সেই একই ধারা অনুসরণ করে,সাহিত্য একই ধারা অনুসরণ করে।,সাহিত্যজগতও ঐ একই প্রবণতা অনুসরণ করে চলে।,51.70139280700005,,687.0
ঘুম অনেকটা ব্যাটারি চার্জ দেওয়ার মতো,ঘুম ব্যাটারি চার্জ করার মতো।,ব্যাটারি চার্জ দেওয়ার সাথে ঘুমের অনেকটা সাদৃশ্য রয়েছে।,36.82848999500038,,688.0
দেশীয় ওষুধের দাম গড়ে ২০ থেকে ৫০ শতাংশ পর্যন্ত বেড়েছে,দেশীয় ওষুধের দাম বেড়েছে গড়ে ২০ থেকে ৫০ শতাংশ।,দেশীয় ঔষধের মূল্য গড়ে ২০ থেকে ৫০ শতাংশ পর্যন্ত বৃদ্ধি পেয়েছে।,38.55796543799988,,689.0
তাই হাইপারটেনশনকে যথার্থভাবেই সাইলেন্ট কিলার হিসাবে আখ্যায়িত করা হয়,তাই উচ্চ রক্তচাপকে যথোপযুক্তভাবে নীরব ঘাতক বলা হয়।,সেজন্যই উচ্চ রক্তচাপকে নীরব ঘাতক আখ্যা দেওয়া একান্তই যুক্তিযুক্ত।,44.45704580900019,,690.0
 অসুস্থ মৃত অথবা বন্য কোনো প্রাণীর সংস্পর্শ থেকে বিরত থাকা,"অসুস্থ, মৃত বা বন্য প্রাণীর সংস্পর্শ এড়িয়ে চলুন।","অসুস্থ, মৃত কিংবা যেকোনো বন্য প্রাণীর সংস্পর্শ এড়িয়ে চলা।",33.41474666799968,,691.0
ফলে বাকি ১১ মাস আবার খাদ্য হজমে ভালোভাবে সাহায্য করতে পারে,"ফলস্বরূপ, বাকি 11 মাস ভাল হজমে সাহায্য করতে পারে।","ফলস্বরূপ, অবশিষ্ট এগারো মাস খাদ্য হজম প্রক্রিয়ায় এটি পুনরায় যথাযথ সহায়তা করতে পারে।",38.35350259999996,,692.0
ছত্রাকের সংক্রমণ জিবের ওপর প্রলেপের অন্যতম কারণ,ছত্রাক সংক্রমণ জিহ্বায় আবরণের অন্যতম কারণ।,জিহ্বায় প্রলেপ পড়ার অন্যতম কারণ হলো ছত্রাকের সংক্রমণ।,35.27057372799936,,693.0
আঙুলে এই মিশ্রণটি লাগিয়ে নাকের কাছে ধরুন,এই মিশ্রণটি আপনার আঙুলে লাগিয়ে আপনার নাকের কাছে ধরে রাখুন।,এই মিশ্রণটি আঙুলে মেখে নাকের কাছে ধরুন।,30.28635392399974,,694.0
 হাতপায়ের গিরা হাঁটু কাঁধ কনুই ও হিপ জয়েন্টসহ আশপাশে ব্যথা হওয়া,"গোড়ালি, হাঁটু, কাঁধ, কনুই এবং নিতম্বের জয়েন্টগুলির চারপাশে ব্যথা।","হাত-পায়ের সংযোগস্থল, হাঁটু, কাঁধ, কনুই এবং হিপ জয়েন্ট ও তার পার্শ্ববর্তী এলাকায় ব্যথা অনুভব করা।",33.15075125800013,,695.0
দুই ধরনের ডিভাইস আছে একটি সিপিএপি আর একটি বিপিএপি,CPAP এবং BPAP দুই ধরনের ডিভাইস আছে।,সিপিএপি ও বিপিএপি নামে দুই প্রকারের ডিভাইস রয়েছে।,37.4762845919995,,696.0
এ বিষয়ে বিস্তারিত জানিয়েছেন মেডিসিন ও বক্ষব্যাধি বিশেষজ্ঞ অধ্যাপক ডা মো রাশিদুল হাসান,এ বিষয়ে বিস্তারিত জানান মেডিসিন ও বক্ষব্যাধি বিশেষজ্ঞ ডাঃ মো রাশিদুল হাসান।,মেডিসিন ও বক্ষব্যাধি বিশেষজ্ঞ অধ্যাপক ডা. মো. রাশিদুল হাসান এই বিষয়টি নিয়ে বিস্তারিত ব্যাখ্যা দিয়েছেন।,28.834610498000075,,697.0
হয়তো আমার মাধ্যমে করোনা আমার বাড়িতে গিয়েছে,হয়তো আমার মাধ্যমেই আমার বাড়িতে করোনা চলে গেছে।,সম্ভবত আমার সূত্রেই করোনা ভাইরাস আমার ঘরে পৌঁছে গেছে।,29.361728006000703,,698.0
তবে সকালের জলখাবার ও লাঞ্চে ভালো প্রোটিনসমৃদ্ধ খাবার খেতে পারেন,তবে সকালের নাস্তা ও দুপুরের খাবারে ভালো প্রোটিন সমৃদ্ধ খাবার খেতে পারেন।,তবুও সকালের নাস্তা ও দুপুরের খাবারে আপনি উচ্চমানের প্রোটিনযুক্ত খাবার গ্রহণ করতে পারেন।,34.68614847400022,,699.0
 সামনের দিনগুলো কীভাবে কাটাবেন মোকাবেলা করবেন তা নিয়ে আপনার মতো একটা পরিকল্পনা তৈরি করুন,সামনের দিনগুলো কীভাবে সামলাতে হবে তার জন্য নিজের জন্য একটি পরিকল্পনা করুন।,"আগামী দিনগুলো কীভাবে অতিবাহিত করবেন এবং পরিস্থিতি কীভাবে সামাল দেবেন, সে বিষয়ে নিজের পছন্দমতো একটি পরিকল্পনা প্রস্তুত করুন।",30.06378333000066,,700.0
এতে বাম অলিন্দ Left Atrium  নামে হৃৎপিণ্ডের একটা বিশেষ প্রকোষ্ঠ অত্যন্ত দ্রুতগতিতে ও অনিয়মিতভাবে সংকুচিত ও প্রসারিত হতে থাকে,এতে বাম অলিন্দ নামক হৃদপিণ্ডের একটি বিশেষ প্রকোষ্ঠ খুব দ্রুত ও অনিয়মিতভাবে সংকুচিত ও প্রসারিত হতে শুরু করে।,এই অবস্থায় হৃৎপিণ্ডের বাম অলিন্দ বা Left Atrium নামক নির্দিষ্ট কক্ষটি অত্যন্ত দ্রুত এবং অনিয়মিত ছন্দে সংকুচিত ও প্রসারিত হতে শুরু করে।,31.819267806000425,,701.0
ব্যক্তিগত গাড়ি ব্যবহার করলে গাড়ির চাকায় জীবাণুনাশক ব্যবহার করুন,ব্যক্তিগত গাড়ি ব্যবহার করলে গাড়ির চাকায় জীবাণুনাশক ব্যবহার করুন।,ব্যক্তিগত যানবাহন ব্যবহারের সময় গাড়ির চাকায় জীবাণুনাশক প্রয়োগ করুন।,26.07798324499981,,702.0
সালাদ  শশা টমেটো ও গাজরের সালাদ ত্বকের জন্য উপকারী,শসা টমেটো এবং গাজরের সালাদ ত্বকের জন্য উপকারী,"শসা, টমেটো ও গাজর দিয়ে তৈরি সালাদ ত্বকের জন্য অত্যন্ত উপকারী।",34.500692607999554,,703.0
এর মধ্যে ঢাকার সরকারি ও বেসরকারি হাসপাতালে ৪ হাজার ১৫১ জন এবং ঢাকার বাইরের হাসপাতালে ৫ হাজার ৫৬০ জন ডেঙ্গু রোগী ভর্তি রয়েছেন,এর মধ্যে ঢাকার সরকারি-বেসরকারি হাসপাতালে ৪ হাজার ১৫১ জন এবং ঢাকার বাইরের হাসপাতালে ৫ হাজার ৫৬০ জন ডেঙ্গু রোগী ভর্তি রয়েছেন।,এই হিসেবে ঢাকার সরকারি ও বেসরকারি হাসপাতালগুলোতে ৪ হাজার ১৫১ জন এবং ঢাকার বাইরের হাসপাতালগুলোতে ৫ হাজার ৫৬০ জন ডেঙ্গু আক্রান্ত রোগী চিকিৎসাধীন রয়েছেন।,36.424455269000646,,704.0
তবে আইভি ইমিউনোগ্লোবিনের খরচ প্রায় ৩ থেকে ১০ লাখ টাকা,তবে আইভি ইমিউনোগ্লোবিউলিনের দাম প্রায় ৩ থেকে ১০ লাখ টাকা।,তবে আইভি ইমিউনোগ্লোবিনের চিকিৎসায় আনুমানিক ৩ থেকে ১০ লাখ টাকা পর্যন্ত ব্যয় হয়ে থাকে।,31.694441224999537,,705.0
কিন্তু এক পা এক পা করে এগোতে হবে নিজেকেই,তবে আপনাকে একবারে এক ধাপ এগিয়ে যেতে হবে।,তবুও নিজেই এক এক ধাপ করে সামনের দিকে অগ্রসর হতে হবে।,29.334395760000007,,706.0
তাই ডায়াবেটিস ধরা পড়লেও ভোজনরসিকদের হতাশ হতে বারণ করলেন ঢাকার গভর্নমেন্ট কলেজ অব অ্যাপ্লাইড হিউম্যান সাইন্সের খাদ্য ও পুষ্টিবিজ্ঞান বিভাগের সহযোগী অধ্যাপক শম্পা শারমিন খান,তাই ডায়াবেটিস ধরা পড়লেও খাদ্যপ্রেমীদের হতাশ না হওয়ার পরামর্শ দিয়েছেন ঢাকার সরকারি ফলিত মানব বিজ্ঞান কলেজের খাদ্য ও পুষ্টি বিজ্ঞান বিভাগের সহযোগী অধ্যাপক শম্পা শারমিন খান।,"ঢাকার গভর্নমেন্ট কলেজ অব অ্যাপ্লাইড হিউম্যান সাইন্সের খাদ্য ও পুষ্টিবিজ্ঞান বিভাগের সহযোগী অধ্যাপক শম্পা শারমিন খান পরামর্শ দিয়েছেন, ডায়াবেটিস ধরা পড়লেও খাদ্যপ্রেমীদের হতাশ হওয়ার কোনো কারণ নেই।",53.11137891199997,,707.0
 অধিক বিটাক্যারটিন থাকে যা পরে ভিটামিন এ তৈরি করে,আরও বিটা-ক্যারোটিন থাকে যা পরে ভিটামিন এ-তে রূপান্তরিত হয়,"এতে প্রচুর পরিমাণে বিটা-ক্যারোটিন বিদ্যমান থাকে, যা পরবর্তীতে ভিটামিন-এ-তে রূপান্তরিত হয়।",30.19006360000003,,708.0
এতে বলা হয় গত ২৪ ঘণ্টায় ডেঙ্গুতে আক্রান্ত হয়ে হাসপাতালে ভর্তি হওয়াদের মধ্যে ঢাকা সিটি করপোরেশনের ৩৯৭ জন এবং বাকিরা ঢাকার বাইরের,"এতে বলা হয়, ডেঙ্গুতে আক্রান্ত হয়ে গত ২৪ ঘণ্টায় ঢাকা সিটি করপোরেশন থেকে ৩৯৭ জন এবং ঢাকার বাইরে থেকে ৩৯৭ জন হাসপাতালে ভর্তি হয়েছেন।","এতে উল্লেখ করা হয়েছে যে, গত ২৪ ঘণ্টায় ডেঙ্গু জ্বরে আক্রান্ত হয়ে হাসপাতালে ভর্তি হওয়া রোগীদের মধ্যে ৩৯৭ জন ঢাকা সিটি করপোরেশনের এবং অবশিষ্টরা ঢাকার বাইরের।",32.98353760499958,,709.0
সচরাচর প্যারাসিটামল অ্যান্টিহিস্টামিন ও কাশির ওষুধ ব্যবহৃত হয় এ সমস্যায়,এই সমস্যায় সাধারণত প্যারাসিটামল অ্যান্টিহিস্টামিন এবং কাশির ওষুধ ব্যবহার করা হয়।,"এই সমস্যার চিকিৎসায় সাধারণত প্যারাসিটামল, অ্যান্টিহিস্টামিন এবং কাশির ঔষধ ব্যবহার করা হয়।",28.51343950499995,,710.0
তেলে ভাজা ঝালমসলাযুক্ত খাবার বাইরের খোলা খাবার ও পানীয় বর্জন করা উচিত,"তেলে ভাজা মশলাদার খাবার, খোলা খাবার ও পানীয় পরিহার করতে হবে।","তেলে ভাজা, অতিরিক্ত মশলাযুক্ত, বাইরের খোলা খাবার ও পানীয় গ্রহণ না করাই বাঞ্ছনীয়।",36.70208309499958,,711.0
রোদে পোড়া দাগ দূর করতে ১ টেবিল চামচ আলুর রসের সঙ্গে ১ টেবিল চামচ ভাতের মাড় মেশান,রোদে পোড়া দাগ দূর করতে ১ টেবিল চামচ আলুর রসের সাথে ১ টেবিল চামচ ভাতের মাড় মিশিয়ে নিন।,রোদে পোড়া দাগ ঘোচাতে এক টেবিল চামচ আলুর রস এবং এক টেবিল চামচ ভাতের মাড় একসাথে মিশিয়ে নিন।,30.781591519999893,,712.0
তবে জাংক খাবার খাওয়া পরিহার করতে হবে,তবে জাঙ্ক ফুড খাওয়া এড়িয়ে চলতে হবে।,তবে জাঙ্ক ফুড গ্রহণ থেকে বিরত থাকতে হবে।,23.939602774999912,,713.0
রক্তের ঘনত্ব বৃদ্ধিও এর জমাট বেঁধে যাবার প্রবণতা বাড়িয়ে দেয়,বর্ধিত রক্তের ঘনত্বও এর জমাট বাঁধার প্রবণতা বাড়ায়।,রক্তের ঘনত্ব বেড়ে যাওয়ার ফলে জমাট বাঁধার প্রবণতাও বৃদ্ধি পায়।,41.061847736000345,,714.0
যেহেতু ঈদের সময় যাওয়া হচ্ছে সেহেতু অত্যধিক হোটেল ভাড়া বিবেচনার মধ্যে রাখতে হবে,"যেহেতু আপনি ঈদের সময় ভ্রমণ করছেন, তাই আপনার হোটেলের উচ্চ মূল্য বিবেচনা করা উচিত।",ঈদের সময় ভ্রমণে যাওয়ার কারণে হোটেলের অতিরিক্ত ভাড়ার বিষয়টি বিবেচনায় রাখা আবশ্যক।,31.90622924699983,,715.0
এটি লিভারের কোষের ক্ষতি কমাতেও সাহায্য করে,এটি লিভারের কোষের ক্ষতি কমাতেও সাহায্য করে।,যকৃতের কোষগুলোর ক্ষতি হ্রাস করতেও এটি সহায়ক।,26.69301633000032,,716.0
আরেকটা বিষয় হচ্ছে দীর্ঘ ১ বছর সময়ে যারা অন্যান্য ক্যান্সার রোগী তারা হয়তো সচেতন ছিল,আরেকটি বিষয় হল অন্যান্য ক্যান্সার রোগীরা দীর্ঘ 1 বছর ধরে এটি সম্পর্কে সচেতন থাকতে পারে।,"আরও একটি বিষয় হলো, দীর্ঘ এক বছরের সময়ে অন্য ক্যান্সার আক্রান্ত রোগীরা সম্ভবত সচেতন ছিলেন।",22.044409463999727,,717.0
লেখক ডা ইমনুল ইসলাম অধ্যাপক শিশু বিভাগ বিএসএসএমইউ,লেখক ইমনুল ইসলাম বিএসএসএমইউর শিশুরোগ বিভাগের অধ্যাপক ড,এই গ্রন্থের রচয়িতা হলেন বিএসএসএমইউ-এর শিশু বিভাগের অধ্যাপক ডা. ইমনুল ইসলাম।,48.54023129400048,,718.0
কিন্তু নিজেকে সুরক্ষিত রাখতে ও মেদ কমাতে সহায়তা করতে পারে একটি সুস্থ ও সুন্দর জীবনধারা,কিন্তু একটি স্বাস্থ্যকর জীবনধারা আপনাকে ফিট থাকতে এবং ওজন কমাতে সাহায্য করতে পারে।,তবে একটি স্বাস্থ্যকর ও সুন্দর জীবনযাপন নিজের নিরাপত্তা বজায় রাখতে এবং মেদ ঝরাতে সহায়ক ভূমিকা পালন করতে পারে।,43.81545996000023,,719.0
ইতোমধ্যে স্বাস্থ্য ব্যবস্থা ক্রমবর্ধমান কোভিড সংকটের কারণে ক্ষতিগ্রস্ত হচ্ছে,ক্রমবর্ধমান কোভিড সংকটের কারণে ইতিমধ্যে স্বাস্থ্য ব্যবস্থা ক্ষতিগ্রস্ত হচ্ছে।,ক্রমবর্ধমান কোভিড সংকটের ফলে ইতিমধ্যেই স্বাস্থ্যসেবা ব্যবস্থা ক্ষতির সম্মুখীন হচ্ছে।,33.94877850099965,,720.0
" এর সঙ্গে এতে ফাইবারও পাওয়া যায়, যা পরিপাকতন্ত্রকে শক্তিশালী করার পাশাপাশি কোষ্ঠকাঠিন্যের মতো সমস্যা থেকে মুক্তি পেতেও কাজ করে","এর পাশাপাশি এতে রয়েছে ফাইবার, যা শুধু পরিপাকতন্ত্রকে শক্তিশালী করে না, কোষ্ঠকাঠিন্যের মতো সমস্যা দূর করতেও সাহায্য করে।",এতে উপস্থিত ফাইবার পরিপাকতন্ত্রের কার্যকারিতা বৃদ্ধি করার পাশাপাশি কোষ্ঠকাঠিন্যের মতো সমস্যা থেকে রেহাই পেতেও সহায়তা করে।,31.84014788499917,,721.0
কোনো কোনো ক্ষেত্রে ঘাড়ের আর্থ্রাইটিসের কারণে বা মস্তিষ্কের রক্তনালির ভেতরে চর্বি জমে রক্তনালি ছোট হয়ে গেলে অথবা রক্তনালির ভেতরে রক্ত জমাট বেঁধে গেলে মস্তিষ্কের রক্ত চলাচল কমে যায় এবং তার থেকে মাথা ঘুরাতে পারে,"কিছু ক্ষেত্রে, ঘাড়ে বাত বা মস্তিষ্কের রক্তনালীর ভিতরে চর্বি জমার কারণে, রক্তনালী সরু হয়ে যাওয়া বা রক্তনালীতে রক্ত ​​জমাট বেঁধে মস্তিষ্কে রক্ত ​​চলাচল কমে যায় এবং মাথা ঘোরা হতে পারে।","কিছু কিছু ক্ষেত্রে ঘাড়ের আর্থ্রাইটিস, মস্তিষ্কের রক্তনালীতে চর্বি জমে তা সংকুচিত হয়ে যাওয়া কিংবা রক্তনালীর ভেতরে রক্ত জমাট বাঁধার ফলে মস্তিষ্কে রক্ত সঞ্চালন হ্রাস পায়, যার ফলশ্রুতিতে মাথা ঘোরার সমস্যা দেখা দিতে পারে।",38.99650811899937,,722.0
অর্থাৎ ব্যাথা থেকে প্রগ্রেসিভ দুর্বলতা দেখা দিলে বুঝতে হবে সারভাইক্যাল রিজিওনে একটা নার্ভ রুটে কমপ্রেশন হয়েছে স্পাইনাল কর্ডে কিছু হয়নি,"অর্থাৎ ব্যথার কারণে প্রগতিশীল দুর্বলতা থাকলে বুঝতে হবে সার্ভিকাল অঞ্চলে একটি স্নায়ুর মূলে কম্প্রেশন হয়েছে, কিন্তু মেরুদন্ডে কিছুই হয়নি।","অর্থাৎ, ব্যথার পর ক্রমান্বয়ে দুর্বলতা দেখা দিলে তা নির্দেশ করে যে সারভাইকাল অঞ্চলের কোনো স্নায়ুমূলে চাপ পড়েছে, কিন্তু স্পাইনাল কর্ডে কোনো ক্ষতি হয়নি।",30.25211862699961,,723.0
 এই মহামূল্যবান আম নিয়ে রাতের ঘুম উড়েছে তাঁর,এই দামি আম খেয়ে রাতে ভালো ঘুম হয় তার।,এই অতি মূল্যবান আমটির ভাবনায় তাঁর রাতে ঘুম হারিয়ে গেছে।,29.56836789299996,,724.0
আরেকটা ভয়ের ব্যাপার হচ্ছে একটা মৌমাছি একবারই হুল ফোটাতে পারলেও একটা ভিমরুল কয়েকবার হুল ফোটাতে পারে,"আরেকটি ভীতিকর বিষয় হল যে একটি মৌমাছি একবারই দংশন করতে পারে, তবে একটি ওয়াপ একাধিকবার দংশন করতে পারে।","আরও একটি ভীতিকর বিষয় হলো, একটি মৌমাছি যেখানে কেবল একবারই হুল ফোটাতে পারে, সেখানে একটি ভিমরুল একাধিকবার হুল ফোটাতে সক্ষম।",25.660523640000065,,725.0
বিশেষ করে চিনি ছাড়া ও ব্ল্যাক কফি খেলে এটি চর্বি এবং কোলাজেন উৎপাদনে বাধা দিয়ে লিভারকে সাহায্য করে,"ব্ল্যাক কফি, বিশেষ করে চিনি ছাড়া, চর্বি এবং কোলাজেন উৎপাদনে বাধা দিয়ে লিভারকে সাহায্য করে।",বিশেষত চিনিবিহীন কালো কফি পান করলে তা চর্বি ও কোলাজেন তৈরিতে বাধা দিয়ে যকৃতকে সহায়তা করে।,35.73243087600008,,726.0
ফলে বদ্ধঘরেই স্মার্টফোন টিভি ও কম্পিউটারের সঙ্গে কাটছে বেশিরভাগ শিশুর শৈশব,"ফলস্বরূপ, বেশিরভাগ শিশুই স্মার্টফোন, টিভি এবং কম্পিউটারের সাথে তাদের শৈশব কাটায়।","এর পরিণতিতে, অধিকাংশ শিশুর শৈশব চার দেওয়ালে বন্দি থেকেই স্মার্টফোন, টেলিভিশন ও কম্পিউটারের সাথেই অতিবাহিত হচ্ছে।",30.85638059500002,,727.0
অধ্যাপক ডা মাহবুব মোতানাব্বি বলেন এ বছর চিকিৎসায় স্বাধীনতা পদক পেয়েছে ডা কামরুল ইসলাম,"অধ্যাপক মাহবুব মোতানাব্বী জানান, এ বছর চিকিৎসাশাস্ত্রে স্বাধীনতা পদক পেয়েছেন ডাঃ কামরুল ইসলাম।",ডা. কামরুল ইসলাম চলতি বছরে চিকিৎসায় স্বাধীনতা পদক অর্জন করেছেন বলে জানিয়েছেন অধ্যাপক ডা. মাহবুব মোতানাব্বি।,37.62140113099986,,728.0
রক্তে ইউরিক এসিডের স্বাভাবিক মাত্রা পুরুষদের ক্ষেত্রে ৩০৭০ মিগ্রা ডিএল এবং মহিলাদের ক্ষেত্রে ২৪৫৭ মিগ্রাডিএল,সাধারণ রক্তে ইউরিক অ্যাসিডের মাত্রা পুরুষদের জন্য 3070 mg dl এবং মহিলাদের জন্য 2457 mg dl।,পুরুষ ও নারীদের রক্তে ইউরিক অ্যাসিডের স্বাভাবিক মাত্রা যথাক্রমে ৩০৭০ মিলিগ্রাম/ডেসিলিটার এবং ২৪৫৭ মিলিগ্রাম/ডেসিলিটার।,38.8820911549999,,729.0
তাঁদের ধারণা যেহেতু রক্তচাপ স্বাভাবিক হয়ে গেছে তাই আর ওষুধ দরকার নেই,"তারা বিশ্বাস করেন যে যেহেতু রক্তচাপ স্বাভাবিক হয়ে গেছে, তাই আর ওষুধের প্রয়োজন নেই।",রক্তচাপ স্বাভাবিক হয়ে যাওয়ায় তাঁরা মনে করেন এখন আর ঔষধ সেবনের কোনো প্রয়োজন নেই।,26.780764571999956,,730.0
জেসমিন রোজমেরি টিউবার রোজ ও লেমন সৌরভের পারফিউম একসঙ্গে ব্যবহার করতে পারেন,জেসমিন রোজমেরি টিউবার রোজ এবং লেমন সেন্ট পারফিউম একসাথে ব্যবহার করা যেতে পারে,"জেসমিন, রোজমেরি, টিউবার, গোলাপ ও লেবুর সুগন্ধি মিশ্রিত পারফিউম একত্রে ব্যবহার করা যায়।",39.33008277699992,,731.0
কিন্তু করোনাতে নাক বন্ধ কিংবা সর্দির লক্ষ্মণ দেখা যায় ন,কিন্তু করোনায় নাক বন্ধ বা সর্দির কোনো উপসর্গ দেখা যায় না।,তবে করোনা সংক্রমণে নাক বন্ধ হওয়া বা সর্দির উপসর্গ দেখা দেয় না।,22.6046606970001,,732.0
যাদের কোমরবিডিটি অর্থাৎ অন্য কোনো অসুখ রয়েছে তাদের মৃত্যুর আশঙ্কা অনেক বেশি,যাদের কমরবিডিটি আছে তাদের মৃত্যুর ঝুঁকি বেশি থাকে।,স্থূলতা কিংবা অন্য যেকোনো রোগে আক্রান্ত ব্যক্তিদের মৃত্যুঝুঁকি অত্যন্ত বেশি।,32.80421688699994,,733.0
এর মধ্যে ১০০ জন চিকিৎসক ও ১০ জন নার্স মারা গেছেন,তাদের মধ্যে 100 জন চিকিৎসক ও 10 জন নার্স মারা গেছেন।,এদের মধ্যে ১০০ জন ডাক্তার এবং ১০ জন নার্স প্রাণ হারিয়েছেন।,26.372043435000023,,734.0
"সভায় সমিতির কেন্দ্রীয় কার্যকরী পরিষদ, কেন্দ্রীয় কাউন্সিলর এবং মেডিকেল কলেজ হাসপাতালে অবস্থিত জোনসমূহের প্রতিনিধিবৃন্দসহ উপস্থিত ছিলেন","সভায় সমিতির কেন্দ্রীয় কার্যনির্বাহী পরিষদ, কেন্দ্রীয় কাউন্সিলর ও মেডিকেল কলেজ হাসপাতালে অবস্থিত জোনের প্রতিনিধিরা উপস্থিত ছিলেন।","উক্ত সভায় সমিতির কেন্দ্রীয় কার্যনির্বাহী পরিষদ, কেন্দ্রীয় কাউন্সিলরগণ এবং মেডিকেল কলেজ হাসপাতালভিত্তিক জোনগুলোর প্রতিনিধিরা উপস্থিত ছিলেন।",38.409553663,,735.0
ক্যানসার সেল অস্থিমজ্জার ধারণ ক্ষমতার বাইরে চলে যায়,ক্যান্সার কোষগুলি তাদের ধারণ করার জন্য অস্থি মজ্জার ক্ষমতাকে ছাড়িয়ে যায়।,ক্যানসার কোষগুলি অস্থিমজ্জার ধারণক্ষমতার সীমা পেরিয়ে বাইরে চলে যায়।,26.22808547,,736.0
দ্রুত চিকিৎসকের শরণাপন্ন হোনহাত বা পা ভাঙলে যেমন করে শক্ত কিছু দিয়ে কাপড় দিয়ে হলকা করে বাধা হয় সেভাবে বাধুনসাপে কাটা পেশী যতটা কম সম্ভব নড়াচড়া করুন পেশীর নড়াচড়া যত কম হবে বিষ তত কম ছড়াবে,"অবিলম্বে চিকিৎসার পরামর্শ নিন। ঠিক যেমন আপনার হাত বা পা ভেঙে গেলে, আপনাকে আলতো করে কাপড় দিয়ে মুড়িয়ে ব্যান্ডেজ করতে হবে। ব্যান্ডিকুটের আঘাতে কাটা পেশীগুলি যত কম সম্ভব নাড়াচাড়া করতে হবে। পেশীগুলির নড়াচড়া যত কম হবে, বিষ তত কম ছড়িয়ে পড়বে।","অবিলম্বে চিকিৎসকের পরামর্শ নিন। হাত বা পা ভাঙলে যেমন শক্ত কোনো কিছুর সাহায্যে কাপড় দিয়ে বেঁধে দেওয়া হয়, সাপে কাটা অঙ্গটিও ঠিক সেভাবে বেঁধে ফেলুন এবং আক্রান্ত অঙ্গটি যথাসম্ভব স্থির রাখুন, কারণ অঙ্গের নড়াচড়া যত কম হবে বিষ তত কম ছড়াতে পারবে।",36.15074943800005,,737.0
এ পরীক্ষার মাধ্যমে লিভারের অবস্থা চিকিৎসার আগে ও পরে অনুধাবন করা যায়,এই পরীক্ষার মাধ্যমে চিকিৎসার আগে ও পরে লিভারের অবস্থা বোঝা যাবে।,চিকিৎসার পূর্বে ও পরে যকৃতের অবস্থা এই পরীক্ষার সাহায্যে যাচাই করা সম্ভব।,34.259724232999815,,738.0
পবিত্র রমজান মাসের সিয়াম সাধনা করা ইসলামের পাঁচ স্তম্ভের অন্যতম একটি স্তম্ভ,পবিত্র রমজান মাসে রোজা রাখা ইসলামের পাঁচটি স্তম্ভের একটি।,ইসলামের পাঁচটি স্তম্ভের অন্যতম হলো পবিত্র রমজান মাসে রোজা পালন করা।,33.26165387600008,,739.0
পাশাপাশি রোগীর বমি বমি ভাব বা বমি হওয়া এবং দৃষ্টিশক্তি ক্রমশ কমে যাওয়াকে আমরা সব টিউমারের ক্ষেত্রে লক্ষণ হিসেবে ধরতে পারি,"এছাড়াও, রোগীর বমি বমি ভাব বা বমি হওয়া এবং ধীরে ধীরে দৃষ্টিশক্তি হ্রাস সমস্ত টিউমারের লক্ষণ হিসাবে দেখা যায়।",এর সাথে সাথে সকল টিউমারের ক্ষেত্রে রোগীর বমি বা বমি বমি ভাব এবং ক্রমান্বয়ে দৃষ্টিশক্তি হ্রাস পাওয়াকেও আমরা উপসর্গ হিসেবে বিবেচনা করতে পারি।,33.72219070900019,,740.0
লেখক সহযোগী অধ্যাপক এন্ডোক্রাইনোলজি বিভাগ বঙ্গবন্ধু শেখ মুজিব মেডিকেল বিশ্ববিদ্যালয়,"লেখক সহযোগী অধ্যাপক, এন্ডোক্রিনোলজি বিভাগ, বঙ্গবন্ধু শেখ মুজিব মেডিকেল বিশ্ববিদ্যালয়।",লেখক হলেন বঙ্গবন্ধু শেখ মুজিব মেডিকেল বিশ্ববিদ্যালয়ের এন্ডোক্রাইনোলজি বিভাগের একজন সহযোগী অধ্যাপক।,22.739702265999995,,741.0
দীর্ঘদিন স্টেরয়েড ব্যবহারের ফলে ফাঙ্গাল ইনফেকশন বৃদ্ধি পায়,দীর্ঘমেয়াদী স্টেরয়েড ব্যবহার ছত্রাক সংক্রমণের ঝুঁকি বাড়ায়।,দীর্ঘকাল ধরে স্টেরয়েড ব্যবহারের কারণে ছত্রাকজনিত সংক্রমণের মাত্রা বেড়ে যায়।,36.51908001099992,,742.0
এর আগে দেড় মাস বিভিন্ন হাসপতালে ঘুরে ভর্তি হয়েছেন ঢাকা মেডিকেল কলেজ হাসপাতালের শিশু ক্যান্সার বিভাগে,এর আগে তিনি দেড় মাস বিভিন্ন হাসপাতাল পরিদর্শন করে ঢাকা মেডিকেল কলেজ হাসপাতালের শিশু ক্যান্সার বিভাগে ভর্তি ছিলেন।,এর পূর্বে দেড় মাস ধরে নানা হাসপাতালে ঘুরে ঢাকা মেডিকেল কলেজ হাসপাতালের শিশু ক্যান্সার বিভাগে ভর্তি হয়েছেন।,31.608643563999976,,743.0
"
গতকাল স্বাস্থ্য অধিদপ্তরের পাঠানো এক সংবাদ বিজ্ঞপ্তিতে জানানো হয়, গত এক দিনে ডেঙ্গু শনাক্ত হয়েছে আরও ১ হাজার ৭৯২ জনের","গতকাল স্বাস্থ্য অধিদপ্তরের পাঠানো এক প্রেস বিজ্ঞপ্তিতে বলা হয়, গত দিনে আরও ১ হাজার ৭৯২ জন ডেঙ্গুতে আক্রান্ত হয়েছেন।","স্বাস্থ্য অধিদপ্তর গতকাল এক বিজ্ঞপ্তিতে প্রকাশ করেছে, গত ২৪ ঘণ্টায় আরও ১ হাজার ৭৯২ জনের দেহে ডেঙ্গু শনাক্ত করা হয়েছে।",41.59229724400007,,744.0
কিন্তু প্রথম সাইড ইফেক্টই হচ্ছে পিল খেতে ভুলে যাওয়া বা মিসড পিল,কিন্তু প্রথম পার্শ্বপ্রতিক্রিয়া হলো পিল খেতে ভুলে যাওয়া বা মিসড পিল।,তবে এর সর্বপ্রথম পার্শ্বপ্রতিক্রিয়া হলো পিল সেবন ভুলে যাওয়া অথবা ডোজ মিস করা।,27.992270710999943,,745.0
স্তন্যদান সময়কালীন মায়েরা বুকের দুধের ভলিউম বাড়ানোর জন্য সকালের নাশতা বা বিকালের নাশতায় ওটস খেতে পারেন,বুকের দুধ খাওয়ানো মায়েরা বুকের দুধের পরিমাণ বাড়াতে সকালের নাস্তায় বা বিকেলের নাস্তায় ওটস খেতে পারেন।,স্তন্যদানকালীন সময়ে বুকের দুধের উৎপাদন বাড়াতে মায়েদের সকালের নাস্তা বা বিকেলের জলখাবারে ওটস খাওয়া যেতে পারে।,58.85542575,,746.0
অনেক পরিবারের সদস্যরা ভয়ে মৃতের সৎকার না করে পালিয়ে যেতে দেখেছি,অনেক পরিবারের সদস্যদের মৃতদেহ দাফন না করে ভয়ে পালিয়ে যেতে দেখেছি।,"আমি দেখেছি, ভয়ে অনেক পরিবারের সদস্যরা মৃতের শেষকৃত্য না করেই পালিয়ে গেছে।",34.633768949000114,,747.0
 থাইরয়েড গ্রন্থি যেটা গলার সামনের দিকে থাকে সেটা দীর্ঘদিন ফুলে শক্ত হয়ে থাকা,গলার সামনের দিকে অবস্থিত থাইরয়েড গ্রন্থি দীর্ঘ সময় ধরে ফুলে ও শক্ত থাকে।,গলার সম্মুখদেশে অবস্থিত থাইরয়েড গ্রন্থিটি দীর্ঘ সময় ধরে ফুলে শক্ত হয়ে থাকা।,26.014851635000014,,748.0
এটা একটা জটিল পরিস্থিতি যা হঠাৎ ঘটে,এটি একটি জটিল পরিস্থিতি যা হঠাৎ ঘটে।,আকস্মিকভাবে ঘটে যাওয়া এমন একটি জটিল পরিস্থিতি এটি।,21.973285439000165,,749.0
ফল স্বরূপ আমরা দেখতে পাই বিভিন্ন সরকারি ও বেসরকারি সংস্থা বিশেষ করে পুলিশ বিভাগ হোমিও সেবা গ্রহণ করছেন এবং সুস্থও হচ্ছেন,ফলে আমরা দেখছি বিভিন্ন সরকারি-বেসরকারি প্রতিষ্ঠান বিশেষ করে পুলিশ বিভাগ হোমিও সেবা নিচ্ছে এবং সুস্থ হচ্ছে।,"এর ফলে লক্ষ্য করা যায়, সরকারি ও বেসরকারি নানা প্রতিষ্ঠান, বিশেষত পুলিশ বাহিনী, হোমিওপ্যাথিক সেবা গ্রহণ করে আরোগ্য লাভ করছেন।",35.34650018699995,,750.0
রক্তচাপের ওষুধ একেকজনের জন্য একেকরকম হয়,রক্তচাপের ওষুধ প্রত্যেকের জন্য আলাদা।,প্রতিটি মানুষের রক্তচাপের ঔষধ ভিন্ন ভিন্ন হয়ে থাকে।,32.07432704000007,,751.0
সরকারি পর্যায়ে দেশের একমাত্র স্যালাইন উৎপাদনকারী প্রতিষ্ঠান জনস্বাস্থ্য ইন্সটিটিউট আইপিএইচ,সরকারি পর্যায়ে দেশের একমাত্র স্যালাইন উৎপাদনকারী প্রতিষ্ঠান পাবলিক হেলথ ইনস্টিটিউট আইপিএইচ।,রাষ্ট্রীয় পর্যায়ে স্যালাইন উৎপাদনকারী দেশের একমাত্র প্রতিষ্ঠানটি হলো জনস্বাস্থ্য ইনস্টিটিউট (আইপিএইচ)।,31.611588085999983,,752.0
এর ওপর যাঁদের এলোমেলো দাঁত লালা নিঃসরণ কম অনিয়ন্ত্রিত ডায়াবেটিস উচ্চ রক্তচাপ অনিয়ন্ত্রিত গ্যাস্ট্রিক অ্যাসিডিটি ইনহেলার ব্যবহারকারী ক্যানসারের রোগী অতিরিক্ত মিষ্টান্ন খাওয়ার অভ্যাসসহ রোগ প্রতিরোধক্ষমতা কম তাঁদের মুখের অভ্যন্তরের স্বাস্থ্য সব সময় হুমকিতে থাকে,"এছাড়াও, আঁকাবাঁকা দাঁত, কম লালা উৎপাদন, অনিয়ন্ত্রিত ডায়াবেটিস, উচ্চ রক্তচাপ, অনিয়ন্ত্রিত গ্যাস্ট্রিক অ্যাসিডিটি, ইনহেলার ব্যবহারকারী ক্যান্সার রোগী এবং যাদের রোগ প্রতিরোধ ক্ষমতা কম এবং বেশি পরিমাণে মিষ্টি খাওয়ার অভ্যাস রয়েছে তারা সবসময় ঝুঁকিতে থাকে। তাদের মৌখিক স্বাস্থ্য।","এছাড়াও, যাদের দাঁতের বিন্যাস এলোমেলো, লালা কম নিঃসৃত হয়, ডায়াবেটিস ও গ্যাস্ট্রিক অ্যাসিডিটি নিয়ন্ত্রণে নেই, উচ্চ রক্তচাপ রয়েছে, যারা ইনহেলার ব্যবহার করেন বা ক্যানসারে আক্রান্ত, যাদের অতিরিক্ত মিষ্টান্ন খাওয়ার অভ্যাস আছে এবং রোগ প্রতিরোধ ক্ষমতা দুর্বল, তাদের মুখগহ্বরের স্বাস্থ্য সর্বদাই ঝুঁকির মুখে থাকে।",47.00282050800001,,753.0
তাদের নিয়ে ক্যারম বাগাডুলি কিংবা দাবার মতো যেসব খেলা ঘরে বসে খেলা যায় সেগুলোয় সময় ব্যয় করতে পারেন,"আপনি তাদের সাথে ক্যারাম, বাগাডুলি বা দাবার মতো বাড়িতে খেলা যায় এমন গেম খেলে সময় কাটাতে পারেন।","তাদের সাথে ক্যারম, বাগাডুলি অথবা দাবার মতো ঘরোয়া খেলাগুলোতে সময় অতিবাহিত করতে পারেন।",37.1583193890001,,754.0
 এগুলো আমাদের পরিপাকতন্ত্র পরিষ্কার রাখে,এগুলো আমাদের পরিপাকতন্ত্র পরিষ্কার রাখে।,আমাদের পরিপাকতন্ত্রকে পরিচ্ছন্ন রাখতে এগুলো সহায়তা করে।,36.3806246659999,,755.0
অনেকের স্ট্রোকপরবর্তী পুনর্বাসন প্রোগ্রাম Physiotherapy  Rehabilitation পালন করতে হতে পারে,অনেক লোককে স্ট্রোকের পরে ফিজিওথেরাপি পুনর্বাসন নামে একটি পুনর্বাসন প্রোগ্রাম অনুসরণ করতে হতে পারে।,স্ট্রোকের পরবর্তী সময়ে অনেককেই ফিজিওথেরাপি ও পুনর্বাসন কর্মসূচি অনুসরণ করতে হতে পারে।,30.136938325000077,,756.0
বমি ভাব বা বমি হতে পারে,বমি বমি ভাব বা বমি হতে পারে।,বমি বমি লাগা অথবা বমি হয়ে যাওয়ার সম্ভাবনা রয়েছে।,28.09482491000017,,757.0
ওজন বাড়ার পাশাপাশি এ সুগারযুক্ত কোমল পানীয় নানাবিধ রোগ তৈরি করে,ওজন বৃদ্ধি ছাড়াও এই চিনিযুক্ত কোমল পানীয় বিভিন্ন রোগের কারণ হয়।,"এই সুগারযুক্ত কোমল পানীয় শুধু ওজনই বাড়ায় না, বরং নানা ধরনের রোগের কারণও হয়ে দাঁড়ায়।",35.95803758300008,,758.0
জলপাইয়ের মোনোস্যাচুরেটেড ফ্যাট যখন অন্য খাবারে বিদ্যমান স্যাচুরেটেড ফ্যাটের বদলে গ্রহণ করা হয় তখন তা দেহের ভিতরের ফ্যাট সেল ভাঙতে সাহায্য করে,অন্যান্য খাবারে পাওয়া স্যাচুরেটেড ফ্যাটের জায়গায় খাওয়া হলে অলিভ অয়েলের মনোস্যাচুরেটেড ফ্যাট শরীরের অভ্যন্তরে ফ্যাট কোষগুলিকে ভেঙে ফেলতে সাহায্য করে।,অন্যান্য খাবারের স্যাচুরেটেড ফ্যাটের পরিবর্তে জলপাইয়ের মোনোস্যাচুরেটেড ফ্যাট সেবন করলে তা শরীরের অভ্যন্তরীণ চর্বিকোষ ভাঙতে সহায়ক হয়।,30.928934132999984,,759.0
আসুন জেনে নিই নারীদের সাদা স্রাব কেন হয়,আসুন জেনে নেওয়া যাক কেন মহিলাদের সাদা স্রাব হয়।,নারীদের সাদা স্রাব হওয়ার কারণগুলো জেনে নেওয়া যাক।,24.466070459000093,,760.0
কে কতটুকু ব্যায়াম করতে পারবেন তা চিকিৎসকের কাছ থেকে জেনে নিতে হবে,আপনি কতটা ব্যায়াম করতে পারেন তা দেখতে আপনার ডাক্তারের সাথে পরীক্ষা করা উচিত।,"একজন ব্যক্তি কতটা ব্যায়াম করতে পারবেন, সে বিষয়ে চিকিৎসকের পরামর্শ নেওয়া আবশ্যক।",48.81610865400012,,761.0
এ ছাড়া আঙুরের রস তাদের মধ্যে প্লাজমা অ্যান্টিঅক্সিডেন্ট ক্ষমতাও বৃদ্ধি করে,"এছাড়াও, আঙ্গুরের রস তাদের মধ্যে প্লাজমা অ্যান্টিঅক্সিডেন্ট ক্ষমতা বাড়ায়।","শুধু তাই নয়, আঙুরের রস তাদের রক্তরসের অ্যান্টিঅক্সিডেন্ট ক্ষমতাও বাড়িয়ে দেয়।",34.071168051000086,,762.0
 রক্তে ইউরিক অ্যাসিডের মাত্রা বেড়ে গেলে খাদ্যতালিকা থেকে বাদ পড়ে যায় অনেক কিছুই,রক্তে ইউরিক অ্যাসিডের মাত্রা বেড়ে গেলে খাবার থেকে অনেক কিছুই বাদ দেওয়া হয়।,রক্তে ইউরিক অ্যাসিডের মাত্রা বৃদ্ধি পেলে খাদ্যতালিকা থেকে বেশ কিছু খাবার বাদ দিতে হয়।,32.13473813100018,,763.0
 গৃহস্থালির কাজে নিরাপদ ও বিশুদ্ধ পানি ব্যবহার করতে হবে,গৃহস্থালির কাজে নিরাপদ ও বিশুদ্ধ পানি ব্যবহার করতে হবে।,ঘরোয়া কাজকর্মে নিরাপদ ও বিশুদ্ধ পানির ব্যবহার অপরিহার্য।,22.970989876999965,,764.0
 এটি আপনার পরিপাকতন্ত্রকে সুস্থ রাখে,এটি আপনার পরিপাকতন্ত্রকে সুস্থ রাখে।,এটি আপনার পরিপাকতন্ত্রের সুস্থতা বজায় রাখে।,19.802409903999887,,765.0
সাম্প্রতিক বছরগুলিতে সরকার এবং বেসরকারি প্রতিষ্ঠান উভয়ই জনগণের গতিবিধি দেখার জন্য এবং নিয়ন্ত্রণ করার জন্য আরও অত্যাধুনিক প্রযুক্তি ব্যবহার করে আসছে,"সাম্প্রতিক বছরগুলিতে, সরকারী এবং বেসরকারী উভয় প্রতিষ্ঠানই জনগণের গতিবিধি নিরীক্ষণ ও নিয়ন্ত্রণের জন্য আরও অত্যাধুনিক প্রযুক্তি ব্যবহার করেছে।",জনসাধারণের চলাফেরা পর্যবেক্ষণ ও নিয়ন্ত্রণের উদ্দেশ্যে গত কয়েক বছরে সরকারি ও বেসরকারি উভয় প্রতিষ্ঠানই অধিক আধুনিক প্রযুক্তির প্রয়োগ ঘটিয়ে চলেছে।,38.96837300900006,,766.0
এর ওপরে পাতলা একটি স্তর থাকে যা বাইরের জীবাণু থেকে আমাদের চোখকে রক্ষা করে,এর উপরে একটি পাতলা স্তর রয়েছে যা আমাদের চোখকে বাইরের জীবাণু থেকে রক্ষা করে।,এর উপরিভাগে থাকা একটি পাতলা আবরণ আমাদের চোখকে বাইরের জীবাণু থেকে সুরক্ষিত রাখে।,38.91605317299991,,767.0
তবে হেয়ারি লিউকোপ্লাকিয়াতে ক্যান্সারের কোনো ঝুঁকি থাকে না,তবে লোমশ লিউকোপ্লাকিয়াতে ক্যান্সারের ঝুঁকি নেই।,কিন্তু হেয়ারি লিউকোপ্লাকিয়ায় ক্যান্সার হওয়ার কোনো আশঙ্কা নেই।,23.76001039100015,,768.0
 কোনো শব্দ উচ্চারণে সমস্যা হলে প্রথমে স্বরবর্ণগুলো জোরে জোরে উচ্চারণ করুন,কোনো শব্দ উচ্চারণ করতে সমস্যা হলে প্রথমে স্বরধ্বনিগুলো উচ্চারণ করুন।,"শব্দ উচ্চারণে কোনো ধরনের অসুবিধা হলে, সবার আগে স্বরবর্ণগুলো সজোরে উচ্চারণ করুন।",27.613297827,,769.0
এছাড়া চুলে ব্যবহার করুন হেয়ার সেরাম,এছাড়াও চুলে হেয়ার সিরাম ব্যবহার করুন।,পাশাপাশি চুলে হেয়ার সিরাম ব্যবহার করুন।,31.80042305799998,,770.0
আমেরিকান ক্যানসার বিশেষজ্ঞ রিচার্ড ডেল ও রিচার্ড পেটোর মতে মানবদেহে যত ধরনের ক্যানসার হতে পারে তার বেশিরভাগ ক্ষেত্রেই ধূমপান ও তামাকের সরাসরি ভূমিকা রয়েছে,"আমেরিকান ক্যান্সার বিশেষজ্ঞ রিচার্ড ডেল এবং রিচার্ড পেটোর মতে, ধূমপান এবং তামাক মানুষের শরীরে যে ধরনের ক্যান্সার হতে পারে তার বেশিরভাগ ক্ষেত্রে সরাসরি ভূমিকা পালন করে।","ক্যানসার বিষয়ক আমেরিকান বিশেষজ্ঞ রিচার্ড ডেল ও রিচার্ড পেটোর অভিমত, মানুষের শরীরে দেখা দেওয়া অধিকাংশ ক্যানসারের পেছনেই ধূমপান ও তামাকের প্রত্যক্ষ প্রভাব রয়েছে।",38.64767240700007,,771.0
হৃদ্রোগ ক্যানসার কিডনির অসুস্থতা অ্যাজমা বা শ্বাসযন্ত্রের অসুবিধা টিবি অ্যালার্জি থাকলে,হৃদরোগ ক্যান্সার কিডনি রোগ হাঁপানি বা শ্বাসকষ্টের সমস্যা টিবি অ্যালার্জি,"হৃদরোগ, কর্কটরোগ, বৃক্কের সমস্যা, হাঁপানি বা শ্বাসতন্ত্রের জটিলতা, যক্ষ্মা কিংবা অ্যালার্জি থাকলে",50.69064782200008,,772.0
ময়নাতদন্তের প্রাথমিক ফলাফলগুলোতে শরীরের একাধিক অঙ্গগুলোতে রক্তজমাট বিস্তৃত ছড়িয়ে থাকা নিদর্শন দেখা যায়,ময়নাতদন্তের প্রাথমিক ফলাফলে একাধিক অঙ্গে ব্যাপক রক্ত ​​জমাট বেঁধেছে।,ময়নাতদন্তের প্রাথমিক প্রতিবেদনে শরীরের একাধিক অঙ্গে ব্যাপকভাবে রক্ত জমাট বাঁধার লক্ষণ পরিলক্ষিত হয়েছে।,29.470175176999877,,773.0
পরিশেষে মানসিক অবসাদ একসময় ধনিক শ্রেণীর অসুখ মনে করা হলেও অতিরিক্ত নগরায়ন পিতামাতার অতিরিক্ত ব্যস্ততা বর্তমান সময়ের লকডাউনের মতো বদ্ধ অবস্থার কারণে স্বল্পন্নত দেশ সমূহে ও মানসিক অবসাদ ব্যাপকভাবে জেকে বসেছে,"পরিশেষে, বিষণ্নতাকে একসময় ধনীদের একটি রোগ বলে মনে করা হতো, কিন্তু অতিনগরীকরণ, অতিরিক্ত ব্যস্ত অভিভাবকত্ব এবং বর্তমান লকডাউন অনুন্নত দেশগুলোতে বিষণ্নতাকে ব্যাপকভাবে ছড়িয়ে দিয়েছে।","পূর্বে মানসিক বিষণ্নতাকে শুধুমাত্র ধনী শ্রেণির রোগ ভাবা হলেও, বর্তমানে অতিরিক্ত নগরায়ন, পিতামাতার অত্যধিক কর্মব্যস্ততা এবং লকডাউনের মতো বন্দিদশার কারণে স্বল্পোন্নত দেশগুলোতেও এই সমস্যা ব্যাপকভাবে ছড়িয়ে পড়েছে।",35.06558146399993,,774.0
 এ ছাড়া পাস্তা কেনার ক্ষেত্রে হোল গ্রেইন পাস্তা দেখে কিনতে পারেন,"এছাড়াও, পাস্তা কেনার সময়, আপনি পুরো শস্যের পাস্তার সন্ধান করতে পারেন এবং এটি কিনতে পারেন।","এর পাশাপাশি, পাস্তা কেনার সময় আপনি হোল গ্রেইন পাস্তা বেছে নিতে পারেন।",30.36747018799997,,775.0
 তবে কিডনির রোগ ইতিমধ্যেই থাকলে তখন সতর্ক হতে হবে,তবে আপনার যদি আগে থেকেই কিডনি রোগ থাকে তবে সাবধান।,"কিন্তু পূর্ব থেকেই কিডনির রোগ থাকলে, সে ক্ষেত্রে সতর্কতা অবলম্বন করা আবশ্যক।",30.191756886999883,,776.0
পুরো ফেব্রুয়ারি মাস বন্ধ থাকবে বলে ঘোষণা দিয়ে অনেক স্কুল ছুটিও দিয়েছিল,অনেক স্কুল পুরো ফেব্রুয়ারি মাসের জন্য ছুটি ঘোষণা করেছে।,ফেব্রুয়ারি মাসের পুরোটা সময় বন্ধ রাখার ঘোষণা করে অনেক স্কুল ছুটি দিয়েছিল।,38.35064731000011,,777.0
আজকাল অনেকেই শর্করা শূন্য বা জিরো কার্ব বা লো কার্ব খাবারের দিকে ঝুঁকছেন,"আজকাল, অনেক লোক জিরো-কার্ব বা কম-কার্ব ডায়েটের দিকে ঝুঁকছে।",বর্তমান সময়ে অনেক মানুষের মধ্যেই শর্করাবিহীন বা স্বল্প-কার্ব খাদ্য গ্রহণের প্রবণতা বেড়েছে।,35.85964092799986,,778.0
মনে রাখতে হবে অ্যাজমায় ইনহেলার সবচেয়ে আধুনিক এবং শুরুর দিকের চিকিৎসা যার পার্শ্বপ্রতিক্রিয়া নাই বললেই চলে,এটা মনে রাখা উচিত যে হাঁপানি ইনহেলার হল সবচেয়ে আধুনিক এবং প্রাথমিক চিকিৎসা যার প্রায় কোন পার্শ্বপ্রতিক্রিয়া নেই।,"স্মরণ রাখা জরুরি যে, হাঁপানি রোগে ইনহেলার হলো একটি অত্যন্ত আধুনিক ও প্রাথমিক চিকিৎসা পদ্ধতি, যার পার্শ্বপ্রতিক্রিয়া প্রায় শূন্য।",31.169813699000088,,779.0
 আর হাসপাতাল থেকে ছাড়পত্র পেয়েছেন এক হাজার ৪৮৯ জন,আর হাসপাতাল থেকে ছাড়পত্র পেয়েছেন ১ হাজার ৪৮৯ জন।,"এছাড়াও, হাসপাতাল থেকে ছাড়পত্র পেয়েছেন এক হাজার ৪৮৯ জন রোগী।",39.60015399500003,,780.0
মধ্য সকাল বেলায় মিক্সড নাট চিকেন স্যুপ দই হতে পারে,মাঝরাতে মিক্সড বাদাম চিকেন স্যুপে দই হতে পারে।,"সকালের মাঝামাঝি সময়ে মিশ্র বাদাম, মুরগির স্যুপ এবং দই খাওয়া যেতে পারে।",29.49466176099986,,781.0
তিনি বলেন হাই ব্লাড প্রেসার বা উচ্চ রক্তচাপ মনে আমাদের দেশের রোগীরা সবাই ফার্মেসিতে যায়,"তিনি বলেন, আমাদের দেশের সব রোগীই উচ্চ রক্তচাপের কারণে ফার্মেসিতে যান।","তিনি জানান, উচ্চ রক্তচাপ বা হাই ব্লাড প্রেসারের সমস্যা হলে আমাদের দেশের সকল রোগীই সরাসরি ফার্মেসিতে চলে যায়।",28.39684922399988,,782.0
ইনফেকশনের কারণে কারও ডিম্বনালি যদি কেটেই ফেলা হয় বা কারও যদি টিউমার লাইগেশন করে দেয়া হয় সেক্ষেত্রে স্বামীস্ত্রী মিলন করলেও ডিম্বাণু নিষিক্ত হবে না,"যদি সংক্রমণের কারণে কারো ফ্যালোপিয়ান টিউব অপসারণ করা হয় বা কারো টিউমার বন্ধন থাকে, এমনকি স্বামী-স্ত্রীর মিলন থাকলেও ডিম্বাণু নিষিক্ত হবে না।","সংক্রমণের ফলে ডিম্বনালি অপসারণ করা হলে কিংবা টিউবাল লাইগেশন সম্পন্ন হলে, স্বামী-স্ত্রীর সহবাস সত্ত্বেও ডিম্বাণুর নিষেক ঘটবে না।",44.273301017,,783.0
১ Major Psychiatric disorder বা গুরুতর মানসিক ব্যাধি,1 প্রধান মানসিক ব্যাধি বা গুরুতর মানসিক ব্যাধি,১ Major Psychiatric disorder অথবা তীব্র মানসিক রোগ,39.24533133700015,,784.0
সবচেয়ে ভালো হয় ঘুমের অন্তত তিন ঘণ্টা আগে খাবার খাওয়ানো,ঘুমানোর অন্তত তিন ঘণ্টা আগে খাওয়া ভালো।,ঘুমানোর কমপক্ষে তিন ঘণ্টা পূর্বে খাবার খাওয়ানোই সবচেয়ে উপযুক্ত।,27.243201002999967,,785.0
 পরিবারে সুষম খাদ্যাভ্যাস গড়ে তুলুন,পরিবারে সুষম খাদ্য গড়ে তুলুন।,পরিবারের সদস্যদের সুষম খাদ্য গ্রহণে অভ্যস্ত করে তুলুন।,30.19389591900017,,786.0
 কয়েকটি পুদিনা পাতা একটি পাত্রের জলে নিয়ে ফুটিয়ে সেই জল ছেঁকে ঠান্ডা করে পান করলে উপকার,একটি পাত্রের পানিতে কয়েকটি পুদিনা পাতা সিদ্ধ করে সেই পানি ছেঁকে পান করলে উপকার পাওয়া যায়।,কয়েকটি পুদিনা পাতা এক পাত্র জলে সিদ্ধ করে সেই পানি ছেঁকে ঠান্ডা করে পান করা বেশ উপকারী।,38.20552742299992,,787.0
আমাদের পলিসি হচ্ছেতার কক্ষ থেকে যেসব জায়গায় তিনি গিয়েছেন সেসব কক্ষ ডিজইনফেক্ট করব,আমাদের নীতি হল তিনি যে কক্ষগুলি পরিদর্শন করেছেন তার রুম থেকে জীবাণুমুক্ত করা।,"আমাদের নিয়ম অনুযায়ী, তিনি নিজের ঘর থেকে বেরিয়ে যেসব কক্ষে গিয়েছেন, আমরা সেসব কক্ষ জীবাণুমুক্ত করব।",32.26436849100014,,788.0
 কিছু জন্মগত ত্রুটিও এই রোগে আক্রান্ত হওয়ার ঝুঁকি বাড়িয়ে দেয়,কিছু জন্মগত ত্রুটি রোগ হওয়ার ঝুঁকি বাড়ায়।,এই রোগে আক্রান্ত হওয়ার ঝুঁকি কিছু জন্মগত ত্রুটির কারণেও বৃদ্ধি পায়।,24.830415354000024,,789.0
তিনি মিপুরের ডা আজমল হাসপাতালের কনসালট্যান্ট এবং ডার্মাটোলজিস্ট ও ডার্মাটো সার্জন,তিনি মিপুরের আজমল হাসপাতালের কনসালটেন্ট এবং চর্মরোগ বিশেষজ্ঞ এবং ডার্মাটো সার্জন।,"মিরপুরের ডা. আজমল হাসপাতালে তিনি একজন কনসালট্যান্ট, চর্মরোগ বিশেষজ্ঞ ও চর্মসার্জন হিসেবে কর্মরত।",38.36701352,,790.0
আয়োডিনের সবচেয়ে সাধারণ উৎস হলো আয়োডিনযুক্ত লবণ,আয়োডিনের সবচেয়ে সাধারণ উৎস হল আয়োডিনযুক্ত লবণ।,আয়োডিনযুক্ত লবণই হলো আয়োডিনের সবচেয়ে প্রচলিত উৎস।,34.03447303499979,,791.0
তাদের কেউ কেউ হটলাইনে নিয়ন্ত্রণ কক্ষের সঙ্গে যোগাযোগ করেছেন,তাদের কেউ কেউ হটলাইনে কন্ট্রোল রুমে যোগাযোগ করেন।,হটলাইনের মাধ্যমে তাদের কয়েকজন নিয়ন্ত্রণ কক্ষের সঙ্গে যোগাযোগ স্থাপন করেছেন।,25.81797227900006,,792.0
সূত্র জানায় ট্রাস্ট ফান্ডের মতো মুক্তিযোদ্ধা কল্যাণ ট্রাস্টের অধীনে থাকা বেশির ভাগ প্রতিষ্ঠানের অবস্থা একই রকম,"সূত্র জানায়, ট্রাস্ট ফান্ডের মতো মুক্তিযোদ্ধা কল্যাণ ট্রাস্টের আওতাধীন অধিকাংশ প্রতিষ্ঠানের একই অবস্থা।","সূত্রের খবর অনুযায়ী, মুক্তিযোদ্ধা কল্যাণ ট্রাস্টের আওতাধীন অধিকাংশ প্রতিষ্ঠানের দশাও ট্রাস্ট ফান্ডের মতোই।",29.374409747000072,,793.0
এই হরমোনটি আমাদের ঘুম ও জেগে ওঠা নিয়ন্ত্রণ করে,এই হরমোন আমাদের ঘুম এবং জাগ্রততা নিয়ন্ত্রণ করে।,আমাদের ঘুম ও জাগরণের প্রক্রিয়াটি এই হরমোন দ্বারা নিয়ন্ত্রিত হয়।,33.43577235700013,,794.0
তাই ডেঙ্গি থেকে সেরে ওঠার পর শিথিলতার সঙ্গে দুতিন সপ্তাহ কাটাতে হবে,তাই ডেঙ্গু থেকে সেরে ওঠার পর দুই থেকে তিন সপ্তাহ আরামের সঙ্গে কাটাতে হবে।,"সে কারণে, ডেঙ্গু থেকে আরোগ্য লাভের পরবর্তী দুই-তিন সপ্তাহ পুরোপুরি বিশ্রামে কাটাতে হবে।",33.38886002899994,,795.0
খোসার ভেতরের অংশ আলো ও বাতাসের সংস্পর্শে আসে না বলে তাতে পুষ্টিমান বেশি থাকে,"যেহেতু খোসার ভেতরের অংশ আলো ও বাতাসের সংস্পর্শে আসে না, তাই এটি বেশি পুষ্টিকর।",আলো ও বাতাসের সংস্পর্শে না আসায় খোসার অভ্যন্তরীণ অংশে পুষ্টিগুণের পরিমাণ বেশি থাকে।,33.37523562699994,,796.0
যাদের একবার হাড় ভাঙার ঘটনা ঘটে তাদের পরবর্তীতে হাড় ভাঙার ঝুঁকি অনেকগুণ বেড়ে যায়,যাদের ফ্র্যাকচার হয়েছে তাদের ভবিষ্যতে ফ্র্যাকচারের ঝুঁকি বেশি।,"যাদের একবার হাড় ভেঙেছে, তাদের ভবিষ্যতে পুনরায় হাড় ভাঙার ঝুঁকি বহুগুণ বৃদ্ধি পায়।",32.72922375600001,,797.0
ডিকোয়ারভ্যান টেনোসাইনোভাইটিস এর মধ্যে অন্যতম,DeQuervain এর Tenosynovitis তাদের মধ্যে একটি।,এগুলোর মধ্যে একটি হলো ডিকোয়ারভ্যান টেনোসাইনোভাইটিস।,28.716272065000112,,798.0
এটি যত দ্রুত সম্ভব শেষ করতে আমাদের সঙ্গে কাজ করছে অ্যাডভেন্ট,আবির্ভাব যত দ্রুত সম্ভব এটি সম্পূর্ণ করার জন্য আমাদের সাথে কাজ করছে।,যথাসম্ভব দ্রুত এটি সম্পন্ন করতে অ্যাডভেন্ট আমাদের সাথে যৌথভাবে কাজ করে যাচ্ছে।,27.374803259000146,,799.0
যার পিছনে পিটুইটারি গ্রন্থি কর্তৃক অতিরিক্ত এলএইচ LH নিঃস্বরণ ও দেহে ইনস্যুলিন রেজিস্ট্রেন্সের উপস্থিতি,যার পেছনে রয়েছে পিটুইটারি গ্রন্থি দ্বারা অতিরিক্ত এলএইচ নিঃসরণ এবং শরীরে ইনসুলিন প্রতিরোধ ক্ষমতা।,পিটুইটারি গ্রন্থি থেকে অতিরিক্ত LH নিঃসরণ এবং শরীরে ইনস্যুলিন রেজিস্ট্যান্সের উপস্থিতিই এর মূল কারণ।,43.62141597699997,,800.0
করোনাভাইরাস এমনভাবে রূপ বদলাচ্ছে যে সহজে বোঝার উপায় নেই কার মধ্যে বাস করছে ছোঁয়াচে এ ভাইরাস,করোনাভাইরাস এমনভাবে পরিবর্তিত হচ্ছে যে এই ছোঁয়াচে ভাইরাসের সাথে কারা বসবাস করছে তা বোঝার কোন সহজ উপায় নেই।,"করোনাভাইরাসের রূপ পরিবর্তনের ধরন এমন যে, এই সংক্রামক ভাইরাসটি কার শরীরে বাসা বেঁধেছে তা সহজে বোঝা যাচ্ছে না।",39.41100780199986,,801.0
পায়ের ত্বকের রঙের কোনো পরিবর্তন ফোসকা বা লালচে দাগ চোখে পড়লে দ্রুত চিকিৎসকের পরামর্শ নিন,"আপনি যদি আপনার পায়ের ত্বকের রঙে কোনো পরিবর্তন, ফোসকা বা লাল দাগ লক্ষ্য করেন, অবিলম্বে ডাক্তারের পরামর্শ নিন।","পায়ের ত্বকে রঙের যেকোনো পরিবর্তন, ফোসকা অথবা লালচে দাগ দেখতে পেলে অবিলম্বে চিকিৎসকের পরামর্শ নিন।",49.148932022999816,,802.0
মৃগী রোগীদের কিছু সতর্কতা অবলম্বন করা উচিত,মৃগী রোগীদের কিছু সতর্কতা অবলম্বন করা উচিত।,মৃগীরোগে আক্রান্তদের কিছু সতর্কতামূলক ব্যবস্থা নেওয়া প্রয়োজন।,40.975704122000025,,803.0
তবে আমরা কেউই আশা ছাড়তে পারি না,কিন্তু আমরা কেউই আশা ছাড়তে পারি না।,কিন্তু আমাদের কারও পক্ষেই আশা ত্যাগ করা সম্ভব নয়।,21.78781310900013,,804.0
সর্দি ঠান্ডা কাশি থেকে রক্ষা পেতে হলে প্রতিদিনে খাদ্য তালিকায় সবুজ পেয়ারা ফল হিসাবে কিংবা সালাদে বিভিন্ন ধরনের রেসিপি তৈরি করা যায়,সর্দি-কাশি প্রতিরোধে প্রতিদিনের খাদ্যতালিকায় ফল বা সালাদ হিসেবে বিভিন্ন রেসিপিতে সবুজ পেয়ারা তৈরি করা যায়।,"সর্দি, ঠান্ডা ও কাশি প্রতিরোধে দৈনন্দিন খাদ্যতালিকায় সবুজ পেয়ারা যুক্ত করা যেতে পারে, যা ফল হিসেবে অথবা সালাদের নানা রেসিপি বানিয়ে খাওয়া যায়।",35.48787186599998,,805.0
টিকার পার্শ্বপ্রতিক্রিয়া সম্পর্কে তিনি বলেন সামান্য জ্বরঅ্যালার্জি হতে পারে,"ভ্যাকসিনের পার্শ্বপ্রতিক্রিয়া সম্পর্কে তিনি বলেন, সামান্য জ্বর হলে অ্যালার্জি হতে পারে।","তিনি জানিয়েছেন, টিকা নেওয়ার ফলে সামান্য জ্বর বা অ্যালার্জির মতো পার্শ্বপ্রতিক্রিয়া দেখা দিতে পারে।",30.97481533999985,,806.0
সাধারণত অ্যান্টিবায়োটিক গ্রহণ বন্ধ করে দিলে অর্থাৎ এর কোর্স সম্পন্ন হলে এই সমস্যাগুলো ঠিক হতে শুরু করে,অ্যান্টিবায়োটিকের কোর্স বন্ধ হয়ে গেলে সাধারণত এই সমস্যাগুলি চলে যায়।,অধিকাংশ ক্ষেত্রে অ্যান্টিবায়োটিক সেবনের কোর্স শেষ হয়ে গেলে বা ওষুধ খাওয়া বন্ধ করলে এই সমস্যাগুলো দূর হতে শুরু করে।,32.9004634370001,,807.0
খামের ওপর লিখুন পাঠকের প্রশ্ন ফেসবুক পেজ fbcomAdhunaPA,পাঠকের প্রশ্নটি খামের ফেসবুক পেজ fbcomAdhunaPA-এ লিখুন,"খামের গায়ে 'পাঠকের প্রশ্ন' লিখুন, আমাদের ফেসবুক পেজের ঠিকানা fbcomAdhunaPA।",38.26948932200003,,808.0
শিশু যদি ক্রনিক কিডনি ডিজিজ বা সিকেডিতে আক্রান্ত হয় কিডনি পুরোপুরি অক্ষম হয় ডায়ালাইসিস বা কিডনি প্রতিস্থাপনের প্রয়োজন হয় তবে চিন্তার কিছু নেই,"শিশুর দীর্ঘস্থায়ী কিডনি রোগ বা CKD, ডায়ালাইসিস বা কিডনি প্রতিস্থাপনের জন্য সম্পূর্ণ কিডনি ব্যর্থ হলে চিন্তা করার দরকার নেই।",শিশুদের দীর্ঘস্থায়ী কিডনি রোগ বা সিকেডিতে আক্রান্ত হয়ে কিডনি সম্পূর্ণ বিকল হয়ে পড়লে এবং ডায়ালাইসিস বা কিডনি প্রতিস্থাপনের প্রয়োজন হলেও আতঙ্কিত হওয়ার কোনো কারণ নেই।,29.14212404,,809.0
 এ বছর দিবসটির প্রতিপাদ্য ‘গর্ভকালে চারবার সেবা গ্রহণ করি; নিরাপদ মাতৃত্ব নিশ্চিত করি’,এ বছর দিবসটির প্রতিপাদ্য 'গর্ভাবস্থায় চারবার সেবা নিন; নিরাপদ মাতৃত্ব নিশ্চিত করুন'।,এবারের দিবসটির মূল প্রতিপাদ্য হলো— 'গর্ভাবস্থায় চারবার সেবা গ্রহণ করি এবং নিরাপদ মাতৃত্ব নিশ্চিত করি'।,44.86075037499995,,810.0
আপনি কী ধরনের খাবার খাচ্ছেন সেটিও গুরুত্বপূর্ণ,আপনি কি ধরনের খাবার খান তাও গুরুত্বপূর্ণ।,"আপনি কোন ধরনের খাদ্য গ্রহণ করছেন, সে বিষয়টিও গুরুত্বপূর্ণ।",35.57942727900013,,811.0
গাঢ় লাল জাতীয় রং এর ছড়াছড়ি থাকে লুকে,গাঢ় লাল রং ছড়িয়ে ছিটিয়ে আছে আড়ালে।,লুকের দৃশ্যপটে গাঢ় লালচে আভার বিস্তার লক্ষ্য করা যায়।,35.36968333100003,,812.0
এদের ধীরে ধীরে বুঝিয়ে কাজে আনা হয়েছে,তাদেরকে ধীরে ধীরে বুঝিয়ে কাজে আনা হয়েছে।,ধীরে ধীরে বোঝানোর মাধ্যমে এদের কাজে নিয়োজিত করা হয়েছে।,24.799165766999977,,813.0
সালাদে শসা গাজর টমেটোর সঙ্গে কচি বাঁধাকপি মেশালে তার স্বাদ হয় অত্যন্ত চমৎকার,"স্যালাডে শসা, গাজর, টমেটো এবং কচি বাঁধাকপি মিশিয়ে দিলে খুব ভালো লাগে।","শসা, গাজর ও টমেটোর সাথে কচি বাঁধাকপি মিশিয়ে সালাদ তৈরি করলে তার স্বাদ অত্যন্ত সুস্বাদু হয়ে ওঠে।",32.00892571400004,,814.0
জীবনের প্রতি ইতিবাচক দৃষ্টিভঙ্গী মনের নেতিবাচক চিন্তাভাবনা দূর হয়ে যায় যোগাসন করার পড়ে,"জীবনের প্রতি ইতিবাচক দৃষ্টিভঙ্গি, মনের নেতিবাচক চিন্তা যোগ অনুশীলনের মাধ্যমে দূর হয়।",যোগাসন চর্চার ফলে মন থেকে নেতিবাচক চিন্তা দূরীভূত হয় এবং জীবনের প্রতি একটি ইতিবাচক দৃষ্টিভঙ্গি গড়ে ওঠে।,23.06114506900008,,815.0
যদি আপনার সবকিছু ভালো থাকার পরও এমন হয় একজন ডাক্তারের চিকিৎসা নেবেন,আপনি সুস্থ বোধ করলেও যদি এটি ঘটে তবে ডাক্তারের পরামর্শ নিন।,"আপনার সবকিছু স্বাভাবিক থাকা সত্ত্বেও যদি এমন কিছু ঘটে, তবে একজন চিকিৎসকের পরামর্শ নেবেন।",28.56101413799979,,816.0
 আশপাশের পরিবেশ পরিষ্কার-পরিচ্ছন্ন রাখতে হবে,চারপাশের পরিবেশ পরিষ্কার রাখতে হবে।,চারপাশের পরিবেশ সর্বদা পরিচ্ছন্ন ও নিকেল রাখা আবশ্যক।,37.21117175299992,,817.0
এ জাতীয় জীবাণু অন্ত্র পাকস্থলী যকৃত প্রভৃতি জায়গায় প্রবেশ করে আমাদের অসুস্থ করে তোলে,"এই ধরনের জীবাণু অন্ত্র, পাকস্থলী, লিভার ইত্যাদি জায়গায় প্রবেশ করে আমাদের অসুস্থ করে।","আমাদের পাকস্থলী, অন্ত্র ও যকৃৎসহ শরীরের বিভিন্ন অঙ্গে এই ধরনের জীবাণু প্রবেশ করলে আমরা রোগাক্রান্ত হয়ে পড়ি।",30.915406676999964,,818.0
 শরীরে নানারকম যন্ত্রপাতি প্রবেশ করিয়ে নানা পরীক্ষা করে তবেই জানা যায় আপনি এই রোগে আক্রান্ত কি না,শরীরে বিভিন্ন যন্ত্র ঢুকিয়ে বিভিন্ন পরীক্ষা-নিরীক্ষা করলেই জানা যায় আপনি এই রোগে ভুগছেন কি না।,শরীরের ভেতরে বিভিন্ন ধরনের যন্ত্রপাতি প্রবেশ করিয়ে বেশ কিছু পরীক্ষা-নিরীক্ষা করার পরেই কেবল বোঝা যায় আপনি এই রোগে আক্রান্ত হয়েছেন কি না।,32.60788192700011,,819.0
দীর্ঘদিনের অল্প অল্প জ্বর থাকলে বা সাধারণ চিকিৎসায় সেগুলোর কোনো উন্নতি না হলে তখন তাকে অবহেলা না করে তার অন্তর্নিহিত কারণ খুঁজে বের করতে হবে,আপনার যদি দীর্ঘ সময়ের জন্য নিম্ন-গ্রেডের জ্বর থাকে বা সাধারণ চিকিত্সার মাধ্যমে এটির উন্নতি না হয় তবে আপনার এটি উপেক্ষা করা উচিত নয় এবং অন্তর্নিহিত কারণটি খুঁজে বের করা উচিত নয়।,"টানা অনেক দিন ধরে হালকা জ্বর থাকলে অথবা প্রাথমিক চিকিৎসায় তা না কমলে, বিষয়টিকে হেলাফেলা না করে এর মূল কারণ নির্ণয় করা জরুরি।",31.600190638000186,,820.0
উপসর্গ দেখা দিলে সব কাজ ফেলে ডাক্তারের কাছে যাওয়া দরকার,লক্ষণ দেখা দিলে সব কাজ বন্ধ করে ডাক্তারের কাছে যান।,রোগের লক্ষণ প্রকাশ পেলেই সব কাজকর্ম বাদ দিয়ে চিকিৎসকের কাছে যাওয়া আবশ্যক।,30.851750166999864,,821.0
স্বাভাবিক কার্যক্রম পরিচালনা করার জন্য আমাদের শরীরে সামান্য পরিমাণে কোলস্টেরল প্রয়োজন হয় যখন কোলস্টেরলের পরিমাণ বেড়ে যায় তখন রক্তনালিতে ফ্যাট জমা হতে পারে যা রক্তনালিকে সংকীর্ণ করে থাকে,"আমাদের শরীরের স্বাভাবিক কার্য সম্পাদনের জন্য অল্প পরিমাণে কোলেস্টেরল প্রয়োজন। যখন কোলেস্টেরলের মাত্রা বেশি থাকে, তখন রক্তনালীতে চর্বি জমা হতে পারে, যা রক্তনালীকে সংকুচিত করে।","শরীরের স্বাভাবিক কাজকর্ম সচল রাখতে সামান্য পরিমাণ কোলস্টেরল প্রয়োজন, তবে এর মাত্রা বৃদ্ধি পেলে রক্তনালীতে চর্বি জমা হয়ে রক্ত প্রবাহের পথকে সংকুচিত করে দিতে পারে।",33.3819781520001,,822.0
একই সঙ্গে আতঙ্ক ও ভুল বোঝাবুঝি এড়ানো যায়,"একই সময়ে, আতঙ্ক এবং ভুল বোঝাবুঝি এড়ানো যায়।",একই সময়ে আতঙ্ক এবং বিভ্রান্তি রোধ করা সম্ভব।,32.95529882799997,,823.0
ডা মো তৌফিকুর রহমান রক্তচাপ অনেক কারণে উঠানামা করতে পারে,ডাঃ তৌফিকুর রহমান নানা কারণে রক্তচাপ বাড়তে পারে।,"ডা. মো. তৌফিকুর রহমান জানান, নানা কারণে রক্তচাপ কমতে বা বাড়তে পারে।",33.341535582999995,,824.0
গরম চায়ের সঙ্গে মধু মিশিয়ে খেতে পারেন,গরম চায়ের সাথে মধু মিশিয়ে নিতে পারেন।,গরম চায়ে মধু মিশিয়ে পান করতে পারেন।,30.178305952000077,,825.0
নিয়মিত খালি পেটে কলা খেলে এর শর্করা ম্যাগনেসিয়াম ও পটাশিয়াম রক্তে মিশে তা হার্টের নানা সমস্যার কারণ হতে পারে,"নিয়মিত খালি পেটে কলা খেলে এর চিনি, ম্যাগনেসিয়াম এবং পটাশিয়াম রক্তের সাথে মিশে যাওয়ায় হার্টের বিভিন্ন সমস্যা হতে পারে।","নিয়মিত খালি পেটে কলা খাওয়ার ফলে তাতে থাকা শর্করা, ম্যাগনেসিয়াম ও পটাশিয়াম রক্তপ্রবাহে মিশে গিয়ে হৃদযন্ত্রের বিভিন্ন জটিলতার সৃষ্টি করতে পারে।",31.11393229600003,,826.0
বাংলাদেশের দুই হাজারের বেশি করোনা রোগীর ওপর গবেষণায় দেখা যায় বাংলাদেশের প্রায় ১৫ শতাংশ কোভিড রোগী লং কোভিডে ভুগছেন,"বাংলাদেশে দুই হাজারের বেশি করোনা রোগীর ওপর করা এক গবেষণায় দেখা গেছে, বাংলাদেশে প্রায় ১৫ শতাংশ কোভিড রোগী দীর্ঘদিন ধরে কোভিড-এ ভুগছেন।","বাংলাদেশের দুই হাজারের অধিক করোনা আক্রান্তের ওপর পরিচালিত এক গবেষণায় জানা গেছে, দেশের আনুমানিক ১৫ শতাংশ কোভিড রোগী লং কোভিড সমস্যায় ভুগছেন।",41.38248308100015,,827.0
লেখক  মহাসচিব বিএফডিএস রাজ ডেন্টাল সেন্টার কলাবাগান,লেখক সাধারণ সম্পাদক বিএফডিএস রাজ ডেন্টাল সেন্টার কলাবাগান,লেখক হলেন বিএফডিএস-এর মহাসচিব এবং কলাবাগানস্থ রাজ ডেন্টাল সেন্টারের চিকিৎসক।,51.617806711000185,,828.0
যার কারণে ড্রাই মাউথ বা মুখ গহবর তুলনামূলক ভাবে শুষ্ক থাকে এবং ন্যাচারাল ক্লিনজিং কমে যায়,যার কারণে শুষ্ক মুখ বা মুখের গহ্বর তুলনামূলকভাবে শুষ্ক হয় এবং প্রাকৃতিক ক্লিনজিং কমে যায়।,এর ফলে মুখগহ্বর অপেক্ষাকৃত শুষ্ক হয়ে ড্রাই মাউথ দেখা দেয় এবং স্বাভাবিক পরিষ্কারকরণ প্রক্রিয়া হ্রাস পায়।,34.70953072100019,,829.0
শাতিলের বাবা কলারোয়ার খোড়দো বালিকা উচ্চ বিদ্যালয়ের প্রধান শিক্ষক শহীদুল ইসলাম বলেন ঢাকার বেসরকারি বিশ্ববিদ্যালয় থেকে ফার্মাসিতে এমএসসি করে শাতিল কোরিয়ান বিশ্ববিদ্যালয়ে ভর্তি হন,"শাতিলের বাবা কালোয়ারের খোরদো বালিকা উচ্চ বিদ্যালয়ের প্রধান শিক্ষক শহিদুল ইসলাম জানান, শাতিল ঢাকার একটি বেসরকারি বিশ্ববিদ্যালয় থেকে ফার্মেসিতে এমএসসি শেষ করে কোরিয়ান বিশ্ববিদ্যালয়ে ভর্তি হন।","শাতিলের পিতা ও কলারোয়ার খোড়দো বালিকা উচ্চ বিদ্যালয়ের প্রধান শিক্ষক শহীদুল ইসলাম জানান, ঢাকার একটি বেসরকারি বিশ্ববিদ্যালয় থেকে ফার্মাসিতে এমএসসি সম্পন্ন করার পর শাতিল কোরিয়ান বিশ্ববিদ্যালয়ে নাম লেখান।",48.122769369000025,,830.0
থ্রম্বোলাইসিসে ব্যবহৃত ওষুধগুলো আমাদের দেশে এখনো সহজলভ্য নয় দামও অনেক বেশি,থ্রম্বোলাইসিসে ব্যবহৃত ওষুধ আমাদের দেশে এখনও সহজলভ্য নয় এবং দামও বেশি।,আমাদের দেশে থ্রম্বোলাইসিস চিকিৎসায় ব্যবহৃত ঔষধগুলো এখনো সহজে পাওয়া যায় না এবং এগুলোর মূল্যও অত্যধিক।,32.01023520800004,,831.0
কোনো কিছু দিয়ে খোঁচাখুঁচিও করতে হয় না,কোন কিছুর সাথে খোঁচা দেওয়ার দরকার নেই।,কোনো কিছু দিয়ে খোঁচানোরও কোনো প্রয়োজন নেই।,30.580903855000088,,832.0
কিডনি ও প্রেশারের রোগীরা চিকিৎসকের পরামর্শ মতো পানি পান করুন,কিডনি ও রক্তচাপের রোগীদের চিকিৎসকের পরামর্শ অনুযায়ী পানি পান করা উচিত।,কিডনি এবং রক্তচাপের সমস্যায় আক্রান্ত রোগীদের চিকিৎসকের নির্দেশনা অনুযায়ী পানি পান করা উচিত।,26.37668960699989,,833.0
ব্লাড ক্যানসারের উপসর্গ ও লক্ষণগুলোর সঙ্গে সঙ্গে রক্তের সিবিসি পরীক্ষায় অস্বাভাবিকতা দেখা যায় যেমনহিমোগ্লোবিন ও প্লেটলেট কমে যাওয়া ডব্লিউবিসি বেড়ে যাওয়া অথবা হিমোগ্লোবিন প্লেটলেট ও ডব্লিউবিসি কমে যাওয়া,"ব্লাড ক্যান্সারের লক্ষণ ও লক্ষণগুলির মধ্যে রয়েছে রক্তের সিবিসি পরীক্ষায় অস্বাভাবিকতা যেমন হিমোগ্লোবিন এবং প্লেটলেট কমে যাওয়া, ডাব্লুবিসি বৃদ্ধি বা হিমোগ্লোবিন এবং প্লেটলেট এবং ডব্লিউবিসি কমে যাওয়া।","রক্তকর্কটের লক্ষণ ও উপসর্গের পাশাপাশি রক্তের সিবিসি পরীক্ষাতেও বেশ কিছু অস্বাভাবিকতা ধরা পড়ে, যেমন- হিমোগ্লোবিন ও প্লেটলেটের মাত্রা কমে যাওয়া, ডব্লিউবিসি বেড়ে যাওয়া, অথবা হিমোগ্লোবিন, প্লেটলেট ও ডব্লিউবিসি তিনটিই কমে যাওয়া।",42.92290961000003,,834.0
সুচনার স্বামী যে মানসিক রোগ স্যাক্সুয়াল স্যাডিসম ডিসওর্ডার এটি তিনি আজই প্রথম জানলেন,তিনি আজ প্রথম জানতে পারলেন যে সুচনার স্বামীর যৌন স্যাডিজম ব্যাধি রয়েছে।,আজই প্রথমবারের মতো সুচনার স্বামী জানতে পারলেন যে তাঁর মানসিক রোগটি হলো স্যাক্সুয়াল স্যাডিসম ডিসঅর্ডার।,40.51424370300015,,835.0
করোনার গলাব্যথা সাধারণত পাঁচ দিনের বেশি থাকে না,করোনার গলা ব্যথা সাধারণত পাঁচ দিনের বেশি স্থায়ী হয় না।,করোনায় গলা ব্যথার উপসর্গটি সাধারণত পাঁচ দিনের বেশি স্থায়ী হয় না।,25.345112872000072,,836.0
এছাড়া বহুবিধ কারণে শ্বাসকষ্টের অনুভূতি হতে পারে,এছাড়া অনেক কারণে শ্বাসকষ্ট হতে পারে।,"তাছাড়া, নানা কারণে শ্বাসকষ্ট অনুভব হওয়ার সম্ভাবনা থাকে।",30.78958356599992,,837.0
দ্য ওয়ার্ল্ড ক্যানসার রিসার্চ ফান্ড এবং অ্যামেরিকান ইনস্টিটিউট ফর ক্যানসার রিসার্চ প্রকাশ করেছেযেসব মানুষের খাবারে লাল মাংসের আধিক্য থাকে তাদের প্যানক্রিয়াস পাকস্থলী ফুসফুস উওসোফেগাস ব্রেস্ট ও এন্ডোমেট্রিয়াল ক্যানসারের ঝুঁকি বৃদ্ধি পায়,"ওয়ার্ল্ড ক্যান্সার রিসার্চ ফান্ড এবং আমেরিকান ইনস্টিটিউট ফর ক্যান্সার রিসার্চ প্রকাশ করেছে যে যাদের খাবারে লাল মাংস বেশি থাকে তাদের অগ্ন্যাশয়, পাকস্থলী, ফুসফুস, খাদ্যনালী, স্তন এবং এন্ডোমেট্রিয়াল ক্যান্সারের ঝুঁকি বেড়ে যায়।","দ্য ওয়ার্ল্ড ক্যানসার রিসার্চ ফান্ড ও অ্যামেরিকান ইনস্টিটিউট ফর ক্যানসার রিসার্চ জানিয়েছে যে, খাদ্যতালিকায় লাল মাংসের মাত্রাধিক্য থাকলে প্যানক্রিয়াস, পাকস্থলী, ফুসফুস, উওসোফেগাস, ব্রেস্ট ও এন্ডোমেট্রিয়াল ক্যানসারে আক্রান্ত হওয়ার আশঙ্কা বেড়ে যায়।",55.62931316000004,,838.0
এভাবে সমন্বিত চিকিৎসা নিলে কয়েক সপ্তাহের মধ্যে রোগী ভালো হয়ে যাবেন,এই ধরনের সম্মিলিত চিকিৎসায় রোগী কয়েক সপ্তাহের মধ্যে ভালো হয়ে যাবে।,এই ধরনের সমন্বিত চিকিৎসা গ্রহণ করলে রোগী কয়েক সপ্তাহের ভেতরেই সুস্থ হয়ে উঠবেন।,24.05472252499999,,839.0
ওজন কমানোর সবচেয়ে ভালো উপায় হচ্ছে ক্যালরি মেপে পরিমিত সুষম খাবার গ্রহণ আর প্রচুর তরল খাবারের সঙ্গে নিয়মিত শারীরিক পরিশ্রম বা ব্যায়াম,ওজন কমানোর সর্বোত্তম উপায় হল নিয়মিত শারীরিক ক্রিয়াকলাপ বা ব্যায়ামের সাথে একটি পরিমিত ক্যালোরি গ্রহণ এবং প্রচুর পরিমাণে তরলযুক্ত সুষম খাদ্য খাওয়া।,"ওজন হ্রাসের সর্বোত্তম পন্থা হলো ক্যালরি গণনা করে সুষম ও পরিমিত খাদ্য গ্রহণ করা, পাশাপাশি প্রচুর তরল খাদ্য সেবন এবং নিয়মিত শারীরিক শ্রম বা ব্যায়াম করা।",37.45682683299992,,840.0
আয়রন ঘাটতিজনিত কারণে চিকিৎসক আয়রনসংবলিত ওষুধ লিখে থাকবেন,"লোহার অভাবের জন্য, ডাক্তার লোহাযুক্ত ওষুধ লিখে দেবেন।",শরীরে আয়রনের অভাবের কারণে ডাক্তার আয়রনযুক্ত ঔষধ লিখে দেবেন।,28.77004215300008,,841.0
এ বিষয়টি বিভিন্ন মেডিকেল জার্নালেও প্রকাশ হয়েছে,এই বিষয়টি বিভিন্ন মেডিকেল জার্নালেও প্রকাশিত হয়েছে।,এই বিষয়টি নানা চিকিৎসা পত্রিকায়ও প্রকাশিত হয়েছে।,19.50789966299999,,842.0
আমি তো অস্বীকার করছি যে আমি হাত দেব না,আমি অস্বীকার করি যে আমি হাত দেব না।,আমি তো এটা বলতে অস্বীকার করছি যে আমি এতে হাত দেব না।,59.486260541999854,,843.0
ভিটামিন মিনারেল ফাইবার ও অ্যান্টিঅক্সিডেন্টসমৃদ্ধ খাবার হিসেবে সালাদের জুড়ি নেই,"ভিটামিন, মিনারেল, ফাইবার এবং অ্যান্টিঅক্সিডেন্ট সমৃদ্ধ খাবার হিসেবে সালাদ অতুলনীয়।","ভিটামিন, খনিজ পদার্থ, আঁশ ও অ্যান্টিঅক্সিডেন্টে পরিপূর্ণ একটি খাবার হিসেবে সালাদ অতুলনীয়।",47.01249012199969,,844.0
আজ আমরা জানব কিডনির রোগীরা কোন ফল খেতে পারবেন আর কোনটি পারবেন না,আজ আমরা জানবো কোন ফল কিডনি রোগীরা খেতে পারেন আর কোনটি খেতে পারেন না।,"কিডনি রোগীরা কোন কোন ফল খেতে পারবেন এবং কোনগুলো এড়িয়ে চলবেন, তা আজ আমরা জেনে নেব।",29.39740919099995,,845.0
সে কারণে ডোজ বা মাত্রা একজন চিকিৎসকই নির্ধারণ করবেন,"এই কারণে, ডোজ বা মাত্রা একজন ডাক্তার দ্বারা নির্ধারিত হবে।","তাই ডোজ বা পরিমাণ কত হবে, তা একমাত্র চিকিৎসকই ঠিক করে দেবেন।",33.65838504000021,,846.0
তবে এত দামি হওয়ার পরেও এই গাড়ি ব্যবহার করা একেবারে সহজ নয়,কিন্তু এত দামী হওয়া সত্ত্বেও এই গাড়িটি ব্যবহার করা মোটেও সহজ নয়।,"যদিও এই গাড়িটির দাম অনেক বেশি, তবুও এটি চালানো মোটেও সহজসাধ্য নয়।",36.180184793999615,,847.0
এই সমস্যা যেকোনো বয়সেই হতে পারে,যেকোনো বয়সেই এই সমস্যা হতে পারে।,"বয়স যাই হোক না কেন, এই সমস্যাটি দেখা দিতে পারে।",25.792617431000053,,848.0
তিনি বলেন আজ প্রথম দিন প্রায় শতাধিক রিকশা ভ্যানচালক ও বাস শ্রমিক এই সেবা নিয়েছেন,"তিনি জানান, প্রথম দিনে প্রায় শতাধিক রিকশাচালক ও বাস শ্রমিক এই সেবা নিয়েছেন।","তিনি জানিয়েছেন, আজ প্রথম দিনেই প্রায় একশ জন রিকশা-ভ্যানচালক ও বাস শ্রমিক এই সেবার সুবিধা গ্রহণ করেছেন।",30.37228825700004,,849.0
ডা মঈন ভাই একজন আধ্যাত্মিক জগতের মানুষ ছিলেন,দা মঈন ভাই ছিলেন আধ্যাত্মিক জগতের মানুষ।,ডা. মঈন ভাই ছিলেন একজন আধ্যাত্মিক চেতনাসম্পন্ন ব্যক্তি।,43.07199378899986,,850.0
বিভিন্ন কারণে ফ্যাটি লিভার হতে পারে,ফ্যাটি লিভার বিভিন্ন কারণে হতে পারে।,নানা কারণে ফ্যাটি লিভারের সমস্যা দেখা দিতে পারে।,21.123318140000265,,851.0
অতিশয় খর্বাকৃতির মানুষের বেশির ভাগই এ রোগের শিকার হয়,অত্যন্ত ছোট আকারের বেশিরভাগ মানুষই এই রোগের শিকার হন।,অত্যন্ত খর্বাকৃতির মানুষদের সিংহভাগই এই রোগে আক্রান্ত হয়।,32.25166684800024,,852.0
করোনা একটি ভাইরাস যা আরএনএ ভাইরাস হিসাবে পরিচিত,করোনা একটি ভাইরাস যা আরএনএ ভাইরাস নামে পরিচিত।,করোনা মূলত একটি আরএনএ ভাইরাস হিসেবেই পরিচিত।,38.708461610000086,,853.0
"কী খাবেন না 
    চা কফি শরীরে পানি শুন্যতা তৈরি করে তাই যতটা সম্ভব চিনি দিয়ে দুধ চা বা দুধ কফি এই গরমে এরিয়ে যেতে হবে","চা-কফি কী খাবেন না তা শরীরে পানিশূন্যতা সৃষ্টি করে, তাই এই গরমে দুধ চা বা দুধের কফি যতটা সম্ভব চিনি দিয়ে খাওয়া উচিত।","কী পান করা উচিত নয়: চা ও কফি শরীরে পানির ঘাটতি সৃষ্টি করে, তাই এই গরমে চিনিযুক্ত দুধ চা বা দুধ কফি পান করা যথাসম্ভব পরিহার করা উচিত।",30.51291255600017,,854.0
 টিস্যু বা রুমাল খুবই দরকারি জিনিস,টিস্যু বা রুমাল খুব দরকারী জিনিস।,টিস্যু কিংবা রুমাল অত্যন্ত প্রয়োজনীয় একটি বস্তু।,27.454335122999964,,855.0
শুষ্ক বাতাস ত্বক থেকে শুষে নেয় পানি,শুষ্ক বাতাস ত্বক থেকে পানি শুষে নেয়।,শুষ্ক বাতাস ত্বক থেকে আর্দ্রতা শোষণ করে নেয়।,38.51577074099987,,856.0
থায়রয়েড হরমোনের তারতম্যজনিত সমস্যা দুই রকম হতে পারে,থাইরয়েড হরমোনের ওঠানামা সংক্রান্ত দুই ধরনের সমস্যা রয়েছে।,থায়রয়েড হরমোনের ভারসাম্যহীনতার কারণে সৃষ্ট সমস্যা দুই প্রকারের হতে পারে।,35.47701295800016,,857.0
এত ফলস নেগেটিভ রেজাল্টের পিছনে সম্ভাব্য কারণ জানার আগে কিভাবে RTPCR কাজ করে তা একটু জেনে নেই,"এতগুলি মিথ্যা নেতিবাচক ফলাফলের পিছনে সম্ভাব্য কারণগুলি জানার আগে, আরটিপিসিআর কীভাবে কাজ করে সে সম্পর্কে কিছুটা জানা গুরুত্বপূর্ণ।","বিপুল সংখ্যক ফলস নেগেটিভ ফলাফলের কারণ অনুধাবন করার পূর্বে, RT-PCR-এর কার্যপদ্ধতি সম্পর্কে প্রথমে কিছুটা ধারণা নেওয়া যাক।",35.675020327999846,,858.0
ছোট ছোট বাচ্চাদের অথবা জন্মের পর চোখের কর্ণিয়া ক্রমাগত বড় হয়ে যাওয়া বা চোখের কর্ণিয়া সাদা হয়ে যাওয়া চোখ লাল হওয়া চোখ দিয়ে পানি পড়া ইত্যাদি,ছোট বাচ্চাদের চোখের কর্নিয়া ক্রমাগত বড় হওয়া বা জন্মের পর বা চোখের কর্নিয়া সাদা হয়ে যাওয়া চোখের লাল হওয়া চোখ জলে আসা ইত্যাদি।,"জন্মের পরবর্তী সময়ে বা ছোট শিশুদের চোখের কর্ণিয়া ক্রমশ বৃদ্ধি পাওয়া, কর্ণিয়া সাদাটে হয়ে যাওয়া, চোখ রক্তাক্ত হওয়া এবং চোখ বেয়ে পানি গড়িয়ে পড়া ইত্যাদি।",37.44360254999992,,859.0
চ প্রথম থেকে যে ফোলাতে বেশি ব্যথা থাকে সেগুলো সাধারণত ইনফেকশন থেকে হয়ে থাকে,"সাধারণত, প্রথম ফোলাগুলি যা বেশি বেদনাদায়ক হয় সংক্রমণের কারণে।","শুরু থেকেই যে ফোলায় তীব্র ব্যথা থাকে, সেগুলো সাধারণত সংক্রমণের কারণেই হয়ে থাকে।",27.419211675999577,,860.0
সাধারণত দেহের চামড়ায় পানিফোসকা ওঠার পাঁচ দিন আগে থেকে সর্বশেষ চামড়ায় ফোসকা শুকানোর বা বিলুপ্তির পরবর্তী পাঁচ দিন পর্যন্ত এ জীবাণু আক্রান্ত ব্যক্তি থেকে সুস্থ মানুষের দেহে ছড়িয়ে পড়তে পারে,"সাধারণত, শরীরে জলের ফোসকা দেখা দেওয়ার পাঁচ দিন আগে থেকে ত্বকের শেষ ফোস্কা শুকিয়ে যাওয়ার বা অদৃশ্য হয়ে যাওয়ার পাঁচ দিন পরে, ব্যাকটেরিয়া সংক্রামিত ব্যক্তি থেকে একজন সুস্থ ব্যক্তির মধ্যে ছড়িয়ে পড়তে পারে।",ত্বকে পানিফোসকা দেখা দেওয়ার পাঁচ দিন পূর্ব থেকে শুরু করে শেষ ফোসকাটি শুকিয়ে যাওয়ার পাঁচ দিন পর পর্যন্ত সাধারণত এই জীবাণুটি আক্রান্ত রোগীর কাছ থেকে সুস্থ ব্যক্তির দেহে সংক্রমিত হতে পারে।,35.56151197100007,,861.0
বেশির ভাগ হাঁপানি আক্রান্ত শিশুদের কাশি ও শ্বাসকষ্ট তিন থেকে চার সপ্তাহের বেশি স্থায়ী হয়,হাঁপানিতে আক্রান্ত বেশিরভাগ শিশুর কাশি এবং শ্বাসকষ্ট থাকে যা তিন থেকে চার সপ্তাহের বেশি সময় ধরে থাকে।,হাঁপানিতে আক্রান্ত অধিকাংশ শিশুর কাশি ও শ্বাসকষ্টের সমস্যা তিন থেকে চার সপ্তাহেরও বেশি সময় ধরে চলতে থাকে।,31.52695321300007,,862.0
নেই হৃদরোগীর কোনো চিকিৎসা ব্যবস্থা নিউরো চিকিৎসা ব্যবস্থা,হৃদরোগীদের চিকিৎসার ব্যবস্থা বা নিউরো চিকিৎসা ব্যবস্থা নেই।,হৃদরোগীদের চিকিৎসার পাশাপাশি নিউরো চিকিৎসারও কোনো ব্যবস্থা নেই।,35.93940411799986,,863.0
এক্ষেত্রে রক্তের স্বাভাবিক কোষগুলোর চেয়ে অস্বাভাবিক কোষগুলো রক্তে বেশি থেকে রক্তকে তার স্বাভাবিক কাজ করতে দেয় না রক্তে কোনো আলাদা টিউমার দেখা দেয় না,"এই ক্ষেত্রে, রক্তে অস্বাভাবিক কোষগুলি রক্তের স্বাভাবিক কোষের চেয়ে বেশি থাকে এবং রক্তকে তার স্বাভাবিক কাজ করতে দেয় না। রক্তে ভিন্ন কোনো টিউমার দেখা যায় না।","এই অবস্থায় রক্তে স্বাভাবিক কোষের তুলনায় অস্বাভাবিক কোষের সংখ্যা বেশি হওয়ায় রক্ত তার নিয়মিত কাজ ঠিকমতো করতে পারে না, তবে রক্তে কোনো পৃথক টিউমার দেখা যায় না।",39.21702548700023,,864.0
কানে না শোনার অক্ষমতা এক বা উভয় কানে হতে পারে,এক বা উভয় কানে শ্রবণশক্তি হ্রাস হতে পারে।,শ্রবণজনিত অক্ষমতা একটি কিংবা উভয় কানেই দেখা দিতে পারে।,24.20445869299965,,865.0
পাশাপাশি দেশের স্বাস্থ্য খাতের সার্বিক পরিস্থিতির ওপর বিশদ আলোচনা করেন,তিনি দেশের স্বাস্থ্য খাতের সার্বিক পরিস্থিতি নিয়েও বিস্তারিত আলোচনা করেন।,সেইসাথে দেশের স্বাস্থ্য খাতের সামগ্রিক অবস্থা নিয়েও বিস্তারিত আলোচনা করেন।,34.802421848999984,,866.0
উচ্চ রক্তচাপের অনেক রোগী রক্তচাপ স্বাভাবিক থাকলে ওষুধ সেবন বন্ধ করে দেন যা একেবারেই ঠিক নয়,"অনেক হাইপারটেনসিভ রোগী রক্তচাপ স্বাভাবিক হলে ওষুধ খাওয়া বন্ধ করে দেন, যা একেবারেই ঠিক নয়।","উচ্চ রক্তচাপে আক্রান্ত অনেক রোগী রক্তচাপের মাত্রা স্বাভাবিক থাকলেই ওষুধ খাওয়া বন্ধ করে দেন, যা একেবারেই অনুচিত।",36.67661010499978,,867.0
লেখক সহকারী পরিচালক শ্যামলী ২৫০ শয্যাবিশিষ্ট টিবি হাসপাতাল,লেখক সহকারী পরিচালক শ্যামলী ২৫০ শয্যা বিশিষ্ট টিবি হাসপাতাল,লেখক হলেন ২৫০ শয্যাবিশিষ্ট টিবি হাসপাতালের সহকারী পরিচালক শ্যামলী।,37.49501525799997,,868.0
সেক্ষেত্রে বিভিন্ন রকমের Relaxation exercise Yoga Biofeedback Aroma Therapy নেওয়া যেতে পারে,"এই ক্ষেত্রে, বিভিন্ন রিলাক্সেশন ব্যায়াম নেওয়া যেতে পারে, যেমন যোগব্যায়াম, বায়োফিডব্যাক, অ্যারোমা থেরাপি।","এমন পরিস্থিতিতে নানা ধরনের শিথিলকরণ ব্যায়াম, যোগব্যায়াম, বায়োফিডব্যাক এবং অ্যারোমাথেরাপি গ্রহণ করা যেতে পারে।",32.40145072999985,,869.0
আর এই ভুলের মাশুল গুনছে তাদের শরীর,আর তাদের শরীর এই ভুলের মাশুল দিচ্ছে।,আর এই ভুলের খেসারত দিতে হচ্ছে তাদের শরীরকেই।,36.89237282800013,,870.0
 এই কথা শোনার কারণে অনেকে কানে তুলে বা আঙুল দিয়ে বসে থাকে,এ কথা শুনে অনেকেই কান তুলে বা আঙুল দিয়ে বসেন।,এই কথাটি শোনার ফলে অনেকেই কানে তুলো বা আঙুল গুঁজে বসে থাকে।,29.34146753999994,,871.0
চোখের ভেতরকার প্রেশার বা চাপ বাড়লে সে অবস্থাকে গ্লুকোমা বলে,চোখের ভিতরে চাপ বেড়ে গেলে সেই অবস্থাকে গ্লুকোমা বলে।,চোখের অভ্যন্তরীণ চাপ বৃদ্ধি পেলে তাকে গ্লুকোমা বলা হয়।,26.736228434999703,,872.0
চিকিৎসা না করালে সিওপিডির মতো পালমোনারি হাইপারটেনশন ও সময়ের সঙ্গে সঙ্গে খারাপ হয়,"পালমোনারি হাইপারটেনশন, সিওপিডির মতো, যদি চিকিত্সা না করা হয় তবে সময়ের সাথে সাথে আরও খারাপ হয়।",চিকিৎসার অভাবে সিওপিডির ন্যায় পালমোনারি হাইপারটেনশনেরও কালক্রমে অবনতি ঘটে।,35.65604011100004,,873.0
তবে অনেক সময় আরও কিছু উন্নত চিকিৎসার প্রয়োজন হয়,"যাইহোক, কখনও কখনও আরও উন্নত চিকিত্সার প্রয়োজন হয়।",কিন্তু অনেক ক্ষেত্রে আরও উন্নতমানের চিকিৎসার প্রয়োজন পড়ে।,38.20844845500005,,874.0
মৃত বা ত্রুটিপূর্ণ শিশু জন্ম দিয়ে থাকলে,যদি একটি মৃত বা ত্রুটিপূর্ণ শিশুর জন্ম হয়।,মৃত বা শারীরিক ত্রুটিযুক্ত সন্তান প্রসব করে থাকলে,27.587862850999954,,875.0
এ ছাড়া আমিষ বা প্রোটিন এবং চর্বি বা ফ্যাট স্বাভাবিক মাত্রায় গ্রহণ করা,এ ছাড়া স্বাভাবিক পরিমাণে আমিষ বা প্রোটিন এবং চর্বি বা চর্বি গ্রহণ।,এর পাশাপাশি প্রোটিন ও চর্বি যথাযথ পরিমাণে গ্রহণ করা।,33.05805396899996,,876.0
ন্যাশনাল ক্যানসার ইনস্টিটিউট বলেছে অ্যাক্রাইলেমাইডের এক বড় উৎস হলো খাবার,ন্যাশনাল ক্যান্সার ইনস্টিটিউট বলে যে অ্যাক্রিলামাইডের একটি প্রধান উৎস হল খাদ্য।,"ন্যাশনাল ক্যানসার ইনস্টিটিউট জানিয়েছে যে, অ্যাক্রাইলেমাইডের অন্যতম প্রধান উৎস হলো খাদ্য।",29.76127683499999,,877.0
ডিমে রয়েছে লুটিন নামে এক ধরনের উপাদান যা ত্বককে আর্দ্র রাখে,ডিমে লুটেইন নামক উপাদান থাকে যা ত্বককে আর্দ্র রাখে।,"লুটিন নামক একটি উপাদান ডিমে পাওয়া যায়, যা ত্বকের আর্দ্রতা বজায় রাখে।",29.265247115999955,,878.0
বাচ্চা যখন ঘনঘন সর্দিকাশিতে ভোগে তখন এগুলো আকারে আরও বড় হতে থাকে,"যখন একটি শিশু ঘন ঘন সর্দিতে ভোগে, তখন তারা আকারে বড় হয়।","শিশু যখন বারবার সর্দি-কাশিতে আক্রান্ত হয়, তখন এগুলোর আকার ক্রমশ বৃদ্ধি পেতে থাকে।",29.3755468989998,,879.0
আমাদের মত দেশে এখনও গরিব মানুষ অর্থাভাবে চিকিৎসা নিতে অক্ষম অন্য দিকে অনেকে আবার ব্যয়বহুল কিডনি  চিকিৎসা চালাতে গিয়ে এক পর্যায়ে নিঃস্ব হয়ে যায়,আমাদের মতো দেশে গরিব মানুষ এখনো চিকিৎসা নিতে পারছে না। অন্যদিকে ব্যয়বহুল কিডনির চিকিৎসা নিতে গিয়ে অনেকেই নিঃস্ব হয়ে পড়েন।,"আমাদের মতো দেশে দরিদ্র মানুষেরা টাকার অভাবে চিকিৎসা সেবা থেকে বঞ্চিত হচ্ছে, আবার অনেকে ব্যয়বহুল কিডনির চিকিৎসার খরচ মেটাতে গিয়ে সর্বস্বান্ত হয়ে পড়ছে।",28.80851771699963,,880.0
আর সেগুলোকে মজা করে রান্না করতে করতে মায়ের দম ফেলার সুযোগ নেই,আর মজা করার জন্য এগুলো রান্না করতে গিয়ে মায়ের দম হারানোর সুযোগ নেই।,আর সেসব খাবার সুস্বাদু করে রান্না করতে গিয়ে মায়ের একটু বিশ্রাম নেওয়ার ফুরসতও থাকে না।,35.01601499399976,,881.0
এমনটি হলে বসা থেকে দাঁড়ালে চোখে ঝাপসা লাগে,এমনটা হলে বসা থেকে দাঁড়ালেই চোখ ঝাপসা লাগে,এই অবস্থায় বসে থাকার পর হঠাৎ উঠে দাঁড়ালে চোখের দৃষ্টি ঘোলাটে হয়ে আসে।,32.929971340000066,,882.0
তেলের ব্যবহার কম করলেই ছোট বড় সবাই ইফতারে খেতে পারবে,তেলের ব্যবহার কমিয়ে দিলে সবাই ইফতারে খেতে পারেন।,তেলের ব্যবহার কমিয়ে আনলে ইফতারের সময় ছোট-বড় সবারই খাওয়ার মতো যথেষ্ট খাবার থাকবে।,36.535258403999705,,883.0
প্রয়োজনমতো লোহিত রক্তকণিকা উৎপন্ন না হওয়া,লাল রক্ত ​​​​কোষের অপর্যাপ্ত উত্পাদন,শরীরের চাহিদা অনুযায়ী লোহিত রক্তকণিকা উৎপাদিত না হওয়া,32.600408032999894,,884.0
 প্রতিদিন হালকা ব্যায়াম করুন  ব্যায়াম ক্যানসারের ঝুঁকি কমায়,প্রতিদিন হালকা ব্যায়াম করুন ব্যায়াম ক্যান্সারের ঝুঁকি কমায়।,"নিত্যদিন হালকা শরীরচর্চা করুন, কারণ এটি ক্যানসারের ঝুঁকি হ্রাস করে।",44.8987516709999,,885.0
চা ও খাবারের মধ্যে ব্যবধান,চা আর খাবারের মধ্যে ফাঁক,চা এবং খাবারের মধ্যবর্তী ফাঁক,30.11388103099989,,886.0
অনেকে হার্ট অ্যাটাকের ব্যথাকে ভুল করে এসিডিটির পেইন মনে করে এন্টাসিড বা ইনো খেয়ে আরও বেশি অসুস্থ হয়ে বা তীব্র বুকের ব্যথা নিয়ে রমজান মাসে সন্ধ্যা বেলা ইফতারের পর চিকিৎসকের চেম্বারে বা হাসপাতালের জরুরি বিভাগে চলে আসেন,"অনেকে হার্ট অ্যাটাকের ব্যথাকে এসিআইডির ব্যথা বলে ভুল করে, অ্যান্টাসিড বা ইনো খাওয়ার পর আরও খারাপ হয়ে যায়, অথবা প্রচণ্ড বুকে ব্যথা নিয়ে রমজান মাসে সন্ধ্যার ইফতারের পর ডাক্তারের চেম্বারে বা হাসপাতালের জরুরি বিভাগে যান।","রমজান মাসে ইফতারের পর অনেকের হার্ট অ্যাটাকের ব্যথা হলেও তারা সেটিকে ভুলবশত এসিডিটির ব্যথা ভেবে এন্টাসিড বা ইনো সেবন করেন, যা তাদের আরও অসুস্থ করে তোলে বা তীব্র বুকের ব্যথার সৃষ্টি করে; ফলে তারা দ্রুত ডাক্তারের চেম্বার অথবা হাসপাতালের জরুরি বিভাগে ছুটে যান।",48.21809002500004,,887.0
এ ছাড়া পূর্ব ও দক্ষিণপূর্ব এশিয়ার দেশগুলোতেও ব্যাকটেরিয়াটির ব্যাপকতা দেখা মেলে,এছাড়া পূর্ব ও দক্ষিণ-পূর্ব এশিয়ার দেশগুলোতেও ব্যাকটেরিয়ার প্রাদুর্ভাব দেখা যায়।,এর পাশাপাশি পূর্ব ও দক্ষিণপূর্ব এশিয়ার দেশগুলিতেও এই ব্যাকটেরিয়ার ব্যাপক বিস্তার লক্ষ্য করা যায়।,38.67185084199991,,888.0
এদের মধ্যে হাসপাতাল থেকে সুস্থ হয়ে বাড়ি ফিরেছেন ১ হাজার ৭২৬ জন,হাসপাতাল থেকে সুস্থ হয়ে বাড়ি ফিরেছেন ১ হাজার ৭২৬ জন।,এদের মধ্যে ১ হাজার ৭২৬ জন সুস্থ হয়ে হাসপাতাল ছেড়ে নিজের বাড়িতে ফিরে এসেছেন।,26.87365488399973,,889.0
মিশ্রণটি মুখসহ পুরো গলায় ২০ থেকে ২৫ মিনিট ম্যাসাজ করে ঠান্ডা পানিতে ধুয়ে ফেলুন,আপনার মুখ এবং ঘাড়ে 20 থেকে 25 মিনিটের জন্য মিশ্রণটি ম্যাসাজ করুন এবং ঠান্ডা জল দিয়ে ধুয়ে ফেলুন।,মুখ ও ঘাড়ের পুরো অংশে মিশ্রণটি ২০ থেকে ২৫ মিনিট ধরে মালিশ করে শেষে ঠান্ডা পানি দিয়ে ধুয়ে নিন।,37.16625065199969,,890.0
আমাদের খাদ্যাভ্যাস ঠিক করতে হবে এবং সঠিক সময়ে ঘুমাতে হবে,আমাদের খাদ্যাভ্যাস সামঞ্জস্য করতে হবে এবং সঠিক সময়ে ঘুমাতে হবে।,আমাদের খাদ্যাভ্যাস সুশৃঙ্খল করা এবং নির্দিষ্ট সময়ে ঘুমানো একান্ত প্রয়োজন।,40.69952597599968,,891.0
খাবারের মাধ্যমে প্রতিদিন যে পরিমাণ ক্যালরি আপনি গ্রহণ করছেন সেই পরিমাণ ক্যালরি যদি খরচ না হয় তাহলে বাড়তি ক্যালরি রক্তে কোলেস্টেরলের পরিমাণ বাড়ানোর সঙ্গে সঙ্গে শরীরের ওজন বাড়িয়ে আপনাকে ডায়াবেটিস ও ইশ্কেমিক হার্ট ডিজিজের দিকে ঠেলে দেবে,আপনি যদি প্রতিদিন খাবারের মাধ্যমে যে পরিমাণ ক্যালোরি গ্রহণ করেন তা যদি গ্রহণ না করা হয় তবে অতিরিক্ত ক্যালোরি রক্তে কোলেস্টেরলের মাত্রা বৃদ্ধির পাশাপাশি শরীরের ওজন বাড়িয়ে আপনাকে ডায়াবেটিস এবং ইস্কেমিক হার্ট ডিজিজের দিকে ঠেলে দেবে।,"প্রতিদিনের খাদ্য থেকে প্রাপ্ত ক্যালরি যদি শরীরে ব্যয় না হয়, তবে সেই উদ্বৃত্ত ক্যালরি রক্তে কোলেস্টেরলের মাত্রা ও শরীরের ওজন বৃদ্ধি করে আপনাকে ডায়াবেটিস ও ইশ্কেমিক হার্ট ডিজিজের ঝুঁকির মুখে দাঁড় করাবে।",49.72011149299988,,892.0
সময়মতো নিতে হবে চিকিৎসকের পরামর্শ,সময়মতো চিকিৎসকের পরামর্শ নিতে হবে।,যথাযথ সময়ে চিকিৎসকের পরামর্শ গ্রহণ করা আবশ্যক।,23.897158009000123,,893.0
আর প্রতি বছরতো আর বাড়ি রং করানো সম্ভব নয়,আর প্রতি বছর ঘর রঙ করা সম্ভব নয়।,এখন আর প্রতি বছর বাড়ি রং করানো হয়ে ওঠে না।,25.396582722999938,,894.0
একটার পর একটা হাসপাতাল ঘুরে চিকিৎসা না পেয়ে রোগীর মৃত্যুর খবর প্রতিদিন পত্রিকায় পাওয়া যায়,একের পর এক বিনা চিকিৎসায় রোগীর মৃত্যুর খবর প্রতিদিন পত্রিকায় পাওয়া যায়।,চিকিৎসার জন্য এক হাসপাতাল থেকে আরেক হাসপাতালে ঘুরেও চিকিৎসা না পেয়ে রোগীদের মৃত্যুর সংবাদ দৈনিক পত্রিকায় প্রকাশিত হচ্ছে।,38.85835394200012,,895.0
গোসলের আগে এই মাস্ক ব্যবহার করতে পারেন,গোসলের আগে এই মাস্ক ব্যবহার করতে পারেন।,স্নানের পূর্বে এই মাস্কটি মাখতে পারেন।,27.036369714000102,,896.0
এগুলো কোলাজেনের সংশ্লেষণ প্রচারের পাশাপাশি ইউভিপ্ররোচিত ফটোড্যামেজের বিরুদ্ধে অ্যান্টিঅক্সিডেন্ট প্রতিরক্ষায় সহায়তা করে,তারা কোলাজেন সংশ্লেষণের পাশাপাশি ইউভি-প্ররোচিত ফটোডামেজের বিরুদ্ধে অ্যান্টিঅক্সিডেন্ট প্রতিরক্ষায় সহায়তা করে।,"কোলাজেন উৎপাদন প্রক্রিয়াকে ত্বরান্বিত করার পাশাপাশি, অতিবেগুনি রশ্মির প্রভাবে সৃষ্ট ক্ষতির বিরুদ্ধে অ্যান্টিঅক্সিডেন্ট সুরক্ষা প্রদানে এগুলি সহায়ক ভূমিকা পালন করে।",33.28532120299997,,897.0
অনেক সময় পাইলসের একমাত্র সমাধান হলো অপারেশন বা অস্ত্রোপচার,অনেক সময় পাইলসের একমাত্র সমাধান অস্ত্রোপচার।,বহু ক্ষেত্রে পাইলস রোগ থেকে মুক্তি পাওয়ার একমাত্র উপায় হলো অপারেশন বা অস্ত্রোপচার।,46.136195376999694,,898.0
তবে এটি ভিটামিন বি১২ ও ফলিক অ্যাসিডের খুব ভালো উৎস,"যাইহোক, এটি ভিটামিন বি 12 এবং ফলিক অ্যাসিডের একটি খুব ভাল উৎস।",তবুও এতে প্রচুর পরিমাণে ভিটামিন বি১২ এবং ফলিক অ্যাসিড পাওয়া যায়।,35.44197123599997,,899.0
বাড়িতে প্রসব হলে নবজাতক যেসব সমস্যার সম্মুখীন হয় সেগুলোর জন্যে দ্রুত ও সময়োপযোগী ব্যবস্থা নেওয়া অনেক সময়ই সম্ভব হয় না,বাড়িতে জন্মের সময় নবজাতক যেসব সমস্যার সম্মুখীন হয় তার জন্য দ্রুত ও সময়মত ব্যবস্থা নেওয়া প্রায়ই সম্ভব হয় না।,"বাড়িতে সন্তান প্রসবের ফলে নবজাতকের যে সকল সমস্যা দেখা দেয়, তার তাৎক্ষণিক ও সময়োচিত ব্যবস্থা গ্রহণ করা অধিকাংশ ক্ষেত্রেই সম্ভব হয়ে ওঠে না।",37.2231678119997,,900.0
পেটের মেদ কোনো বাহ্যিক সমস্যা নয়,পেটের চর্বি কোনো বাহ্যিক সমস্যা নয়।,পেটের চর্বি শুধুমাত্র বাহ্যিক কোনো সমস্যা নয়।,42.24779934600019,,901.0
সাধারনত হাটলে সেটা আরও বেড়ে যায়,আপনি হাঁটলে এটি সাধারণত খারাপ হয়ে যায়।,সাধারণত হাঁটার ফলে তা আরও বৃদ্ধি পায়।,27.775908954999977,,902.0
তালিকায় দ্বিতীয় স্থানে থাকা ভারতে গত ২৪ ঘণ্টায় আক্রান্ত হয়েছেন ৯২ হাজার ৭৫৫ জন একই সময়ে মারা গেছেন ১ হাজার ১৪৯ জন,"তালিকার দ্বিতীয় স্থানে, ভারত গত 24 ঘন্টায় 92 হাজার 755 জনকে সংক্রামিত করেছে এবং একই সময়ে 1 হাজার 149 জন মারা গেছে।",তালিকায় দ্বিতীয় অবস্থানে থাকা ভারতে গত একদিনে ৯২ হাজার ৭৫৫ জন সংক্রমিত হয়েছেন এবং এই সময়েই প্রাণ হারিয়েছেন ১ হাজার ১৪৯ জন।,33.29581219500005,,903.0
শিশু জ্বরে আক্রান্ত হলে জ্বর কমানোর জন্য মাথায় পানি ঢালুন,শিশুর জ্বর হলে মাথায় পানি ঢালুন জ্বর কমাতে।,শিশুর জ্বর এলে তা কমাতে তার মাথায় পানি ঢেলে দিন।,18.73734838500013,,904.0
আর্থ্রাইটিস যে কারণের জন্য হয়েছে সে কারণকে রোগ নির্ণয় পূর্বক চিকিৎসা করা হলে সফলতা পাওয়ার সম্ভাবনা বেশি,আর্থ্রাইটিসের অন্তর্নিহিত কারণের চিকিত্সা সফল হওয়ার সম্ভাবনা বেশি।,আর্থ্রাইটিসের মূল কারণ শনাক্ত করে তার ভিত্তিতে চিকিৎসা করলে এর সফলতার হার অনেক বেশি থাকে।,29.38467239700003,,905.0
গরম পানিতে গোসল  নিয়মিত গরম পানিতে গোসল করতে পারেন,গরম পানিতে গোসল নিয়মিত গরম পানিতে গোসল করতে পারেন।,আপনি নিয়মিত গরম জলে স্নান করতে পারেন।,34.30172974400011,,906.0
সহকারী অধ্যাপক সিলেট মেডিকেল কলেজ,সিলেট মেডিকেল কলেজের সহকারী অধ্যাপক ডা,সিলেট মেডিকেল কলেজের সহকারী অধ্যাপক।,21.089683700000023,,907.0
সেক্ষেত্রে সকল বয়সী মানুষকে তার চোখের বিষয়ে সচেতন হতে হবে,সেক্ষেত্রে সব বয়সের মানুষকেই চোখের প্রতি সচেতন হতে হবে।,এক্ষেত্রে বয়স নির্বিশেষে সবারই নিজের চোখের স্বাস্থ্য নিয়ে সতর্ক থাকা আবশ্যক।,32.63191036599983,,908.0
মলত্যাগের পরও পেট পুরোপুরি খালি হয়নি এমন বোধ হওয়া,মলত্যাগের পরেও পেট পুরোপুরি খালি না হওয়ার মতো অনুভূতি,মলত্যাগ করার পরেও অন্ত্র সম্পূর্ণরূপে পরিষ্কার হয়নি বলে যে অনুভূতি হওয়া,37.24692039899992,,909.0
প্রোটিন আমাদের শরীরে পেশি তৈরি ও রক্তচাপ নিয়ন্ত্রণ করে,প্রোটিন আমাদের শরীরে পেশী তৈরি করে এবং রক্তচাপ নিয়ন্ত্রণ করে।,আমাদের দেহে পেশি গঠন এবং রক্তচাপ নিয়ন্ত্রণে রাখার কাজটি প্রোটিন সম্পাদন করে।,30.413188384000023,,910.0
জীবন রক্ষার অন্যতম উপায় রক্ত পরিসঞ্চালন কখনো কখনো তৈরি করতে পারে জটিলতা,"রক্ত সঞ্চালন, জীবন রক্ষার অন্যতম পদ্ধতি, কখনও কখনও জটিলতা সৃষ্টি করতে পারে।","প্রাণরক্ষার একটি প্রধান মাধ্যম রক্ত পরিসঞ্চালন, তবে এটি মাঝে মাঝে নানা জটিলতার কারণ হতে পারে।",34.398632949999865,,911.0
বেশি রোদে ও গরমে বাইরে ব্যায়াম বা খেলাধুলা করবেন না,রোদ ও গরমে বাইরে ব্যায়াম বা খেলাধুলা করবেন না।,তীব্র রৌদ্র ও গরমের সময় বাইরে শরীরচর্চা কিংবা খেলাধুলা করা থেকে বিরত থাকুন।,27.389547357000083,,912.0
অল্প অল্প করে ঘি দিন আর নেড়েচেড়ে মেশান,অল্প অল্প করে ঘি দিন এবং ভালো করে মেশান।,একটু একটু করে ঘি যোগ করুন এবং ভালো করে নেড়ে মিশিয়ে নিন।,30.008864048000305,,913.0
 ইতিমধ্যে দেশের ৬১ জেলায় ডেঙ্গু ছড়িয়ে পড়েছে,ইতোমধ্যে দেশের ৬১টি জেলায় ডেঙ্গু ছড়িয়ে পড়েছে।,ইতোমধ্যেই দেশের ৬১টি জেলায় ডেঙ্গু জ্বরের সংক্রমণ বিস্তার লাভ করেছে।,34.174998549000065,,914.0
কী দেখে বুঝবেন হিট স্ট্রোক হয়েছে?,হিট স্ট্রোক সম্পর্কে আপনি কি জানেন?,কী কী লক্ষণ দেখে বোঝা যাবে হিট স্ট্রোক হয়েছে?,37.88901159900024,,915.0
" প্রতিদিন এই সুমিষ্ট আম খাওয়া, তাতে শরীরের ওজন বেড়ে যাবে না তো? কিংবা ডায়াবেটিস অর্থাৎ সুগার লেভেল ঠিক থাকবে তো? এই চিন্তা কিন্তু একেবারে অমূলক নয়",প্রতিদিন এই সুস্বাদু আম খেলে শরীরের ওজন বাড়বে না? নাকি ডায়াবেটিস অর্থাৎ সুগার লেভেল ঠিক থাকবে? কিন্তু এই চিন্তা সম্পূর্ণ ভিত্তিহীন নয়।,"প্রতিদিন এত মিষ্টি আম খেলে শরীরের ওজন বেড়ে যাওয়ার বা রক্তে সুগারের মাত্রা অস্বাভাবিক হওয়ার যে শঙ্কা, তা কিন্তু একেবারেই অমূলক নয়।",41.686199810999824,,916.0
মারাত্মকভাবে সংক্রমণ ক্ষমতাসম্পন্ন এই ভাইরাসে চীনে মৃতের সংখ্যা ৫০০ ছাড়িয়েছে,চীনে অত্যন্ত সংক্রামক এই ভাইরাসে মৃতের সংখ্যা ৫০০ ছাড়িয়েছে।,অত্যন্ত সংক্রামক এই ভাইরাসের কারণে চীনে মৃতের সংখ্যা ৫০০-এর ঘর পেরিয়ে গেছে।,40.24554756099997,,917.0
লোহা  লোহা এরূপ একটি ক্ষুদ্র উপাদান যার পরিমাণ শরীরের ওজনের মাত্র ০০০৪,আয়রন এমন একটি ছোট উপাদান যে এটি শরীরের ওজনের মাত্র 10004।,শরীরের মোট ওজনের মাত্র ০.০০০৪ অংশ জুড়ে থাকা লোহা একটি অতি ক্ষুদ্র উপাদান।,41.29573096299964,,918.0
ইরানের দক্ষিণাংশে জিরোফত এলাকায় এই প্রসাধনীর সন্ধান মিলেছে,এই প্রসাধনীটি ইরানের দক্ষিণাঞ্চলের জিরোফাত অঞ্চলে আবিষ্কৃত হয়েছে।,ইরানের দক্ষিণাংশের জিরোফত অঞ্চলে এই প্রসাধনীটির হদিশ পাওয়া গেছে।,37.48193503399989,,919.0
ক্যামব্রিজ বিশ্ববিদ্যালয়ের গবেষণায় প্রকাশ প্রথম রোগী শনাক্ত হওয়ার পর এটি প্রয়োগ করলে ৪৯তম দিনের দিকে এটি নিয়ন্ত্রণ করা যায়,কেমব্রিজ ইউনিভার্সিটির একটি গবেষণায় দেখা গেছে যে প্রথম রোগী শনাক্ত হওয়ার পর প্রয়োগ করা হলে এটি 49 দিনের মধ্যে নিয়ন্ত্রণ করা যায়।,"ক্যামব্রিজ বিশ্ববিদ্যালয়ের এক গবেষণায় জানা গেছে, প্রথম রোগী চিহ্নিত হওয়ার পরপরই এই পদ্ধতি প্রয়োগ করা হলে ৪৯ দিনের দিকে পরিস্থিতি নিয়ন্ত্রণে আনা সম্ভব।",34.39324980299989,,920.0
এতে চোখে ভুলবশত হাত লেগে যাওয়া এবং ধুলা ও ধোঁয়া থেকে বাঁচা যায়,এটি চোখের সাথে দুর্ঘটনাজনিত যোগাযোগ প্রতিরোধ করতে সাহায্য করে এবং ধুলো এবং ধোঁয়া থেকে রক্ষা করে।,এর ফলে অজান্তে চোখে হাত ঠেকানো এবং ধুলো-ধোঁয়া থেকে চোখ সুরক্ষিত রাখা যায়।,30.3612779959999,,921.0
এর ফলে ক্যানসার প্রতিরোধ করা সহজ হয় বিপাকীয় স্বাস্থ্য স্থিতিশীল থাকে এবং শরীরের বিভিন্ন অঙ্গের স্বাভাবিক ক্রিয়া ঠিক থাকে,"এটি ক্যান্সার প্রতিরোধ করা সহজ করে, বিপাকীয় স্বাস্থ্য বজায় রাখে এবং শরীরের বিভিন্ন অঙ্গের স্বাভাবিক কার্যকারিতা বজায় রাখে।","এর দরুন ক্যানসার রোধ করা সুগম হয়, বিপাকীয় স্বাস্থ্যের ভারসাম্য বজায় থাকে এবং দেহের বিভিন্ন অঙ্গপ্রত্যঙ্গের স্বাভাবিক কার্যকলাপ অক্ষুণ্ণ থাকে।",32.14137524899979,,922.0
এ ভাগগুলো হচ্ছেএ বি এবং সি,"এই অংশগুলি হল A, B এবং C।","এই বিভাগগুলি হলো এ, বি ও সি।",19.893468274000043,,923.0
প্রশ্ন হল শরীরে ভিটামিন ডিএর ঘাটতি কীভাবে পূরণ করবেন কতগুলো সহজ পদ্ধতি অবলম্বন করার মাধ্যমে এ সমস্যা সহজেই দূর করতে পারেন,শরীরে ভিটামিন ডি-এর ঘাটতি কীভাবে পূরণ করা যায় সেটাই প্রশ্ন।,"শরীরে ভিটামিন ডি-এর অভাব কীভাবে মেটাবেন, তার উত্তরে বলা যায়, কয়েকটি সহজ উপায় অবলম্বন করে আপনি এই সমস্যাটি খুব সহজেই সমাধান করতে পারবেন।",51.08134690899988,,924.0
ডেঙ্গির বাহক এডিস মশা জমা হওয়া স্বচ্ছ পানিতে ডিম পাড়ে,ডেঙ্গু বহনকারী এডিস মশা স্থির স্বচ্ছ পানিতে ডিম পাড়ে।,ডেঙ্গু বহনকারী এডিস মশা স্থির ও পরিষ্কার পানিতে ডিম পাড়ে।,37.6936438570001,,925.0
এতে চলতি বছর ডেঙ্গুতে মোট আক্রান্তের সংখ্য ৯০ হাজার ছড়িয়ে গেছে,এতে এ বছর ডেঙ্গু আক্রান্তের সংখ্যা ৯০ হাজারে পৌঁছেছে।,এর ফলে চলতি বছরে ডেঙ্গু আক্রান্তের মোট সংখ্যা ৯০ হাজার অতিক্রম করেছে।,32.4650888860001,,926.0
বক্তব্য রাখেন বিশ্ববিদ্যালয়ের সাবেক উপউপাচার্য অধ্যাপক ডা জাহিদ হোসেন কার্ডিওলজি বিভাগের চেয়ারম্যান অধ্যাপক ডা মোস্তাফিজুর রহমান শিশু হৃদরোগ বিভাগের চেয়ারম্যান অধ্যাপক ডা তারিকুল ইসলাম প্রমুখ,"বক্তব্য রাখেন কার্ডিওলজি বিভাগের চেয়ারম্যান অধ্যাপক ডাঃ জাহিদ হোসেন, শিশু কার্ডিওলজি বিভাগের চেয়ারম্যান অধ্যাপক ডাঃ মোস্তাফিজুর রহমান, তরিকুল ইসলাম প্রমুখ।","বক্তব্য দেন বিশ্ববিদ্যালয়ের প্রাক্তন উপ-উপাচার্য অধ্যাপক ডা. জাহিদ হোসেন, কার্ডিওলজি বিভাগের প্রধান অধ্যাপক ডা. মোস্তাফিজুর রহমান, শিশু হৃদরোগ বিভাগের প্রধান অধ্যাপক ডা. তারিকুল ইসলামসহ আরও অনেকে।",38.50709177900035,,927.0
এ সময়টায় লিভার ক্ষতিগ্রস্ত হওয়া সত্ত্বেও স্বাভাবিক কার্যক্রম চালিয়ে নেয়,"এই সময়ে, ক্ষতি হওয়া সত্ত্বেও লিভার স্বাভাবিকভাবে কাজ করে।",এই সময়ে লিভার ক্ষতিগ্রস্ত হলেও তা তার স্বাভাবিক কাজকর্ম অব্যাহত রাখে।,27.41230249799992,,928.0
কম্পিউটারের মনিটর চোখের লেভেলে রাখা,কম্পিউটার মনিটর চোখের স্তরে রাখা,কম্পিউটারের মনিটরটি চোখের উচ্চতায় স্থাপন করা,28.324882973000054,,929.0
স্বল্প পরিশ্রমেই দুর্বল হয়ে পড়বেন আপনি,অল্প পরিশ্রমে আপনি দুর্বল হয়ে পড়বেন।,সামান্য পরিশ্রমেই আপনি শক্তিহীন হয়ে পড়বেন।,21.525606247999804,,930.0
জেনে নিন আমের সঙ্গে ভুলেও কোন খাবারগুলি খাওয়া চলবে না,জেনে নিন কোন খাবারগুলো আম দিয়ে কখনই খাওয়া উচিত নয়।,"আমের সাথে কোন কোন খাবার একেবারেই খাওয়া নিষেধ, জেনে নিন।",32.67038291900008,,931.0
রোগীকে আরও প্রয়োজনীয় পরীক্ষার পর কিছু ওষুধ প্রদান করা হলো,পরবর্তী প্রয়োজনীয় পরীক্ষা-নিরীক্ষার পর রোগীকে কিছু ওষুধ দেওয়া হয়।,অতিরিক্ত কিছু প্রয়োজনীয় পরীক্ষা-নিরীক্ষা শেষে রোগীকে কয়েকটি ওষুধ দেওয়া হলো।,40.73492557400005,,932.0
 তারা ১০ বছরে ৬২ কোটি টাকা সিএসআর করেছে অথচ ইসলামি ব্যাংক এক বছরে ১০২ কোটি টাকা সিএসআর করেছে,তারা 10 বছরে 62 কোটি সিএসআর করেছে এবং ইসলামী ব্যাংক এক বছরে 102 কোটি সিএসআর করেছে।,"ইসলামি ব্যাংক যেখানে মাত্র এক বছরে ১০২ কোটি টাকার সিএসআর করেছে, সেখানে তারা দশ বছরে ৬২ কোটি টাকার সিএসআর সম্পন্ন করেছে।",36.387495307000336,,933.0
আপেল সিডার ভিনেগার ও পানি,আপেল সিডার ভিনেগার এবং জল।,আপেল সিডার ভিনেগার এবং জল,17.92300149599987,,934.0
কালো অথবা হেয়ারি টাং ব্যাকটেরিয়ার বংশ বৃদ্ধির লক্ষণ হতে পারে,একটি কালো বা লোমশ জিহ্বা ব্যাকটেরিয়া অতিরিক্ত বৃদ্ধির লক্ষণ হতে পারে।,কালো বা লোমশ জিহ্বা ব্যাকটেরিয়ার অতিবৃদ্ধির লক্ষণ হিসেবে দেখা দিতে পারে।,41.37802148099991,,935.0
এসব কারণে যদি বাচ্চার প্রয়োজন হয় তবে তিন থেকে পাঁচবার সিজার করা যায়,এসব কারণে শিশুর প্রয়োজন হলে তিন থেকে পাঁচবার করা যেতে পারে।,এই সব কারণে সন্তান প্রসবের প্রয়োজন পড়লে তিন থেকে পাঁচবার পর্যন্ত সিজারিয়ান অপারেশন করা সম্ভব।,26.057704221000225,,936.0
১৫ থেকে ৩০ সেকেন্ড এই অবস্থায় থাকুন,15 থেকে 30 সেকেন্ডের জন্য এই অবস্থানে থাকুন।,এই ভঙ্গিতে ১৫ থেকে ৩০ সেকেন্ড পর্যন্ত স্থির থাকুন।,30.98120381999979,,937.0
দিনের পর দিন এ ধরনের খাবার খেলে ওজন যেমন বেড়ে যেতে পারে তেমনি ট্রান্সফ্যাটের কারণে কোলেস্টরেলও বাড়তে পারে,দিনের পর দিন এই ধরনের খাবার খেলে ওজন যেমন বাড়তে পারে তেমনি ট্রান্স ফ্যাট কোলেস্টেরলও বাড়তে পারে।,"নিয়মিত এই জাতীয় খাবার গ্রহণ করলে যেমন ওজন বৃদ্ধি পায়, তেমনি এতে থাকা ট্রান্সফ্যাটের কারণে কোলেস্টেরলের মাত্রাও বেড়ে যাওয়ার সম্ভাবনা থাকে।",29.447038507000343,,938.0
ডেঙ্গুর আশঙ্কাসহ যদি নিম্নলিখিত যে কোনো একটি থাকে যেমন পেটে ব্যথা পেট শক্ত হওয়া অনবরত বমি প্লুরাল ইফুশন বা এসাইটিস রক্তক্ষরণ লিভার এক ইঞ্চির বেশি বড় হিমাটক্রিট দ্রুত বাড়া বা প্লাটিলেট দ্রুত কমা,"ডেঙ্গু সন্দেহ করা হয় যদি নিম্নলিখিতগুলির মধ্যে কোনটি উপস্থিত থাকে, যেমন পেটে ব্যথা, পেট শক্ত হওয়া, ক্রমাগত বমি হওয়া, প্লুরাল ইফিউশন বা অ্যাসাইটিস, রক্তপাত, লিভার এক ইঞ্চির বেশি বৃদ্ধি, হেমাটোক্রিট দ্রুত বৃদ্ধি বা প্লেটলেট দ্রুত হ্রাস।","ডেঙ্গু জ্বরের সন্দেহ থাকলে এবং তার সাথে নিম্নোক্ত লক্ষণগুলোর যেকোনো একটি উপস্থিত থাকলে, যেমন- পেটে ব্যথা ও শক্ত হয়ে যাওয়া, বারবার বমি হওয়া, প্লুরাল ইফিউশন বা এসাইটিস, রক্তপাত, যকৃতের আকার এক ইঞ্চির বেশি বৃদ্ধি, হিমাটোক্রিটের মাত্রা দ্রুত বৃদ্ধি অথবা প্লাটিলেটের সংখ্যা দ্রুত হ্রাস।",48.16025973900014,,939.0
অপারেশন না করালে সাইনাসের সমস্যা লেগেই থাকে কানের পর্দা ফেটে যেতে পারে এবং শ্বাসকষ্ট ও হাঁপানির মতো অবস্থার সৃষ্টি হয়,"যদি চিকিৎসা না করা হয়, সাইনাসের সমস্যা থেকে যেতে পারে, কানের পর্দা ফেটে যেতে পারে এবং শ্বাসকষ্ট এবং হাঁপানির মতো অবস্থার সৃষ্টি করতে পারে।","অস্ত্রোপচার না করলে সাইনাসের জটিলতা দীর্ঘস্থায়ী হয়, যার ফলে কানের পর্দা ছিঁড়ে যেতে পারে এবং শ্বাসকষ্ট বা হাঁপানির মতো সমস্যা দেখা দিতে পারে।",34.70738465100021,,940.0
হাই ব্লাড প্রেশার ডায়াবেটিস বা বংশগত রোগের প্রবণতা থাকলেও কিডনিতে একাধিক সমস্যা দেখা যায়,"উচ্চ রক্তচাপ, ডায়াবেটিস বা বংশগত রোগের প্রবণতা থাকলেও কিডনিতে বেশ কিছু সমস্যা দেখা দেয়।","উচ্চ রক্তচাপ, মধুমেহ অথবা বংশগত রোগের ঝুঁকি থাকলে বৃক্কে নানা ধরনের জটিলতা দেখা দিতে পারে।",30.2530007309997,,941.0
 বসন্তের শেষে ফুল ধরে ফল হয়,বসন্তের শেষের দিকে ফুল ফোটে এবং ফল দেয়।,বসন্তের অবসানে পুষ্প ফলে পরিণত হয়।,32.702264600000035,,942.0
এমন কি ভ্যাকসিন নিয়ে ও স্থায়ী বা দীর্ঘমেয়াদি কোনো নিশ্চয়তা কোনো পর্যায়ে পাওয়া যাচ্ছে না,"এমনকি ভ্যাকসিনের সাথে, কোন পর্যায়ে কোন স্থায়ী বা দীর্ঘমেয়াদী গ্যারান্টি নেই।",টিকা প্রসঙ্গেও কোনো পর্যায়েই স্থায়ী বা দীর্ঘস্থায়ী কোনো নিশ্চয়তা মিলছে না।,34.39356815500014,,943.0
সরমালাই পোলাওইয়াখনির উপকরণ নারকেলের দুধ আড়াই কাপ তেজপাতা ১টি দারচিনি ১টি ছোটো এলাচ ১টি লবঙ্গ ৪টি পেঁয়াজ ২টি কেশর ১ চিমটি চাল ভাজার জন্য লাগবে পোলায়ের চাল অথবা গোবিন্দভোগ চাল আধ কিলোগ্রাম ঘি ৩ টেবিল চামচ তেজপাতা ২টি কাজু কুচি ২৩ মুঠো ছোটো এলাচ ২টি দারচিনি ২টি লবঙ্গ ৫৬টি শাহী জিরে আধ চা চামচ চাল ১ কাপ লবণ স্বাদমতো নারকেলের দুধ আধ কাপ   আরও পড়ুন                                                                                           যে লক্ষণে বুঝবেন প্রাক্তন জীবনে আবার ফিরতে চাচ্ছে                                        এ ছাড়াও লাগবে পেঁয়াজ কুচি দেড় কাপ ছানা দেড় কাপ ময়দা ১ চামচ ফ্রেশ ক্রিম দেড় কাপ নারকেল কুচি ১ চামচ কিশমিশ ১ মুঠো ঘি দেড় থেকে দুই কাপ কাগজি লেবু ১টি আমন্ড কুচি ১ মুঠো পেস্তা কুচি ১ মুঠোপ্রণালিপ্রথমে ইয়াখনি বানিয়ে নিন,সরমালাই পোলাও ইয়াখানির উপকরণ: নারকেলের দুধ 2.5 কাপ তেজপাতা 1 দারুচিনি 1 ছোট এলাচ 1 লবঙ্গ 4 পেঁয়াজ 2 জাফরান 1 চিমটি ভাজার জন্য চাল: পোলাও চাল বা গোবিন্দভোগ চাল 1/2 কেজি ঘি 3 চা চামচ 3 চা চামচ মুষ্টিমেয় ছোট এলাচ 2 দারুচিনি 2 লবঙ্গ 56 শাহী জিরা 1/2 চা চামচ চাল 1 কাপ লবণ স্বাদমতো নারকেলের দুধ 1/2 কাপ আরও পড়ুন যে লক্ষণগুলি,"সরমালাই পোলাও ও ইয়াখনি তৈরির উপাদানগুলোর মধ্যে রয়েছে আড়াই কাপ নারকেলের দুধ, ১টি তেজপাতা, ১ টুকরো দারুচিনি, ১টি ছোট এলাচ, ৪টি লবঙ্গ, ২টি পেঁয়াজ এবং ১ চিমটি জাফরান। চাল ভাজার জন্য আধা কেজি পোলাও বা গোবিন্দভোগ চাল, ৩ টেবিল চামচ ঘি, ২টি তেজপাতা, ২-৩ মুঠো কাজু, ২টি ছোট এলাচ, ২ টুকরো দারুচিনি, ৫-৬টি লবঙ্গ, আধা চা চামচ শাহি জিরা, ১ কাপ চাল, পরিমাণমতো লবণ ও আধা কাপ নারকেলের দুধ প্রয়োজন। (আরও পড়ুন: যেসব আচরণ বা ল",49.496267917000296,,944.0
অধিকাংশ ভাইরাস নাক-মুখ দিয়ে প্রবেশ করে গলায় কিছুক্ষণ আটকে থাকে,বেশিরভাগ ভাইরাস নাক ও মুখ দিয়ে প্রবেশ করে এবং কিছুক্ষণ গলায় থাকে।,বেশিরভাগ ভাইরাস নাক ও মুখের পথ দিয়ে শরীরে প্রবেশ করে এবং কিছু সময়ের জন্য গলায় অবস্থান করে।,25.74260408600003,,945.0
" তিনি বলেন, ‘আমাদের মা’দের শিক্ষিত করতে পারলে ধূমপানের হার কমবে","তিনি বলেন: ""আমরা যদি আমাদের মায়েদের শিক্ষিত করতে পারি তাহলে ধূমপানের হার কমবে।""","তিনি জানিয়েছেন, আমাদের মায়েরা শিক্ষিত হতে পারলে ধূমপানের হার কমে আসবে।",28.96933589499986,,946.0
গুড়ে বেশ আয়রনও পাওয়া যায় যা আমাদের শরীরে প্রতিরোধশক্তি বাড়াতে সাহায্য করে,"গুড় এছাড়াও প্রচুর পরিমাণে আয়রন, যা আমাদের শরীরে রোগ প্রতিরোধ ক্ষমতা বাড়াতে সাহায্য করে।","গুড়ে প্রচুর পরিমাণে আয়রন থাকে, যা আমাদের শরীরের রোগ প্রতিরোধ ক্ষমতা বৃদ্ধিতে সহায়তা করে।",34.24423925400015,,947.0
কেহ ঘর থেকে বের হচ্ছে না,কেউ ঘর থেকে বের হয় না।,কেউ বাড়ি থেকে বেরোচ্ছে না।,20.89166016000036,,948.0
"গবেষণায় দেখা গেছে, ফ্যাটলেস দই খেলে দ্রুত ওজন ঝরে",গবেষণায় দেখা গেছে যে চর্বিহীন দই খাওয়া আপনাকে দ্রুত ওজন কমাতে সাহায্য করতে পারে।,"গবেষণালব্ধ তথ্য অনুযায়ী, ফ্যাটমুক্ত দই সেবন করলে খুব দ্রুত ওজন কমে যায়।",41.75621077200003,,949.0
বিশেষ করে মাংসপেশি বেড়ে যাওয়া এবং মাংসপেশি কাঁপার মতো সমস্যাগুলো হয়ে থাকে,"বিশেষ করে, পেশী খিঁচুনি এবং পেশী কম্পনের মতো সমস্যা দেখা দেয়।",বিশেষত পেশির আকার বৃদ্ধি এবং পেশিতে কম্পনের মতো শারীরিক সমস্যাগুলো দেখা দেয়।,34.56275099499999,,950.0
সবসময় লাইজল অথবা ব্লিচিংপানি মিশিয়ে প্রস্তুত রাখুন,সর্বদা প্রস্তুত লাইসল বা ব্লিচিং জল রাখুন।,লাইজল কিংবা ব্লিচিং পানি মিশিয়ে সর্বদা প্রস্তুত অবস্থায় রাখুন।,44.350238128,,951.0
ডা আফলাতুন আকতার জাহান মেডিসিন স্পেশালিস্ট ইন্টারনাল মেডিসিন বিভাগ স্কয়ার হাসপাতাল লিমিটেড ঢাকা,ডাঃ আফলাতুন আক্তার জাহান মেডিসিন বিশেষজ্ঞ ইন্টারনাল মেডিসিন বিভাগ স্কয়ার হাসপাতাল লিমিটেড ঢাকা,ঢাকার স্কয়ার হাসপাতাল লিমিটেডের ইন্টারনাল মেডিসিন বিভাগের মেডিসিন বিশেষজ্ঞ হলেন ডা. আফলাতুন আকতার জাহান।,23.66212515500001,,952.0
তাই গ্লুকোমাকে প্রাথমিক অবস্থায় শনাক্ত করতে হবে,"অতএব, গ্লুকোমা প্রাথমিক পর্যায়ে সনাক্ত করা উচিত।",সেহেতু গ্লুকোমা রোগটি প্রারম্ভিক পর্যায়েই চিহ্নিত করা আবশ্যক।,28.044116935000147,,953.0
 এই গাছ দুই থেকে আড়াই ফুট পর্যন্ত লম্বা হতে পারে,এই গাছটি দুই থেকে আড়াই ফুট পর্যন্ত লম্বা হতে পারে।,এই গাছটির উচ্চতা দুই থেকে আড়াই ফুট পর্যন্ত হতে পারে।,24.941422459000023,,954.0
"সংবাদ বিজ্ঞপ্তিতে বলা হয়, পাইকারি ওষুধের দোকানগুলোতে বুধবার দুপুর ১২টায় এই অভিযান শুরু হয়, চলে ভোর পর্যন্ত","সংবাদ বিজ্ঞপ্তিতে বলা হয়, বুধবার দুপুর ১২টায় পাইকারি ওষুধের দোকানে অভিযান শুরু হয়ে ভোর পর্যন্ত চলে।","সংবাদ বিজ্ঞপ্তিতে জানানো হয়েছে, বুধবার দুপুর ১২টায় পাইকারি ওষুধের দোকানগুলোতে শুরু হওয়া এই অভিযান ভোর পর্যন্ত অব্যাহত ছিল।",30.06285526800002,,955.0
যেমন তার পেটে ব্যথা বমি ও কিছুই খেতে পারছে না,তার পেট ব্যাথার মত বমি আর কিছু খেতে পারছে না।,"যেমন তার পেটে ব্যথা ও বমি হচ্ছে, পাশাপাশি সে কোনো খাবারই গ্রহণ করতে পারছে না।",34.8344784650003,,956.0
ইউরোপীয় কমিশনের টিকা ব্যবহারের অনুমতি দেওয়ার আগে শেষ পদক্ষেপ হিসেবে ইএমএ বিপণনের অনুমোদন দিয়েছে,ইউরোপীয় কমিশন ভ্যাকসিন ব্যবহারের অনুমতি দেওয়ার আগে শেষ পদক্ষেপ হিসাবে EMA বিপণনের অনুমোদন দিয়েছে।,ইউরোপীয় কমিশন থেকে টিকা ব্যবহারের অনুমতি পাওয়ার পূর্ববর্তী চূড়ান্ত ধাপ হিসেবে ইএমএ বিপণনের অনুমোদন দিয়েছে।,29.35428595400026,,957.0
নিয়মিত মুখ ধোয়া ফেসওয়াশ দিয়ে ভালো করে মুখ পরিষ্কার করা মুখ ধোয়ার পর ময়েশ্চারাইজার দেওয়া বাইরে যাওয়ার আগে সানস্ক্রিন লাগানো মেকআপ তোলার সময়  ডাবল ক্লিনজিং করা এই বিষয়গুলো মাথায় রাখলে ত্বকে কোনো সমস্যা হবে না,"নিয়মিত মুখ ধোয়া, ফেস ওয়াশ দিয়ে ভালোভাবে মুখ পরিষ্কার করা, মুখ ধোয়ার পর ময়েশ্চারাইজার লাগানো, বাইরে যাওয়ার আগে সানস্ক্রিন লাগানো এবং মেকআপ তোলার সময় ডাবল ক্লিনজিং করলে আপনার ত্বকের কোনো সমস্যা হবে না।","ত্বকে যেন কোনো সমস্যা না দেখা দেয়, সেজন্য নিয়মিত ফেসওয়াশ দিয়ে মুখ ভালোভাবে ধোয়া, এরপর ময়েশ্চারাইজার লাগানো, বাইরে বের হওয়ার আগে সানস্ক্রিন ব্যবহার করা এবং মেকআপ তোলাকালীন ডাবল ক্লিনজিং করার মতো বিষয়গুলো অবশ্যই অনুসরণ করা প্রয়োজন।",40.49584364900011,,958.0
এর বাইরে প্রতিদিন বহির্বিভাগে ডায়রিয়া বমির সমস্যা নিয়ে রোগী আসছে,এছাড়া প্রতিদিন ডায়রিয়া ও বমির সমস্যা নিয়ে বহির্বিভাগে রোগীরা আসেন।,"এ ছাড়াও, বহির্বিভাগে প্রতিদিন ডায়রিয়া ও বমিতে আক্রান্ত রোগীরা আসছেন।",35.873938772999736,,959.0
মাথাটাকে বামে ও ডানে ঘুরান,মাথা বাম এবং ডান দিকে ঘুরুন।,মাথাটি বাম ও ডান দিকে ঘুরিয়ে নিন।,26.29335791800031,,960.0
 ২৪ ঘণ্টা পরে আবার ওজন নিয়ে দেখবেন প্রায় ১ কেজির মতো ওজন কমে গেছে,24 ঘন্টা পর আবার ওজন করুন এবং দেখবেন ওজন প্রায় 1 কেজি কমে গেছে।,২৪ ঘণ্টা পার হওয়ার পর পুনরায় ওজন মাপলে দেখবেন আপনার প্রায় এক কেজি ওজন হ্রাস পেয়েছে।,28.510592619999898,,961.0
ফাইবারের পরিমাণ বেশি থাকায় গাজর খেলে পেট ভর্তি লাগে এবং ওজন কমাতেও সাহায্য করে এই গাজর,উচ্চ ফাইবার থাকায় গাজর খেলে পেট ভরে যায় এবং ওজন কমাতেও সাহায্য করে।,গাজরে প্রচুর ফাইবার বিদ্যমান থাকায় এটি খেলে পেট ভরা মনে হয় এবং ওজন কমানোর ক্ষেত্রেও এটি বেশ সহায়ক।,37.24919910999961,,962.0
ডাক্তারকে না জিজ্ঞেস করে কোনো ক্রিম লাগাবেন না,আপনার ডাক্তারকে জিজ্ঞাসা না করে কোনো ক্রিম লাগাবেন না।,চিকিৎসকের পরামর্শ না নিয়ে কোনো ক্রিম ব্যবহার করবেন না।,20.733638099000014,,963.0
এই গরমে অনেকেই কোষ্ঠকাঠিন্যের সমস্যায় ভুগছেন,এই গরমে অনেকেই কোষ্ঠকাঠিন্যে ভোগেন।,এই তীব্র গরমে বহু মানুষ কোষ্ঠকাঠিন্যের সমস্যায় কষ্ট পাচ্ছেন।,29.42632528400009,,964.0
ঠান্ডা ধুলাবালি এড়িয়ে চলা হালকা গরম পানি দিয়ে গড়গড়া করা আদা লবঙ্গ ইত্যাদি খেলেও কণ্ঠস্বর ধীরে ধীরে ঠিক হয়ে আসে,"ঠাণ্ডা ধুলাবালি এড়িয়ে, ঈষদুষ্ণ জলে গার্গল করা, আদা, লবঙ্গ ইত্যাদি খেলে কণ্ঠস্বর ধীরে ধীরে উন্নত হয়।",শীত ও ধুলাবালি পরিহার করে কুসুমগরম পানি দিয়ে গড়গড়া করা এবং আদা-লবঙ্গ জাতীয় উপাদান সেবন করলে কণ্ঠস্বর ক্রমশ স্বাভাবিক হয়ে যায়।,33.46518956299997,,965.0
২ সম্ভব হলে দড়ি লাফ সাইকেল চালানো এবং সাঁতার কাটার মাধ্যমে শরীরচর্চা প্রয়োজন,2 সম্ভব হলে সাইকেল চালানো এবং সাঁতারের মাধ্যমে শারীরিক ব্যায়াম করা উচিত।,"২. সুযোগ থাকলে দড়ি লাফানো, সাইকেল চালানো এবং সাঁতার কাটার মাধ্যমে শারীরিক ব্যায়াম করা আবশ্যক।",35.242880367,,966.0
এতে তাদের মধ্যে সেভাবে রোগের উপসর্গ দেখা যাচ্ছে না,এতে তাদের মধ্যে রোগের লক্ষণ দেখা যায় না।,এর ফলে তাদের মাঝে তেমন কোনো রোগলক্ষণ প্রকাশ পাচ্ছে না।,23.704459098999905,,967.0
ওজন বাড়ার কারণে নানা ধরনের রোগব্যাধি বাসা বাধে শরীরে,ওজন বৃদ্ধির কারণে শরীরে বাসা বাঁধে নানা ধরনের রোগ।,ওজন বৃদ্ধির ফলে শরীরে বহুবিধ রোগব্যাধির সৃষ্টি হয়।,31.23787641799981,,968.0
শিশুর জলমাথা ও মেরুদণ্ডের রোগের চিকিৎসা বেশ ব্যয়বহুল,শিশুদের হাইড্রোসেফালাস এবং মেরুদণ্ডের রোগের চিকিৎসা বেশ ব্যয়বহুল।,শিশুদের জলমাথা ও মেরুদণ্ডের রোগের চিকিৎসা বেশ ব্যয়সাধ্য।,35.10774985199987,,969.0
ডা সায়েবা যুগান্তরকে বলেন এই প্রতিষ্ঠানটিতে প্রচুর দরিদ্র মানুষ আসছেন,"ডা: সায়েবা যুগান্তরকে বলেন, এ প্রতিষ্ঠানে অনেক দরিদ্র মানুষ আসছে।",এই প্রতিষ্ঠানে অসংখ্য দরিদ্র মানুষ আসছেন বলে যুগান্তরকে জানান ডা. সায়েবা।,34.020974386000034,,970.0
মাথা নাক মুখ কানউপযুক্ত শীতের কাপড় দিয়ে ঢেকে রাখুন,"আপনার মাথা, নাক, মুখ এবং কান উপযুক্ত শীতের পোশাক দিয়ে ঢেকে রাখুন।","শীতের উপযুক্ত কাপড় দিয়ে মাথা, মুখ, নাক ও কান আবৃত করে রাখুন।",29.613660929999696,,971.0
তাদের এ অনুসন্ধান ডায়াবেটিস চিকিৎসার ক্ষেত্রে নতুন থেরাপি উদ্ভাবনের পথ খুলে দিয়েছে যা দিয়ে বিপাক গবেষণায় এফজিএফ১ নামের এ কোষ উৎপাদন বৃদ্ধির কৌশল আবিষ্কৃত হতে পারে,"তাদের অনুসন্ধানগুলি ডায়াবেটিসের চিকিত্সার জন্য নতুন থেরাপির বিকাশের পথ প্রশস্ত করে, বিপাকীয় গবেষণায় FGF1 নামক কোষের উত্পাদন বাড়ানোর কৌশল আবিষ্কার করে।","তাদের এই গবেষণা ডায়াবেটিস চিকিৎসায় নতুন থেরাপি তৈরির সুযোগ সৃষ্টি করেছে, যার মাধ্যমে বিপাকীয় গবেষণায় এফজিএফ১ নামক কোষটির উৎপাদন বাড়ানোর নতুন পদ্ধতি আবিষ্কার করা সম্ভব হবে।",53.20255004599994,,972.0
প্রোটিন জাতীয় খাবার শরীরের তাপমাত্রা বজায় রেখে শরীর গরম রাখতে সাহায্য করে,প্রোটিন সমৃদ্ধ খাবার শরীরের তাপমাত্রা ঠিক রেখে শরীরকে উষ্ণ রাখতে সাহায্য করে।,প্রোটিন সমৃদ্ধ খাদ্য শরীরের তাপমাত্রা স্থিতিশীল রেখে দেহকে উষ্ণ রাখতে সহায়তা করে।,28.357686207999905,,973.0
 শিশুদের ত্বকের জন্যেও তা নিরাপদ,এটি শিশুদের ত্বকের জন্যও নিরাপদ।,শিশুদের ত্বকেও এটি নিরাপদে ব্যবহার করা যায়।,35.64130620600008,,974.0
তবে যারা একাধিক ধরনের তামাক সেবন করে তাদের ক্যানসারের ঝুঁকি সর্বাধিক,তবে যারা একাধিক ধরনের তামাক সেবন করেন তাদের ক্যান্সারের ঝুঁকি সবচেয়ে বেশি।,"তথাপি, একাধিক প্রকারের তামাকজাত দ্রব্য সেবনকারীদের ক্যানসার হওয়ার ঝুঁকি সবচেয়ে বেশি।",35.48842676100003,,975.0
জ্বর হলে শরীরে ক্যালোরির চাহিদা বাড়ে ফলে বিপাক বেড়ে যায় ও রোগীর পুষ্টির দরকার হয়,জ্বর হলে শরীরের ক্যালরির চাহিদা বেড়ে যায় ফলে মেটাবলিজম বৃদ্ধি পায় এবং রোগীর পুষ্টির প্রয়োজন হয়।,"জ্বরে আক্রান্ত হলে শরীরে ক্যালোরির প্রয়োজনীয়তা বৃদ্ধি পায়, যার ফলে বিপাক ক্রিয়া ত্বরান্বিত হয় এবং রোগীর পুষ্টির প্রয়োজন দেখা দেয়।",33.62182613300001,,976.0
আর তা অনেকক্ষণ পর্যন্ত শরীরে থাকে,আর তা শরীরে থাকে অনেকক্ষণ।,এবং সেটি দীর্ঘ সময় ধরে শরীরের ভেতরে অবস্থান করে।,22.208558403000097,,977.0
যেমন রক্তের এনটি প্রো বিএনপির এনটারমিনাল প্রোহরমোন অব ব্রেইন নেট্রিউরেটিক পেপটাইড মাত্রা পরীক্ষা এবং ইকোকার্ডিওগ্রাম করা খুব দরকারি,"উদাহরণস্বরূপ, রক্তের NT Pro BNP (Enterminal Prohormone of Brain Natriuretic Peptide) স্তর পরীক্ষা করা এবং একটি ইকোকার্ডিওগ্রাম করা খুবই গুরুত্বপূর্ণ।","উদাহরণস্বরূপ, রক্তে এনটি প্রো বিএনপি (এনটারমিনাল প্রোহরমোন অব ব্রেইন নেট্রিউরেটিক পেপটাইড)-এর মাত্রা নির্ণয় এবং ইকোকার্ডিওগ্রাম করা অত্যন্ত গুরুত্বপূর্ণ।",42.93385297399982,,978.0
১৮ বছরের শিশুর প্রতিদিনের চাহিদা ৯০ মাইক্রোগ্রাম ৯১৩ বছর পর্যন্ত ১২০ মাইক্রোগ্রাম এবং ১৪ বছর থেকে আরম্ভ করে বয়স্কদের জন্য তা ১৫০ মাইক্রোগ্রাম,"18 বছর বয়সী শিশুদের জন্য দৈনিক প্রয়োজন 90 মাইক্রোগ্রাম, 120 মাইক্রোগ্রাম 913 বছর পর্যন্ত এবং 14 বছর বয়সী প্রাপ্তবয়স্কদের জন্য 150 মাইক্রোগ্রাম।","১ থেকে ৮ বছর বয়সী শিশুদের দৈনিক চাহিদা ৯০ মাইক্রোগ্রাম, ৯ থেকে ১৩ বছর বয়সীদের ক্ষেত্রে এটি ১২০ মাইক্রোগ্রাম এবং ১৪ বছর ও তদূর্ধ্ব বয়স্কদের জন্য তা ১৫০ মাইক্রোগ্রাম।",40.49923577299978,,979.0
মধ্য বয়সিদের ৩০ থেকে ৫৫ বছর বয়স পর্যন্ত মধ্যেই লং কোভিডের উপসর্গ বেশি পাওয়া যায়,দীর্ঘ কোভিড লক্ষণগুলি 30 থেকে 55 বছর বয়সী মধ্যবয়সী ব্যক্তিদের মধ্যে বেশি দেখা যায়।,৩০ থেকে ৫৫ বছর বয়সী মধ্যবয়স্ক ব্যক্তিদের মধ্যে লং কোভিডের উপসর্গগুলো বেশি পরিলক্ষিত হয়।,32.347267672999806,,980.0
উপরে উল্লেখিত অসুস্থতাগুলো যেহেতু জীবাণু সংক্রমণের মাধ্যমে ঘটে থাকে তাই কাশি এবং জর প্রায় সব ক্ষেত্রেই বিদ্যমান থাকে,"যেহেতু উপরে উল্লিখিত অসুস্থতাগুলি ব্যাকটেরিয়া সংক্রমণের কারণে হয়, তাই কাশি এবং সর্দি প্রায় সব ক্ষেত্রেই থাকে।","পূর্বে বর্ণিত রোগগুলো জীবাণু সংক্রমণের ফলে সৃষ্টি হয় বলে, প্রায় সব ক্ষেত্রেই তাতে কাশি ও জ্বর দেখা যায়।",32.41724044900002,,981.0
থাইম রোজমেরি এবং পার্সলের মতো ভেষজ স্বাদ এবং অতিরিক্ত পুষ্টির জোগান দেবে,থাইম ভেষজ গন্ধ এবং রোজমেরি এবং পার্সলে মত অতিরিক্ত পুষ্টি প্রদান করবে।,"থাইম, রোজমেরি ও পার্সল জাতীয় ভেষজ উপাদানগুলো সুস্বাদুতা এবং বাড়তি পুষ্টিগুণ যোগাবে।",39.61911182799986,,982.0
যারা বিভিন্ন রোগ যেমনডায়াবেটিসউচ্চ রক্তচাপহৃদরোগলিভার কিডনি সমস্যায় বা ক্যান্সারে আক্রান্তরা ঝুঁকির মধ্যে আছেন,"যারা ডায়াবেটিস, উচ্চ রক্তচাপ, হৃদরোগ, লিভার, কিডনি বা ক্যান্সারের মতো বিভিন্ন রোগের ঝুঁকিতে রয়েছেন।","ডায়াবেটিস, উচ্চ রক্তচাপ, হৃদরোগ, লিভার ও কিডনির সমস্যা কিংবা ক্যান্সারে আক্রান্ত ব্যক্তিরা ঝুঁকির মুখে রয়েছেন।",32.34697198799995,,983.0
অথচ মাইক্রোক্যালসিফিকেশনগুলি যদি নির্দিষ্ট প্যাটার্ন বা ক্লাস্টারে উপস্থিত হয় তবে এটি ক্যানসারের প্রথম এবং প্রথম দিকের লক্ষণ হতে পারে,"যাইহোক, যদি মাইক্রোক্যালসিফিকেশন নির্দিষ্ট প্যাটার্ন বা ক্লাস্টারে প্রদর্শিত হয় তবে এটি ক্যান্সারের প্রথম এবং প্রথম দিকের লক্ষণ হতে পারে।","তথাপি মাইক্রোক্যালসিফিকেশনগুলো যদি কোনো নির্দিষ্ট বিন্যাস বা গুচ্ছ আকারে পরিলক্ষিত হয়, তবে তা কর্কটরোগের আদি ও প্রাথমিক লক্ষণ হতে পারে।",34.46454848300027,,984.0
তখন মাকে বাঁচানো অনেক বেশি কঠিন হয়ে যায়,তখন মাকে বাঁচানো অনেক কঠিন হয়ে পড়ে।,সেই সময়ে মায়ের প্রাণ রক্ষা করা অত্যন্ত দুষ্কর হয়ে পড়ে।,20.530816824999874,,985.0
 ঠাণ্ডা পানিতে পরিষ্কার কাপড় ভিজিয়ে নিংড়ান,ঠাণ্ডা পানিতে একটি পরিষ্কার কাপড় ভিজিয়ে মুড়িয়ে নিন।,একটি পরিষ্কার কাপড় ঠান্ডা জলে ভিজিয়ে তারপর ভালো করে চেপে পানি ঝরিয়ে নিন।,37.579136524000205,,986.0
"৩ কোল্ড কফি
কফিতে ক্যাফেইন থাকে আর এটি পানি দিয়েই বানানো হয়",3 কোল্ড কফি কফিতে ক্যাফেইন থাকে এবং এটি পানি দিয়ে তৈরি করা হয়।,"৩. কোল্ড কফি
কফিতে ক্যাফেইন বিদ্যমান থাকে এবং এটি পানি ব্যবহার করেই তৈরি করা হয়।",27.865617362000197,,987.0
 ইতোমধ্যে ডেঙ্গু আক্রান্ত হয়ে মারা গেছে ১৩ জন,ডেঙ্গুতে আক্রান্ত হয়ে ইতিমধ্যে ১৩ জনের মৃত্যু হয়েছে।,এ পর্যন্ত ডেঙ্গু জ্বরে আক্রান্ত হয়ে ১৩ জনের মৃত্যু হয়েছে।,24.60711968600026,,988.0
 দীর্ঘ সময় সূর্যের ক্ষতিকর আলো থেকে ত্বক রক্ষা করুন সূর্যের তাপ নির্গত অতিবেগুনি রশ্মি আমাদের স্বাস্থ্য এবং ত্বকের ওপর মারাত্মক ক্ষতিকর প্রভাব ফেলে,দীর্ঘমেয়াদী ক্ষতিকারক সূর্যের রশ্মি থেকে ত্বককে রক্ষা করুন সূর্যের তাপে নির্গত অতিবেগুনি রশ্মি আমাদের স্বাস্থ্য ও ত্বকের ওপর মারাত্মক ক্ষতিকর প্রভাব ফেলে।,"সূর্য থেকে নির্গত অতিবেগুনি রশ্মি আমাদের স্বাস্থ্য ও ত্বকের ভয়াবহ ক্ষতি সাধন করে, তাই দীর্ঘক্ষণ রোদে থাকাকালীন ত্বককে এই ক্ষতিকর আলো থেকে সুরক্ষিত রাখুন।",32.25049830099988,,989.0
বিজ্ঞানীরা বলেন রাতে ঘুমের মধ্যে হিপোক্যাম্পাস দিনের সব ঘটনা নিওকর্টেক্সের কাছে রিপ্লে বা পুনঃসম্প্রচার করতে থাকে আর নিওকর্টেক্স একে প্রক্রিয়াজাত করে স্মৃতিতে রূপান্তরিত করে,"বিজ্ঞানীরা বলছেন যে হিপ্পোক্যাম্পাস ঘুমের সময় নিওকর্টেক্সের কাছে দিনের সমস্ত ঘটনা রিপ্লে বা পুনঃপ্রচার করে, যা তাদের প্রক্রিয়া করে এবং স্মৃতিতে রূপান্তরিত করে।","বিজ্ঞানীদের মতে, ঘুমন্ত অবস্থায় হিপোক্যাম্পাস সারাদিনের সমস্ত ঘটনাকে নিওকর্টেক্সের কাছে পুনরাবৃত্তি করে, যার ফলে নিওকর্টেক্স সেই তথ্য প্রক্রিয়া করে স্মৃতিতে রূপ দেয়।",38.80355779000001,,990.0
রাতে খাবার টেবিলে বাবামা আগ্রহ নিয়ে আছেন অনেকদিন পর মেয়ের সঙ্গে জম্পেশ একটা গল্প হবে,"রাতে খাবার টেবিলে বাবা-মায়ের আগ্রহ, অনেকদিন পর মেয়ের সঙ্গে ঝাঁপিয়ে পড়া গল্প হবে।",দীর্ঘদিন পর মেয়ের সঙ্গে বেশ জমজমাট গল্পগুজব হবে বলে রাতের খাবারের টেবিলে বাবা-মা খুব উৎসুক হয়ে অপেক্ষা করছেন।,35.53630526699999,,991.0
হেয়ারি ব্ল্যাক টাং বা কালো জিহ্বা হয়ে থাকে ব্যাকটেরিয়ার বংশবৃদ্ধির কারণে বা জিহ্বার ছত্রাক সংক্রমণের কারণে,একটি লোমশ কালো জিহ্বা ব্যাকটেরিয়া অতিরিক্ত বৃদ্ধি বা জিহ্বার ছত্রাক সংক্রমণের কারণে হয়।,জিহ্বায় ব্যাকটেরিয়ার অতিরিক্ত বংশবিস্তার অথবা ছত্রাকজনিত সংক্রমণের ফলে হেয়ারি ব্ল্যাক টাং বা কালো জিহ্বা দেখা দেয়।,34.29403424200018,,992.0
আর রোদ যেন পুড়িয়ে দিচ্ছে কোমলমতি ত্বক এমন দিনে ত্বকের বন্ধু হলো টক দই,টক দই ত্বকের বন্ধু এমন দিনে সূর্যের কোমল ত্বক পুড়ে যায়।,"প্রখর রৌদ্রে যখন নাজুক ত্বক দগ্ধ হয়, তখন ত্বকের সেরা সঙ্গী হয়ে ওঠে টক দই।",34.22399691500004,,993.0
এক সপ্তাহ বা দুই সপ্তাহ এভাবে পান করুন মাইট ও চুলকানি পুরোপুরি দূর হওয়ার জন্য,মাইট এবং চুলকানি থেকে সম্পূর্ণরূপে মুক্তি পেতে এক বা দুই সপ্তাহ এটি পান করুন।,মাইট ও চুলকানি সম্পূর্ণরূপে দূর করার জন্য এক কিংবা দুই সপ্তাহ ধরে এভাবে সেবন করুন।,32.616150249000384,,994.0
"গলব্লাডারের পাথর আসলে ছোট ছোট বালুর দানার মতো থেকে শুরু করে মটরের দানা বা তার চেয়েও বড় শক্ত দানাদার বস্তু, যা বিভিন্ন রঙের ও বিভিন্ন আকৃতির হতে পারে","পিত্তথলির পাথর আকারে ছোট বালির দানা থেকে শুরু করে মটর-আকারের বা বড় কঠিন পদার্থ পর্যন্ত হতে পারে, যা বিভিন্ন রঙ এবং আকারের হতে পারে।","পিত্তথলির পাথর মূলত বালির কণা থেকে শুরু করে মটরশুঁটি কিংবা তার চেয়েও বড় আকারের শক্ত পদার্থ, যার রং এবং আকৃতি নানা ধরনের হতে পারে।",33.74853519999988,,995.0
রক্তাল্পতা ও রক্তচাপের সমস্যা নিয়ন্ত্রণ করতে কাজে আসতে পারে বিট,রক্তাল্পতা এবং রক্তচাপের সমস্যা নিয়ন্ত্রণে বিটরুট উপকারী।,রক্তশূন্যতা ও রক্তচাপজনিত সমস্যা নিয়ন্ত্রণে বিটরুট বেশ কার্যকর ভূমিকা রাখতে পারে।,32.840125326999896,,996.0
সেমিনারে বাংলাদেশ অ্যাটোমিক অ্যানার্জি কমিশনের মাধ্যমে জেনেটিক সিকোয়েন্সিং ল্যাব তৈরি হচ্ছে বলে জানান কমিশনের চেয়ারম্যান ও অ্যধ্যাপক ডা শামীম মমতাজ ফেরদৌসী,সেমিনারে বাংলাদেশ পরমাণু শক্তি কমিশনের মাধ্যমে একটি জেনেটিক সিকোয়েন্সিং ল্যাব তৈরি করা হচ্ছে বলে জানান কমিশনের চেয়ারম্যান ও প্রফেসর ড.শামীম মমতাজ ফেরদৌসী।,"একটি সেমিনারে বাংলাদেশ অ্যাটোমিক অ্যানার্জি কমিশনের চেয়ারম্যান ও অধ্যাপক ডা. শামীম মমতাজ ফেরদৌসী জানান, কমিশনের উদ্যোগে একটি জেনেটিক সিকোয়েন্সিং ল্যাবরেটরি স্থাপন করা হচ্ছে।",39.31117995900013,,997.0
এ করোনার সময়েও যাদের এই ফ্লু ও নিউমোনিয়ার ভ্যাকসিন নেওয়া আছে তাদের জটিলতা কম হওয়ার আশঙ্কা থাকে,এমনকি এই করোনার সময়েও যারা এই ফ্লু এবং নিউমোনিয়ার ভ্যাকসিন নিয়েছেন তাদের কম জটিলতা হওয়ার সম্ভাবনা রয়েছে।,"করোনার এই সময়েও যারা ফ্লু ও নিউমোনিয়ার টিকা নিয়েছেন, তাদের জটিলতা কম হওয়ার সম্ভাবনা থাকে।",30.480231489999824,,998.0
এই আঁশ রক্তের চর্বি কমাবে,এই ফাইবার রক্তের চর্বি কমিয়ে দেবে।,এই আঁশ রক্তের চর্বির মাত্রা হ্রাস করবে।,25.26975381700004,,999.0
শারিরীক কিছু পরিবর্তন হতে পারে যেমন ওজন বাড়তে পারে চুল শুসক লাগতে পারে গিরায় ব্যাথা হতে পারে,"কিছু শারীরিক পরিবর্তন হতে পারে যেমন ওজন বৃদ্ধি, চুল শুষ্ক, জয়েন্টে ব্যথা।","শরীরে ওজন বৃদ্ধি, চুল রুক্ষ হয়ে যাওয়া এবং গাঁটে ব্যথা হওয়ার মতো কিছু শারীরিক পরিবর্তন দেখা দিতে পারে।",31.358245435999837,,1000.0
আর সে দুধ খেতে না চাইলে দই পনির ছানার মতো দুগ্ধজাত খাবারও প্রতিদিন খাওয়াতে পারেন,"এবং যদি তিনি দুধ পান করতে না চান তবে তিনি প্রতিদিন দুগ্ধজাত পণ্য যেমন দই, পনির এবং ছোলা খেতে পারেন।","এছাড়াও, সে যদি দুধ পান করতে না চায়, তবে তাকে প্রতিদিন দই, পনির ও ছানার মতো অন্যান্য দুগ্ধজাত দ্রব্য খাওয়ানো যেতে পারে।",41.35364983699992,,1001.0
ডিমে প্রচুর পরিমাণে ভিটামিন ও মিনারেলস থাকে,ডিমে প্রচুর ভিটামিন ও মিনারেল থাকে।,ডিমে প্রচুর পরিমাণে ভিটামিন এবং খনিজ পদার্থ পাওয়া যায়।,36.014261284999975,,1002.0
কোন দেশ কতদিন এই খেলা চালিয়ে নিতে পারে সেটিই এখন দেখার বিষয়,কোন দেশ কতদিন এই খেলা চালিয়ে যেতে পারে সেটাই দেখার বিষয়।,"এখন মূল প্রশ্ন হলো, ঠিক কতদিন পর্যন্ত কোন দেশ এই খেলাটি চালিয়ে যেতে সক্ষম হবে।",33.143328939000185,,1003.0
অনেক গর্ভবতী মহিলার পেলভিক বা শ্রোণির হাড়ে ব্যথা হওয়া একটি সাধারণ ঘটনা,পেলভিক বা পেলভিক ব্যথা অনেক গর্ভবতী মহিলাদের জন্য একটি সাধারণ ঘটনা।,গর্ভাবস্থায় অনেক নারীর শ্রোণিচক্র বা পেলভিক অস্থিতে ব্যথা হওয়া অত্যন্ত স্বাভাবিক একটি বিষয়।,34.955548719000035,,1004.0
 এ উপমহাদেশে আমলকীর বেনারসি জাতটি সবচেয়ে ভালো,বেনারসি জাতের আমলকি এই উপমহাদেশে সেরা।,এই উপমহাদেশের আমলকীর মধ্যে বেনারসি জাতটিই সর্বশ্রেষ্ঠ।,33.78678135100017,,1005.0
একটা বিষয় বলে রখি মেয়েদের ক্ষেত্রে হরমোন রিপ্লেসমেন্ট থেরাপি নেওয়া যাবে না,একটা কথা বলে রাখি মেয়েদের ক্ষেত্রে হরমোন রিপ্লেসমেন্ট থেরাপি নেওয়া যায় না।,"একটি কথা স্পষ্ট করে বলে রাখি, নারীদের ক্ষেত্রে হরমোন রিপ্লেসমেন্ট থেরাপি গ্রহণ করা যাবে না।",40.11411815599968,,1006.0
ডিফো এবং মানজোনি দুজনেই লিখেছেন মহামারীর সময় মানুষজন রাস্তায় একে অপরের সঙ্গে দেখা করার সময় নিজেদের মধ্যে দূরত্ব বজায় রাখতো তবে তারা অন্য শহর ও আশেপাশের এলাকার পরিস্থিতি কী তা জানতে চাইতো,ডিফো এবং মানজোনি দুজনেই লিখেছেন যে মহামারী চলাকালীন লোকেরা রাস্তায় একে অপরের সাথে দেখা করার সময় তাদের দূরত্ব বজায় রেখেছিল তবে অন্যান্য শহর এবং আশেপাশের অঞ্চলে কী চলছে তা জানতে চেয়েছিল।,"ডিফো ও মানজোনি উভয়েই তাদের লেখায় উল্লেখ করেছেন যে, মহামারীকালে রাস্তায় পরস্পরের সাথে সাক্ষাৎ হলে মানুষ নিজেদের মধ্যে দূরত্ব বজায় রাখত, তবে আশপাশের ও অন্যান্য শহরের পরিস্থিতি সম্পর্কে তারা খোঁজখবর নিত।",41.20442032200026,,1007.0
কিন্তু গবেষণা থেকে আমরা দেখি এই আপাত বিশ্রামই আপনাকে দুই বছর বেশি বাঁচতে সাহায্য করবে মুক্ত রাখবে মানসিক ও শারীরিক অনেক রোগবালাই থেকেও,কিন্তু গবেষণা দেখায় যে এই আপাত শিথিলতা আপনাকে আরও দুই বছর বাঁচতে সাহায্য করবে এবং আপনাকে অনেক মানসিক ও শারীরিক অসুস্থতা থেকে মুক্ত রাখতে সাহায্য করবে।,"তবে গবেষণায় দেখা গেছে, এই আপাত বিশ্রামই আপনার আয়ু দুই বছর বাড়িয়ে দেবে এবং আপনাকে বহু শারীরিক ও মানসিক রোগব্যাধি থেকেও দূরে রাখবে।",28.27366426800017,,1008.0
স্বল্প মাত্রার লোহার ঘাটতি থেকে মস্তিষ্কের বুদ্ধিমত্তার ব্যাঘাতও সৃষ্টি হতে পারে,কম মাত্রায় আয়রনের ঘাটতিও জ্ঞানীয় দুর্বলতার কারণ হতে পারে।,সামান্য লোহার অভাবের কারণেও মস্তিষ্কের জ্ঞানীয় ক্ষমতা ক্ষতিগ্রস্ত হতে পারে।,30.50513496900021,,1009.0
 ফিজিওথেরাপি বিশেষজ্ঞদের মতে এখনও এমন ওষুধ তৈরি হয়নি যে ওষুধ খেলে আপনার মাংসপেশি লম্বা হবে শক্তিশালী হবে এবং আপনার জয়েন্ট মবিলিটি বেড়ে যাবে,"ফিজিওথেরাপি বিশেষজ্ঞরা বলছেন এমন কোনো ওষুধ নেই যা আপনার পেশীকে লম্বা করবে, শক্তিশালী করবে এবং জয়েন্টের গতিশীলতা বাড়াবে।","ফিজিওথেরাপি বিশেষজ্ঞদের অভিমত, ওষুধ সেবন করে পেশিকে লম্বা ও শক্তিশালী করার কিংবা জয়েন্টের নমনীয়তা বাড়ানোর মতো কোনো ঔষধ এখনো আবিষ্কৃত হয়নি।",43.771790625,,1010.0
 দৈহিক স্থূল শিশুকিশোর যাদের ত্বকের বিভিন্ন অংশে মকমলের মতো কালো অংশ দেখা দিচ্ছে,শারীরিকভাবে মোটা শিশুদের ত্বকের বিভিন্ন অংশে মখমল কালো অংশ দেখা যায়।,অতিরিক্ত ওজনযুক্ত শিশু ও কিশোরদের ত্বকের নানা স্থানে মখমলের ন্যায় কালচে দাগ দেখা যাচ্ছে।,34.47400263700001,,1011.0
 তার খাবার দাবারে বিশেষ সচেতন হতে হবে ও তাকে পর্যাপ্ত বিশ্রামে রাখতে হবে,তার খাদ্যাভ্যাসে বিশেষ যত্ন নিতে হবে এবং পর্যাপ্ত বিশ্রাম দিতে হবে।,তার খাদ্যের প্রতি বিশেষ নজর দিতে হবে এবং তাকে পর্যাপ্ত বিশ্রাম নিশ্চিত করতে হবে।,27.918223862000104,,1012.0
প্রশ্ন হচ্ছে কৃত্রিম এসব ফর্মুলা দুধ কি স্বাস্থ্যসম্মত এবং বাচ্চার জন্য প্রয়োজনীয় চাহিদা মেটায়,"প্রশ্ন হচ্ছে, এই কৃত্রিম ফর্মুলা দুধগুলো কি স্বাস্থ্যকর এবং শিশুর চাহিদা পূরণ করে?","মূল প্রশ্ন হলো, কৃত্রিম এই ফর্মুলা দুধগুলো কি স্বাস্থ্যের জন্য নিরাপদ এবং শিশুর পুষ্টিগত চাহিদা পূরণ করে কিনা।",31.52816760900032,,1013.0
সুগার বেশি ধরা পড়লেই চিকিৎসা দিতে হবে,সুগার খুব বেশি হলেই চিকিৎসা দিতে হবে।,রক্তে শর্করার মাত্রা অস্বাভাবিক বেশি পাওয়া গেলেই চিকিৎসার ব্যবস্থা করা আবশ্যক।,28.114827616000184,,1014.0
 দুধ খাওয়ার সমস্যা  শিশু যদি কিছু সময় দুধ চুষেই হাপিয়ে যায় এবং দুধ খাওয়া বন্ধ করে দেয় তারপর আবার চুষতে শুরু করে অথবা দুধ খেতে বেশি সময় নেয় ২০ মিনিট কিংবা খাওয়ার সময় শ্বাসপ্রশ্বাসের গতি বেড়ে যায় এবং ঘাম হয়,খাওয়ানোর সমস্যা যদি শিশুটি চুষার পরে কিছু সময়ের জন্য হাঁপাতে থাকে এবং খাওয়ানো বন্ধ করে দেয় তারপর আবার চোষা শুরু করে বা খাওয়াতে 20 মিনিটের বেশি সময় নেয় বা খাওয়ানোর সময় শ্বাস-প্রশ্বাসের হার বেড়ে যায় এবং ঘাম হয়।,"শিশুর দুধ পান করতে সমস্যা থাকলে সে অল্পক্ষণ চুষেই হাঁপিয়ে ওঠে, খাওয়া থামিয়ে পুনরায় শুরু করে, অথবা দুধ খেতে ২০ মিনিটের বেশি সময় নেয়, কিংবা পান করার সময় তার শ্বাস-প্রশ্বাসের হার বেড়ে গিয়ে ঘাম হতে থাকে।",33.93696306599986,,1015.0
অনেক প্রফেসনাল সামাজিক সংগঠনের সাথে যুক্ত ছিল,অনেকেই পেশাগত সামাজিক সংগঠনের সঙ্গে যুক্ত ছিলেন।,তিনি বহু পেশাদার সামাজিক সংগঠনের সাথে জড়িত ছিলেন।,25.24438882699997,,1016.0
এই রোগে যেমন ওষুধের প্রয়োজন তেমনি দরকার কাউন্সেলিং,এই রোগের জন্য ওষুধের পাশাপাশি কাউন্সেলিং প্রয়োজন।,এই রোগের চিকিৎসায় ওষুধের পাশাপাশি কাউন্সেলিং-ও অপরিহার্য।,24.906195018999824,,1017.0
শিশুদের প্রধান কারণ হল টনসিল ও এডেনয়েড গ্রন্থির প্রদাহ বা বড় হয়ে যাওয়া,শিশুদের প্রধান কারণ হল টনসিল এবং এডিনয়েডের প্রদাহ বা বৃদ্ধি।,শিশুদের ক্ষেত্রে টনসিল ও অ্যাডিনয়েড গ্রন্থির প্রদাহ কিংবা আকার বৃদ্ধি পাওয়াই মূল কারণ।,31.81285092799999,,1018.0
২০২০ সালে করোনা মহামারিকালে ডেঙ্গুর সংক্রমণ তেমন একটা দেখা না গেলেও ২০২১ সালে সারাদেশে ডেঙ্গু জ্বরে আক্রান্ত হন ২৮ হাজার ৪২৯ জন,২০২০ সালে করোনা মহামারির সময় ডেঙ্গুর সংক্রমণ খুব একটা দেখা না গেলেও ২০২১ সালে সারাদেশে ডেঙ্গু জ্বরে আক্রান্ত হন ২৮ হাজার ৪২৯ জন।,,60.78995490699981,request_error:,1019.0
পেট ব্যথা বা কামড়ালে সুকরালফেট দেওয়া হয়,পেট ব্যথা বা বেলচিং এর জন্য সুক্রালফেট দেওয়া হয়।,পেটের ব্যথা বা কামড়ানি উপশমের জন্য সুকরালফেট দেওয়া হয়ে থাকে।,32.77923862200032,,1020.0
ফলে তারা প্রয়োজনীয় সেবা পাচ্ছে না,ফলে প্রয়োজনীয় সেবা পাচ্ছেন না তারা।,ফলস্বরূপ তারা প্রয়োজনীয় সেবা লাভ করতে পারছে না।,36.4653746959998,,1021.0
ক্লোজআপ খ্যাত শিল্পী সাব্বির জামান বলেন সাধারণত ডাক্তারদেরকে নিয়ে আমাদের দেশে খুব একটা গান নেই,"ক্লোজআপ শিল্পী সাব্বির জামান বলেন, আমাদের দেশে সাধারণত ডাক্তারদের নিয়ে খুব বেশি গান হয় না।","'ক্লোজআপ' দিয়ে পরিচিত কণ্ঠশিল্পী সাব্বির জামান জানিয়েছেন, সাধারণত আমাদের দেশে চিকিৎসকদের নিয়ে তেমন কোনো গান রচিত হয় না।",33.10394299800009,,1022.0
আরেকজনের তাতে কোনো সমস্যা হয় না,এতে অন্য ব্যক্তির কোনো সমস্যা নেই।,অন্য কারো তাতে কোনো আপত্তি নেই।,32.92073193499982,,1023.0
এতে শিশুর সঠিক ওজন উচ্চতা ও শারীরিক গঠনগত সমস্যা দেখা দেয়,এটি শিশুর সঠিক ওজন এবং শরীরের গঠন সমস্যা সৃষ্টি করে।,"এর ফলে শিশুর আদর্শ ওজন, উচ্চতা ও শারীরিক কাঠামোয় ব্যাঘাত ঘটে।",36.17999564899992,,1024.0
পরে করোনা মুক্ত হন তারা,পরে তারা করোনা মুক্ত হন।,পরবর্তীতে তারা করোনা থেকে আরোগ্য লাভ করেন।,20.11667628699979,,1025.0
" তবে শুধু এটুকু জেনে রাখুন, নিয়মিত মদ্যপান কিন্তু সরাসরি দাঁতের ক্ষতিও করে",তবে শুধু জেনে রাখুন নিয়মিত মদ্যপানও সরাসরি দাঁতের ক্ষতি করে।,"তবে শুধু এই বিষয়টি স্মরণে রাখুন, নিয়মিত মদ্যপান দাঁতেরও প্রত্যক্ষ ক্ষতি করে থাকে।",28.12145662300009,,1026.0
তাই যাঁদের ঝুঁকি আছে তাঁরা নিয়মিত রক্ত ও প্রস্রাব পরীক্ষা করবেন,তাই যাদের ঝুঁকি রয়েছে তাদের নিয়মিত রক্ত ​​ও প্রস্রাব পরীক্ষা করা উচিত।,"সেকারণে যাদের ঝুঁকি রয়েছে, তাদের নিয়মিতভাবে রক্ত ও মূত্র পরীক্ষা করানো উচিত।",29.964956430000257,,1027.0
অনেক ক্ষেত্রে রোগী সুস্থ হন আবার অনেক ক্ষেত্রে রোগীর মৃত্যুও হয়,অনেক ক্ষেত্রে রোগী সুস্থ হয় আবার অনেক ক্ষেত্রে রোগী মারা যায়।,"অনেক সময় রোগী আরোগ্য লাভ করেন, আবার অনেক সময় তার মৃত্যুও ঘটে।",26.866709952999827,,1028.0
 কোনো কোনো অঞ্চলে কদম ফুল তরকারি হিসেবে রান্না করেও খাওযা হয়,কিছু কিছু অঞ্চলে কদম ফুল তরকারি হিসেবে রান্না করে খাওয়া হয়।,কিছু কিছু এলাকায় কদম ফুল তরকারি হিসেবে রান্না করে খাওয়ারও প্রথা রয়েছে।,26.57631157800006,,1029.0
জন্মগত হৃদরোগে আক্রান্ত শিশুর যত্ন,জন্মগত হৃদরোগে আক্রান্ত শিশুর যত্ন।,জন্মলগ্ন হৃদরোগে ভুগছে এমন শিশুদের পরিচর্যা,34.10317807700039,,1030.0
গর্ভবতী ক্ষীণকায় ব্যক্তির জন্য বেশ উপকারী,পাতলা গর্ভবতী ব্যক্তির জন্য খুবই উপকারী,গর্ভবতী ও দুর্বল দেহের ব্যক্তিদের জন্য এটি অত্যন্ত হিতকর।,39.22653672699971,,1031.0
শিশুর তাপমাত্রা প্রতিদিন সকালে এবং সন্ধ্যায় কমপক্ষে একবার দেখতে হবে,প্রতিদিন সকালে এবং সন্ধ্যায় অন্তত একবার শিশুর তাপমাত্রা পরীক্ষা করা উচিত।,শিশুর শরীরের তাপমাত্রা দৈনিক সকালে ও সন্ধ্যায় অন্তত একবার পরিমাপ করা আবশ্যক।,26.25206516100025,,1032.0
 গত ৯ দিনে জেলায় মোট ৮০ জন ডেঙ্গুজ্বরে আক্রান্ত হয়েছেন,গত ৯ দিনে জেলায় মোট ৮০ জন ডেঙ্গু জ্বরে আক্রান্ত হয়েছেন।,বিগত নয় দিনে এই জেলায় সর্বমোট ৮০ জন ব্যক্তি ডেঙ্গু জ্বরে আক্রান্ত হয়েছেন।,23.70349315700014,,1033.0
আমরা যদি পরিবেশ সম্পর্কে সচেতন থাকি তাহলে ডেঙ্গিকে অনেকটাই মোকাবেলা করা সম্ভব,পরিবেশ সম্পর্কে সচেতন হলে ডেঙ্গু অনেকটাই নিয়ন্ত্রণযোগ্য।,আমরা পরিবেশের ব্যাপারে সচেতন থাকতে পারলে ডেঙ্গু রোধ করা অনেকটাই সহজ হবে।,47.66068032400017,,1034.0
চুল পাতলা হয়ে ঝরতে শুরু করে,চুল পাতলা হতে শুরু করে এবং পড়তে শুরু করে।,চুলের ঘনত্ব কমে গিয়ে তা ঝরে পড়তে শুরু করে।,33.526932548999866,,1035.0
সাম্প্রতিক এ ভাইরাস সংক্রান্ত মহামারি থেকে পাওয়া তথ্য থেকে বোঝা যায় যে চিকুনগুনিয়া জ্বরের ফলে ক্রনিক পর্যায়ে ছাড়া তীব্র অসুস্থতাও হতে পারে,সাম্প্রতিক ভাইরাল প্রাদুর্ভাবের প্রমাণ থেকে বোঝা যায় যে চিকুনগুনিয়া জ্বর দীর্ঘস্থায়ী পর্যায়ের পাশাপাশি তীব্র অসুস্থতার কারণ হতে পারে।,"সাম্প্রতিক ভাইরাল মহামারির তথ্য থেকে জানা যায় যে, চিকুনগুনিয়া জ্বরের কারণে দীর্ঘস্থায়ী পর্যায়ের পাশাপাশি তীব্র অসুস্থতাও দেখা দিতে পারে।",33.13226138100026,,1036.0
বলা হচ্ছে এখন পর্যন্ত আমাদের সবমিলিয়ে কমবেশি ৫০০ ভেন্টিলেটর আছে যা দিয়ে রোগীদের কৃত্রিম শ্বাসপ্রশ্বাস চালু রাখা সম্ভব,বলা হয় যে আমাদের কাছে মোট প্রায় 500 ভেন্টিলেটর রয়েছে যা দিয়ে রোগীদের কৃত্রিম শ্বাস-প্রশ্বাসে রাখা যেতে পারে।,"জানা যাচ্ছে, এ পর্যন্ত আমাদের মোট আনুমানিক ৫০০টি ভেন্টিলেটর রয়েছে, যার মাধ্যমে রোগীদের কৃত্রিম শ্বাসপ্রশ্বাস অব্যাহত রাখা সম্ভব।",28.402760059999764,,1037.0
আমার হুঁশ ফেরার পর হাত দিয়ে দেখি তিনি বামপাশে হার্নিয়ার কথা বললেও ডানপাশে অপারেশন করেছেন,"আমি জ্ঞান ফেরার পর, আমি আমার হাত দিয়ে দেখলাম যে তিনি ডান পাশে অপারেশন করেছেন, যদিও তিনি বাম পাশের হার্নিয়ার কথা বলেছিলেন।","জ্ঞান ফিরে আসার পর হাত বুলিয়ে দেখলাম, তিনি বাম দিকের হার্নিয়ার কথা বলেছিলেন অথচ অস্ত্রোপচার করেছেন ডান দিকে।",32.93245840600002,,1038.0
তাই অনেকে একে আরও সহজ করে বোঝাতে শুধু প্লাজমা সেল না বলে প্লাজমা বি সেল বলে,তাই সহজে বোঝার জন্য অনেকে একে প্লাজমা সেল না বলে প্লাজমা বি সেল বলে।,তাই বিষয়টি আরও সহজভাবে বোঝানোর জন্য অনেকেই একে কেবল প্লাজমা সেল না বলে প্লাজমা বি সেল হিসেবে উল্লেখ করে থাকেন।,30.05943867499991,,1039.0
 লিচু  এ ফলে জলীয় অংশ অনেক,লিচুতে রয়েছে প্রচুর পরিমাণে পানি।,লিচু ফলে প্রচুর জলীয় উপাদান থাকে।,32.912936392999654,,1040.0
কিন্তু অতিরিক্ত ঘাম হলে তাঁরা ডাবের পানি ওরস্যালাইন বা সামান্য লবণ মেশানো পানি খেতে পারবেন,কিন্তু অতিরিক্ত ঘাম হলে নারকেলের পানি বা স্যালাইন বা সামান্য লবণ মিশিয়ে পানি পান করতে পারেন।,"তবে প্রচুর ঘাম হলে তাঁরা নারকেল পানি, ওরাল স্যালাইন অথবা সামান্য লবণযুক্ত পানি পান করতে পারবেন।",29.150926277000053,,1041.0
পুরুষত্বহীনতা  এটি পুরুষের যৌনকার্যে অক্ষমতাকে বুঝায়,পুরুষত্বহীনতা বলতে পুরুষদের যৌন কার্য সম্পাদনে অক্ষমতা বোঝায়।,পুরুষদের যৌন কার্যে অক্ষমতাকেই পুরুষত্বহীনতা বলা হয়।,26.258738816999998,,1042.0
এ বিষয়ে বিস্তারিত জানিয়েছেন বৃহদন্ত্র ও পায়ুপথ সার্জারি বিশেষজ্ঞ অধ্যাপক ডা একেএম ফজলুল হক,এ বিষয়ে বিস্তারিত জানিয়েছেন কোলন ও রেকটাল সার্জারি বিশেষজ্ঞ ডাঃ একেএম ফজলুল হক।,বৃহদন্ত্র ও পায়ুপথ সার্জারি বিশেষজ্ঞ অধ্যাপক ডা. একেএম ফজলুল হক এই বিষয়টি নিয়ে বিস্তারিত তথ্য তুলে ধরেছেন।,40.307669826000165,,1043.0
কিন্তু কোনো কারণে শরীরের রোগপ্রতিরোধ ক্ষমতা কমে গেলেই কেবল এই সংক্রমণের মাত্রা বেড়ে যেতে পারে যেটা ১ লাখে ২০ থেকে ৩০ জন হতে পারে,কিন্তু কোনো কারণে শরীরের রোগ প্রতিরোধ ক্ষমতা কমে গেলে সংক্রমণের মাত্রা বাড়তে পারে যা ১ লাখে ২০ থেকে ৩০ হতে পারে।,"তবে যেকোনো কারণে শরীরের রোগ প্রতিরোধ ক্ষমতা দুর্বল হয়ে পড়লেই কেবল এই সংক্রমণের হার বৃদ্ধি পেতে পারে, যা প্রতি এক লক্ষ মানুষের মধ্যে ২০ থেকে ৩০ জন পর্যন্ত হতে পারে।",34.986381104999964,,1044.0
 তবে ডায়াবেটিস রোগীরা নিয়মিত খেজুর খেলে ১ বা ২টি খেতে হবে,তবে ডায়াবেটিস রোগীদের নিয়মিত ১ বা ২ খেজুর খাওয়া উচিত।,তবে ডায়াবেটিসের রোগীরা নিয়মিত খেজুর খেতে চাইলে তা এক বা দুটিতেই সীমিত রাখা উচিত।,35.329829300000256,,1045.0
পাঠকদের বোঝার সুবিধার্থে এ পর্যায়ে কমন কিছু Cognitive distortion বা ক্ষতিকর Cognition নিয়ে আলোচনা প্রাসঙ্গিক মনে করি,"পাঠকদের বোঝার সুবিধার্থে, আমি মনে করি এই পর্যায়ে কিছু সাধারণ জ্ঞানীয় বিকৃতি বা ক্ষতিকারক জ্ঞান নিয়ে আলোচনা করা প্রাসঙ্গিক।",পাঠকদের বোধগম্যতা বৃদ্ধির স্বার্থে এই ধাপে কিছু সাধারণ Cognitive distortion বা ক্ষতিকর Cognition সম্পর্কে আলোচনা করা আমি যুক্তিসঙ্গত বিবেচনা করি।,40.42661604899968,,1046.0
বন্যার সময় বীজতলা গেলে নানানভাবে চারা উৎপাদনের ব্যবস্থা জানুন,বীজতলা প্লাবিত হলে চারা উৎপাদনের বিভিন্ন পদ্ধতি সম্পর্কে জানুন।,বন্যায় বীজতলা নষ্ট হয়ে গেলে বিভিন্ন পদ্ধতিতে চারা তৈরির উপায়গুলো জেনে নিন।,36.84096662699994,,1047.0
" তাই আশা করা যায়, এই সব্জি খেলে রক্তে শর্করা ভারসাম্য বজায় থাকবে",তাই আশা করা যায় এই সবজি খেলে রক্তে শর্করার ভারসাম্য বজায় থাকবে।,"সেকারণে, এই সবজিগুলো সেবন করলে রক্তে শর্করার ভারসাম্য অক্ষুণ্ণ থাকবে বলে ধারণা করা হয়।",34.450239136000164,,1048.0
নিউমোনিয়ায় মৃত্যুর একতৃতীয়াংশ কারণ দূষিত বায়ু গ্রহণ,নিউমোনিয়ার এক-তৃতীয়াংশ মৃত্যুর কারণ দূষিত বায়ু শ্বাস নেওয়ার কারণে।,নিউমোনিয়ায় মৃত্যুর এক তৃতীয়াংশের জন্য দূষিত বাতাস শ্বাস নেওয়াই দায়ী।,45.10496811600024,,1049.0
আমাদের দেশের গ্রামীণ বা শহর অঞ্চলে সারাদিনে মানুষ প্রায় ৯ গ্রামের মতো লবণ গ্রহণ করে থাকে,আমাদের দেশের গ্রামীণ বা শহরাঞ্চলে মানুষ দিনে প্রায় 9 গ্রাম লবণ গ্রহণ করে।,আমাদের দেশের নগর ও পল্লী অঞ্চলের মানুষ দিনভরে আনুমানিক ৯ গ্রাম লবণ সেবন করে থাকে।,32.450230310999814,,1050.0
তাই ক্যানসারের চিকিৎসা রোগ নির্ণয়ের পর যত দ্রুত সম্ভব শুরু করা উচিত,তাই রোগ নির্ণয়ের পর যত তাড়াতাড়ি সম্ভব ক্যান্সারের চিকিৎসা শুরু করা উচিত।,"সুতরাং, রোগ শনাক্ত হওয়ার পর ক্যানসারের চিকিৎসা যথাসম্ভব দ্রুত আরম্ভ করা প্রয়োজন।",31.41666454099959,,1051.0
চাইলে পেস্টটি সরাসরি ব্যবহার করতে পারেন,আপনি চাইলে পেস্টটি সরাসরি ব্যবহার করতে পারেন।,ইচ্ছা করলে আপনি পেস্টটি সরাসরি ব্যবহার করতে পারেন।,36.27847291599983,,1052.0
এদের অর্ধেকের বেশীই জানে না যে তারা থাইরয়েড সমস্যায় ভুগছে,তাদের অর্ধেকেরও বেশি জানেন না যে তারা থাইরয়েডের সমস্যায় ভুগছেন।,এদের মধ্যে অর্ধেকেরও বেশি মানুষ জানেন না যে তারা থাইরয়েডের রোগে আক্রান্ত।,30.10316806199989,,1053.0
এতে হংকং বিশ্ববিদ্যালয় শিয়ামেন বিশ্ববিদ্যালয় ও বেইজিং ওয়ানতাই বায়োলজিক্যাল ফার্মেসির গবেষকরা রয়েছেন,"এতে হংকং ইউনিভার্সিটি, জিয়ামেন ইউনিভার্সিটি এবং বেইজিং ওয়ানটাই বায়োলজিক্যাল ফার্মেসির গবেষকরা অন্তর্ভুক্ত।","হংকং বিশ্ববিদ্যালয়, শিয়ামেন বিশ্ববিদ্যালয় এবং বেইজিং ওয়ানতাই বায়োলজিক্যাল ফার্মেসির গবেষকরা এতে অন্তর্ভুক্ত রয়েছেন।",30.07336602899977,,1054.0
ক্যালেন্ডার বোর্ডে পিন করা টুডু লিস্ট রেডি মোবাইলের পাওয়ার ব্যাংক,করণীয় তালিকা প্রস্তুত মোবাইল পাওয়ার ব্যাঙ্ক ক্যালেন্ডার বোর্ডে পিন করা হয়েছে৷,ক্যালেন্ডারের বোর্ডে টু-ডু লিস্টটি পিন করে রাখা হয়েছে এবং মোবাইলের পাওয়ার ব্যাংকটিও প্রস্তুত।,25.54800693700008,,1055.0
 মাথা ঘুরার সমস্যা বেশি থাকলে একা একা চলাফেরা ঠিক নয়,মাথা ঘোরার সমস্যা বেশি হলে একা হাঁটা ভালো নয়।,তীব্র মাথা ঘোরার সমস্যা থাকলে একাকী চলাফেরা করা মোটেই উচিত নয়।,34.300884910999685,,1056.0
শনিবার স্যামসাং ইলেকট্রনিকসের পক্ষ থেকে বলা হয়েছে তাদের একটি মোবাইল ডিভাইস ফ্যাক্টরিতে এক ব্যক্তির করোনাভাইরাসে আক্রান্তের বিষয়টি নিশ্চিত হওয়ায় কারখানা বন্ধ করা হয়েছে,"শনিবার, স্যামসাং ইলেকট্রনিক্স জানিয়েছে যে একজন ব্যক্তির করোনভাইরাস আক্রান্ত হওয়ার কারণে তাদের একটি মোবাইল ডিভাইস কারখানা বন্ধ করে দেওয়া হয়েছে।","শনিবার স্যামসাং ইলেকট্রনিক্স জানিয়েছে, তাদের একটি মোবাইল ডিভাইস উৎপাদন কারখানায় একজন ব্যক্তির করোনাভাইরাসে আক্রান্ত হওয়ার বিষয়টি নিশ্চিত হওয়ায় কারখানাটি বন্ধ করে দেওয়া হয়েছে।",38.4857952049997,,1057.0
যদি রোগী অজ্ঞান হয়ে যায় তাহলে শিরায় গ্লুকোজ দেওয়ার ব্যবস্থা করতে হবে অথবা যত দ্রুত সম্ভব হাসপাতালে নিতে যেতে হবে,"যদি রোগী অজ্ঞান হয়ে যায়, তাহলে শিরায় গ্লুকোজ দিন বা যত তাড়াতাড়ি সম্ভব হাসপাতালে যান।",রোগী জ্ঞান হারিয়ে ফেললে তাকে দ্রুততম সময়ে হাসপাতালে নিয়ে যাওয়া কিংবা শিরায় গ্লুকোজ দেওয়ার ব্যবস্থা করা জরুরি।,31.87681198099972,,1058.0
সে কারণে সেপ্টেম্বর পর্যন্ত তারা ১০ লাখ ডোজ উৎপাদন করতে যাচ্ছেন,সেজন্য তারা সেপ্টেম্বর পর্যন্ত 1 মিলিয়ন ডোজ তৈরি করতে যাচ্ছে।,এ কারণেই সেপ্টেম্বর মাসের মধ্যে তারা ১০ লক্ষ ডোজ উৎপাদন করার পরিকল্পনা করেছেন।,28.515793998999925,,1059.0
আর চুলের ফলিকল যখন রেস্টিং স্টেজে যায় তখন তাকে টেলোজেন ইফফ্লুভিয়াম বলে,আর চুলের ফলিকল যখন বিশ্রামের পর্যায়ে চলে যায় তখন একে টেলোজেন এফ্লুভিয়াম বলে।,"চুলের ফলিকল যখন বিশ্রাম দশায় উপনীত হয়, তখন সেই অবস্থাকে টেলোজেন ইফ্লুভিয়াম বলা হয়।",28.95514973399986,,1060.0
আর এই কিট আনতে সময় লাগে,আর এই কিট আনতে সময় লাগে।,তাছাড়া এই কিটটি আনতে বেশ কিছুটা সময় লেগে যায়।,23.3915120380002,,1061.0
রোববার রাজধানীর এক হোটেলে আয়োজিত এক অনুষ্ঠানে এই গাইডলাইন প্রকাশ করা হয়,রোববার রাজধানীর একটি হোটেলে আয়োজিত এক অনুষ্ঠানে এই নির্দেশিকা প্রকাশ করা হয়।,রাজধানীর একটি হোটেলে রোববার আয়োজিত এক অনুষ্ঠানে এই নির্দেশিকাটি প্রকাশিত হয়।,25.950963202000366,,1062.0
মো ইকবাল হোসেন জ্যেষ্ঠ পুষ্টি কর্মকর্তা চট্টগ্রাম ডায়াবেটিক জেনারেল হাসপাতাল চট্টগ্রাম,মোঃ ইকবাল হোসেন সিনিয়র নিউট্রিশন অফিসার চট্টগ্রাম ডায়াবেটিক জেনারেল হাসপাতাল চট্টগ্রাম,চট্টগ্রাম ডায়াবেটিক জেনারেল হাসপাতালে জ্যেষ্ঠ পুষ্টি কর্মকর্তা হিসেবে দায়িত্ব পালন করছেন মো. ইকবাল হোসেন।,37.3055081309999,,1063.0
কোনো ওষুধের চিকিৎসা লাগে না শুধু মায়ের দুধপানই যথেষ্ট,"কোন ওষুধের চিকিৎসার প্রয়োজন নেই, শুধুমাত্র মায়ের দুধই যথেষ্ট।","ওষুধপত্রের কোনো প্রয়োজন নেই, শুধুমাত্র মায়ের বুকের দুধ পান করানোই যথেষ্ট।",35.64010477300008,,1064.0
থাই ও কুঁচকি সবসময় যথাসম্ভব শুকনো রাখা উচিত,উরু এবং কুঁচকি সবসময় যতটা সম্ভব শুষ্ক রাখতে হবে।,উরু ও কুঁচকির অংশ সর্বদা যথাসাধ্য শুষ্ক রাখা প্রয়োজন।,24.178241810000145,,1065.0
তিন কাপ ফুটন্ত গরম পানি এবং এক কাপ দুধ দিয়ে মাঝারি আঁচে পোলাও রান্না করুন,তিন কাপ ফুটন্ত গরম পানি ও এক কাপ দুধ দিয়ে মাঝারি আঁচে পোলাও রান্না করুন।,মাঝারি তাপে পোলাও রান্না করতে তিন কাপ ফুটন্ত পানি ও এক কাপ দুধ ব্যবহার করুন।,36.62267042200028,,1066.0
ডেঙ্গুতে আক্রান্ত হয়ে গত ২৪ ঘণ্টায় আরও ১৩ জনের মৃত্যু হয়েছে,গত ২৪ ঘণ্টায় ডেঙ্গুতে আক্রান্ত হয়ে ১৩ জনের মৃত্যু হয়েছে।,গত ২৪ ঘণ্টায় ডেঙ্গু জ্বরে আক্রান্ত হয়ে আরও ১৩ জন প্রাণ হারিয়েছেন।,29.129426574000263,,1067.0
যেমনচোখের প্রেসার বেড়ে যায় চোখে ছানি পড়ে যায় তাদের ভিস্ট্রিয়াস লেয়ার পরিবর্তন হয়ে চোখের সামনে কালো কালো মাছির মতো উড়ে অনেক সময় চোখের ভেতরের অংশ রেটিনা পাতলা হয়ে ছিঁড়ে যায়,"চোখের চাপ বাড়ার সাথে সাথে চোখে ছানি পড়ে, তাদের কাঁচের স্তর পরিবর্তিত হয় এবং চোখের সামনে কালো মাছি উড়ে যায়।","চোখের চাপ বৃদ্ধি ও ছানি পড়ার ফলে ভিট্রিয়াস স্তরে পরিবর্তন আসে, যার কারণে দৃষ্টির সামনে কালো মাছির মতো ভেস বেড়ায় এবং অনেক সময় চোখের ভেতরের রেটিনা পাতলা হয়ে ছিঁড়ে যায়।",38.21119516899989,,1068.0
বিশেষ করে এটি যদি টেম্পোরাল লোবকে প্রভাবিত করে তা হলে এ সমস্যা বেশি দেখা দেয়,টেম্পোরাল লোবে আক্রান্ত হলে এই সমস্যা বেশি দেখা যায়।,বিশেষত টেম্পোরাল লোব আক্রান্ত হলে এই সমস্যাটি আরও বেশি করে লক্ষ্য করা যায়।,29.69844511799965,,1069.0
বৃহস্পতিবার বাংলাদেশ তামাকবিরোধী জোট এবং ডব্লিউবিবি ট্রাস্ট আয়োজনে ডব্লিউবিবি ট্রাস্টের কৈবর্ত সভাকক্ষে রোগ প্রতিরোধব্যবস্থা জোরদার করতে প্রয়োজন হেলথ প্রমোশন ফাউন্ডেশন শীর্ষক আলোচনাসভায় বক্তারা এ দাবি করেন,বৃহস্পতিবার বাংলাদেশ তামাক বিরোধী জোট ও ডব্লিউবিবি ট্রাস্টের আয়োজনে রোগ প্রতিরোধ ক্ষমতা জোরদার করার প্রয়োজনীয়তা শীর্ষক আলোচনা সভায় বক্তারা এ দাবি জানান।,বৃহস্পতিবার ডব্লিউবিবি ট্রাস্টের কৈবর্ত সভাকক্ষে বাংলাদেশ তামাকবিরোধী জোট ও ডব্লিউবিবি ট্রাস্টের যৌথ আয়োজনে 'রোগ প্রতিরোধ ব্যবস্থা শক্তিশালী করতে হেলথ প্রমোশন ফাউন্ডেশনের প্রয়োজনীয়তা' বিষয়ক এক আলোচনাসভায় বক্তারা এই দাবি জানান।,37.70373061400005,,1070.0
শনিবার সকালে সে প্রচণ্ড জ্বর সর্দি কাশি ও শ্বাসকষ্ট নিয়ে বাড়িতে ফেরে,"শনিবার সকালে তিনি প্রচণ্ড জ্বর, সর্দি, কাশি ও শ্বাসকষ্ট নিয়ে বাড়ি ফেরেন।","প্রচণ্ড জ্বর, সর্দি, কাশি ও শ্বাসকষ্টে আক্রান্ত হয়ে শনিবার সকালে সে বাড়ি ফিরে আসে।",29.36834375900025,,1071.0
এমনকি অপারেশন করে জরায়ু ফেলতেও হয় না,এমনকি আপনার হিস্টেরেক্টমিও করতে হবে না।,এমনকি অস্ত্রোপচারের মাধ্যমে জরায়ু অপসারণেরও প্রয়োজন পড়ে না।,20.89101544999994,,1072.0
এক্ষেত্রেও বিশ্ববাজার ডলার জ্বালানির মূল্যবৃদ্ধি এবং রাশিয়াইউক্রেন যুদ্ধের অজুহাত দেওয়া হচ্ছে,এক্ষেত্রে বিশ্বব্যাপী ডলারের জ্বালানি মূল্য বৃদ্ধি এবং রাশিয়া-ইউক্রেন যুদ্ধকেও অজুহাত হিসেবে ব্যবহার করা হয়।,"এই পরিস্থিতিতেও বিশ্ববাজার, ডলার, জ্বালানির দাম বৃদ্ধি এবং রাশিয়া-ইউক্রেন যুদ্ধের দোহাই দেওয়া হচ্ছে।",32.66599449400019,,1073.0
"কিন্তু পুরুষের জন্য জন্মনিরোধক তৈরিতে এত বাধা কেন 
মনোরোগ বিশেষজ্ঞের কাছে এক তরুণ নিজের ব্রিবতকর অভিজ্ঞতা খুলে বলে",কিন্তু পুরুষদের জন্য জন্মনিয়ন্ত্রণ তৈরিতে এত বাধা কেন? একজন যুবক তার যন্ত্রণাদায়ক অভিজ্ঞতা একজন মনোরোগ বিশেষজ্ঞের কাছে প্রকাশ করে।,,37.44636324000021,request_error:'NoneType' object is not subscriptable,1074.0
জিবিএসের ক্ষেত্রে সাধারণত প্রায় ৮০ শতাংশ রোগী সম্পূর্ণ আরোগ্য লাভ করে,"জিবিএস-এ, প্রায় 80 শতাংশ রোগী সাধারণত সম্পূর্ণ সুস্থ হয়ে ওঠে।",জিবিএস রোগে আক্রান্ত প্রায় ৮০ শতাংশ রোগী সাধারণত পুরোপুরি সুস্থ হয়ে ওঠেন।,25.45977093700003,,1075.0
ভাজিভুনা খাবারের পরিবর্তে কম মসলাযুক্ত পাতলা ঝোলের তরকারি খাবেন,ভাজা খাবারের পরিবর্তে কম মশলাদার ঝোল দিয়ে তরকারি খান।,ভাজাপোড়া ও কষানো খাবারের বদলে হালকা মশলা ও পাতলা ঝোল দেওয়া তরকারি গ্রহণ করুন।,28.57141949300012,,1076.0
বিশেষ করে প্রোজেস্টেরনের মাত্রা বেড়ে যাওয়াতে মুখের মধ্যকার জীবাণু সক্রিয় হয়ে ওঠে গর্ভাবস্থার ২ থেকে ৮ মাসের মধ্যে দাঁতে গর্ত দাঁত শিন শিন করা মাড়ি ফুলে গিয়ে রক্ত পড়া বা প্রেগনেন্সি ইপিউলিস খুব সাধারণ,"মুখের ব্যাকটেরিয়া সক্রিয় হয়ে ওঠে, বিশেষ করে প্রোজেস্টেরনের মাত্রা বাড়ার সাথে সাথে। গর্ভাবস্থার 2 থেকে 8 মাসের মধ্যে দাঁতের গহ্বর, দাঁত পিষে যাওয়া, মাড়ি ফুলে যাওয়া, রক্তপাত বা গর্ভাবস্থার প্যাপিউলগুলি সাধারণ।","গর্ভাবস্থায় প্রোজেস্টেরন হরমোনের মাত্রা বৃদ্ধির ফলে মুখগহ্বরের জীবাণুগুলো সক্রিয় হয়ে ওঠে, যার কারণে দ্বিতীয় থেকে অষ্টম মাসের মধ্যে দাঁতে গর্ত হওয়া, দাঁত শিনশিন করা, মাড়ি ফুলে রক্ত পড়া এবং প্রেগনেন্সি ইপিউলিসের মতো সমস্যাগুলো অত্যন্ত সাধারণ হয়ে দেখা দেয়।",31.535630954000226,,1077.0
কিন্তু সাময়িক ফ্যাশন করতে গিয়ে সস্তার সানগ্লাস ব্যবহার করে চোখের ক্ষতি করে ফেলছেন নিজের অজান্তেই,কিন্তু সাময়িক ফ্যাশন করতে গিয়ে নিজের অজান্তেই সস্তার সানগ্লাস ব্যবহার করে চোখের ক্ষতি করছেন।,তবে ক্ষণস্থায়ী ফ্যাশনের খাতিরে সস্তা দরের সানগ্লাস ব্যবহার করে নিজের অজান্তেই চোখের ক্ষতি সাধন করছেন।,43.11220002100026,,1078.0
 লিভারে চর্বি জমলে সেখানে প্রদাহের সম্ভাবনা বেড়ে যায়,লিভারে চর্বি জমে প্রদাহ হওয়ার সম্ভাবনা বেড়ে যায়।,যকৃতে চর্বি জমা হলে সেখানে প্রদাহ সৃষ্টির ঝুঁকি বৃদ্ধি পায়।,26.980609305000144,,1079.0
যে ধমনি থেকে রক্তক্ষরণ হচ্ছে তা চিহ্নিত করে ধমনিতে এমবোলাইজেশন করতে হবে অথবা ফুসফুসের এই অংশটি কেটে বাদ দিতে হবে,রক্তক্ষরণ ধমনী সনাক্ত করে বা ফুসফুসের রিসেকশনের মাধ্যমে ধমনী এম্বোলাইজেশন করা উচিত।,রক্তক্ষরণের উৎস ধমনিটি শনাক্ত করে সেখানে এমবোলাইজেশন করা অথবা ফুসফুসের ওই নির্দিষ্ট অংশটি কেটে বাদ দেওয়া প্রয়োজন।,31.113828185999864,,1080.0
 রান্নায় শাকসবজি ব্যবহার করার আগে কম করে আধঘণ্টা লবণলে ভিজিয়ে রেখে তারপর রান্না করুন,রান্নায় শাকসবজি ব্যবহারের আগে অন্তত আধা ঘণ্টা লবণে ভিজিয়ে রেখে তারপর রান্না করুন।,রান্নায় ব্যবহারের আগে শাকসবজিগুলোকে ন্যূনতম আধা ঘণ্টা লবণজলে ভিজিয়ে রেখে তবেই রান্না করুন।,34.895752509999966,,1081.0
সিটিস্ক্যান করালে এই রোগ শনাক্ত করা সম্ভব,একটি সিটি স্ক্যান এই রোগ সনাক্ত করতে পারে।,সিটি স্ক্যানের মাধ্যমে এই রোগ নির্ণয় করা সম্ভব।,20.22449853399985,,1082.0
 হজম সংক্রান্ত সমস্যা দূর করে কোষ্ঠ পরিষ্কার রাখে আমলকী,আমলকি হজমের সমস্যা দূর করে এবং কোলন পরিষ্কার রাখে।,আমলকী হজমজনিত জটিলতা দূর করে এবং অন্ত্রকে পরিচ্ছন্ন রাখে।,34.5249161480001,,1083.0
শরীরে ডিহাইড্রেশন বা পানিস্বল্পতা হলে ত্বক ও চুল শুষ্ক হয়ে অতিরিক্ত চুল পড়তে থাকে,শরীর পানিশূন্য হলে ত্বক ও চুল শুষ্ক হয়ে যায় এবং অতিরিক্ত চুল পড়ে।,"শরীরে পানির ঘাটতি বা ডিহাইড্রেশনের কারণে ত্বক ও চুল রুক্ষ হয়ে যায়, ফলে অতিরিক্ত মাত্রায় চুল ঝরতে থাকে।",28.22980398900017,,1084.0
 তবে প্রস্রাবের জটিলতায় এর ব্যবহারের ক্ষেত্রে এলবুমিন সংক্রান্ত কিছু সাদৃশ্যগত সমস্যা হতে পারে,"যাইহোক, প্রস্রাবের জটিলতায় এর ব্যবহারে অ্যালবুমিনের সাথে কিছু অনুরূপ সমস্যা হতে পারে।","তথাপি, মূত্রের জটিলতায় এর প্রয়োগে এলবুমিন-সংশ্লিষ্ট কিছু অনুরূপ সমস্যা দেখা দিতে পারে।",32.12294844300004,,1085.0
 বৃদ্ধি ব্যাহত হওয়া  শিশুদের ক্ষেত্রে হাড় বা জয়েন্টের স্বাভাবিক বৃদ্ধি ব্যাহত হয় যদি সংক্রমণ হাড়ের নরম এলাকা বা গ্রোথ প্লেটে ঘটে,বৃদ্ধি প্রতিবন্ধী শিশুদের ক্ষেত্রে হাড় বা জয়েন্টের স্বাভাবিক বৃদ্ধি ব্যাহত হয় যদি হাড় বা গ্রোথ প্লেটের নরম অংশে সংক্রমণ ঘটে।,শিশুদের হাড়ের নরম অংশ বা গ্রোথ প্লেটে সংক্রমণ দেখা দিলে তাদের হাড় ও জয়েন্টের স্বাভাবিক বৃদ্ধি বাধাগ্রস্ত হয়।,28.64192524500004,,1086.0
অথবা ভোর বা সন্ধ্যা এমন শীতল সময় বেছে নিন,অথবা ভোর বা সন্ধ্যার মতো শীতল সময় বেছে নিন।,বিকল্প হিসেবে ভোরবেলা কিংবা সন্ধ্যের মতো শীতল সময়টিকেই নির্বাচন করুন।,60.266102665999824,,1087.0
এর মধ্যে ১০ শতাংশ মারা যাচ্ছে ডায়াবেটিসে,তাদের মধ্যে 10 শতাংশ ডায়াবেটিসে মারা যায়।,এদের মধ্যে দশ শতাংশ মানুষ ডায়াবেটিসের কারণে প্রাণ হারাচ্ছে।,23.57434882000007,,1088.0
সময়মতো চিকিৎসা না নিলে রোগ জটিল হয়ে লিভার সিরোসিসের মতো জটিলতা হতে পারে,সময়মতো চিকিৎসা না করালে রোগটি জটিল আকার ধারণ করে এবং লিভার সিরোসিসের মতো জটিলতা সৃষ্টি করতে পারে।,নির্দিষ্ট সময়ে চিকিৎসা না করালে রোগটি মারাত্মক পর্যায়ে পৌঁছে লিভার সিরোসিসের মতো জটিল সমস্যার সৃষ্টি করতে পারে।,34.8466501529997,,1089.0
এমনকি অনেকে অ্যান্টিবায়োটিকও নিয়ে থাকেন,এমনকি অনেকে অ্যান্টিবায়োটিকও খেয়ে থাকেন।,এমনকি অনেক লোক অ্যান্টিবায়োটিক সেবন করে থাকেন।,22.528833948999814,,1090.0
দুশ্চিন্তার বিষয় হলো দেশে কিডনি রোগ ও কিডনি অকেজো রোগীর সংখ্যা ক্রমান্বয়ে বৃদ্ধি পাচ্ছে,"উদ্বেগের বিষয়, দেশে কিডনি রোগ ও কিডনি বিকল রোগীর সংখ্যা ক্রমান্বয়ে বাড়ছে।","দেশে কিডনি রোগ ও কিডনি বিকল রোগীর সংখ্যা ক্রমাগত বাড়ছে, যা একটি উদ্বেগজনক বিষয়।",32.62863443299966,,1091.0
অন্তর্বাস নিয়মিত পরিবর্তন করতে হবে,অন্তর্বাস নিয়মিত পরিবর্তন করা উচিত।,নিয়মিতভাবে অন্তর্বাস বদলানো প্রয়োজন।,22.0628836840001,,1092.0
থাইরয়েড গ্লান্ডের ক্যানসার একটি জটিল রোগ,থাইরয়েড গ্রন্থির ক্যান্সার একটি জটিল রোগ।,থাইরয়েড গ্রন্থির ক্যানসার একটি জটিল ব্যাধি।,33.44023039099966,,1093.0
 বরই বা কুল  এ সময় বাজারে বিভিন্ন ধরনের বরই বা কুল দেখতে পাওয়া যায়,বরই বা কুল এ সময় বাজারে বিভিন্ন ধরনের বরই বা কুল দেখা যায়।,এই মৌসুমে বাজারে নানা জাতের বরই বা কুল দেখা মেলে।,28.213258877000044,,1094.0
এক্ষেত্রে কতটুকু ফল ও সবজি খাবে তা ডায়েটিশিয়ান নির্ধারণ করে দিয়ে থাকে,এক্ষেত্রে কতটা ফল ও সবজি খাবেন তা ডায়েটিশিয়ান নির্ধারণ করেন।,"এই পরিস্থিতিতে কী পরিমাণ ফলমূল ও শাকসবজি গ্রহণ করতে হবে, তা একজন পুষ্টিবিদ নির্ধারণ করে দেন।",22.97333795800023,,1095.0
লেখক  মুখ ও দন্তরোগ বিশেষজ্ঞ,লেখক মৌখিক ও দাঁতের বিশেষজ্ঞ।,গ্রন্থকার একজন দন্ত ও মুখরোগ বিশেষজ্ঞ।,27.278462810999827,,1096.0
শীতকালে নানা রোগব্যাধি বাসা বাধে শরীরে,শীতকালে নানা রোগ বাসা বাঁধে শরীরে।,শীতের মৌসুমে শরীরে নানাবিধ রোগের প্রকোপ দেখা দেয়।,32.63816730000008,,1097.0
খুব কম ক্ষেত্রে টনসিলে ঘনঘন ইনফেকশন থেকে বাতজ্বর রিউম্যাটিক ফিভার হতে পরে,"বিরল ক্ষেত্রে, বারবার টনসিল সংক্রমণ থেকে বাতজ্বর হতে পারে।","অত্যন্ত বিরল কিছু ক্ষেত্রে, বারবার টনসিলে সংক্রমণের ফলে রিউম্যাটিক ফিভার বা বাতজ্বর দেখা দিতে পারে।",29.492314566000005,,1098.0
এর সঙ্গে মুখে খাওয়া ও লাগানোর ওষুধও ব্যবহার করতে হয়,"এর সাথে, মুখের এবং সাময়িক ওষুধও ব্যবহার করা হয়।",এর পাশাপাশি মুখে সেবন এবং শরীরে লাগানোর ঔষধও ব্যবহার করা প্রয়োজন।,26.224849505999828,,1099.0
২ যারা ইতিমধ্যে গর্ভধারণ করে ফেলেছেন তারা সর্বোচ্চ সাবধানতা অবলম্বন করবেন,2 যারা ইতিমধ্যে গর্ভবতী তাদের সর্বোচ্চ সতর্কতা অবলম্বন করা উচিত।,"২ যারা ইতোমধ্যেই গর্ভবতী হয়েছেন, তাদের অবশ্যই সর্বাধিক সতর্কতা অবলম্বন করতে হবে।",28.774805212000047,,1100.0
পায়ের হাড় বলতে হাঁটুর নিচ থেকে গোড়ালির গাঁট পর্যন্ত টিবিয়া ও ফিবুলা নামক দুটো হাড়কে বোঝায়,"পায়ের হাড় বলতে হাঁটুর নিচ থেকে গোড়ালি পর্যন্ত দুটি হাড়কে বোঝায়, যাকে বলা হয় টিবিয়া এবং ফিবুলা।",হাঁটুর নিচের অংশ থেকে গোড়ালির গাঁট পর্যন্ত বিস্তৃত টিবিয়া ও ফিবুলা নামের দুটি হাড়কেই পায়ের হাড় বলা হয়ে থাকে।,31.826833473000534,,1101.0
সম্প্রতি আংশিকভাবে প্রকাশিত আমেরিকার একটি গবেষণা প্রবন্ধ ও বিশ্বের বিভিন্ন দেশের করোনা সংক্রমণের তথ্যউপাত্ত বিশ্লেষণ করে এমনটিই মনে করছেন এ গবেষক,সম্প্রতি প্রকাশিত আমেরিকান গবেষণা নিবন্ধ এবং বিশ্বের বিভিন্ন দেশে করোনা সংক্রমণের তথ্য বিশ্লেষণ করে এমনটাই মনে করছেন গবেষক।,এই গবেষক বিশ্বের বিভিন্ন দেশের করোনা সংক্রমণের পরিসংখ্যান এবং সম্প্রতি আংশিকভাবে প্রকাশিত একটি মার্কিন গবেষণাপত্র বিশ্লেষণ করে এই সিদ্ধান্তেই উপনীত হয়েছেন।,40.17593300500039,,1102.0
প্রতি বছর বিশ্বে ১ কোটি ৭০ লাখ মানুষ স্ট্রোক করেন,বিশ্বব্যাপী 17 মিলিয়ন মানুষ প্রতি বছর স্ট্রোকের শিকার হয়।,সারা বিশ্বে প্রতি বছর ১ কোটি ৭০ লাখ মানুষ স্ট্রোকের শিকার হন।,27.47138144900009,,1103.0
আপনার সাইজ অনুযায়ী ধুতি পাঞ্জাবি কিনুন,আপনার সাইজ অনুযায়ী ধুতি পাঞ্জাবি কিনুন,নিজের মাপের ধুতি-পাঞ্জাবি ক্রয় করুন।,29.02276231799988,,1104.0
আর কলা খোসা ছাড়িয়ে ছোটছোট টুকরো করে রাখুন,কলার খোসা ছাড়িয়ে ছোট ছোট টুকরো করে কেটে নিন।,এবার কলাগুলোর খোসা ছাড়িয়ে ছোট ছোট টুকরো করে কেটে সরিয়ে রাখুন।,26.596058235000783,,1105.0
বুধবার বারডেম অডিটোরিয়ামে আয়োজিত অনুষ্ঠানে চিকিৎসকদের হাতে এ পদক তুলে দেন অনুষ্ঠানের প্রধান অতিথি শিক্ষামন্ত্রী ডা দিপু মনি,বুধবার বারডেম মিলনায়তনে আয়োজিত এক অনুষ্ঠানে চিকিৎসকদের হাতে পদক তুলে দেন অনুষ্ঠানের প্রধান অতিথি শিক্ষামন্ত্রী ডা. দীপু মনি।,অনুষ্ঠানের প্রধান অতিথি শিক্ষামন্ত্রী ডা. দিপু মনি বুধবার বারডেম অডিটোরিয়ামে আয়োজিত এক অনুষ্ঠানে চিকিৎসকদের মধ্যে এ পদক বিতরণ করেন।,33.612172940000164,,1106.0
তবে এবার থেকে মিষ্টি প্রেমীরা উৎসবে রাখতে পারেন সুগার ফ্রি মিষ্টি,মিষ্টিপ্রেমীরা এখন থেকে উৎসবে চিনিমুক্ত মিষ্টি খেতে পারবেন।,তবে মিষ্টিপ্রেমীরা এখন থেকে উৎসবে চিনিবিহীন মিষ্টি রাখার সুযোগ পাবেন।,41.201505173999976,,1107.0
হারপিস ভাইরাসজনিত কারণে ঠোঁট ফুলে গেলে অবশ্যই অ্যাসাইক্লোভির গোত্রভুক্ত ওষুধ সঠিক নিয়মে নির্দিষ্ট মাত্রায় সেবন করতে হবে,হারপিস ভাইরাসের কারণে ঠোঁট ফুলে গেলে Acyclovir অবশ্যই সঠিক মাত্রায় গ্রহণ করতে হবে।,হারপিস ভাইরাসের প্রভাবে ঠোঁট ফুলে গেলে অ্যাসাইক্লোভির জাতীয় ঔষধ সঠিক পদ্ধতিতে ও নির্দিষ্ট মাত্রায় সেবন করা একান্ত আবশ্যক।,31.893736631000134,,1108.0
গণপরিবহণ অপ্রয়োজনে ব্যবহার থেকে বিরত থাকুন,গণপরিবহনের অপ্রয়োজনীয় ব্যবহার এড়িয়ে চলুন।,প্রয়োজন ছাড়া গণপরিবহণ ব্যবহার পরিহার করুন।,35.569978515,,1109.0
বাচ্চাদের ক্যালরি চাহিদা বেশি বলে এর সঙ্গে যোগ করা যেতে পারে ঘি,শিশুদের ক্যালরির চাহিদা বেশি হওয়ায় এতে ঘি যোগ করা যেতে পারে।,শিশুদের ক্যালরির প্রয়োজন অনেক বেশি হওয়ায় এর সাথে ঘি মেশানো যেতে পারে।,29.86600696100049,,1110.0
যা লাগবে  সুজি এক কাপ আনারসের জুস আধা কাপ পানি দেড় কাপ চিনি সোয়া এক কাপ ঘি আধা কাপ এলাচ গুঁড়া আধা চা চামচ কাজুবাদাম ক্রাশ ৮১ কাপ আখরোট ক্রাশ ৮১ কাপ জাফরান আধা চা চামচ এক টেবিল চামচ পানিতে ভেজানো পানি ৪১ কাপ পেস্তা কুচি গার্নিশিংএর জন্য,আপনার যা লাগবে সুজি এক কাপ আনারসের রস আধা কাপ পানি দেড় কাপ চিনি সয়া আধা কাপ এলাচ গুঁড়া আধা চা চামচ কাজু বাদাম কুচানো 81 কাপ আখরোট গুঁড়ো 81 কাপ জাফরান আধা চা চামচ এক টেবিল চামচ ভেজানো পানি 41 কাপ পেস্তা বাদাম গার জন্য।,"এই রান্নার জন্য এক কাপ সুজি, আধা কাপ আনারসের রস, দেড় কাপ পানি, সোয়া এক কাপ চিনি, আধা কাপ ঘি, আধা চা চামচ এলাচ গুঁড়া, ৮১ কাপ কুচানো কাজুবাদাম ও আখরোট, এক টেবিল চামচ পানিতে ভেজানো আধা চা চামচ জাফরান, ৪১ কাপ পানি এবং সাজানোর জন্য পেস্তা কুচি প্রয়োজন হবে।",49.61175505699976,,1111.0
" গবেষণা অনুসারে, ব্রকলিতে প্রতি কাপে পাঁচ গ্রাম ফাইবার থাকে","গবেষণা অনুসারে, ব্রকলিতে প্রতি কাপে পাঁচ গ্রাম ফাইবার থাকে।","গবেষণার তথ্য অনুযায়ী, প্রতি কাপ ব্রকলিতে পাঁচ গ্রাম ফাইবার পাওয়া যায়।",27.52051126400056,,1112.0
সাধারণত ৫ থেকে ১০ শতাংশ নারীকে আরও পরীক্ষার জন্য বলা হয়ে থাকে কিন্তু সৌভাগ্যবশত এসব ক্ষেত্রে ৯০ শতাংশের বেশিরই ক্যানসার থাকে না,"সাধারণত, 5 থেকে 10 শতাংশ মহিলাকে আরও পরীক্ষার জন্য বলা হয়, কিন্তু সৌভাগ্যবশত, এই ক্ষেত্রে 90 শতাংশেরও বেশি ক্যান্সার হয় না।","সাধারণত ৫ থেকে ১০ শতাংশ নারীকে অতিরিক্ত পরীক্ষা-নিরীক্ষার পরামর্শ দেওয়া হয়, তবে আশার কথা হলো, এর মধ্যে ৯০ শতাংশেরও বেশি ক্ষেত্রেই ক্যানসার ধরা পড়ে না।",28.696227981999986,,1113.0
রোগীরা সাধারণত পায়ুপথ দিয়ে রক্তক্ষরণ পায়ুপথ ফুলে যাওয়া ব্যথা অনুভব করা পায়ুপথ দিয়ে পাইলস বেরিয়ে আসা মলদ্বারের চারপাশে চুলকানো বিভিন্ন উপসর্গের কথা বলে থাকেন,"রোগীরা সাধারণত রেকটাল রক্তপাত, মলদ্বার ফুলে যাওয়া, ব্যথা, রেকটাল পাইলস এবং মলদ্বারের চারপাশে চুলকানির মতো বিভিন্ন উপসর্গ রিপোর্ট করে।","সাধারণত রোগীরা মলদ্বারপথে রক্তক্ষরণ, পায়ুপথের স্ফীতি ও যন্ত্রণা, পাইলস বেরিয়ে আসা এবং মলদ্বারের পার্শ্ববর্তী অংশে চুলকানি ইত্যাদি নানা উপসর্গের কথা জানিয়ে থাকেন।",33.19679603399982,,1114.0
এভাবে দিনে তাপমাত্রা যখন তখন বাড়ছেকমছে,এভাবে দিনের বেলা তাপমাত্রা বাড়ে ও কমে।,এভাবেই দিনের বেলায় তাপমাত্রা অনিয়মিতভাবে ওঠানামা করছে।,31.302385199000128,,1115.0
 হাড়ে রক্ত সরবরাহ কমে গেলে জয়েন্টে ব্যথা হয় জয়েন্ট কাজ করে না জয়েন্ট দুর্বল হয়ে যায়,"হাড়ে রক্ত ​​সরবরাহ কমে গেলে জয়েন্টে ব্যথা হয়, জয়েন্ট কাজ করে না, জয়েন্ট দুর্বল হয়ে পড়ে।","অস্থিতে রক্ত সঞ্চালন হ্রাস পেলে সন্ধিস্থলে ব্যথা দেখা দেয়, জয়েন্টের কার্যক্ষমতা নষ্ট হয় এবং সেগুলো দুর্বল হয়ে পড়ে।",28.918884279999475,,1116.0
তবে মারাত্মক ধরনের কান পাকা রোগে অপারেশনই হচ্ছে প্রকৃত চিকিৎসা,"যাইহোক, সার্জারি হল গুরুতর কানের সংক্রমণের আসল চিকিৎসা।",কিন্তু তীব্র মাত্রার কান পাকা রোগের ক্ষেত্রে অস্ত্রোপচারই হলো প্রকৃত চিকিৎসা পদ্ধতি।,41.93105949799974,,1117.0
লক্ষণ দেখে কিছু চিকিৎসা দেয়া হয়,উপসর্গের উপর ভিত্তি করে কিছু চিকিৎসা দেওয়া হয়।,উপসর্গ অনুযায়ী কিছু চিকিৎসা প্রদান করা হয়।,23.420408553000016,,1118.0
সমস্যাগুলো যদি বয়স বাড়ার কারণে না হয়ে অন্য কোনো অসুখবিসুখ কিংবা ওষুধের পার্শ্বপ্রতিক্রিয়ার কারণে হয় তাহলে তার সমাধান করা যেতে পারে,"সমস্যাগুলো যদি বার্ধক্যজনিত কারণে না হয়ে অন্য কোনো চিকিৎসার কারণে বা ওষুধের পার্শ্বপ্রতিক্রিয়ার কারণে হয়ে থাকে, তাহলে সেগুলো সমাধান করা যেতে পারে।","বার্ধক্যজনিত না হয়ে যদি অন্য কোনো রোগ বা ঔষধের পার্শ্বপ্রতিক্রিয়ার ফলে এই সমস্যাগুলো দেখা দেয়, তবে সেগুলোর প্রতিকার সম্ভব।",41.6247976349996,,1119.0
এজন্য নিজেকেই দোষী মনে করছি,আমি এর জন্য অপরাধী বোধ করি।,এই বিষয়ের জন্য আমি নিজেকেই দায়ী করছি।,35.08357990900004,,1120.0
জাতির পিতা বঙ্গবন্ধু শেখ মুজিবুর রহমানের জন্মদিন (১৭ মার্চ) এবং বিশ্ব কিডনি দিবস (৯ মার্চ) সামনে রেখে সোমবার বেলা সাড়ে ১১টায় ইনসাফ বারাকাহ কিডনি অ্যান্ড জেনারেল হাসপাতাল ভবনে মতবিনিময় সভায় বিশেষ অতিথির বক্তব্যে তিনি এ কথা বলেন,সোমবার সকাল সাড়ে ১১টায় ইনসাফ বারাকাহ কিডনি ও জেনারেল হাসপাতাল ভবনে জাতির জনক বঙ্গবন্ধু শেখ মুজিবুর রহমানের জন্মদিন (১৭ মার্চ) উপলক্ষে এক মতবিনিময় সভায় বিশেষ অতিথির বক্তব্যে তিনি এসব কথা বলেন। বিশ্ব কিডনি দিবস (9 মার্চ)।,জাতির পিতা বঙ্গবন্ধু শেখ মুজিবুর রহমানের আসন্ন জন্মদিন (১৭ মার্চ) এবং বিশ্ব কিডনি দিবস (৯ মার্চ) উপলক্ষে সোমবার বেলা সাড়ে ১১টায় ইনসাফ বারাকাহ কিডনি অ্যান্ড জেনারেল হাসপাতাল ভবনে আয়োজিত এক মতবিনিময় সভায় বিশেষ অতিথির বক্তৃতায় তিনি এই কথা জানান।,48.63916189600059,,1121.0
 স্তনবৃন্ত বা স্তনের চামড়া খোসার মত হওয়া,স্তনবৃন্ত বা স্তনের ত্বকের খোসা।,স্তনের বোঁটা অথবা স্তনের ত্বক খোসার ন্যায় অমসৃণ হয়ে ওঠা।,31.77740664799967,,1122.0
 এই ফল ভিটামিন সি-এর ভাণ্ডার,এই ফলটি ভিটামিন সি এর ভান্ডার।,এই ফলটি ভিটামিন সি-তে ভরপুর।,44.089268163999805,,1123.0
যুগ যুগ ধরে লাল সবুজের পতাকা হাতে নাজমুন নাহারের বিশ্ব ভ্রমণের এই দৃষ্টান্ত পৃথিবীর মানচিত্রে বাংলাদেশকে গৌরবান্বিত করবে,লাল-সবুজ পতাকা হাতে নিয়ে নাজমুন নাহারের পৃথিবী ভ্রমণের এই উদাহরণ বিশ্ব মানচিত্রে বাংলাদেশকে মহিমান্বিত করবে।,হাতে লাল-সবুজের পতাকা নিয়ে নাজমুন নাহারের এই বিশ্বভ্রমণের নজির বিশ্বমানচিত্রে বাংলাদেশকে চিরকাল গৌরবোজ্জ্বল করে রাখবে।,28.06930182799988,,1124.0
 প্রোবায়োটিকস খান  পেটে খাবার ভালোভাবে হজমের জন্য প্রয়োজন প্রচুর পরিমাণে উপকারী ব্যাকটেরিয়া,প্রোবায়োটিক খান ভালো হজমের জন্য পেটে প্রচুর উপকারী ব্যাকটেরিয়া প্রয়োজন।,"পেটে খাবার সুষ্ঠুভাবে হজমের জন্য প্রচুর উপকারী ব্যাকটেরিয়ার প্রয়োজন, তাই প্রোবায়োটিকস সেবন করুন।",28.246359323999968,,1125.0
তাকে নরম হালকা সুতি কাপড় পরাতে হবে,তাকে নরম হালকা সুতির পোশাক পরতে হবে।,তাকে নরম ও হালকা সুতোর পোশাক পরিয়ে দিতে হবে।,22.668569403999754,,1126.0
এটি ফুসফুসের চাপ এবং রক্তপ্রবাহ পরিপক্কতায় বিলম্বের কারণে ঘটে থাকে,এটি পালমোনারি ধমনী এবং রক্ত ​​​​প্রবাহের পরিপক্কতায় বিলম্বের কারণে ঘটে।,ফুসফুসের চাপ ও রক্তপ্রবাহের পরিপক্কতা অর্জনে বিলম্বের ফলে এটি সংঘটিত হয়।,31.80501759200069,,1127.0
শিশুদের পোশাক কেনার সময় যেসব বিষয় মাথায় রাখবেন,বাচ্চাদের পোশাক কেনার সময় যে বিষয়গুলো মাথায় রাখবেন,শিশুদের জামাকাপড় কেনার ক্ষেত্রে যে বিষয়গুলোর প্রতি নজর দেওয়া প্রয়োজন।,32.68752869799937,,1128.0
গরম পানি দিয়ে হাত ধুলেও সংক্রমণের ঝুঁকি কমে যায়,গরম পানি দিয়ে হাত ধোয়া সংক্রমণের ঝুঁকিও কমায়।,গরম জল দিয়ে হাত পরিষ্কার করলেও সংক্রমণের আশঙ্কা হ্রাস পায়।,37.07557272099984,,1129.0
" বিশেষত, আমাদের দেশে এই সমস্যার প্রকোপ তুলনায় অনেকটাই বেশি",বিশেষ করে আমাদের দেশে এই সমস্যার প্রকোপ অনেক বেশি।,বিশেষ করে আমাদের দেশে এই সমস্যাটির তীব্রতা তুলনামূলকভাবে অনেক বেশি।,26.865468295000028,,1130.0
দীর্ঘমেয়াদি টনসিলের ইনফেকশন থাকলে অপারেশন না করালে নিন্মোক্ত সমস্যা হতে পারে,দীর্ঘমেয়াদী টনসিল সংক্রমণে অপারেশন না করালে নিম্নলিখিত সমস্যা হতে পারে।,দীর্ঘস্থায়ী টনসিলের সংক্রমণ থাকলে অস্ত্রোপচার না করালে নিম্নলিখিত জটিলতাগুলো দেখা দিতে পারে।,28.761179406000338,,1131.0
সার্বিকভাবে আমরা এখনও কোভিড মোকাবেলায় নিজেদের উপযোগী বা প্রস্তুত করতে পারিনি,"সর্বোপরি, আমরা এখনও কোভিডের সাথে মোকাবিলা করার জন্য নিজেকে মানিয়ে নিতে পারিনি বা প্রস্তুত করতে পারিনি।","সামগ্রিকভাবে দেখতে গেলে, করোনা পরিস্থিতি সামলানোর জন্য আমরা এখনো নিজেদের পুরোপুরি প্রস্তুত করে তুলতে পারিনি।",26.350721190000517,,1132.0
রোগীর খাদ্যতালিকায় প্রোটিন রাখতে হবে রোগের মাত্রার ওপর ভিত্তি করে,রোগের মাত্রার উপর ভিত্তি করে রোগীর খাবারে প্রোটিন রাখতে হবে।,রোগের তীব্রতা অনুযায়ী রোগীর খাদ্যতালিকায় প্রোটিন অন্তর্ভুক্ত করা আবশ্যক।,15.210923110999827,,1133.0
এজন্য পুরুষের চেয়ে নারীদের হিমোগ্লোবিনের পরিমাণ এক দশমিক পাঁচ গ্রাম কম থাকে বলেও জানান তিনি,এ কারণে নারীদের হিমোগ্লোবিনের পরিমাণ পুরুষদের তুলনায় ১.৫ গ্রাম কম বলে জানান তিনি।,"তিনি আরও জানান, এই কারণে পুরুষদের তুলনায় নারীদের হিমোগ্লোবিনের মাত্রা এক দশমিক পাঁচ গ্রাম কম থাকে।",30.40553176100002,,1134.0
এটি নিরব ঘাতকের মতো কাজ করে,এটি নীরব ঘাতকের মতো কাজ করে।,এটি এক নীরব ঘাতকের ভূমিকা পালন করে।,26.53303930400034,,1135.0
বিভিন্ন সময়ে নানা কারণে আমরা উদ্বিগ্ন হয়ে যাই,আমরা বিভিন্ন কারণে বিভিন্ন সময়ে উদ্বিগ্ন হই।,সময়ে সময়ে নানাবিধ কারণে আমরা দুশ্চিন্তাগ্রস্ত হয়ে পড়ি।,31.606670770000164,,1136.0
আইইডিসিআরের হটলাইন নম্বরগুলো হচ্ছে ৩৩৩ ১৬২৬৩ ০১৫৫০০৬৪৯০১ ০১৫৫০০৬৪৯০২ ০১৫৫০০৬৪৯০৩ ০১৫৫০০৬৪৯০৪ ০১৫৫০০৬৪৯০৫ ০১৪০১১৮৪৫৫১ ০১৪০১১৮৪৫৫৪ ০১৪০১১৮৪৫৫৫ ০১৪০১১৮৪৫৫৬ ০১৪০১১৮৪৫৫৯ ০১৪০১১৮৪৫৬০ ০১৪০১১৮৪৫৬৩ ০১৪০১১৮৪৫৬৮ ০১৯২৭৭১১৭৮৪ ০১৯২৭৭১১৭৮৫ ০১৯৩৭০০০০১১ ০১৯৩৭১১০০১১,আইইডিসিআর হটলাইন নম্বরগুলি হল 333 16263 01550064901 01550064902 01550064904 01550064905 01401184551 01401184554 01401184554 014015154 01451514401515 560 01401184563 01401184568 01927711784 01927711785 01937110011,,55.06014564599991,request_error:'NoneType' object has no attribute 'strip',1137.0
প্রচুর তরলজাতীয় খাবার গ্রহণ করতে হবে,প্রচুর তরল খাবার খেতে হবে।,প্রচুর পরিমাণে তরল খাদ্য সেবন করা প্রয়োজন।,23.46864387699952,,1138.0
আঁচিল সারাতেও আমপাতা খুব উপকারী,আমপাতা আঁচিলের চিকিৎসায়ও বেশ উপকারী।,আঁচিল নিরাময়েও আমপাতা অত্যন্ত কার্যকর।,24.739095388999885,,1139.0
কোনো জ্বরের সঙ্গে কাঁপুনি হয় শীত লাগে তীব্র মাথা ব্যথা ওঠে বমি হয় ইদানীংকালের বহুল আলেচিত করোনা জ্বরে কোনো ধরনই নির্দিষ্ট নয় করোনা অধ্যুষিত এলাকায় বসবাসরত কিংবা করোনা রোগীর সংস্পর্শে আসা যে কোনো ধরনের জ্বরই করোনা হতে পারে তাই এ ধরনের সব জ্বরের রোগীকে টেস্ট করে করোনা নিশ্চিত করতে হয়,"জ্বরের সাথে ঠান্ডা লাগা, প্রচণ্ড মাথাব্যথা, বমি হয় এবং করোনা জ্বরের কোনো নির্দিষ্ট ধরন নেই, যা সম্প্রতি আলোচনা করা হয়েছে। করোনা রোগীদের সংস্পর্শে আসা বা করোনা আক্রান্ত এলাকায় বসবাসকারী যেকোনো ধরনের জ্বরই করোনা হতে পারে, তাই এই ধরনের জ্বরের রোগীদের করোনা পরীক্ষা করা উচিত।","বর্তমানে বহুল চর্চিত করোনা জ্বরের কোনো সুনির্দিষ্ট লক্ষণ নেই, বরং জ্বরের সাথে কাঁপুনি, শীত অনুভব, তীব্র মাথাব্যথা বা বমি হতে পারে; যেহেতু করোনা প্রভাবিত এলাকায় বসবাসকারী বা আক্রান্তের সংস্পর্শে আসা ব্যক্তির যেকোনো ধরনের জ্বর করোনা হতে পারে, তাই এমন সব জ্বরে আক্রান্ত রোগীদের পরীক্ষা করে রোগটি নিশ্চিত করা আবশ্যক।",52.8987125550002,,1140.0
পাশাপাশি দুটি অপারেশন থিয়েটারে দাতা ও গ্রহীতা রোগীকে রাখা হয়,দুটি অপারেশন থিয়েটারে দাতা ও গ্রহীতা রোগীদের পাশাপাশি রাখা হয়।,পাশাপাশি দুটি অপারেশন কক্ষে দাতা ও গ্রহীতা রোগীদের স্থান দেওয়া হয়।,31.328553769999417,,1141.0
এগুলো সবই ননইনফেকশাস বা ননকমিউনেকেবল ডিজিজ,এগুলো সবই অসংক্রামক বা অসংক্রামক রোগ।,এগুলি সকলেই অসংক্রামক বা সংক্রমণযোগ্য নয় এমন রোগ।,23.78682036200007,,1142.0
২ মোবাইল ফোনের স্ক্রিনের দিকে দীর্ঘক্ষণ তাকিয়ে থাকার কারণে চোখের রেটিনা কর্নিয়া এবং অন্যান্য অংশ ক্ষতিগ্রস্ত হচ্ছে,"2. মোবাইল ফোনের স্ক্রিনের দিকে দীর্ঘক্ষণ তাকিয়ে থাকা রেটিনা, কর্নিয়া এবং চোখের অন্যান্য অংশের ক্ষতি করে।","মোবাইল ফোনের পর্দার দিকে দীর্ঘ সময় ধরে তাকিয়ে থাকার ফলে চোখের রেটিনা, কর্নিয়া ও অন্যান্য অংশের ক্ষতি সাধিত হচ্ছে।",37.56694035600049,,1143.0
"    ডিম
    দুধ
    সমুদ্রশৈবাল
    শেলফিস
    সামুদ্রিক মাছ
    সিফুড",ডিম সামুদ্রিক শৈবালের ঝিনুক সামুদ্রিক মাছ,"ডিম, দুধ, সামুদ্রিক শৈবাল, খোলসযুক্ত সামুদ্রিক প্রাণী, সমুদ্রের মাছ এবং সামুদ্রিক খাদ্য।",45.48195477799982,,1144.0
যা আরও সপ্তাহখানেক থাকতে পারে,যা আরও এক সপ্তাহ স্থায়ী হতে পারে।,যা আরও প্রায় এক সপ্তাহ পর্যন্ত বজায় থাকতে পারে।,24.09262803699949,,1145.0
প্রথমে এটি আপনার জন্য বেশ উত্তেজনাপূর্ণ হতে পারে,প্রথমে এটি আপনার জন্য বেশ উত্তেজনাপূর্ণ হতে পারে।,প্রথম দিকে এটা আপনার কাছে খুবই রোমাঞ্চকর মনে হতে পারে।,22.489962594000644,,1146.0
তবে একই সময়ে আরও ৩৫ জনের করোনা শনাক্ত হয়েছে,"একই সময়ের মধ্যে, তবে, আরও 35 জনের COVID-19 শনাক্ত করা হয়েছে।",এদিকে একই সময়ে আরও ৩৫ জনের দেহে করোনাভাইরাস ধরা পড়েছে।,33.57284009100022,,1147.0
চুলের কালার বা কেমিক্যাল শখ করে ব্যবহার করা ঠিক নয়,শখের মতো হেয়ার কালার বা কেমিক্যাল ব্যবহার করা ঠিক নয়।,শুধু শখের বশে চুলের কালার বা কেমিক্যাল ব্যবহার করা মোটেও উচিত নয়।,25.821822351000264,,1148.0
ডিম রান্না করলে এর পুষ্টিগুণ নষ্ট হয় না,ডিম রান্না করলে তাদের পুষ্টিগুণ নষ্ট হয় না।,রান্না করলেও ডিমের পুষ্টিগুণ অক্ষুণ্ণ থাকে।,30.777656385000228,,1149.0
" আইইডিসিআর জানায়, নিপাহ ভাইরাসে আক্রান্ত ৭১ শতাংশ মানুষ মারা যায়","আইইডিসিআরের মতে, নিপাহ ভাইরাসে আক্রান্তদের ৭১ শতাংশ মারা যায়।","আইইডিসিআরের তথ্য অনুযায়ী, নিপাহ ভাইরাসে সংক্রমিতদের ৭১ শতাংশের মৃত্যু ঘটে।",40.28335651099951,,1150.0
"যাদের বাতের ব্যথা আছে, বিশেষ করে কোমরে যাদের ব্যথা হয়, তাদের দুগ্ধজাতীয় খাবার গ্রহণের পর প্রদাহ বেড়ে যায়","আর্থ্রাইটিসে আক্রান্ত ব্যক্তিদের, বিশেষ করে পিঠে ব্যথা, দুগ্ধজাত দ্রব্য খাওয়ার পর প্রদাহ বেড়ে যায়।",গাঁটের ব্যথা এবং বিশেষত কোমরব্যথায় আক্রান্ত ব্যক্তিদের দুগ্ধজাত খাদ্য সেবনের পর শরীরে প্রদাহের তীব্রতা বৃদ্ধি পায়।,32.39087107600062,,1151.0
"এক প্রশ্নের জবাবে মেয়র বলেন, ‘বর্ষা মৌসুমের আগে থেকেই আমরা মশা নিধনে মাঠে কাজ করছি৷ নিয়মিত লার্ভিসাইডিং ও এডিসের প্রজননস্থল ধ্বংসের পাশাপাশি ডেঙ্গু নিয়ন্ত্রণে ওয়ার্ডে ওয়ার্ডে সচেতনতামূলক প্রচারাভিযান পরিচালনা করছি","এক প্রশ্নের জবাবে মেয়র বলেন, বর্ষা মৌসুমের আগে থেকেই আমরা মশা নিধনে মাঠে কাজ করছি। নিয়মিত লার্ভিসাইডিং এবং এডিস প্রজনন ক্ষেত্র ধ্বংসের পাশাপাশি ডেঙ্গু নিয়ন্ত্রণের জন্য ওয়ার্ড-টু-ওয়ার্ড সচেতনতামূলক প্রচারাভিযান পরিচালনা করা।","একটি প্রশ্নের উত্তরে মেয়র জানান, বর্ষা মৌসুম শুরুর আগে থেকেই মশা দমনে আমরা মাঠপর্যায়ে সক্রিয় আছি। নিয়মিত লার্ভিসাইডিং ও এডিস মশার প্রজননক্ষেত্র ধ্বংস করার পাশাপাশি ডেঙ্গু প্রতিরোধে প্রতিটি ওয়ার্ডে সচেতনতামূলক প্রচারণা চালিয়ে যাচ্ছি।",32.28900969200004,,1152.0
অতিরিক্ত ওজন বা স্থূলতা বড় কারণ,স্থূলতা বা অতিরিক্ত ওজন একটি বড় কারণ,একটি প্রধান কারণ হলো অতিরিক্ত ওজন অথবা স্থূলতা।,36.97264148799968,,1153.0
আর আমি জীবন বাজি রেখে জীবন বাঁচিয়ে পাস করে গেছি,এবং আমি আমার জীবনের ঝুঁকি নিয়ে এবং আমার জীবন রক্ষা করে পাস করেছি।,আমি প্রাণের ঝুঁকি নিয়ে প্রাণ রক্ষা করে সফলভাবে উত্তীর্ণ হয়েছি।,40.75059304100069,,1154.0
" আমরা মনে করি, এভাবে এডিস মশাকে পূর্ণরূপে নিয়ন্ত্রণ করতে পারব",আমরা মনে করি এভাবেই এডিস মশা পুরোপুরি নিয়ন্ত্রণ করা সম্ভব।,"আমাদের বিশ্বাস, এই পদ্ধতিতে আমরা এডিস মশাকে সম্পূর্ণভাবে নিয়ন্ত্রণে আনতে সক্ষম হব।",33.583961401000124,,1155.0
স্ক্যানটির অন্যান্য নাম লেভেল ২ আলট্রাসাউন্ড অ্যানাটমি স্ক্যান মিড প্রেগন্যান্সি স্ক্যান ২০ উইক স্ক্যান সেকেন্ড ট্রাইমিস্টার স্ক্যান ইত্যাদি,স্ক্যানের অন্যান্য নাম হল আল্ট্রাসাউন্ড অ্যানাটমি স্ক্যান লেভেল 2 মিড প্রেগন্যান্সি স্ক্যান 20 উইক স্ক্যান সেকেন্ড ট্রাইমেস্টার স্ক্যান ইত্যাদি।,"লেভেল ২ আলট্রাসাউন্ড, অ্যানাটমি স্ক্যান, মিড প্রেগন্যান্সি স্ক্যান, ২০ উইক স্ক্যান ও সেকেন্ড ট্রাইমিস্টার স্ক্যান ইত্যাদি হলো এই স্ক্যানটির অন্যান্য নাম।",35.88483912100037,,1156.0
 এ ছাড়া পুরুষের বন্ধ্যাত্ব দূর করতে ডার্ক চকলেট বিশেষ ভূমিকা রাখে,এছাড়া পুরুষের বন্ধ্যাত্ব দূর করতে ডার্ক চকলেট বিশেষ ভূমিকা পালন করে।,"এর পাশাপাশি, পুরুষদের বন্ধ্যাত্ব দূরীকরণে ডার্ক চকলেটের ভূমিকা অত্যন্ত গুরুত্বপূর্ণ।",38.98437873399962,,1157.0
লক্ষ্য রাখবেন প্যারালাইসিস হাত যেন না ঝুলে থাকে,লক্ষ করুন যে পক্ষাঘাতগ্রস্ত বাহু ঝুলে যায় না।,"পক্ষাঘাতগ্রস্ত হাতটি যাতে ঝুলে না থাকে, সেদিকে খেয়াল রাখবেন।",24.459018974999708,,1158.0
অতএব ঘামে ভেজা শরীর নিয়ে কোথাও বসার আগে সাবধান,তাই ঘর্মাক্ত শরীর নিয়ে কোথাও বসার আগে সাবধান।,"সুতরাং, ঘামে সিক্ত শরীর নিয়ে যেকোনো স্থানে বসার পূর্বে সতর্ক থাকুন।",26.834702240000297,,1159.0
আবার মন ভালো না থাকলেও কিছু শারীরিক সমস্যা বাড়তে পারে,ভালো না থাকলেও কিছু শারীরিক সমস্যা বাড়তে পারে।,"তদুপরি, মানসিক অবস্থা ভালো না হলে শারীরিক কিছু সমস্যা বৃদ্ধি পেতে পারে।",38.053661669000576,,1160.0
তাই অকারণ কালক্ষেপণ মানেই ঝুঁকি বাড়তে দেওয়া,"অতএব, অপ্রয়োজনীয় বিলম্ব মানে ঝুঁকি বৃদ্ধি।","অতএব, বৃথা সময়ক্ষেপণ করা মানেই ঝুঁকির মাত্রা বাড়িয়ে দেওয়া।",49.719462424000085,,1161.0
২ নিয়মিত শরীর চর্চা আদর্শ ওজন বজায় রাখা,2 আদর্শ ওজন বজায় রাখার জন্য নিয়মিত ব্যায়াম করুন।,২. নিয়মিত শারীরিক অনুশীলনের মাধ্যমে আদর্শ ওজন বজায় রাখা।,35.70132778799962,,1162.0
তখন জ্বর কমে আসবে খুসখুসে কাশি হলে কফ সিরাপ খেতে হবে,তাহলে জ্বর কমে যাবে এবং ভালো কাশি হলে কাশির শরবত খেতে হবে।,"তখন জ্বর কমে যাবে, আর শুকনো কাশি দেখা দিলে কফ সিরাপ সেবন করতে হবে।",30.24706262699965,,1163.0
"জানলে অবাক হয়ে যাবেন, এই কাজে আপনাকে সাহায্য করতে পারে কয়েকটি শিম",আপনি জেনে অবাক হবেন যে কয়েকটি মটরশুটি আপনাকে এই কাজে সাহায্য করতে পারে।,"এই কাজে কয়েকটি শিম আপনাকে সহায়তা করতে পারে, এটি জানলে আপনি বিস্মিত হবেন।",37.88505378500031,,1164.0
বাচ্চারা যে কোনো যাতায়াতে ঘন ঘন খেতে চায়,বাচ্চারা যেকোন যাত্রাপথে ঘন ঘন খাওয়ার প্রবণতা রাখে।,যেকোনো সফরে শিশুরা বারবার খাওয়ার ইচ্ছা করে।,32.975388126000325,,1165.0
উল্লেখ্য উচ্চশিক্ষায় অধ্যাপনা পেশায় ইমেরিটাস অধ্যাপক একটি উচ্চ মর্যাদাসম্পন্ন পদবি,উল্লেখ্য যে ইমেরিটাস অধ্যাপক উচ্চ শিক্ষায় শিক্ষকতা পেশায় একটি মর্যাদাপূর্ণ উপাধি।,"প্রসঙ্গত উল্লেখ করা যায় যে, উচ্চশিক্ষার অঙ্গনে শিক্ষকতা পেশায় ইমেরিটাস অধ্যাপক পদটি অত্যন্ত সম্মানজনক ও মর্যাদাপূর্ণ।",31.18355685799997,,1166.0
 প্রতিদিন হালকা ব্যায়াম করুন  ব্যায়াম ক্যানসারের ঝুঁকি কমায়,প্রতিদিন হালকা ব্যায়াম করুন ব্যায়াম ক্যান্সারের ঝুঁকি কমায়।,"প্রতিদিন হালকা শরীরচর্চা করুন, কারণ এটি ক্যানসারের ঝুঁকি হ্রাস করে।",33.75213389500004,,1167.0
 তবে বেশি পরিমাণে তেল মশলা দিয়ে এই সবজি রান্না করলে খুব একটা লাভ পাবেন না,কিন্তু এই সবজিটি বেশি তেল ও মশলা দিয়ে রান্না করলে খুব একটা লাভ হবে না।,তবে এই সবজি রান্নায় অতিরিক্ত তেল ও মশলা ব্যবহার করলে তেমন কোনো উপকার পাবেন না।,22.26820637400033,,1168.0
এতে খিদেও বেশি লাগবে না আবার ডায়েট করাও সহজ হবে,এতে আপনার ক্ষুধা লাগবে না এবং খেতেও সুবিধা হবে।,"এর ফলে অতিরিক্ত খিদেও পাবে না, পাশাপাশি ডায়েট করাটাও অনেক সহজ হয়ে যাবে।",29.05098949300009,,1169.0
এবারের বিশ্ব ন্যাশ ডেএর প্রতিপাদ্য ছিল স্টেপ আপ ফর ন্যাশ অর্থাৎ এখনই ন্যাশ সম্পর্কে সচেতন হতে হবে ও ন্যাশ প্রতিরোধ করতে হবে,"এবারের বিশ্ব NASH দিবসের থিম ছিল NASH এর জন্য Step Up, অর্থাৎ এখনই NASH সম্পর্কে সচেতন হোন এবং NASH প্রতিরোধ করুন।","'স্টেপ আপ ফর ন্যাশ' ছিল চলতি বছরের বিশ্ব ন্যাশ দিবসের প্রতিপাদ্য, যার মূল বার্তা হলো ন্যাশ সম্পর্কে অবিলম্বে সচেতন হওয়া এবং এই রোগ প্রতিরোধে পদক্ষেপ নেওয়া।",36.22084795399951,,1170.0
এ খাবারগুলোতে অবশ্যই ওজন কমবে যদি বিধিনিষেধ মেনে এগুলো খাওয়া হয়,এই খাবারগুলো অবশ্যই আপনার ওজন কমাতে সাহায্য করবে যদি আপনি এগুলো পরিমিতভাবে খান।,নির্দিষ্ট নিয়ম মেনে এই খাবারগুলো সেবন করলে ওজন কমবেই।,38.391886104999685,,1171.0
লেপ বা কম্বল ব্যবহার করা হলে সেটি নিয়মিত কয়েকদিন সেটি বাইরে রোদে দিতে হবে,যদি একটি কভার বা কম্বল ব্যবহার করা হয় তবে এটি নিয়মিত কয়েক দিনের জন্য সূর্যের সংস্পর্শে আসতে হবে।,লেপ কিংবা কম্বল ব্যবহার করলে নিয়মিতভাবে প্রতি কয়েকদিন পরপর সেটি বাইরে রোদে দেওয়া উচিত।,33.829042301999834,,1172.0
শর্তসাপেক্ষে প্রাপ্তবয়স্ক সকল নারী পুরুষের ওপর রমজান মাসে রোজা রাখা ফরজ,রমজান মাসে রোজা রাখা সকল প্রাপ্তবয়স্ক নারী-পুরুষের জন্য ফরজ।,রমজান মাসে নির্দিষ্ট শর্ত সাপেক্ষে প্রাপ্তবয়স্ক সকল নর-নারীর ওপর রোজা পালন করা ফরজ।,41.47239087100024,,1173.0
চিকিৎসা শাস্ত্রের ব্যাপক উন্নতি হয়েছে তবে ক্যান্সার চিকিৎসা আজও অপ্রতুল রয়েছে,"চিকিৎসা বিজ্ঞান অনেক উন্নতি করেছে, কিন্তু ক্যান্সারের চিকিৎসা এখনও অপ্রতুল।",চিকিৎসা বিজ্ঞানে ব্যাপক অগ্রগতি সাধিত হলেও ক্যান্সারের চিকিৎসা এখনো পর্যাপ্ত নয়।,27.916085436000685,,1174.0
আবার বুকে ব্যথা হলে প্রয়োজনে জিহ্বার নিচে নাইট্রেট ট্যাবলেট বা স্প্রে ব্যবহার করা যেতে পারে,বুকে ব্যথা হলে প্রয়োজনে নাইট্রেট ট্যাবলেট বা স্প্রে জিহ্বার নিচে ব্যবহার করা যেতে পারে।,পুনরায় বুকে ব্যথা অনুভূত হলে প্রয়োজন সাপেক্ষে জিহ্বার নিচে নাইট্রেট ট্যাবলেট অথবা স্প্রে ব্যবহার করা যেতে পারে।,27.69049558400002,,1175.0
এমন অবস্থায় কেউ যদি কোভিড১৯ পজিটিভ হন তার জন্য আপনার পরামর্শ কি,এমন পরিস্থিতিতে কোভিড-১৯ এর জন্য ইতিবাচক পরীক্ষা করে এমন একজনের জন্য আপনার পরামর্শ কী?,এই পরিস্থিতিতে কারও কোভিড-১৯ পজিটিভ হলে আপনি তাকে কী পরামর্শ দেবেন?,30.256323341999632,,1176.0
জণ্ডিসের প্রধান লক্ষণগুলোর মধ্যে রয়েছে,জন্ডিসের প্রধান লক্ষণগুলির মধ্যে রয়েছে:,জণ্ডিসের মূল উপসর্গগুলোর মধ্যে অন্যতম,47.06766642899947,,1177.0
মুখের স্বাদকে প্রাধান্য দেয় কিন্তু অনেক ওষুধ আমাদের মুখের স্বাদ ও রুচিকে কমিয়ে দিতে পারে খাবার গ্রহণে অনীহার জন্ম দিতে পারে যেমন মেট্রোনিডাজল ইনহেলার বিটা ব্লকার,"মুখের মধ্যে প্রধান স্বাদ, কিন্তু অনেক ওষুধ আমাদের স্বাদ এবং ক্ষুধা হ্রাস করতে পারে যা খেতে অনীহা সৃষ্টি করে যেমন মেট্রোনিডাজল ইনহেলার বিটা ব্লকার।","আমরা সাধারণত খাবারের স্বাদকে অগ্রাধিকার দিলেও, মেট্রোনিডাজল, ইনহেলার এবং বিটা ব্লকারের মতো অনেক ওষুধ আমাদের স্বাদ ও রুচি কমিয়ে খাদ্যগ্রহণে অনীহা সৃষ্টি করতে পারে।",34.87859079899954,,1178.0
যেমন কানে কম শোনা বধিরতা হৃৎকম্প হৃদরোগ শিশুদের লেখাপড়ায় মনোযোগ কমে যাওয়া মানসিক বিকাশ বিঘ্নিত হওয়া খিটখিটে মেজাজ পেটের আলসার অনিদ্রা বা ইনসমনিয়া মানসিক উত্তেজনা ও উদ্বিগ্নতা বা অ্যাংজাইটি স্ট্রোক ইত্যাদি,"যেমন শ্রবণশক্তি হ্রাস, বধিরতা, ধড়ফড়, হৃদরোগ, শিশুদের মনোযোগ হ্রাস, প্রতিবন্ধী মানসিক বিকাশ, খিটখিটে মেজাজ, পেটের আলসার, অনিদ্রা বা অনিদ্রা, মানসিক উত্তেজনা এবং উদ্বেগ বা উদ্বেগ স্ট্রোক ইত্যাদি।","উদাহরণস্বরূপ শ্রবণশক্তি হ্রাস ও বধিরতা, হৃদস্পন্দন ও হৃদরোগ, শিশুদের পড়াশোনায় অমনোযোগ, মানসিক বিকাশে ব্যাঘাত, খিটখিটে স্বভাব, পেটের আলসার, অনিদ্রা, মানসিক চাপ ও দুশ্চিন্তা, এবং স্ট্রোকসহ আরও অনেক শারীরিক ও মানসিক সমস্যার কথা বলা যায়।",48.8337663329994,,1179.0
কিছুক্ষণ পর পর দুধ ও পানি পরিবর্তন করে খাওয়ালে শিশুদের মুখের স্বাস্থ্য ভালো থাকে,বাচ্চাদের মুখের স্বাস্থ্য ভালো থাকে যদি তারা কিছুক্ষণ পর পর দুধ ও পানি বিকল্প করে।,নিয়মিত ব্যবধানে শিশুদের পালাক্রমে দুধ ও পানি খাওয়ালে তাদের মুখের স্বাস্থ্য ভালো থাকে।,40.94195402900005,,1180.0
ক্ষুধা কমিয়ে ওজন কমাতে ভূমিকা রাখে,ক্ষুধা কমাতে এবং ওজন কমাতে সাহায্য করে,খিদে কমিয়ে ওজন কমানোর ক্ষেত্রে এটি সহায়তা করে।,58.42174201599937,,1181.0
 চিকিৎসকেরা শরীরের রোগ প্রতিরোধ ক্ষমতা বাড়ানোর জন্য প্রতিদিন ফল খাওয়া জরুরি,"চিকিৎসকরা বলছেন, শরীরের রোগ প্রতিরোধ ক্ষমতা বাড়াতে প্রতিদিন ফল খাওয়া জরুরি।","চিকিৎসকদের মতে, শরীরের রোগ প্রতিরোধক ক্ষমতা বৃদ্ধির জন্য প্রতিদিন ফলমূল সেবন করা একান্ত আবশ্যক।",28.32566270299958,,1182.0
শুক্রবার রাতের কোনো সময় ওই ইউনিয়নের ২ নম্বর ওয়ার্ডের ভূঁইয়া বাড়ি সংলগ্ন একটি পরিত্যক্ত ঘরে তার মৃত্যু হয়,শুক্রবার রাতে ইউনিয়নের ২নং ওয়ার্ডের ভূঁইয়া বাড়ি সংলগ্ন একটি পরিত্যক্ত বাড়িতে তার মৃত্যু হয়।,উক্ত ইউনিয়নের ২ নম্বর ওয়ার্ডের ভূঁইয়া বাড়ির লাগোয়া একটি পরিত্যক্ত ঘরে শুক্রবারের রাতে কোনো এক সময়ে তার মৃত্যু ঘটে।,39.74264262999986,,1183.0
হাঁচিকাশির আদবকেতা শিশুদের হাঁচি বা কাশির সময় মুখ ঢেকে রাখতে শেখানোর পাশাপাশি হাঁচি বা কাশি এলে হাতের পরিবর্তে টিস্যু বা বাহু ব্যবহার করতে শেখানো উচিত,"হাঁচির শিষ্টাচার: হাঁচি বা কাশি দেওয়ার সময় বাচ্চাদের মুখ ঢেকে রাখতে শেখানোর পাশাপাশি, হাঁচি বা কাশি দেওয়ার সময় তাদের হাতের পরিবর্তে টিস্যু বা বাহু ব্যবহার করতে শেখানো উচিত।","শিশুদের হাঁচি-কাশির সময় মুখ ঢেকে রাখার নিয়ম শেখানোর সাথে সাথে, হাতের বদলে টিস্যু বা বাহু ব্যবহার করার সঠিক অভ্যাসটিও তাদের গড়ে তোলা উচিত।",42.92842976999964,,1184.0
টেডি ছোট থেকে বড় সব মেয়েদেরই পছন্দের তালিকায় এই জিনিসটি অবশ্যই থাকে,"টেডি সব মেয়ের জন্য একটি আবশ্যক আইটেম, তরুণ এবং বৃদ্ধ.","ছোট কিংবা বড়, সব বয়সের মেয়েদের পছন্দের তালিকায় টেডি বিয়ারের জায়গা সবসময়ই সুনিশ্চিত।",37.19735980600035,,1185.0
প্রতিদিন আড়াই কাপ ফল এবং সবজি খাওয়া স্বাস্থ্যের জন্য ভালো,প্রতিদিন আড়াই কাপ ফল ও সবজি খাওয়া স্বাস্থ্যের জন্য ভালো।,প্রতিদিন আড়াই কাপ পরিমাণ ফলমূল ও শাকসবজি গ্রহণ করা স্বাস্থ্যের পক্ষে অত্যন্ত উপকারী।,27.002602631000627,,1186.0
উভয় ক্ষেত্রেই বিপরীত লিঙ্গের প্রতি আকর্ষণের ঘাটতি থাকবে,উভয় ক্ষেত্রেই বিপরীত লিঙ্গের প্রতি আকর্ষণের অভাব থাকবে।,বিপরীত লিঙ্গের প্রতি আকর্ষণের অভাব উভয় পরিস্থিতিতেই বিদ্যমান থাকবে।,42.56224576499972,,1187.0
আর চিকিৎসাবিজ্ঞানীদের কাছে এ নাম গ্রহণযোগ্যতা পায়নি,আর এই নামটি চিকিৎসা বিজ্ঞানীরা মেনে নেননি।,"এছাড়াও, চিকিৎসা বিজ্ঞানীরা এই নামটিকে মেনে নেননি।",42.519696327999554,,1188.0
বিশ্বের অন্যতম শীর্ষ গবেষণা ভিত্তিক ফার্মাসিউটিক্যাল কোম্পানি এফ হফম্যানলা রোশ সুইজারল্যান্ড এবং বাংলাদেশের শীর্ষ দশ ঔষধ প্রস্তুতকারী প্রতিষ্ঠানের অন্তর্ভুক্ত ও বিশেষ জীবন রক্ষাকারী ঔষধের শীর্ষ আমদানিকারক রেডিয়েন্ট ফার্মাসিউটিক্যালস লিমিটেডের মধ্যে রোববার ওই চুক্তি স্বাক্ষরিত হয়,রোববার বিশ্বের শীর্ষস্থানীয় গবেষণাভিত্তিক ওষুধ কোম্পানি এফ. হফম্যান-রোচে সুইজারল্যান্ড এবং বাংলাদেশের শীর্ষ দশ ওষুধ প্রস্তুতকারক এবং বিশেষ জীবন রক্ষাকারী ওষুধের শীর্ষ আমদানিকারক রেডিয়েন্ট ফার্মাসিউটিক্যালস লিমিটেডের মধ্যে চুক্তি স্বাক্ষরিত হয়।,রোববার বিশ্বের শীর্ষস্থানীয় গবেষণাভিত্তিক ওষুধ প্রস্তুতকারক সুইজারল্যান্ডের এফ হফম্যানলা রোশ এবং বাংলাদেশের শীর্ষ দশ ওষুধ উৎপাদনকারী প্রতিষ্ঠানের অন্যতম তথা জীবনরক্ষাকারী বিশেষ ওষুধ আমদানিতে অগ্রণী রেডিয়েন্ট ফার্মাসিউটিক্যালস লিমিটেডের মাঝে উক্ত চুক্তিটি স্বাক্ষরিত হয়েছে।,45.52069292899978,,1189.0
" তাই যখন হাঁটা-চলা করবেন, তখন আপনার মস্তিষ্কও ভালোভাবে কাজ করতে শুরু করবে",তাই আপনি যখন হাঁটবেন তখন আপনার মস্তিষ্কও ভালোভাবে কাজ করতে শুরু করবে।,"সুতরাং, আপনি যখন পদচারণা করবেন, তখন আপনার মস্তিষ্কের কর্মক্ষমতাও বৃদ্ধি পাবে।",41.95317528000032,,1190.0
ডা ফাতেমাতুজজোহরা চর্ম যৌন লেজার ও কসমেটিক ডার্মাটোলজিস্ট সহকারী অধ্যাপক আলোক হাসপাতাল লিমিটেড মিরপুর ঢাকা,ডাঃ ফাতেমাতুজ্জোহরা চর্মরোগ বিশেষজ্ঞ লেজার ও কসমেটিক চর্মরোগ বিশেষজ্ঞ সহকারী অধ্যাপক আলোক হাসপাতাল লিমিটেড মিরপুর ঢাকা,"ডা. ফাতেমাতুজজোহরা ঢাকার মিরপুরে অবস্থিত আলোক হাসপাতাল লিমিটেডে একজন সহকারী অধ্যাপক এবং চর্ম, যৌন, লেজার ও কসমেটিক ডার্মাটোলজিস্ট হিসেবে দায়িত্ব পালন করছেন।",43.69503036700007,,1191.0
সাইকিয়াট্রিস্ট হচ্ছেন একজন ডাক্তার তিনি প্রথমে ডাক্তারি পাস করেন অর্থাৎ MBBS degree নেন এরপর সাইকিয়াট্রি বিষয়ে উচ্চতর ডিগ্রি নেন অর্থাৎ সাইকিয়াট্রিতে বিশেষজ্ঞ হন,সাইকিয়াট্রিস্ট হলেন একজন ডাক্তার যিনি প্রথমে মেডিকেল অর্থাৎ এমবিবিএস ডিগ্রি পাস করেন এবং তারপরে সাইকিয়াট্রিতে উচ্চতর ডিগ্রি নেন অর্থাৎ সাইকিয়াট্রিতে বিশেষজ্ঞ হন।,"সাইকিয়াট্রিস্ট মূলত একজন চিকিৎসক, যিনি প্রাথমিকভাবে এমবিবিএস ডিগ্রি সম্পন্ন করার পর সাইকিয়াট্রি বিষয়ে উচ্চতর ডিগ্রি অর্জনের মাধ্যমে এই ক্ষেত্রে বিশেষজ্ঞতা লাভ করেন।",31.25349238400031,,1192.0
হার্টের রক্তনালির ব্লকের কারণে হার্টঅ্যাটাক হলে ওপরের পেটের ব্যথা প্রথমবারের জন্য বা নতুন ধরনের ব্যথা অনুভূত হলে এবং এর সঙ্গে যদি প্রচুর ঘাম হয় বা বমি বমি ভাব হয় তবে তা হার্টঅ্যাটাকের জন্য হওয়ার আশঙ্কা বেশি,"হার্টে রক্তনালী ব্লকের কারণে হার্ট অ্যাটাক যদি প্রথমবার উপরের পেটে ব্যথা হয় বা নতুন হয় এবং প্রচুর ঘাম বা বমি বমি ভাব হয়, তবে এটি হার্ট অ্যাটাক হওয়ার সম্ভাবনা বেশি।","হৃদযন্ত্রের রক্তনালীতে বাধার ফলে হার্ট অ্যাটাক হলে, যদি ঊর্ধ্ব পেটে প্রথমবারের মতো বা সম্পূর্ণ নতুন ধরনের ব্যথা অনুভূত হয় এবং তার সাথে অতিরিক্ত ঘাম বা বমি বমি ভাব দেখা দেয়, তবে এটি হার্ট অ্যাটাকের কারণেই হয়েছে এমন সম্ভাবনা অত্যন্ত প্রবল।",36.5455807419994,,1193.0
এ ধরনের সাপের কামড়ে আক্রান্ত স্থানে প্রচণ্ড ব্যথা অনুভূত হয় ফুলে ওঠে ফোসকা পড়ে রক্তক্ষরণ হয়,"এ ধরনের সাপের কামড়ে আক্রান্ত স্থানে প্রচণ্ড ব্যথা, ফোলাভাব, ফোসকা ও রক্তপাত হয়।","এই জাতীয় সাপে কাটার ফলে আক্রান্ত স্থানে তীব্র যন্ত্রণা হয়, স্থানটি ফুলে উঠে, ফোসকা দেখা দেয় এবং রক্তক্ষরণ শুরু হয়।",34.46322308799972,,1194.0
ক্ষতিকর বর্জ্যগুলো সিল কনটেইনারে সংরক্ষণ করতে হবে,বিপজ্জনক বর্জ্য সিল করা পাত্রে সংরক্ষণ করা উচিত।,বিপজ্জনক বর্জ্যপদার্থগুলো সিল করা পাত্রে সংরক্ষণ করা আবশ্যক।,24.421058953999815,,1195.0
এবার এগুলা পরিহার করতে হবে,এখন তাদের এড়িয়ে চলতে হবে।,এবার এই বিষয়গুলো এড়িয়ে চলতে হবে।,21.855298124999536,,1196.0
কেউ তাকে দেখতে আসে না ছুঁতে চায় না সেবা ও চিকিৎসা দিতে অনীহা প্রকাশ করে,"কেউ তাকে দেখতে চায় না, স্পর্শ করতে চায় না, সেবা ও চিকিৎসা দিতে অনীহা দেখায়।","তাকে দেখতে কেউ আসে না, স্পর্শ করতেও কেউ চায় না, বরং তার সেবা ও চিকিৎসার ব্যাপারে তারা অনাগ্রহ প্রকাশ করে।",24.89975868900001,,1197.0
 এতে স্বাদটাও বাড়বে আবার পুষ্টিগুণও কমবে না,এতে স্বাদ বাড়বে এবং পুষ্টিগুণও কমবে না।,"এতে করে স্বাদ যেমন বাড়বে, তেমনি পুষ্টিগুণও অক্ষুণ্ণ থাকবে।",32.58027301099992,,1198.0
কীভাবে ব্লাড ক্যান্সার নির্ণয় করা হয়,কিভাবে ব্লাড ক্যান্সার নির্ণয় করা হয়?,রক্ত ক্যান্সার শনাক্ত করার প্রক্রিয়া কী?,25.732697065999677,,1199.0
থাইরয়েড গ্রন্থি আকারে বড় হয়ে গেলে উপযুক্ত পরীক্ষা করে দেখে নেয়া উচিত যে এখানে কোনো টিউমার বা ক্যান্সার তৈরি হয়েছে কিনা,"থাইরয়েড গ্রন্থি বড় হলে, টিউমার বা ক্যান্সার হয়েছে কিনা তা দেখার জন্য উপযুক্ত পরীক্ষা করা উচিত।","থাইরয়েড গ্রন্থির আকার বৃদ্ধি পেলে, সেখানে কোনো টিউমার বা ক্যান্সারের অস্তিত্ব আছে কি না তা যাচাই করতে যথাযথ পরীক্ষা-নিরীক্ষা করা উচিত।",27.739489429999598,,1200.0
ডা জাহেদ পারভেজ সহকারী অধ্যাপক ত্বকচর্মযৌন ও অ্যালার্জি রোগ বিভাগ সোহরাওয়ার্দী মেডিকেল কলেজ হাসপাতাল ঢাকা,"ডাঃ জাহেদ পারভেজ সহকারী অধ্যাপক, চর্মরোগবিদ্যা, ভেনারোলজি এবং অ্যালার্জি বিভাগ, সোহরাওয়ার্দী মেডিকেল কলেজ হাসপাতাল, ঢাকা","ডা. জাহেদ পারভেজ ঢাকার সোহরাওয়ার্দী মেডিকেল কলেজ হাসপাতালে ত্বক, যৌন ও অ্যালার্জি রোগ বিভাগের সহকারী অধ্যাপক পদে কর্মরত আছেন।",37.77504498000053,,1201.0
৩০ থেকে ৩৬ মাস বয়সে দুতিনটা বাক্য একত্র করে বলে পুরো ঘটনা বলতে পারে,30 থেকে 36 মাস বয়সে দুই বা তিনটি বাক্য একসাথে বসিয়ে পুরো গল্পটি বলা যায়।,৩০ থেকে ৩৬ মাস বয়সের শিশু দুই-তিনটি বাক্য জুড়ে সম্পূর্ণ ঘটনাটি বর্ণনা করতে সক্ষম হয়।,33.389054162999855,,1202.0
এ ঘটনায় তার বাড়ি লকডাউন করা হয়েছে,এ ঘটনায় তার বাড়িতে তালা দেয়া হয়েছে।,এই ঘটনার জেরে তার বাড়িতে লকডাউন জারি করা হয়েছে।,18.712300754999887,,1203.0
নিয়মিত বাদাম সেবনে পলিঅনস্যাচুরেটেড এবং মনো ফ্যাটি অ্যাসিড সহ ভিটামিন এ ডি বি ১ বি ২ এবং বি ৬ এর মতো পুষ্টির পরিমাণ বৃদ্ধি পায় যা চুলের বৃদ্ধি বাড়িয়ে খুশকি এবং প্রদাহ রোধের জন্য প্রয়োজনীয় ভূমিকা রাখে,"বাদাম নিয়মিত সেবনে ভিটামিন A, D, B1, B2 এবং B6 এর সাথে পলিআনস্যাচুরেটেড এবং মনো ফ্যাটি অ্যাসিডের মতো পুষ্টির পরিমাণ বাড়ায়, যা চুলের বৃদ্ধির মাধ্যমে খুশকি এবং প্রদাহ প্রতিরোধে অপরিহার্য ভূমিকা পালন করে।","প্রতিদিন বাদাম খেলে শরীরে মনো ও পলিঅনস্যাচুরেটেড ফ্যাটি অ্যাসিডের পাশাপাশি ভিটামিন এ, ডি, বি ১, বি ২ ও বি ৬-এর মতো পুষ্টিগুণের মাত্রা বেড়ে যায়, যা চুলের বৃদ্ধিকে ত্বরান্বিত করার পাশাপাশি খুশকি ও প্রদাহ প্রতিরোধে গুরুত্বপূর্ণ ভূমিকা পালন করে।",41.57185391100029,,1204.0
৬ স্পাইনাল ক্যানেল স্টেনোসিসঃ মেরুদণ্ডের গঠন অনুযায়ী প্রতিটি কশেরুকার দুপাশ দিয়ে স্পাইনাল নার্ভ বের হয়ে শরীরের দুপাশের বিভিন্ন অংশে ছড়িয়ে গেছে,"স্পাইনাল ক্যানাল স্টেনোসিস: মেরুদণ্ডের গঠন অনুসারে, মেরুদণ্ডের স্নায়ু প্রতিটি কশেরুকার উভয় পাশ থেকে বেরিয়ে যায় এবং উভয় পাশে শরীরের বিভিন্ন অংশে ছড়িয়ে পড়ে।","৬ স্পাইনাল ক্যানেল স্টেনোসিস: মেরুদণ্ডের গাঠনিক বিন্যাস অনুযায়ী, প্রতিটি কশেরুকার উভয় পাশ দিয়ে নির্গত স্পাইনাল নার্ভগুলো শরীরের উভয় পাশের বিভিন্ন অংশে বিস্তৃত হয়েছে।",38.49271355100064,,1205.0
অনেক সময় এ গন্ধ সাময়িক,কখনও কখনও এই গন্ধ অস্থায়ী হয়।,প্রায়শই এই গন্ধটি ক্ষণস্থায়ী হয়।,24.586509540000407,,1206.0
বিশেষ করে অ্যাজমা আক্রান্ত রোগীর শোবার ঘরটি সব সময় শুষ্ক ধুলা ও মাইটমুক্ত হতে হবে,"বিশেষ করে, হাঁপানি রোগীর শয়নকক্ষ সবসময় শুকনো ধুলোবালি ও মাইটমুক্ত থাকতে হবে।","বিশেষত হাঁপানি রোগীদের শয়নকক্ষ সর্বদা শুষ্ক, ধুলিকণা ও মাইটশূন্য রাখা আবশ্যক।",36.91113531500014,,1207.0
 এছাড়াও কিডনিতে গিয়ে ইউরিয়া আর ক্রিয়েটিনিন কমিয়ে দেয় হলুদ,হলুদ কিডনিতে গিয়ে ইউরিয়া ও ক্রিয়েটিনিনও কমায়।,"শুধু তাই নয়, কিডনিতে পৌঁছে হলুদ ইউরিয়া ও ক্রিয়েটিনিনের মাত্রা হ্রাস করে।",26.49005054899953,,1208.0
বাংলাদেশ মেডিকেল অ্যান্ড ডেন্টাল কাউন্সিল শক্তিশালীকরণের উপর তিনি জোরারোপ করে অধ্যাপক এ কে খান আজাদ বলেন যেহেতু প্রযুক্তির ক্ষেত্রে চিকিৎসা বিজ্ঞান একটি সর্বদা পরিবর্তনশীল প্রক্রিয়া এমতাবস্থায় বর্তমানে আমরা যা আমরা প্রত্যক্ষ করছি আগামী ২৫ বছর পর এ ক্ষেত্রে ব্যাপক পরিবর্তন আসবে তাই সেরা প্রযুক্তিগত অগ্রগতি গ্রহণ করার জন্য আমাদের একটি সঠিক পাঠ্যক্রম থাকা জরুরি,"অধ্যাপক এ কে খান আজাদ বাংলাদেশ মেডিকেল অ্যান্ড ডেন্টাল কাউন্সিলকে শক্তিশালী করার ওপর জোর দিয়ে বলেন, যেহেতু চিকিৎসা বিজ্ঞান প্রযুক্তির পরিপ্রেক্ষিতে একটি পরিবর্তনশীল প্রক্রিয়া, তাই আমরা বর্তমানে যা দেখছি তা আগামী ২৫ বছরে ব্যাপকভাবে পরিবর্তিত হবে, তাই এটি আমাদের জন্য গুরুত্বপূর্ণ। সেরা প্রযুক্তিগত অগ্রগতি গ্রহণ করার জন্য একটি সঠিক পাঠ্যক্রম থাকতে হবে।","বাংলাদেশ মেডিকেল অ্যান্ড ডেন্টাল কাউন্সিলকে আরও শক্তিশালী করার ওপর গুরুত্ব আরোপ করে অধ্যাপক এ কে খান আজাদ মন্তব্য করেন যে, প্রযুক্তির দিক থেকে চিকিৎসা বিজ্ঞান ক্রমাগত পরিবর্তনশীল হওয়ায় বর্তমানের তুলনায় আগামী ২৫ বছরে এই খাতে ব্যাপক রূপান্তর ঘটবে; তাই সর্বোত্তম প্রযুক্তিগত উন্নয়নকে কাজে লাগাতে হলে আমাদের একটি যুগোপযোগী ও সুনির্দিষ্ট পাঠ্যক্রম থাকা অপরিহার্য।",35.9753340999996,,1209.0
রোগ প্রতিরোধ ক্ষমতা গড়ে তুলতে হলে কমলা রঙের এ ফলের জুড়ি মেলা ভাড়,রোগ প্রতিরোধ ক্ষমতা বাড়াতে চাইলে এই কমলা ফলটি ভালো মিলবে।,রোগ প্রতিরোধ ক্ষমতা বৃদ্ধির জন্য এই কমলা রঙের ফলের কোনো তুলনা নেই।,31.98083299800055,,1210.0
এগুলো নিয়ন্ত্রণে না থাকলে নরমাল ডেলিভারি করা অনেক সময় অসম্ভব হয়ে পড়ে,এগুলো নিয়ন্ত্রণে না থাকলে নরমাল ডেলিভারি অনেক সময় অসম্ভব হয়ে পড়ে।,এই বিষয়গুলোর ওপর নিয়ন্ত্রণ না থাকলে স্বাভাবিক প্রসব অনেক সময়ই অসম্ভব হয়ে দাঁড়ায়।,28.425783669999877,,1211.0
তবে সব গাছ কিন্তু এই পদ্ধতিতে বাঁচে না,তবে সব গাছ এভাবে বেঁচে থাকে না।,তবুও এই উপায়ে সকল বৃক্ষ টিকে থাকে না।,25.12733522600047,,1212.0
স্লিপ এপনিয়ার সঙ্গে সিওপিডি যুক্ত হলে এটি উচ্চ রক্তচাপ পালমোনারি হাইপারটেনশন অ্যারিথমিয়া হার্ট ফেইলিওর এবং চিকিৎসা না করা হলে স্ট্রোকের দিকে নিয়ে যায়,"স্লিপ অ্যাপনিয়ার সাথে মিলিত সিওপিডি উচ্চ রক্তচাপ, পালমোনারি হাইপারটেনশন, অ্যারিথমিয়াস, হার্ট ফেইলিওর এবং স্ট্রোক হতে পারে যদি চিকিৎসা না করা হয়।","স্লিপ এপনিয়া ও সিওপিডি একসাথে হলে তা উচ্চ রক্তচাপ, পালমোনারি হাইপারটেনশন, অ্যারিথমিয়া ও হার্ট ফেইলিওরের জন্ম দেয়, এবং সঠিক চিকিৎসার অভাবে তা স্ট্রোকের কারণ হয়ে দাঁড়ায়।",33.381880404000185,,1213.0
যে কোনো শাক রান্না করার সময় অবশ্যই তেল দিতে হবে,যেকোনো সবজি রান্না করার সময় তেল দিতে হবে।,যেকোনো ধরনের শাক রান্নার সময় তেল ব্যবহার করা বাধ্যতামূলক।,27.808867288999863,,1214.0
আরেক গবেষণা তুলে ধরে চিকিৎসক ডা মোহাম্মদ এমএ সামাদ বলেন সবচেয়ে বেশি খুঁজে পাওয়া জীবাণু ইকোলাইয়ের বেলায় পোলট্রি শিল্পে ব্যবহৃত ১২টি অ্যান্টিবায়োটিকের আটটিই অকার্যকর হয়েছে অন্তত ৪০ ভাগ,"ডক্টর মোহাম্মদ এম এ সামাদ, অন্য একটি গবেষণার উদ্ধৃতি দিয়ে বলেছেন যে পোল্ট্রি শিল্পে ব্যবহৃত 12টি অ্যান্টিবায়োটিকের মধ্যে আটটি ইকোলির ক্ষেত্রে অন্তত 40% অকার্যকর ছিল, এটি সবচেয়ে সাধারণ প্যাথোজেন পাওয়া যায়।","আরেকটি গবেষণার বরাত দিয়ে চিকিৎসক ডা. মোহাম্মদ এমএ সামাদ জানান, সর্বাধিক পাওয়া জীবাণু ইকোলাইয়ের ক্ষেত্রে পোল্ট্রি শিল্পে ব্যবহৃত ১২টি অ্যান্টিবায়োটিকের মধ্যে ৮টিই কমপক্ষে ৪০ শতাংশ ক্ষেত্রে নিষ্ক্রিয় হয়ে গেছে।",30.949122519999943,,1215.0
 এই কাজের সঙ্গে কীটতত্ত্ববিদদের সম্পৃক্ত করতে হবে,এ কাজে কীটতত্ত্ববিদদের সম্পৃক্ত করতে হবে।,এই কাজে কীটতত্ত্ববিদদের নিয়োজিত করতে হবে।,26.033785501999773,,1216.0
" প্রতিদিন পানি বা দুধ বা ফলের রসের সাথে মিশিয়ে ব্যবহার করলে মুখ পরিষ্কার হয়, মুখের উজ্জ্বলতা বৃদ্ধি পায় এবং বলিরেখার আবির্ভাব রোধ করে","প্রতিদিন পানি বা দুধ বা ফলের রস মিশিয়ে ব্যবহার মুখ পরিষ্কার করে, মুখ উজ্জ্বল করে এবং সূক্ষ্ম রেখা দেখা রোধ করে।","নিয়মিত পানি, দুধ অথবা ফলের রসের সাথে মিশিয়ে মুখে ব্যবহার করলে মুখ পরিষ্কার ও উজ্জ্বল হয় এবং বলিরেখা দেখা দেওয়া রোধ করা যায়।",44.588258873000086,,1217.0
গরমে ঘামের সঙ্গে শরীর থেকে বের হয়ে যায় প্রয়োজনীয় লবণ যেমন সোডিয়াম পটাশিয়াম,"গরম আবহাওয়ায়, সোডিয়াম এবং পটাসিয়ামের মতো প্রয়োজনীয় লবণ শরীর থেকে ঘামের মাধ্যমে হারিয়ে যায়।",গরমের সময় ঘামের মাধ্যমে শরীর থেকে সোডিয়াম ও পটাশিয়ামের মতো অপরিহার্য লবণগুলো হারিয়ে যায়।,21.9140945500003,,1218.0
এ ক্ষেত্রে চিকিৎসক ঘুমের পরীক্ষার মাধ্যমে রোগীর ঘুমের অসুবিধাগুলোর ব্যাপারে সহযোগিতা করতে পারবে,এক্ষেত্রে চিকিৎসক ঘুমের পরীক্ষার মাধ্যমে রোগীকে ঘুমের সমস্যায় সাহায্য করতে পারেন।,এই পরিস্থিতিতে চিকিৎসক ঘুমের পরীক্ষার সাহায্যে রোগীর নিদ্রাজনিত সমস্যাগুলো সমাধানে সহায়তা করতে পারবেন।,38.70994375499959,,1219.0
 হার্ড লেন্স ইমালসিফাই করার জন্য প্রয়োজনীয় শক্তির পরিমাণ বৃদ্ধি পায় এবং এটি আশেপাশের কাঠামোর ক্ষতি করতে পারে,একটি হার্ড লেন্স ইমালসিফাই করার জন্য প্রয়োজনীয় শক্তির পরিমাণ বৃদ্ধি পায় এবং এটি আশেপাশের কাঠামোর ক্ষতি করতে পারে।,"হার্ড লেন্স ইমালসিফাই করতে অধিক শক্তির প্রয়োজন হয়, যা পার্শ্ববর্তী কাঠামোর ক্ষতির কারণ হতে পারে।",37.09239349299969,,1220.0
 ডেঙ্গু এডিস মশাবাহিত একটি ভাইরাসঘটিত জ্বর রোগ,ডেঙ্গু এডিস মশা দ্বারা সংক্রামিত একটি ভাইরাল জ্বরজনিত রোগ।,এডিস মশার মাধ্যমে সংক্রমিত একটি ভাইরাল জ্বর হলো ডেঙ্গু।,30.129071751999614,,1221.0
এসব কিছুই এক বা একাধিক পরীক্ষার প্রয়োজন হতে পারে,এই সব এক বা একাধিক পরীক্ষার প্রয়োজন হতে পারে.,এই সমস্ত বিষয়ের জন্য একটি অথবা একাধিক পরীক্ষা প্রয়োজন হতে পারে।,24.33934105699973,,1222.0
যে কোনো বয়সে আর্টিকেরিয়া হতে পারে,Urticaria যে কোন বয়সে হতে পারে।,যেকোনো বয়সের মানুষের শরীরে আর্টিকেরিয়া দেখা দিতে পারে।,23.79450141899997,,1223.0
জার্নিতে সাধারণ স্বাস্থ্য সমস্যা প্রতিরোধ,যাত্রায় সাধারণ স্বাস্থ্য সমস্যা প্রতিরোধ।,ভ্রমণকালীন সাধারণ শারীরিক অসুস্থতা রোধ।,36.4008656900005,,1224.0
" চায়ের সঙ্গে বেশি ক্যালোরিযুক্ত বিস্কুট, কুকিজ, চানাচুর, নিমকি খেলে ওজন তরতরিয়ে বেড়ে যায়","চায়ের সাথে উচ্চ ক্যালরির বিস্কুট, কুকিজ, চানাচুর, নিমকি খেলে ওজন বাড়ে।","চা পানের সময় উচ্চ ক্যালোরিসম্পন্ন বিস্কুট, কুকিজ, চানাচুর এবং নিমকি সেবন করলে খুব দ্রুত শরীরের ওজন বৃদ্ধি পায়।",32.170691180000176,,1225.0
ইসলামেও বলা হয়েছে পরিষ্কার পরিচ্ছন্ন থাকা ঈমানের অঙ্গ,ইসলামে পরিচ্ছন্নতাকেও ঈমানের অঙ্গ বলা হয়েছে।,ইসলাম ধর্মেও পরিচ্ছন্নতাকে ঈমানের একটি অবিচ্ছেদ্য অংশ হিসেবে বর্ণনা করা হয়েছে।,26.82471833,,1226.0
কর্নিয়ার কিছু খুব গুরুত্বপূর্ণ কাজ রয়েছে,কর্নিয়ার কিছু অত্যন্ত গুরুত্বপূর্ণ কাজ আছে।,কর্নিয়ার বেশ কিছু অত্যন্ত গুরুত্বপূর্ণ কাজ আছে।,39.91629507400012,,1227.0
প্রতিবছর ৬ মার্চ ওয়ার্ল্ড ডেন্টিস্টস্ ডে পালিত হয় ডেন্টিস্ট বা ডেন্টাল সার্জনদের প্রশংসা করার জন্য এবং ধন্যবাদ জানানোর জন্য,ডেন্টিস্ট বা ডেন্টাল সার্জনদের প্রশংসা ও ধন্যবাদ জানাতে প্রতি বছর ৬ মার্চ বিশ্ব ডেন্টিস্ট ডে পালিত হয়।,দন্তচিকিৎসক বা ডেন্টাল সার্জনদের প্রতি সম্মান ও কৃতজ্ঞতা জানাতে প্রতি বছর ৬ মার্চ বিশ্ব দন্তচিকিৎসক দিবস উদযাপিত হয়।,33.2236428490005,,1228.0
তাই জ্বর হলে শিশুদের অতি দ্রুত হাসপাতালে আনার জন্য অনুরোধ করা হচ্ছে,তাই জ্বর হলে যত দ্রুত সম্ভব শিশুদের হাসপাতালে নিয়ে আসার জন্য অনুরোধ করা হচ্ছে।,সেকারণেই শিশুদের জ্বর এলে তাদের দ্রুততম সময়ে হাসপাতালে নিয়ে যাওয়ার জন্য অনুরোধ জানানো হচ্ছে।,29.24334845599969,,1229.0
চীনের রাষ্ট্রীয় গণমাধ্যম সিনহুয়া ওই নবজাতকের দেহে করোনাভাইরাস শনাক্তের বিষয়টি নিশ্চিত করে,চীনের রাষ্ট্রীয় সংবাদমাধ্যম সিনহুয়া নবজাতকের শরীরে করোনাভাইরাস শনাক্তের বিষয়টি নিশ্চিত করেছে।,উক্ত নবজাতকের শরীরে করোনাভাইরাস ধরা পড়ার বিষয়টি চীনের সরকারি সংবাদ সংস্থা সিনহুয়া নিশ্চিত করেছে।,31.18417157400017,,1230.0
কারণ দ্রুত চিকিৎসকের কাছে গেলে সঠিক সময়ে এর চিকিৎসাটা করা সম্ভব,কারণ দ্রুত চিকিৎসকের কাছে গেলে সঠিক সময়ে চিকিৎসা করা যায়।,"কারণ, দ্রুত চিকিৎসকের শরণাপন্ন হলে সময়মতো সঠিক চিকিৎসা করানো সম্ভব হয়।",33.56628975500007,,1231.0
তিল ও শর্ষে তিল ক্যালসিয়াম ও আয়রনে ভরপুর,তিল এবং সরিষার বীজ তিলের বীজে প্রচুর পরিমাণে ক্যালসিয়াম এবং আয়রন রয়েছে।,তিল ও শর্ষের দানায় প্রচুর পরিমাণে ক্যালসিয়াম ও আয়রন থাকে।,40.792488326999774,,1232.0
ক্যানসার হলে লিভারে চাকা হয়,ক্যান্সার হলে লিভারে চাকা থাকবে।,ক্যানসার আক্রান্ত হলে লিভারে টিউমার বা গুটি সৃষ্টি হয়।,30.31240241700016,,1233.0
দৈনিক আট গ্লাস পানি খাওয়ার কথা আপনি নিশ্চয়ই অনেকবার শুনে ফেলেছেন,দিনে আট গ্লাস পানি পান করার কথা আপনি নিশ্চয়ই অনেকবার শুনেছেন।,আপনি নিশ্চয়ই বহুবার শুনেছেন যে দিনে আট গ্লাস পানি খাওয়া উচিত।,37.254187415999695,,1234.0
অনুষ্ঠানে প্রধান অতিথি ছিলেন বিএসএমএমইউ উপাচার্য অধ্যাপক ডা শরফুদ্দিন আহমেদ,অনুষ্ঠানে প্রধান অতিথি ছিলেন বিএসএমএমইউর উপাচার্য অধ্যাপক ড. শরফুদ্দিন আহমেদ।,বিএসএমএমইউ-এর উপাচার্য অধ্যাপক ডা. শরফুদ্দিন আহমেদ অনুষ্ঠানে প্রধান অতিথি হিসেবে উপস্থিত ছিলেন।,27.96924416100046,,1235.0
সোমবার গবেষণাটির সিনিয়র লেখক নাথানিয়েল লানডাও বলেন আমরা দেখতে পেয়েছি ভ্যাকসিনগুলোর অ্যান্টিবডি এসব ভ্যারিয়েন্টের বিরুদ্ধে কিছুটা দুর্বল তবে এতোটা নয় যে তা এসব ভ্যাকসিনগুলোর সুরক্ষা ক্ষমতাকে অকার্যকর করে দেবে,"গবেষণার সিনিয়র লেখক নাথানিয়েল ল্যান্ডউ সোমবার বলেছেন যে আমরা দেখেছি যে ভ্যাকসিনগুলির অ্যান্টিবডিগুলি এই রূপগুলির বিরুদ্ধে কিছুটা দুর্বল ছিল, তবে এতটা নয় যে এটি ভ্যাকসিনগুলির সুরক্ষাকে বাতিল করে দেবে।","সোমবার এই গবেষণার প্রধান লেখক নাথানিয়েল লানডাও উল্লেখ করেছেন যে, এই ভ্যারিয়েন্টগুলোর মোকাবেলায় টিকার অ্যান্টিবডি আংশিকভাবে দুর্বল পড়লেও, এর ফলে টিকাগুলোর সুরক্ষা ক্ষমতা সম্পূর্ণভাবে নষ্ট হয়ে যাবে না।",31.43445036799949,,1236.0
অন্যদিকে নগদ টাকার মাধ্যমে এই ভাইরাস ছড়াতে পারে সেজন্য ইরানের ব্যাংকগুলোতে নগদ লেনদেন বন্ধ করে দেয়া হয়েছে,অন্যদিকে নগদ অর্থের মাধ্যমে এই ভাইরাস ছড়াতে পারে বলে ইরানের ব্যাংকগুলোতে নগদ লেনদেন বন্ধ করে দেওয়া হয়েছে।,"অন্যদিকে, নগদ অর্থের মাধ্যমে এই ভাইরাস ছড়িয়ে পড়ার ঝুঁকি থাকায় ইরানের ব্যাংকগুলোতে নগদ লেনদেন বন্ধ ঘোষণা করা হয়েছে।",45.1244175869997,,1237.0
সঙ্গে বমি বমি ভাব হলে বমির ভাব দূর করার ওষুধ খেতে পারেন,আপনার যদি বমি বমি ভাব হয় তবে আপনি বমি বমি ভাব বিরোধী ওষুধ খেতে পারেন।,"এর পাশাপাশি বমি বমি ভাব অনুভব করলে, বমি নিরোধক ওষুধ সেবন করতে পারেন।",33.15442327300025,,1238.0
ডা সেলিনা সুলতানা  কনসালটেন্ট নিউরোডেভেলপমেন্টাল ডিজঅর্ডার এবং চাইল্ড ডেভেলপমেন্ট অ্যান্ড পেডিয়াট্রিক ডিপার্টমেন্ট বেটার লাইফ হসপিটাল,সেলিনা সুলতানা কনসালটেন্ট নিউরোডেভেলপমেন্টাল ডিসঅর্ডার অ্যান্ড চাইল্ড ডেভেলপমেন্ট অ্যান্ড পেডিয়াট্রিক বিভাগ বেটার লাইফ হাসপাতালে,বেটার লাইফ হসপিটালের পেডিয়াট্রিক বিভাগে নিউরোডেভেলপমেন্টাল ডিজঅর্ডার এবং চাইল্ড ডেভেলপমেন্ট বিষয়ের কনসালটেন্ট হিসেবে কর্মরত আছেন ডা. সেলিনা সুলতানা।,36.55864195599952,,1239.0
কিছুতেই নিজেকে ক্ষমা করতে পারছেন না তিনি,সে নিজেকে কিছুতেই ক্ষমা করতে পারে না।,তিনি কোনোভাবেই নিজের ভুল মার্জনা করতে পারছেন না।,29.936199579999997,,1240.0
বয়স বৃদ্ধির সঙ্গে গ্রন্থির আয়তন বাড়তে থাকা,বয়স বাড়ার সাথে সাথে গ্রন্থির আকার বৃদ্ধি পায়।,বয়স বাড়ার সাথে সাথে গ্রন্থির আয়তন ক্রমশ বৃদ্ধি পাচ্ছে।,29.436600603999977,,1241.0
খুব সহজে আমরা ঘরোয়া কিছু নিয়ম এবং খাদ্যাভাসের মাধ্যমে গলা ব্যথা থেকে মুক্তি পেতে পারি,ঘরোয়া কিছু নিয়ম ও পথ্যের মাধ্যমে খুব সহজেই আমরা গলা ব্যথা থেকে মুক্তি পেতে পারি।,ঘরোয়া কিছু উপায় ও সঠিক খাদ্যাভ্যাস অবলম্বন করে আমরা অতি সহজেই গলার ব্যথা থেকে রেহাই পেতে পারি।,34.03743608100012,,1242.0
একবার ৯২ শতাংশের কম দেখা যায় সে ক্ষেত্রে একটু সময় দিয়ে আবার পরীক্ষা করুন,"একবার 92 শতাংশের কম দেখা গেলে, কিছুক্ষণ পর পুনরায় পরীক্ষা করুন।","প্রথমবার যদি ৯২ শতাংশের নিচে ফলাফল দেখায়, তবে কিছুক্ষণ অপেক্ষা করে পুনরায় পরীক্ষা করে দেখুন।",23.82778449000034,,1243.0
২ আমলকী হরীতকী শিকাকাই মেথি মেহেদি ও টকদই মিশিয়ে অন্য একটি প্যাক তৈরি করা যায়,"২টি আমলা, হরিতকি, শিকাকাই, মেথি, মেহেদি এবং দই মিশিয়ে আরেকটি প্যাক তৈরি করা যায়।","২. আমলকী, হরীতকী, শিকাকাই, মেথি, মেহেদি এবং টকদই একত্রে মিশ্রিত করে আরেকটি প্যাক প্রস্তুত করা সম্ভব।",32.64627870999993,,1244.0
৩০ বছর আগের তুলনায় এই সংখ্যা এখন চার গুণ বেশি এই হিসাব বিশ্ব স্বাস্থ্য সংস্থার,"বিশ্ব স্বাস্থ্য সংস্থার মতে, এই সংখ্যা 30 বছর আগের তুলনায় এখন চার গুণ বেশি।","বিশ্ব স্বাস্থ্য সংস্থার তথ্য অনুযায়ী, গত ত্রিশ বছর আগের তুলনায় বর্তমানে এই সংখ্যাটি চারগুণ বেশি।",30.49531755999942,,1245.0
 চাইলে এর সঙ্গে কিছু ভেষজ মশলাও দেওয়া যেতে পারে,চাইলে এর সাথে কিছু ভেষজ মশলাও দেওয়া যেতে পারে।,ইচ্ছা করলে এর সাথে কিছু ভেষজ মশলাও মেশানো যেতে পারে।,23.861854349999703,,1246.0
৩    হাতপায়ে বোধশক্তি কমে যেতে থাকে,হাত পায়ে সংবেদন কমে যায়।,৩. হাত ও পায়ে অনুভূতিশক্তি ক্রমশ হ্রাস পেতে থাকে,25.33975378499963,,1247.0
নানা কারণেই একটি শিশু থাইরয়েড হরমোনের ঘাটতি নিয়ে জন্মাতে পারে,একটি শিশু বিভিন্ন কারণে থাইরয়েডের ঘাটতি নিয়ে জন্মগ্রহণ করতে পারে।,বিভিন্ন কারণে একটি শিশু থাইরয়েড হরমোনের অভাব নিয়ে জন্মগ্রহণ করতে পারে।,27.40372004999972,,1248.0
অসুস্থতা সাধারণত ৭ থেকে ১০ দিনের মধ্যে নিজেই ভালো হয়ে যায়,অসুস্থতা সাধারণত 7 থেকে 10 দিনের মধ্যে নিজেই ভাল হয়ে যায়।,অধিকাংশ ক্ষেত্রে ৭ থেকে ১০ দিনের মধ্যেই অসুস্থতা নিজে থেকেই সেরে যায়।,32.00034118900021,,1249.0
অবশ্য রোগের নিয়ন্ত্রণ এবং উপসর্গগুলোর তীব্রতা হ্রাস করতে নিজের যত্ন নেওয়া এবং জীবনধারার পরিবর্তন করা দরকার,রোগ নিয়ন্ত্রণ এবং উপসর্গের তীব্রতা কমাতে স্ব-যত্ন এবং জীবনযাত্রার পরিবর্তন প্রয়োজন।,তবে রোগ নিয়ন্ত্রণে রাখতে এবং উপসর্গগুলোর তীব্রতা কমাতে নিজের প্রতি যত্নবান হওয়া ও জীবনযাপনে পরিবর্তন আনা আবশ্যক।,32.98589162400003,,1250.0
সরকারি হিসেবে করোনার সংক্রমণে দেশে মোট ২৯ হাজার ৪৯১ জনের মৃত্যু হলো,"সরকারী গণনা অনুসারে, করোনভাইরাস সংক্রমণের কারণে দেশে মোট 29,491 জন মারা গেছে।","সরকারি পরিসংখ্যান অনুযায়ী, করোনা ভাইরাসে আক্রান্ত হয়ে দেশে সর্বমোট ২৯ হাজার ৪৯১ জনের প্রাণহানি ঘটেছে।",33.228392312000324,,1251.0
শিম শিমে প্রচুর পরিমাণে আঁশ আছে যা পরিপাকতন্ত্রের জন্য উপকারী,"মটরশুটি ফাইবার সমৃদ্ধ, যা পরিপাকতন্ত্রের জন্য উপকারী।","শিমে প্রচুর পরিমাণে আঁশ বিদ্যমান, যা পরিপাকতন্ত্রের সুস্থতার জন্য অত্যন্ত উপকারী।",31.54685401400002,,1252.0
গতকাল ছিল বিশ্ব নিউমোনিয়া দিবস,গতকাল ছিল বিশ্ব নিউমোনিয়া দিবস।,গতকাল বিশ্ব নিউমোনিয়া দিবস পালিত হয়েছে।,27.857900617999803,,1253.0
সঠিক সময়ে নির্ভুল রোগ নির্ণয় করে সঠিক চিকিৎসা নিলে অনেক ব্লাড ক্যান্সার ভালো হয় ও নিয়ন্ত্রণে রাখা যায়,সঠিক সময়ে সঠিক রোগ নির্ণয় ও চিকিৎসার মাধ্যমে অনেক ব্লাড ক্যান্সার নিরাময় ও নিয়ন্ত্রণ করা যায়।,সময়মতো সঠিকভাবে রোগ নির্ণয় ও উপযুক্ত চিকিৎসা গ্রহণ করলে ব্লাড ক্যান্সারের অনেক ক্ষেত্রেই আরোগ্য সম্ভব এবং তা নিয়ন্ত্রণে রাখা যায়।,34.82250503500018,,1254.0
৫   জন্মগত ত্রুটি যেমন ঠোঁটকাটা ও তালুকাটা সমস্যা,5. জন্মগত ত্রুটি যেমন ফাটা ঠোঁট এবং তালু,"৫. জন্মগত কিছু ত্রুটি, যেমন- ঠোঁট ও তালু কাটার সমস্যা।",31.39697067500037,,1255.0
তাই কোনও নারীর মন জয় করতে হলে আজ থেকেই হাইজিন মেনে চলুন,নারীর মন জয় করতে চাইলে আজ থেকেই স্বাস্থ্যবিধি অনুশীলন শুরু করুন।,"অতএব, কোনো নারীর হৃদয় জয় করতে চাইলে আজ থেকেই পরিচ্ছন্নতা বজায় রাখার অভ্যাস করুন।",30.0869496790001,,1256.0
ডিমের মতো ভালো প্রোটিন আপনি খুঁজে পাবেন না,আপনি ডিমের চেয়ে ভাল প্রোটিন পাবেন না।,ডিমের মতো এত ভালো প্রোটিন আর কোথাও খুঁজে পাওয়া যাবে না।,36.21766330899936,,1257.0
যে ভুলভ্রান্ত ধারণা অপচিকিৎসার জন্ম দেয় ,ভুল ধারণা যা দুর্ব্যবহারের দিকে নিয়ে যায়।,যে ভ্রান্ত বিশ্বাস ভুল চিকিৎসার কারণ হয়ে দাঁড়ায়,30.387471562999963,,1258.0
 তবে প্রাকৃতিক উৎস থেকে পাওয়া ভিটামিন সি-এর কার্যকারিতা বেশি,তবে প্রাকৃতিক উৎস থেকে পাওয়া ভিটামিন সি বেশি কার্যকর।,তবে প্রাকৃতিক উৎস থেকে প্রাপ্ত ভিটামিন সি অধিক কার্যকর।,32.25845671699972,,1259.0
কোনো পরিচিত মানুষের সঙ্গে দেখা হলে তাঁর নাম মনে করতে পারছেন নাসেই থেকে শুরু হয়ে গেল অস্থিরতা,পরিচিত কারো সাথে দেখা হলে তার নাম মনে থাকে না- অস্থিরতার শুরু সেখান থেকেই।,প,16.334524986999895,,1260.0
কিছুদিন আগে এক শিশুর শরীরে ক্লেবসিলা ব্যাকটেরিয়া থেকে এন্টিবায়োটিক রেজিস্টেন্স পাওয়া গেছে,কয়েকদিন আগে এক শিশুর শরীরে অ্যান্টিবায়োটিক রেজিস্ট্যান্স পাওয়া গিয়েছিল ক্লেবসিয়েলা ব্যাকটেরিয়া থেকে।,অল্প কিছুদিন পূর্বে একটি শিশুর দেহে ক্লেবসিলা ব্যাকটেরিয়ার উপস্থিতিতে অ্যান্টিবায়োটিক রেজিস্ট্যান্স ধরা পড়েছে।,33.52468163700087,,1261.0
তবে পুরনো রান্নাঘরকে নতুন করে মডুলার করতে গেলে খানিকটা ঝামেলা পোহাতেই হবে,তবে পুরনো রান্নাঘরকে আবার মডুলার বানাতে গেলে কিছুটা ঝামেলার মধ্যে দিয়ে যেতে হবে।,কিন্তু পুরনো রান্নাঘরকে মডুলার করতে চাইলে কিছুটা ভোগান্তি স্বীকার করতেই হবে।,40.45529087399973,,1262.0
তাই আজকে থাকছে কোলন সংক্রমণের সবচেয়ে ক্ষতিকারক যে তিন খাবার,তাই আজ রইল সেই তিনটি খাবার যা কোলন ইনফেকশনের জন্য সবচেয়ে ক্ষতিকর।,তাই আজকের আলোচ্য বিষয় হলো কোলন সংক্রমণের জন্য সবচেয়ে বেশি ক্ষতিকর তিনটি খাবার।,32.11617979099992,,1263.0
এ পর্যন্ত নমুনা পরীক্ষা হয়েছে এক কোটি ৫৬ লাখ ৭৭ হাজার ৯৭২টি,এ পর্যন্ত ১৫ কোটি ৭৭ হাজার ৯৭২টি নমুনা পরীক্ষা করা হয়েছে।,এ পর্যন্ত মোট এক কোটি ৫৬ লাখ ৭৭ হাজার ৯৭২টি নমুনার পরীক্ষা সম্পন্ন করা হয়েছে।,30.117238912000172,,1264.0
হার্টের রিংয়ের নাম সর্বোচ্চ খুচরা মূল্য এবং উৎপাদনকারীর নাম উল্লেখ করে পৃথক ক্যাশমেমো দিতে হবে,সর্বোচ্চ খুচরা মূল্য এবং প্রস্তুতকারকের নাম সহ হার্টের রিংয়ের নাম উল্লেখ করে একটি পৃথক ক্যাশমেমো দিতে হবে।,"হার্টের রিং-এর নাম, সর্বোচ্চ খুচরা মূল্য ও প্রস্তুতকারকের নাম উল্লেখপূর্বক আলাদা ক্যাশমেমো প্রদান করতে হবে।",31.53862396600016,,1265.0
এতে ওষুধের পরিমাণ কম লাগে এবং কাজও হয় তাড়াতাড়ি,এতে ওষুধ কম লাগে এবং দ্রুত কাজ করে।,এই পদ্ধতিতে অল্প পরিমাণ ওষুধের প্রয়োজন হয় এবং তা দ্রুত কার্যকর হয়।,24.304208636000112,,1266.0
ডেঙ্গুতে আক্রান্ত হয়ে গত ২৪ ঘণ্টায় সারাদেশে ১০ জনের মৃত্যু হয়েছে,গত ২৪ ঘণ্টায় সারাদেশে ডেঙ্গুতে আক্রান্ত হয়ে ১০ জনের মৃত্যু হয়েছে।,গত ২৪ ঘণ্টায় দেশব্যাপী ডেঙ্গু জ্বরে আক্রান্ত হয়ে ১০ জনের প্রাণহানি ঘটেছে।,27.47692910700061,,1267.0
অধ্যাপক ড এম শমসের আলী বলেন অসংক্রমক রোগের অন্যতম প্রধান কারণ আধুনিক জীবনধারা,"অধ্যাপক ডাঃ এম শমসের আলী বলেন, অসংক্রামক রোগের অন্যতম প্রধান কারণ হচ্ছে আধুনিক জীবনধারা।","অধ্যাপক ড. এম. শমসের আলী জানিয়েছেন, আধুনিক জীবনযাপনই অসংক্রামক রোগের অন্যতম প্রধান কারণ।",34.555130979999376,,1268.0
 রক্তে শর্করার পরিমাণ বেড়ে গেছে মানেই খাওয়া-দাওয়ায় লাগাম টানতে হয়,"রক্তে শর্করার মাত্রা বেড়ে গেছে, যার মানে খাওয়া-দাওয়া সীমিত করতে হবে।",রক্তে শর্করার মাত্রা বৃদ্ধি পেলেই খাদ্যাভ্যাসে নিয়ন্ত্রণ আনতে হয়।,30.417975211999877,,1269.0
যেমন অনেক লোকের ভিড় খোলা জায়গায় হলেও একেঅপরে কাছাকাছি এলে যদি দুজনের কারো করোনা থাকে তাহলে করোনা ছড়াতে পারে,"যেমন, খোলা জায়গায় অনেক মানুষ একে অপরের কাছাকাছি আসলে, যদি দুই জনের ভাইরাস থাকে, তাহলে ভাইরাস ছড়াতে পারে।","মুক্ত জায়গায় প্রচুর মানুষের সমাগম হলেও, পরস্পরের খুব কাছে চলে আসলে এবং তাদের মধ্যে কারও করোনা থাকলে, তা ছড়িয়ে পড়তে পারে।",32.91506257299989,,1270.0
হেয়ার মাস্ক ব্যবহার করলে অতিরিক্ত আরও দুই ঘণ্টা সময় নিয়ে চুল পরিষ্কার করেন,হেয়ার মাস্ক ব্যবহার করলে চুল ধোয়ার জন্য অতিরিক্ত দুই ঘণ্টা সময় লাগে।,হেয়ার মাস্ক ব্যবহার করলে চুল ধুতে অতিরিক্ত দুই ঘণ্টা সময় ব্যয় করতে হয়।,26.550930778999827,,1271.0
এ নিয়ে চীনে মোট মৃতের সংখ্যা গিয়ে দাঁড়িয়েছে ২৯১২ জনে,এই নিয়ে চীনে মোট মৃতের সংখ্যা 2912 জনে পৌঁছেছে।,এই হিসেবে চীনে মোট মৃতের সংখ্যা ২৯১২ জনে পৌঁছেছে।,31.718416513000196,,1272.0
এরকম বাঁধার সৃষ্টি হতে পারে যদি জন্মগতভাবে ঘাড়ের কোনো পাশে সারভাইকাল রিব নামের বাড়তি হাড় থাকে,ঘাড়ের একপাশে সার্ভিকাল রিব নামক অতিরিক্ত হাড়ের জন্ম হলে এ ধরনের ব্লকেজ হতে পারে।,জন্মগতভাবে ঘাড়ের যেকোনো পাশে 'সারভাইকাল রিব' নামক অতিরিক্ত হাড়ের উপস্থিতি থাকলে এই ধরনের বাধা সৃষ্টি হতে পারে।,35.021275035000144,,1273.0
 ক্যান্সার সারভাইভার প্রত্যেক নিষ্ক্রিয় জীবন পরিহার করা উচিত,প্রতিটি ক্যান্সার থেকে বেঁচে যাওয়া একটি নিষ্ক্রিয় জীবন এড়ানো উচিত।,ক্যান্সার থেকে বেঁচে যাওয়া প্রতিটি মানুষের নিষ্ক্রিয় জীবনযাপন বর্জন করা উচিত।,34.78485708399967,,1274.0
লেবু পাতার রসের সাথে বেকিং সোডা মিশিয়ে ব্যবহার করলে দাঁতের কালচে ভাব দূর হয়,লেবুর রসের সাথে বেকিং সোডা মিশিয়ে খেলে দাঁতের কালো ভাব দূর হয়।,লেবু পাতার রস এবং বেকিং সোডা একসাথে মিশিয়ে দাঁতে ব্যবহার করলে দাঁতের কালচে ভাব কেটে যায়।,34.79568044999996,,1275.0
ওজন কমায় কাঁচা মরিচ বাড়তি মেদ ঝরায়,সবুজ মরিচ ওজন কমাতে সাহায্য করে এবং অতিরিক্ত চর্বি পোড়ায়।,কাঁচা মরিচ শরীরের বাড়তি চর্বি গলিয়ে ওজন কমাতে সাহায্য করে।,27.382046293999338,,1276.0
লেখক মেডিসিন ও বক্ষব্যাধি বিশেষজ্ঞ হেলথকেয়ার ডায়াগনস্টিক সেন্টার লি শ্যামলী ঢাকা,লেখক মেডিসিন অ্যান্ড থোরাসিক স্পেশালিস্ট হেলথকেয়ার ডায়াগনস্টিক সেন্টার লি শ্যামলী ঢাকা।,লেখক ঢাকার শ্যামলীতে অবস্থিত হেলথকেয়ার ডায়াগনস্টিক সেন্টার লিমিটেড-এর একজন মেডিসিন ও বক্ষব্যাধি বিশেষজ্ঞ।,31.78940456000055,,1277.0
" যাদের অ্যালার্জির সমস্যা আছে, তাদেরও বেশি ডিম খাওয়া উচিত নয়",যাদের অ্যালার্জি আছে তাদেরও বেশি ডিম খাওয়া উচিত নয়।,"যাদের অ্যালার্জি রয়েছে, তাদেরও অতিরিক্ত ডিম খাওয়া থেকে বিরত থাকা উচিত।",25.941845596999883,,1278.0
 নিয়ম করে সেগুলো খেলে কিডনি ভাল থাকবে,এগুলো নিয়মিত খেলে কিডনি সুস্থ থাকবে।,নিয়মিত ওইসব খাবার গ্রহণ করলে কিডনি সুস্থ থাকবে।,29.20053164700039,,1279.0
বেছে নিতে পারেন বুটের শাক ছোলার শাক মোটর শাক খেসারি শাক পালংশাক কলাইয়ের শাক বতুয়া শাক যা ভিটামিন মিনারেলস আঁশ সমৃদ্ধ,"আপনি ছোলা, মোটর শাক, কেশরি শাক, পালং শাক, সবুজ শাক সবজি বেছে নিতে পারেন যা ভিটামিন, খনিজ এবং ফাইবার সমৃদ্ধ।","আপনি ভিটামিন, খনিজ পদার্থ ও আঁশে ভরপুর বুটের শাক, ছোলার শাক, মটর শাক, খেসারি শাক, পালং শাক, কলাইয়ের শাক এবং বতুয়া শাক বেছে নিতে পারেন।",31.72152578999976,,1280.0
মেয়েদের ক্ষেত্রে প্রস্রাবের সঙ্গে রক্ত দেখা গেলে মাসিকের রক্তের কারণেও হতে পারে যা অনেক সময় বোঝা যায় না,"মহিলাদের প্রস্রাবে রক্তও মাসিকের রক্তের কারণে হতে পারে, যা অনেক সময় বোঝা যায় না।","নারীদের মূত্রত্যাগের সময় রক্ত দেখা গেলে তা ঋতুস্রাবের রক্তও হতে পারে, যা অনেক ক্ষেত্রেই সঠিকভাবে শনাক্ত করা সম্ভব হয় না।",38.05006604100072,,1281.0
ম্যাগনেশিয়ামের অভাব হলে পেশির কার্যক্রমে বাধা পড়ে,ম্যাগনেসিয়ামের ঘাটতি পেশীর কার্যকারিতা ব্যাহত করে।,ম্যাগনেশিয়ামের ঘাটতি দেখা দিলে পেশির স্বাভাবিক কার্যকলাপ ব্যাহত হয়।,33.047358765000354,,1282.0
এক্ষেত্রে আমরা Quarantine এর মাধ্যমে সংক্রমিত ব্যক্তিদের আলাদা করলে এই Transmission Chain টি Break করা যেতে পারে,"এই ক্ষেত্রে, সংক্রামিত ব্যক্তিদের কোয়ারেন্টাইনের মাধ্যমে আলাদা করে রাখলে এই ট্রান্সমিশন চেইন ভেঙে যেতে পারে।",এই পরিস্থিতিতে সংক্রমিত ব্যক্তিদের কোয়ারেন্টাইনের মাধ্যমে পৃথক করে রাখলে সংক্রমণের এই শৃঙ্খল ভেঙে দেওয়া সম্ভব।,30.47614032300044,,1283.0
তীব্র একিউট ফিশার হলে রোগীর মলদ্বারে অসম্ভব ব্যথা হয়,"গুরুতর তীব্র ফিসারের ক্ষেত্রে, রোগীর মলদ্বারে তীব্র ব্যথা হয়।",তীব্র একিউট ফিশার দেখা দিলে রোগীর পায়ুপথে অসহ্য যন্ত্রণা অনুভূত হয়।,26.797777982999836,,1284.0
আক্রান্তদের মধ্যে তখন দ্রুত উচ্চ মাত্রার জ্বর গায়ে তীব্র ব্যথা চোখে ব্যথা ফুসকুড়িসহ নির্দিষ্ট কিছু উপসর্গ দেখা যেত,"আক্রান্ত ব্যক্তিদের মধ্যে উচ্চ জ্বর, প্রচণ্ড শরীরে ব্যথা, চোখে ব্যথা এবং ফুসকুড়ি সহ কিছু লক্ষণ দেখা গেছে।","তৎকালীন সময়ে রোগীদের শরীরে অতি দ্রুত প্রবল জ্বর, অঙ্গপ্রত্যঙ্গে মারাত্মক ব্যথা, চোখের যন্ত্রণা এবং ফুসকুড়িসহ কিছু সুনির্দিষ্ট লক্ষণ ফুটে উঠত।",44.07395707700016,,1285.0
এদিকে করোনা প্রাদুর্ভাবের এমন মারাত্মক পরিস্থিতিতে যে সুসংবাদ আসছে চীনে নতুন করে আক্রান্তের সংখ্যা ধীরে ধীরে কমছে,"এদিকে, সুখবর হলো করোনা প্রাদুর্ভাবের মতো ভয়াবহ পরিস্থিতিতে চীনে নতুন সংক্রমণের সংখ্যা ধীরে ধীরে কমছে।","করোনা মহামারীর এই ভয়াবহ পরিস্থিতির মাঝেই মিলেছে একটি সুখবর, চীনে নতুন আক্রান্তের সংখ্যা ক্রমশ কমে আসছে।",31.11158736299967,,1286.0
হাঁপানির অ্যাজমা আকস্মিক টান বা শ্বাসকষ্ট,হাঁপানি হল হঠাৎ শ্বাসকষ্ট বা শ্বাসকষ্ট।,হাঁপানির হঠাৎ আক্রমণ অথবা শ্বাসকষ্ট।,35.573516776999895,,1287.0
 চিন্তার প্রক্রিয়াকে চিকিৎসক এবং রোগী দুজনেই নিয়মিত মনিটরিং করবেন,চিন্তার প্রক্রিয়াটি ডাক্তার এবং রোগী উভয়ের দ্বারা নিয়মিত পর্যবেক্ষণ করা হবে।,চিকিৎসক ও রোগী উভয়েই চিন্তার প্রক্রিয়াটি নিয়মিতভাবে পর্যবেক্ষণ করবেন।,31.78899673900014,,1288.0
তখন জ্বর কাশি হাঁচি শ্বাসকষ্ট নিউমোনিয়া দেখা দিতে পারে,"তখন জ্বর, কাশি, হাঁচি, শ্বাসকষ্ট, নিউমোনিয়া হতে পারে।","সেই সময়ে জ্বর, কাশি, হাঁচি, শ্বাসকষ্ট ও নিউমোনিয়া দেখা দেওয়ার সম্ভাবনা থাকে।",39.63845650499934,,1289.0
বুধবার ঢাকা দক্ষিণ সিটি করপোরেশন থেকে এক বিজ্ঞপ্তির মাধ্যমে এ তথ্য জানানো হয়েছে,বুধবার ঢাকা দক্ষিণ সিটি করপোরেশনের এক বিজ্ঞপ্তিতে এ তথ্য জানানো হয়।,বুধবার ঢাকা দক্ষিণ সিটি করপোরেশন এক বিজ্ঞপ্তি জারি করে এই তথ্য প্রকাশ করেছে।,24.53472607399999,,1290.0
কিন্তু বীমার ক্ষেত্রে সরকারকেই প্রিমিয়াম দিতে হবে,কিন্তু বীমার ক্ষেত্রে সরকারকে প্রিমিয়াম দিতে হয়।,তবে বীমা সংক্রান্ত বিষয়ে প্রিমিয়াম পরিশোধ করতে হবে সরকারকেই।,30.15925364800023,,1291.0
তবে খুব জোরে ম্যাসাজ করবেন না,তবে খুব জোরে ম্যাসাজ করবেন না।,তবে ম্যাসাজের সময় অতিরিক্ত চাপ দেবেন না।,20.858221535000663,,1292.0
সুস্থ থাকার জন্য এই সব টক্সিন বা বিষ শরীর থেকে বের করা প্রয়োজন,সুস্থ থাকার জন্য এই সমস্ত টক্সিন শরীর থেকে বের করে দেওয়া প্রয়োজন।,সুস্বাস্থ্য বজায় রাখার জন্য শরীর থেকে এই সমস্ত বিষাক্ত পদার্থ বা টক্সিন দূর করা আবশ্যক।,31.19508971199957,,1293.0
এই রোগে রক্তক্ষরণের পরিমাণ সাধারণত কম,এই রোগে সাধারণত রক্তপাত কম হয়।,এই রোগে সাধারণত সামান্য রক্তক্ষরণ হয়ে থাকে।,27.066081262999436,,1294.0
ঘরের আলো নিভিয়ে দরজা বন্ধ করে আসুন,লাইট বন্ধ করে দরজা বন্ধ করে দাও।,ঘরের বাতি নিভিয়ে দরজাটা বন্ধ করে চলে আসুন।,26.624533655999585,,1295.0
প্রণালীলবণ হলুদ মাখিয়ে সরিষার তেলে পাবদা মাছগুলো হালকা করে ভেজে নিন,সরিষার তেলে পাবদা মাছ হালকা ভেজে লবণ ও হলুদ দিয়ে মেখে নিন।,পাবদা মাছের গায়ে লবণ ও হলুদ মেখে সরিষার তেলে হালকা করে ভেজে নিন।,35.55227355199986,,1296.0
নিয়ম মেনে মাংস গ্রহণ ও সঠিক উপায়ে রান্না করলে অনেক জটিলতা থেকে মুক্ত থাকা যায়,নিয়ম অনুযায়ী মাংস খাওয়া এবং সঠিকভাবে রান্না করলে অনেক জটিলতা থেকে মুক্ত রাখা যায়।,সঠিক নিয়ম অনুসরণ করে মাংস খাওয়া এবং তা যথাযথভাবে রান্না করলে নানা ধরনের শারীরিক জটিলতা এড়ানো সম্ভব।,30.450421759000164,,1297.0
এছাড়া ভাইরাসের আপাত পরিবর্তনে ফুসফুসে গুরুতর সংক্রমণও সাধারণত কম,"উপরন্তু, ভাইরাসের আপাত পরিবর্তনের কারণে ফুসফুসের গুরুতর সংক্রমণ সাধারণত কম দেখা যায়।","তাছাড়া, ভাইরাসের প্রকট পরিবর্তনের ফলে ফুসফুসে মারাত্মক সংক্রমণের ঘটনাও সাধারণত কম দেখা যায়।",31.22199380999973,,1298.0
" সাম্প্রতিক বন্যার সময় সিলেট সদর, ফেঞ্চুগঞ্জ, দক্ষিন সুরমা এবং সুনামগঞ্জের জগন্নাথপুরের ট্রাস্টের উদ্যোগে ও সহযোগীতায় একাধিক হেলথ ক্যাম্প আয়োজন ও বিনামূল্যে ওষুধ বিতরন করা হয়","সাম্প্রতিক বন্যার সময় সিলেট সদর, ফেঞ্চুগঞ্জ, দক্ষিণ সুরমা ও সুনামগঞ্জের জগন্নাথপুরে ট্রাস্টের উদ্যোগে ও সহায়তায় বেশ কয়েকটি স্বাস্থ্য শিবিরের আয়োজন করা হয় এবং বিনামূল্যে ওষুধ বিতরণ করা হয়।","সাম্প্রতিক বন্যার প্রেক্ষাপটে সিলেট সদর, ফেঞ্চুগঞ্জ, দক্ষিণ সুরমা ও সুনামগঞ্জের জগন্নাথপুর এলাকায় ট্রাস্টের উদ্যোগ ও সহযোগিতায় বেশ কয়েকটি স্বাস্থ্য ক্যাম্পের আয়োজন করে বিনামূল্যে ওষুধ বিতরণ করা হয়েছে।",42.106915987999855,,1299.0
এই গবেষণা ফলাফল প্রাথমিক পর্যায়ে লিভার ক্যানসার রোগের শনাক্ত করার ক্ষেত্রে উলেখযোগ্য সম্ভাবনা তৈরি করেছে,এই গবেষণার ফলাফলগুলি প্রাথমিক পর্যায়ে লিভার ক্যান্সার সনাক্তকরণে উল্লেখযোগ্য সম্ভাবনা তৈরি করেছে।,প্রাথমিক স্তরে যকৃৎ ক্যানসার নির্ণয়ের ক্ষেত্রে এই গবেষণালব্ধ ফলাফল এক উল্লেখযোগ্য সম্ভাবনার দ্বার উন্মোচন করেছে।,37.29083404099947,,1300.0
শিশুদের খেলাধুলার সুযোগের অভাবেও ন্যাশ হয়,শিশুরাও খেলাধুলার সুযোগের অভাবে ভোগে।,খেলাধুলার পর্যাপ্ত সুযোগ না থাকায় শিশুদের ন্যাশের সমস্যাও দেখা দেয়।,30.129305942999963,,1301.0
কাঁঠালের পাশাপাশি কাঁঠালের বিচিও বেশ পুষ্টিগুণ সম্পন্ন জনপ্রিয় একটি খাবার,কাঁঠালের পাশাপাশি কাঁঠালের বীজও প্রচুর পুষ্টিগুণ সম্পন্ন একটি জনপ্রিয় খাবার।,কাঁঠালের পাশাপাশি এর বিচিও একটি অত্যন্ত পুষ্টিকর ও জনপ্রিয় খাদ্যবস্তু।,29.893625066000823,,1302.0
অপর একটি পাত্রে তেল দিয়ে গরম হয়ে এলে সবটুকু মসলা দিতে হবে,অন্য একটি প্যানে তেল গরম করে সব মশলা দিন।,অন্য একটি পাত্রে তেল গরম করে তাতে সমস্ত মসলাগুলো যোগ করতে হবে।,22.58803982100017,,1303.0
পানি খেতে হবে কমপক্ষে ২ লিটার,কমপক্ষে 2 লিটার জল পান করুন।,অন্তত ২ লিটার পানি পান করতে হবে।,19.984973111999352,,1304.0
 অনেক সময় অপারেশনের পরে চশমা পরার প্রয়োজন হতে পারে,কখনও কখনও অস্ত্রোপচারের পরে চশমা প্রয়োজন হতে পারে।,অপারেশন শেষে অনেক ক্ষেত্রেই চশমা ব্যবহারের প্রয়োজন পড়তে পারে।,23.95112574200084,,1305.0
ব্রাহ্মি প্রাকৃতিক হওয়ায় সব ধরনের গ্রাহকদের জন্য ব্যবহারে উপযোগী,ব্রাহ্মী প্রাকৃতিক এবং সব ধরনের ভোক্তার জন্য উপযুক্ত।,ব্রাহ্মি সম্পূর্ণ প্রাকৃতিক হওয়ায় সকল শ্রেণির ক্রেতাদের ব্যবহারের জন্য এটি পুরোপুরি উপযুক্ত।,33.86690890099999,,1306.0
 স্পার্ম কাউন্ট বৃদ্ধি করতেও এটি ভূমিকা নেয়,এটি শুক্রাণুর সংখ্যা বৃদ্ধিতেও ভূমিকা রাখে।,শুক্রাণুর সংখ্যা বাড়াতেও এটি গুরুত্বপূর্ণ ভূমিকা রাখে।,26.96205178699984,,1307.0
মাত্র ৭ দিনের হোমিও ওষুধ প্রয়োগ করে সুস্থ হয়েছেন ইসকন মন্দিরের পুরোহিতসহ ৩৫ জন করোনা রোগী,ইসকন মন্দিরের পুরোহিতসহ ৩৫ জন করোনা রোগী মাত্র ৭ দিন হোমিও ওষুধ প্রয়োগ করে সুস্থ হয়েছেন।,ইসকন মন্দিরের পুরোহিত-সহ ৩৫ জন করোনা আক্রান্ত ব্যক্তি মাত্র সাত দিনের হোমিওপ্যাথিক ওষুধ সেবন করে সম্পূর্ণ সুস্থতা ফিরে পেয়েছেন।,25.80829865299984,,1308.0
৩ জাঙ্ক ফুড প্রসেসড ফুড ও চিনিজাতীয় খাবার খাওয়া,"3 জাঙ্ক ফুড, প্রক্রিয়াজাত খাবার এবং চিনিযুক্ত খাবার খাওয়া","৩ জাঙ্ক ফুড, প্রক্রিয়াজাত খাদ্য এবং চিনিযুক্ত খাবার গ্রহণ।",31.30565201799982,,1309.0
সুগন্ধির চল প্রথমে রাজপ্রাসাদের মধ্যেই আটকে ছিল,সুগন্ধি শিল্প প্রাথমিকভাবে রাজপ্রাসাদের মধ্যে সীমাবদ্ধ ছিল।,শুরুতে সুগন্ধির বিচরণ কেবল রাজপ্রাসাদের চত্বরেই সীমাবদ্ধ ছিল।,29.17552203299965,,1310.0
ইনসুলিন রেজিস্ট্যান্সের সাধারণত কোনো উপসর্গ থাকে না যদিও কিছু বাচ্চার ত্বকে ঘন গাঢ় কাল মখমল প্যাঁচ তৈরি হয় যাকে অ্যাক্যানথোসিস নিগ্রিকানস Acanthosis Nigracans বলা হয় সাধারণত ঘাড়ের পেছনে বা বগলের মতো শরীরের ক্রিজ এবং ভাঁজগুলোতে,"ইনসুলিন রেজিস্ট্যান্সের সাধারণত কোনো উপসর্গ থাকে না, যদিও কিছু শিশুর ত্বকে ঘন, গাঢ়, মখমলের ছোপ দেখা দেয় যাকে অ্যাক্যানথোসিস নিগ্রাকান বলে, সাধারণত শরীরের ক্রিজ এবং ভাঁজে, যেমন ঘাড়ের পিছনে বা বগল।","সাধারণত ইনসুলিন রেজিস্ট্যান্সের কোনো লক্ষণ প্রকাশ পায় না, তবে কিছু শিশুর ক্ষেত্রে ঘাড়ের পিছন বা বগির মতো শরীরের ভাঁজযুক্ত স্থানে ত্বকে ঘন, গাঢ় কালো ও মখমলের মতো দাগ দেখা দেয়, যাকে অ্যাক্যানথোসিস নিগ্রিকানস (Acanthosis Nigracans) বলা হয়ে থাকে।",34.81277027999931,,1311.0
বিশ্বের যে ৩০টি দেশে যক্ষ্মা রোগীর সংখ্যা সর্বাধিক বাংলাদেশ তার মধ্যে অন্যতম,বিশ্বের ৩০টি দেশের মধ্যে বাংলাদেশে যক্ষ্মা রোগীর সংখ্যা সবচেয়ে বেশি।,বিশ্বব্যাপী যক্ষ্মা আক্রান্তের সংখ্যার দিক থেকে শীর্ষ ৩০টি দেশের একটি হলো বাংলাদেশ।,35.27764807099993,,1312.0
সোরিয়াসিস ত্বকের বিভিন্ন জায়গায় হয়ে থাকে,সোরিয়াসিস ত্বকের বিভিন্ন জায়গায় হয়।,ত্বকের নানা অংশে সোরিয়াসিস দেখা দেয়।,22.48429803300041,,1313.0
৩ ৭৫ বৎসর বয়সের ৫০ শতাংশ মানুষ কমবেশি দীর্ঘমেয়াদি কিডনি জটিলতায় ভোগেন,3 50 শতাংশ মানুষ 75 বছরের বেশি বয়সী কম বা বেশি দীর্ঘমেয়াদী কিডনি জটিলতায় ভোগেন।,৭৫ বছর বয়সী মানুষের ৫০ শতাংশই কোনো না কোনো মাত্রায় দীর্ঘস্থায়ী কিডনি সমস্যায় ভুগে থাকেন।,40.38271374099986,,1314.0
দুতিন দিন অন্তর ভালোভাবে ধুয়ে নিতে হবে বাজারের ব্যাগও,বাজারের ব্যাগগুলোও প্রতি দুই থেকে তিন দিন পর পর ভালো করে ধুয়ে নিতে হবে।,বাজারের ব্যাগগুলোও দুই-তিন দিন পরপর ভালো করে ধুয়ে নেওয়া প্রয়োজন।,21.23163862399997,,1315.0
মায়েদের ব্যক্তিগত কিছু ফ্যাক্টর পূর্বের সন্তান প্রসবের সময় হওয়া জটিলতা গর্ভাবস্থায় হওয়া কোনো রোগের কারণেও হতে পারে,মায়ের ব্যক্তিগত কিছু কারণ পূর্ববর্তী প্রসবকালীন জটিলতাগুলিও গর্ভাবস্থায় একটি রোগের কারণে হতে পারে।,"মাতৃদের কিছু ব্যক্তিগত কারণ, পূর্ববর্তী প্রসবকালীন জটিলতা কিংবা গর্ভাবস্থায় দেখা দেওয়া কোনো রোগের কারণেও তা হতে পারে।",39.64362257999983,,1316.0
মঙ্গলবার স্বাস্থ্য অধিদপ্তর থেকে পাঠানো করোনাবিষয়ক এক প্রেস বিজ্ঞপ্তিতে এ তথ্য জানানো হয়,মঙ্গলবার স্বাস্থ্য অধিদপ্তরের মহাপরিচালকের পাঠানো করোনাভাইরাস সংক্রান্ত এক সংবাদ বিজ্ঞপ্তিতে এ তথ্য জানানো হয়।,করোনা সংক্রান্ত এই তথ্যটি মঙ্গলবার স্বাস্থ্য অধিদপ্তর থেকে জারি করা এক প্রেস বিজ্ঞপ্তির মাধ্যমে প্রকাশ করা হয়েছে।,40.15101540100022,,1317.0
চলুন অরেঞ্জ চিকেন বানানোর প্রস্তুতি নেই,চলুন তৈরি হয়ে নিই কমলা মুরগির মাংস।,অরেঞ্জ চিকেন রান্না করার জন্য চলুন প্রস্তুত হই।,33.59211217600023,,1318.0
সুতরাং তাদের হার্টের সাইজও বড় থাকে,তাই তাদের হার্টের আকারও বড়।,ফলে তাদের হৃৎপিণ্ডের আকারও বড় হয়ে থাকে।,31.96106318700004,,1319.0
বদ হজম ও খাবারে অরুচি কমাতে সাহায্য করে জিরা,জিরা বদহজম ও ক্ষুধা কমাতে সাহায্য করে।,অজীর্ণ ও খাদ্যে অনীহা কমাতে জিরা বেশ সহায়ক।,27.51559712799917,,1320.0
ক্যালসিয়াম শরীরের জন্য খুব প্রয়োজনীয় একটি উপকরণ,ক্যালসিয়াম শরীরের জন্য খুবই প্রয়োজনীয় একটি উপাদান।,শরীরের জন্য ক্যালসিয়াম একটি অত্যন্ত অপরিহার্য উপাদান।,24.524788574999548,,1321.0
জিনসেং সিজোফ্রেনিয়ার লক্ষণ গুলো থেকে মুক্তি দিতে পারে,জিনসেং সিজোফ্রেনিয়ার লক্ষণগুলি থেকে মুক্তি দিতে পারে।,সিজোফ্রেনিয়ার উপসর্গগুলো থেকে রেহাই দিতে জিনসেং সক্ষম।,35.57838708100007,,1322.0
অনুষ্ঠানে সভাপতির বক্তব্যে স্বাস্থ্যসেবা বিভাগের সচিব মো জাহাঙ্গীর আলম বলেন এসএসকের মূল লক্ষ্য হওয়া উচিত সরকারি হাসপাতালে যেসব সুযোগ সুবিধা নেই সেগুলো পূরণ করা,"অনুষ্ঠানে স্বাস্থ্যসেবা বিভাগের সচিব মোঃ জাহাঙ্গীর আলম বলেন, এসএসকে-এর মূল লক্ষ্য হওয়া উচিত সরকারি হাসপাতালের শূন্যতা পূরণ করা।","অনুষ্ঠানে সভাপতির ভাষণে স্বাস্থ্যসেবা বিভাগের সচিব মো. জাহাঙ্গীর আলম জানান, সরকারি হাসপাতালগুলোতে যেসব সুবিধার অভাব রয়েছে, সেই ঘাটতি পূরণ করাই হওয়া উচিত এসএসকের প্রধান উদ্দেশ্য।",30.35655533399949,,1323.0
ফুল এবং শিশু পৃথিবীর সবচেয়ে সুন্দর সৃষ্টি সবচেয়ে কোমল সবচেয়ে নিষ্পাপ,"ফুল এবং শিশু পৃথিবীর সবচেয়ে সুন্দর সৃষ্টি, সবচেয়ে কোমল, সবচেয়ে নিষ্পাপ।","পৃথিবীর সৃষ্টির মধ্যে ফুল ও শিশুই সবচেয়ে মনোহর, কোমল এবং নিষ্পাপ।",42.935512588000165,,1324.0
পুষ্টিবিদেরা বলছেন সালাদ তৈরিতে কী ব্যবহার করছেন সেটা যেমন গুরুত্বপূর্ণ তেমনই দিনের কোন সময় সালাদ খাচ্ছেন সেটাও গুরুত্বপূর্ণ,পুষ্টিবিদরা বলছেন যে আপনি আপনার সালাদ তৈরি করতে যা ব্যবহার করেন তা ঠিক ততটাই গুরুত্বপূর্ণ যেমন আপনি দিনের কোন সময় এটি খান।,"পুষ্টি বিশেষজ্ঞদের মতে, সালাদ বানানোর উপকরণ নির্বাচন যেমন জরুরি, ঠিক তেমনই দিনের কোন সময়ে সালাদ খাওয়া হচ্ছে সে বিষয়টিও সমান গুরুত্বপূর্ণ।",55.37631190600041,,1325.0
এছাড়া তিনি পরিবেশ রক্ষা ও বাল্যবিবাহ বন্ধের লক্ষ্যে পৃথিবীজুড়ে মানুষের মাঝে সচেতনতা বৃদ্ধি করছেন,এছাড়া পরিবেশ রক্ষা ও বাল্যবিবাহ বন্ধে তিনি সারা বিশ্বের মানুষের মধ্যে সচেতনতা বাড়াচ্ছেন।,এর পাশাপাশি তিনি বিশ্বব্যাপী জনগণের মধ্যে পরিবেশ সংরক্ষণ এবং বাল্যবিবাহ রোধের উদ্দেশ্যে সচেতনতা ছড়িয়ে দিচ্ছেন।,23.07306285200048,,1326.0
 সেগুলোর দিকে সবাই একটু দৃষ্টি দেবেন আমি সেটাই চাই,আমি চাই সবাই তাদের প্রতি মনোযোগী হোক।,"আমার ইচ্ছা, ওই বিষয়গুলোর প্রতি সকলে যেন কিছুটা মনোযোগ দেন।",33.75666746499974,,1327.0
"এতে বলা হয়, গত ২৪ ঘণ্টায় নমুনা পরীক্ষায় শনাক্তের হার চার দশমিক ২৮ শতাংশ",গত ২৪ ঘণ্টায় নমুনা পরীক্ষায় শনাক্তকরণের হার ৪ দশমিক ২৮ শতাংশ।,,60.75335807800002,request_error:,1328.0
হয়ত আমরা সামনের দিনগুলিতে পরিষ্কারভাবে সেটি জানতে পারবো,হয়তো সামনের দিনগুলোতে আমরা তা স্পষ্টভাবে জানতে পারব।,আগামী দিনগুলোতে হয়তো আমরা সে বিষয়টি সম্পর্কে সুস্পষ্ট ধারণা পাব।,26.031240325999534,,1329.0
এতে থাকা এল থিয়েনিন উপাদান পারকিনসন ও আলঝেইমারের মতো সমস্যাগুলো হওয়ার আশঙ্কা কমায়,এতে থাকা এল-থেনাইন উপাদান পারকিনসন এবং আলঝেইমারের মতো সমস্যার ঝুঁকি কমায়।,এতে বিদ্যমান এল থিয়েনিন উপাদানটি পারকিনসন ও আলঝেইমারের মতো রোগে আক্রান্ত হওয়ার ঝুঁকি হ্রাস করে।,27.894729517000087,,1330.0
যাদের টয়লেট পেপারে এলার্জি আছে তারা সেটি বর্জন করবেন,যাদের টয়লেট পেপারে অ্যালার্জি আছে তাদের এটি এড়িয়ে চলা উচিত।,"টয়লেট পেপারে যাদের অ্যালার্জি রয়েছে, তাদের এটি এড়িয়ে চলা উচিত।",29.229379590000462,,1331.0
 র্যাশ বা শরীরে লাল চাকা চাকা হওয়া,শরীরে ফুসকুড়ি বা লাল দাগ।,শরীরে র‍্যাশ ওঠা বা লালচে বৃত্তাকার দাগ পড়া।,21.99252944900036,,1332.0
মানুষের বুকের বাম এবং ডান দিকে দুটি ফুসফুস আছে,মানুষের বুকের বাম ও ডান পাশে দুটি ফুসফুস থাকে।,মানুষের বক্ষের বাম ও ডান পাশে দুটি ফুসফুস রয়েছে।,36.61207398099941,,1333.0
হেপাটাইটিস বি ভাইরাসের টিকা এই সংক্রমণ প্রতিরোধ করতে পারে,হেপাটাইটিস বি ভাইরাসের টিকা এই সংক্রমণ প্রতিরোধ করতে পারে।,হেপাটাইটিস বি ভাইরাসের টিকার মাধ্যমে এই সংক্রমণ রোধ করা সম্ভব।,28.38557085100001,,1334.0
লেখক  নাককানগলা রোগ বিশেষজ্ঞ এবং হেডনেক সার্জন রেজিস্ট্রার নাককানগলা বিভাগ সিলেট এমএজি ওসমানী মেডিকেল কলেজ হাসপাতাল,লেখক নাকংলা প্যাথলজিস্ট ও হেড নেক সার্জন রেজিস্ট্রার সিলেট এমএজি ওসমানী মেডিকেল কলেজ হাসপাতাল নাকংলা বিভাগ,সিলেট এমএজি ওসমানী মেডিকেল কলেজ হাসপাতালের নাককানগলা বিভাগে লেখক একজন নাককানগলা রোগ বিশেষজ্ঞ ও হেডনেক সার্জন রেজিস্ট্রার হিসেবে কর্মরত আছেন।,37.17960514300012,,1335.0
কাজেই এর চিকিৎসার প্রয়োজন হয় না,তাই এর চিকিৎসার প্রয়োজন নেই।,সুতরাং এটির চিকিৎসার কোনো প্রয়োজন নেই।,24.428664119999667,,1336.0
এ ক্ষেত্রে কয়েকটি উপায় কাজে আসতে পারে,"এই ক্ষেত্রে, বেশ কয়েকটি পদ্ধতি কার্যকর হতে পারে।",এই পরিস্থিতিতে কিছু পদ্ধতি কাজে লাগানো যেতে পারে।,29.981547662000597,,1337.0
"তিনি আরও জানান, এই ওভিসিটি করার মাধ্যমে একটা আবেগের জায়গা তৈরী হয়েছে ল্যাবএইড ক্যান্সার হাসপাতালের জন্য","তিনি আরও বলেন, এই ওভিসিটি করার মাধ্যমে ল্যাবএইড ক্যান্সার হাসপাতালের জন্য একটি আবেগময় জায়গা তৈরি হয়েছে।","তিনি আরও উল্লেখ করেন, এই ওভিসি সম্পন্ন করার ফলে ল্যাবএইড ক্যান্সার হাসপাতালের জন্য একটি আবেগঘন পরিবেশ সৃষ্টি হয়েছে।",33.80851689100018,,1338.0
যেমন দুধ দুগ্ধজাত খাবার শাক অতিরিক্ত তেলে ভাজা অতিরিক্ত মশলাযুক্ত খাবার চিনি ক্যাফেইন ইত্যাদি এড়িয়ে চলা ভালো,"যেমন দুধ, দুগ্ধজাত খাবার, শাকসবজি, অতিরিক্ত তেলে ভাজা, অতিরিক্ত মশলাদার খাবার, চিনি, ক্যাফেইন ইত্যাদি পরিহার করতে হবে।","দুধ, দুগ্ধজাত দ্রব্য, শাক, অতিরিক্ত তেলে ভাজা ও অতিরিক্ত মশলাদার খাবার, চিনি এবং ক্যাফেইন প্রভৃতি খাদ্যদ্রব্য পরিহার করাই শ্রেয়।",52.71769690699966,,1339.0
 ডেঙ্গু আক্রান্ত রোগীর মধ্যে প্রায় ৬৩ শতাংশ পুরুষ আর ৩৭ শতাংশ হচ্ছে নারী,ডেঙ্গু রোগীদের প্রায় 63 শতাংশ পুরুষ এবং 37 শতাংশ মহিলা৷,ডেঙ্গু রোগে আক্রান্তদের মধ্যে প্রায় ৬৩ শতাংশই পুরুষ এবং বাকি ৩৭ শতাংশ নারী।,47.63083883300078,,1340.0
রোগী ভেদে কিডনির পথ্য নির্ধারণে ভিন্নতা থাকে,কিডনির কার্যকারিতা রোগী থেকে রোগীতে পরিবর্তিত হয়।,কিডনি রোগীদের পথ্য নির্ধারণের নিয়ম রোগী অনুযায়ী ভিন্ন ভিন্ন হয়।,37.54297563599994,,1341.0
 উপসর্গ লুকাবেন না সঠিক সময়ে ধরা পড়লে মৃত্যুর হার নেই বললেই চলে,"উপসর্গ লুকাবেন না, সঠিক সময়ে ধরা পড়লে মৃত্যুহার প্রায় শূন্য।","লক্ষণ গোপন করবেন না, সঠিক সময়ে তা শনাক্ত করা গেলে মৃত্যুর হার প্রায় শূন্য।",36.03484713800026,,1342.0
হৃৎপিণ্ড ও রক্তনালির রোগের ঝুঁকিতে আছেন এমন রোগীদের ওপর পরিচালিত এক সাম্প্রতিক গবেষণায় দেখা গেছে রোজা স্ট্রোকের ঝুঁকি কমায়,কার্ডিওভাসকুলার রোগের ঝুঁকিতে থাকা রোগীদের উপর একটি সাম্প্রতিক গবেষণায় দেখা গেছে যে উপবাস স্ট্রোকের ঝুঁকি হ্রাস করে।,"হৃদরোগ ও রক্তনালীর জটিলতার আশঙ্কা রয়েছে এমন রোগীদের ওপর সম্প্রতি পরিচালিত এক সমীক্ষায় প্রমাণিত হয়েছে যে, রোজা স্ট্রোকের সম্ভাবনা হ্রাস করে।",37.402177975000086,,1343.0
আমি পুরো সুস্থ না হয়েও আবার চলে গেলাম তাদের কাছে ফরিদপুরে,আমি পুরোপুরি সুস্থ না হলেও ফরিদপুরে তাদের কাছে ফিরে যাই।,সম্পূর্ণ সুস্থ না হওয়া সত্ত্বেও আমি আবার ফরিদপুরে তাদের কাছে ফিরে গেলাম।,22.61252076700021,,1344.0
মেয়েদের ক্ষেত্রে তদ্রুপ মাসিক শুরু হওয়ার আগে ডিম্বাশয়ে বেশি পরিমাণে আয়রন জমা হলে মাসিক কোনো দিন শুরু নাও হতে পারে প্রাইমারি হাইপোগনাডিজম এবং মাসিক শুরু হওয়ার পরে ধীরে ধীরে আয়রন জমে ডিম্বাশয়টি এর কার্যকারিতা হারিয়ে ফেলতে পারে সেকেন্ডারি হাইপোগনাডিজম,"একইভাবে, মেয়েদের ক্ষেত্রে, ঋতুস্রাবের আগে ডিম্বাশয়ে খুব বেশি আয়রন জমে থাকলে, ঋতুস্রাব কখনই শুরু নাও হতে পারে, প্রাথমিক হাইপোগোনাডিজম এবং মাসিকের পরে, আয়রন জমে ধীরে ধীরে ডিম্বাশয় তাদের কার্যকারিতা হারিয়ে ফেলে, সেকেন্ডারি হাইপোগোনাডিজম।","নারীদের ক্ষেত্রে ঋতুস্রাব শুরুর পূর্বে ডিম্বাশয়ে অতিরিক্ত আয়রন জমা হলে ঋতুস্রাব কখনও শুরু নাও হতে পারে, যাকে প্রাইমারি হাইপোগনাডিজম বলা হয়, আবার ঋতুস্রাব শুরু হওয়ার পরে ক্রমশ আয়রন জমা হয়ে ডিম্বাশয় তার কার্যক্ষমতা হারিয়ে ফেললে তাকে সেকেন্ডারি হাইপোগনাডিজম বলা হয়ে থাকে।",42.42190748499979,,1345.0
 রক্তচাপ কমে গিয়ে রোগী শকে চলে যেতে পারে,রক্তচাপ কমে যাওয়ার কারণে রোগী শকে যেতে পারে।,রক্তচাপ হ্রাস পেলে রোগী শকে আক্রান্ত হতে পারে।,23.93703084299977,,1346.0
দই প্রোবায়োটিকসমৃদ্ধ খাবার যা বর্ষায় চমৎকার স্বাস্থ্যকর খাবার হতে পারে,দই একটি প্রোবায়োটিক-সমৃদ্ধ খাবার যা বর্ষা মৌসুমে একটি দুর্দান্ত স্বাস্থ্যকর খাবার হতে পারে।,বর্ষাকালে প্রোবায়োটিক সমৃদ্ধ দই স্বাস্থ্যের জন্য একটি অত্যন্ত উপকারী ও আদর্শ খাদ্য হতে পারে।,34.345245974000136,,1347.0
"৩ ক্যাথেটার ডিরেক্টেড থ্রম্বোলাইসিস Catheter Directed Thrombolysis
এটাও এক ধরনের থ্রম্বোলাইসিস",3 ক্যাথেটার নির্দেশিত থ্রম্বোলাইসিস ক্যাথেটার নির্দেশিত থ্রম্বোলাইসিস এটিও এক ধরনের থ্রম্বোলাইসিস।,"৩. ক্যাথেটার ডিরেক্টেড থ্রম্বোলাইসিস (Catheter Directed Thrombolysis), যা থ্রম্বোলাইসিসেরই আরেকটি প্রকারভেদ।",41.899008965000576,,1348.0
যাদের নিজেদের শ্বাস বা বংশগত শ্বাস রোগের সমস্যা আছে তাদের এটি নেওয়া ভালো,যাদের নিজস্ব শ্বাসকষ্ট বা বংশগত শ্বাসযন্ত্রের রোগ আছে তাদের জন্য এটি ভালো।,"যাদের নিজস্ব বা বংশগত শ্বাসতন্ত্রের রোগ রয়েছে, তাদের জন্য এটি সেবন করা উপকারী।",34.00101843499942,,1349.0
যেখানেই থাকুন যে অবস্থাতেই থাকুন শব্দ আপনার কানের কোনো ক্ষতি করতে পারবে না,"আপনি যেখানেই থাকুন না কেন, আপনার পরিস্থিতি যাই হোক না কেন, শব্দ আপনার কানের ক্ষতি করতে পারে না।","আপনার অবস্থান ও পরিস্থিতি যা-ই হোক না কেন, শব্দ আপনার কানের কোনো ক্ষতি করতে পারবে না।",34.35350621499947,,1350.0
তাহলে পাঠকরা বুঝুন এই রোগটি সংক্রমণের ব্যাপারে কতটুকু পারদর্শী তাই স্বাস্থ্যঝুঁকি এবং জীবনের ঝুঁকি চিন্তা করে ডাক্তাররা আপাতত চেম্বার বন্ধ রাখছেন,"তাই পাঠকদের বুঝতে হবে সংক্রমণের দিক থেকে এই রোগটি কতটা পারদর্শী, তাই স্বাস্থ্যঝুঁকি ও জীবনের ঝুঁকির কারণে আপাতত চেম্বার বন্ধ রাখছেন চিকিৎসকরা।","সুতরাং পাঠকবৃন্দ, এই রোগের সংক্রমণ ক্ষমতা কতটা প্রবল তা নিশ্চয়ই অনুধাবন করতে পারছেন; আর ঠিক এই স্বাস্থ্য ও জীবনের ঝুঁকির কথা মাথায় রেখেই চিকিৎসকরা সাময়িকভাবে তাদের চেম্বার বন্ধ রাখছেন।",37.41987869999957,,1351.0
আয়োডিন খুবই কম পরিমাণে প্রয়োজন,আয়োডিন খুব অল্প পরিমাণে প্রয়োজন।,আয়োডিনের প্রয়োজন হয় অতি সামান্য মাত্রায়।,29.48088548299984,,1352.0
এ সময় প্লাটিলেট কাউন্ট কমে যায় এবং রক্তক্ষরণসহ নানারকম সমস্যা দেখা দিতে পারে,এই সময় প্লেটলেট কাউন্ট কমে যায় এবং রক্তপাত সহ বিভিন্ন সমস্যা দেখা দিতে পারে।,এই পর্বে প্লাটিলেটের সংখ্যা হ্রাস পাওয়ার ফলে রক্তক্ষরণ এবং অন্যান্য বহুবিধ জটিলতা দেখা দিতে পারে।,28.85825451599976,,1353.0
একজুডেটিভ  ফুসফুসের যক্ষ্মা ফুসফুসের ক্যান্সার নিউমোনিয়া পালমোনারি ইনফ্রাকশন ইত্যাদি,এক্সুডেটিভ পালমোনারি যক্ষ্মা ফুসফুসের ক্যান্সার নিউমোনিয়া পালমোনারি ইনফার্কশন ইত্যাদি।,"ফুসফুসের এক্সুডেটিভ যক্ষ্মা, ফুসফুসীয় ক্যান্সার, নিউমোনিয়া, পালমোনারি ইনফার্কশন এবং অন্যান্য রোগ।",37.63024339099957,,1354.0
রঙিন ফলমূল এবং শাকসবজি খান,রঙিন ফল ও সবজি খান।,নানা রঙের ফলমূল ও শাকসবজি গ্রহণ করুন।,28.240152160000434,,1355.0
রেটিনা লেন্স কর্ণিয়া ও মণির রোগে চোখ ট্যারা হতে পারে,রেটিনা লেন্স কর্নিয়াল এবং ম্যাকুলার রোগের কারণে ছানি পড়তে পারে।,"রেটিনা, লেন্স, কর্ণিয়া এবং মণির রোগের কারণে চোখ ট্যারা হয়ে যেতে পারে।",28.053629252000064,,1356.0
টেকনোলজিস্টদের বিষয়ে তিনি বলেন তাদের সব সুবিধা দেয়ার কথা,"তিনি বলেন, প্রযুক্তিবিদদের সব সুযোগ-সুবিধা দিতে হবে।",প্রযুক্তিবিদদের সকল সুযোগ-সুবিধা প্রদান করা উচিত বলে তিনি মন্তব্য করেছেন।,20.936473417000343,,1357.0
"প্রশ্ন : বাকি যেই তেল আছে সয়াবিন তেল বা অন্য যেসব তেল আছে, হৃদরোগীদের জন্য কি এটা ক্ষতিকর?","প্রশ্ন: বাকি তেল, সয়াবিন তেল বা অন্যান্য তেল কি হৃদরোগীদের জন্য ক্ষতিকর?","প্রশ্ন হলো, সয়াবিনসহ বাকি সব ধরনের তেল কি হৃদরোগে আক্রান্তদের জন্য ক্ষতিকর?",41.5111155529994,,1358.0
পরিষ্কারপরিচ্ছন্নতার অভাবও এ জন্য দায়ী,পরিচ্ছন্নতার অভাবও এর জন্য দায়ী।,এই বিষয়টির জন্য অপরিচ্ছন্নতাকেও দায়ী করা যায়।,36.2736670610002,,1359.0
১ চামচ ফ্ল্যাক্স সিডের মধ্যে ০৬ থেকে ১২ গ্রাম ফাইবার রয়েছে,1 টেবিল চামচ শণের বীজে 6 থেকে 12 গ্রাম ফাইবার থাকে।,এক চামচ তিসির বীজে ৬ থেকে ১২ গ্রাম আঁশ পাওয়া যায়।,29.13761851399977,,1360.0
দাঁতের ব্যথা কানে সঞ্চালন  দাঁতের ব্যথা যেমন এক দাঁত থেকে অন্য দাঁত ছাড়াও কানে সঞ্চালিত হতে পারে,"দাঁতের ব্যথা কানে বিকিরণ দাঁতের ব্যথা, যেমন এক দাঁত থেকে অন্য দাঁত, কানেও বিকিরণ হতে পারে।",দাঁতের ব্যথা এক দাঁত থেকে অন্য দাঁতে ছড়িয়ে পড়ার পাশাপাশি কানেও সঞ্চারিত হতে পারে।,46.68764772799932,,1361.0
কখন ব্যবহারে বেশি উপকার হলুদ সবসময় রাতে ব্যবহার করলে বেশি উপকার পাওয়া যায়,হলুদ কখন সবচেয়ে উপকারী? সর্বাধিক উপকার পেতে এটি সর্বদা রাতে ব্যবহার করুন।,হলুদের সর্বোচ্চ উপকারিতা পেতে হলে এটি সর্বদা রাতে ব্যবহার করা উচিত।,39.95297100799962,,1362.0
এরপর সেটি নিয়ন্ত্রণ করতে হবে,তাহলে তা নিয়ন্ত্রণ করতে হবে।,অতঃপর সেটিকে নিয়ন্ত্রণে আনতে হবে।,22.470238383999455,,1363.0
বর্তমান মহামারি চলাকালীন ঠোঁট বা জিহ্বা সামান্য নীল হলে যত দ্রুত সম্ভব পালস্ অক্সিমিটার দিয়ে দেখে নিতে হবে আপনার রক্তে অক্সিজেন স্যাচুরেশনের পরিমাণ কত স্বাভাবিকের চেয়ে কম হলে যত দ্রুত সম্ভব ডাক্তারের পরামর্শ গ্রহণ করতে হবে,"বর্তমান মহামারীর সময়, যদি ঠোঁট বা জিহ্বা সামান্য নীল হয়, আপনার যত তাড়াতাড়ি সম্ভব পালস অক্সিমিটার দিয়ে পরীক্ষা করা উচিত। যদি আপনার রক্তের অক্সিজেন স্যাচুরেশন স্বাভাবিকের চেয়ে কম হয়, আপনার যত তাড়াতাড়ি সম্ভব ডাক্তারের পরামর্শ নেওয়া উচিত।","বর্তমান মহামারির সময়ে ঠোঁট বা জিহ্বা হালকা নীলচে হয়ে গেলে দ্রুত পালস অক্সিমিটার ব্যবহার করে রক্তে অক্সিজেনের মাত্রা যাচাই করে নিন, এবং এটি স্বাভাবিকের চেয়ে কম পাওয়া গেলে অবিলম্বে একজন চিকিৎসকের পরামর্শ নিন।",48.48808358799943,,1364.0
বিশ্বজুড়ে মানুষের জীবনযাপনকে নিরাপদ করতে নতুন নতুন ঔষধ তৈরিতে কাজ করছে যুক্তরাষ্ট্র ভিত্তিক প্রতিষ্ঠান এলি লিলি এবং বাংলাদেশের ঔষধ প্রস্তুতকারী প্রতিষ্ঠানের মধ্যে অন্যতম হেলথকেয়ার ফার্মসিটিউক্যালস যা ওষুধ প্রস্তুতকারী গবেষণায় অগ্রগামী হিসেবে বিবেচিত,"এলি লিলি, একটি ইউএস-ভিত্তিক কোম্পানি, সারা বিশ্বে মানুষের জীবনকে নিরাপদ করতে নতুন ওষুধ তৈরিতে কাজ করছে এবং বাংলাদেশের অন্যতম ওষুধ কোম্পানি হেলথকেয়ার ফার্মাসিউটিক্যালসকে ফার্মাসিউটিক্যাল গবেষণায় অগ্রগামী হিসেবে বিবেচনা করা হয়।","ঔষধ গবেষণা ও উৎপাদনে অগ্রণী হিসেবে পরিচিত বাংলাদেশের অন্যতম শীর্ষ ওষুধ প্রস্তুতকারক হেলথকেয়ার ফার্মাসিউটিক্যালস এবং যুক্তরাষ্ট্রভিত্তিক প্রতিষ্ঠান এলি লিলি, সারা বিশ্বে মানুষের জীবনযাত্রাকে নিরাপদ করার লক্ষ্যে নতুন ঔষধ উদ্ভাবনে কাজ করে যাচ্ছে।",47.55958835499951,,1365.0
শারীরিক শ্রমের সুযোগ না থাকলে ব্যায়াম অথবা হাঁটার যতটুকু সুযোগ আছে তাকে কাজে লাগাতে হবে,শারীরিক পরিশ্রমের সুযোগ না থাকলে যথাসম্ভব ব্যায়াম বা হাঁটা ব্যবহার করতে হবে।,"কায়িক পরিশ্রমের সুযোগ না থাকলে, হাঁটাচলা বা ব্যায়ামের যতটুকু সুযোগ মেলে তা কাজে লাগানো আবশ্যক।",34.42808859500019,,1366.0
যথাসময়ে চিকিৎসা না নিলে হার্ট অ্যাটাক স্ট্রোক কিডনি জটিলতা অন্ধত্ব মাড়ির রোগ এবং অঙ্গহানির মতো শারীরিক জটিলতা হতে পারে,"সময়মতো চিকিৎসা না করালে হার্ট অ্যাটাক, স্ট্রোক, কিডনি জটিলতা, অন্ধত্ব, মাড়ির রোগ এবং অঙ্গচ্ছেদের মতো শারীরিক জটিলতা হতে পারে।","সঠিক সময়ে চিকিৎসার অভাবে হার্ট অ্যাটাক, স্ট্রোক, কিডনির সমস্যা, অন্ধত্ব, মাড়ির রোগ ও অঙ্গহানির মতো গুরুতর শারীরিক জটিলতা দেখা দিতে পারে।",52.87291687199922,,1367.0
শুষ্ক ও রুক্ষ ত্বককে নরম রাখে,শুষ্ক ও রুক্ষ ত্বক নরম রাখে।,রুক্ষ ও শুষ্ক ত্বকের কোমলতা বজায় রাখে।,25.821445656000837,,1368.0
শরীরকে হাইড্রেটেড ও শীতল রাখতে সাহায্য করে তরমুজ,তরমুজ শরীরকে হাইড্রেটেড ও ঠান্ডা রাখতে সাহায্য করে।,তরমুজ শরীরের জলীয় চাহিদা পূরণ করে এবং একে শীতল রাখতে সহায়তা করে।,39.107782813000085,,1369.0
তবে মাথাঘোরা মাথাব্যথা ঝাপসা দেখা দম আটকে আসা ইত্যাদি সমস্যা হলে রক্তচাপ পর্যবেক্ষণে রাখতে হবে,"তবে মাথা ঘোরা, মাথাব্যথা, ঝাপসা দৃষ্টি, শ্বাসকষ্টের মতো সমস্যা থাকলে রক্তচাপ পর্যবেক্ষণ করতে হবে।","কিন্তু মাথা ঘোরা, মাথা ব্যথা, দৃষ্টিশক্তি ঝাপসা হয়ে আসা বা শ্বাসকষ্টের মতো লক্ষণ প্রকাশ পেলে রক্তচাপের দিকে নজর রাখা আবশ্যক।",30.16987857299955,,1370.0
আমরা দিনের পর দিন একটি প্রচলিত ভুল ধারণার মধ্যে দিয়ে যাচ্ছি যে রক্তসম্পর্কীয় নিকটাত্মীয়ের কাছ থেকে রক্ত নিতে হবে,"দিনের পর দিন, আমরা একটি সাধারণ ভুল ধারণার সম্মুখীন হই যে রক্ত ​​নেওয়া উচিত নিকটাত্মীয়দের কাছ থেকে।",রক্তসম্পর্কীয় নিকটাত্মীয়দের কাছ থেকেই রক্ত সংগ্রহ করতে হবে—এই বহুল প্রচলিত ভ্রান্ত ধারণাটি আমরা দীর্ঘদিন ধরে পোষণ করে আসছি।,39.463939739000125,,1371.0
এর কমবেশি হলে বুঝতে হবে শরীরে কোনো না কোনো সমস্যা আছে,বেশি বা কম হলে বুঝতে হবে শরীরে কোনো সমস্যা আছে।,এর মাত্রা স্বাভাবিকের চেয়ে কম বা বেশি হলে বুঝতে হবে শরীরে কোনো একটা সমস্যা রয়েছে।,32.344756115000564,,1372.0
 তাই সংক্রমণের ফাঁদ এড়াতে চাইলে প্রায়ই এই ডাল খান,তাই সংক্রমণের ফাঁদ এড়াতে চাইলে প্রায়ই এই ডাল খান।,"সুতরাং, সংক্রমণের জালে আটকা পড়া ঠেকাতে চাইলে ঘন ঘন এই ডাল খান।",38.23272543799976,,1373.0
আয়রনের অভাবে দুর্বলতা বা ক্লান্তি অনুভব করতে পারেন আপনি,আয়রনের ঘাটতির কারণে আপনি দুর্বল বা ক্লান্ত বোধ করতে পারেন।,শরীরে আয়রনের ঘাটতি থাকলে আপনি দুর্বল বা ক্লান্ত বোধ করতে পারেন।,38.31840583699977,,1374.0
এক্ষেত্রে আমরা প্রথমে শিশুর ডিটেইলস হিস্ট্রি নিয়ে থাকি,"এই ক্ষেত্রে, আমরা প্রথমে শিশুর বিস্তারিত ইতিহাস গ্রহণ করি।",এই পরিস্থিতিতে সর্বপ্রথম আমরা শিশুটির বিস্তারিত ইতিবৃত্ত সংগ্রহ করি।,32.58760011600043,,1375.0
আরও কিছু ওষুধ দীর্ঘ মেয়াদে হাড়ের ওপর বিরূপ প্রভাব ফেলে,কিছু অন্যান্য ওষুধের হাড়ের উপর দীর্ঘমেয়াদী বিরূপ প্রভাব রয়েছে।,দীর্ঘমেয়াদী ব্যবহারে আরও কয়েকটি ঔষধ হাড়ের ওপর নেতিবাচক প্রভাব ফেলে।,36.77894073700008,,1376.0
৬. স্বাস্থ্য অধিদফতর থেকে সার্বিক পরিস্থিতি পর্যবেক্ষণে কন্ট্রোল রুম খোলা হয়েছে,সার্বিক পরিস্থিতি পর্যবেক্ষণের জন্য স্বাস্থ্য বিভাগ একটি কন্ট্রোল রুম খোলা হয়েছে।,৬. সামগ্রিক পরিস্থিতি পর্যবেক্ষণের উদ্দেশ্যে স্বাস্থ্য অধিদফতর কর্তৃক একটি কন্ট্রোল রুম স্থাপন করা হয়েছে।,27.29687892700076,,1377.0
কাজেই এর চিকিৎসার প্রয়োজন হয় না,তাই এর চিকিৎসার প্রয়োজন নেই।,সুতরাং এটির চিকিৎসার কোনো প্রয়োজন নেই।,23.66127020400017,,1378.0
একটা পানীয়ই এত পরিমাণ ক্যালোরি জোগায় শরীরে,একটি পানীয় শরীরে অনেক ক্যালোরি সরবরাহ করে।,শুধুমাত্র একটি পানীয়ই শরীরে এত বিপুল পরিমাণ ক্যালোরি পৌঁছে দেয়।,30.408491440000034,,1379.0
প্রতিদিনই চিকিৎসা বিজ্ঞানে ব্যাপক বৈজ্ঞানিক বিপ্লব সাধিত হচ্ছে,প্রতিদিন চিকিৎসা বিজ্ঞানে ব্যাপক বৈজ্ঞানিক বিপ্লব সাধিত হচ্ছে।,চিকিৎসা বিজ্ঞানের অঙ্গনে প্রতিদিনই যুগান্তকারী বৈজ্ঞানিক বিপ্লব সংঘটিত হচ্ছে।,38.43878229499933,,1380.0
আঙুরের জুসে অ্যান্টিঅক্সিডেন্ট ও অ্যান্টিইনফ্লামিটরির মতো গুরুত্বপূর্ণ উপাদান রয়েছে যা অঙ্গপ্রত্যঙ্গের প্রদাহ দূর করে,আঙ্গুরের রসে অ্যান্টিঅক্সিডেন্ট এবং অ্যান্টি-ইনফ্লেমেটরি এজেন্টের মতো গুরুত্বপূর্ণ উপাদান রয়েছে যা অঙ্গগুলির প্রদাহ কমায়।,"আঙুরের রসে অ্যান্টিঅক্সিডেন্ট ও প্রদাহরোধকের মতো অত্যাবশ্যকীয় উপাদান বিদ্যমান, যা দেহের বিভিন্ন অঙ্গের প্রদাহ উপশম করে।",40.376230970000506,,1381.0
 আর এর সবগুলোর পেছনেই রয়েছে অস্বাস্থ্যকর খাদ্যাভ্যাস,আর এসবের পেছনে রয়েছে অস্বাস্থ্যকর খাদ্যাভ্যাস।,আর এই সমস্ত কিছুর মূলেই রয়েছে ক্ষতিকর খাদ্যগ্রহণের অভ্যাস।,27.934056854999653,,1382.0
 ঘরে থাকা উচিত আর জ্বর সেরে গেলেও আরও একদিন গৃহবাস যাতে অন্যদের সংক্রমিত না হয়,জ্বর সেরে গেলেও বাড়িতে থাকা উচিত এবং আরও একদিন বাড়িতে থাকা উচিত যাতে অন্যদের সংক্রমিত না হয়।,জ্বর কমে যাওয়ার পরেও অন্যদের মধ্যে সংক্রমণ ছড়াতে না দেওয়ার জন্য আরও একদিন বাড়িতেই থাকা উচিত।,23.11594940299983,,1383.0
সমস্ত চিকিৎসা তথ্য দেখতে এবং তৈরি করতে একটি সাধারণ সফ্টওয়্যার ব্যবহৃত হতো,একটি সাধারণ সফ্টওয়্যার সমস্ত মেডিকেল ডেটা দেখতে এবং জেনারেট করতে ব্যবহৃত হয়েছিল।,চিকিৎসা সংক্রান্ত সমস্ত তথ্য প্রদর্শন ও তৈরি করার কাজে একটি সাধারণ সফটওয়্যার ব্যবহার করা হতো।,34.45032106300005,,1384.0
কিছু নিয়মিত অভ্যাস যেমন পানিশূন্যতা রোধে বেশি করে পানি খাওয়া ভালো রক্ত সঞ্চালনের জন্য হাঁটা এবং ফুসফুসকে ভালো রাখতে শ্বাস প্রশ্বাসের চর্চা আমাদের জীবনকে অধিকতর আনন্দময় করতে পারে,"কিছু নিয়মিত অভ্যাস যেমন ডিহাইড্রেশন প্রতিরোধে বেশি করে পানি পান করা, ভালো রক্ত ​​সঞ্চালনের জন্য হাঁটা এবং ফুসফুসকে সুস্থ রাখতে শ্বাস-প্রশ্বাসের ব্যায়াম আমাদের জীবনকে আরও আনন্দময় করে তুলতে পারে।","আমাদের জীবনকে আরও বেশি আনন্দঘন করে তোলার ক্ষমতা রাখে এমন কিছু নিত্যদিনের অভ্যাস হলো শরীরকে পানিশূন্যতা থেকে বাঁচাতে পর্যাপ্ত পানি পান করা, রক্ত সঞ্চালন স্বাভাবিক রাখতে নিয়মিত হাঁটা এবং ফুসফুস সুস্থ রাখতে শ্বাস-প্রশ্বাসের অনুশীলন করা।",50.42441879099988,,1385.0
আবার ঝিঁঝি ধরা বা সুচের তীক্ষ্ণ আচড়ের মতো ব্যথার অনুভূতি হতে পারে,"আবার, একটি টিংলিং বা পিন-তীক্ষ্ণ ব্যথা সংবেদন হতে পারে","এছাড়াও, ঝিঁঝি করা অথবা সুঁই ফোঁটার মতো তীব্র ব্যথার অনুভূতি জাগতে পারে।",37.3242922469999,,1386.0
মিষ্টি আলুতে কার্বোহাইড্রেট এবং অ্যান্টিঅক্সিডেন্টস প্রচুর পরিমাণে থাকায় আপনি অনেকক্ষণ চাঙ্গা থাকার এনার্জি পাবেন এই খাবার থেকে,"মিষ্টি আলুতে প্রচুর পরিমাণে কার্বোহাইড্রেট এবং অ্যান্টিঅক্সিডেন্ট রয়েছে, তাই এগুলি আপনাকে দীর্ঘ সময়ের জন্য শক্তিশালী থাকার শক্তি দেবে।","মিষ্টি আলুতে প্রচুর মাত্রায় কার্বোহাইড্রেট ও অ্যান্টিঅক্সিডেন্ট বিদ্যমান থাকায়, এই খাবার থেকে আপনি দীর্ঘক্ষণ সক্রিয় ও সতেজ থাকার প্রয়োজনীয় শক্তি লাভ করবেন।",35.70737951299998,,1387.0
 শুক্রাণুর সংখ্যা কমে গেলে আদা খাওয়া উচিত,শুক্রাণুর সংখ্যা কম হলে আদা খাওয়া উচিত।,শুক্রাণুর মাত্রা হ্রাস পেলে আদা সেবন করা উচিত।,23.33597703299984,,1388.0
আরও পড়ুন                                                                                           পটলের বীজ খেয়ে ফেললে যা ঘটবে আপনার শরীরে                                        কিছুক্ষণ পরপর ঘাড়ের ব্যায়াম আপনাকে কিছুক্ষণ বাদে বাদে ঘাড়ের ব্যায়াম করতে হবে,আরও পড়ুন মেথির বীজ খেলে আপনার শরীরের কী হয় নিয়মিত বিরতিতে ঘাড়ের ব্যায়াম আপনাকে নিয়মিত বিরতিতে ঘাড়ের ব্যায়াম করতে হবে,"আরও জানুন: পটলের বীজ গিলে ফেললে আপনার শরীরে কী প্রভাব পড়ে। পাশাপাশি, আপনাকে মাঝে মাঝেই ঘাড়ের ব্যায়াম করা উচিত।",39.14425136699992,,1389.0
৪ চোখে মুখে হাত দেয়া থেকে বিরত থাকতে হবে,4 চোখ এবং মুখ স্পর্শ এড়িয়ে চলুন.,৪. চোখ ও মুখে হাত স্পর্শ করা এড়িয়ে চলতে হবে।,31.7625853239997,,1390.0
এ পরীক্ষায় কোনো পলিপ বা অস্বাভাবিক টিস্যু চোখে পড়লে তা কেটে বের করা হয় এবং সেটির বায়োপসি পরীক্ষাও করা হয়,"এই পরীক্ষায় যদি কোনো পলিপ বা অস্বাভাবিক টিস্যু পাওয়া যায়, তাহলে তা অপসারণ করা হয় এবং একটি বায়োপসিও করা হয়।",এই পরীক্ষার সময় কোনো পলিপ বা অস্বাভাবিক টিস্যু শনাক্ত হলে তা অপসারণ করে বায়োপসি পরীক্ষা করা হয়।,35.22287831799986,,1391.0
স্বাস্থ্য অধিদফতরের তথ্য মতে দেশে একদিনে আরও ৫৬৪ জনের মধ্যে নতুন করোনাভাইরাসের সংক্রমণ ধরা পড়ায় মোট আক্রান্তের সংখ্যা বেড়ে হয়েছে ৭ হাজার ৬৬৭ জন,"স্বাস্থ্য অধিদফতরের তথ্য অনুযায়ী, দেশে একদিনে আরও ৫৬৪ জন আক্রান্ত হওয়ায় মোট আক্রান্তের সংখ্যা ৭ হাজার ৬৬৭ জনে দাঁড়িয়েছে।","স্বাস্থ্য অধিদপ্তরের তথ্য অনুযায়ী, গত ২৪ ঘণ্টায় দেশে ৫৬৪ জনের করোনাভাইরাস শনাক্ত হওয়ায় মোট আক্রান্তের সংখ্যা ৭ হাজার ৬৬৭ জনে পৌঁছেছে।",34.233541995999985,,1392.0
তাই স্বাদু পানির মাছেও আয়োডিন খুব বেশি থাকে না,তাই মিঠা পানির মাছেও খুব বেশি আয়োডিন থাকে না।,সে কারণেই মিঠা পানির মাছেও আয়োডিনের পরিমাণ তেমন বেশি হয় না।,24.676465902000015,,1393.0
তা সম্ভব না হলে সপ্তাহে পাঁচ দিন কমপক্ষে ৩০ মিনিট করে হাঁটুন,"যদি তা সম্ভব না হয়, সপ্তাহে পাঁচ দিন অন্তত ৩০ মিনিট হাঁটুন।","যদি তা সম্ভব না হয়, তবে সপ্তাহের পাঁচ দিন অন্তত ৩০ মিনিট করে হেঁটে নিন।",41.103697855000064,,1394.0
শরীরে বাড়তি মেদ জমে নানাবিধ রোগের সৃষ্টি হয়,শরীরে অতিরিক্ত চর্বি জমে নানা রোগের সৃষ্টি করে।,দেহে অতিরিক্ত চর্বি জমার ফলে বিভিন্ন ধরনের রোগ দেখা দেয়।,27.99422132000018,,1395.0
 চালকুমড়ার রস ৩ থেকে ৪ চা চামচ একটু চিনি মিশিয়ে খাবেন,3 থেকে 4 চা চামচ কুমড়ার রসে সামান্য চিনি মিশিয়ে পান করুন।,সামান্য চিনি মিশিয়ে ৩ থেকে ৪ চা চামচ চালকুমড়ার রস সেবন করবেন।,27.09400999599984,,1396.0
পৌনে ১০টার দিকে হঠাৎ বহির্বিভাগের কলাপসিবল গেট বন্ধ করে দেওয়া হয়,সাড়ে ১০টার দিকে বাইরের কলাপসিবল গেটটি হঠাৎ বন্ধ হয়ে যায়।,পৌনে দশটার সময় আকস্মিকভাবে বহির্বিভাগের কলাপসিবল গেটটি বন্ধ করে দেওয়া হলো।,30.451844894000715,,1397.0
সেলারি বীজ: সেলারি বীজ মূত্র বর্ধক হিসাবে কাজ করে,সেলারি বীজ: সেলারি বীজ মূত্রবর্ধক হিসাবে কাজ করে।,সেলারি বীজ: এই বীজগুলো মূত্র নিঃসরণ বৃদ্ধিতে সহায়ক ভূমিকা পালন করে।,30.41791466199993,,1398.0
যারা এই মাস্ক ব্যবহার করেন তাদের বলা হয়েছে ঢিলেঢালাভাবে মাস্কটি পরিধান করলে ব্যাকটেরিয়া সহজে নাক অথবা মুখ দিয়ে প্রবেশ করতে পারে,যারা এই মাস্কগুলি ব্যবহার করেন তাদের বলা হয় যে মাস্কটি ঢিলেঢালাভাবে পরলে ব্যাকটেরিয়া সহজেই নাক বা মুখ দিয়ে প্রবেশ করতে পারে।,"এই মাস্ক ব্যবহারকারীদের সতর্ক করা হয়েছে যে, মাস্কটি আলগাভাবে পরলে নাক বা মুখ দিয়ে ব্যাকটেরিয়া খুব সহজেই প্রবেশ করতে পারে।",29.44493896099993,,1399.0
মাঝের মায়োমেট্রিয়াম স্তরটিতেই দেখা দেয় অ্যাডেনোমায়োসিস,অ্যাডেনোমায়োসিস শুধুমাত্র মধ্যবর্তী মায়োমেট্রিয়াম স্তরে ঘটে।,মায়োমেট্রিয়ামের মধ্যবর্তী স্তরেই অ্যাডেনোমায়োসিসের উদ্ভব ঘটে।,33.144342967999364,,1400.0
যেহেতু সহজে ধরা পড়ে না তাই অনেকে জানেনই না যে তাঁদের এই রোগ রয়েছে,"যেহেতু এটা সহজে ধরা পড়ে না, তাই অনেকেই জানেন না তাদের এই রোগ আছে।",এই রোগটি সহজে শনাক্ত করা যায় না বলে অনেকেরই জানা নেই যে তারা এই ব্যাধিতে আক্রান্ত।,23.089268071000333,,1401.0
সম্প্রতি ৫০ শয্যার হাসপাতালগুলোতে সব ধরনের রোগীর চিকিৎসার নির্দেশ দেয়ায় আরও ৩শ হাসপাতাল এর সঙ্গে যুক্ত হওয়ার কথা,"সম্প্রতি, ৫০ শয্যা বিশিষ্ট হাসপাতালকে সব ধরনের রোগীর চিকিৎসার নির্দেশ দেওয়া হয়েছে এবং আরও ৩০০ হাসপাতাল এতে যোগ দেবে বলে আশা করা হচ্ছে।","সাম্প্রতিক সময়ে ৫০ শয্যাবিশিষ্ট হাসপাতালগুলোতে সর্বপ্রকার রোগীর চিকিৎসার নির্দেশনা জারি হওয়ায়, আরও ৩০০টি হাসপাতাল এই কর্মসূচির আওতায় আসার কথা রয়েছে।",38.62631273599982,,1402.0
আমাদের দেশেও ক্যান্সার এর চিকিৎসা সেবার ক্ষেত্রে কম অগ্রগতি হয়নি,আমাদের দেশে ক্যান্সার চিকিৎসার ক্ষেত্রেও তেমন অগ্রগতি হয়নি।,আমাদের দেশেও ক্যান্সার চিকিৎসার সেবায় উল্লেখযোগ্য উন্নতি সাধিত হয়েছে।,31.54932525500044,,1403.0
কাঁচা সবজির মধ্যে গাজর ও শসাটমেটোর ভূমিকা কম নয়,কাঁচা সবজির মধ্যে গাজর ও টমেটোর ভূমিকা কম নেই।,"কাঁচা সবজির তালিকায় গাজর, শসা ও টমেটোর গুরুত্ব উল্লেখযোগ্য।",32.029837261000466,,1404.0
কিন্তু কেন কিভাবে এটি শুরু হল,কিন্তু এটা কিভাবে শুরু হল?,কিন্তু কেন এবং কীভাবে এর সূত্রপাত ঘটল?,20.733850977000657,,1405.0
আলিঙ্গন শুধুমাত্র অনুভূতি প্রকাশের মাধ্যম নয়,আলিঙ্গন শুধুমাত্র অনুভূতি প্রকাশ করার একটি উপায় নয়।,আলিঙ্গন কেবল আবেগ প্রকাশেরই সীমাবদ্ধ মাধ্যম নয়।,50.56420934299968,,1406.0
কানে শোঁ শোঁ শব্দ হতে পারে অনেক সময় কান দিয়ে রক্তও বের হতে পারে,কানে বাজতে পারে এবং অনেক সময় কান থেকে রক্তও বের হতে পারে।,কানের ভেতরে শোঁ শোঁ আওয়াজ হওয়ার পাশাপাশি অনেক সময় কান থেকে রক্তও পড়তে পারে।,28.20523668900023,,1407.0
রক্তের উপাদানগত সমস্যা বা কোনো কারণে সাময়িকভাবে রক্তের ঘনত্ব বৃদ্ধি পেলে যেমন পানি শূন্যতা রক্ত ধমনির ভেতরেই জমাট বেঁধে যায় ও রক্ত চলাচলের পথ বন্ধ করে দেয়,"রক্তের উপাদানের সমস্যা বা যেকোনো কারণে রক্তের ঘনত্ব সাময়িকভাবে বেড়ে যাওয়া, যেমন ডিহাইড্রেশন, ধমনীর ভেতরে রক্ত ​​জমাট বাঁধে এবং রক্ত ​​চলাচলে বাধা সৃষ্টি করে।",রক্তের উপাদানগত ত্রুটি অথবা পানিশূন্যতার মতো কারণে সাময়িকভাবে রক্তের ঘনত্ব বৃদ্ধি পেলে ধমনীর অভ্যন্তরেই রক্ত জমাট বেঁধে রক্ত সঞ্চালনের পথ অবরুদ্ধ করে দেয়।,37.32398077299968,,1408.0
 করোনায় যাদের ডায়াবেটিস ছিল না তাদের অনেকের ডায়াবেটিস হয়েছে,করোনায় যাদের ডায়াবেটিস ছিল না তাদের অনেকেরই ডায়াবেটিস হয়েছে।,"করোনা মহামারির ফলে পূর্বে যাদের ডায়াবেটিস ছিল না, তাদের অনেকেই এখন এই রোগে আক্রান্ত হয়েছেন।",31.37621317599951,,1409.0
৫ থেকে ৯ বছর বয়সী ৩৬৪ জন ১০১৪ বছরের ১০৩ জন এবং ১৫১৮ বছরের ৩৯ জন,"5 থেকে 9 বছর বয়সী 364, 103 1014 এবং 39 বছর বয়সী 1518।","৫ থেকে ৯ বছর বয়সীদের সংখ্যা ৩৬৪ জন, ১০ থেকে ১৪ বছর বয়সীদের সংখ্যা ১০৩ জন এবং ১৫ থেকে ১৮ বছর বয়সীদের সংখ্যা ৩৯ জন।",42.15030426799967,,1410.0
যাদের খুশকি হয় তারা মাথা ভেজা রাখবেন না এবং ভেজা অবস্থায় চুল বাঁধবেনও না,খুশকিতে আক্রান্ত ব্যক্তিদের মাথার ত্বক ভেজা রাখা উচিত নয় এবং ভেজা অবস্থায় চুল বাঁধবেন না।,খুশকির সমস্যায় ভোগা ব্যক্তিদের কখনোই ভেজা মাথা রাখা উচিত নয় এবং ভেজা চুল বেঁধেও রাখা যাবে না।,30.013655597999787,,1411.0
প্রসব পরবর্তী থায়রয়েড গ্রন্থির প্রদাহ সব সময় প্রতিরোধ করা সম্ভব হবে তা নয়,প্রসবোত্তর থাইরয়েডাইটিস সবসময় প্রতিরোধযোগ্য নয়।,সন্তান প্রসবের পর থায়রয়েড গ্রন্থির প্রদাহ সর্বদা রোধ করা সম্ভব হয় না।,29.450848619999302,,1412.0
আমরা অনেকেই জানি না এ অঙ্গপ্রত্যঙ্গের মধ্যে প্রধান হল আমাদের অন্তঃকর্ণ,আমরা অনেকেই জানি না যে এই অঙ্গগুলির মধ্যে প্রধান হল আমাদের ভিতরের কান।,"আমাদের অন্তঃকর্ণই যে এই অঙ্গপ্রত্যঙ্গগুলোর মধ্যে সর্বপ্রধান, তা আমাদের অনেকেরই অজানা।",23.219079399999828,,1413.0
 পেশিতে বল কম পাওয়া এবং গিরা শক্ত হয়ে ধরে থাকায় শারীরিক কার্যক্ষমতার অবনতি,পেশী শক্তি হ্রাস এবং টাইট জয়েন্টগুলির কারণে শারীরিক কর্মক্ষমতা ব্যাহত হয়।,পেশীর দুর্বলতা এবং গিঁটের জড়তার কারণে শারীরিক কর্মক্ষমতা হ্রাস পায়।,27.053580388000228,,1414.0
পেপটিক আলসার ডায়াবেটিস হৃদরোগী বাতব্যথার রোগীও সরাসরি রোজায় উপকার পান,"পেপটিক আলসার, ডায়াবেটিস, হৃদরোগ এবং আর্থ্রাইটিসের রোগীরাও রোজা রাখলে সরাসরি উপকার হয়।","পেপটিক আলসার, ডায়াবেটিস, হৃদরোগ এবং বাতের ব্যথায় আক্রান্ত রোগীরাও রোজা পালনের ফলে প্রত্যক্ষ উপকার লাভ করে থাকেন।",34.061716775000605,,1415.0
সারাবছরই ফ্রিজে বরফ জমিয়ে রাখতে হয় তবে এর সবচেয়ে বেশি প্রয়োজন পড়ে গরমকালে,"আপনাকে সারা বছর ফ্রিজে বরফ রাখতে হবে, তবে গ্রীষ্মের মাসগুলিতে এটি সবচেয়ে বেশি প্রয়োজন।","যদিও সারা বছর ধরেই ফ্রিজে বরফ জমা করে রাখতে হয়, তবুও গ্রীষ্মকালে এর প্রয়োজনীয়তা সবচেয়ে বেশি অনুভূত হয়।",39.7668503040004,,1416.0
যখন রোগটি আকৃতিতে বৃদ্ধি পায় তখন আক্রান্ত স্থান সমান থেকে উঁচু হয়ে যায়,রোগটি আকারে অগ্রসর হওয়ার সাথে সাথে আক্রান্ত স্থান সমতল থেকে উঁচু হয়ে যায়।,রোগটি আয়তনে বৃদ্ধি পেলে আক্রান্ত অংশটি সমতল থেকে ফুলে ওঠে।,40.29324493900003,,1417.0
ওষুধ খাওয়ার সময় শিশুরা কাঁদতে থাকে,ওষুধ খাওয়ার সময় শিশুরা কাঁদে।,ওষুধ সেবনের সময় বাচ্চারা কান্নাকাটি করে।,35.60712920900005,,1418.0
ডাক্তাররা আসলে তাদের পুরো জীবনটাই রোগীর জন্য উৎসর্গ করে,ডাক্তাররা আসলে তাদের পুরো জীবন তাদের রোগীদের জন্য উৎসর্গ করে।,"প্রকৃতপক্ষে, চিকিৎসকরা তাদের সমগ্র জীবন রোগীদের সেবায় নিবেদিত করেন।",26.832705424999403,,1419.0
হাঁপানি থেকে বাঁচার উপায় নিয়ে বিস্তারিত জানিয়েছেন অ্যালার্জি ও অ্যাজমা রোগ বিশেষজ্ঞ অধ্যাপক ডা গোবিন্দ চন্দ্র দাস,অ্যালার্জি ও অ্যাজমা বিশেষজ্ঞ প্রফেসর ডাঃ গোবিন্দ চন্দ্র দাস অ্যাজমা থেকে কীভাবে মুক্তি পাবেন তা বিস্তারিত জানিয়েছেন।,অ্যালার্জি ও অ্যাজমা রোগ বিশেষজ্ঞ অধ্যাপক ডা. গোবিন্দ চন্দ্র দাস হাঁপানি রোগ প্রতিরোধের উপায়গুলো সম্পর্কে বিস্তারিত আলোচনা করেছেন।,31.064848886000615,,1420.0
আর বাঙালির রান্নাঘরে শাকের কোনো কমতি নেই,আর বাঙালির রান্নাঘরে সবজির অভাব নেই।,তাছাড়া বাঙালিদের রান্নাঘরে শাকের কখনোই অভাব হয় না।,28.6012673690002,,1421.0
কিডনি রোগের উপসর্গ ও লক্ষণ,কিডনি রোগের লক্ষণ ও লক্ষণ,বৃক্কের ব্যাধির উপসর্গ এবং লক্ষণাবলী,27.899446821999845,,1422.0
কিন্তু মজার ব্যাপার হচ্ছে পেঁপের সঙ্গে পেঁপের বীজও যে আমাদের শরীরের জন্য অনেক বেশি পুষ্টি সরবরাহকারী তা আমরা বেশির ভাগ মানুষই জানি না,কিন্তু মজার ব্যাপার হল আমরা অনেকেই জানি না যে পেঁপে এবং পেঁপের বীজও আমাদের শরীরের জন্য খুবই পুষ্টিকর।,"আশ্চর্যের বিষয় হলো, পেঁপের পাশাপাশি এর বীজও যে শরীরের জন্য অত্যন্ত পুষ্টিকর, এই সত্যটি আমাদের অধিকাংশেরই জানা নেই।",35.3760579689997,,1423.0
চারটি দেশ ও অঞ্চল ছাড়া সব দেশ থেকেই যাত্রী আসা বন্ধ করে দেয়া হয়েছে,চারটি দেশ ও অঞ্চল ছাড়া বাকি সবগুলো থেকে যাত্রীদের আগমন নিষিদ্ধ করা হয়েছে।,চারটি দেশ ও অঞ্চল ব্যতীত বাকি সকল দেশ থেকে যাত্রী প্রবেশ নিষিদ্ধ করা হয়েছে।,24.38460580699939,,1424.0
নিয়মিত স্বাভাবিক খাবার খেলেও গলার ভেতর ময়লা জমতে পারে না,নিয়মিত খাবার খেলেও গলায় ময়লা জমতে পারে না।,নিত্যদিনের সাধারণ খাদ্যগ্রহণ করলেও গলার ভেতরে ময়লা জমার কোনো সুযোগ থাকে না।,30.44218075000026,,1425.0
সচরাচর ছোট্ট শিশুদের ফিস্টুলা হয় যদিও যেকোনো বয়সেই এনাল ফিশার হতে পারে,"ছোট বাচ্চাদের মধ্যে ফিস্টুলা বেশি দেখা যায়, যদিও মলদ্বারে ফাটল যে কোন বয়সে হতে পারে।","সাধারণত ছোট শিশুদের ফিস্টুলা হয়ে থাকলেও, এনাল ফিশার যেকোনো বয়সেই দেখা দিতে পারে।",26.179394403000515,,1426.0
শুকনো খোলায় জিরা ধনে এবং শুকনো মরিচ ভেজে গুঁড়ো করে নিন,"একটি শুকনো প্যানে জিরা, ধনেপাতা এবং শুকনো মরিচ ভাজুন এবং গুঁড়ো করে নিন।","জিরা, ধনে ও শুকনো মরিচ শুকনো কড়াইয়ে ভেজে নিয়ে সেগুলো মিহি করে গুঁড়ো করে নিন।",38.64392446900001,,1427.0
রক্ত উঠানামা একটি জটিল স্বাস্থ্যগত সমস্যা,রক্ত জমাট বাঁধা একটি জটিল স্বাস্থ্য সমস্যা।,রক্ত বমি হওয়া একটি গুরুতর শারীরিক জটিলতা।,30.852487109999856,,1428.0
শুধু রোজার ক্ষেত্রে পেস্ট ও ব্রাশসহকারে ইফতার ও সাহ্রির পর দুবার ভালো করে দাঁত ব্রাশ করতে হবে,শুধুমাত্র রোজা অবস্থায়ই ইফতার ও সাহরির পর টুথপেস্ট এবং ব্রাশ দিয়ে ভালোভাবে দাঁত ব্রাশ করা উচিত।,শুধুমাত্র রোজার সময় ইফতার ও সেহরির পরে টুথপেস্ট ও ব্রাশ ব্যবহার করে দুই বার করে দাঁত ভালোভাবে মাজা আবশ্যক।,26.91976721100036,,1429.0
শুধু তাই নয় রোগপ্রতিরোধ কম ওয়ালা কেউ এতে আক্রান্ত হলে মৃত্যুঝুঁকিও তার বেশি,"শুধু তাই নয়, কম রোগ প্রতিরোধ ক্ষমতা সম্পন্ন কেউ আক্রান্ত হলে মৃত্যুর ঝুঁকিও বেশি।","শুধু এটুকুই নয়, দুর্বল রোগ প্রতিরোধ ক্ষমতাসম্পন্ন কেউ এই সংক্রমণে আক্রান্ত হলে তার মৃত্যুর ঝুঁকিও অনেক বেশি থাকে।",30.59190512799978,,1430.0
 বিভিন্ন দেশে দেখার পরে আমরা বাংলাদেশের বিশেষজ্ঞদের সঙ্গে আলাপ করে এটা নিয়ে এসেছি,বিভিন্ন দেশ ঘুরে বাংলাদেশের বিশেষজ্ঞদের সঙ্গে কথা বলে আমরা বিষয়টি নিয়ে এসেছি।,বিভিন্ন দেশে পর্যবেক্ষণ শেষে আমরা বাংলাদেশের বিশেষজ্ঞদের সাথে আলোচনা করে এটি নিয়ে এসেছি।,27.58437840999977,,1431.0
বমির সমস্যা থেকে মুক্তি পেতে কাছে রাখতে পারেন লেবুর পাতা যার ঘ্রাণ বমিভাব কাটাতে সাহায্য করে,"বমির সমস্যা থেকে মুক্তি পেতে লেবু পাতা রাখতে পারেন, যার গন্ধ বমি বমি ভাব কমাতে সাহায্য করে।","বমির সমস্যা থেকে রেহাই পেতে লেবুর পাতা কাছে রাখতে পারেন, কারণ এর সুঘ্রাণ বমি বমি ভাব দূর করতে বেশ কার্যকর।",28.208110680000573,,1432.0
বিচারপতি কে এম কামরুল কাদের ও বিচারপতি মোহাম্মদ আলীর সমন্বয়ে গঠিত হাইকোর্ট বেঞ্চে মঙ্গলবার সশরীরে হাজির হয়ে লিখিতভাবে ক্ষমা চান তিনি,মঙ্গলবার বিচারপতি কে এম কামরুল কাদের ও বিচারপতি মোহাম্মদ আলীর হাইকোর্ট বেঞ্চে তিনি ব্যক্তিগতভাবে হাজির হয়ে লিখিতভাবে ক্ষমা চান।,মঙ্গলবার বিচারপতি কে এম কামরুল কাদের এবং বিচারপতি মোহাম্মদ আলীর সমন্বয়ে গঠিত হাইকোর্ট বেঞ্চে সরাসরি উপস্থিত হয়ে তিনি লিখিত আকারে ক্ষমা প্রার্থনা করেন।,25.54465035799967,,1433.0
খেয়াল রাখতে হবে বাচ্চা যেন ভেজা অবস্থায় থেকে না যায়,বাচ্চা যাতে ভিজে না থাকে সেদিকে খেয়াল রাখতে হবে।,লক্ষ্য রাখতে হবে যাতে শিশুটি ভিজে অবস্থায় না থাকে।,28.098057936999798,,1434.0
গবেষকরা জানিয়েছেন চীনের হুবেই প্রদেশের উহান শহরে প্রথম শনাক্ত হওয়ার বহু আগ থেকেই প্রাণী থেকে মানুষের শরীরে এ ভাইরাস ছড়িয়েছে,"গবেষকরা বলছেন, ভাইরাসটি চীনের হুবেই প্রদেশের উহানে প্রথম শনাক্ত হওয়ার অনেক আগেই প্রাণী থেকে মানুষের মধ্যে ছড়িয়ে পড়েছে।","গবেষকদের মতে, চীনের হুবেই প্রদেশের উহান শহরে এই ভাইরাসটি প্রথম ধরা পড়ার অনেক আগে থেকেই প্রাণী থেকে মানুষের দেহে এর সংক্রমণ ছড়িয়ে পড়েছিল।",33.588879657999314,,1435.0
২ ডিম্বাশয়ে সিস্ট আছে কি না তা জানতে আলট্রাসনোগ্রাফি,2 ডিম্বাশয়ে সিস্ট আছে কিনা তা খুঁজে বের করতে আলট্রাসনোগ্রাফি,২ ডিম্বাশয়ে সিস্টের উপস্থিতি যাচাই করার জন্য আল্ট্রাসনোগ্রাফি করা হয়।,27.050518209000074,,1436.0
প্রধানমন্ত্রী বলেন আমি মনে করি যত বেশি আমাদের গবেষণা বাড়বে তত বেশি জাতি হিসাবে অর্থনৈতিক উন্নয়নে আমাদের দেশের মানুষ অবদান রাখতে পারবে,"প্রধানমন্ত্রী বলেন, আমি মনে করি আমাদের গবেষণা যত বাড়বে, আমাদের দেশের মানুষ জাতি হিসেবে অর্থনৈতিক উন্নয়নে তত বেশি অবদান রাখতে পারবে।","প্রধানমন্ত্রী অভিমত ব্যক্ত করে বলেন, আমাদের গবেষণার পরিধি যত বৃদ্ধি পাবে, জাতি হিসেবে অর্থনৈতিক প্রগতিতে দেশবাসী তত বেশি ভূমিকা রাখতে সক্ষম হবে।",31.728398547000324,,1437.0
"বহুমূত্র রোগ বা ডায়াবেটিস হলো একটি গুরুতর ও দীর্ঘমেয়াদি অবস্থা, যেটি ঘটে যখন রক্তের গ্লুকোজের মাত্রা দীর্ঘসময় ধরে স্বাভাবিকের চেয়ে বেশি থাকে",পলিউরিয়া বা ডায়াবেটিস একটি গুরুতর এবং দীর্ঘমেয়াদী অবস্থা যা দীর্ঘ সময়ের জন্য রক্তে গ্লুকোজের মাত্রা স্বাভাবিকের চেয়ে বেশি হলে ঘটে।,"রক্তে গ্লুকোজের মাত্রা দীর্ঘদিন ধরে স্বাভাবিকের চেয়ে বেশি থাকার ফলে যে মারাত্মক ও দীর্ঘস্থায়ী ব্যাধির সৃষ্টি হয়, তাকেই বহুমূত্ররোগ বা ডায়াবেটিস বলা হয়।",40.7790044909998,,1438.0
তবে এই সমস্যার সহজ সমাধান হল সারাদিন ধরে পর্যাপ্ত পানি পান করা,কিন্তু এই সমস্যার সহজ সমাধান হল সারাদিন পর্যাপ্ত পানি পান করা।,তবে সারা দিন ধরে যথেষ্ট পরিমাণে পানি পান করাই এই সমস্যার সহজ সমাধান।,37.52613077700062,,1439.0
কোনো রোগীর কোনো দিন পেটেব্যথা না হলে এবং হঠাৎ করে কোনো দিন পেটেব্যথা হলে সঙ্গে প্রচুর ঘাম হলে বা বমি হলে সে ক্ষেত্রে যেহেতু হৃৎপিণ্ডের ব্লকজনিত কারণে হওয়ার আশঙ্কা বেশি সে ক্ষেত্রে অতিসত্বর নিকটস্থ হাসপাতাল বা স্বাস্থ্যকেন্দ্রে ইসিজি বা রক্তপরীক্ষা যেমন কার্ডিয়াক ট্রপোনিন আই পরীক্ষাটি করিয়ে নেওয়া উচিত,"যদি একজন রোগীর একদিনের জন্য পেটে ব্যথা না হয় এবং হঠাৎ পেটে ব্যথার সাথে প্রচুর ঘাম বা বমি হওয়ার সম্ভাবনা থাকে হার্ট ব্লকের কারণে, একটি ইসিজি বা রক্ত ​​​​পরীক্ষা যেমন কার্ডিয়াক ট্রপোনিন I যত তাড়াতাড়ি সম্ভব নিকটতম সময়ে করা উচিত। হাসপাতাল বা স্বাস্থ্য কেন্দ্র।","পূর্বে কখনো পেটে ব্যথার ইতিহাস না থাকলেও যদি হঠাৎ করে পেটে ব্যথা শুরু হয় এবং তার সাথে প্রচণ্ড ঘাম বা বমি দেখা দেয়, তবে হৃদযন্ত্রের ব্লকের ঝুঁকি থাকে অনেক বেশি; তাই এমন পরিস্থিতিতে দ্রুততম সময়ে নিকটবর্তী হাসপাতাল বা স্বাস্থ্যকেন্দ্রে গিয়ে ইসিজি ও কার্ডিয়াক ট্রপোনিন-আই এর মতো রক্ত পরীক্ষা করিয়ে নেওয়া একান্ত প্রয়োজন।",39.19894292499976,,1440.0
সে হিসাবে মার্চে মৃত্যু ফেব্রুয়ারির চেয়ে ৬২ শতাংশ মৃত্যু কম ছিল,"সেই অনুযায়ী, ফেব্রুয়ারির তুলনায় মার্চে মৃত্যু ৬২ শতাংশ কম।","ওই হিসাব অনুযায়ী, ফেব্রুয়ারির তুলনায় মার্চ মাসে মৃত্যুর সংখ্যা ৬২ শতাংশ কম ছিল।",28.840400743999453,,1441.0
একই সময়ে হাসপাতালে ভর্তি হয়েছেন আরও ৮৮৬ জন,একই সময়ে আরও ৮৮৬ জনকে হাসপাতালে ভর্তি করা হয়েছে।,একই সময়ে আরও ৮৮৬ জনকে হাসপাতালে ভর্তি করা হয়েছে।,26.111470147000546,,1442.0
এই ডেলিভারির সময় সঠিক মনিটরিং না হলে মা ও বাচ্চার জটিলতার হার বেড়ে যায়,এই প্রসবের সময় সঠিক পর্যবেক্ষণ না করা হলে মা ও শিশুর জটিলতার হার বেড়ে যায়।,এই প্রসবকালে সঠিক পর্যবেক্ষণের অভাব থাকলে মা ও শিশুর জটিলতার হার বৃদ্ধি পায়।,41.32227671699911,,1443.0
যেমন আক্রান্ত ব্যক্তির শরীরের তাপমাত্রা কমাতে ঠাণ্ডা বা বরফ মিশ্রিত পানি দিয়ে শরীর মুছে দিন,যেমন আক্রান্ত ব্যক্তির শরীরের তাপমাত্রা কমাতে ঠাণ্ডা বা বরফের পানি দিয়ে শরীর মুছে নিন।,"উদাহরণস্বরূপ, আক্রান্ত ব্যক্তির শরীরের তাপমাত্রা হ্রাস করার জন্য বরফ মেশানো ঠান্ডা পানি দিয়ে তার শরীর মুছিয়ে দিন।",30.058449828000448,,1444.0
এই হরমোন কমে যাওয়ার ফলে ও আয়রনের অভাব থেকে মুড সুইং হয়ে থাকে,এই হরমোন হ্রাস এবং আয়রনের ঘাটতির কারণে মেজাজের পরিবর্তন ঘটে।,এই হরমোনের মাত্রা হ্রাস পাওয়া এবং আয়রনের ঘাটতির কারণে মুড সুইং বা মেজাজের পরিবর্তন ঘটে।,29.798091618999933,,1445.0
ডা মো আসাফুজ্জোহা রাজ রাজ ডেন্টাল সেন্টার কলাবাগান ঢাকা,ডাঃ আসাফুজ্জোহা রাজ ডেন্টাল সেন্টার কলাবাগান ঢাকা,ঢাকার কলাবাগানে অবস্থিত রাজ ডেন্টাল সেন্টারের চিকিৎসক হলেন ডা. মো. আসাফুজ্জোহা রাজ।,33.72574398100005,,1446.0
 আমাদের দেহে রোগ প্রতিরোধ ক্ষমতা বৃদ্ধি করে,আমাদের শরীরে রোগ প্রতিরোধ ক্ষমতা বাড়ায়।,আমাদের শরীরের রোগ প্রতিরোধক শক্তি বৃদ্ধি করে থাকে।,45.74436683699969,,1447.0
"শুরুর দিকে ডায়াবেটিক কিডনি রোগ
যত প্রাথমিক অবস্থায় ডায়াবেটিক কিডনি রোগ শনাক্ত করা যাবে তত কার্যকরী পদক্ষেপ নেওয়ার সুযোগ তৈরি হবে","প্রথম দিকে ডায়াবেটিক কিডনি রোগ আগে ডায়াবেটিক কিডনি রোগ সনাক্ত করা হয়, আরো কার্যকর ব্যবস্থা গ্রহণ করা যেতে পারে.","ডায়াবেটিক কিডনি রোগ যত দ্রুত প্রাথমিক পর্যায়ে নির্ণয় করা সম্ভব হবে, তত বেশি কার্যকর ব্যবস্থা গ্রহণের সুযোগ সৃষ্টি হবে।",37.57203853400006,,1448.0
নির্ধারিত তারিখে চাকরিতে যোগদান না করলে তিনি চাকরিতে যোগদান করতে সম্মত নন বলে ধরে নেয়া হবে এবং এ নিয়োগপত্র বাতিল হয়ে যাবে বলে আদেশে উল্লেখ করা হয়েছে,"আদেশে বলা হয়েছে, নির্ধারিত তারিখে চাকরিতে যোগদান না করলে তিনি চাকরিতে যোগ দিতে রাজি নন বলে গণ্য হবে এবং নিয়োগপত্র বাতিল করা হবে।","আদেশে স্পষ্টভাবে উল্লেখ করা হয়েছে যে, নির্দিষ্ট তারিখে কর্মস্থলে যোগদান না করলে ধরে নেওয়া হবে তিনি চাকরিতে অনাগ্রহী, যার ফলে এই নিয়োগপত্রটি বাতিল বলে গণ্য হবে।",27.856282980000287,,1449.0
তাই করোনা সংক্রমণের ঝুঁকি এড়াতে সামাজিক শিষ্টাচারসহ হাঁচিকাশির শিষ্টাচার মেনে চলার বিকল্প নেই,করোনা সংক্রমণের ঝুঁকি এড়াতে হাঁচি দেওয়ার শিষ্টাচারসহ সামাজিক শিষ্টাচারের কোনো বিকল্প নেই।,"সুতরাং, করোনা সংক্রমণের ঝুঁকি থেকে বাঁচতে সামাজিক আচরণবিধি ও হাঁচি-কাশির স্বাস্থ্যবিধি পালন করা ছাড়া আর কোনো উপায় নেই।",32.487682672999654,,1450.0
’ শেখ হাসিনা ন্যাশনাল ইনস্টিটিউট অব বার্ন অ্যান্ড প্লাস্টিক সার্জারির জাতীয় সমন্বয়কারী ডা. সামন্ত লাল সেন হবিগঞ্জে সাংবাদিকদের সাথে মতবিনিময়কালে এ মন্তব্য করেন,হবিগঞ্জে সাংবাদিকদের সঙ্গে মতবিনিময়কালে শেখ হাসিনা জাতীয় বার্ন অ্যান্ড প্লাস্টিক সার্জারি ইনস্টিটিউটের জাতীয় সমন্বয়ক ডা: সামন্ত লাল সেন এ মন্তব্য করেন।,হবিগঞ্জে গণমাধ্যমকর্মীদের সাথে মতবিনিময়কালে শেখ হাসিনা ন্যাশনাল ইনস্টিটিউট অব বার্ন অ্যান্ড প্লাস্টিক সার্জারির জাতীয় সমন্বয়কারী ডা. সামন্ত লাল সেন এই বক্তব্য রাখেন।,43.532267777000015,,1451.0
৫ বছরের কম বয়সী শিশুদের মধ্যে জটিলতা দেখা দিতে পারে,5 বছরের কম বয়সী শিশুদের মধ্যে জটিলতা দেখা দিতে পারে।,পাঁচ বছরের নিচে বয়সী শিশুদের ক্ষেত্রে জটিলতা সৃষ্টি হওয়ার সম্ভাবনা রয়েছে।,27.003128909000225,,1452.0
সারাদিন ব্যস্ততার পর বিছানায় শুয়েই শান্তির ঘুম কে না চায় কিন্তু নানারকম পদ্ধতি ট্রাই করেও কোনভাবেই ঘুম আসছে না বিছানায় শুলেই ঘুম একেবারে গায়েব,সারাদিনের ব্যস্ততার পর বিছানায় শান্তিতে ঘুমাতে কে না চায় কিন্তু বিভিন্ন পদ্ধতি চেষ্টা করেও ঘুম আসে না - বিছানায় শুয়ে পড়লে ঘুম একেবারেই অদৃশ্য হয়ে যায়।,"দিনভর ব্যস্ততার পর বিছানায় শুয়ে একটু শান্তির ঘুম পাওয়ার ইচ্ছে সবারই থাকে, কিন্তু বহু উপায় প্রয়োগ করেও চোখে ঘুম আসে না, বিছানায় মাথা রাখতেই তন্দ্রা সম্পূর্ণ উধাও হয়ে যায়।",40.903825129000325,,1453.0
 দেখে নিন যাদুকরী পানীয় আখের রসের উপকারিতা-,জাদুকরী পানীয় আখের রসের উপকারিতা দেখুন।,আখের রস নামক এই জাদুকরী পানীয়টির অসাধারণ গুণাগুণ সম্পর্কে জেনে নিন।,45.81900442499955,,1454.0
কিন্তু তখনো পাতলা পায়খানা ও বমির রেশ ছিল,কিন্তু তারপরও ডায়রিয়া ও বমি হচ্ছিল।,তবে সেই মুহূর্তেও পাতলা পায়খানা ও বমির প্রভাব লেগেই ছিল।,39.882161379000536,,1455.0
৭ প্রতিটি বেসরকারি চিকিৎসা প্রতিষ্ঠানে জব সিকিউরিটি ও সরকারি নীতিমালা অনুযায়ী বেতন কাঠামো অনুযায়ী সার্ভিস রুল থাকতে হবে,7 প্রতিটি বেসরকারি চিকিৎসা প্রতিষ্ঠানের চাকরির নিরাপত্তা এবং সরকারি নীতি অনুযায়ী বেতন কাঠামো অনুযায়ী পরিষেবা বিধি থাকতে হবে।,৭ সকল বেসরকারি চিকিৎসা প্রতিষ্ঠানে চাকরির নিশ্চয়তা এবং সরকারি নির্দেশনা মোতাবেক বেতন স্কেল ও চাকরি সংক্রান্ত বিধিমালা থাকা আবশ্যক।,46.17464954499974,,1456.0
যন্ত্রকে অনেকদিন ব্যবহার না করে ফেলে রাখলে যেমন অকেজো হয়ে যায় ঠিক তেমনি আমাদের শরীর ও মন নিয়মিত কায়িক পরিশ্রমের অভাবে ঠিকভাবে বিকশিত হতে পারে না,"দীর্ঘ সময় অব্যবহৃত থাকলে একটি যন্ত্র যেমন অকেজো হয়ে যায়, তেমনি নিয়মিত শারীরিক পরিশ্রম ছাড়া আমাদের শরীর ও মনের সঠিক বিকাশ ঘটে না।","যেমন দীর্ঘদিন ধরে অব্যবহৃত যন্ত্র অচল হয়ে পড়ে, অনুরূপভাবে নিয়মিত শারীরিক পরিশ্রম না করলে আমাদের দেহ ও মনের সঠিক বিকাশ ঘটে না।",31.68291805700028,,1457.0
শিশুর বিকাশে বিলম্ব দেখা দিলে দেরি না করে দ্রুত তার কারণ নির্ণয় করার জন্য চিকিৎসক বিশেষত শিশুনিউরোলজিস্টের পরামর্শ নেওয়া প্রয়োজন,"যদি একটি শিশুর বিকাশে বিলম্ব হয়, তবে দেরি না করে দ্রুত কারণ নির্ণয় করার জন্য একজন ডাক্তার, বিশেষ করে একজন পেডিয়াট্রিক নিউরোলজিস্টের সাথে পরামর্শ করা গুরুত্বপূর্ণ।","শিশুর বিকাশে কোনো ধরনের পিছিয়ে পড়া লক্ষ্য করা গেলে, এর মূল কারণ খুঁজে বের করার জন্য সময় নষ্ট না করে অবিলম্বে একজন চিকিৎসক, বিশেষ করে শিশুনিউরোলজিস্টের পরামর্শ নেওয়া জরুরি।",41.52230905499982,,1458.0
 সে ক্ষেত্রে প্রথমেই কমাতে হবে লবণ খাওয়ার পরিমাণ,সেক্ষেত্রে প্রথমে লবণ খাওয়ার পরিমাণ কমাতে হবে।,সে পরিস্থিতিতে সর্বপ্রথম লবণ সেবনের মাত্রা কমিয়ে আনতে হবে।,29.89088172800075,,1459.0
" কমলা লেবুতে রয়েছে ভিটামিন সি, ফাইবার","কমলালেবুতে রয়েছে ভিটামিন সি, ফাইবার।",কমলা লেবুতে ভিটামিন সি এবং ফাইবার পাওয়া যায়।,33.368802607999896,,1460.0
কিন্তু ধীরে ধীরে এর মাত্রা কমতে থাকে এবং এই পরিবর্তন কয়েক বছর ধরে চলে,কিন্তু ধীরে ধীরে এর মাত্রা কমতে থাকে এবং এই পরিবর্তন কয়েক বছর স্থায়ী হয়।,তবে ক্রমশ এর তীব্রতা হ্রাস পেতে থাকে এবং এই পরিবর্তনের ধারাটি কয়েক বছর ধরে চলমান থাকে।,34.460441772000195,,1461.0
ডায়াপারের ঘষা লেগে শিশুর কচি ত্বক ছড়ে গেলে মূত্রে থাকা জীবানুরা ভিজে ও স্যাঁতস্যাঁতে জায়গায় দ্রুত বংশবৃদ্ধি করে ছড়িয়ে পড়ে,"যখন একটি শিশুর ত্বকে ডায়াপার ঘষা হয়, তখন প্রস্রাবের ব্যাকটেরিয়া ভেজা ও স্যাঁতসেঁতে জায়গায় সংখ্যাবৃদ্ধি করতে পারে এবং দ্রুত ছড়িয়ে পড়তে পারে।","ডায়াপারের ঘর্ষণে শিশুর কোমল ত্বক ক্ষত হয়ে গেলে, মূত্রের জীবাণুগুলো সেই আর্দ্র ও স্যাঁতসেঁতে পরিবেশে দ্রুত বংশবিস্তার করে ছড়িয়ে পড়ে।",33.4051381929994,,1462.0
তারা দুজনে মিলে আরমানকে বাঁধতে গেলে আরমান দিলো ভুঁদৌড়,দুজনে আরমানকে বেঁধে দিতে গেলে আরমান তাকে জড়িয়ে ধরে।,"দুজন মিলে আরমানকে ধরে বাঁধতে গেলে, সে দ্রুত দৌড়ে পালিয়ে গেল।",30.08665946300061,,1463.0
যাদের নিয়মিত নাক দিয়ে রক্ত পড়ে তাদের অবশ্যই একজন নাককানগলা রোগ বিশেষজ্ঞ দিয়ে এন্ডোস্কোপির মাধ্যমে নাকের ভেতর ভালোভাবে দেখে নেয়া উচিত,নিয়মিত নাক দিয়ে রক্ত ​​পড়া লোকদের একজন অটোল্যারিঙ্গোলজিস্ট দ্বারা এন্ডোস্কোপি করা উচিত।,"যাদের ঘন ঘন নাক দিয়ে রক্ত ঝরে, তাদের একজন নাক-কান-গলা বিশেষজ্ঞের তত্ত্বাবধানে এন্ডোস্কোপির সাহায্যে নাকের অভ্যন্তরীণ অংশ পুঙ্খানুপুঙ্খরূপে পরীক্ষা করিয়ে নেওয়া একান্ত জরুরি।",40.91838042800009,,1464.0
যেহেতু মা বাচ্চাকে বারবার ব্রেস্ট ফিডিং করায় সেক্ষেত্রে মায়ের শরীর ডিহাইড্রেশন থেকে কনস্টিপেশন তথা কোষ্ঠকাঠিন্য দেখা দেয়,মা বারবার শিশুকে বুকের দুধ খাওয়ানোর ফলে মায়ের শরীর পানিশূন্যতার কারণে কোষ্ঠকাঠিন্য হয়ে যায়।,"মা ঘন ঘন বাচ্চাকে স্তন্যপান করানোর ফলে তাঁর শরীরে পানিশূন্যতা দেখা দেয়, যা থেকে কোষ্ঠকাঠিন্যের সমস্যা তৈরি হয়।",39.54215587499948,,1465.0
অতিরিক্ত গরম আবহাওয়ায় স্যালাইনও খেতে পারেন,অত্যন্ত গরম আবহাওয়ায় আপনি স্যালাইনও পান করতে পারেন।,তীব্র গরমের সময় স্যালাইন পান করাও যেতে পারে।,24.927382609999768,,1466.0
রক্তে শর্করার মাত্রা সঠিক রাখার উদ্দেশ্য হলো,উদ্দেশ্য রক্তে শর্করার মাত্রা ঠিক রাখা।,রক্তে গ্লুকোজের মাত্রা স্বাভাবিক রাখার লক্ষ্য হলো,25.85736372599968,,1467.0
করোনা পরিস্থিতির শুরুতে ডাক্তারদের পর্যাপ্ত সুরক্ষা পোশাক কিন্তু ছিল না,করোনা পরিস্থিতির শুরুতে চিকিৎসকদের পর্যাপ্ত প্রতিরক্ষামূলক পোশাক ছিল না।,করোনা মহামারীর প্রথম দিকে চিকিৎসকদের জন্য যথেষ্ট সুরক্ষা পোশাকের অভাব ছিল।,32.19963713699963,,1468.0
এজন্য একে ছাই চাপা তুশের আগুনের সাথে তুলনা করে হয়,এজন্য একে ছাইয়ে ঢাকা আগুনের সাথে তুলনা করা হয়।,তাই একে ছাইয়ের নিচে চাপা পড়া দগদগে আগুনের সাথে তুলনা করা হয়।,30.21745681799985,,1469.0
তাই এ অবস্থা থেকে মুক্ত থাকতে করণীয় হল,তাই এ অবস্থা থেকে মুক্ত থাকা প্রয়োজন।,সুতরাং এই পরিস্থিতি থেকে মুক্ত থাকতে হলে যা করা প্রয়োজন তা হলো,24.949691730999803,,1470.0
এসব মশা বদ্ধ জলাশয়ে বাড়ির আশপাশে ঝোপঝাড়ে ঘরের পাশে ফেলা টব বালতি হাঁড়িপাতিল বাসন ইত্যাদিতে জমে থাকা বৃষ্টির পানিতে বসবাস করে এবং বংশবিস্তার করে,"এই মশাগুলো বদ্ধ জলাশয়ে, ঘরের আশেপাশের ঝোপ, টব, বালতি, হাঁড়ি ইত্যাদিতে জমে থাকা বৃষ্টির পানিতে বাস করে এবং বংশবিস্তার করে।","এই ধরনের মশাগুলো বাড়ির আশপাশের ঝোপঝাড়, বদ্ধ জলাশয় এবং ঘরের পাশে ফেলে রাখা টব, বালতি, হাঁড়ি-পাতিল ও অন্যান্য বাসনপত্রে জমে থাকা বৃষ্টির পানিতে বসতি গড়ে ও বংশবৃদ্ধি করে।",35.88798230100019,,1471.0
যাদের আগে কোভিড১৯ ছিল তারা ওমিক্রন কোভিড১৯ দিয়ে পুনরায় সংক্রমিত হতে পারেন,যাদের আগে কোভিড-১৯ আছে তারা আবার ওমিক্রন কোভিড-১৯-এ আক্রান্ত হতে পারে।,"ইতিপূর্বে যারা কোভিড-১৯ এ আক্রান্ত হয়েছিলেন, তারা ওমিক্রন ভ্যারিয়েন্টে পুনরায় সংক্রমিত হতে পারেন।",35.75191830299991,,1472.0
একটি অসুস্থ বা অকার্যকর কিডনির কারণে একজন মানুষ দীর্ঘমেয়াদি শারীরিক জটিলতায় আক্রান্ত হয়ে ধুকে ধুকে মৃত্যুর দিকে ধাবিত হয়,একটি রোগাক্রান্ত বা অকার্যকর কিডনি একজন ব্যক্তির দীর্ঘমেয়াদী শারীরিক জটিলতায় ভুগতে পারে এবং মৃত্যুর দিকে ধাবিত হতে পারে।,কিডনি অচল বা রোগাক্রান্ত হওয়ার ফলে সৃষ্ট দীর্ঘস্থায়ী শারীরিক জটিলতায় ভুগতে ভুগতে একজন ব্যক্তি ক্রমশ মৃত্যুর দিকে এগিয়ে যান।,42.35035104799954,,1473.0
যেমন শ্বাসকষ্ট মুখ ফোলা পেট ফোলা জন্ডিস প্রস্রাব কম হওয়া বা না হওয়া গলার স্বরে পরির্বতন ইত্যাদি,"যেমন শ্বাসকষ্ট, মুখ ফুলে যাওয়া, পেট ফুলে যাওয়া, জন্ডিস, প্রস্রাব কমে যাওয়া বা না হওয়া, গলার স্বর পরিবর্তন হওয়া ইত্যাদি।","যেমন- শ্বাসকষ্ট, মুখমণ্ডল ও পেট ফুলে যাওয়া, জন্ডিস, মূত্রত্যাগের পরিমাণ কমে যাওয়া বা বন্ধ হয়ে যাওয়া, এবং কণ্ঠস্বরের পরিবর্তন ইত্যাদি।",30.36875081299968,,1474.0
 তার ওপর গরম আবহাওয়া হলে তো কথাই নেই,আবহাওয়া গরম হলে এটা কোন ব্যাপার না।,"এর ওপর আবার যদি গরম পড়ে, তাহলে তো আর রক্ষা নেই।",27.54791767700044,,1475.0
এরপর পেঁয়াজ ও কাঁচামরিচ কুচি কুচি করে কেটে রাখুন,তারপর পেঁয়াজ ও কাঁচা মরিচ কুচি করে কেটে নিন।,অতঃপর পেঁয়াজ ও কাঁচামরিচ মিহি করে কুচিয়ে একপাশে সরিয়ে রাখুন।,25.127886006000157,,1476.0
আরেকটি পাত্রে পানি দিয়ে তাতে আগের মিশ্রণগুলো অল্প অল্প করে মিশিয়ে নাড়তে থাকুন তবে এ মিশ্রণে পানির পাশাপাশি তরল দুধ বা ডাবের পানিও ব্যবহার করেন অনেকে,"অন্য একটি পাত্রে জল যোগ করুন এবং আগের মিশ্রণগুলিকে অল্প অল্প করে মিশিয়ে নিন, তবে অনেকে জলের সাথে এই মিশ্রণে তরল দুধ বা নারকেলের জলও ব্যবহার করেন।","একটি ভিন্ন পাত্রে পানি নিয়ে তাতে পূর্বের মিশ্রণগুলো ধীরে ধীরে যোগ করে নাড়তে থাকুন, তবে অনেকেই এই মিশ্রণে পানির সাথে তরল দুধ অথবা ডাবের পানিও যুক্ত করে থাকেন।",30.43805857100051,,1477.0
স্বামীস্ত্রীর যে কোনো একজন থ্যালাসেমিয়ার বাহক হলে কোনো সন্তানই রোগী হবে না তবে সন্তানের বাহক হওয়ার আশঙ্কা শতকরা ৫০ ভাগ সুস্থ হওয়ার সম্ভাবনা শতকরা ৫০ ভাগ,"যদি স্বামী/স্ত্রী উভয়েই থ্যালাসেমিয়ার বাহক হন, তাহলে কোনো সন্তান আক্রান্ত হবে না, তবে সন্তানের বাহক হওয়ার সম্ভাবনা 50% এবং পুনরুদ্ধারের সম্ভাবনা 50%।","দম্পতির যেকোনো একজন থ্যালাসেমিয়া বাহক হলে তাদের সন্তান কখনোই রোগাক্রান্ত হবে না, তবে বাহক হওয়ার ঝুঁকি ৫০ শতাংশ এবং সম্পূর্ণ সুস্থ হওয়ার সম্ভাবনা ৫০ শতাংশ।",30.05825241399998,,1478.0
কাঁঠালের বীজ ত্বক ও চুল ভালো রাখতেও সাহায্য করে,কাঁঠালের বীজ ত্বক ও চুল ভালো রাখতেও সাহায্য করে।,ত্বক ও চুল সুস্থ রাখার ক্ষেত্রেও কাঁঠালের বিচি বেশ কার্যকর।,26.692502574000173,,1479.0
পাইলো নেফ্রাইটিস রোগ থাকলে রোগীর কোনো উপসর্গ  নাও প্রকাশ পেতে পারে,আপনার যদি পাইলোনেফ্রাইটিস থাকে তবে রোগীর কোনও লক্ষণ নাও দেখা যেতে পারে।,পাইলো নেফ্রাইটিসে আক্রান্ত হলেও রোগীর শরীরে কোনো লক্ষণ দেখা নাও যেতে পারে।,26.0162280200002,,1480.0
বিশেষজ্ঞরা করে মনে করেন সব সময়ই যে ওজন স্কেল দেখে চলতে হবে বিষয়টা এমন নয় সঠিক খাদ্যাভ্যাস আর স্বাস্থ্যকর জীবনযাপনের মাধ্যমে সুস্থ থাকাটাই বড় কথা,"বিশেষজ্ঞরা বিশ্বাস করেন যে এটি সর্বদা ওজন স্কেল দেখার বিষয়ে নয়, তবে সঠিক খাদ্য এবং একটি স্বাস্থ্যকর জীবনধারার মাধ্যমে সুস্থ থাকার বিষয়ে।","বিশেষজ্ঞদের অভিমত, ওজনের মাপকাঠিকে সবসময় প্রাধান্য দেওয়ার কোনো প্রয়োজন নেই, বরং সুষম খাদ্য ও স্বাস্থ্যসম্মত জীবনযাপনের মাধ্যমে সুস্থ থাকাটাই সবচেয়ে গুরুত্বপূর্ণ।",41.41570871500062,,1481.0
দিনে অল্প সময়ের জন্য ঘুমিয়ে পড়েও দীর্ঘ সময় ঘুমিয়ে থাকা,দিনের বেলা অল্প ঘুমিয়েও দীর্ঘ সময় ধরে ঘুমানো,দিনের বেলা সামান্য কিছুক্ষণ ঘুমিয়ে পড়লেও অনেকক্ষণ ধরে ঘুমানো।,36.66828523500044,,1482.0
সামনে সুন্দর সময় সবার জন্য অপেক্ষা করছে,ভালো সময় সবার জন্য অপেক্ষা করছে।,আগামী দিনগুলোতে প্রত্যেকের জন্য অপেক্ষা করে আছে অত্যন্ত সুন্দর কিছু সময়।,32.397981742999946,,1483.0
 তারপরই আপনার দৃষ্টি হয়ে উঠবে ঈগলের মতো!,তাহলে আপনার দৃষ্টি ঈগলের মত হয়ে যাবে!,এরপরই আপনার দৃষ্টিশক্তি ঈগলের মতোই তীক্ষ্ণ হয়ে যাবে!,23.566941930999747,,1484.0
 তৃষ্ণা পেলেও জাম খেয়ে কখনও পানি খাওয়া যাবে না,পিপাসা লাগলেও জাম খেয়ে কখনো পানি পান করা যাবে না।,জাম খাওয়ার পর তৃষ্ণা পেলেও কখনোই পানি পান করা উচিত নয়।,21.733844936000423,,1485.0
গর্ভকালীন চুল অপবিত্র বলে অনেকে জন্মের পর চুল কামান,গর্ভাবস্থায় চুল নাপাক হওয়ার কারণে অনেকেই জন্মের পর চুল আঁচড়ান।,অনেকেই গর্ভাবস্থার চুলকে অশুচি মনে করে জন্মের পর শিশুর চুল কামিয়ে ফেলেন।,34.89072721800039,,1486.0
অবৈধ সম্পদ অর্জন ও মানি লন্ডারিংয়ের অভিযোগে দুদকের করা পৃথক দুই মামলায় আবজাল আদালতে হাজির হয়ে আইনজীবীর মাধ্যমে আত্মসমর্পণ করে জামিন আবেদন করেন,অবৈধ সম্পদ অর্জন ও অর্থ পাচারের অভিযোগে দুদকের করা পৃথক দুটি মামলায় আবজাল তার আইনজীবীর মাধ্যমে আত্মসমর্পণ করে জামিনের আবেদন করেন।,অবৈধ সম্পদ অর্জন এবং অর্থ পাচারের অভিযোগে দুর্নীতি দমন কমিশনের দায়ের করা দুটি আলাদা মামলায় আবজাল আদালতে উপস্থিত হয়ে তার আইনজীবীর মাধ্যমে আত্মসমর্পণপূর্বক জামিনের আবেদন জানিয়েছেন।,27.206093925999998,,1487.0
 তাই রুটি খেলে কোষ্ঠকাঠিন্যের সমস্যা অনায়াসে দূর করা যায়,তাই রুটি খেলে কোষ্ঠকাঠিন্যের সমস্যা সহজেই দূর করা যায়।,সেহেতু রুটি সেবন করলে কোষ্ঠকাঠিন্যের সমস্যা খুব সহজেই দূর করা সম্ভব।,26.43002965899996,,1488.0
স্নায়ুতন্ত্রের সিএনএস আক্রমণের জন্য ভাইরাসের অনেক পথ রয়েছে,স্নায়ুতন্ত্রের সিএনএস আক্রমণ করার জন্য ভাইরাসগুলির অনেকগুলি রুট রয়েছে।,স্নায়ুতন্ত্রের সিএনএস-কে আক্রমণ করার জন্য ভাইরাসের বহুবিধ পথ বিদ্যমান।,27.7205197330004,,1489.0
এ বয়সে ক্যালসিয়াম চ্যানেল ব্লকার এন্টিসিসিবিএমলডিপিন সিলনিডিপি এবং থায়াজাইড লাইকডাইউরেটিক ক্লোরথায়জাইড শ্রেষ্ঠতর,"এই বয়সে, ক্যালসিয়াম চ্যানেল ব্লকার অ্যান্টিসিবমোল্ডিপাইন সিলনিডিপ এবং থিয়াজাইড মূত্রবর্ধক ক্লোরথিয়াজাইড উচ্চতর।",এই বয়সে অ্যামলোডিপিন ও সিলনিডিপিন জাতীয় ক্যালসিয়াম চ্যানেল ব্লকার এবং ক্লোরথায়াজাইড জাতীয় থায়াজাইড-লাইক ডাইউরেটিক অধিকতর উপযোগী।,43.196359839999786,,1490.0
 সেজন্য আগাম সতর্কতা এবং প্রস্তুতির প্রয়োজন,এজন্য আগাম সতর্কতা ও প্রস্তুতি প্রয়োজন।,এই কারণে আগে থেকেই সতর্ক হওয়া এবং প্রস্তুতি নেওয়া অপরিহার্য।,41.86049034200005,,1491.0
শিক্ষাপ্রতিষ্ঠানগুলোতে করোনার সংক্রমণ বিস্তার রোধে দরকার ইনফেকশন মনিটরিং যা স্বস্ব শিক্ষা প্রতিষ্ঠানে র্যাপিড এন্টিজেন টেস্ট কিট ব্যবহার করে সহজেই করা যায়,"শিক্ষাপ্রতিষ্ঠানে করোনা সংক্রমণের বিস্তার রোধে সংক্রমণ পর্যবেক্ষণ প্রয়োজন, যা শিক্ষাপ্রতিষ্ঠানে র‌্যাপিড অ্যান্টিজেন টেস্ট কিট ব্যবহার করে সহজেই করা যায়।","শিক্ষা প্রতিষ্ঠানগুলোতে করোনা সংক্রমণের বিস্তার ঠেকাতে ইনফেকশন মনিটরিং করা অত্যন্ত জরুরি, যা র্যাপিড এন্টিজেন টেস্ট কিটের মাধ্যমে নিজ নিজ প্রতিষ্ঠানে খুব সহজেই সম্পন্ন করা সম্ভব।",42.09636417599995,,1492.0
সব মিলিয়ে দেশটিতে করোনাভাইরাসে আক্রান্তের সংখ্যা দাঁড়াল ১১ জনে,সব মিলিয়ে দেশে করোনাভাইরাসে আক্রান্তের সংখ্যা দাঁড়িয়েছে ১১ জন।,মোট হিসেবে দেশটিতে করোনাভাইরাসে আক্রান্তের সংখ্যা এখন ১১ জনে পৌঁছেছে।,28.81494079500044,,1493.0
অনুষ্ঠানে অন্য একটি গবেষণা তুলে ধরে অক্সফোর্ড ইউনিভার্সিটির গবেষক চিকিৎসক ডা ফরহাদ মারুফ বলেন বিশ্বজুড়ে এ সুপারবাগ ইনফেকশনে বছরে মারা যাচ্ছে ৫০ লাখ মানুষ,"অক্সফোর্ড ইউনিভার্সিটির গবেষক ডক্টর ফরহাদ মারুফ অনুষ্ঠানে আরেকটি গবেষণার কথা তুলে ধরে বলেন, সারা বিশ্বে এই সুপারবাগ সংক্রমণে প্রতি বছর ৫ কোটি মানুষ মারা যায়।","অনুষ্ঠানে আরেকটি গবেষণার তথ্য উপস্থাপন করে অক্সফোর্ড বিশ্ববিদ্যালয়ের গবেষক ও চিকিৎসক ডা. ফরহাদ মারুফ জানান, সারা বিশ্বে প্রতি বছর এই সুপারবাগ সংক্রমণের কারণে ৫০ লক্ষ মানুষের প্রাণহানি হচ্ছে।",38.35959980499956,,1494.0
তাই সেসব দেশগুলোতে স্তন ক্যান্সার প্রাথমিকভাবে ধরা পরলেও আমাদের দেশে নারীদের ক্ষেত্রে ব্যাতিক্রম,তাই সেসব দেশে স্তন ক্যান্সার প্রাথমিক পর্যায়ে ধরা পড়লেও আমাদের দেশে নারীদের ক্ষেত্রে পার্থক্য রয়েছে।,"ওই দেশগুলোতে স্তন ক্যান্সার একদম শুরুতেই ধরা পড়লেও, আমাদের দেশের নারীদের বেলায় এর সম্পূর্ণ ব্যতিক্রম দেখা যায়।",33.240207961000124,,1495.0
ইংরেজিতে এই ডিসঅর্ডারকে শক শেল্ড বলা হয়,ইংরেজিতে এই ব্যাধিকে শক শিল্ড বলা হয়।,এই ডিসঅর্ডারটির ইংরেজি নাম হলো শক শেল্ড।,33.93724619300065,,1496.0
এতে দেখা যায় একেকটি উপাদান শরীরে একেক ধরনের প্রতিক্রিয়া সৃষ্টি করছে,এটি দেখায় যে প্রতিটি উপাদান শরীরে বিভিন্ন প্রতিক্রিয়া সৃষ্টি করে।,"এতে পরিলক্ষিত হয় যে, প্রতিটি উপাদান শরীরে ভিন্ন ভিন্ন প্রতিক্রিয়ার জন্ম দিচ্ছে।",33.8663010930004,,1497.0
দৈনিক শনাক্ত হচ্ছে গড়ে ৪০ জনের বেশি,গড়ে প্রতিদিন 40 জনেরও বেশি লোককে চিহ্নিত করা হয়।,প্রতিদিন গড়ে ৪০ জনেরও অধিক ব্যক্তি চিহ্নিত হচ্ছেন।,30.14777152900024,,1498.0
তবে অনেক সময় এই ছন্দের ব্যত্যয় ঘটতে দেখা যায়,কিন্তু অনেক সময় এই ছন্দে বিঘ্ন ঘটে।,তবুও প্রায়ই এই ছন্দের বিচ্যুতি পরিলক্ষিত হয়।,35.97584427899983,,1499.0
 ভ্যাজাইনাল এরিয়ার বাইরে সাবান বা জেল দিয়ে পরিষ্কার করলেও ভ্যাজাইনাল এরিয়ার ভেতরে কোনো ধরনের কেমিক্যাল দিয়ে ধোবেন না,"সাবান বা জেল দিয়ে যোনিপথের বাইরের অংশ পরিষ্কার করার সময়, কোনও রাসায়নিক দিয়ে যোনি এলাকার ভিতরের অংশ ধুয়ে ফেলবেন না।","যোনিপথের বাইরের অংশ সাবান বা জেল দিয়ে পরিষ্কার করা গেলেও, ভেতরের অংশ কোনো রাসায়নিক পদার্থ দিয়ে ধোবেন না।",29.04759765699964,,1500.0
জিরাপানি জিরা দেহে রক্তের সঞ্চালন বাড়িয়ে দীর্ঘ সময়ের জন্য শরীর উষ্ণ রাখতে সাহায্য করে,জিরা শরীরে রক্ত ​​সঞ্চালন বাড়ায় এবং শরীরকে দীর্ঘ সময় গরম রাখতে সাহায্য করে।,শরীরের রক্ত সঞ্চালন বৃদ্ধি করে জিরার পানি দীর্ঘক্ষণ ধরে শরীরকে উষ্ণ রাখতে সহায়তা করে।,25.146109726999384,,1501.0
 তারপর আবার নতুন করে এক দিয়ে শুরু করুন,তারপর নতুন করে শুরু করুন।,এরপর পুনরায় এক থেকে নতুনভাবে শুরু করুন।,29.7523441430003,,1502.0
ইসলামের পাঁচটি স্তম্ভের মধ্যে তৃতীয় হলো রমজান মাসের রোজা,রমজান মাসে রোজা রাখা ইসলামের পাঁচটি স্তম্ভের তৃতীয়।,ইসলামের পাঁচটি স্তম্ভের মধ্যে রমজান মাসের রোজা তৃতীয় স্থানে রয়েছে।,42.167751821999445,,1503.0
এটি আমরা বলে থাকি মায়োকার্ডিয়াল ইনফ্রাকশন নো অবস্ট্রাকটিভ করোনারি অ্যাথেরোসেক্লেরোসিস মিনোকা,একে আমরা মায়োকার্ডিয়াল ইনফার্কশন নো অবস্ট্রাকটিভ করোনারি এথেরোস্ক্লেরোসিস মিনোকা বলি।,"মায়োকার্ডিয়াল ইনফার্কশন নো অবস্ট্রাকটিভ করোনারি অ্যাথেরোস্ক্লেরোসিস, যাকে আমরা মিনোকা নামে অভিহিত করে থাকি।",46.538832987000205,,1504.0
কাগজপত্র নবায়ন না থাকাসহ বিভিন্ন অনিয়মের অভিযোগে চাঁদপুরে দুইটি হাসপাতল সীলগালা এবং একটিকে ৫০ হাজার টাকা জরিমানা করেছে ভ্রাম্যমাণ আদালত,কাগজপত্র নবায়ন না করাসহ বিভিন্ন অনিয়মের দায়ে চাঁদপুরে দুটি হাসপাতাল সিলগালা ও ৫০ হাজার টাকা জরিমানা করেছে ভ্রাম্যমাণ আদালত।,চাঁদপুরে ভ্রাম্যমাণ আদালত কাগজপত্রের নবায়ন না থাকা ও বিভিন্ন অনিয়মের অভিযোগে দুটি হাসপাতাল সিলগালা করে দিয়েছে এবং অপর একটি হাসপাতালকে ৫০ হাজার টাকা জরিমানা করেছে।,42.359038990000045,,1505.0
স্কোপোলামিনের প্রভাবে স্বামীস্ত্রী প্রেমিকপ্রেমিকা সত্যি সাময়িক স্টিউপর  Stuporous Condition হয়ে যায় বুদ্ধিবিবেচনা হারিয়ে ফেলেন এবং উন্মাদের মতো আচরণ করেন,"স্কোপোলামিনের প্রভাবের অধীনে, স্ত্রী প্রেমিকা সত্যিকারের অস্থায়ী মূর্খ হয়ে ওঠে - অবস্থা, চেতনা হারায় এবং পাগলের মতো আচরণ করে।","স্কোপোলামিনের প্রভাবে দম্পতি ও প্রেমিক-প্রেমিকারা প্রকৃতপক্ষে ক্ষণিকের জন্য স্টিউপোরাস বা স্তব্ধ অবস্থায় পতিত হয়, তাদের বিচারবুদ্ধি লোপ পায় এবং তারা উন্মত্তের ন্যায় আচরণ করতে থাকে।",34.04762394699992,,1506.0
দেশের তরুণ সার্জনদের রোবটিক সার্জারির বিষয়ে ফেলোশিপ করাসহ রোবটিক সার্জারিতে উদ্ধুদ্ধ করতে আগামী ৫ জুলাই রংপুরে বৈজ্ঞানিক সেমিনার অনুষ্ঠিত হবে,দেশের তরুণ সার্জনদের রোবোটিক সার্জারিতে ফেলোশিপ পেতে এবং রোবোটিক সার্জারির প্রচারে উৎসাহিত করতে রংপুরে ৫ জুলাই একটি বৈজ্ঞানিক সেমিনার অনুষ্ঠিত হবে।,রোবটিক সার্জারিতে দেশের তরুণ সার্জনদের অনুপ্রাণিত করা এবং এই বিষয়ে ফেলোশিপের সুযোগ করে দেওয়ার লক্ষ্যে আগামী ৫ জুলাই রংপুরে একটি বৈজ্ঞানিক সেমিনারের আয়োজন করা হবে।,54.407155437000256,,1507.0
 টাইপ ওয়ান ডায়াবেটিস ও টাইপ টু ডায়াবেটিস,টাইপ ওয়ান ডায়াবেটিস এবং টাইপ টু ডায়াবেটিস।,প্রথম ও দ্বিতীয় ধরনের ডায়াবেটিস,26.38141855699996,,1508.0
সব ঋতুতেই এই সমস্যা দেখা দিতে পারে,এই সমস্যা সব ঋতুতেই হতে পারে।,এই সমস্যাটি বছরের প্রতিটি মৌসুমেই ঘটতে পারে।,31.6868306690003,,1509.0
আয়োডিনের অভাবগ্রস্ত শিশুরা অন্যান্য শিশুর চেয়ে বেশিমাত্রায় অপুষ্টিজনিত সমস্যায় ভোগে এবং তাদের রোগপ্রতিরোধ ক্ষমতাও কম থাকে,অন্যান্য শিশুদের তুলনায় আয়োডিনের অভাবজনিত শিশুরা অপুষ্টিতে ভুগছে এবং তাদের রোগ প্রতিরোধ ক্ষমতা কম।,আয়োডিনের ঘাটতিতে ভোগা শিশুরা সাধারণ শিশুদের তুলনায় অধিক মাত্রায় অপুষ্টিজনিত জটিলতায় আক্রান্ত হয় এবং তাদের রোগ প্রতিরোধের সক্ষমতাও দুর্বল থাকে।,29.52281236300041,,1510.0
কিন্তু গত ৩ দিন আগে হঠাৎ করে বামপাশে দুর্বল ও অবশ হয়ে গেছে,কিন্তু গত ৩ দিন আগে হঠাৎ করে বাম পাশ দুর্বল ও অবশ হয়ে পড়ে।,তবে তিন দিন আগে আকস্মিকভাবে শরীরের বাম দিকটি দুর্বল ও অবশ হয়ে পড়েছে।,25.08537986400006,,1511.0
ন্যাচারাল ভেন্টিলেশন: এই সময়ে বেশি প্রয়োজন ঘরগুলো খোলামেলা রাখা,প্রাকৃতিক বায়ুচলাচল: এ সময় ঘরগুলো খোলা রাখা বেশি প্রয়োজন।,প্রাকৃতিক বায়ু চলাচল: বর্তমান সময়ে ঘরগুলোকে খোলামেলা রাখাটা অত্যন্ত জরুরি।,38.04439846100013,,1512.0
২০২২ সালে তা ৫০ শতাংশে নেমে আসে,2022 সালে তা 50 শতাংশে নেমে আসে।,২০২২ সালে তা কমে ৫০ শতাংশে দাঁড়ায়।,27.664392104999934,,1513.0
পাশাপাশি ধূমায়িত এবং দূষিত পরিবেশ পরিত্যাগ করে চলা ধূমপান পরিত্যাগ করা ঘুমানোর সময় মাথা উঁচু রাখা যাতে সাইনাস নিজে থেকেই পরিষ্কার হতে পারে নাকে খুব জোরে আঘাত লাগতে না দেয়া ইত্যাদি বিষয়ে খেয়াল রাখতে হবে,"এছাড়াও, ধোঁয়া ও দূষিত পরিবেশ এড়াতে, ধূমপান ছেড়ে দিতে, ঘুমানোর সময় মাথা উঁচু করে রাখতে হবে যাতে সাইনাসগুলি নিজে থেকেই পরিষ্কার হয়ে যায়, নাকে খুব বেশি আঘাত না করে ইত্যাদি।","এর পাশাপাশি ধোঁয়া ও দূষিত পরিবেশ এড়িয়ে চলা, ধূমপান বর্জন করা, নাকে প্রবল আঘাত না লাগার বিষয়ে সতর্ক থাকা এবং ঘুমের সময় মাথা উঁচুতে রাখা—যাতে সাইনাস স্বাভাবিকভাবেই পরিষ্কার হতে পারে—এই সমস্ত বিষয়ে সতর্কতা অবলম্বন করা আবশ্যক।",43.81702017800035,,1514.0
মাইটোকন্ড্রিয়াল রোগগুলো যাদের আছে তাদের সবকটি ১০০ শতাংশ সন্তানই এ রোগে আক্রান্ত হবে,মাইটোকন্ড্রিয়াল রোগে আক্রান্ত 100% শিশু এই রোগটি বিকাশ করবে।,মাইটোকন্ড্রিয়াল রোগে আক্রান্ত ব্যক্তিদের সমস্ত সন্তানই শতভাগ এই রোগে ভুগবে।,34.802199740000106,,1515.0
চুলকানি ও জ্বালা কমানোর জন্য বেবি ট্যালকম পাউডার ব্যবহার করা যেতে পারে,চুলকানি এবং জ্বালা কমাতে ট্যালকম পাউডার ব্যবহার করা যেতে পারে।,চুলকানি এবং জ্বালাপোড়া উপশমের জন্য বেবি ট্যালকম পাউডার ব্যবহার করা সম্ভব।,28.542181110000456,,1516.0
এ ছাড়া ফিটকিরি ও পানি বিশুদ্ধকরণ ট্যাবলেট ব্যবহার করা যেতে পারে,এ ছাড়া ফিতারি ও পানি বিশুদ্ধকরণ ট্যাবলেট ব্যবহার করা যেতে পারে।,এর পাশাপাশি পানি বিশোধক ট্যাবলেট ও ফিটকিরি ব্যবহার করা সম্ভব।,29.10840171399923,,1517.0
কিডনির স্বাস্থ্য পরীক্ষায় তাই চিকিৎসকরা শরীরে কতটুকু ক্রিয়েটিনিন আছে সেটা জানার চেষ্টা করে,কিডনির স্বাস্থ্য পরীক্ষায় চিকিৎসকেরা জানার চেষ্টা করেন শরীরে কতটা ক্রিয়েটিনিন আছে।,তাই কিডনির সুস্থতা যাচাই করার উদ্দেশ্যে চিকিৎসকরা শরীরে ক্রিয়েটিনিনের মাত্রা নির্ণয় করার চেষ্টা করেন।,34.70117486299932,,1518.0
এরপর আস্তে আস্তে পা থেকে ধীরে ধীরে মালিশ শুরু করুন,তারপর ধীরে ধীরে পা থেকে উপরের দিকে ম্যাসাজ করা শুরু করুন।,অতঃপর পা থেকে শুরু করে অত্যন্ত আলতো হাতে মালিশ আরম্ভ করুন।,29.753584236999814,,1519.0
অনেকের ক্ষেত্রে অপুষ্টিজনিত দৈহিক বৃদ্ধিহীনতাও এর একটি কারণ হতে পারে,অনেক ক্ষেত্রে অপুষ্টির কারণে স্টান্টিংও একটি কারণ হতে পারে।,অনেকের বেলায় পুষ্টির অভাবে শারীরিক বিকাশ ব্যাহত হওয়াকেও এর একটি কারণ হিসেবে ধরা যেতে পারে।,38.17329997099933,,1520.0
লেখক  সহযোগী অধ্যাপক এন্ডোক্রাইনোলজি বিভাগ বঙ্গবন্ধু শেখ মুজিব মেডিকেল বিশ্ববিদ্যালয় ঢাকা,লেখক এন্ডোক্রাইনোলজি বিভাগের সহযোগী অধ্যাপক বঙ্গবন্ধু শেখ মুজিব মেডিকেল বিশ্ববিদ্যালয় ঢাকা,লেখক ঢাকার বঙ্গবন্ধু শেখ মুজিব মেডিকেল বিশ্ববিদ্যালয়ের এন্ডোক্রাইনোলজি বিভাগের একজন সহযোগী অধ্যাপক।,33.99496435299989,,1521.0
ডায়াবেটিস দীর্ঘদিন রাতে না ঘুমানো বা কম ঘুমানোর ফলে শরীরে ইনসুলিন উৎপাদন ব্যাহত হয়,ডায়াবেটিস: দীর্ঘ সময় ধরে অনিদ্রা বা ঘুমের অভাব শরীরের ইনসুলিন উৎপাদনে ব্যাঘাত ঘটায়।,"দীর্ঘমেয়াদে রাতে কম ঘুমানো বা না ঘুমানোর ফলে শরীরে ইনসুলিন উৎপাদন ব্যাহত হয়, যা ডায়াবেটিসের কারণ হয়ে দাঁড়ায়।",40.24789280599998,,1522.0
রাস্তাঘাটের যে কোনো জায়গা থেকে পানি খাবেন না,রাস্তার যেকোনো জায়গা থেকে পানি পান করুন।,রাস্তার ধারে বা যত্রতত্র স্থান থেকে পানি পান করবেন না।,35.846044527999766,,1523.0
মশার কামড় থেকে বাঁচতে ঘুমানোর সময় মশারি ব্যবহার করতে হবে,মশার কামড় এড়াতে ঘুমানোর সময় মশারি ব্যবহার করতে হবে।,মশার কামড় থেকে সুরক্ষিত থাকতে ঘুমের সময় মশারি ব্যবহার করা অপরিহার্য।,26.299810087999504,,1524.0
ঘর থেকে বের হওয়ার আগে এবং রোদ থেকে ঘরে এসে ত্বকের যত্ন নিতে হবে,ঘর থেকে বের হওয়ার আগে এবং রোদ থেকে বাসায় আসার পর ত্বকের যত্ন নিতে হবে।,বাইরে বেরোনোর পূর্বে এবং রোদে ঘুরে বাড়ি ফেরার পর ত্বকের পরিচর্যা করা আবশ্যক।,25.662571541000037,,1525.0
এর মূল কারণ সূর্যের আলো,এর প্রধান কারণ সূর্যের আলো।,সূর্যের আলোই এর প্রধান কারণ।,21.196480310999505,,1526.0
বিশ্বে প্রতিবছর লাখ লাখ ব্যক্তি অস্টিওপোরোসিসজনিত হাড় ভাঙার শিকার হয়ে শয্যাশায়ী হন,অস্টিওপোরোসিস-সম্পর্কিত ফ্র্যাকচারের কারণে বিশ্বব্যাপী লক্ষ লক্ষ মানুষ প্রতি বছর শয্যাশায়ী হয়।,বিশ্বজুড়ে প্রতি বছর লক্ষ লক্ষ মানুষ অস্টিওপোরোসিসের কারণে হাড় ভেঙে শয্যাশায়ী হয়ে পড়েন।,46.9924942610005,,1527.0
উদ্ভিজ্জ উৎস থেকেই কেবল ননহিম আয়রন পাওয়া যায়,ননহেম আয়রন শুধুমাত্র উদ্ভিদ উৎস থেকে পাওয়া যায়।,ননহিম আয়রন শুধুমাত্র উদ্ভিদজাত উৎস থেকেই পাওয়া সম্ভব।,26.728957346999778,,1528.0
এ রোগের নানা জটিলতায় আক্রান্ত হওয়ার আশঙ্কা অনেক বেশি,এ রোগের বিভিন্ন জটিলতায় আক্রান্ত হওয়ার আশঙ্কা অনেক বেশি।,এই রোগের ফলে সৃষ্ট নানা জটিলতায় পড়ার ঝুঁকি অত্যন্ত প্রবল।,40.317472462000296,,1529.0
কিডনি লিভার ও হার্টে জটিলতা থাকলে,"আপনার যদি কিডনি, লিভার এবং হার্টের জটিলতা থাকে","বৃক্ক, যকৃৎ এবং হৃদপিন্ডে যদি কোনো জটিল সমস্যা থাকে",34.312037372000304,,1530.0
রোগীরে সেবায় আরও নিয়োজিত থাকবেন আন্তর্জাতিক পর্যায়ে প্রশিক্ষিত নার্সরা,আন্তর্জাতিকভাবে প্রশিক্ষিত নার্সরা রোগীর পরিচর্যায় আরও যুক্ত হবে।,আন্তর্জাতিক মানের প্রশিক্ষণপ্রাপ্ত নার্সরা রোগীদের সেবায় আরও বেশি সম্পৃক্ত থাকবেন।,32.001753083999574,,1531.0
তবে নিয়মিত নাভি সাবানপানি দিয়ে পরিষ্কার রাখলে পাথর সৃষ্টি হয় না,তবে নিয়মিত সাবান ও পানি দিয়ে নাভি পরিষ্কার করলে পাথর হবে না।,তবে সাবান ও পানি দিয়ে নিয়মিত নাভি পরিষ্কার করলে সেখানে পাথর তৈরি হয় না।,30.42250551199959,,1532.0
ঠান্ডা আমেজ পেতে চাইলে অর্থাৎ ফ্রিজে রাখতে হলে এমন পাত্রে ডিটক্স ওয়াটার তৈরি করবেন যেটির মুখ খুব ভালোভাবে আটকানো যায়,"আপনি যদি একটি ঠান্ডা অনুভূতি পেতে চান, অর্থাৎ, আপনি যদি এটি ফ্রিজে রাখতে চান তবে একটি পাত্রে ডিটক্স জল প্রস্তুত করুন যা শক্তভাবে বন্ধ করা যেতে পারে।",ফ্রিজে রেখে ঠান্ডা করতে চাইলে ডিটক্স ওয়াটার এমন একটি পাত্রে তৈরি করুন যার ঢাকনা খুব আঁটসাঁট করে বন্ধ করা সম্ভব।,32.34325458100011,,1533.0
ফলিক অ্যাসিড টাটকা শাকসবজিতে পাওয়া যায় ভিটামিন বি১২ লিভার মাছ ডিম ছত্রাক ও শস্যজাতীয় খাদ্যের মধ্যে পাওয়া যায়,"ফলিক অ্যাসিড পাওয়া যায় তাজা শাকসবজিতে, ভিটামিন বি১২ পাওয়া যায় লিভার, মাছ, ডিম, মাশরুম এবং গোটা শস্যে।","তাজা শাকসবজিতে ফলিক অ্যাসিড পাওয়া যায়, অন্যদিকে কলিজা, মাছ, ডিম, মাশরুম এবং শস্যজাতীয় খাবারে ভিটামিন বি১২ বিদ্যমান।",35.28592762199969,,1534.0
ক্লান্ত লাগা বার বার প্রস্রাবের ফলে শরীর থেকে অতিরিক্ত পরিমাণে শর্করা এবং বিভিন্ন খনিজ বেরিয়ে গেলে ক্লান্ত লাগা স্বাভাবিক,ক্লান্তি ঘন ঘন প্রস্রাবের কারণে শরীর থেকে অতিরিক্ত পরিমাণে শর্করা এবং বিভিন্ন খনিজ পদার্থ বের হয়ে গেলে ক্লান্ত বোধ হওয়া স্বাভাবিক।,ঘন ঘন প্রস্রাবের ফলে শরীর থেকে অতিরিক্ত শর্করা ও বিভিন্ন খনিজ উপাদান বেরিয়ে গেলে ক্লান্তি অনুভব হওয়াটা খুবই স্বাভাবিক।,36.01656602999992,,1535.0
সাধারণত স্টেরয়েডজাতীয় ওষুধ ও ভিটামিন বি১২ ভিটামিন বি৬ বি১ ইত্যাদি দিয়ে চিকিৎসা করা হয়,"সাধারণত স্টেরয়েড জাতীয় ওষুধ এবং ভিটামিন B12, B6, B1 ইত্যাদি দিয়ে চিকিত্সা করা হয়।","সাধারণত স্টেরয়েড জাতীয় ঔষধ এবং ভিটামিন বি১২, বি৬, বি১ প্রভৃতি ব্যবহার করে চিকিৎসা প্রদান করা হয়ে থাকে।",34.30808988799981,,1536.0
 যেন প্রান্তিক পর্যায়ের মানুষ সহজে প্রাথমিক স্বাস্থ্যসেবা পায়,যাতে প্রান্তিক জনগোষ্ঠী সহজে প্রাথমিক স্বাস্থ্যসেবা পায়।,যাতে প্রান্তিক জনগোষ্ঠীর কাছে প্রাথমিক স্বাস্থ্যসেবা সহজলভ্য হয়।,34.967744608999965,,1537.0
 ১০০ গ্রাম ওজনের একটি চকোলেটের বারে ৩.৩ মিলিগ্রাম জিংক থাকে,একটি 100 গ্রাম চকোলেট বারে 3.3 মিলিগ্রাম জিঙ্ক থাকে।,১০০ গ্রাম ওজনের একটি চকোলেট বারে ৩.৩ মিলিগ্রাম জিংকের উপস্থিতি রয়েছে।,32.13422182299928,,1538.0
" এছাড়াও সরকারি, বেসরকারি ও উন্নয়ন সহযোগী সংস্থার প্রতিনিধিবৃন্দ তাদের বক্তব্যে মানুষের এ ক্ষতিকর অভ্যাস পরিত্যাগের আহবান জানান","এ ছাড়া সরকারি, বেসরকারি ও উন্নয়ন সহায়তা সংস্থার প্রতিনিধিরা তাদের বক্তব্যে জনগণকে এই ক্ষতিকর অভ্যাস ত্যাগ করার আহ্বান জানান।","এর পাশাপাশি সরকারি, বেসরকারি ও উন্নয়ন সহযোগী সংস্থাগুলোর প্রতিনিধিগণ তাদের বক্তৃতায় জনগণকে এই ক্ষতিকর অভ্যাস বর্জন করার আহ্বান জানিয়েছেন।",41.2182162550007,,1539.0
" বিশেষজ্ঞদের মতে, জীবনাচরণ পরিবর্তনের পাশাপাশি ৭ থেকে ১০ শতাংশ শরীরের ওজন হ্রাস করাই ফ্যাটি লিভার প্রতিরোধের মূলমন্ত্র","বিশেষজ্ঞদের মতে, ফ্যাটি লিভার প্রতিরোধের চাবিকাঠি হল জীবনযাত্রার পরিবর্তনের সাথে সাথে শরীরের ওজনের 7 থেকে 10 শতাংশ হ্রাস করা।","বিশেষজ্ঞরা মনে করেন, ফ্যাটি লিভার প্রতিরোধের প্রধান কৌশল হলো জীবনযাত্রায় পরিবর্তন আনা এবং শরীরের ওজন ৭ থেকে ১০ শতাংশ কমানো।",36.95447390899972,,1540.0
শরীরের তাপমাত্রা স্বাভাবিকের ৯৮৪ ফা চেয়ে বেড়ে যাওয়া আর বেড়ে থাকা মানে জ্বর,শরীরের তাপমাত্রা স্বাভাবিক 984 ফারেনহাইটের উপরে বেড়ে যাওয়া এবং বেড়ে যাওয়া মানে জ্বর।,স্বাভাবিক ৯৮.৪ ডিগ্রি ফারেনহাইটের ঊর্ধ্বে শরীরের তাপমাত্রা বৃদ্ধি পেয়ে তা অব্যাহত থাকলে তাকে জ্বর বলা হয়।,37.95850239300034,,1541.0
কেউ যদি স্টেরয়েড জাতীয় ওষুধ প্রতিদিন ২০০০ মাইক্রোগ্রামের অধিক গ্রহণ করে তাহলে শ্বাসনালি থেকে তা রক্তে শোষিত হয়ে ডায়াবেটিস উচ্চরক্তচাপ ও এন্ড্রেনাল ইনসাফেয়েন্সি রোগ হতে পারে,"যদি কেউ প্রতিদিন 2,000 মাইক্রোগ্রামের বেশি স্টেরয়েড গ্রহণ করে তবে সেগুলি শ্বাসনালী থেকে রক্ত ​​​​প্রবাহে শোষিত হতে পারে এবং ডায়াবেটিস, উচ্চ রক্তচাপ এবং অ্যাড্রিনাল অপ্রতুলতা হতে পারে।","দৈনিক ২০০০ মাইক্রোগ্রামের বেশি স্টেরয়েড জাতীয় ঔষধ সেবন করলে তা শ্বাসনালী থেকে রক্তপ্রবাহে শোষিত হয়ে ডায়াবেটিস, উচ্চ রক্তচাপ এবং এন্ড্রেনাল ইনসাফেয়েন্সি রোগ সৃষ্টি করতে পারে।",41.06278906099942,,1542.0
সাধারণত যেসব মা বাচ্চাকে বুকের দুধ পান করান তাদের একটা হরমোন বের হয়,সাধারণত যে মায়েরা তাদের বাচ্চাদের বুকের দুধ খাওয়ায় তারা একটি হরমোন নিঃসরণ করে।,সাধারণত শিশুকে স্তন্যপান করানো মায়েদের শরীরে একটি হরমোন ক্ষরিত হয়।,29.72863029199925,,1543.0
শিশুদের ডায়াপার ভিজে গেলেই ঘন ঘন পরিবর্তন করবেন,আপনার শিশুর ডায়াপার ভিজে গেলে ঘন ঘন পরিবর্তন করুন।,বাচ্চাদের ডায়াপার ভিজে গেলেই তা বারবার বদলে দেবেন।,30.80755213300017,,1544.0
 একশিরা রোগে কদমের ছাল কেটে বর্ধিত স্থানে কদমপাতা দিয়ে বেঁধে রাখলে উপকার পাওয়া যায়,ভেরিকোজ ভেইনসে কদমের ছাল কেটে কদম পাতা দিয়ে আক্রান্ত স্থানে বেঁধে দিলে উপকার পাওয়া যায়।,একশিরা ব্যথায় আক্রান্ত স্থানে কদম গাছের ছাল কেটে কদম পাতা দিয়ে বেঁধে রাখলে উপকার মেলে।,30.15486177100047,,1545.0
একদুটি কারণে আসলে হাঁটুতে ব্যথা হয় না,হাঁটু আসলে কয়েকটি কারণে ব্যাথা করে না।,প্রকৃতপক্ষে মাত্র এক বা দুটি কারণে হাঁটুর ব্যথা সৃষ্টি হয় না।,26.537212381000245,,1546.0
এক মুষ্টি চিপসের বদলে এক মুষ্টি বাদাম খান,এক মুঠো চিপসের পরিবর্তে এক মুঠো বাদাম খান।,এক মুঠো চিপসের পরিবর্তে এক মুঠো বাদাম খান।,26.101258417999816,,1547.0
এছাড়া শিশু ক্রমাগতভাবে কম শোনার কারণে ক্লাসে অমনোযোগী হয়ে পড়ে পড়াশোনায় খারাপ করে এবং শিক্ষাজীবন ব্যাহত হয়,"উপরন্তু, ক্রমাগত শোনার অভাবে শিশু ক্লাসে অমনোযোগী হয়ে পড়ে, যার ফলশ্রুতিতে একাডেমিক পারফরম্যান্স খারাপ হয় এবং একাডেমিক ক্যারিয়ার ব্যাহত হয়।","তাছাড়া, ক্রমাগত কম শোনার ফলে শিশুটি ক্লাসে মনোযোগ হারিয়ে ফেলে, যার প্রভাবে তার পড়াশোনার অবনতি ঘটে এবং সামগ্রিক শিক্ষাজীবন বাধাগ্রস্ত হয়।",32.3452106349996,,1548.0
কর্টিসলের জোয়ারভাটা শরীরে প্রাকৃতিকভাবেই ঘটতে থাকে,শরীরে স্বাভাবিকভাবেই কর্টিসলের বৃদ্ধি ঘটে।,দেহে কর্টিসল হরমোনের ওঠানামা স্বাভাবিকভাবেই চলমান থাকে।,34.99900113000058,,1549.0
সেই চুলকে ঘন ও কালো দেখাতে প্রয়োজন নিয়মিত পরিচর্যা,চুল ঘন ও কালো দেখাতে নিয়মিত যত্ন প্রয়োজন।,ওই চুলগুলোকে ঘন ও কালো দেখাতে নিয়মিত যত্ন নেওয়া আবশ্যক।,30.796703312999853,,1550.0
অনেক মাবাবা ভাবছেন বড় হয়ে গেছে আশপাশে কী ঘটছে তাদেরও সেটা জানা উচিত,অনেক অভিভাবক মনে করেন যে প্রাপ্তবয়স্ক হিসাবে তাদের চারপাশে কী ঘটছে তাও তাদের জানা উচিত।,"অনেক অভিভাবকই মনে করেন, সন্তানরা এখন বড় হয়ে গেছে, তাই চারপাশের পরিস্থিতি সম্পর্কে তাদেরও জানা প্রয়োজন।",36.05483876299968,,1551.0
তবে এটাতে লবণ বেশি থাকে বলে উচ্চরক্ত চাপে না খাওয়াই ভালো,"কিন্তু উচ্চ রক্তচাপের সঙ্গে এটি না খাওয়াই ভালো, কারণ এতে লবণ বেশি থাকে।",তবে এতে লবণের মাত্রা বেশি থাকায় উচ্চ রক্তচাপের রোগীদের এটি পরিহার করাটাই শ্রেয়।,36.090206502999536,,1552.0
চাহিদার তুলনায় সরবরাহ কম থাকায় দাম বেড়েছে কয়েকগুণ,চাহিদার তুলনায় সরবরাহ কম থাকায় দাম বেড়েছে বহুগুণ।,চাহিদার তুলনায় সরবরাহের ঘাটতি থাকায় দাম বহুগুণ বৃদ্ধি পেয়েছে।,39.63383986699955,,1553.0
কিন্তু তখনো পাতলা পায়খানা ও বমির রেশ ছিল,কিন্তু তারপরও ডায়রিয়া ও বমি হচ্ছিল।,তবুও সেই সময়ে পাতলা পায়খানা ও বমির প্রভাব পুরোপুরি কাটেনি।,31.08508503299981,,1554.0
চিকিৎসক আরও বলেন চশমা হলে প্রথমে বেসিনের কল থেকে বেরুনো পানি দিয়ে দুটি কাচ ও ফ্রেম ভালোভাবে ধুয়ে নিয়ে হবে,"ডাক্তার আরো বলেন, চশমার ক্ষেত্রে বেসিনের কল থেকে পানি দিয়ে প্রথমে দুটি গ্লাস ও ফ্রেম ধুয়ে ফেলুন।","চিকিৎসক আরও পরামর্শ দেন, চশমা পরিষ্কার করতে হলে সবার আগে বেসিনের কল থেকে বের হওয়া পানি দিয়ে দুটি লেন্স ও ফ্রেমটিকে ভালো করে ধুয়ে নিতে হবে।",38.36294077000002,,1555.0
তিনি বলেন আমরা একটি উচ্চ ক্ষমতাসম্পন্ন টাস্কফোর্স গঠন করেছি,"তিনি বলেন, আমরা একটি উচ্চ ক্ষমতাসম্পন্ন টাস্কফোর্স গঠন করেছি।","তিনি জানিয়েছেন, আমরা একটি অত্যন্ত সক্ষম টাস্কফোর্স গড়ে তুলেছি।",24.418094765000205,,1556.0
শুনতে খুব ভালো লাগছে তাই না,খুব ভালো লাগছে তাই না?,শ,23.287911954000265,,1557.0
এতে থাইরয়েড ফোলার সঙ্গে সঙ্গে চোখ কোটর থেকে বেরিয়ে আসে,"এতে, থাইরয়েড ফুলে যাওয়ায় চোখ তাদের সকেট থেকে বেরিয়ে আসে।",এর ফলে থাইরয়েড গ্রন্থি ফুলে ওঠার পাশাপাশি চোখ দুটি অক্ষিকুহর থেকে বাইরে বেরিয়ে পড়ে।,43.3708848819997,,1558.0
রক্ত পরীক্ষার মাধ্যমে এই রোগ নির্ণয় করা সম্ভব,রক্ত পরীক্ষার মাধ্যমে এই রোগ নির্ণয় করা যায়।,এই রোগটি রক্ত পরীক্ষার সাহায্যে নির্ণয় করা যায়।,41.710139282000455,,1559.0
মদিনায় এ খেজুরের ফলন হয় বেশি,মদীনায় এসব খেজুরের ফলন বেশি হয়।,মদিনায় এই খেজুরের উৎপাদন বেশি হয়।,32.95026583700019,,1560.0
 তাই স্টিল কাট বা রোলড ওটসের চাহিদাই বেশি,স্টিলের কাট বা রোলড ওটসের তাই চাহিদা বেশি।,সেকারণেই স্টিল কাট কিংবা রোলড ওটসের চাহিদা অধিক।,36.22546641600002,,1561.0
"তিনি বলেন, ‘প্যাথলজি বিভাগের একটি শাখায় শুধু ডেঙ্গু পরীক্ষা করা হচ্ছে","তিনি বলেন, 'শুধুমাত্র প্যাথলজি বিভাগের একটি শাখায় ডেঙ্গু পরীক্ষা করা হয়।","তিনি জানান, 'প্যাথলজি বিভাগের একটি নির্দিষ্ট শাখায় কেবল ডেঙ্গু পরীক্ষার কাজ চলছে।'",34.39173183799994,,1562.0
তাই বিশেষজ্ঞরা বারবার ‘জেন এফেক্ট’ দূর করার জন্য মুলা খাওয়ার পরামর্শ দিয়ে থাকেন,তাই বিশেষজ্ঞরা বারবার 'জেন প্রভাব' দূর করতে মুলা খাওয়ার পরামর্শ দেন।,এ কারণেই বিশেষজ্ঞরা ‘জেন এফেক্ট’ দূরীকরণের উদ্দেশ্যে মূলা সেবনের পরামর্শ বারংবার দিয়ে থাকেন।,34.89661873900059,,1563.0
 ভাজাভাজির জন্যে চাই স্বাস্থ্যকর তেল,আমি ভাজার জন্য স্বাস্থ্যকর তেল চাই।,ভাজার কাজে স্বাস্থ্যসম্মত তেলের প্রয়োজন।,23.952888636000356,,1564.0
ধূমপান এবং মদ্যপান থেকে বিরত থাকুন,ধূমপান এবং অ্যালকোহল পান এড়িয়ে চলুন।,ধূমপান ও মদ্যপান সম্পূর্ণ পরিহার করুন।,26.02402514699952,,1565.0
ভাইরাল হেপাটাইটিসজনিত জন্ডিসে খাওয়ার রুচি এমনিতেই কম থাকে,ভাইরাল হেপাটাইটিস দ্বারা সৃষ্ট জন্ডিস দুর্বল ক্ষুধা দ্বারা চিহ্নিত করা হয়।,ভাইরাল হেপাটাইটিসের কারণে সৃষ্ট জন্ডিসে খাদ্যরুচি স্বাভাবিকভাবেই কমে যায়।,34.65494002600008,,1566.0
বেসন  বেসন প্রাকৃতিক এক্সফোলিয়েটর হিসেবে কাজ করে আর এর ক্লিনজিং এজেন্ট ত্বকের ময়লা পরিষ্কার করতে সাহায্য করে,বেসন বেসন প্রাকৃতিক এক্সফোলিয়েটর হিসেবে কাজ করে এবং এর ক্লিনজিং এজেন্ট ত্বকের ময়লা দূর করতে সাহায্য করে।,"বেসন একটি প্রাকৃতিক এক্সফোলিয়েটর হিসেবে কাজ করে, পাশাপাশি এর পরিচ্ছন্নকরণ উপাদান ত্বকের জমে থাকা ময়লা দূর করতে সহায়তা করে।",29.860505457999352,,1567.0
সে ক্ষেত্রে রোগীকে দ্রুত অক্সিজেন দিতে হবে,সেক্ষেত্রে রোগীকে দ্রুত অক্সিজেন দিতে হবে।,এমন পরিস্থিতিতে রোগীকে অবিলম্বে অক্সিজেন প্রদান করা প্রয়োজন।,32.94042936000005,,1568.0
"এরপর নলেন গুড় তৈরির তৃতীয় তথা শেষ ধাপ এবং সবচেয়ে গুরুত্বপূর্ণ ধাপ৷ ভাল গুণমানের নলেন গুড় তৈরি করতে তৃতীয় ধাপে যথেষ্ট মুন্সিয়ানার প্রয়োজন৷ মাটির উনুনে কাঠের জ্বালানি ব্যবহার করে রস ফোটাতে হয়৷ রস ফোটার সময় তার মধ্যে বিশেষ ধরনের হাতা দিয়ে সারাক্ষণ নাড়তে হয়৷ মূলত নারকেলের মালার অর্ধেক অংশে লম্বা কাঠ লাগিয়ে এই হাতা তৈরি করা হয়৷ কয়েক ঘণ্টা ধরে রস ফোটাতে হয়৷ যত সময় এগোয়, ততই নলেন গুড়ের গন্ধ পাওয়া যায়৷ গন্ধ যত বাড়বে, বুঝতে হবে গুড়ের মান ততই ভাল হচ্ছে৷ তবে অনেকে গুড়ের রং হালকা করার জন্য সোডিয়াম হাইড্রোজেন সালফাইট (হাইড্রোজ) ব্যবহার করে থাকেন যা স্বাস্থ্যের জন্য ক্ষতিকর","এরপর আসে তৃতীয় এবং শেষ ধাপ এবং গুড় তৈরির সবচেয়ে গুরুত্বপূর্ণ ধাপ তৃতীয় ধাপে ভালো মানের নলেন গুড় উৎপাদনের জন্য পর্যাপ্ত মুন্সিয়ানা প্রয়োজন। মূলত এই হাতা একটি নারকেলের খোসার অর্ধেক কাঠের একটি লম্বা টুকরা সংযুক্ত করে তৈরি করা হয়। যত সময় যায় গুড়ের গন্ধ ততই তীব্র হয়। তবে অনেকেই গুড়ের রঙ হালকা করতে সোডিয়াম হাইড্রোজেন সালফাইট (হাইড্রোজ) ব্যবহার করেন, যা","নলেন গুড় প্রস্তুতের তৃতীয় ও অন্তিম ধাপটিই সবচেয়ে গুরুত্বপূর্ণ, যেখানে উৎকৃষ্ট মানের গুড় পেতে অসাধারণ কারিগরি দক্ষতার প্রয়োজন হয়। এই ধাপে মাটির উনুনে কাঠের আগুনে রসের জ্বাল দেওয়া হয় এবং জ্বাল চলাকালীন নারকেলের খোলের অর্ধেক অংশ ও লম্বা লাঠি দিয়ে তৈরি বিশেষ হাতা দিয়ে তা অনবরত নাড়তে হয়। কয়েক ঘণ্টাব্যাপী এই জ্বাল প্রক্রিয়ার মধ্যে দিয়েই নলেন গুড়ের সুঘ্রাণ ছড়িয়ে পড়ে; সুগন্ধের তীব্রতা যত বাড়ে, গুড়ের মান তত উন্নত হয় বলে ধরে নেওয়া যায়। তবে গুড়ের রং হালকা করতে কিছু মানুষ সোডিয়াম হাইড্রোজেন সালফাইট বা হাইড্রোজ নামক ক্ষতিকর রাসায়নিক ব্যবহার করেন,",46.676395202000094,,1569.0
 যারা প্রোস্টেট গ্রন্থি বড় হওয়ার কারণে ওষুধ সেবন করে থাকেন তারা টাইপ২ ডায়াবেটিস ঝুঁকির মধ্যে থাকেন,যারা প্রোস্টেট বৃদ্ধির জন্য ওষুধ খান তাদের টাইপ 2 ডায়াবেটিসের ঝুঁকি থাকে।,"প্রোস্টেট গ্রন্থির আকার বৃদ্ধির কারণে যারা ঔষধ গ্রহণ করেন, তাদের টাইপ-২ ডায়াবেটিসে আক্রান্ত হওয়ার ঝুঁকি রয়েছে।",33.84429303300021,,1570.0
 কারণ শিশুদের ক্যানসারের মধ্যে এই লক্ষণগুলোও রয়েছে,কারণ শিশুদের ক্যান্সারেও এই উপসর্গ থাকে।,কেননা শিশুদের ক্যানসারেও এই উপসর্গগুলোর উপস্থিতি রয়েছে।,25.10403025299911,,1571.0
সেই সঙ্গে প্রস্রাবের পরিমাণ পর্যবেক্ষণ করতে হবে,সেই সঙ্গে প্রস্রাবের পরিমাণ পর্যবেক্ষণ করতে হবে।,পাশাপাশি মূত্রের পরিমাণের দিকে নজর রাখা প্রয়োজন।,30.08709579599963,,1572.0
যদি পরিচর্যা করতেই হয় তাহলে মাস্ক পরে নেবেন গাউন পরে নেবেন এবং হাতটি সুন্দর করে ধুয়ে নেবেন,"যদি আপনাকে উপস্থিত হতেই হয়, একটি মাস্ক, গাউন পরুন এবং আপনার হাত ভালভাবে ধুয়ে নিন।","পরিচর্যা করা যদি একান্ত প্রয়োজন হয়, তবে অবশ্যই মাস্ক ও গাউন পরিধান করবেন এবং হাত ভালোভাবে পরিষ্কার করে নেবেন।",27.915212952999354,,1573.0
 তাই ডায়াবেটিস রোগীদের এটি এড়িয়ে চলাই ভালো,তাই ডায়াবেটিস রোগীদের এটি এড়িয়ে চলা উচিত।,সুতরাং ডায়াবেটিসে আক্রান্ত রোগীদের এটি পরিহার করাই শ্রেয়।,25.94501121200028,,1574.0
 ডায়াবেটিস শরীরে বাসা বাঁধলে অনেক কিছু খাবার খাওয়া বন্ধ হয়ে যায়,ডায়াবেটিস শরীরে শিকড় গেড়ে গেলে অনেক খাবার বন্ধ হয়ে যায়।,শরীরে ডায়াবেটিস দেখা দিলে অনেক ধরনের খাবার খাওয়া বর্জন করতে হয়।,31.92217147300016,,1575.0
তারা বলছেন তাদের কথা শোনার পাশাপাশি গুরুত্ব দিতে হবে চরম সামাজিক দূরত্ব সৃষ্টি করার বিষয়টিতে,তারা বলে যে তাদের শোনার পাশাপাশি চরম সামাজিক দূরত্বের দিকে মনোনিবেশ করা দরকার।,"তারা জানাচ্ছেন, তাদের পরামর্শ শোনার পাশাপাশি কঠোর সামাজিক দূরত্ব বজায় রাখার বিষয়েও জোর দিতে হবে।",33.86790526299956,,1576.0
প্রান্তিক জনগোষ্ঠীর ইনসুলিনের মতো প্রয়োজনীয় ওষুধ পাওয়ার সম্ভাবনা কম,প্রান্তিক জনগোষ্ঠীর ইনসুলিনের মতো প্রয়োজনীয় ওষুধ পাওয়ার সম্ভাবনা কম।,সুবিধাবঞ্চিত জনগোষ্ঠীর ইনসুলিনের মতো অপরিহার্য ঔষধ পাওয়ার সুযোগ অত্যন্ত সীমিত।,29.62427765400025,,1577.0
ঝাল খাবার পাকস্থলীতে এসিডিটির পরিমাণ বাড়িয়ে দেয়,লবণাক্ত খাবার পাকস্থলীতে অ্যাসিডের পরিমাণ বাড়ায়।,ঝাল খাবারের কারণে পাকস্থলীতে অ্যাসিডের মাত্রা বৃদ্ধি পায়।,32.7132027610005,,1578.0
 মস্তিষ্কে রক্তক্ষরণ স্ট্রোক অস্ত্রোপচার বা কোনো রোগের কারণে দীর্ঘদিন শয্যাশায়ী থাকলে কোষ্ঠকাঠিন্য দূর করা কঠিন হয়ে পড়ে,"ব্রেন হেমারেজ, স্ট্রোক, সার্জারি বা অন্য কোনো রোগের কারণে দীর্ঘদিন শয্যাশায়ী থাকলে কোষ্ঠকাঠিন্য দূর করা কঠিন হয়ে পড়ে।","মস্তিষ্কে রক্তক্ষরণ, স্ট্রোকের অস্ত্রোপচার কিংবা অন্য যেকোনো রোগের ফলে দীর্ঘকাল বিছানাগত থাকলে কোষ্ঠকাঠিন্যের সমস্যা দূর করা অত্যন্ত কষ্টসাধ্য হয়ে পড়ে।",42.76724763600032,,1579.0
এ ছাড়া বিএসএমএমইউর পরীক্ষা থেকেও ২৮ মে তাঁর করোনা পজিটিভ আসে,এ ছাড়া গত ২৮ মে বিএসএমএমইউ পরীক্ষায় তার করোনা পজিটিভ আসে।,এর পাশাপাশি ২৮ মে বিএসএমএমইউতে তাঁর করোনা পরীক্ষার রিপোর্টও পজিটিভ এসেছে।,37.03028314299991,,1580.0
ডা কাজী মাহজেবীন আক্তার সরকারী ইউনানী ও আয়ুর্বেদিক মেডিকেল কলেজের মেডিকেল অফিসার এমও হিসেবে কর্মরত ছিলেন,ডাঃ কাজী মাহজেবীন আখতার সরকারি ইউনানী ও আয়ুর্বেদিক মেডিকেল কলেজের মেডিকেল অফিসার হিসেবে কর্মরত ছিলেন।,ডা. কাজী মাহজেবীন আক্তার সরকারী ইউনানী ও আয়ুর্বেদিক মেডিকেল কলেজে মেডিকেল অফিসার (এমও) পদে নিয়োজিত ছিলেন।,39.43656218600063,,1581.0
রক্তে অত্যধিক পরিমাণে কলেস্টেরল থাকলে ডায়াবেটিস রোগীদের হার্টের রোগ এবং রক্তনালির রোগ বৃদ্ধি পেতে পারে,রক্তে অত্যধিক কোলেস্টেরল ডায়াবেটিস রোগীদের হৃদরোগ এবং রক্তনালীর রোগের ঝুঁকি বাড়াতে পারে।,রক্তে কলেস্টেরলের মাত্রা অত্যধিক বেশি থাকলে ডায়াবেটিস আক্রান্ত রোগীদের হৃদরোগ ও রক্তনালীর রোগে আক্রান্ত হওয়ার ঝুঁকি বেড়ে যেতে পারে।,42.38824946600016,,1582.0
এর আগে খবরে বলা হয়েছে সরকারের অনুমোদন না পেলেও নিজেদের উদ্ভাবিত জি আর কোভিড১৯ রেপিড ডট ব্লট কিট দিয়ে করোনাভাইরাসের পরীক্ষা শুরু করবে গণস্বাস্থ্য কেন্দ্র,"এর আগে জানা গেছে, সরকারের অনুমোদন না পাওয়া সত্ত্বেও গণসাথ্য কেন্দ্র নিজস্ব উদ্ভাবিত জিআর কোভিড-১৯ র‌্যাপিড ডট ব্লট কিট দিয়ে করোনাভাইরাস পরীক্ষা শুরু করবে।","পূর্বের সংবাদে প্রকাশ, সরকারি অনুমতি না মিললেও গণস্বাস্থ্য কেন্দ্র তাদের নিজস্ব উদ্ভাবিত জি আর কোভিড১৯ রেপিড ডট ব্লট কিট ব্যবহার করে করোনাভাইরাস পরীক্ষা চালু করবে।",39.00877348199992,,1583.0
হৃৎপিণ্ডের রক্তনালিতে ব্লকজনিত কারণে বুকে ব্যথা হলে কি ইসিজি স্বাভাবিক থাকতে পারে,হার্টের রক্তনালীতে ব্লকেজের কারণে বুকে ব্যথা হলে ইসিজি কি স্বাভাবিক হতে পারে?,"হৃদযন্ত্রের রক্তনালীতে ব্লকের কারণে বুকে ব্যথা হলে, সে ক্ষেত্রে কি ইসিজি রিপোর্ট স্বাভাবিক আসা সম্ভব?",33.11735414500072,,1584.0
সাধারণ নিউমোনিয়াতেও হঠাৎ অনেক জ্বর বুকব্যথা ও কাশির সঙ্গে মরিচা রঙের কফ হতে পারে,সাধারণ নিউমোনিয়াতেও হঠাৎ উচ্চ জ্বর হতে পারে বুকে ব্যথা এবং মরিচাযুক্ত কফের সাথে কাশি।,"স্বাভাবিক নিউমোনিয়াতেও আকস্মিক উচ্চ জ্বর, বক্ষব্যথা এবং কাশির পাশাপাশি মরিচা রঙের কফ দেখা দিতে পারে।",34.30595542999981,,1585.0
সময়মতো ধৈর্য ধরে চিকিৎসা করলে এ অন্ধত্বের হাত থেকে রক্ষা পাওয়া যায়,সময়মত এবং রোগীর চিকিৎসা আপনাকে এই অন্ধত্ব থেকে বাঁচাতে পারে।,সঠিক সময়ে ধৈর্যের সাথে চিকিৎসা গ্রহণ করলে এই অন্ধত্ব থেকে মুক্তি লাভ করা সম্ভব।,25.46007569799985,,1586.0
কোনো কারণে থাইরয়েড গ্রন্থি থেকে মাত্রাতিরিক্ত হরমোন নিঃসৃত হওয়াকে হাইপারথাই রয়েডিজম বলা হয়,হাইপারথাইরয়েডিজম হলো কোনো কারণে থাইরয়েড গ্রন্থি থেকে অতিরিক্ত হরমোন নিঃসরণ।,"থাইরয়েড গ্রন্থি থেকে যেকোনো কারণে অতিরিক্ত হরমোন ক্ষরণের যে অবস্থা, তাকে হাইপারথাইরয়েডিজম বলা হয়।",50.59853180800019,,1587.0
প্রতি সপ্তাহে কমপক্ষে তিন রাত এবং একটানা কমপক্ষে তিন মাস উপরোক্ত অবস্থা চলতে থাকলে তাকে আমরা ইনসমনিয়া ডিসঅর্ডার বলি,"যদি উপরোক্ত অবস্থা প্রতি সপ্তাহে অন্তত তিন রাত এবং টানা তিন মাস চলতে থাকে, তাহলে আমরা তাকে অনিদ্রা ব্যাধি বলি।",সপ্তাহে অন্তত তিন রাত এবং টানা অন্তত তিন মাস ধরে পূর্বোক্ত অবস্থাটি অব্যাহত থাকলে তাকে ইনসমনিয়া ডিসঅর্ডার হিসেবে গণ্য করা হয়।,31.964793762000227,,1588.0
এসব লবণের ঘাটতিতে সচরাচর এই সমস্যা হতে পারে,এই লবণের ঘাটতির কারণে প্রায়ই এই সমস্যা হতে পারে।,এই লবণগুলোর অভাবে সাধারণত এই সমস্যাটি দেখা দিতে পারে।,24.68309484800011,,1589.0
নাকের এ সর্দি সামনের দিকে আসতে পারে,এই সর্দি নাক এগিয়ে আসতে পারে।,নাকের এই সর্দি সামনের দিকে বেরিয়ে আসতে পারে।,22.565886204999515,,1590.0
 মানসিক চাপ বা উদ্বেগ ম্যানেজে মেডিটেশন ইয়োগা করবেন,মানসিক চাপ বা উদ্বেগ পরিচালনা করতে ধ্যান যোগব্যায়াম করুন।,মানসিক চাপ বা দুশ্চিন্তা সামলাতে ধ্যান ও যোগব্যায়ামের অভ্যাস করা উচিত।,27.155330820000017,,1591.0
কিন্তু জন্মগতকারণে চোখের মাংস দুর্বল হলে মণি অস্বচ্ছ হলে জন্মগত ছানি হলে দুই চোখের দৃষ্টিশক্তির পার্থক্য হলে গঠনগত অসামঞ্জস্য হলে দুটি চোখ একসঙ্গে কোনো বস্তুর দিকে স্থির থাকতে পারে না,"কিন্তু জন্মগত কারণে চোখের পেশী দুর্বল হলে, পুতুল অস্বচ্ছ হলে, জন্মগত ছানি থাকলে, দুই চোখের দৃষ্টিশক্তির পার্থক্য থাকলে, গঠনগত অসংগতি থাকলে চোখ দুটি পারে না। একই সাথে একটি বস্তু ঠিক করুন।","তবে জন্মসূত্রে চোখের পেশী দুর্বল থাকলে, মণি ঘোলাটে হলে, জন্মগত ছানি দেখা দিলে, দুই চোখের দৃষ্টিশক্তিতে তারতম্য ঘটলে অথবা গাঠনিক কোনো অসামঞ্জস্যতা থাকলে, দুটি চোখ একত্রে কোনো নির্দিষ্ট বস্তুর দিকে স্থির দৃষ্টি রাখতে পারে না।",39.89113628499945,,1592.0
প্রণালী ১ কাপ বেসন ১ কাপ চিনি ১ কাপ ঘি বড় এলাচের গুঁড়ো ছোট ছোট টুকরো করে কাটা বাদামউপকরণ প্রথমে চিনি আর ১ কাপ পানি নিয়ে ওভেনে বসান,"প্রণালী: 1 কাপ বেসন, 1 কাপ চিনি, 1 কাপ ঘি, বড় এলাচ গুঁড়া, বাদাম ছোট ছোট টুকরো করে কাটা। উপকরণ: প্রথমে চিনি ও ১ কাপ পানি নিয়ে ওভেনে রাখুন।","উপকরণ: ১ কাপ বেসন, ১ কাপ চিনি, ১ কাপ ঘি, বড় এলাচের গুঁড়ো এবং ছোট করে কাটা বাদাম। প্রস্তুতপ্রণালী: প্রথমে ১ কাপ চিনি ও ১ কাপ পানি চুলায় বসিয়ে দিন।",38.485767822000525,,1593.0
রোগীর দ্রুত সুস্থতার জন্য পানি এবং পানীয় জাতীয় খাবার যেমন ডাবের পানি ও বিভিন্ন ধরনের ফলের জুস এবং প্লেটেলেট বাড়ে এ জাতীয় খাবার দিয়ে সুষম ও সহজপাচ্য খাদ্য তালিকাটি তৈরি করতে হবে,রোগীর দ্রুত সুস্থতার জন্য পানি এবং ডাবের পানির মতো পানীয় এবং বিভিন্ন ফলের রস এবং খাবার যা প্লেটলেট বাড়ায় দিয়ে একটি সুষম এবং সহজে হজমযোগ্য খাদ্য তৈরি করতে হবে।,"দ্রুত আরোগ্যের লক্ষ্যে রোগীর জন্য একটি পুষ্টিকর ও সহজে হজমযোগ্য খাদ্যতালিকা প্রণয়ন করা প্রয়োজন, যেখানে পর্যাপ্ত পানি, ডাবের পানি, নানা ফলের রস এবং প্লেটলেট বৃদ্ধিকারী খাবার অন্তর্ভুক্ত থাকবে।",38.61817120100022,,1594.0
 মায়ের বুকের দুধ পান করাতে হবে,মায়ের বুকের দুধ পান করা উচিত।,শিশুকে মায়ের স্তন্যপান করাতে হবে।,30.800757122000505,,1595.0
গত ৫ বছর পূর্বে বেলজিয়ামের একটি গবেষণাগারে একইভাবে একটি লামার দেহে ইনজেকশনের মাধ্যমে SARS সার্স ও MARS মার্স ভাইরাস দেয়া হয়েছিল,5 বছর আগে বেলজিয়ামের একটি গবেষণাগারে SARS এবং MARS ভাইরাস একইভাবে একটি লামাতে ইনজেকশন দেওয়া হয়েছিল।,ঠিক পাঁচ বছর আগে বেলজিয়ামের একটি ল্যাবরেটরিতে অনুরূপভাবে ইনজেকশনের সাহায্যে একটি লামার শরীরে সার্স ও মার্স ভাইরাস প্রবেশ করানো হয়েছিল।,32.74884676599959,,1596.0
১ গর্ভকালীন এবং গর্ভ পরবর্তী সময়ে নিয়মিত স্বাস্থ্যসেবা পেতে চিকিৎসকের সঙ্গে যোগাযোগ রাখুন,1 গর্ভাবস্থায় এবং গর্ভাবস্থার পরে নিয়মিত স্বাস্থ্যসেবা পেতে ডাক্তারের সাথে যোগাযোগ রাখুন।,গর্ভাবস্থা ও প্রসবোত্তর সময়ে ধারাবাহিক স্বাস্থ্যসেবা পেতে ডাক্তারের সাথে যোগাযোগ বজায় রাখুন।,27.60321392400056,,1597.0
একই বিভাগের সিনিয়র কনসালটেন্ট অ্যান্ড কোঅর্ডিনেটর ডা ফেরদৌস শাহরিয়ার সৈয়দ বলেন দেশে ৯০ শতাংশ ক্যানসারের ওষুধ তৈরি হয়,"একই বিভাগের সিনিয়র কনসালটেন্ট ও সমন্বয়কারী ড. ফেরদৌস শাহরিয়ার সৈয়দ বলেন, দেশে ক্যান্সারের ৯০ শতাংশ ওষুধ তৈরি হয়।","একই বিভাগের সিনিয়র কনসালটেন্ট এবং কোঅর্ডিনেটর ডা. ফেরদৌস শাহরিয়ার সৈয়দ জানিয়েছেন, দেশের ভেতরেই ৯০ শতাংশ ক্যানসারের ঔষধ উৎপাদিত হয়।",34.90682769900013,,1598.0
অ্যালার্জি থাকলে অপারেশনের পর শিশুকে অ্যালার্জির জন্য দীর্ঘমেয়াদী ওষুধ দিতে হবে,অ্যালার্জি হলে অপারেশনের পর শিশুকে দীর্ঘমেয়াদি অ্যালার্জির ওষুধ দিতে হবে।,"শিশুর যদি অ্যালার্জি থাকে, তবে অস্ত্রোপচারের পর তাকে দীর্ঘদিন ধরে অ্যালার্জির ঔষধ সেবন করাতে হবে।",29.703158676000385,,1599.0
৪৫ মিনিট থেকে ৬০ মিনিট অপেক্ষা করুন,45 মিনিট থেকে 60 মিনিট অপেক্ষা করুন।,৪৫ থেকে ৬০ মিনিট পর্যন্ত অপেক্ষা করুন।,38.09148862300026,,1600.0
হার্ট ফেলিওর সম্পর্কে আপনি জানেন এবং হার্ট ফেলিওরের সঙ্গে নিরাপদ বসবাস করবেন,আপনি হার্ট ফেইলিউর সম্পর্কে জানেন এবং হার্ট ফেইলিউর নিয়ে নিরাপদে বাস করুন।,হার্ট ফেলিওর সম্পর্কে আপনি অবগত আছেন এবং এই রোগ নিয়েই আপনি নিরাপদে জীবনযাপন করবেন।,29.0338129769998,,1601.0
পেট পরিষ্কার থাকবে যে কারণে ত্বক ঝকঝকে হবে নিজ থেকেই,"পেট পরিষ্কার থাকবে, যা স্বাভাবিকভাবেই ত্বককে উজ্জ্বল করবে।",পেট পরিষ্কার থাকার ফলে ত্বক স্বাভাবিকভাবেই উজ্জ্বল হয়ে উঠবে।,47.37235189000057,,1602.0
তাই একটি বাস্তবমুখী কার্যকর আইপিসি ছাড়া মানসম্পন্ন স্বাস্থ্যসেবা সরবরাহ করা অসম্ভব,"সুতরাং, একটি বাস্তবসম্মত এবং কার্যকর আইপিসি ছাড়া মানসম্পন্ন স্বাস্থ্যসেবা সরবরাহ করা অসম্ভব।","সুতরাং, একটি বাস্তবসম্মত ও ফলপ্রসূ আইপিসি ব্যবস্থা ছাড়া উন্নত মানের স্বাস্থ্যসেবা প্রদান করা কোনোভাবেই সম্ভব নয়।",35.53254086500056,,1603.0
দুধ যে ক্যালসিয়ামের ঘাটতি মেটানোর জন্য মূল আশ্রয় তা আমরা কম বেশি সকলেই জানি,আমরা সবাই কমবেশি জানি যে দুধ হল ক্যালসিয়ামের ঘাটতির প্রধান আশ্রয়স্থল।,"ক্যালসিয়ামের অভাব পূরণের প্রধান অবলম্বন যে দুধ, তা আমাদের সবারই কমবেশি জানা আছে।",28.28135256800033,,1604.0
গাছে পানি দেবে কে এই চিন্তায় শহর ছেড়ে বেড়াতে বা ভ্রমণে যাওয়াটা এক রকম চিন্তার বিষয় হয়ে যায়,"শহর ছেড়ে বেড়াতে যাওয়া বা বেড়াতে যাওয়া এক ধরনের দুশ্চিন্তায় পরিণত হয়, কে গাছে পানি দেবে তা নিয়ে দুশ্চিন্তা।","গাছে জল দেবে কে, এই ভাবনায় শহর ছেড়ে ঘুরতে বা ভ্রমণে যাওয়াটা বেশ চিন্তার কারণ হয়ে দাঁড়ায়।",31.143068509999463,,1605.0
হাজিদের প্রায় ১৫ শতাংশ ডায়াবেটিক নিউরোপ্যাথিতে ভোগেন যা পায়ের জটিলতা যেমনক্ষত বা ঘা হওয়ার ঝুঁকি বাড়িয়ে দেয়,"প্রায় 15 শতাংশ হাজি ডায়াবেটিক নিউরোপ্যাথিতে ভুগছেন, যা আলসারের মতো পায়ের জটিলতার ঝুঁকি বাড়ায়।","হজযাত্রীদের প্রায় ১৫ শতাংশ ডায়াবেটিক নিউরোপ্যাথিতে আক্রান্ত হন, যার ফলে পায়ের ক্ষত বা ঘা হওয়ার মতো জটিলতার ঝুঁকি বৃদ্ধি পায়।",34.51266537900028,,1606.0
হাতের ওপর মাথার চাপ বাড়বে তবে হাত দুটোও মাথার ওপর সমান চাপ দেবে,"হাতের উপর মাথার চাপ বাড়বে, তবে উভয় হাত মাথার উপর সমান চাপ দেবে।","হাতের ওপর মাথার চাপ বৃদ্ধি পাবে, কিন্তু হাত দুটিও মাথার ওপর সমপরিমাণ চাপ প্রয়োগ করবে।",37.39165208899976,,1607.0
এই দুই এসেন্সিয়াল হেলদি ফ্যাট আমাদের হৃদযন্ত্রের স্বাস্থ্যের খেয়াল রাখে,এই দুটি অপরিহার্য স্বাস্থ্যকর চর্বি আমাদের হার্টের স্বাস্থ্যের যত্ন নেয়।,এই দুটি অপরিহার্য ও স্বাস্থ্যকর চর্বি আমাদের হৃদযন্ত্রের সুস্থতা বজায় রাখে।,30.056079202000547,,1608.0
 এই ভাইরাস সম্পর্কে এখন অনেক ধারণাই পরিষ্কার হয়ে গেছে বিজ্ঞানীদের,এই ভাইরাস সম্পর্কে অনেক ধারণা এখন বিজ্ঞানীদের কাছে পরিষ্কার।,এই ভাইরাসের বিষয়ে বিজ্ঞানীদের অনেক ধারণা এখন সুস্পষ্ট হয়ে উঠেছে।,33.24161066899978,,1609.0
দৈনিক চিনির পরিমাণ আমেরিকান হার্ট অ্যাসোসিয়েশন মেয়েদের জন্য ছয় চামচ চিনি বা ২৫ গ্রাম চিনি এক দিনে অতিরিক্ত বা অ্যাডেড সুগার হিসাবে গ্রহণের পরামর্শ প্রদান করেছেন,দৈনিক চিনির পরিমাণ আমেরিকান হার্ট অ্যাসোসিয়েশন মেয়েদের জন্য সুপারিশ করে দিনে ছয় চা চামচ চিনি বা যোগ করা চিনি 25 গ্রাম।,"আমেরিকান হার্ট অ্যাসোসিয়েশন পরামর্শ দিয়েছেন যে, মেয়েদের দৈনিক অতিরিক্ত বা অ্যাডেড সুগার হিসেবে ছয় চামচ অথবা ২৫ গ্রাম চিনি গ্রহণ করা উচিত।",41.39709493800001,,1610.0
শীতকালে সাইনাসের সমস্যা একটি সাধারণ ব্যাপার,শীতকালে সাইনাসের সমস্যা দেখা যায়।,শীতের সময় সাইনাসের সমস্যা দেখা দেওয়া খুবই সাধারণ একটি বিষয়।,36.372062703000665,,1611.0
এভাবে কয়েক দিন খেলে কমে যাবে গলাব্যথা,এভাবে কয়েকদিন খেলে গলা ব্যথা কমে যাবে।,এই পদ্ধতিতে কিছুদিন খেললে গলার ব্যথা কমে আসবে।,29.14742390799984,,1612.0
মুখের আলসারের ভালো চিকিৎসা রয়েছে,মুখের আলসারের ভালো চিকিৎসা আছে।,মুখের আলসার সারানোর জন্য কার্যকর চিকিৎসা বিদ্যমান।,29.85753825799929,,1613.0
স্টেরয়েড ড্রপ ব্যবহার করলে জীবাণুর সংক্রমণ আরও বেড়ে যেতে পারে এমনকি কর্নিয়া ক্ষতিগ্রস্থও হতে পারে,স্টেরয়েড ড্রপ সংক্রমণকে আরও খারাপ করতে পারে এবং এমনকি কর্নিয়ার ক্ষতি করতে পারে।,"স্টেরয়েড ড্রপ প্রয়োগের ফলে জীবাণুজনিত সংক্রমণ বৃদ্ধি পেতে পারে, এমনকি এর প্রভাবে কর্নিয়ার ক্ষতিও হতে পারে।",38.88278059700042,,1614.0
শিশুকে সুস্থ রাখার জন্য শীতের প্রস্তুতি ও চিকিৎসা নিয়ে লিখেছেন শিশুরোগ বিশেষজ্ঞ ও বাংলাদেশ শিশু চিকিৎসক সমিতির সভাপতি অধ্যাপক ডা মনজুর হোসেন,শিশুদের সুস্থ রাখতে শীতের প্রস্তুতি ও চিকিৎসার কথা লিখেছেন শিশু বিশেষজ্ঞ ও বাংলাদেশ চিলড্রেন ফিজিশিয়ান অ্যাসোসিয়েশনের সভাপতি ডাঃ মনজুর হোসেন।,বাংলাদেশ শিশু চিকিৎসক সমিতির সভাপতি ও শিশুরোগ বিশেষজ্ঞ অধ্যাপক ডা. মনজুর হোসেন শীতকালে শিশুদের সুস্থ রাখার প্রস্তুতি ও চিকিৎসা বিষয়ে লিখেছেন।,42.69583459800015,,1615.0
 ফুসফুসে ছড়ালে কাশি হওয়া এমনকি কাশির সঙ্গে রক্তও যেতে পারে,"যদি এটি ফুসফুসে ছড়িয়ে পড়ে, তবে এটি কাশি এবং এমনকি কাশির কারণে রক্তও হতে পারে।","ফুসফুসে সংক্রমণ ছড়িয়ে পড়লে কাশি দেখা দিতে পারে, এমনকি কাশির সাথে রক্ত বের হওয়ারও সম্ভাবনা থাকে।",26.39520587599964,,1616.0
নখে তিতা কিছু দিয়ে রাখুন তাহলে দাঁতে নখ দিতে ইচ্ছে করবে না,"তোমার নখে তেতো কিছু লাগাও, তাহলে তুমি আর দাঁতে নখ লাগাতে চাইবে না।",নখে তিতা কিছু মাখিয়ে রাখলে দাঁত দিয়ে নখ কামড়ানোর ইচ্ছা আর জাগবে না।,24.61368127500009,,1617.0
কী ঘটে যখন সবাই ঘরে বসে কাজ করে অথবা শুধুমাত্র দূর থেকেই যোগাযোগ করে কেমন হয় যখন সকল শিক্ষা কার্যক্রম অনলাইনে হয় স্বাভাবিক সময়ে রাষ্ট্র ব্যবসা এবং শিক্ষা প্রতিষ্ঠান এই ধরণের এক্সপেরিমেন্টে কখনোই রাজি হবে না,"সবাই যখন বাড়ি থেকে কাজ করে বা শুধুমাত্র দূর থেকে যোগাযোগ করে তখন কী হয়? সমস্ত শিক্ষা কার্যক্রম অনলাইন হলে কি হয়? স্বাভাবিক সময়ে, সরকার, ব্যবসায়িক এবং শিক্ষা প্রতিষ্ঠানগুলি কখনই এ জাতীয় পরীক্ষায় রাজি হবে না।","সকলে যখন ঘরে বসেই কাজ সারে এবং দূরবর্তী যোগাযোগের ওপর নির্ভর করে, তখন কী পরিস্থিতির সৃষ্টি হয়? আর সমস্ত শিক্ষা কার্যক্রম যদি অনলাইনে পরিচালিত হয়, তবে কী ফলাফল দেখা যায়? স্বাভাবিক অবস্থায় রাষ্ট্র, বাণিজ্যিক প্রতিষ্ঠান এবং শিক্ষা প্রতিষ্ঠানগুলো কখনোই এমন এক পরীক্ষা-নিরীক্ষায় সম্মত হতো না।",43.84529058299995,,1618.0
কেননা আর্থ্রাইটিস একটি দীর্ঘমেয়াদি জটিলতা এবং এখন পর্যন্ত সে অর্থে আর্থ্রাইটিসের সে রকম কার্যকরী চিকিৎসাও নেই কিন্তু করোনাভাইরাসের ক্ষেত্রে সম্পূর্ণ বিষয়টি ভিন্ন,"কারণ আর্থ্রাইটিস একটি দীর্ঘমেয়াদি জটিলতা এবং আর্থ্রাইটিসের তেমন কোনো কার্যকর চিকিৎসা নেই, তবে করোনাভাইরাসের ক্ষেত্রে এটি সম্পূর্ণ ভিন্ন।","আর্থ্রাইটিস একটি দীর্ঘস্থায়ী জটিলতা হওয়ায় বর্তমান পর্যন্ত এর তেমন কোনো ফলপ্রসূ চিকিৎসা নেই, তবে করোনাভাইরাসের বেলায় পুরো চিত্রটাই একদম আলাদা।",40.488072785999975,,1619.0
কারও অ্যালার্জি হয় সর্দিকাশি দেখা দেয়,কারও অ্যালার্জি আছে এবং কারও সর্দি আছে।,কারও কারও অ্যালার্জির ফলে সর্দি-কাশি দেখা দেয়।,30.37143847599964,,1620.0
তবে সবার এরকম থাকে না তাই যাদের অ্যাসিডিটি না হয় তারা অবশ্যই খাবার তালিকায় নিয়মিত লেবু রাখবেন,"কিন্তু সবারই এটা থাকে না, তাই যাদের অ্যাসিডিটি নেই তাদের খাবারে নিয়মিত লেবু রাখতে হবে।","তবে সকলের বেলায় এমনটা ঘটে না, তাই যাদের অ্যাসিডিটির সমস্যা নেই, তাদের নিয়মিত খাদ্যতালিকায় লেবু অন্তর্ভুক্ত করা একান্ত আবশ্যক।",37.61612842500017,,1621.0
 চতুর্থ পর্যায় পাইলস ফুলে বাইরে বের হয়ে আসে বা প্রলেপস হয়ে এবং তা আর নিজে ঠিক করা যায় না,স্টেজ IV পাইলস ফুলে যায় বা প্রল্যাপস হয় এবং নিজে থেকে মেরামত করা যায় না।,"পাইলসের চতুর্থ ধাপে ফোলা অংশটি বাইরে বেরিয়ে আসে বা প্রলেপস হয়ে যায়, ফলে তা আর নিজে ঠিক করা সম্ভব হয় না।",29.95284242999969,,1622.0
মো ইকবাল হোসেন জ্যেষ্ঠ পুষ্টি কর্মকর্তা চট্টগ্রাম ডায়াবেটিক জেনারেল হাসপাতাল,মোঃ ইকবাল হোসেন সিনিয়র নিউট্রিশন অফিসার চট্টগ্রাম ডায়াবেটিক জেনারেল হাসপাতাল,চট্টগ্রাম ডায়াবেটিক জেনারেল হাসপাতালে জ্যেষ্ঠ পুষ্টি কর্মকর্তা হিসেবে দায়িত্ব পালন করছেন মো. ইকবাল হোসেন।,32.185083805999966,,1623.0
বেশিরভাগ ক্ষেত্রে এটা একটা কারণে ফুলে যায় অধিকাংশ ক্ষেত্রে এর চিকিৎসার প্রয়োজন আছে,বেশিরভাগ ক্ষেত্রে এটি একটি কারণে ফুলে যায় এবং বেশিরভাগ ক্ষেত্রে এটির চিকিত্সার প্রয়োজন হয়।,সাধারণত কোনো এক কারণে এটি ফুলে ওঠে এবং অধিকাংশ ক্ষেত্রেই এর চিকিৎসার প্রয়োজন হয়।,26.44712002399865,,1624.0
"২ স্থূলতা
স্থূলতার কারণে অনেক সময় পাকস্থলীতে ক্যান্সার হতে পারে",2 স্থূলতা স্থূলতা প্রায়ই পেট ক্যান্সার হতে পারে.,"২ অতিরিক্ত ওজন
অতিরিক্ত ওজনের ফলে অনেক ক্ষেত্রে পাকস্থলীতে ক্যান্সার হওয়ার সম্ভাবনা থাকে।",28.91646324699832,,1625.0
এখানে মুক্তিযোদ্ধাদের জন্য স্বল্পব্যয়ে আবাসন গড়ে তোলা হবে,মুক্তিযোদ্ধাদের জন্য এখানে স্বল্পমূল্যের আবাসন নির্মাণ করা হবে।,এই স্থানে মুক্তিযোদ্ধাদের জন্য অল্প ব্যয়ে আবাসন নির্মাণ করা হবে।,26.206885998999496,,1626.0
দুধ বাদাম ফলের রস বা নারকেলের পানিতেও চিয়া সিড মেশাতে পারেন,"এছাড়াও আপনি দুধ, বাদাম ফলের রস বা নারকেল জলে চিয়া বীজ মেশাতে পারেন।","চিয়া বীজ দুধ, বাদাম, ফলের রস কিংবা ডাবের পানিতেও গুলিয়ে নিতে পারেন।",33.247649654998895,,1627.0
এই উপমহাদেশে প্রকোপ কিছুটা বেশি,এই উপমহাদেশে প্রকোপ কিছুটা বেশি।,এই উপমহাদেশে এর তীব্রতা কিছুটা বেশি।,31.647523455001647,,1628.0
তাই রোগীর রোগগুলো হলে মাইট্রাল স্টেটোনোফ সঙ্গে লেফ্ট এট্রিয়াল থ্রোম্বাস আছে এট্রিয়াল ফিব্রিলেশন ও ইস্কোমিক স্ট্রোক,"তাই যদি রোগীর রোগ হয় mitral stetonoph with left atrial thrombus, atrial fibrillation এবং ischemic stroke.","সুতরাং, এই রোগীর মাইট্রাল স্টেনোসিসের পাশাপাশি লেফ্ট এট্রিয়াল থ্রোম্বাস, এট্রিয়াল ফাইব্রিলেশন এবং ইসকেমিক স্ট্রোক রয়েছে।",43.18751099800102,,1629.0
সর্দিজ্বর থেকে অনেক সময় সেকেন্ডারি ইনফেকশন হয়ে থাকে,ঠাণ্ডা প্রায়ই সেকেন্ডারি ইনফেকশন সৃষ্টি করে।,সর্দি ও জ্বরের কারণে প্রায়ই মাধ্যমিক সংক্রমণ দেখা দেয়।,24.585339098000983,,1630.0
কখনো চিনিমুক্ত মিল্কশেক বা টক দইয়ের লাচ্ছি খেতে পারেন,কখনও কখনও আপনি চিনিমুক্ত মিল্কশেক বা টক দই লস্যি খেতে পারেন।,মাঝে মাঝে চিনিবিহীন মিল্কশেক অথবা টক দইয়ের লাচ্ছি পান করতে পারেন।,19.840485455000817,,1631.0
ডেঙ্গু হলে যেসব খাবার এড়িয়ে চলতে হবে,ডেঙ্গু হলে যেসব খাবার এড়িয়ে চলতে হবে।,ডেঙ্গু জ্বরে আক্রান্ত হলে যেসব খাদ্যদ্রব্য পরিহার করা প্রয়োজন,25.84888817499996,,1632.0
কোনো কারণে গ্রন্থির মুখ বন্ধ হয়ে গেলে বা গ্রন্থিগুলো থেকে পানি নিঃসরণ কমে গেলে চোখ শুষ্ক হয়ে পড়ে,কোনো কারণে গ্রন্থি বন্ধ হয়ে গেলে বা গ্রন্থি থেকে পানি নিঃসরণ কমে গেলে চোখ শুষ্ক হয়ে যায়।,যেকোনো কারণে গ্রন্থির নালী অবরুদ্ধ হলে অথবা সেখান থেকে তরল নিঃসরণের পরিমাণ কমে গেলে চোখের শুষ্কতা দেখা দেয়।,27.082668563998595,,1633.0
দীর্ঘমেয়াদি লিভার প্রদাহের ফলে ধীরে ধীরে ক্ষতিগ্রস্ত লিভারজুড়ে আঁশ তৈরি হয় যাকে লিভার ফাইব্রোসিস বলা হয়,"দীর্ঘমেয়াদী লিভারের প্রদাহ ধীরে ধীরে ক্ষতিগ্রস্ত লিভার জুড়ে দাগের টিস্যু গঠনের দিকে নিয়ে যায়, যাকে বলা হয় লিভার ফাইব্রোসিস।",দীর্ঘস্থায়ী লিভার প্রদাহের কারণে ক্ষতিগ্রস্ত লিভারে ধীরে ধীরে আঁশযুক্ত টিস্যু তৈরি হওয়াকে লিভার ফাইব্রোসিস হিসেবে অভিহিত করা হয়।,41.57198736399914,,1634.0
বাংলাদেশ স্পেশালাইজড হাসপাতাল শ্যামলী ঢাকা,বাংলাদেশের শ্যামলী ঢাকা বিশেষায়িত হাসপাতাল,ঢাকার শ্যামলীতে অবস্থিত বাংলাদেশ স্পেশালাইজড হাসপাতাল।,29.918585336001343,,1635.0
থাইল্যান্ড থেকে নিউইয়র্ক গোটা মানব সমাজ আজ একই রকম বিষয়ে উদ্বিগ্ন  কোথায় কখন মাস্ক ব্যবহার করতে হবে মুদি দোকান থেকে আনা খাদ্যদ্রব্য কীভাবে নিরাপদে ব্যবহার করতে পারি নিজ উদ্যোগে কোয়ারেন্টাইনে যাবো কি না,"থাইল্যান্ড থেকে নিউইয়র্ক পর্যন্ত, আজ সমগ্র মানবসমাজ একই বিষয় নিয়ে উদ্বিগ্ন: কোথায় মাস্ক পরতে হবে, কখন মুখোশ পরতে হবে, কীভাবে নিরাপদে মুদি দোকান থেকে খাবার গ্রহণ করতে হবে, সেল্ফ কোয়ারেন্টাইন হবে কি না।","থাইল্যান্ড থেকে নিউইয়র্ক পর্যন্ত সারা বিশ্বের মানুষ আজ একই চিন্তায় ভুগছে; মাস্ক পরার সঠিক স্থান ও সময় কী, মুদি দোকান থেকে আনা খাদ্যসামগ্রী কীভাবে নিরাপদে ব্যবহার করা যায় এবং স্বেচ্ছায় কোয়ারেন্টাইনে যাওয়া উচিত কি না।",37.59488739100016,,1636.0
যেসব নারীর ব্রেস্ট ক্যানসারের কোনো পারিবারিক ইতিহাস নেই তাদের চেয়ে যেসব নারীর আত্মীয়দের firstdegree relative মাঝে ব্রেস্ট ক্যানসারের পারিবারিক ইতিহাস আছে তাদের ক্যানসার হওয়ার ঝুঁকি নয় গুণ বেশি,স্তন ক্যান্সারের পারিবারিক ইতিহাস সহ প্রথম-ডিগ্রী আত্মীয় সহ মহিলাদের স্তন ক্যান্সারের কোন পারিবারিক ইতিহাস নেই এমন মহিলাদের তুলনায় স্তন ক্যান্সার হওয়ার সম্ভাবনা নয় গুণ বেশি।,"পরিবারের প্রথম ডিগ্রির আত্মীয়দের মধ্যে স্তন ক্যানসারের ইতিহাস রয়েছে এমন নারীদের ক্যানসারে আক্রান্ত হওয়ার ঝুঁকি, যাদের পরিবারে এই রোগের কোনো ইতিহাস নেই তাদের তুলনায় নয়গুণ বেশি।",30.136264867000136,,1637.0
প্রসবপরবর্তী সেবা শুধুমাত্র বুকের দুধ খাওয়ানোর কাউন্সেলিং পরিবার পরিকল্পনার পদ্ধতিগুলো জানাতে হবে এবং বাচ্চার বিপজ্জনক উপসর্গগুলো জানাতে হবে,"প্রসবোত্তর যত্নে শুধুমাত্র বুকের দুধ খাওয়ানোর পরামর্শ, পরিবার পরিকল্পনা এবং শিশুর বিপদের সতর্কতা সংকেত অন্তর্ভুক্ত করা উচিত।","প্রসবোত্তর সেবায় কেবল স্তন্যপান বিষয়ক পরামর্শ, পরিবার পরিকল্পনার কৌশল এবং শিশুর ঝুঁকিপূর্ণ লক্ষণসমূহ সম্পর্কে অবহিত করতে হবে।",40.65182444999846,,1638.0
জমজ সন্তানের হবু মায়ের খাবারদাবারের বিষয়ে চিকিৎসকরা সব সময় প্রোটিনের ওপর জোর দেন,"যমজ সন্তানের গর্ভবতী মায়েদের খাবারের ক্ষেত্রে, চিকিত্সকরা সর্বদা প্রোটিনের উপর জোর দেন।",জমজ সন্তানের প্রত্যাশী মায়েদের খাদ্যাভ্যাসে প্রোটিন গ্রহণের ওপর চিকিৎসকরা সর্বদা গুরুত্বারোপ করেন।,30.51543576199947,,1639.0
অনেক সময় আধমরা সাপ যিনি ধরে নিয়ে আসছেন তাঁর ক্ষতি করতে পারে,কখনও কখনও একটি অর্ধ-মরা সাপ তাকে ধরে থাকা ব্যক্তির ক্ষতি করতে পারে।,প্রায়শই আধমরা সাপ ধরে আনার পর সেটিও যে ব্যক্তি তাকে ধরে এনেছে তার ক্ষতি সাধন করতে পারে।,36.746498849999625,,1640.0
অনুষ্ঠানে জানানো হয় বাংলাদেশ ডায়াবেটিক সমিতির নিয়োগকর্তাস্পন্সরড হেলথ ইন্সুরেন্স ইএসএইচআই স্কিমের আওতায় ২০১৪ সালের ২৪ এপ্রিল থেকে ২০১৫ সালের ২৩ এপ্রিল পর্যন্ত গাজীপুর জেলার সাতটি তৈরি পোশাক আরএমজি কারখানায় গার্মেন্টস কর্মীদের স্বাস্থ্য সেবা নিয়ে একটি গবেষণা জরিপ পরিচালিত হয়েছিল,"অনুষ্ঠানে জানানো হয়, বাংলাদেশ ডায়াবেটিক অ্যাসোসিয়েশনের নিয়োগকর্তার পৃষ্ঠপোষকতায় স্বাস্থ্য বীমা ESHI স্কিমের আওতায় গাজীপুর জেলার সাতটি তৈরি পোশাক কারখানায় 24 এপ্রিল 2014 থেকে 23 এপ্রিল 2015 পর্যন্ত গার্মেন্টস শ্রমিকদের স্বাস্থ্যসেবা নিয়ে একটি গবেষণা জরিপ পরিচালিত হয়। .","উক্ত অনুষ্ঠানে প্রকাশ করা হয় যে, বাংলাদেশ ডায়াবেটিক সমিতির ইএসএইচআই বা নিয়োগকর্তা-পৃষ্ঠপোষক স্বাস্থ্য বীমা প্রকল্পের আওতায় ২০১৪ সালের ২৪ এপ্রিল হতে ২০১৫ সালের ২৩ এপ্রিল পর্যন্ত সময়ে গাজীপুর জেলার সাতটি আরএমজি বা তৈরি পোশাক কারখানায় কর্মরত শ্রমিকদের স্বাস্থ্যসেবা বিষয়ক এক গবেষণা জরিপ চালানো হয়েছিল।",52.81598859800033,,1641.0
কিন্তু বেশি প্লাজমা লিকেজ হলে রক্তচাপ কমে যায় ও রোগী শকে চলে যায়,কিন্তু প্লাজমা লিকেজ বেশি হলে রক্তচাপ কমে যায় এবং রোগী শকে যায়।,তবে অতিরিক্ত প্লাজমা লিকেজ ঘটলে রক্তচাপ হ্রাস পায় এবং রোগী শকে আক্রান্ত হয়।,22.43387631100086,,1642.0
 প্রচুর পানি পান করুন এবং নিজেকে হাইড্রেটেড রাখতে বাড়িতে এবং ভ্রমণের সময় ডাবের জল এবং লেবুর শরবত পান করুন,প্রচুর পানি পান করুন এবং নিজেকে হাইড্রেটেড রাখতে বাড়িতে এবং ভ্রমণের সময় ডাবের পানি এবং লেবুপানি পান করুন।,শরীরের পানিশূন্যতা রোধ করতে প্রচুর পানি পান করুন এবং ঘরে কিংবা ভ্রমণের সময় ডাবের পানি ও লেবুর শরবত পান করুন।,36.736852899999576,,1643.0
তাদের প্রস্তুতি শেষ পর্যায়ে বলে হাসপাতাল সূত্রে জানা গেছে,তাদের প্রস্তুতি শেষ পর্যায়ে রয়েছে বলে হাসপাতাল সূত্রে জানা গেছে।,"হাসপাতাল সূত্র জানিয়েছে, তাদের প্রস্তুতির কাজ এখন চূড়ান্ত পর্যায়ে।",32.859704034999595,,1644.0
২৩ ভাগ রোগীর সার্জারি লাগে,23% রোগীর অস্ত্রোপচারের প্রয়োজন হয়।,২৩ শতাংশ রোগীর অস্ত্রোপচারের প্রয়োজন পড়ে।,29.23158970499935,,1645.0
৩০ বছর বয়সের পরে হাড়ের ঘনত্ব ধীরে ধীরে কমতে শুরু করে,30 বছর বয়সের পর ধীরে ধীরে হাড়ের ঘনত্ব কমতে শুরু করে,৩০ বছর বয়স পার হওয়ার পর থেকে হাড়ের ঘনত্ব ক্রমশ হ্রাস পেতে থাকে।,27.328263678999065,,1646.0
শীতে পা ঘামার বড় কারণ পা ঢাকা জুতা পরা,পায়ের পাতায় বন্ধ জুতা পরা শীতে পায়ের ঘামের একটি প্রধান কারণ।,শীতকালে পা ঘামার মূল কারণ হলো বন্ধ জুতা পরা।,23.34894944000007,,1647.0
সেই সঙ্গে নিয়মিত ব্রকলি খেলে রোগ প্রতিরোধক ক্ষমতা বাড়ে,"এছাড়াও, নিয়মিত ব্রকলি খেলে রোগ প্রতিরোধ ক্ষমতা বৃদ্ধি পায়।",এর পাশাপাশি নিয়মিত ব্রকলি সেবন করলে শরীরের রোগ প্রতিরোধ ক্ষমতা বৃদ্ধি পায়।,31.35295938199852,,1648.0
কিন্তু রোগটিতে সমানসংখ্যক নারী ও পুরুষ মারা গেছে,কিন্তু এই রোগটি সমান সংখ্যক নারী-পুরুষকে হত্যা করেছে।,তবে এই রোগে নারী ও পুরুষ উভয়ের মৃত্যুর সংখ্যা সমান।,29.794184616001075,,1649.0
যতদিন যেতে থাকে বাচ্চার বৃদ্ধির মাত্রা ততই কমতে থাকে,সময়ের সাথে সাথে শিশুর বৃদ্ধির হার কমে যায়।,সময়ের সাথে সাথে শিশুর বৃদ্ধির হার ক্রমশ হ্রাস পেতে থাকে।,28.54409914000098,,1650.0
এমনটি হয়ে থাকলে কোনো কিছু ধরার চেষ্টা করলে হাত থেকে জিনিস পড়ে যাওয়ার মতো দুর্বলতা দেখা দিতে পারে,"এমনটা হলে দুর্বলতা দেখা দিতে পারে, যেমন কিছু ধরতে গিয়ে হাত থেকে পড়ে যাওয়া।","এই পরিস্থিতিতে কোনো কিছু ধরতে গেলে হাতের এমন দুর্বলতা দেখা দিতে পারে যে, ধরা বস্তুটি হাতছাড়া হয়ে পড়ে যেতে পারে।",34.0356213160012,,1651.0
"গবেষণায় দেখা গেছে, এসব খাবার নিয়মিত খেলে হার্টের অসুখ, সুগার, প্রেশার এবং কোলেস্টেরলের ফাঁদে জড়িয়ে পড়ার আশঙ্কা তৈরি হয়","গবেষণায় দেখা গেছে নিয়মিত এসব খাবার খেলে হৃদরোগ, ডায়াবেটিস, উচ্চ রক্তচাপ ও কোলেস্টেরল হতে পারে।","গবেষণার ফলাফলে দেখা যায়, এই ধরনের খাবার নিয়মিত সেবন করলে হৃদরোগ, ডায়াবেটিস, উচ্চ রক্তচাপ ও কোলেস্টেরলের মতো জটিলতায় আক্রান্ত হওয়ার ঝুঁকি তৈরি হয়।",45.81886552200013,,1652.0
এ ছাড়া পর্যাপ্ত বিশ্রাম নিতে হবে,এ ছাড়া পর্যাপ্ত বিশ্রাম নিতে হবে।,এর পাশাপাশি যথেষ্ট বিশ্রাম নেওয়া প্রয়োজন।,24.329835471999104,,1653.0
শীঘ্রই অনুমোদিত অন্যান্য ভ্যাকসিনসমূহও স্কুলগামীদের ভ্যাকসিন প্রদানের স্বপক্ষে তাদের তথ্য উপাত্ত উপস্থাপন করবে,অন্যান্য শীঘ্রই অনুমোদিত-অনুমোদিত ভ্যাকসিনগুলিও স্কুলে যাওয়া শিক্ষার্থীদের টিকা দেওয়ার সমর্থনে তাদের ডেটা উপস্থাপন করবে।,অচিরেই অনুমোদিত অন্যান্য টিকাগুলোও স্কুলপড়ুয়া শিক্ষার্থীদের টিকাদানের সমর্থনে নিজেদের তথ্য-উপাত্ত তুলে ধরবে।,30.421518921000825,,1654.0
আর চিকিৎসক রোগীর শরীরের অবস্থা বুঝে তাকে হাসপাতালে ভর্তি হতে বললে সেটা করতে হবে,"আর ডাক্তার যদি রোগীর শরীরের অবস্থা বুঝে তাকে হাসপাতালে ভর্তি করতে বলেন, তাহলে তাকে তা করতেই হবে।","এবং চিকিৎসক রোগীর শারীরিক অবস্থা বিবেচনা করে হাসপাতালে ভর্তি হওয়ার পরামর্শ দিলে, রোগীকে অবশ্যই তা পালন করতে হবে।",36.170776320001096,,1655.0
এ চিকিৎসায় সাধারণত একটি বড় মেশিন ব্যবহার করা হয়,এই চিকিৎসায় সাধারণত বড় মেশিন ব্যবহার করা হয়।,এই চিকিৎসা পদ্ধতিতে সাধারণত একটি বৃহৎ যন্ত্র ব্যবহার করা হয়ে থাকে।,27.90845817199988,,1656.0
গ্রিন টিতে প্রচুর অ্যান্টিঅক্সিডেন্ট থাকে বলে ইনফ্লামেশন বা প্রদাহ থেকে বাঁচায়,গ্রিন টিতে প্রচুর পরিমাণে অ্যান্টিঅক্সিডেন্ট রয়েছে যা প্রদাহ প্রতিরোধে সাহায্য করে।,প্রচুর অ্যান্টিঅক্সিডেন্ট সমৃদ্ধ গ্রিন টি শরীরকে ইনফ্লামেশন বা প্রদাহের হাত থেকে রক্ষা করে।,30.83132447800017,,1657.0
এখন আবার কি প্রেগন্যান্সি হেয়া যাবে,গর্ভাবস্থা কি এখন নষ্ট হয়ে যাবে?,এখন কি আবার প্রেগন্যান্সির কারণে চুল ঝরে পড়বে?,34.03949768199891,,1658.0
কিন্তু ফাস্ট ফুড সেই প্রক্রিয়ার গতি আরও বাড়িয়ে দেয়,কিন্তু ফাস্ট ফুড এই প্রক্রিয়াটিকে আরও গতি দেয়।,তবে ফাস্ট ফুড উক্ত প্রক্রিয়ার গতিবেগকে আরও ত্বরান্বিত করে।,28.65913268199984,,1659.0
এসব ফলে আছে ভিটামিনএ সি ও ই মিনারেল ক্যালসিয়াম ফসফরাস এন্টিঅক্সিডেন্ট ও ফাইবার,"এই ফলগুলিতে ভিটামিন এ, সি এবং ই, খনিজ পদার্থ, ক্যালসিয়াম, ফসফরাস, অ্যান্টিঅক্সিডেন্ট এবং ফাইবার রয়েছে।","এই ফলগুলিতে ভিটামিন এ, সি ও ই, ক্যালসিয়াম ও ফসফরাসের মতো খনিজ পদার্থ, অ্যান্টিঅক্সিডেন্ট এবং আঁশ পাওয়া যায়।",34.02433446199939,,1660.0
যেমন মস্তিষ্কে রক্তক্ষরণ হার্টের বৃহত্তর রক্তনালি যদি ছিঁড়ে যায় বা ফেটে যায় এবং ঘাড় মটকে গেলে,যেমন হৃৎপিণ্ডের একটি বড় রক্তনালী ছিঁড়ে গেলে বা ফেটে গেলে এবং ঘাড় মচকে গেলে মস্তিষ্কে রক্তক্ষরণ।,"উদাহরণস্বরূপ, মস্তিষ্কে রক্তক্ষরণ, হৃদপিণ্ডের প্রধান রক্তনালী ছিঁড়ে বা ফেটে যাওয়া, এবং ঘাড়ের হাড় ভেঙে গেলে।",31.562475672999422,,1661.0
এছাড়া আমরা এতক্ষণ যেটা বললাম খাদ্যের নিয়ন্ত্রন সেটা হচ্ছে মেডিকেল নিউট্রেশন থেরাপী গঘঞ,এছাড়া খাদ্য নিয়ন্ত্রণের বিষয়ে আমরা যা বলেছি তা হলো মেডিকেল নিউট্রিশন থেরাপি।,"তাছাড়া, আমরা এতক্ষণ খাদ্য নিয়ন্ত্রণের বিষয়ে যা আলোচনা করেছি, তা প্রকৃতপক্ষে মেডিকেল নিউট্রিশন থেরাপি।",31.66592619400035,,1662.0
গবেষণায় দেখা যায় অতিরিক্ত ফ্লোরাইড মাঝে মাঝে ক্যানসার সৃষ্টি করতে পারে,গবেষণা দেখায় যে অতিরিক্ত ফ্লোরাইড কখনও কখনও ক্যান্সারের কারণ হতে পারে।,"গবেষণায় দেখা গেছে যে, অতিরিক্ত মাত্রায় ফ্লোরাইড কখনও কখনও ক্যানসারের কারণ হতে পারে।",40.590507512999466,,1663.0
 কেবল ভাইরাসবাহী এডিস মশার কামড়েই ডেঙ্গু হতে পারে,ডেঙ্গু শুধুমাত্র ভাইরাস বহনকারী এডিস মশার কামড়ে ছড়াতে পারে।,ডেঙ্গু জ্বরের সংক্রমণ শুধুমাত্র ভাইরাস আক্রান্ত এডিস মশার কামড়ের মাধ্যমেই হয়ে থাকে।,40.639367279,,1664.0
একই কারণে যাঁরা রক্ত পাতলা করার ওষুধ খান তাঁরাও কাঁচা হলুদ খাওয়া থেকে বিরত থাকবেন,একই কারণে যারা রক্ত ​​পাতলা করার ওষুধ খান তাদেরও কাঁচা হলুদ খাওয়া থেকে বিরত থাকতে হবে।,একই কারণে রক্ত পাতলা করার ঔষধ সেবনকারীদেরও কাঁচা হলুদ খাওয়া পরিহার করা উচিত।,28.248337196000648,,1665.0
" পরিবর্তে সূর্যমুখীর বীজ, আমন্ড এসব খান","বরং সূর্যমুখীর বীজ, বাদাম খান।",এর বিকল্প হিসেবে সূর্যমুখীর বীজ ও আমন্ড ইত্যাদি খেতে পারেন।,32.24212962799902,,1666.0
শিশুদের ক্যানসার শনাক্তের হার বাড়লেও চিকিৎসা সম্প্রসারিত হচ্ছে না,"যদিও শৈশবকালে ক্যান্সার সনাক্তকরণের হার বাড়ছে, চিকিৎসার প্রসার ঘটছে না।",শিশুদের ক্যানসার নির্ণয়ের হার বৃদ্ধি পেলেও চিকিৎসার পরিধি বাড়ানো হচ্ছে না।,24.846141420001004,,1667.0
 আখের রস রোগ প্রতিরোধ ক্ষমতা বাড়িয়ে তোলে এবং বহু রোগের বিরুদ্ধে লড়াই করার ক্ষমতা যোগায়,আখের রস রোগ প্রতিরোধ ক্ষমতা বাড়ায় এবং অনেক রোগের বিরুদ্ধে লড়াই করার ক্ষমতা জোগায়।,আখের রস শরীরের রোগ প্রতিরোধক শক্তিকে শক্তিশালী করে এবং নানা ধরনের রোগের সাথে মোকাবেলা করার সামর্থ্য জোগায়।,29.49396322800021,,1668.0
আর পেটে সমস্যা দেখা দিলে স্বাস্থ্যগত সমস্যা দেখা দেয়,আর পেটের সমস্যা থাকলে স্বাস্থ্য সমস্যা দেখা দেয়।,"এছাড়াও, পেটে কোনো জটিলতা দেখা দিলে শরীরের সামগ্রিক স্বাস্থ্যের অবনতি ঘটে।",29.13654203199985,,1669.0
আগে চিকিৎসকরা জানতেন যে বাচ্চারা কেবল টাইপ১ ডায়াবেটিসে আক্রান্ত হয় এবং একে দীর্ঘকাল ধরে কিশোর ডায়াবেটিস Juvenile Diabetes নামে নামকরণ করা হতো,"আগে, ডাক্তাররা জানতেন যে টাইপ 1 ডায়াবেটিস শুধুমাত্র শিশুদের প্রভাবিত করে এবং এটি দীর্ঘকাল ধরে কিশোর ডায়াবেটিস নামে পরিচিত।","পূর্বে চিকিৎসকদের ধারণা ছিল যে শিশুরা শুধুমাত্র টাইপ-১ ডায়াবেটিসেই আক্রান্ত হয়, তাই দীর্ঘদিন ধরে এই রোগটিকে 'কিশোর ডায়াবেটিস' (Juvenile Diabetes) নামে অভিহিত করা হতো।",39.43855852399975,,1670.0
শিশুদের করোনার উপসর্গ পরিবর্তন হয়ে নতুন কোনো কিছু যুক্ত হয়েছে কি না এমন প্রশ্নে ডা আবিদ হোসেন মোল্লা বলেন করোনার প্রভাবে জ্বর প্রধান উপসর্গ,"ডাক্তার আবিদ হোসেন মোল্লা বলেন, করোনার প্রভাবে জ্বরই প্রধান উপসর্গ বলে শিশুদের মধ্যে করোনার উপসর্গ পরিবর্তিত হয়েছে নাকি নতুন কিছু যোগ হয়েছে এমন প্রশ্নে।","শিশুদের করোনা লক্ষণে নতুন কোনো পরিবর্তন বা সংযোজন হয়েছে কি না জানতে চাইলে ডা. আবিদ হোসেন মোল্লা জানান, করোনার কারণে জ্বরই প্রধান উপসর্গ হিসেবে দেখা দেয়।",38.98201413700008,,1671.0
তবে রুটিনে এমন কাজও রাখুন যা করলে আপনার একটু হলেও মন ভালো হয়,"যাইহোক, রুটিন ক্রিয়াকলাপগুলি অন্তর্ভুক্ত করুন যা আপনাকে কমপক্ষে কিছুটা ভাল বোধ করে।",তবে দৈনন্দিন রুটিনে এমন কিছু কাজ অন্তর্ভুক্ত করুন যা আপনাকে সামান্য হলেও আনন্দিত করে তোলে।,33.25275405700086,,1672.0
গরম পানির বাষ্প টানলে কাশি উপশম হয়,গরম পানির বাষ্প নিঃশ্বাসে নিলে কাশি উপশম হয়।,গরম পানির ভাপ নিঃশ্বাসে নিলে কাশি থেকে আরাম পাওয়া যায়।,25.93405055400035,,1673.0
অনেকেই মনে করেন যে এই অসুখটি হয়তো প্রাপ্ত বয়স্ক হওয়ার পরে হয়ে থাকে কিন্তু এটি ভুল ধারণা,অনেকের ধারণা প্রাপ্তবয়স্ক হওয়ার পরে এই রোগ হতে পারে তবে এটি একটি ভুল ধারণা।,"অনেকেরই এমন একটা ভুল ধারণা রয়েছে যে, প্রাপ্তবয়স্ক হওয়ার পরেই কেবল এই রোগটি দেখা দেয়।",36.139736686000106,,1674.0
অতিরিক্ত গরমে ঘাম থেকে বাচ্চাদের ঘামাচি হতে পারে,অতিরিক্ত গরমে শিশুদের ঘাম ও চুলকানি হতে পারে।,অত্যধিক গরম ও ঘামের ফলে শিশুদের ঘামাচি দেখা দিতে পারে।,29.805562335001014,,1675.0
আক্রান্ত রোগী হাতের বৃদ্ধাঙ্গুল সহজে নাড়াতে পারেন না,আক্রান্ত রোগীর বুড়ো আঙুল সহজে নাড়াতে পারে না।,আক্রান্ত রোগীর হাতের বৃদ্ধাঙ্গুলিটি সহজে সঞ্চালন করা সম্ভব হয় না।,44.3855510049998,,1676.0
 তাহলেই সুস্থ-সবল জীবনযাপন করতে পারবেন,তবেই আপনি সুস্থ জীবনযাপন করতে পারবেন।,শুধু তখনই আপনি সুস্থ ও সবল জীবনযাপন করতে সক্ষম হবেন।,33.36195050999959,,1677.0
এ মাত্রার নিচে হলে সোয়েটার ব্যবহার করতে পারেন,আপনি যদি এই স্তরের নীচে থাকেন তবে আপনি একটি সোয়েটার ব্যবহার করতে পারেন।,তাপমাত্রা এই সীমার নিচে নেমে গেলে সোয়েটার পরতে পারেন।,24.980327589000808,,1678.0
কিন্তু সেসব কিছু কিনতে যাওয়ার আগে কিছু বিষয়ে খেয়াল রাখা জরুরি,কিন্তু সেসব জিনিস কিনতে যাওয়ার আগে কিছু বিষয় মাথায় রাখা জরুরি।,তবে ওইসব জিনিস কেনার পূর্বে কয়েকটি বিষয় মাথায় রাখা অত্যন্ত প্রয়োজন।,26.705196396998872,,1679.0
খাবার থেকে অনেক সময় অ্যালার্জি হয়ে থাকে,অ্যালার্জি প্রায়শই খাবারের কারণে হয়।,খাদ্যের কারণে প্রায়ই অ্যালার্জি দেখা দেয়।,20.94525332500052,,1680.0
 ব্যবহারের পরের ঠান্ডা টিব্যাগকে সামান্য কুসুম গরম পানি দিয়ে ভিজিয়ে যে রঙিন পানি বের হবে তাতে মুলতানি মাটি মিশিয়ে ত্বকে লাগালে ত্বকের তৈলাক্ত ভাব কমে গিয়ে ব্রণ থেকে মিলবে মুক্তি,ব্যবহারের পর ঠাণ্ডা টি ব্যাগটি সামান্য ঈষদুষ্ণ পানিতে ভিজিয়ে রেখে বের হওয়া রঙিন পানিতে মুলতানি মাটি মিশিয়ে ত্বকে লাগালে ত্বকের তৈলাক্ততা কমে যায় এবং ব্রণ থেকে মুক্তি পাওয়া যায়।,ব্যবহারের পর ঠান্ডা হওয়া টি-ব্যাগটি অল্প কুসুম গরম পানিতে ভিজিয়ে প্রাপ্ত রঙিন পানিতে মুলতানি মাটি মিশিয়ে ত্বকে প্রলেপ দিলে ত্বকের অতিরিক্ত তৈলাক্ত ভাব দূর হয়ে ব্রণের সমস্যা থেকে পরিত্রাণ পাওয়া যায়।,42.08902029599994,,1681.0
শ্বাসতন্ত্র সংক্রমণের নানা উপসর্গ যেমন কাশি সর্দি জ্বর শ্বাসকষ্টে ভোগে শিশু,"শিশুরা শ্বাসযন্ত্রের সংক্রমণের বিভিন্ন উপসর্গ যেমন কাশি, সর্দি, জ্বর এবং শ্বাসকষ্টে ভোগে।","শ্বাসতন্ত্রের সংক্রমণের কারণে শিশুরা কাশি, সর্দি, জ্বর এবং শ্বাসকষ্টের মতো বিভিন্ন উপসর্গে কষ্ট পেয়ে থাকে।",21.928933128998324,,1682.0
এতে রাখতে পারেন প্যারাসিটামলজাতীয় ওষুধ খাওয়ার স্যালাইন কাটাছেঁড়ার জন্য থাকতে পারে জীবাণুনাশক ক্রিম,"আপনি এতে প্যারাসিটামল জাতীয় ওষুধ রাখতে পারেন, খাওয়ার জন্য স্যালাইন এবং কাটার জন্য অ্যান্টিসেপটিক ক্রিম রাখতে পারেন।","এতে আপনি প্যারাসিটামল জাতীয় ওষুধ, খাবার স্যালাইন এবং ক্ষতস্থানে লাগানোর জন্য জীবাণুনাশক মলম রাখতে পারেন।",40.24918839299971,,1683.0
ভেটিভারের নিয়মিত ব্যবহার মাথার স্নায়ুকে শীতল রাখতে সাহায্য করে চুল ও স্ক্যাল্পকে সুস্থ রাখে এবং মাথা রাখে ঠাণ্ডা,"ভেটিভারের নিয়মিত ব্যবহার মাথার স্নায়ু ঠান্ডা করতে সাহায্য করে, চুল ও মাথার ত্বক সুস্থ রাখে এবং মাথা ঠান্ডা রাখে।","ভেটিভার নিয়মিত ব্যবহারের ফলে মাথার স্নায়ু শীতল ও প্রশান্ত থাকে, চুল ও মাথার ত্বক সুস্থ হয় এবং মাথায় শীতলতা বজায় থাকে।",34.32072469499872,,1684.0
বেগমগঞ্জ উপজেলার হাজীপুর ইউনিয়ন স্বাস্থ্য ও পরিবার কল্যাণ কেন্দ্র,বেগমগঞ্জ উপজেলার হাজীপুর ইউনিয়ন স্বাস্থ্য ও পরিবার কল্যাণ কেন্দ্র,হাজীপুর ইউনিয়নের স্বাস্থ্য ও পরিবার কল্যাণ কেন্দ্রটি বেগমগঞ্জ উপজেলায় অবস্থিত।,34.896207727999354,,1685.0
এ বিষয়ে ডা মোর্তাজাভি বলেন বমিভাব কিংবা বমি হওয়া এমন একটা বিষয় যা হঠাৎ করে বিনা কারণে হয় না,"এ বিষয়ে ডাঃ মোর্তজাভী বলেন, বমি বমি ভাব বা বমি এমন একটি বিষয় যা হঠাৎ করে কোনো কারণে ঘটে না।","এ প্রসঙ্গে ডা. মোর্তাজাভি জানান, বমি বমি ভাব বা বমি কখনোই হঠাৎ করে বা কোনো কারণ ছাড়া দেখা দেয় না।",32.00499680400026,,1686.0
মাঝে মাঝে মস্তিষ্কের ভেতরের ধমনিতে এক ধরনের অ্যানিউরিজম দেখা যায় যাকে বেরি অ্যানিউরিজম বলা হয়,কখনও কখনও একটি বেরি অ্যানিউরিজম নামক মস্তিষ্কের ভিতরে একটি ধমনীতে অ্যানিউরিজম হয়।,"কখনও কখনও মস্তিষ্কের অভ্যন্তরীণ ধমনীতে এক বিশেষ ধরনের অ্যানিউরিজম দেখা দেয়, যাকে বেরি অ্যানিউরিজম নামে অভিহিত করা হয়।",31.989051281001597,,1687.0
এসব নডিউলের ১ শতাংশ থেকে থাইরয়েড ক্যানসার হতে পারে,এই নডিউলের 1 শতাংশ থাইরয়েড ক্যান্সার হতে পারে।,এই নডিউলগুলোর এক শতাংশ ক্ষেত্রে থাইরয়েড ক্যানসার হওয়ার সম্ভাবনা থাকে।,23.77167829300015,,1688.0
এতে তৃণমূলের রোগীরা সেবাবঞ্চিত হচ্ছেন,সেবা থেকে বঞ্চিত হচ্ছে তৃণমূলের রোগীরা।,এর ফলে তৃণমূলের রোগীরা চিকিৎসা সেবা থেকে বঞ্চিত হচ্ছেন।,27.420485603999623,,1689.0
এক্ষেত্রে রোগীদেরও উচিত হবে চিকিৎসককে নিজের কিডনি জটিলতার সম্পর্কে জানানো,এক্ষেত্রে রোগীদের কিডনির জটিলতা সম্পর্কেও চিকিৎসককে জানাতে হবে।,এই পরিস্থিতিতে রোগীদের নিজের কিডনির জটিলতা সম্পর্কে চিকিৎসককে অবহিত করা উচিত।,27.38844547899862,,1690.0
বুকের ব্যথা বাম হাতের ভেতরের দিক দিয়ে নিচের দিকে নামে,বুকের ব্যথা বাম বাহুর ভিতরের দিকে ছড়িয়ে পড়ে।,বুকের যন্ত্রণা বাম হাতের ভেতরের দিক বেয়ে নিচের দিকে নেমে যায়।,37.00852646300154,,1691.0
২০১৯ সালে সারা দেশে ভয়াবহ ডেঙ্গির প্রাদুর্ভাবে ১ লাখ ১ হাজার ৩৫৪ জন আক্রান্ত এবং ১৭৯ জন মানুষ মৃত্যুবরণ করে,"2019 সালে, সারাদেশে মারাত্মক ডেঙ্গুর প্রাদুর্ভাবের কারণে 1 লাখ 1 হাজার 354 জন আক্রান্ত হয়েছিল এবং 179 জন মারা গিয়েছিল।","২০১৯ সালে সারাদেশে ভয়াবহ ডেঙ্গু মহামারীর কবলে পড়ে ১ লাখ ১ হাজার ৩৫৪ জন আক্রান্ত হন, যার মধ্যে ১৭৯ জন প্রাণ হারান।",40.28021705200081,,1692.0
কলার খোসা সব বাড়িতেই কমবেশি পাওয়া যায় এবং সার তৈরির খুব ভালো উপাদানও বটে,কলার খোসা প্রায় প্রতিটি ঘরেই পাওয়া যায় এবং সার তৈরির জন্যও এটি খুব ভালো একটি উপাদান।,"সাধারণত সব পরিবারেই কলার খোসা পাওয়া যায়, পাশাপাশি উৎকৃষ্ট মানের সার তৈরির জন্য এটি একটি অত্যন্ত কার্যকরী উপাদান।",36.09495945600065,,1693.0
তো ১৫০০ মিলিগ্রামে সোডিয়াম আছে ৩ দশমিক ৭৫ গ্রাম পরিমাণ লবণ মানে পৌনে এক চামচ লবণে,"সুতরাং 1500 মিলিগ্রাম সোডিয়ামে 3.75 গ্রাম লবণ থাকে, যার অর্থ এক চতুর্থাংশ চা চামচ লবণ।","অর্থাৎ, ৩ দশমিক ৭৫ গ্রাম বা পৌনে এক চামচ লবণে ১৫০০ মিলিগ্রাম সোডিয়াম থাকে।",34.78919598799985,,1694.0
তাই হোম ট্রিটমেন্টের সময় একটু সতর্ক থাকতে হবে,তাই ঘরোয়া চিকিৎসার সময় একটু সতর্ক থাকতে হবে।,সেজন্য ঘরোয়া চিকিৎসার সময় কিছুটা সতর্কতা অবলম্বন করা প্রয়োজন।,24.74105078499997,,1695.0
সপ্তাহে তিন দিন ভালো করে মাথায় শ্যাম্পু করুন,সপ্তাহে তিন দিন চুল ভালো করে শ্যাম্পু করুন।,সপ্তাহে তিন দিন মাথার চুল ভালোভাবে শ্যাম্পু দিয়ে ধুয়ে নিন।,30.21377027500057,,1696.0
 আক্রান্তদের ৭৬ শতাংশ চিকিৎসা নিয়েছেন ঢাকার অন্য ১৬টি হাসপাতালে,আক্রান্তদের ৭৬ শতাংশ ঢাকার অন্য ১৬টি হাসপাতালে চিকিৎসা নিয়েছেন।,ঢাকার অন্যান্য ১৬টি হাসপাতালে আক্রান্তদের ৭৬ শতাংশ চিকিৎসা সেবা গ্রহণ করেছেন।,34.047993993001,,1697.0
যেসব ওষুধ বর্ধনশীল হাড়ের ওপর কাজ করে তাদের দীর্ঘমেয়াদি প্রয়োগ শিশুর খর্বতার কারণ হতে পারে এর মধ্যে স্টেরয়েডজাতীয় ওষুধ এবং ক্যানসার চিকিৎসায় ব্যবহৃত কেমোথেরাপি ও রেডিওথেরাপি অন্যতম,ক্যান্সারের চিকিৎসায় ব্যবহৃত স্টেরয়েড ওষুধ এবং কেমোথেরাপি এবং রেডিওথেরাপি সহ ক্রমবর্ধমান হাড়কে প্রভাবিত করে এমন ওষুধের দীর্ঘমেয়াদী ব্যবহার শিশুদের স্টান্টিং হতে পারে।,"ক্রমবর্ধমান হাড়ে প্রভাব ফেলে এমন ওষুধের দীর্ঘস্থায়ী ব্যবহার শিশুদের খর্বতার সৃষ্টি করতে পারে, এই তালিকায় স্টেরয়েড এবং ক্যানসার চিকিৎসায় ব্যবহৃত কেমোথেরাপি ও রেডিওথেরাপি বিশেষভাবে উল্লেখযোগ্য।",34.307063160000325,,1698.0
" লো সেক্স ড্রাইভ, অকাল বীর্যপাত এবং দুর্বলতার মতো সমস্যার সমাধান করতে পারে মৌরি","মৌরি কম যৌন ড্রাইভ, অকাল বীর্যপাত এবং পুরুষত্বহীনতার মতো সমস্যার সমাধান করতে পারে।","যৌন আগ্রহ কমে যাওয়া, অকালে বীর্যস্খলন এবং শারীরিক দুর্বলতার মতো সমস্যা দূর করতে সক্ষম মৌরি।",29.87403201000052,,1699.0
যেকোনো কারণে অস্থিমজ্জার ভেতরের রক্তের মাদার সেলের স্টেম সেল মিউটেশন বা অন্য কোনো পরিবর্তন হলে ক্যানসার সেল বা অপরিপক্ব কোষ তৈরি হয় যা অস্থিমজ্জার ভেতরে অতি দ্রুত বৃদ্ধি হয় ও রক্তে প্রবাহিত হয়,অস্থিমজ্জার অভ্যন্তরে রক্তের মাতৃ কোষে স্টেম সেল মিউটেশন বা অন্য কোনো পরিবর্তন ঘটলে ক্যান্সার কোষ বা অপরিণত কোষ তৈরি হয় যা অস্থিমজ্জার ভেতরে খুব দ্রুত বৃদ্ধি পায় এবং রক্তে সঞ্চালিত হয়।,"যেকোনো কারণে অস্থিমজ্জার স্টেম কোষে মিউটেশন বা অন্য কোনো পরিবর্তন ঘটলে ক্যান্সার বা অপরিণত কোষের সৃষ্টি হয়, যেগুলো অস্থিমজ্জার ভেতরে অত্যন্ত দ্রুত বৃদ্ধি পেয়ে রক্তপ্রবাহে ছড়িয়ে পড়ে।",38.7039227740006,,1700.0
১ জাতি বর্ণ ধর্ম গোত্র ভূখন্ড সীমারেখা পতাকা মানচিত্র মন্দির মসজিদ গীর্জা প্যাগোডা  এসবের কোনটিই একে অপরের শত্রু নয়,1 জাতি বর্ণ ধর্ম উপজাতি অঞ্চল সীমানা পতাকা মানচিত্র মন্দির মসজিদ গির্জা প্যাগোডা এগুলোর কেউই একে অপরের শত্রু নয়।,"জাতি, বর্ণ, ধর্ম, গোত্র, ভূখণ্ড, সীমান্তরেখা, পতাকা, মানচিত্র, মন্দির, মসজিদ, গির্জা ও প্যাগোডা—এই সবকিছুর মধ্যে পরস্পরের কোনো শত্রুতা বিদ্যমান নয়।",45.844090928001606,,1701.0
শুরুতেই যখন কাউকে জানানো হয় আপনার ডায়াবেটিস হয়েছে যা আজীবনই থাকবে এবং আপনাকে জীবনযাপন পরিবর্তন করাসহ ক্রমেই বেশি সংখ্যক ওষুধ সেবন করার দরকার হতে পারে এ তথ্যগুলোই ডায়াবেটিসের রোগীকে মানসিক চাপে বা মানসিক অবসাদে ফেলতে পারে,শুরুতেই বলা হচ্ছে যে আপনার ডায়াবেটিস আছে যা সারাজীবন স্থায়ী হবে এবং জীবনযাত্রার পরিবর্তনের সাথে আপনাকে আরও বেশি ওষুধ সেবন করতে হতে পারে ডায়াবেটিস আক্রান্ত ব্যক্তির জন্য চাপ বা অপ্রতিরোধ্য হতে পারে।,"রোগ নির্ণয়ের প্রথম দিকেই যখন একজন জানতে পারেন যে তিনি আজীবন ডায়াবেটিসে ভুগবেন, তাকে জীবনযাত্রার আমূল পরিবর্তন আনতে হবে এবং ধীরে ধীরে আরও বেশি ওষুধ সেবন করতে হবে, তখন এই সব খবর তাকে গভীর মানসিক চাপ বা বিষণ্নতায় ঠেলে দিতে পারে।",50.07268078800007,,1702.0
এই গ্রুপের মধ্যে পড়বে অতিরিক্ত রক্তপাতের রোগী শকের রোগী যাদের রক্তচাপ অনেক কম অথবা খুঁজে পাওয়া যাচ্ছে না প্রস্রাব তৈরি হচ্ছে না শরীর নিস্তেজ হয়ে যাচ্ছে এক্সপান্ডেড ডেঙ্গু রোগী ডেঙ্গু থেকে যাদের হার্ট ফুসফুস কিডনি ও মস্তিষ্ক আক্রান্ত হবে ও রক্তের ইলেক্ট্রোলাইট ও অন্যান্য মেটাবলিক সমস্যা থাকলে,"এই গ্রুপে অতিরিক্ত রক্তক্ষরণের রোগী, শকে রোগী যাদের রক্তচাপ খুব কম বা সনাক্ত করা যায় না, প্রস্রাব তৈরি হয় না, শরীর অলস, প্রসারিত ডেঙ্গু রোগী, যাদের হার্ট, ফুসফুস, কিডনি এবং মস্তিষ্ক ডেঙ্গুতে আক্রান্ত। এবং যাদের রক্তের ইলেক্ট্রোলাইট এবং অন্যান্য বিপাকীয় সমস্যা রয়েছে।","অতিরিক্ত রক্তক্ষরণ, মারাত্মক শক (যাদের রক্তচাপ অত্যন্ত নিম্ন বা পরিমাপ করা যাচ্ছে না), মূত্র উৎপাদন বন্ধ হওয়া, শরীর ক্রমশ নিস্তেজ হয়ে পড়া, এক্সপান্ডেড ডেঙ্গু (ডেঙ্গু জ্বরে হৃদপিণ্ড, ফুসফুস, কিডনি ও মস্তিষ্কের ক্ষতিগ্রস্ত হওয়া) এবং রক্তে ইলেক্ট্রোলাইট বা অন্যান্য বিপাকজনিত জটিলতা—এসব সমস্যায় আক্রান্ত রোগীরাই এই গ্রুপের অন্তর্ভুক্ত হবেন।",57.48849011099992,,1703.0
রেটিনা সার্জারিতে মূলত আমরা চোখের ভিট্রিয়াস জেলি ও একই সঙ্গে জমে থাকা জমাট রক্ত চোখের ভেতর থেকে ভিট্রেকটোমি কাটার দিয়ে বের করে আনি এরপর ছিঁড়ে যাওয়া রেটিনার অংশ জোড়া লাগানো হয় এবং লেজার করা হয় যা এন্ডেলেজার নামে পরিচিত,"রেটিনাল সার্জারিতে, আমরা একটি ভিট্রেক্টমি কাটার দিয়ে চোখের ভিতর থেকে রক্ত ​​জমাট বাঁধার সাথে চোখের ভিট্রিয়াস জেলি অপসারণ করি, তারপর ছেঁড়া রেটিনাকে সংযুক্ত করে লেজার করা হয়, যা এন্ডলেজার নামে পরিচিত।","রেটিনার শল্যচিকিৎসায় প্রাথমিকভাবে ভিট্রেকটোমি কাটারের সাহায্যে চোখের অভ্যন্তর থেকে ভিট্রিয়াস জেলি ও জমাট রক্ত অপসারণ করা হয়, এরপর ছিন্ন রেটিনা সংযুক্ত করে এন্ডেলেজার নামে পরিচিত লেজার চিকিৎসা প্রদান করা হয়।",41.48007044899896,,1704.0
কারণ এখানে রক্ত বের করে নেওয়া হচ্ছে দেওয়া নয়,"কারণ এখানে রক্ত ​​নেওয়া হয়, দেওয়া হয় না।","কারণ এই স্থানে রক্ত সংগ্রহ করা হচ্ছে, প্রদান করা হচ্ছে না।",32.705348084000434,,1705.0
"তিনি আরও বলেন, সম্প্রতি আমরা বেশ কিছু হাসপাতালে ইন্সটিটিউশনাল প্র্যাকটিস শুরু করেছি","তিনি আরও বলেন, আমরা সম্প্রতি বেশ কয়েকটি হাসপাতালে প্রাতিষ্ঠানিক অনুশীলন শুরু করেছি।","তিনি আরও জানান, সাম্প্রতিক সময়ে আমরা বেশ কয়েকটি হাসপাতালে প্রাতিষ্ঠানিক অনুশীলন চালু করেছি।",23.753453657000136,,1706.0
সব ধরনের মিষ্টিযুক্ত পানীয় বাদ দিন,সব চিনিযুক্ত পানীয় এড়িয়ে চলুন।,সকল প্রকার মিষ্টিযুক্ত পানীয় এড়িয়ে চলুন।,35.43133218799994,,1707.0
 তরমুজ ও ডিম কখনোই একসঙ্গে খাবেন না,তরমুজ ও ডিম একসাথে খাবেন না।,তরমুজ এবং ডিম কখনোই একত্রে খাওয়া উচিত নয়।,29.961650293000275,,1708.0
 কঠিন বর্জ্য পদার্থ দিয়ে গঠিত হয় এই পাথরগুলো,এই পাথরগুলো কঠিন বর্জ্য পদার্থ দিয়ে তৈরি।,কঠিন বর্জ্য পদার্থের সমন্বয়ে এই পাথরগুলোর উৎপত্তি হয়েছে।,32.45922693099965,,1709.0
এক গ্লাস দুধে কাজুবাদাম ভিজিয়ে খেলে কী কী উপকার মিলতে পারে,এক গ্লাস দুধে কাজুবাদাম ভিজিয়ে রাখলে কী কী উপকার পাওয়া যায়?,এক গ্লাস দুধে কাজুবাদাম ভিজিয়ে খাওয়ার ফলে কী কী স্বাস্থ্য উপকারিতা পাওয়া সম্ভব?,24.649667083000168,,1710.0
উত্তেজনা ও চাপের কারণে এর পরিবর্তন ঘটে এবং দ্রুতই এটি স্বাভাবিক হয়ে যায়,এটি উত্তেজনা এবং চাপের কারণে পরিবর্তিত হয় এবং দ্রুত স্বাভাবিক অবস্থায় ফিরে আসে।,"উত্তেজনা ও চাপের প্রভাবে এটি পরিবর্তিত হয়, তবে খুব অল্প সময়ের মধ্যেই তা আবার স্বাভাবিক অবস্থায় ফিরে আসে।",23.12840129100005,,1711.0
হুপিং কফের প্রতিষেধক ভ্যাকসিন আছে,হুপিং কাশির বিরুদ্ধে একটি ভ্যাকসিন রয়েছে।,হুপিং কফ প্রতিরোধের জন্য ভ্যাকসিন রয়েছে।,23.058286043000408,,1712.0
 পান সাজাবার সময়েও পানের ভেতর মৌরি দেওয়া হয়,মটরশুটি সাজানোর সময় মৌরি যোগ করা হয়।,পান সাজানোর সময় পানের ভেতরে মৌরিও ব্যবহার করা হয়।,26.74224445499931,,1713.0
বিশ্বব্যাপী ডায়াবেটিস রোগীর সংখ্যার ক্রমবর্ধমান বৃদ্ধি ডায়াবেটিসজনিত স্বল্প ও দীর্ঘমেয়াদি জটিলতা এবং এতে মৃত্যু বেড়েই চলছে,বিশ্বব্যাপী ডায়াবেটিস রোগীর ক্রমবর্ধমান সংখ্যা ডায়াবেটিসের কারণে স্বল্প ও দীর্ঘমেয়াদী জটিলতা এবং মৃত্যুকে বাড়িয়ে দেয়।,"সারা বিশ্বে ডায়াবেটিস রোগীর সংখ্যা ক্রমাগত বাড়ার ফলে, এই রোগের স্বল্প ও দীর্ঘমেয়াদী জটিলতা এবং মৃত্যুর হারও দিন দিন বৃদ্ধি পাচ্ছে।",32.82243886099968,,1714.0
 বংশগত কারণেও পাকস্থলীতে ক্যান্সার হয়,বংশগত কারণেও পেটের ক্যান্সার হয়।,পাকস্থলীতে ক্যান্সার হওয়ার পেছনে বংশগত কারণও দায়ী।,25.6023721140009,,1715.0
জ্বর  অন্য ভাইরাস জ্বরের মতো ডেঙ্গুজ্বর সাত দিনের বেশি থাকে না,"জ্বর অন্যান্য ভাইরাল জ্বরের মতো, ডেঙ্গু জ্বর সাত দিনের বেশি স্থায়ী হয় না।",অন্যান্য ভাইরাল জ্বরের মতোই ডেঙ্গু জ্বরেও জ্বর সাত দিনের বেশি স্থায়ী হয় না।,24.983456579999256,,1716.0
এতে খুব একটা ঘাম হয় না কিন্তু রক্ত সঞ্চালন ভালো হয় এবং চর্বি ঝরে যায়,"এটি খুব বেশি ঘাম দেয় না, তবে এটি রক্ত ​​​​সঞ্চালন উন্নত করে এবং চর্বি পোড়ায়।",এতে ঘামার পরিমাণ কম হলেও রক্ত সঞ্চালন বৃদ্ধি পায় এবং শরীরের চর্বি গলে যায়।,32.98313562400108,,1717.0
আমাদের দেশে এই দুটো চিকিৎসাই সাধারণের সামর্থ্য ও আয়ত্তের বাইরে,আমাদের দেশে এই দুটি চিকিৎসা সাধারণ মানুষের সাধ্য ও আয়ত্তের বাইরে।,আমাদের দেশের সাধারণ মানুষের ক্রয়ক্ষমতা ও নাগালের বাইরে এই দুটি চিকিৎসা।,45.17492717500136,,1718.0
ওর বয়স অনুযায়ী ওর নেওয়ার ক্ষমতাও আপনাকে বুঝতে হবে,তার বয়স অনুযায়ী এটি নেওয়ার ক্ষমতাও আপনাকে বুঝতে হবে।,তার বয়সের তুলনায় তার গ্রহণ করার সক্ষমতাও আপনাকে বিবেচনায় নিতে হবে।,30.95690508000007,,1719.0
এতে থাকা ভিটামিনই ও শিয়া বাটারের মতো উপাদান ত্বককে দিনভর আর্দ্র ও কোমল রাখবে,ভিটামিন ই এবং শিয়া মাখনের মতো উপাদানগুলি সারা দিন ত্বককে ময়েশ্চারাইজড এবং নরম রাখবে।,এতে উপস্থিত ভিটামিন ও শিয়া বাটারের মতো উপাদানগুলো সারাদিন ত্বকের আর্দ্রতা ও কোমলতা বজায় রাখবে।,36.241030466000666,,1720.0
"পোস্ট ভাইরাল ড্রাই কফ শুকনো কাশি
২",পোস্ট ভাইরাল শুষ্ক কাশি একটি শুষ্ক কাশি 2.,ভাইরাস সংক্রমণ পরবর্তী শুকনো কাশি ২,27.47337097799937,,1721.0
" চোখ, কিডনি, লিভার, হার্ট ও পায়ে বিভিন্ন সমস্যা দেখা দিতে শুরু করে","চোখ, কিডনি, লিভার, হার্ট ও পায়ে নানা সমস্যা দেখা দিতে থাকে।","চোখ, কিডনি, লিভার, হার্ট এবং পায়ের নানা ধরনের জটিলতা দেখা দিতে থাকে।",30.50055643099949,,1722.0
জমা পড়লেই সেটা সর্বৈব সত্য এমন নয়,শুধু পড়লেই এটা পরম সত্য নয়।,কোনো কিছু জমা পড়ার অর্থই এই নয় যে তা আদ্যোপান্ত সত্য।,35.97801300900028,,1723.0
কাশির সঙ্গে রক্ত গেলে তার সঠিক ইতিহাস জানা এবং কারণ বের করা প্রয়োজন,কাশিতে রক্ত ​​পড়লে সঠিক ইতিহাস জানা এবং কারণ খুঁজে বের করা জরুরি।,কাশির সাথে রক্ত পড়লে এর বিস্তারিত পূর্ব ইতিহাস জেনে মূল কারণ নির্ণয় করা আবশ্যক।,29.98650754200025,,1724.0
এ রোগীদের চুল এবং লোমও সাদা হয়ে যেতে পারে,এই রোগীদের চুল এবং পশমও সাদা হতে পারে।,এই রোগীদের চুল ও শরীরের লোম সাদা হয়ে যাওয়ারও সম্ভাবনা রয়েছে।,33.97799469599886,,1725.0
 প্রচুর পানি খাওয়াতে হবে যেন প্রস্রাবের পরিমাণ স্বাভাবিক থাকে,প্রস্রাবের পরিমাণ স্বাভাবিক রাখতে প্রচুর পানি পান করুন।,প্রস্রাবের মাত্রা স্বাভাবিক রাখার জন্য প্রচুর পানি পান করানো প্রয়োজন।,37.008317122001245,,1726.0
তারপর বালিশ পিঠের কাছে রেখে বসে থাকতে হবে আরও ঘণ্টা দুয়েকের মতো,তারপর পিঠের কাছে বালিশ রেখে আরও ঘণ্টা দুয়েক বসে থাকুন।,এরপর পিঠের দিকে বালিশ ঠেস দিয়ে আরও প্রায় দুই ঘণ্টা বসে কাটাতে হবে।,33.368067161,,1727.0
আপনার মেয়ের ক্ষেত্রেও তাই হয়েছে,আপনার মেয়ের ক্ষেত্রেও তাই হয়েছে।,আপনার কন্যার বেলাতেও ঠিক একই ঘটনাটি ঘটেছে।,22.759764060001544,,1728.0
চিকিৎসক প্রথমত আপনার কী কারণে জন্ডিস হলো তা নির্ণয় করবেন এবং কারণ অনুযায়ী উপদেশ ও চিকিৎসা প্রদান করবেন,ডাক্তার প্রথমে আপনার জন্ডিসের কারণ নির্ণয় করবেন এবং কারণ অনুযায়ী পরামর্শ ও চিকিৎসা দেবেন।,প্রথমেই চিকিৎসক আপনার জন্ডিসের মূল কারণ চিহ্নিত করবেন এবং তারপর সেই কারণের ভিত্তিতে আপনাকে প্রয়োজনীয় পরামর্শ ও চিকিৎসা দেবেন।,24.041863881999237,,1729.0
"কোন টিকায় আটকানো যাবে করোনা, কোন ওষুধে কাজ হবে সবচেয়ে বেশি— এমন অনেক প্রশ্নের উত্তরের পেছনেই ছুটে চলেছেন বিজ্ঞানীরা","কোন টিকা করোনা ভাইরাস প্রতিরোধ করতে পারে, কোন ওষুধ সবচেয়ে বেশি কাজ করবে, এমন অনেক প্রশ্নের উত্তরের পেছনেই ছুটছেন বিজ্ঞানীরা।",করোনা প্রতিরোধে কোন টিকা এবং কোন ঔষধ সবচেয়ে বেশি কার্যকর হবে— এই ধরনের বহু প্রশ্নের উত্তর খুঁজতে তৎপর রয়েছেন বিজ্ঞানীরা।,34.126753144999384,,1730.0
পাশাপাশি হাসপাতালগুলোর ওপর চাপ কমানোর জন্য জনগণকে টেলিহেলথ সেবার প্রতি উৎসাহিত করতে হবে,"এছাড়াও, হাসপাতালের উপর চাপ কমাতে টেলিহেলথ পরিষেবাগুলি ব্যবহার করতে জনগণকে উত্সাহিত করা উচিত।",এর পাশাপাশি হাসপাতালগুলোর ওপর থেকে বোঝা কমাতে সাধারণ মানুষকে টেলিহেলথ সেবা গ্রহণে উদ্বুদ্ধ করতে হবে।,33.25247571299951,,1731.0
 এই উপাদানগুলো রোগ প্রতিরোধ ক্ষমতা বাড়ায়,এই উপাদানগুলো রোগ প্রতিরোধ ক্ষমতা বাড়ায়।,এই উপাদানগুলি রোগ প্রতিরোধের ক্ষমতা বৃদ্ধি করে।,27.458892861001004,,1732.0
তাই নোভেল করোনাভাইরাস যাঁর দেহে সংক্রামিত হয় তাঁর শরীরে গিয়ে ভাইরাসটা নিজের প্রতিরূপ তৈরি করতে থাকে এবং একই সঙ্গে ভাইরাসটা আবার পারিপার্শ্বিকতার সঙ্গে নিজেকে খাপ খাইয়ে নেওয়ার চেষ্টাও করতে থাকে,তাই নভেল করোনাভাইরাস ব্যক্তির শরীরে সংক্রমিত হয় এবং ভাইরাসটি নিজের প্রতিলিপি তৈরি করতে শুরু করে এবং একই সাথে ভাইরাসটি পরিবেশের সাথে নিজেকে মানিয়ে নেওয়ার চেষ্টা করে।,"ফলে, নভেল করোনাভাইরাস যখন কোনো ব্যক্তির দেহে সংক্রমণ ঘটায়, তখন শরীরের ভেতরে প্রবেশ করে নিজের অনুলিপি তৈরি করতে থাকে এবং পাশাপাশি পরিবেশের সাথে মানিয়ে নেওয়ার প্রচেষ্টাও চালায়।",34.420534767999925,,1733.0
কিন্তু যে বিষয়টি অনেক বেশি গুরুত্বপূর্ণ সেটি হচ্ছে ডায়াবেটিস রোগীদের পায়ুপথের এসব রোগ হলে তার জটিলতার হার অনেক বেশি,তবে যেটা বেশি গুরুত্বপূর্ণ তা হল ডায়াবেটিস রোগীদের এই মলদ্বার রোগ থেকে জটিলতার হার অনেক বেশি।,"তবে সবচেয়ে গুরুত্বপূর্ণ বিষয় হলো, মধুমেহ রোগীদের পায়ুপথের এই রোগগুলো দেখা দিলে জটিলতার মাত্রা অনেক বেশি থাকে।",40.55673039900103,,1734.0
সেই ২০ জন আক্রান্ত হয়নি,সেই 20 জন আক্রান্ত হননি।,ওই বিশ জন ব্যক্তি আক্রান্ত হননি।,29.68533282899989,,1735.0
ক্রিকেট খেলার সময়ও ক্রিকেটারদের সানস্ক্রিন ব্যবহার করা উচিত,ক্রিকেটারদেরও ক্রিকেট খেলার সময় সানস্ক্রিন ব্যবহার করা উচিত।,ক্রিকেট ম্যাচের সময়ও খেলোয়াড়দের সানস্ক্রিন ব্যবহার করা প্রয়োজন।,31.786275884000133,,1736.0
করোনার মতো মহামারি আগামী এক দশকের মধ্যে আঘাত হানতে পারে বলে সতর্ক করেছে লন্ডনভিত্তিক স্বাস্থ্য বিশ্লেষণ সংস্থা এয়ারফিনিটি লিমিটেড,আগামী এক দশকের মধ্যে করোনার মতো মহামারী আঘাত হানতে পারে বলে সতর্ক করেছে লন্ডনভিত্তিক স্বাস্থ্য বিশ্লেষণকারী প্রতিষ্ঠান এয়ারফিনিটি লিমিটেড।,"আগামী দশকের ভেতরে করোনার ন্যায় কোনো মহামারি আছড়ে পড়তে পারে, এমন সতর্কবার্তা দিয়েছে লন্ডনভিত্তিক স্বাস্থ্য বিশ্লেষণ প্রতিষ্ঠান এয়ারফিনিটি লিমিটেড।",25.135264757000183,,1737.0
 যারা মদপান করেন বা যারা মাদকসেবী তাদেরও অনেক সময় হ্যালুসিনেশন হয়,যারা অ্যালকোহল পান করে বা মাদকাসক্ত তাদেরও প্রায়ই হ্যালুসিনেশন হয়।,মদ্যপায়ী বা মাদকাসক্ত ব্যক্তিদেরও প্রায়শই হ্যালুসিনেশন দেখা দেয়।,26.56973412799925,,1738.0
আমাদের দাবি সরকার তাদের এই বঞ্চিত নাগরিকদের প্রতি নজর দিক প্রতিষ্ঠান কর্তৃপক্ষকে বাধ্য করুক সার্ভিস রুল বানাতে এবং প্রত্যেকের বেতন বোনাসসহ সব বকেয়া পরিশোধ করাতে,আমরা দাবি করছি যে সরকার এই বঞ্চিত নাগরিকদের দিকে নজর দেবে এবং কর্তৃপক্ষকে পরিষেবা বিধি প্রণয়ন করতে এবং বেতন-বোনাস সহ সমস্ত বকেয়া পরিশোধ করতে বাধ্য করবে।,"আমরা দাবি জানাচ্ছি যে, সরকার যেন এই বঞ্চিত নাগরিকদের প্রতি দৃষ্টিপাত করে এবং প্রতিষ্ঠান কর্তৃপক্ষকে সার্ভিস রুল প্রণয়ন ও প্রত্যেকের বকেয়া বেতন, বোনাসসহ সমস্ত পাওনা পরিশোধ করতে বাধ্য করে।",40.71767822599941,,1739.0
 প্রয়োজনীয় ঠাণ্ডা হলে নামিয়ে এনে পরিবেশন করুন রঙিন এক গ্লাস ঠাণ্ডা তরমুজ শরবত,প্রয়োজনে নামিয়ে ঠান্ডা করে পরিবেশন করুন এক গ্লাস ঠাণ্ডা তরমুজের শরবত।,পুরোপুরি ঠান্ডা হয়ে গেলে নামিয়ে এনে একটি রঙিন গ্লাসে করে ঠান্ডা তরমুজের শরবত পরিবেশন করুন।,32.741693113999645,,1740.0
উপকরণ ১ কাপ টকদই ১ স্কুপ ভ্যানিলা আইসক্রিম ১ টেবিল চামচ ভ্যানিলা আইসক্রিম আধ টেবিল চামচ কেশর আধ কাপ পানি ১ টেবিল চামচ টুকরো কাঠবাদাম    আরও পড়ুন                                                                                           গরমে পেট ঠান্ডা রাখতে দই খাবেন নাকি তরমুজ                                        প্রণালী টকদই চিনি পানি এবং ভ্যানিলা আইসক্রিম একসঙ্গে মিশিয়ে ব্লেন্ডারে ভালো করে মিশিয়ে নিন,"উপকরণ 1 কাপ টক ক্রিম 1 স্কুপ ভ্যানিলা আইসক্রিম 1 টেবিল চামচ ভ্যানিলা আইসক্রিম আধা টেবিল চামচ জাফরান আধা কাপ জল 1 টেবিল চামচ কাটা বাদাম আরও পড়ুন গরমে আপনার পেট ঠান্ডা রাখতে দই বা তরমুজ খাওয়া উচিত রেসিপি টক ক্রিম, চিনি, জল মেশান এবং ভ্যানিলা আইসক্রিম একসাথে ব্লেন্ডারে ভালো করে ব্লেন্ড করুন","উপাদান: এক কাপ টক দই, এক স্কুপ ও এক টেবিল চামচ ভ্যানিলা আইসক্রিম, আধা টেবিল চামচ কেশর, আধা কাপ পানি এবং এক টেবিল চামচ কাটা কাঠবাদাম। আরও পড়ুন: গরমে পেট শীতল রাখতে দই খাবেন নাকি তরমুজ। তৈরির পদ্ধতি: ব্লেন্ডারে টক দই, চিনি, পানি এবং ভ্যানিলা আইসক্রিম একসাথে দিয়ে ভালোভাবে ব্লেন্ড করে মিশিয়ে নিন।",38.89198528599991,,1741.0
 পেকটিন হলো সেই ধরনের দ্রবণীয় প্রোটিন যা ১০ শতাংশের মতো কোলেস্টেরল মাত্রা কমাতে পারে,পেকটিন হল এক ধরনের দ্রবণীয় প্রোটিন যা কোলেস্টেরলের মাত্রা 10 শতাংশ পর্যন্ত কমাতে পারে।,"পেকটিন এক ধরনের দ্রবণীয় প্রোটিন, যা প্রায় ১০ শতাংশ কোলেস্টেরলের মাত্রা কমাতে সক্ষম।",38.7652722970015,,1742.0
তলপেট পিঠ ও কোমরে মালিশ নিতে পারেন মিনিট কুড়ির জন্য,"আপনি আপনার তলপেট, পিঠ এবং কোমরে বিশ মিনিট ম্যাসাজ করতে পারেন।","তলপেট, পিঠ এবং কোমরে বিশ মিনিট ধরে মালিশ করিয়ে নিতে পারেন।",24.947821715999453,,1743.0
চায়ের উৎপত্তিস্থল চীন দেশের দক্ষিণ পশ্চিম অঞ্চলে,চায়ের উৎপত্তিস্থল চীনের দক্ষিণ-পশ্চিম অঞ্চলে।,চীনের দক্ষিণ-পশ্চিম অঞ্চল থেকেই চায়ের উৎপত্তি হয়েছে।,32.6012458969999,,1744.0
শরীরের প্রদাহ কমে  ঠাণ্ডার মৌসুমে শরীরের ভিতরে প্রদাহ বা ইনফ্লেমশন কমতে থাকে,"ঠাণ্ডা মৌসুমে শরীরের প্রদাহ কমে যায়, শরীরের ভেতরের প্রদাহ কমে যায়।",শীতকালে শরীরের অভ্যন্তরীণ প্রদাহ বা ইনফ্লেমেশন হ্রাস পেতে থাকে।,30.978890776999837,,1745.0
যেখানে টিকা তৈরিতে ১০ থেকে ১৫ বছর লেগে যায় সেখানে দ্রুত টিকা বাজারে পাওয়ার আশা করা যাচ্ছে,"যেখানে ভ্যাকসিন তৈরি হতে 10 থেকে 15 বছর সময় লাগে, আশা করা যায় সেগুলো দ্রুত বাজারে পাওয়া যাবে।","সাধারণত টিকা উদ্ভাবনে ১০ থেকে ১৫ বছর সময় লাগলেও, বর্তমানে খুব দ্রুত এটি বাজারে আনার সম্ভাবনা রয়েছে।",36.62570754400076,,1746.0
যদি আঘাতের স্থানটি সংক্রমিত হয় জীবাণু পার্শ্ববর্তী হাড়ে ছড়িয়ে পড়তে পারে,যদি আঘাতের স্থান সংক্রামিত হয় তবে সংক্রমণটি আশেপাশের হাড়ে ছড়িয়ে পড়তে পারে।,আঘাতপ্রাপ্ত স্থানে সংক্রমণ দেখা দিলে জীবাণু আশেপাশের হাড়েও ছড়িয়ে পড়ার সম্ভাবনা থাকে।,33.76156719100072,,1747.0
অনেক দিন ধরে গলার স্বর বসে যাওয়া বারবার গলা পরিষ্কার করা এবং কাশি হওয়া তার সঙ্গে গলার ভেতর টিউমারের মতো বোধ করা অথবা ঢোক গিলতে অসুবিধা হওয়া এগুলোই হচ্ছে স্বরযন্ত্র বা গলার রিফ্লাক্সের উপসর্গ,"ক্রমাগত কর্কশ হওয়া, ঘন ঘন গলা পরিষ্কার হওয়া এবং কাশির সাথে গলায় টিউমারের অনুভূতি হওয়া বা গিলতে অসুবিধা হওয়া ল্যারিঞ্জিয়াল বা ল্যারিঞ্জিয়াল রিফ্লাক্সের লক্ষণ।","দীর্ঘদিন ধরে কণ্ঠস্বর বসে যাওয়া, ঘন ঘন গলা খাঁকরা দেওয়া ও কাশি হওয়া, গলায় কোনো গিঁট বা টিউমার থাকার অনুভূতি এবং ঢোক গিলতে কষ্ট হওয়া—এই লক্ষণগুলোই মূলত স্বরযন্ত্র বা গলার রিফ্লাক্সের উপসর্গ।",45.79825505200097,,1748.0
 পরবর্র্তীতে ডা. সজিব ট্রান্সপ্ল্যান্ট মেডিক্যাল টিমকে অবহিত করেন এবং পুরো প্রক্রিয়া শুরু হয়,পরে ডাঃ সজিব ট্রান্সপ্লান্ট মেডিকেল টিমকে জানালে পুরো প্রক্রিয়া শুরু হয়।,"অতঃপর ডা. সজিব ট্রান্সপ্ল্যান্ট মেডিকেল দলকে বিষয়টি অবগত করান, যার পরেই সম্পূর্ণ প্রক্রিয়ার সূচনা হয়।",31.06018385300013,,1749.0
 আর নতুন দুজন নিয়ে মৃতের সংখ্যা বেড়ে দাঁড়িয়েছে ২৯ হাজার ৪৪৮ জনে,"এবং নতুন দুটির সাথে, মৃতের সংখ্যা বেড়ে 29,448 হয়েছে।",এছাড়া নতুন দুজনের মৃত্যুতে মোট মৃতের সংখ্যা বৃদ্ধি পেয়ে ২৯ হাজার ৪৪৮ জনে পৌঁছেছে।,34.300992081000004,,1750.0
ব্লক ছাড়াও কি হার্টঅ্যাটাক হয়,ব্লক ছাড়া হার্ট অ্যাটাক কি?,হার্টের ধমনীতে ব্লকেজ না থাকলেও কি হার্ট অ্যাটাক হতে পারে?,25.78289853000024,,1751.0
ডেঙ্গুজ্বরের নির্দিষ্ট কোনো চিকিৎসা নেই,ডেঙ্গু জ্বরের কোনো নির্দিষ্ট চিকিৎসা নেই।,ডেঙ্গু জ্বর নিরাময়ের সুনির্দিষ্ট কোনো চিকিৎসা পদ্ধতি নেই।,33.42611034800029,,1752.0
ফলে মস্তিষ্কের সংকেতগুলোতে প্রভাব ফেলে পড়ে যার ফলে মেজাজ পরিবর্তন হয় এবং বিষণ্নতা দেখা দিতে পারে,"ফলস্বরূপ, মস্তিষ্কের সংকেতগুলি প্রভাবিত হয়, যা মেজাজের পরিবর্তন এবং বিষণ্নতার কারণ হতে পারে।","পরিণতিস্বরূপ, মস্তিষ্কের স্নায়ু সংকেতগুলো প্রভাবিত হয়, যা মেজাজের পরিবর্তন ঘটায় এবং বিষণ্নতার কারণ হয়ে দাঁড়াতে পারে।",30.427502488000755,,1753.0
লেখক  চিফ নিউট্রিশন অফিসার ও বিভাগীয় প্রধান অব বারডেম,লেখক বারডেমের প্রধান পুষ্টি কর্মকর্তা এবং বিভাগীয় প্রধান।,বারডেমের প্রধান পুষ্টি কর্মকর্তা ও বিভাগীয় প্রধান হলেন লেখক।,27.57843454000067,,1754.0
মাংস খাওয়ার পর খেলে হজমের সমস্যা বেশি দেখা যায়,মাংস খাওয়ার পর খেলে হজমের সমস্যা বেশি হয়।,মাংস খাওয়ার পর খেলাধুলা করলে হজমের ব্যাঘাত বেশি ঘটে।,33.8389070309986,,1755.0
চামচ দিয়ে ধীরে ধীরে নেড়ে গুলিয়ে নিন,চামচ দিয়ে আস্তে আস্তে নাড়ুন।,চামচের সাহায্যে আস্তে আস্তে নেড়ে ভালো করে মিশিয়ে নিন।,21.54091933000018,,1756.0
কিন্তু অ্যান্টিবায়োটিকের প্রভাবে ওই ব্যাকটেরিয়া যখন মরে যায় তখন সহজেই যোনিতে ছত্রাকের সংক্রমণ দেখা দেয়,"কিন্তু যখন এই ব্যাকটেরিয়া অ্যান্টিবায়োটিকের প্রভাবে মারা যায়, তখন যোনির খামির সংক্রমণ সহজেই ঘটে।","তবে অ্যান্টিবায়োটিকের প্রভাবে যখন সেই ব্যাকটেরিয়াগুলো ধ্বংস হয়ে যায়, তখন যোনিতে খুব সহজেই ছত্রাকজনিত সংক্রমণ ঘটে।",28.970783663000475,,1757.0
৫ অরগ্যান ফেইলিওর বা দেহের বিভিন্ন প্রত্যঙ্গ বিকল হয়ে যাওয়া,5 অঙ্গ ব্যর্থতা বা শরীরের বিভিন্ন অংশ ক্ষতিগ্রস্ত হওয়া।,৫. অঙ্গ বিকলতা অথবা শরীরের বিভিন্ন অঙ্গ-প্রত্যঙ্গের কার্যক্ষমতা হারিয়ে যাওয়া।,34.420209706000605,,1758.0
মাড়ি রোগের মাধ্যমে যদি ব্যাকটেরিয়া ভিরিড্যান্স স্ট্রেপটোকক্কাই রক্ত প্রবাহে সংক্রমিত হয় তা হলে হার্টের ভাল্ব নষ্ট হওয়ার আশঙ্কা থাকে,"যদি ব্যাকটেরিয়া viridans streptococci মাড়ির রোগের মাধ্যমে রক্ত ​​​​প্রবাহে প্রবেশ করে, তাহলে হার্টের ভালভের ক্ষতি হওয়ার ঝুঁকি থাকে।",মাড়ির রোগের কারণে স্ট্রেপটোকক্কাস ভিরিডান্স ব্যাকটেরিয়া রক্তপ্রবাহে প্রবেশ করলে হৃদযন্ত্রের ভালভ ক্ষতিগ্রস্ত হওয়ার ঝুঁকি থাকে।,31.737776868001674,,1759.0
তবে গরমের চেয়ে শীতকাল হলে বেশি ভালো,তবে গরমের চেয়ে শীত ভালো।,তবুও গরমের তুলনায় শীতকাল হলে আরও ভালো হতো।,29.041755876000025,,1760.0
 এছাড়া আগের দিন ১৫ জনের করোনা শনাক্ত হয়েছিল,এছাড়া আগের দিন ১৫ জনের করোনা শনাক্ত হয়েছে।,"পাশাপাশি, আগের দিনে ১৫ জনের দেহে করোনা ধরা পড়েছিল।",35.09477148299993,,1761.0
পর্যাপ্ত ঘুম বা বিশ্রাম না হলে তাতে নিজের বা গর্ভস্থ শিশুর ক্ষতির কারণ হতে পারে,পর্যাপ্ত ঘুম বা বিশ্রাম না পাওয়া আপনার বা আপনার অনাগত শিশুর ক্ষতি করতে পারে।,পর্যাপ্ত ঘুম ও বিশ্রামের অভাব হলে তা নিজের অথবা গর্ভস্থ সন্তানের জন্য ক্ষতিকর হতে পারে।,34.79572455500056,,1762.0
সেই হিসেবে সব অর্গানের চিকিৎসা করতে হবে,সমস্ত অঙ্গ সেই অনুযায়ী চিকিত্সা করা উচিত।,সেই হিসাব অনুযায়ী সমস্ত অঙ্গের চিকিৎসা করা প্রয়োজন।,27.45282397499977,,1763.0
এ সব নিয়ে বলার আগে মোমবাতির ইতিহাস নিয়ে ছোট্ট করে মিষ্টি কাহিনিটি বলা যাক,"এই সব নিয়ে কথা বলার আগে, মোমবাতির ইতিহাস সম্পর্কে একটা মিষ্টি গল্প বলি।","এসব বিষয় নিয়ে আলোচনা করার পূর্বে, মোমবাতির ইতিহাসের একটি মধুর গল্প সংক্ষেপে বলা যাক।",39.16919177800082,,1764.0
আমরা কতটা আমিষ গ্রহণ করব তা নির্ভর করবে বয়স লিঙ্গ ও স্বাস্থ্যের অবস্থার ওপর,"আমরা কতটা প্রোটিন গ্রহণ করি তা নির্ভর করবে বয়স, লিঙ্গ এবং স্বাস্থ্যের অবস্থার উপর।","আমাদের প্রোটিন গ্রহণের পরিমাণ বয়স, লিঙ্গ এবং স্বাস্থ্যগত অবস্থার ওপর নির্ভরশীল।",45.83035065299919,,1765.0
এটি রোগ প্রতিরোধ ক্ষমতা বাড়াতে শরীরের বিষাক্ত পদার্থ দূর করতে এবং মৌসুমি ঠাণ্ডাজ্বর দূর করতেও অনেক উপকারি হতে পারে,"এটি রোগ প্রতিরোধ ক্ষমতা বাড়াতে, শরীর থেকে টক্সিন দূর করতে এবং মৌসুমি সর্দি-কাশি দূর করতেও খুব উপকারী হতে পারে।",শরীরকে বিষমুক্ত করে রোগ প্রতিরোধক শক্তি বৃদ্ধি করার পাশাপাশি ঋতুজনিত সর্দি-জ্বর নিরাময়ে এটি অত্যন্ত ফলপ্রসূ হতে পারে।,30.729192270000567,,1766.0
এই সাপের বিষ এমনই বেশি যে একসঙ্গে শরীরের অনেকগুলো অঙ্গ আক্রান্ত হয়ে যায়,এই সাপের বিষ এতটাই শক্তিশালী যে এটি একবারে শরীরের অনেক অংশকে প্রভাবিত করে।,এই সাপের বিষ এতটাই মারাত্মক যে শরীরের একাধিক অঙ্গ একই সাথে ক্ষতিগ্রস্ত হয়।,33.03567440900042,,1767.0
বাসার বাইরেও ৬ ফুট দূরত্ব বজায় রাখুন,বাড়ির বাইরে ৬ ফুট দূরত্ব বজায় রাখুন।,ঘরের বাইরে গেলেও ৬ ফুট দূরত্ব মেনে চলুন।,23.366371334999712,,1768.0
প্রয়োজন শুধু আপনার সদিচ্ছা সচেতনতা এবং সুচিকিৎসা নেওয়া,আপনার শুধু প্রয়োজন সদিচ্ছা সচেতনতা এবং ভালো চিকিৎসা।,"এর জন্য কেবল আপনার সৎ ইচ্ছা, সজাগ মনোভাব এবং যথাযথ চিকিৎসা গ্রহণ করা প্রয়োজন।",29.875333354999384,,1769.0
অনেকে পা ঝিনঝিন ও ব্যথা নিয়ে আসলেন পরীক্ষায় ডায়াবেটিস ধরা পড়ে,অনেকের পায়ে খিঁচুনি এবং ব্যথা হয় এবং তাদের ডায়াবেটিস ধরা পড়ে।,"পায়ে ঝিনঝিনানি ও ব্যথার অভিযোগ নিয়ে অনেক রোগী এসেছিলেন, যাদের পরীক্ষায় ডায়াবেটিস শনাক্ত হয়েছে।",30.286783395000384,,1770.0
 মেরুদণ্ডের নার্ভ চলাচলের রাস্তা সরু হলে,"যদি মেরুদণ্ডের স্নায়ুর পথ সংকীর্ণ হয়,",মেরুদণ্ডের স্নায়ু চলাচলের পথ সংকুচিত হলে,30.07618709599956,,1771.0
কোনো কোনো চক্ষু বিশেষজ্ঞদের ক্ষেত্রে মেকোবালামাইন ভিটামিন বি১বি৬বি১২ মকসিফ্লোক্জাসিন চোখের ড্রপ টোব্রামাইসিন চোখের ওয়াইনমেন্ট ব্যাবহার করতে দেখা যায়,কিছু চক্ষু বিশেষজ্ঞ মেকোবালামিন ভিটামিন B1B6B12 মক্সিফ্লক্সাসিন আই ড্রপ টোব্রামাইসিন আই মলম ব্যবহার করতে পারেন।,"কিছু কিছু চক্ষু চিকিৎসক মেকোবালামাইন, ভিটামিন বি১, বি৬ ও বি১২, মকসিফ্লোক্জাসিন চোখের ড্রপ এবং টোব্রামাইসিন চোখের মলম ব্যবহার করে থাকেন।",57.459421393999946,,1772.0
হিয়ারিং স্ক্রিনিংয়ের মাধ্যমে শিশুদের কানে শোনার পরীক্ষা শিশুর জন্মের এক মাস সময়ের মধ্যে পরীক্ষা ও তিন মাস সময়ের মধ্যে রোগ নির্ণয় এবং ছয় মাসের মধ্যে চিকিৎসা করাতে হবে,"শ্রবণ স্ক্রীনিং পরীক্ষা করা হয় জন্মের এক মাসের মধ্যে শিশুদের শ্রবণশক্তি, তিন মাসের মধ্যে রোগ নির্ণয় এবং ছয় মাসের মধ্যে চিকিত্সা।","নবজাতকের শ্রবণশক্তি যাচাইয়ের জন্য হিয়ারিং স্ক্রিনিং জন্মের এক মাসের মধ্যে, রোগ নির্ণয় তিন মাসের মধ্যে এবং চিকিৎসা ছয় মাসের মধ্যে সম্পন্ন করা আবশ্যক।",38.964127401999576,,1773.0
শরীরে জ্বর থাকে এবং গ্রন্থিগুলো হঠাৎ ফুলে যায় এবং প্রচণ্ড ব্যথা হতে পারে,শরীরে জ্বর হয় এবং গ্রন্থিগুলো হঠাৎ ফুলে যায় এবং প্রচণ্ড ব্যথা হতে পারে।,"শরীরে জ্বর দেখা দেয়, গ্রন্থিগুলো আকস্মিকভাবে ফুলে ওঠে এবং তীব্র যন্ত্রণা অনুভূত হতে পারে।",33.428722435000964,,1774.0
ইলিশ কই মলা চাপিলা মাছে ওমেগা৩ ফ্যাটের ভালো উপস্থিতি আছে,"ইলিশ, কই এবং স্ক্যাড মাছে ওমেগা-৩ ফ্যাটের ভালো উপস্থিতি রয়েছে।","ইলিশ, কই, মলা এবং চাপিলা মাছে যথেষ্ট পরিমাণে ওমেগা-৩ ফ্যাট বিদ্যমান।",31.81505052399916,,1775.0
জেনে নিন ফেলে দেওয়া টিব্যাগের ব্যবহারসৌন্দর্যচর্চা প্রথমেই বলতে হয় সৌন্দর্যচর্চায় ব্যবহারের কথা,জেনে নিন সৌন্দর্য পরিচর্যায় ফেলে দেওয়া টি ব্যাগ কীভাবে ব্যবহার করবেন।,ফেলে দেওয়া টি-ব্যাগের কাজে লাগানোর উপায় সম্পর্কে জানুন; সৌন্দর্যচর্চায় এর ব্যবহারের কথাই সবার আগে আলোচনা করা উচিত।,30.37382979100039,,1776.0
শিশুকে জন্মের পর থেকে সব টিকা সময়মতো দেওয়ার পরামর্শ দেন তিনি,তিনি জন্ম থেকেই শিশুকে সময়মতো সব টিকা দেওয়ার পরামর্শ দেন।,জন্মের পর থেকেই শিশুর সকল টিকা যথাসময়ে দেওয়ার বিষয়ে তিনি পরামর্শ প্রদান করেন।,32.65719087400066,,1777.0
অনেক সময় রোগী জোরে কাশি দিলে আটকে থাকা খাবার বেরিয়ে যায়,অনেক সময় রোগীর শক্ত কাশি হলে আটকে থাকা খাবার বেরিয়ে আসে।,অনেক ক্ষেত্রে রোগী প্রবলভাবে কাশলে আটকে যাওয়া খাবার বেরিয়ে আসে।,31.59383756600073,,1778.0
তবে কারও কাছে ভুল চিকিৎসার কথা বলবে না শর্তে ওই কাগজ ফেরত দেন বলে জানিয়েছেন ভুক্তভোগী রোগী মানিক,"তবে ভুক্তভোগী রোগী মানিক জানান, ভুল চিকিৎসার কথা কাউকে জানাবেন না শর্তে কাগজ ফেরত দেন।","ভুক্তভোগী রোগী মানিক জানিয়েছেন যে, ভুল চিকিৎসার বিষয়টি তিনি কাউকে বলবেন না—এই শর্তেই তিনি ওই কাগজটি ফেরত দিয়েছেন।",21.419317957999738,,1779.0
দুধে ভেজানো কাজুবাদাম খেলে হাড় শক্তিশালী হয়,কাজুবাদাম দুধে ভিজিয়ে খেলে হাড় মজবুত হয়।,দুধে ভিজিয়ে রাখা কাজুবাদাম খাওয়ার ফলে হাড়ের গঠন মজবুত হয়।,30.643272317000083,,1780.0
স্ট্রোক মস্তিষ্কের এক জটিল রোগ,স্ট্রোক একটি জটিল মস্তিষ্কের রোগ।,মস্তিষ্কের একটি জটিল ব্যাধি হলো স্ট্রোক।,30.04569290499967,,1781.0
নাক কান গলা ছাড়াও শরীরের অন্য অনেক রোগের কারণেও নাক দিয়ে রক্ত পড়তে পারে,"নাক, ​​কান ও গলা ছাড়াও শরীরের আরও অনেক রোগে নাক দিয়ে রক্ত ​​পড়তে পারে।","নাক, কান ও গলার সমস্যা ছাড়াও শরীরের অন্যান্য বহু রোগের কারণে নাক দিয়ে রক্তক্ষরণ হতে পারে।",32.231511506999595,,1782.0
ফলাফল তাদের দেশ এখন করোনার অন্যতম মৃত্যুর স্থান,ফলে তাদের দেশ এখন করোনার জন্য সবচেয়ে প্রাণঘাতী স্থানগুলোর একটি।,এর ফলে তাদের দেশটি বর্তমানে করোনায় সর্বোচ্চ মৃত্যুর দেশগুলোর একটি।,38.78357558500102,,1783.0
চিকিৎসাবিজ্ঞানের ভাষায় প্রসবপরবর্তী এই রক্তক্ষরণকে বলে পোস্টপারটাম হেমোরেজ পিপিএইচ,ডাক্তারি পরিভাষায় সন্তান প্রসবের পর এই রক্তপাতকে বলা হয় পোস্টপার্টাম হেমোরেজ (PPH)।,চিকিৎসা বিজ্ঞানের পরিভাষায় প্রসব-উত্তর এই রক্তস্রাবকে পোস্টপারটাম হেমোরেজ (পিপিএইচ) নামে অভিহিত করা হয়।,31.60533138400024,,1784.0
প্রথমে বাড়িতে চলাফেরা করুন তারপর বাড়ির আঙিনায় যান এর পর উপাসনালয় বাজার অফিসআদালতে যাওয়ার চেষ্টা করুন,প্রথমে বাড়ি ঘুরে তারপর বাড়ির আঙিনায় যান তারপর মাজার বাজার অফিস আদালতে যাওয়ার চেষ্টা করুন।,"শুরুতে ঘরের ভেতরেই পায়চারি করুন, পরবর্তীতে বাড়ির উঠোনে বের হোন এবং সবশেষে ধর্মস্থান, হাটবাজার বা অফিস-আদালতে যাওয়ার প্রয়াস চালান।",35.6554889830004,,1785.0
কাঁচা ফল ও সবজি এবং ইলিশ মাছ লবণ দিয়েই সংরক্ষণ করা হয়,কাঁচা ফল ও সবজি এবং ইলিশ মাছ লবণ দিয়ে সংরক্ষণ করা হয়।,"লবণ প্রয়োগ করেই কাঁচা ফলমূল, সবজি ও ইলিশ মাছ সংরক্ষণ করা হয়।",31.61286125399965,,1786.0
১৪ শিক্ষায় অধ্যাপক ড বিকিরণ প্রসাদ বড়ুয়া,14 শিক্ষায় অধ্যাপক ড. বিকিরণ প্রসাদ বড়ুয়া,"শিক্ষা বিষয়ে অধ্যাপক ড. বিকিরণ প্রসাদ বড়ুয়া, ১৪",33.08542148199922,,1787.0
খরচের বিষয়ে তিনি বলেন আমাদের প্রতিষ্ঠানটিও কিছু ডাক্তারের স্বেচ্ছ্বাশ্রম ও মানুষের দানে চলে,"খরচের বিষয়ে তিনি বলেন, আমাদের প্রতিষ্ঠানও কিছু চিকিৎসকের স্বেচ্ছাশ্রম এবং মানুষের অনুদানে চলে।","ব্যয়ভার প্রসঙ্গে তিনি জানান, কয়েকজন চিকিৎসকের স্বেচ্ছাসেবা এবং সাধারণ মানুষের অনুদানের মাধ্যমে আমাদের প্রতিষ্ঠানটিও পরিচালিত হচ্ছে।",28.914613655999347,,1788.0
দুধ যখন প্রক্রিয়াজাত করা হয় যেমন মিল্ক পাউডার হিসেবে বা কনডেন্সড মিল্ক তখন এটি তার পুষ্টিগুণ হারায়,"যখন দুধ প্রক্রিয়া করা হয়, যেমন দুধের গুঁড়া বা কনডেন্সড মিল্ক, এটি তার পুষ্টির মান হারায়।",মিল্ক পাউডার বা কনডেন্সড মিল্ক তৈরির মতো প্রক্রিয়াজাতকরণের ফলে দুধ তার পুষ্টিগুণ হারিয়ে ফেলে।,39.95465930700084,,1789.0
ধূমপায়ীদের এই রোগে আক্রান্ত হওয়ার আশঙ্কা অধূমপায়ীদের চাইতে প্রায় ৮ গুণ বেশি,অধূমপায়ীদের তুলনায় ধূমপায়ীদের এই রোগ হওয়ার সম্ভাবনা প্রায় 8 গুণ বেশি।,অধূমপায়ীদের তুলনায় ধূমপায়ীদের এই রোগে আক্রান্ত হওয়ার ঝুঁকি প্রায় আটগুণ বেশি।,34.13048052399972,,1790.0
বারবার মিসড অ্যাবরশন হলে এ রকম কারণ চিন্তা করতে হবে,"যদি বারবার মিস গর্ভপাত হয়, এই ধরনের কারণ বিবেচনা করা উচিত।",বারংবার মিসড অ্যাবরশন হলে এই ধরনের কারণগুলো বিবেচনা করা প্রয়োজন।,24.46541238699865,,1791.0
এসব কিছু নির্ভর করে ক্যান্সারের ধরন প্রকৃতি স্থান ও উৎপত্তি এবং বিস্তৃতি ইত্যাদির ওপরে,"এই বিষয়গুলো নির্ভর করে ক্যান্সারের ধরন, প্রকৃতি, অবস্থান এবং উৎপত্তি এবং বিস্তার ইত্যাদির উপর।","ক্যান্সারের প্রকারভেদ, বৈশিষ্ট্য, অবস্থান, উৎপত্তিস্থল এবং বিস্তারের মতো বিষয়গুলোর ওপর এই সমস্ত কিছুর নির্ভরশীলতা রয়েছে।",42.6043613490001,,1792.0
দেশটিতে মৃতের সংখ্যা বেড়ে দাঁড়িয়েছে ১৬০ জনে,দেশটিতে মৃতের সংখ্যা 160 জনে দাঁড়িয়েছে।,ঐ দেশে প্রাণহানির সংখ্যা বৃদ্ধি পেয়ে ১৬০ জনে পৌঁছেছে।,25.647231803999603,,1793.0
 প্রতিদিন অন্তত এক ঘণ্টা ছোটাছুটি করে খেলার জন্য বরাদ্দ করতে হবে,প্রতিদিন দৌড়ানো এবং খেলার জন্য কমপক্ষে এক ঘন্টা বরাদ্দ করা উচিত।,প্রতিদিন কমপক্ষে এক ঘণ্টা সময় দৌড়াদৌড়ি ও খেলাধুলার জন্য নির্দিষ্ট রাখতে হবে।,24.083583776000523,,1794.0
 কিছু দিন আগেই সরকারি চাকরি থেকে অবসর নিয়েছেন,কিছুদিন আগে তিনি সরকারি চাকরি থেকে অবসর নিয়েছেন।,মাত্র কয়েক দিন পূর্বে সরকারি চাকরি থেকে অবসর গ্রহণ করেছেন।,21.539700901999822,,1795.0
অনেক বাবামার ধারণা বাচ্চা যত গোলগাল নাদুসনুদুস সে ততই সুস্বাস্থ্যের অধিকারী,"অনেক বাবা-মা মনে করেন যে শিশুটি যত বেশি নিমজ্জিত হয়, তত স্বাস্থ্যবান হয়।","বহু অভিভাবকের বিশ্বাস, শিশু যত বেশি মোটাসোটা ও পুষ্ট হয়, সে তত বেশি সুস্থ থাকে।",40.57292836200031,,1796.0
অটিজম বৈশিষ্ট্যসম্পন্ন শিশুর বিভিন্ন দক্ষতা উন্নয়নে দক্ষতার প্রয়োগে আমাদের সমাজের সবার ইতিবাচক চিন্তাভাবনা ও দৃষ্টিভঙ্গির প্রয়োজন,অটিজম বৈশিষ্ট্যসম্পন্ন শিশুদের বিভিন্ন দক্ষতা বিকাশে দক্ষতার প্রয়োগে আমাদের সমাজের সকলের ইতিবাচক চিন্তাভাবনা ও দৃষ্টিভঙ্গি প্রয়োজন।,অটিজম লক্ষণসম্পন্ন শিশুদের বিভিন্ন দক্ষতা বিকাশে নিপুণতা কাজে লাগাতে আমাদের সমাজের সকলের ইতিবাচক মনোভাব ও দৃষ্টিভঙ্গি থাকা একান্ত আবশ্যক।,40.69809342400004,,1797.0
অনেকের ধারণা এমন দাঁত কখনো ঠিক করা সম্ভব নয়,"অনেকেই মনে করেন, এ ধরনের দাঁত কখনই ঠিক করা যায় না।",এ ধরনের দাঁত আর কখনো ঠিক করা সম্ভব নয় বলে অনেকের বিশ্বাস।,31.29580833399996,,1798.0
এ রোগ নির্ণয়ের পরীক্ষা হলো স্কিন বায়োপসি,এই রোগের ডায়াগনস্টিক পরীক্ষা হল ত্বকের বায়োপসি।,স্কিন বায়োপসি পরীক্ষার মাধ্যমে এই রোগটি নির্ণয় করা হয়।,31.75083398500101,,1799.0
গ্রামেগঞ্জে প্রচলিত একটা কথা আছে চোখে সুরমা পড়লে এবং চোখে শামুকঝিনুকের পানি লাগালে চোখ ভালো থাকে,গ্রামগঞ্জে একটা কথা আছে চোখে সুরমা লাগিয়ে শামুকের পানি দিলে চোখ ভালো থাকবে।,"পল্লী জনপদে একটি প্রচলিত কথা রয়েছে যে, চোখে সুরমা ও শামুকঝিনুকের পানি দিলে চোখের সুস্থতা বজায় থাকে।",39.54081330200097,,1800.0
ফুসফুস সুস্থ রাখতে ইদানীং চিকিৎসকেরা সবাইকে ফুসফুসের ব্যায়াম করতে পরামর্শ দিচ্ছেন,ইদানিং ফুসফুসকে সুস্থ রাখতে ফুসফুসের ব্যায়াম করার পরামর্শ দিচ্ছেন চিকিৎসকরা।,ফুসফুসের সুস্থতা বজায় রাখার জন্য আজকাল চিকিৎসকরা সকলকে ফুসফুসের ব্যায়াম করার উপদেশ দিচ্ছেন।,37.687589810000645,,1801.0
ব্যাপারটা আসলে সে রকম নয় বরং যত দ্রুত সম্ভব পরীক্ষানিরীক্ষার মাধ্যমে আঘাতের মাত্রা নির্ণয় এবং চিকিৎসার ব্যবস্থা করলে ক্ষতির মাত্রা কমবে,"এটি এমন নয়, তবে যত তাড়াতাড়ি সম্ভব আঘাতের পরিমাণ নির্ণয় এবং চিকিত্সা করা হলে ক্ষতি হ্রাস করা হবে।","প্রকৃতপক্ষে বিষয়টি তেমন নয়, বরং যত তাড়াতাড়ি সম্ভব পরীক্ষা-নিরীক্ষার মাধ্যমে আঘাতের তীব্রতা নির্ধারণ করে চিকিৎসার ব্যবস্থা গ্রহণ করলে ক্ষতির পরিমাণ অনেকটাই কমে যাবে।",35.77476677699997,,1802.0
আর যদি আপনার হেপাটাইটিস থাকে তবে তা কখনোই লুকাবেন না,আর যদি আপনার হেপাটাইটিস থাকে তবে তা কখনোই লুকাবেন না।,"এছাড়াও, আপনি যদি হেপাটাইটিসে আক্রান্ত হন, তাহলে কখনোই তা গোপন রাখবেন না।",30.67214819899891,,1803.0
এ অবস্থাকে Decompensated liver Cirrhosis বা লিভার সিরোসিসের অসহনীয় অবস্থা বলা হয়,এই অবস্থাকে বলা হয় ডিকম্পেনসেটেড লিভার সিরোসিস বা লিভার সিরোসিসের অসহনীয় অবস্থা।,এই অবস্থাকে Decompensated liver Cirrhosis অথবা লিভার সিরোসিসের অত্যন্ত গুরুতর পর্যায় বলা হয়ে থাকে।,31.85851101300068,,1804.0
এ তেলের মধ্যে ফ্যাটি অ্যাসিড থাকে,এই তেলে রয়েছে ফ্যাটি অ্যাসিড।,এই তেলটিতে ফ্যাটি অ্যাসিডের উপস্থিতি রয়েছে।,29.160024164999413,,1805.0
I confesslets make it clear and loud,আমি স্বীকারোক্তি এটা স্পষ্ট এবং জোরে.,"আমি স্বীকার করছি, চলুন বিষয়টি স্পষ্ট ও জোরালোভাবে তুলে ধরি।",30.88665193000088,,1806.0
 ফাস্ট ফুড ভেজাল খাবার বর্জন করতে হবে,ফাস্ট ফুডে ভেজাল থাকলে এড়িয়ে চলতে হবে।,ফাস্ট ফুড এবং ভেজালযুক্ত খাবার পরিহার করা আবশ্যক।,30.362850207999145,,1807.0
কারণ এতে থাকা ভিটামিন সি এবং সাইট্রিক অ্যাসিড মাড়ি থেকে রক্ত পড়া ইনফেকশনসহ বিভিন্ন রোগের প্রকোপ কমাতে সাহায্য করে,কারণ এতে থাকা ভিটামিন সি এবং সাইট্রিক অ্যাসিড মাড়ি থেকে রক্ত ​​পড়াসহ বিভিন্ন রোগের প্রকোপ কমাতে সাহায্য করে।,কারণ এতে বিদ্যমান ভিটামিন সি ও সাইট্রিক অ্যাসিড মাড়ির রক্তক্ষরণ এবং সংক্রমণসহ নানা রোগের তীব্রতা কমাতে সহায়ক ভূমিকা রাখে।,30.130642476000503,,1808.0
ভিটামিন ডিও একইভাবে কার্যকর বলে প্রমাণিত,ভিটামিন ডিও একইভাবে কার্যকর দেখানো হয়েছে।,"ভিটামিন ডি যে সমান কার্যকর, তা প্রমাণিত হয়েছে।",24.59087332799936,,1809.0
ক্যান্সার কোষগুলো জমা হয়ে একটি টিউমার গঠন করতে পারে,ক্যান্সার কোষগুলি জমা হতে পারে এবং একটি টিউমার তৈরি করতে পারে।,ক্যান্সার কোষগুলি একত্রিত হয়ে একটি টিউমার তৈরি করতে সক্ষম।,29.465591681999285,,1810.0
স্বাস্থ্যকর এবং পুষ্টিকর খাবার বলতে মূলত ঘরের খাবার দেশিয় খাবার ও সুষম খাবারকে বোঝায়,স্বাস্থ্যকর ও পুষ্টিকর খাবার বলতে মূলত ঘরে রান্না করা স্থানীয় খাবার এবং সুষম খাবার বোঝায়।,"মূলত ঘরোয়া, দেশীয় ও সুষম খাদ্যকেই স্বাস্থ্যসম্মত এবং পুষ্টিকর খাবার হিসেবে বিবেচনা করা হয়।",31.009058039999218,,1811.0
তাহলে আজ জেনে নিন পূজার জন্য বিশেষ একটি পদ অষ্টমঙ্গলা ঝোল,আজ জেনে নিন পূজার বিশেষ খাবার অষ্টমঙ্গলা ঝোল সম্পর্কে।,"সুতরাং আজই জেনে নিন পূজার আয়োজনে রাখার মতো এক অসাধারণ ব্যঞ্জন, অষ্টমঙ্গলা ঝোল।",34.875055197999245,,1812.0
চূড়ান্ত বিষয় বাচ্চা পেটের মধ্যে মারা যেতে পারে,"অবশেষে, গর্ভে শিশুর মৃত্যু হতে পারে।","সবচেয়ে আশঙ্কার বিষয় হলো, গর্ভস্থ সন্তানটি মারা যেতে পারে।",28.49294474499948,,1813.0
কর্পোরেট প্রোগ্রাম বা যেকোন সাংস্কৃতিক অনুষ্ঠান সব ধরনের আয়োজনেই রঙ বাংলাদেশ এর পোশাক ক্রেতাকে করবে আকর্ষণীয়,কর্পোরেট অনুষ্ঠান বা যেকোনো সাংস্কৃতিক অনুষ্ঠান সব ধরনের অনুষ্ঠানেই রঙ বাংলাদেশের পোশাক ক্রেতাকে আকর্ষণীয় করে তুলবে,রঙ বাংলাদেশের পোশাক কর্পোরেট বা সাংস্কৃতিক যেকোনো আয়োজনে ক্রেতাকে সবার নজরে আকর্ষণীয় করে তুলবে।,35.60639160500068,,1814.0
৩ শরীরে প্রয়োজনীয় কোনো লবণের পরিমাণ কমে যাওয়া বা কিছু কিছু ওষুধের পার্শ্বপ্রতিক্রিয়া হিসেবেও হতে পারে,এটি শরীরের প্রয়োজনীয় লবণের পরিমাণ হ্রাস বা কিছু ওষুধের পার্শ্ব প্রতিক্রিয়া হিসাবেও হতে পারে,৩ শরীরে অপরিহার্য লবণের ঘাটতি অথবা কোনো কোনো ঔষধের পার্শ্বপ্রতিক্রিয়ার ফলেও এটি ঘটতে পারে।,28.09745313500025,,1815.0
সবার একটি কথা মনে রাখতে হবে ঠোঁটের নিচে কোনো ঘর্মগ্রন্থি বা সোয়েট গ্ল্যান্ড থাকে না,একটা কথা সবার মনে রাখা উচিত যে ঠোঁটের নিচে কোনো ঘাম গ্রন্থি বা ঘাম গ্রন্থি নেই।,"সকলেরই একটি বিষয় স্মরণ রাখা উচিত যে, ঠোঁটের নিচে কোনো ঘর্মগ্রন্থি বা সোয়েট গ্ল্যান্ডের অস্তিত্ব নেই।",27.39476673699937,,1816.0
গবেষণায় দেখা গেছে পুরুষের তুলনায় নারীর এ রোগে আক্রান্ত হওয়ার প্রবণতা তিন গুণ,"গবেষণায় দেখা গেছে, পুরুষদের তুলনায় নারীদের এই রোগে আক্রান্ত হওয়ার সম্ভাবনা তিনগুণ বেশি।","গবেষণায় প্রমাণিত হয়েছে যে, এই রোগে পুরুষদের তুলনায় নারীদের আক্রান্ত হওয়ার সম্ভাবনা তিনগুণ বেশি।",27.705203886998788,,1817.0
ফ্লুএর লক্ষণগুলো সচরাচর ঠান্ডা বা কমন কোল্ডের লক্ষণ থেকে খারাপ থাকে,ফ্লু উপসর্গ সাধারণত ঠান্ডা বা সাধারণ ঠান্ডা উপসর্গের চেয়ে খারাপ হয়।,সাধারণ ঠান্ডা বা কমন কোল্ডের তুলনায় ফ্লু-এর উপসর্গগুলো সাধারণত অনেক বেশি তীব্র হয়ে থাকে।,17.158462104000137,,1818.0
ইনসুলিন যাঁরা ব্যবহার করেন তাঁরা সকালের ডোজ দেবেন ইফতারের সময় এবং রাতের ডোজ রাতের সময় না দিয়ে সেই ডোজের অর্ধেক বা তিন ভাগের একভাগ দেবেন সাহ্রির সময়,"যারা ইনসুলিন ব্যবহার করেন তাদের উচিত সকালের ডোজ ইফতারের সময় এবং সন্ধ্যার ডোজ রাতে না দিয়ে সাহুরে দেওয়া, তবে সেই ডোজটির অর্ধেক বা এক তৃতীয়াংশ।","যারা ইনসুলিন ব্যবহার করেন, তাদের উচিত সকালের ডোজটি ইফতারের সময় এবং রাতের ডোজটি রাতে না নিয়ে তার অর্ধেক অথবা এক-তৃতীয়াংশ সাহ্রির সময় নেওয়া।",37.491628505000335,,1819.0
বলা হয় এটি অ্যান্টিঅক্সিডেন্টে ঠাসা,বলা হয় এটি অ্যান্টিঅক্সিডেন্টে ভরপুর।,এটি অ্যান্টিঅক্সিডেন্টে পরিপূর্ণ বলে উল্লেখ করা হয়।,1.458563692000098,,
অনেক সময় শ্রেণিকক্ষে শিক্ষকবৃন্দ জোরে চিৎকার করে কথা বলে মনের অজান্তে ক্ষতি করে থাকেন রাজনৈতিক নেতৃবৃন্দ জনসভায় মায়েরা বাচ্চাদের সঙ্গে ফেরিওয়ালা হকারসহ বিভিন্ন কণ্ঠ নিভর্রশীল পেশাজীবীরা,অনেক সময় শিক্ষকরা শ্রেণীকক্ষে উচ্চস্বরে চিৎকার করে মনের অজান্তে আঘাত করে। জনসভায় রাজনৈতিক নেতারা; বাচ্চাদের সাথে মায়েরা;,"রাজনৈতিক নেতারা জনসভায়, শিক্ষকেরা শ্রেণিকক্ষে প্রায়শই উচ্চস্বরে কথা বলে অজান্তেই ক্ষতি করেন; একইভাবে মায়েরা সন্তানদের সাথে এবং ফেরিওয়ালা বা অন্যান্য কণ্ঠনির্ভর পেশাজীবীরাও এমন আচরণ করে থাকেন।",2.4280972979995568,,
হজম ক্ষমতার উন্নতি ঘটে তামায় মজুত উপাদানগুলো পাকস্থলীর ক্ষতিকারক ব্যাকটেরিয়া মেরে ফেলে,হজমশক্তির উন্নতি ঘটায়: তামার উপাদান পাকস্থলীর ক্ষতিকর ব্যাকটেরিয়া মেরে ফেলে।,পাকস্থলীর ক্ষতিকারক ব্যাকটেরিয়া ধ্বংস করে তামায় থাকা উপাদানগুলো হজমশক্তি বৃদ্ধিতে সহায়তা করে।,1.7679910059996473,,
শরীরের বাড়তি ওজন কমাতে সঠিক সময়ে শরীরচর্চার বিকল্প নেই,শরীরের অতিরিক্ত ওজন কমাতে সঠিক সময়ে ব্যায়ামের বিকল্প নেই।,শরীরের অতিরিক্ত ওজন কমানোর জন্য উপযুক্ত সময়ে ব্যায়ামের কোনো বিকল্প নেই।,1.6087683019995893,,
অনেক সময় অন্যান্য শারীরিক অসুখ যেমন থাইরয়েড গ্রন্থির সমস্যা বিষণ্ণতা রোগ অতিরিক্ত মদ্যপান ইত্যাদি কিংবা ওষুধ সেবনের পার্শ্বপ্রতিক্রিয়া হিসাবেও এ রকম হতে পারে,"কখনও কখনও এটি অন্যান্য শারীরিক অসুস্থতার কারণে হতে পারে যেমন থাইরয়েড সমস্যা, বিষণ্নতা, অতিরিক্ত অ্যালকোহল সেবন বা ওষুধের পার্শ্ব প্রতিক্রিয়া হিসাবে।","প্রায়শই থাইরয়েডের সমস্যা, বিষণ্ণতা, অতিরিক্ত মদ্যপান বা ওষুধের পার্শ্বপ্রতিক্রিয়ার মতো বিভিন্ন শারীরিক অসুস্থতার কারণেও এমন পরিস্থিতির সৃষ্টি হতে পারে।",1.7640352319995145,,
তাই এ সময়ে কোভিড টীকা দিয়ে প্রতিটি মাকে কোভিড বিরোধী  বর্ম পড়িয়ে  রেখে মায়ের চারপাশে সুরক্ষা দেয়াল তৈরী করে দিতে হবে,"তাই এই সময়ে, কোভিড ভ্যাকসিন সহ প্রতিটি মায়ের উচিত অ্যান্টি-কোভিড বর্ম পরিধান করা এবং মায়ের চারপাশে একটি সুরক্ষা প্রাচীর তৈরি করা।","অতএব, এই সময়ে প্রতিটি মাকে কোভিড টিকা প্রদান করে তাদেরকে ভাইরাসের বিরুদ্ধে সুরক্ষিত রাখতে হবে এবং তাদের চারপাশে একটি নিরাপত্তা বলয় গড়ে তুলতে হবে।",1.7229359880002448,,
বিশ্বস্বাস্থ্য সংস্থার মতে ৬০ ডেসিবেলের অধিক শব্দ যদি দীর্ঘসময় ধরে থাকে তাহলে সাময়িক বধিরতা আর ১০০ ডেসিবেলের বেশি হলে স্থায়ী বধিরতা Permament Deafness হতে পারে,"বিশ্ব স্বাস্থ্য সংস্থার মতে, দীর্ঘ সময় ধরে 60 ডেসিবেলের বেশি শব্দ থাকলে তা সাময়িক বধিরতা হতে পারে এবং 100 ডেসিবেলের বেশি হলে তা স্থায়ী বধিরতা হতে পারে।","বিশ্ব স্বাস্থ্য সংস্থার তথ্য অনুযায়ী, ৬০ ডেসিবেলের বেশি শব্দ দীর্ঘক্ষণ শ্রবণ করলে সাময়িক বধিরতা এবং ১০০ ডেসিবেলের ঊর্ধ্বে শব্দ হলে স্থায়ী বধিরতা হওয়ার ঝুঁকি থাকে।",1.9996842009986722,,
এ উপসর্গগুলো সন্তান জন্মদানের দিন থেকে শুরু করে এমনকি তিন মাস পরও হতে পারে,এই লক্ষণগুলি প্রসবের দিন থেকে শুরু হতে পারে এমনকি তিন মাস পরেও।,সন্তান প্রসবের দিন থেকে শুরু করে পরবর্তী তিন মাস পর্যন্ত এই লক্ষণগুলো দেখা দিতে পারে।,1.4543239199992968,,
মানবদেহে আয়োডিন খুবই অল্প পরিমাণে প্রয়োজন হলেও এর গুরুত্ব কিন্তু কোনো অংশে কম নয়,মানবদেহে আয়োডিন খুব অল্প পরিমাণে প্রয়োজন হলেও এর গুরুত্ব কোনো অংশেই কম নয়।,মানবদেহে আয়োডিনের চাহিদা অত্যন্ত সামান্য হলেও এর গুরুত্ব মোটেও কম নয়।,1.9564552680003544,,
 ওষুধ  যদিও কিছু কিছু ক্ষেত্রে ওষুধগুলো টিনিটাস সম্পূর্ণরূপে নিরাময় করতে পারে না তবে তারা টিনিটাসের সঙ্গে সম্পর্কিত উপসর্গগুলো উপশম করতে পারে রক্ত সঞ্চালন বাড়াতে সহায়তা করে,"ওষুধ যদিও ওষুধগুলি কিছু ক্ষেত্রে সম্পূর্ণরূপে টিনিটাস নিরাময় করতে পারে, তবে তারা রক্ত ​​সঞ্চালন বাড়াতে সাহায্য করে টিনিটাসের সাথে সম্পর্কিত উপসর্গগুলি উপশম করতে পারে।","যদিও কিছু ক্ষেত্রে ওষুধ টিনিটাসকে পুরোপুরি সারাতে পারে না, তবুও এগুলো টিনিটাসজনিত উপসর্গগুলো কমাতে এবং রক্ত সঞ্চালন বৃদ্ধিতে সহায়তা করে।",1.7255178060004255,,
" বিশেষ করে লাল মাংস, খাসির মাংস, গরুর মাংস এগুলো এড়িয়ে যেতে হবে","বিশেষ করে লাল মাংস, গরুর মাংস এড়িয়ে চলতে হবে।","বিশেষত লাল মাংস, যেমন খাসি ও গরুর মাংস, পরিহার করা উচিত।",1.194412322000062,,
এটি একটি ভয়ঙ্কর ও অস্বস্তিকর পরিস্থিতি,এটি একটি ভীতিকর এবং অস্বস্তিকর পরিস্থিতি।,এটা এক ভয়াবহ এবং অস্বস্তিদায়ক অবস্থা।,1.3627558230000432,,
 কিছু কিছু বিষয়ে সচেতন হয়ে হাঁপানি থেকে পরিত্রাণ সম্ভব,কিছু বিষয়ে সচেতন থাকলে হাঁপানি থেকে মুক্তি পাওয়া সম্ভব।,কিছু বিষয়ে সতর্কতা অবলম্বন করলে হাঁপানি থেকে মুক্তি পাওয়া সম্ভব।,1.0212701830005244,,
হাতুড়ে ডাক্তার দিয়ে কান পরিষ্কার না করানো,হাতুড়ি ডাক্তার দিয়ে কান পরিষ্কার করবেন না।,অদক্ষ চিকিৎসকের মাধ্যমে কান পরিষ্কার না করানো উচিত।,1.330025604000184,,
সকল জনগণকে তাদের শরীরের তাপমাত্রা ও অন্যান্য শারীরিক অবস্থা পরীক্ষা করে অনলাইনে জানানোকে বাধ্যতামূলক করেছে,এটি সমস্ত মানুষের জন্য তাদের শরীরের তাপমাত্রা এবং অন্যান্য শারীরিক অবস্থার অনলাইনে রিপোর্ট করা বাধ্যতামূলক করেছে৷,সবাইকে বাধ্য করা হয়েছে যে তারা তাদের শরীরের তাপমাত্রা এবং অন্যান্য শারীরিক অবস্থা পরীক্ষা করে তা অনলাইনের মাধ্যমে জানাবে।,1.477798197998709,,
হরমোনজনিত মেরুদণ্ডের বক্রতার পরিবর্তন শারীরিক স্থূলতা নার্ভের ওপর অতিরিক্ত চাপ পর্যাপ্ত ঘুমের অভাব অপর্যাপ্ত পুষ্টি মানসিক অশান্তি,"মেরুদণ্ডের বক্রতার হরমোনের পরিবর্তন, শারীরিক স্থূলতা, স্নায়ুর উপর অতিরিক্ত চাপ, পর্যাপ্ত ঘুমের অভাব, অপর্যাপ্ত পুষ্টি, মানসিক অশান্তি","হরমোনজনিত মেরুদণ্ডের বাঁক, শারীরিক স্থূলতা, স্নায়ুর ওপর অতিরিক্ত চাপ, পর্যাপ্ত ঘুমের অভাব, পুষ্টির ঘাটতি এবং মানসিক অস্থিরতা।",1.6069025879987748,,
তখন মহিলা নিজেও জানতেন না তিনি করোনাভাইরাস আক্রান্ত এমন কি তার দেহে করোনাভাইরাস সংক্রমণের কোনও লক্ষণই ছিল না,"ওই সময় ওই নারী নিজেও জানতেন না যে তিনি করোনাভাইরাসে আক্রান্ত হয়েছেন, তার শরীরে সংক্রমণের কোনো উপসর্গও ছিল না।","সে সময় ওই নারী নিজেই অজান্তে ছিলেন যে তিনি করোনাভাইরাসে আক্রান্ত, বস্তুত তাঁর শরীরে এই ভাইরাস সংক্রমণের কোনো উপসর্গই প্রকাশ পায়নি।",2.081999474999975,,
 শহীদ মিনার প্রাঙ্গণে সকাল সাড়ে ১০টায় আমাদের কর্মসূচি শুরু হবে,সকাল সাড়ে ১০টায় শহীদ মিনার প্রাঙ্গণে শুরু হবে আমাদের কর্মসূচি।,শহীদ মিনার প্রাঙ্গণে সকাল ১০টা ৩০ মিনিটে আমাদের কর্মসূচি শুরু হবে।,1.2916181580003467,,
একদিনের খাদ্যের কারণে বহুদিনের অস্বাস্থ্যকর অবস্থায় নিপতিত হওয়া থেকে বিরত থাকুন,একদিনের খাবারের কারণে অনেক দিন অস্বাস্থ্যকর পরিস্থিতিতে পড়া এড়িয়ে চলুন।,এক দিনের খাবারের লোভে বহু দিনের অসুস্থতা ডেকে আনবেন না।,1.5338863849992777,,
নভেল করোনাভাইরাস একটি মারাত্মক ছোঁয়াচে ও দ্রুত বিস্তারে সক্ষম,নভেল করোনাভাইরাস অত্যন্ত সংক্রামক এবং দ্রুত ছড়িয়ে পড়তে সক্ষম।,নভেল করোনাভাইরাস অত্যন্ত সংক্রামক এবং এটি দ্রুত ছড়িয়ে পড়তে সক্ষম।,1.544968374999371,,
 এটি নির্দিষ্ট করা যেতে পারে এবং সবার জন্য স্বাস্থ্যসেবা নিশ্চিত করা যেতে পারে,এটি নির্দিষ্ট করা যেতে পারে এবং সকলের জন্য স্বাস্থ্যসেবা প্রদান করা যেতে পারে।,এটা সুনির্দিষ্ট করা সম্ভব এবং সকলের জন্য স্বাস্থ্যসেবার ব্যবস্থা নিশ্চিত করা যায়।,1.525367902000653,,
এর লক্ষণসমূহের মধ্যে রয়েছেপেটে ব্যথা খাবার পর অস্বস্তিবোধ পেট ফেঁপে যাওয়া মলত্যাগে সমস্যা ডায়রিয়া অথবা কোষ্ঠকাঠিন্যসহ আরও কিছু সাধারণ লক্ষণ থাকতে পারে,"লক্ষণগুলির মধ্যে রয়েছে পেটে ব্যথা, খাওয়ার পরে অস্বস্তি, ফোলাভাব, মল যেতে অসুবিধা এবং ডায়রিয়া বা কোষ্ঠকাঠিন্য সহ অন্যান্য সাধারণ লক্ষণ।","এর সাধারণ লক্ষণগুলোর মধ্যে পেটে ব্যথা, খাওয়ার পর অস্বস্তি, পেট ফাঁপা এবং মলত্যাগে সমস্যা যেমন ডায়রিয়া বা কোষ্ঠকাঠিন্য উল্লেখযোগ্য।",1.629830330999539,,
 নির্মাণাধীন ভবনের প্রজননস্থল ধ্বংস করে ৪০ শতাংশ পর্যন্ত রোগের প্রাদুর্ভাব কমানো সম্ভব,নির্মাণাধীন ভবনে প্রজনন ক্ষেত্র ধ্বংস করে রোগের প্রাদুর্ভাব ৪০ শতাংশ পর্যন্ত কমানো যেতে পারে।,নির্মাণাধীন ভবনে মশার প্রজননস্থল ধ্বংস করলে রোগের প্রাদুর্ভাব ৪০ শতাংশ পর্যন্ত কমানো যেতে পারে।,1.6014304970012745,,
"বিছানা রাখতে পারেন ফ্রিজে: বন্ধ ব্যাগে বিছানার চাদর, বালিশের কভার ভরে তা রেফ্রিজারেটরে রেখে দেওয়া যেতে পারে",বিছানার চাদর এবং বালিশের কভার ফ্রিজে বদ্ধ ব্যাগে রাখা যেতে পারে।,ফ্রিজে বিছানার জিনিসপত্র সংরক্ষণ করা সম্ভব; বিছানার চাদর এবং বালিশের কভার একটি বন্ধ ব্যাগে ভরে রেফ্রিজারেটরে রাখা যেতে পারে।,1.7545070220003254,,
অস্ত্রোপচার দ্রুত করে ফেললে আপনার সময় শুধু নষ্ট হবে না,দ্রুত অস্ত্রোপচার করা আপনার সময় নষ্ট করবে না।,দ্রুত অস্ত্রোপচার করালে আপনার সময় কেবল নষ্ট হবে না।,1.168407560999185,,
সভ্য ও উন্নয়ন দেশে অপারেটিং মাইক্রোস্কোপ এবং বিভিন্ন এন্ডোস্কোপ ছাড়া কোনো নাককানগলা এর ক্লিনিক চিন্তাই করা যায় না,"সভ্য এবং উন্নয়নশীল দেশগুলিতে, অপারেটিং মাইক্রোস্কোপ এবং বিভিন্ন এন্ডোস্কোপ ছাড়া কোনও ইএনটি ক্লিনিক কল্পনা করা যায় না।",উন্নত ও সভ্য দেশগুলোতে নাক-কান-গলা ক্লিনিক পরিচালনার ক্ষেত্রে অপারেটিং মাইক্রোস্কোপ এবং বিভিন্ন ধরনের এন্ডোস্কোপ অপরিহার্য।,1.6234379100005754,,
আয়োডিনের ঘাটতি হলে থাইরয়েড গ্রন্থির কার্যক্ষমতা কমে যায়,আয়োডিনের অভাব থাইরয়েডের কার্যকারিতা হ্রাস করে।,শরীরে আয়োডিনের অভাব দেখা দিলে থাইরয়েড গ্রন্থির কাজ করার ক্ষমতা হ্রাস পায়।,1.312594117000117,,
আবহাওয়া পরিবর্তনের এ সময়ে ঠাণ্ডা জ্বর বা কাশি হতেই পারে,আবহাওয়া পরিবর্তনের সময় সর্দি-জ্বর বা কাশি হতে পারে।,"আবহাওয়া পরিবর্তনের এই সময়ে ঠাণ্ডা, জ্বর কিংবা কাশি হওয়া স্বাভাবিক।",1.2502625630004331,,
নাগেশ্বরী উপজেলা স্বাস্থ্য পরিবার ও পরিকল্পনা কর্মকর্তা ডা আবু বক্কর সিদ্দিক জানান রোববার ভোরে নাগেশ্বরী উপজেলার সন্তোষপুর ইউনিয়নের কুটি নাওডাঙ্গা গ্রামের ওই ৬ মাসের শিশু করোনা উপসর্গ নিয়ে মারা যায়,"নাগেশ্বরী উপজেলা স্বাস্থ্য পরিবার ও পরিকল্পনা কর্মকর্তা ডাঃ আবু বক্কর সিদ্দিক জানান, নাগেশ্বরী উপজেলার সন্তোষপুর ইউনিয়নের কুটি নওডাঙ্গা গ্রামের ৬ মাস বয়সী শিশুটি রোববার সকালে করোনা উপসর্গ নিয়ে মারা যায়।","নাগেশ্বরী উপজেলার স্বাস্থ্য ও পরিবার পরিকল্পনা কর্মকর্তা ডা. আবু বক্কর সিদ্দিক জানান যে, রোববার ভোরে নাগেশ্বরী উপজেলার সন্তোষপুর ইউনিয়নের কুটি নাওডাঙ্গা গ্রামের ছয় মাস বয়সী একটি শিশু করোনা উপসর্গে মৃত্যুবরণ করেছে।",1.9248984049991122,,
সবুজ শাকসব্জি উপকারি ব্যাক্টেরিয়ার সংখ্যা বৃদ্ধি করে এবং খারাপ ব্যাক্টেরিয়ার পরিমাণ কমায়,সবুজ শাকসবজি উপকারী ব্যাকটেরিয়ার সংখ্যা বাড়ায় এবং খারাপ ব্যাকটেরিয়ার পরিমাণ কমায়।,সবুজ শাকসবজি উপকারী ব্যাকটেরিয়ার সংখ্যা বাড়ায় এবং ক্ষতিকারক ব্যাকটেরিয়ার মাত্রা কমিয়ে দেয়।,1.394906292000087,,
অনেকে হাঁটাচলার সময় প্রায়ই ব্যথা অনুভব করেন,হাঁটার সময় অনেকেই ব্যথা অনুভব করেন।,হাঁটার সময় অনেকেরই প্রায়শই ব্যথা হয়।,1.2315019559991924,,
 যা বুকের কফ দূর করতে সহায়তা করে,এটি বুকের কফ পরিষ্কার করতে সাহায্য করে।,যা বুকের কফ সরাতে সাহায্য করে,1.1943888419991708,,
রাতে শোয়ার আগে চা বা কফি পান করবেন না,রাতে ঘুমানোর আগে চা বা কফি পান করবেন না।,রাত্রে ঘুমানোর পূর্বে চা কিংবা কফি পান করা উচিত নয়।,1.3649380789993302,,
বিশেষ করে বিস্তীর্ণ নদীর অববাহিকায় বসবাসরত জনগোষ্ঠীর মধ্যে এ সমস্যা প্রকট কারণ প্রায় প্রতি বছর বন্যার সময় এসব এলাকার ফসল উৎপাদনকারী জমিজমা পানিতে তলিয়ে যায়,বৃহৎ নদী অববাহিকায় বসবাসকারী সম্প্রদায়ের মধ্যে সমস্যাটি বিশেষত তীব্র কারণ এই অঞ্চলের ফসল উৎপাদনকারী জমিগুলি প্রায় প্রতি বছর বন্যার সময় ডুবে যায়।,"বিশেষত প্রশস্ত নদী অববাহিকার অধিবাসীদের ক্ষেত্রে এই সমস্যাটি অত্যন্ত গুরুতর, কেননা বার্ষিক বন্যার সময় ওই সব এলাকার কৃষিজমি পানিতে নিমজ্জিত হয়ে ফসল উৎপাদন ব্যাহত হয়।",2.25678936300028,,
অনেকে এ সমস্যায় আক্রান্ত ব্যক্তি ভান করেছে বলা হয়,অনেকে এই সমস্যায় ভুগছেন বলে জানা গেছে।,"শোনা যায়, অনেকেই এই সমস্যায় আক্রান্ত হওয়ার ভান করেছেন।",1.291349117000209,,
নাস্তা খাওয়া উচিত সকাল ৮টা থেকে ৯টার মধ্যে,সকালের নাস্তা 8 থেকে 9 টার মধ্যে নিতে হবে।,সকাল ৮টা থেকে ৯টার মধ্যে নাস্তা করা উচিত।,1.294232923999516,,
 যান্ত্রিক জীবনে অলসভাবে সবার সময় কাটে,যান্ত্রিক জীবনে সবাই অলস সময় কাটায়।,যান্ত্রিক জীবনযাপনে সকলের সময় অলসভাবে অতিবাহিত হয়।,1.447673439999562,,
৩ চোখের ধমনির হঠাৎ রক্ত সঞ্চালন বন্ধ হওয়া,3 চোখের ধমনীতে হঠাৎ রক্ত ​​চলাচল বন্ধ হয়ে যাওয়া,চোখের ধমনীতে হঠাৎ রক্ত প্রবাহ বন্ধ হয়ে যাওয়া,1.283850978999908,,
ফ্যাটি লিভার প্রতিরোধ বিষয়ে আলোকপাত করে একই বিভাগের বিশেষজ্ঞ অধ্যাপক গোলাম মোস্তফা বলেন জীবনাচরণ পরিবর্তনের পাশাপাশি ৭ থেকে ১০ শতাংশ ওজন হ্রাস হচ্ছে ফ্যাটি লিভার প্রতিরোধের মূলমন্ত্র,"একই বিভাগের বিশেষজ্ঞ অধ্যাপক গোলাম মোস্তফা ফ্যাটি লিভার প্রতিরোধের বিষয়ে আলোকপাত করে বলেন, লাইফস্টাইল পরিবর্তনের পাশাপাশি ফ্যাটি লিভার প্রতিরোধে ৭ থেকে ১০ শতাংশ ওজন কমানোর চাবিকাঠি।","একই বিভাগের বিশেষজ্ঞ অধ্যাপক গোলাম মোস্তফা ফ্যাটি লিভার প্রতিরোধের বিষয়ে আলোচনা করে জানান যে, জীবনযাত্রার পরিবর্তনের সাথে সাথে ৭ থেকে ১০ শতাংশ ওজন কমানোই হলো এই রোগ প্রতিরোধের মূল চাবিকাঠি।",2.0220093860007182,,
 গরমে আপনার জন্য একটি আরামদায়ক প্রাকৃতিক পানীয় হতে পারে জিরাপানি,জিরাপানি গ্রীষ্মে আপনার জন্য একটি আরামদায়ক প্রাকৃতিক পানীয় হতে পারে।,গ্রীষ্মের তীব্র গরমে জিরাপানি আপনার জন্য একটি প্রশান্তিদায়ক ও প্রাকৃতিক পানীয় হিসেবে কাজ করতে পারে।,1.6330422170012753,,
আর বিভিন্ন খাবারের মাধ্যমে এই যোগটি শরীরে উৎপাদিত হয়,আর এই যোগ শরীরে তৈরি হয় বিভিন্ন খাবারের মাধ্যমে।,বিভিন্ন ধরনের খাবার গ্রহণের মাধ্যমে শরীরে এই যৌগটি তৈরি হয়।,1.9580623989986634,,
এ পরিস্থিতে অনেকেই দ্বারস্থ হচ্ছেন এসির দোকানে,এ অবস্থায় অনেকেই এসির দোকানের দিকে ঝুঁকছেন।,এমন অবস্থায় অনেক মানুষ এসির দোকানে সাহায্যের জন্য যাচ্ছেন।,1.7681046329998935,,
তারপরও কোনো রকম অসুবিধা হলে রক্তদান কেন্দ্রে যোগাযোগ করুন এবং সংশ্লিষ্ট চিকিৎসকের পরামর্শ নিন,কোনো সমস্যা হলে রক্তদান কেন্দ্রে যোগাযোগ করে সংশ্লিষ্ট চিকিৎসকের পরামর্শ নিন।,"তবুও যদি কোনো সমস্যা দেখা দেয়, তবে রক্তদান কেন্দ্রের সাথে যোগাযোগ করুন এবং সংশ্লিষ্ট চিকিৎসকের পরামর্শ গ্রহণ করুন।",1.432869711999956,,
দৈনিক খাদ্যতালিকায় চিনাবাদাম কাজুবাদাম কাঠবাদাম পেস্তাবাদাম ও ওয়ালনাটের মতো বাদামজাতীয় খাবার রাখা যেতে পারে,"চিনাবাদাম, কাজু, পেস্তা এবং আখরোটের মতো বাদাম প্রতিদিনের খাদ্যতালিকায় অন্তর্ভুক্ত করা যেতে পারে।","প্রতিদিনের খাদ্যতালিকায় চিনাবাদাম, কাজুবাদাম, কাঠবাদাম, পেস্তাবাদাম এবং ওয়ালনাটের মতো বিভিন্ন ধরনের বাদাম অন্তর্ভুক্ত করা যেতে পারে।",1.7427469159993052,,
গলা ব্যথা থেকে আপনাকে মুক্তি দিতে পারে আদা,আদা গলা ব্যথা উপশম করতে পারে।,আদা গলা ব্যথা থেকে আপনাকে মুক্তি দিতে সক্ষম।,1.1602550509996945,,
" ঐক্য, ঐক্য চিকিৎসকদের ঐক্য’ স্লোগান দিচ্ছেন","ঐক্য, ঐক্য চিকিৎসক ঐক্য স্লোগান","‘ঐক্য, ঐক্য চিকিৎসকদের ঐক্য’ এই স্লোগানটি উচ্চারণ করছেন।",1.4396332849992177,,
এদিকে শিক্ষাপ্রতিষ্ঠানগুলো বন্ধ করে দেয়া হয়েছে এবং শিক্ষার্থীরা যাতে পিছিয়ে না পড়ে সেজন্য অনলাইনে শিক্ষার্থীদের ক্লাসের ব্যবস্থা করা হয়েছে,এদিকে শিক্ষার্থীরা যাতে পিছিয়ে না পড়ে সেজন্য শিক্ষা প্রতিষ্ঠান বন্ধ করে অনলাইন ক্লাসের ব্যবস্থা করা হয়েছে।,শিক্ষাপ্রতিষ্ঠানগুলো বন্ধ থাকায় শিক্ষার্থীদের পিছিয়ে পড়া রোধে অনলাইনে ক্লাসের আয়োজন করা হয়েছে।,1.403181098999994,,
এ ধরনের রোগীদের অতিরিক্ত মিষ্টি জাতীয় বা চিনিযুক্ত খাবার গ্রহণ না করাই শ্রেয়,এই ধরনের রোগীদের অতিরিক্ত মিষ্টি বা চিনিযুক্ত খাবার খাওয়া উচিত নয়।,এই ধরনের রোগীদের জন্য অতিরিক্ত মিষ্টি বা চিনিযুক্ত খাবার এড়িয়ে চলাই উত্তম।,1.242035979999855,,
আমাদেরকে দ্রুততার সঙ্গে কার্যকারী সিদ্ধান্ত নিতে হবে,আমাদের দ্রুত কার্যকরী সিদ্ধান্ত নিতে হবে।,আমাদের দ্রুত কার্যকরী সিদ্ধান্ত গ্রহণ করা আবশ্যক।,1.3281014080002933,,
পদ্ধতি    আরও পড়ুন                                                                                           প্রতিদিনের জগিংয়ে দূরে থাকবে যেসব শারীরিক সমস্যা                                        প্রথমে কাঁচা আম ছোট ছোট করে কেটে নিন,পদ্ধতিটি সম্পর্কে আরও পড়ুন: প্রতিদিন জগিং করলে যে শারীরিক সমস্যাগুলো এড়ানো যাবে: প্রথমে কাঁচা আম ছোট ছোট করে কেটে নিন।,প্রথমে কাঁচা আমগুলো ছোট ছোট টুকরো করে কেটে নিন।,1.3144760559989663,,
ঠান্ডা বা ফ্লু রোগের উপসর্গ গা ব্যথা মাথাব্যথা ঠান্ডা লাগা নাক ও চোখ দিয়ে পানি পড়া এবং গলাব্যথা কমে যাওয়ার পর শুকনো কাশি দেখা দেয় যা অত্যন্ত বেশি এবং বিরক্তিকর শত চেষ্টা করেও কাশি বন্ধ করা যায় না,"সর্দি বা ফ্লুর লক্ষণগুলির মধ্যে রয়েছে গলা ব্যথা, মাথাব্যথা, ঠাণ্ডা লাগা, নাক ও চোখ এবং একটি গলা ব্যথা যা কমে যায় এবং তারপরে একটি শুকনো কাশি যা অত্যধিক এবং বিরক্তিকর এবং বারবার চেষ্টা করেও থামানো যায় না।","সর্দি বা ফ্লু-এর প্রাথমিক উপসর্গ যেমন গা ব্যথা, মাথাব্যথা, ঠান্ডা লাগা, নাক ও চোখ থেকে পানি পড়া এবং গলাব্যথা কমে আসার পর তীব্র ও বিরক্তিকর শুকনো কাশি শুরু হয়, যা কোনোমতেই থামানো যায় না।",2.181581314000141,,
" ডাক্তাররা মনে করেন, তার জন্য গর্ভবতী মাকে অন্তত তিনবার স্বাস্থ্যকেন্দ্রে গিয়ে রু্টিন চেকআপ করা দরকার","চিকিৎসকরা মনে করেন, গর্ভবতী মাকে রুটিন চেকআপের জন্য অন্তত তিনবার স্বাস্থ্যকেন্দ্রে যেতে হবে।","চিকিৎসকদের মতে, গর্ভবতী মায়েদের অন্তত তিনবার স্বাস্থ্যকেন্দ্রে গিয়ে নিয়মিত স্বাস্থ্য পরীক্ষা করানো জরুরি।",1.8620490849989437,,
যেহেতু মন আর শরীর অঙ্গাঙ্গিভাবে জড়িত তাই একটি খারাপ থাকলে অন্যটিও খারাপ থাকে,"যেহেতু মন এবং শরীর অঙ্গাঙ্গীভাবে জড়িত, একটি খারাপ হলে অন্যটি খারাপ।","মন ও শরীর পরস্পরের সাথে ওতপ্রোতভাবে জড়িত থাকায়, এর যেকোনো একটির অবস্থা খারাপ হলে অপরটিরও অবস্থা খারাপ হয়।",1.6202856849995442,,
এই ব্যাকটেরিয়া অন্ত্রের স্বাস্থ্য ভালো রাখে,এই ব্যাকটেরিয়া অন্ত্রের স্বাস্থ্য ভালো রাখে।,এই ব্যাকটেরিয়াটি অন্ত্রের সুস্থতা বজায় রাখতে সাহায্য করে।,1.4857379700006277,,
এতে আপনার কাছ থেকে জীবাণু ছড়িয়ে পড়ার ঝুঁকিও কমবে,এটি আপনার থেকে জীবাণু ছড়ানোর ঝুঁকিও কমিয়ে দেবে।,এর ফলে আপনার থেকে জীবাণু ছড়ানোর আশঙ্কাও হ্রাস পাবে।,1.3846403269999428,,
সহজ করে বললে শুধু মাথাব্যথা এবং মাইগ্রেনের পার্থক্য হলো  শুধু মাথাব্যথায় কেবল মাথার যন্ত্রণা করে কিন্তু মাইগ্রেনে মাথার যন্ত্রণার সঙ্গে শরীরে আরও কিছু সমস্যা দেখা দেয়,"সোজা কথায়, মাথাব্যথা এবং মাইগ্রেনের মধ্যে পার্থক্য হল যে মাথাব্যথা হলে শুধুমাত্র মাথায় ব্যথা হয়, কিন্তু মাইগ্রেনে মাথাব্যথার পাশাপাশি শরীরে অন্যান্য সমস্যাও থাকে।","সহজ কথায়, সাধারণ মাথাব্যথা এবং মাইগ্রেনের মূল পার্থক্য হলো যে সাধারণ মাথাব্যথায় কেবল মস্তকে যন্ত্রণা অনুভূত হয়, অপরদিকে মাইগ্রেনের ক্ষেত্রে মাথার ব্যথার পাশাপাশি শরীরে অন্যান্য উপসর্গও প্রকাশ পায়।",2.4716700810004113,,
এসব এন্টিবায়োটিকের মধ্যে রয়েছে সিপ্রোফ্লক্সাসিন ক্লিন্ডামাইসিন বা ভ্যানকোমাইসিন,"এই অ্যান্টিবায়োটিকের মধ্যে রয়েছে সিপ্রোফ্লক্সাসিন, ক্লিন্ডামাইসিন বা ভ্যানকোমাইসিন।","সিপ্রোফ্লক্সাসিন, ক্লিন্ডামাইসিন অথবা ভ্যানকোমাইসিন এই ধরনের অ্যান্টিবায়োটিকগুলোর অন্তর্ভুক্ত।",1.7555536510008096,,
১৫ এপ্রিল থেকে আবার তার ডিউটি করার কথা,আগামী ১৫ এপ্রিল তার ডিউটিতে ফেরার কথা রয়েছে।,১৫ এপ্রিল থেকে পুনরায় তার দায়িত্ব পালন করার কথা রয়েছে।,1.3880577290001384,,
গ্লুকোমায় আক্রান্ত হলে এই স্নায়ু ধীরে ধীরে ক্ষতিগ্রস্ত হয় ক্রমে কমে আসে দৃষ্টি,"যখন গ্লুকোমা এই স্নায়ুকে প্রভাবিত করে, এটি ধীরে ধীরে এটিকে ক্ষতিগ্রস্ত করে, ধীরে ধীরে দৃষ্টিশক্তি হ্রাস করে।","গ্লুকোমা হলে এই স্নায়ুটি আস্তে আস্তে নষ্ট হয়ে যায়, যার ফলে দৃষ্টিশক্তি ক্রমশ কমে আসে।",1.679321177998645,,
পরিবেশবিদদের হতবাক করে নিউইয়র্কের আকাশে দূষণের মাত্রা কমেছে ৫০ শতাংশেরও বেশি স্রেফ উপগ্রহ ছবিতে নয় ঘরবন্দি ইউরোপের মানুষ খালি চোখেও দেখতে পাচ্ছে ঝকঝকে নির্মল আকাশ,"নিউইয়র্কের আকাশে দূষণের মাত্রা 50 শতাংশেরও বেশি কমে গেছে, যা শুধুমাত্র স্যাটেলাইট ছবিতেই নয়, পরিবেশবাদীদের চমকে দিয়েছে৷ গৃহবন্দী ইউরোপীয়রা খালি চোখে ঝকঝকে পরিষ্কার আকাশ দেখতে পারে।","পরিবেশবিদদের বিস্মিত করে নিউইয়র্কের আকাশে দূষণের মাত্রা ৫০ শতাংশেরও বেশি কমে গেছে; শুধুমাত্র উপগ্রহ চিত্রেই নয়, ঘরবন্দি ইউরোপীয়রাও খালি চোখে স্বচ্ছ ও পরিষ্কার আকাশ দেখতে পাচ্ছেন।",2.015152305000811,,
বস্তুত যারা ডায়াবেটিস ও উচ্চ রক্তচাপ দুটিতেই আক্রান্ত তাদের হৃদরোগ স্ট্রোক হওয়ার ঝুঁকি বেশি থাকে কিডনি ক্ষতিগ্রস্ত হওয়া চোখের রেটিনা ক্ষতিগ্রস্ত হওয়া এবং প্রজনন ক্ষমতা হ্রাস পাওয়া এবং সর্বোপরি মৃত্যুর ঝুঁকি বেড়ে যাওয়ার আশঙ্কা থাকবে,"প্রকৃতপক্ষে, ডায়াবেটিস এবং উচ্চ রক্তচাপে আক্রান্ত ব্যক্তিদের হার্ট স্ট্রোক, কিডনির ক্ষতি, রেটিনার ক্ষতি এবং উর্বরতা হ্রাস এবং মৃত্যুর সামগ্রিক ঝুঁকি বেশি থাকে।","যাদের একই সাথে ডায়াবেটিস এবং উচ্চ রক্তচাপ রয়েছে, তাদের হৃদরোগ ও স্ট্রোকের ঝুঁকি বৃদ্ধি পায়; এছাড়া কিডনি ও চোখের রেটিনার ক্ষতি, প্রজনন ক্ষমতা হ্রাস এবং সর্বোপরি মৃত্যুর আশঙ্কাও বেড়ে যায়।",2.0944379470001877,,
 তাই প্রতিদিনের ডায়েটে এসব সবজিকে জায়গা করে দেয়াটাই হবে বুদ্ধিমানের কাজ,তাই প্রতিদিনের খাদ্যতালিকায় এই সবজি অন্তর্ভুক্ত করাই বুদ্ধিমানের কাজ হবে।,"অতএব, দৈনন্দিন খাদ্যতালিকায় এই সবজিগুলোকে অন্তর্ভুক্ত করাই হবে প্রজ্ঞার পরিচয়।",1.6632312550009374,,
এবার মে মাসেই সর্বাধিক ডেঙ্গি রোগী শনাক্ত হয়েছে,মে মাসে সবচেয়ে বেশি ডেঙ্গু রোগী শনাক্ত হয়েছে।,চলতি বছরের মে মাসেই সবচেয়ে বেশি ডেঙ্গি আক্রান্ত রোগী শনাক্ত করা হয়েছে।,1.2439542599986453,,
কিট তৈরি করতে তাদের সময় লেগেছিল সাপ্তাহ খানেক এরমাঝে রোগীর সংখ্যা বৃদ্ধি পেলেও কিট বাজারে আসার পর তারা গন পরীক্ষার মাধ্যমে সেটার নাগাল টেনে ধরে,"কিটটি তৈরি করতে তাদের কয়েক সপ্তাহ লেগেছিল, কিন্তু রোগীর সংখ্যা বৃদ্ধি পাওয়ার পরে, তারা গণ পরীক্ষার মাধ্যমে কিটের নাগালের পরিমাণ বাড়িয়েছে।",কিট প্রস্তুত করতে তাদের প্রায় এক সপ্তাহ সময় লেগেছিল; এই সময়ে রোগীর সংখ্যা বাড়লেও বাজারে কিট আসার পর তারা গণপরীক্ষার মাধ্যমে পরিস্থিতি নিয়ন্ত্রণে আনে।,1.8010039490000054,,
সেই সঙ্গে এটি লিভার ক্যানসারের ঝুঁকিতে থাকা ব্যক্তিদের ওপর রোগের প্রভাবকে অনেকাংশে কমিয়ে দেওয়ার সক্ষমতা রাখে,এটি লিভার ক্যান্সারের ঝুঁকিতে থাকা ব্যক্তিদের উপর রোগের প্রভাবকে উল্লেখযোগ্যভাবে হ্রাস করার ক্ষমতাও রাখে।,"এছাড়াও, এটি লিভার ক্যানসারে আক্রান্ত হওয়ার ঝুঁকিপূর্ণ ব্যক্তিদের ক্ষেত্রে রোগের প্রভাব উল্লেখযোগ্যভাবে হ্রাস করতে সক্ষম।",1.9505829600002471,,
দাঁতে গর্ত দেখা দেওয়া মাত্র দেরি না করে শূন্য জায়গাটা ভর্তি বা ফিলিং করে নেওয়া উচিত,দাঁতে ছিদ্র দেখা দেওয়ার সাথে সাথে খালি জায়গাটি পূরণ বা ভরাট করতে হবে।,দাঁতে ছিদ্র হলে অবিলম্বে তা ফিলিং করে নেওয়া জরুরি।,1.717004119000194,,
প্লাটিলেট রক্ত জমাট বাঁধতে ও রক্তক্ষরণ বন্ধ করতে সাহায্য করে,প্লেটলেট রক্ত ​​জমাট বাঁধতে সাহায্য করে এবং রক্তপাত বন্ধ করে।,রক্ত জমাট বাঁধা এবং রক্তপাত থামানোর ক্ষেত্রে প্লাটিলেট সহায়ক ভূমিকা পালন করে।,1.5436275489992113,,
৮ গাড়িতে উঠলেই আমার বমি হবেএমন চিন্তা ভ্রমণের সময় কখনই মনে আনা যাবে না,গাড়িতে ওঠা আর গাড়িতে উঠার চিন্তাটা ভ্রমণের সময় আমার মাথায় আসবে না।,ভ্রমণের সময় গাড়িতে উঠলেই বমি হবে—এমন চিন্তা মনে আনা একেবারেই উচিত নয়।,1.5924096679991635,,
তুলসী চায়ের পাশাপাশি লবঙ্গ চায়ের রয়েছে নানা উপকারিতা,তুলসী চায়ের পাশাপাশি লবঙ্গ চায়ের অনেক উপকারিতা রয়েছে।,তুলসী চায়ের মতোই লবঙ্গ চাও বিভিন্ন স্বাস্থ্যগত সুবিধা প্রদান করে।,1.256612186998609,,
 পা ফোলার সমস্যাতেও ভাল কাজ করে,পা ফোলা সমস্যায়ও ভালো কাজ করে।,পায়ের ফোলা কমাতেও এটি কার্যকর।,1.5449303619989223,,
আর এসব ব্যবস্থা না থাকলে রোগীকে থ্রমবোলাইসড্ করতে হবে অর্থাৎ রোগীর রক্তনালিতে জমাট বাঁধা রক্তেরপিণ্ড গলানোর ওষুধ দিতে হবে,"এবং যদি এই ব্যবস্থাগুলি উপলব্ধ না হয় তবে রোগীকে থ্রম্বোলাইজ করা উচিত, অর্থাৎ রোগীর রক্তনালীতে রক্ত ​​​​জমাট দ্রবীভূত করার ওষুধ দেওয়া উচিত।","এই পদক্ষেপগুলো গ্রহণ না করলে রোগীর থ্রমবোলাইসিস প্রয়োজন হবে, যার অর্থ হলো রক্তনালীতে জমাট বাঁধা রক্তের পিণ্ড দ্রবীভূত করার ঔষধ প্রয়োগ করতে হবে।",1.8686817739999242,,
" দরপত্রে অংশ নেওয়া একটি প্রতিষ্ঠানের একজন কর্মকর্তা জানান, সাধারনত কোনো প্রকল্প চলাকালীন প্রকল্প পরিচালককে সরানোর নজির কম",টেন্ডারে অংশ নেওয়া একটি সংস্থার একজন কর্মকর্তা বলেছেন যে সাধারণত একটি প্রকল্প চলাকালীন একজন প্রকল্প পরিচালককে অপসারণের নজির খুব কমই রয়েছে।,"দরপত্রে অংশগ্রহণকারী একটি প্রতিষ্ঠানের একজন কর্মকর্তা বলেছেন যে, সাধারণত কোনো প্রকল্প চলমান থাকলে প্রকল্প পরিচালককে অপসারণের ঘটনা খুবই বিরল।",1.830412167000759,,
তবে সবসময় গন্ধের এ পরিবর্তনে উদ্বিগ্ন হওয়ার কারণ নেই,"যাইহোক, গন্ধের এই পরিবর্তন সবসময় উদ্বেগের কারণ নয়।",তবে গন্ধের এই পরিবর্তনে সর্বদা চিন্তিত হওয়ার কোনো কারণ নেই।,1.228970104999462,,
তাই বড়দের সাবান কিংবা বেশি গরম পানিতে তাদের গোসল করানো উচিত নয়,তাই প্রাপ্তবয়স্কদের সাবান বা খুব গরম পানি দিয়ে গোসল করা উচিত নয়।,সেই কারণে শিশুদের গোসল করানোর সময় প্রাপ্তবয়স্কদের সাবান অথবা অতিরিক্ত গরম পানি ব্যবহার করা উচিত নয়।,1.756353852999382,,
৩৪টি ডিম ফেটিয়ে কয়েক ফোঁটা রোজ ওয়াটার মেশান,34টি ডিম বিট করুন এবং কয়েক ফোঁটা গোলাপ জল মেশান।,৩৪টি ডিম ভালো করে ফেটিয়ে তার মধ্যে অল্প পরিমাণে গোলাপজল যোগ করুন।,1.4014835569996649,,
পরে ২০২৩ সালের ২১ আগস্ট তার লিভার ট্রান্সপ্ল্যান্ট করা হয়,"পরে 21শে আগস্ট, 2023-এ তার লিভার ট্রান্সপ্লান্ট করা হয়।",অতঃপর ২০২৩ সালের ২১ আগস্ট তার যকৃত প্রতিস্থাপন অস্ত্রোপচার সম্পন্ন হয়।,1.519802515000265,,
 যদি বাচ্চা টাং টাই থাকায় অস্বস্তিতে থাকে,যদি শিশুর ধনুর্বন্ধনীতে অস্বস্তি হয়,যদি শিশুটি টাই পরার কারণে অস্বস্তি বোধ করে,1.3580152490012551,,
এমনকি ঠিক সময়ে ব্যবস্থা না নিলে পরিস্থিতি হাতের বাইরে চলে যেতেও পারে,সঠিক সময়ে ব্যবস্থা না নিলে পরিস্থিতি হাতের বাইরে চলে যেতে পারে।,সময়মতো পদক্ষেপ না নিলে পরিস্থিতি নিয়ন্ত্রণের বাইরে চলে যাওয়ার ঝুঁকি রয়েছে।,1.4999316459998226,,
ব্রণ বেড়ে অনেক সময় মুখে স্থায়ী দাগ পড়ে যায়,ব্রণ প্রায়ই মুখে স্থায়ী দাগ বাড়ে।,অতিরিক্ত ব্রণের কারণে অনেক সময় মুখে স্থায়ী দাগ থেকে যায়।,1.3219366689991148,,
ট্রেজারার হিসেবে নির্বাচিত হয়েছেন অধ্যাপক ডা সালমা রউফ,সালমা রউফ কোষাধ্যক্ষ পদে নির্বাচিত হয়েছেন অধ্যাপক ড.,অধ্যাপক ডা. সালমা রউফ ট্রেজারার পদে নির্বাচিত হয়েছেন।,1.2174976539990894,,
তাদের জন্য সতর্ক বার্তা শোনাচ্ছেন বিশেষজ্ঞরা,তাদের জন্য সতর্কবার্তা পাঠাচ্ছেন বিশেষজ্ঞরা।,বিশেষজ্ঞরা তাদের উদ্দেশ্য করে সতর্কবার্তা শোনাচ্ছেন।,0.926007018000746,,
তাই এ সমস্যা থেকে মুক্তি পেতে ফাইবারযুক্ত খাবার বেছে নিতে হবে,এই সমস্যা থেকে মুক্তি পেতে আপনাকে বেছে নিতে হবে ফাইবার সমৃদ্ধ খাবার।,"অতএব, এই সমস্যার হাত থেকে রেহাই পেতে আঁশযুক্ত খাবার গ্রহণ করা জরুরি।",1.3783959149986913,,
এবার চলুন এক এক করে আমরা প্রশ্নগুলোর উত্তর খোঁজার চেষ্টা করি,এবার এক এক করে প্রশ্নের উত্তর খোঁজার চেষ্টা করা যাক।,"আসুন, আমরা এবার ধাপে ধাপে প্রশ্নগুলোর উত্তর খুঁজে বের করার চেষ্টা করি।",1.350240269999631,,
আজ সকাল থেকে আনাস খুব অস্থির আর বারবার পানি খেতে চাচ্ছে সাথে পাতলা পায়খানাও বেড়েছে,আনাস আজ সকাল থেকে খুব অস্থির এবং বারবার পানি খেতে চায় এবং আলগা মল বেড়ে গেছে।,"আজ সকাল থেকে আনাসের প্রচণ্ড অস্থিরতা দেখা দিয়েছে, সে ঘনঘন পানি পান করতে চাইছে এবং তার ডায়রিয়াও বেড়ে গেছে।",1.5539087849992939,,
অতিরিক্ত নখ কামড়ানোর ফলে নখের চারপাশের ত্বকও ফুলে যায়,অতিরিক্ত নখ কামড়ানোর ফলে নখের চারপাশের ত্বকও ফুলে যায়।,অতিরিক্ত নখ কামড়ানোর কারণে নখের আশেপাশের ত্বকও ফুলে ওঠে।,2.033154345001094,,
ব্যথায় অজ্ঞান হয়ে গেলেন একদিন,একদিন ব্যথায় অজ্ঞান হয়ে গেল।,একদিন তিনি ব্যথার যন্ত্রণায় চেতনা হারিয়ে ফেলেন।,1.233959600000162,,
৩ থাইরয়েড ও প্রোলাকটিন হরমোন অনিয়ন্ত্রিত থাকলে তার চিকিৎসা করা,3 থাইরয়েড এবং প্রোল্যাক্টিন হরমোনগুলি যদি অনিয়ন্ত্রিত হয় তবে তাদের চিকিত্সা করুন৷,থাইরয়েড এবং প্রোলাকটিন হরমোনের মাত্রা নিয়ন্ত্রণে না থাকলে তার চিকিৎসা করানো উচিত।,1.6104006540008413,,
অনেকে খুঁচিয়ে বা বল প্রয়োগ করে বরফ দূর করার চেষ্টা করে যা একেবারেই সঠিক না,"অনেকে বেলচা দিয়ে বা বল প্রয়োগ করে বরফ সরানোর চেষ্টা করেন, যা মোটেও ঠিক নয়।","অনেকেই বরফ সরানোর জন্য তা খুঁচিয়ে বা জোর করে অপসারণের চেষ্টা করেন, যা সম্পূর্ণ ভুল পদ্ধতি।",1.6115652059997956,,
মনের উপর চাপ বাড়লে বা শান্তি কমে গেলে টেস্টোস্টেরনের ক্ষরণ অনেক কমে যায়,মনের উপর চাপ বাড়লে বা শান্তি কমে গেলে টেস্টোস্টেরনের ক্ষরণ অনেক কমে যায়।,মানসিক চাপ বৃদ্ধি পেলে বা মনের শান্তি নষ্ট হলে টেস্টোস্টেরন নিঃসরণ উল্লেখযোগ্যভাবে হ্রাস পায়।,1.6402166669995495,,
যা খেতে পারেন এই সময় পাতে থাকুক প্রচুর পরিমাণে শাক সবজি এবং ফল,"এ সময় যা খেতে পারেন, প্রচুর পরিমাণে শাকসবজি ও ফলমূল খান।",এই সময়ে আপনার খাবারে প্রচুর শাকসবজি ও ফল রাখার চেষ্টা করুন।,1.3394304599987663,,
এ সময় জ্বরের প্রধান কারণগুলোর মধ্যে ডেঙ্গু টাইফয়েড নিউমোনিয়া কোভিড১৯ সাধারণ সর্দিকাশি টনসিলে প্রদাহ ও ডায়রিয়া অন্যতম,"এই সময়ে জ্বরের প্রধান কারণগুলোর মধ্যে রয়েছে ডেঙ্গু, টাইফয়েড, নিউমোনিয়া, কোভিড-১৯, সাধারণ সর্দি, টনসিলাইটিস এবং ডায়রিয়া।","এই সময়ে জ্বরের অন্যতম প্রধান কারণ হিসেবে ডেঙ্গু, টাইফয়েড, নিউমোনিয়া, কোভিড-১৯, সাধারণ সর্দি-কাশি, টনসিলের প্রদাহ এবং ডায়রিয়া উল্লেখযোগ্য।",2.194696133999969,,
এ উপসর্গগুলো ৩ থেকে ৫ দিনের মধ্যে বেশি হয় এবং এক সপ্তাহের মধ্যে সম্পূর্ণ সেরে যায়,এই লক্ষণগুলি 3 থেকে 5 দিন স্থায়ী হয় এবং এক সপ্তাহের মধ্যে সম্পূর্ণরূপে সমাধান হয়।,এই লক্ষণগুলো সাধারণত ৩ থেকে ৫ দিনের মধ্যে তীব্র আকার ধারণ করে এবং এক সপ্তাহের মধ্যে পুরোপুরি সেরে যায়।,1.7341510440001002,,
প্রাপ্তবয়স্ক অর্থাৎ ২৬ থেকে ৬৪ বছর পর্যন্ত ৭ থেকে ৯ ঘণ্টা ঘুমাতে হবে,প্রাপ্তবয়স্কদের অর্থাৎ ২৬ থেকে ৬৪ বছর বয়সীদের ৭ থেকে ৯ ঘণ্টা ঘুমানো উচিত।,২৬ থেকে ৬৪ বছর বয়সী প্রাপ্তবয়স্কদের প্রতিদিন ৭ থেকে ৯ ঘণ্টা ঘুমানো আবশ্যিক।,1.6669160959991132,,
অর্থাৎ সেখানে প্রতি ১০ জনে একজন ওই বছর প্যারাসিটামল খেয়েছেন,"অর্থাৎ, সেই বছর সেখানে প্রতি 10 জনের মধ্যে একজন প্যারাসিটামল খেয়েছিলেন।","অর্থাৎ, ওই বছর সেখানে প্রতি দশ জনের মধ্যে একজন প্যারাসিটামল সেবন করেছিলেন।",1.2165406349995465,,
 অল্প খেলে তৃপ্তি চলে আসে  পেট ফেঁপে ও ফুলে থাকে  বমি হয়  রক্তস্বল্পতা দেখা দেয়  খাদ্যগ্রহণের পর খাদ্যনালীতে ব্যথা হয়  শরীরের ওজন কমে যায়  বমির সঙ্গে রক্ত কিংবা কালো পায়খানা হতে পারে,কম খাওয়া তৃপ্তির কারণ হয় ফোলা এবং ফোলা বমি রক্তাল্পতা খাওয়ার পরে খাদ্যনালীতে ব্যথা ওজন হ্রাস বমিতে রক্ত ​​বা কালো মল অন্তর্ভুক্ত থাকতে পারে।,"স্বল্প পরিমাণে খাবার খেলেই পেট ভরা ভরা লাগে, পেট ফাঁপা ও ফোলা থাকে, বমি হয়, রক্তশূন্যতা দেখা দেয়, খাওয়ার পর খাদ্যনালীতে ব্যথা অনুভূত হয়, শরীরের ওজন কমে যায় এবং বমির সাথে রক্ত অথবা কালো মল হতে পারে।",2.5449563059992215,,
স্তনের মাপ অনুযায়ী ব্রা পরুন,আপনার স্তনের আকার অনুযায়ী ব্রা পরুন।,সঠিক মাপের ব্রা নির্বাচন করুন।,1.031325072999607,,
ওয়াটার ওয়েট মূলত শরীরের আসল ওজন নয় সাময়িক,"জলের ওজন প্রকৃত শরীরের ওজন নয়, এটি অস্থায়ী।","ওয়াটার ওয়েট আসলে শরীরের প্রকৃত ওজন নয়, বরং এটি একটি ক্ষণস্থায়ী অবস্থা।",1.3617335970011482,,
পুষ্টিকর ও মানসম্পন্ন খাবার যেন আমাদের পছন্দের তালিকায় ও খাবার টেবিলে রাখতে পারি সে চেষ্টা করতে হবে,আমাদের ইচ্ছার তালিকায় এবং খাবার টেবিলে পুষ্টিকর ও মানসম্মত খাবার রাখার চেষ্টা করা উচিত।,আমাদের প্রিয় খাবারের তালিকা এবং খাবার টেবিলে পুষ্টিকর ও উন্নত মানের খাদ্য স্থান দেওয়ার জন্য সচেষ্ট হতে হবে।,1.5396257949996652,,
আমাদের দেশে সেহরি ও ইফতারের মধ্যবর্তী সময় সর্বোচ্চ ১৮ ঘণ্টা হতে পারে,আমাদের দেশে সেহরি ও ইফতারের মধ্যে সময় সর্বোচ্চ ১৮ ঘণ্টা হতে পারে।,আমাদের দেশে সেহরি এবং ইফতারের মধ্যকার সময়সীমা সর্বোচ্চ ১৮ ঘণ্টা হতে পারে।,1.4537236510004732,,
দেখবেন ঘরে সুন্দর গন্ধ খেলা করবে,দেখবেন ঘরে একটা সুন্দর গন্ধ বইছে।,আপনার ঘরটি সুগন্ধে ভরে উঠবে।,1.2152699359994585,,
কিডনি রোগীদের ক্ষেত্রে কিডনি রোগী করোনাভাইরাসের আক্রান্ত হলে সেটি অত্যন্ত ঝুঁকিপূর্ণ হতে পারে,কিডনি রোগীদের ক্ষেত্রে একজন কিডনি রোগী করোনাভাইরাসে আক্রান্ত হলে তা খুবই বিপজ্জনক হতে পারে।,করোনাভাইরাসে আক্রান্ত হলে কিডনি রোগীদের জন্য তা অত্যন্ত বিপদজনক হতে পারে।,1.3814712809999037,,
অতিরিক্ত চিনি হার্ট ও লিভারের জন্য ক্ষতিকর  চিনি যুক্ত খাবার হার্টের জন্য ক্ষতিকর,অতিরিক্ত চিনি হার্ট ও লিভারের জন্য ক্ষতিকর চিনি যুক্ত খাবার হার্টের জন্য ক্ষতিকর।,"অতিরিক্ত চিনি হৃদপিণ্ড ও যকৃতের জন্য ক্ষতিকর, এবং চিনিযুক্ত খাবারও হৃদযন্ত্রের স্বাস্থ্যের জন্য অপকারী।",1.4409647970005608,,
যাতে সেখানে কর্মরত চিকিৎসকসহ স্বাস্থ্যকর্মীদের নিরাপত্তা পোশাক এবং প্রয়োজনীয় উপকরণের অভাব না পড়ে,যাতে সেখানে কর্মরত চিকিৎসকসহ স্বাস্থ্যকর্মীদের নিরাপত্তার পোশাক ও প্রয়োজনীয় যন্ত্রপাতির কোনো ঘাটতি না হয়।,সেখানে দায়িত্বরত চিকিৎসক ও অন্যান্য স্বাস্থ্যকর্মীদের যেন নিরাপত্তা পোশাক ও প্রয়োজনীয় সরঞ্জামের কোনো ঘাটতি না হয়।,1.6279176970001572,,
তবে কিছু কিছু রোগ পাইলস হওয়াকে ত্বরান্বিত করে,তবে কিছু কিছু রোগ পাইলস গঠনকে ত্বরান্বিত করে।,কিছু নির্দিষ্ট রোগ অর্শ রোগের সৃষ্টিতে ভূমিকা রাখে।,1.3522312339991913,,
এটাকে স্বাভাবিকভাবে মেনে নিয়ে জীবনের এই নতুন পর্যায়টিকে উপভোগ করা এবং আনন্দমুখর করে তোলা লক্ষ্য হওয়া উচিত,জীবনের এই নতুন পর্যায়কে আলিঙ্গন করা এবং এটিকে আনন্দময় করাই লক্ষ্য হওয়া উচিত।,জীবনের এই নতুন অধ্যায়টিকে স্বাভাবিকভাবে গ্রহণ করে তা উপভোগ করা এবং আনন্দময় করে তোলাই হওয়া উচিত আমাদের লক্ষ্য।,1.5048636810006428,,
লেখক  নাক কান ও গলা রোগ বিশেষজ্ঞ ও সার্জন সিনিয়র কনসালটেন্ট ইমপালস হসপিটাল ঢাকা,"লেখক একজন কান, নাক ও গলা বিশেষজ্ঞ এবং সার্জন, ইমপালস হাসপাতালের সিনিয়র কনসালটেন্ট, ঢাকা।","ঢাকার ইমপালস হাসপাতালের সিনিয়র কনসালটেন্ট হিসেবে কর্মরত লেখক একজন নাক, কান ও গলা রোগ বিশেষজ্ঞ এবং অস্ত্রোপচারকারী চিকিৎসক।",1.9285760539987677,,
নতুন পরিচালক ব্রিগেডিয়ার জেনারেল নাজমুল হক এসেছেন আমরা প্রত্যাশা করি তিনিও এ হাসপাতালের উন্নয়নে বিশেষ ভূমিকা রাখবেন,নতুন পরিচালক ব্রিগেডিয়ার জেনারেল নাজমুল হক এসেছেন এবং আমরা আশা করি তিনি এই হাসপাতালের উন্নয়নে বিশেষ ভূমিকা রাখবেন।,"আমরা আশা করি, নবনিযুক্ত পরিচালক ব্রিগেডিয়ার জেনারেল নাজমুল হক এই হাসপাতালের উন্নয়নে গুরুত্বপূর্ণ অবদান রাখবেন।",1.5309604270005366,,
শ্বাস নেওয়া ও ছাড়ার সময়টি সমান থাকবে,শ্বাস নেওয়া এবং শ্বাস ছাড়ার সময় সমান হবে।,শ্বাস গ্রহণ এবং ত্যাগের সময়কাল সমান হবে।,1.206890712999666,,
তবে এটা কিন্তু ডাক্তারি ছাড়পত্র নয় মনে রাখবেন,কিন্তু মনে রাখবেন এটি একটি মেডিকেল ক্লিয়ারেন্স নয়।,"তবে মনে রাখবেন, এটি কোনো চিকিৎসকের অনুমতিপত্র নয়।",1.208870358999775,,
​চিনি থেকে দূরে থাকাটাই শ্রেয়​,চিনি থেকে দূরে থাকাই ভালো।,চিনি এড়িয়ে চলাই ভালো।,0.9303477130015381,,
যেমন শৈশবের অভিজ্ঞতাটি যখনই তোমার মাথায় আসবে সঙ্গে সঙ্গেই দীর্ঘ শ্বাস নিয়ে কিছুক্ষণ ধরে রেখে মুখ দিয়ে শ্বাস ফেলতে থাকবে,"উদাহরণস্বরূপ, যখনই শৈশবের অভিজ্ঞতা মাথায় আসে, তখনই একটি গভীর শ্বাস নিন, কিছুক্ষণ ধরে রাখুন এবং আপনার মুখ দিয়ে শ্বাস নিন।",শৈশবের সেই অভিজ্ঞতিটি মনে পড়ার সাথে সাথেই গভীর শ্বাস নিয়ে কিছুক্ষণ আটকে রাখো এবং তারপর মুখ দিয়ে ধীরে ধীরে শ্বাস ছাড়ো।,1.587762044999181,,
কণ্ঠের যত্নে জনবহুল জায়গায় শোরগোলের স্থানে মাইক বা সাউন্ড সিস্টেম ব্যবহার করা উচিত,ভয়েস কেয়ার জনাকীর্ণ জায়গায় কোলাহলপূর্ণ জায়গায় মাইক্রোফোন বা সাউন্ড সিস্টেম ব্যবহার করা উচিত।,জনাকীর্ণ এলাকায় মাইক বা সাউন্ড সিস্টেমের পরিবর্তে কণ্ঠস্বরের যত্ন নেওয়া উচিত।,1.6361776150006335,,
যখন তারা দ্রুত শ্বাস নেয় ও আরও নীল হয়ে যায় এবং নিস্তেজ হয়ে পড়ে তখন দ্রুত চিকিৎসকের পরামর্শ নেওয়া দরকার,"যখন তারা দ্রুত শ্বাস নেয় এবং নীল এবং নিস্তেজ হয়ে যায়, জরুরী চিকিৎসা পরামর্শ প্রয়োজন।","যদি তাদের দ্রুত শ্বাসপ্রশ্বাস শুরু হয়, শরীর আরও নীল হয়ে যায় এবং তারা দুর্বল হয়ে পড়ে, তবে অবিলম্বে চিকিৎসকের পরামর্শ নেওয়া জরুরি।",1.610241317001055,,
এ কথাটির সত্যতা কতটুকুএমন প্রশ্নের জবাবে ডা নিয়াজ আব্দুর রহমান বলেন গ্রামেগঞ্জে কোন শিশু খেলতে গিয়ে চোখে আঘাত পেলে অভিভাবকরা চোখে শামুক ঝিনুকের পানি লাগায়,"এ কথা কতটা সত্য- এমন প্রশ্নের জবাবে ডাঃ নিয়াজ আবদুর রহমান বলেন, গ্রামগঞ্জে খেলার সময় কোনো শিশু চোখে আঘাত পেলে অভিভাবকরা চোখে শামুকের পানি দেন।","গ্রামাঞ্চলে খেলার সময় শিশুর চোখে আঘাত লাগলে অভিভাবকরা যে শামুক-ঝিনুকের পানি ব্যবহার করেন, ডা. নিয়াজ আব্দুর রহমান এই প্রসঙ্গে উক্ত তথ্যটির সত্যতা সম্পর্কিত প্রশ্নের উত্তরে এমনটি জানান।",1.8522526180004206,,
উচ্চ মাত্রায় ফ্রুসেমাইড বুমেটামাইড ও ইথাক্রাইনিক অ্যাসিড বিপরীতমুখী উচ্চ ফ্রিকোয়েন্সি সংবেদনশীল শ্রবণশক্তি হ্রাসের কারণ হতে পারে,"ফ্রুসেমাইড, বুমেটানাইড এবং ইথাক্রাইনিক অ্যাসিডের উচ্চ মাত্রা বিপরীতমুখী উচ্চ-ফ্রিকোয়েন্সি সংবেদনশীল শ্রবণশক্তি হ্রাসের কারণ হতে পারে।","উচ্চ মাত্রায় ফ্রুসেমাইড, বুমেটামাইড এবং ইথাক্রাইনিক অ্যাসিড গ্রহণ করলে বিপরীতমুখী উচ্চ-ফ্রিকোয়েন্সি সংবেদনশীল শ্রবণশক্তি হ্রাস ঘটতে পারে।",1.6532806340001116,,
খবর বিবিসি এএফপিসহ বিভিন্ন সংবাদমাধ্যমের,বিবিসি এএফপিসহ বিভিন্ন গণমাধ্যমের খবর।,"বিবিসি, এএফপি এবং অন্যান্য বিভিন্ন সংবাদমাধ্যম থেকে প্রাপ্ত খবর।",1.1252412280009594,,
এ সময় চিন্তাচেতনার সঙ্গে সঙ্গে শারীরিকভাবে মানসিকভাবে বেড়ে উঠতে থাকে তারা,এ সময় তারা চিন্তার পাশাপাশি শারীরিক ও মানসিকভাবে বেড়ে উঠতে থাকে।,"এই সময়ে তারা কেবল চিন্তাচেতনায় নয়, বরং শারীরিক ও মানসিকভাবেও বিকশিত হতে থাকে।",1.6171722350009077,,
এতকিছু বিবেচনা করলে এটি নির্দ্বিধায় বলা যায় যে পত্রিকায় লেজার সার্জারির বিজ্ঞাপন একটি অহেতুক গণবিরোধী এবং চটকদার রোগী ভিড় করানো বিজ্ঞাপন ছাড়া আর কিছুই নয়,"এই সব বিবেচনা করে, এটা বলা নিরাপদ যে লেজার সার্জারির জন্য সংবাদপত্রের বিজ্ঞাপনগুলি একটি অপ্রয়োজনীয় গণবিরোধী এবং চিজি রোগীর বিজ্ঞাপন ছাড়া আর কিছুই নয়।","এসব বিষয় বিবেচনা করলে স্পষ্টতই বলা যায়, পত্রিকায় লেজার সার্জারির যে বিজ্ঞাপন দেওয়া হয় তা মূলত রোগীদের আকৃষ্ট করার উদ্দেশ্যে করা একটি চটকদার, অহেতুক এবং জনবিরোধী প্রচার ছাড়া আর কিছুই নয়।",2.3257532739989983,,
এ মৌসুমে তিনটি সমস্যা হচ্ছে,এই মৌসুমে তিনটি সমস্যা রয়েছে।,এই মৌসুমে তিনটি সমস্যা দেখা দিচ্ছে।,0.9771577970004728,,
রোগীদের শরীরের নিুে বর্ণিত উপসর্গগুলোর দিকে একটু খেয়াল রাখবেন এবং প্রয়োজনে সংশ্লিষ্ট চিকিৎসকের সঙ্গে যোগাযোগ করবেন,রোগীর শরীরে বর্ণিত লক্ষণগুলোর প্রতি মনোযোগ দিন এবং প্রয়োজনে সংশ্লিষ্ট চিকিৎসকের সাথে যোগাযোগ করুন।,রোগীদের দেহে নিম্নোক্ত লক্ষণগুলো দেখা দিলে সতর্ক থাকুন এবং প্রয়োজন হলে সংশ্লিষ্ট চিকিৎসকের পরামর্শ নিন।,1.4844486090005375,,
অনেক সময় ধরে গোসল করলে কিংবা ৫৭ দিন ধরে গোসল না করলে অনেক বেশি সাবান বা শ্যাম্পু ব্যবহার থেকেও খুশকি হতে পারে,দীর্ঘ সময় ধরে গোসল করা বা 57 দিন গোসল না করলেও অতিরিক্ত সাবান বা শ্যাম্পু থেকে খুশকি হতে পারে।,দীর্ঘক্ষণ গোসল করা অথবা ৫-৭ দিন গোসল না করলে এবং অতিরিক্ত সাবান বা শ্যাম্পু ব্যবহার করলে খুশকি হওয়ার ঝুঁকি বেড়ে যায়।,1.6656007790006697,,
জানুন শরীরে ফলিক অ্যাসিডের চাহিদা মেটাতে কী খাবেন,আপনার শরীরের ফলিক অ্যাসিডের চাহিদা মেটাতে কী খেতে হবে তা জানুন।,"শরীরে ফলিক অ্যাসিডের চাহিদা পূরণের জন্য কী খাবেন, তা জেনে নিন।",1.1875995959999273,,
অনেক সময় পুরো থায়রয়েড গ্রন্থি কেটে ফেলার প্রয়োজন হতে পারে,কখনও কখনও সম্পূর্ণ থাইরয়েড গ্রন্থি অপসারণ করার প্রয়োজন হতে পারে।,কখনো কখনো সম্পূর্ণ থাইরয়েড গ্রন্থি অপসারণ করা জরুরি হয়ে পড়ে।,1.3628381449998415,,
এর পর যখন আবার তার শরীরে লিম্ফোসাইট এবং ইএসআরের মাত্রা স্বাভাবিক রেঞ্জে নেমে আসবে সে সময় হয়তোবা আবারও তাকে কোভিড ১৯এর জন্য পরীক্ষা করা যেতে পারে,"এর পরে, যখন তার লিম্ফোসাইট এবং ESR মাত্রা স্বাভাবিক পরিসরে ফিরে আসে, তখন তাকে আবার কোভিড-১৯ পরীক্ষা করা হতে পারে।","যখন তার শরীরে লিম্ফোসাইট ও ইএসআরের মাত্রা পুনরায় স্বাভাবিক সীমার মধ্যে চলে আসবে, তখন সম্ভবত তাকে আবার কোভিড-১৯ পরীক্ষার জন্য বিবেচনা করা যেতে পারে।",1.807823928000289,,
মঙ্গলবার শ্যামলী এলাকা থেকে মোহাম্মাদপুর মা ও শিশু হাসপাতালে নয় মাসের অন্তঃসত্ত্বা মেয়েকে তৃতীয়বারের মতো ফলোআপে নিয়ে আসেন রায়হানা বেগম,মঙ্গলবার রায়হানা বেগম তার নয় মাসের অন্তঃসত্ত্বা মেয়েকে শ্যামলী এলাকা থেকে তৃতীয়বারের মতো মোহাম্মদপুর মা ও শিশু হাসপাতালে ফলোআপের জন্য নিয়ে আসেন।,মঙ্গলবার শ্যামলী থেকে নয় মাসের গর্ভবতী কন্যাকে তৃতীয়বারের মতো ফলোআপের জন্য মোহাম্মাদপুর মা ও শিশু হাসপাতালে নিয়ে আসেন রায়হানা বেগম।,1.7109663779992843,,
মাতৃত্বের স্বাদ থেকে বঞ্চিত হওয়ার ঝুঁকি সবচেয়ে বেশি থাকে ও গ্রুপের নারীদের,মাতৃত্বের স্বাদ থেকে বঞ্চিত হওয়ার ঝুঁকির মধ্যে রয়েছে দলটির নারীরা,ও গ্রুপের নারীদের মধ্যে মাতৃত্বের অভিজ্ঞতা থেকে বঞ্চিত হওয়ার আশঙ্কা সর্বাধিক।,1.2624445890014613,,
অ্যালকোহল জাতীয় দ্রব্য প্রয়োগ করলে সেটি ত্বকের মধ্যে প্রবেশ করে কোমার মতো মারাত্মক সমস্যা দেখা দিতে পারে,অ্যালকোহল ত্বকে প্রবেশ করলে কোমার মতো গুরুতর সমস্যা হতে পারে।,অ্যালকোহলযুক্ত পদার্থ ত্বকে লাগালে তা শরীরে প্রবেশ করে কোমার মতো ভয়াবহ জটিলতার সৃষ্টি করতে পারে।,1.5454305179991934,,
জনঘনত্ব বেশি হওয়া সত্ত্বেও সংক্রমণের গতি ইউরোপআমেরিকার মতো নয়,"উচ্চ জনসংখ্যার ঘনত্ব সত্ত্বেও, সংক্রমণের হার ইউরোপ এবং আমেরিকার মতো নয়।",জনসংখ্যার ঘনত্ব বেশি হলেও সংক্রমণের হার ইউরোপ বা আমেরিকার মতো নয়।,1.4852806679991772,,
যারা দেহের ওজন কমাতে চান তাদের জন্য শসা একটি আদর্শ খাবার,যারা ওজন কমাতে চান তাদের জন্য শসা একটি আদর্শ খাবার।,শরীরের ওজন কমানোর ইচ্ছুক ব্যক্তিদের জন্য শসা একটি চমৎকার খাদ্য।,1.2042137469998124,,
বিশেষজ্ঞরা বলেছেন লবণ খাওয়া নিয়ন্ত্রণ করতে পারলে উচ্চ রক্তচাপের ঝুঁকি ৫০ শতাংশ কমে আসবে,"বিশেষজ্ঞরা বলছেন, লবণ খাওয়া নিয়ন্ত্রণ করলে উচ্চ রক্তচাপের ঝুঁকি ৫০ শতাংশ কমে যায়।","বিশেষজ্ঞদের মতে, লবণ গ্রহণ নিয়ন্ত্রণে আনলে উচ্চ রক্তচাপের ঝুঁকি অর্ধেক কমে যাবে।",1.637265680001292,,
সাবান দিয়ে হাত ধোন বেশি বেশি ধোন,প্রায়ই সাবান দিয়ে হাত ধুয়ে নিন।,সাবান ব্যবহার করে বারবার হাত ধোয়া উচিত।,1.040371598001002,,
তিনি বলেন প্রিডায়াবেটিস স্টেজ থেকে নরমাল হওয়া যায় আর এটাই হচ্ছে ডায়াবেটিস প্রতিরোধ করার উপযুক্ত সময় এবং উপযুক্ত টেস্ট,তিনি বলেছিলেন যে প্রি-ডায়াবেটিসের পর্যায়টি স্বাভাবিক করা যেতে পারে এবং এটি ডায়াবেটিস প্রতিরোধের সঠিক সময় এবং সঠিক পরীক্ষা।,তিনি উল্লেখ করেন যে প্রিডায়াবেটিস অবস্থা থেকে স্বাভাবিক অবস্থায় ফেরা সম্ভব এবং ডায়াবেটিস প্রতিরোধের জন্য এটিই সঠিক সময় ও উপযুক্ত পরীক্ষার সময়।,1.4925152199994045,,
একজন সুস্থ মানুষ রক্ত দিতে ভয় পায় সে দেশে কলিজা ডোনেট কল্পনার রাজ্যেল বসবাস ছাড়া কিছুই নয়,যে দেশে একজন সুস্থ মানুষ রক্ত ​​দিতে ভয় পায় সেখানে লিভার দান কল্পনার রাজ্যে বসবাস করা ছাড়া আর কিছুই নয়।,"যে দেশে একজন সুস্থ ব্যক্তি রক্ত দানে ভীত, সেখানে কলিজা দান কেবল কল্পনার জগতেই সীমাবদ্ধ।",1.5111070279999694,,
তবে সানস্ক্রিন ক্রিম লাগিয়ে রোদে গেলে ভিটামিন ডি ঢুকবে না,তবে সানস্ক্রিন ক্রিম লাগিয়ে রোদে গেলে ভিটামিন ডি ঢুকবে না।,কিন্তু সানস্ক্রিন ক্রিম প্রয়োগ করে রোদে গেলে শরীরে ভিটামিন ডি শোষিত হয় না।,1.365752091000104,,
তিনি প্রয়োজনীয় পরীক্ষানিরীক্ষা আলট্রাসনোগ্রাম থাইরয়েড ফাংশন টেস্ট এবং সবচেয়ে স্পেসিফিক FNAC করে দেখবেন এটা কোন ধরনের রোগ,তিনি প্রয়োজনীয় পরীক্ষা করবেন যেমন আল্ট্রাসনোগ্রাম থাইরয়েড ফাংশন টেস্ট এবং সবচেয়ে নির্দিষ্ট FNAC কি ধরনের রোগ তা দেখতে।,"রোগটির প্রকৃতি নির্ণয়ের জন্য তিনি প্রয়োজনীয় পরীক্ষা-নিরীক্ষা, যেমন আলট্রাসনোগ্রাম, থাইরয়েড ফাংশন টেস্ট এবং সবচেয়ে নির্দিষ্ট পদ্ধতি FNAC সম্পন্ন করবেন।",2.1027064970003266,,
উপকরণ লাগবে সামান্যইবেসন দই মোটামুটি সকলের বাড়িতেই থাকে,প্রয়োজনীয় উপকরণ: বেসন দই প্রায় প্রতিটি বাড়িতে পাওয়া যায়।,"বেসন এবং দইয়ের মতো সাধারণ উপকরণগুলো প্রায় সকলের রান্নাঘরেই মজুত থাকে, তাই খুব বেশি জিনিসের প্রয়োজন হবে না।",1.5898967559987796,,
ডায়াবেটিস রক্তচাপ পিসিওএস ও হাইপারথাইরয়েডিজম থাকলে এই প্রবণতা বেশি হয়,"ডায়াবেটিস, উচ্চ রক্তচাপ, PCOS এবং হাইপারথাইরয়েডিজমে আক্রান্ত ব্যক্তিদের মধ্যে এই প্রবণতা বেশি দেখা যায়।","মধুমেহ, উচ্চ রক্তচাপ, পলিসিস্টিক ওভারি সিনড্রোম (পিসিওএস) এবং হাইপারথাইরয়েডিজম থাকলে এই ঝুঁকি বৃদ্ধি পায়।",1.7680028159993526,,
 এ অবস্থায় রাজধানীর তিন হাসপাতালে বৃহস্পতিবার থেকে বিনামূল্যে ডেঙ্গু পরীক্ষা করানোর সিদ্ধান্ত নিয়েছে ঢাকা দক্ষিণ সিটি করপোরেশন,এ অবস্থায় বৃহস্পতিবার থেকে রাজধানীর তিনটি হাসপাতালে বিনামূল্যে ডেঙ্গু পরীক্ষা করার সিদ্ধান্ত নিয়েছে ঢাকা দক্ষিণ সিটি করপোরেশন।,ঢাকা দক্ষিণ সিটি করপোরেশন বৃহস্পতিবার থেকে রাজধানীর তিনটি হাসপাতালে বিনামূল্যে ডেঙ্গু পরীক্ষার ব্যবস্থা করার সিদ্ধান্ত গ্রহণ করেছে।,1.5825831640013348,,
৪ পিপারমিন্ট অয়েল জাতীয় ওষুধ খেলে এ সমস্যা থেকে অনেক সময় দূরে থাকা যায়,4. পেপারমিন্ট অয়েলের মতো ওষুধ সেবন করলে আপনি এই সমস্যা থেকে দীর্ঘ সময় দূরে থাকতে পারেন।,পিপারমিন্ট অয়েলযুক্ত ওষুধ সেবন করলে এই সমস্যা থেকে প্রায়শই মুক্তি পাওয়া সম্ভব।,1.445778617000542,,
সারা দেশে গত ২৪ ঘণ্টায় ডেঙ্গু জ্বরে আক্রান্ত হয়ে তিনজন মারা গেছেন,ডেঙ্গু জ্বরে গত ২৪ ঘণ্টায় সারাদেশে তিনজনের মৃত্যু হয়েছে।,গত একদিনে সারাদেশে ডেঙ্গু জ্বরে আক্রান্ত হয়ে তিন জনের মৃত্যু হয়েছে।,1.3345068849994277,,
এবং তার অন্যান্য যে ওষুধ যেমন আয়রন ক্যালশিয়াম এগুলো তার রেগুলার খেতে হবে,"আর তার অন্যান্য ওষুধ যেমন আয়রন ক্যালসিয়াম, যা তাকে নিয়মিত খেতে হয়।",এছাড়া আয়রন ও ক্যালশিয়ামের মতো অন্যান্য ওষুধগুলোও তাকে নিয়মিত সেবন করতে হবে।,1.2552479319983831,,
শীতের আগেই চিকিৎসককে দেখিয়ে ইনহেলার বা অন্যান্য ওষুধের ডোজ সমন্বয় করে নিন,শীতের আগে ডাক্তার দেখিয়ে ইনহেলার বা অন্যান্য ওষুধের ডোজ ঠিক করুন।,শীত শুরু হওয়ার পূর্বেই ডাক্তারের পরামর্শ নিয়ে ইনহেলার কিংবা অন্য কোনো ওষুধের মাত্রা ঠিক করে নিন।,1.643982514999152,,
 কারণ চিনি শরীরে প্রবেশ করার পর নিমেষে সুগার লেভেলকে অনেকটা বাড়িয়ে দেয়,কারণ চিনি শরীরে প্রবেশের সঙ্গে সঙ্গে চিনির মাত্রা বাড়িয়ে দেয়।,যেহেতু চিনি শরীরে প্রবেশ করার মুহূর্তেই রক্তে শর্করার মাত্রা দ্রুত বৃদ্ধি পায়।,1.3188028099993971,,
বয়সের কারণে অনেকেরই হাড়ের ক্ষয় হয়,অনেকেই বয়সের কারণে হাড়ের ক্ষয় অনুভব করেন।,বয়স বাড়ার সাথে সাথে অনেক মানুষের হাড় ক্ষয়প্রাপ্ত হয়।,1.276423982999404,,
টিকা  টাইফয়েড ভ্যাকসিন বা টিকা টাইফয়েড থেকে রক্ষা করে,ইমিউনাইজেশন টাইফয়েড ভ্যাকসিন বা ভ্যাকসিন টাইফয়েড থেকে রক্ষা করে।,টাইফয়েডের টিকা এই রোগ থেকে সুরক্ষা প্রদান করে।,1.2847571169986622,,
সূর্যের আলো থেকে চোখের ক্ষতি হতে পারে,সূর্যের আলো চোখের ক্ষতি করতে পারে।,সূর্যালোকের সংস্পর্শে এলে চোখের ক্ষতি হওয়ার ঝুঁকি থাকে।,1.3648717919986666,,
পুরুষদের বন্ধ্যত্বের অন্যতম একটি কারণ এই স্পার্ম এর মটিলিটি বা চলন ক্ষমতা,পুরুষ বন্ধ্যাত্বের অন্যতম কারণ শুক্রাণুর গতিশীলতা।,পুরুষদের বন্ধ্যত্বের একটি প্রধান কারণ হলো শুক্রাণুর চলন ক্ষমতা বা মোটিলিটি।,1.4798416200010251,,
অ্যাট্রিয়াল সেপ্টাল ডিফেক্ট হলো আরেক ধরনের ছিদ্র যা অনেক বছর ধরে প্রাপ্তবয়স্ক হওয়া পর্যন্ত সুপ্ত থাকতে পারে,অ্যাট্রিয়াল সেপ্টাল ডিফেক্ট হল আরেক ধরনের গর্ত যা প্রাপ্তবয়স্ক হওয়া পর্যন্ত বহু বছর সুপ্ত থাকতে পারে।,অ্যাট্রিয়াল সেপ্টাল ডিফেক্ট এক ধরনের ছিদ্র যা দীর্ঘ বছর ধরে প্রাপ্তবয়স্ক হওয়া পর্যন্ত কোনো লক্ষণ ছাড়াই সুপ্ত অবস্থায় থাকতে পারে।,1.478230042001087,,
সাধারণভাবে অনেকেই ডিপ্রেশন অ্যানজাইটির মত সমস্যাকে রোগ হিসাবে গণ্য করে না,"সাধারণভাবে, অনেকে হতাশা এবং উদ্বেগের মতো সমস্যাকে রোগ হিসাবে বিবেচনা করেন না।",অনেক মানুষ সাধারণত বিষণ্নতা ও উদ্বেগজনিত সমস্যাগুলোকে রোগ হিসেবে স্বীকার করেন না।,1.491245983999761,,
পেপটো বিসমল ওষুধ সেবন করলে জিহ্বা কালো হয়ে যেতে পারে,পেপ্টো বিসমল জিহ্বা কালো করতে পারে।,পেপটো বিসমল খেলে জিহ্বা কালো হয়ে যাওয়ার ঝুঁকি থাকে।,1.4761953830002312,,
পরার পর মাস্কটি সংক্রমিত বা দূষিত হাত দিয়ে স্পর্শ করবেন না,পরার পর সংক্রামিত বা দূষিত হাত দিয়ে মাস্ক স্পর্শ করবেন না।,মাস্কটি পরার পর সংক্রমিত বা নোংরা হাত দিয়ে এটি স্পর্শ করা থেকে বিরত থাকুন।,1.8094870370005083,,
নূরজাহান বেগম বলেন ঢাকা মেডিকেলের পর আরও দুটি জায়গায় এমন ঘটনা ঘটেছে যা খুবই দুঃখজনক,"নূরজাহান বেগম বলেন, ঢাকা মেডিকেলের পর আরও দুটি জায়গা আছে যা খুবই দুঃখজনক।","ঢাকা মেডিকেল ছাড়াও আরও দুটি স্থানে এমন ঘটনা ঘটেছে বলে মন্তব্য করেছেন নূরজাহান বেগম, যা অত্যন্ত শোকাবহ।",1.6003742080010852,,
স্বাস্থ্য অধিদপ্তর জানায় বৃহস্পতিবার সকাল ৮টা পর্যন্ত ২৪ ঘণ্টায় ৩ হাজার ৮০৩ জনের মধ্যে সংক্রমণ ধরা পড়ায় দেশে শনাক্ত রোগীর সংখ্যা বেড়ে ১ লাখ ২ হাজার ২৯২ জন হয়েছে,"স্বাস্থ্য অধিদফতরের তথ্য অনুযায়ী, বৃহস্পতিবার ২৪ ঘণ্টায় ৩ হাজার ৮০৩ জনের মধ্যে সংক্রমণ শনাক্ত হওয়ায় দেশে নিশ্চিত হওয়া মামলার সংখ্যা বেড়ে দাঁড়াল ১ লাখ ২ হাজার ২৯২।","স্বাস্থ্য অধিদপ্তরের তথ্য অনুযায়ী, বৃহস্পতিবার সকাল ৮টা পর্যন্ত বিগত ২৪ ঘণ্টায় আরও ৩ হাজার ৮০৩ জনের করোনা শনাক্ত হওয়ায় দেশে মোট আক্রান্তের সংখ্যা দাঁড়িয়েছে ১ লাখ ২ হাজার ২৯২ জনে।",2.0395049109993124,,
এর মধ্যে রয়েছে নিন্মাঙ্গের চারপাশে চাপ লাগা ঘনঘন মূত্রত্যাগ গ্যাস বদহজম কোষ্ঠ্যকাঠিন্য হালকা খাবার খেলেও মনে হয় পেট ভর্তি পেটে কোনো ধরনের অস্বাভাবিকতা পেটে অতিরিক্ত ব্যথা পেট ফুলে থাকা বমি বমি ভাব বা বমি হওয়া ক্ষুধা কম ওজন কম বা বেশি হওয়া যৌন মিলনে ব্যথা লাগা অতিরিক্ত ক্লান্তি এবং মেনোপজের পরও এ ধরনের কোনো সমস্যা থাকলে দ্রুত চিকিৎসকরে শরণাপন্ন হতে হবে,"এর মধ্যে রয়েছে তলপেটের চারপাশে চাপ, ঘন ঘন প্রস্রাব, গ্যাস, বদহজম, কোষ্ঠকাঠিন্য, হালকা খাবার খাওয়ার পরেও পূর্ণ বোধ করা, পেটে কোনো অস্বাভাবিকতা, অতিরিক্ত পেটে ব্যথা, ফোলাভাব, বমি বমি ভাব বা বমি, ক্ষুধা কমে যাওয়া, ওজন বৃদ্ধি বা হ্রাস, গর্ভাবস্থা, ক্লান্তি এবং মেনোপজের সময় ব্যথা।","এর অন্তর্ভুক্ত লক্ষণগুলোর মধ্যে রয়েছে নিম্নাঙ্গে চাপ অনুভব করা, ঘনঘন প্রস্রাব হওয়া, গ্যাস, বদহজম, কোষ্ঠকাঠিন্য, অল্প খাবার খেলেও পেট ভরা ভরা লাগা, পেটে অস্বাভাবিকতা বা তীব্র ব্যথা, পেট ফাঁপা, বমি বমি ভাব বা বমি হওয়া, ক্ষুধামন্দা, ওজন কমে বা বেড়ে যাওয়া, যৌনমিলনের সময় ব্যথা এবং অতিরিক্ত ক্লান্তি; মেনোপজের পরেও যদি এমন কোনো সমস্যা দেখা দেয়, তবে দ্রুত চিকিৎসকের পরামর্শ নেওয়া জরুরি।",3.446811964999142,,
যেমন সারাক্ষণ ঝুঁকে বসে পড়া কম্পিউটারে কাজ করা ইত্যাদি ধরনের কারণে মেরুদণ্ড বেঁকে শরীরের উচ্চতাকে খাটো করে,"উদাহরণস্বরূপ, সারাক্ষণ বসে থাকা অবস্থায় কম্পিউটারে কাজ করার ফলে মেরুদণ্ড বাঁকানো এবং শরীরের উচ্চতা ছোট হতে পারে।","সারাক্ষণ ঝুঁকে বসে পড়া বা কম্পিউটারে কাজ করার মতো অভ্যাসের ফলে মেরুদণ্ড বেঁকে যায়, যা শরীরের উচ্চতা কমিয়ে দেয়।",1.6842345259992726,,
তাই প্রকৃতির কাছে না যাওয়া মানে হরমোনের ভারসাম্যহীনতাকে আমন্ত্রণ জানানো,তাই প্রকৃতির কাছাকাছি না যাওয়া মানে হরমোনের ভারসাম্যহীনতাকে আমন্ত্রণ জানানো।,"অতএব, প্রকৃতির সান্নিধ্য এড়িয়ে চলা মানেই হরমোনের ভারসাম্যহীনতাকে ডেকে আনা।",1.3790533259998483,,
ফলে হিউম্যান হারপিস ভাইরাস৮ দ্রুত বংশবিস্তার করে যেহেতু রোগ প্রতিরোধ ব্যবস্থা অত্যন্ত দুর্বল থাকে বা থাকে না বললেই চলে,"ফলস্বরূপ, মানব হারপিসভাইরাস 8 দ্রুত ছড়িয়ে পড়ে কারণ ইমিউন সিস্টেম খুব দুর্বল বা অস্তিত্বহীন।","রোগ প্রতিরোধ ব্যবস্থা এতটাই দুর্বল বা অনুপস্থিত থাকে যে, এর ফলে হিউম্যান হারপিস ভাইরাস-৮ দ্রুতগতিতে বংশবিস্তার করতে সক্ষম হয়।",1.6556158889998187,,
এক্ষেত্রে হিমোগ্লোবিন লেভেল ৮ থেকে ১০ হলে সেটা মাইল্ড ৬ থেকে ৭ হলে সেটা মডারেট আর ৬ এর কম হলে সেটা সিভিয়ার লেভেল,"এই ক্ষেত্রে, হিমোগ্লোবিনের মাত্রা 8 থেকে 10 হলে তা মৃদু, 6 থেকে 7 হলে তা মাঝারি এবং 6-এর কম হলে তা গুরুতর মাত্রা।","এই পরিস্থিতিতে হিমোগ্লোবিনের মাত্রা ৮ থেকে ১০ হলে তা মৃদু, ৬ থেকে ৭ হলে মাঝারি এবং ৬-এর কম হলে গুরুতর হিসেবে গণ্য করা হয়।",1.8289500280006905,,
চিকিৎসক পরীক্ষানিরীক্ষা করে তেমন কোনো অসুবিধা পেলেন না,চিকিৎসক তাকে পরীক্ষা করে বড় ধরনের কোনো সমস্যা পাননি।,পরীক্ষা-নিরীক্ষার পর চিকিৎসক কোনো বিশেষ সমস্যা খুঁজে পাননি।,1.428761007000503,,
কোলন পলিপ নির্ণয়ের আধুনিক পরীক্ষা হচ্ছে কোলোনোস্কোপি,কোলনস্কোপি হল কোলন পলিপ নির্ণয়ের আধুনিক পরীক্ষা।,কোলন পলিপ শনাক্তকরণের জন্য বর্তমানে কোলোনোস্কোপি হলো সর্বাধুনিক পরীক্ষা পদ্ধতি।,1.6016271129992674,,
অতএব আমরা যেটা মনে করতাম ব্লাড ক্যানসার মানে মৃত্যু সেটা নয়,"অতএব, আমরা যা ভেবেছিলাম ব্লাড ক্যান্সার মানে মৃত্যু নয়।","সুতরাং, রক্তের ক্যানসার মানেই যে মৃত্যু—এই ধারণাটি ভুল।",1.2436783329994796,,
অধ্যাপক ডা ইমনুল ইসলাম শিশুরোগবিশেষজ্ঞ আলোক হেলথকেয়ার লিমিটেড মিরপুর ঢাকা,ডাঃ ইমনুল ইসলাম শিশু বিশেষজ্ঞ অলোক হেলথকেয়ার লিমিটেড মিরপুর ঢাকা,ঢাকার মিরপুরে অবস্থিত আলোক হেলথকেয়ার লিমিটেড-এর শিশুরোগ বিশেষজ্ঞ অধ্যাপক ডা. ইমনুল ইসলাম।,1.5563825709996308,,
জিহ্বার ওপর ব্যথাযুক্ত বাম্প ক্যানকার সোর বা মুখের আলসারের কারণে হতে পারে অথবা মুখের ক্যান্সারের কারণেও হতে পারে,"জিহ্বায় একটি বেদনাদায়ক বাম্প ক্যানকার ঘা বা মুখের আলসারের কারণে হতে পারে, অথবা এটি মুখের ক্যান্সারের কারণেও হতে পারে।","জিহ্বায় ব্যথাযুক্ত দানা দেখা দিলে তা ক্যানকার সোর বা মুখের আলসারের লক্ষণ হতে পারে, আবার এটি মুখের ক্যান্সারের কারণেও হতে পারে।",1.8195540029992117,,
করোনা রোগীদের উপযুক্ত চিকিৎসায় তিনি অবিলম্বে শহীদ সোহরাওয়ার্দী মেডিকেল কলেজ হাসপাতালের মতো পরিপূর্ণ চিকিৎসা প্রতিষ্ঠানকে কাজে লাগাতে পরামর্শ দেন,তিনি করোনা রোগীদের যথাযথ চিকিৎসার জন্য অবিলম্বে শহীদ সোহরাওয়ার্দী মেডিকেল কলেজ হাসপাতালের মতো সম্পূর্ণ চিকিৎসা সুবিধা ব্যবহারের পরামর্শ দেন।,করোনায় আক্রান্ত রোগীদের সঠিক চিকিৎসা নিশ্চিত করতে তিনি শহীদ সোহরাওয়ার্দী মেডিকেল কলেজ হাসপাতালের মতো পূর্ণাঙ্গ স্বাস্থ্যসেবা প্রতিষ্ঠানগুলোকে দ্রুত ব্যবহার করার পরামর্শ দিয়েছেন।,1.9780756560012378,,
শুধু যে নাকচোখ চুলকায় তা নয় অনেকের ত্বকও চুলকাতে থাকে,"শুধু চোখ ও নাক চুলকায় না, অনেকের ত্বকে চুলকানিও হয়।","শুধু নাক, চোখ বা চুলে চুলকানি হয় না, বরং অনেকের ক্ষেত্রে ত্বকেও চুলকানির অনুভূতি দেখা দেয়।",1.4309088450008858,,
সহজ ভাষায় বলতে গেলে রক্তে গ্লুকোজসুগারের মাত্রা স্বাভাবিকের চেয়ে কমে যাওয়া,"সহজ কথায়, রক্তে গ্লুকোজের মাত্রা স্বাভাবিকের চেয়ে কম।","সহজ কথায়, রক্তে গ্লুকোজ বা চিনির পরিমাণ স্বাভাবিক মাত্রার চেয়ে কমে যাওয়া।",1.5877978989992698,,
এ রোগ থেকে বাঁচতে বিশুদ্ধ পানি পান করতে হবে,এই রোগ থেকে বাঁচতে বিশুদ্ধ পানি পান করতে হবে।,এই রোগ প্রতিরোধের জন্য অবশ্যই বিশুদ্ধ পানি পান করা উচিত।,1.6915338809994864,,
 আলফা হাইড্রক্সি অ্যাসিডের মধ্যে সবচেয়ে কার্যকর হল গ্লাইকলিক অ্যাসিড এবং আখ তার একটি প্রাকৃতিক উৎস,আলফা হাইড্রক্সি অ্যাসিডের মধ্যে সবচেয়ে কার্যকর হল গ্লাইকোলিক অ্যাসিড এবং আখ এর প্রাকৃতিক উৎস।,"আখ গ্লাইকলিক অ্যাসিডের একটি প্রাকৃতিক উৎস, যা আলফা হাইড্রক্সি অ্যাসিডগুলোর মধ্যে সর্বাধিক কার্যকর।",1.4537505389998842,,
অনলাইনে যেসব গ্রুপ গড়ে উঠেছে সেখানে ওই বিষয়ের অনেক বিশেষজ্ঞও যুক্ত থাকেন,অনলাইনে যে গ্রুপগুলো তৈরি হয়েছে তার সঙ্গে সংশ্লিষ্ট বিষয়ে অনেক বিশেষজ্ঞও রয়েছেন।,ইন্টারনেটে গঠিত বিভিন্ন গ্রুপে এই বিষয়ের অসংখ্য বিশেষজ্ঞ সক্রিয়ভাবে অংশগ্রহণ করছেন।,1.5940294680003717,,
 প্রচুর পরিমাণ শাকসবজি ও ফলমূল খেতে হবে,প্রচুর পরিমাণে শাকসবজি ও ফলমূল খান।,প্রচুর পরিমাণে শাকসবজি এবং ফলমূল খাওয়া আবশ্যিক।,1.4135108190002938,,
 এর গ্লাইসেমিক ইনডেক্সও খুব কম,এর গ্লাইসেমিক ইনডেক্সও খুব কম।,এটির গ্লাইসেমিক সূচক অত্যন্ত নিম্ন।,1.292783225999301,,
এর মধ্যে থাকা অ্যান্টিস্পাজমোডিক পেশির খিঁচুনি নিয়ন্ত্রণ করে,এতে থাকা অ্যান্টিস্পাসমোডিক পেশীর খিঁচুনি নিয়ন্ত্রণ করে।,এতে বিদ্যমান অ্যান্টিস্পাজমোডিক উপাদান পেশীর খিঁচুনি কমাতে সাহায্য করে।,1.450079801999891,,
প্রোটিনজাতীয় খাবার এ ধরনের হঠাৎ ক্ষুধার তীব্র অনুভূতি কমিয়ে দেয়,প্রোটিন জাতীয় খাবার হঠাৎ ক্ষুধার্ত ব্যথা কমায়।,প্রোটিন সমৃদ্ধ খাদ্য এই ধরণের আকস্মিক ও তীব্র ক্ষুধার অনুভূতি হ্রাস করতে সাহায্য করে।,1.1832111029998487,,
আতঙ্কগ্রস্ত হওয়ার দরকার নেই তবে আমাদের অবশ্যই সতর্কতামূলক ব্যবস্থা নিতে হবে,"আতঙ্কিত হওয়ার দরকার নেই, তবে আমাদের অবশ্যই সতর্কতামূলক ব্যবস্থা নিতে হবে।","ভয়ে আতঙ্কিত হওয়ার কোনো প্রয়োজন নেই, তবে আমাদের সতর্কতামূলক পদক্ষেপ গ্রহণ করা জরুরি।",1.5197499209989473,,
সারা বছর পাওয়া গেলেও শীতে এই ফল পাওয়া যায় সবচাইতে বেশি,সারা বছর পাওয়া গেলেও শীতকালে এই ফলটি সবচেয়ে বেশি পাওয়া যায়।,সারা বছর এই ফল পাওয়া গেলেও শীতকালেই এর প্রাপ্যতা সবচেয়ে বেশি।,1.3414377409990266,,
তবে এভাবে বারবার চা গরম বা ফুটিয়ে পানের অভ্যাস একেবারেই ভালো নয়,তবে এভাবে বারবার চা গরম বা ফুটানোর অভ্যাস মোটেও ভালো নয়।,কিন্তু চা বারবার গরম করা বা ফুটিয়ে খাওয়ার এই অভ্যাসটি স্বাস্থ্যের জন্য মোটেও উপকারী নয়।,1.5583512419998442,,
এই ঘটনাটি যদি একটু বিস্তারিত ব্যাখ্যা করা যায় তাহলে দেখা যাচ্ছে যে একই পরিবারে প্রথম ২ জনের কোভিড১৯ শনাক্তকরণ টেস্টের জটিলতায় পরবর্তী ৫ জন লক্ষ্মণ প্রকাশের পর টেস্টই করাননি,এই ঘটনাটিকে আরেকটু বিস্তারিতভাবে ব্যাখ্যা করা গেলে দেখা যাচ্ছে যে কোভিড-১৯ শনাক্তকরণ পরীক্ষার জটিলতার কারণে একই পরিবারের প্রথম ২ জন পরবর্তী ৫ জনের সংস্পর্শে আসার পর পরীক্ষা করা হয়নি।,"এই বিষয়টি একটু বিস্তারিতভাবে আলোচনা করলে দেখা যায় যে, ওই পরিবারের প্রথম দুই সদস্যের কোভিড-১৯ পরীক্ষার জটিলতার কারণে বাকি পাঁচজন লক্ষণ প্রকাশের পরেও পরীক্ষা করাননি।",2.1917472100012674,,
এই সামিটে ডিজিটাল হেলথকেয়ার সলিউশানসের মূল বক্তব্য কী ছিল,এই শীর্ষ সম্মেলনে ডিজিটাল হেলথকেয়ার সলিউশনের মূল বক্তব্য কী ছিল?,এই শীর্ষ সম্মেলনে ডিজিটাল স্বাস্থ্যসেবা সমাধানের প্রধান আলোচ্য বিষয় কী ছিল?,1.0985234700001456,,
নিয়মিত ব্যায়াম করুন এবং স্বাস্থ্যকর খাবার খান,নিয়মিত ব্যায়াম করুন এবং স্বাস্থ্যকর খাবার খান।,নিয়মিত শারীরিক চর্চা করুন এবং পুষ্টিকর খাদ্য গ্রহণ করুন।,1.518378673999905,,
পুরো মুরগি কালো হলেও এই মুরগির ডিম কিন্তু কালো নয়,"পুরো মুরগি কালো হলেও, এই মুরগির ডিম কালো নয়।",মুরগিটি সম্পূর্ণ কালো হলেও তার ডিম কালো নয়।,1.3669757070001651,,
