serial_no,exam_name,question,options/A,options/B,options/C,options/D,answer,explanation
752,MAT 2014-2015,নিচের কোনটি ভ্রূণীয় এক্টোডার্ম স্তর থেকে তৈরি হয়?,লোহিত কণিকা,থাইমাস,কেন্দ্রীয় স্নায়ুতন্ত্র,অস্থি সন্ধি,C,"তিনটি ভ্রূণীয় স্তর ও তাদের পরিণতি:
ভ্রূণীয় স্তর → পরিণতি
এক্টোডার্ম → ত্বক, চুল, নখ, স্নায়ুতন্ত্র, চোখের অংশ, পায়ুর আবরণ
মেসোডার্ম → কঙ্কাল, পেশি, রক্ত, লসিকা, যোজক কলা, জনন ও রেচনতন্ত্র
এন্ডোডার্ম → পাকস্থলী, অন্ত্র, শ্বাসতন্ত্র, থাইরয়েড, থাইমাস, অগ্ন্যাশয়, যকৃত"
153,DAT 2024-2025,ট্রিপসিন জারকের জন্যে সঠিক কোনটি?,এন্টারোকাইনেজের উপস্থিতিতে সক্রিয় হয়,লিপিডের উপর কাজ করে,হাইড্রোক্লোরিক এসিডের মাধ্যমে সক্রিয় হয়,পাকস্থলিতে নিঃসৃত হয়,A,"ট্রিপসিন অগ্ন্যাশয় থেকে নিঃসৃত হয়, এন্টারোকাইনেজের উপস্থিতিতে সক্রিয় হয়, প্রোটিনের উপর কাজ করে, কাইমোট্রিপসিনোজেনকে সক্রিয় করে।"
901,MAT 2024-2025,কোন চক্রের মাধ্যমে যকৃতে ইউরিয়া তৈরী হয়?,কার্বন চক্র,অরনিথিন চক্র,ক্রেবস চক্র,নাইট্রোজেন চক্র,B,"অরনিথিন চক্র এ প্রক্রিয়ায় যকৃত অত্যন্ত বিষাক্ত NH3 কে শর্করা বিপাকে সৃষ্ট CO2 এর সাথে যুক্ত করে ইউরিয়া তৈরি করে, যা মূত্ররূপে দেহ হতে নিষ্কাশিত হয়। NH3 + CO2 → ইউরিয়া।"
188,AFMC 2021-2022,কোন প্রক্রিয়ায় RNA হতে DNA তৈরি হয়?,রিভার্স ট্রান্সক্রিপশন,ট্রান্সলেশন,ট্রান্সক্রিপশন,রেপ্লিকেশন,A,বিভার্স ট্রান্সক্রিপশন প্রক্রিয়ায় ভাইরাল RNA থেকে কমপ্লিমেন্টারি DNA তৈরী করা হয়।
57,MAT 2020-2021,কোনটি ভাইরাস বৃদ্ধিতে বাঁধা দেয়?,Interferon,Lactorine,Lysozyme,Defensin,A,ইন্টারফেরন হলো প্রতিরক্ষামূলক প্রোটিন যা ভাইরাস আক্রান্ত কোষে উৎপন্ন হয়ে ভাইরাসের সংখ্যাবৃদ্ধিতে বাঁধা দেয়। এটি ক্যান্সার আক্রান্ত কোষের বৃদ্ধিতেও বাঁধা দিয়ে থাকে।
62,MAT 2020-2021,কোনটি আমিষ পরিপাককারী (digesting) এনজাইম?,Lipase,Pepsin,Lactase,Isomaltase,B,"Lipase → স্নেহ পরিপাককারী এনজাইম।
Isomaltase, Lactase → শর্করা পরিপাককারী এনজাইম।
Pepsin, Trypsin, Chymotrypsin, Aminopeptidase, Carboxypeptidase, Tri/Di-peptidase প্রভৃতি → আমিষ পরিপাককারী এনজাইম।"
446,MAT 2015-2016,মানুষের নবম জোড়া করোটিক স্নায়ুর নাম কী?,হাইপোগ্লোসাল,স্পাইনাল অ্যাকসেসরি,অ্যাবডুসেন্স,গ্লাসোফ্যারিঞ্জিয়াল,D,"গ্লসোফ্যারিঞ্জিয়াল স্নায়ু নবম করোটিক স্নায়ু।
 অন্যান্য অপশন সম্পর্কিত তথ্য:
অ্যাবডুসেন্স স্নায়ু ষষ্ঠ করোটিক স্নায়ু
হাইপোগ্লোসাল স্নায়ু → ১২তম করোটিক স্নায়ু
স্পাইনাল অ্যাকসেসরি স্নায়ু ১১তম করোটিক স্নায়ু"
545,MAT 1989-1990,বৃক্কে বিদ্যমান-,নেফ্রন,নিউরন,মূত্রথলি,ল্যাঙ্গারহ্যান্স এর দ্বীপপুঞ্জ,A,বৃক্কের গাঠনিক ও কার্যকরী একক হচ্ছে নেফ্রন।
973,AFMC 2019-2020,দ্বিপদ নামকরণের জনক কে?,ক্যারোলাস লিনিয়াস,বেন্থাম হুকার,থিওফ্রাস্টাস,মেন্ডেল,A,"দ্বি-পদ নামকরণের জনক: ১৭৫৮ সালে সুইডিস বিজ্ঞানী ক্যারোলাস লিনিয়াস
প্রাণিদের দ্বিপদ নামকরণের নীতি প্রবর্তন করেন। এ জন্য তাকে দ্বি-পদ নামকরনের
জনক বলা হয়।"
305,AFMC 2015-2016,অ্যানিমাল পোলের ক্ষেত্রে কোনটি সঠিক?,ভ্রূণের অংশে বড় বড় কোষ থাকে,প্রাথমিক জীবাণুস্তর তৈরি করেনা,এতে বৃহৎ পরিমাণে কুসুম কোষ রয়েছে,কোষগুলো অনেক দ্রুত বিভাজিত হয়,D,"উন্নয়ন জীববিজ্ঞানে, ভ্রূণ Animal Pole এবং Vegetal Pole নামে দুই ভাগে বিভক্ত হয়।
Animal Pole এ ছোট ছোট কোষ থাকে এবং দ্রুত বিভাজিত হয়।
Vegetal Pole নিচের অংশে থাকে এবং এতে বেশি পরিমাণে কুসুম কোষ থাকে।"
260,DAT 2020-2021,নিচের কোন হরমোনটি রক্তে সোডিয়ামের মাত্রা নিয়ন্ত্রণ করে?,গ্লুকাগন,অ্যালডোস্টেরন,এনজিওটেনসিন,রেনিন,B,"রেনিন - নিষ্ক্রিয় অ্যানজিওটেনসিনোজেনকে সক্রিয় অ্যানজিওটেনসিনে পরিণত করে।
অ্যানজিওটেনসিন - অ্যাড্রেনাল কর্টেক্স থেকে অ্যালডোস্টেরন ক্ষরণকে উদ্দীপিত করে।
গ্লুকাগন - রক্তে গ্লুকোজের পরিমাণ বৃদ্ধি করে।"
254,MAT 2019-2020,হাইড্রার কোন অংশে নিডোসাইট কোষ সবচেয়ে বেশি থাকে?,দেহ প্রাচীর,কর্ষিকা,দেহ কাণ্ড,পাদ-চাকতি,B,"Hydra-র পাদচাকতি ব্যতীত দেহের সর্বত্র নিডোসাইট কোষ বিদ্যমান থাকে। তবে, কর্ষিকাতে এদের সংখ্যা অধিক।"
666,MAT 2004-2005,ইন্টারফেরনের কাজ নয় কোনটি?,অনাক্রম্যতন্ত্রকে নিয়ন্ত্রণ করা,অ্যান্টিবডি উৎপাদনে বাঁধা দেওয়া,হরমোন উৎপাদনে সাহায্য করা,NK কোষের ক্ষমতা ও বংশবৃদ্ধি করা,C,ইন্টারফেরন হলো ভাইরাস আক্রান্ত কোষ থেকে নিঃসৃত ক্ষুদ্র গ্লাইকোপ্রোটিন। এটি সুস্থ কোষকে ভাইরাস আক্রমণের বিরুদ্ধে প্রতিরোধী করে তোলে। তবে এটি হরমোন উৎপাদনে সাহায্য করে না।
345,DAT 2017-2018,"মানব পিত্তরস সম্বন্ধে নিচের কোন তথ্যটি সঠিক, ইহা-",একটি অম্লীয় তরল,এনজাইম সমৃদ্ধ,পাকস্থলিতে পরিপাকে সহায়তা করে,যকৃতে তৈরি হয়,D,যকৃত কোষ (হেপাটোসাইট) অনবরত পিত্তরস ক্ষরণ করে এবং পিত্তথলিতে জমা রাখে। পিত্তরস ক্ষার জাতীয় তরল পদার্থ। এতে কোন এনজাইম থাকে না। পিত্তরসের সোডিয়াম বাইকার্বনেট উপাদানটি পাকস্থলী থেকে আগত HCI কে প্রশমিত করে ক্ষারীয় পরিবেশ সৃষ্টি করে যা ক্ষুদ্রান্ত্রে বিভিন্ন এনজাইমের কার্যকারিতার জন্য অত্যন্ত প্রয়োজন।
603,MAT 2001-2002,হার্ডেরিয়ান গ্রন্থির অবস্থান যেখানে-,ক্ষুদ্রান্ত,চক্ষু,অ্যাড্রেনাল,অগ্ন্যাশয়,B,হার্ডেরিয়ান গ্রন্থি চোখের সাথে যুক্ত থাকে। এটি চোখের অশ্রুগ্রন্থি এবং চোখের আদ্রতা বজায় রাখতে সাহায্য করে।
128,AFMC 2017-2018,রেটিনার কোন ধরনের কোষ থেকে অপটিক স্নায়ু তৈরী হয়?,রড কোষ,কোণ কোষ,বাইপোলার নিউরন,গাংগ্লিওন কোষ,D,"রেটিনা রড কোষ ও কোণ কোষ নামক দুই ধরনের কোষ নিয়ে গঠিত। রেটিনার দশটি উপস্তর রয়েছে। রেটিনায় বস্তুর প্রতিবিম্ব তৈরী হয়। রেটিনা থেকে অপটিক স্নায়ু তৈরী হয়, যা দর্শন অনুভূতি মস্তিষ্কে প্রেরণ করে। রেটিনার গাংগ্লিওন কোষ থেকে অপটিক স্নায়ু তৈরী হয়।"
696,DAT 2009-2010,নিম্নের কোনটি সঠিক নয়?,লালারসে টায়ালিন নামক উৎসেচক উপস্থিত থাকে,প্রতিদিন প্রায় 2 লিটার গ্যাস্ট্রিক রস নিঃসৃত হয়,মিউসিন HCl-এর ক্ষতিকর ভূমিকা থেকে পাকস্থলি প্রাচীরকে রক্ষা করে,হাইড্রোক্লোরিক এসিডের উপস্থিতি পেপসিনের কার্যক্রমকে বাধাগ্রস্ত করে,D,"HCl এর উপস্থিতিতে নিষ্ক্রিয় পেপসিনোজেন সক্রিয় পেপসিনে রূপান্তরিত হয়, ফলে হাইড্রোক্লোরিক এসিড পেপসিনের কার্যক্রম বাধাগ্রস্ত করে না বরং সক্রিয় করে।"
991,AFMC 2019-2020,মানবদেহে কোন ইউমিউনোগ্লোবিউলিন অনুপস্থিত?,IgB,IgM,IgD,IgA,A,"ইংরেজি শব্দ ইমিউনোগ্লোবিন (Immunoglobulin)-এর সংক্ষিপ্ত রূপ Ig-এর সাথে একটি ইংরেজি বর্ণযোগ করে একেকটি শ্রেণীকে নির্দেশ করা হয়। এই ৫টি শ্রেণী হল IgG, IgM, IgA, IgD, এবং IgE। এই পাঁচ শ্রেণীর প্রতিরক্ষিকা কেবল এদের কাঠামোর অপরিবর্তনশীল অঞ্চলের গঠনেই নয়, বরং কর্মস্থল অনুযায়ীও ভিন্ন হয়।"
816,MAT 2022-2023,মানবদেহে কোনটি লুপ্তপ্রায় অংগ?,থাইরয়েড গ্ল্যান্ড,থাইমাস,স্ক্যাপুলা,ক্যানাইন দাঁত,B,"মানবদেহের লুপ্তপ্রায় অঙ্গগুলো হলো থাইমাস গ্রন্থি, আক্কেল দাঁত, কর্তন দাঁত, পুচ্ছাস্থি, গায়ের লোম, উপপল্লব ইত্যাদি।"
372,MAT 2018-2019,কোনটি মানুষের পশ্চাৎ মস্তিষ্কের অংশ নয়?,মেডুলা অবলংগাটা,পনস,সেরেবেলাম,থ্যালামাস,D,"পশ্চাৎ মস্তিষ্কের অংশসমূহ: সেরেবেলাম, মেডুলা অবলংগাটা, পনস।
অগ্রমস্তিষ্কের অংশ: সেরেব্রাম, থ্যালামাস, হাইপোথ্যালামাস।
মধ্যমস্তিষ্কের অংশ: টেকটাম, সেরেব্রাল অ্যাকুইডাক্ট, কর্পোরা কোয়াড্রিজেমিনা, সেরেব্রাল পেডাঙ্কল।"
522,MAT 2006-2007,স্বরতন্ত্রীর অবস্থান হচ্ছে-,গলবিল,ট্রাকিয়া বা শ্বাসনালি,নাসাগহ্বর,ল্যারিংক্স,D,"স্বরযন্ত্র বা ল্যারিংস:
এটি শ্বাসনালিতে উন্মুক্ত হয়।
এর দুপাশে ২টি করে পাতলা মাংসপেশি আছে, এরাই স্বরতন্ত্রী বা ভোকাল কর্ড (Vocal cord)।
এটি কয়েকটি তরুণাস্থি দ্বারা গঠিত। এদের মধ্যে থাইরয়েড তরুণাস্থি সবচেয়ে বড়।
স্বরযন্ত্রের উপরিভাগের জিহ্বাকৃতির ঢাকনাকে উপজিহ্বা বা এপিগ্লটিস (epiglottis) বলা হয়।"
405,MAT 2017-2018,হেনলির লুপের অবস্থান বৃক্কের কোথায়?,বৃক্কীয় নালিকায়,রেনাল করপাসলে,এফারেন্ট ধমনিকাতে,ইফারেন্ট ধমনিকাতে,A,"বৃক্কের কার্যকরী একক নেফ্রন। নেফ্রণের ২টি প্রধান অংশ:
i. রেনাল করপাসল (২টি অংশ):
রেনাল ক্যাপসুল
গ্লোমেরুলাস
ii. রেনাল টিউব্যুল (৪টি অংশ):
প্রক্সিমাল প্যাঁচানো নালিকা
লুপ অব হেনলি
ডিস্টাল প্যাঁচানো নালিকা
সংগ্রাহী নালী"
412,MAT 2016-2017,ফিলোসফিকা জুওলজিক' গ্রন্থের রচয়িতা কে?,ডারউইন,ল্যামার্ক,দ্য ভিস,ভাইজম্যান,B,"ল্যামার্ক ছিলেন একজন ফরাসি দার্শনিক ও প্রকৃতিবিজ্ঞানী।
তার লেখা ‘ফিলোসফিকা জুওলজিক’ (১৮০৯) গ্রন্থে ল্যামার্কিজম মতবাদ প্রকাশিত হয়।"
482,AFMC 2020-2021,"চিকিৎসাবিদ্যার কোন শাখায় স্থূলতার কারণ, প্রতিরোধ ও চিকিৎসা সম্বন্ধে আলোচনা করা হয়?",Obesity,Geriatrics,Bariatrics,Pediatrics,C,"চিকিৎসাবিদ্যার যে শাখায় স্থূলতার কারণ, প্রতিরোধ ও চিকিৎসা সম্বন্ধে আলোচনা করা হয় তাকে Bariatrics বলা হয়।
অন্যান্য অপশন সম্পর্কিত তথ্য:
Obesity: স্থূলতা।
Geriatrics: বয়স্ক মানুষের চিকিৎসাবিদ্যা।
Pediatrics: শিশুদেহের চিকিৎসাবিষয়ক শাখা।"
170,DAT 2024-2025,কোন গ্রন্থি আমিষ শোষণ নিয়ন্ত্রণ করে?,যকৃত,অগ্ন্যাশয়,থাইমাস,থাইরয়েড,D,কার্বোহাইড্রেট শোষণ নিয়ন্ত্রণ করে -> ইনসুলিন এবং গ্লুকোকটিকয়েড হরমোন। আমিষ এবং লিপিড শোষণ নিয়ন্ত্রণ করে -> থাইরক্সিন হরমোন যা থাইরয়েড গ্রন্থি থেকে নিঃসৃত হয়।
836,DAT 2021-2022,আমাদের জাতীয় পাখির বৈজ্ঞানিক নাম কি?,Gracula religiosa,Copsychus saularis,Passer domesticus,Columba livia,B,আমাদের জাতীয় পাখি দোয়েলের বৈজ্ঞানিক নাম Copsychus saularis
78,AFMC 2019-2020,পেসমেকারে কোন ব্যাটারি ব্যবহৃত হয়?,লিথিয়াম,লেড,পটাশিয়াম,কার্বনিয়াম,A,"একটি লিথিয়াম ব্যাটারি, কম্পিউটারাইজড জেনারেটর ও শীর্ষেসেন্সরযুক্ত কতগুলো তার নিয়ে একটি পেসমেকার গঠিত হয়।"
966,MAT 2020-2021,ভ্রূণে লোহিত কণিকাসমূহ নিম্নের কোথায় তৈরি হয়?,থাইমাস,অগ্ন্যাশয়,প্লীহা,অস্থি মজ্জা,"A,C","ভ্রূণীয় জীবনে লোহিত কণিকাসমূহ কুসুম থলি (৩ সপ্তাহ বয়সে) যকৃত, প্লীহা ও থাইমাস (৬ মাস বয়স পর্যন্ত) থেকে উৎপন্ন হয়। আর, ভূমিষ্ট হওয়ার সময় থেকে পশুকা, কশেরুকা, স্টার্নাম ও শ্রোণিচক্রের লাল অস্থিমজ্জায় অবস্থিত বড় নিউক্লিয়াসযুক্ত এরিথ্রোব্লাস্ট নামক স্টেমকোষ থেকে অবিরাম লোহিত কণিকা সৃষ্টি হয়।"
83,AFMC 2019-2020,অত্যাবশ্যকীয় অ্যামিনো এসিড নয় কোনটি?,হিস্টিডিন,আইসোলিউসিন,লাইসিন,অ্যালানিন,C,"খাদ্যে উপস্থিতির প্রয়োজনীয়তার ভিত্তিতে অ্যামিনো অ্যাসিড দুই ভাগে বিভক্ত। যথা-
১। অত্যাবশ্যকীয় অ্যামিনো অ্যাসিড। এরা দেহাভ্যন্তরে সংশ্লেষিত হয় না। উদাহরণ- লিউসিন, আইসোলিউসিন, লাইসিন, থ্রিওনিন, ভ্যালিন, মেথিওনিন, ফিনাইল অ্যালানিন এবং ট্রিপটোফ্যান (৮টি)। শিশুদের জন্য অত্যাবশ্যকীয় অ্যামিনো অ্যাসিড ১০টি। অতিরিক্ত- আরজিনিন ও হিস্টিডিন।
২। অনাত্যাবশ্যকীয় অ্যামিনো অ্যাসিড: এরা দেহাভ্যন্তরে সংশ্লেষিত হতে পারে। সংখ্যায় ১২টি এবং শিশুদের ক্ষেত্রে ১০টি।"
738,MAT 2015-2016,কোন ভিটামিন পানিতে দ্রবণীয়?,ভিটামিন A,ভিটামিন D,ভিটামিন B কমপ্লেক্স,ভিটামিন K,C,পানিতে দ্রবণীয় ভিটামিন হলো ভিটামিন B এবং ভিটামিন C।
904,MAT 2024-2025,এনজিওপ্লাস্টি করলে কি হয়?,হৃদস্পন্দন বৃদ্ধি পায়,সরু ধমনী প্রশস্ত হয়,হৃদস্পন্দনের গতি ধীর হয়,রক্ত সঞ্চালনের গতি বৃদ্ধি পায়,B,বড় ধরণের অস্ত্রোপচার না করে সংকীর্ণ লুমেনযুক্ত বা রুদ্ধ হয়ে যাওয়া করোনারি ধমনি পুনরায় প্রশস্ত লুমেনযুক্ত করা বা উন্মুক্ত করার পদ্ধতিকে এনজিওপ্লাস্টি বলে। এনজিওপ্লাস্টির উদ্দেশ্য হচ্ছে সরু বা বন্ধ হয়ে যাওয়া লুমেনের ভিতর দিয়ে হৃৎপিন্ডে পর্যাপ্ত O₂ সরবরাহ নিশ্চিত করে হৃৎপিন্ড ও দেহকে সচল রাখা।
291,DAT 2019-2020,নিচের কোন গ্রন্থিটি ক্যালসিয়াম বিপাকে সহায়তা করে?,প্যারাথাইরয়েড,থাইরয়েড,পিটুইটারি,অ্যাড্রেনাল,A,প্যারাথাইরয়েড গ্রন্থি থেকে নিঃসৃত প্যারাথাইরয়েড হরমোন বা প্যারাথরমোন বা প্যারাথাইরিন এর প্রধান কাজ ক্যালসিয়াম ও ফসফরাসের বিপাক নিয়ন্ত্রণ। এটি বৃক্কে ক্যালসিয়ামের পুনঃশোষণ বাড়িয়ে দিয়ে রক্তে ক্যালসিয়ামের মাত্রা বাড়ায় এবং ফসফেটের মাত্রা কমায়। থাইরয়েড গ্রন্থি নিঃসৃত ক্যালসিটোনিন রক্তে ক্যালসিয়ামের মাত্রা কমায়।
311,DAT 2018-2019,সিফিলিস রোগের জন্য দায়ী নিচের কোনটি?,Treponema pallidum,Neisseria gonorrhoeae,Treponema vagmalis,Trichomonas vaginalis,A,"যৌনবাহিত রোগের জীবাণু:
সিফিলিস → Treponema pallidum
গনোরিয়া → Neisseria gonorrhoeae
এইডস → HIV"
849,MAT 2021-2022,কোন এনজাইম আমিষ পরিপাকে সাহায্য করে?,ল্যাকটেজ,ট্রিপসিন,অ্যামাইলেজ,লাইপেজ,B,"ট্রিপসিন এনজাইম আমিষ পরিপাকে সাহায্য করে। ল্যাকটেজ, অ্যামাইলেজ এনজাইম শর্করা পরিপাকে সাহায্যে করে। লাইপেজ ফ্যাট পরিপাকে সাহায্য করে।"
100,AFMC 2018-2019,নিচের কোন প্রাণীটি ত্রিস্তরী?,অ্যামিবা,কেঁচো,হাইড্রা,ম্যালেরিয়া জীবাণু,B,"ত্রিস্তরী প্রাণীর উদাহরণ: কৃমি, শামুক, অক্টোপাস, কেঁচো,
জোঁক, চিংড়ি, মৌমাছি, ব্যাঙ, হাতি, মানুষ সবাই ত্রিস্তরী প্রাণী।"
490,MAT 2002-2003,শোষিত খাদ্যবস্তুর প্রোটোপ্লাজমে রূপান্তরকে বলে-,পরিপাক,শোষণ,আত্তীকরণ,অধিশোষণ,C,"আত্তীকরণ হলো শোষিত খাদ্যবস্তুর প্রোটোপ্লাজমে রূপান্তরের প্রক্রিয়া।
অন্যান্য অপশন:
পরিপাক — খাদ্যবস্তু গলাধঃকরন ও এনজাইমের সহায়তায় ভাঙ্গন।
শোষণ — খাদ্য পরিপাকের পর রক্তনালীর মাধ্যমে সারা দেহে ছড়িয়ে যাওয়ার প্রক্রিয়া।
অধিশোষণ — কোনো পদার্থের অন্য একটি পদার্থের পৃষ্ঠতলে সঞ্চিত বা কেন্দ্রীভূত হওয়া, অভ্যন্তরে প্রবেশ না করা।"
421,MAT 2016-2017,কোনটি ক্ষুদ্রান্ত্রের অংশ নয়?,ডিওডেনাম,ইলিয়াম,এপেনডিক্স,জেজুনাম,C,ক্ষুদ্রান্ত্রের তিনটি অংশ। যথা- ১) ডিওডেনাম ২) জেজুনাম ৩) ইলিয়াম। আর বৃহদান্ত্রের ৩টি অংশ হলো- ১) সিকাম ২) কোলন ৩) মলাশয়। সিকামের সাথে এপেনডিক্স সংযুক্ত থাকে। এপেনডিক্স একটি নিষ্ক্রিয় অঙ্গ যা উদরীয় টনসিল নামেও পরিচিত।
835,DAT 2021-2022,কোনটি Live attenuated ভ্যাক্সিন?,হাম,হেপাটাইটিস বি,টিটেনাস,ইনফ্লুয়েঞ্জা,A,"মিজলজ (হাম) → Live attenuated vaccine,
হেপাটাইটিস বি → Subunut vaccine,
টিটেনাস → Toxoid vaccine,
ইনফ্লুয়েঞ্জা → Killed or Inactivated vaccine."
766,AFMC 2020-2021,সন্তান প্রসবে কোন হরমোন সাহায্য করে?,অক্সিটোসিন,অক্সিন,টেস্টোস্টেরন,গোনাডোট্রপিন,A,শিশু প্রসব: ৪০তম সপ্তাহে অক্সিটসিন ও প্রোস্টাগ্লান্ডিন হরমোন দুটির সক্রিয়তায় জরায়ুর সংকোচন ঘটে। ফলে শিশু জরায়ু থেকে বাইরে আসতে পারে। এটি ৩টি ধাপে সম্পন্ন হয়।
782,MAT 2017-2018,স্ত্রী রুইমাছ ডিম পাড়ে কখন?,জানুয়ারি-মার্চ মাস,ফেব্রুয়ারি-মে মাস,জুন-আগস্ট মাস,সেপ্টেম্বর-জানুয়ারি মাস,C,স্ত্রী রুইমাছ সাধারণত বর্ষাকাল (জুন-জুলাই) মাসে প্রজননের জন্য তৈরি হয় এবং ডিম পাড়ে।
935,DAT 2021-2022,কোনটি Live attenuated ভ্যাক্সিন?,হাম,হেপাটাইটিস বি,টিটেনাস,ইনফ্লুয়েঞ্জা,A,"মিজলজ (হাম) → Live attenuated vaccine,
হেপাটাইটিস বি → Subunut vaccine,
টিটেনাস → Toxoid vaccine,
ইনফ্লুয়েঞ্জা → Killed or Inactivated vaccine."
982,AFMC 2019-2020,কত BMI কে স্বাভাবিক ওজন হিসেবে ধরা হয়?,25.2-29.1,21.5-23.9,18.5-24.9,10.1-14.8,C,"ওজন (কি.গ্রা.) / উচ্চতা (মিটার) → শ্রেনী
< ১৮.৫০→ওজনহীনতা
১৮.৫০ – ২৪.৯ → স্বাভাবিক
২৫.০০ – ২৯.৯ → ওজনাধিক্য
৩০.০০ – ৩৪.৯ → গ্রেড-১ স্থুলতা
৩৫.০০ – ৩৯.৯→ গ্রেড-২ স্থুলতা
> ৪০.০০ →গ্রেড-৩ স্থুলতা/ রোগ গ্রস্থ চূড়ান্ত পর্যায়ের স্থুলতা"
548,MAT 2010-2011,মানুষের গ্লোমেরুলাসে পরিদ্রুত মূত্র ADH এর প্রভাব ছাড়া নিম্নের (%) কতভাগ পুনঃশোষণ প্রক্রিয়ায় নেফ্রনের প্রক্সিমাল প্যাঁচানো নালিকায় শোষিত হয়?,20,40,60,80,C,"নেফ্রনের প্রক্সিমাল প্যাঁচানো নালিকায় প্রায় 60% পুনঃশোষণ ঘটে, বাকি 40% লুপ অব হেনলি, ডিস্টাল প্যাঁচানো নালিকা ও সংগ্রাহী নালিকায় শোষিত হয়।"
339,DAT 2017-2018,মোলার দাঁতের কাজ কোনটি?,খাবার টুকরা করা ও ছেঁড়া,খাবার টুকরা করা ও পেষণ করা,খাবার চর্বন করা ও পেষণ করা,খাবার ছোঁড়া ও চর্বন করা,B,"মোলার দাঁতের কাজ হচ্ছে খাবার টুকরা করা ও পেষণ করা, যা খাবারের পরিপাক প্রক্রিয়ায় সহায়তা করে।"
197,AFMC 2021-2022,প্যানক্রিয়াসের আইলেটস অব ল্যাঙ্গার হ্যান্স এর কোন কোষ (Cells) থেকে ইনসুলিন নিঃসৃত হয়?,আলফা কোষ,ডেলটা কোষ,পিপি কোষ,বিটা কোষ,D,আলফা কোষ থেকে গ্লুকাগন এবং বিটা কোষ থেকে ইনসুলিন নিঃসৃত হয়।
970,MAT 2020-2021,গ্রোথ হরমোন কোথায় তৈরি হয়?,Thalamus,Hypothalamus,Adrenal gland,Pituitary gland,D,"অগ্র পিটুইটারি গ্রন্থি থেকে বৃদ্ধিপোষক হরমোন (STH) বা Growth hormone তৈরি ও নিঃসৃত হয়। অগ্র পিটুইটারি গ্রন্থি থেকে আর যে সব হরমোন নিঃসৃত হয়- Prolactin, LH, ACTH, TSH, FSH ।"
354,DAT 2016-2017,সেরেব্রামের দুটি খণ্ডকে সংযোগকারী স্নায়ু গুচ্ছের নাম-,কর্পাস অ্যালবিকান্স,কর্পাস অ্যাটরেটিকাম,কর্পাস ক্যালোসাম,কর্পাস লুটিয়াম,C,কর্পাস ক্যালোসাম সেরেব্রামের দুটি খণ্ডকে সংযুক্ত করে।
572,MAT 2009-2010,নিম্নের কোন অস্থিতে মজ্জা গহ্বর নাই?,ইশ্চিয়াম,স্টার্নাম,কারপাল,ক্ল্যাভিকল,D,"ক্ল্যাভিকল অস্থিতে মজ্জা গহ্বর থাকে না, এটি পরিবর্তিত দীর্ঘ অস্থি।"
94,AFMC 2019-2020,দেহের ভারসাম্য রক্ষা করে কোনটি?,বহিঃকর্ণ,অন্তঃকর্ণ,মধ্যাকর্ণ,কোনটিই নয়,B,
353,DAT 2016-2017,পাকস্থলিতে কোন করোটিক স্নায়ুর কার্যক্রম বিদ্যমান?,অপটিক,অডিটরি,ভেগাস,অকুলোমোটর,C,"ভেগাস স্নায়ু স্বরযন্ত্র, হৃৎপিণ্ড, পাকস্থলি ও ফুসফুসে কার্যক্রম পরিচালনা করে।"
127,AFMC 2017-2018,মুখমন্ডলীয় অস্থিতে প্যালেটিন এর সংখ্যা কত?,৫,২,১,৮,B,মুখমন্ডলীয় অস্থিতে প্যালেটিন আছে-২টি
202,AFMC 2021-2022,শ্বসনতন্ত্রের উৎপত্তি কোথা থেকে হয়?,Endoderm,Ectoderm,Mesoderm,Teloderm,A,শ্বসনতন্ত্রের উৎপত্তি এন্ডোডার্ম থেকে হয়।
154,DAT 2024-2025,পূর্ণবয়স্ক সুস্থ মানুষের দু'টি ফুসফুসে আলভিওলাসের সংখ্যা কত?,২৫০ মিলিয়ন,৫০০ মিলিয়ন,৩০০ মিলিয়ন,৭০০ মিলিয়ন,D,"নবজাতক শিশুর ফুসফুসে ২০ মিলিয়ন, ৮ বছরের শিশুর ৩০০ মিলিয়ন এবং একজন পূর্ণবয়স্ক মানুষের ফুসফুসে প্রায় ৭০০ মিলিয়ন অ্যালভিওলাই থাকে।"
990,AFMC 2019-2020,গ্রন্থিরাজ বলা হয় কোনটিকে?,শুক্রাশয়,অগ্নাশয়,পিটুইটারি,লালা,C,"পিটুইটারি গ্রন্থি মস্তিষ্কের নিচের অংশে অবস্থিত। দেহের সবচেয়ে বেশি গুরুত্বপূর্ণনালিবিহীন গ্রন্থি হলেও এটি আকারে সবচেয়ে ক্ষুদ্র। এই গ্রন্থি থেকে গোনাডোট্রপিক, সোমাটোট্রপিক, থাইরয়েড উদ্দীপকে হরমোন, এডরেনোকর্টিকোট্রপিন ইত্যাদি হরমোন নিঃসৃতসৃ হয়। এই গ্রন্থি থেকে নিঃসৃতসৃ হরমোন সংখ্যায় যেমন বেশি, অপরদিকে অন্যান্য গ্রন্থির ওপর এসব হরমোনের প্রভাবও বেশি। এজন্য পিটুইটারি গ্রন্থিকে প্রধান/প্রভু গ্রন্থি বলা হয়।"
257,MAT 2019-2020,আন্তঃকশেরুকা চাকতিতে কী ধরনের তরুণাস্থি পাওয়া যায়?,স্থিতিস্থাপক তরুণাস্থি,চুনময় তরুণাস্থি,শ্বেত-তত্ত্বময় তরুণাস্থি,স্বচ্ছ তরুণাস্থি,C,"স্থিতিস্থাপক: বহিঃকর্ণ বা পিনা, ইউস্টেশিয়ান নালি, এপিগ্লটিস প্রভৃতি।
চুনময়: হিউমেরাস ও ফিমারের মস্তক।
শ্বেত-তত্ত্বময়: দুটি কশেরুকার মধ্যবর্তী অঞ্চল।
স্বচ্ছ: স্তন্যপায়ীর নাক, শ্বাসনালি, স্বরযন্ত্র এবং ব্যাঙ ও হাঙরের ভ্রূণ বা পরিণত দেহ প্রভৃতি।"
101,AFMC 2018-2019,রক্তে গ্লুকোজের মাত্রা নিয়ন্ত্রণে কোন সংবহনতন্ত্রের ভূমিকা রয়েছে?,পালমোনারি,সিস্টেমিক,যকৃত পোর্টালতন্ত্র,বৃক্কীয় পোর্টালতন্ত্র,C,"যকৃত পোর্টাল তন্ত্রের তাৎপর্য বা কাজ:
১. পরিপাককৃত ও রক্ত কর্তৃক শোষিত খাদ্যসার পোর্টালতন্ত্রের মাধ্যমে
যকৃতে পৌছালে ইনসুলিন নামক হরমোনের প্রভাবে রক্ত থেকে
অতিরিক্ত গ্লুকোজ যকৃত শোষণ করে এবং জমা রাখে।
২. আবার রক্তে গ্লুকোজের মাত্রা কমে গেলে হরমোনের প্রভাবে যকৃত
কোষ থেকে সঞ্চিত গ্লুকোজ পোর্টালতন্ত্রের কৈশিকনালির মাধ্যমে
রক্তস্রোতে আসে। এভাবে যকৃত পোর্টালতন্ত্র রক্তে গ্লুকোজের মাত্রা
নিয়ন্ত্রণ করে।"
234,MAT 2019-2020,কোষের কোথায় ক্রেবস চক্র (Krebs cycle) সংঘটিত হয়?,Cytoplasm,Ribosome,Mitochondria,Chloroplast,C,"ক্রেবস চক্র শ্বসনের একটি ধাপ যা মাইটোকন্ড্রিয়ার ম্যাট্রিক্সে সংঘটিত হয়। Sir Hans Adolf Krebs এটি আবিষ্কার করেন। গ্লাইকোলাইসিস ছাড়া শ্বসনের সবকটি বিক্রিয়া (ক্রেবস চক্র, ETS/ অক্সিডেটিভফসফোরাইলেশন) মাইটোকন্ড্রিয়ায় ঘটে থাকে।"
996,DAT 2021-2022,কোন কোষ বিভাজন পদ্ধতিতে RBC তৈরি হয়?,synopsis,mitosis,meiosis,amitiosis,B,মাইটোসিস পদ্ধতিতে লোহিত রক্তকণিকা তৈরী হয়।
848,MAT 2021-2022,কোনটি autosomal recessive disorder?,থ্যালাসেমিয়া,লাল-সবুজ বর্ণান্ধতা,রাতকানা,হিমোফিলিয়া,A,"লাল-সবুজ বর্ণান্ধতা, রাতকানা, হিমোফিলিয়া- Sex-linked disorder. থ্যালাসেমিয়া- autosomal recessive disorder."
493,MAT 2011-2012,নিম্নের কোন অঙ্গে লোহিত কণিকা ধ্বংস হয়?,প্লীহা,যকৃত,পাকস্থলী,বৃক্ক,"A,B","লোহিত কণিকার উৎপত্তি জন্মের একমাস পূর্বে যকৃত ও প্লীহায় হয়। জন্মের পর লোহিত অস্থিমজ্জা, হিউমেরাস ও ফিমারের মস্তক, কশেরুকা, পশুর্কা, করোটির চ্যাপ্টা অস্থিতে উৎপন্ন হয়।
লোহিত কণিকা ধ্বংস হয় মূলত যকৃত ও প্লীহায়।"
802,MAT 2024-2025,কোন এন্টিবডি প্রধানত এলার্জির সাথে সংশ্লিষ্ট?,IgA,IgM,IgG,IgE,D,"IgE → এটি দুর্লভ Ig, প্রদাহ সাড়া সক্রিয় করে, অ্যালার্জিক সাড়াদানে নেতিবাচক ভূমিকা রাখে।
IgG → গর্ভাবস্থায় অমরা অতিক্রম করে।
IgA → মায়ের বুকের দুধের মাধ্যমে শিশুতে স্থানান্তরিত হয়।"
621,MAT 2009-2010,নিম্নের কোনটি হৃদপিন্ডের সংকোচনের শক্তিকে বাড়ায়?,ইনসুলিন,ভেগাস,এডরেনালিন,প্যারাথরমোন,C,এডরেনালিনকে আপদকালীন হরমোন বলা হয়। এটি হৃদস্পন্দন বৃদ্ধি করে ও হৃদপিণ্ডের সংকোচনের শক্তি বাড়ায়।
559,MAT 1990-1991,হিউমেরাস কোন অস্থিটিকে বলা হয়?,অগ্রপদের অস্থি,হাতের অস্থি,বাহুর অস্থি,পায়ের অস্থি,C,হিউমেরাস হচ্ছে বাহুর অস্থি। এটি ঊর্ধ্ব বাহুর একক বৃহৎ অস্থি।
523,MAT 2006-2007,ব্রঙ্কিয়াল নালীগুলোর কোনটি সঠিক পর্যায়ক্রম?,মুখ্য ব্রংকাই- ব্রঙ্কিওল- গৌণ ব্রঙ্কাই- শ্বসন ব্রঙ্কিওল- প্রান্তীয় ব্রঙ্কিওল- অ্যালভিওলার থলি- অ্যালভিওলার নালী- অ্যালভিওথলি,মুখ্য ব্রংকাই- ব্রঙ্কিওল- গৌণ ব্রঙ্কাই- শ্বসন ব্রঙ্কিওল- প্রান্তীয় ব্রঙ্কিওল- অ্যালভিওলার নালী- অ্যালভিওলার থলি- অ্যালভিওলি,মুখ্য ব্রংকাই- গৌণ ব্রঙ্কাই- ব্রঙ্কিওল- শ্বসন ব্রঙ্কিওল- প্রান্তীয় ব্রঙ্কিওল- অ্যালভিওরার নালী- অ্যালভিওলার থলি- অ্যালভিওলি,মুখ্য বঙ্কাই- গৌণ ব্রঙ্কাই- ব্রঙ্কিওল- প্রান্তীয় ব্রঙ্কিওল- শ্বসন ব্রঙ্কিওল- অ্যালভিওলার নালী- অ্যালভিওলার থলি- অ্যালভিওলি,B,শ্বসন বৃক্ষের পর্যায়ক্রম: ট্রাকিয়া → Primary (মুখ্য) ব্রঙ্কাস → Secondary (গৌণ) ব্রঙ্কাস → Tertiary (সেগমেন্টাল) ব্রঙ্কাস → ব্রঙ্কিওল → টার্মিনাল ব্রঙ্কিওল → শ্বসন ব্রঙ্কিওল → অ্যালভিওলার নালী → অ্যালভিওলার থলি → অ্যালভিওলি।
789,MAT 2016-2017,প্রাপ্তবয়স্ক মানুষের মস্তিষ্কে নিউরনের সংখ্যা কত?,১০ মিলিয়ন,১০ কোটি,১০ বিলিয়ন,১০ লক্ষ,C,"মানব মস্তিষ্কের বৈশিষ্ট্য:
ওজন: প্রায় ১.৩৬ কেজি
আয়তন: প্রায় ১৫০০ ঘন সেন্টিমিটার
নিউরন সংখ্যা: প্রায় ১০০ বিলিয়ন (১ লক্ষ কোটি)"
541,MAT 2003-2004,প্রতিটি বৃক্কে নেফ্রন থাকে-,প্রায় ৮ থেকে ৯ লক্ষ,প্রায় ১২ থেকে ১৪ লক্ষ,প্রায় ১০ থেকে ১২ লক্ষ,প্রায় ১৩ থেকে ১৫ লক্ষ,C,প্রতিটি বৃক্কে প্রায় ১০ লক্ষ থেকে ১২ লক্ষ নেফ্রন থাকে।
792,MAT 2016-2017,"কনে হিমোফিলিয়া বাহক, বর সুস্থ, এদের সন্তানদের ক্ষেত্রে কোনটি মিথ্যা?",পুত্রদের অর্ধেক সুস্থ হবে,পুত্রদের সবাই সুস্থ হবে,পুত্রদের অর্ধেক হিমোফিলিয়ায় আক্রান্ত হবে,কন্যাদের অর্ধেক বাহক হবে,B,"স্বাভাবিক পুরুষ (XᴴY) × বাহক মহিলা (XᴴXʰ) হলে:
সন্তানের সম্ভাব্য জিনোটাইপ → ধরন
XᴴXᴴ →স্বাভাবিক কন্যা
XᴴXʰ →বাহক কন্যা
XᴴY →স্বাভাবিক পুত্র
XʰY → হিমোফিলিক পুত্র"
462,MAT 2014-2015,স্বাভাবিক মূত্রের বর্ণ হালকা হলুদ হয় কিসের উপস্থিতিতে?,বিলিভারডিন,ইউরোক্রোম,বিলিরুবিন,অ্যামোনিয়া,B,"ইউরোক্রোম এর প্রভাবে মূত্র স্বাভাবিক রং হালকা হলুদ (খড় রং) হয়।
 অন্যান্য অপশন সম্পর্কিত তথ্য:
বিলিরুবিন এর প্রভাবে মূত্রের বর্ণ হলুদ হয় (যখন জন্ডিস হয়)।
ইউরিনোড এর উপস্থিতির জন্য মূত্রের ঝাঁঝালো গন্ধ থাকে।"
907,MAT 2024-2025,পেসমেকারের কাজ কি?,রক্তকে তরল রাখে,রক্ত সঞ্চালন বৃদ্ধি করে,হৃদরোগ প্রতিরোধ করে,হৃদস্পন্দনের ধীরগতি নিয়ন্ত্রণ করে,D,হার্ট এটাক ঘটতে পারে এমন ধীর হৃৎস্পন্দন কিংবা হার্ট সার্জারির সময় জরুরী ভিত্তিতে অস্থায়ী পেসমেকার ব্যবহার করা হয়। পেসমেকার ব্যবহারে সব ধরণের অ্যারিথমিয়ার হাত থেকে রক্ষা পাওয়া যায়।
225,MAT 2019-2020,মানবদেহের রক্তে কোন বাফার দ্রবণ (buffer solution) থাকে?,NaHCO₃ and H₂CO₃,NH₄Cl and NH₄OH,CH₃COONa and CH₃COOH,Na₂HPO₄ and H₃PO₄,A,"মানবদেহের রক্তে তিন ধরনের বাফার সিস্টেম থাকে। যথা- বাইকার্বোনেট বাফার, ফসফেট বাফার ও প্রোটিন বাফার। হিমোগ্লোবিন উৎকৃষ্ট বাফাররূপে রক্তের 'বাইকার্বনেট-কার্বনিক এসিড বাফার'-এর সামান্য (2%) নিয়ন্ত্রণ করে। ফসফেট বাফার সিস্টেম হলো আন্তঃকোষীয় বাফার। আর, প্রোটিন বাফার সিস্টেমটি প্লাজমা প্রোটিন ও হিমোগ্লোবিন প্রোটিন সমন্বয়ে গঠিত।"
499,MAT 1988-1989,মানবদেহে রোগ প্রতিরোধক হিসাবে কাজ করে কোনটি?,হিমোগ্লোবিন,শ্বেতকণিকা,লোহিত কণিকা,অনুচক্রিকা,B,শ্বেত রক্তকণিকাকে আণুবীক্ষনিক সৈনিকও বলা হয়।
504,MAT 2013-2014,হৃদপিন্ডের ডান অলিন্দ ও ডান নিলয়ের সংযোগ স্থলের কপাটিকার নাম-,মাইট্রাল কপাটিক,ট্রাইকাসপিড কপাটিকা,পালামোনারী কপাটিকা,অ্যাওর্টিক কপাটিকা,B,"মানুষের হৃৎপিণ্ডের বিভিন্ন কপাটিকার অবস্থান:
ট্রাইকাসপিড কপাটিকা: ডান অলিন্দ ও ডান নিলয়ের সংযোগস্থলে
বাইকাসপিড বা মাইট্রাল কপাটিকা: বাম অলিন্দ ও বাম নিলয়ের সংযোগস্থলে
সেমিলুনার ভাল্ব: পালামোনারি কপাটিকা: ডান নিলয় ও পালমোনারি ধমনির সংযোগস্থলে
সেমিলুনার ভাল্ব: অ্যাওর্টিক কপাটিকা: বাম নিলয় ও অ্যাওর্টার সংযোগস্থলে
থিবেসিয়ান কপাটিকা: করোনারি সাইনাস ও ডান অলিন্দের সংযোগস্থলে
ইউস্টেশিয়ান কপাটিকা: ইনফেরিয়র ভেনাক্যাভা ও ডান অলিন্দের সংযোগস্থলে"
656,MAT 2005-2006,নিচের কোনটি গ্যামিটোজেনেসিসের জন্য সঠিক নয়?,শুক্রাণু-নিউক্লিয়াসের সম্মুখ প্রান্তে গলগি বডি থেকে অ্যাক্রোসোম সৃষ্টি হয়,ব্যাঙের সাইটোপ্লাজমসহ ডিম্বাণু নিউক্লিয়াসটি কুসুম থেকে পৃথক হয়ে ডিম্বাণুর নিম্নপ্রান্ত জুড়ে থাকে,স্পার্মাটোজেনেসিসে হ্যাপ্লয়েড ক্রোমোসোম সেটের DNA অপরিবর্তিত থাকে,প্রত্যেকটি উওগোনিয়াম ডিপ্লয়েড (2n) সংখ্যক ক্রোমোসোম বহন করে,B,ব্যাঙের ডিম্বাণুতে নিউক্লিয়াস ও সাইটোপ্লাজম পৃথক হয় না। বাকি অপশনগুলো গ্যামিটোজেনেসিসের বৈশিষ্ট্য সঠিকভাবে ব্যাখ্যা করে।
866,MAT 2020-2021,ভ্রূণে লোহিত কণিকাসমূহ নিম্নের কোথায় তৈরি হয়?,থাইমাস,অগ্ন্যাশয়,প্লীহা,অস্থি মজ্জা,"A,C","ভ্রূণীয় জীবনে লোহিত কণিকাসমূহ কুসুম থলি (৩ সপ্তাহ বয়সে) যকৃত, প্লীহা ও থাইমাস (৬ মাস বয়স পর্যন্ত) থেকে উৎপন্ন হয়। আর, ভূমিষ্ট হওয়ার সময় থেকে পশুকা, কশেরুকা, স্টার্নাম ও শ্রোণিচক্রের লাল অস্থিমজ্জায় অবস্থিত বড় নিউক্লিয়াসযুক্ত এরিথ্রোব্লাস্ট নামক স্টেমকোষ থেকে অবিরাম লোহিত কণিকা সৃষ্টি হয়।"
492,MAT 2012-2013,রক্তের pH নির্ভর করে যার উপর-,এন্টিজেন,বাফার,রক্তের গ্রুপ,এন্টিবডি,B,"রক্তের স্বাভাবিক pH ৭.৪। এর থেকে ০.৫ কম বা বেশি হলে জীবনহানী হতে পারে। এই সীমিত সীমার মধ্যে রক্তের pH নিয়ন্ত্রিত হয় বিভিন্ন বাফার দ্বারা, যেমন- বাইকার্বোনেট বাফার, ফসফেট বাফার, হিমোগ্লোবিন বাফার ইত্যাদি।"
273,DAT 2020-2021,ক্রোমাটোগ্রাফির (Chromatography) কয়টি পর্যায় (Phase) আছে?,02,04,01,03,A,ক্রোমাটোগ্রাফির ২টি পর্যায় আছে। যথা: ১. স্থির দশা ও ২। চলনশীল দশা।
13,MAT 2024-2025,পেসমেকারের কাজ কি?,রক্তকে তরল রাখে,রক্ত সঞ্চালন বৃদ্ধি করে,হৃদরোগ প্রতিরোধ করে,হৃদস্পন্দনের ধীরগতি নিয়ন্ত্রণ করে,D,হার্ট এটাক ঘটতে পারে এমন ধীর হৃৎস্পন্দন কিংবা হার্ট সার্জারির সময় জরুরী ভিত্তিতে অস্থায়ী পেসমেকার ব্যবহার করা হয়। পেসমেকার ব্যবহারে সব ধরণের অ্যারিথমিয়ার হাত থেকে রক্ষা পাওয়া যায়।
466,MAT 2014-2015,মোটর প্রকৃতির স্নায়ু কোনটি?,হাইপোগ্লোসাল,ফেসিয়াল,ভেগাস,অপথ্যালমিক,A,"মোটর বা চেষ্টীয় স্নায়ু → ৩, ৪, ৬, ১১, ১২।
অন্যান্য অপশন সম্পর্কিত তথ্য:
Mixed বা মিশ্র স্নায়ু → বাকি সব স্নায়ু।
Sensory বা সংবেদী স্নায়ু → ১, ২, ৮।"
743,MAT 2015-2016,কোন চক্রের মাধ্যমে যকৃতে ইউরিয়া তৈরি হয়?,ক্রেবস চক্র,নাইট্রোজেন চক্র,অরনিথিন চক্র,কার্বন চক্র,C,"যকৃতে ইউরিয়া উৎপন্ন হয় অরনিথিন চক্রের মাধ্যমে।
অন্যান্য অপশন সম্পর্কিত তথ্য:
ডিঅ্যামিনেশন প্রক্রিয়ায় ইউরিয়া তৈরি হয়।"
914,MAT 2022-2023,Mollusca এর ক্ষেত্রে কোনটি সঠিক?,নরম কিউটিকুলার এপিডার্মিস দ্বারা আবৃত,নরম ও অখন্ডায়িত,প্রতি খন্ডে নেফ্রিডিয়া বিদ্যমান থাকে,দেহাভ্যন্তরে কেন্দ্রীয় গহ্বর বিদ্যমান,B,"Mollusca নরম মাংসল, অখন্ডকায়িত Annelida নরম কিউটিকলে আবৃত এবং এর প্রতিটি খণ্ডে নেফ্রিডিয়া থাকে।"
833,DAT 2021-2022,কোনটি প্লাজমা প্রোটিন নয়?,ক্রিয়েটিনিন,ফাইব্রিনোজেন,অ্যালবুমিন,গ্লোবুলিন,A,"ক্রিয়েটিনিন → নাইট্রোজেনঘটিত রেচন পদার্থ,
ফাইব্রিনোজেন, অ্যালবুমিন, গ্লোবুলিন → প্লাজমা প্রোটিন।"
316,DAT 2018-2019,নিচের কোনটি সমগোত্রীয় পাখির উদাহরণ নয়?,চড়ুই,চামচঠোঁই কাদাখোচা,হিমালয়ান পার্টিজ,গোল্ডেন প্লোভার,A,"চামচ ঠোঁটি কাদাখোচা, হিমালয়ান পার্টিজ, গোল্ডেন প্লোভার, এবং আর্কটিক টার্ন → পরিযায়ী পাখি।"
214,AFMC 2016-2017,কোন পর্বের প্রাণিদের Plannula লার্ভা দশা রয়েছে?,Nematoda,Cnidaria,Platyhelminthes,Porifera,B,Cnidaria পর্বের প্রাণীদের Plannula নামক সিলিয়াযুক্ত লার্ভা দশা রয়েছে।
624,MAT 2008-2009,নিম্নে উল্লেখিত কোনটি থেকে টেস্টোস্টেরণ হরমোন নিঃসৃত হয়?,শুক্রাণু মাতৃকোষ,সারটলি কোষ,ইন্টারস্টিশিয়াল কোষ,প্রোস্টেট গ্রন্থি,C,পুরুষদের টেস্টিসের ইন্টারস্টিশিয়াল কোষ (লেডিগ কোষ) থেকে টেস্টোস্টেরন হরমোন নিঃসৃত হয়। এটি পুরুষত্বের বৈশিষ্ট্য উন্নত করে।
512,DAT 2008-2009,নিম্ন প্রদত্ত কোন ধমনিটির উৎপত্তি এ্যাওর্টার বাঁক থেকে হয় না?,বাম সাধারণ ক্যারোটিকড,ইনোমিনেট,বামস বিক্রেভিয়ান,ডান সাধারণ ক্যারোটিড,D,"ডান সাধারণ ক্যারোটিডের উৎপত্তি ইনোমিনেট অ্যার্টারি থেকে হয়, যা এ্যাওর্টার বাঁক থেকে উৎপন্ন হয় না। ডান সাধারণ ক্যারোটিড এবং ডান সাবক্লেভিয়ান এর উৎপত্তি ইনোমিনেট যা ব্রাকিওসেফালিক অ্যার্টারি থেকে।
Aortic Arch এর শাখা:
Brachiocephalic trunk/Innominate artery
Left common carotid artery
Left subclavian artery"
217,AFMC 2016-2017,আইলেটস অব ল্যাঙ্গারহ্যানস এর কোষ নয় কোনটি?,আলফা,বিটা,ডেল্টা,গামা,D,"আইলেটস অব ল্যাঙ্গারহ্যানস-এর প্রধান কোষগুলো হলো—
বিটা কোষ: ইনসুলিন উৎপাদন করে (৫০-৮০%)
আলফা কোষ: গ্লুকাগন উৎপাদন করে (১৫-২০%)
ডেল্টা কোষ: সোমাটোস্ট্যাটিন উৎপাদন করে (৩-১০%)
পিপি কোষ: অগ্ন্যাশয়িক পলিউপেপ্টাইড উৎপাদন করে (১%)
গামা কোষ এদের মধ্যে অন্তর্ভুক্ত নয়।"
581,DAT 2010-2011,কোন এনজাইম স্নায়ু উদ্দীপনা পরিবহনে গুরুত্বপূর্ণ ভূমিকা পালন করে?,অ্যাসিটাইলকোলিন এস্টারেজ,মেটালোপ্রোটিন কাইনেজ,ক্ষারীয় ফসফাটেজ,লাইসোজাইম,A,"অ্যাসিটাইলকোলিন এস্টারেজ এনজাইম স্নায়ু উদ্দীপনার অবসান ঘটাতে গুরুত্বপূর্ণ ভূমিকা রাখে, যা স্নায়ুতন্ত্রের সঠিক কার্যকারিতার জন্য অপরিহার্য।"
51,MAT 2021-2022,কেঁচো কোন অঙ্গের মাধ্যমে শ্বাসপ্রশ্বাস নেয়?,হৃদপিন্ড,ফুলকা,ত্বক,ফুসফুস,C,Annelida (কেঁচো)- সিক্ত দেহত্বক দ্বারা শ্বসন সম্পন্ন হয়।
918,MAT 2022-2023,মায়োফাইব্রিলে কি ধরনের আমিষ থাকে?,অ্যাকটিন এবং মায়োসিন,অ্যাকটিন এবং জিলাটিন,মায়োসিন এবং ইলাস্টিন,কোলাজেন এবং মায়োসিন,A,মায়োফাইব্রিলে গুলো অ্যাকটিন ও মায়োসিন নামক প্রোটিন দিয়ে নির্মিত।
373,MAT 2018-2019,চোখের রেটিনার ভিতর সবচেয়ে আলোক সংবেদী অংশের নাম কী?,অন্ধ বিন্দু,আলোক বিন্দু,পীত বিন্দু,সাদা বিন্দু,C,"চোখের রেটিনার ভিতর অন্ধবিন্দুর কাছাকাছি একটি অংশে প্রচুর কোণ কোষ থাকে, যাকে পীতবিন্দু (ফোবিয়া সেন্ট্রালিস) বলে। এটি সবচেয়ে আলোক সংবেদী অংশ, তাই এখানে সবচেয়ে ভালো প্রতিবিম্ব সৃষ্টি হয়।
অন্ধবিন্দু (Blind Spot): যেখানে অপটিক স্নায়ু গঠিত হয় এবং কোনো রড বা কোণ কোষ থাকে না, তাই এটি আলোক সংবেদী নয়।"
56,MAT 2021-2022,কোন পদ্ধতিতে কোভিড ১৯ ভ্যাক্সিন প্রস্তুত করা হয় না?,উপএকক (Subunit vaccine),নিষ্ক্রিয় (Inactivated),এমআরএনএ (mRNA),বিষভিত্তিক (Toxoid),D,"উপএকক, নিষ্ক্রিয়, এমআরএনএ, প্রতিলিপিহীন ভাইরাল ভেক্টর, প্রোটিনের অংশ, ডিএনএ, ভাইরাসের ন্যায় বস্তু, প্রতিলিপি সক্ষম ভাইরাল ভেক্টর, অবনমিত ভাইরাস পদ্ধতিতে কোভিড ১৯ ভ্যাক্সিন প্রস্তুত করা হয়। বিষভিত্তিক (Toxoid) পদ্ধতিতে - Diptheria, Pertusis, Tetanus (DPT) ভ্যাক্সিন প্রস্তুত করা হয়।"
952,MAT 2020-2021,Alveolus থেকে অক্সিজেন রক্তে কিভাবে প্রবেশ করে?,Osmosis,Respiration,Transpiration,Diffusion,D,Diffusion বা ব্যাপন প্রক্রিয়ায় Alveolus এ ০₂ ও CO₂ গ্যাসের বিনিময় ঘটে।
538,DAT 2004-2005,রেচনতন্ত্রের নিচের কোনটি ইউরেটার নামক নালি গঠন করে?,ডাক্ট অব বেলিনি,সংগ্রাহক নালিকা,ডিস্টাল নালিকা,হেনলির লুপ,B,"ইউরেটার সংগ্রাহক নালিকা থেকে গঠিত হয়, যা মূত্রকে বৃক্ক থেকে মূত্রথলিতে পরিবহণ করে।"
463,MAT 2014-2015,নিচের কোনটি ক্লাভিকলের বৈশিষ্ট্য?,এটি একটি বাঁকানো অস্থি,একপ্রান্ত হিউমারাসের সাথে যুক্ত থাকে,এটি একটি খাঁটো অস্থি,এটি অস্থির মজ্জা গহবর আছে,A,"ক্ল্যাভিকল দেখতে ইটালিক 'f' এর মতো বাঁকা অস্থি। এটি একটি দেহ ও দুটি প্রান্ত, যথা স্টার্নাম এবং অ্যাক্রোমিয়াল প্রসেস নিয়ে গঠিত।
অন্যান্য অপশন সম্পর্কিত তথ্য:
মানুষের বক্ষ অস্থিচক্র ২ জোড়া অস্থি নিয়ে গঠিত, যথা একজোড়া ক্ল্যাভিকল ও একজোড়া স্ক্যাপুলা।"
774,MAT 2017-2018,মানব দেহে নিষেক প্রক্রিয়া কোথায় সংঘটিত হয়?,জরায়ু,ডিম্বনালি,ডিম্বাশয়,সারভিক্স,B,নিষেক প্রক্রিয়া ডিম্বনালিতে সংঘটিত হয়।
770,AFMC 2020-2021,কোনটি সেক্স লিংকড ডিসঅর্ডার নয়?,ডায়াবেটিক ম্যালিটাস,হিমোফিলিয়া,বর্ণান্ধতা,সবগুলো,A,"মানুষের যেসব জিন নিয়ন্ত্রিত বংশগত রোগ সেক্স ক্রোমোজোমের (X ও Y) মাধ্যমে বংশ পরম্পরায় সঞ্চারিত হয়, তাদের সেক্স-লিঙ্কড ডিসঅর্ডার বা অস্বাভাবিকতা বলে।
ডায়াবেটিক ম্যালিটাস বংশগত নয়, তবে ডায়াবেটিক ইনসিপিডাস বংশগত।"
125,MAT 2023-2024,কোন পর্বের প্রাণীতে র ্যাবডিটিফর্ম লার্ভা দশা দেখা যায়?,Nematoda,Platyhelminthes,Echinodermata,Arthropoda,A,নেমাটোডা পর্ব -> প্রাণীতে র‍্যাবডিটিফর্ম লার্ভা দশা। নিডারিয়া পর্ব -> প্রানুলা লার্ভা দশা। অ্যানিলিডা পর্ব -> ট্রোকোফোর লার্ভা দশা
594,MAT 2007-2008,নিম্নের কোনটি অগ্রমস্তিস্কের অংশ নয়?,সেরেব্রাম,সেরেবেলাম,থ্যালামাস,হাইপোথ্যালামাস,B,"অগ্রমস্তিষ্কের অংশ তিনটি — সেরেব্রাম, থ্যালামাস এবং হাইপোথ্যালামাস। সেরেবেলাম মধ্যমস্তিষ্কের নিচে অবস্থিত এবং এটি অগ্রমস্তিষ্কের অংশ নয়।"
752,MAT 2014-2015,নিচের কোনটি ভ্রূণীয় এক্টোডার্ম স্তর থেকে তৈরি হয়?,লোহিত কণিকা,থাইমাস,কেন্দ্রীয় স্নায়ুতন্ত্র,অস্থি সন্ধি,C,"তিনটি ভ্রূণীয় স্তর ও তাদের পরিণতি:
ভ্রূণীয় স্তর → পরিণতি
এক্টোডার্ম → ত্বক, চুল, নখ, স্নায়ুতন্ত্র, চোখের অংশ, পায়ুর আবরণ
মেসোডার্ম → কঙ্কাল, পেশি, রক্ত, লসিকা, যোজক কলা, জনন ও রেচনতন্ত্র
এন্ডোডার্ম → পাকস্থলী, অন্ত্র, শ্বাসতন্ত্র, থাইরয়েড, থাইমাস, অগ্ন্যাশয়, যকৃত"
153,DAT 2024-2025,ট্রিপসিন জারকের জন্যে সঠিক কোনটি?,এন্টারোকাইনেজের উপস্থিতিতে সক্রিয় হয়,লিপিডের উপর কাজ করে,হাইড্রোক্লোরিক এসিডের মাধ্যমে সক্রিয় হয়,পাকস্থলিতে নিঃসৃত হয়,A,"ট্রিপসিন অগ্ন্যাশয় থেকে নিঃসৃত হয়, এন্টারোকাইনেজের উপস্থিতিতে সক্রিয় হয়, প্রোটিনের উপর কাজ করে, কাইমোট্রিপসিনোজেনকে সক্রিয় করে।"
901,MAT 2024-2025,কোন চক্রের মাধ্যমে যকৃতে ইউরিয়া তৈরী হয়?,কার্বন চক্র,অরনিথিন চক্র,ক্রেবস চক্র,নাইট্রোজেন চক্র,B,"অরনিথিন চক্র এ প্রক্রিয়ায় যকৃত অত্যন্ত বিষাক্ত NH3 কে শর্করা বিপাকে সৃষ্ট CO2 এর সাথে যুক্ত করে ইউরিয়া তৈরি করে, যা মূত্ররূপে দেহ হতে নিষ্কাশিত হয়। NH3 + CO2 → ইউরিয়া।"
188,AFMC 2021-2022,কোন প্রক্রিয়ায় RNA হতে DNA তৈরি হয়?,রিভার্স ট্রান্সক্রিপশন,ট্রান্সলেশন,ট্রান্সক্রিপশন,রেপ্লিকেশন,A,বিভার্স ট্রান্সক্রিপশন প্রক্রিয়ায় ভাইরাল RNA থেকে কমপ্লিমেন্টারি DNA তৈরী করা হয়।
57,MAT 2020-2021,কোনটি ভাইরাস বৃদ্ধিতে বাঁধা দেয়?,Interferon,Lactorine,Lysozyme,Defensin,A,ইন্টারফেরন হলো প্রতিরক্ষামূলক প্রোটিন যা ভাইরাস আক্রান্ত কোষে উৎপন্ন হয়ে ভাইরাসের সংখ্যাবৃদ্ধিতে বাঁধা দেয়। এটি ক্যান্সার আক্রান্ত কোষের বৃদ্ধিতেও বাঁধা দিয়ে থাকে।
62,MAT 2020-2021,কোনটি আমিষ পরিপাককারী (digesting) এনজাইম?,Lipase,Pepsin,Lactase,Isomaltase,B,"Lipase → স্নেহ পরিপাককারী এনজাইম।
Isomaltase, Lactase → শর্করা পরিপাককারী এনজাইম।
Pepsin, Trypsin, Chymotrypsin, Aminopeptidase, Carboxypeptidase, Tri/Di-peptidase প্রভৃতি → আমিষ পরিপাককারী এনজাইম।"
446,MAT 2015-2016,মানুষের নবম জোড়া করোটিক স্নায়ুর নাম কী?,হাইপোগ্লোসাল,স্পাইনাল অ্যাকসেসরি,অ্যাবডুসেন্স,গ্লাসোফ্যারিঞ্জিয়াল,D,"গ্লসোফ্যারিঞ্জিয়াল স্নায়ু নবম করোটিক স্নায়ু।
 অন্যান্য অপশন সম্পর্কিত তথ্য:
অ্যাবডুসেন্স স্নায়ু ষষ্ঠ করোটিক স্নায়ু
হাইপোগ্লোসাল স্নায়ু → ১২তম করোটিক স্নায়ু
স্পাইনাল অ্যাকসেসরি স্নায়ু ১১তম করোটিক স্নায়ু"
545,MAT 1989-1990,বৃক্কে বিদ্যমান-,নেফ্রন,নিউরন,মূত্রথলি,ল্যাঙ্গারহ্যান্স এর দ্বীপপুঞ্জ,A,বৃক্কের গাঠনিক ও কার্যকরী একক হচ্ছে নেফ্রন।
973,AFMC 2019-2020,দ্বিপদ নামকরণের জনক কে?,ক্যারোলাস লিনিয়াস,বেন্থাম হুকার,থিওফ্রাস্টাস,মেন্ডেল,A,"দ্বি-পদ নামকরণের জনক: ১৭৫৮ সালে সুইডিস বিজ্ঞানী ক্যারোলাস লিনিয়াস
প্রাণিদের দ্বিপদ নামকরণের নীতি প্রবর্তন করেন। এ জন্য তাকে দ্বি-পদ নামকরনের
জনক বলা হয়।"
305,AFMC 2015-2016,অ্যানিমাল পোলের ক্ষেত্রে কোনটি সঠিক?,ভ্রূণের অংশে বড় বড় কোষ থাকে,প্রাথমিক জীবাণুস্তর তৈরি করেনা,এতে বৃহৎ পরিমাণে কুসুম কোষ রয়েছে,কোষগুলো অনেক দ্রুত বিভাজিত হয়,D,"উন্নয়ন জীববিজ্ঞানে, ভ্রূণ Animal Pole এবং Vegetal Pole নামে দুই ভাগে বিভক্ত হয়।
Animal Pole এ ছোট ছোট কোষ থাকে এবং দ্রুত বিভাজিত হয়।
Vegetal Pole নিচের অংশে থাকে এবং এতে বেশি পরিমাণে কুসুম কোষ থাকে।"
260,DAT 2020-2021,নিচের কোন হরমোনটি রক্তে সোডিয়ামের মাত্রা নিয়ন্ত্রণ করে?,গ্লুকাগন,অ্যালডোস্টেরন,এনজিওটেনসিন,রেনিন,B,"রেনিন - নিষ্ক্রিয় অ্যানজিওটেনসিনোজেনকে সক্রিয় অ্যানজিওটেনসিনে পরিণত করে।
অ্যানজিওটেনসিন - অ্যাড্রেনাল কর্টেক্স থেকে অ্যালডোস্টেরন ক্ষরণকে উদ্দীপিত করে।
গ্লুকাগন - রক্তে গ্লুকোজের পরিমাণ বৃদ্ধি করে।"
254,MAT 2019-2020,হাইড্রার কোন অংশে নিডোসাইট কোষ সবচেয়ে বেশি থাকে?,দেহ প্রাচীর,কর্ষিকা,দেহ কাণ্ড,পাদ-চাকতি,B,"Hydra-র পাদচাকতি ব্যতীত দেহের সর্বত্র নিডোসাইট কোষ বিদ্যমান থাকে। তবে, কর্ষিকাতে এদের সংখ্যা অধিক।"
666,MAT 2004-2005,ইন্টারফেরনের কাজ নয় কোনটি?,অনাক্রম্যতন্ত্রকে নিয়ন্ত্রণ করা,অ্যান্টিবডি উৎপাদনে বাঁধা দেওয়া,হরমোন উৎপাদনে সাহায্য করা,NK কোষের ক্ষমতা ও বংশবৃদ্ধি করা,C,ইন্টারফেরন হলো ভাইরাস আক্রান্ত কোষ থেকে নিঃসৃত ক্ষুদ্র গ্লাইকোপ্রোটিন। এটি সুস্থ কোষকে ভাইরাস আক্রমণের বিরুদ্ধে প্রতিরোধী করে তোলে। তবে এটি হরমোন উৎপাদনে সাহায্য করে না।
345,DAT 2017-2018,"মানব পিত্তরস সম্বন্ধে নিচের কোন তথ্যটি সঠিক, ইহা-",একটি অম্লীয় তরল,এনজাইম সমৃদ্ধ,পাকস্থলিতে পরিপাকে সহায়তা করে,যকৃতে তৈরি হয়,D,যকৃত কোষ (হেপাটোসাইট) অনবরত পিত্তরস ক্ষরণ করে এবং পিত্তথলিতে জমা রাখে। পিত্তরস ক্ষার জাতীয় তরল পদার্থ। এতে কোন এনজাইম থাকে না। পিত্তরসের সোডিয়াম বাইকার্বনেট উপাদানটি পাকস্থলী থেকে আগত HCI কে প্রশমিত করে ক্ষারীয় পরিবেশ সৃষ্টি করে যা ক্ষুদ্রান্ত্রে বিভিন্ন এনজাইমের কার্যকারিতার জন্য অত্যন্ত প্রয়োজন।
603,MAT 2001-2002,হার্ডেরিয়ান গ্রন্থির অবস্থান যেখানে-,ক্ষুদ্রান্ত,চক্ষু,অ্যাড্রেনাল,অগ্ন্যাশয়,B,হার্ডেরিয়ান গ্রন্থি চোখের সাথে যুক্ত থাকে। এটি চোখের অশ্রুগ্রন্থি এবং চোখের আদ্রতা বজায় রাখতে সাহায্য করে।
128,AFMC 2017-2018,রেটিনার কোন ধরনের কোষ থেকে অপটিক স্নায়ু তৈরী হয়?,রড কোষ,কোণ কোষ,বাইপোলার নিউরন,গাংগ্লিওন কোষ,D,"রেটিনা রড কোষ ও কোণ কোষ নামক দুই ধরনের কোষ নিয়ে গঠিত। রেটিনার দশটি উপস্তর রয়েছে। রেটিনায় বস্তুর প্রতিবিম্ব তৈরী হয়। রেটিনা থেকে অপটিক স্নায়ু তৈরী হয়, যা দর্শন অনুভূতি মস্তিষ্কে প্রেরণ করে। রেটিনার গাংগ্লিওন কোষ থেকে অপটিক স্নায়ু তৈরী হয়।"
696,DAT 2009-2010,নিম্নের কোনটি সঠিক নয়?,লালারসে টায়ালিন নামক উৎসেচক উপস্থিত থাকে,প্রতিদিন প্রায় 2 লিটার গ্যাস্ট্রিক রস নিঃসৃত হয়,মিউসিন HCl-এর ক্ষতিকর ভূমিকা থেকে পাকস্থলি প্রাচীরকে রক্ষা করে,হাইড্রোক্লোরিক এসিডের উপস্থিতি পেপসিনের কার্যক্রমকে বাধাগ্রস্ত করে,D,"HCl এর উপস্থিতিতে নিষ্ক্রিয় পেপসিনোজেন সক্রিয় পেপসিনে রূপান্তরিত হয়, ফলে হাইড্রোক্লোরিক এসিড পেপসিনের কার্যক্রম বাধাগ্রস্ত করে না বরং সক্রিয় করে।"
991,AFMC 2019-2020,মানবদেহে কোন ইউমিউনোগ্লোবিউলিন অনুপস্থিত?,IgB,IgM,IgD,IgA,A,"ইংরেজি শব্দ ইমিউনোগ্লোবিন (Immunoglobulin)-এর সংক্ষিপ্ত রূপ Ig-এর সাথে একটি ইংরেজি বর্ণযোগ করে একেকটি শ্রেণীকে নির্দেশ করা হয়। এই ৫টি শ্রেণী হল IgG, IgM, IgA, IgD, এবং IgE। এই পাঁচ শ্রেণীর প্রতিরক্ষিকা কেবল এদের কাঠামোর অপরিবর্তনশীল অঞ্চলের গঠনেই নয়, বরং কর্মস্থল অনুযায়ীও ভিন্ন হয়।"
816,MAT 2022-2023,মানবদেহে কোনটি লুপ্তপ্রায় অংগ?,থাইরয়েড গ্ল্যান্ড,থাইমাস,স্ক্যাপুলা,ক্যানাইন দাঁত,B,"মানবদেহের লুপ্তপ্রায় অঙ্গগুলো হলো থাইমাস গ্রন্থি, আক্কেল দাঁত, কর্তন দাঁত, পুচ্ছাস্থি, গায়ের লোম, উপপল্লব ইত্যাদি।"
372,MAT 2018-2019,কোনটি মানুষের পশ্চাৎ মস্তিষ্কের অংশ নয়?,মেডুলা অবলংগাটা,পনস,সেরেবেলাম,থ্যালামাস,D,"পশ্চাৎ মস্তিষ্কের অংশসমূহ: সেরেবেলাম, মেডুলা অবলংগাটা, পনস।
অগ্রমস্তিষ্কের অংশ: সেরেব্রাম, থ্যালামাস, হাইপোথ্যালামাস।
মধ্যমস্তিষ্কের অংশ: টেকটাম, সেরেব্রাল অ্যাকুইডাক্ট, কর্পোরা কোয়াড্রিজেমিনা, সেরেব্রাল পেডাঙ্কল।"
522,MAT 2006-2007,স্বরতন্ত্রীর অবস্থান হচ্ছে-,গলবিল,ট্রাকিয়া বা শ্বাসনালি,নাসাগহ্বর,ল্যারিংক্স,D,"স্বরযন্ত্র বা ল্যারিংস:
এটি শ্বাসনালিতে উন্মুক্ত হয়।
এর দুপাশে ২টি করে পাতলা মাংসপেশি আছে, এরাই স্বরতন্ত্রী বা ভোকাল কর্ড (Vocal cord)।
এটি কয়েকটি তরুণাস্থি দ্বারা গঠিত। এদের মধ্যে থাইরয়েড তরুণাস্থি সবচেয়ে বড়।
স্বরযন্ত্রের উপরিভাগের জিহ্বাকৃতির ঢাকনাকে উপজিহ্বা বা এপিগ্লটিস (epiglottis) বলা হয়।"
405,MAT 2017-2018,হেনলির লুপের অবস্থান বৃক্কের কোথায়?,বৃক্কীয় নালিকায়,রেনাল করপাসলে,এফারেন্ট ধমনিকাতে,ইফারেন্ট ধমনিকাতে,A,"বৃক্কের কার্যকরী একক নেফ্রন। নেফ্রণের ২টি প্রধান অংশ:
i. রেনাল করপাসল (২টি অংশ):
রেনাল ক্যাপসুল
গ্লোমেরুলাস
ii. রেনাল টিউব্যুল (৪টি অংশ):
প্রক্সিমাল প্যাঁচানো নালিকা
লুপ অব হেনলি
ডিস্টাল প্যাঁচানো নালিকা
সংগ্রাহী নালী"
412,MAT 2016-2017,ফিলোসফিকা জুওলজিক' গ্রন্থের রচয়িতা কে?,ডারউইন,ল্যামার্ক,দ্য ভিস,ভাইজম্যান,B,"ল্যামার্ক ছিলেন একজন ফরাসি দার্শনিক ও প্রকৃতিবিজ্ঞানী।
তার লেখা ‘ফিলোসফিকা জুওলজিক’ (১৮০৯) গ্রন্থে ল্যামার্কিজম মতবাদ প্রকাশিত হয়।"
482,AFMC 2020-2021,"চিকিৎসাবিদ্যার কোন শাখায় স্থূলতার কারণ, প্রতিরোধ ও চিকিৎসা সম্বন্ধে আলোচনা করা হয়?",Obesity,Geriatrics,Bariatrics,Pediatrics,C,"চিকিৎসাবিদ্যার যে শাখায় স্থূলতার কারণ, প্রতিরোধ ও চিকিৎসা সম্বন্ধে আলোচনা করা হয় তাকে Bariatrics বলা হয়।
অন্যান্য অপশন সম্পর্কিত তথ্য:
Obesity: স্থূলতা।
Geriatrics: বয়স্ক মানুষের চিকিৎসাবিদ্যা।
Pediatrics: শিশুদেহের চিকিৎসাবিষয়ক শাখা।"
170,DAT 2024-2025,কোন গ্রন্থি আমিষ শোষণ নিয়ন্ত্রণ করে?,যকৃত,অগ্ন্যাশয়,থাইমাস,থাইরয়েড,D,কার্বোহাইড্রেট শোষণ নিয়ন্ত্রণ করে -> ইনসুলিন এবং গ্লুকোকটিকয়েড হরমোন। আমিষ এবং লিপিড শোষণ নিয়ন্ত্রণ করে -> থাইরক্সিন হরমোন যা থাইরয়েড গ্রন্থি থেকে নিঃসৃত হয়।
836,DAT 2021-2022,আমাদের জাতীয় পাখির বৈজ্ঞানিক নাম কি?,Gracula religiosa,Copsychus saularis,Passer domesticus,Columba livia,B,আমাদের জাতীয় পাখি দোয়েলের বৈজ্ঞানিক নাম Copsychus saularis
78,AFMC 2019-2020,পেসমেকারে কোন ব্যাটারি ব্যবহৃত হয়?,লিথিয়াম,লেড,পটাশিয়াম,কার্বনিয়াম,A,"একটি লিথিয়াম ব্যাটারি, কম্পিউটারাইজড জেনারেটর ও শীর্ষেসেন্সরযুক্ত কতগুলো তার নিয়ে একটি পেসমেকার গঠিত হয়।"
966,MAT 2020-2021,ভ্রূণে লোহিত কণিকাসমূহ নিম্নের কোথায় তৈরি হয়?,থাইমাস,অগ্ন্যাশয়,প্লীহা,অস্থি মজ্জা,"A,C","ভ্রূণীয় জীবনে লোহিত কণিকাসমূহ কুসুম থলি (৩ সপ্তাহ বয়সে) যকৃত, প্লীহা ও থাইমাস (৬ মাস বয়স পর্যন্ত) থেকে উৎপন্ন হয়। আর, ভূমিষ্ট হওয়ার সময় থেকে পশুকা, কশেরুকা, স্টার্নাম ও শ্রোণিচক্রের লাল অস্থিমজ্জায় অবস্থিত বড় নিউক্লিয়াসযুক্ত এরিথ্রোব্লাস্ট নামক স্টেমকোষ থেকে অবিরাম লোহিত কণিকা সৃষ্টি হয়।"
83,AFMC 2019-2020,অত্যাবশ্যকীয় অ্যামিনো এসিড নয় কোনটি?,হিস্টিডিন,আইসোলিউসিন,লাইসিন,অ্যালানিন,C,"খাদ্যে উপস্থিতির প্রয়োজনীয়তার ভিত্তিতে অ্যামিনো অ্যাসিড দুই ভাগে বিভক্ত। যথা-
১। অত্যাবশ্যকীয় অ্যামিনো অ্যাসিড। এরা দেহাভ্যন্তরে সংশ্লেষিত হয় না। উদাহরণ- লিউসিন, আইসোলিউসিন, লাইসিন, থ্রিওনিন, ভ্যালিন, মেথিওনিন, ফিনাইল অ্যালানিন এবং ট্রিপটোফ্যান (৮টি)। শিশুদের জন্য অত্যাবশ্যকীয় অ্যামিনো অ্যাসিড ১০টি। অতিরিক্ত- আরজিনিন ও হিস্টিডিন।
২। অনাত্যাবশ্যকীয় অ্যামিনো অ্যাসিড: এরা দেহাভ্যন্তরে সংশ্লেষিত হতে পারে। সংখ্যায় ১২টি এবং শিশুদের ক্ষেত্রে ১০টি।"
738,MAT 2015-2016,কোন ভিটামিন পানিতে দ্রবণীয়?,ভিটামিন A,ভিটামিন D,ভিটামিন B কমপ্লেক্স,ভিটামিন K,C,পানিতে দ্রবণীয় ভিটামিন হলো ভিটামিন B এবং ভিটামিন C।
904,MAT 2024-2025,এনজিওপ্লাস্টি করলে কি হয়?,হৃদস্পন্দন বৃদ্ধি পায়,সরু ধমনী প্রশস্ত হয়,হৃদস্পন্দনের গতি ধীর হয়,রক্ত সঞ্চালনের গতি বৃদ্ধি পায়,B,বড় ধরণের অস্ত্রোপচার না করে সংকীর্ণ লুমেনযুক্ত বা রুদ্ধ হয়ে যাওয়া করোনারি ধমনি পুনরায় প্রশস্ত লুমেনযুক্ত করা বা উন্মুক্ত করার পদ্ধতিকে এনজিওপ্লাস্টি বলে। এনজিওপ্লাস্টির উদ্দেশ্য হচ্ছে সরু বা বন্ধ হয়ে যাওয়া লুমেনের ভিতর দিয়ে হৃৎপিন্ডে পর্যাপ্ত O₂ সরবরাহ নিশ্চিত করে হৃৎপিন্ড ও দেহকে সচল রাখা।
291,DAT 2019-2020,নিচের কোন গ্রন্থিটি ক্যালসিয়াম বিপাকে সহায়তা করে?,প্যারাথাইরয়েড,থাইরয়েড,পিটুইটারি,অ্যাড্রেনাল,A,প্যারাথাইরয়েড গ্রন্থি থেকে নিঃসৃত প্যারাথাইরয়েড হরমোন বা প্যারাথরমোন বা প্যারাথাইরিন এর প্রধান কাজ ক্যালসিয়াম ও ফসফরাসের বিপাক নিয়ন্ত্রণ। এটি বৃক্কে ক্যালসিয়ামের পুনঃশোষণ বাড়িয়ে দিয়ে রক্তে ক্যালসিয়ামের মাত্রা বাড়ায় এবং ফসফেটের মাত্রা কমায়। থাইরয়েড গ্রন্থি নিঃসৃত ক্যালসিটোনিন রক্তে ক্যালসিয়ামের মাত্রা কমায়।
311,DAT 2018-2019,সিফিলিস রোগের জন্য দায়ী নিচের কোনটি?,Treponema pallidum,Neisseria gonorrhoeae,Treponema vagmalis,Trichomonas vaginalis,A,"যৌনবাহিত রোগের জীবাণু:
সিফিলিস → Treponema pallidum
গনোরিয়া → Neisseria gonorrhoeae
এইডস → HIV"
849,MAT 2021-2022,কোন এনজাইম আমিষ পরিপাকে সাহায্য করে?,ল্যাকটেজ,ট্রিপসিন,অ্যামাইলেজ,লাইপেজ,B,"ট্রিপসিন এনজাইম আমিষ পরিপাকে সাহায্য করে। ল্যাকটেজ, অ্যামাইলেজ এনজাইম শর্করা পরিপাকে সাহায্যে করে। লাইপেজ ফ্যাট পরিপাকে সাহায্য করে।"
100,AFMC 2018-2019,নিচের কোন প্রাণীটি ত্রিস্তরী?,অ্যামিবা,কেঁচো,হাইড্রা,ম্যালেরিয়া জীবাণু,B,"ত্রিস্তরী প্রাণীর উদাহরণ: কৃমি, শামুক, অক্টোপাস, কেঁচো,
জোঁক, চিংড়ি, মৌমাছি, ব্যাঙ, হাতি, মানুষ সবাই ত্রিস্তরী প্রাণী।"
490,MAT 2002-2003,শোষিত খাদ্যবস্তুর প্রোটোপ্লাজমে রূপান্তরকে বলে-,পরিপাক,শোষণ,আত্তীকরণ,অধিশোষণ,C,"আত্তীকরণ হলো শোষিত খাদ্যবস্তুর প্রোটোপ্লাজমে রূপান্তরের প্রক্রিয়া।
অন্যান্য অপশন:
পরিপাক — খাদ্যবস্তু গলাধঃকরন ও এনজাইমের সহায়তায় ভাঙ্গন।
শোষণ — খাদ্য পরিপাকের পর রক্তনালীর মাধ্যমে সারা দেহে ছড়িয়ে যাওয়ার প্রক্রিয়া।
অধিশোষণ — কোনো পদার্থের অন্য একটি পদার্থের পৃষ্ঠতলে সঞ্চিত বা কেন্দ্রীভূত হওয়া, অভ্যন্তরে প্রবেশ না করা।"
421,MAT 2016-2017,কোনটি ক্ষুদ্রান্ত্রের অংশ নয়?,ডিওডেনাম,ইলিয়াম,এপেনডিক্স,জেজুনাম,C,ক্ষুদ্রান্ত্রের তিনটি অংশ। যথা- ১) ডিওডেনাম ২) জেজুনাম ৩) ইলিয়াম। আর বৃহদান্ত্রের ৩টি অংশ হলো- ১) সিকাম ২) কোলন ৩) মলাশয়। সিকামের সাথে এপেনডিক্স সংযুক্ত থাকে। এপেনডিক্স একটি নিষ্ক্রিয় অঙ্গ যা উদরীয় টনসিল নামেও পরিচিত।
835,DAT 2021-2022,কোনটি Live attenuated ভ্যাক্সিন?,হাম,হেপাটাইটিস বি,টিটেনাস,ইনফ্লুয়েঞ্জা,A,"মিজলজ (হাম) → Live attenuated vaccine,
হেপাটাইটিস বি → Subunut vaccine,
টিটেনাস → Toxoid vaccine,
ইনফ্লুয়েঞ্জা → Killed or Inactivated vaccine."
766,AFMC 2020-2021,সন্তান প্রসবে কোন হরমোন সাহায্য করে?,অক্সিটোসিন,অক্সিন,টেস্টোস্টেরন,গোনাডোট্রপিন,A,শিশু প্রসব: ৪০তম সপ্তাহে অক্সিটসিন ও প্রোস্টাগ্লান্ডিন হরমোন দুটির সক্রিয়তায় জরায়ুর সংকোচন ঘটে। ফলে শিশু জরায়ু থেকে বাইরে আসতে পারে। এটি ৩টি ধাপে সম্পন্ন হয়।
782,MAT 2017-2018,স্ত্রী রুইমাছ ডিম পাড়ে কখন?,জানুয়ারি-মার্চ মাস,ফেব্রুয়ারি-মে মাস,জুন-আগস্ট মাস,সেপ্টেম্বর-জানুয়ারি মাস,C,স্ত্রী রুইমাছ সাধারণত বর্ষাকাল (জুন-জুলাই) মাসে প্রজননের জন্য তৈরি হয় এবং ডিম পাড়ে।
935,DAT 2021-2022,কোনটি Live attenuated ভ্যাক্সিন?,হাম,হেপাটাইটিস বি,টিটেনাস,ইনফ্লুয়েঞ্জা,A,"মিজলজ (হাম) → Live attenuated vaccine,
হেপাটাইটিস বি → Subunut vaccine,
টিটেনাস → Toxoid vaccine,
ইনফ্লুয়েঞ্জা → Killed or Inactivated vaccine."
982,AFMC 2019-2020,কত BMI কে স্বাভাবিক ওজন হিসেবে ধরা হয়?,25.2-29.1,21.5-23.9,18.5-24.9,10.1-14.8,C,"ওজন (কি.গ্রা.) / উচ্চতা (মিটার) → শ্রেনী
< ১৮.৫০→ওজনহীনতা
১৮.৫০ – ২৪.৯ → স্বাভাবিক
২৫.০০ – ২৯.৯ → ওজনাধিক্য
৩০.০০ – ৩৪.৯ → গ্রেড-১ স্থুলতা
৩৫.০০ – ৩৯.৯→ গ্রেড-২ স্থুলতা
> ৪০.০০ →গ্রেড-৩ স্থুলতা/ রোগ গ্রস্থ চূড়ান্ত পর্যায়ের স্থুলতা"
548,MAT 2010-2011,মানুষের গ্লোমেরুলাসে পরিদ্রুত মূত্র ADH এর প্রভাব ছাড়া নিম্নের (%) কতভাগ পুনঃশোষণ প্রক্রিয়ায় নেফ্রনের প্রক্সিমাল প্যাঁচানো নালিকায় শোষিত হয়?,20,40,60,80,C,"নেফ্রনের প্রক্সিমাল প্যাঁচানো নালিকায় প্রায় 60% পুনঃশোষণ ঘটে, বাকি 40% লুপ অব হেনলি, ডিস্টাল প্যাঁচানো নালিকা ও সংগ্রাহী নালিকায় শোষিত হয়।"
339,DAT 2017-2018,মোলার দাঁতের কাজ কোনটি?,খাবার টুকরা করা ও ছেঁড়া,খাবার টুকরা করা ও পেষণ করা,খাবার চর্বন করা ও পেষণ করা,খাবার ছোঁড়া ও চর্বন করা,B,"মোলার দাঁতের কাজ হচ্ছে খাবার টুকরা করা ও পেষণ করা, যা খাবারের পরিপাক প্রক্রিয়ায় সহায়তা করে।"
197,AFMC 2021-2022,প্যানক্রিয়াসের আইলেটস অব ল্যাঙ্গার হ্যান্স এর কোন কোষ (Cells) থেকে ইনসুলিন নিঃসৃত হয়?,আলফা কোষ,ডেলটা কোষ,পিপি কোষ,বিটা কোষ,D,আলফা কোষ থেকে গ্লুকাগন এবং বিটা কোষ থেকে ইনসুলিন নিঃসৃত হয়।
970,MAT 2020-2021,গ্রোথ হরমোন কোথায় তৈরি হয়?,Thalamus,Hypothalamus,Adrenal gland,Pituitary gland,D,"অগ্র পিটুইটারি গ্রন্থি থেকে বৃদ্ধিপোষক হরমোন (STH) বা Growth hormone তৈরি ও নিঃসৃত হয়। অগ্র পিটুইটারি গ্রন্থি থেকে আর যে সব হরমোন নিঃসৃত হয়- Prolactin, LH, ACTH, TSH, FSH ।"
354,DAT 2016-2017,সেরেব্রামের দুটি খণ্ডকে সংযোগকারী স্নায়ু গুচ্ছের নাম-,কর্পাস অ্যালবিকান্স,কর্পাস অ্যাটরেটিকাম,কর্পাস ক্যালোসাম,কর্পাস লুটিয়াম,C,কর্পাস ক্যালোসাম সেরেব্রামের দুটি খণ্ডকে সংযুক্ত করে।
572,MAT 2009-2010,নিম্নের কোন অস্থিতে মজ্জা গহ্বর নাই?,ইশ্চিয়াম,স্টার্নাম,কারপাল,ক্ল্যাভিকল,D,"ক্ল্যাভিকল অস্থিতে মজ্জা গহ্বর থাকে না, এটি পরিবর্তিত দীর্ঘ অস্থি।"
94,AFMC 2019-2020,দেহের ভারসাম্য রক্ষা করে কোনটি?,বহিঃকর্ণ,অন্তঃকর্ণ,মধ্যাকর্ণ,কোনটিই নয়,B,
353,DAT 2016-2017,পাকস্থলিতে কোন করোটিক স্নায়ুর কার্যক্রম বিদ্যমান?,অপটিক,অডিটরি,ভেগাস,অকুলোমোটর,C,"ভেগাস স্নায়ু স্বরযন্ত্র, হৃৎপিণ্ড, পাকস্থলি ও ফুসফুসে কার্যক্রম পরিচালনা করে।"
127,AFMC 2017-2018,মুখমন্ডলীয় অস্থিতে প্যালেটিন এর সংখ্যা কত?,৫,২,১,৮,B,মুখমন্ডলীয় অস্থিতে প্যালেটিন আছে-২টি
202,AFMC 2021-2022,শ্বসনতন্ত্রের উৎপত্তি কোথা থেকে হয়?,Endoderm,Ectoderm,Mesoderm,Teloderm,A,শ্বসনতন্ত্রের উৎপত্তি এন্ডোডার্ম থেকে হয়।
154,DAT 2024-2025,পূর্ণবয়স্ক সুস্থ মানুষের দু'টি ফুসফুসে আলভিওলাসের সংখ্যা কত?,২৫০ মিলিয়ন,৫০০ মিলিয়ন,৩০০ মিলিয়ন,৭০০ মিলিয়ন,D,"নবজাতক শিশুর ফুসফুসে ২০ মিলিয়ন, ৮ বছরের শিশুর ৩০০ মিলিয়ন এবং একজন পূর্ণবয়স্ক মানুষের ফুসফুসে প্রায় ৭০০ মিলিয়ন অ্যালভিওলাই থাকে।"
990,AFMC 2019-2020,গ্রন্থিরাজ বলা হয় কোনটিকে?,শুক্রাশয়,অগ্নাশয়,পিটুইটারি,লালা,C,"পিটুইটারি গ্রন্থি মস্তিষ্কের নিচের অংশে অবস্থিত। দেহের সবচেয়ে বেশি গুরুত্বপূর্ণনালিবিহীন গ্রন্থি হলেও এটি আকারে সবচেয়ে ক্ষুদ্র। এই গ্রন্থি থেকে গোনাডোট্রপিক, সোমাটোট্রপিক, থাইরয়েড উদ্দীপকে হরমোন, এডরেনোকর্টিকোট্রপিন ইত্যাদি হরমোন নিঃসৃতসৃ হয়। এই গ্রন্থি থেকে নিঃসৃতসৃ হরমোন সংখ্যায় যেমন বেশি, অপরদিকে অন্যান্য গ্রন্থির ওপর এসব হরমোনের প্রভাবও বেশি। এজন্য পিটুইটারি গ্রন্থিকে প্রধান/প্রভু গ্রন্থি বলা হয়।"
257,MAT 2019-2020,আন্তঃকশেরুকা চাকতিতে কী ধরনের তরুণাস্থি পাওয়া যায়?,স্থিতিস্থাপক তরুণাস্থি,চুনময় তরুণাস্থি,শ্বেত-তত্ত্বময় তরুণাস্থি,স্বচ্ছ তরুণাস্থি,C,"স্থিতিস্থাপক: বহিঃকর্ণ বা পিনা, ইউস্টেশিয়ান নালি, এপিগ্লটিস প্রভৃতি।
চুনময়: হিউমেরাস ও ফিমারের মস্তক।
শ্বেত-তত্ত্বময়: দুটি কশেরুকার মধ্যবর্তী অঞ্চল।
স্বচ্ছ: স্তন্যপায়ীর নাক, শ্বাসনালি, স্বরযন্ত্র এবং ব্যাঙ ও হাঙরের ভ্রূণ বা পরিণত দেহ প্রভৃতি।"
101,AFMC 2018-2019,রক্তে গ্লুকোজের মাত্রা নিয়ন্ত্রণে কোন সংবহনতন্ত্রের ভূমিকা রয়েছে?,পালমোনারি,সিস্টেমিক,যকৃত পোর্টালতন্ত্র,বৃক্কীয় পোর্টালতন্ত্র,C,"যকৃত পোর্টাল তন্ত্রের তাৎপর্য বা কাজ:
১. পরিপাককৃত ও রক্ত কর্তৃক শোষিত খাদ্যসার পোর্টালতন্ত্রের মাধ্যমে
যকৃতে পৌছালে ইনসুলিন নামক হরমোনের প্রভাবে রক্ত থেকে
অতিরিক্ত গ্লুকোজ যকৃত শোষণ করে এবং জমা রাখে।
২. আবার রক্তে গ্লুকোজের মাত্রা কমে গেলে হরমোনের প্রভাবে যকৃত
কোষ থেকে সঞ্চিত গ্লুকোজ পোর্টালতন্ত্রের কৈশিকনালির মাধ্যমে
রক্তস্রোতে আসে। এভাবে যকৃত পোর্টালতন্ত্র রক্তে গ্লুকোজের মাত্রা
নিয়ন্ত্রণ করে।"
234,MAT 2019-2020,কোষের কোথায় ক্রেবস চক্র (Krebs cycle) সংঘটিত হয়?,Cytoplasm,Ribosome,Mitochondria,Chloroplast,C,"ক্রেবস চক্র শ্বসনের একটি ধাপ যা মাইটোকন্ড্রিয়ার ম্যাট্রিক্সে সংঘটিত হয়। Sir Hans Adolf Krebs এটি আবিষ্কার করেন। গ্লাইকোলাইসিস ছাড়া শ্বসনের সবকটি বিক্রিয়া (ক্রেবস চক্র, ETS/ অক্সিডেটিভফসফোরাইলেশন) মাইটোকন্ড্রিয়ায় ঘটে থাকে।"
996,DAT 2021-2022,কোন কোষ বিভাজন পদ্ধতিতে RBC তৈরি হয়?,synopsis,mitosis,meiosis,amitiosis,B,মাইটোসিস পদ্ধতিতে লোহিত রক্তকণিকা তৈরী হয়।
848,MAT 2021-2022,কোনটি autosomal recessive disorder?,থ্যালাসেমিয়া,লাল-সবুজ বর্ণান্ধতা,রাতকানা,হিমোফিলিয়া,A,"লাল-সবুজ বর্ণান্ধতা, রাতকানা, হিমোফিলিয়া- Sex-linked disorder. থ্যালাসেমিয়া- autosomal recessive disorder."
493,MAT 2011-2012,নিম্নের কোন অঙ্গে লোহিত কণিকা ধ্বংস হয়?,প্লীহা,যকৃত,পাকস্থলী,বৃক্ক,"A,B","লোহিত কণিকার উৎপত্তি জন্মের একমাস পূর্বে যকৃত ও প্লীহায় হয়। জন্মের পর লোহিত অস্থিমজ্জা, হিউমেরাস ও ফিমারের মস্তক, কশেরুকা, পশুর্কা, করোটির চ্যাপ্টা অস্থিতে উৎপন্ন হয়।
লোহিত কণিকা ধ্বংস হয় মূলত যকৃত ও প্লীহায়।"
802,MAT 2024-2025,কোন এন্টিবডি প্রধানত এলার্জির সাথে সংশ্লিষ্ট?,IgA,IgM,IgG,IgE,D,"IgE → এটি দুর্লভ Ig, প্রদাহ সাড়া সক্রিয় করে, অ্যালার্জিক সাড়াদানে নেতিবাচক ভূমিকা রাখে।
IgG → গর্ভাবস্থায় অমরা অতিক্রম করে।
IgA → মায়ের বুকের দুধের মাধ্যমে শিশুতে স্থানান্তরিত হয়।"
621,MAT 2009-2010,নিম্নের কোনটি হৃদপিন্ডের সংকোচনের শক্তিকে বাড়ায়?,ইনসুলিন,ভেগাস,এডরেনালিন,প্যারাথরমোন,C,এডরেনালিনকে আপদকালীন হরমোন বলা হয়। এটি হৃদস্পন্দন বৃদ্ধি করে ও হৃদপিণ্ডের সংকোচনের শক্তি বাড়ায়।
559,MAT 1990-1991,হিউমেরাস কোন অস্থিটিকে বলা হয়?,অগ্রপদের অস্থি,হাতের অস্থি,বাহুর অস্থি,পায়ের অস্থি,C,হিউমেরাস হচ্ছে বাহুর অস্থি। এটি ঊর্ধ্ব বাহুর একক বৃহৎ অস্থি।
523,MAT 2006-2007,ব্রঙ্কিয়াল নালীগুলোর কোনটি সঠিক পর্যায়ক্রম?,মুখ্য ব্রংকাই- ব্রঙ্কিওল- গৌণ ব্রঙ্কাই- শ্বসন ব্রঙ্কিওল- প্রান্তীয় ব্রঙ্কিওল- অ্যালভিওলার থলি- অ্যালভিওলার নালী- অ্যালভিওথলি,মুখ্য ব্রংকাই- ব্রঙ্কিওল- গৌণ ব্রঙ্কাই- শ্বসন ব্রঙ্কিওল- প্রান্তীয় ব্রঙ্কিওল- অ্যালভিওলার নালী- অ্যালভিওলার থলি- অ্যালভিওলি,মুখ্য ব্রংকাই- গৌণ ব্রঙ্কাই- ব্রঙ্কিওল- শ্বসন ব্রঙ্কিওল- প্রান্তীয় ব্রঙ্কিওল- অ্যালভিওরার নালী- অ্যালভিওলার থলি- অ্যালভিওলি,মুখ্য বঙ্কাই- গৌণ ব্রঙ্কাই- ব্রঙ্কিওল- প্রান্তীয় ব্রঙ্কিওল- শ্বসন ব্রঙ্কিওল- অ্যালভিওলার নালী- অ্যালভিওলার থলি- অ্যালভিওলি,B,শ্বসন বৃক্ষের পর্যায়ক্রম: ট্রাকিয়া → Primary (মুখ্য) ব্রঙ্কাস → Secondary (গৌণ) ব্রঙ্কাস → Tertiary (সেগমেন্টাল) ব্রঙ্কাস → ব্রঙ্কিওল → টার্মিনাল ব্রঙ্কিওল → শ্বসন ব্রঙ্কিওল → অ্যালভিওলার নালী → অ্যালভিওলার থলি → অ্যালভিওলি।
789,MAT 2016-2017,প্রাপ্তবয়স্ক মানুষের মস্তিষ্কে নিউরনের সংখ্যা কত?,১০ মিলিয়ন,১০ কোটি,১০ বিলিয়ন,১০ লক্ষ,C,"মানব মস্তিষ্কের বৈশিষ্ট্য:
ওজন: প্রায় ১.৩৬ কেজি
আয়তন: প্রায় ১৫০০ ঘন সেন্টিমিটার
নিউরন সংখ্যা: প্রায় ১০০ বিলিয়ন (১ লক্ষ কোটি)"
541,MAT 2003-2004,প্রতিটি বৃক্কে নেফ্রন থাকে-,প্রায় ৮ থেকে ৯ লক্ষ,প্রায় ১২ থেকে ১৪ লক্ষ,প্রায় ১০ থেকে ১২ লক্ষ,প্রায় ১৩ থেকে ১৫ লক্ষ,C,প্রতিটি বৃক্কে প্রায় ১০ লক্ষ থেকে ১২ লক্ষ নেফ্রন থাকে।
792,MAT 2016-2017,"কনে হিমোফিলিয়া বাহক, বর সুস্থ, এদের সন্তানদের ক্ষেত্রে কোনটি মিথ্যা?",পুত্রদের অর্ধেক সুস্থ হবে,পুত্রদের সবাই সুস্থ হবে,পুত্রদের অর্ধেক হিমোফিলিয়ায় আক্রান্ত হবে,কন্যাদের অর্ধেক বাহক হবে,B,"স্বাভাবিক পুরুষ (XᴴY) × বাহক মহিলা (XᴴXʰ) হলে:
সন্তানের সম্ভাব্য জিনোটাইপ → ধরন
XᴴXᴴ →স্বাভাবিক কন্যা
XᴴXʰ →বাহক কন্যা
XᴴY →স্বাভাবিক পুত্র
XʰY → হিমোফিলিক পুত্র"
462,MAT 2014-2015,স্বাভাবিক মূত্রের বর্ণ হালকা হলুদ হয় কিসের উপস্থিতিতে?,বিলিভারডিন,ইউরোক্রোম,বিলিরুবিন,অ্যামোনিয়া,B,"ইউরোক্রোম এর প্রভাবে মূত্র স্বাভাবিক রং হালকা হলুদ (খড় রং) হয়।
 অন্যান্য অপশন সম্পর্কিত তথ্য:
বিলিরুবিন এর প্রভাবে মূত্রের বর্ণ হলুদ হয় (যখন জন্ডিস হয়)।
ইউরিনোড এর উপস্থিতির জন্য মূত্রের ঝাঁঝালো গন্ধ থাকে।"
907,MAT 2024-2025,পেসমেকারের কাজ কি?,রক্তকে তরল রাখে,রক্ত সঞ্চালন বৃদ্ধি করে,হৃদরোগ প্রতিরোধ করে,হৃদস্পন্দনের ধীরগতি নিয়ন্ত্রণ করে,D,হার্ট এটাক ঘটতে পারে এমন ধীর হৃৎস্পন্দন কিংবা হার্ট সার্জারির সময় জরুরী ভিত্তিতে অস্থায়ী পেসমেকার ব্যবহার করা হয়। পেসমেকার ব্যবহারে সব ধরণের অ্যারিথমিয়ার হাত থেকে রক্ষা পাওয়া যায়।
225,MAT 2019-2020,মানবদেহের রক্তে কোন বাফার দ্রবণ (buffer solution) থাকে?,NaHCO₃ and H₂CO₃,NH₄Cl and NH₄OH,CH₃COONa and CH₃COOH,Na₂HPO₄ and H₃PO₄,A,"মানবদেহের রক্তে তিন ধরনের বাফার সিস্টেম থাকে। যথা- বাইকার্বোনেট বাফার, ফসফেট বাফার ও প্রোটিন বাফার। হিমোগ্লোবিন উৎকৃষ্ট বাফাররূপে রক্তের 'বাইকার্বনেট-কার্বনিক এসিড বাফার'-এর সামান্য (2%) নিয়ন্ত্রণ করে। ফসফেট বাফার সিস্টেম হলো আন্তঃকোষীয় বাফার। আর, প্রোটিন বাফার সিস্টেমটি প্লাজমা প্রোটিন ও হিমোগ্লোবিন প্রোটিন সমন্বয়ে গঠিত।"
499,MAT 1988-1989,মানবদেহে রোগ প্রতিরোধক হিসাবে কাজ করে কোনটি?,হিমোগ্লোবিন,শ্বেতকণিকা,লোহিত কণিকা,অনুচক্রিকা,B,শ্বেত রক্তকণিকাকে আণুবীক্ষনিক সৈনিকও বলা হয়।
504,MAT 2013-2014,হৃদপিন্ডের ডান অলিন্দ ও ডান নিলয়ের সংযোগ স্থলের কপাটিকার নাম-,মাইট্রাল কপাটিক,ট্রাইকাসপিড কপাটিকা,পালামোনারী কপাটিকা,অ্যাওর্টিক কপাটিকা,B,"মানুষের হৃৎপিণ্ডের বিভিন্ন কপাটিকার অবস্থান:
ট্রাইকাসপিড কপাটিকা: ডান অলিন্দ ও ডান নিলয়ের সংযোগস্থলে
বাইকাসপিড বা মাইট্রাল কপাটিকা: বাম অলিন্দ ও বাম নিলয়ের সংযোগস্থলে
সেমিলুনার ভাল্ব: পালামোনারি কপাটিকা: ডান নিলয় ও পালমোনারি ধমনির সংযোগস্থলে
সেমিলুনার ভাল্ব: অ্যাওর্টিক কপাটিকা: বাম নিলয় ও অ্যাওর্টার সংযোগস্থলে
থিবেসিয়ান কপাটিকা: করোনারি সাইনাস ও ডান অলিন্দের সংযোগস্থলে
ইউস্টেশিয়ান কপাটিকা: ইনফেরিয়র ভেনাক্যাভা ও ডান অলিন্দের সংযোগস্থলে"
656,MAT 2005-2006,নিচের কোনটি গ্যামিটোজেনেসিসের জন্য সঠিক নয়?,শুক্রাণু-নিউক্লিয়াসের সম্মুখ প্রান্তে গলগি বডি থেকে অ্যাক্রোসোম সৃষ্টি হয়,ব্যাঙের সাইটোপ্লাজমসহ ডিম্বাণু নিউক্লিয়াসটি কুসুম থেকে পৃথক হয়ে ডিম্বাণুর নিম্নপ্রান্ত জুড়ে থাকে,স্পার্মাটোজেনেসিসে হ্যাপ্লয়েড ক্রোমোসোম সেটের DNA অপরিবর্তিত থাকে,প্রত্যেকটি উওগোনিয়াম ডিপ্লয়েড (2n) সংখ্যক ক্রোমোসোম বহন করে,B,ব্যাঙের ডিম্বাণুতে নিউক্লিয়াস ও সাইটোপ্লাজম পৃথক হয় না। বাকি অপশনগুলো গ্যামিটোজেনেসিসের বৈশিষ্ট্য সঠিকভাবে ব্যাখ্যা করে।
866,MAT 2020-2021,ভ্রূণে লোহিত কণিকাসমূহ নিম্নের কোথায় তৈরি হয়?,থাইমাস,অগ্ন্যাশয়,প্লীহা,অস্থি মজ্জা,"A,C","ভ্রূণীয় জীবনে লোহিত কণিকাসমূহ কুসুম থলি (৩ সপ্তাহ বয়সে) যকৃত, প্লীহা ও থাইমাস (৬ মাস বয়স পর্যন্ত) থেকে উৎপন্ন হয়। আর, ভূমিষ্ট হওয়ার সময় থেকে পশুকা, কশেরুকা, স্টার্নাম ও শ্রোণিচক্রের লাল অস্থিমজ্জায় অবস্থিত বড় নিউক্লিয়াসযুক্ত এরিথ্রোব্লাস্ট নামক স্টেমকোষ থেকে অবিরাম লোহিত কণিকা সৃষ্টি হয়।"
492,MAT 2012-2013,রক্তের pH নির্ভর করে যার উপর-,এন্টিজেন,বাফার,রক্তের গ্রুপ,এন্টিবডি,B,"রক্তের স্বাভাবিক pH ৭.৪। এর থেকে ০.৫ কম বা বেশি হলে জীবনহানী হতে পারে। এই সীমিত সীমার মধ্যে রক্তের pH নিয়ন্ত্রিত হয় বিভিন্ন বাফার দ্বারা, যেমন- বাইকার্বোনেট বাফার, ফসফেট বাফার, হিমোগ্লোবিন বাফার ইত্যাদি।"
273,DAT 2020-2021,ক্রোমাটোগ্রাফির (Chromatography) কয়টি পর্যায় (Phase) আছে?,02,04,01,03,A,ক্রোমাটোগ্রাফির ২টি পর্যায় আছে। যথা: ১. স্থির দশা ও ২। চলনশীল দশা।
13,MAT 2024-2025,পেসমেকারের কাজ কি?,রক্তকে তরল রাখে,রক্ত সঞ্চালন বৃদ্ধি করে,হৃদরোগ প্রতিরোধ করে,হৃদস্পন্দনের ধীরগতি নিয়ন্ত্রণ করে,D,হার্ট এটাক ঘটতে পারে এমন ধীর হৃৎস্পন্দন কিংবা হার্ট সার্জারির সময় জরুরী ভিত্তিতে অস্থায়ী পেসমেকার ব্যবহার করা হয়। পেসমেকার ব্যবহারে সব ধরণের অ্যারিথমিয়ার হাত থেকে রক্ষা পাওয়া যায়।
466,MAT 2014-2015,মোটর প্রকৃতির স্নায়ু কোনটি?,হাইপোগ্লোসাল,ফেসিয়াল,ভেগাস,অপথ্যালমিক,A,"মোটর বা চেষ্টীয় স্নায়ু → ৩, ৪, ৬, ১১, ১২।
অন্যান্য অপশন সম্পর্কিত তথ্য:
Mixed বা মিশ্র স্নায়ু → বাকি সব স্নায়ু।
Sensory বা সংবেদী স্নায়ু → ১, ২, ৮।"
743,MAT 2015-2016,কোন চক্রের মাধ্যমে যকৃতে ইউরিয়া তৈরি হয়?,ক্রেবস চক্র,নাইট্রোজেন চক্র,অরনিথিন চক্র,কার্বন চক্র,C,"যকৃতে ইউরিয়া উৎপন্ন হয় অরনিথিন চক্রের মাধ্যমে।
অন্যান্য অপশন সম্পর্কিত তথ্য:
ডিঅ্যামিনেশন প্রক্রিয়ায় ইউরিয়া তৈরি হয়।"
914,MAT 2022-2023,Mollusca এর ক্ষেত্রে কোনটি সঠিক?,নরম কিউটিকুলার এপিডার্মিস দ্বারা আবৃত,নরম ও অখন্ডায়িত,প্রতি খন্ডে নেফ্রিডিয়া বিদ্যমান থাকে,দেহাভ্যন্তরে কেন্দ্রীয় গহ্বর বিদ্যমান,B,"Mollusca নরম মাংসল, অখন্ডকায়িত Annelida নরম কিউটিকলে আবৃত এবং এর প্রতিটি খণ্ডে নেফ্রিডিয়া থাকে।"
833,DAT 2021-2022,কোনটি প্লাজমা প্রোটিন নয়?,ক্রিয়েটিনিন,ফাইব্রিনোজেন,অ্যালবুমিন,গ্লোবুলিন,A,"ক্রিয়েটিনিন → নাইট্রোজেনঘটিত রেচন পদার্থ,
ফাইব্রিনোজেন, অ্যালবুমিন, গ্লোবুলিন → প্লাজমা প্রোটিন।"
316,DAT 2018-2019,নিচের কোনটি সমগোত্রীয় পাখির উদাহরণ নয়?,চড়ুই,চামচঠোঁই কাদাখোচা,হিমালয়ান পার্টিজ,গোল্ডেন প্লোভার,A,"চামচ ঠোঁটি কাদাখোচা, হিমালয়ান পার্টিজ, গোল্ডেন প্লোভার, এবং আর্কটিক টার্ন → পরিযায়ী পাখি।"
214,AFMC 2016-2017,কোন পর্বের প্রাণিদের Plannula লার্ভা দশা রয়েছে?,Nematoda,Cnidaria,Platyhelminthes,Porifera,B,Cnidaria পর্বের প্রাণীদের Plannula নামক সিলিয়াযুক্ত লার্ভা দশা রয়েছে।
624,MAT 2008-2009,নিম্নে উল্লেখিত কোনটি থেকে টেস্টোস্টেরণ হরমোন নিঃসৃত হয়?,শুক্রাণু মাতৃকোষ,সারটলি কোষ,ইন্টারস্টিশিয়াল কোষ,প্রোস্টেট গ্রন্থি,C,পুরুষদের টেস্টিসের ইন্টারস্টিশিয়াল কোষ (লেডিগ কোষ) থেকে টেস্টোস্টেরন হরমোন নিঃসৃত হয়। এটি পুরুষত্বের বৈশিষ্ট্য উন্নত করে।
512,DAT 2008-2009,নিম্ন প্রদত্ত কোন ধমনিটির উৎপত্তি এ্যাওর্টার বাঁক থেকে হয় না?,বাম সাধারণ ক্যারোটিকড,ইনোমিনেট,বামস বিক্রেভিয়ান,ডান সাধারণ ক্যারোটিড,D,"ডান সাধারণ ক্যারোটিডের উৎপত্তি ইনোমিনেট অ্যার্টারি থেকে হয়, যা এ্যাওর্টার বাঁক থেকে উৎপন্ন হয় না। ডান সাধারণ ক্যারোটিড এবং ডান সাবক্লেভিয়ান এর উৎপত্তি ইনোমিনেট যা ব্রাকিওসেফালিক অ্যার্টারি থেকে।
Aortic Arch এর শাখা:
Brachiocephalic trunk/Innominate artery
Left common carotid artery
Left subclavian artery"
217,AFMC 2016-2017,আইলেটস অব ল্যাঙ্গারহ্যানস এর কোষ নয় কোনটি?,আলফা,বিটা,ডেল্টা,গামা,D,"আইলেটস অব ল্যাঙ্গারহ্যানস-এর প্রধান কোষগুলো হলো—
বিটা কোষ: ইনসুলিন উৎপাদন করে (৫০-৮০%)
আলফা কোষ: গ্লুকাগন উৎপাদন করে (১৫-২০%)
ডেল্টা কোষ: সোমাটোস্ট্যাটিন উৎপাদন করে (৩-১০%)
পিপি কোষ: অগ্ন্যাশয়িক পলিউপেপ্টাইড উৎপাদন করে (১%)
গামা কোষ এদের মধ্যে অন্তর্ভুক্ত নয়।"
581,DAT 2010-2011,কোন এনজাইম স্নায়ু উদ্দীপনা পরিবহনে গুরুত্বপূর্ণ ভূমিকা পালন করে?,অ্যাসিটাইলকোলিন এস্টারেজ,মেটালোপ্রোটিন কাইনেজ,ক্ষারীয় ফসফাটেজ,লাইসোজাইম,A,"অ্যাসিটাইলকোলিন এস্টারেজ এনজাইম স্নায়ু উদ্দীপনার অবসান ঘটাতে গুরুত্বপূর্ণ ভূমিকা রাখে, যা স্নায়ুতন্ত্রের সঠিক কার্যকারিতার জন্য অপরিহার্য।"
51,MAT 2021-2022,কেঁচো কোন অঙ্গের মাধ্যমে শ্বাসপ্রশ্বাস নেয়?,হৃদপিন্ড,ফুলকা,ত্বক,ফুসফুস,C,Annelida (কেঁচো)- সিক্ত দেহত্বক দ্বারা শ্বসন সম্পন্ন হয়।
918,MAT 2022-2023,মায়োফাইব্রিলে কি ধরনের আমিষ থাকে?,অ্যাকটিন এবং মায়োসিন,অ্যাকটিন এবং জিলাটিন,মায়োসিন এবং ইলাস্টিন,কোলাজেন এবং মায়োসিন,A,মায়োফাইব্রিলে গুলো অ্যাকটিন ও মায়োসিন নামক প্রোটিন দিয়ে নির্মিত।
373,MAT 2018-2019,চোখের রেটিনার ভিতর সবচেয়ে আলোক সংবেদী অংশের নাম কী?,অন্ধ বিন্দু,আলোক বিন্দু,পীত বিন্দু,সাদা বিন্দু,C,"চোখের রেটিনার ভিতর অন্ধবিন্দুর কাছাকাছি একটি অংশে প্রচুর কোণ কোষ থাকে, যাকে পীতবিন্দু (ফোবিয়া সেন্ট্রালিস) বলে। এটি সবচেয়ে আলোক সংবেদী অংশ, তাই এখানে সবচেয়ে ভালো প্রতিবিম্ব সৃষ্টি হয়।
অন্ধবিন্দু (Blind Spot): যেখানে অপটিক স্নায়ু গঠিত হয় এবং কোনো রড বা কোণ কোষ থাকে না, তাই এটি আলোক সংবেদী নয়।"
56,MAT 2021-2022,কোন পদ্ধতিতে কোভিড ১৯ ভ্যাক্সিন প্রস্তুত করা হয় না?,উপএকক (Subunit vaccine),নিষ্ক্রিয় (Inactivated),এমআরএনএ (mRNA),বিষভিত্তিক (Toxoid),D,"উপএকক, নিষ্ক্রিয়, এমআরএনএ, প্রতিলিপিহীন ভাইরাল ভেক্টর, প্রোটিনের অংশ, ডিএনএ, ভাইরাসের ন্যায় বস্তু, প্রতিলিপি সক্ষম ভাইরাল ভেক্টর, অবনমিত ভাইরাস পদ্ধতিতে কোভিড ১৯ ভ্যাক্সিন প্রস্তুত করা হয়। বিষভিত্তিক (Toxoid) পদ্ধতিতে - Diptheria, Pertusis, Tetanus (DPT) ভ্যাক্সিন প্রস্তুত করা হয়।"
952,MAT 2020-2021,Alveolus থেকে অক্সিজেন রক্তে কিভাবে প্রবেশ করে?,Osmosis,Respiration,Transpiration,Diffusion,D,Diffusion বা ব্যাপন প্রক্রিয়ায় Alveolus এ ০₂ ও CO₂ গ্যাসের বিনিময় ঘটে।
538,DAT 2004-2005,রেচনতন্ত্রের নিচের কোনটি ইউরেটার নামক নালি গঠন করে?,ডাক্ট অব বেলিনি,সংগ্রাহক নালিকা,ডিস্টাল নালিকা,হেনলির লুপ,B,"ইউরেটার সংগ্রাহক নালিকা থেকে গঠিত হয়, যা মূত্রকে বৃক্ক থেকে মূত্রথলিতে পরিবহণ করে।"
463,MAT 2014-2015,নিচের কোনটি ক্লাভিকলের বৈশিষ্ট্য?,এটি একটি বাঁকানো অস্থি,একপ্রান্ত হিউমারাসের সাথে যুক্ত থাকে,এটি একটি খাঁটো অস্থি,এটি অস্থির মজ্জা গহবর আছে,A,"ক্ল্যাভিকল দেখতে ইটালিক 'f' এর মতো বাঁকা অস্থি। এটি একটি দেহ ও দুটি প্রান্ত, যথা স্টার্নাম এবং অ্যাক্রোমিয়াল প্রসেস নিয়ে গঠিত।
অন্যান্য অপশন সম্পর্কিত তথ্য:
মানুষের বক্ষ অস্থিচক্র ২ জোড়া অস্থি নিয়ে গঠিত, যথা একজোড়া ক্ল্যাভিকল ও একজোড়া স্ক্যাপুলা।"
774,MAT 2017-2018,মানব দেহে নিষেক প্রক্রিয়া কোথায় সংঘটিত হয়?,জরায়ু,ডিম্বনালি,ডিম্বাশয়,সারভিক্স,B,নিষেক প্রক্রিয়া ডিম্বনালিতে সংঘটিত হয়।
770,AFMC 2020-2021,কোনটি সেক্স লিংকড ডিসঅর্ডার নয়?,ডায়াবেটিক ম্যালিটাস,হিমোফিলিয়া,বর্ণান্ধতা,সবগুলো,A,"মানুষের যেসব জিন নিয়ন্ত্রিত বংশগত রোগ সেক্স ক্রোমোজোমের (X ও Y) মাধ্যমে বংশ পরম্পরায় সঞ্চারিত হয়, তাদের সেক্স-লিঙ্কড ডিসঅর্ডার বা অস্বাভাবিকতা বলে।
ডায়াবেটিক ম্যালিটাস বংশগত নয়, তবে ডায়াবেটিক ইনসিপিডাস বংশগত।"
125,MAT 2023-2024,কোন পর্বের প্রাণীতে র ্যাবডিটিফর্ম লার্ভা দশা দেখা যায়?,Nematoda,Platyhelminthes,Echinodermata,Arthropoda,A,নেমাটোডা পর্ব -> প্রাণীতে র‍্যাবডিটিফর্ম লার্ভা দশা। নিডারিয়া পর্ব -> প্রানুলা লার্ভা দশা। অ্যানিলিডা পর্ব -> ট্রোকোফোর লার্ভা দশা
594,MAT 2007-2008,নিম্নের কোনটি অগ্রমস্তিস্কের অংশ নয়?,সেরেব্রাম,সেরেবেলাম,থ্যালামাস,হাইপোথ্যালামাস,B,"অগ্রমস্তিষ্কের অংশ তিনটি — সেরেব্রাম, থ্যালামাস এবং হাইপোথ্যালামাস। সেরেবেলাম মধ্যমস্তিষ্কের নিচে অবস্থিত এবং এটি অগ্রমস্তিষ্কের অংশ নয়।"
752,MAT 2014-2015,নিচের কোনটি ভ্রূণীয় এক্টোডার্ম স্তর থেকে তৈরি হয়?,লোহিত কণিকা,থাইমাস,কেন্দ্রীয় স্নায়ুতন্ত্র,অস্থি সন্ধি,C,"তিনটি ভ্রূণীয় স্তর ও তাদের পরিণতি:
ভ্রূণীয় স্তর → পরিণতি
এক্টোডার্ম → ত্বক, চুল, নখ, স্নায়ুতন্ত্র, চোখের অংশ, পায়ুর আবরণ
মেসোডার্ম → কঙ্কাল, পেশি, রক্ত, লসিকা, যোজক কলা, জনন ও রেচনতন্ত্র
এন্ডোডার্ম → পাকস্থলী, অন্ত্র, শ্বাসতন্ত্র, থাইরয়েড, থাইমাস, অগ্ন্যাশয়, যকৃত"
153,DAT 2024-2025,ট্রিপসিন জারকের জন্যে সঠিক কোনটি?,এন্টারোকাইনেজের উপস্থিতিতে সক্রিয় হয়,লিপিডের উপর কাজ করে,হাইড্রোক্লোরিক এসিডের মাধ্যমে সক্রিয় হয়,পাকস্থলিতে নিঃসৃত হয়,A,"ট্রিপসিন অগ্ন্যাশয় থেকে নিঃসৃত হয়, এন্টারোকাইনেজের উপস্থিতিতে সক্রিয় হয়, প্রোটিনের উপর কাজ করে, কাইমোট্রিপসিনোজেনকে সক্রিয় করে।"
901,MAT 2024-2025,কোন চক্রের মাধ্যমে যকৃতে ইউরিয়া তৈরী হয়?,কার্বন চক্র,অরনিথিন চক্র,ক্রেবস চক্র,নাইট্রোজেন চক্র,B,"অরনিথিন চক্র এ প্রক্রিয়ায় যকৃত অত্যন্ত বিষাক্ত NH3 কে শর্করা বিপাকে সৃষ্ট CO2 এর সাথে যুক্ত করে ইউরিয়া তৈরি করে, যা মূত্ররূপে দেহ হতে নিষ্কাশিত হয়। NH3 + CO2 → ইউরিয়া।"
188,AFMC 2021-2022,কোন প্রক্রিয়ায় RNA হতে DNA তৈরি হয়?,রিভার্স ট্রান্সক্রিপশন,ট্রান্সলেশন,ট্রান্সক্রিপশন,রেপ্লিকেশন,A,বিভার্স ট্রান্সক্রিপশন প্রক্রিয়ায় ভাইরাল RNA থেকে কমপ্লিমেন্টারি DNA তৈরী করা হয়।
57,MAT 2020-2021,কোনটি ভাইরাস বৃদ্ধিতে বাঁধা দেয়?,Interferon,Lactorine,Lysozyme,Defensin,A,ইন্টারফেরন হলো প্রতিরক্ষামূলক প্রোটিন যা ভাইরাস আক্রান্ত কোষে উৎপন্ন হয়ে ভাইরাসের সংখ্যাবৃদ্ধিতে বাঁধা দেয়। এটি ক্যান্সার আক্রান্ত কোষের বৃদ্ধিতেও বাঁধা দিয়ে থাকে।
62,MAT 2020-2021,কোনটি আমিষ পরিপাককারী (digesting) এনজাইম?,Lipase,Pepsin,Lactase,Isomaltase,B,"Lipase → স্নেহ পরিপাককারী এনজাইম।
Isomaltase, Lactase → শর্করা পরিপাককারী এনজাইম।
Pepsin, Trypsin, Chymotrypsin, Aminopeptidase, Carboxypeptidase, Tri/Di-peptidase প্রভৃতি → আমিষ পরিপাককারী এনজাইম।"
446,MAT 2015-2016,মানুষের নবম জোড়া করোটিক স্নায়ুর নাম কী?,হাইপোগ্লোসাল,স্পাইনাল অ্যাকসেসরি,অ্যাবডুসেন্স,গ্লাসোফ্যারিঞ্জিয়াল,D,"গ্লসোফ্যারিঞ্জিয়াল স্নায়ু নবম করোটিক স্নায়ু।
 অন্যান্য অপশন সম্পর্কিত তথ্য:
অ্যাবডুসেন্স স্নায়ু ষষ্ঠ করোটিক স্নায়ু
হাইপোগ্লোসাল স্নায়ু → ১২তম করোটিক স্নায়ু
স্পাইনাল অ্যাকসেসরি স্নায়ু ১১তম করোটিক স্নায়ু"
545,MAT 1989-1990,বৃক্কে বিদ্যমান-,নেফ্রন,নিউরন,মূত্রথলি,ল্যাঙ্গারহ্যান্স এর দ্বীপপুঞ্জ,A,বৃক্কের গাঠনিক ও কার্যকরী একক হচ্ছে নেফ্রন।
973,AFMC 2019-2020,দ্বিপদ নামকরণের জনক কে?,ক্যারোলাস লিনিয়াস,বেন্থাম হুকার,থিওফ্রাস্টাস,মেন্ডেল,A,"দ্বি-পদ নামকরণের জনক: ১৭৫৮ সালে সুইডিস বিজ্ঞানী ক্যারোলাস লিনিয়াস
প্রাণিদের দ্বিপদ নামকরণের নীতি প্রবর্তন করেন। এ জন্য তাকে দ্বি-পদ নামকরনের
জনক বলা হয়।"
305,AFMC 2015-2016,অ্যানিমাল পোলের ক্ষেত্রে কোনটি সঠিক?,ভ্রূণের অংশে বড় বড় কোষ থাকে,প্রাথমিক জীবাণুস্তর তৈরি করেনা,এতে বৃহৎ পরিমাণে কুসুম কোষ রয়েছে,কোষগুলো অনেক দ্রুত বিভাজিত হয়,D,"উন্নয়ন জীববিজ্ঞানে, ভ্রূণ Animal Pole এবং Vegetal Pole নামে দুই ভাগে বিভক্ত হয়।
Animal Pole এ ছোট ছোট কোষ থাকে এবং দ্রুত বিভাজিত হয়।
Vegetal Pole নিচের অংশে থাকে এবং এতে বেশি পরিমাণে কুসুম কোষ থাকে।"
260,DAT 2020-2021,নিচের কোন হরমোনটি রক্তে সোডিয়ামের মাত্রা নিয়ন্ত্রণ করে?,গ্লুকাগন,অ্যালডোস্টেরন,এনজিওটেনসিন,রেনিন,B,"রেনিন - নিষ্ক্রিয় অ্যানজিওটেনসিনোজেনকে সক্রিয় অ্যানজিওটেনসিনে পরিণত করে।
অ্যানজিওটেনসিন - অ্যাড্রেনাল কর্টেক্স থেকে অ্যালডোস্টেরন ক্ষরণকে উদ্দীপিত করে।
গ্লুকাগন - রক্তে গ্লুকোজের পরিমাণ বৃদ্ধি করে।"
254,MAT 2019-2020,হাইড্রার কোন অংশে নিডোসাইট কোষ সবচেয়ে বেশি থাকে?,দেহ প্রাচীর,কর্ষিকা,দেহ কাণ্ড,পাদ-চাকতি,B,"Hydra-র পাদচাকতি ব্যতীত দেহের সর্বত্র নিডোসাইট কোষ বিদ্যমান থাকে। তবে, কর্ষিকাতে এদের সংখ্যা অধিক।"
666,MAT 2004-2005,ইন্টারফেরনের কাজ নয় কোনটি?,অনাক্রম্যতন্ত্রকে নিয়ন্ত্রণ করা,অ্যান্টিবডি উৎপাদনে বাঁধা দেওয়া,হরমোন উৎপাদনে সাহায্য করা,NK কোষের ক্ষমতা ও বংশবৃদ্ধি করা,C,ইন্টারফেরন হলো ভাইরাস আক্রান্ত কোষ থেকে নিঃসৃত ক্ষুদ্র গ্লাইকোপ্রোটিন। এটি সুস্থ কোষকে ভাইরাস আক্রমণের বিরুদ্ধে প্রতিরোধী করে তোলে। তবে এটি হরমোন উৎপাদনে সাহায্য করে না।
345,DAT 2017-2018,"মানব পিত্তরস সম্বন্ধে নিচের কোন তথ্যটি সঠিক, ইহা-",একটি অম্লীয় তরল,এনজাইম সমৃদ্ধ,পাকস্থলিতে পরিপাকে সহায়তা করে,যকৃতে তৈরি হয়,D,যকৃত কোষ (হেপাটোসাইট) অনবরত পিত্তরস ক্ষরণ করে এবং পিত্তথলিতে জমা রাখে। পিত্তরস ক্ষার জাতীয় তরল পদার্থ। এতে কোন এনজাইম থাকে না। পিত্তরসের সোডিয়াম বাইকার্বনেট উপাদানটি পাকস্থলী থেকে আগত HCI কে প্রশমিত করে ক্ষারীয় পরিবেশ সৃষ্টি করে যা ক্ষুদ্রান্ত্রে বিভিন্ন এনজাইমের কার্যকারিতার জন্য অত্যন্ত প্রয়োজন।
603,MAT 2001-2002,হার্ডেরিয়ান গ্রন্থির অবস্থান যেখানে-,ক্ষুদ্রান্ত,চক্ষু,অ্যাড্রেনাল,অগ্ন্যাশয়,B,হার্ডেরিয়ান গ্রন্থি চোখের সাথে যুক্ত থাকে। এটি চোখের অশ্রুগ্রন্থি এবং চোখের আদ্রতা বজায় রাখতে সাহায্য করে।
128,AFMC 2017-2018,রেটিনার কোন ধরনের কোষ থেকে অপটিক স্নায়ু তৈরী হয়?,রড কোষ,কোণ কোষ,বাইপোলার নিউরন,গাংগ্লিওন কোষ,D,"রেটিনা রড কোষ ও কোণ কোষ নামক দুই ধরনের কোষ নিয়ে গঠিত। রেটিনার দশটি উপস্তর রয়েছে। রেটিনায় বস্তুর প্রতিবিম্ব তৈরী হয়। রেটিনা থেকে অপটিক স্নায়ু তৈরী হয়, যা দর্শন অনুভূতি মস্তিষ্কে প্রেরণ করে। রেটিনার গাংগ্লিওন কোষ থেকে অপটিক স্নায়ু তৈরী হয়।"
696,DAT 2009-2010,নিম্নের কোনটি সঠিক নয়?,লালারসে টায়ালিন নামক উৎসেচক উপস্থিত থাকে,প্রতিদিন প্রায় 2 লিটার গ্যাস্ট্রিক রস নিঃসৃত হয়,মিউসিন HCl-এর ক্ষতিকর ভূমিকা থেকে পাকস্থলি প্রাচীরকে রক্ষা করে,হাইড্রোক্লোরিক এসিডের উপস্থিতি পেপসিনের কার্যক্রমকে বাধাগ্রস্ত করে,D,"HCl এর উপস্থিতিতে নিষ্ক্রিয় পেপসিনোজেন সক্রিয় পেপসিনে রূপান্তরিত হয়, ফলে হাইড্রোক্লোরিক এসিড পেপসিনের কার্যক্রম বাধাগ্রস্ত করে না বরং সক্রিয় করে।"
991,AFMC 2019-2020,মানবদেহে কোন ইউমিউনোগ্লোবিউলিন অনুপস্থিত?,IgB,IgM,IgD,IgA,A,"ইংরেজি শব্দ ইমিউনোগ্লোবিন (Immunoglobulin)-এর সংক্ষিপ্ত রূপ Ig-এর সাথে একটি ইংরেজি বর্ণযোগ করে একেকটি শ্রেণীকে নির্দেশ করা হয়। এই ৫টি শ্রেণী হল IgG, IgM, IgA, IgD, এবং IgE। এই পাঁচ শ্রেণীর প্রতিরক্ষিকা কেবল এদের কাঠামোর অপরিবর্তনশীল অঞ্চলের গঠনেই নয়, বরং কর্মস্থল অনুযায়ীও ভিন্ন হয়।"
816,MAT 2022-2023,মানবদেহে কোনটি লুপ্তপ্রায় অংগ?,থাইরয়েড গ্ল্যান্ড,থাইমাস,স্ক্যাপুলা,ক্যানাইন দাঁত,B,"মানবদেহের লুপ্তপ্রায় অঙ্গগুলো হলো থাইমাস গ্রন্থি, আক্কেল দাঁত, কর্তন দাঁত, পুচ্ছাস্থি, গায়ের লোম, উপপল্লব ইত্যাদি।"
372,MAT 2018-2019,কোনটি মানুষের পশ্চাৎ মস্তিষ্কের অংশ নয়?,মেডুলা অবলংগাটা,পনস,সেরেবেলাম,থ্যালামাস,D,"পশ্চাৎ মস্তিষ্কের অংশসমূহ: সেরেবেলাম, মেডুলা অবলংগাটা, পনস।
অগ্রমস্তিষ্কের অংশ: সেরেব্রাম, থ্যালামাস, হাইপোথ্যালামাস।
মধ্যমস্তিষ্কের অংশ: টেকটাম, সেরেব্রাল অ্যাকুইডাক্ট, কর্পোরা কোয়াড্রিজেমিনা, সেরেব্রাল পেডাঙ্কল।"
522,MAT 2006-2007,স্বরতন্ত্রীর অবস্থান হচ্ছে-,গলবিল,ট্রাকিয়া বা শ্বাসনালি,নাসাগহ্বর,ল্যারিংক্স,D,"স্বরযন্ত্র বা ল্যারিংস:
এটি শ্বাসনালিতে উন্মুক্ত হয়।
এর দুপাশে ২টি করে পাতলা মাংসপেশি আছে, এরাই স্বরতন্ত্রী বা ভোকাল কর্ড (Vocal cord)।
এটি কয়েকটি তরুণাস্থি দ্বারা গঠিত। এদের মধ্যে থাইরয়েড তরুণাস্থি সবচেয়ে বড়।
স্বরযন্ত্রের উপরিভাগের জিহ্বাকৃতির ঢাকনাকে উপজিহ্বা বা এপিগ্লটিস (epiglottis) বলা হয়।"
405,MAT 2017-2018,হেনলির লুপের অবস্থান বৃক্কের কোথায়?,বৃক্কীয় নালিকায়,রেনাল করপাসলে,এফারেন্ট ধমনিকাতে,ইফারেন্ট ধমনিকাতে,A,"বৃক্কের কার্যকরী একক নেফ্রন। নেফ্রণের ২টি প্রধান অংশ:
i. রেনাল করপাসল (২টি অংশ):
রেনাল ক্যাপসুল
গ্লোমেরুলাস
ii. রেনাল টিউব্যুল (৪টি অংশ):
প্রক্সিমাল প্যাঁচানো নালিকা
লুপ অব হেনলি
ডিস্টাল প্যাঁচানো নালিকা
সংগ্রাহী নালী"
412,MAT 2016-2017,ফিলোসফিকা জুওলজিক' গ্রন্থের রচয়িতা কে?,ডারউইন,ল্যামার্ক,দ্য ভিস,ভাইজম্যান,B,"ল্যামার্ক ছিলেন একজন ফরাসি দার্শনিক ও প্রকৃতিবিজ্ঞানী।
তার লেখা ‘ফিলোসফিকা জুওলজিক’ (১৮০৯) গ্রন্থে ল্যামার্কিজম মতবাদ প্রকাশিত হয়।"
482,AFMC 2020-2021,"চিকিৎসাবিদ্যার কোন শাখায় স্থূলতার কারণ, প্রতিরোধ ও চিকিৎসা সম্বন্ধে আলোচনা করা হয়?",Obesity,Geriatrics,Bariatrics,Pediatrics,C,"চিকিৎসাবিদ্যার যে শাখায় স্থূলতার কারণ, প্রতিরোধ ও চিকিৎসা সম্বন্ধে আলোচনা করা হয় তাকে Bariatrics বলা হয়।
অন্যান্য অপশন সম্পর্কিত তথ্য:
Obesity: স্থূলতা।
Geriatrics: বয়স্ক মানুষের চিকিৎসাবিদ্যা।
Pediatrics: শিশুদেহের চিকিৎসাবিষয়ক শাখা।"
170,DAT 2024-2025,কোন গ্রন্থি আমিষ শোষণ নিয়ন্ত্রণ করে?,যকৃত,অগ্ন্যাশয়,থাইমাস,থাইরয়েড,D,কার্বোহাইড্রেট শোষণ নিয়ন্ত্রণ করে -> ইনসুলিন এবং গ্লুকোকটিকয়েড হরমোন। আমিষ এবং লিপিড শোষণ নিয়ন্ত্রণ করে -> থাইরক্সিন হরমোন যা থাইরয়েড গ্রন্থি থেকে নিঃসৃত হয়।
836,DAT 2021-2022,আমাদের জাতীয় পাখির বৈজ্ঞানিক নাম কি?,Gracula religiosa,Copsychus saularis,Passer domesticus,Columba livia,B,আমাদের জাতীয় পাখি দোয়েলের বৈজ্ঞানিক নাম Copsychus saularis
78,AFMC 2019-2020,পেসমেকারে কোন ব্যাটারি ব্যবহৃত হয়?,লিথিয়াম,লেড,পটাশিয়াম,কার্বনিয়াম,A,"একটি লিথিয়াম ব্যাটারি, কম্পিউটারাইজড জেনারেটর ও শীর্ষেসেন্সরযুক্ত কতগুলো তার নিয়ে একটি পেসমেকার গঠিত হয়।"
966,MAT 2020-2021,ভ্রূণে লোহিত কণিকাসমূহ নিম্নের কোথায় তৈরি হয়?,থাইমাস,অগ্ন্যাশয়,প্লীহা,অস্থি মজ্জা,"A,C","ভ্রূণীয় জীবনে লোহিত কণিকাসমূহ কুসুম থলি (৩ সপ্তাহ বয়সে) যকৃত, প্লীহা ও থাইমাস (৬ মাস বয়স পর্যন্ত) থেকে উৎপন্ন হয়। আর, ভূমিষ্ট হওয়ার সময় থেকে পশুকা, কশেরুকা, স্টার্নাম ও শ্রোণিচক্রের লাল অস্থিমজ্জায় অবস্থিত বড় নিউক্লিয়াসযুক্ত এরিথ্রোব্লাস্ট নামক স্টেমকোষ থেকে অবিরাম লোহিত কণিকা সৃষ্টি হয়।"
83,AFMC 2019-2020,অত্যাবশ্যকীয় অ্যামিনো এসিড নয় কোনটি?,হিস্টিডিন,আইসোলিউসিন,লাইসিন,অ্যালানিন,C,"খাদ্যে উপস্থিতির প্রয়োজনীয়তার ভিত্তিতে অ্যামিনো অ্যাসিড দুই ভাগে বিভক্ত। যথা-
১। অত্যাবশ্যকীয় অ্যামিনো অ্যাসিড। এরা দেহাভ্যন্তরে সংশ্লেষিত হয় না। উদাহরণ- লিউসিন, আইসোলিউসিন, লাইসিন, থ্রিওনিন, ভ্যালিন, মেথিওনিন, ফিনাইল অ্যালানিন এবং ট্রিপটোফ্যান (৮টি)। শিশুদের জন্য অত্যাবশ্যকীয় অ্যামিনো অ্যাসিড ১০টি। অতিরিক্ত- আরজিনিন ও হিস্টিডিন।
২। অনাত্যাবশ্যকীয় অ্যামিনো অ্যাসিড: এরা দেহাভ্যন্তরে সংশ্লেষিত হতে পারে। সংখ্যায় ১২টি এবং শিশুদের ক্ষেত্রে ১০টি।"
738,MAT 2015-2016,কোন ভিটামিন পানিতে দ্রবণীয়?,ভিটামিন A,ভিটামিন D,ভিটামিন B কমপ্লেক্স,ভিটামিন K,C,পানিতে দ্রবণীয় ভিটামিন হলো ভিটামিন B এবং ভিটামিন C।
904,MAT 2024-2025,এনজিওপ্লাস্টি করলে কি হয়?,হৃদস্পন্দন বৃদ্ধি পায়,সরু ধমনী প্রশস্ত হয়,হৃদস্পন্দনের গতি ধীর হয়,রক্ত সঞ্চালনের গতি বৃদ্ধি পায়,B,বড় ধরণের অস্ত্রোপচার না করে সংকীর্ণ লুমেনযুক্ত বা রুদ্ধ হয়ে যাওয়া করোনারি ধমনি পুনরায় প্রশস্ত লুমেনযুক্ত করা বা উন্মুক্ত করার পদ্ধতিকে এনজিওপ্লাস্টি বলে। এনজিওপ্লাস্টির উদ্দেশ্য হচ্ছে সরু বা বন্ধ হয়ে যাওয়া লুমেনের ভিতর দিয়ে হৃৎপিন্ডে পর্যাপ্ত O₂ সরবরাহ নিশ্চিত করে হৃৎপিন্ড ও দেহকে সচল রাখা।
291,DAT 2019-2020,নিচের কোন গ্রন্থিটি ক্যালসিয়াম বিপাকে সহায়তা করে?,প্যারাথাইরয়েড,থাইরয়েড,পিটুইটারি,অ্যাড্রেনাল,A,প্যারাথাইরয়েড গ্রন্থি থেকে নিঃসৃত প্যারাথাইরয়েড হরমোন বা প্যারাথরমোন বা প্যারাথাইরিন এর প্রধান কাজ ক্যালসিয়াম ও ফসফরাসের বিপাক নিয়ন্ত্রণ। এটি বৃক্কে ক্যালসিয়ামের পুনঃশোষণ বাড়িয়ে দিয়ে রক্তে ক্যালসিয়ামের মাত্রা বাড়ায় এবং ফসফেটের মাত্রা কমায়। থাইরয়েড গ্রন্থি নিঃসৃত ক্যালসিটোনিন রক্তে ক্যালসিয়ামের মাত্রা কমায়।
311,DAT 2018-2019,সিফিলিস রোগের জন্য দায়ী নিচের কোনটি?,Treponema pallidum,Neisseria gonorrhoeae,Treponema vagmalis,Trichomonas vaginalis,A,"যৌনবাহিত রোগের জীবাণু:
সিফিলিস → Treponema pallidum
গনোরিয়া → Neisseria gonorrhoeae
এইডস → HIV"
849,MAT 2021-2022,কোন এনজাইম আমিষ পরিপাকে সাহায্য করে?,ল্যাকটেজ,ট্রিপসিন,অ্যামাইলেজ,লাইপেজ,B,"ট্রিপসিন এনজাইম আমিষ পরিপাকে সাহায্য করে। ল্যাকটেজ, অ্যামাইলেজ এনজাইম শর্করা পরিপাকে সাহায্যে করে। লাইপেজ ফ্যাট পরিপাকে সাহায্য করে।"
100,AFMC 2018-2019,নিচের কোন প্রাণীটি ত্রিস্তরী?,অ্যামিবা,কেঁচো,হাইড্রা,ম্যালেরিয়া জীবাণু,B,"ত্রিস্তরী প্রাণীর উদাহরণ: কৃমি, শামুক, অক্টোপাস, কেঁচো,
জোঁক, চিংড়ি, মৌমাছি, ব্যাঙ, হাতি, মানুষ সবাই ত্রিস্তরী প্রাণী।"
490,MAT 2002-2003,শোষিত খাদ্যবস্তুর প্রোটোপ্লাজমে রূপান্তরকে বলে-,পরিপাক,শোষণ,আত্তীকরণ,অধিশোষণ,C,"আত্তীকরণ হলো শোষিত খাদ্যবস্তুর প্রোটোপ্লাজমে রূপান্তরের প্রক্রিয়া।
অন্যান্য অপশন:
পরিপাক — খাদ্যবস্তু গলাধঃকরন ও এনজাইমের সহায়তায় ভাঙ্গন।
শোষণ — খাদ্য পরিপাকের পর রক্তনালীর মাধ্যমে সারা দেহে ছড়িয়ে যাওয়ার প্রক্রিয়া।
অধিশোষণ — কোনো পদার্থের অন্য একটি পদার্থের পৃষ্ঠতলে সঞ্চিত বা কেন্দ্রীভূত হওয়া, অভ্যন্তরে প্রবেশ না করা।"
421,MAT 2016-2017,কোনটি ক্ষুদ্রান্ত্রের অংশ নয়?,ডিওডেনাম,ইলিয়াম,এপেনডিক্স,জেজুনাম,C,ক্ষুদ্রান্ত্রের তিনটি অংশ। যথা- ১) ডিওডেনাম ২) জেজুনাম ৩) ইলিয়াম। আর বৃহদান্ত্রের ৩টি অংশ হলো- ১) সিকাম ২) কোলন ৩) মলাশয়। সিকামের সাথে এপেনডিক্স সংযুক্ত থাকে। এপেনডিক্স একটি নিষ্ক্রিয় অঙ্গ যা উদরীয় টনসিল নামেও পরিচিত।
835,DAT 2021-2022,কোনটি Live attenuated ভ্যাক্সিন?,হাম,হেপাটাইটিস বি,টিটেনাস,ইনফ্লুয়েঞ্জা,A,"মিজলজ (হাম) → Live attenuated vaccine,
হেপাটাইটিস বি → Subunut vaccine,
টিটেনাস → Toxoid vaccine,
ইনফ্লুয়েঞ্জা → Killed or Inactivated vaccine."
766,AFMC 2020-2021,সন্তান প্রসবে কোন হরমোন সাহায্য করে?,অক্সিটোসিন,অক্সিন,টেস্টোস্টেরন,গোনাডোট্রপিন,A,শিশু প্রসব: ৪০তম সপ্তাহে অক্সিটসিন ও প্রোস্টাগ্লান্ডিন হরমোন দুটির সক্রিয়তায় জরায়ুর সংকোচন ঘটে। ফলে শিশু জরায়ু থেকে বাইরে আসতে পারে। এটি ৩টি ধাপে সম্পন্ন হয়।
782,MAT 2017-2018,স্ত্রী রুইমাছ ডিম পাড়ে কখন?,জানুয়ারি-মার্চ মাস,ফেব্রুয়ারি-মে মাস,জুন-আগস্ট মাস,সেপ্টেম্বর-জানুয়ারি মাস,C,স্ত্রী রুইমাছ সাধারণত বর্ষাকাল (জুন-জুলাই) মাসে প্রজননের জন্য তৈরি হয় এবং ডিম পাড়ে।
935,DAT 2021-2022,কোনটি Live attenuated ভ্যাক্সিন?,হাম,হেপাটাইটিস বি,টিটেনাস,ইনফ্লুয়েঞ্জা,A,"মিজলজ (হাম) → Live attenuated vaccine,
হেপাটাইটিস বি → Subunut vaccine,
টিটেনাস → Toxoid vaccine,
ইনফ্লুয়েঞ্জা → Killed or Inactivated vaccine."
982,AFMC 2019-2020,কত BMI কে স্বাভাবিক ওজন হিসেবে ধরা হয়?,25.2-29.1,21.5-23.9,18.5-24.9,10.1-14.8,C,"ওজন (কি.গ্রা.) / উচ্চতা (মিটার) → শ্রেনী
< ১৮.৫০→ওজনহীনতা
১৮.৫০ – ২৪.৯ → স্বাভাবিক
২৫.০০ – ২৯.৯ → ওজনাধিক্য
৩০.০০ – ৩৪.৯ → গ্রেড-১ স্থুলতা
৩৫.০০ – ৩৯.৯→ গ্রেড-২ স্থুলতা
> ৪০.০০ →গ্রেড-৩ স্থুলতা/ রোগ গ্রস্থ চূড়ান্ত পর্যায়ের স্থুলতা"
548,MAT 2010-2011,মানুষের গ্লোমেরুলাসে পরিদ্রুত মূত্র ADH এর প্রভাব ছাড়া নিম্নের (%) কতভাগ পুনঃশোষণ প্রক্রিয়ায় নেফ্রনের প্রক্সিমাল প্যাঁচানো নালিকায় শোষিত হয়?,20,40,60,80,C,"নেফ্রনের প্রক্সিমাল প্যাঁচানো নালিকায় প্রায় 60% পুনঃশোষণ ঘটে, বাকি 40% লুপ অব হেনলি, ডিস্টাল প্যাঁচানো নালিকা ও সংগ্রাহী নালিকায় শোষিত হয়।"
339,DAT 2017-2018,মোলার দাঁতের কাজ কোনটি?,খাবার টুকরা করা ও ছেঁড়া,খাবার টুকরা করা ও পেষণ করা,খাবার চর্বন করা ও পেষণ করা,খাবার ছোঁড়া ও চর্বন করা,B,"মোলার দাঁতের কাজ হচ্ছে খাবার টুকরা করা ও পেষণ করা, যা খাবারের পরিপাক প্রক্রিয়ায় সহায়তা করে।"
197,AFMC 2021-2022,প্যানক্রিয়াসের আইলেটস অব ল্যাঙ্গার হ্যান্স এর কোন কোষ (Cells) থেকে ইনসুলিন নিঃসৃত হয়?,আলফা কোষ,ডেলটা কোষ,পিপি কোষ,বিটা কোষ,D,আলফা কোষ থেকে গ্লুকাগন এবং বিটা কোষ থেকে ইনসুলিন নিঃসৃত হয়।
970,MAT 2020-2021,গ্রোথ হরমোন কোথায় তৈরি হয়?,Thalamus,Hypothalamus,Adrenal gland,Pituitary gland,D,"অগ্র পিটুইটারি গ্রন্থি থেকে বৃদ্ধিপোষক হরমোন (STH) বা Growth hormone তৈরি ও নিঃসৃত হয়। অগ্র পিটুইটারি গ্রন্থি থেকে আর যে সব হরমোন নিঃসৃত হয়- Prolactin, LH, ACTH, TSH, FSH ।"
354,DAT 2016-2017,সেরেব্রামের দুটি খণ্ডকে সংযোগকারী স্নায়ু গুচ্ছের নাম-,কর্পাস অ্যালবিকান্স,কর্পাস অ্যাটরেটিকাম,কর্পাস ক্যালোসাম,কর্পাস লুটিয়াম,C,কর্পাস ক্যালোসাম সেরেব্রামের দুটি খণ্ডকে সংযুক্ত করে।
572,MAT 2009-2010,নিম্নের কোন অস্থিতে মজ্জা গহ্বর নাই?,ইশ্চিয়াম,স্টার্নাম,কারপাল,ক্ল্যাভিকল,D,"ক্ল্যাভিকল অস্থিতে মজ্জা গহ্বর থাকে না, এটি পরিবর্তিত দীর্ঘ অস্থি।"
94,AFMC 2019-2020,দেহের ভারসাম্য রক্ষা করে কোনটি?,বহিঃকর্ণ,অন্তঃকর্ণ,মধ্যাকর্ণ,কোনটিই নয়,B,
353,DAT 2016-2017,পাকস্থলিতে কোন করোটিক স্নায়ুর কার্যক্রম বিদ্যমান?,অপটিক,অডিটরি,ভেগাস,অকুলোমোটর,C,"ভেগাস স্নায়ু স্বরযন্ত্র, হৃৎপিণ্ড, পাকস্থলি ও ফুসফুসে কার্যক্রম পরিচালনা করে।"
127,AFMC 2017-2018,মুখমন্ডলীয় অস্থিতে প্যালেটিন এর সংখ্যা কত?,৫,২,১,৮,B,মুখমন্ডলীয় অস্থিতে প্যালেটিন আছে-২টি
202,AFMC 2021-2022,শ্বসনতন্ত্রের উৎপত্তি কোথা থেকে হয়?,Endoderm,Ectoderm,Mesoderm,Teloderm,A,শ্বসনতন্ত্রের উৎপত্তি এন্ডোডার্ম থেকে হয়।
154,DAT 2024-2025,পূর্ণবয়স্ক সুস্থ মানুষের দু'টি ফুসফুসে আলভিওলাসের সংখ্যা কত?,২৫০ মিলিয়ন,৫০০ মিলিয়ন,৩০০ মিলিয়ন,৭০০ মিলিয়ন,D,"নবজাতক শিশুর ফুসফুসে ২০ মিলিয়ন, ৮ বছরের শিশুর ৩০০ মিলিয়ন এবং একজন পূর্ণবয়স্ক মানুষের ফুসফুসে প্রায় ৭০০ মিলিয়ন অ্যালভিওলাই থাকে।"
990,AFMC 2019-2020,গ্রন্থিরাজ বলা হয় কোনটিকে?,শুক্রাশয়,অগ্নাশয়,পিটুইটারি,লালা,C,"পিটুইটারি গ্রন্থি মস্তিষ্কের নিচের অংশে অবস্থিত। দেহের সবচেয়ে বেশি গুরুত্বপূর্ণনালিবিহীন গ্রন্থি হলেও এটি আকারে সবচেয়ে ক্ষুদ্র। এই গ্রন্থি থেকে গোনাডোট্রপিক, সোমাটোট্রপিক, থাইরয়েড উদ্দীপকে হরমোন, এডরেনোকর্টিকোট্রপিন ইত্যাদি হরমোন নিঃসৃতসৃ হয়। এই গ্রন্থি থেকে নিঃসৃতসৃ হরমোন সংখ্যায় যেমন বেশি, অপরদিকে অন্যান্য গ্রন্থির ওপর এসব হরমোনের প্রভাবও বেশি। এজন্য পিটুইটারি গ্রন্থিকে প্রধান/প্রভু গ্রন্থি বলা হয়।"
257,MAT 2019-2020,আন্তঃকশেরুকা চাকতিতে কী ধরনের তরুণাস্থি পাওয়া যায়?,স্থিতিস্থাপক তরুণাস্থি,চুনময় তরুণাস্থি,শ্বেত-তত্ত্বময় তরুণাস্থি,স্বচ্ছ তরুণাস্থি,C,"স্থিতিস্থাপক: বহিঃকর্ণ বা পিনা, ইউস্টেশিয়ান নালি, এপিগ্লটিস প্রভৃতি।
চুনময়: হিউমেরাস ও ফিমারের মস্তক।
শ্বেত-তত্ত্বময়: দুটি কশেরুকার মধ্যবর্তী অঞ্চল।
স্বচ্ছ: স্তন্যপায়ীর নাক, শ্বাসনালি, স্বরযন্ত্র এবং ব্যাঙ ও হাঙরের ভ্রূণ বা পরিণত দেহ প্রভৃতি।"
101,AFMC 2018-2019,রক্তে গ্লুকোজের মাত্রা নিয়ন্ত্রণে কোন সংবহনতন্ত্রের ভূমিকা রয়েছে?,পালমোনারি,সিস্টেমিক,যকৃত পোর্টালতন্ত্র,বৃক্কীয় পোর্টালতন্ত্র,C,"যকৃত পোর্টাল তন্ত্রের তাৎপর্য বা কাজ:
১. পরিপাককৃত ও রক্ত কর্তৃক শোষিত খাদ্যসার পোর্টালতন্ত্রের মাধ্যমে
যকৃতে পৌছালে ইনসুলিন নামক হরমোনের প্রভাবে রক্ত থেকে
অতিরিক্ত গ্লুকোজ যকৃত শোষণ করে এবং জমা রাখে।
২. আবার রক্তে গ্লুকোজের মাত্রা কমে গেলে হরমোনের প্রভাবে যকৃত
কোষ থেকে সঞ্চিত গ্লুকোজ পোর্টালতন্ত্রের কৈশিকনালির মাধ্যমে
রক্তস্রোতে আসে। এভাবে যকৃত পোর্টালতন্ত্র রক্তে গ্লুকোজের মাত্রা
নিয়ন্ত্রণ করে।"
234,MAT 2019-2020,কোষের কোথায় ক্রেবস চক্র (Krebs cycle) সংঘটিত হয়?,Cytoplasm,Ribosome,Mitochondria,Chloroplast,C,"ক্রেবস চক্র শ্বসনের একটি ধাপ যা মাইটোকন্ড্রিয়ার ম্যাট্রিক্সে সংঘটিত হয়। Sir Hans Adolf Krebs এটি আবিষ্কার করেন। গ্লাইকোলাইসিস ছাড়া শ্বসনের সবকটি বিক্রিয়া (ক্রেবস চক্র, ETS/ অক্সিডেটিভফসফোরাইলেশন) মাইটোকন্ড্রিয়ায় ঘটে থাকে।"
996,DAT 2021-2022,কোন কোষ বিভাজন পদ্ধতিতে RBC তৈরি হয়?,synopsis,mitosis,meiosis,amitiosis,B,মাইটোসিস পদ্ধতিতে লোহিত রক্তকণিকা তৈরী হয়।
848,MAT 2021-2022,কোনটি autosomal recessive disorder?,থ্যালাসেমিয়া,লাল-সবুজ বর্ণান্ধতা,রাতকানা,হিমোফিলিয়া,A,"লাল-সবুজ বর্ণান্ধতা, রাতকানা, হিমোফিলিয়া- Sex-linked disorder. থ্যালাসেমিয়া- autosomal recessive disorder."
493,MAT 2011-2012,নিম্নের কোন অঙ্গে লোহিত কণিকা ধ্বংস হয়?,প্লীহা,যকৃত,পাকস্থলী,বৃক্ক,"A,B","লোহিত কণিকার উৎপত্তি জন্মের একমাস পূর্বে যকৃত ও প্লীহায় হয়। জন্মের পর লোহিত অস্থিমজ্জা, হিউমেরাস ও ফিমারের মস্তক, কশেরুকা, পশুর্কা, করোটির চ্যাপ্টা অস্থিতে উৎপন্ন হয়।
লোহিত কণিকা ধ্বংস হয় মূলত যকৃত ও প্লীহায়।"
802,MAT 2024-2025,কোন এন্টিবডি প্রধানত এলার্জির সাথে সংশ্লিষ্ট?,IgA,IgM,IgG,IgE,D,"IgE → এটি দুর্লভ Ig, প্রদাহ সাড়া সক্রিয় করে, অ্যালার্জিক সাড়াদানে নেতিবাচক ভূমিকা রাখে।
IgG → গর্ভাবস্থায় অমরা অতিক্রম করে।
IgA → মায়ের বুকের দুধের মাধ্যমে শিশুতে স্থানান্তরিত হয়।"
621,MAT 2009-2010,নিম্নের কোনটি হৃদপিন্ডের সংকোচনের শক্তিকে বাড়ায়?,ইনসুলিন,ভেগাস,এডরেনালিন,প্যারাথরমোন,C,এডরেনালিনকে আপদকালীন হরমোন বলা হয়। এটি হৃদস্পন্দন বৃদ্ধি করে ও হৃদপিণ্ডের সংকোচনের শক্তি বাড়ায়।
559,MAT 1990-1991,হিউমেরাস কোন অস্থিটিকে বলা হয়?,অগ্রপদের অস্থি,হাতের অস্থি,বাহুর অস্থি,পায়ের অস্থি,C,হিউমেরাস হচ্ছে বাহুর অস্থি। এটি ঊর্ধ্ব বাহুর একক বৃহৎ অস্থি।
523,MAT 2006-2007,ব্রঙ্কিয়াল নালীগুলোর কোনটি সঠিক পর্যায়ক্রম?,মুখ্য ব্রংকাই- ব্রঙ্কিওল- গৌণ ব্রঙ্কাই- শ্বসন ব্রঙ্কিওল- প্রান্তীয় ব্রঙ্কিওল- অ্যালভিওলার থলি- অ্যালভিওলার নালী- অ্যালভিওথলি,মুখ্য ব্রংকাই- ব্রঙ্কিওল- গৌণ ব্রঙ্কাই- শ্বসন ব্রঙ্কিওল- প্রান্তীয় ব্রঙ্কিওল- অ্যালভিওলার নালী- অ্যালভিওলার থলি- অ্যালভিওলি,মুখ্য ব্রংকাই- গৌণ ব্রঙ্কাই- ব্রঙ্কিওল- শ্বসন ব্রঙ্কিওল- প্রান্তীয় ব্রঙ্কিওল- অ্যালভিওরার নালী- অ্যালভিওলার থলি- অ্যালভিওলি,মুখ্য বঙ্কাই- গৌণ ব্রঙ্কাই- ব্রঙ্কিওল- প্রান্তীয় ব্রঙ্কিওল- শ্বসন ব্রঙ্কিওল- অ্যালভিওলার নালী- অ্যালভিওলার থলি- অ্যালভিওলি,B,শ্বসন বৃক্ষের পর্যায়ক্রম: ট্রাকিয়া → Primary (মুখ্য) ব্রঙ্কাস → Secondary (গৌণ) ব্রঙ্কাস → Tertiary (সেগমেন্টাল) ব্রঙ্কাস → ব্রঙ্কিওল → টার্মিনাল ব্রঙ্কিওল → শ্বসন ব্রঙ্কিওল → অ্যালভিওলার নালী → অ্যালভিওলার থলি → অ্যালভিওলি।
789,MAT 2016-2017,প্রাপ্তবয়স্ক মানুষের মস্তিষ্কে নিউরনের সংখ্যা কত?,১০ মিলিয়ন,১০ কোটি,১০ বিলিয়ন,১০ লক্ষ,C,"মানব মস্তিষ্কের বৈশিষ্ট্য:
ওজন: প্রায় ১.৩৬ কেজি
আয়তন: প্রায় ১৫০০ ঘন সেন্টিমিটার
নিউরন সংখ্যা: প্রায় ১০০ বিলিয়ন (১ লক্ষ কোটি)"
541,MAT 2003-2004,প্রতিটি বৃক্কে নেফ্রন থাকে-,প্রায় ৮ থেকে ৯ লক্ষ,প্রায় ১২ থেকে ১৪ লক্ষ,প্রায় ১০ থেকে ১২ লক্ষ,প্রায় ১৩ থেকে ১৫ লক্ষ,C,প্রতিটি বৃক্কে প্রায় ১০ লক্ষ থেকে ১২ লক্ষ নেফ্রন থাকে।
792,MAT 2016-2017,"কনে হিমোফিলিয়া বাহক, বর সুস্থ, এদের সন্তানদের ক্ষেত্রে কোনটি মিথ্যা?",পুত্রদের অর্ধেক সুস্থ হবে,পুত্রদের সবাই সুস্থ হবে,পুত্রদের অর্ধেক হিমোফিলিয়ায় আক্রান্ত হবে,কন্যাদের অর্ধেক বাহক হবে,B,"স্বাভাবিক পুরুষ (XᴴY) × বাহক মহিলা (XᴴXʰ) হলে:
সন্তানের সম্ভাব্য জিনোটাইপ → ধরন
XᴴXᴴ →স্বাভাবিক কন্যা
XᴴXʰ →বাহক কন্যা
XᴴY →স্বাভাবিক পুত্র
XʰY → হিমোফিলিক পুত্র"
462,MAT 2014-2015,স্বাভাবিক মূত্রের বর্ণ হালকা হলুদ হয় কিসের উপস্থিতিতে?,বিলিভারডিন,ইউরোক্রোম,বিলিরুবিন,অ্যামোনিয়া,B,"ইউরোক্রোম এর প্রভাবে মূত্র স্বাভাবিক রং হালকা হলুদ (খড় রং) হয়।
 অন্যান্য অপশন সম্পর্কিত তথ্য:
বিলিরুবিন এর প্রভাবে মূত্রের বর্ণ হলুদ হয় (যখন জন্ডিস হয়)।
ইউরিনোড এর উপস্থিতির জন্য মূত্রের ঝাঁঝালো গন্ধ থাকে।"
907,MAT 2024-2025,পেসমেকারের কাজ কি?,রক্তকে তরল রাখে,রক্ত সঞ্চালন বৃদ্ধি করে,হৃদরোগ প্রতিরোধ করে,হৃদস্পন্দনের ধীরগতি নিয়ন্ত্রণ করে,D,হার্ট এটাক ঘটতে পারে এমন ধীর হৃৎস্পন্দন কিংবা হার্ট সার্জারির সময় জরুরী ভিত্তিতে অস্থায়ী পেসমেকার ব্যবহার করা হয়। পেসমেকার ব্যবহারে সব ধরণের অ্যারিথমিয়ার হাত থেকে রক্ষা পাওয়া যায়।
225,MAT 2019-2020,মানবদেহের রক্তে কোন বাফার দ্রবণ (buffer solution) থাকে?,NaHCO₃ and H₂CO₃,NH₄Cl and NH₄OH,CH₃COONa and CH₃COOH,Na₂HPO₄ and H₃PO₄,A,"মানবদেহের রক্তে তিন ধরনের বাফার সিস্টেম থাকে। যথা- বাইকার্বোনেট বাফার, ফসফেট বাফার ও প্রোটিন বাফার। হিমোগ্লোবিন উৎকৃষ্ট বাফাররূপে রক্তের 'বাইকার্বনেট-কার্বনিক এসিড বাফার'-এর সামান্য (2%) নিয়ন্ত্রণ করে। ফসফেট বাফার সিস্টেম হলো আন্তঃকোষীয় বাফার। আর, প্রোটিন বাফার সিস্টেমটি প্লাজমা প্রোটিন ও হিমোগ্লোবিন প্রোটিন সমন্বয়ে গঠিত।"
499,MAT 1988-1989,মানবদেহে রোগ প্রতিরোধক হিসাবে কাজ করে কোনটি?,হিমোগ্লোবিন,শ্বেতকণিকা,লোহিত কণিকা,অনুচক্রিকা,B,শ্বেত রক্তকণিকাকে আণুবীক্ষনিক সৈনিকও বলা হয়।
504,MAT 2013-2014,হৃদপিন্ডের ডান অলিন্দ ও ডান নিলয়ের সংযোগ স্থলের কপাটিকার নাম-,মাইট্রাল কপাটিক,ট্রাইকাসপিড কপাটিকা,পালামোনারী কপাটিকা,অ্যাওর্টিক কপাটিকা,B,"মানুষের হৃৎপিণ্ডের বিভিন্ন কপাটিকার অবস্থান:
ট্রাইকাসপিড কপাটিকা: ডান অলিন্দ ও ডান নিলয়ের সংযোগস্থলে
বাইকাসপিড বা মাইট্রাল কপাটিকা: বাম অলিন্দ ও বাম নিলয়ের সংযোগস্থলে
সেমিলুনার ভাল্ব: পালামোনারি কপাটিকা: ডান নিলয় ও পালমোনারি ধমনির সংযোগস্থলে
সেমিলুনার ভাল্ব: অ্যাওর্টিক কপাটিকা: বাম নিলয় ও অ্যাওর্টার সংযোগস্থলে
থিবেসিয়ান কপাটিকা: করোনারি সাইনাস ও ডান অলিন্দের সংযোগস্থলে
ইউস্টেশিয়ান কপাটিকা: ইনফেরিয়র ভেনাক্যাভা ও ডান অলিন্দের সংযোগস্থলে"
656,MAT 2005-2006,নিচের কোনটি গ্যামিটোজেনেসিসের জন্য সঠিক নয়?,শুক্রাণু-নিউক্লিয়াসের সম্মুখ প্রান্তে গলগি বডি থেকে অ্যাক্রোসোম সৃষ্টি হয়,ব্যাঙের সাইটোপ্লাজমসহ ডিম্বাণু নিউক্লিয়াসটি কুসুম থেকে পৃথক হয়ে ডিম্বাণুর নিম্নপ্রান্ত জুড়ে থাকে,স্পার্মাটোজেনেসিসে হ্যাপ্লয়েড ক্রোমোসোম সেটের DNA অপরিবর্তিত থাকে,প্রত্যেকটি উওগোনিয়াম ডিপ্লয়েড (2n) সংখ্যক ক্রোমোসোম বহন করে,B,ব্যাঙের ডিম্বাণুতে নিউক্লিয়াস ও সাইটোপ্লাজম পৃথক হয় না। বাকি অপশনগুলো গ্যামিটোজেনেসিসের বৈশিষ্ট্য সঠিকভাবে ব্যাখ্যা করে।
866,MAT 2020-2021,ভ্রূণে লোহিত কণিকাসমূহ নিম্নের কোথায় তৈরি হয়?,থাইমাস,অগ্ন্যাশয়,প্লীহা,অস্থি মজ্জা,"A,C","ভ্রূণীয় জীবনে লোহিত কণিকাসমূহ কুসুম থলি (৩ সপ্তাহ বয়সে) যকৃত, প্লীহা ও থাইমাস (৬ মাস বয়স পর্যন্ত) থেকে উৎপন্ন হয়। আর, ভূমিষ্ট হওয়ার সময় থেকে পশুকা, কশেরুকা, স্টার্নাম ও শ্রোণিচক্রের লাল অস্থিমজ্জায় অবস্থিত বড় নিউক্লিয়াসযুক্ত এরিথ্রোব্লাস্ট নামক স্টেমকোষ থেকে অবিরাম লোহিত কণিকা সৃষ্টি হয়।"
492,MAT 2012-2013,রক্তের pH নির্ভর করে যার উপর-,এন্টিজেন,বাফার,রক্তের গ্রুপ,এন্টিবডি,B,"রক্তের স্বাভাবিক pH ৭.৪। এর থেকে ০.৫ কম বা বেশি হলে জীবনহানী হতে পারে। এই সীমিত সীমার মধ্যে রক্তের pH নিয়ন্ত্রিত হয় বিভিন্ন বাফার দ্বারা, যেমন- বাইকার্বোনেট বাফার, ফসফেট বাফার, হিমোগ্লোবিন বাফার ইত্যাদি।"
273,DAT 2020-2021,ক্রোমাটোগ্রাফির (Chromatography) কয়টি পর্যায় (Phase) আছে?,02,04,01,03,A,ক্রোমাটোগ্রাফির ২টি পর্যায় আছে। যথা: ১. স্থির দশা ও ২। চলনশীল দশা।
13,MAT 2024-2025,পেসমেকারের কাজ কি?,রক্তকে তরল রাখে,রক্ত সঞ্চালন বৃদ্ধি করে,হৃদরোগ প্রতিরোধ করে,হৃদস্পন্দনের ধীরগতি নিয়ন্ত্রণ করে,D,হার্ট এটাক ঘটতে পারে এমন ধীর হৃৎস্পন্দন কিংবা হার্ট সার্জারির সময় জরুরী ভিত্তিতে অস্থায়ী পেসমেকার ব্যবহার করা হয়। পেসমেকার ব্যবহারে সব ধরণের অ্যারিথমিয়ার হাত থেকে রক্ষা পাওয়া যায়।
466,MAT 2014-2015,মোটর প্রকৃতির স্নায়ু কোনটি?,হাইপোগ্লোসাল,ফেসিয়াল,ভেগাস,অপথ্যালমিক,A,"মোটর বা চেষ্টীয় স্নায়ু → ৩, ৪, ৬, ১১, ১২।
অন্যান্য অপশন সম্পর্কিত তথ্য:
Mixed বা মিশ্র স্নায়ু → বাকি সব স্নায়ু।
Sensory বা সংবেদী স্নায়ু → ১, ২, ৮।"
743,MAT 2015-2016,কোন চক্রের মাধ্যমে যকৃতে ইউরিয়া তৈরি হয়?,ক্রেবস চক্র,নাইট্রোজেন চক্র,অরনিথিন চক্র,কার্বন চক্র,C,"যকৃতে ইউরিয়া উৎপন্ন হয় অরনিথিন চক্রের মাধ্যমে।
অন্যান্য অপশন সম্পর্কিত তথ্য:
ডিঅ্যামিনেশন প্রক্রিয়ায় ইউরিয়া তৈরি হয়।"
914,MAT 2022-2023,Mollusca এর ক্ষেত্রে কোনটি সঠিক?,নরম কিউটিকুলার এপিডার্মিস দ্বারা আবৃত,নরম ও অখন্ডায়িত,প্রতি খন্ডে নেফ্রিডিয়া বিদ্যমান থাকে,দেহাভ্যন্তরে কেন্দ্রীয় গহ্বর বিদ্যমান,B,"Mollusca নরম মাংসল, অখন্ডকায়িত Annelida নরম কিউটিকলে আবৃত এবং এর প্রতিটি খণ্ডে নেফ্রিডিয়া থাকে।"
833,DAT 2021-2022,কোনটি প্লাজমা প্রোটিন নয়?,ক্রিয়েটিনিন,ফাইব্রিনোজেন,অ্যালবুমিন,গ্লোবুলিন,A,"ক্রিয়েটিনিন → নাইট্রোজেনঘটিত রেচন পদার্থ,
ফাইব্রিনোজেন, অ্যালবুমিন, গ্লোবুলিন → প্লাজমা প্রোটিন।"
316,DAT 2018-2019,নিচের কোনটি সমগোত্রীয় পাখির উদাহরণ নয়?,চড়ুই,চামচঠোঁই কাদাখোচা,হিমালয়ান পার্টিজ,গোল্ডেন প্লোভার,A,"চামচ ঠোঁটি কাদাখোচা, হিমালয়ান পার্টিজ, গোল্ডেন প্লোভার, এবং আর্কটিক টার্ন → পরিযায়ী পাখি।"
214,AFMC 2016-2017,কোন পর্বের প্রাণিদের Plannula লার্ভা দশা রয়েছে?,Nematoda,Cnidaria,Platyhelminthes,Porifera,B,Cnidaria পর্বের প্রাণীদের Plannula নামক সিলিয়াযুক্ত লার্ভা দশা রয়েছে।
624,MAT 2008-2009,নিম্নে উল্লেখিত কোনটি থেকে টেস্টোস্টেরণ হরমোন নিঃসৃত হয়?,শুক্রাণু মাতৃকোষ,সারটলি কোষ,ইন্টারস্টিশিয়াল কোষ,প্রোস্টেট গ্রন্থি,C,পুরুষদের টেস্টিসের ইন্টারস্টিশিয়াল কোষ (লেডিগ কোষ) থেকে টেস্টোস্টেরন হরমোন নিঃসৃত হয়। এটি পুরুষত্বের বৈশিষ্ট্য উন্নত করে।
512,DAT 2008-2009,নিম্ন প্রদত্ত কোন ধমনিটির উৎপত্তি এ্যাওর্টার বাঁক থেকে হয় না?,বাম সাধারণ ক্যারোটিকড,ইনোমিনেট,বামস বিক্রেভিয়ান,ডান সাধারণ ক্যারোটিড,D,"ডান সাধারণ ক্যারোটিডের উৎপত্তি ইনোমিনেট অ্যার্টারি থেকে হয়, যা এ্যাওর্টার বাঁক থেকে উৎপন্ন হয় না। ডান সাধারণ ক্যারোটিড এবং ডান সাবক্লেভিয়ান এর উৎপত্তি ইনোমিনেট যা ব্রাকিওসেফালিক অ্যার্টারি থেকে।
Aortic Arch এর শাখা:
Brachiocephalic trunk/Innominate artery
Left common carotid artery
Left subclavian artery"
217,AFMC 2016-2017,আইলেটস অব ল্যাঙ্গারহ্যানস এর কোষ নয় কোনটি?,আলফা,বিটা,ডেল্টা,গামা,D,"আইলেটস অব ল্যাঙ্গারহ্যানস-এর প্রধান কোষগুলো হলো—
বিটা কোষ: ইনসুলিন উৎপাদন করে (৫০-৮০%)
আলফা কোষ: গ্লুকাগন উৎপাদন করে (১৫-২০%)
ডেল্টা কোষ: সোমাটোস্ট্যাটিন উৎপাদন করে (৩-১০%)
পিপি কোষ: অগ্ন্যাশয়িক পলিউপেপ্টাইড উৎপাদন করে (১%)
গামা কোষ এদের মধ্যে অন্তর্ভুক্ত নয়।"
581,DAT 2010-2011,কোন এনজাইম স্নায়ু উদ্দীপনা পরিবহনে গুরুত্বপূর্ণ ভূমিকা পালন করে?,অ্যাসিটাইলকোলিন এস্টারেজ,মেটালোপ্রোটিন কাইনেজ,ক্ষারীয় ফসফাটেজ,লাইসোজাইম,A,"অ্যাসিটাইলকোলিন এস্টারেজ এনজাইম স্নায়ু উদ্দীপনার অবসান ঘটাতে গুরুত্বপূর্ণ ভূমিকা রাখে, যা স্নায়ুতন্ত্রের সঠিক কার্যকারিতার জন্য অপরিহার্য।"
51,MAT 2021-2022,কেঁচো কোন অঙ্গের মাধ্যমে শ্বাসপ্রশ্বাস নেয়?,হৃদপিন্ড,ফুলকা,ত্বক,ফুসফুস,C,Annelida (কেঁচো)- সিক্ত দেহত্বক দ্বারা শ্বসন সম্পন্ন হয়।
918,MAT 2022-2023,মায়োফাইব্রিলে কি ধরনের আমিষ থাকে?,অ্যাকটিন এবং মায়োসিন,অ্যাকটিন এবং জিলাটিন,মায়োসিন এবং ইলাস্টিন,কোলাজেন এবং মায়োসিন,A,মায়োফাইব্রিলে গুলো অ্যাকটিন ও মায়োসিন নামক প্রোটিন দিয়ে নির্মিত।
373,MAT 2018-2019,চোখের রেটিনার ভিতর সবচেয়ে আলোক সংবেদী অংশের নাম কী?,অন্ধ বিন্দু,আলোক বিন্দু,পীত বিন্দু,সাদা বিন্দু,C,"চোখের রেটিনার ভিতর অন্ধবিন্দুর কাছাকাছি একটি অংশে প্রচুর কোণ কোষ থাকে, যাকে পীতবিন্দু (ফোবিয়া সেন্ট্রালিস) বলে। এটি সবচেয়ে আলোক সংবেদী অংশ, তাই এখানে সবচেয়ে ভালো প্রতিবিম্ব সৃষ্টি হয়।
অন্ধবিন্দু (Blind Spot): যেখানে অপটিক স্নায়ু গঠিত হয় এবং কোনো রড বা কোণ কোষ থাকে না, তাই এটি আলোক সংবেদী নয়।"
56,MAT 2021-2022,কোন পদ্ধতিতে কোভিড ১৯ ভ্যাক্সিন প্রস্তুত করা হয় না?,উপএকক (Subunit vaccine),নিষ্ক্রিয় (Inactivated),এমআরএনএ (mRNA),বিষভিত্তিক (Toxoid),D,"উপএকক, নিষ্ক্রিয়, এমআরএনএ, প্রতিলিপিহীন ভাইরাল ভেক্টর, প্রোটিনের অংশ, ডিএনএ, ভাইরাসের ন্যায় বস্তু, প্রতিলিপি সক্ষম ভাইরাল ভেক্টর, অবনমিত ভাইরাস পদ্ধতিতে কোভিড ১৯ ভ্যাক্সিন প্রস্তুত করা হয়। বিষভিত্তিক (Toxoid) পদ্ধতিতে - Diptheria, Pertusis, Tetanus (DPT) ভ্যাক্সিন প্রস্তুত করা হয়।"
952,MAT 2020-2021,Alveolus থেকে অক্সিজেন রক্তে কিভাবে প্রবেশ করে?,Osmosis,Respiration,Transpiration,Diffusion,D,Diffusion বা ব্যাপন প্রক্রিয়ায় Alveolus এ ০₂ ও CO₂ গ্যাসের বিনিময় ঘটে।
538,DAT 2004-2005,রেচনতন্ত্রের নিচের কোনটি ইউরেটার নামক নালি গঠন করে?,ডাক্ট অব বেলিনি,সংগ্রাহক নালিকা,ডিস্টাল নালিকা,হেনলির লুপ,B,"ইউরেটার সংগ্রাহক নালিকা থেকে গঠিত হয়, যা মূত্রকে বৃক্ক থেকে মূত্রথলিতে পরিবহণ করে।"
463,MAT 2014-2015,নিচের কোনটি ক্লাভিকলের বৈশিষ্ট্য?,এটি একটি বাঁকানো অস্থি,একপ্রান্ত হিউমারাসের সাথে যুক্ত থাকে,এটি একটি খাঁটো অস্থি,এটি অস্থির মজ্জা গহবর আছে,A,"ক্ল্যাভিকল দেখতে ইটালিক 'f' এর মতো বাঁকা অস্থি। এটি একটি দেহ ও দুটি প্রান্ত, যথা স্টার্নাম এবং অ্যাক্রোমিয়াল প্রসেস নিয়ে গঠিত।
অন্যান্য অপশন সম্পর্কিত তথ্য:
মানুষের বক্ষ অস্থিচক্র ২ জোড়া অস্থি নিয়ে গঠিত, যথা একজোড়া ক্ল্যাভিকল ও একজোড়া স্ক্যাপুলা।"
774,MAT 2017-2018,মানব দেহে নিষেক প্রক্রিয়া কোথায় সংঘটিত হয়?,জরায়ু,ডিম্বনালি,ডিম্বাশয়,সারভিক্স,B,নিষেক প্রক্রিয়া ডিম্বনালিতে সংঘটিত হয়।
770,AFMC 2020-2021,কোনটি সেক্স লিংকড ডিসঅর্ডার নয়?,ডায়াবেটিক ম্যালিটাস,হিমোফিলিয়া,বর্ণান্ধতা,সবগুলো,A,"মানুষের যেসব জিন নিয়ন্ত্রিত বংশগত রোগ সেক্স ক্রোমোজোমের (X ও Y) মাধ্যমে বংশ পরম্পরায় সঞ্চারিত হয়, তাদের সেক্স-লিঙ্কড ডিসঅর্ডার বা অস্বাভাবিকতা বলে।
ডায়াবেটিক ম্যালিটাস বংশগত নয়, তবে ডায়াবেটিক ইনসিপিডাস বংশগত।"
125,MAT 2023-2024,কোন পর্বের প্রাণীতে র ্যাবডিটিফর্ম লার্ভা দশা দেখা যায়?,Nematoda,Platyhelminthes,Echinodermata,Arthropoda,A,নেমাটোডা পর্ব -> প্রাণীতে র‍্যাবডিটিফর্ম লার্ভা দশা। নিডারিয়া পর্ব -> প্রানুলা লার্ভা দশা। অ্যানিলিডা পর্ব -> ট্রোকোফোর লার্ভা দশা
594,MAT 2007-2008,নিম্নের কোনটি অগ্রমস্তিস্কের অংশ নয়?,সেরেব্রাম,সেরেবেলাম,থ্যালামাস,হাইপোথ্যালামাস,B,"অগ্রমস্তিষ্কের অংশ তিনটি — সেরেব্রাম, থ্যালামাস এবং হাইপোথ্যালামাস। সেরেবেলাম মধ্যমস্তিষ্কের নিচে অবস্থিত এবং এটি অগ্রমস্তিষ্কের অংশ নয়।"
752,MAT 2014-2015,নিচের কোনটি ভ্রূণীয় এক্টোডার্ম স্তর থেকে তৈরি হয়?,লোহিত কণিকা,থাইমাস,কেন্দ্রীয় স্নায়ুতন্ত্র,অস্থি সন্ধি,C,"তিনটি ভ্রূণীয় স্তর ও তাদের পরিণতি:
ভ্রূণীয় স্তর → পরিণতি
এক্টোডার্ম → ত্বক, চুল, নখ, স্নায়ুতন্ত্র, চোখের অংশ, পায়ুর আবরণ
মেসোডার্ম → কঙ্কাল, পেশি, রক্ত, লসিকা, যোজক কলা, জনন ও রেচনতন্ত্র
এন্ডোডার্ম → পাকস্থলী, অন্ত্র, শ্বাসতন্ত্র, থাইরয়েড, থাইমাস, অগ্ন্যাশয়, যকৃত"
153,DAT 2024-2025,ট্রিপসিন জারকের জন্যে সঠিক কোনটি?,এন্টারোকাইনেজের উপস্থিতিতে সক্রিয় হয়,লিপিডের উপর কাজ করে,হাইড্রোক্লোরিক এসিডের মাধ্যমে সক্রিয় হয়,পাকস্থলিতে নিঃসৃত হয়,A,"ট্রিপসিন অগ্ন্যাশয় থেকে নিঃসৃত হয়, এন্টারোকাইনেজের উপস্থিতিতে সক্রিয় হয়, প্রোটিনের উপর কাজ করে, কাইমোট্রিপসিনোজেনকে সক্রিয় করে।"
901,MAT 2024-2025,কোন চক্রের মাধ্যমে যকৃতে ইউরিয়া তৈরী হয়?,কার্বন চক্র,অরনিথিন চক্র,ক্রেবস চক্র,নাইট্রোজেন চক্র,B,"অরনিথিন চক্র এ প্রক্রিয়ায় যকৃত অত্যন্ত বিষাক্ত NH3 কে শর্করা বিপাকে সৃষ্ট CO2 এর সাথে যুক্ত করে ইউরিয়া তৈরি করে, যা মূত্ররূপে দেহ হতে নিষ্কাশিত হয়। NH3 + CO2 → ইউরিয়া।"
188,AFMC 2021-2022,কোন প্রক্রিয়ায় RNA হতে DNA তৈরি হয়?,রিভার্স ট্রান্সক্রিপশন,ট্রান্সলেশন,ট্রান্সক্রিপশন,রেপ্লিকেশন,A,বিভার্স ট্রান্সক্রিপশন প্রক্রিয়ায় ভাইরাল RNA থেকে কমপ্লিমেন্টারি DNA তৈরী করা হয়।
57,MAT 2020-2021,কোনটি ভাইরাস বৃদ্ধিতে বাঁধা দেয়?,Interferon,Lactorine,Lysozyme,Defensin,A,ইন্টারফেরন হলো প্রতিরক্ষামূলক প্রোটিন যা ভাইরাস আক্রান্ত কোষে উৎপন্ন হয়ে ভাইরাসের সংখ্যাবৃদ্ধিতে বাঁধা দেয়। এটি ক্যান্সার আক্রান্ত কোষের বৃদ্ধিতেও বাঁধা দিয়ে থাকে।
62,MAT 2020-2021,কোনটি আমিষ পরিপাককারী (digesting) এনজাইম?,Lipase,Pepsin,Lactase,Isomaltase,B,"Lipase → স্নেহ পরিপাককারী এনজাইম।
Isomaltase, Lactase → শর্করা পরিপাককারী এনজাইম।
Pepsin, Trypsin, Chymotrypsin, Aminopeptidase, Carboxypeptidase, Tri/Di-peptidase প্রভৃতি → আমিষ পরিপাককারী এনজাইম।"
446,MAT 2015-2016,মানুষের নবম জোড়া করোটিক স্নায়ুর নাম কী?,হাইপোগ্লোসাল,স্পাইনাল অ্যাকসেসরি,অ্যাবডুসেন্স,গ্লাসোফ্যারিঞ্জিয়াল,D,"গ্লসোফ্যারিঞ্জিয়াল স্নায়ু নবম করোটিক স্নায়ু।
 অন্যান্য অপশন সম্পর্কিত তথ্য:
অ্যাবডুসেন্স স্নায়ু ষষ্ঠ করোটিক স্নায়ু
হাইপোগ্লোসাল স্নায়ু → ১২তম করোটিক স্নায়ু
স্পাইনাল অ্যাকসেসরি স্নায়ু ১১তম করোটিক স্নায়ু"
545,MAT 1989-1990,বৃক্কে বিদ্যমান-,নেফ্রন,নিউরন,মূত্রথলি,ল্যাঙ্গারহ্যান্স এর দ্বীপপুঞ্জ,A,বৃক্কের গাঠনিক ও কার্যকরী একক হচ্ছে নেফ্রন।
973,AFMC 2019-2020,দ্বিপদ নামকরণের জনক কে?,ক্যারোলাস লিনিয়াস,বেন্থাম হুকার,থিওফ্রাস্টাস,মেন্ডেল,A,"দ্বি-পদ নামকরণের জনক: ১৭৫৮ সালে সুইডিস বিজ্ঞানী ক্যারোলাস লিনিয়াস
প্রাণিদের দ্বিপদ নামকরণের নীতি প্রবর্তন করেন। এ জন্য তাকে দ্বি-পদ নামকরনের
জনক বলা হয়।"
305,AFMC 2015-2016,অ্যানিমাল পোলের ক্ষেত্রে কোনটি সঠিক?,ভ্রূণের অংশে বড় বড় কোষ থাকে,প্রাথমিক জীবাণুস্তর তৈরি করেনা,এতে বৃহৎ পরিমাণে কুসুম কোষ রয়েছে,কোষগুলো অনেক দ্রুত বিভাজিত হয়,D,"উন্নয়ন জীববিজ্ঞানে, ভ্রূণ Animal Pole এবং Vegetal Pole নামে দুই ভাগে বিভক্ত হয়।
Animal Pole এ ছোট ছোট কোষ থাকে এবং দ্রুত বিভাজিত হয়।
Vegetal Pole নিচের অংশে থাকে এবং এতে বেশি পরিমাণে কুসুম কোষ থাকে।"
260,DAT 2020-2021,নিচের কোন হরমোনটি রক্তে সোডিয়ামের মাত্রা নিয়ন্ত্রণ করে?,গ্লুকাগন,অ্যালডোস্টেরন,এনজিওটেনসিন,রেনিন,B,"রেনিন - নিষ্ক্রিয় অ্যানজিওটেনসিনোজেনকে সক্রিয় অ্যানজিওটেনসিনে পরিণত করে।
অ্যানজিওটেনসিন - অ্যাড্রেনাল কর্টেক্স থেকে অ্যালডোস্টেরন ক্ষরণকে উদ্দীপিত করে।
গ্লুকাগন - রক্তে গ্লুকোজের পরিমাণ বৃদ্ধি করে।"
254,MAT 2019-2020,হাইড্রার কোন অংশে নিডোসাইট কোষ সবচেয়ে বেশি থাকে?,দেহ প্রাচীর,কর্ষিকা,দেহ কাণ্ড,পাদ-চাকতি,B,"Hydra-র পাদচাকতি ব্যতীত দেহের সর্বত্র নিডোসাইট কোষ বিদ্যমান থাকে। তবে, কর্ষিকাতে এদের সংখ্যা অধিক।"
666,MAT 2004-2005,ইন্টারফেরনের কাজ নয় কোনটি?,অনাক্রম্যতন্ত্রকে নিয়ন্ত্রণ করা,অ্যান্টিবডি উৎপাদনে বাঁধা দেওয়া,হরমোন উৎপাদনে সাহায্য করা,NK কোষের ক্ষমতা ও বংশবৃদ্ধি করা,C,ইন্টারফেরন হলো ভাইরাস আক্রান্ত কোষ থেকে নিঃসৃত ক্ষুদ্র গ্লাইকোপ্রোটিন। এটি সুস্থ কোষকে ভাইরাস আক্রমণের বিরুদ্ধে প্রতিরোধী করে তোলে। তবে এটি হরমোন উৎপাদনে সাহায্য করে না।
345,DAT 2017-2018,"মানব পিত্তরস সম্বন্ধে নিচের কোন তথ্যটি সঠিক, ইহা-",একটি অম্লীয় তরল,এনজাইম সমৃদ্ধ,পাকস্থলিতে পরিপাকে সহায়তা করে,যকৃতে তৈরি হয়,D,যকৃত কোষ (হেপাটোসাইট) অনবরত পিত্তরস ক্ষরণ করে এবং পিত্তথলিতে জমা রাখে। পিত্তরস ক্ষার জাতীয় তরল পদার্থ। এতে কোন এনজাইম থাকে না। পিত্তরসের সোডিয়াম বাইকার্বনেট উপাদানটি পাকস্থলী থেকে আগত HCI কে প্রশমিত করে ক্ষারীয় পরিবেশ সৃষ্টি করে যা ক্ষুদ্রান্ত্রে বিভিন্ন এনজাইমের কার্যকারিতার জন্য অত্যন্ত প্রয়োজন।
603,MAT 2001-2002,হার্ডেরিয়ান গ্রন্থির অবস্থান যেখানে-,ক্ষুদ্রান্ত,চক্ষু,অ্যাড্রেনাল,অগ্ন্যাশয়,B,হার্ডেরিয়ান গ্রন্থি চোখের সাথে যুক্ত থাকে। এটি চোখের অশ্রুগ্রন্থি এবং চোখের আদ্রতা বজায় রাখতে সাহায্য করে।
128,AFMC 2017-2018,রেটিনার কোন ধরনের কোষ থেকে অপটিক স্নায়ু তৈরী হয়?,রড কোষ,কোণ কোষ,বাইপোলার নিউরন,গাংগ্লিওন কোষ,D,"রেটিনা রড কোষ ও কোণ কোষ নামক দুই ধরনের কোষ নিয়ে গঠিত। রেটিনার দশটি উপস্তর রয়েছে। রেটিনায় বস্তুর প্রতিবিম্ব তৈরী হয়। রেটিনা থেকে অপটিক স্নায়ু তৈরী হয়, যা দর্শন অনুভূতি মস্তিষ্কে প্রেরণ করে। রেটিনার গাংগ্লিওন কোষ থেকে অপটিক স্নায়ু তৈরী হয়।"
696,DAT 2009-2010,নিম্নের কোনটি সঠিক নয়?,লালারসে টায়ালিন নামক উৎসেচক উপস্থিত থাকে,প্রতিদিন প্রায় 2 লিটার গ্যাস্ট্রিক রস নিঃসৃত হয়,মিউসিন HCl-এর ক্ষতিকর ভূমিকা থেকে পাকস্থলি প্রাচীরকে রক্ষা করে,হাইড্রোক্লোরিক এসিডের উপস্থিতি পেপসিনের কার্যক্রমকে বাধাগ্রস্ত করে,D,"HCl এর উপস্থিতিতে নিষ্ক্রিয় পেপসিনোজেন সক্রিয় পেপসিনে রূপান্তরিত হয়, ফলে হাইড্রোক্লোরিক এসিড পেপসিনের কার্যক্রম বাধাগ্রস্ত করে না বরং সক্রিয় করে।"
991,AFMC 2019-2020,মানবদেহে কোন ইউমিউনোগ্লোবিউলিন অনুপস্থিত?,IgB,IgM,IgD,IgA,A,"ইংরেজি শব্দ ইমিউনোগ্লোবিন (Immunoglobulin)-এর সংক্ষিপ্ত রূপ Ig-এর সাথে একটি ইংরেজি বর্ণযোগ করে একেকটি শ্রেণীকে নির্দেশ করা হয়। এই ৫টি শ্রেণী হল IgG, IgM, IgA, IgD, এবং IgE। এই পাঁচ শ্রেণীর প্রতিরক্ষিকা কেবল এদের কাঠামোর অপরিবর্তনশীল অঞ্চলের গঠনেই নয়, বরং কর্মস্থল অনুযায়ীও ভিন্ন হয়।"
816,MAT 2022-2023,মানবদেহে কোনটি লুপ্তপ্রায় অংগ?,থাইরয়েড গ্ল্যান্ড,থাইমাস,স্ক্যাপুলা,ক্যানাইন দাঁত,B,"মানবদেহের লুপ্তপ্রায় অঙ্গগুলো হলো থাইমাস গ্রন্থি, আক্কেল দাঁত, কর্তন দাঁত, পুচ্ছাস্থি, গায়ের লোম, উপপল্লব ইত্যাদি।"
372,MAT 2018-2019,কোনটি মানুষের পশ্চাৎ মস্তিষ্কের অংশ নয়?,মেডুলা অবলংগাটা,পনস,সেরেবেলাম,থ্যালামাস,D,"পশ্চাৎ মস্তিষ্কের অংশসমূহ: সেরেবেলাম, মেডুলা অবলংগাটা, পনস।
অগ্রমস্তিষ্কের অংশ: সেরেব্রাম, থ্যালামাস, হাইপোথ্যালামাস।
মধ্যমস্তিষ্কের অংশ: টেকটাম, সেরেব্রাল অ্যাকুইডাক্ট, কর্পোরা কোয়াড্রিজেমিনা, সেরেব্রাল পেডাঙ্কল।"
522,MAT 2006-2007,স্বরতন্ত্রীর অবস্থান হচ্ছে-,গলবিল,ট্রাকিয়া বা শ্বাসনালি,নাসাগহ্বর,ল্যারিংক্স,D,"স্বরযন্ত্র বা ল্যারিংস:
এটি শ্বাসনালিতে উন্মুক্ত হয়।
এর দুপাশে ২টি করে পাতলা মাংসপেশি আছে, এরাই স্বরতন্ত্রী বা ভোকাল কর্ড (Vocal cord)।
এটি কয়েকটি তরুণাস্থি দ্বারা গঠিত। এদের মধ্যে থাইরয়েড তরুণাস্থি সবচেয়ে বড়।
স্বরযন্ত্রের উপরিভাগের জিহ্বাকৃতির ঢাকনাকে উপজিহ্বা বা এপিগ্লটিস (epiglottis) বলা হয়।"
405,MAT 2017-2018,হেনলির লুপের অবস্থান বৃক্কের কোথায়?,বৃক্কীয় নালিকায়,রেনাল করপাসলে,এফারেন্ট ধমনিকাতে,ইফারেন্ট ধমনিকাতে,A,"বৃক্কের কার্যকরী একক নেফ্রন। নেফ্রণের ২টি প্রধান অংশ:
i. রেনাল করপাসল (২টি অংশ):
রেনাল ক্যাপসুল
গ্লোমেরুলাস
ii. রেনাল টিউব্যুল (৪টি অংশ):
প্রক্সিমাল প্যাঁচানো নালিকা
লুপ অব হেনলি
ডিস্টাল প্যাঁচানো নালিকা
সংগ্রাহী নালী"
412,MAT 2016-2017,ফিলোসফিকা জুওলজিক' গ্রন্থের রচয়িতা কে?,ডারউইন,ল্যামার্ক,দ্য ভিস,ভাইজম্যান,B,"ল্যামার্ক ছিলেন একজন ফরাসি দার্শনিক ও প্রকৃতিবিজ্ঞানী।
তার লেখা ‘ফিলোসফিকা জুওলজিক’ (১৮০৯) গ্রন্থে ল্যামার্কিজম মতবাদ প্রকাশিত হয়।"
482,AFMC 2020-2021,"চিকিৎসাবিদ্যার কোন শাখায় স্থূলতার কারণ, প্রতিরোধ ও চিকিৎসা সম্বন্ধে আলোচনা করা হয়?",Obesity,Geriatrics,Bariatrics,Pediatrics,C,"চিকিৎসাবিদ্যার যে শাখায় স্থূলতার কারণ, প্রতিরোধ ও চিকিৎসা সম্বন্ধে আলোচনা করা হয় তাকে Bariatrics বলা হয়।
অন্যান্য অপশন সম্পর্কিত তথ্য:
Obesity: স্থূলতা।
Geriatrics: বয়স্ক মানুষের চিকিৎসাবিদ্যা।
Pediatrics: শিশুদেহের চিকিৎসাবিষয়ক শাখা।"
170,DAT 2024-2025,কোন গ্রন্থি আমিষ শোষণ নিয়ন্ত্রণ করে?,যকৃত,অগ্ন্যাশয়,থাইমাস,থাইরয়েড,D,কার্বোহাইড্রেট শোষণ নিয়ন্ত্রণ করে -> ইনসুলিন এবং গ্লুকোকটিকয়েড হরমোন। আমিষ এবং লিপিড শোষণ নিয়ন্ত্রণ করে -> থাইরক্সিন হরমোন যা থাইরয়েড গ্রন্থি থেকে নিঃসৃত হয়।
836,DAT 2021-2022,আমাদের জাতীয় পাখির বৈজ্ঞানিক নাম কি?,Gracula religiosa,Copsychus saularis,Passer domesticus,Columba livia,B,আমাদের জাতীয় পাখি দোয়েলের বৈজ্ঞানিক নাম Copsychus saularis
78,AFMC 2019-2020,পেসমেকারে কোন ব্যাটারি ব্যবহৃত হয়?,লিথিয়াম,লেড,পটাশিয়াম,কার্বনিয়াম,A,"একটি লিথিয়াম ব্যাটারি, কম্পিউটারাইজড জেনারেটর ও শীর্ষেসেন্সরযুক্ত কতগুলো তার নিয়ে একটি পেসমেকার গঠিত হয়।"
966,MAT 2020-2021,ভ্রূণে লোহিত কণিকাসমূহ নিম্নের কোথায় তৈরি হয়?,থাইমাস,অগ্ন্যাশয়,প্লীহা,অস্থি মজ্জা,"A,C","ভ্রূণীয় জীবনে লোহিত কণিকাসমূহ কুসুম থলি (৩ সপ্তাহ বয়সে) যকৃত, প্লীহা ও থাইমাস (৬ মাস বয়স পর্যন্ত) থেকে উৎপন্ন হয়। আর, ভূমিষ্ট হওয়ার সময় থেকে পশুকা, কশেরুকা, স্টার্নাম ও শ্রোণিচক্রের লাল অস্থিমজ্জায় অবস্থিত বড় নিউক্লিয়াসযুক্ত এরিথ্রোব্লাস্ট নামক স্টেমকোষ থেকে অবিরাম লোহিত কণিকা সৃষ্টি হয়।"
83,AFMC 2019-2020,অত্যাবশ্যকীয় অ্যামিনো এসিড নয় কোনটি?,হিস্টিডিন,আইসোলিউসিন,লাইসিন,অ্যালানিন,C,"খাদ্যে উপস্থিতির প্রয়োজনীয়তার ভিত্তিতে অ্যামিনো অ্যাসিড দুই ভাগে বিভক্ত। যথা-
১। অত্যাবশ্যকীয় অ্যামিনো অ্যাসিড। এরা দেহাভ্যন্তরে সংশ্লেষিত হয় না। উদাহরণ- লিউসিন, আইসোলিউসিন, লাইসিন, থ্রিওনিন, ভ্যালিন, মেথিওনিন, ফিনাইল অ্যালানিন এবং ট্রিপটোফ্যান (৮টি)। শিশুদের জন্য অত্যাবশ্যকীয় অ্যামিনো অ্যাসিড ১০টি। অতিরিক্ত- আরজিনিন ও হিস্টিডিন।
২। অনাত্যাবশ্যকীয় অ্যামিনো অ্যাসিড: এরা দেহাভ্যন্তরে সংশ্লেষিত হতে পারে। সংখ্যায় ১২টি এবং শিশুদের ক্ষেত্রে ১০টি।"
738,MAT 2015-2016,কোন ভিটামিন পানিতে দ্রবণীয়?,ভিটামিন A,ভিটামিন D,ভিটামিন B কমপ্লেক্স,ভিটামিন K,C,পানিতে দ্রবণীয় ভিটামিন হলো ভিটামিন B এবং ভিটামিন C।
904,MAT 2024-2025,এনজিওপ্লাস্টি করলে কি হয়?,হৃদস্পন্দন বৃদ্ধি পায়,সরু ধমনী প্রশস্ত হয়,হৃদস্পন্দনের গতি ধীর হয়,রক্ত সঞ্চালনের গতি বৃদ্ধি পায়,B,বড় ধরণের অস্ত্রোপচার না করে সংকীর্ণ লুমেনযুক্ত বা রুদ্ধ হয়ে যাওয়া করোনারি ধমনি পুনরায় প্রশস্ত লুমেনযুক্ত করা বা উন্মুক্ত করার পদ্ধতিকে এনজিওপ্লাস্টি বলে। এনজিওপ্লাস্টির উদ্দেশ্য হচ্ছে সরু বা বন্ধ হয়ে যাওয়া লুমেনের ভিতর দিয়ে হৃৎপিন্ডে পর্যাপ্ত O₂ সরবরাহ নিশ্চিত করে হৃৎপিন্ড ও দেহকে সচল রাখা।
291,DAT 2019-2020,নিচের কোন গ্রন্থিটি ক্যালসিয়াম বিপাকে সহায়তা করে?,প্যারাথাইরয়েড,থাইরয়েড,পিটুইটারি,অ্যাড্রেনাল,A,প্যারাথাইরয়েড গ্রন্থি থেকে নিঃসৃত প্যারাথাইরয়েড হরমোন বা প্যারাথরমোন বা প্যারাথাইরিন এর প্রধান কাজ ক্যালসিয়াম ও ফসফরাসের বিপাক নিয়ন্ত্রণ। এটি বৃক্কে ক্যালসিয়ামের পুনঃশোষণ বাড়িয়ে দিয়ে রক্তে ক্যালসিয়ামের মাত্রা বাড়ায় এবং ফসফেটের মাত্রা কমায়। থাইরয়েড গ্রন্থি নিঃসৃত ক্যালসিটোনিন রক্তে ক্যালসিয়ামের মাত্রা কমায়।
311,DAT 2018-2019,সিফিলিস রোগের জন্য দায়ী নিচের কোনটি?,Treponema pallidum,Neisseria gonorrhoeae,Treponema vagmalis,Trichomonas vaginalis,A,"যৌনবাহিত রোগের জীবাণু:
সিফিলিস → Treponema pallidum
গনোরিয়া → Neisseria gonorrhoeae
এইডস → HIV"
849,MAT 2021-2022,কোন এনজাইম আমিষ পরিপাকে সাহায্য করে?,ল্যাকটেজ,ট্রিপসিন,অ্যামাইলেজ,লাইপেজ,B,"ট্রিপসিন এনজাইম আমিষ পরিপাকে সাহায্য করে। ল্যাকটেজ, অ্যামাইলেজ এনজাইম শর্করা পরিপাকে সাহায্যে করে। লাইপেজ ফ্যাট পরিপাকে সাহায্য করে।"
100,AFMC 2018-2019,নিচের কোন প্রাণীটি ত্রিস্তরী?,অ্যামিবা,কেঁচো,হাইড্রা,ম্যালেরিয়া জীবাণু,B,"ত্রিস্তরী প্রাণীর উদাহরণ: কৃমি, শামুক, অক্টোপাস, কেঁচো,
জোঁক, চিংড়ি, মৌমাছি, ব্যাঙ, হাতি, মানুষ সবাই ত্রিস্তরী প্রাণী।"
490,MAT 2002-2003,শোষিত খাদ্যবস্তুর প্রোটোপ্লাজমে রূপান্তরকে বলে-,পরিপাক,শোষণ,আত্তীকরণ,অধিশোষণ,C,"আত্তীকরণ হলো শোষিত খাদ্যবস্তুর প্রোটোপ্লাজমে রূপান্তরের প্রক্রিয়া।
অন্যান্য অপশন:
পরিপাক — খাদ্যবস্তু গলাধঃকরন ও এনজাইমের সহায়তায় ভাঙ্গন।
শোষণ — খাদ্য পরিপাকের পর রক্তনালীর মাধ্যমে সারা দেহে ছড়িয়ে যাওয়ার প্রক্রিয়া।
অধিশোষণ — কোনো পদার্থের অন্য একটি পদার্থের পৃষ্ঠতলে সঞ্চিত বা কেন্দ্রীভূত হওয়া, অভ্যন্তরে প্রবেশ না করা।"
421,MAT 2016-2017,কোনটি ক্ষুদ্রান্ত্রের অংশ নয়?,ডিওডেনাম,ইলিয়াম,এপেনডিক্স,জেজুনাম,C,ক্ষুদ্রান্ত্রের তিনটি অংশ। যথা- ১) ডিওডেনাম ২) জেজুনাম ৩) ইলিয়াম। আর বৃহদান্ত্রের ৩টি অংশ হলো- ১) সিকাম ২) কোলন ৩) মলাশয়। সিকামের সাথে এপেনডিক্স সংযুক্ত থাকে। এপেনডিক্স একটি নিষ্ক্রিয় অঙ্গ যা উদরীয় টনসিল নামেও পরিচিত।
835,DAT 2021-2022,কোনটি Live attenuated ভ্যাক্সিন?,হাম,হেপাটাইটিস বি,টিটেনাস,ইনফ্লুয়েঞ্জা,A,"মিজলজ (হাম) → Live attenuated vaccine,
হেপাটাইটিস বি → Subunut vaccine,
টিটেনাস → Toxoid vaccine,
ইনফ্লুয়েঞ্জা → Killed or Inactivated vaccine."
766,AFMC 2020-2021,সন্তান প্রসবে কোন হরমোন সাহায্য করে?,অক্সিটোসিন,অক্সিন,টেস্টোস্টেরন,গোনাডোট্রপিন,A,শিশু প্রসব: ৪০তম সপ্তাহে অক্সিটসিন ও প্রোস্টাগ্লান্ডিন হরমোন দুটির সক্রিয়তায় জরায়ুর সংকোচন ঘটে। ফলে শিশু জরায়ু থেকে বাইরে আসতে পারে। এটি ৩টি ধাপে সম্পন্ন হয়।
782,MAT 2017-2018,স্ত্রী রুইমাছ ডিম পাড়ে কখন?,জানুয়ারি-মার্চ মাস,ফেব্রুয়ারি-মে মাস,জুন-আগস্ট মাস,সেপ্টেম্বর-জানুয়ারি মাস,C,স্ত্রী রুইমাছ সাধারণত বর্ষাকাল (জুন-জুলাই) মাসে প্রজননের জন্য তৈরি হয় এবং ডিম পাড়ে।
935,DAT 2021-2022,কোনটি Live attenuated ভ্যাক্সিন?,হাম,হেপাটাইটিস বি,টিটেনাস,ইনফ্লুয়েঞ্জা,A,"মিজলজ (হাম) → Live attenuated vaccine,
হেপাটাইটিস বি → Subunut vaccine,
টিটেনাস → Toxoid vaccine,
ইনফ্লুয়েঞ্জা → Killed or Inactivated vaccine."
982,AFMC 2019-2020,কত BMI কে স্বাভাবিক ওজন হিসেবে ধরা হয়?,25.2-29.1,21.5-23.9,18.5-24.9,10.1-14.8,C,"ওজন (কি.গ্রা.) / উচ্চতা (মিটার) → শ্রেনী
< ১৮.৫০→ওজনহীনতা
১৮.৫০ – ২৪.৯ → স্বাভাবিক
২৫.০০ – ২৯.৯ → ওজনাধিক্য
৩০.০০ – ৩৪.৯ → গ্রেড-১ স্থুলতা
৩৫.০০ – ৩৯.৯→ গ্রেড-২ স্থুলতা
> ৪০.০০ →গ্রেড-৩ স্থুলতা/ রোগ গ্রস্থ চূড়ান্ত পর্যায়ের স্থুলতা"
548,MAT 2010-2011,মানুষের গ্লোমেরুলাসে পরিদ্রুত মূত্র ADH এর প্রভাব ছাড়া নিম্নের (%) কতভাগ পুনঃশোষণ প্রক্রিয়ায় নেফ্রনের প্রক্সিমাল প্যাঁচানো নালিকায় শোষিত হয়?,20,40,60,80,C,"নেফ্রনের প্রক্সিমাল প্যাঁচানো নালিকায় প্রায় 60% পুনঃশোষণ ঘটে, বাকি 40% লুপ অব হেনলি, ডিস্টাল প্যাঁচানো নালিকা ও সংগ্রাহী নালিকায় শোষিত হয়।"
339,DAT 2017-2018,মোলার দাঁতের কাজ কোনটি?,খাবার টুকরা করা ও ছেঁড়া,খাবার টুকরা করা ও পেষণ করা,খাবার চর্বন করা ও পেষণ করা,খাবার ছোঁড়া ও চর্বন করা,B,"মোলার দাঁতের কাজ হচ্ছে খাবার টুকরা করা ও পেষণ করা, যা খাবারের পরিপাক প্রক্রিয়ায় সহায়তা করে।"
197,AFMC 2021-2022,প্যানক্রিয়াসের আইলেটস অব ল্যাঙ্গার হ্যান্স এর কোন কোষ (Cells) থেকে ইনসুলিন নিঃসৃত হয়?,আলফা কোষ,ডেলটা কোষ,পিপি কোষ,বিটা কোষ,D,আলফা কোষ থেকে গ্লুকাগন এবং বিটা কোষ থেকে ইনসুলিন নিঃসৃত হয়।
970,MAT 2020-2021,গ্রোথ হরমোন কোথায় তৈরি হয়?,Thalamus,Hypothalamus,Adrenal gland,Pituitary gland,D,"অগ্র পিটুইটারি গ্রন্থি থেকে বৃদ্ধিপোষক হরমোন (STH) বা Growth hormone তৈরি ও নিঃসৃত হয়। অগ্র পিটুইটারি গ্রন্থি থেকে আর যে সব হরমোন নিঃসৃত হয়- Prolactin, LH, ACTH, TSH, FSH ।"
354,DAT 2016-2017,সেরেব্রামের দুটি খণ্ডকে সংযোগকারী স্নায়ু গুচ্ছের নাম-,কর্পাস অ্যালবিকান্স,কর্পাস অ্যাটরেটিকাম,কর্পাস ক্যালোসাম,কর্পাস লুটিয়াম,C,কর্পাস ক্যালোসাম সেরেব্রামের দুটি খণ্ডকে সংযুক্ত করে।
572,MAT 2009-2010,নিম্নের কোন অস্থিতে মজ্জা গহ্বর নাই?,ইশ্চিয়াম,স্টার্নাম,কারপাল,ক্ল্যাভিকল,D,"ক্ল্যাভিকল অস্থিতে মজ্জা গহ্বর থাকে না, এটি পরিবর্তিত দীর্ঘ অস্থি।"
94,AFMC 2019-2020,দেহের ভারসাম্য রক্ষা করে কোনটি?,বহিঃকর্ণ,অন্তঃকর্ণ,মধ্যাকর্ণ,কোনটিই নয়,B,
353,DAT 2016-2017,পাকস্থলিতে কোন করোটিক স্নায়ুর কার্যক্রম বিদ্যমান?,অপটিক,অডিটরি,ভেগাস,অকুলোমোটর,C,"ভেগাস স্নায়ু স্বরযন্ত্র, হৃৎপিণ্ড, পাকস্থলি ও ফুসফুসে কার্যক্রম পরিচালনা করে।"
127,AFMC 2017-2018,মুখমন্ডলীয় অস্থিতে প্যালেটিন এর সংখ্যা কত?,৫,২,১,৮,B,মুখমন্ডলীয় অস্থিতে প্যালেটিন আছে-২টি
202,AFMC 2021-2022,শ্বসনতন্ত্রের উৎপত্তি কোথা থেকে হয়?,Endoderm,Ectoderm,Mesoderm,Teloderm,A,শ্বসনতন্ত্রের উৎপত্তি এন্ডোডার্ম থেকে হয়।
154,DAT 2024-2025,পূর্ণবয়স্ক সুস্থ মানুষের দু'টি ফুসফুসে আলভিওলাসের সংখ্যা কত?,২৫০ মিলিয়ন,৫০০ মিলিয়ন,৩০০ মিলিয়ন,৭০০ মিলিয়ন,D,"নবজাতক শিশুর ফুসফুসে ২০ মিলিয়ন, ৮ বছরের শিশুর ৩০০ মিলিয়ন এবং একজন পূর্ণবয়স্ক মানুষের ফুসফুসে প্রায় ৭০০ মিলিয়ন অ্যালভিওলাই থাকে।"
990,AFMC 2019-2020,গ্রন্থিরাজ বলা হয় কোনটিকে?,শুক্রাশয়,অগ্নাশয়,পিটুইটারি,লালা,C,"পিটুইটারি গ্রন্থি মস্তিষ্কের নিচের অংশে অবস্থিত। দেহের সবচেয়ে বেশি গুরুত্বপূর্ণনালিবিহীন গ্রন্থি হলেও এটি আকারে সবচেয়ে ক্ষুদ্র। এই গ্রন্থি থেকে গোনাডোট্রপিক, সোমাটোট্রপিক, থাইরয়েড উদ্দীপকে হরমোন, এডরেনোকর্টিকোট্রপিন ইত্যাদি হরমোন নিঃসৃতসৃ হয়। এই গ্রন্থি থেকে নিঃসৃতসৃ হরমোন সংখ্যায় যেমন বেশি, অপরদিকে অন্যান্য গ্রন্থির ওপর এসব হরমোনের প্রভাবও বেশি। এজন্য পিটুইটারি গ্রন্থিকে প্রধান/প্রভু গ্রন্থি বলা হয়।"
257,MAT 2019-2020,আন্তঃকশেরুকা চাকতিতে কী ধরনের তরুণাস্থি পাওয়া যায়?,স্থিতিস্থাপক তরুণাস্থি,চুনময় তরুণাস্থি,শ্বেত-তত্ত্বময় তরুণাস্থি,স্বচ্ছ তরুণাস্থি,C,"স্থিতিস্থাপক: বহিঃকর্ণ বা পিনা, ইউস্টেশিয়ান নালি, এপিগ্লটিস প্রভৃতি।
চুনময়: হিউমেরাস ও ফিমারের মস্তক।
শ্বেত-তত্ত্বময়: দুটি কশেরুকার মধ্যবর্তী অঞ্চল।
স্বচ্ছ: স্তন্যপায়ীর নাক, শ্বাসনালি, স্বরযন্ত্র এবং ব্যাঙ ও হাঙরের ভ্রূণ বা পরিণত দেহ প্রভৃতি।"
101,AFMC 2018-2019,রক্তে গ্লুকোজের মাত্রা নিয়ন্ত্রণে কোন সংবহনতন্ত্রের ভূমিকা রয়েছে?,পালমোনারি,সিস্টেমিক,যকৃত পোর্টালতন্ত্র,বৃক্কীয় পোর্টালতন্ত্র,C,"যকৃত পোর্টাল তন্ত্রের তাৎপর্য বা কাজ:
১. পরিপাককৃত ও রক্ত কর্তৃক শোষিত খাদ্যসার পোর্টালতন্ত্রের মাধ্যমে
যকৃতে পৌছালে ইনসুলিন নামক হরমোনের প্রভাবে রক্ত থেকে
অতিরিক্ত গ্লুকোজ যকৃত শোষণ করে এবং জমা রাখে।
২. আবার রক্তে গ্লুকোজের মাত্রা কমে গেলে হরমোনের প্রভাবে যকৃত
কোষ থেকে সঞ্চিত গ্লুকোজ পোর্টালতন্ত্রের কৈশিকনালির মাধ্যমে
রক্তস্রোতে আসে। এভাবে যকৃত পোর্টালতন্ত্র রক্তে গ্লুকোজের মাত্রা
নিয়ন্ত্রণ করে।"
234,MAT 2019-2020,কোষের কোথায় ক্রেবস চক্র (Krebs cycle) সংঘটিত হয়?,Cytoplasm,Ribosome,Mitochondria,Chloroplast,C,"ক্রেবস চক্র শ্বসনের একটি ধাপ যা মাইটোকন্ড্রিয়ার ম্যাট্রিক্সে সংঘটিত হয়। Sir Hans Adolf Krebs এটি আবিষ্কার করেন। গ্লাইকোলাইসিস ছাড়া শ্বসনের সবকটি বিক্রিয়া (ক্রেবস চক্র, ETS/ অক্সিডেটিভফসফোরাইলেশন) মাইটোকন্ড্রিয়ায় ঘটে থাকে।"
996,DAT 2021-2022,কোন কোষ বিভাজন পদ্ধতিতে RBC তৈরি হয়?,synopsis,mitosis,meiosis,amitiosis,B,মাইটোসিস পদ্ধতিতে লোহিত রক্তকণিকা তৈরী হয়।
848,MAT 2021-2022,কোনটি autosomal recessive disorder?,থ্যালাসেমিয়া,লাল-সবুজ বর্ণান্ধতা,রাতকানা,হিমোফিলিয়া,A,"লাল-সবুজ বর্ণান্ধতা, রাতকানা, হিমোফিলিয়া- Sex-linked disorder. থ্যালাসেমিয়া- autosomal recessive disorder."
493,MAT 2011-2012,নিম্নের কোন অঙ্গে লোহিত কণিকা ধ্বংস হয়?,প্লীহা,যকৃত,পাকস্থলী,বৃক্ক,"A,B","লোহিত কণিকার উৎপত্তি জন্মের একমাস পূর্বে যকৃত ও প্লীহায় হয়। জন্মের পর লোহিত অস্থিমজ্জা, হিউমেরাস ও ফিমারের মস্তক, কশেরুকা, পশুর্কা, করোটির চ্যাপ্টা অস্থিতে উৎপন্ন হয়।
লোহিত কণিকা ধ্বংস হয় মূলত যকৃত ও প্লীহায়।"
802,MAT 2024-2025,কোন এন্টিবডি প্রধানত এলার্জির সাথে সংশ্লিষ্ট?,IgA,IgM,IgG,IgE,D,"IgE → এটি দুর্লভ Ig, প্রদাহ সাড়া সক্রিয় করে, অ্যালার্জিক সাড়াদানে নেতিবাচক ভূমিকা রাখে।
IgG → গর্ভাবস্থায় অমরা অতিক্রম করে।
IgA → মায়ের বুকের দুধের মাধ্যমে শিশুতে স্থানান্তরিত হয়।"
621,MAT 2009-2010,নিম্নের কোনটি হৃদপিন্ডের সংকোচনের শক্তিকে বাড়ায়?,ইনসুলিন,ভেগাস,এডরেনালিন,প্যারাথরমোন,C,এডরেনালিনকে আপদকালীন হরমোন বলা হয়। এটি হৃদস্পন্দন বৃদ্ধি করে ও হৃদপিণ্ডের সংকোচনের শক্তি বাড়ায়।
559,MAT 1990-1991,হিউমেরাস কোন অস্থিটিকে বলা হয়?,অগ্রপদের অস্থি,হাতের অস্থি,বাহুর অস্থি,পায়ের অস্থি,C,হিউমেরাস হচ্ছে বাহুর অস্থি। এটি ঊর্ধ্ব বাহুর একক বৃহৎ অস্থি।
523,MAT 2006-2007,ব্রঙ্কিয়াল নালীগুলোর কোনটি সঠিক পর্যায়ক্রম?,মুখ্য ব্রংকাই- ব্রঙ্কিওল- গৌণ ব্রঙ্কাই- শ্বসন ব্রঙ্কিওল- প্রান্তীয় ব্রঙ্কিওল- অ্যালভিওলার থলি- অ্যালভিওলার নালী- অ্যালভিওথলি,মুখ্য ব্রংকাই- ব্রঙ্কিওল- গৌণ ব্রঙ্কাই- শ্বসন ব্রঙ্কিওল- প্রান্তীয় ব্রঙ্কিওল- অ্যালভিওলার নালী- অ্যালভিওলার থলি- অ্যালভিওলি,মুখ্য ব্রংকাই- গৌণ ব্রঙ্কাই- ব্রঙ্কিওল- শ্বসন ব্রঙ্কিওল- প্রান্তীয় ব্রঙ্কিওল- অ্যালভিওরার নালী- অ্যালভিওলার থলি- অ্যালভিওলি,মুখ্য বঙ্কাই- গৌণ ব্রঙ্কাই- ব্রঙ্কিওল- প্রান্তীয় ব্রঙ্কিওল- শ্বসন ব্রঙ্কিওল- অ্যালভিওলার নালী- অ্যালভিওলার থলি- অ্যালভিওলি,B,শ্বসন বৃক্ষের পর্যায়ক্রম: ট্রাকিয়া → Primary (মুখ্য) ব্রঙ্কাস → Secondary (গৌণ) ব্রঙ্কাস → Tertiary (সেগমেন্টাল) ব্রঙ্কাস → ব্রঙ্কিওল → টার্মিনাল ব্রঙ্কিওল → শ্বসন ব্রঙ্কিওল → অ্যালভিওলার নালী → অ্যালভিওলার থলি → অ্যালভিওলি।
789,MAT 2016-2017,প্রাপ্তবয়স্ক মানুষের মস্তিষ্কে নিউরনের সংখ্যা কত?,১০ মিলিয়ন,১০ কোটি,১০ বিলিয়ন,১০ লক্ষ,C,"মানব মস্তিষ্কের বৈশিষ্ট্য:
ওজন: প্রায় ১.৩৬ কেজি
আয়তন: প্রায় ১৫০০ ঘন সেন্টিমিটার
নিউরন সংখ্যা: প্রায় ১০০ বিলিয়ন (১ লক্ষ কোটি)"
541,MAT 2003-2004,প্রতিটি বৃক্কে নেফ্রন থাকে-,প্রায় ৮ থেকে ৯ লক্ষ,প্রায় ১২ থেকে ১৪ লক্ষ,প্রায় ১০ থেকে ১২ লক্ষ,প্রায় ১৩ থেকে ১৫ লক্ষ,C,প্রতিটি বৃক্কে প্রায় ১০ লক্ষ থেকে ১২ লক্ষ নেফ্রন থাকে।
792,MAT 2016-2017,"কনে হিমোফিলিয়া বাহক, বর সুস্থ, এদের সন্তানদের ক্ষেত্রে কোনটি মিথ্যা?",পুত্রদের অর্ধেক সুস্থ হবে,পুত্রদের সবাই সুস্থ হবে,পুত্রদের অর্ধেক হিমোফিলিয়ায় আক্রান্ত হবে,কন্যাদের অর্ধেক বাহক হবে,B,"স্বাভাবিক পুরুষ (XᴴY) × বাহক মহিলা (XᴴXʰ) হলে:
সন্তানের সম্ভাব্য জিনোটাইপ → ধরন
XᴴXᴴ →স্বাভাবিক কন্যা
XᴴXʰ →বাহক কন্যা
XᴴY →স্বাভাবিক পুত্র
XʰY → হিমোফিলিক পুত্র"
462,MAT 2014-2015,স্বাভাবিক মূত্রের বর্ণ হালকা হলুদ হয় কিসের উপস্থিতিতে?,বিলিভারডিন,ইউরোক্রোম,বিলিরুবিন,অ্যামোনিয়া,B,"ইউরোক্রোম এর প্রভাবে মূত্র স্বাভাবিক রং হালকা হলুদ (খড় রং) হয়।
 অন্যান্য অপশন সম্পর্কিত তথ্য:
বিলিরুবিন এর প্রভাবে মূত্রের বর্ণ হলুদ হয় (যখন জন্ডিস হয়)।
ইউরিনোড এর উপস্থিতির জন্য মূত্রের ঝাঁঝালো গন্ধ থাকে।"
907,MAT 2024-2025,পেসমেকারের কাজ কি?,রক্তকে তরল রাখে,রক্ত সঞ্চালন বৃদ্ধি করে,হৃদরোগ প্রতিরোধ করে,হৃদস্পন্দনের ধীরগতি নিয়ন্ত্রণ করে,D,হার্ট এটাক ঘটতে পারে এমন ধীর হৃৎস্পন্দন কিংবা হার্ট সার্জারির সময় জরুরী ভিত্তিতে অস্থায়ী পেসমেকার ব্যবহার করা হয়। পেসমেকার ব্যবহারে সব ধরণের অ্যারিথমিয়ার হাত থেকে রক্ষা পাওয়া যায়।
225,MAT 2019-2020,মানবদেহের রক্তে কোন বাফার দ্রবণ (buffer solution) থাকে?,NaHCO₃ and H₂CO₃,NH₄Cl and NH₄OH,CH₃COONa and CH₃COOH,Na₂HPO₄ and H₃PO₄,A,"মানবদেহের রক্তে তিন ধরনের বাফার সিস্টেম থাকে। যথা- বাইকার্বোনেট বাফার, ফসফেট বাফার ও প্রোটিন বাফার। হিমোগ্লোবিন উৎকৃষ্ট বাফাররূপে রক্তের 'বাইকার্বনেট-কার্বনিক এসিড বাফার'-এর সামান্য (2%) নিয়ন্ত্রণ করে। ফসফেট বাফার সিস্টেম হলো আন্তঃকোষীয় বাফার। আর, প্রোটিন বাফার সিস্টেমটি প্লাজমা প্রোটিন ও হিমোগ্লোবিন প্রোটিন সমন্বয়ে গঠিত।"
499,MAT 1988-1989,মানবদেহে রোগ প্রতিরোধক হিসাবে কাজ করে কোনটি?,হিমোগ্লোবিন,শ্বেতকণিকা,লোহিত কণিকা,অনুচক্রিকা,B,শ্বেত রক্তকণিকাকে আণুবীক্ষনিক সৈনিকও বলা হয়।
504,MAT 2013-2014,হৃদপিন্ডের ডান অলিন্দ ও ডান নিলয়ের সংযোগ স্থলের কপাটিকার নাম-,মাইট্রাল কপাটিক,ট্রাইকাসপিড কপাটিকা,পালামোনারী কপাটিকা,অ্যাওর্টিক কপাটিকা,B,"মানুষের হৃৎপিণ্ডের বিভিন্ন কপাটিকার অবস্থান:
ট্রাইকাসপিড কপাটিকা: ডান অলিন্দ ও ডান নিলয়ের সংযোগস্থলে
বাইকাসপিড বা মাইট্রাল কপাটিকা: বাম অলিন্দ ও বাম নিলয়ের সংযোগস্থলে
সেমিলুনার ভাল্ব: পালামোনারি কপাটিকা: ডান নিলয় ও পালমোনারি ধমনির সংযোগস্থলে
সেমিলুনার ভাল্ব: অ্যাওর্টিক কপাটিকা: বাম নিলয় ও অ্যাওর্টার সংযোগস্থলে
থিবেসিয়ান কপাটিকা: করোনারি সাইনাস ও ডান অলিন্দের সংযোগস্থলে
ইউস্টেশিয়ান কপাটিকা: ইনফেরিয়র ভেনাক্যাভা ও ডান অলিন্দের সংযোগস্থলে"
656,MAT 2005-2006,নিচের কোনটি গ্যামিটোজেনেসিসের জন্য সঠিক নয়?,শুক্রাণু-নিউক্লিয়াসের সম্মুখ প্রান্তে গলগি বডি থেকে অ্যাক্রোসোম সৃষ্টি হয়,ব্যাঙের সাইটোপ্লাজমসহ ডিম্বাণু নিউক্লিয়াসটি কুসুম থেকে পৃথক হয়ে ডিম্বাণুর নিম্নপ্রান্ত জুড়ে থাকে,স্পার্মাটোজেনেসিসে হ্যাপ্লয়েড ক্রোমোসোম সেটের DNA অপরিবর্তিত থাকে,প্রত্যেকটি উওগোনিয়াম ডিপ্লয়েড (2n) সংখ্যক ক্রোমোসোম বহন করে,B,ব্যাঙের ডিম্বাণুতে নিউক্লিয়াস ও সাইটোপ্লাজম পৃথক হয় না। বাকি অপশনগুলো গ্যামিটোজেনেসিসের বৈশিষ্ট্য সঠিকভাবে ব্যাখ্যা করে।
866,MAT 2020-2021,ভ্রূণে লোহিত কণিকাসমূহ নিম্নের কোথায় তৈরি হয়?,থাইমাস,অগ্ন্যাশয়,প্লীহা,অস্থি মজ্জা,"A,C","ভ্রূণীয় জীবনে লোহিত কণিকাসমূহ কুসুম থলি (৩ সপ্তাহ বয়সে) যকৃত, প্লীহা ও থাইমাস (৬ মাস বয়স পর্যন্ত) থেকে উৎপন্ন হয়। আর, ভূমিষ্ট হওয়ার সময় থেকে পশুকা, কশেরুকা, স্টার্নাম ও শ্রোণিচক্রের লাল অস্থিমজ্জায় অবস্থিত বড় নিউক্লিয়াসযুক্ত এরিথ্রোব্লাস্ট নামক স্টেমকোষ থেকে অবিরাম লোহিত কণিকা সৃষ্টি হয়।"
492,MAT 2012-2013,রক্তের pH নির্ভর করে যার উপর-,এন্টিজেন,বাফার,রক্তের গ্রুপ,এন্টিবডি,B,"রক্তের স্বাভাবিক pH ৭.৪। এর থেকে ০.৫ কম বা বেশি হলে জীবনহানী হতে পারে। এই সীমিত সীমার মধ্যে রক্তের pH নিয়ন্ত্রিত হয় বিভিন্ন বাফার দ্বারা, যেমন- বাইকার্বোনেট বাফার, ফসফেট বাফার, হিমোগ্লোবিন বাফার ইত্যাদি।"
273,DAT 2020-2021,ক্রোমাটোগ্রাফির (Chromatography) কয়টি পর্যায় (Phase) আছে?,02,04,01,03,A,ক্রোমাটোগ্রাফির ২টি পর্যায় আছে। যথা: ১. স্থির দশা ও ২। চলনশীল দশা।
13,MAT 2024-2025,পেসমেকারের কাজ কি?,রক্তকে তরল রাখে,রক্ত সঞ্চালন বৃদ্ধি করে,হৃদরোগ প্রতিরোধ করে,হৃদস্পন্দনের ধীরগতি নিয়ন্ত্রণ করে,D,হার্ট এটাক ঘটতে পারে এমন ধীর হৃৎস্পন্দন কিংবা হার্ট সার্জারির সময় জরুরী ভিত্তিতে অস্থায়ী পেসমেকার ব্যবহার করা হয়। পেসমেকার ব্যবহারে সব ধরণের অ্যারিথমিয়ার হাত থেকে রক্ষা পাওয়া যায়।
466,MAT 2014-2015,মোটর প্রকৃতির স্নায়ু কোনটি?,হাইপোগ্লোসাল,ফেসিয়াল,ভেগাস,অপথ্যালমিক,A,"মোটর বা চেষ্টীয় স্নায়ু → ৩, ৪, ৬, ১১, ১২।
অন্যান্য অপশন সম্পর্কিত তথ্য:
Mixed বা মিশ্র স্নায়ু → বাকি সব স্নায়ু।
Sensory বা সংবেদী স্নায়ু → ১, ২, ৮।"
743,MAT 2015-2016,কোন চক্রের মাধ্যমে যকৃতে ইউরিয়া তৈরি হয়?,ক্রেবস চক্র,নাইট্রোজেন চক্র,অরনিথিন চক্র,কার্বন চক্র,C,"যকৃতে ইউরিয়া উৎপন্ন হয় অরনিথিন চক্রের মাধ্যমে।
অন্যান্য অপশন সম্পর্কিত তথ্য:
ডিঅ্যামিনেশন প্রক্রিয়ায় ইউরিয়া তৈরি হয়।"
914,MAT 2022-2023,Mollusca এর ক্ষেত্রে কোনটি সঠিক?,নরম কিউটিকুলার এপিডার্মিস দ্বারা আবৃত,নরম ও অখন্ডায়িত,প্রতি খন্ডে নেফ্রিডিয়া বিদ্যমান থাকে,দেহাভ্যন্তরে কেন্দ্রীয় গহ্বর বিদ্যমান,B,"Mollusca নরম মাংসল, অখন্ডকায়িত Annelida নরম কিউটিকলে আবৃত এবং এর প্রতিটি খণ্ডে নেফ্রিডিয়া থাকে।"
833,DAT 2021-2022,কোনটি প্লাজমা প্রোটিন নয়?,ক্রিয়েটিনিন,ফাইব্রিনোজেন,অ্যালবুমিন,গ্লোবুলিন,A,"ক্রিয়েটিনিন → নাইট্রোজেনঘটিত রেচন পদার্থ,
ফাইব্রিনোজেন, অ্যালবুমিন, গ্লোবুলিন → প্লাজমা প্রোটিন।"
316,DAT 2018-2019,নিচের কোনটি সমগোত্রীয় পাখির উদাহরণ নয়?,চড়ুই,চামচঠোঁই কাদাখোচা,হিমালয়ান পার্টিজ,গোল্ডেন প্লোভার,A,"চামচ ঠোঁটি কাদাখোচা, হিমালয়ান পার্টিজ, গোল্ডেন প্লোভার, এবং আর্কটিক টার্ন → পরিযায়ী পাখি।"
214,AFMC 2016-2017,কোন পর্বের প্রাণিদের Plannula লার্ভা দশা রয়েছে?,Nematoda,Cnidaria,Platyhelminthes,Porifera,B,Cnidaria পর্বের প্রাণীদের Plannula নামক সিলিয়াযুক্ত লার্ভা দশা রয়েছে।
624,MAT 2008-2009,নিম্নে উল্লেখিত কোনটি থেকে টেস্টোস্টেরণ হরমোন নিঃসৃত হয়?,শুক্রাণু মাতৃকোষ,সারটলি কোষ,ইন্টারস্টিশিয়াল কোষ,প্রোস্টেট গ্রন্থি,C,পুরুষদের টেস্টিসের ইন্টারস্টিশিয়াল কোষ (লেডিগ কোষ) থেকে টেস্টোস্টেরন হরমোন নিঃসৃত হয়। এটি পুরুষত্বের বৈশিষ্ট্য উন্নত করে।
512,DAT 2008-2009,নিম্ন প্রদত্ত কোন ধমনিটির উৎপত্তি এ্যাওর্টার বাঁক থেকে হয় না?,বাম সাধারণ ক্যারোটিকড,ইনোমিনেট,বামস বিক্রেভিয়ান,ডান সাধারণ ক্যারোটিড,D,"ডান সাধারণ ক্যারোটিডের উৎপত্তি ইনোমিনেট অ্যার্টারি থেকে হয়, যা এ্যাওর্টার বাঁক থেকে উৎপন্ন হয় না। ডান সাধারণ ক্যারোটিড এবং ডান সাবক্লেভিয়ান এর উৎপত্তি ইনোমিনেট যা ব্রাকিওসেফালিক অ্যার্টারি থেকে।
Aortic Arch এর শাখা:
Brachiocephalic trunk/Innominate artery
Left common carotid artery
Left subclavian artery"
217,AFMC 2016-2017,আইলেটস অব ল্যাঙ্গারহ্যানস এর কোষ নয় কোনটি?,আলফা,বিটা,ডেল্টা,গামা,D,"আইলেটস অব ল্যাঙ্গারহ্যানস-এর প্রধান কোষগুলো হলো—
বিটা কোষ: ইনসুলিন উৎপাদন করে (৫০-৮০%)
আলফা কোষ: গ্লুকাগন উৎপাদন করে (১৫-২০%)
ডেল্টা কোষ: সোমাটোস্ট্যাটিন উৎপাদন করে (৩-১০%)
পিপি কোষ: অগ্ন্যাশয়িক পলিউপেপ্টাইড উৎপাদন করে (১%)
গামা কোষ এদের মধ্যে অন্তর্ভুক্ত নয়।"
581,DAT 2010-2011,কোন এনজাইম স্নায়ু উদ্দীপনা পরিবহনে গুরুত্বপূর্ণ ভূমিকা পালন করে?,অ্যাসিটাইলকোলিন এস্টারেজ,মেটালোপ্রোটিন কাইনেজ,ক্ষারীয় ফসফাটেজ,লাইসোজাইম,A,"অ্যাসিটাইলকোলিন এস্টারেজ এনজাইম স্নায়ু উদ্দীপনার অবসান ঘটাতে গুরুত্বপূর্ণ ভূমিকা রাখে, যা স্নায়ুতন্ত্রের সঠিক কার্যকারিতার জন্য অপরিহার্য।"
51,MAT 2021-2022,কেঁচো কোন অঙ্গের মাধ্যমে শ্বাসপ্রশ্বাস নেয়?,হৃদপিন্ড,ফুলকা,ত্বক,ফুসফুস,C,Annelida (কেঁচো)- সিক্ত দেহত্বক দ্বারা শ্বসন সম্পন্ন হয়।
918,MAT 2022-2023,মায়োফাইব্রিলে কি ধরনের আমিষ থাকে?,অ্যাকটিন এবং মায়োসিন,অ্যাকটিন এবং জিলাটিন,মায়োসিন এবং ইলাস্টিন,কোলাজেন এবং মায়োসিন,A,মায়োফাইব্রিলে গুলো অ্যাকটিন ও মায়োসিন নামক প্রোটিন দিয়ে নির্মিত।
373,MAT 2018-2019,চোখের রেটিনার ভিতর সবচেয়ে আলোক সংবেদী অংশের নাম কী?,অন্ধ বিন্দু,আলোক বিন্দু,পীত বিন্দু,সাদা বিন্দু,C,"চোখের রেটিনার ভিতর অন্ধবিন্দুর কাছাকাছি একটি অংশে প্রচুর কোণ কোষ থাকে, যাকে পীতবিন্দু (ফোবিয়া সেন্ট্রালিস) বলে। এটি সবচেয়ে আলোক সংবেদী অংশ, তাই এখানে সবচেয়ে ভালো প্রতিবিম্ব সৃষ্টি হয়।
অন্ধবিন্দু (Blind Spot): যেখানে অপটিক স্নায়ু গঠিত হয় এবং কোনো রড বা কোণ কোষ থাকে না, তাই এটি আলোক সংবেদী নয়।"
56,MAT 2021-2022,কোন পদ্ধতিতে কোভিড ১৯ ভ্যাক্সিন প্রস্তুত করা হয় না?,উপএকক (Subunit vaccine),নিষ্ক্রিয় (Inactivated),এমআরএনএ (mRNA),বিষভিত্তিক (Toxoid),D,"উপএকক, নিষ্ক্রিয়, এমআরএনএ, প্রতিলিপিহীন ভাইরাল ভেক্টর, প্রোটিনের অংশ, ডিএনএ, ভাইরাসের ন্যায় বস্তু, প্রতিলিপি সক্ষম ভাইরাল ভেক্টর, অবনমিত ভাইরাস পদ্ধতিতে কোভিড ১৯ ভ্যাক্সিন প্রস্তুত করা হয়। বিষভিত্তিক (Toxoid) পদ্ধতিতে - Diptheria, Pertusis, Tetanus (DPT) ভ্যাক্সিন প্রস্তুত করা হয়।"
952,MAT 2020-2021,Alveolus থেকে অক্সিজেন রক্তে কিভাবে প্রবেশ করে?,Osmosis,Respiration,Transpiration,Diffusion,D,Diffusion বা ব্যাপন প্রক্রিয়ায় Alveolus এ ০₂ ও CO₂ গ্যাসের বিনিময় ঘটে।
538,DAT 2004-2005,রেচনতন্ত্রের নিচের কোনটি ইউরেটার নামক নালি গঠন করে?,ডাক্ট অব বেলিনি,সংগ্রাহক নালিকা,ডিস্টাল নালিকা,হেনলির লুপ,B,"ইউরেটার সংগ্রাহক নালিকা থেকে গঠিত হয়, যা মূত্রকে বৃক্ক থেকে মূত্রথলিতে পরিবহণ করে।"
463,MAT 2014-2015,নিচের কোনটি ক্লাভিকলের বৈশিষ্ট্য?,এটি একটি বাঁকানো অস্থি,একপ্রান্ত হিউমারাসের সাথে যুক্ত থাকে,এটি একটি খাঁটো অস্থি,এটি অস্থির মজ্জা গহবর আছে,A,"ক্ল্যাভিকল দেখতে ইটালিক 'f' এর মতো বাঁকা অস্থি। এটি একটি দেহ ও দুটি প্রান্ত, যথা স্টার্নাম এবং অ্যাক্রোমিয়াল প্রসেস নিয়ে গঠিত।
অন্যান্য অপশন সম্পর্কিত তথ্য:
মানুষের বক্ষ অস্থিচক্র ২ জোড়া অস্থি নিয়ে গঠিত, যথা একজোড়া ক্ল্যাভিকল ও একজোড়া স্ক্যাপুলা।"
774,MAT 2017-2018,মানব দেহে নিষেক প্রক্রিয়া কোথায় সংঘটিত হয়?,জরায়ু,ডিম্বনালি,ডিম্বাশয়,সারভিক্স,B,নিষেক প্রক্রিয়া ডিম্বনালিতে সংঘটিত হয়।
770,AFMC 2020-2021,কোনটি সেক্স লিংকড ডিসঅর্ডার নয়?,ডায়াবেটিক ম্যালিটাস,হিমোফিলিয়া,বর্ণান্ধতা,সবগুলো,A,"মানুষের যেসব জিন নিয়ন্ত্রিত বংশগত রোগ সেক্স ক্রোমোজোমের (X ও Y) মাধ্যমে বংশ পরম্পরায় সঞ্চারিত হয়, তাদের সেক্স-লিঙ্কড ডিসঅর্ডার বা অস্বাভাবিকতা বলে।
ডায়াবেটিক ম্যালিটাস বংশগত নয়, তবে ডায়াবেটিক ইনসিপিডাস বংশগত।"
125,MAT 2023-2024,কোন পর্বের প্রাণীতে র ্যাবডিটিফর্ম লার্ভা দশা দেখা যায়?,Nematoda,Platyhelminthes,Echinodermata,Arthropoda,A,নেমাটোডা পর্ব -> প্রাণীতে র‍্যাবডিটিফর্ম লার্ভা দশা। নিডারিয়া পর্ব -> প্রানুলা লার্ভা দশা। অ্যানিলিডা পর্ব -> ট্রোকোফোর লার্ভা দশা
594,MAT 2007-2008,নিম্নের কোনটি অগ্রমস্তিস্কের অংশ নয়?,সেরেব্রাম,সেরেবেলাম,থ্যালামাস,হাইপোথ্যালামাস,B,"অগ্রমস্তিষ্কের অংশ তিনটি — সেরেব্রাম, থ্যালামাস এবং হাইপোথ্যালামাস। সেরেবেলাম মধ্যমস্তিষ্কের নিচে অবস্থিত এবং এটি অগ্রমস্তিষ্কের অংশ নয়।"
752,MAT 2014-2015,নিচের কোনটি ভ্রূণীয় এক্টোডার্ম স্তর থেকে তৈরি হয়?,লোহিত কণিকা,থাইমাস,কেন্দ্রীয় স্নায়ুতন্ত্র,অস্থি সন্ধি,C,"তিনটি ভ্রূণীয় স্তর ও তাদের পরিণতি:
ভ্রূণীয় স্তর → পরিণতি
এক্টোডার্ম → ত্বক, চুল, নখ, স্নায়ুতন্ত্র, চোখের অংশ, পায়ুর আবরণ
মেসোডার্ম → কঙ্কাল, পেশি, রক্ত, লসিকা, যোজক কলা, জনন ও রেচনতন্ত্র
এন্ডোডার্ম → পাকস্থলী, অন্ত্র, শ্বাসতন্ত্র, থাইরয়েড, থাইমাস, অগ্ন্যাশয়, যকৃত"
153,DAT 2024-2025,ট্রিপসিন জারকের জন্যে সঠিক কোনটি?,এন্টারোকাইনেজের উপস্থিতিতে সক্রিয় হয়,লিপিডের উপর কাজ করে,হাইড্রোক্লোরিক এসিডের মাধ্যমে সক্রিয় হয়,পাকস্থলিতে নিঃসৃত হয়,A,"ট্রিপসিন অগ্ন্যাশয় থেকে নিঃসৃত হয়, এন্টারোকাইনেজের উপস্থিতিতে সক্রিয় হয়, প্রোটিনের উপর কাজ করে, কাইমোট্রিপসিনোজেনকে সক্রিয় করে।"
901,MAT 2024-2025,কোন চক্রের মাধ্যমে যকৃতে ইউরিয়া তৈরী হয়?,কার্বন চক্র,অরনিথিন চক্র,ক্রেবস চক্র,নাইট্রোজেন চক্র,B,"অরনিথিন চক্র এ প্রক্রিয়ায় যকৃত অত্যন্ত বিষাক্ত NH3 কে শর্করা বিপাকে সৃষ্ট CO2 এর সাথে যুক্ত করে ইউরিয়া তৈরি করে, যা মূত্ররূপে দেহ হতে নিষ্কাশিত হয়। NH3 + CO2 → ইউরিয়া।"
188,AFMC 2021-2022,কোন প্রক্রিয়ায় RNA হতে DNA তৈরি হয়?,রিভার্স ট্রান্সক্রিপশন,ট্রান্সলেশন,ট্রান্সক্রিপশন,রেপ্লিকেশন,A,বিভার্স ট্রান্সক্রিপশন প্রক্রিয়ায় ভাইরাল RNA থেকে কমপ্লিমেন্টারি DNA তৈরী করা হয়।
57,MAT 2020-2021,কোনটি ভাইরাস বৃদ্ধিতে বাঁধা দেয়?,Interferon,Lactorine,Lysozyme,Defensin,A,ইন্টারফেরন হলো প্রতিরক্ষামূলক প্রোটিন যা ভাইরাস আক্রান্ত কোষে উৎপন্ন হয়ে ভাইরাসের সংখ্যাবৃদ্ধিতে বাঁধা দেয়। এটি ক্যান্সার আক্রান্ত কোষের বৃদ্ধিতেও বাঁধা দিয়ে থাকে।
62,MAT 2020-2021,কোনটি আমিষ পরিপাককারী (digesting) এনজাইম?,Lipase,Pepsin,Lactase,Isomaltase,B,"Lipase → স্নেহ পরিপাককারী এনজাইম।
Isomaltase, Lactase → শর্করা পরিপাককারী এনজাইম।
Pepsin, Trypsin, Chymotrypsin, Aminopeptidase, Carboxypeptidase, Tri/Di-peptidase প্রভৃতি → আমিষ পরিপাককারী এনজাইম।"
446,MAT 2015-2016,মানুষের নবম জোড়া করোটিক স্নায়ুর নাম কী?,হাইপোগ্লোসাল,স্পাইনাল অ্যাকসেসরি,অ্যাবডুসেন্স,গ্লাসোফ্যারিঞ্জিয়াল,D,"গ্লসোফ্যারিঞ্জিয়াল স্নায়ু নবম করোটিক স্নায়ু।
 অন্যান্য অপশন সম্পর্কিত তথ্য:
অ্যাবডুসেন্স স্নায়ু ষষ্ঠ করোটিক স্নায়ু
হাইপোগ্লোসাল স্নায়ু → ১২তম করোটিক স্নায়ু
স্পাইনাল অ্যাকসেসরি স্নায়ু ১১তম করোটিক স্নায়ু"
545,MAT 1989-1990,বৃক্কে বিদ্যমান-,নেফ্রন,নিউরন,মূত্রথলি,ল্যাঙ্গারহ্যান্স এর দ্বীপপুঞ্জ,A,বৃক্কের গাঠনিক ও কার্যকরী একক হচ্ছে নেফ্রন।
973,AFMC 2019-2020,দ্বিপদ নামকরণের জনক কে?,ক্যারোলাস লিনিয়াস,বেন্থাম হুকার,থিওফ্রাস্টাস,মেন্ডেল,A,"দ্বি-পদ নামকরণের জনক: ১৭৫৮ সালে সুইডিস বিজ্ঞানী ক্যারোলাস লিনিয়াস
প্রাণিদের দ্বিপদ নামকরণের নীতি প্রবর্তন করেন। এ জন্য তাকে দ্বি-পদ নামকরনের
জনক বলা হয়।"
305,AFMC 2015-2016,অ্যানিমাল পোলের ক্ষেত্রে কোনটি সঠিক?,ভ্রূণের অংশে বড় বড় কোষ থাকে,প্রাথমিক জীবাণুস্তর তৈরি করেনা,এতে বৃহৎ পরিমাণে কুসুম কোষ রয়েছে,কোষগুলো অনেক দ্রুত বিভাজিত হয়,D,"উন্নয়ন জীববিজ্ঞানে, ভ্রূণ Animal Pole এবং Vegetal Pole নামে দুই ভাগে বিভক্ত হয়।
Animal Pole এ ছোট ছোট কোষ থাকে এবং দ্রুত বিভাজিত হয়।
Vegetal Pole নিচের অংশে থাকে এবং এতে বেশি পরিমাণে কুসুম কোষ থাকে।"
260,DAT 2020-2021,নিচের কোন হরমোনটি রক্তে সোডিয়ামের মাত্রা নিয়ন্ত্রণ করে?,গ্লুকাগন,অ্যালডোস্টেরন,এনজিওটেনসিন,রেনিন,B,"রেনিন - নিষ্ক্রিয় অ্যানজিওটেনসিনোজেনকে সক্রিয় অ্যানজিওটেনসিনে পরিণত করে।
অ্যানজিওটেনসিন - অ্যাড্রেনাল কর্টেক্স থেকে অ্যালডোস্টেরন ক্ষরণকে উদ্দীপিত করে।
গ্লুকাগন - রক্তে গ্লুকোজের পরিমাণ বৃদ্ধি করে।"
254,MAT 2019-2020,হাইড্রার কোন অংশে নিডোসাইট কোষ সবচেয়ে বেশি থাকে?,দেহ প্রাচীর,কর্ষিকা,দেহ কাণ্ড,পাদ-চাকতি,B,"Hydra-র পাদচাকতি ব্যতীত দেহের সর্বত্র নিডোসাইট কোষ বিদ্যমান থাকে। তবে, কর্ষিকাতে এদের সংখ্যা অধিক।"
666,MAT 2004-2005,ইন্টারফেরনের কাজ নয় কোনটি?,অনাক্রম্যতন্ত্রকে নিয়ন্ত্রণ করা,অ্যান্টিবডি উৎপাদনে বাঁধা দেওয়া,হরমোন উৎপাদনে সাহায্য করা,NK কোষের ক্ষমতা ও বংশবৃদ্ধি করা,C,ইন্টারফেরন হলো ভাইরাস আক্রান্ত কোষ থেকে নিঃসৃত ক্ষুদ্র গ্লাইকোপ্রোটিন। এটি সুস্থ কোষকে ভাইরাস আক্রমণের বিরুদ্ধে প্রতিরোধী করে তোলে। তবে এটি হরমোন উৎপাদনে সাহায্য করে না।
345,DAT 2017-2018,"মানব পিত্তরস সম্বন্ধে নিচের কোন তথ্যটি সঠিক, ইহা-",একটি অম্লীয় তরল,এনজাইম সমৃদ্ধ,পাকস্থলিতে পরিপাকে সহায়তা করে,যকৃতে তৈরি হয়,D,যকৃত কোষ (হেপাটোসাইট) অনবরত পিত্তরস ক্ষরণ করে এবং পিত্তথলিতে জমা রাখে। পিত্তরস ক্ষার জাতীয় তরল পদার্থ। এতে কোন এনজাইম থাকে না। পিত্তরসের সোডিয়াম বাইকার্বনেট উপাদানটি পাকস্থলী থেকে আগত HCI কে প্রশমিত করে ক্ষারীয় পরিবেশ সৃষ্টি করে যা ক্ষুদ্রান্ত্রে বিভিন্ন এনজাইমের কার্যকারিতার জন্য অত্যন্ত প্রয়োজন।
603,MAT 2001-2002,হার্ডেরিয়ান গ্রন্থির অবস্থান যেখানে-,ক্ষুদ্রান্ত,চক্ষু,অ্যাড্রেনাল,অগ্ন্যাশয়,B,হার্ডেরিয়ান গ্রন্থি চোখের সাথে যুক্ত থাকে। এটি চোখের অশ্রুগ্রন্থি এবং চোখের আদ্রতা বজায় রাখতে সাহায্য করে।
128,AFMC 2017-2018,রেটিনার কোন ধরনের কোষ থেকে অপটিক স্নায়ু তৈরী হয়?,রড কোষ,কোণ কোষ,বাইপোলার নিউরন,গাংগ্লিওন কোষ,D,"রেটিনা রড কোষ ও কোণ কোষ নামক দুই ধরনের কোষ নিয়ে গঠিত। রেটিনার দশটি উপস্তর রয়েছে। রেটিনায় বস্তুর প্রতিবিম্ব তৈরী হয়। রেটিনা থেকে অপটিক স্নায়ু তৈরী হয়, যা দর্শন অনুভূতি মস্তিষ্কে প্রেরণ করে। রেটিনার গাংগ্লিওন কোষ থেকে অপটিক স্নায়ু তৈরী হয়।"
696,DAT 2009-2010,নিম্নের কোনটি সঠিক নয়?,লালারসে টায়ালিন নামক উৎসেচক উপস্থিত থাকে,প্রতিদিন প্রায় 2 লিটার গ্যাস্ট্রিক রস নিঃসৃত হয়,মিউসিন HCl-এর ক্ষতিকর ভূমিকা থেকে পাকস্থলি প্রাচীরকে রক্ষা করে,হাইড্রোক্লোরিক এসিডের উপস্থিতি পেপসিনের কার্যক্রমকে বাধাগ্রস্ত করে,D,"HCl এর উপস্থিতিতে নিষ্ক্রিয় পেপসিনোজেন সক্রিয় পেপসিনে রূপান্তরিত হয়, ফলে হাইড্রোক্লোরিক এসিড পেপসিনের কার্যক্রম বাধাগ্রস্ত করে না বরং সক্রিয় করে।"
991,AFMC 2019-2020,মানবদেহে কোন ইউমিউনোগ্লোবিউলিন অনুপস্থিত?,IgB,IgM,IgD,IgA,A,"ইংরেজি শব্দ ইমিউনোগ্লোবিন (Immunoglobulin)-এর সংক্ষিপ্ত রূপ Ig-এর সাথে একটি ইংরেজি বর্ণযোগ করে একেকটি শ্রেণীকে নির্দেশ করা হয়। এই ৫টি শ্রেণী হল IgG, IgM, IgA, IgD, এবং IgE। এই পাঁচ শ্রেণীর প্রতিরক্ষিকা কেবল এদের কাঠামোর অপরিবর্তনশীল অঞ্চলের গঠনেই নয়, বরং কর্মস্থল অনুযায়ীও ভিন্ন হয়।"
816,MAT 2022-2023,মানবদেহে কোনটি লুপ্তপ্রায় অংগ?,থাইরয়েড গ্ল্যান্ড,থাইমাস,স্ক্যাপুলা,ক্যানাইন দাঁত,B,"মানবদেহের লুপ্তপ্রায় অঙ্গগুলো হলো থাইমাস গ্রন্থি, আক্কেল দাঁত, কর্তন দাঁত, পুচ্ছাস্থি, গায়ের লোম, উপপল্লব ইত্যাদি।"
372,MAT 2018-2019,কোনটি মানুষের পশ্চাৎ মস্তিষ্কের অংশ নয়?,মেডুলা অবলংগাটা,পনস,সেরেবেলাম,থ্যালামাস,D,"পশ্চাৎ মস্তিষ্কের অংশসমূহ: সেরেবেলাম, মেডুলা অবলংগাটা, পনস।
অগ্রমস্তিষ্কের অংশ: সেরেব্রাম, থ্যালামাস, হাইপোথ্যালামাস।
মধ্যমস্তিষ্কের অংশ: টেকটাম, সেরেব্রাল অ্যাকুইডাক্ট, কর্পোরা কোয়াড্রিজেমিনা, সেরেব্রাল পেডাঙ্কল।"
522,MAT 2006-2007,স্বরতন্ত্রীর অবস্থান হচ্ছে-,গলবিল,ট্রাকিয়া বা শ্বাসনালি,নাসাগহ্বর,ল্যারিংক্স,D,"স্বরযন্ত্র বা ল্যারিংস:
এটি শ্বাসনালিতে উন্মুক্ত হয়।
এর দুপাশে ২টি করে পাতলা মাংসপেশি আছে, এরাই স্বরতন্ত্রী বা ভোকাল কর্ড (Vocal cord)।
এটি কয়েকটি তরুণাস্থি দ্বারা গঠিত। এদের মধ্যে থাইরয়েড তরুণাস্থি সবচেয়ে বড়।
স্বরযন্ত্রের উপরিভাগের জিহ্বাকৃতির ঢাকনাকে উপজিহ্বা বা এপিগ্লটিস (epiglottis) বলা হয়।"
405,MAT 2017-2018,হেনলির লুপের অবস্থান বৃক্কের কোথায়?,বৃক্কীয় নালিকায়,রেনাল করপাসলে,এফারেন্ট ধমনিকাতে,ইফারেন্ট ধমনিকাতে,A,"বৃক্কের কার্যকরী একক নেফ্রন। নেফ্রণের ২টি প্রধান অংশ:
i. রেনাল করপাসল (২টি অংশ):
রেনাল ক্যাপসুল
গ্লোমেরুলাস
ii. রেনাল টিউব্যুল (৪টি অংশ):
প্রক্সিমাল প্যাঁচানো নালিকা
লুপ অব হেনলি
ডিস্টাল প্যাঁচানো নালিকা
সংগ্রাহী নালী"
412,MAT 2016-2017,ফিলোসফিকা জুওলজিক' গ্রন্থের রচয়িতা কে?,ডারউইন,ল্যামার্ক,দ্য ভিস,ভাইজম্যান,B,"ল্যামার্ক ছিলেন একজন ফরাসি দার্শনিক ও প্রকৃতিবিজ্ঞানী।
তার লেখা ‘ফিলোসফিকা জুওলজিক’ (১৮০৯) গ্রন্থে ল্যামার্কিজম মতবাদ প্রকাশিত হয়।"
482,AFMC 2020-2021,"চিকিৎসাবিদ্যার কোন শাখায় স্থূলতার কারণ, প্রতিরোধ ও চিকিৎসা সম্বন্ধে আলোচনা করা হয়?",Obesity,Geriatrics,Bariatrics,Pediatrics,C,"চিকিৎসাবিদ্যার যে শাখায় স্থূলতার কারণ, প্রতিরোধ ও চিকিৎসা সম্বন্ধে আলোচনা করা হয় তাকে Bariatrics বলা হয়।
অন্যান্য অপশন সম্পর্কিত তথ্য:
Obesity: স্থূলতা।
Geriatrics: বয়স্ক মানুষের চিকিৎসাবিদ্যা।
Pediatrics: শিশুদেহের চিকিৎসাবিষয়ক শাখা।"
170,DAT 2024-2025,কোন গ্রন্থি আমিষ শোষণ নিয়ন্ত্রণ করে?,যকৃত,অগ্ন্যাশয়,থাইমাস,থাইরয়েড,D,কার্বোহাইড্রেট শোষণ নিয়ন্ত্রণ করে -> ইনসুলিন এবং গ্লুকোকটিকয়েড হরমোন। আমিষ এবং লিপিড শোষণ নিয়ন্ত্রণ করে -> থাইরক্সিন হরমোন যা থাইরয়েড গ্রন্থি থেকে নিঃসৃত হয়।
836,DAT 2021-2022,আমাদের জাতীয় পাখির বৈজ্ঞানিক নাম কি?,Gracula religiosa,Copsychus saularis,Passer domesticus,Columba livia,B,আমাদের জাতীয় পাখি দোয়েলের বৈজ্ঞানিক নাম Copsychus saularis
78,AFMC 2019-2020,পেসমেকারে কোন ব্যাটারি ব্যবহৃত হয়?,লিথিয়াম,লেড,পটাশিয়াম,কার্বনিয়াম,A,"একটি লিথিয়াম ব্যাটারি, কম্পিউটারাইজড জেনারেটর ও শীর্ষেসেন্সরযুক্ত কতগুলো তার নিয়ে একটি পেসমেকার গঠিত হয়।"
966,MAT 2020-2021,ভ্রূণে লোহিত কণিকাসমূহ নিম্নের কোথায় তৈরি হয়?,থাইমাস,অগ্ন্যাশয়,প্লীহা,অস্থি মজ্জা,"A,C","ভ্রূণীয় জীবনে লোহিত কণিকাসমূহ কুসুম থলি (৩ সপ্তাহ বয়সে) যকৃত, প্লীহা ও থাইমাস (৬ মাস বয়স পর্যন্ত) থেকে উৎপন্ন হয়। আর, ভূমিষ্ট হওয়ার সময় থেকে পশুকা, কশেরুকা, স্টার্নাম ও শ্রোণিচক্রের লাল অস্থিমজ্জায় অবস্থিত বড় নিউক্লিয়াসযুক্ত এরিথ্রোব্লাস্ট নামক স্টেমকোষ থেকে অবিরাম লোহিত কণিকা সৃষ্টি হয়।"
83,AFMC 2019-2020,অত্যাবশ্যকীয় অ্যামিনো এসিড নয় কোনটি?,হিস্টিডিন,আইসোলিউসিন,লাইসিন,অ্যালানিন,C,"খাদ্যে উপস্থিতির প্রয়োজনীয়তার ভিত্তিতে অ্যামিনো অ্যাসিড দুই ভাগে বিভক্ত। যথা-
১। অত্যাবশ্যকীয় অ্যামিনো অ্যাসিড। এরা দেহাভ্যন্তরে সংশ্লেষিত হয় না। উদাহরণ- লিউসিন, আইসোলিউসিন, লাইসিন, থ্রিওনিন, ভ্যালিন, মেথিওনিন, ফিনাইল অ্যালানিন এবং ট্রিপটোফ্যান (৮টি)। শিশুদের জন্য অত্যাবশ্যকীয় অ্যামিনো অ্যাসিড ১০টি। অতিরিক্ত- আরজিনিন ও হিস্টিডিন।
২। অনাত্যাবশ্যকীয় অ্যামিনো অ্যাসিড: এরা দেহাভ্যন্তরে সংশ্লেষিত হতে পারে। সংখ্যায় ১২টি এবং শিশুদের ক্ষেত্রে ১০টি।"
738,MAT 2015-2016,কোন ভিটামিন পানিতে দ্রবণীয়?,ভিটামিন A,ভিটামিন D,ভিটামিন B কমপ্লেক্স,ভিটামিন K,C,পানিতে দ্রবণীয় ভিটামিন হলো ভিটামিন B এবং ভিটামিন C।
904,MAT 2024-2025,এনজিওপ্লাস্টি করলে কি হয়?,হৃদস্পন্দন বৃদ্ধি পায়,সরু ধমনী প্রশস্ত হয়,হৃদস্পন্দনের গতি ধীর হয়,রক্ত সঞ্চালনের গতি বৃদ্ধি পায়,B,বড় ধরণের অস্ত্রোপচার না করে সংকীর্ণ লুমেনযুক্ত বা রুদ্ধ হয়ে যাওয়া করোনারি ধমনি পুনরায় প্রশস্ত লুমেনযুক্ত করা বা উন্মুক্ত করার পদ্ধতিকে এনজিওপ্লাস্টি বলে। এনজিওপ্লাস্টির উদ্দেশ্য হচ্ছে সরু বা বন্ধ হয়ে যাওয়া লুমেনের ভিতর দিয়ে হৃৎপিন্ডে পর্যাপ্ত O₂ সরবরাহ নিশ্চিত করে হৃৎপিন্ড ও দেহকে সচল রাখা।
291,DAT 2019-2020,নিচের কোন গ্রন্থিটি ক্যালসিয়াম বিপাকে সহায়তা করে?,প্যারাথাইরয়েড,থাইরয়েড,পিটুইটারি,অ্যাড্রেনাল,A,প্যারাথাইরয়েড গ্রন্থি থেকে নিঃসৃত প্যারাথাইরয়েড হরমোন বা প্যারাথরমোন বা প্যারাথাইরিন এর প্রধান কাজ ক্যালসিয়াম ও ফসফরাসের বিপাক নিয়ন্ত্রণ। এটি বৃক্কে ক্যালসিয়ামের পুনঃশোষণ বাড়িয়ে দিয়ে রক্তে ক্যালসিয়ামের মাত্রা বাড়ায় এবং ফসফেটের মাত্রা কমায়। থাইরয়েড গ্রন্থি নিঃসৃত ক্যালসিটোনিন রক্তে ক্যালসিয়ামের মাত্রা কমায়।
311,DAT 2018-2019,সিফিলিস রোগের জন্য দায়ী নিচের কোনটি?,Treponema pallidum,Neisseria gonorrhoeae,Treponema vagmalis,Trichomonas vaginalis,A,"যৌনবাহিত রোগের জীবাণু:
সিফিলিস → Treponema pallidum
গনোরিয়া → Neisseria gonorrhoeae
এইডস → HIV"
849,MAT 2021-2022,কোন এনজাইম আমিষ পরিপাকে সাহায্য করে?,ল্যাকটেজ,ট্রিপসিন,অ্যামাইলেজ,লাইপেজ,B,"ট্রিপসিন এনজাইম আমিষ পরিপাকে সাহায্য করে। ল্যাকটেজ, অ্যামাইলেজ এনজাইম শর্করা পরিপাকে সাহায্যে করে। লাইপেজ ফ্যাট পরিপাকে সাহায্য করে।"
100,AFMC 2018-2019,নিচের কোন প্রাণীটি ত্রিস্তরী?,অ্যামিবা,কেঁচো,হাইড্রা,ম্যালেরিয়া জীবাণু,B,"ত্রিস্তরী প্রাণীর উদাহরণ: কৃমি, শামুক, অক্টোপাস, কেঁচো,
জোঁক, চিংড়ি, মৌমাছি, ব্যাঙ, হাতি, মানুষ সবাই ত্রিস্তরী প্রাণী।"
490,MAT 2002-2003,শোষিত খাদ্যবস্তুর প্রোটোপ্লাজমে রূপান্তরকে বলে-,পরিপাক,শোষণ,আত্তীকরণ,অধিশোষণ,C,"আত্তীকরণ হলো শোষিত খাদ্যবস্তুর প্রোটোপ্লাজমে রূপান্তরের প্রক্রিয়া।
অন্যান্য অপশন:
পরিপাক — খাদ্যবস্তু গলাধঃকরন ও এনজাইমের সহায়তায় ভাঙ্গন।
শোষণ — খাদ্য পরিপাকের পর রক্তনালীর মাধ্যমে সারা দেহে ছড়িয়ে যাওয়ার প্রক্রিয়া।
অধিশোষণ — কোনো পদার্থের অন্য একটি পদার্থের পৃষ্ঠতলে সঞ্চিত বা কেন্দ্রীভূত হওয়া, অভ্যন্তরে প্রবেশ না করা।"
421,MAT 2016-2017,কোনটি ক্ষুদ্রান্ত্রের অংশ নয়?,ডিওডেনাম,ইলিয়াম,এপেনডিক্স,জেজুনাম,C,ক্ষুদ্রান্ত্রের তিনটি অংশ। যথা- ১) ডিওডেনাম ২) জেজুনাম ৩) ইলিয়াম। আর বৃহদান্ত্রের ৩টি অংশ হলো- ১) সিকাম ২) কোলন ৩) মলাশয়। সিকামের সাথে এপেনডিক্স সংযুক্ত থাকে। এপেনডিক্স একটি নিষ্ক্রিয় অঙ্গ যা উদরীয় টনসিল নামেও পরিচিত।
835,DAT 2021-2022,কোনটি Live attenuated ভ্যাক্সিন?,হাম,হেপাটাইটিস বি,টিটেনাস,ইনফ্লুয়েঞ্জা,A,"মিজলজ (হাম) → Live attenuated vaccine,
হেপাটাইটিস বি → Subunut vaccine,
টিটেনাস → Toxoid vaccine,
ইনফ্লুয়েঞ্জা → Killed or Inactivated vaccine."
766,AFMC 2020-2021,সন্তান প্রসবে কোন হরমোন সাহায্য করে?,অক্সিটোসিন,অক্সিন,টেস্টোস্টেরন,গোনাডোট্রপিন,A,শিশু প্রসব: ৪০তম সপ্তাহে অক্সিটসিন ও প্রোস্টাগ্লান্ডিন হরমোন দুটির সক্রিয়তায় জরায়ুর সংকোচন ঘটে। ফলে শিশু জরায়ু থেকে বাইরে আসতে পারে। এটি ৩টি ধাপে সম্পন্ন হয়।
782,MAT 2017-2018,স্ত্রী রুইমাছ ডিম পাড়ে কখন?,জানুয়ারি-মার্চ মাস,ফেব্রুয়ারি-মে মাস,জুন-আগস্ট মাস,সেপ্টেম্বর-জানুয়ারি মাস,C,স্ত্রী রুইমাছ সাধারণত বর্ষাকাল (জুন-জুলাই) মাসে প্রজননের জন্য তৈরি হয় এবং ডিম পাড়ে।
935,DAT 2021-2022,কোনটি Live attenuated ভ্যাক্সিন?,হাম,হেপাটাইটিস বি,টিটেনাস,ইনফ্লুয়েঞ্জা,A,"মিজলজ (হাম) → Live attenuated vaccine,
হেপাটাইটিস বি → Subunut vaccine,
টিটেনাস → Toxoid vaccine,
ইনফ্লুয়েঞ্জা → Killed or Inactivated vaccine."
982,AFMC 2019-2020,কত BMI কে স্বাভাবিক ওজন হিসেবে ধরা হয়?,25.2-29.1,21.5-23.9,18.5-24.9,10.1-14.8,C,"ওজন (কি.গ্রা.) / উচ্চতা (মিটার) → শ্রেনী
< ১৮.৫০→ওজনহীনতা
১৮.৫০ – ২৪.৯ → স্বাভাবিক
২৫.০০ – ২৯.৯ → ওজনাধিক্য
৩০.০০ – ৩৪.৯ → গ্রেড-১ স্থুলতা
৩৫.০০ – ৩৯.৯→ গ্রেড-২ স্থুলতা
> ৪০.০০ →গ্রেড-৩ স্থুলতা/ রোগ গ্রস্থ চূড়ান্ত পর্যায়ের স্থুলতা"
548,MAT 2010-2011,মানুষের গ্লোমেরুলাসে পরিদ্রুত মূত্র ADH এর প্রভাব ছাড়া নিম্নের (%) কতভাগ পুনঃশোষণ প্রক্রিয়ায় নেফ্রনের প্রক্সিমাল প্যাঁচানো নালিকায় শোষিত হয়?,20,40,60,80,C,"নেফ্রনের প্রক্সিমাল প্যাঁচানো নালিকায় প্রায় 60% পুনঃশোষণ ঘটে, বাকি 40% লুপ অব হেনলি, ডিস্টাল প্যাঁচানো নালিকা ও সংগ্রাহী নালিকায় শোষিত হয়।"
339,DAT 2017-2018,মোলার দাঁতের কাজ কোনটি?,খাবার টুকরা করা ও ছেঁড়া,খাবার টুকরা করা ও পেষণ করা,খাবার চর্বন করা ও পেষণ করা,খাবার ছোঁড়া ও চর্বন করা,B,"মোলার দাঁতের কাজ হচ্ছে খাবার টুকরা করা ও পেষণ করা, যা খাবারের পরিপাক প্রক্রিয়ায় সহায়তা করে।"
197,AFMC 2021-2022,প্যানক্রিয়াসের আইলেটস অব ল্যাঙ্গার হ্যান্স এর কোন কোষ (Cells) থেকে ইনসুলিন নিঃসৃত হয়?,আলফা কোষ,ডেলটা কোষ,পিপি কোষ,বিটা কোষ,D,আলফা কোষ থেকে গ্লুকাগন এবং বিটা কোষ থেকে ইনসুলিন নিঃসৃত হয়।
970,MAT 2020-2021,গ্রোথ হরমোন কোথায় তৈরি হয়?,Thalamus,Hypothalamus,Adrenal gland,Pituitary gland,D,"অগ্র পিটুইটারি গ্রন্থি থেকে বৃদ্ধিপোষক হরমোন (STH) বা Growth hormone তৈরি ও নিঃসৃত হয়। অগ্র পিটুইটারি গ্রন্থি থেকে আর যে সব হরমোন নিঃসৃত হয়- Prolactin, LH, ACTH, TSH, FSH ।"
354,DAT 2016-2017,সেরেব্রামের দুটি খণ্ডকে সংযোগকারী স্নায়ু গুচ্ছের নাম-,কর্পাস অ্যালবিকান্স,কর্পাস অ্যাটরেটিকাম,কর্পাস ক্যালোসাম,কর্পাস লুটিয়াম,C,কর্পাস ক্যালোসাম সেরেব্রামের দুটি খণ্ডকে সংযুক্ত করে।
572,MAT 2009-2010,নিম্নের কোন অস্থিতে মজ্জা গহ্বর নাই?,ইশ্চিয়াম,স্টার্নাম,কারপাল,ক্ল্যাভিকল,D,"ক্ল্যাভিকল অস্থিতে মজ্জা গহ্বর থাকে না, এটি পরিবর্তিত দীর্ঘ অস্থি।"
94,AFMC 2019-2020,দেহের ভারসাম্য রক্ষা করে কোনটি?,বহিঃকর্ণ,অন্তঃকর্ণ,মধ্যাকর্ণ,কোনটিই নয়,B,
353,DAT 2016-2017,পাকস্থলিতে কোন করোটিক স্নায়ুর কার্যক্রম বিদ্যমান?,অপটিক,অডিটরি,ভেগাস,অকুলোমোটর,C,"ভেগাস স্নায়ু স্বরযন্ত্র, হৃৎপিণ্ড, পাকস্থলি ও ফুসফুসে কার্যক্রম পরিচালনা করে।"
127,AFMC 2017-2018,মুখমন্ডলীয় অস্থিতে প্যালেটিন এর সংখ্যা কত?,৫,২,১,৮,B,মুখমন্ডলীয় অস্থিতে প্যালেটিন আছে-২টি
202,AFMC 2021-2022,শ্বসনতন্ত্রের উৎপত্তি কোথা থেকে হয়?,Endoderm,Ectoderm,Mesoderm,Teloderm,A,শ্বসনতন্ত্রের উৎপত্তি এন্ডোডার্ম থেকে হয়।
154,DAT 2024-2025,পূর্ণবয়স্ক সুস্থ মানুষের দু'টি ফুসফুসে আলভিওলাসের সংখ্যা কত?,২৫০ মিলিয়ন,৫০০ মিলিয়ন,৩০০ মিলিয়ন,৭০০ মিলিয়ন,D,"নবজাতক শিশুর ফুসফুসে ২০ মিলিয়ন, ৮ বছরের শিশুর ৩০০ মিলিয়ন এবং একজন পূর্ণবয়স্ক মানুষের ফুসফুসে প্রায় ৭০০ মিলিয়ন অ্যালভিওলাই থাকে।"
990,AFMC 2019-2020,গ্রন্থিরাজ বলা হয় কোনটিকে?,শুক্রাশয়,অগ্নাশয়,পিটুইটারি,লালা,C,"পিটুইটারি গ্রন্থি মস্তিষ্কের নিচের অংশে অবস্থিত। দেহের সবচেয়ে বেশি গুরুত্বপূর্ণনালিবিহীন গ্রন্থি হলেও এটি আকারে সবচেয়ে ক্ষুদ্র। এই গ্রন্থি থেকে গোনাডোট্রপিক, সোমাটোট্রপিক, থাইরয়েড উদ্দীপকে হরমোন, এডরেনোকর্টিকোট্রপিন ইত্যাদি হরমোন নিঃসৃতসৃ হয়। এই গ্রন্থি থেকে নিঃসৃতসৃ হরমোন সংখ্যায় যেমন বেশি, অপরদিকে অন্যান্য গ্রন্থির ওপর এসব হরমোনের প্রভাবও বেশি। এজন্য পিটুইটারি গ্রন্থিকে প্রধান/প্রভু গ্রন্থি বলা হয়।"
257,MAT 2019-2020,আন্তঃকশেরুকা চাকতিতে কী ধরনের তরুণাস্থি পাওয়া যায়?,স্থিতিস্থাপক তরুণাস্থি,চুনময় তরুণাস্থি,শ্বেত-তত্ত্বময় তরুণাস্থি,স্বচ্ছ তরুণাস্থি,C,"স্থিতিস্থাপক: বহিঃকর্ণ বা পিনা, ইউস্টেশিয়ান নালি, এপিগ্লটিস প্রভৃতি।
চুনময়: হিউমেরাস ও ফিমারের মস্তক।
শ্বেত-তত্ত্বময়: দুটি কশেরুকার মধ্যবর্তী অঞ্চল।
স্বচ্ছ: স্তন্যপায়ীর নাক, শ্বাসনালি, স্বরযন্ত্র এবং ব্যাঙ ও হাঙরের ভ্রূণ বা পরিণত দেহ প্রভৃতি।"
101,AFMC 2018-2019,রক্তে গ্লুকোজের মাত্রা নিয়ন্ত্রণে কোন সংবহনতন্ত্রের ভূমিকা রয়েছে?,পালমোনারি,সিস্টেমিক,যকৃত পোর্টালতন্ত্র,বৃক্কীয় পোর্টালতন্ত্র,C,"যকৃত পোর্টাল তন্ত্রের তাৎপর্য বা কাজ:
১. পরিপাককৃত ও রক্ত কর্তৃক শোষিত খাদ্যসার পোর্টালতন্ত্রের মাধ্যমে
যকৃতে পৌছালে ইনসুলিন নামক হরমোনের প্রভাবে রক্ত থেকে
অতিরিক্ত গ্লুকোজ যকৃত শোষণ করে এবং জমা রাখে।
২. আবার রক্তে গ্লুকোজের মাত্রা কমে গেলে হরমোনের প্রভাবে যকৃত
কোষ থেকে সঞ্চিত গ্লুকোজ পোর্টালতন্ত্রের কৈশিকনালির মাধ্যমে
রক্তস্রোতে আসে। এভাবে যকৃত পোর্টালতন্ত্র রক্তে গ্লুকোজের মাত্রা
নিয়ন্ত্রণ করে।"
234,MAT 2019-2020,কোষের কোথায় ক্রেবস চক্র (Krebs cycle) সংঘটিত হয়?,Cytoplasm,Ribosome,Mitochondria,Chloroplast,C,"ক্রেবস চক্র শ্বসনের একটি ধাপ যা মাইটোকন্ড্রিয়ার ম্যাট্রিক্সে সংঘটিত হয়। Sir Hans Adolf Krebs এটি আবিষ্কার করেন। গ্লাইকোলাইসিস ছাড়া শ্বসনের সবকটি বিক্রিয়া (ক্রেবস চক্র, ETS/ অক্সিডেটিভফসফোরাইলেশন) মাইটোকন্ড্রিয়ায় ঘটে থাকে।"
996,DAT 2021-2022,কোন কোষ বিভাজন পদ্ধতিতে RBC তৈরি হয়?,synopsis,mitosis,meiosis,amitiosis,B,মাইটোসিস পদ্ধতিতে লোহিত রক্তকণিকা তৈরী হয়।
848,MAT 2021-2022,কোনটি autosomal recessive disorder?,থ্যালাসেমিয়া,লাল-সবুজ বর্ণান্ধতা,রাতকানা,হিমোফিলিয়া,A,"লাল-সবুজ বর্ণান্ধতা, রাতকানা, হিমোফিলিয়া- Sex-linked disorder. থ্যালাসেমিয়া- autosomal recessive disorder."
493,MAT 2011-2012,নিম্নের কোন অঙ্গে লোহিত কণিকা ধ্বংস হয়?,প্লীহা,যকৃত,পাকস্থলী,বৃক্ক,"A,B","লোহিত কণিকার উৎপত্তি জন্মের একমাস পূর্বে যকৃত ও প্লীহায় হয়। জন্মের পর লোহিত অস্থিমজ্জা, হিউমেরাস ও ফিমারের মস্তক, কশেরুকা, পশুর্কা, করোটির চ্যাপ্টা অস্থিতে উৎপন্ন হয়।
লোহিত কণিকা ধ্বংস হয় মূলত যকৃত ও প্লীহায়।"
802,MAT 2024-2025,কোন এন্টিবডি প্রধানত এলার্জির সাথে সংশ্লিষ্ট?,IgA,IgM,IgG,IgE,D,"IgE → এটি দুর্লভ Ig, প্রদাহ সাড়া সক্রিয় করে, অ্যালার্জিক সাড়াদানে নেতিবাচক ভূমিকা রাখে।
IgG → গর্ভাবস্থায় অমরা অতিক্রম করে।
IgA → মায়ের বুকের দুধের মাধ্যমে শিশুতে স্থানান্তরিত হয়।"
621,MAT 2009-2010,নিম্নের কোনটি হৃদপিন্ডের সংকোচনের শক্তিকে বাড়ায়?,ইনসুলিন,ভেগাস,এডরেনালিন,প্যারাথরমোন,C,এডরেনালিনকে আপদকালীন হরমোন বলা হয়। এটি হৃদস্পন্দন বৃদ্ধি করে ও হৃদপিণ্ডের সংকোচনের শক্তি বাড়ায়।
559,MAT 1990-1991,হিউমেরাস কোন অস্থিটিকে বলা হয়?,অগ্রপদের অস্থি,হাতের অস্থি,বাহুর অস্থি,পায়ের অস্থি,C,হিউমেরাস হচ্ছে বাহুর অস্থি। এটি ঊর্ধ্ব বাহুর একক বৃহৎ অস্থি।
523,MAT 2006-2007,ব্রঙ্কিয়াল নালীগুলোর কোনটি সঠিক পর্যায়ক্রম?,মুখ্য ব্রংকাই- ব্রঙ্কিওল- গৌণ ব্রঙ্কাই- শ্বসন ব্রঙ্কিওল- প্রান্তীয় ব্রঙ্কিওল- অ্যালভিওলার থলি- অ্যালভিওলার নালী- অ্যালভিওথলি,মুখ্য ব্রংকাই- ব্রঙ্কিওল- গৌণ ব্রঙ্কাই- শ্বসন ব্রঙ্কিওল- প্রান্তীয় ব্রঙ্কিওল- অ্যালভিওলার নালী- অ্যালভিওলার থলি- অ্যালভিওলি,মুখ্য ব্রংকাই- গৌণ ব্রঙ্কাই- ব্রঙ্কিওল- শ্বসন ব্রঙ্কিওল- প্রান্তীয় ব্রঙ্কিওল- অ্যালভিওরার নালী- অ্যালভিওলার থলি- অ্যালভিওলি,মুখ্য বঙ্কাই- গৌণ ব্রঙ্কাই- ব্রঙ্কিওল- প্রান্তীয় ব্রঙ্কিওল- শ্বসন ব্রঙ্কিওল- অ্যালভিওলার নালী- অ্যালভিওলার থলি- অ্যালভিওলি,B,শ্বসন বৃক্ষের পর্যায়ক্রম: ট্রাকিয়া → Primary (মুখ্য) ব্রঙ্কাস → Secondary (গৌণ) ব্রঙ্কাস → Tertiary (সেগমেন্টাল) ব্রঙ্কাস → ব্রঙ্কিওল → টার্মিনাল ব্রঙ্কিওল → শ্বসন ব্রঙ্কিওল → অ্যালভিওলার নালী → অ্যালভিওলার থলি → অ্যালভিওলি।
789,MAT 2016-2017,প্রাপ্তবয়স্ক মানুষের মস্তিষ্কে নিউরনের সংখ্যা কত?,১০ মিলিয়ন,১০ কোটি,১০ বিলিয়ন,১০ লক্ষ,C,"মানব মস্তিষ্কের বৈশিষ্ট্য:
ওজন: প্রায় ১.৩৬ কেজি
আয়তন: প্রায় ১৫০০ ঘন সেন্টিমিটার
নিউরন সংখ্যা: প্রায় ১০০ বিলিয়ন (১ লক্ষ কোটি)"
541,MAT 2003-2004,প্রতিটি বৃক্কে নেফ্রন থাকে-,প্রায় ৮ থেকে ৯ লক্ষ,প্রায় ১২ থেকে ১৪ লক্ষ,প্রায় ১০ থেকে ১২ লক্ষ,প্রায় ১৩ থেকে ১৫ লক্ষ,C,প্রতিটি বৃক্কে প্রায় ১০ লক্ষ থেকে ১২ লক্ষ নেফ্রন থাকে।
792,MAT 2016-2017,"কনে হিমোফিলিয়া বাহক, বর সুস্থ, এদের সন্তানদের ক্ষেত্রে কোনটি মিথ্যা?",পুত্রদের অর্ধেক সুস্থ হবে,পুত্রদের সবাই সুস্থ হবে,পুত্রদের অর্ধেক হিমোফিলিয়ায় আক্রান্ত হবে,কন্যাদের অর্ধেক বাহক হবে,B,"স্বাভাবিক পুরুষ (XᴴY) × বাহক মহিলা (XᴴXʰ) হলে:
সন্তানের সম্ভাব্য জিনোটাইপ → ধরন
XᴴXᴴ →স্বাভাবিক কন্যা
XᴴXʰ →বাহক কন্যা
XᴴY →স্বাভাবিক পুত্র
XʰY → হিমোফিলিক পুত্র"
462,MAT 2014-2015,স্বাভাবিক মূত্রের বর্ণ হালকা হলুদ হয় কিসের উপস্থিতিতে?,বিলিভারডিন,ইউরোক্রোম,বিলিরুবিন,অ্যামোনিয়া,B,"ইউরোক্রোম এর প্রভাবে মূত্র স্বাভাবিক রং হালকা হলুদ (খড় রং) হয়।
 অন্যান্য অপশন সম্পর্কিত তথ্য:
বিলিরুবিন এর প্রভাবে মূত্রের বর্ণ হলুদ হয় (যখন জন্ডিস হয়)।
ইউরিনোড এর উপস্থিতির জন্য মূত্রের ঝাঁঝালো গন্ধ থাকে।"
907,MAT 2024-2025,পেসমেকারের কাজ কি?,রক্তকে তরল রাখে,রক্ত সঞ্চালন বৃদ্ধি করে,হৃদরোগ প্রতিরোধ করে,হৃদস্পন্দনের ধীরগতি নিয়ন্ত্রণ করে,D,হার্ট এটাক ঘটতে পারে এমন ধীর হৃৎস্পন্দন কিংবা হার্ট সার্জারির সময় জরুরী ভিত্তিতে অস্থায়ী পেসমেকার ব্যবহার করা হয়। পেসমেকার ব্যবহারে সব ধরণের অ্যারিথমিয়ার হাত থেকে রক্ষা পাওয়া যায়।
225,MAT 2019-2020,মানবদেহের রক্তে কোন বাফার দ্রবণ (buffer solution) থাকে?,NaHCO₃ and H₂CO₃,NH₄Cl and NH₄OH,CH₃COONa and CH₃COOH,Na₂HPO₄ and H₃PO₄,A,"মানবদেহের রক্তে তিন ধরনের বাফার সিস্টেম থাকে। যথা- বাইকার্বোনেট বাফার, ফসফেট বাফার ও প্রোটিন বাফার। হিমোগ্লোবিন উৎকৃষ্ট বাফাররূপে রক্তের 'বাইকার্বনেট-কার্বনিক এসিড বাফার'-এর সামান্য (2%) নিয়ন্ত্রণ করে। ফসফেট বাফার সিস্টেম হলো আন্তঃকোষীয় বাফার। আর, প্রোটিন বাফার সিস্টেমটি প্লাজমা প্রোটিন ও হিমোগ্লোবিন প্রোটিন সমন্বয়ে গঠিত।"
499,MAT 1988-1989,মানবদেহে রোগ প্রতিরোধক হিসাবে কাজ করে কোনটি?,হিমোগ্লোবিন,শ্বেতকণিকা,লোহিত কণিকা,অনুচক্রিকা,B,শ্বেত রক্তকণিকাকে আণুবীক্ষনিক সৈনিকও বলা হয়।
504,MAT 2013-2014,হৃদপিন্ডের ডান অলিন্দ ও ডান নিলয়ের সংযোগ স্থলের কপাটিকার নাম-,মাইট্রাল কপাটিক,ট্রাইকাসপিড কপাটিকা,পালামোনারী কপাটিকা,অ্যাওর্টিক কপাটিকা,B,"মানুষের হৃৎপিণ্ডের বিভিন্ন কপাটিকার অবস্থান:
ট্রাইকাসপিড কপাটিকা: ডান অলিন্দ ও ডান নিলয়ের সংযোগস্থলে
বাইকাসপিড বা মাইট্রাল কপাটিকা: বাম অলিন্দ ও বাম নিলয়ের সংযোগস্থলে
সেমিলুনার ভাল্ব: পালামোনারি কপাটিকা: ডান নিলয় ও পালমোনারি ধমনির সংযোগস্থলে
সেমিলুনার ভাল্ব: অ্যাওর্টিক কপাটিকা: বাম নিলয় ও অ্যাওর্টার সংযোগস্থলে
থিবেসিয়ান কপাটিকা: করোনারি সাইনাস ও ডান অলিন্দের সংযোগস্থলে
ইউস্টেশিয়ান কপাটিকা: ইনফেরিয়র ভেনাক্যাভা ও ডান অলিন্দের সংযোগস্থলে"
656,MAT 2005-2006,নিচের কোনটি গ্যামিটোজেনেসিসের জন্য সঠিক নয়?,শুক্রাণু-নিউক্লিয়াসের সম্মুখ প্রান্তে গলগি বডি থেকে অ্যাক্রোসোম সৃষ্টি হয়,ব্যাঙের সাইটোপ্লাজমসহ ডিম্বাণু নিউক্লিয়াসটি কুসুম থেকে পৃথক হয়ে ডিম্বাণুর নিম্নপ্রান্ত জুড়ে থাকে,স্পার্মাটোজেনেসিসে হ্যাপ্লয়েড ক্রোমোসোম সেটের DNA অপরিবর্তিত থাকে,প্রত্যেকটি উওগোনিয়াম ডিপ্লয়েড (2n) সংখ্যক ক্রোমোসোম বহন করে,B,ব্যাঙের ডিম্বাণুতে নিউক্লিয়াস ও সাইটোপ্লাজম পৃথক হয় না। বাকি অপশনগুলো গ্যামিটোজেনেসিসের বৈশিষ্ট্য সঠিকভাবে ব্যাখ্যা করে।
866,MAT 2020-2021,ভ্রূণে লোহিত কণিকাসমূহ নিম্নের কোথায় তৈরি হয়?,থাইমাস,অগ্ন্যাশয়,প্লীহা,অস্থি মজ্জা,"A,C","ভ্রূণীয় জীবনে লোহিত কণিকাসমূহ কুসুম থলি (৩ সপ্তাহ বয়সে) যকৃত, প্লীহা ও থাইমাস (৬ মাস বয়স পর্যন্ত) থেকে উৎপন্ন হয়। আর, ভূমিষ্ট হওয়ার সময় থেকে পশুকা, কশেরুকা, স্টার্নাম ও শ্রোণিচক্রের লাল অস্থিমজ্জায় অবস্থিত বড় নিউক্লিয়াসযুক্ত এরিথ্রোব্লাস্ট নামক স্টেমকোষ থেকে অবিরাম লোহিত কণিকা সৃষ্টি হয়।"
492,MAT 2012-2013,রক্তের pH নির্ভর করে যার উপর-,এন্টিজেন,বাফার,রক্তের গ্রুপ,এন্টিবডি,B,"রক্তের স্বাভাবিক pH ৭.৪। এর থেকে ০.৫ কম বা বেশি হলে জীবনহানী হতে পারে। এই সীমিত সীমার মধ্যে রক্তের pH নিয়ন্ত্রিত হয় বিভিন্ন বাফার দ্বারা, যেমন- বাইকার্বোনেট বাফার, ফসফেট বাফার, হিমোগ্লোবিন বাফার ইত্যাদি।"
273,DAT 2020-2021,ক্রোমাটোগ্রাফির (Chromatography) কয়টি পর্যায় (Phase) আছে?,02,04,01,03,A,ক্রোমাটোগ্রাফির ২টি পর্যায় আছে। যথা: ১. স্থির দশা ও ২। চলনশীল দশা।
13,MAT 2024-2025,পেসমেকারের কাজ কি?,রক্তকে তরল রাখে,রক্ত সঞ্চালন বৃদ্ধি করে,হৃদরোগ প্রতিরোধ করে,হৃদস্পন্দনের ধীরগতি নিয়ন্ত্রণ করে,D,হার্ট এটাক ঘটতে পারে এমন ধীর হৃৎস্পন্দন কিংবা হার্ট সার্জারির সময় জরুরী ভিত্তিতে অস্থায়ী পেসমেকার ব্যবহার করা হয়। পেসমেকার ব্যবহারে সব ধরণের অ্যারিথমিয়ার হাত থেকে রক্ষা পাওয়া যায়।
466,MAT 2014-2015,মোটর প্রকৃতির স্নায়ু কোনটি?,হাইপোগ্লোসাল,ফেসিয়াল,ভেগাস,অপথ্যালমিক,A,"মোটর বা চেষ্টীয় স্নায়ু → ৩, ৪, ৬, ১১, ১২।
অন্যান্য অপশন সম্পর্কিত তথ্য:
Mixed বা মিশ্র স্নায়ু → বাকি সব স্নায়ু।
Sensory বা সংবেদী স্নায়ু → ১, ২, ৮।"
743,MAT 2015-2016,কোন চক্রের মাধ্যমে যকৃতে ইউরিয়া তৈরি হয়?,ক্রেবস চক্র,নাইট্রোজেন চক্র,অরনিথিন চক্র,কার্বন চক্র,C,"যকৃতে ইউরিয়া উৎপন্ন হয় অরনিথিন চক্রের মাধ্যমে।
অন্যান্য অপশন সম্পর্কিত তথ্য:
ডিঅ্যামিনেশন প্রক্রিয়ায় ইউরিয়া তৈরি হয়।"
914,MAT 2022-2023,Mollusca এর ক্ষেত্রে কোনটি সঠিক?,নরম কিউটিকুলার এপিডার্মিস দ্বারা আবৃত,নরম ও অখন্ডায়িত,প্রতি খন্ডে নেফ্রিডিয়া বিদ্যমান থাকে,দেহাভ্যন্তরে কেন্দ্রীয় গহ্বর বিদ্যমান,B,"Mollusca নরম মাংসল, অখন্ডকায়িত Annelida নরম কিউটিকলে আবৃত এবং এর প্রতিটি খণ্ডে নেফ্রিডিয়া থাকে।"
833,DAT 2021-2022,কোনটি প্লাজমা প্রোটিন নয়?,ক্রিয়েটিনিন,ফাইব্রিনোজেন,অ্যালবুমিন,গ্লোবুলিন,A,"ক্রিয়েটিনিন → নাইট্রোজেনঘটিত রেচন পদার্থ,
ফাইব্রিনোজেন, অ্যালবুমিন, গ্লোবুলিন → প্লাজমা প্রোটিন।"
316,DAT 2018-2019,নিচের কোনটি সমগোত্রীয় পাখির উদাহরণ নয়?,চড়ুই,চামচঠোঁই কাদাখোচা,হিমালয়ান পার্টিজ,গোল্ডেন প্লোভার,A,"চামচ ঠোঁটি কাদাখোচা, হিমালয়ান পার্টিজ, গোল্ডেন প্লোভার, এবং আর্কটিক টার্ন → পরিযায়ী পাখি।"
214,AFMC 2016-2017,কোন পর্বের প্রাণিদের Plannula লার্ভা দশা রয়েছে?,Nematoda,Cnidaria,Platyhelminthes,Porifera,B,Cnidaria পর্বের প্রাণীদের Plannula নামক সিলিয়াযুক্ত লার্ভা দশা রয়েছে।
624,MAT 2008-2009,নিম্নে উল্লেখিত কোনটি থেকে টেস্টোস্টেরণ হরমোন নিঃসৃত হয়?,শুক্রাণু মাতৃকোষ,সারটলি কোষ,ইন্টারস্টিশিয়াল কোষ,প্রোস্টেট গ্রন্থি,C,পুরুষদের টেস্টিসের ইন্টারস্টিশিয়াল কোষ (লেডিগ কোষ) থেকে টেস্টোস্টেরন হরমোন নিঃসৃত হয়। এটি পুরুষত্বের বৈশিষ্ট্য উন্নত করে।
512,DAT 2008-2009,নিম্ন প্রদত্ত কোন ধমনিটির উৎপত্তি এ্যাওর্টার বাঁক থেকে হয় না?,বাম সাধারণ ক্যারোটিকড,ইনোমিনেট,বামস বিক্রেভিয়ান,ডান সাধারণ ক্যারোটিড,D,"ডান সাধারণ ক্যারোটিডের উৎপত্তি ইনোমিনেট অ্যার্টারি থেকে হয়, যা এ্যাওর্টার বাঁক থেকে উৎপন্ন হয় না। ডান সাধারণ ক্যারোটিড এবং ডান সাবক্লেভিয়ান এর উৎপত্তি ইনোমিনেট যা ব্রাকিওসেফালিক অ্যার্টারি থেকে।
Aortic Arch এর শাখা:
Brachiocephalic trunk/Innominate artery
Left common carotid artery
Left subclavian artery"
217,AFMC 2016-2017,আইলেটস অব ল্যাঙ্গারহ্যানস এর কোষ নয় কোনটি?,আলফা,বিটা,ডেল্টা,গামা,D,"আইলেটস অব ল্যাঙ্গারহ্যানস-এর প্রধান কোষগুলো হলো—
বিটা কোষ: ইনসুলিন উৎপাদন করে (৫০-৮০%)
আলফা কোষ: গ্লুকাগন উৎপাদন করে (১৫-২০%)
ডেল্টা কোষ: সোমাটোস্ট্যাটিন উৎপাদন করে (৩-১০%)
পিপি কোষ: অগ্ন্যাশয়িক পলিউপেপ্টাইড উৎপাদন করে (১%)
গামা কোষ এদের মধ্যে অন্তর্ভুক্ত নয়।"
581,DAT 2010-2011,কোন এনজাইম স্নায়ু উদ্দীপনা পরিবহনে গুরুত্বপূর্ণ ভূমিকা পালন করে?,অ্যাসিটাইলকোলিন এস্টারেজ,মেটালোপ্রোটিন কাইনেজ,ক্ষারীয় ফসফাটেজ,লাইসোজাইম,A,"অ্যাসিটাইলকোলিন এস্টারেজ এনজাইম স্নায়ু উদ্দীপনার অবসান ঘটাতে গুরুত্বপূর্ণ ভূমিকা রাখে, যা স্নায়ুতন্ত্রের সঠিক কার্যকারিতার জন্য অপরিহার্য।"
51,MAT 2021-2022,কেঁচো কোন অঙ্গের মাধ্যমে শ্বাসপ্রশ্বাস নেয়?,হৃদপিন্ড,ফুলকা,ত্বক,ফুসফুস,C,Annelida (কেঁচো)- সিক্ত দেহত্বক দ্বারা শ্বসন সম্পন্ন হয়।
918,MAT 2022-2023,মায়োফাইব্রিলে কি ধরনের আমিষ থাকে?,অ্যাকটিন এবং মায়োসিন,অ্যাকটিন এবং জিলাটিন,মায়োসিন এবং ইলাস্টিন,কোলাজেন এবং মায়োসিন,A,মায়োফাইব্রিলে গুলো অ্যাকটিন ও মায়োসিন নামক প্রোটিন দিয়ে নির্মিত।
373,MAT 2018-2019,চোখের রেটিনার ভিতর সবচেয়ে আলোক সংবেদী অংশের নাম কী?,অন্ধ বিন্দু,আলোক বিন্দু,পীত বিন্দু,সাদা বিন্দু,C,"চোখের রেটিনার ভিতর অন্ধবিন্দুর কাছাকাছি একটি অংশে প্রচুর কোণ কোষ থাকে, যাকে পীতবিন্দু (ফোবিয়া সেন্ট্রালিস) বলে। এটি সবচেয়ে আলোক সংবেদী অংশ, তাই এখানে সবচেয়ে ভালো প্রতিবিম্ব সৃষ্টি হয়।
অন্ধবিন্দু (Blind Spot): যেখানে অপটিক স্নায়ু গঠিত হয় এবং কোনো রড বা কোণ কোষ থাকে না, তাই এটি আলোক সংবেদী নয়।"
56,MAT 2021-2022,কোন পদ্ধতিতে কোভিড ১৯ ভ্যাক্সিন প্রস্তুত করা হয় না?,উপএকক (Subunit vaccine),নিষ্ক্রিয় (Inactivated),এমআরএনএ (mRNA),বিষভিত্তিক (Toxoid),D,"উপএকক, নিষ্ক্রিয়, এমআরএনএ, প্রতিলিপিহীন ভাইরাল ভেক্টর, প্রোটিনের অংশ, ডিএনএ, ভাইরাসের ন্যায় বস্তু, প্রতিলিপি সক্ষম ভাইরাল ভেক্টর, অবনমিত ভাইরাস পদ্ধতিতে কোভিড ১৯ ভ্যাক্সিন প্রস্তুত করা হয়। বিষভিত্তিক (Toxoid) পদ্ধতিতে - Diptheria, Pertusis, Tetanus (DPT) ভ্যাক্সিন প্রস্তুত করা হয়।"
952,MAT 2020-2021,Alveolus থেকে অক্সিজেন রক্তে কিভাবে প্রবেশ করে?,Osmosis,Respiration,Transpiration,Diffusion,D,Diffusion বা ব্যাপন প্রক্রিয়ায় Alveolus এ ০₂ ও CO₂ গ্যাসের বিনিময় ঘটে।
538,DAT 2004-2005,রেচনতন্ত্রের নিচের কোনটি ইউরেটার নামক নালি গঠন করে?,ডাক্ট অব বেলিনি,সংগ্রাহক নালিকা,ডিস্টাল নালিকা,হেনলির লুপ,B,"ইউরেটার সংগ্রাহক নালিকা থেকে গঠিত হয়, যা মূত্রকে বৃক্ক থেকে মূত্রথলিতে পরিবহণ করে।"
463,MAT 2014-2015,নিচের কোনটি ক্লাভিকলের বৈশিষ্ট্য?,এটি একটি বাঁকানো অস্থি,একপ্রান্ত হিউমারাসের সাথে যুক্ত থাকে,এটি একটি খাঁটো অস্থি,এটি অস্থির মজ্জা গহবর আছে,A,"ক্ল্যাভিকল দেখতে ইটালিক 'f' এর মতো বাঁকা অস্থি। এটি একটি দেহ ও দুটি প্রান্ত, যথা স্টার্নাম এবং অ্যাক্রোমিয়াল প্রসেস নিয়ে গঠিত।
অন্যান্য অপশন সম্পর্কিত তথ্য:
মানুষের বক্ষ অস্থিচক্র ২ জোড়া অস্থি নিয়ে গঠিত, যথা একজোড়া ক্ল্যাভিকল ও একজোড়া স্ক্যাপুলা।"
774,MAT 2017-2018,মানব দেহে নিষেক প্রক্রিয়া কোথায় সংঘটিত হয়?,জরায়ু,ডিম্বনালি,ডিম্বাশয়,সারভিক্স,B,নিষেক প্রক্রিয়া ডিম্বনালিতে সংঘটিত হয়।
770,AFMC 2020-2021,কোনটি সেক্স লিংকড ডিসঅর্ডার নয়?,ডায়াবেটিক ম্যালিটাস,হিমোফিলিয়া,বর্ণান্ধতা,সবগুলো,A,"মানুষের যেসব জিন নিয়ন্ত্রিত বংশগত রোগ সেক্স ক্রোমোজোমের (X ও Y) মাধ্যমে বংশ পরম্পরায় সঞ্চারিত হয়, তাদের সেক্স-লিঙ্কড ডিসঅর্ডার বা অস্বাভাবিকতা বলে।
ডায়াবেটিক ম্যালিটাস বংশগত নয়, তবে ডায়াবেটিক ইনসিপিডাস বংশগত।"
125,MAT 2023-2024,কোন পর্বের প্রাণীতে র ্যাবডিটিফর্ম লার্ভা দশা দেখা যায়?,Nematoda,Platyhelminthes,Echinodermata,Arthropoda,A,নেমাটোডা পর্ব -> প্রাণীতে র‍্যাবডিটিফর্ম লার্ভা দশা। নিডারিয়া পর্ব -> প্রানুলা লার্ভা দশা। অ্যানিলিডা পর্ব -> ট্রোকোফোর লার্ভা দশা
594,MAT 2007-2008,নিম্নের কোনটি অগ্রমস্তিস্কের অংশ নয়?,সেরেব্রাম,সেরেবেলাম,থ্যালামাস,হাইপোথ্যালামাস,B,"অগ্রমস্তিষ্কের অংশ তিনটি — সেরেব্রাম, থ্যালামাস এবং হাইপোথ্যালামাস। সেরেবেলাম মধ্যমস্তিষ্কের নিচে অবস্থিত এবং এটি অগ্রমস্তিষ্কের অংশ নয়।"
752,MAT 2014-2015,নিচের কোনটি ভ্রূণীয় এক্টোডার্ম স্তর থেকে তৈরি হয়?,লোহিত কণিকা,থাইমাস,কেন্দ্রীয় স্নায়ুতন্ত্র,অস্থি সন্ধি,C,"তিনটি ভ্রূণীয় স্তর ও তাদের পরিণতি:
ভ্রূণীয় স্তর → পরিণতি
এক্টোডার্ম → ত্বক, চুল, নখ, স্নায়ুতন্ত্র, চোখের অংশ, পায়ুর আবরণ
মেসোডার্ম → কঙ্কাল, পেশি, রক্ত, লসিকা, যোজক কলা, জনন ও রেচনতন্ত্র
এন্ডোডার্ম → পাকস্থলী, অন্ত্র, শ্বাসতন্ত্র, থাইরয়েড, থাইমাস, অগ্ন্যাশয়, যকৃত"
153,DAT 2024-2025,ট্রিপসিন জারকের জন্যে সঠিক কোনটি?,এন্টারোকাইনেজের উপস্থিতিতে সক্রিয় হয়,লিপিডের উপর কাজ করে,হাইড্রোক্লোরিক এসিডের মাধ্যমে সক্রিয় হয়,পাকস্থলিতে নিঃসৃত হয়,A,"ট্রিপসিন অগ্ন্যাশয় থেকে নিঃসৃত হয়, এন্টারোকাইনেজের উপস্থিতিতে সক্রিয় হয়, প্রোটিনের উপর কাজ করে, কাইমোট্রিপসিনোজেনকে সক্রিয় করে।"
901,MAT 2024-2025,কোন চক্রের মাধ্যমে যকৃতে ইউরিয়া তৈরী হয়?,কার্বন চক্র,অরনিথিন চক্র,ক্রেবস চক্র,নাইট্রোজেন চক্র,B,"অরনিথিন চক্র এ প্রক্রিয়ায় যকৃত অত্যন্ত বিষাক্ত NH3 কে শর্করা বিপাকে সৃষ্ট CO2 এর সাথে যুক্ত করে ইউরিয়া তৈরি করে, যা মূত্ররূপে দেহ হতে নিষ্কাশিত হয়। NH3 + CO2 → ইউরিয়া।"
188,AFMC 2021-2022,কোন প্রক্রিয়ায় RNA হতে DNA তৈরি হয়?,রিভার্স ট্রান্সক্রিপশন,ট্রান্সলেশন,ট্রান্সক্রিপশন,রেপ্লিকেশন,A,বিভার্স ট্রান্সক্রিপশন প্রক্রিয়ায় ভাইরাল RNA থেকে কমপ্লিমেন্টারি DNA তৈরী করা হয়।
57,MAT 2020-2021,কোনটি ভাইরাস বৃদ্ধিতে বাঁধা দেয়?,Interferon,Lactorine,Lysozyme,Defensin,A,ইন্টারফেরন হলো প্রতিরক্ষামূলক প্রোটিন যা ভাইরাস আক্রান্ত কোষে উৎপন্ন হয়ে ভাইরাসের সংখ্যাবৃদ্ধিতে বাঁধা দেয়। এটি ক্যান্সার আক্রান্ত কোষের বৃদ্ধিতেও বাঁধা দিয়ে থাকে।
62,MAT 2020-2021,কোনটি আমিষ পরিপাককারী (digesting) এনজাইম?,Lipase,Pepsin,Lactase,Isomaltase,B,"Lipase → স্নেহ পরিপাককারী এনজাইম।
Isomaltase, Lactase → শর্করা পরিপাককারী এনজাইম।
Pepsin, Trypsin, Chymotrypsin, Aminopeptidase, Carboxypeptidase, Tri/Di-peptidase প্রভৃতি → আমিষ পরিপাককারী এনজাইম।"
446,MAT 2015-2016,মানুষের নবম জোড়া করোটিক স্নায়ুর নাম কী?,হাইপোগ্লোসাল,স্পাইনাল অ্যাকসেসরি,অ্যাবডুসেন্স,গ্লাসোফ্যারিঞ্জিয়াল,D,"গ্লসোফ্যারিঞ্জিয়াল স্নায়ু নবম করোটিক স্নায়ু।
 অন্যান্য অপশন সম্পর্কিত তথ্য:
অ্যাবডুসেন্স স্নায়ু ষষ্ঠ করোটিক স্নায়ু
হাইপোগ্লোসাল স্নায়ু → ১২তম করোটিক স্নায়ু
স্পাইনাল অ্যাকসেসরি স্নায়ু ১১তম করোটিক স্নায়ু"
545,MAT 1989-1990,বৃক্কে বিদ্যমান-,নেফ্রন,নিউরন,মূত্রথলি,ল্যাঙ্গারহ্যান্স এর দ্বীপপুঞ্জ,A,বৃক্কের গাঠনিক ও কার্যকরী একক হচ্ছে নেফ্রন।
973,AFMC 2019-2020,দ্বিপদ নামকরণের জনক কে?,ক্যারোলাস লিনিয়াস,বেন্থাম হুকার,থিওফ্রাস্টাস,মেন্ডেল,A,"দ্বি-পদ নামকরণের জনক: ১৭৫৮ সালে সুইডিস বিজ্ঞানী ক্যারোলাস লিনিয়াস
প্রাণিদের দ্বিপদ নামকরণের নীতি প্রবর্তন করেন। এ জন্য তাকে দ্বি-পদ নামকরনের
জনক বলা হয়।"
305,AFMC 2015-2016,অ্যানিমাল পোলের ক্ষেত্রে কোনটি সঠিক?,ভ্রূণের অংশে বড় বড় কোষ থাকে,প্রাথমিক জীবাণুস্তর তৈরি করেনা,এতে বৃহৎ পরিমাণে কুসুম কোষ রয়েছে,কোষগুলো অনেক দ্রুত বিভাজিত হয়,D,"উন্নয়ন জীববিজ্ঞানে, ভ্রূণ Animal Pole এবং Vegetal Pole নামে দুই ভাগে বিভক্ত হয়।
Animal Pole এ ছোট ছোট কোষ থাকে এবং দ্রুত বিভাজিত হয়।
Vegetal Pole নিচের অংশে থাকে এবং এতে বেশি পরিমাণে কুসুম কোষ থাকে।"
260,DAT 2020-2021,নিচের কোন হরমোনটি রক্তে সোডিয়ামের মাত্রা নিয়ন্ত্রণ করে?,গ্লুকাগন,অ্যালডোস্টেরন,এনজিওটেনসিন,রেনিন,B,"রেনিন - নিষ্ক্রিয় অ্যানজিওটেনসিনোজেনকে সক্রিয় অ্যানজিওটেনসিনে পরিণত করে।
অ্যানজিওটেনসিন - অ্যাড্রেনাল কর্টেক্স থেকে অ্যালডোস্টেরন ক্ষরণকে উদ্দীপিত করে।
গ্লুকাগন - রক্তে গ্লুকোজের পরিমাণ বৃদ্ধি করে।"
254,MAT 2019-2020,হাইড্রার কোন অংশে নিডোসাইট কোষ সবচেয়ে বেশি থাকে?,দেহ প্রাচীর,কর্ষিকা,দেহ কাণ্ড,পাদ-চাকতি,B,"Hydra-র পাদচাকতি ব্যতীত দেহের সর্বত্র নিডোসাইট কোষ বিদ্যমান থাকে। তবে, কর্ষিকাতে এদের সংখ্যা অধিক।"
666,MAT 2004-2005,ইন্টারফেরনের কাজ নয় কোনটি?,অনাক্রম্যতন্ত্রকে নিয়ন্ত্রণ করা,অ্যান্টিবডি উৎপাদনে বাঁধা দেওয়া,হরমোন উৎপাদনে সাহায্য করা,NK কোষের ক্ষমতা ও বংশবৃদ্ধি করা,C,ইন্টারফেরন হলো ভাইরাস আক্রান্ত কোষ থেকে নিঃসৃত ক্ষুদ্র গ্লাইকোপ্রোটিন। এটি সুস্থ কোষকে ভাইরাস আক্রমণের বিরুদ্ধে প্রতিরোধী করে তোলে। তবে এটি হরমোন উৎপাদনে সাহায্য করে না।
345,DAT 2017-2018,"মানব পিত্তরস সম্বন্ধে নিচের কোন তথ্যটি সঠিক, ইহা-",একটি অম্লীয় তরল,এনজাইম সমৃদ্ধ,পাকস্থলিতে পরিপাকে সহায়তা করে,যকৃতে তৈরি হয়,D,যকৃত কোষ (হেপাটোসাইট) অনবরত পিত্তরস ক্ষরণ করে এবং পিত্তথলিতে জমা রাখে। পিত্তরস ক্ষার জাতীয় তরল পদার্থ। এতে কোন এনজাইম থাকে না। পিত্তরসের সোডিয়াম বাইকার্বনেট উপাদানটি পাকস্থলী থেকে আগত HCI কে প্রশমিত করে ক্ষারীয় পরিবেশ সৃষ্টি করে যা ক্ষুদ্রান্ত্রে বিভিন্ন এনজাইমের কার্যকারিতার জন্য অত্যন্ত প্রয়োজন।
603,MAT 2001-2002,হার্ডেরিয়ান গ্রন্থির অবস্থান যেখানে-,ক্ষুদ্রান্ত,চক্ষু,অ্যাড্রেনাল,অগ্ন্যাশয়,B,হার্ডেরিয়ান গ্রন্থি চোখের সাথে যুক্ত থাকে। এটি চোখের অশ্রুগ্রন্থি এবং চোখের আদ্রতা বজায় রাখতে সাহায্য করে।
128,AFMC 2017-2018,রেটিনার কোন ধরনের কোষ থেকে অপটিক স্নায়ু তৈরী হয়?,রড কোষ,কোণ কোষ,বাইপোলার নিউরন,গাংগ্লিওন কোষ,D,"রেটিনা রড কোষ ও কোণ কোষ নামক দুই ধরনের কোষ নিয়ে গঠিত। রেটিনার দশটি উপস্তর রয়েছে। রেটিনায় বস্তুর প্রতিবিম্ব তৈরী হয়। রেটিনা থেকে অপটিক স্নায়ু তৈরী হয়, যা দর্শন অনুভূতি মস্তিষ্কে প্রেরণ করে। রেটিনার গাংগ্লিওন কোষ থেকে অপটিক স্নায়ু তৈরী হয়।"
696,DAT 2009-2010,নিম্নের কোনটি সঠিক নয়?,লালারসে টায়ালিন নামক উৎসেচক উপস্থিত থাকে,প্রতিদিন প্রায় 2 লিটার গ্যাস্ট্রিক রস নিঃসৃত হয়,মিউসিন HCl-এর ক্ষতিকর ভূমিকা থেকে পাকস্থলি প্রাচীরকে রক্ষা করে,হাইড্রোক্লোরিক এসিডের উপস্থিতি পেপসিনের কার্যক্রমকে বাধাগ্রস্ত করে,D,"HCl এর উপস্থিতিতে নিষ্ক্রিয় পেপসিনোজেন সক্রিয় পেপসিনে রূপান্তরিত হয়, ফলে হাইড্রোক্লোরিক এসিড পেপসিনের কার্যক্রম বাধাগ্রস্ত করে না বরং সক্রিয় করে।"
991,AFMC 2019-2020,মানবদেহে কোন ইউমিউনোগ্লোবিউলিন অনুপস্থিত?,IgB,IgM,IgD,IgA,A,"ইংরেজি শব্দ ইমিউনোগ্লোবিন (Immunoglobulin)-এর সংক্ষিপ্ত রূপ Ig-এর সাথে একটি ইংরেজি বর্ণযোগ করে একেকটি শ্রেণীকে নির্দেশ করা হয়। এই ৫টি শ্রেণী হল IgG, IgM, IgA, IgD, এবং IgE। এই পাঁচ শ্রেণীর প্রতিরক্ষিকা কেবল এদের কাঠামোর অপরিবর্তনশীল অঞ্চলের গঠনেই নয়, বরং কর্মস্থল অনুযায়ীও ভিন্ন হয়।"
816,MAT 2022-2023,মানবদেহে কোনটি লুপ্তপ্রায় অংগ?,থাইরয়েড গ্ল্যান্ড,থাইমাস,স্ক্যাপুলা,ক্যানাইন দাঁত,B,"মানবদেহের লুপ্তপ্রায় অঙ্গগুলো হলো থাইমাস গ্রন্থি, আক্কেল দাঁত, কর্তন দাঁত, পুচ্ছাস্থি, গায়ের লোম, উপপল্লব ইত্যাদি।"
372,MAT 2018-2019,কোনটি মানুষের পশ্চাৎ মস্তিষ্কের অংশ নয়?,মেডুলা অবলংগাটা,পনস,সেরেবেলাম,থ্যালামাস,D,"পশ্চাৎ মস্তিষ্কের অংশসমূহ: সেরেবেলাম, মেডুলা অবলংগাটা, পনস।
অগ্রমস্তিষ্কের অংশ: সেরেব্রাম, থ্যালামাস, হাইপোথ্যালামাস।
মধ্যমস্তিষ্কের অংশ: টেকটাম, সেরেব্রাল অ্যাকুইডাক্ট, কর্পোরা কোয়াড্রিজেমিনা, সেরেব্রাল পেডাঙ্কল।"
522,MAT 2006-2007,স্বরতন্ত্রীর অবস্থান হচ্ছে-,গলবিল,ট্রাকিয়া বা শ্বাসনালি,নাসাগহ্বর,ল্যারিংক্স,D,"স্বরযন্ত্র বা ল্যারিংস:
এটি শ্বাসনালিতে উন্মুক্ত হয়।
এর দুপাশে ২টি করে পাতলা মাংসপেশি আছে, এরাই স্বরতন্ত্রী বা ভোকাল কর্ড (Vocal cord)।
এটি কয়েকটি তরুণাস্থি দ্বারা গঠিত। এদের মধ্যে থাইরয়েড তরুণাস্থি সবচেয়ে বড়।
স্বরযন্ত্রের উপরিভাগের জিহ্বাকৃতির ঢাকনাকে উপজিহ্বা বা এপিগ্লটিস (epiglottis) বলা হয়।"
405,MAT 2017-2018,হেনলির লুপের অবস্থান বৃক্কের কোথায়?,বৃক্কীয় নালিকায়,রেনাল করপাসলে,এফারেন্ট ধমনিকাতে,ইফারেন্ট ধমনিকাতে,A,"বৃক্কের কার্যকরী একক নেফ্রন। নেফ্রণের ২টি প্রধান অংশ:
i. রেনাল করপাসল (২টি অংশ):
রেনাল ক্যাপসুল
গ্লোমেরুলাস
ii. রেনাল টিউব্যুল (৪টি অংশ):
প্রক্সিমাল প্যাঁচানো নালিকা
লুপ অব হেনলি
ডিস্টাল প্যাঁচানো নালিকা
সংগ্রাহী নালী"
412,MAT 2016-2017,ফিলোসফিকা জুওলজিক' গ্রন্থের রচয়িতা কে?,ডারউইন,ল্যামার্ক,দ্য ভিস,ভাইজম্যান,B,"ল্যামার্ক ছিলেন একজন ফরাসি দার্শনিক ও প্রকৃতিবিজ্ঞানী।
তার লেখা ‘ফিলোসফিকা জুওলজিক’ (১৮০৯) গ্রন্থে ল্যামার্কিজম মতবাদ প্রকাশিত হয়।"
482,AFMC 2020-2021,"চিকিৎসাবিদ্যার কোন শাখায় স্থূলতার কারণ, প্রতিরোধ ও চিকিৎসা সম্বন্ধে আলোচনা করা হয়?",Obesity,Geriatrics,Bariatrics,Pediatrics,C,"চিকিৎসাবিদ্যার যে শাখায় স্থূলতার কারণ, প্রতিরোধ ও চিকিৎসা সম্বন্ধে আলোচনা করা হয় তাকে Bariatrics বলা হয়।
অন্যান্য অপশন সম্পর্কিত তথ্য:
Obesity: স্থূলতা।
Geriatrics: বয়স্ক মানুষের চিকিৎসাবিদ্যা।
Pediatrics: শিশুদেহের চিকিৎসাবিষয়ক শাখা।"
170,DAT 2024-2025,কোন গ্রন্থি আমিষ শোষণ নিয়ন্ত্রণ করে?,যকৃত,অগ্ন্যাশয়,থাইমাস,থাইরয়েড,D,কার্বোহাইড্রেট শোষণ নিয়ন্ত্রণ করে -> ইনসুলিন এবং গ্লুকোকটিকয়েড হরমোন। আমিষ এবং লিপিড শোষণ নিয়ন্ত্রণ করে -> থাইরক্সিন হরমোন যা থাইরয়েড গ্রন্থি থেকে নিঃসৃত হয়।
836,DAT 2021-2022,আমাদের জাতীয় পাখির বৈজ্ঞানিক নাম কি?,Gracula religiosa,Copsychus saularis,Passer domesticus,Columba livia,B,আমাদের জাতীয় পাখি দোয়েলের বৈজ্ঞানিক নাম Copsychus saularis
78,AFMC 2019-2020,পেসমেকারে কোন ব্যাটারি ব্যবহৃত হয়?,লিথিয়াম,লেড,পটাশিয়াম,কার্বনিয়াম,A,"একটি লিথিয়াম ব্যাটারি, কম্পিউটারাইজড জেনারেটর ও শীর্ষেসেন্সরযুক্ত কতগুলো তার নিয়ে একটি পেসমেকার গঠিত হয়।"
966,MAT 2020-2021,ভ্রূণে লোহিত কণিকাসমূহ নিম্নের কোথায় তৈরি হয়?,থাইমাস,অগ্ন্যাশয়,প্লীহা,অস্থি মজ্জা,"A,C","ভ্রূণীয় জীবনে লোহিত কণিকাসমূহ কুসুম থলি (৩ সপ্তাহ বয়সে) যকৃত, প্লীহা ও থাইমাস (৬ মাস বয়স পর্যন্ত) থেকে উৎপন্ন হয়। আর, ভূমিষ্ট হওয়ার সময় থেকে পশুকা, কশেরুকা, স্টার্নাম ও শ্রোণিচক্রের লাল অস্থিমজ্জায় অবস্থিত বড় নিউক্লিয়াসযুক্ত এরিথ্রোব্লাস্ট নামক স্টেমকোষ থেকে অবিরাম লোহিত কণিকা সৃষ্টি হয়।"
83,AFMC 2019-2020,অত্যাবশ্যকীয় অ্যামিনো এসিড নয় কোনটি?,হিস্টিডিন,আইসোলিউসিন,লাইসিন,অ্যালানিন,C,"খাদ্যে উপস্থিতির প্রয়োজনীয়তার ভিত্তিতে অ্যামিনো অ্যাসিড দুই ভাগে বিভক্ত। যথা-
১। অত্যাবশ্যকীয় অ্যামিনো অ্যাসিড। এরা দেহাভ্যন্তরে সংশ্লেষিত হয় না। উদাহরণ- লিউসিন, আইসোলিউসিন, লাইসিন, থ্রিওনিন, ভ্যালিন, মেথিওনিন, ফিনাইল অ্যালানিন এবং ট্রিপটোফ্যান (৮টি)। শিশুদের জন্য অত্যাবশ্যকীয় অ্যামিনো অ্যাসিড ১০টি। অতিরিক্ত- আরজিনিন ও হিস্টিডিন।
২। অনাত্যাবশ্যকীয় অ্যামিনো অ্যাসিড: এরা দেহাভ্যন্তরে সংশ্লেষিত হতে পারে। সংখ্যায় ১২টি এবং শিশুদের ক্ষেত্রে ১০টি।"
738,MAT 2015-2016,কোন ভিটামিন পানিতে দ্রবণীয়?,ভিটামিন A,ভিটামিন D,ভিটামিন B কমপ্লেক্স,ভিটামিন K,C,পানিতে দ্রবণীয় ভিটামিন হলো ভিটামিন B এবং ভিটামিন C।
904,MAT 2024-2025,এনজিওপ্লাস্টি করলে কি হয়?,হৃদস্পন্দন বৃদ্ধি পায়,সরু ধমনী প্রশস্ত হয়,হৃদস্পন্দনের গতি ধীর হয়,রক্ত সঞ্চালনের গতি বৃদ্ধি পায়,B,বড় ধরণের অস্ত্রোপচার না করে সংকীর্ণ লুমেনযুক্ত বা রুদ্ধ হয়ে যাওয়া করোনারি ধমনি পুনরায় প্রশস্ত লুমেনযুক্ত করা বা উন্মুক্ত করার পদ্ধতিকে এনজিওপ্লাস্টি বলে। এনজিওপ্লাস্টির উদ্দেশ্য হচ্ছে সরু বা বন্ধ হয়ে যাওয়া লুমেনের ভিতর দিয়ে হৃৎপিন্ডে পর্যাপ্ত O₂ সরবরাহ নিশ্চিত করে হৃৎপিন্ড ও দেহকে সচল রাখা।
291,DAT 2019-2020,নিচের কোন গ্রন্থিটি ক্যালসিয়াম বিপাকে সহায়তা করে?,প্যারাথাইরয়েড,থাইরয়েড,পিটুইটারি,অ্যাড্রেনাল,A,প্যারাথাইরয়েড গ্রন্থি থেকে নিঃসৃত প্যারাথাইরয়েড হরমোন বা প্যারাথরমোন বা প্যারাথাইরিন এর প্রধান কাজ ক্যালসিয়াম ও ফসফরাসের বিপাক নিয়ন্ত্রণ। এটি বৃক্কে ক্যালসিয়ামের পুনঃশোষণ বাড়িয়ে দিয়ে রক্তে ক্যালসিয়ামের মাত্রা বাড়ায় এবং ফসফেটের মাত্রা কমায়। থাইরয়েড গ্রন্থি নিঃসৃত ক্যালসিটোনিন রক্তে ক্যালসিয়ামের মাত্রা কমায়।
311,DAT 2018-2019,সিফিলিস রোগের জন্য দায়ী নিচের কোনটি?,Treponema pallidum,Neisseria gonorrhoeae,Treponema vagmalis,Trichomonas vaginalis,A,"যৌনবাহিত রোগের জীবাণু:
সিফিলিস → Treponema pallidum
গনোরিয়া → Neisseria gonorrhoeae
এইডস → HIV"
849,MAT 2021-2022,কোন এনজাইম আমিষ পরিপাকে সাহায্য করে?,ল্যাকটেজ,ট্রিপসিন,অ্যামাইলেজ,লাইপেজ,B,"ট্রিপসিন এনজাইম আমিষ পরিপাকে সাহায্য করে। ল্যাকটেজ, অ্যামাইলেজ এনজাইম শর্করা পরিপাকে সাহায্যে করে। লাইপেজ ফ্যাট পরিপাকে সাহায্য করে।"
100,AFMC 2018-2019,নিচের কোন প্রাণীটি ত্রিস্তরী?,অ্যামিবা,কেঁচো,হাইড্রা,ম্যালেরিয়া জীবাণু,B,"ত্রিস্তরী প্রাণীর উদাহরণ: কৃমি, শামুক, অক্টোপাস, কেঁচো,
জোঁক, চিংড়ি, মৌমাছি, ব্যাঙ, হাতি, মানুষ সবাই ত্রিস্তরী প্রাণী।"
490,MAT 2002-2003,শোষিত খাদ্যবস্তুর প্রোটোপ্লাজমে রূপান্তরকে বলে-,পরিপাক,শোষণ,আত্তীকরণ,অধিশোষণ,C,"আত্তীকরণ হলো শোষিত খাদ্যবস্তুর প্রোটোপ্লাজমে রূপান্তরের প্রক্রিয়া।
অন্যান্য অপশন:
পরিপাক — খাদ্যবস্তু গলাধঃকরন ও এনজাইমের সহায়তায় ভাঙ্গন।
শোষণ — খাদ্য পরিপাকের পর রক্তনালীর মাধ্যমে সারা দেহে ছড়িয়ে যাওয়ার প্রক্রিয়া।
অধিশোষণ — কোনো পদার্থের অন্য একটি পদার্থের পৃষ্ঠতলে সঞ্চিত বা কেন্দ্রীভূত হওয়া, অভ্যন্তরে প্রবেশ না করা।"
421,MAT 2016-2017,কোনটি ক্ষুদ্রান্ত্রের অংশ নয়?,ডিওডেনাম,ইলিয়াম,এপেনডিক্স,জেজুনাম,C,ক্ষুদ্রান্ত্রের তিনটি অংশ। যথা- ১) ডিওডেনাম ২) জেজুনাম ৩) ইলিয়াম। আর বৃহদান্ত্রের ৩টি অংশ হলো- ১) সিকাম ২) কোলন ৩) মলাশয়। সিকামের সাথে এপেনডিক্স সংযুক্ত থাকে। এপেনডিক্স একটি নিষ্ক্রিয় অঙ্গ যা উদরীয় টনসিল নামেও পরিচিত।
835,DAT 2021-2022,কোনটি Live attenuated ভ্যাক্সিন?,হাম,হেপাটাইটিস বি,টিটেনাস,ইনফ্লুয়েঞ্জা,A,"মিজলজ (হাম) → Live attenuated vaccine,
হেপাটাইটিস বি → Subunut vaccine,
টিটেনাস → Toxoid vaccine,
ইনফ্লুয়েঞ্জা → Killed or Inactivated vaccine."
766,AFMC 2020-2021,সন্তান প্রসবে কোন হরমোন সাহায্য করে?,অক্সিটোসিন,অক্সিন,টেস্টোস্টেরন,গোনাডোট্রপিন,A,শিশু প্রসব: ৪০তম সপ্তাহে অক্সিটসিন ও প্রোস্টাগ্লান্ডিন হরমোন দুটির সক্রিয়তায় জরায়ুর সংকোচন ঘটে। ফলে শিশু জরায়ু থেকে বাইরে আসতে পারে। এটি ৩টি ধাপে সম্পন্ন হয়।
782,MAT 2017-2018,স্ত্রী রুইমাছ ডিম পাড়ে কখন?,জানুয়ারি-মার্চ মাস,ফেব্রুয়ারি-মে মাস,জুন-আগস্ট মাস,সেপ্টেম্বর-জানুয়ারি মাস,C,স্ত্রী রুইমাছ সাধারণত বর্ষাকাল (জুন-জুলাই) মাসে প্রজননের জন্য তৈরি হয় এবং ডিম পাড়ে।
935,DAT 2021-2022,কোনটি Live attenuated ভ্যাক্সিন?,হাম,হেপাটাইটিস বি,টিটেনাস,ইনফ্লুয়েঞ্জা,A,"মিজলজ (হাম) → Live attenuated vaccine,
হেপাটাইটিস বি → Subunut vaccine,
টিটেনাস → Toxoid vaccine,
ইনফ্লুয়েঞ্জা → Killed or Inactivated vaccine."
982,AFMC 2019-2020,কত BMI কে স্বাভাবিক ওজন হিসেবে ধরা হয়?,25.2-29.1,21.5-23.9,18.5-24.9,10.1-14.8,C,"ওজন (কি.গ্রা.) / উচ্চতা (মিটার) → শ্রেনী
< ১৮.৫০→ওজনহীনতা
১৮.৫০ – ২৪.৯ → স্বাভাবিক
২৫.০০ – ২৯.৯ → ওজনাধিক্য
৩০.০০ – ৩৪.৯ → গ্রেড-১ স্থুলতা
৩৫.০০ – ৩৯.৯→ গ্রেড-২ স্থুলতা
> ৪০.০০ →গ্রেড-৩ স্থুলতা/ রোগ গ্রস্থ চূড়ান্ত পর্যায়ের স্থুলতা"
548,MAT 2010-2011,মানুষের গ্লোমেরুলাসে পরিদ্রুত মূত্র ADH এর প্রভাব ছাড়া নিম্নের (%) কতভাগ পুনঃশোষণ প্রক্রিয়ায় নেফ্রনের প্রক্সিমাল প্যাঁচানো নালিকায় শোষিত হয়?,20,40,60,80,C,"নেফ্রনের প্রক্সিমাল প্যাঁচানো নালিকায় প্রায় 60% পুনঃশোষণ ঘটে, বাকি 40% লুপ অব হেনলি, ডিস্টাল প্যাঁচানো নালিকা ও সংগ্রাহী নালিকায় শোষিত হয়।"
339,DAT 2017-2018,মোলার দাঁতের কাজ কোনটি?,খাবার টুকরা করা ও ছেঁড়া,খাবার টুকরা করা ও পেষণ করা,খাবার চর্বন করা ও পেষণ করা,খাবার ছোঁড়া ও চর্বন করা,B,"মোলার দাঁতের কাজ হচ্ছে খাবার টুকরা করা ও পেষণ করা, যা খাবারের পরিপাক প্রক্রিয়ায় সহায়তা করে।"
197,AFMC 2021-2022,প্যানক্রিয়াসের আইলেটস অব ল্যাঙ্গার হ্যান্স এর কোন কোষ (Cells) থেকে ইনসুলিন নিঃসৃত হয়?,আলফা কোষ,ডেলটা কোষ,পিপি কোষ,বিটা কোষ,D,আলফা কোষ থেকে গ্লুকাগন এবং বিটা কোষ থেকে ইনসুলিন নিঃসৃত হয়।
970,MAT 2020-2021,গ্রোথ হরমোন কোথায় তৈরি হয়?,Thalamus,Hypothalamus,Adrenal gland,Pituitary gland,D,"অগ্র পিটুইটারি গ্রন্থি থেকে বৃদ্ধিপোষক হরমোন (STH) বা Growth hormone তৈরি ও নিঃসৃত হয়। অগ্র পিটুইটারি গ্রন্থি থেকে আর যে সব হরমোন নিঃসৃত হয়- Prolactin, LH, ACTH, TSH, FSH ।"
354,DAT 2016-2017,সেরেব্রামের দুটি খণ্ডকে সংযোগকারী স্নায়ু গুচ্ছের নাম-,কর্পাস অ্যালবিকান্স,কর্পাস অ্যাটরেটিকাম,কর্পাস ক্যালোসাম,কর্পাস লুটিয়াম,C,কর্পাস ক্যালোসাম সেরেব্রামের দুটি খণ্ডকে সংযুক্ত করে।
572,MAT 2009-2010,নিম্নের কোন অস্থিতে মজ্জা গহ্বর নাই?,ইশ্চিয়াম,স্টার্নাম,কারপাল,ক্ল্যাভিকল,D,"ক্ল্যাভিকল অস্থিতে মজ্জা গহ্বর থাকে না, এটি পরিবর্তিত দীর্ঘ অস্থি।"
94,AFMC 2019-2020,দেহের ভারসাম্য রক্ষা করে কোনটি?,বহিঃকর্ণ,অন্তঃকর্ণ,মধ্যাকর্ণ,কোনটিই নয়,B,
353,DAT 2016-2017,পাকস্থলিতে কোন করোটিক স্নায়ুর কার্যক্রম বিদ্যমান?,অপটিক,অডিটরি,ভেগাস,অকুলোমোটর,C,"ভেগাস স্নায়ু স্বরযন্ত্র, হৃৎপিণ্ড, পাকস্থলি ও ফুসফুসে কার্যক্রম পরিচালনা করে।"
127,AFMC 2017-2018,মুখমন্ডলীয় অস্থিতে প্যালেটিন এর সংখ্যা কত?,৫,২,১,৮,B,মুখমন্ডলীয় অস্থিতে প্যালেটিন আছে-২টি
202,AFMC 2021-2022,শ্বসনতন্ত্রের উৎপত্তি কোথা থেকে হয়?,Endoderm,Ectoderm,Mesoderm,Teloderm,A,শ্বসনতন্ত্রের উৎপত্তি এন্ডোডার্ম থেকে হয়।
154,DAT 2024-2025,পূর্ণবয়স্ক সুস্থ মানুষের দু'টি ফুসফুসে আলভিওলাসের সংখ্যা কত?,২৫০ মিলিয়ন,৫০০ মিলিয়ন,৩০০ মিলিয়ন,৭০০ মিলিয়ন,D,"নবজাতক শিশুর ফুসফুসে ২০ মিলিয়ন, ৮ বছরের শিশুর ৩০০ মিলিয়ন এবং একজন পূর্ণবয়স্ক মানুষের ফুসফুসে প্রায় ৭০০ মিলিয়ন অ্যালভিওলাই থাকে।"
990,AFMC 2019-2020,গ্রন্থিরাজ বলা হয় কোনটিকে?,শুক্রাশয়,অগ্নাশয়,পিটুইটারি,লালা,C,"পিটুইটারি গ্রন্থি মস্তিষ্কের নিচের অংশে অবস্থিত। দেহের সবচেয়ে বেশি গুরুত্বপূর্ণনালিবিহীন গ্রন্থি হলেও এটি আকারে সবচেয়ে ক্ষুদ্র। এই গ্রন্থি থেকে গোনাডোট্রপিক, সোমাটোট্রপিক, থাইরয়েড উদ্দীপকে হরমোন, এডরেনোকর্টিকোট্রপিন ইত্যাদি হরমোন নিঃসৃতসৃ হয়। এই গ্রন্থি থেকে নিঃসৃতসৃ হরমোন সংখ্যায় যেমন বেশি, অপরদিকে অন্যান্য গ্রন্থির ওপর এসব হরমোনের প্রভাবও বেশি। এজন্য পিটুইটারি গ্রন্থিকে প্রধান/প্রভু গ্রন্থি বলা হয়।"
257,MAT 2019-2020,আন্তঃকশেরুকা চাকতিতে কী ধরনের তরুণাস্থি পাওয়া যায়?,স্থিতিস্থাপক তরুণাস্থি,চুনময় তরুণাস্থি,শ্বেত-তত্ত্বময় তরুণাস্থি,স্বচ্ছ তরুণাস্থি,C,"স্থিতিস্থাপক: বহিঃকর্ণ বা পিনা, ইউস্টেশিয়ান নালি, এপিগ্লটিস প্রভৃতি।
চুনময়: হিউমেরাস ও ফিমারের মস্তক।
শ্বেত-তত্ত্বময়: দুটি কশেরুকার মধ্যবর্তী অঞ্চল।
স্বচ্ছ: স্তন্যপায়ীর নাক, শ্বাসনালি, স্বরযন্ত্র এবং ব্যাঙ ও হাঙরের ভ্রূণ বা পরিণত দেহ প্রভৃতি।"
101,AFMC 2018-2019,রক্তে গ্লুকোজের মাত্রা নিয়ন্ত্রণে কোন সংবহনতন্ত্রের ভূমিকা রয়েছে?,পালমোনারি,সিস্টেমিক,যকৃত পোর্টালতন্ত্র,বৃক্কীয় পোর্টালতন্ত্র,C,"যকৃত পোর্টাল তন্ত্রের তাৎপর্য বা কাজ:
১. পরিপাককৃত ও রক্ত কর্তৃক শোষিত খাদ্যসার পোর্টালতন্ত্রের মাধ্যমে
যকৃতে পৌছালে ইনসুলিন নামক হরমোনের প্রভাবে রক্ত থেকে
অতিরিক্ত গ্লুকোজ যকৃত শোষণ করে এবং জমা রাখে।
২. আবার রক্তে গ্লুকোজের মাত্রা কমে গেলে হরমোনের প্রভাবে যকৃত
কোষ থেকে সঞ্চিত গ্লুকোজ পোর্টালতন্ত্রের কৈশিকনালির মাধ্যমে
রক্তস্রোতে আসে। এভাবে যকৃত পোর্টালতন্ত্র রক্তে গ্লুকোজের মাত্রা
নিয়ন্ত্রণ করে।"
234,MAT 2019-2020,কোষের কোথায় ক্রেবস চক্র (Krebs cycle) সংঘটিত হয়?,Cytoplasm,Ribosome,Mitochondria,Chloroplast,C,"ক্রেবস চক্র শ্বসনের একটি ধাপ যা মাইটোকন্ড্রিয়ার ম্যাট্রিক্সে সংঘটিত হয়। Sir Hans Adolf Krebs এটি আবিষ্কার করেন। গ্লাইকোলাইসিস ছাড়া শ্বসনের সবকটি বিক্রিয়া (ক্রেবস চক্র, ETS/ অক্সিডেটিভফসফোরাইলেশন) মাইটোকন্ড্রিয়ায় ঘটে থাকে।"
996,DAT 2021-2022,কোন কোষ বিভাজন পদ্ধতিতে RBC তৈরি হয়?,synopsis,mitosis,meiosis,amitiosis,B,মাইটোসিস পদ্ধতিতে লোহিত রক্তকণিকা তৈরী হয়।
848,MAT 2021-2022,কোনটি autosomal recessive disorder?,থ্যালাসেমিয়া,লাল-সবুজ বর্ণান্ধতা,রাতকানা,হিমোফিলিয়া,A,"লাল-সবুজ বর্ণান্ধতা, রাতকানা, হিমোফিলিয়া- Sex-linked disorder. থ্যালাসেমিয়া- autosomal recessive disorder."
493,MAT 2011-2012,নিম্নের কোন অঙ্গে লোহিত কণিকা ধ্বংস হয়?,প্লীহা,যকৃত,পাকস্থলী,বৃক্ক,"A,B","লোহিত কণিকার উৎপত্তি জন্মের একমাস পূর্বে যকৃত ও প্লীহায় হয়। জন্মের পর লোহিত অস্থিমজ্জা, হিউমেরাস ও ফিমারের মস্তক, কশেরুকা, পশুর্কা, করোটির চ্যাপ্টা অস্থিতে উৎপন্ন হয়।
লোহিত কণিকা ধ্বংস হয় মূলত যকৃত ও প্লীহায়।"
802,MAT 2024-2025,কোন এন্টিবডি প্রধানত এলার্জির সাথে সংশ্লিষ্ট?,IgA,IgM,IgG,IgE,D,"IgE → এটি দুর্লভ Ig, প্রদাহ সাড়া সক্রিয় করে, অ্যালার্জিক সাড়াদানে নেতিবাচক ভূমিকা রাখে।
IgG → গর্ভাবস্থায় অমরা অতিক্রম করে।
IgA → মায়ের বুকের দুধের মাধ্যমে শিশুতে স্থানান্তরিত হয়।"
621,MAT 2009-2010,নিম্নের কোনটি হৃদপিন্ডের সংকোচনের শক্তিকে বাড়ায়?,ইনসুলিন,ভেগাস,এডরেনালিন,প্যারাথরমোন,C,এডরেনালিনকে আপদকালীন হরমোন বলা হয়। এটি হৃদস্পন্দন বৃদ্ধি করে ও হৃদপিণ্ডের সংকোচনের শক্তি বাড়ায়।
559,MAT 1990-1991,হিউমেরাস কোন অস্থিটিকে বলা হয়?,অগ্রপদের অস্থি,হাতের অস্থি,বাহুর অস্থি,পায়ের অস্থি,C,হিউমেরাস হচ্ছে বাহুর অস্থি। এটি ঊর্ধ্ব বাহুর একক বৃহৎ অস্থি।
523,MAT 2006-2007,ব্রঙ্কিয়াল নালীগুলোর কোনটি সঠিক পর্যায়ক্রম?,মুখ্য ব্রংকাই- ব্রঙ্কিওল- গৌণ ব্রঙ্কাই- শ্বসন ব্রঙ্কিওল- প্রান্তীয় ব্রঙ্কিওল- অ্যালভিওলার থলি- অ্যালভিওলার নালী- অ্যালভিওথলি,মুখ্য ব্রংকাই- ব্রঙ্কিওল- গৌণ ব্রঙ্কাই- শ্বসন ব্রঙ্কিওল- প্রান্তীয় ব্রঙ্কিওল- অ্যালভিওলার নালী- অ্যালভিওলার থলি- অ্যালভিওলি,মুখ্য ব্রংকাই- গৌণ ব্রঙ্কাই- ব্রঙ্কিওল- শ্বসন ব্রঙ্কিওল- প্রান্তীয় ব্রঙ্কিওল- অ্যালভিওরার নালী- অ্যালভিওলার থলি- অ্যালভিওলি,মুখ্য বঙ্কাই- গৌণ ব্রঙ্কাই- ব্রঙ্কিওল- প্রান্তীয় ব্রঙ্কিওল- শ্বসন ব্রঙ্কিওল- অ্যালভিওলার নালী- অ্যালভিওলার থলি- অ্যালভিওলি,B,শ্বসন বৃক্ষের পর্যায়ক্রম: ট্রাকিয়া → Primary (মুখ্য) ব্রঙ্কাস → Secondary (গৌণ) ব্রঙ্কাস → Tertiary (সেগমেন্টাল) ব্রঙ্কাস → ব্রঙ্কিওল → টার্মিনাল ব্রঙ্কিওল → শ্বসন ব্রঙ্কিওল → অ্যালভিওলার নালী → অ্যালভিওলার থলি → অ্যালভিওলি।
789,MAT 2016-2017,প্রাপ্তবয়স্ক মানুষের মস্তিষ্কে নিউরনের সংখ্যা কত?,১০ মিলিয়ন,১০ কোটি,১০ বিলিয়ন,১০ লক্ষ,C,"মানব মস্তিষ্কের বৈশিষ্ট্য:
ওজন: প্রায় ১.৩৬ কেজি
আয়তন: প্রায় ১৫০০ ঘন সেন্টিমিটার
নিউরন সংখ্যা: প্রায় ১০০ বিলিয়ন (১ লক্ষ কোটি)"
541,MAT 2003-2004,প্রতিটি বৃক্কে নেফ্রন থাকে-,প্রায় ৮ থেকে ৯ লক্ষ,প্রায় ১২ থেকে ১৪ লক্ষ,প্রায় ১০ থেকে ১২ লক্ষ,প্রায় ১৩ থেকে ১৫ লক্ষ,C,প্রতিটি বৃক্কে প্রায় ১০ লক্ষ থেকে ১২ লক্ষ নেফ্রন থাকে।
792,MAT 2016-2017,"কনে হিমোফিলিয়া বাহক, বর সুস্থ, এদের সন্তানদের ক্ষেত্রে কোনটি মিথ্যা?",পুত্রদের অর্ধেক সুস্থ হবে,পুত্রদের সবাই সুস্থ হবে,পুত্রদের অর্ধেক হিমোফিলিয়ায় আক্রান্ত হবে,কন্যাদের অর্ধেক বাহক হবে,B,"স্বাভাবিক পুরুষ (XᴴY) × বাহক মহিলা (XᴴXʰ) হলে:
সন্তানের সম্ভাব্য জিনোটাইপ → ধরন
XᴴXᴴ →স্বাভাবিক কন্যা
XᴴXʰ →বাহক কন্যা
XᴴY →স্বাভাবিক পুত্র
XʰY → হিমোফিলিক পুত্র"
462,MAT 2014-2015,স্বাভাবিক মূত্রের বর্ণ হালকা হলুদ হয় কিসের উপস্থিতিতে?,বিলিভারডিন,ইউরোক্রোম,বিলিরুবিন,অ্যামোনিয়া,B,"ইউরোক্রোম এর প্রভাবে মূত্র স্বাভাবিক রং হালকা হলুদ (খড় রং) হয়।
 অন্যান্য অপশন সম্পর্কিত তথ্য:
বিলিরুবিন এর প্রভাবে মূত্রের বর্ণ হলুদ হয় (যখন জন্ডিস হয়)।
ইউরিনোড এর উপস্থিতির জন্য মূত্রের ঝাঁঝালো গন্ধ থাকে।"
907,MAT 2024-2025,পেসমেকারের কাজ কি?,রক্তকে তরল রাখে,রক্ত সঞ্চালন বৃদ্ধি করে,হৃদরোগ প্রতিরোধ করে,হৃদস্পন্দনের ধীরগতি নিয়ন্ত্রণ করে,D,হার্ট এটাক ঘটতে পারে এমন ধীর হৃৎস্পন্দন কিংবা হার্ট সার্জারির সময় জরুরী ভিত্তিতে অস্থায়ী পেসমেকার ব্যবহার করা হয়। পেসমেকার ব্যবহারে সব ধরণের অ্যারিথমিয়ার হাত থেকে রক্ষা পাওয়া যায়।
225,MAT 2019-2020,মানবদেহের রক্তে কোন বাফার দ্রবণ (buffer solution) থাকে?,NaHCO₃ and H₂CO₃,NH₄Cl and NH₄OH,CH₃COONa and CH₃COOH,Na₂HPO₄ and H₃PO₄,A,"মানবদেহের রক্তে তিন ধরনের বাফার সিস্টেম থাকে। যথা- বাইকার্বোনেট বাফার, ফসফেট বাফার ও প্রোটিন বাফার। হিমোগ্লোবিন উৎকৃষ্ট বাফাররূপে রক্তের 'বাইকার্বনেট-কার্বনিক এসিড বাফার'-এর সামান্য (2%) নিয়ন্ত্রণ করে। ফসফেট বাফার সিস্টেম হলো আন্তঃকোষীয় বাফার। আর, প্রোটিন বাফার সিস্টেমটি প্লাজমা প্রোটিন ও হিমোগ্লোবিন প্রোটিন সমন্বয়ে গঠিত।"
499,MAT 1988-1989,মানবদেহে রোগ প্রতিরোধক হিসাবে কাজ করে কোনটি?,হিমোগ্লোবিন,শ্বেতকণিকা,লোহিত কণিকা,অনুচক্রিকা,B,শ্বেত রক্তকণিকাকে আণুবীক্ষনিক সৈনিকও বলা হয়।
504,MAT 2013-2014,হৃদপিন্ডের ডান অলিন্দ ও ডান নিলয়ের সংযোগ স্থলের কপাটিকার নাম-,মাইট্রাল কপাটিক,ট্রাইকাসপিড কপাটিকা,পালামোনারী কপাটিকা,অ্যাওর্টিক কপাটিকা,B,"মানুষের হৃৎপিণ্ডের বিভিন্ন কপাটিকার অবস্থান:
ট্রাইকাসপিড কপাটিকা: ডান অলিন্দ ও ডান নিলয়ের সংযোগস্থলে
বাইকাসপিড বা মাইট্রাল কপাটিকা: বাম অলিন্দ ও বাম নিলয়ের সংযোগস্থলে
সেমিলুনার ভাল্ব: পালামোনারি কপাটিকা: ডান নিলয় ও পালমোনারি ধমনির সংযোগস্থলে
সেমিলুনার ভাল্ব: অ্যাওর্টিক কপাটিকা: বাম নিলয় ও অ্যাওর্টার সংযোগস্থলে
থিবেসিয়ান কপাটিকা: করোনারি সাইনাস ও ডান অলিন্দের সংযোগস্থলে
ইউস্টেশিয়ান কপাটিকা: ইনফেরিয়র ভেনাক্যাভা ও ডান অলিন্দের সংযোগস্থলে"
656,MAT 2005-2006,নিচের কোনটি গ্যামিটোজেনেসিসের জন্য সঠিক নয়?,শুক্রাণু-নিউক্লিয়াসের সম্মুখ প্রান্তে গলগি বডি থেকে অ্যাক্রোসোম সৃষ্টি হয়,ব্যাঙের সাইটোপ্লাজমসহ ডিম্বাণু নিউক্লিয়াসটি কুসুম থেকে পৃথক হয়ে ডিম্বাণুর নিম্নপ্রান্ত জুড়ে থাকে,স্পার্মাটোজেনেসিসে হ্যাপ্লয়েড ক্রোমোসোম সেটের DNA অপরিবর্তিত থাকে,প্রত্যেকটি উওগোনিয়াম ডিপ্লয়েড (2n) সংখ্যক ক্রোমোসোম বহন করে,B,ব্যাঙের ডিম্বাণুতে নিউক্লিয়াস ও সাইটোপ্লাজম পৃথক হয় না। বাকি অপশনগুলো গ্যামিটোজেনেসিসের বৈশিষ্ট্য সঠিকভাবে ব্যাখ্যা করে।
866,MAT 2020-2021,ভ্রূণে লোহিত কণিকাসমূহ নিম্নের কোথায় তৈরি হয়?,থাইমাস,অগ্ন্যাশয়,প্লীহা,অস্থি মজ্জা,"A,C","ভ্রূণীয় জীবনে লোহিত কণিকাসমূহ কুসুম থলি (৩ সপ্তাহ বয়সে) যকৃত, প্লীহা ও থাইমাস (৬ মাস বয়স পর্যন্ত) থেকে উৎপন্ন হয়। আর, ভূমিষ্ট হওয়ার সময় থেকে পশুকা, কশেরুকা, স্টার্নাম ও শ্রোণিচক্রের লাল অস্থিমজ্জায় অবস্থিত বড় নিউক্লিয়াসযুক্ত এরিথ্রোব্লাস্ট নামক স্টেমকোষ থেকে অবিরাম লোহিত কণিকা সৃষ্টি হয়।"
492,MAT 2012-2013,রক্তের pH নির্ভর করে যার উপর-,এন্টিজেন,বাফার,রক্তের গ্রুপ,এন্টিবডি,B,"রক্তের স্বাভাবিক pH ৭.৪। এর থেকে ০.৫ কম বা বেশি হলে জীবনহানী হতে পারে। এই সীমিত সীমার মধ্যে রক্তের pH নিয়ন্ত্রিত হয় বিভিন্ন বাফার দ্বারা, যেমন- বাইকার্বোনেট বাফার, ফসফেট বাফার, হিমোগ্লোবিন বাফার ইত্যাদি।"
273,DAT 2020-2021,ক্রোমাটোগ্রাফির (Chromatography) কয়টি পর্যায় (Phase) আছে?,02,04,01,03,A,ক্রোমাটোগ্রাফির ২টি পর্যায় আছে। যথা: ১. স্থির দশা ও ২। চলনশীল দশা।
13,MAT 2024-2025,পেসমেকারের কাজ কি?,রক্তকে তরল রাখে,রক্ত সঞ্চালন বৃদ্ধি করে,হৃদরোগ প্রতিরোধ করে,হৃদস্পন্দনের ধীরগতি নিয়ন্ত্রণ করে,D,হার্ট এটাক ঘটতে পারে এমন ধীর হৃৎস্পন্দন কিংবা হার্ট সার্জারির সময় জরুরী ভিত্তিতে অস্থায়ী পেসমেকার ব্যবহার করা হয়। পেসমেকার ব্যবহারে সব ধরণের অ্যারিথমিয়ার হাত থেকে রক্ষা পাওয়া যায়।
466,MAT 2014-2015,মোটর প্রকৃতির স্নায়ু কোনটি?,হাইপোগ্লোসাল,ফেসিয়াল,ভেগাস,অপথ্যালমিক,A,"মোটর বা চেষ্টীয় স্নায়ু → ৩, ৪, ৬, ১১, ১২।
অন্যান্য অপশন সম্পর্কিত তথ্য:
Mixed বা মিশ্র স্নায়ু → বাকি সব স্নায়ু।
Sensory বা সংবেদী স্নায়ু → ১, ২, ৮।"
743,MAT 2015-2016,কোন চক্রের মাধ্যমে যকৃতে ইউরিয়া তৈরি হয়?,ক্রেবস চক্র,নাইট্রোজেন চক্র,অরনিথিন চক্র,কার্বন চক্র,C,"যকৃতে ইউরিয়া উৎপন্ন হয় অরনিথিন চক্রের মাধ্যমে।
অন্যান্য অপশন সম্পর্কিত তথ্য:
ডিঅ্যামিনেশন প্রক্রিয়ায় ইউরিয়া তৈরি হয়।"
914,MAT 2022-2023,Mollusca এর ক্ষেত্রে কোনটি সঠিক?,নরম কিউটিকুলার এপিডার্মিস দ্বারা আবৃত,নরম ও অখন্ডায়িত,প্রতি খন্ডে নেফ্রিডিয়া বিদ্যমান থাকে,দেহাভ্যন্তরে কেন্দ্রীয় গহ্বর বিদ্যমান,B,"Mollusca নরম মাংসল, অখন্ডকায়িত Annelida নরম কিউটিকলে আবৃত এবং এর প্রতিটি খণ্ডে নেফ্রিডিয়া থাকে।"
833,DAT 2021-2022,কোনটি প্লাজমা প্রোটিন নয়?,ক্রিয়েটিনিন,ফাইব্রিনোজেন,অ্যালবুমিন,গ্লোবুলিন,A,"ক্রিয়েটিনিন → নাইট্রোজেনঘটিত রেচন পদার্থ,
ফাইব্রিনোজেন, অ্যালবুমিন, গ্লোবুলিন → প্লাজমা প্রোটিন।"
316,DAT 2018-2019,নিচের কোনটি সমগোত্রীয় পাখির উদাহরণ নয়?,চড়ুই,চামচঠোঁই কাদাখোচা,হিমালয়ান পার্টিজ,গোল্ডেন প্লোভার,A,"চামচ ঠোঁটি কাদাখোচা, হিমালয়ান পার্টিজ, গোল্ডেন প্লোভার, এবং আর্কটিক টার্ন → পরিযায়ী পাখি।"
214,AFMC 2016-2017,কোন পর্বের প্রাণিদের Plannula লার্ভা দশা রয়েছে?,Nematoda,Cnidaria,Platyhelminthes,Porifera,B,Cnidaria পর্বের প্রাণীদের Plannula নামক সিলিয়াযুক্ত লার্ভা দশা রয়েছে।
624,MAT 2008-2009,নিম্নে উল্লেখিত কোনটি থেকে টেস্টোস্টেরণ হরমোন নিঃসৃত হয়?,শুক্রাণু মাতৃকোষ,সারটলি কোষ,ইন্টারস্টিশিয়াল কোষ,প্রোস্টেট গ্রন্থি,C,পুরুষদের টেস্টিসের ইন্টারস্টিশিয়াল কোষ (লেডিগ কোষ) থেকে টেস্টোস্টেরন হরমোন নিঃসৃত হয়। এটি পুরুষত্বের বৈশিষ্ট্য উন্নত করে।
512,DAT 2008-2009,নিম্ন প্রদত্ত কোন ধমনিটির উৎপত্তি এ্যাওর্টার বাঁক থেকে হয় না?,বাম সাধারণ ক্যারোটিকড,ইনোমিনেট,বামস বিক্রেভিয়ান,ডান সাধারণ ক্যারোটিড,D,"ডান সাধারণ ক্যারোটিডের উৎপত্তি ইনোমিনেট অ্যার্টারি থেকে হয়, যা এ্যাওর্টার বাঁক থেকে উৎপন্ন হয় না। ডান সাধারণ ক্যারোটিড এবং ডান সাবক্লেভিয়ান এর উৎপত্তি ইনোমিনেট যা ব্রাকিওসেফালিক অ্যার্টারি থেকে।
Aortic Arch এর শাখা:
Brachiocephalic trunk/Innominate artery
Left common carotid artery
Left subclavian artery"
217,AFMC 2016-2017,আইলেটস অব ল্যাঙ্গারহ্যানস এর কোষ নয় কোনটি?,আলফা,বিটা,ডেল্টা,গামা,D,"আইলেটস অব ল্যাঙ্গারহ্যানস-এর প্রধান কোষগুলো হলো—
বিটা কোষ: ইনসুলিন উৎপাদন করে (৫০-৮০%)
আলফা কোষ: গ্লুকাগন উৎপাদন করে (১৫-২০%)
ডেল্টা কোষ: সোমাটোস্ট্যাটিন উৎপাদন করে (৩-১০%)
পিপি কোষ: অগ্ন্যাশয়িক পলিউপেপ্টাইড উৎপাদন করে (১%)
গামা কোষ এদের মধ্যে অন্তর্ভুক্ত নয়।"
581,DAT 2010-2011,কোন এনজাইম স্নায়ু উদ্দীপনা পরিবহনে গুরুত্বপূর্ণ ভূমিকা পালন করে?,অ্যাসিটাইলকোলিন এস্টারেজ,মেটালোপ্রোটিন কাইনেজ,ক্ষারীয় ফসফাটেজ,লাইসোজাইম,A,"অ্যাসিটাইলকোলিন এস্টারেজ এনজাইম স্নায়ু উদ্দীপনার অবসান ঘটাতে গুরুত্বপূর্ণ ভূমিকা রাখে, যা স্নায়ুতন্ত্রের সঠিক কার্যকারিতার জন্য অপরিহার্য।"
51,MAT 2021-2022,কেঁচো কোন অঙ্গের মাধ্যমে শ্বাসপ্রশ্বাস নেয়?,হৃদপিন্ড,ফুলকা,ত্বক,ফুসফুস,C,Annelida (কেঁচো)- সিক্ত দেহত্বক দ্বারা শ্বসন সম্পন্ন হয়।
918,MAT 2022-2023,মায়োফাইব্রিলে কি ধরনের আমিষ থাকে?,অ্যাকটিন এবং মায়োসিন,অ্যাকটিন এবং জিলাটিন,মায়োসিন এবং ইলাস্টিন,কোলাজেন এবং মায়োসিন,A,মায়োফাইব্রিলে গুলো অ্যাকটিন ও মায়োসিন নামক প্রোটিন দিয়ে নির্মিত।
373,MAT 2018-2019,চোখের রেটিনার ভিতর সবচেয়ে আলোক সংবেদী অংশের নাম কী?,অন্ধ বিন্দু,আলোক বিন্দু,পীত বিন্দু,সাদা বিন্দু,C,"চোখের রেটিনার ভিতর অন্ধবিন্দুর কাছাকাছি একটি অংশে প্রচুর কোণ কোষ থাকে, যাকে পীতবিন্দু (ফোবিয়া সেন্ট্রালিস) বলে। এটি সবচেয়ে আলোক সংবেদী অংশ, তাই এখানে সবচেয়ে ভালো প্রতিবিম্ব সৃষ্টি হয়।
অন্ধবিন্দু (Blind Spot): যেখানে অপটিক স্নায়ু গঠিত হয় এবং কোনো রড বা কোণ কোষ থাকে না, তাই এটি আলোক সংবেদী নয়।"
56,MAT 2021-2022,কোন পদ্ধতিতে কোভিড ১৯ ভ্যাক্সিন প্রস্তুত করা হয় না?,উপএকক (Subunit vaccine),নিষ্ক্রিয় (Inactivated),এমআরএনএ (mRNA),বিষভিত্তিক (Toxoid),D,"উপএকক, নিষ্ক্রিয়, এমআরএনএ, প্রতিলিপিহীন ভাইরাল ভেক্টর, প্রোটিনের অংশ, ডিএনএ, ভাইরাসের ন্যায় বস্তু, প্রতিলিপি সক্ষম ভাইরাল ভেক্টর, অবনমিত ভাইরাস পদ্ধতিতে কোভিড ১৯ ভ্যাক্সিন প্রস্তুত করা হয়। বিষভিত্তিক (Toxoid) পদ্ধতিতে - Diptheria, Pertusis, Tetanus (DPT) ভ্যাক্সিন প্রস্তুত করা হয়।"
952,MAT 2020-2021,Alveolus থেকে অক্সিজেন রক্তে কিভাবে প্রবেশ করে?,Osmosis,Respiration,Transpiration,Diffusion,D,Diffusion বা ব্যাপন প্রক্রিয়ায় Alveolus এ ০₂ ও CO₂ গ্যাসের বিনিময় ঘটে।
538,DAT 2004-2005,রেচনতন্ত্রের নিচের কোনটি ইউরেটার নামক নালি গঠন করে?,ডাক্ট অব বেলিনি,সংগ্রাহক নালিকা,ডিস্টাল নালিকা,হেনলির লুপ,B,"ইউরেটার সংগ্রাহক নালিকা থেকে গঠিত হয়, যা মূত্রকে বৃক্ক থেকে মূত্রথলিতে পরিবহণ করে।"
463,MAT 2014-2015,নিচের কোনটি ক্লাভিকলের বৈশিষ্ট্য?,এটি একটি বাঁকানো অস্থি,একপ্রান্ত হিউমারাসের সাথে যুক্ত থাকে,এটি একটি খাঁটো অস্থি,এটি অস্থির মজ্জা গহবর আছে,A,"ক্ল্যাভিকল দেখতে ইটালিক 'f' এর মতো বাঁকা অস্থি। এটি একটি দেহ ও দুটি প্রান্ত, যথা স্টার্নাম এবং অ্যাক্রোমিয়াল প্রসেস নিয়ে গঠিত।
অন্যান্য অপশন সম্পর্কিত তথ্য:
মানুষের বক্ষ অস্থিচক্র ২ জোড়া অস্থি নিয়ে গঠিত, যথা একজোড়া ক্ল্যাভিকল ও একজোড়া স্ক্যাপুলা।"
774,MAT 2017-2018,মানব দেহে নিষেক প্রক্রিয়া কোথায় সংঘটিত হয়?,জরায়ু,ডিম্বনালি,ডিম্বাশয়,সারভিক্স,B,নিষেক প্রক্রিয়া ডিম্বনালিতে সংঘটিত হয়।
770,AFMC 2020-2021,কোনটি সেক্স লিংকড ডিসঅর্ডার নয়?,ডায়াবেটিক ম্যালিটাস,হিমোফিলিয়া,বর্ণান্ধতা,সবগুলো,A,"মানুষের যেসব জিন নিয়ন্ত্রিত বংশগত রোগ সেক্স ক্রোমোজোমের (X ও Y) মাধ্যমে বংশ পরম্পরায় সঞ্চারিত হয়, তাদের সেক্স-লিঙ্কড ডিসঅর্ডার বা অস্বাভাবিকতা বলে।
ডায়াবেটিক ম্যালিটাস বংশগত নয়, তবে ডায়াবেটিক ইনসিপিডাস বংশগত।"
125,MAT 2023-2024,কোন পর্বের প্রাণীতে র ্যাবডিটিফর্ম লার্ভা দশা দেখা যায়?,Nematoda,Platyhelminthes,Echinodermata,Arthropoda,A,নেমাটোডা পর্ব -> প্রাণীতে র‍্যাবডিটিফর্ম লার্ভা দশা। নিডারিয়া পর্ব -> প্রানুলা লার্ভা দশা। অ্যানিলিডা পর্ব -> ট্রোকোফোর লার্ভা দশা
594,MAT 2007-2008,নিম্নের কোনটি অগ্রমস্তিস্কের অংশ নয়?,সেরেব্রাম,সেরেবেলাম,থ্যালামাস,হাইপোথ্যালামাস,B,"অগ্রমস্তিষ্কের অংশ তিনটি — সেরেব্রাম, থ্যালামাস এবং হাইপোথ্যালামাস। সেরেবেলাম মধ্যমস্তিষ্কের নিচে অবস্থিত এবং এটি অগ্রমস্তিষ্কের অংশ নয়।"
752,MAT 2014-2015,নিচের কোনটি ভ্রূণীয় এক্টোডার্ম স্তর থেকে তৈরি হয়?,লোহিত কণিকা,থাইমাস,কেন্দ্রীয় স্নায়ুতন্ত্র,অস্থি সন্ধি,C,"তিনটি ভ্রূণীয় স্তর ও তাদের পরিণতি:
ভ্রূণীয় স্তর → পরিণতি
এক্টোডার্ম → ত্বক, চুল, নখ, স্নায়ুতন্ত্র, চোখের অংশ, পায়ুর আবরণ
মেসোডার্ম → কঙ্কাল, পেশি, রক্ত, লসিকা, যোজক কলা, জনন ও রেচনতন্ত্র
এন্ডোডার্ম → পাকস্থলী, অন্ত্র, শ্বাসতন্ত্র, থাইরয়েড, থাইমাস, অগ্ন্যাশয়, যকৃত"
153,DAT 2024-2025,ট্রিপসিন জারকের জন্যে সঠিক কোনটি?,এন্টারোকাইনেজের উপস্থিতিতে সক্রিয় হয়,লিপিডের উপর কাজ করে,হাইড্রোক্লোরিক এসিডের মাধ্যমে সক্রিয় হয়,পাকস্থলিতে নিঃসৃত হয়,A,"ট্রিপসিন অগ্ন্যাশয় থেকে নিঃসৃত হয়, এন্টারোকাইনেজের উপস্থিতিতে সক্রিয় হয়, প্রোটিনের উপর কাজ করে, কাইমোট্রিপসিনোজেনকে সক্রিয় করে।"
901,MAT 2024-2025,কোন চক্রের মাধ্যমে যকৃতে ইউরিয়া তৈরী হয়?,কার্বন চক্র,অরনিথিন চক্র,ক্রেবস চক্র,নাইট্রোজেন চক্র,B,"অরনিথিন চক্র এ প্রক্রিয়ায় যকৃত অত্যন্ত বিষাক্ত NH3 কে শর্করা বিপাকে সৃষ্ট CO2 এর সাথে যুক্ত করে ইউরিয়া তৈরি করে, যা মূত্ররূপে দেহ হতে নিষ্কাশিত হয়। NH3 + CO2 → ইউরিয়া।"
188,AFMC 2021-2022,কোন প্রক্রিয়ায় RNA হতে DNA তৈরি হয়?,রিভার্স ট্রান্সক্রিপশন,ট্রান্সলেশন,ট্রান্সক্রিপশন,রেপ্লিকেশন,A,বিভার্স ট্রান্সক্রিপশন প্রক্রিয়ায় ভাইরাল RNA থেকে কমপ্লিমেন্টারি DNA তৈরী করা হয়।
57,MAT 2020-2021,কোনটি ভাইরাস বৃদ্ধিতে বাঁধা দেয়?,Interferon,Lactorine,Lysozyme,Defensin,A,ইন্টারফেরন হলো প্রতিরক্ষামূলক প্রোটিন যা ভাইরাস আক্রান্ত কোষে উৎপন্ন হয়ে ভাইরাসের সংখ্যাবৃদ্ধিতে বাঁধা দেয়। এটি ক্যান্সার আক্রান্ত কোষের বৃদ্ধিতেও বাঁধা দিয়ে থাকে।
62,MAT 2020-2021,কোনটি আমিষ পরিপাককারী (digesting) এনজাইম?,Lipase,Pepsin,Lactase,Isomaltase,B,"Lipase → স্নেহ পরিপাককারী এনজাইম।
Isomaltase, Lactase → শর্করা পরিপাককারী এনজাইম।
Pepsin, Trypsin, Chymotrypsin, Aminopeptidase, Carboxypeptidase, Tri/Di-peptidase প্রভৃতি → আমিষ পরিপাককারী এনজাইম।"
446,MAT 2015-2016,মানুষের নবম জোড়া করোটিক স্নায়ুর নাম কী?,হাইপোগ্লোসাল,স্পাইনাল অ্যাকসেসরি,অ্যাবডুসেন্স,গ্লাসোফ্যারিঞ্জিয়াল,D,"গ্লসোফ্যারিঞ্জিয়াল স্নায়ু নবম করোটিক স্নায়ু।
 অন্যান্য অপশন সম্পর্কিত তথ্য:
অ্যাবডুসেন্স স্নায়ু ষষ্ঠ করোটিক স্নায়ু
হাইপোগ্লোসাল স্নায়ু → ১২তম করোটিক স্নায়ু
স্পাইনাল অ্যাকসেসরি স্নায়ু ১১তম করোটিক স্নায়ু"
545,MAT 1989-1990,বৃক্কে বিদ্যমান-,নেফ্রন,নিউরন,মূত্রথলি,ল্যাঙ্গারহ্যান্স এর দ্বীপপুঞ্জ,A,বৃক্কের গাঠনিক ও কার্যকরী একক হচ্ছে নেফ্রন।
973,AFMC 2019-2020,দ্বিপদ নামকরণের জনক কে?,ক্যারোলাস লিনিয়াস,বেন্থাম হুকার,থিওফ্রাস্টাস,মেন্ডেল,A,"দ্বি-পদ নামকরণের জনক: ১৭৫৮ সালে সুইডিস বিজ্ঞানী ক্যারোলাস লিনিয়াস
প্রাণিদের দ্বিপদ নামকরণের নীতি প্রবর্তন করেন। এ জন্য তাকে দ্বি-পদ নামকরনের
জনক বলা হয়।"
305,AFMC 2015-2016,অ্যানিমাল পোলের ক্ষেত্রে কোনটি সঠিক?,ভ্রূণের অংশে বড় বড় কোষ থাকে,প্রাথমিক জীবাণুস্তর তৈরি করেনা,এতে বৃহৎ পরিমাণে কুসুম কোষ রয়েছে,কোষগুলো অনেক দ্রুত বিভাজিত হয়,D,"উন্নয়ন জীববিজ্ঞানে, ভ্রূণ Animal Pole এবং Vegetal Pole নামে দুই ভাগে বিভক্ত হয়।
Animal Pole এ ছোট ছোট কোষ থাকে এবং দ্রুত বিভাজিত হয়।
Vegetal Pole নিচের অংশে থাকে এবং এতে বেশি পরিমাণে কুসুম কোষ থাকে।"
260,DAT 2020-2021,নিচের কোন হরমোনটি রক্তে সোডিয়ামের মাত্রা নিয়ন্ত্রণ করে?,গ্লুকাগন,অ্যালডোস্টেরন,এনজিওটেনসিন,রেনিন,B,"রেনিন - নিষ্ক্রিয় অ্যানজিওটেনসিনোজেনকে সক্রিয় অ্যানজিওটেনসিনে পরিণত করে।
অ্যানজিওটেনসিন - অ্যাড্রেনাল কর্টেক্স থেকে অ্যালডোস্টেরন ক্ষরণকে উদ্দীপিত করে।
গ্লুকাগন - রক্তে গ্লুকোজের পরিমাণ বৃদ্ধি করে।"
254,MAT 2019-2020,হাইড্রার কোন অংশে নিডোসাইট কোষ সবচেয়ে বেশি থাকে?,দেহ প্রাচীর,কর্ষিকা,দেহ কাণ্ড,পাদ-চাকতি,B,"Hydra-র পাদচাকতি ব্যতীত দেহের সর্বত্র নিডোসাইট কোষ বিদ্যমান থাকে। তবে, কর্ষিকাতে এদের সংখ্যা অধিক।"
666,MAT 2004-2005,ইন্টারফেরনের কাজ নয় কোনটি?,অনাক্রম্যতন্ত্রকে নিয়ন্ত্রণ করা,অ্যান্টিবডি উৎপাদনে বাঁধা দেওয়া,হরমোন উৎপাদনে সাহায্য করা,NK কোষের ক্ষমতা ও বংশবৃদ্ধি করা,C,ইন্টারফেরন হলো ভাইরাস আক্রান্ত কোষ থেকে নিঃসৃত ক্ষুদ্র গ্লাইকোপ্রোটিন। এটি সুস্থ কোষকে ভাইরাস আক্রমণের বিরুদ্ধে প্রতিরোধী করে তোলে। তবে এটি হরমোন উৎপাদনে সাহায্য করে না।
345,DAT 2017-2018,"মানব পিত্তরস সম্বন্ধে নিচের কোন তথ্যটি সঠিক, ইহা-",একটি অম্লীয় তরল,এনজাইম সমৃদ্ধ,পাকস্থলিতে পরিপাকে সহায়তা করে,যকৃতে তৈরি হয়,D,যকৃত কোষ (হেপাটোসাইট) অনবরত পিত্তরস ক্ষরণ করে এবং পিত্তথলিতে জমা রাখে। পিত্তরস ক্ষার জাতীয় তরল পদার্থ। এতে কোন এনজাইম থাকে না। পিত্তরসের সোডিয়াম বাইকার্বনেট উপাদানটি পাকস্থলী থেকে আগত HCI কে প্রশমিত করে ক্ষারীয় পরিবেশ সৃষ্টি করে যা ক্ষুদ্রান্ত্রে বিভিন্ন এনজাইমের কার্যকারিতার জন্য অত্যন্ত প্রয়োজন।
603,MAT 2001-2002,হার্ডেরিয়ান গ্রন্থির অবস্থান যেখানে-,ক্ষুদ্রান্ত,চক্ষু,অ্যাড্রেনাল,অগ্ন্যাশয়,B,হার্ডেরিয়ান গ্রন্থি চোখের সাথে যুক্ত থাকে। এটি চোখের অশ্রুগ্রন্থি এবং চোখের আদ্রতা বজায় রাখতে সাহায্য করে।
128,AFMC 2017-2018,রেটিনার কোন ধরনের কোষ থেকে অপটিক স্নায়ু তৈরী হয়?,রড কোষ,কোণ কোষ,বাইপোলার নিউরন,গাংগ্লিওন কোষ,D,"রেটিনা রড কোষ ও কোণ কোষ নামক দুই ধরনের কোষ নিয়ে গঠিত। রেটিনার দশটি উপস্তর রয়েছে। রেটিনায় বস্তুর প্রতিবিম্ব তৈরী হয়। রেটিনা থেকে অপটিক স্নায়ু তৈরী হয়, যা দর্শন অনুভূতি মস্তিষ্কে প্রেরণ করে। রেটিনার গাংগ্লিওন কোষ থেকে অপটিক স্নায়ু তৈরী হয়।"
696,DAT 2009-2010,নিম্নের কোনটি সঠিক নয়?,লালারসে টায়ালিন নামক উৎসেচক উপস্থিত থাকে,প্রতিদিন প্রায় 2 লিটার গ্যাস্ট্রিক রস নিঃসৃত হয়,মিউসিন HCl-এর ক্ষতিকর ভূমিকা থেকে পাকস্থলি প্রাচীরকে রক্ষা করে,হাইড্রোক্লোরিক এসিডের উপস্থিতি পেপসিনের কার্যক্রমকে বাধাগ্রস্ত করে,D,"HCl এর উপস্থিতিতে নিষ্ক্রিয় পেপসিনোজেন সক্রিয় পেপসিনে রূপান্তরিত হয়, ফলে হাইড্রোক্লোরিক এসিড পেপসিনের কার্যক্রম বাধাগ্রস্ত করে না বরং সক্রিয় করে।"
991,AFMC 2019-2020,মানবদেহে কোন ইউমিউনোগ্লোবিউলিন অনুপস্থিত?,IgB,IgM,IgD,IgA,A,"ইংরেজি শব্দ ইমিউনোগ্লোবিন (Immunoglobulin)-এর সংক্ষিপ্ত রূপ Ig-এর সাথে একটি ইংরেজি বর্ণযোগ করে একেকটি শ্রেণীকে নির্দেশ করা হয়। এই ৫টি শ্রেণী হল IgG, IgM, IgA, IgD, এবং IgE। এই পাঁচ শ্রেণীর প্রতিরক্ষিকা কেবল এদের কাঠামোর অপরিবর্তনশীল অঞ্চলের গঠনেই নয়, বরং কর্মস্থল অনুযায়ীও ভিন্ন হয়।"
816,MAT 2022-2023,মানবদেহে কোনটি লুপ্তপ্রায় অংগ?,থাইরয়েড গ্ল্যান্ড,থাইমাস,স্ক্যাপুলা,ক্যানাইন দাঁত,B,"মানবদেহের লুপ্তপ্রায় অঙ্গগুলো হলো থাইমাস গ্রন্থি, আক্কেল দাঁত, কর্তন দাঁত, পুচ্ছাস্থি, গায়ের লোম, উপপল্লব ইত্যাদি।"
372,MAT 2018-2019,কোনটি মানুষের পশ্চাৎ মস্তিষ্কের অংশ নয়?,মেডুলা অবলংগাটা,পনস,সেরেবেলাম,থ্যালামাস,D,"পশ্চাৎ মস্তিষ্কের অংশসমূহ: সেরেবেলাম, মেডুলা অবলংগাটা, পনস।
অগ্রমস্তিষ্কের অংশ: সেরেব্রাম, থ্যালামাস, হাইপোথ্যালামাস।
মধ্যমস্তিষ্কের অংশ: টেকটাম, সেরেব্রাল অ্যাকুইডাক্ট, কর্পোরা কোয়াড্রিজেমিনা, সেরেব্রাল পেডাঙ্কল।"
522,MAT 2006-2007,স্বরতন্ত্রীর অবস্থান হচ্ছে-,গলবিল,ট্রাকিয়া বা শ্বাসনালি,নাসাগহ্বর,ল্যারিংক্স,D,"স্বরযন্ত্র বা ল্যারিংস:
এটি শ্বাসনালিতে উন্মুক্ত হয়।
এর দুপাশে ২টি করে পাতলা মাংসপেশি আছে, এরাই স্বরতন্ত্রী বা ভোকাল কর্ড (Vocal cord)।
এটি কয়েকটি তরুণাস্থি দ্বারা গঠিত। এদের মধ্যে থাইরয়েড তরুণাস্থি সবচেয়ে বড়।
স্বরযন্ত্রের উপরিভাগের জিহ্বাকৃতির ঢাকনাকে উপজিহ্বা বা এপিগ্লটিস (epiglottis) বলা হয়।"
405,MAT 2017-2018,হেনলির লুপের অবস্থান বৃক্কের কোথায়?,বৃক্কীয় নালিকায়,রেনাল করপাসলে,এফারেন্ট ধমনিকাতে,ইফারেন্ট ধমনিকাতে,A,"বৃক্কের কার্যকরী একক নেফ্রন। নেফ্রণের ২টি প্রধান অংশ:
i. রেনাল করপাসল (২টি অংশ):
রেনাল ক্যাপসুল
গ্লোমেরুলাস
ii. রেনাল টিউব্যুল (৪টি অংশ):
প্রক্সিমাল প্যাঁচানো নালিকা
লুপ অব হেনলি
ডিস্টাল প্যাঁচানো নালিকা
সংগ্রাহী নালী"
412,MAT 2016-2017,ফিলোসফিকা জুওলজিক' গ্রন্থের রচয়িতা কে?,ডারউইন,ল্যামার্ক,দ্য ভিস,ভাইজম্যান,B,"ল্যামার্ক ছিলেন একজন ফরাসি দার্শনিক ও প্রকৃতিবিজ্ঞানী।
তার লেখা ‘ফিলোসফিকা জুওলজিক’ (১৮০৯) গ্রন্থে ল্যামার্কিজম মতবাদ প্রকাশিত হয়।"
482,AFMC 2020-2021,"চিকিৎসাবিদ্যার কোন শাখায় স্থূলতার কারণ, প্রতিরোধ ও চিকিৎসা সম্বন্ধে আলোচনা করা হয়?",Obesity,Geriatrics,Bariatrics,Pediatrics,C,"চিকিৎসাবিদ্যার যে শাখায় স্থূলতার কারণ, প্রতিরোধ ও চিকিৎসা সম্বন্ধে আলোচনা করা হয় তাকে Bariatrics বলা হয়।
অন্যান্য অপশন সম্পর্কিত তথ্য:
Obesity: স্থূলতা।
Geriatrics: বয়স্ক মানুষের চিকিৎসাবিদ্যা।
Pediatrics: শিশুদেহের চিকিৎসাবিষয়ক শাখা।"
170,DAT 2024-2025,কোন গ্রন্থি আমিষ শোষণ নিয়ন্ত্রণ করে?,যকৃত,অগ্ন্যাশয়,থাইমাস,থাইরয়েড,D,কার্বোহাইড্রেট শোষণ নিয়ন্ত্রণ করে -> ইনসুলিন এবং গ্লুকোকটিকয়েড হরমোন। আমিষ এবং লিপিড শোষণ নিয়ন্ত্রণ করে -> থাইরক্সিন হরমোন যা থাইরয়েড গ্রন্থি থেকে নিঃসৃত হয়।
836,DAT 2021-2022,আমাদের জাতীয় পাখির বৈজ্ঞানিক নাম কি?,Gracula religiosa,Copsychus saularis,Passer domesticus,Columba livia,B,আমাদের জাতীয় পাখি দোয়েলের বৈজ্ঞানিক নাম Copsychus saularis
78,AFMC 2019-2020,পেসমেকারে কোন ব্যাটারি ব্যবহৃত হয়?,লিথিয়াম,লেড,পটাশিয়াম,কার্বনিয়াম,A,"একটি লিথিয়াম ব্যাটারি, কম্পিউটারাইজড জেনারেটর ও শীর্ষেসেন্সরযুক্ত কতগুলো তার নিয়ে একটি পেসমেকার গঠিত হয়।"
966,MAT 2020-2021,ভ্রূণে লোহিত কণিকাসমূহ নিম্নের কোথায় তৈরি হয়?,থাইমাস,অগ্ন্যাশয়,প্লীহা,অস্থি মজ্জা,"A,C","ভ্রূণীয় জীবনে লোহিত কণিকাসমূহ কুসুম থলি (৩ সপ্তাহ বয়সে) যকৃত, প্লীহা ও থাইমাস (৬ মাস বয়স পর্যন্ত) থেকে উৎপন্ন হয়। আর, ভূমিষ্ট হওয়ার সময় থেকে পশুকা, কশেরুকা, স্টার্নাম ও শ্রোণিচক্রের লাল অস্থিমজ্জায় অবস্থিত বড় নিউক্লিয়াসযুক্ত এরিথ্রোব্লাস্ট নামক স্টেমকোষ থেকে অবিরাম লোহিত কণিকা সৃষ্টি হয়।"
83,AFMC 2019-2020,অত্যাবশ্যকীয় অ্যামিনো এসিড নয় কোনটি?,হিস্টিডিন,আইসোলিউসিন,লাইসিন,অ্যালানিন,C,"খাদ্যে উপস্থিতির প্রয়োজনীয়তার ভিত্তিতে অ্যামিনো অ্যাসিড দুই ভাগে বিভক্ত। যথা-
১। অত্যাবশ্যকীয় অ্যামিনো অ্যাসিড। এরা দেহাভ্যন্তরে সংশ্লেষিত হয় না। উদাহরণ- লিউসিন, আইসোলিউসিন, লাইসিন, থ্রিওনিন, ভ্যালিন, মেথিওনিন, ফিনাইল অ্যালানিন এবং ট্রিপটোফ্যান (৮টি)। শিশুদের জন্য অত্যাবশ্যকীয় অ্যামিনো অ্যাসিড ১০টি। অতিরিক্ত- আরজিনিন ও হিস্টিডিন।
২। অনাত্যাবশ্যকীয় অ্যামিনো অ্যাসিড: এরা দেহাভ্যন্তরে সংশ্লেষিত হতে পারে। সংখ্যায় ১২টি এবং শিশুদের ক্ষেত্রে ১০টি।"
738,MAT 2015-2016,কোন ভিটামিন পানিতে দ্রবণীয়?,ভিটামিন A,ভিটামিন D,ভিটামিন B কমপ্লেক্স,ভিটামিন K,C,পানিতে দ্রবণীয় ভিটামিন হলো ভিটামিন B এবং ভিটামিন C।
904,MAT 2024-2025,এনজিওপ্লাস্টি করলে কি হয়?,হৃদস্পন্দন বৃদ্ধি পায়,সরু ধমনী প্রশস্ত হয়,হৃদস্পন্দনের গতি ধীর হয়,রক্ত সঞ্চালনের গতি বৃদ্ধি পায়,B,বড় ধরণের অস্ত্রোপচার না করে সংকীর্ণ লুমেনযুক্ত বা রুদ্ধ হয়ে যাওয়া করোনারি ধমনি পুনরায় প্রশস্ত লুমেনযুক্ত করা বা উন্মুক্ত করার পদ্ধতিকে এনজিওপ্লাস্টি বলে। এনজিওপ্লাস্টির উদ্দেশ্য হচ্ছে সরু বা বন্ধ হয়ে যাওয়া লুমেনের ভিতর দিয়ে হৃৎপিন্ডে পর্যাপ্ত O₂ সরবরাহ নিশ্চিত করে হৃৎপিন্ড ও দেহকে সচল রাখা।
291,DAT 2019-2020,নিচের কোন গ্রন্থিটি ক্যালসিয়াম বিপাকে সহায়তা করে?,প্যারাথাইরয়েড,থাইরয়েড,পিটুইটারি,অ্যাড্রেনাল,A,প্যারাথাইরয়েড গ্রন্থি থেকে নিঃসৃত প্যারাথাইরয়েড হরমোন বা প্যারাথরমোন বা প্যারাথাইরিন এর প্রধান কাজ ক্যালসিয়াম ও ফসফরাসের বিপাক নিয়ন্ত্রণ। এটি বৃক্কে ক্যালসিয়ামের পুনঃশোষণ বাড়িয়ে দিয়ে রক্তে ক্যালসিয়ামের মাত্রা বাড়ায় এবং ফসফেটের মাত্রা কমায়। থাইরয়েড গ্রন্থি নিঃসৃত ক্যালসিটোনিন রক্তে ক্যালসিয়ামের মাত্রা কমায়।
311,DAT 2018-2019,সিফিলিস রোগের জন্য দায়ী নিচের কোনটি?,Treponema pallidum,Neisseria gonorrhoeae,Treponema vagmalis,Trichomonas vaginalis,A,"যৌনবাহিত রোগের জীবাণু:
সিফিলিস → Treponema pallidum
গনোরিয়া → Neisseria gonorrhoeae
এইডস → HIV"
849,MAT 2021-2022,কোন এনজাইম আমিষ পরিপাকে সাহায্য করে?,ল্যাকটেজ,ট্রিপসিন,অ্যামাইলেজ,লাইপেজ,B,"ট্রিপসিন এনজাইম আমিষ পরিপাকে সাহায্য করে। ল্যাকটেজ, অ্যামাইলেজ এনজাইম শর্করা পরিপাকে সাহায্যে করে। লাইপেজ ফ্যাট পরিপাকে সাহায্য করে।"
100,AFMC 2018-2019,নিচের কোন প্রাণীটি ত্রিস্তরী?,অ্যামিবা,কেঁচো,হাইড্রা,ম্যালেরিয়া জীবাণু,B,"ত্রিস্তরী প্রাণীর উদাহরণ: কৃমি, শামুক, অক্টোপাস, কেঁচো,
জোঁক, চিংড়ি, মৌমাছি, ব্যাঙ, হাতি, মানুষ সবাই ত্রিস্তরী প্রাণী।"
490,MAT 2002-2003,শোষিত খাদ্যবস্তুর প্রোটোপ্লাজমে রূপান্তরকে বলে-,পরিপাক,শোষণ,আত্তীকরণ,অধিশোষণ,C,"আত্তীকরণ হলো শোষিত খাদ্যবস্তুর প্রোটোপ্লাজমে রূপান্তরের প্রক্রিয়া।
অন্যান্য অপশন:
পরিপাক — খাদ্যবস্তু গলাধঃকরন ও এনজাইমের সহায়তায় ভাঙ্গন।
শোষণ — খাদ্য পরিপাকের পর রক্তনালীর মাধ্যমে সারা দেহে ছড়িয়ে যাওয়ার প্রক্রিয়া।
অধিশোষণ — কোনো পদার্থের অন্য একটি পদার্থের পৃষ্ঠতলে সঞ্চিত বা কেন্দ্রীভূত হওয়া, অভ্যন্তরে প্রবেশ না করা।"
421,MAT 2016-2017,কোনটি ক্ষুদ্রান্ত্রের অংশ নয়?,ডিওডেনাম,ইলিয়াম,এপেনডিক্স,জেজুনাম,C,ক্ষুদ্রান্ত্রের তিনটি অংশ। যথা- ১) ডিওডেনাম ২) জেজুনাম ৩) ইলিয়াম। আর বৃহদান্ত্রের ৩টি অংশ হলো- ১) সিকাম ২) কোলন ৩) মলাশয়। সিকামের সাথে এপেনডিক্স সংযুক্ত থাকে। এপেনডিক্স একটি নিষ্ক্রিয় অঙ্গ যা উদরীয় টনসিল নামেও পরিচিত।
835,DAT 2021-2022,কোনটি Live attenuated ভ্যাক্সিন?,হাম,হেপাটাইটিস বি,টিটেনাস,ইনফ্লুয়েঞ্জা,A,"মিজলজ (হাম) → Live attenuated vaccine,
হেপাটাইটিস বি → Subunut vaccine,
টিটেনাস → Toxoid vaccine,
ইনফ্লুয়েঞ্জা → Killed or Inactivated vaccine."
766,AFMC 2020-2021,সন্তান প্রসবে কোন হরমোন সাহায্য করে?,অক্সিটোসিন,অক্সিন,টেস্টোস্টেরন,গোনাডোট্রপিন,A,শিশু প্রসব: ৪০তম সপ্তাহে অক্সিটসিন ও প্রোস্টাগ্লান্ডিন হরমোন দুটির সক্রিয়তায় জরায়ুর সংকোচন ঘটে। ফলে শিশু জরায়ু থেকে বাইরে আসতে পারে। এটি ৩টি ধাপে সম্পন্ন হয়।
782,MAT 2017-2018,স্ত্রী রুইমাছ ডিম পাড়ে কখন?,জানুয়ারি-মার্চ মাস,ফেব্রুয়ারি-মে মাস,জুন-আগস্ট মাস,সেপ্টেম্বর-জানুয়ারি মাস,C,স্ত্রী রুইমাছ সাধারণত বর্ষাকাল (জুন-জুলাই) মাসে প্রজননের জন্য তৈরি হয় এবং ডিম পাড়ে।
935,DAT 2021-2022,কোনটি Live attenuated ভ্যাক্সিন?,হাম,হেপাটাইটিস বি,টিটেনাস,ইনফ্লুয়েঞ্জা,A,"মিজলজ (হাম) → Live attenuated vaccine,
হেপাটাইটিস বি → Subunut vaccine,
টিটেনাস → Toxoid vaccine,
ইনফ্লুয়েঞ্জা → Killed or Inactivated vaccine."
982,AFMC 2019-2020,কত BMI কে স্বাভাবিক ওজন হিসেবে ধরা হয়?,25.2-29.1,21.5-23.9,18.5-24.9,10.1-14.8,C,"ওজন (কি.গ্রা.) / উচ্চতা (মিটার) → শ্রেনী
< ১৮.৫০→ওজনহীনতা
১৮.৫০ – ২৪.৯ → স্বাভাবিক
২৫.০০ – ২৯.৯ → ওজনাধিক্য
৩০.০০ – ৩৪.৯ → গ্রেড-১ স্থুলতা
৩৫.০০ – ৩৯.৯→ গ্রেড-২ স্থুলতা
> ৪০.০০ →গ্রেড-৩ স্থুলতা/ রোগ গ্রস্থ চূড়ান্ত পর্যায়ের স্থুলতা"
548,MAT 2010-2011,মানুষের গ্লোমেরুলাসে পরিদ্রুত মূত্র ADH এর প্রভাব ছাড়া নিম্নের (%) কতভাগ পুনঃশোষণ প্রক্রিয়ায় নেফ্রনের প্রক্সিমাল প্যাঁচানো নালিকায় শোষিত হয়?,20,40,60,80,C,"নেফ্রনের প্রক্সিমাল প্যাঁচানো নালিকায় প্রায় 60% পুনঃশোষণ ঘটে, বাকি 40% লুপ অব হেনলি, ডিস্টাল প্যাঁচানো নালিকা ও সংগ্রাহী নালিকায় শোষিত হয়।"
339,DAT 2017-2018,মোলার দাঁতের কাজ কোনটি?,খাবার টুকরা করা ও ছেঁড়া,খাবার টুকরা করা ও পেষণ করা,খাবার চর্বন করা ও পেষণ করা,খাবার ছোঁড়া ও চর্বন করা,B,"মোলার দাঁতের কাজ হচ্ছে খাবার টুকরা করা ও পেষণ করা, যা খাবারের পরিপাক প্রক্রিয়ায় সহায়তা করে।"
197,AFMC 2021-2022,প্যানক্রিয়াসের আইলেটস অব ল্যাঙ্গার হ্যান্স এর কোন কোষ (Cells) থেকে ইনসুলিন নিঃসৃত হয়?,আলফা কোষ,ডেলটা কোষ,পিপি কোষ,বিটা কোষ,D,আলফা কোষ থেকে গ্লুকাগন এবং বিটা কোষ থেকে ইনসুলিন নিঃসৃত হয়।
970,MAT 2020-2021,গ্রোথ হরমোন কোথায় তৈরি হয়?,Thalamus,Hypothalamus,Adrenal gland,Pituitary gland,D,"অগ্র পিটুইটারি গ্রন্থি থেকে বৃদ্ধিপোষক হরমোন (STH) বা Growth hormone তৈরি ও নিঃসৃত হয়। অগ্র পিটুইটারি গ্রন্থি থেকে আর যে সব হরমোন নিঃসৃত হয়- Prolactin, LH, ACTH, TSH, FSH ।"
354,DAT 2016-2017,সেরেব্রামের দুটি খণ্ডকে সংযোগকারী স্নায়ু গুচ্ছের নাম-,কর্পাস অ্যালবিকান্স,কর্পাস অ্যাটরেটিকাম,কর্পাস ক্যালোসাম,কর্পাস লুটিয়াম,C,কর্পাস ক্যালোসাম সেরেব্রামের দুটি খণ্ডকে সংযুক্ত করে।
572,MAT 2009-2010,নিম্নের কোন অস্থিতে মজ্জা গহ্বর নাই?,ইশ্চিয়াম,স্টার্নাম,কারপাল,ক্ল্যাভিকল,D,"ক্ল্যাভিকল অস্থিতে মজ্জা গহ্বর থাকে না, এটি পরিবর্তিত দীর্ঘ অস্থি।"
94,AFMC 2019-2020,দেহের ভারসাম্য রক্ষা করে কোনটি?,বহিঃকর্ণ,অন্তঃকর্ণ,মধ্যাকর্ণ,কোনটিই নয়,B,
353,DAT 2016-2017,পাকস্থলিতে কোন করোটিক স্নায়ুর কার্যক্রম বিদ্যমান?,অপটিক,অডিটরি,ভেগাস,অকুলোমোটর,C,"ভেগাস স্নায়ু স্বরযন্ত্র, হৃৎপিণ্ড, পাকস্থলি ও ফুসফুসে কার্যক্রম পরিচালনা করে।"
127,AFMC 2017-2018,মুখমন্ডলীয় অস্থিতে প্যালেটিন এর সংখ্যা কত?,৫,২,১,৮,B,মুখমন্ডলীয় অস্থিতে প্যালেটিন আছে-২টি
202,AFMC 2021-2022,শ্বসনতন্ত্রের উৎপত্তি কোথা থেকে হয়?,Endoderm,Ectoderm,Mesoderm,Teloderm,A,শ্বসনতন্ত্রের উৎপত্তি এন্ডোডার্ম থেকে হয়।
154,DAT 2024-2025,পূর্ণবয়স্ক সুস্থ মানুষের দু'টি ফুসফুসে আলভিওলাসের সংখ্যা কত?,২৫০ মিলিয়ন,৫০০ মিলিয়ন,৩০০ মিলিয়ন,৭০০ মিলিয়ন,D,"নবজাতক শিশুর ফুসফুসে ২০ মিলিয়ন, ৮ বছরের শিশুর ৩০০ মিলিয়ন এবং একজন পূর্ণবয়স্ক মানুষের ফুসফুসে প্রায় ৭০০ মিলিয়ন অ্যালভিওলাই থাকে।"
990,AFMC 2019-2020,গ্রন্থিরাজ বলা হয় কোনটিকে?,শুক্রাশয়,অগ্নাশয়,পিটুইটারি,লালা,C,"পিটুইটারি গ্রন্থি মস্তিষ্কের নিচের অংশে অবস্থিত। দেহের সবচেয়ে বেশি গুরুত্বপূর্ণনালিবিহীন গ্রন্থি হলেও এটি আকারে সবচেয়ে ক্ষুদ্র। এই গ্রন্থি থেকে গোনাডোট্রপিক, সোমাটোট্রপিক, থাইরয়েড উদ্দীপকে হরমোন, এডরেনোকর্টিকোট্রপিন ইত্যাদি হরমোন নিঃসৃতসৃ হয়। এই গ্রন্থি থেকে নিঃসৃতসৃ হরমোন সংখ্যায় যেমন বেশি, অপরদিকে অন্যান্য গ্রন্থির ওপর এসব হরমোনের প্রভাবও বেশি। এজন্য পিটুইটারি গ্রন্থিকে প্রধান/প্রভু গ্রন্থি বলা হয়।"
257,MAT 2019-2020,আন্তঃকশেরুকা চাকতিতে কী ধরনের তরুণাস্থি পাওয়া যায়?,স্থিতিস্থাপক তরুণাস্থি,চুনময় তরুণাস্থি,শ্বেত-তত্ত্বময় তরুণাস্থি,স্বচ্ছ তরুণাস্থি,C,"স্থিতিস্থাপক: বহিঃকর্ণ বা পিনা, ইউস্টেশিয়ান নালি, এপিগ্লটিস প্রভৃতি।
চুনময়: হিউমেরাস ও ফিমারের মস্তক।
শ্বেত-তত্ত্বময়: দুটি কশেরুকার মধ্যবর্তী অঞ্চল।
স্বচ্ছ: স্তন্যপায়ীর নাক, শ্বাসনালি, স্বরযন্ত্র এবং ব্যাঙ ও হাঙরের ভ্রূণ বা পরিণত দেহ প্রভৃতি।"
101,AFMC 2018-2019,রক্তে গ্লুকোজের মাত্রা নিয়ন্ত্রণে কোন সংবহনতন্ত্রের ভূমিকা রয়েছে?,পালমোনারি,সিস্টেমিক,যকৃত পোর্টালতন্ত্র,বৃক্কীয় পোর্টালতন্ত্র,C,"যকৃত পোর্টাল তন্ত্রের তাৎপর্য বা কাজ:
১. পরিপাককৃত ও রক্ত কর্তৃক শোষিত খাদ্যসার পোর্টালতন্ত্রের মাধ্যমে
যকৃতে পৌছালে ইনসুলিন নামক হরমোনের প্রভাবে রক্ত থেকে
অতিরিক্ত গ্লুকোজ যকৃত শোষণ করে এবং জমা রাখে।
২. আবার রক্তে গ্লুকোজের মাত্রা কমে গেলে হরমোনের প্রভাবে যকৃত
কোষ থেকে সঞ্চিত গ্লুকোজ পোর্টালতন্ত্রের কৈশিকনালির মাধ্যমে
রক্তস্রোতে আসে। এভাবে যকৃত পোর্টালতন্ত্র রক্তে গ্লুকোজের মাত্রা
নিয়ন্ত্রণ করে।"
234,MAT 2019-2020,কোষের কোথায় ক্রেবস চক্র (Krebs cycle) সংঘটিত হয়?,Cytoplasm,Ribosome,Mitochondria,Chloroplast,C,"ক্রেবস চক্র শ্বসনের একটি ধাপ যা মাইটোকন্ড্রিয়ার ম্যাট্রিক্সে সংঘটিত হয়। Sir Hans Adolf Krebs এটি আবিষ্কার করেন। গ্লাইকোলাইসিস ছাড়া শ্বসনের সবকটি বিক্রিয়া (ক্রেবস চক্র, ETS/ অক্সিডেটিভফসফোরাইলেশন) মাইটোকন্ড্রিয়ায় ঘটে থাকে।"
996,DAT 2021-2022,কোন কোষ বিভাজন পদ্ধতিতে RBC তৈরি হয়?,synopsis,mitosis,meiosis,amitiosis,B,মাইটোসিস পদ্ধতিতে লোহিত রক্তকণিকা তৈরী হয়।
848,MAT 2021-2022,কোনটি autosomal recessive disorder?,থ্যালাসেমিয়া,লাল-সবুজ বর্ণান্ধতা,রাতকানা,হিমোফিলিয়া,A,"লাল-সবুজ বর্ণান্ধতা, রাতকানা, হিমোফিলিয়া- Sex-linked disorder. থ্যালাসেমিয়া- autosomal recessive disorder."
493,MAT 2011-2012,নিম্নের কোন অঙ্গে লোহিত কণিকা ধ্বংস হয়?,প্লীহা,যকৃত,পাকস্থলী,বৃক্ক,"A,B","লোহিত কণিকার উৎপত্তি জন্মের একমাস পূর্বে যকৃত ও প্লীহায় হয়। জন্মের পর লোহিত অস্থিমজ্জা, হিউমেরাস ও ফিমারের মস্তক, কশেরুকা, পশুর্কা, করোটির চ্যাপ্টা অস্থিতে উৎপন্ন হয়।
লোহিত কণিকা ধ্বংস হয় মূলত যকৃত ও প্লীহায়।"
802,MAT 2024-2025,কোন এন্টিবডি প্রধানত এলার্জির সাথে সংশ্লিষ্ট?,IgA,IgM,IgG,IgE,D,"IgE → এটি দুর্লভ Ig, প্রদাহ সাড়া সক্রিয় করে, অ্যালার্জিক সাড়াদানে নেতিবাচক ভূমিকা রাখে।
IgG → গর্ভাবস্থায় অমরা অতিক্রম করে।
IgA → মায়ের বুকের দুধের মাধ্যমে শিশুতে স্থানান্তরিত হয়।"
621,MAT 2009-2010,নিম্নের কোনটি হৃদপিন্ডের সংকোচনের শক্তিকে বাড়ায়?,ইনসুলিন,ভেগাস,এডরেনালিন,প্যারাথরমোন,C,এডরেনালিনকে আপদকালীন হরমোন বলা হয়। এটি হৃদস্পন্দন বৃদ্ধি করে ও হৃদপিণ্ডের সংকোচনের শক্তি বাড়ায়।
559,MAT 1990-1991,হিউমেরাস কোন অস্থিটিকে বলা হয়?,অগ্রপদের অস্থি,হাতের অস্থি,বাহুর অস্থি,পায়ের অস্থি,C,হিউমেরাস হচ্ছে বাহুর অস্থি। এটি ঊর্ধ্ব বাহুর একক বৃহৎ অস্থি।
523,MAT 2006-2007,ব্রঙ্কিয়াল নালীগুলোর কোনটি সঠিক পর্যায়ক্রম?,মুখ্য ব্রংকাই- ব্রঙ্কিওল- গৌণ ব্রঙ্কাই- শ্বসন ব্রঙ্কিওল- প্রান্তীয় ব্রঙ্কিওল- অ্যালভিওলার থলি- অ্যালভিওলার নালী- অ্যালভিওথলি,মুখ্য ব্রংকাই- ব্রঙ্কিওল- গৌণ ব্রঙ্কাই- শ্বসন ব্রঙ্কিওল- প্রান্তীয় ব্রঙ্কিওল- অ্যালভিওলার নালী- অ্যালভিওলার থলি- অ্যালভিওলি,মুখ্য ব্রংকাই- গৌণ ব্রঙ্কাই- ব্রঙ্কিওল- শ্বসন ব্রঙ্কিওল- প্রান্তীয় ব্রঙ্কিওল- অ্যালভিওরার নালী- অ্যালভিওলার থলি- অ্যালভিওলি,মুখ্য বঙ্কাই- গৌণ ব্রঙ্কাই- ব্রঙ্কিওল- প্রান্তীয় ব্রঙ্কিওল- শ্বসন ব্রঙ্কিওল- অ্যালভিওলার নালী- অ্যালভিওলার থলি- অ্যালভিওলি,B,শ্বসন বৃক্ষের পর্যায়ক্রম: ট্রাকিয়া → Primary (মুখ্য) ব্রঙ্কাস → Secondary (গৌণ) ব্রঙ্কাস → Tertiary (সেগমেন্টাল) ব্রঙ্কাস → ব্রঙ্কিওল → টার্মিনাল ব্রঙ্কিওল → শ্বসন ব্রঙ্কিওল → অ্যালভিওলার নালী → অ্যালভিওলার থলি → অ্যালভিওলি।
789,MAT 2016-2017,প্রাপ্তবয়স্ক মানুষের মস্তিষ্কে নিউরনের সংখ্যা কত?,১০ মিলিয়ন,১০ কোটি,১০ বিলিয়ন,১০ লক্ষ,C,"মানব মস্তিষ্কের বৈশিষ্ট্য:
ওজন: প্রায় ১.৩৬ কেজি
আয়তন: প্রায় ১৫০০ ঘন সেন্টিমিটার
নিউরন সংখ্যা: প্রায় ১০০ বিলিয়ন (১ লক্ষ কোটি)"
541,MAT 2003-2004,প্রতিটি বৃক্কে নেফ্রন থাকে-,প্রায় ৮ থেকে ৯ লক্ষ,প্রায় ১২ থেকে ১৪ লক্ষ,প্রায় ১০ থেকে ১২ লক্ষ,প্রায় ১৩ থেকে ১৫ লক্ষ,C,প্রতিটি বৃক্কে প্রায় ১০ লক্ষ থেকে ১২ লক্ষ নেফ্রন থাকে।
792,MAT 2016-2017,"কনে হিমোফিলিয়া বাহক, বর সুস্থ, এদের সন্তানদের ক্ষেত্রে কোনটি মিথ্যা?",পুত্রদের অর্ধেক সুস্থ হবে,পুত্রদের সবাই সুস্থ হবে,পুত্রদের অর্ধেক হিমোফিলিয়ায় আক্রান্ত হবে,কন্যাদের অর্ধেক বাহক হবে,B,"স্বাভাবিক পুরুষ (XᴴY) × বাহক মহিলা (XᴴXʰ) হলে:
সন্তানের সম্ভাব্য জিনোটাইপ → ধরন
XᴴXᴴ →স্বাভাবিক কন্যা
XᴴXʰ →বাহক কন্যা
XᴴY →স্বাভাবিক পুত্র
XʰY → হিমোফিলিক পুত্র"
462,MAT 2014-2015,স্বাভাবিক মূত্রের বর্ণ হালকা হলুদ হয় কিসের উপস্থিতিতে?,বিলিভারডিন,ইউরোক্রোম,বিলিরুবিন,অ্যামোনিয়া,B,"ইউরোক্রোম এর প্রভাবে মূত্র স্বাভাবিক রং হালকা হলুদ (খড় রং) হয়।
 অন্যান্য অপশন সম্পর্কিত তথ্য:
বিলিরুবিন এর প্রভাবে মূত্রের বর্ণ হলুদ হয় (যখন জন্ডিস হয়)।
ইউরিনোড এর উপস্থিতির জন্য মূত্রের ঝাঁঝালো গন্ধ থাকে।"
907,MAT 2024-2025,পেসমেকারের কাজ কি?,রক্তকে তরল রাখে,রক্ত সঞ্চালন বৃদ্ধি করে,হৃদরোগ প্রতিরোধ করে,হৃদস্পন্দনের ধীরগতি নিয়ন্ত্রণ করে,D,হার্ট এটাক ঘটতে পারে এমন ধীর হৃৎস্পন্দন কিংবা হার্ট সার্জারির সময় জরুরী ভিত্তিতে অস্থায়ী পেসমেকার ব্যবহার করা হয়। পেসমেকার ব্যবহারে সব ধরণের অ্যারিথমিয়ার হাত থেকে রক্ষা পাওয়া যায়।
225,MAT 2019-2020,মানবদেহের রক্তে কোন বাফার দ্রবণ (buffer solution) থাকে?,NaHCO₃ and H₂CO₃,NH₄Cl and NH₄OH,CH₃COONa and CH₃COOH,Na₂HPO₄ and H₃PO₄,A,"মানবদেহের রক্তে তিন ধরনের বাফার সিস্টেম থাকে। যথা- বাইকার্বোনেট বাফার, ফসফেট বাফার ও প্রোটিন বাফার। হিমোগ্লোবিন উৎকৃষ্ট বাফাররূপে রক্তের 'বাইকার্বনেট-কার্বনিক এসিড বাফার'-এর সামান্য (2%) নিয়ন্ত্রণ করে। ফসফেট বাফার সিস্টেম হলো আন্তঃকোষীয় বাফার। আর, প্রোটিন বাফার সিস্টেমটি প্লাজমা প্রোটিন ও হিমোগ্লোবিন প্রোটিন সমন্বয়ে গঠিত।"
499,MAT 1988-1989,মানবদেহে রোগ প্রতিরোধক হিসাবে কাজ করে কোনটি?,হিমোগ্লোবিন,শ্বেতকণিকা,লোহিত কণিকা,অনুচক্রিকা,B,শ্বেত রক্তকণিকাকে আণুবীক্ষনিক সৈনিকও বলা হয়।
504,MAT 2013-2014,হৃদপিন্ডের ডান অলিন্দ ও ডান নিলয়ের সংযোগ স্থলের কপাটিকার নাম-,মাইট্রাল কপাটিক,ট্রাইকাসপিড কপাটিকা,পালামোনারী কপাটিকা,অ্যাওর্টিক কপাটিকা,B,"মানুষের হৃৎপিণ্ডের বিভিন্ন কপাটিকার অবস্থান:
ট্রাইকাসপিড কপাটিকা: ডান অলিন্দ ও ডান নিলয়ের সংযোগস্থলে
বাইকাসপিড বা মাইট্রাল কপাটিকা: বাম অলিন্দ ও বাম নিলয়ের সংযোগস্থলে
সেমিলুনার ভাল্ব: পালামোনারি কপাটিকা: ডান নিলয় ও পালমোনারি ধমনির সংযোগস্থলে
সেমিলুনার ভাল্ব: অ্যাওর্টিক কপাটিকা: বাম নিলয় ও অ্যাওর্টার সংযোগস্থলে
থিবেসিয়ান কপাটিকা: করোনারি সাইনাস ও ডান অলিন্দের সংযোগস্থলে
ইউস্টেশিয়ান কপাটিকা: ইনফেরিয়র ভেনাক্যাভা ও ডান অলিন্দের সংযোগস্থলে"
656,MAT 2005-2006,নিচের কোনটি গ্যামিটোজেনেসিসের জন্য সঠিক নয়?,শুক্রাণু-নিউক্লিয়াসের সম্মুখ প্রান্তে গলগি বডি থেকে অ্যাক্রোসোম সৃষ্টি হয়,ব্যাঙের সাইটোপ্লাজমসহ ডিম্বাণু নিউক্লিয়াসটি কুসুম থেকে পৃথক হয়ে ডিম্বাণুর নিম্নপ্রান্ত জুড়ে থাকে,স্পার্মাটোজেনেসিসে হ্যাপ্লয়েড ক্রোমোসোম সেটের DNA অপরিবর্তিত থাকে,প্রত্যেকটি উওগোনিয়াম ডিপ্লয়েড (2n) সংখ্যক ক্রোমোসোম বহন করে,B,ব্যাঙের ডিম্বাণুতে নিউক্লিয়াস ও সাইটোপ্লাজম পৃথক হয় না। বাকি অপশনগুলো গ্যামিটোজেনেসিসের বৈশিষ্ট্য সঠিকভাবে ব্যাখ্যা করে।
866,MAT 2020-2021,ভ্রূণে লোহিত কণিকাসমূহ নিম্নের কোথায় তৈরি হয়?,থাইমাস,অগ্ন্যাশয়,প্লীহা,অস্থি মজ্জা,"A,C","ভ্রূণীয় জীবনে লোহিত কণিকাসমূহ কুসুম থলি (৩ সপ্তাহ বয়সে) যকৃত, প্লীহা ও থাইমাস (৬ মাস বয়স পর্যন্ত) থেকে উৎপন্ন হয়। আর, ভূমিষ্ট হওয়ার সময় থেকে পশুকা, কশেরুকা, স্টার্নাম ও শ্রোণিচক্রের লাল অস্থিমজ্জায় অবস্থিত বড় নিউক্লিয়াসযুক্ত এরিথ্রোব্লাস্ট নামক স্টেমকোষ থেকে অবিরাম লোহিত কণিকা সৃষ্টি হয়।"
492,MAT 2012-2013,রক্তের pH নির্ভর করে যার উপর-,এন্টিজেন,বাফার,রক্তের গ্রুপ,এন্টিবডি,B,"রক্তের স্বাভাবিক pH ৭.৪। এর থেকে ০.৫ কম বা বেশি হলে জীবনহানী হতে পারে। এই সীমিত সীমার মধ্যে রক্তের pH নিয়ন্ত্রিত হয় বিভিন্ন বাফার দ্বারা, যেমন- বাইকার্বোনেট বাফার, ফসফেট বাফার, হিমোগ্লোবিন বাফার ইত্যাদি।"
273,DAT 2020-2021,ক্রোমাটোগ্রাফির (Chromatography) কয়টি পর্যায় (Phase) আছে?,02,04,01,03,A,ক্রোমাটোগ্রাফির ২টি পর্যায় আছে। যথা: ১. স্থির দশা ও ২। চলনশীল দশা।
13,MAT 2024-2025,পেসমেকারের কাজ কি?,রক্তকে তরল রাখে,রক্ত সঞ্চালন বৃদ্ধি করে,হৃদরোগ প্রতিরোধ করে,হৃদস্পন্দনের ধীরগতি নিয়ন্ত্রণ করে,D,হার্ট এটাক ঘটতে পারে এমন ধীর হৃৎস্পন্দন কিংবা হার্ট সার্জারির সময় জরুরী ভিত্তিতে অস্থায়ী পেসমেকার ব্যবহার করা হয়। পেসমেকার ব্যবহারে সব ধরণের অ্যারিথমিয়ার হাত থেকে রক্ষা পাওয়া যায়।
466,MAT 2014-2015,মোটর প্রকৃতির স্নায়ু কোনটি?,হাইপোগ্লোসাল,ফেসিয়াল,ভেগাস,অপথ্যালমিক,A,"মোটর বা চেষ্টীয় স্নায়ু → ৩, ৪, ৬, ১১, ১২।
অন্যান্য অপশন সম্পর্কিত তথ্য:
Mixed বা মিশ্র স্নায়ু → বাকি সব স্নায়ু।
Sensory বা সংবেদী স্নায়ু → ১, ২, ৮।"
743,MAT 2015-2016,কোন চক্রের মাধ্যমে যকৃতে ইউরিয়া তৈরি হয়?,ক্রেবস চক্র,নাইট্রোজেন চক্র,অরনিথিন চক্র,কার্বন চক্র,C,"যকৃতে ইউরিয়া উৎপন্ন হয় অরনিথিন চক্রের মাধ্যমে।
অন্যান্য অপশন সম্পর্কিত তথ্য:
ডিঅ্যামিনেশন প্রক্রিয়ায় ইউরিয়া তৈরি হয়।"
914,MAT 2022-2023,Mollusca এর ক্ষেত্রে কোনটি সঠিক?,নরম কিউটিকুলার এপিডার্মিস দ্বারা আবৃত,নরম ও অখন্ডায়িত,প্রতি খন্ডে নেফ্রিডিয়া বিদ্যমান থাকে,দেহাভ্যন্তরে কেন্দ্রীয় গহ্বর বিদ্যমান,B,"Mollusca নরম মাংসল, অখন্ডকায়িত Annelida নরম কিউটিকলে আবৃত এবং এর প্রতিটি খণ্ডে নেফ্রিডিয়া থাকে।"
833,DAT 2021-2022,কোনটি প্লাজমা প্রোটিন নয়?,ক্রিয়েটিনিন,ফাইব্রিনোজেন,অ্যালবুমিন,গ্লোবুলিন,A,"ক্রিয়েটিনিন → নাইট্রোজেনঘটিত রেচন পদার্থ,
ফাইব্রিনোজেন, অ্যালবুমিন, গ্লোবুলিন → প্লাজমা প্রোটিন।"
316,DAT 2018-2019,নিচের কোনটি সমগোত্রীয় পাখির উদাহরণ নয়?,চড়ুই,চামচঠোঁই কাদাখোচা,হিমালয়ান পার্টিজ,গোল্ডেন প্লোভার,A,"চামচ ঠোঁটি কাদাখোচা, হিমালয়ান পার্টিজ, গোল্ডেন প্লোভার, এবং আর্কটিক টার্ন → পরিযায়ী পাখি।"
214,AFMC 2016-2017,কোন পর্বের প্রাণিদের Plannula লার্ভা দশা রয়েছে?,Nematoda,Cnidaria,Platyhelminthes,Porifera,B,Cnidaria পর্বের প্রাণীদের Plannula নামক সিলিয়াযুক্ত লার্ভা দশা রয়েছে।
624,MAT 2008-2009,নিম্নে উল্লেখিত কোনটি থেকে টেস্টোস্টেরণ হরমোন নিঃসৃত হয়?,শুক্রাণু মাতৃকোষ,সারটলি কোষ,ইন্টারস্টিশিয়াল কোষ,প্রোস্টেট গ্রন্থি,C,পুরুষদের টেস্টিসের ইন্টারস্টিশিয়াল কোষ (লেডিগ কোষ) থেকে টেস্টোস্টেরন হরমোন নিঃসৃত হয়। এটি পুরুষত্বের বৈশিষ্ট্য উন্নত করে।
512,DAT 2008-2009,নিম্ন প্রদত্ত কোন ধমনিটির উৎপত্তি এ্যাওর্টার বাঁক থেকে হয় না?,বাম সাধারণ ক্যারোটিকড,ইনোমিনেট,বামস বিক্রেভিয়ান,ডান সাধারণ ক্যারোটিড,D,"ডান সাধারণ ক্যারোটিডের উৎপত্তি ইনোমিনেট অ্যার্টারি থেকে হয়, যা এ্যাওর্টার বাঁক থেকে উৎপন্ন হয় না। ডান সাধারণ ক্যারোটিড এবং ডান সাবক্লেভিয়ান এর উৎপত্তি ইনোমিনেট যা ব্রাকিওসেফালিক অ্যার্টারি থেকে।
Aortic Arch এর শাখা:
Brachiocephalic trunk/Innominate artery
Left common carotid artery
Left subclavian artery"
217,AFMC 2016-2017,আইলেটস অব ল্যাঙ্গারহ্যানস এর কোষ নয় কোনটি?,আলফা,বিটা,ডেল্টা,গামা,D,"আইলেটস অব ল্যাঙ্গারহ্যানস-এর প্রধান কোষগুলো হলো—
বিটা কোষ: ইনসুলিন উৎপাদন করে (৫০-৮০%)
আলফা কোষ: গ্লুকাগন উৎপাদন করে (১৫-২০%)
ডেল্টা কোষ: সোমাটোস্ট্যাটিন উৎপাদন করে (৩-১০%)
পিপি কোষ: অগ্ন্যাশয়িক পলিউপেপ্টাইড উৎপাদন করে (১%)
গামা কোষ এদের মধ্যে অন্তর্ভুক্ত নয়।"
581,DAT 2010-2011,কোন এনজাইম স্নায়ু উদ্দীপনা পরিবহনে গুরুত্বপূর্ণ ভূমিকা পালন করে?,অ্যাসিটাইলকোলিন এস্টারেজ,মেটালোপ্রোটিন কাইনেজ,ক্ষারীয় ফসফাটেজ,লাইসোজাইম,A,"অ্যাসিটাইলকোলিন এস্টারেজ এনজাইম স্নায়ু উদ্দীপনার অবসান ঘটাতে গুরুত্বপূর্ণ ভূমিকা রাখে, যা স্নায়ুতন্ত্রের সঠিক কার্যকারিতার জন্য অপরিহার্য।"
51,MAT 2021-2022,কেঁচো কোন অঙ্গের মাধ্যমে শ্বাসপ্রশ্বাস নেয়?,হৃদপিন্ড,ফুলকা,ত্বক,ফুসফুস,C,Annelida (কেঁচো)- সিক্ত দেহত্বক দ্বারা শ্বসন সম্পন্ন হয়।
918,MAT 2022-2023,মায়োফাইব্রিলে কি ধরনের আমিষ থাকে?,অ্যাকটিন এবং মায়োসিন,অ্যাকটিন এবং জিলাটিন,মায়োসিন এবং ইলাস্টিন,কোলাজেন এবং মায়োসিন,A,মায়োফাইব্রিলে গুলো অ্যাকটিন ও মায়োসিন নামক প্রোটিন দিয়ে নির্মিত।
373,MAT 2018-2019,চোখের রেটিনার ভিতর সবচেয়ে আলোক সংবেদী অংশের নাম কী?,অন্ধ বিন্দু,আলোক বিন্দু,পীত বিন্দু,সাদা বিন্দু,C,"চোখের রেটিনার ভিতর অন্ধবিন্দুর কাছাকাছি একটি অংশে প্রচুর কোণ কোষ থাকে, যাকে পীতবিন্দু (ফোবিয়া সেন্ট্রালিস) বলে। এটি সবচেয়ে আলোক সংবেদী অংশ, তাই এখানে সবচেয়ে ভালো প্রতিবিম্ব সৃষ্টি হয়।
অন্ধবিন্দু (Blind Spot): যেখানে অপটিক স্নায়ু গঠিত হয় এবং কোনো রড বা কোণ কোষ থাকে না, তাই এটি আলোক সংবেদী নয়।"
56,MAT 2021-2022,কোন পদ্ধতিতে কোভিড ১৯ ভ্যাক্সিন প্রস্তুত করা হয় না?,উপএকক (Subunit vaccine),নিষ্ক্রিয় (Inactivated),এমআরএনএ (mRNA),বিষভিত্তিক (Toxoid),D,"উপএকক, নিষ্ক্রিয়, এমআরএনএ, প্রতিলিপিহীন ভাইরাল ভেক্টর, প্রোটিনের অংশ, ডিএনএ, ভাইরাসের ন্যায় বস্তু, প্রতিলিপি সক্ষম ভাইরাল ভেক্টর, অবনমিত ভাইরাস পদ্ধতিতে কোভিড ১৯ ভ্যাক্সিন প্রস্তুত করা হয়। বিষভিত্তিক (Toxoid) পদ্ধতিতে - Diptheria, Pertusis, Tetanus (DPT) ভ্যাক্সিন প্রস্তুত করা হয়।"
952,MAT 2020-2021,Alveolus থেকে অক্সিজেন রক্তে কিভাবে প্রবেশ করে?,Osmosis,Respiration,Transpiration,Diffusion,D,Diffusion বা ব্যাপন প্রক্রিয়ায় Alveolus এ ০₂ ও CO₂ গ্যাসের বিনিময় ঘটে।
538,DAT 2004-2005,রেচনতন্ত্রের নিচের কোনটি ইউরেটার নামক নালি গঠন করে?,ডাক্ট অব বেলিনি,সংগ্রাহক নালিকা,ডিস্টাল নালিকা,হেনলির লুপ,B,"ইউরেটার সংগ্রাহক নালিকা থেকে গঠিত হয়, যা মূত্রকে বৃক্ক থেকে মূত্রথলিতে পরিবহণ করে।"
463,MAT 2014-2015,নিচের কোনটি ক্লাভিকলের বৈশিষ্ট্য?,এটি একটি বাঁকানো অস্থি,একপ্রান্ত হিউমারাসের সাথে যুক্ত থাকে,এটি একটি খাঁটো অস্থি,এটি অস্থির মজ্জা গহবর আছে,A,"ক্ল্যাভিকল দেখতে ইটালিক 'f' এর মতো বাঁকা অস্থি। এটি একটি দেহ ও দুটি প্রান্ত, যথা স্টার্নাম এবং অ্যাক্রোমিয়াল প্রসেস নিয়ে গঠিত।
অন্যান্য অপশন সম্পর্কিত তথ্য:
মানুষের বক্ষ অস্থিচক্র ২ জোড়া অস্থি নিয়ে গঠিত, যথা একজোড়া ক্ল্যাভিকল ও একজোড়া স্ক্যাপুলা।"
774,MAT 2017-2018,মানব দেহে নিষেক প্রক্রিয়া কোথায় সংঘটিত হয়?,জরায়ু,ডিম্বনালি,ডিম্বাশয়,সারভিক্স,B,নিষেক প্রক্রিয়া ডিম্বনালিতে সংঘটিত হয়।
770,AFMC 2020-2021,কোনটি সেক্স লিংকড ডিসঅর্ডার নয়?,ডায়াবেটিক ম্যালিটাস,হিমোফিলিয়া,বর্ণান্ধতা,সবগুলো,A,"মানুষের যেসব জিন নিয়ন্ত্রিত বংশগত রোগ সেক্স ক্রোমোজোমের (X ও Y) মাধ্যমে বংশ পরম্পরায় সঞ্চারিত হয়, তাদের সেক্স-লিঙ্কড ডিসঅর্ডার বা অস্বাভাবিকতা বলে।
ডায়াবেটিক ম্যালিটাস বংশগত নয়, তবে ডায়াবেটিক ইনসিপিডাস বংশগত।"
125,MAT 2023-2024,কোন পর্বের প্রাণীতে র ্যাবডিটিফর্ম লার্ভা দশা দেখা যায়?,Nematoda,Platyhelminthes,Echinodermata,Arthropoda,A,নেমাটোডা পর্ব -> প্রাণীতে র‍্যাবডিটিফর্ম লার্ভা দশা। নিডারিয়া পর্ব -> প্রানুলা লার্ভা দশা। অ্যানিলিডা পর্ব -> ট্রোকোফোর লার্ভা দশা
594,MAT 2007-2008,নিম্নের কোনটি অগ্রমস্তিস্কের অংশ নয়?,সেরেব্রাম,সেরেবেলাম,থ্যালামাস,হাইপোথ্যালামাস,B,"অগ্রমস্তিষ্কের অংশ তিনটি — সেরেব্রাম, থ্যালামাস এবং হাইপোথ্যালামাস। সেরেবেলাম মধ্যমস্তিষ্কের নিচে অবস্থিত এবং এটি অগ্রমস্তিষ্কের অংশ নয়।"
752,MAT 2014-2015,নিচের কোনটি ভ্রূণীয় এক্টোডার্ম স্তর থেকে তৈরি হয়?,লোহিত কণিকা,থাইমাস,কেন্দ্রীয় স্নায়ুতন্ত্র,অস্থি সন্ধি,C,"তিনটি ভ্রূণীয় স্তর ও তাদের পরিণতি:
ভ্রূণীয় স্তর → পরিণতি
এক্টোডার্ম → ত্বক, চুল, নখ, স্নায়ুতন্ত্র, চোখের অংশ, পায়ুর আবরণ
মেসোডার্ম → কঙ্কাল, পেশি, রক্ত, লসিকা, যোজক কলা, জনন ও রেচনতন্ত্র
এন্ডোডার্ম → পাকস্থলী, অন্ত্র, শ্বাসতন্ত্র, থাইরয়েড, থাইমাস, অগ্ন্যাশয়, যকৃত"
153,DAT 2024-2025,ট্রিপসিন জারকের জন্যে সঠিক কোনটি?,এন্টারোকাইনেজের উপস্থিতিতে সক্রিয় হয়,লিপিডের উপর কাজ করে,হাইড্রোক্লোরিক এসিডের মাধ্যমে সক্রিয় হয়,পাকস্থলিতে নিঃসৃত হয়,A,"ট্রিপসিন অগ্ন্যাশয় থেকে নিঃসৃত হয়, এন্টারোকাইনেজের উপস্থিতিতে সক্রিয় হয়, প্রোটিনের উপর কাজ করে, কাইমোট্রিপসিনোজেনকে সক্রিয় করে।"
901,MAT 2024-2025,কোন চক্রের মাধ্যমে যকৃতে ইউরিয়া তৈরী হয়?,কার্বন চক্র,অরনিথিন চক্র,ক্রেবস চক্র,নাইট্রোজেন চক্র,B,"অরনিথিন চক্র এ প্রক্রিয়ায় যকৃত অত্যন্ত বিষাক্ত NH3 কে শর্করা বিপাকে সৃষ্ট CO2 এর সাথে যুক্ত করে ইউরিয়া তৈরি করে, যা মূত্ররূপে দেহ হতে নিষ্কাশিত হয়। NH3 + CO2 → ইউরিয়া।"
188,AFMC 2021-2022,কোন প্রক্রিয়ায় RNA হতে DNA তৈরি হয়?,রিভার্স ট্রান্সক্রিপশন,ট্রান্সলেশন,ট্রান্সক্রিপশন,রেপ্লিকেশন,A,বিভার্স ট্রান্সক্রিপশন প্রক্রিয়ায় ভাইরাল RNA থেকে কমপ্লিমেন্টারি DNA তৈরী করা হয়।
57,MAT 2020-2021,কোনটি ভাইরাস বৃদ্ধিতে বাঁধা দেয়?,Interferon,Lactorine,Lysozyme,Defensin,A,ইন্টারফেরন হলো প্রতিরক্ষামূলক প্রোটিন যা ভাইরাস আক্রান্ত কোষে উৎপন্ন হয়ে ভাইরাসের সংখ্যাবৃদ্ধিতে বাঁধা দেয়। এটি ক্যান্সার আক্রান্ত কোষের বৃদ্ধিতেও বাঁধা দিয়ে থাকে।
62,MAT 2020-2021,কোনটি আমিষ পরিপাককারী (digesting) এনজাইম?,Lipase,Pepsin,Lactase,Isomaltase,B,"Lipase → স্নেহ পরিপাককারী এনজাইম।
Isomaltase, Lactase → শর্করা পরিপাককারী এনজাইম।
Pepsin, Trypsin, Chymotrypsin, Aminopeptidase, Carboxypeptidase, Tri/Di-peptidase প্রভৃতি → আমিষ পরিপাককারী এনজাইম।"
446,MAT 2015-2016,মানুষের নবম জোড়া করোটিক স্নায়ুর নাম কী?,হাইপোগ্লোসাল,স্পাইনাল অ্যাকসেসরি,অ্যাবডুসেন্স,গ্লাসোফ্যারিঞ্জিয়াল,D,"গ্লসোফ্যারিঞ্জিয়াল স্নায়ু নবম করোটিক স্নায়ু।
 অন্যান্য অপশন সম্পর্কিত তথ্য:
অ্যাবডুসেন্স স্নায়ু ষষ্ঠ করোটিক স্নায়ু
হাইপোগ্লোসাল স্নায়ু → ১২তম করোটিক স্নায়ু
স্পাইনাল অ্যাকসেসরি স্নায়ু ১১তম করোটিক স্নায়ু"
545,MAT 1989-1990,বৃক্কে বিদ্যমান-,নেফ্রন,নিউরন,মূত্রথলি,ল্যাঙ্গারহ্যান্স এর দ্বীপপুঞ্জ,A,বৃক্কের গাঠনিক ও কার্যকরী একক হচ্ছে নেফ্রন।
973,AFMC 2019-2020,দ্বিপদ নামকরণের জনক কে?,ক্যারোলাস লিনিয়াস,বেন্থাম হুকার,থিওফ্রাস্টাস,মেন্ডেল,A,"দ্বি-পদ নামকরণের জনক: ১৭৫৮ সালে সুইডিস বিজ্ঞানী ক্যারোলাস লিনিয়াস
প্রাণিদের দ্বিপদ নামকরণের নীতি প্রবর্তন করেন। এ জন্য তাকে দ্বি-পদ নামকরনের
জনক বলা হয়।"
305,AFMC 2015-2016,অ্যানিমাল পোলের ক্ষেত্রে কোনটি সঠিক?,ভ্রূণের অংশে বড় বড় কোষ থাকে,প্রাথমিক জীবাণুস্তর তৈরি করেনা,এতে বৃহৎ পরিমাণে কুসুম কোষ রয়েছে,কোষগুলো অনেক দ্রুত বিভাজিত হয়,D,"উন্নয়ন জীববিজ্ঞানে, ভ্রূণ Animal Pole এবং Vegetal Pole নামে দুই ভাগে বিভক্ত হয়।
Animal Pole এ ছোট ছোট কোষ থাকে এবং দ্রুত বিভাজিত হয়।
Vegetal Pole নিচের অংশে থাকে এবং এতে বেশি পরিমাণে কুসুম কোষ থাকে।"
260,DAT 2020-2021,নিচের কোন হরমোনটি রক্তে সোডিয়ামের মাত্রা নিয়ন্ত্রণ করে?,গ্লুকাগন,অ্যালডোস্টেরন,এনজিওটেনসিন,রেনিন,B,"রেনিন - নিষ্ক্রিয় অ্যানজিওটেনসিনোজেনকে সক্রিয় অ্যানজিওটেনসিনে পরিণত করে।
অ্যানজিওটেনসিন - অ্যাড্রেনাল কর্টেক্স থেকে অ্যালডোস্টেরন ক্ষরণকে উদ্দীপিত করে।
গ্লুকাগন - রক্তে গ্লুকোজের পরিমাণ বৃদ্ধি করে।"
254,MAT 2019-2020,হাইড্রার কোন অংশে নিডোসাইট কোষ সবচেয়ে বেশি থাকে?,দেহ প্রাচীর,কর্ষিকা,দেহ কাণ্ড,পাদ-চাকতি,B,"Hydra-র পাদচাকতি ব্যতীত দেহের সর্বত্র নিডোসাইট কোষ বিদ্যমান থাকে। তবে, কর্ষিকাতে এদের সংখ্যা অধিক।"
666,MAT 2004-2005,ইন্টারফেরনের কাজ নয় কোনটি?,অনাক্রম্যতন্ত্রকে নিয়ন্ত্রণ করা,অ্যান্টিবডি উৎপাদনে বাঁধা দেওয়া,হরমোন উৎপাদনে সাহায্য করা,NK কোষের ক্ষমতা ও বংশবৃদ্ধি করা,C,ইন্টারফেরন হলো ভাইরাস আক্রান্ত কোষ থেকে নিঃসৃত ক্ষুদ্র গ্লাইকোপ্রোটিন। এটি সুস্থ কোষকে ভাইরাস আক্রমণের বিরুদ্ধে প্রতিরোধী করে তোলে। তবে এটি হরমোন উৎপাদনে সাহায্য করে না।
345,DAT 2017-2018,"মানব পিত্তরস সম্বন্ধে নিচের কোন তথ্যটি সঠিক, ইহা-",একটি অম্লীয় তরল,এনজাইম সমৃদ্ধ,পাকস্থলিতে পরিপাকে সহায়তা করে,যকৃতে তৈরি হয়,D,যকৃত কোষ (হেপাটোসাইট) অনবরত পিত্তরস ক্ষরণ করে এবং পিত্তথলিতে জমা রাখে। পিত্তরস ক্ষার জাতীয় তরল পদার্থ। এতে কোন এনজাইম থাকে না। পিত্তরসের সোডিয়াম বাইকার্বনেট উপাদানটি পাকস্থলী থেকে আগত HCI কে প্রশমিত করে ক্ষারীয় পরিবেশ সৃষ্টি করে যা ক্ষুদ্রান্ত্রে বিভিন্ন এনজাইমের কার্যকারিতার জন্য অত্যন্ত প্রয়োজন।
603,MAT 2001-2002,হার্ডেরিয়ান গ্রন্থির অবস্থান যেখানে-,ক্ষুদ্রান্ত,চক্ষু,অ্যাড্রেনাল,অগ্ন্যাশয়,B,হার্ডেরিয়ান গ্রন্থি চোখের সাথে যুক্ত থাকে। এটি চোখের অশ্রুগ্রন্থি এবং চোখের আদ্রতা বজায় রাখতে সাহায্য করে।
128,AFMC 2017-2018,রেটিনার কোন ধরনের কোষ থেকে অপটিক স্নায়ু তৈরী হয়?,রড কোষ,কোণ কোষ,বাইপোলার নিউরন,গাংগ্লিওন কোষ,D,"রেটিনা রড কোষ ও কোণ কোষ নামক দুই ধরনের কোষ নিয়ে গঠিত। রেটিনার দশটি উপস্তর রয়েছে। রেটিনায় বস্তুর প্রতিবিম্ব তৈরী হয়। রেটিনা থেকে অপটিক স্নায়ু তৈরী হয়, যা দর্শন অনুভূতি মস্তিষ্কে প্রেরণ করে। রেটিনার গাংগ্লিওন কোষ থেকে অপটিক স্নায়ু তৈরী হয়।"
696,DAT 2009-2010,নিম্নের কোনটি সঠিক নয়?,লালারসে টায়ালিন নামক উৎসেচক উপস্থিত থাকে,প্রতিদিন প্রায় 2 লিটার গ্যাস্ট্রিক রস নিঃসৃত হয়,মিউসিন HCl-এর ক্ষতিকর ভূমিকা থেকে পাকস্থলি প্রাচীরকে রক্ষা করে,হাইড্রোক্লোরিক এসিডের উপস্থিতি পেপসিনের কার্যক্রমকে বাধাগ্রস্ত করে,D,"HCl এর উপস্থিতিতে নিষ্ক্রিয় পেপসিনোজেন সক্রিয় পেপসিনে রূপান্তরিত হয়, ফলে হাইড্রোক্লোরিক এসিড পেপসিনের কার্যক্রম বাধাগ্রস্ত করে না বরং সক্রিয় করে।"
991,AFMC 2019-2020,মানবদেহে কোন ইউমিউনোগ্লোবিউলিন অনুপস্থিত?,IgB,IgM,IgD,IgA,A,"ইংরেজি শব্দ ইমিউনোগ্লোবিন (Immunoglobulin)-এর সংক্ষিপ্ত রূপ Ig-এর সাথে একটি ইংরেজি বর্ণযোগ করে একেকটি শ্রেণীকে নির্দেশ করা হয়। এই ৫টি শ্রেণী হল IgG, IgM, IgA, IgD, এবং IgE। এই পাঁচ শ্রেণীর প্রতিরক্ষিকা কেবল এদের কাঠামোর অপরিবর্তনশীল অঞ্চলের গঠনেই নয়, বরং কর্মস্থল অনুযায়ীও ভিন্ন হয়।"
816,MAT 2022-2023,মানবদেহে কোনটি লুপ্তপ্রায় অংগ?,থাইরয়েড গ্ল্যান্ড,থাইমাস,স্ক্যাপুলা,ক্যানাইন দাঁত,B,"মানবদেহের লুপ্তপ্রায় অঙ্গগুলো হলো থাইমাস গ্রন্থি, আক্কেল দাঁত, কর্তন দাঁত, পুচ্ছাস্থি, গায়ের লোম, উপপল্লব ইত্যাদি।"
372,MAT 2018-2019,কোনটি মানুষের পশ্চাৎ মস্তিষ্কের অংশ নয়?,মেডুলা অবলংগাটা,পনস,সেরেবেলাম,থ্যালামাস,D,"পশ্চাৎ মস্তিষ্কের অংশসমূহ: সেরেবেলাম, মেডুলা অবলংগাটা, পনস।
অগ্রমস্তিষ্কের অংশ: সেরেব্রাম, থ্যালামাস, হাইপোথ্যালামাস।
মধ্যমস্তিষ্কের অংশ: টেকটাম, সেরেব্রাল অ্যাকুইডাক্ট, কর্পোরা কোয়াড্রিজেমিনা, সেরেব্রাল পেডাঙ্কল।"
522,MAT 2006-2007,স্বরতন্ত্রীর অবস্থান হচ্ছে-,গলবিল,ট্রাকিয়া বা শ্বাসনালি,নাসাগহ্বর,ল্যারিংক্স,D,"স্বরযন্ত্র বা ল্যারিংস:
এটি শ্বাসনালিতে উন্মুক্ত হয়।
এর দুপাশে ২টি করে পাতলা মাংসপেশি আছে, এরাই স্বরতন্ত্রী বা ভোকাল কর্ড (Vocal cord)।
এটি কয়েকটি তরুণাস্থি দ্বারা গঠিত। এদের মধ্যে থাইরয়েড তরুণাস্থি সবচেয়ে বড়।
স্বরযন্ত্রের উপরিভাগের জিহ্বাকৃতির ঢাকনাকে উপজিহ্বা বা এপিগ্লটিস (epiglottis) বলা হয়।"
405,MAT 2017-2018,হেনলির লুপের অবস্থান বৃক্কের কোথায়?,বৃক্কীয় নালিকায়,রেনাল করপাসলে,এফারেন্ট ধমনিকাতে,ইফারেন্ট ধমনিকাতে,A,"বৃক্কের কার্যকরী একক নেফ্রন। নেফ্রণের ২টি প্রধান অংশ:
i. রেনাল করপাসল (২টি অংশ):
রেনাল ক্যাপসুল
গ্লোমেরুলাস
ii. রেনাল টিউব্যুল (৪টি অংশ):
প্রক্সিমাল প্যাঁচানো নালিকা
লুপ অব হেনলি
ডিস্টাল প্যাঁচানো নালিকা
সংগ্রাহী নালী"
412,MAT 2016-2017,ফিলোসফিকা জুওলজিক' গ্রন্থের রচয়িতা কে?,ডারউইন,ল্যামার্ক,দ্য ভিস,ভাইজম্যান,B,"ল্যামার্ক ছিলেন একজন ফরাসি দার্শনিক ও প্রকৃতিবিজ্ঞানী।
তার লেখা ‘ফিলোসফিকা জুওলজিক’ (১৮০৯) গ্রন্থে ল্যামার্কিজম মতবাদ প্রকাশিত হয়।"
482,AFMC 2020-2021,"চিকিৎসাবিদ্যার কোন শাখায় স্থূলতার কারণ, প্রতিরোধ ও চিকিৎসা সম্বন্ধে আলোচনা করা হয়?",Obesity,Geriatrics,Bariatrics,Pediatrics,C,"চিকিৎসাবিদ্যার যে শাখায় স্থূলতার কারণ, প্রতিরোধ ও চিকিৎসা সম্বন্ধে আলোচনা করা হয় তাকে Bariatrics বলা হয়।
অন্যান্য অপশন সম্পর্কিত তথ্য:
Obesity: স্থূলতা।
Geriatrics: বয়স্ক মানুষের চিকিৎসাবিদ্যা।
Pediatrics: শিশুদেহের চিকিৎসাবিষয়ক শাখা।"
170,DAT 2024-2025,কোন গ্রন্থি আমিষ শোষণ নিয়ন্ত্রণ করে?,যকৃত,অগ্ন্যাশয়,থাইমাস,থাইরয়েড,D,কার্বোহাইড্রেট শোষণ নিয়ন্ত্রণ করে -> ইনসুলিন এবং গ্লুকোকটিকয়েড হরমোন। আমিষ এবং লিপিড শোষণ নিয়ন্ত্রণ করে -> থাইরক্সিন হরমোন যা থাইরয়েড গ্রন্থি থেকে নিঃসৃত হয়।
836,DAT 2021-2022,আমাদের জাতীয় পাখির বৈজ্ঞানিক নাম কি?,Gracula religiosa,Copsychus saularis,Passer domesticus,Columba livia,B,আমাদের জাতীয় পাখি দোয়েলের বৈজ্ঞানিক নাম Copsychus saularis
78,AFMC 2019-2020,পেসমেকারে কোন ব্যাটারি ব্যবহৃত হয়?,লিথিয়াম,লেড,পটাশিয়াম,কার্বনিয়াম,A,"একটি লিথিয়াম ব্যাটারি, কম্পিউটারাইজড জেনারেটর ও শীর্ষেসেন্সরযুক্ত কতগুলো তার নিয়ে একটি পেসমেকার গঠিত হয়।"
966,MAT 2020-2021,ভ্রূণে লোহিত কণিকাসমূহ নিম্নের কোথায় তৈরি হয়?,থাইমাস,অগ্ন্যাশয়,প্লীহা,অস্থি মজ্জা,"A,C","ভ্রূণীয় জীবনে লোহিত কণিকাসমূহ কুসুম থলি (৩ সপ্তাহ বয়সে) যকৃত, প্লীহা ও থাইমাস (৬ মাস বয়স পর্যন্ত) থেকে উৎপন্ন হয়। আর, ভূমিষ্ট হওয়ার সময় থেকে পশুকা, কশেরুকা, স্টার্নাম ও শ্রোণিচক্রের লাল অস্থিমজ্জায় অবস্থিত বড় নিউক্লিয়াসযুক্ত এরিথ্রোব্লাস্ট নামক স্টেমকোষ থেকে অবিরাম লোহিত কণিকা সৃষ্টি হয়।"
83,AFMC 2019-2020,অত্যাবশ্যকীয় অ্যামিনো এসিড নয় কোনটি?,হিস্টিডিন,আইসোলিউসিন,লাইসিন,অ্যালানিন,C,"খাদ্যে উপস্থিতির প্রয়োজনীয়তার ভিত্তিতে অ্যামিনো অ্যাসিড দুই ভাগে বিভক্ত। যথা-
১। অত্যাবশ্যকীয় অ্যামিনো অ্যাসিড। এরা দেহাভ্যন্তরে সংশ্লেষিত হয় না। উদাহরণ- লিউসিন, আইসোলিউসিন, লাইসিন, থ্রিওনিন, ভ্যালিন, মেথিওনিন, ফিনাইল অ্যালানিন এবং ট্রিপটোফ্যান (৮টি)। শিশুদের জন্য অত্যাবশ্যকীয় অ্যামিনো অ্যাসিড ১০টি। অতিরিক্ত- আরজিনিন ও হিস্টিডিন।
২। অনাত্যাবশ্যকীয় অ্যামিনো অ্যাসিড: এরা দেহাভ্যন্তরে সংশ্লেষিত হতে পারে। সংখ্যায় ১২টি এবং শিশুদের ক্ষেত্রে ১০টি।"
738,MAT 2015-2016,কোন ভিটামিন পানিতে দ্রবণীয়?,ভিটামিন A,ভিটামিন D,ভিটামিন B কমপ্লেক্স,ভিটামিন K,C,পানিতে দ্রবণীয় ভিটামিন হলো ভিটামিন B এবং ভিটামিন C।
904,MAT 2024-2025,এনজিওপ্লাস্টি করলে কি হয়?,হৃদস্পন্দন বৃদ্ধি পায়,সরু ধমনী প্রশস্ত হয়,হৃদস্পন্দনের গতি ধীর হয়,রক্ত সঞ্চালনের গতি বৃদ্ধি পায়,B,বড় ধরণের অস্ত্রোপচার না করে সংকীর্ণ লুমেনযুক্ত বা রুদ্ধ হয়ে যাওয়া করোনারি ধমনি পুনরায় প্রশস্ত লুমেনযুক্ত করা বা উন্মুক্ত করার পদ্ধতিকে এনজিওপ্লাস্টি বলে। এনজিওপ্লাস্টির উদ্দেশ্য হচ্ছে সরু বা বন্ধ হয়ে যাওয়া লুমেনের ভিতর দিয়ে হৃৎপিন্ডে পর্যাপ্ত O₂ সরবরাহ নিশ্চিত করে হৃৎপিন্ড ও দেহকে সচল রাখা।
291,DAT 2019-2020,নিচের কোন গ্রন্থিটি ক্যালসিয়াম বিপাকে সহায়তা করে?,প্যারাথাইরয়েড,থাইরয়েড,পিটুইটারি,অ্যাড্রেনাল,A,প্যারাথাইরয়েড গ্রন্থি থেকে নিঃসৃত প্যারাথাইরয়েড হরমোন বা প্যারাথরমোন বা প্যারাথাইরিন এর প্রধান কাজ ক্যালসিয়াম ও ফসফরাসের বিপাক নিয়ন্ত্রণ। এটি বৃক্কে ক্যালসিয়ামের পুনঃশোষণ বাড়িয়ে দিয়ে রক্তে ক্যালসিয়ামের মাত্রা বাড়ায় এবং ফসফেটের মাত্রা কমায়। থাইরয়েড গ্রন্থি নিঃসৃত ক্যালসিটোনিন রক্তে ক্যালসিয়ামের মাত্রা কমায়।
311,DAT 2018-2019,সিফিলিস রোগের জন্য দায়ী নিচের কোনটি?,Treponema pallidum,Neisseria gonorrhoeae,Treponema vagmalis,Trichomonas vaginalis,A,"যৌনবাহিত রোগের জীবাণু:
সিফিলিস → Treponema pallidum
গনোরিয়া → Neisseria gonorrhoeae
এইডস → HIV"
849,MAT 2021-2022,কোন এনজাইম আমিষ পরিপাকে সাহায্য করে?,ল্যাকটেজ,ট্রিপসিন,অ্যামাইলেজ,লাইপেজ,B,"ট্রিপসিন এনজাইম আমিষ পরিপাকে সাহায্য করে। ল্যাকটেজ, অ্যামাইলেজ এনজাইম শর্করা পরিপাকে সাহায্যে করে। লাইপেজ ফ্যাট পরিপাকে সাহায্য করে।"
100,AFMC 2018-2019,নিচের কোন প্রাণীটি ত্রিস্তরী?,অ্যামিবা,কেঁচো,হাইড্রা,ম্যালেরিয়া জীবাণু,B,"ত্রিস্তরী প্রাণীর উদাহরণ: কৃমি, শামুক, অক্টোপাস, কেঁচো,
জোঁক, চিংড়ি, মৌমাছি, ব্যাঙ, হাতি, মানুষ সবাই ত্রিস্তরী প্রাণী।"
490,MAT 2002-2003,শোষিত খাদ্যবস্তুর প্রোটোপ্লাজমে রূপান্তরকে বলে-,পরিপাক,শোষণ,আত্তীকরণ,অধিশোষণ,C,"আত্তীকরণ হলো শোষিত খাদ্যবস্তুর প্রোটোপ্লাজমে রূপান্তরের প্রক্রিয়া।
অন্যান্য অপশন:
পরিপাক — খাদ্যবস্তু গলাধঃকরন ও এনজাইমের সহায়তায় ভাঙ্গন।
শোষণ — খাদ্য পরিপাকের পর রক্তনালীর মাধ্যমে সারা দেহে ছড়িয়ে যাওয়ার প্রক্রিয়া।
অধিশোষণ — কোনো পদার্থের অন্য একটি পদার্থের পৃষ্ঠতলে সঞ্চিত বা কেন্দ্রীভূত হওয়া, অভ্যন্তরে প্রবেশ না করা।"
421,MAT 2016-2017,কোনটি ক্ষুদ্রান্ত্রের অংশ নয়?,ডিওডেনাম,ইলিয়াম,এপেনডিক্স,জেজুনাম,C,ক্ষুদ্রান্ত্রের তিনটি অংশ। যথা- ১) ডিওডেনাম ২) জেজুনাম ৩) ইলিয়াম। আর বৃহদান্ত্রের ৩টি অংশ হলো- ১) সিকাম ২) কোলন ৩) মলাশয়। সিকামের সাথে এপেনডিক্স সংযুক্ত থাকে। এপেনডিক্স একটি নিষ্ক্রিয় অঙ্গ যা উদরীয় টনসিল নামেও পরিচিত।
835,DAT 2021-2022,কোনটি Live attenuated ভ্যাক্সিন?,হাম,হেপাটাইটিস বি,টিটেনাস,ইনফ্লুয়েঞ্জা,A,"মিজলজ (হাম) → Live attenuated vaccine,
হেপাটাইটিস বি → Subunut vaccine,
টিটেনাস → Toxoid vaccine,
ইনফ্লুয়েঞ্জা → Killed or Inactivated vaccine."
766,AFMC 2020-2021,সন্তান প্রসবে কোন হরমোন সাহায্য করে?,অক্সিটোসিন,অক্সিন,টেস্টোস্টেরন,গোনাডোট্রপিন,A,শিশু প্রসব: ৪০তম সপ্তাহে অক্সিটসিন ও প্রোস্টাগ্লান্ডিন হরমোন দুটির সক্রিয়তায় জরায়ুর সংকোচন ঘটে। ফলে শিশু জরায়ু থেকে বাইরে আসতে পারে। এটি ৩টি ধাপে সম্পন্ন হয়।
782,MAT 2017-2018,স্ত্রী রুইমাছ ডিম পাড়ে কখন?,জানুয়ারি-মার্চ মাস,ফেব্রুয়ারি-মে মাস,জুন-আগস্ট মাস,সেপ্টেম্বর-জানুয়ারি মাস,C,স্ত্রী রুইমাছ সাধারণত বর্ষাকাল (জুন-জুলাই) মাসে প্রজননের জন্য তৈরি হয় এবং ডিম পাড়ে।
935,DAT 2021-2022,কোনটি Live attenuated ভ্যাক্সিন?,হাম,হেপাটাইটিস বি,টিটেনাস,ইনফ্লুয়েঞ্জা,A,"মিজলজ (হাম) → Live attenuated vaccine,
হেপাটাইটিস বি → Subunut vaccine,
টিটেনাস → Toxoid vaccine,
ইনফ্লুয়েঞ্জা → Killed or Inactivated vaccine."
982,AFMC 2019-2020,কত BMI কে স্বাভাবিক ওজন হিসেবে ধরা হয়?,25.2-29.1,21.5-23.9,18.5-24.9,10.1-14.8,C,"ওজন (কি.গ্রা.) / উচ্চতা (মিটার) → শ্রেনী
< ১৮.৫০→ওজনহীনতা
১৮.৫০ – ২৪.৯ → স্বাভাবিক
২৫.০০ – ২৯.৯ → ওজনাধিক্য
৩০.০০ – ৩৪.৯ → গ্রেড-১ স্থুলতা
৩৫.০০ – ৩৯.৯→ গ্রেড-২ স্থুলতা
> ৪০.০০ →গ্রেড-৩ স্থুলতা/ রোগ গ্রস্থ চূড়ান্ত পর্যায়ের স্থুলতা"
548,MAT 2010-2011,মানুষের গ্লোমেরুলাসে পরিদ্রুত মূত্র ADH এর প্রভাব ছাড়া নিম্নের (%) কতভাগ পুনঃশোষণ প্রক্রিয়ায় নেফ্রনের প্রক্সিমাল প্যাঁচানো নালিকায় শোষিত হয়?,20,40,60,80,C,"নেফ্রনের প্রক্সিমাল প্যাঁচানো নালিকায় প্রায় 60% পুনঃশোষণ ঘটে, বাকি 40% লুপ অব হেনলি, ডিস্টাল প্যাঁচানো নালিকা ও সংগ্রাহী নালিকায় শোষিত হয়।"
339,DAT 2017-2018,মোলার দাঁতের কাজ কোনটি?,খাবার টুকরা করা ও ছেঁড়া,খাবার টুকরা করা ও পেষণ করা,খাবার চর্বন করা ও পেষণ করা,খাবার ছোঁড়া ও চর্বন করা,B,"মোলার দাঁতের কাজ হচ্ছে খাবার টুকরা করা ও পেষণ করা, যা খাবারের পরিপাক প্রক্রিয়ায় সহায়তা করে।"
197,AFMC 2021-2022,প্যানক্রিয়াসের আইলেটস অব ল্যাঙ্গার হ্যান্স এর কোন কোষ (Cells) থেকে ইনসুলিন নিঃসৃত হয়?,আলফা কোষ,ডেলটা কোষ,পিপি কোষ,বিটা কোষ,D,আলফা কোষ থেকে গ্লুকাগন এবং বিটা কোষ থেকে ইনসুলিন নিঃসৃত হয়।
970,MAT 2020-2021,গ্রোথ হরমোন কোথায় তৈরি হয়?,Thalamus,Hypothalamus,Adrenal gland,Pituitary gland,D,"অগ্র পিটুইটারি গ্রন্থি থেকে বৃদ্ধিপোষক হরমোন (STH) বা Growth hormone তৈরি ও নিঃসৃত হয়। অগ্র পিটুইটারি গ্রন্থি থেকে আর যে সব হরমোন নিঃসৃত হয়- Prolactin, LH, ACTH, TSH, FSH ।"
354,DAT 2016-2017,সেরেব্রামের দুটি খণ্ডকে সংযোগকারী স্নায়ু গুচ্ছের নাম-,কর্পাস অ্যালবিকান্স,কর্পাস অ্যাটরেটিকাম,কর্পাস ক্যালোসাম,কর্পাস লুটিয়াম,C,কর্পাস ক্যালোসাম সেরেব্রামের দুটি খণ্ডকে সংযুক্ত করে।
572,MAT 2009-2010,নিম্নের কোন অস্থিতে মজ্জা গহ্বর নাই?,ইশ্চিয়াম,স্টার্নাম,কারপাল,ক্ল্যাভিকল,D,"ক্ল্যাভিকল অস্থিতে মজ্জা গহ্বর থাকে না, এটি পরিবর্তিত দীর্ঘ অস্থি।"
94,AFMC 2019-2020,দেহের ভারসাম্য রক্ষা করে কোনটি?,বহিঃকর্ণ,অন্তঃকর্ণ,মধ্যাকর্ণ,কোনটিই নয়,B,
353,DAT 2016-2017,পাকস্থলিতে কোন করোটিক স্নায়ুর কার্যক্রম বিদ্যমান?,অপটিক,অডিটরি,ভেগাস,অকুলোমোটর,C,"ভেগাস স্নায়ু স্বরযন্ত্র, হৃৎপিণ্ড, পাকস্থলি ও ফুসফুসে কার্যক্রম পরিচালনা করে।"
127,AFMC 2017-2018,মুখমন্ডলীয় অস্থিতে প্যালেটিন এর সংখ্যা কত?,৫,২,১,৮,B,মুখমন্ডলীয় অস্থিতে প্যালেটিন আছে-২টি
202,AFMC 2021-2022,শ্বসনতন্ত্রের উৎপত্তি কোথা থেকে হয়?,Endoderm,Ectoderm,Mesoderm,Teloderm,A,শ্বসনতন্ত্রের উৎপত্তি এন্ডোডার্ম থেকে হয়।
154,DAT 2024-2025,পূর্ণবয়স্ক সুস্থ মানুষের দু'টি ফুসফুসে আলভিওলাসের সংখ্যা কত?,২৫০ মিলিয়ন,৫০০ মিলিয়ন,৩০০ মিলিয়ন,৭০০ মিলিয়ন,D,"নবজাতক শিশুর ফুসফুসে ২০ মিলিয়ন, ৮ বছরের শিশুর ৩০০ মিলিয়ন এবং একজন পূর্ণবয়স্ক মানুষের ফুসফুসে প্রায় ৭০০ মিলিয়ন অ্যালভিওলাই থাকে।"
990,AFMC 2019-2020,গ্রন্থিরাজ বলা হয় কোনটিকে?,শুক্রাশয়,অগ্নাশয়,পিটুইটারি,লালা,C,"পিটুইটারি গ্রন্থি মস্তিষ্কের নিচের অংশে অবস্থিত। দেহের সবচেয়ে বেশি গুরুত্বপূর্ণনালিবিহীন গ্রন্থি হলেও এটি আকারে সবচেয়ে ক্ষুদ্র। এই গ্রন্থি থেকে গোনাডোট্রপিক, সোমাটোট্রপিক, থাইরয়েড উদ্দীপকে হরমোন, এডরেনোকর্টিকোট্রপিন ইত্যাদি হরমোন নিঃসৃতসৃ হয়। এই গ্রন্থি থেকে নিঃসৃতসৃ হরমোন সংখ্যায় যেমন বেশি, অপরদিকে অন্যান্য গ্রন্থির ওপর এসব হরমোনের প্রভাবও বেশি। এজন্য পিটুইটারি গ্রন্থিকে প্রধান/প্রভু গ্রন্থি বলা হয়।"
257,MAT 2019-2020,আন্তঃকশেরুকা চাকতিতে কী ধরনের তরুণাস্থি পাওয়া যায়?,স্থিতিস্থাপক তরুণাস্থি,চুনময় তরুণাস্থি,শ্বেত-তত্ত্বময় তরুণাস্থি,স্বচ্ছ তরুণাস্থি,C,"স্থিতিস্থাপক: বহিঃকর্ণ বা পিনা, ইউস্টেশিয়ান নালি, এপিগ্লটিস প্রভৃতি।
চুনময়: হিউমেরাস ও ফিমারের মস্তক।
শ্বেত-তত্ত্বময়: দুটি কশেরুকার মধ্যবর্তী অঞ্চল।
স্বচ্ছ: স্তন্যপায়ীর নাক, শ্বাসনালি, স্বরযন্ত্র এবং ব্যাঙ ও হাঙরের ভ্রূণ বা পরিণত দেহ প্রভৃতি।"
101,AFMC 2018-2019,রক্তে গ্লুকোজের মাত্রা নিয়ন্ত্রণে কোন সংবহনতন্ত্রের ভূমিকা রয়েছে?,পালমোনারি,সিস্টেমিক,যকৃত পোর্টালতন্ত্র,বৃক্কীয় পোর্টালতন্ত্র,C,"যকৃত পোর্টাল তন্ত্রের তাৎপর্য বা কাজ:
১. পরিপাককৃত ও রক্ত কর্তৃক শোষিত খাদ্যসার পোর্টালতন্ত্রের মাধ্যমে
যকৃতে পৌছালে ইনসুলিন নামক হরমোনের প্রভাবে রক্ত থেকে
অতিরিক্ত গ্লুকোজ যকৃত শোষণ করে এবং জমা রাখে।
২. আবার রক্তে গ্লুকোজের মাত্রা কমে গেলে হরমোনের প্রভাবে যকৃত
কোষ থেকে সঞ্চিত গ্লুকোজ পোর্টালতন্ত্রের কৈশিকনালির মাধ্যমে
রক্তস্রোতে আসে। এভাবে যকৃত পোর্টালতন্ত্র রক্তে গ্লুকোজের মাত্রা
নিয়ন্ত্রণ করে।"
234,MAT 2019-2020,কোষের কোথায় ক্রেবস চক্র (Krebs cycle) সংঘটিত হয়?,Cytoplasm,Ribosome,Mitochondria,Chloroplast,C,"ক্রেবস চক্র শ্বসনের একটি ধাপ যা মাইটোকন্ড্রিয়ার ম্যাট্রিক্সে সংঘটিত হয়। Sir Hans Adolf Krebs এটি আবিষ্কার করেন। গ্লাইকোলাইসিস ছাড়া শ্বসনের সবকটি বিক্রিয়া (ক্রেবস চক্র, ETS/ অক্সিডেটিভফসফোরাইলেশন) মাইটোকন্ড্রিয়ায় ঘটে থাকে।"
996,DAT 2021-2022,কোন কোষ বিভাজন পদ্ধতিতে RBC তৈরি হয়?,synopsis,mitosis,meiosis,amitiosis,B,মাইটোসিস পদ্ধতিতে লোহিত রক্তকণিকা তৈরী হয়।
848,MAT 2021-2022,কোনটি autosomal recessive disorder?,থ্যালাসেমিয়া,লাল-সবুজ বর্ণান্ধতা,রাতকানা,হিমোফিলিয়া,A,"লাল-সবুজ বর্ণান্ধতা, রাতকানা, হিমোফিলিয়া- Sex-linked disorder. থ্যালাসেমিয়া- autosomal recessive disorder."
493,MAT 2011-2012,নিম্নের কোন অঙ্গে লোহিত কণিকা ধ্বংস হয়?,প্লীহা,যকৃত,পাকস্থলী,বৃক্ক,"A,B","লোহিত কণিকার উৎপত্তি জন্মের একমাস পূর্বে যকৃত ও প্লীহায় হয়। জন্মের পর লোহিত অস্থিমজ্জা, হিউমেরাস ও ফিমারের মস্তক, কশেরুকা, পশুর্কা, করোটির চ্যাপ্টা অস্থিতে উৎপন্ন হয়।
লোহিত কণিকা ধ্বংস হয় মূলত যকৃত ও প্লীহায়।"
802,MAT 2024-2025,কোন এন্টিবডি প্রধানত এলার্জির সাথে সংশ্লিষ্ট?,IgA,IgM,IgG,IgE,D,"IgE → এটি দুর্লভ Ig, প্রদাহ সাড়া সক্রিয় করে, অ্যালার্জিক সাড়াদানে নেতিবাচক ভূমিকা রাখে।
IgG → গর্ভাবস্থায় অমরা অতিক্রম করে।
IgA → মায়ের বুকের দুধের মাধ্যমে শিশুতে স্থানান্তরিত হয়।"
621,MAT 2009-2010,নিম্নের কোনটি হৃদপিন্ডের সংকোচনের শক্তিকে বাড়ায়?,ইনসুলিন,ভেগাস,এডরেনালিন,প্যারাথরমোন,C,এডরেনালিনকে আপদকালীন হরমোন বলা হয়। এটি হৃদস্পন্দন বৃদ্ধি করে ও হৃদপিণ্ডের সংকোচনের শক্তি বাড়ায়।
559,MAT 1990-1991,হিউমেরাস কোন অস্থিটিকে বলা হয়?,অগ্রপদের অস্থি,হাতের অস্থি,বাহুর অস্থি,পায়ের অস্থি,C,হিউমেরাস হচ্ছে বাহুর অস্থি। এটি ঊর্ধ্ব বাহুর একক বৃহৎ অস্থি।
523,MAT 2006-2007,ব্রঙ্কিয়াল নালীগুলোর কোনটি সঠিক পর্যায়ক্রম?,মুখ্য ব্রংকাই- ব্রঙ্কিওল- গৌণ ব্রঙ্কাই- শ্বসন ব্রঙ্কিওল- প্রান্তীয় ব্রঙ্কিওল- অ্যালভিওলার থলি- অ্যালভিওলার নালী- অ্যালভিওথলি,মুখ্য ব্রংকাই- ব্রঙ্কিওল- গৌণ ব্রঙ্কাই- শ্বসন ব্রঙ্কিওল- প্রান্তীয় ব্রঙ্কিওল- অ্যালভিওলার নালী- অ্যালভিওলার থলি- অ্যালভিওলি,মুখ্য ব্রংকাই- গৌণ ব্রঙ্কাই- ব্রঙ্কিওল- শ্বসন ব্রঙ্কিওল- প্রান্তীয় ব্রঙ্কিওল- অ্যালভিওরার নালী- অ্যালভিওলার থলি- অ্যালভিওলি,মুখ্য বঙ্কাই- গৌণ ব্রঙ্কাই- ব্রঙ্কিওল- প্রান্তীয় ব্রঙ্কিওল- শ্বসন ব্রঙ্কিওল- অ্যালভিওলার নালী- অ্যালভিওলার থলি- অ্যালভিওলি,B,শ্বসন বৃক্ষের পর্যায়ক্রম: ট্রাকিয়া → Primary (মুখ্য) ব্রঙ্কাস → Secondary (গৌণ) ব্রঙ্কাস → Tertiary (সেগমেন্টাল) ব্রঙ্কাস → ব্রঙ্কিওল → টার্মিনাল ব্রঙ্কিওল → শ্বসন ব্রঙ্কিওল → অ্যালভিওলার নালী → অ্যালভিওলার থলি → অ্যালভিওলি।
789,MAT 2016-2017,প্রাপ্তবয়স্ক মানুষের মস্তিষ্কে নিউরনের সংখ্যা কত?,১০ মিলিয়ন,১০ কোটি,১০ বিলিয়ন,১০ লক্ষ,C,"মানব মস্তিষ্কের বৈশিষ্ট্য:
ওজন: প্রায় ১.৩৬ কেজি
আয়তন: প্রায় ১৫০০ ঘন সেন্টিমিটার
নিউরন সংখ্যা: প্রায় ১০০ বিলিয়ন (১ লক্ষ কোটি)"
541,MAT 2003-2004,প্রতিটি বৃক্কে নেফ্রন থাকে-,প্রায় ৮ থেকে ৯ লক্ষ,প্রায় ১২ থেকে ১৪ লক্ষ,প্রায় ১০ থেকে ১২ লক্ষ,প্রায় ১৩ থেকে ১৫ লক্ষ,C,প্রতিটি বৃক্কে প্রায় ১০ লক্ষ থেকে ১২ লক্ষ নেফ্রন থাকে।
792,MAT 2016-2017,"কনে হিমোফিলিয়া বাহক, বর সুস্থ, এদের সন্তানদের ক্ষেত্রে কোনটি মিথ্যা?",পুত্রদের অর্ধেক সুস্থ হবে,পুত্রদের সবাই সুস্থ হবে,পুত্রদের অর্ধেক হিমোফিলিয়ায় আক্রান্ত হবে,কন্যাদের অর্ধেক বাহক হবে,B,"স্বাভাবিক পুরুষ (XᴴY) × বাহক মহিলা (XᴴXʰ) হলে:
সন্তানের সম্ভাব্য জিনোটাইপ → ধরন
XᴴXᴴ →স্বাভাবিক কন্যা
XᴴXʰ →বাহক কন্যা
XᴴY →স্বাভাবিক পুত্র
XʰY → হিমোফিলিক পুত্র"
462,MAT 2014-2015,স্বাভাবিক মূত্রের বর্ণ হালকা হলুদ হয় কিসের উপস্থিতিতে?,বিলিভারডিন,ইউরোক্রোম,বিলিরুবিন,অ্যামোনিয়া,B,"ইউরোক্রোম এর প্রভাবে মূত্র স্বাভাবিক রং হালকা হলুদ (খড় রং) হয়।
 অন্যান্য অপশন সম্পর্কিত তথ্য:
বিলিরুবিন এর প্রভাবে মূত্রের বর্ণ হলুদ হয় (যখন জন্ডিস হয়)।
ইউরিনোড এর উপস্থিতির জন্য মূত্রের ঝাঁঝালো গন্ধ থাকে।"
907,MAT 2024-2025,পেসমেকারের কাজ কি?,রক্তকে তরল রাখে,রক্ত সঞ্চালন বৃদ্ধি করে,হৃদরোগ প্রতিরোধ করে,হৃদস্পন্দনের ধীরগতি নিয়ন্ত্রণ করে,D,হার্ট এটাক ঘটতে পারে এমন ধীর হৃৎস্পন্দন কিংবা হার্ট সার্জারির সময় জরুরী ভিত্তিতে অস্থায়ী পেসমেকার ব্যবহার করা হয়। পেসমেকার ব্যবহারে সব ধরণের অ্যারিথমিয়ার হাত থেকে রক্ষা পাওয়া যায়।
225,MAT 2019-2020,মানবদেহের রক্তে কোন বাফার দ্রবণ (buffer solution) থাকে?,NaHCO₃ and H₂CO₃,NH₄Cl and NH₄OH,CH₃COONa and CH₃COOH,Na₂HPO₄ and H₃PO₄,A,"মানবদেহের রক্তে তিন ধরনের বাফার সিস্টেম থাকে। যথা- বাইকার্বোনেট বাফার, ফসফেট বাফার ও প্রোটিন বাফার। হিমোগ্লোবিন উৎকৃষ্ট বাফাররূপে রক্তের 'বাইকার্বনেট-কার্বনিক এসিড বাফার'-এর সামান্য (2%) নিয়ন্ত্রণ করে। ফসফেট বাফার সিস্টেম হলো আন্তঃকোষীয় বাফার। আর, প্রোটিন বাফার সিস্টেমটি প্লাজমা প্রোটিন ও হিমোগ্লোবিন প্রোটিন সমন্বয়ে গঠিত।"
499,MAT 1988-1989,মানবদেহে রোগ প্রতিরোধক হিসাবে কাজ করে কোনটি?,হিমোগ্লোবিন,শ্বেতকণিকা,লোহিত কণিকা,অনুচক্রিকা,B,শ্বেত রক্তকণিকাকে আণুবীক্ষনিক সৈনিকও বলা হয়।
504,MAT 2013-2014,হৃদপিন্ডের ডান অলিন্দ ও ডান নিলয়ের সংযোগ স্থলের কপাটিকার নাম-,মাইট্রাল কপাটিক,ট্রাইকাসপিড কপাটিকা,পালামোনারী কপাটিকা,অ্যাওর্টিক কপাটিকা,B,"মানুষের হৃৎপিণ্ডের বিভিন্ন কপাটিকার অবস্থান:
ট্রাইকাসপিড কপাটিকা: ডান অলিন্দ ও ডান নিলয়ের সংযোগস্থলে
বাইকাসপিড বা মাইট্রাল কপাটিকা: বাম অলিন্দ ও বাম নিলয়ের সংযোগস্থলে
সেমিলুনার ভাল্ব: পালামোনারি কপাটিকা: ডান নিলয় ও পালমোনারি ধমনির সংযোগস্থলে
সেমিলুনার ভাল্ব: অ্যাওর্টিক কপাটিকা: বাম নিলয় ও অ্যাওর্টার সংযোগস্থলে
থিবেসিয়ান কপাটিকা: করোনারি সাইনাস ও ডান অলিন্দের সংযোগস্থলে
ইউস্টেশিয়ান কপাটিকা: ইনফেরিয়র ভেনাক্যাভা ও ডান অলিন্দের সংযোগস্থলে"
656,MAT 2005-2006,নিচের কোনটি গ্যামিটোজেনেসিসের জন্য সঠিক নয়?,শুক্রাণু-নিউক্লিয়াসের সম্মুখ প্রান্তে গলগি বডি থেকে অ্যাক্রোসোম সৃষ্টি হয়,ব্যাঙের সাইটোপ্লাজমসহ ডিম্বাণু নিউক্লিয়াসটি কুসুম থেকে পৃথক হয়ে ডিম্বাণুর নিম্নপ্রান্ত জুড়ে থাকে,স্পার্মাটোজেনেসিসে হ্যাপ্লয়েড ক্রোমোসোম সেটের DNA অপরিবর্তিত থাকে,প্রত্যেকটি উওগোনিয়াম ডিপ্লয়েড (2n) সংখ্যক ক্রোমোসোম বহন করে,B,ব্যাঙের ডিম্বাণুতে নিউক্লিয়াস ও সাইটোপ্লাজম পৃথক হয় না। বাকি অপশনগুলো গ্যামিটোজেনেসিসের বৈশিষ্ট্য সঠিকভাবে ব্যাখ্যা করে।
866,MAT 2020-2021,ভ্রূণে লোহিত কণিকাসমূহ নিম্নের কোথায় তৈরি হয়?,থাইমাস,অগ্ন্যাশয়,প্লীহা,অস্থি মজ্জা,"A,C","ভ্রূণীয় জীবনে লোহিত কণিকাসমূহ কুসুম থলি (৩ সপ্তাহ বয়সে) যকৃত, প্লীহা ও থাইমাস (৬ মাস বয়স পর্যন্ত) থেকে উৎপন্ন হয়। আর, ভূমিষ্ট হওয়ার সময় থেকে পশুকা, কশেরুকা, স্টার্নাম ও শ্রোণিচক্রের লাল অস্থিমজ্জায় অবস্থিত বড় নিউক্লিয়াসযুক্ত এরিথ্রোব্লাস্ট নামক স্টেমকোষ থেকে অবিরাম লোহিত কণিকা সৃষ্টি হয়।"
492,MAT 2012-2013,রক্তের pH নির্ভর করে যার উপর-,এন্টিজেন,বাফার,রক্তের গ্রুপ,এন্টিবডি,B,"রক্তের স্বাভাবিক pH ৭.৪। এর থেকে ০.৫ কম বা বেশি হলে জীবনহানী হতে পারে। এই সীমিত সীমার মধ্যে রক্তের pH নিয়ন্ত্রিত হয় বিভিন্ন বাফার দ্বারা, যেমন- বাইকার্বোনেট বাফার, ফসফেট বাফার, হিমোগ্লোবিন বাফার ইত্যাদি।"
273,DAT 2020-2021,ক্রোমাটোগ্রাফির (Chromatography) কয়টি পর্যায় (Phase) আছে?,02,04,01,03,A,ক্রোমাটোগ্রাফির ২টি পর্যায় আছে। যথা: ১. স্থির দশা ও ২। চলনশীল দশা।
13,MAT 2024-2025,পেসমেকারের কাজ কি?,রক্তকে তরল রাখে,রক্ত সঞ্চালন বৃদ্ধি করে,হৃদরোগ প্রতিরোধ করে,হৃদস্পন্দনের ধীরগতি নিয়ন্ত্রণ করে,D,হার্ট এটাক ঘটতে পারে এমন ধীর হৃৎস্পন্দন কিংবা হার্ট সার্জারির সময় জরুরী ভিত্তিতে অস্থায়ী পেসমেকার ব্যবহার করা হয়। পেসমেকার ব্যবহারে সব ধরণের অ্যারিথমিয়ার হাত থেকে রক্ষা পাওয়া যায়।
466,MAT 2014-2015,মোটর প্রকৃতির স্নায়ু কোনটি?,হাইপোগ্লোসাল,ফেসিয়াল,ভেগাস,অপথ্যালমিক,A,"মোটর বা চেষ্টীয় স্নায়ু → ৩, ৪, ৬, ১১, ১২।
অন্যান্য অপশন সম্পর্কিত তথ্য:
Mixed বা মিশ্র স্নায়ু → বাকি সব স্নায়ু।
Sensory বা সংবেদী স্নায়ু → ১, ২, ৮।"
743,MAT 2015-2016,কোন চক্রের মাধ্যমে যকৃতে ইউরিয়া তৈরি হয়?,ক্রেবস চক্র,নাইট্রোজেন চক্র,অরনিথিন চক্র,কার্বন চক্র,C,"যকৃতে ইউরিয়া উৎপন্ন হয় অরনিথিন চক্রের মাধ্যমে।
অন্যান্য অপশন সম্পর্কিত তথ্য:
ডিঅ্যামিনেশন প্রক্রিয়ায় ইউরিয়া তৈরি হয়।"
914,MAT 2022-2023,Mollusca এর ক্ষেত্রে কোনটি সঠিক?,নরম কিউটিকুলার এপিডার্মিস দ্বারা আবৃত,নরম ও অখন্ডায়িত,প্রতি খন্ডে নেফ্রিডিয়া বিদ্যমান থাকে,দেহাভ্যন্তরে কেন্দ্রীয় গহ্বর বিদ্যমান,B,"Mollusca নরম মাংসল, অখন্ডকায়িত Annelida নরম কিউটিকলে আবৃত এবং এর প্রতিটি খণ্ডে নেফ্রিডিয়া থাকে।"
833,DAT 2021-2022,কোনটি প্লাজমা প্রোটিন নয়?,ক্রিয়েটিনিন,ফাইব্রিনোজেন,অ্যালবুমিন,গ্লোবুলিন,A,"ক্রিয়েটিনিন → নাইট্রোজেনঘটিত রেচন পদার্থ,
ফাইব্রিনোজেন, অ্যালবুমিন, গ্লোবুলিন → প্লাজমা প্রোটিন।"
316,DAT 2018-2019,নিচের কোনটি সমগোত্রীয় পাখির উদাহরণ নয়?,চড়ুই,চামচঠোঁই কাদাখোচা,হিমালয়ান পার্টিজ,গোল্ডেন প্লোভার,A,"চামচ ঠোঁটি কাদাখোচা, হিমালয়ান পার্টিজ, গোল্ডেন প্লোভার, এবং আর্কটিক টার্ন → পরিযায়ী পাখি।"
214,AFMC 2016-2017,কোন পর্বের প্রাণিদের Plannula লার্ভা দশা রয়েছে?,Nematoda,Cnidaria,Platyhelminthes,Porifera,B,Cnidaria পর্বের প্রাণীদের Plannula নামক সিলিয়াযুক্ত লার্ভা দশা রয়েছে।
624,MAT 2008-2009,নিম্নে উল্লেখিত কোনটি থেকে টেস্টোস্টেরণ হরমোন নিঃসৃত হয়?,শুক্রাণু মাতৃকোষ,সারটলি কোষ,ইন্টারস্টিশিয়াল কোষ,প্রোস্টেট গ্রন্থি,C,পুরুষদের টেস্টিসের ইন্টারস্টিশিয়াল কোষ (লেডিগ কোষ) থেকে টেস্টোস্টেরন হরমোন নিঃসৃত হয়। এটি পুরুষত্বের বৈশিষ্ট্য উন্নত করে।
512,DAT 2008-2009,নিম্ন প্রদত্ত কোন ধমনিটির উৎপত্তি এ্যাওর্টার বাঁক থেকে হয় না?,বাম সাধারণ ক্যারোটিকড,ইনোমিনেট,বামস বিক্রেভিয়ান,ডান সাধারণ ক্যারোটিড,D,"ডান সাধারণ ক্যারোটিডের উৎপত্তি ইনোমিনেট অ্যার্টারি থেকে হয়, যা এ্যাওর্টার বাঁক থেকে উৎপন্ন হয় না। ডান সাধারণ ক্যারোটিড এবং ডান সাবক্লেভিয়ান এর উৎপত্তি ইনোমিনেট যা ব্রাকিওসেফালিক অ্যার্টারি থেকে।
Aortic Arch এর শাখা:
Brachiocephalic trunk/Innominate artery
Left common carotid artery
Left subclavian artery"
217,AFMC 2016-2017,আইলেটস অব ল্যাঙ্গারহ্যানস এর কোষ নয় কোনটি?,আলফা,বিটা,ডেল্টা,গামা,D,"আইলেটস অব ল্যাঙ্গারহ্যানস-এর প্রধান কোষগুলো হলো—
বিটা কোষ: ইনসুলিন উৎপাদন করে (৫০-৮০%)
আলফা কোষ: গ্লুকাগন উৎপাদন করে (১৫-২০%)
ডেল্টা কোষ: সোমাটোস্ট্যাটিন উৎপাদন করে (৩-১০%)
পিপি কোষ: অগ্ন্যাশয়িক পলিউপেপ্টাইড উৎপাদন করে (১%)
গামা কোষ এদের মধ্যে অন্তর্ভুক্ত নয়।"
581,DAT 2010-2011,কোন এনজাইম স্নায়ু উদ্দীপনা পরিবহনে গুরুত্বপূর্ণ ভূমিকা পালন করে?,অ্যাসিটাইলকোলিন এস্টারেজ,মেটালোপ্রোটিন কাইনেজ,ক্ষারীয় ফসফাটেজ,লাইসোজাইম,A,"অ্যাসিটাইলকোলিন এস্টারেজ এনজাইম স্নায়ু উদ্দীপনার অবসান ঘটাতে গুরুত্বপূর্ণ ভূমিকা রাখে, যা স্নায়ুতন্ত্রের সঠিক কার্যকারিতার জন্য অপরিহার্য।"
51,MAT 2021-2022,কেঁচো কোন অঙ্গের মাধ্যমে শ্বাসপ্রশ্বাস নেয়?,হৃদপিন্ড,ফুলকা,ত্বক,ফুসফুস,C,Annelida (কেঁচো)- সিক্ত দেহত্বক দ্বারা শ্বসন সম্পন্ন হয়।
918,MAT 2022-2023,মায়োফাইব্রিলে কি ধরনের আমিষ থাকে?,অ্যাকটিন এবং মায়োসিন,অ্যাকটিন এবং জিলাটিন,মায়োসিন এবং ইলাস্টিন,কোলাজেন এবং মায়োসিন,A,মায়োফাইব্রিলে গুলো অ্যাকটিন ও মায়োসিন নামক প্রোটিন দিয়ে নির্মিত।
373,MAT 2018-2019,চোখের রেটিনার ভিতর সবচেয়ে আলোক সংবেদী অংশের নাম কী?,অন্ধ বিন্দু,আলোক বিন্দু,পীত বিন্দু,সাদা বিন্দু,C,"চোখের রেটিনার ভিতর অন্ধবিন্দুর কাছাকাছি একটি অংশে প্রচুর কোণ কোষ থাকে, যাকে পীতবিন্দু (ফোবিয়া সেন্ট্রালিস) বলে। এটি সবচেয়ে আলোক সংবেদী অংশ, তাই এখানে সবচেয়ে ভালো প্রতিবিম্ব সৃষ্টি হয়।
অন্ধবিন্দু (Blind Spot): যেখানে অপটিক স্নায়ু গঠিত হয় এবং কোনো রড বা কোণ কোষ থাকে না, তাই এটি আলোক সংবেদী নয়।"
56,MAT 2021-2022,কোন পদ্ধতিতে কোভিড ১৯ ভ্যাক্সিন প্রস্তুত করা হয় না?,উপএকক (Subunit vaccine),নিষ্ক্রিয় (Inactivated),এমআরএনএ (mRNA),বিষভিত্তিক (Toxoid),D,"উপএকক, নিষ্ক্রিয়, এমআরএনএ, প্রতিলিপিহীন ভাইরাল ভেক্টর, প্রোটিনের অংশ, ডিএনএ, ভাইরাসের ন্যায় বস্তু, প্রতিলিপি সক্ষম ভাইরাল ভেক্টর, অবনমিত ভাইরাস পদ্ধতিতে কোভিড ১৯ ভ্যাক্সিন প্রস্তুত করা হয়। বিষভিত্তিক (Toxoid) পদ্ধতিতে - Diptheria, Pertusis, Tetanus (DPT) ভ্যাক্সিন প্রস্তুত করা হয়।"
952,MAT 2020-2021,Alveolus থেকে অক্সিজেন রক্তে কিভাবে প্রবেশ করে?,Osmosis,Respiration,Transpiration,Diffusion,D,Diffusion বা ব্যাপন প্রক্রিয়ায় Alveolus এ ০₂ ও CO₂ গ্যাসের বিনিময় ঘটে।
538,DAT 2004-2005,রেচনতন্ত্রের নিচের কোনটি ইউরেটার নামক নালি গঠন করে?,ডাক্ট অব বেলিনি,সংগ্রাহক নালিকা,ডিস্টাল নালিকা,হেনলির লুপ,B,"ইউরেটার সংগ্রাহক নালিকা থেকে গঠিত হয়, যা মূত্রকে বৃক্ক থেকে মূত্রথলিতে পরিবহণ করে।"
463,MAT 2014-2015,নিচের কোনটি ক্লাভিকলের বৈশিষ্ট্য?,এটি একটি বাঁকানো অস্থি,একপ্রান্ত হিউমারাসের সাথে যুক্ত থাকে,এটি একটি খাঁটো অস্থি,এটি অস্থির মজ্জা গহবর আছে,A,"ক্ল্যাভিকল দেখতে ইটালিক 'f' এর মতো বাঁকা অস্থি। এটি একটি দেহ ও দুটি প্রান্ত, যথা স্টার্নাম এবং অ্যাক্রোমিয়াল প্রসেস নিয়ে গঠিত।
অন্যান্য অপশন সম্পর্কিত তথ্য:
মানুষের বক্ষ অস্থিচক্র ২ জোড়া অস্থি নিয়ে গঠিত, যথা একজোড়া ক্ল্যাভিকল ও একজোড়া স্ক্যাপুলা।"
774,MAT 2017-2018,মানব দেহে নিষেক প্রক্রিয়া কোথায় সংঘটিত হয়?,জরায়ু,ডিম্বনালি,ডিম্বাশয়,সারভিক্স,B,নিষেক প্রক্রিয়া ডিম্বনালিতে সংঘটিত হয়।
770,AFMC 2020-2021,কোনটি সেক্স লিংকড ডিসঅর্ডার নয়?,ডায়াবেটিক ম্যালিটাস,হিমোফিলিয়া,বর্ণান্ধতা,সবগুলো,A,"মানুষের যেসব জিন নিয়ন্ত্রিত বংশগত রোগ সেক্স ক্রোমোজোমের (X ও Y) মাধ্যমে বংশ পরম্পরায় সঞ্চারিত হয়, তাদের সেক্স-লিঙ্কড ডিসঅর্ডার বা অস্বাভাবিকতা বলে।
ডায়াবেটিক ম্যালিটাস বংশগত নয়, তবে ডায়াবেটিক ইনসিপিডাস বংশগত।"
125,MAT 2023-2024,কোন পর্বের প্রাণীতে র ্যাবডিটিফর্ম লার্ভা দশা দেখা যায়?,Nematoda,Platyhelminthes,Echinodermata,Arthropoda,A,নেমাটোডা পর্ব -> প্রাণীতে র‍্যাবডিটিফর্ম লার্ভা দশা। নিডারিয়া পর্ব -> প্রানুলা লার্ভা দশা। অ্যানিলিডা পর্ব -> ট্রোকোফোর লার্ভা দশা
594,MAT 2007-2008,নিম্নের কোনটি অগ্রমস্তিস্কের অংশ নয়?,সেরেব্রাম,সেরেবেলাম,থ্যালামাস,হাইপোথ্যালামাস,B,"অগ্রমস্তিষ্কের অংশ তিনটি — সেরেব্রাম, থ্যালামাস এবং হাইপোথ্যালামাস। সেরেবেলাম মধ্যমস্তিষ্কের নিচে অবস্থিত এবং এটি অগ্রমস্তিষ্কের অংশ নয়।"
752,MAT 2014-2015,নিচের কোনটি ভ্রূণীয় এক্টোডার্ম স্তর থেকে তৈরি হয়?,লোহিত কণিকা,থাইমাস,কেন্দ্রীয় স্নায়ুতন্ত্র,অস্থি সন্ধি,C,"তিনটি ভ্রূণীয় স্তর ও তাদের পরিণতি:
ভ্রূণীয় স্তর → পরিণতি
এক্টোডার্ম → ত্বক, চুল, নখ, স্নায়ুতন্ত্র, চোখের অংশ, পায়ুর আবরণ
মেসোডার্ম → কঙ্কাল, পেশি, রক্ত, লসিকা, যোজক কলা, জনন ও রেচনতন্ত্র
এন্ডোডার্ম → পাকস্থলী, অন্ত্র, শ্বাসতন্ত্র, থাইরয়েড, থাইমাস, অগ্ন্যাশয়, যকৃত"
153,DAT 2024-2025,ট্রিপসিন জারকের জন্যে সঠিক কোনটি?,এন্টারোকাইনেজের উপস্থিতিতে সক্রিয় হয়,লিপিডের উপর কাজ করে,হাইড্রোক্লোরিক এসিডের মাধ্যমে সক্রিয় হয়,পাকস্থলিতে নিঃসৃত হয়,A,"ট্রিপসিন অগ্ন্যাশয় থেকে নিঃসৃত হয়, এন্টারোকাইনেজের উপস্থিতিতে সক্রিয় হয়, প্রোটিনের উপর কাজ করে, কাইমোট্রিপসিনোজেনকে সক্রিয় করে।"
901,MAT 2024-2025,কোন চক্রের মাধ্যমে যকৃতে ইউরিয়া তৈরী হয়?,কার্বন চক্র,অরনিথিন চক্র,ক্রেবস চক্র,নাইট্রোজেন চক্র,B,"অরনিথিন চক্র এ প্রক্রিয়ায় যকৃত অত্যন্ত বিষাক্ত NH3 কে শর্করা বিপাকে সৃষ্ট CO2 এর সাথে যুক্ত করে ইউরিয়া তৈরি করে, যা মূত্ররূপে দেহ হতে নিষ্কাশিত হয়। NH3 + CO2 → ইউরিয়া।"
188,AFMC 2021-2022,কোন প্রক্রিয়ায় RNA হতে DNA তৈরি হয়?,রিভার্স ট্রান্সক্রিপশন,ট্রান্সলেশন,ট্রান্সক্রিপশন,রেপ্লিকেশন,A,বিভার্স ট্রান্সক্রিপশন প্রক্রিয়ায় ভাইরাল RNA থেকে কমপ্লিমেন্টারি DNA তৈরী করা হয়।
57,MAT 2020-2021,কোনটি ভাইরাস বৃদ্ধিতে বাঁধা দেয়?,Interferon,Lactorine,Lysozyme,Defensin,A,ইন্টারফেরন হলো প্রতিরক্ষামূলক প্রোটিন যা ভাইরাস আক্রান্ত কোষে উৎপন্ন হয়ে ভাইরাসের সংখ্যাবৃদ্ধিতে বাঁধা দেয়। এটি ক্যান্সার আক্রান্ত কোষের বৃদ্ধিতেও বাঁধা দিয়ে থাকে।
62,MAT 2020-2021,কোনটি আমিষ পরিপাককারী (digesting) এনজাইম?,Lipase,Pepsin,Lactase,Isomaltase,B,"Lipase → স্নেহ পরিপাককারী এনজাইম।
Isomaltase, Lactase → শর্করা পরিপাককারী এনজাইম।
Pepsin, Trypsin, Chymotrypsin, Aminopeptidase, Carboxypeptidase, Tri/Di-peptidase প্রভৃতি → আমিষ পরিপাককারী এনজাইম।"
446,MAT 2015-2016,মানুষের নবম জোড়া করোটিক স্নায়ুর নাম কী?,হাইপোগ্লোসাল,স্পাইনাল অ্যাকসেসরি,অ্যাবডুসেন্স,গ্লাসোফ্যারিঞ্জিয়াল,D,"গ্লসোফ্যারিঞ্জিয়াল স্নায়ু নবম করোটিক স্নায়ু।
 অন্যান্য অপশন সম্পর্কিত তথ্য:
অ্যাবডুসেন্স স্নায়ু ষষ্ঠ করোটিক স্নায়ু
হাইপোগ্লোসাল স্নায়ু → ১২তম করোটিক স্নায়ু
স্পাইনাল অ্যাকসেসরি স্নায়ু ১১তম করোটিক স্নায়ু"
545,MAT 1989-1990,বৃক্কে বিদ্যমান-,নেফ্রন,নিউরন,মূত্রথলি,ল্যাঙ্গারহ্যান্স এর দ্বীপপুঞ্জ,A,বৃক্কের গাঠনিক ও কার্যকরী একক হচ্ছে নেফ্রন।
973,AFMC 2019-2020,দ্বিপদ নামকরণের জনক কে?,ক্যারোলাস লিনিয়াস,বেন্থাম হুকার,থিওফ্রাস্টাস,মেন্ডেল,A,"দ্বি-পদ নামকরণের জনক: ১৭৫৮ সালে সুইডিস বিজ্ঞানী ক্যারোলাস লিনিয়াস
প্রাণিদের দ্বিপদ নামকরণের নীতি প্রবর্তন করেন। এ জন্য তাকে দ্বি-পদ নামকরনের
জনক বলা হয়।"
305,AFMC 2015-2016,অ্যানিমাল পোলের ক্ষেত্রে কোনটি সঠিক?,ভ্রূণের অংশে বড় বড় কোষ থাকে,প্রাথমিক জীবাণুস্তর তৈরি করেনা,এতে বৃহৎ পরিমাণে কুসুম কোষ রয়েছে,কোষগুলো অনেক দ্রুত বিভাজিত হয়,D,"উন্নয়ন জীববিজ্ঞানে, ভ্রূণ Animal Pole এবং Vegetal Pole নামে দুই ভাগে বিভক্ত হয়।
Animal Pole এ ছোট ছোট কোষ থাকে এবং দ্রুত বিভাজিত হয়।
Vegetal Pole নিচের অংশে থাকে এবং এতে বেশি পরিমাণে কুসুম কোষ থাকে।"
260,DAT 2020-2021,নিচের কোন হরমোনটি রক্তে সোডিয়ামের মাত্রা নিয়ন্ত্রণ করে?,গ্লুকাগন,অ্যালডোস্টেরন,এনজিওটেনসিন,রেনিন,B,"রেনিন - নিষ্ক্রিয় অ্যানজিওটেনসিনোজেনকে সক্রিয় অ্যানজিওটেনসিনে পরিণত করে।
অ্যানজিওটেনসিন - অ্যাড্রেনাল কর্টেক্স থেকে অ্যালডোস্টেরন ক্ষরণকে উদ্দীপিত করে।
গ্লুকাগন - রক্তে গ্লুকোজের পরিমাণ বৃদ্ধি করে।"
254,MAT 2019-2020,হাইড্রার কোন অংশে নিডোসাইট কোষ সবচেয়ে বেশি থাকে?,দেহ প্রাচীর,কর্ষিকা,দেহ কাণ্ড,পাদ-চাকতি,B,"Hydra-র পাদচাকতি ব্যতীত দেহের সর্বত্র নিডোসাইট কোষ বিদ্যমান থাকে। তবে, কর্ষিকাতে এদের সংখ্যা অধিক।"
666,MAT 2004-2005,ইন্টারফেরনের কাজ নয় কোনটি?,অনাক্রম্যতন্ত্রকে নিয়ন্ত্রণ করা,অ্যান্টিবডি উৎপাদনে বাঁধা দেওয়া,হরমোন উৎপাদনে সাহায্য করা,NK কোষের ক্ষমতা ও বংশবৃদ্ধি করা,C,ইন্টারফেরন হলো ভাইরাস আক্রান্ত কোষ থেকে নিঃসৃত ক্ষুদ্র গ্লাইকোপ্রোটিন। এটি সুস্থ কোষকে ভাইরাস আক্রমণের বিরুদ্ধে প্রতিরোধী করে তোলে। তবে এটি হরমোন উৎপাদনে সাহায্য করে না।
345,DAT 2017-2018,"মানব পিত্তরস সম্বন্ধে নিচের কোন তথ্যটি সঠিক, ইহা-",একটি অম্লীয় তরল,এনজাইম সমৃদ্ধ,পাকস্থলিতে পরিপাকে সহায়তা করে,যকৃতে তৈরি হয়,D,যকৃত কোষ (হেপাটোসাইট) অনবরত পিত্তরস ক্ষরণ করে এবং পিত্তথলিতে জমা রাখে। পিত্তরস ক্ষার জাতীয় তরল পদার্থ। এতে কোন এনজাইম থাকে না। পিত্তরসের সোডিয়াম বাইকার্বনেট উপাদানটি পাকস্থলী থেকে আগত HCI কে প্রশমিত করে ক্ষারীয় পরিবেশ সৃষ্টি করে যা ক্ষুদ্রান্ত্রে বিভিন্ন এনজাইমের কার্যকারিতার জন্য অত্যন্ত প্রয়োজন।
603,MAT 2001-2002,হার্ডেরিয়ান গ্রন্থির অবস্থান যেখানে-,ক্ষুদ্রান্ত,চক্ষু,অ্যাড্রেনাল,অগ্ন্যাশয়,B,হার্ডেরিয়ান গ্রন্থি চোখের সাথে যুক্ত থাকে। এটি চোখের অশ্রুগ্রন্থি এবং চোখের আদ্রতা বজায় রাখতে সাহায্য করে।
128,AFMC 2017-2018,রেটিনার কোন ধরনের কোষ থেকে অপটিক স্নায়ু তৈরী হয়?,রড কোষ,কোণ কোষ,বাইপোলার নিউরন,গাংগ্লিওন কোষ,D,"রেটিনা রড কোষ ও কোণ কোষ নামক দুই ধরনের কোষ নিয়ে গঠিত। রেটিনার দশটি উপস্তর রয়েছে। রেটিনায় বস্তুর প্রতিবিম্ব তৈরী হয়। রেটিনা থেকে অপটিক স্নায়ু তৈরী হয়, যা দর্শন অনুভূতি মস্তিষ্কে প্রেরণ করে। রেটিনার গাংগ্লিওন কোষ থেকে অপটিক স্নায়ু তৈরী হয়।"
696,DAT 2009-2010,নিম্নের কোনটি সঠিক নয়?,লালারসে টায়ালিন নামক উৎসেচক উপস্থিত থাকে,প্রতিদিন প্রায় 2 লিটার গ্যাস্ট্রিক রস নিঃসৃত হয়,মিউসিন HCl-এর ক্ষতিকর ভূমিকা থেকে পাকস্থলি প্রাচীরকে রক্ষা করে,হাইড্রোক্লোরিক এসিডের উপস্থিতি পেপসিনের কার্যক্রমকে বাধাগ্রস্ত করে,D,"HCl এর উপস্থিতিতে নিষ্ক্রিয় পেপসিনোজেন সক্রিয় পেপসিনে রূপান্তরিত হয়, ফলে হাইড্রোক্লোরিক এসিড পেপসিনের কার্যক্রম বাধাগ্রস্ত করে না বরং সক্রিয় করে।"
991,AFMC 2019-2020,মানবদেহে কোন ইউমিউনোগ্লোবিউলিন অনুপস্থিত?,IgB,IgM,IgD,IgA,A,"ইংরেজি শব্দ ইমিউনোগ্লোবিন (Immunoglobulin)-এর সংক্ষিপ্ত রূপ Ig-এর সাথে একটি ইংরেজি বর্ণযোগ করে একেকটি শ্রেণীকে নির্দেশ করা হয়। এই ৫টি শ্রেণী হল IgG, IgM, IgA, IgD, এবং IgE। এই পাঁচ শ্রেণীর প্রতিরক্ষিকা কেবল এদের কাঠামোর অপরিবর্তনশীল অঞ্চলের গঠনেই নয়, বরং কর্মস্থল অনুযায়ীও ভিন্ন হয়।"
816,MAT 2022-2023,মানবদেহে কোনটি লুপ্তপ্রায় অংগ?,থাইরয়েড গ্ল্যান্ড,থাইমাস,স্ক্যাপুলা,ক্যানাইন দাঁত,B,"মানবদেহের লুপ্তপ্রায় অঙ্গগুলো হলো থাইমাস গ্রন্থি, আক্কেল দাঁত, কর্তন দাঁত, পুচ্ছাস্থি, গায়ের লোম, উপপল্লব ইত্যাদি।"
372,MAT 2018-2019,কোনটি মানুষের পশ্চাৎ মস্তিষ্কের অংশ নয়?,মেডুলা অবলংগাটা,পনস,সেরেবেলাম,থ্যালামাস,D,"পশ্চাৎ মস্তিষ্কের অংশসমূহ: সেরেবেলাম, মেডুলা অবলংগাটা, পনস।
অগ্রমস্তিষ্কের অংশ: সেরেব্রাম, থ্যালামাস, হাইপোথ্যালামাস।
মধ্যমস্তিষ্কের অংশ: টেকটাম, সেরেব্রাল অ্যাকুইডাক্ট, কর্পোরা কোয়াড্রিজেমিনা, সেরেব্রাল পেডাঙ্কল।"
522,MAT 2006-2007,স্বরতন্ত্রীর অবস্থান হচ্ছে-,গলবিল,ট্রাকিয়া বা শ্বাসনালি,নাসাগহ্বর,ল্যারিংক্স,D,"স্বরযন্ত্র বা ল্যারিংস:
এটি শ্বাসনালিতে উন্মুক্ত হয়।
এর দুপাশে ২টি করে পাতলা মাংসপেশি আছে, এরাই স্বরতন্ত্রী বা ভোকাল কর্ড (Vocal cord)।
এটি কয়েকটি তরুণাস্থি দ্বারা গঠিত। এদের মধ্যে থাইরয়েড তরুণাস্থি সবচেয়ে বড়।
স্বরযন্ত্রের উপরিভাগের জিহ্বাকৃতির ঢাকনাকে উপজিহ্বা বা এপিগ্লটিস (epiglottis) বলা হয়।"
405,MAT 2017-2018,হেনলির লুপের অবস্থান বৃক্কের কোথায়?,বৃক্কীয় নালিকায়,রেনাল করপাসলে,এফারেন্ট ধমনিকাতে,ইফারেন্ট ধমনিকাতে,A,"বৃক্কের কার্যকরী একক নেফ্রন। নেফ্রণের ২টি প্রধান অংশ:
i. রেনাল করপাসল (২টি অংশ):
রেনাল ক্যাপসুল
গ্লোমেরুলাস
ii. রেনাল টিউব্যুল (৪টি অংশ):
প্রক্সিমাল প্যাঁচানো নালিকা
লুপ অব হেনলি
ডিস্টাল প্যাঁচানো নালিকা
সংগ্রাহী নালী"
412,MAT 2016-2017,ফিলোসফিকা জুওলজিক' গ্রন্থের রচয়িতা কে?,ডারউইন,ল্যামার্ক,দ্য ভিস,ভাইজম্যান,B,"ল্যামার্ক ছিলেন একজন ফরাসি দার্শনিক ও প্রকৃতিবিজ্ঞানী।
তার লেখা ‘ফিলোসফিকা জুওলজিক’ (১৮০৯) গ্রন্থে ল্যামার্কিজম মতবাদ প্রকাশিত হয়।"
482,AFMC 2020-2021,"চিকিৎসাবিদ্যার কোন শাখায় স্থূলতার কারণ, প্রতিরোধ ও চিকিৎসা সম্বন্ধে আলোচনা করা হয়?",Obesity,Geriatrics,Bariatrics,Pediatrics,C,"চিকিৎসাবিদ্যার যে শাখায় স্থূলতার কারণ, প্রতিরোধ ও চিকিৎসা সম্বন্ধে আলোচনা করা হয় তাকে Bariatrics বলা হয়।
অন্যান্য অপশন সম্পর্কিত তথ্য:
Obesity: স্থূলতা।
Geriatrics: বয়স্ক মানুষের চিকিৎসাবিদ্যা।
Pediatrics: শিশুদেহের চিকিৎসাবিষয়ক শাখা।"
170,DAT 2024-2025,কোন গ্রন্থি আমিষ শোষণ নিয়ন্ত্রণ করে?,যকৃত,অগ্ন্যাশয়,থাইমাস,থাইরয়েড,D,কার্বোহাইড্রেট শোষণ নিয়ন্ত্রণ করে -> ইনসুলিন এবং গ্লুকোকটিকয়েড হরমোন। আমিষ এবং লিপিড শোষণ নিয়ন্ত্রণ করে -> থাইরক্সিন হরমোন যা থাইরয়েড গ্রন্থি থেকে নিঃসৃত হয়।
836,DAT 2021-2022,আমাদের জাতীয় পাখির বৈজ্ঞানিক নাম কি?,Gracula religiosa,Copsychus saularis,Passer domesticus,Columba livia,B,আমাদের জাতীয় পাখি দোয়েলের বৈজ্ঞানিক নাম Copsychus saularis
78,AFMC 2019-2020,পেসমেকারে কোন ব্যাটারি ব্যবহৃত হয়?,লিথিয়াম,লেড,পটাশিয়াম,কার্বনিয়াম,A,"একটি লিথিয়াম ব্যাটারি, কম্পিউটারাইজড জেনারেটর ও শীর্ষেসেন্সরযুক্ত কতগুলো তার নিয়ে একটি পেসমেকার গঠিত হয়।"
966,MAT 2020-2021,ভ্রূণে লোহিত কণিকাসমূহ নিম্নের কোথায় তৈরি হয়?,থাইমাস,অগ্ন্যাশয়,প্লীহা,অস্থি মজ্জা,"A,C","ভ্রূণীয় জীবনে লোহিত কণিকাসমূহ কুসুম থলি (৩ সপ্তাহ বয়সে) যকৃত, প্লীহা ও থাইমাস (৬ মাস বয়স পর্যন্ত) থেকে উৎপন্ন হয়। আর, ভূমিষ্ট হওয়ার সময় থেকে পশুকা, কশেরুকা, স্টার্নাম ও শ্রোণিচক্রের লাল অস্থিমজ্জায় অবস্থিত বড় নিউক্লিয়াসযুক্ত এরিথ্রোব্লাস্ট নামক স্টেমকোষ থেকে অবিরাম লোহিত কণিকা সৃষ্টি হয়।"
83,AFMC 2019-2020,অত্যাবশ্যকীয় অ্যামিনো এসিড নয় কোনটি?,হিস্টিডিন,আইসোলিউসিন,লাইসিন,অ্যালানিন,C,"খাদ্যে উপস্থিতির প্রয়োজনীয়তার ভিত্তিতে অ্যামিনো অ্যাসিড দুই ভাগে বিভক্ত। যথা-
১। অত্যাবশ্যকীয় অ্যামিনো অ্যাসিড। এরা দেহাভ্যন্তরে সংশ্লেষিত হয় না। উদাহরণ- লিউসিন, আইসোলিউসিন, লাইসিন, থ্রিওনিন, ভ্যালিন, মেথিওনিন, ফিনাইল অ্যালানিন এবং ট্রিপটোফ্যান (৮টি)। শিশুদের জন্য অত্যাবশ্যকীয় অ্যামিনো অ্যাসিড ১০টি। অতিরিক্ত- আরজিনিন ও হিস্টিডিন।
২। অনাত্যাবশ্যকীয় অ্যামিনো অ্যাসিড: এরা দেহাভ্যন্তরে সংশ্লেষিত হতে পারে। সংখ্যায় ১২টি এবং শিশুদের ক্ষেত্রে ১০টি।"
738,MAT 2015-2016,কোন ভিটামিন পানিতে দ্রবণীয়?,ভিটামিন A,ভিটামিন D,ভিটামিন B কমপ্লেক্স,ভিটামিন K,C,পানিতে দ্রবণীয় ভিটামিন হলো ভিটামিন B এবং ভিটামিন C।
904,MAT 2024-2025,এনজিওপ্লাস্টি করলে কি হয়?,হৃদস্পন্দন বৃদ্ধি পায়,সরু ধমনী প্রশস্ত হয়,হৃদস্পন্দনের গতি ধীর হয়,রক্ত সঞ্চালনের গতি বৃদ্ধি পায়,B,বড় ধরণের অস্ত্রোপচার না করে সংকীর্ণ লুমেনযুক্ত বা রুদ্ধ হয়ে যাওয়া করোনারি ধমনি পুনরায় প্রশস্ত লুমেনযুক্ত করা বা উন্মুক্ত করার পদ্ধতিকে এনজিওপ্লাস্টি বলে। এনজিওপ্লাস্টির উদ্দেশ্য হচ্ছে সরু বা বন্ধ হয়ে যাওয়া লুমেনের ভিতর দিয়ে হৃৎপিন্ডে পর্যাপ্ত O₂ সরবরাহ নিশ্চিত করে হৃৎপিন্ড ও দেহকে সচল রাখা।
291,DAT 2019-2020,নিচের কোন গ্রন্থিটি ক্যালসিয়াম বিপাকে সহায়তা করে?,প্যারাথাইরয়েড,থাইরয়েড,পিটুইটারি,অ্যাড্রেনাল,A,প্যারাথাইরয়েড গ্রন্থি থেকে নিঃসৃত প্যারাথাইরয়েড হরমোন বা প্যারাথরমোন বা প্যারাথাইরিন এর প্রধান কাজ ক্যালসিয়াম ও ফসফরাসের বিপাক নিয়ন্ত্রণ। এটি বৃক্কে ক্যালসিয়ামের পুনঃশোষণ বাড়িয়ে দিয়ে রক্তে ক্যালসিয়ামের মাত্রা বাড়ায় এবং ফসফেটের মাত্রা কমায়। থাইরয়েড গ্রন্থি নিঃসৃত ক্যালসিটোনিন রক্তে ক্যালসিয়ামের মাত্রা কমায়।
311,DAT 2018-2019,সিফিলিস রোগের জন্য দায়ী নিচের কোনটি?,Treponema pallidum,Neisseria gonorrhoeae,Treponema vagmalis,Trichomonas vaginalis,A,"যৌনবাহিত রোগের জীবাণু:
সিফিলিস → Treponema pallidum
গনোরিয়া → Neisseria gonorrhoeae
এইডস → HIV"
849,MAT 2021-2022,কোন এনজাইম আমিষ পরিপাকে সাহায্য করে?,ল্যাকটেজ,ট্রিপসিন,অ্যামাইলেজ,লাইপেজ,B,"ট্রিপসিন এনজাইম আমিষ পরিপাকে সাহায্য করে। ল্যাকটেজ, অ্যামাইলেজ এনজাইম শর্করা পরিপাকে সাহায্যে করে। লাইপেজ ফ্যাট পরিপাকে সাহায্য করে।"
100,AFMC 2018-2019,নিচের কোন প্রাণীটি ত্রিস্তরী?,অ্যামিবা,কেঁচো,হাইড্রা,ম্যালেরিয়া জীবাণু,B,"ত্রিস্তরী প্রাণীর উদাহরণ: কৃমি, শামুক, অক্টোপাস, কেঁচো,
জোঁক, চিংড়ি, মৌমাছি, ব্যাঙ, হাতি, মানুষ সবাই ত্রিস্তরী প্রাণী।"
490,MAT 2002-2003,শোষিত খাদ্যবস্তুর প্রোটোপ্লাজমে রূপান্তরকে বলে-,পরিপাক,শোষণ,আত্তীকরণ,অধিশোষণ,C,"আত্তীকরণ হলো শোষিত খাদ্যবস্তুর প্রোটোপ্লাজমে রূপান্তরের প্রক্রিয়া।
অন্যান্য অপশন:
পরিপাক — খাদ্যবস্তু গলাধঃকরন ও এনজাইমের সহায়তায় ভাঙ্গন।
শোষণ — খাদ্য পরিপাকের পর রক্তনালীর মাধ্যমে সারা দেহে ছড়িয়ে যাওয়ার প্রক্রিয়া।
অধিশোষণ — কোনো পদার্থের অন্য একটি পদার্থের পৃষ্ঠতলে সঞ্চিত বা কেন্দ্রীভূত হওয়া, অভ্যন্তরে প্রবেশ না করা।"
421,MAT 2016-2017,কোনটি ক্ষুদ্রান্ত্রের অংশ নয়?,ডিওডেনাম,ইলিয়াম,এপেনডিক্স,জেজুনাম,C,ক্ষুদ্রান্ত্রের তিনটি অংশ। যথা- ১) ডিওডেনাম ২) জেজুনাম ৩) ইলিয়াম। আর বৃহদান্ত্রের ৩টি অংশ হলো- ১) সিকাম ২) কোলন ৩) মলাশয়। সিকামের সাথে এপেনডিক্স সংযুক্ত থাকে। এপেনডিক্স একটি নিষ্ক্রিয় অঙ্গ যা উদরীয় টনসিল নামেও পরিচিত।
835,DAT 2021-2022,কোনটি Live attenuated ভ্যাক্সিন?,হাম,হেপাটাইটিস বি,টিটেনাস,ইনফ্লুয়েঞ্জা,A,"মিজলজ (হাম) → Live attenuated vaccine,
হেপাটাইটিস বি → Subunut vaccine,
টিটেনাস → Toxoid vaccine,
ইনফ্লুয়েঞ্জা → Killed or Inactivated vaccine."
766,AFMC 2020-2021,সন্তান প্রসবে কোন হরমোন সাহায্য করে?,অক্সিটোসিন,অক্সিন,টেস্টোস্টেরন,গোনাডোট্রপিন,A,শিশু প্রসব: ৪০তম সপ্তাহে অক্সিটসিন ও প্রোস্টাগ্লান্ডিন হরমোন দুটির সক্রিয়তায় জরায়ুর সংকোচন ঘটে। ফলে শিশু জরায়ু থেকে বাইরে আসতে পারে। এটি ৩টি ধাপে সম্পন্ন হয়।
782,MAT 2017-2018,স্ত্রী রুইমাছ ডিম পাড়ে কখন?,জানুয়ারি-মার্চ মাস,ফেব্রুয়ারি-মে মাস,জুন-আগস্ট মাস,সেপ্টেম্বর-জানুয়ারি মাস,C,স্ত্রী রুইমাছ সাধারণত বর্ষাকাল (জুন-জুলাই) মাসে প্রজননের জন্য তৈরি হয় এবং ডিম পাড়ে।
935,DAT 2021-2022,কোনটি Live attenuated ভ্যাক্সিন?,হাম,হেপাটাইটিস বি,টিটেনাস,ইনফ্লুয়েঞ্জা,A,"মিজলজ (হাম) → Live attenuated vaccine,
হেপাটাইটিস বি → Subunut vaccine,
টিটেনাস → Toxoid vaccine,
ইনফ্লুয়েঞ্জা → Killed or Inactivated vaccine."
982,AFMC 2019-2020,কত BMI কে স্বাভাবিক ওজন হিসেবে ধরা হয়?,25.2-29.1,21.5-23.9,18.5-24.9,10.1-14.8,C,"ওজন (কি.গ্রা.) / উচ্চতা (মিটার) → শ্রেনী
< ১৮.৫০→ওজনহীনতা
১৮.৫০ – ২৪.৯ → স্বাভাবিক
২৫.০০ – ২৯.৯ → ওজনাধিক্য
৩০.০০ – ৩৪.৯ → গ্রেড-১ স্থুলতা
৩৫.০০ – ৩৯.৯→ গ্রেড-২ স্থুলতা
> ৪০.০০ →গ্রেড-৩ স্থুলতা/ রোগ গ্রস্থ চূড়ান্ত পর্যায়ের স্থুলতা"
548,MAT 2010-2011,মানুষের গ্লোমেরুলাসে পরিদ্রুত মূত্র ADH এর প্রভাব ছাড়া নিম্নের (%) কতভাগ পুনঃশোষণ প্রক্রিয়ায় নেফ্রনের প্রক্সিমাল প্যাঁচানো নালিকায় শোষিত হয়?,20,40,60,80,C,"নেফ্রনের প্রক্সিমাল প্যাঁচানো নালিকায় প্রায় 60% পুনঃশোষণ ঘটে, বাকি 40% লুপ অব হেনলি, ডিস্টাল প্যাঁচানো নালিকা ও সংগ্রাহী নালিকায় শোষিত হয়।"
339,DAT 2017-2018,মোলার দাঁতের কাজ কোনটি?,খাবার টুকরা করা ও ছেঁড়া,খাবার টুকরা করা ও পেষণ করা,খাবার চর্বন করা ও পেষণ করা,খাবার ছোঁড়া ও চর্বন করা,B,"মোলার দাঁতের কাজ হচ্ছে খাবার টুকরা করা ও পেষণ করা, যা খাবারের পরিপাক প্রক্রিয়ায় সহায়তা করে।"
197,AFMC 2021-2022,প্যানক্রিয়াসের আইলেটস অব ল্যাঙ্গার হ্যান্স এর কোন কোষ (Cells) থেকে ইনসুলিন নিঃসৃত হয়?,আলফা কোষ,ডেলটা কোষ,পিপি কোষ,বিটা কোষ,D,আলফা কোষ থেকে গ্লুকাগন এবং বিটা কোষ থেকে ইনসুলিন নিঃসৃত হয়।
970,MAT 2020-2021,গ্রোথ হরমোন কোথায় তৈরি হয়?,Thalamus,Hypothalamus,Adrenal gland,Pituitary gland,D,"অগ্র পিটুইটারি গ্রন্থি থেকে বৃদ্ধিপোষক হরমোন (STH) বা Growth hormone তৈরি ও নিঃসৃত হয়। অগ্র পিটুইটারি গ্রন্থি থেকে আর যে সব হরমোন নিঃসৃত হয়- Prolactin, LH, ACTH, TSH, FSH ।"
354,DAT 2016-2017,সেরেব্রামের দুটি খণ্ডকে সংযোগকারী স্নায়ু গুচ্ছের নাম-,কর্পাস অ্যালবিকান্স,কর্পাস অ্যাটরেটিকাম,কর্পাস ক্যালোসাম,কর্পাস লুটিয়াম,C,কর্পাস ক্যালোসাম সেরেব্রামের দুটি খণ্ডকে সংযুক্ত করে।
572,MAT 2009-2010,নিম্নের কোন অস্থিতে মজ্জা গহ্বর নাই?,ইশ্চিয়াম,স্টার্নাম,কারপাল,ক্ল্যাভিকল,D,"ক্ল্যাভিকল অস্থিতে মজ্জা গহ্বর থাকে না, এটি পরিবর্তিত দীর্ঘ অস্থি।"
94,AFMC 2019-2020,দেহের ভারসাম্য রক্ষা করে কোনটি?,বহিঃকর্ণ,অন্তঃকর্ণ,মধ্যাকর্ণ,কোনটিই নয়,B,
353,DAT 2016-2017,পাকস্থলিতে কোন করোটিক স্নায়ুর কার্যক্রম বিদ্যমান?,অপটিক,অডিটরি,ভেগাস,অকুলোমোটর,C,"ভেগাস স্নায়ু স্বরযন্ত্র, হৃৎপিণ্ড, পাকস্থলি ও ফুসফুসে কার্যক্রম পরিচালনা করে।"
127,AFMC 2017-2018,মুখমন্ডলীয় অস্থিতে প্যালেটিন এর সংখ্যা কত?,৫,২,১,৮,B,মুখমন্ডলীয় অস্থিতে প্যালেটিন আছে-২টি
202,AFMC 2021-2022,শ্বসনতন্ত্রের উৎপত্তি কোথা থেকে হয়?,Endoderm,Ectoderm,Mesoderm,Teloderm,A,শ্বসনতন্ত্রের উৎপত্তি এন্ডোডার্ম থেকে হয়।
154,DAT 2024-2025,পূর্ণবয়স্ক সুস্থ মানুষের দু'টি ফুসফুসে আলভিওলাসের সংখ্যা কত?,২৫০ মিলিয়ন,৫০০ মিলিয়ন,৩০০ মিলিয়ন,৭০০ মিলিয়ন,D,"নবজাতক শিশুর ফুসফুসে ২০ মিলিয়ন, ৮ বছরের শিশুর ৩০০ মিলিয়ন এবং একজন পূর্ণবয়স্ক মানুষের ফুসফুসে প্রায় ৭০০ মিলিয়ন অ্যালভিওলাই থাকে।"
990,AFMC 2019-2020,গ্রন্থিরাজ বলা হয় কোনটিকে?,শুক্রাশয়,অগ্নাশয়,পিটুইটারি,লালা,C,"পিটুইটারি গ্রন্থি মস্তিষ্কের নিচের অংশে অবস্থিত। দেহের সবচেয়ে বেশি গুরুত্বপূর্ণনালিবিহীন গ্রন্থি হলেও এটি আকারে সবচেয়ে ক্ষুদ্র। এই গ্রন্থি থেকে গোনাডোট্রপিক, সোমাটোট্রপিক, থাইরয়েড উদ্দীপকে হরমোন, এডরেনোকর্টিকোট্রপিন ইত্যাদি হরমোন নিঃসৃতসৃ হয়। এই গ্রন্থি থেকে নিঃসৃতসৃ হরমোন সংখ্যায় যেমন বেশি, অপরদিকে অন্যান্য গ্রন্থির ওপর এসব হরমোনের প্রভাবও বেশি। এজন্য পিটুইটারি গ্রন্থিকে প্রধান/প্রভু গ্রন্থি বলা হয়।"
257,MAT 2019-2020,আন্তঃকশেরুকা চাকতিতে কী ধরনের তরুণাস্থি পাওয়া যায়?,স্থিতিস্থাপক তরুণাস্থি,চুনময় তরুণাস্থি,শ্বেত-তত্ত্বময় তরুণাস্থি,স্বচ্ছ তরুণাস্থি,C,"স্থিতিস্থাপক: বহিঃকর্ণ বা পিনা, ইউস্টেশিয়ান নালি, এপিগ্লটিস প্রভৃতি।
চুনময়: হিউমেরাস ও ফিমারের মস্তক।
শ্বেত-তত্ত্বময়: দুটি কশেরুকার মধ্যবর্তী অঞ্চল।
স্বচ্ছ: স্তন্যপায়ীর নাক, শ্বাসনালি, স্বরযন্ত্র এবং ব্যাঙ ও হাঙরের ভ্রূণ বা পরিণত দেহ প্রভৃতি।"
101,AFMC 2018-2019,রক্তে গ্লুকোজের মাত্রা নিয়ন্ত্রণে কোন সংবহনতন্ত্রের ভূমিকা রয়েছে?,পালমোনারি,সিস্টেমিক,যকৃত পোর্টালতন্ত্র,বৃক্কীয় পোর্টালতন্ত্র,C,"যকৃত পোর্টাল তন্ত্রের তাৎপর্য বা কাজ:
১. পরিপাককৃত ও রক্ত কর্তৃক শোষিত খাদ্যসার পোর্টালতন্ত্রের মাধ্যমে
যকৃতে পৌছালে ইনসুলিন নামক হরমোনের প্রভাবে রক্ত থেকে
অতিরিক্ত গ্লুকোজ যকৃত শোষণ করে এবং জমা রাখে।
২. আবার রক্তে গ্লুকোজের মাত্রা কমে গেলে হরমোনের প্রভাবে যকৃত
কোষ থেকে সঞ্চিত গ্লুকোজ পোর্টালতন্ত্রের কৈশিকনালির মাধ্যমে
রক্তস্রোতে আসে। এভাবে যকৃত পোর্টালতন্ত্র রক্তে গ্লুকোজের মাত্রা
নিয়ন্ত্রণ করে।"
234,MAT 2019-2020,কোষের কোথায় ক্রেবস চক্র (Krebs cycle) সংঘটিত হয়?,Cytoplasm,Ribosome,Mitochondria,Chloroplast,C,"ক্রেবস চক্র শ্বসনের একটি ধাপ যা মাইটোকন্ড্রিয়ার ম্যাট্রিক্সে সংঘটিত হয়। Sir Hans Adolf Krebs এটি আবিষ্কার করেন। গ্লাইকোলাইসিস ছাড়া শ্বসনের সবকটি বিক্রিয়া (ক্রেবস চক্র, ETS/ অক্সিডেটিভফসফোরাইলেশন) মাইটোকন্ড্রিয়ায় ঘটে থাকে।"
996,DAT 2021-2022,কোন কোষ বিভাজন পদ্ধতিতে RBC তৈরি হয়?,synopsis,mitosis,meiosis,amitiosis,B,মাইটোসিস পদ্ধতিতে লোহিত রক্তকণিকা তৈরী হয়।
848,MAT 2021-2022,কোনটি autosomal recessive disorder?,থ্যালাসেমিয়া,লাল-সবুজ বর্ণান্ধতা,রাতকানা,হিমোফিলিয়া,A,"লাল-সবুজ বর্ণান্ধতা, রাতকানা, হিমোফিলিয়া- Sex-linked disorder. থ্যালাসেমিয়া- autosomal recessive disorder."
493,MAT 2011-2012,নিম্নের কোন অঙ্গে লোহিত কণিকা ধ্বংস হয়?,প্লীহা,যকৃত,পাকস্থলী,বৃক্ক,"A,B","লোহিত কণিকার উৎপত্তি জন্মের একমাস পূর্বে যকৃত ও প্লীহায় হয়। জন্মের পর লোহিত অস্থিমজ্জা, হিউমেরাস ও ফিমারের মস্তক, কশেরুকা, পশুর্কা, করোটির চ্যাপ্টা অস্থিতে উৎপন্ন হয়।
লোহিত কণিকা ধ্বংস হয় মূলত যকৃত ও প্লীহায়।"
802,MAT 2024-2025,কোন এন্টিবডি প্রধানত এলার্জির সাথে সংশ্লিষ্ট?,IgA,IgM,IgG,IgE,D,"IgE → এটি দুর্লভ Ig, প্রদাহ সাড়া সক্রিয় করে, অ্যালার্জিক সাড়াদানে নেতিবাচক ভূমিকা রাখে।
IgG → গর্ভাবস্থায় অমরা অতিক্রম করে।
IgA → মায়ের বুকের দুধের মাধ্যমে শিশুতে স্থানান্তরিত হয়।"
621,MAT 2009-2010,নিম্নের কোনটি হৃদপিন্ডের সংকোচনের শক্তিকে বাড়ায়?,ইনসুলিন,ভেগাস,এডরেনালিন,প্যারাথরমোন,C,এডরেনালিনকে আপদকালীন হরমোন বলা হয়। এটি হৃদস্পন্দন বৃদ্ধি করে ও হৃদপিণ্ডের সংকোচনের শক্তি বাড়ায়।
559,MAT 1990-1991,হিউমেরাস কোন অস্থিটিকে বলা হয়?,অগ্রপদের অস্থি,হাতের অস্থি,বাহুর অস্থি,পায়ের অস্থি,C,হিউমেরাস হচ্ছে বাহুর অস্থি। এটি ঊর্ধ্ব বাহুর একক বৃহৎ অস্থি।
523,MAT 2006-2007,ব্রঙ্কিয়াল নালীগুলোর কোনটি সঠিক পর্যায়ক্রম?,মুখ্য ব্রংকাই- ব্রঙ্কিওল- গৌণ ব্রঙ্কাই- শ্বসন ব্রঙ্কিওল- প্রান্তীয় ব্রঙ্কিওল- অ্যালভিওলার থলি- অ্যালভিওলার নালী- অ্যালভিওথলি,মুখ্য ব্রংকাই- ব্রঙ্কিওল- গৌণ ব্রঙ্কাই- শ্বসন ব্রঙ্কিওল- প্রান্তীয় ব্রঙ্কিওল- অ্যালভিওলার নালী- অ্যালভিওলার থলি- অ্যালভিওলি,মুখ্য ব্রংকাই- গৌণ ব্রঙ্কাই- ব্রঙ্কিওল- শ্বসন ব্রঙ্কিওল- প্রান্তীয় ব্রঙ্কিওল- অ্যালভিওরার নালী- অ্যালভিওলার থলি- অ্যালভিওলি,মুখ্য বঙ্কাই- গৌণ ব্রঙ্কাই- ব্রঙ্কিওল- প্রান্তীয় ব্রঙ্কিওল- শ্বসন ব্রঙ্কিওল- অ্যালভিওলার নালী- অ্যালভিওলার থলি- অ্যালভিওলি,B,শ্বসন বৃক্ষের পর্যায়ক্রম: ট্রাকিয়া → Primary (মুখ্য) ব্রঙ্কাস → Secondary (গৌণ) ব্রঙ্কাস → Tertiary (সেগমেন্টাল) ব্রঙ্কাস → ব্রঙ্কিওল → টার্মিনাল ব্রঙ্কিওল → শ্বসন ব্রঙ্কিওল → অ্যালভিওলার নালী → অ্যালভিওলার থলি → অ্যালভিওলি।
789,MAT 2016-2017,প্রাপ্তবয়স্ক মানুষের মস্তিষ্কে নিউরনের সংখ্যা কত?,১০ মিলিয়ন,১০ কোটি,১০ বিলিয়ন,১০ লক্ষ,C,"মানব মস্তিষ্কের বৈশিষ্ট্য:
ওজন: প্রায় ১.৩৬ কেজি
আয়তন: প্রায় ১৫০০ ঘন সেন্টিমিটার
নিউরন সংখ্যা: প্রায় ১০০ বিলিয়ন (১ লক্ষ কোটি)"
541,MAT 2003-2004,প্রতিটি বৃক্কে নেফ্রন থাকে-,প্রায় ৮ থেকে ৯ লক্ষ,প্রায় ১২ থেকে ১৪ লক্ষ,প্রায় ১০ থেকে ১২ লক্ষ,প্রায় ১৩ থেকে ১৫ লক্ষ,C,প্রতিটি বৃক্কে প্রায় ১০ লক্ষ থেকে ১২ লক্ষ নেফ্রন থাকে।
792,MAT 2016-2017,"কনে হিমোফিলিয়া বাহক, বর সুস্থ, এদের সন্তানদের ক্ষেত্রে কোনটি মিথ্যা?",পুত্রদের অর্ধেক সুস্থ হবে,পুত্রদের সবাই সুস্থ হবে,পুত্রদের অর্ধেক হিমোফিলিয়ায় আক্রান্ত হবে,কন্যাদের অর্ধেক বাহক হবে,B,"স্বাভাবিক পুরুষ (XᴴY) × বাহক মহিলা (XᴴXʰ) হলে:
সন্তানের সম্ভাব্য জিনোটাইপ → ধরন
XᴴXᴴ →স্বাভাবিক কন্যা
XᴴXʰ →বাহক কন্যা
XᴴY →স্বাভাবিক পুত্র
XʰY → হিমোফিলিক পুত্র"
462,MAT 2014-2015,স্বাভাবিক মূত্রের বর্ণ হালকা হলুদ হয় কিসের উপস্থিতিতে?,বিলিভারডিন,ইউরোক্রোম,বিলিরুবিন,অ্যামোনিয়া,B,"ইউরোক্রোম এর প্রভাবে মূত্র স্বাভাবিক রং হালকা হলুদ (খড় রং) হয়।
 অন্যান্য অপশন সম্পর্কিত তথ্য:
বিলিরুবিন এর প্রভাবে মূত্রের বর্ণ হলুদ হয় (যখন জন্ডিস হয়)।
ইউরিনোড এর উপস্থিতির জন্য মূত্রের ঝাঁঝালো গন্ধ থাকে।"
907,MAT 2024-2025,পেসমেকারের কাজ কি?,রক্তকে তরল রাখে,রক্ত সঞ্চালন বৃদ্ধি করে,হৃদরোগ প্রতিরোধ করে,হৃদস্পন্দনের ধীরগতি নিয়ন্ত্রণ করে,D,হার্ট এটাক ঘটতে পারে এমন ধীর হৃৎস্পন্দন কিংবা হার্ট সার্জারির সময় জরুরী ভিত্তিতে অস্থায়ী পেসমেকার ব্যবহার করা হয়। পেসমেকার ব্যবহারে সব ধরণের অ্যারিথমিয়ার হাত থেকে রক্ষা পাওয়া যায়।
225,MAT 2019-2020,মানবদেহের রক্তে কোন বাফার দ্রবণ (buffer solution) থাকে?,NaHCO₃ and H₂CO₃,NH₄Cl and NH₄OH,CH₃COONa and CH₃COOH,Na₂HPO₄ and H₃PO₄,A,"মানবদেহের রক্তে তিন ধরনের বাফার সিস্টেম থাকে। যথা- বাইকার্বোনেট বাফার, ফসফেট বাফার ও প্রোটিন বাফার। হিমোগ্লোবিন উৎকৃষ্ট বাফাররূপে রক্তের 'বাইকার্বনেট-কার্বনিক এসিড বাফার'-এর সামান্য (2%) নিয়ন্ত্রণ করে। ফসফেট বাফার সিস্টেম হলো আন্তঃকোষীয় বাফার। আর, প্রোটিন বাফার সিস্টেমটি প্লাজমা প্রোটিন ও হিমোগ্লোবিন প্রোটিন সমন্বয়ে গঠিত।"
499,MAT 1988-1989,মানবদেহে রোগ প্রতিরোধক হিসাবে কাজ করে কোনটি?,হিমোগ্লোবিন,শ্বেতকণিকা,লোহিত কণিকা,অনুচক্রিকা,B,শ্বেত রক্তকণিকাকে আণুবীক্ষনিক সৈনিকও বলা হয়।
504,MAT 2013-2014,হৃদপিন্ডের ডান অলিন্দ ও ডান নিলয়ের সংযোগ স্থলের কপাটিকার নাম-,মাইট্রাল কপাটিক,ট্রাইকাসপিড কপাটিকা,পালামোনারী কপাটিকা,অ্যাওর্টিক কপাটিকা,B,"মানুষের হৃৎপিণ্ডের বিভিন্ন কপাটিকার অবস্থান:
ট্রাইকাসপিড কপাটিকা: ডান অলিন্দ ও ডান নিলয়ের সংযোগস্থলে
বাইকাসপিড বা মাইট্রাল কপাটিকা: বাম অলিন্দ ও বাম নিলয়ের সংযোগস্থলে
সেমিলুনার ভাল্ব: পালামোনারি কপাটিকা: ডান নিলয় ও পালমোনারি ধমনির সংযোগস্থলে
সেমিলুনার ভাল্ব: অ্যাওর্টিক কপাটিকা: বাম নিলয় ও অ্যাওর্টার সংযোগস্থলে
থিবেসিয়ান কপাটিকা: করোনারি সাইনাস ও ডান অলিন্দের সংযোগস্থলে
ইউস্টেশিয়ান কপাটিকা: ইনফেরিয়র ভেনাক্যাভা ও ডান অলিন্দের সংযোগস্থলে"
656,MAT 2005-2006,নিচের কোনটি গ্যামিটোজেনেসিসের জন্য সঠিক নয়?,শুক্রাণু-নিউক্লিয়াসের সম্মুখ প্রান্তে গলগি বডি থেকে অ্যাক্রোসোম সৃষ্টি হয়,ব্যাঙের সাইটোপ্লাজমসহ ডিম্বাণু নিউক্লিয়াসটি কুসুম থেকে পৃথক হয়ে ডিম্বাণুর নিম্নপ্রান্ত জুড়ে থাকে,স্পার্মাটোজেনেসিসে হ্যাপ্লয়েড ক্রোমোসোম সেটের DNA অপরিবর্তিত থাকে,প্রত্যেকটি উওগোনিয়াম ডিপ্লয়েড (2n) সংখ্যক ক্রোমোসোম বহন করে,B,ব্যাঙের ডিম্বাণুতে নিউক্লিয়াস ও সাইটোপ্লাজম পৃথক হয় না। বাকি অপশনগুলো গ্যামিটোজেনেসিসের বৈশিষ্ট্য সঠিকভাবে ব্যাখ্যা করে।
866,MAT 2020-2021,ভ্রূণে লোহিত কণিকাসমূহ নিম্নের কোথায় তৈরি হয়?,থাইমাস,অগ্ন্যাশয়,প্লীহা,অস্থি মজ্জা,"A,C","ভ্রূণীয় জীবনে লোহিত কণিকাসমূহ কুসুম থলি (৩ সপ্তাহ বয়সে) যকৃত, প্লীহা ও থাইমাস (৬ মাস বয়স পর্যন্ত) থেকে উৎপন্ন হয়। আর, ভূমিষ্ট হওয়ার সময় থেকে পশুকা, কশেরুকা, স্টার্নাম ও শ্রোণিচক্রের লাল অস্থিমজ্জায় অবস্থিত বড় নিউক্লিয়াসযুক্ত এরিথ্রোব্লাস্ট নামক স্টেমকোষ থেকে অবিরাম লোহিত কণিকা সৃষ্টি হয়।"
492,MAT 2012-2013,রক্তের pH নির্ভর করে যার উপর-,এন্টিজেন,বাফার,রক্তের গ্রুপ,এন্টিবডি,B,"রক্তের স্বাভাবিক pH ৭.৪। এর থেকে ০.৫ কম বা বেশি হলে জীবনহানী হতে পারে। এই সীমিত সীমার মধ্যে রক্তের pH নিয়ন্ত্রিত হয় বিভিন্ন বাফার দ্বারা, যেমন- বাইকার্বোনেট বাফার, ফসফেট বাফার, হিমোগ্লোবিন বাফার ইত্যাদি।"
273,DAT 2020-2021,ক্রোমাটোগ্রাফির (Chromatography) কয়টি পর্যায় (Phase) আছে?,02,04,01,03,A,ক্রোমাটোগ্রাফির ২টি পর্যায় আছে। যথা: ১. স্থির দশা ও ২। চলনশীল দশা।
13,MAT 2024-2025,পেসমেকারের কাজ কি?,রক্তকে তরল রাখে,রক্ত সঞ্চালন বৃদ্ধি করে,হৃদরোগ প্রতিরোধ করে,হৃদস্পন্দনের ধীরগতি নিয়ন্ত্রণ করে,D,হার্ট এটাক ঘটতে পারে এমন ধীর হৃৎস্পন্দন কিংবা হার্ট সার্জারির সময় জরুরী ভিত্তিতে অস্থায়ী পেসমেকার ব্যবহার করা হয়। পেসমেকার ব্যবহারে সব ধরণের অ্যারিথমিয়ার হাত থেকে রক্ষা পাওয়া যায়।
466,MAT 2014-2015,মোটর প্রকৃতির স্নায়ু কোনটি?,হাইপোগ্লোসাল,ফেসিয়াল,ভেগাস,অপথ্যালমিক,A,"মোটর বা চেষ্টীয় স্নায়ু → ৩, ৪, ৬, ১১, ১২।
অন্যান্য অপশন সম্পর্কিত তথ্য:
Mixed বা মিশ্র স্নায়ু → বাকি সব স্নায়ু।
Sensory বা সংবেদী স্নায়ু → ১, ২, ৮।"
743,MAT 2015-2016,কোন চক্রের মাধ্যমে যকৃতে ইউরিয়া তৈরি হয়?,ক্রেবস চক্র,নাইট্রোজেন চক্র,অরনিথিন চক্র,কার্বন চক্র,C,"যকৃতে ইউরিয়া উৎপন্ন হয় অরনিথিন চক্রের মাধ্যমে।
অন্যান্য অপশন সম্পর্কিত তথ্য:
ডিঅ্যামিনেশন প্রক্রিয়ায় ইউরিয়া তৈরি হয়।"
914,MAT 2022-2023,Mollusca এর ক্ষেত্রে কোনটি সঠিক?,নরম কিউটিকুলার এপিডার্মিস দ্বারা আবৃত,নরম ও অখন্ডায়িত,প্রতি খন্ডে নেফ্রিডিয়া বিদ্যমান থাকে,দেহাভ্যন্তরে কেন্দ্রীয় গহ্বর বিদ্যমান,B,"Mollusca নরম মাংসল, অখন্ডকায়িত Annelida নরম কিউটিকলে আবৃত এবং এর প্রতিটি খণ্ডে নেফ্রিডিয়া থাকে।"
833,DAT 2021-2022,কোনটি প্লাজমা প্রোটিন নয়?,ক্রিয়েটিনিন,ফাইব্রিনোজেন,অ্যালবুমিন,গ্লোবুলিন,A,"ক্রিয়েটিনিন → নাইট্রোজেনঘটিত রেচন পদার্থ,
ফাইব্রিনোজেন, অ্যালবুমিন, গ্লোবুলিন → প্লাজমা প্রোটিন।"
316,DAT 2018-2019,নিচের কোনটি সমগোত্রীয় পাখির উদাহরণ নয়?,চড়ুই,চামচঠোঁই কাদাখোচা,হিমালয়ান পার্টিজ,গোল্ডেন প্লোভার,A,"চামচ ঠোঁটি কাদাখোচা, হিমালয়ান পার্টিজ, গোল্ডেন প্লোভার, এবং আর্কটিক টার্ন → পরিযায়ী পাখি।"
214,AFMC 2016-2017,কোন পর্বের প্রাণিদের Plannula লার্ভা দশা রয়েছে?,Nematoda,Cnidaria,Platyhelminthes,Porifera,B,Cnidaria পর্বের প্রাণীদের Plannula নামক সিলিয়াযুক্ত লার্ভা দশা রয়েছে।
624,MAT 2008-2009,নিম্নে উল্লেখিত কোনটি থেকে টেস্টোস্টেরণ হরমোন নিঃসৃত হয়?,শুক্রাণু মাতৃকোষ,সারটলি কোষ,ইন্টারস্টিশিয়াল কোষ,প্রোস্টেট গ্রন্থি,C,পুরুষদের টেস্টিসের ইন্টারস্টিশিয়াল কোষ (লেডিগ কোষ) থেকে টেস্টোস্টেরন হরমোন নিঃসৃত হয়। এটি পুরুষত্বের বৈশিষ্ট্য উন্নত করে।
512,DAT 2008-2009,নিম্ন প্রদত্ত কোন ধমনিটির উৎপত্তি এ্যাওর্টার বাঁক থেকে হয় না?,বাম সাধারণ ক্যারোটিকড,ইনোমিনেট,বামস বিক্রেভিয়ান,ডান সাধারণ ক্যারোটিড,D,"ডান সাধারণ ক্যারোটিডের উৎপত্তি ইনোমিনেট অ্যার্টারি থেকে হয়, যা এ্যাওর্টার বাঁক থেকে উৎপন্ন হয় না। ডান সাধারণ ক্যারোটিড এবং ডান সাবক্লেভিয়ান এর উৎপত্তি ইনোমিনেট যা ব্রাকিওসেফালিক অ্যার্টারি থেকে।
Aortic Arch এর শাখা:
Brachiocephalic trunk/Innominate artery
Left common carotid artery
Left subclavian artery"
217,AFMC 2016-2017,আইলেটস অব ল্যাঙ্গারহ্যানস এর কোষ নয় কোনটি?,আলফা,বিটা,ডেল্টা,গামা,D,"আইলেটস অব ল্যাঙ্গারহ্যানস-এর প্রধান কোষগুলো হলো—
বিটা কোষ: ইনসুলিন উৎপাদন করে (৫০-৮০%)
আলফা কোষ: গ্লুকাগন উৎপাদন করে (১৫-২০%)
ডেল্টা কোষ: সোমাটোস্ট্যাটিন উৎপাদন করে (৩-১০%)
পিপি কোষ: অগ্ন্যাশয়িক পলিউপেপ্টাইড উৎপাদন করে (১%)
গামা কোষ এদের মধ্যে অন্তর্ভুক্ত নয়।"
581,DAT 2010-2011,কোন এনজাইম স্নায়ু উদ্দীপনা পরিবহনে গুরুত্বপূর্ণ ভূমিকা পালন করে?,অ্যাসিটাইলকোলিন এস্টারেজ,মেটালোপ্রোটিন কাইনেজ,ক্ষারীয় ফসফাটেজ,লাইসোজাইম,A,"অ্যাসিটাইলকোলিন এস্টারেজ এনজাইম স্নায়ু উদ্দীপনার অবসান ঘটাতে গুরুত্বপূর্ণ ভূমিকা রাখে, যা স্নায়ুতন্ত্রের সঠিক কার্যকারিতার জন্য অপরিহার্য।"
51,MAT 2021-2022,কেঁচো কোন অঙ্গের মাধ্যমে শ্বাসপ্রশ্বাস নেয়?,হৃদপিন্ড,ফুলকা,ত্বক,ফুসফুস,C,Annelida (কেঁচো)- সিক্ত দেহত্বক দ্বারা শ্বসন সম্পন্ন হয়।
918,MAT 2022-2023,মায়োফাইব্রিলে কি ধরনের আমিষ থাকে?,অ্যাকটিন এবং মায়োসিন,অ্যাকটিন এবং জিলাটিন,মায়োসিন এবং ইলাস্টিন,কোলাজেন এবং মায়োসিন,A,মায়োফাইব্রিলে গুলো অ্যাকটিন ও মায়োসিন নামক প্রোটিন দিয়ে নির্মিত।
373,MAT 2018-2019,চোখের রেটিনার ভিতর সবচেয়ে আলোক সংবেদী অংশের নাম কী?,অন্ধ বিন্দু,আলোক বিন্দু,পীত বিন্দু,সাদা বিন্দু,C,"চোখের রেটিনার ভিতর অন্ধবিন্দুর কাছাকাছি একটি অংশে প্রচুর কোণ কোষ থাকে, যাকে পীতবিন্দু (ফোবিয়া সেন্ট্রালিস) বলে। এটি সবচেয়ে আলোক সংবেদী অংশ, তাই এখানে সবচেয়ে ভালো প্রতিবিম্ব সৃষ্টি হয়।
অন্ধবিন্দু (Blind Spot): যেখানে অপটিক স্নায়ু গঠিত হয় এবং কোনো রড বা কোণ কোষ থাকে না, তাই এটি আলোক সংবেদী নয়।"
56,MAT 2021-2022,কোন পদ্ধতিতে কোভিড ১৯ ভ্যাক্সিন প্রস্তুত করা হয় না?,উপএকক (Subunit vaccine),নিষ্ক্রিয় (Inactivated),এমআরএনএ (mRNA),বিষভিত্তিক (Toxoid),D,"উপএকক, নিষ্ক্রিয়, এমআরএনএ, প্রতিলিপিহীন ভাইরাল ভেক্টর, প্রোটিনের অংশ, ডিএনএ, ভাইরাসের ন্যায় বস্তু, প্রতিলিপি সক্ষম ভাইরাল ভেক্টর, অবনমিত ভাইরাস পদ্ধতিতে কোভিড ১৯ ভ্যাক্সিন প্রস্তুত করা হয়। বিষভিত্তিক (Toxoid) পদ্ধতিতে - Diptheria, Pertusis, Tetanus (DPT) ভ্যাক্সিন প্রস্তুত করা হয়।"
952,MAT 2020-2021,Alveolus থেকে অক্সিজেন রক্তে কিভাবে প্রবেশ করে?,Osmosis,Respiration,Transpiration,Diffusion,D,Diffusion বা ব্যাপন প্রক্রিয়ায় Alveolus এ ০₂ ও CO₂ গ্যাসের বিনিময় ঘটে।
538,DAT 2004-2005,রেচনতন্ত্রের নিচের কোনটি ইউরেটার নামক নালি গঠন করে?,ডাক্ট অব বেলিনি,সংগ্রাহক নালিকা,ডিস্টাল নালিকা,হেনলির লুপ,B,"ইউরেটার সংগ্রাহক নালিকা থেকে গঠিত হয়, যা মূত্রকে বৃক্ক থেকে মূত্রথলিতে পরিবহণ করে।"
463,MAT 2014-2015,নিচের কোনটি ক্লাভিকলের বৈশিষ্ট্য?,এটি একটি বাঁকানো অস্থি,একপ্রান্ত হিউমারাসের সাথে যুক্ত থাকে,এটি একটি খাঁটো অস্থি,এটি অস্থির মজ্জা গহবর আছে,A,"ক্ল্যাভিকল দেখতে ইটালিক 'f' এর মতো বাঁকা অস্থি। এটি একটি দেহ ও দুটি প্রান্ত, যথা স্টার্নাম এবং অ্যাক্রোমিয়াল প্রসেস নিয়ে গঠিত।
অন্যান্য অপশন সম্পর্কিত তথ্য:
মানুষের বক্ষ অস্থিচক্র ২ জোড়া অস্থি নিয়ে গঠিত, যথা একজোড়া ক্ল্যাভিকল ও একজোড়া স্ক্যাপুলা।"
774,MAT 2017-2018,মানব দেহে নিষেক প্রক্রিয়া কোথায় সংঘটিত হয়?,জরায়ু,ডিম্বনালি,ডিম্বাশয়,সারভিক্স,B,নিষেক প্রক্রিয়া ডিম্বনালিতে সংঘটিত হয়।
770,AFMC 2020-2021,কোনটি সেক্স লিংকড ডিসঅর্ডার নয়?,ডায়াবেটিক ম্যালিটাস,হিমোফিলিয়া,বর্ণান্ধতা,সবগুলো,A,"মানুষের যেসব জিন নিয়ন্ত্রিত বংশগত রোগ সেক্স ক্রোমোজোমের (X ও Y) মাধ্যমে বংশ পরম্পরায় সঞ্চারিত হয়, তাদের সেক্স-লিঙ্কড ডিসঅর্ডার বা অস্বাভাবিকতা বলে।
ডায়াবেটিক ম্যালিটাস বংশগত নয়, তবে ডায়াবেটিক ইনসিপিডাস বংশগত।"
125,MAT 2023-2024,কোন পর্বের প্রাণীতে র ্যাবডিটিফর্ম লার্ভা দশা দেখা যায়?,Nematoda,Platyhelminthes,Echinodermata,Arthropoda,A,নেমাটোডা পর্ব -> প্রাণীতে র‍্যাবডিটিফর্ম লার্ভা দশা। নিডারিয়া পর্ব -> প্রানুলা লার্ভা দশা। অ্যানিলিডা পর্ব -> ট্রোকোফোর লার্ভা দশা
594,MAT 2007-2008,নিম্নের কোনটি অগ্রমস্তিস্কের অংশ নয়?,সেরেব্রাম,সেরেবেলাম,থ্যালামাস,হাইপোথ্যালামাস,B,"অগ্রমস্তিষ্কের অংশ তিনটি — সেরেব্রাম, থ্যালামাস এবং হাইপোথ্যালামাস। সেরেবেলাম মধ্যমস্তিষ্কের নিচে অবস্থিত এবং এটি অগ্রমস্তিষ্কের অংশ নয়।"
752,MAT 2014-2015,নিচের কোনটি ভ্রূণীয় এক্টোডার্ম স্তর থেকে তৈরি হয়?,লোহিত কণিকা,থাইমাস,কেন্দ্রীয় স্নায়ুতন্ত্র,অস্থি সন্ধি,C,"তিনটি ভ্রূণীয় স্তর ও তাদের পরিণতি:
ভ্রূণীয় স্তর → পরিণতি
এক্টোডার্ম → ত্বক, চুল, নখ, স্নায়ুতন্ত্র, চোখের অংশ, পায়ুর আবরণ
মেসোডার্ম → কঙ্কাল, পেশি, রক্ত, লসিকা, যোজক কলা, জনন ও রেচনতন্ত্র
এন্ডোডার্ম → পাকস্থলী, অন্ত্র, শ্বাসতন্ত্র, থাইরয়েড, থাইমাস, অগ্ন্যাশয়, যকৃত"
153,DAT 2024-2025,ট্রিপসিন জারকের জন্যে সঠিক কোনটি?,এন্টারোকাইনেজের উপস্থিতিতে সক্রিয় হয়,লিপিডের উপর কাজ করে,হাইড্রোক্লোরিক এসিডের মাধ্যমে সক্রিয় হয়,পাকস্থলিতে নিঃসৃত হয়,A,"ট্রিপসিন অগ্ন্যাশয় থেকে নিঃসৃত হয়, এন্টারোকাইনেজের উপস্থিতিতে সক্রিয় হয়, প্রোটিনের উপর কাজ করে, কাইমোট্রিপসিনোজেনকে সক্রিয় করে।"
901,MAT 2024-2025,কোন চক্রের মাধ্যমে যকৃতে ইউরিয়া তৈরী হয়?,কার্বন চক্র,অরনিথিন চক্র,ক্রেবস চক্র,নাইট্রোজেন চক্র,B,"অরনিথিন চক্র এ প্রক্রিয়ায় যকৃত অত্যন্ত বিষাক্ত NH3 কে শর্করা বিপাকে সৃষ্ট CO2 এর সাথে যুক্ত করে ইউরিয়া তৈরি করে, যা মূত্ররূপে দেহ হতে নিষ্কাশিত হয়। NH3 + CO2 → ইউরিয়া।"
188,AFMC 2021-2022,কোন প্রক্রিয়ায় RNA হতে DNA তৈরি হয়?,রিভার্স ট্রান্সক্রিপশন,ট্রান্সলেশন,ট্রান্সক্রিপশন,রেপ্লিকেশন,A,বিভার্স ট্রান্সক্রিপশন প্রক্রিয়ায় ভাইরাল RNA থেকে কমপ্লিমেন্টারি DNA তৈরী করা হয়।
57,MAT 2020-2021,কোনটি ভাইরাস বৃদ্ধিতে বাঁধা দেয়?,Interferon,Lactorine,Lysozyme,Defensin,A,ইন্টারফেরন হলো প্রতিরক্ষামূলক প্রোটিন যা ভাইরাস আক্রান্ত কোষে উৎপন্ন হয়ে ভাইরাসের সংখ্যাবৃদ্ধিতে বাঁধা দেয়। এটি ক্যান্সার আক্রান্ত কোষের বৃদ্ধিতেও বাঁধা দিয়ে থাকে।
62,MAT 2020-2021,কোনটি আমিষ পরিপাককারী (digesting) এনজাইম?,Lipase,Pepsin,Lactase,Isomaltase,B,"Lipase → স্নেহ পরিপাককারী এনজাইম।
Isomaltase, Lactase → শর্করা পরিপাককারী এনজাইম।
Pepsin, Trypsin, Chymotrypsin, Aminopeptidase, Carboxypeptidase, Tri/Di-peptidase প্রভৃতি → আমিষ পরিপাককারী এনজাইম।"
446,MAT 2015-2016,মানুষের নবম জোড়া করোটিক স্নায়ুর নাম কী?,হাইপোগ্লোসাল,স্পাইনাল অ্যাকসেসরি,অ্যাবডুসেন্স,গ্লাসোফ্যারিঞ্জিয়াল,D,"গ্লসোফ্যারিঞ্জিয়াল স্নায়ু নবম করোটিক স্নায়ু।
 অন্যান্য অপশন সম্পর্কিত তথ্য:
অ্যাবডুসেন্স স্নায়ু ষষ্ঠ করোটিক স্নায়ু
হাইপোগ্লোসাল স্নায়ু → ১২তম করোটিক স্নায়ু
স্পাইনাল অ্যাকসেসরি স্নায়ু ১১তম করোটিক স্নায়ু"
545,MAT 1989-1990,বৃক্কে বিদ্যমান-,নেফ্রন,নিউরন,মূত্রথলি,ল্যাঙ্গারহ্যান্স এর দ্বীপপুঞ্জ,A,বৃক্কের গাঠনিক ও কার্যকরী একক হচ্ছে নেফ্রন।
973,AFMC 2019-2020,দ্বিপদ নামকরণের জনক কে?,ক্যারোলাস লিনিয়াস,বেন্থাম হুকার,থিওফ্রাস্টাস,মেন্ডেল,A,"দ্বি-পদ নামকরণের জনক: ১৭৫৮ সালে সুইডিস বিজ্ঞানী ক্যারোলাস লিনিয়াস
প্রাণিদের দ্বিপদ নামকরণের নীতি প্রবর্তন করেন। এ জন্য তাকে দ্বি-পদ নামকরনের
জনক বলা হয়।"
305,AFMC 2015-2016,অ্যানিমাল পোলের ক্ষেত্রে কোনটি সঠিক?,ভ্রূণের অংশে বড় বড় কোষ থাকে,প্রাথমিক জীবাণুস্তর তৈরি করেনা,এতে বৃহৎ পরিমাণে কুসুম কোষ রয়েছে,কোষগুলো অনেক দ্রুত বিভাজিত হয়,D,"উন্নয়ন জীববিজ্ঞানে, ভ্রূণ Animal Pole এবং Vegetal Pole নামে দুই ভাগে বিভক্ত হয়।
Animal Pole এ ছোট ছোট কোষ থাকে এবং দ্রুত বিভাজিত হয়।
Vegetal Pole নিচের অংশে থাকে এবং এতে বেশি পরিমাণে কুসুম কোষ থাকে।"
260,DAT 2020-2021,নিচের কোন হরমোনটি রক্তে সোডিয়ামের মাত্রা নিয়ন্ত্রণ করে?,গ্লুকাগন,অ্যালডোস্টেরন,এনজিওটেনসিন,রেনিন,B,"রেনিন - নিষ্ক্রিয় অ্যানজিওটেনসিনোজেনকে সক্রিয় অ্যানজিওটেনসিনে পরিণত করে।
অ্যানজিওটেনসিন - অ্যাড্রেনাল কর্টেক্স থেকে অ্যালডোস্টেরন ক্ষরণকে উদ্দীপিত করে।
গ্লুকাগন - রক্তে গ্লুকোজের পরিমাণ বৃদ্ধি করে।"
254,MAT 2019-2020,হাইড্রার কোন অংশে নিডোসাইট কোষ সবচেয়ে বেশি থাকে?,দেহ প্রাচীর,কর্ষিকা,দেহ কাণ্ড,পাদ-চাকতি,B,"Hydra-র পাদচাকতি ব্যতীত দেহের সর্বত্র নিডোসাইট কোষ বিদ্যমান থাকে। তবে, কর্ষিকাতে এদের সংখ্যা অধিক।"
666,MAT 2004-2005,ইন্টারফেরনের কাজ নয় কোনটি?,অনাক্রম্যতন্ত্রকে নিয়ন্ত্রণ করা,অ্যান্টিবডি উৎপাদনে বাঁধা দেওয়া,হরমোন উৎপাদনে সাহায্য করা,NK কোষের ক্ষমতা ও বংশবৃদ্ধি করা,C,ইন্টারফেরন হলো ভাইরাস আক্রান্ত কোষ থেকে নিঃসৃত ক্ষুদ্র গ্লাইকোপ্রোটিন। এটি সুস্থ কোষকে ভাইরাস আক্রমণের বিরুদ্ধে প্রতিরোধী করে তোলে। তবে এটি হরমোন উৎপাদনে সাহায্য করে না।
345,DAT 2017-2018,"মানব পিত্তরস সম্বন্ধে নিচের কোন তথ্যটি সঠিক, ইহা-",একটি অম্লীয় তরল,এনজাইম সমৃদ্ধ,পাকস্থলিতে পরিপাকে সহায়তা করে,যকৃতে তৈরি হয়,D,যকৃত কোষ (হেপাটোসাইট) অনবরত পিত্তরস ক্ষরণ করে এবং পিত্তথলিতে জমা রাখে। পিত্তরস ক্ষার জাতীয় তরল পদার্থ। এতে কোন এনজাইম থাকে না। পিত্তরসের সোডিয়াম বাইকার্বনেট উপাদানটি পাকস্থলী থেকে আগত HCI কে প্রশমিত করে ক্ষারীয় পরিবেশ সৃষ্টি করে যা ক্ষুদ্রান্ত্রে বিভিন্ন এনজাইমের কার্যকারিতার জন্য অত্যন্ত প্রয়োজন।
603,MAT 2001-2002,হার্ডেরিয়ান গ্রন্থির অবস্থান যেখানে-,ক্ষুদ্রান্ত,চক্ষু,অ্যাড্রেনাল,অগ্ন্যাশয়,B,হার্ডেরিয়ান গ্রন্থি চোখের সাথে যুক্ত থাকে। এটি চোখের অশ্রুগ্রন্থি এবং চোখের আদ্রতা বজায় রাখতে সাহায্য করে।
128,AFMC 2017-2018,রেটিনার কোন ধরনের কোষ থেকে অপটিক স্নায়ু তৈরী হয়?,রড কোষ,কোণ কোষ,বাইপোলার নিউরন,গাংগ্লিওন কোষ,D,"রেটিনা রড কোষ ও কোণ কোষ নামক দুই ধরনের কোষ নিয়ে গঠিত। রেটিনার দশটি উপস্তর রয়েছে। রেটিনায় বস্তুর প্রতিবিম্ব তৈরী হয়। রেটিনা থেকে অপটিক স্নায়ু তৈরী হয়, যা দর্শন অনুভূতি মস্তিষ্কে প্রেরণ করে। রেটিনার গাংগ্লিওন কোষ থেকে অপটিক স্নায়ু তৈরী হয়।"
696,DAT 2009-2010,নিম্নের কোনটি সঠিক নয়?,লালারসে টায়ালিন নামক উৎসেচক উপস্থিত থাকে,প্রতিদিন প্রায় 2 লিটার গ্যাস্ট্রিক রস নিঃসৃত হয়,মিউসিন HCl-এর ক্ষতিকর ভূমিকা থেকে পাকস্থলি প্রাচীরকে রক্ষা করে,হাইড্রোক্লোরিক এসিডের উপস্থিতি পেপসিনের কার্যক্রমকে বাধাগ্রস্ত করে,D,"HCl এর উপস্থিতিতে নিষ্ক্রিয় পেপসিনোজেন সক্রিয় পেপসিনে রূপান্তরিত হয়, ফলে হাইড্রোক্লোরিক এসিড পেপসিনের কার্যক্রম বাধাগ্রস্ত করে না বরং সক্রিয় করে।"
991,AFMC 2019-2020,মানবদেহে কোন ইউমিউনোগ্লোবিউলিন অনুপস্থিত?,IgB,IgM,IgD,IgA,A,"ইংরেজি শব্দ ইমিউনোগ্লোবিন (Immunoglobulin)-এর সংক্ষিপ্ত রূপ Ig-এর সাথে একটি ইংরেজি বর্ণযোগ করে একেকটি শ্রেণীকে নির্দেশ করা হয়। এই ৫টি শ্রেণী হল IgG, IgM, IgA, IgD, এবং IgE। এই পাঁচ শ্রেণীর প্রতিরক্ষিকা কেবল এদের কাঠামোর অপরিবর্তনশীল অঞ্চলের গঠনেই নয়, বরং কর্মস্থল অনুযায়ীও ভিন্ন হয়।"
816,MAT 2022-2023,মানবদেহে কোনটি লুপ্তপ্রায় অংগ?,থাইরয়েড গ্ল্যান্ড,থাইমাস,স্ক্যাপুলা,ক্যানাইন দাঁত,B,"মানবদেহের লুপ্তপ্রায় অঙ্গগুলো হলো থাইমাস গ্রন্থি, আক্কেল দাঁত, কর্তন দাঁত, পুচ্ছাস্থি, গায়ের লোম, উপপল্লব ইত্যাদি।"
372,MAT 2018-2019,কোনটি মানুষের পশ্চাৎ মস্তিষ্কের অংশ নয়?,মেডুলা অবলংগাটা,পনস,সেরেবেলাম,থ্যালামাস,D,"পশ্চাৎ মস্তিষ্কের অংশসমূহ: সেরেবেলাম, মেডুলা অবলংগাটা, পনস।
অগ্রমস্তিষ্কের অংশ: সেরেব্রাম, থ্যালামাস, হাইপোথ্যালামাস।
মধ্যমস্তিষ্কের অংশ: টেকটাম, সেরেব্রাল অ্যাকুইডাক্ট, কর্পোরা কোয়াড্রিজেমিনা, সেরেব্রাল পেডাঙ্কল।"
522,MAT 2006-2007,স্বরতন্ত্রীর অবস্থান হচ্ছে-,গলবিল,ট্রাকিয়া বা শ্বাসনালি,নাসাগহ্বর,ল্যারিংক্স,D,"স্বরযন্ত্র বা ল্যারিংস:
এটি শ্বাসনালিতে উন্মুক্ত হয়।
এর দুপাশে ২টি করে পাতলা মাংসপেশি আছে, এরাই স্বরতন্ত্রী বা ভোকাল কর্ড (Vocal cord)।
এটি কয়েকটি তরুণাস্থি দ্বারা গঠিত। এদের মধ্যে থাইরয়েড তরুণাস্থি সবচেয়ে বড়।
স্বরযন্ত্রের উপরিভাগের জিহ্বাকৃতির ঢাকনাকে উপজিহ্বা বা এপিগ্লটিস (epiglottis) বলা হয়।"
405,MAT 2017-2018,হেনলির লুপের অবস্থান বৃক্কের কোথায়?,বৃক্কীয় নালিকায়,রেনাল করপাসলে,এফারেন্ট ধমনিকাতে,ইফারেন্ট ধমনিকাতে,A,"বৃক্কের কার্যকরী একক নেফ্রন। নেফ্রণের ২টি প্রধান অংশ:
i. রেনাল করপাসল (২টি অংশ):
রেনাল ক্যাপসুল
গ্লোমেরুলাস
ii. রেনাল টিউব্যুল (৪টি অংশ):
প্রক্সিমাল প্যাঁচানো নালিকা
লুপ অব হেনলি
ডিস্টাল প্যাঁচানো নালিকা
সংগ্রাহী নালী"
412,MAT 2016-2017,ফিলোসফিকা জুওলজিক' গ্রন্থের রচয়িতা কে?,ডারউইন,ল্যামার্ক,দ্য ভিস,ভাইজম্যান,B,"ল্যামার্ক ছিলেন একজন ফরাসি দার্শনিক ও প্রকৃতিবিজ্ঞানী।
তার লেখা ‘ফিলোসফিকা জুওলজিক’ (১৮০৯) গ্রন্থে ল্যামার্কিজম মতবাদ প্রকাশিত হয়।"
482,AFMC 2020-2021,"চিকিৎসাবিদ্যার কোন শাখায় স্থূলতার কারণ, প্রতিরোধ ও চিকিৎসা সম্বন্ধে আলোচনা করা হয়?",Obesity,Geriatrics,Bariatrics,Pediatrics,C,"চিকিৎসাবিদ্যার যে শাখায় স্থূলতার কারণ, প্রতিরোধ ও চিকিৎসা সম্বন্ধে আলোচনা করা হয় তাকে Bariatrics বলা হয়।
অন্যান্য অপশন সম্পর্কিত তথ্য:
Obesity: স্থূলতা।
Geriatrics: বয়স্ক মানুষের চিকিৎসাবিদ্যা।
Pediatrics: শিশুদেহের চিকিৎসাবিষয়ক শাখা।"
170,DAT 2024-2025,কোন গ্রন্থি আমিষ শোষণ নিয়ন্ত্রণ করে?,যকৃত,অগ্ন্যাশয়,থাইমাস,থাইরয়েড,D,কার্বোহাইড্রেট শোষণ নিয়ন্ত্রণ করে -> ইনসুলিন এবং গ্লুকোকটিকয়েড হরমোন। আমিষ এবং লিপিড শোষণ নিয়ন্ত্রণ করে -> থাইরক্সিন হরমোন যা থাইরয়েড গ্রন্থি থেকে নিঃসৃত হয়।
836,DAT 2021-2022,আমাদের জাতীয় পাখির বৈজ্ঞানিক নাম কি?,Gracula religiosa,Copsychus saularis,Passer domesticus,Columba livia,B,আমাদের জাতীয় পাখি দোয়েলের বৈজ্ঞানিক নাম Copsychus saularis
78,AFMC 2019-2020,পেসমেকারে কোন ব্যাটারি ব্যবহৃত হয়?,লিথিয়াম,লেড,পটাশিয়াম,কার্বনিয়াম,A,"একটি লিথিয়াম ব্যাটারি, কম্পিউটারাইজড জেনারেটর ও শীর্ষেসেন্সরযুক্ত কতগুলো তার নিয়ে একটি পেসমেকার গঠিত হয়।"
966,MAT 2020-2021,ভ্রূণে লোহিত কণিকাসমূহ নিম্নের কোথায় তৈরি হয়?,থাইমাস,অগ্ন্যাশয়,প্লীহা,অস্থি মজ্জা,"A,C","ভ্রূণীয় জীবনে লোহিত কণিকাসমূহ কুসুম থলি (৩ সপ্তাহ বয়সে) যকৃত, প্লীহা ও থাইমাস (৬ মাস বয়স পর্যন্ত) থেকে উৎপন্ন হয়। আর, ভূমিষ্ট হওয়ার সময় থেকে পশুকা, কশেরুকা, স্টার্নাম ও শ্রোণিচক্রের লাল অস্থিমজ্জায় অবস্থিত বড় নিউক্লিয়াসযুক্ত এরিথ্রোব্লাস্ট নামক স্টেমকোষ থেকে অবিরাম লোহিত কণিকা সৃষ্টি হয়।"
83,AFMC 2019-2020,অত্যাবশ্যকীয় অ্যামিনো এসিড নয় কোনটি?,হিস্টিডিন,আইসোলিউসিন,লাইসিন,অ্যালানিন,C,"খাদ্যে উপস্থিতির প্রয়োজনীয়তার ভিত্তিতে অ্যামিনো অ্যাসিড দুই ভাগে বিভক্ত। যথা-
১। অত্যাবশ্যকীয় অ্যামিনো অ্যাসিড। এরা দেহাভ্যন্তরে সংশ্লেষিত হয় না। উদাহরণ- লিউসিন, আইসোলিউসিন, লাইসিন, থ্রিওনিন, ভ্যালিন, মেথিওনিন, ফিনাইল অ্যালানিন এবং ট্রিপটোফ্যান (৮টি)। শিশুদের জন্য অত্যাবশ্যকীয় অ্যামিনো অ্যাসিড ১০টি। অতিরিক্ত- আরজিনিন ও হিস্টিডিন।
২। অনাত্যাবশ্যকীয় অ্যামিনো অ্যাসিড: এরা দেহাভ্যন্তরে সংশ্লেষিত হতে পারে। সংখ্যায় ১২টি এবং শিশুদের ক্ষেত্রে ১০টি।"
738,MAT 2015-2016,কোন ভিটামিন পানিতে দ্রবণীয়?,ভিটামিন A,ভিটামিন D,ভিটামিন B কমপ্লেক্স,ভিটামিন K,C,পানিতে দ্রবণীয় ভিটামিন হলো ভিটামিন B এবং ভিটামিন C।
904,MAT 2024-2025,এনজিওপ্লাস্টি করলে কি হয়?,হৃদস্পন্দন বৃদ্ধি পায়,সরু ধমনী প্রশস্ত হয়,হৃদস্পন্দনের গতি ধীর হয়,রক্ত সঞ্চালনের গতি বৃদ্ধি পায়,B,বড় ধরণের অস্ত্রোপচার না করে সংকীর্ণ লুমেনযুক্ত বা রুদ্ধ হয়ে যাওয়া করোনারি ধমনি পুনরায় প্রশস্ত লুমেনযুক্ত করা বা উন্মুক্ত করার পদ্ধতিকে এনজিওপ্লাস্টি বলে। এনজিওপ্লাস্টির উদ্দেশ্য হচ্ছে সরু বা বন্ধ হয়ে যাওয়া লুমেনের ভিতর দিয়ে হৃৎপিন্ডে পর্যাপ্ত O₂ সরবরাহ নিশ্চিত করে হৃৎপিন্ড ও দেহকে সচল রাখা।
291,DAT 2019-2020,নিচের কোন গ্রন্থিটি ক্যালসিয়াম বিপাকে সহায়তা করে?,প্যারাথাইরয়েড,থাইরয়েড,পিটুইটারি,অ্যাড্রেনাল,A,প্যারাথাইরয়েড গ্রন্থি থেকে নিঃসৃত প্যারাথাইরয়েড হরমোন বা প্যারাথরমোন বা প্যারাথাইরিন এর প্রধান কাজ ক্যালসিয়াম ও ফসফরাসের বিপাক নিয়ন্ত্রণ। এটি বৃক্কে ক্যালসিয়ামের পুনঃশোষণ বাড়িয়ে দিয়ে রক্তে ক্যালসিয়ামের মাত্রা বাড়ায় এবং ফসফেটের মাত্রা কমায়। থাইরয়েড গ্রন্থি নিঃসৃত ক্যালসিটোনিন রক্তে ক্যালসিয়ামের মাত্রা কমায়।
311,DAT 2018-2019,সিফিলিস রোগের জন্য দায়ী নিচের কোনটি?,Treponema pallidum,Neisseria gonorrhoeae,Treponema vagmalis,Trichomonas vaginalis,A,"যৌনবাহিত রোগের জীবাণু:
সিফিলিস → Treponema pallidum
গনোরিয়া → Neisseria gonorrhoeae
এইডস → HIV"
849,MAT 2021-2022,কোন এনজাইম আমিষ পরিপাকে সাহায্য করে?,ল্যাকটেজ,ট্রিপসিন,অ্যামাইলেজ,লাইপেজ,B,"ট্রিপসিন এনজাইম আমিষ পরিপাকে সাহায্য করে। ল্যাকটেজ, অ্যামাইলেজ এনজাইম শর্করা পরিপাকে সাহায্যে করে। লাইপেজ ফ্যাট পরিপাকে সাহায্য করে।"
100,AFMC 2018-2019,নিচের কোন প্রাণীটি ত্রিস্তরী?,অ্যামিবা,কেঁচো,হাইড্রা,ম্যালেরিয়া জীবাণু,B,"ত্রিস্তরী প্রাণীর উদাহরণ: কৃমি, শামুক, অক্টোপাস, কেঁচো,
জোঁক, চিংড়ি, মৌমাছি, ব্যাঙ, হাতি, মানুষ সবাই ত্রিস্তরী প্রাণী।"
490,MAT 2002-2003,শোষিত খাদ্যবস্তুর প্রোটোপ্লাজমে রূপান্তরকে বলে-,পরিপাক,শোষণ,আত্তীকরণ,অধিশোষণ,C,"আত্তীকরণ হলো শোষিত খাদ্যবস্তুর প্রোটোপ্লাজমে রূপান্তরের প্রক্রিয়া।
অন্যান্য অপশন:
পরিপাক — খাদ্যবস্তু গলাধঃকরন ও এনজাইমের সহায়তায় ভাঙ্গন।
শোষণ — খাদ্য পরিপাকের পর রক্তনালীর মাধ্যমে সারা দেহে ছড়িয়ে যাওয়ার প্রক্রিয়া।
অধিশোষণ — কোনো পদার্থের অন্য একটি পদার্থের পৃষ্ঠতলে সঞ্চিত বা কেন্দ্রীভূত হওয়া, অভ্যন্তরে প্রবেশ না করা।"
421,MAT 2016-2017,কোনটি ক্ষুদ্রান্ত্রের অংশ নয়?,ডিওডেনাম,ইলিয়াম,এপেনডিক্স,জেজুনাম,C,ক্ষুদ্রান্ত্রের তিনটি অংশ। যথা- ১) ডিওডেনাম ২) জেজুনাম ৩) ইলিয়াম। আর বৃহদান্ত্রের ৩টি অংশ হলো- ১) সিকাম ২) কোলন ৩) মলাশয়। সিকামের সাথে এপেনডিক্স সংযুক্ত থাকে। এপেনডিক্স একটি নিষ্ক্রিয় অঙ্গ যা উদরীয় টনসিল নামেও পরিচিত।
835,DAT 2021-2022,কোনটি Live attenuated ভ্যাক্সিন?,হাম,হেপাটাইটিস বি,টিটেনাস,ইনফ্লুয়েঞ্জা,A,"মিজলজ (হাম) → Live attenuated vaccine,
হেপাটাইটিস বি → Subunut vaccine,
টিটেনাস → Toxoid vaccine,
ইনফ্লুয়েঞ্জা → Killed or Inactivated vaccine."
766,AFMC 2020-2021,সন্তান প্রসবে কোন হরমোন সাহায্য করে?,অক্সিটোসিন,অক্সিন,টেস্টোস্টেরন,গোনাডোট্রপিন,A,শিশু প্রসব: ৪০তম সপ্তাহে অক্সিটসিন ও প্রোস্টাগ্লান্ডিন হরমোন দুটির সক্রিয়তায় জরায়ুর সংকোচন ঘটে। ফলে শিশু জরায়ু থেকে বাইরে আসতে পারে। এটি ৩টি ধাপে সম্পন্ন হয়।
782,MAT 2017-2018,স্ত্রী রুইমাছ ডিম পাড়ে কখন?,জানুয়ারি-মার্চ মাস,ফেব্রুয়ারি-মে মাস,জুন-আগস্ট মাস,সেপ্টেম্বর-জানুয়ারি মাস,C,স্ত্রী রুইমাছ সাধারণত বর্ষাকাল (জুন-জুলাই) মাসে প্রজননের জন্য তৈরি হয় এবং ডিম পাড়ে।
935,DAT 2021-2022,কোনটি Live attenuated ভ্যাক্সিন?,হাম,হেপাটাইটিস বি,টিটেনাস,ইনফ্লুয়েঞ্জা,A,"মিজলজ (হাম) → Live attenuated vaccine,
হেপাটাইটিস বি → Subunut vaccine,
টিটেনাস → Toxoid vaccine,
ইনফ্লুয়েঞ্জা → Killed or Inactivated vaccine."
982,AFMC 2019-2020,কত BMI কে স্বাভাবিক ওজন হিসেবে ধরা হয়?,25.2-29.1,21.5-23.9,18.5-24.9,10.1-14.8,C,"ওজন (কি.গ্রা.) / উচ্চতা (মিটার) → শ্রেনী
< ১৮.৫০→ওজনহীনতা
১৮.৫০ – ২৪.৯ → স্বাভাবিক
২৫.০০ – ২৯.৯ → ওজনাধিক্য
৩০.০০ – ৩৪.৯ → গ্রেড-১ স্থুলতা
৩৫.০০ – ৩৯.৯→ গ্রেড-২ স্থুলতা
> ৪০.০০ →গ্রেড-৩ স্থুলতা/ রোগ গ্রস্থ চূড়ান্ত পর্যায়ের স্থুলতা"
548,MAT 2010-2011,মানুষের গ্লোমেরুলাসে পরিদ্রুত মূত্র ADH এর প্রভাব ছাড়া নিম্নের (%) কতভাগ পুনঃশোষণ প্রক্রিয়ায় নেফ্রনের প্রক্সিমাল প্যাঁচানো নালিকায় শোষিত হয়?,20,40,60,80,C,"নেফ্রনের প্রক্সিমাল প্যাঁচানো নালিকায় প্রায় 60% পুনঃশোষণ ঘটে, বাকি 40% লুপ অব হেনলি, ডিস্টাল প্যাঁচানো নালিকা ও সংগ্রাহী নালিকায় শোষিত হয়।"
339,DAT 2017-2018,মোলার দাঁতের কাজ কোনটি?,খাবার টুকরা করা ও ছেঁড়া,খাবার টুকরা করা ও পেষণ করা,খাবার চর্বন করা ও পেষণ করা,খাবার ছোঁড়া ও চর্বন করা,B,"মোলার দাঁতের কাজ হচ্ছে খাবার টুকরা করা ও পেষণ করা, যা খাবারের পরিপাক প্রক্রিয়ায় সহায়তা করে।"
197,AFMC 2021-2022,প্যানক্রিয়াসের আইলেটস অব ল্যাঙ্গার হ্যান্স এর কোন কোষ (Cells) থেকে ইনসুলিন নিঃসৃত হয়?,আলফা কোষ,ডেলটা কোষ,পিপি কোষ,বিটা কোষ,D,আলফা কোষ থেকে গ্লুকাগন এবং বিটা কোষ থেকে ইনসুলিন নিঃসৃত হয়।
970,MAT 2020-2021,গ্রোথ হরমোন কোথায় তৈরি হয়?,Thalamus,Hypothalamus,Adrenal gland,Pituitary gland,D,"অগ্র পিটুইটারি গ্রন্থি থেকে বৃদ্ধিপোষক হরমোন (STH) বা Growth hormone তৈরি ও নিঃসৃত হয়। অগ্র পিটুইটারি গ্রন্থি থেকে আর যে সব হরমোন নিঃসৃত হয়- Prolactin, LH, ACTH, TSH, FSH ।"
354,DAT 2016-2017,সেরেব্রামের দুটি খণ্ডকে সংযোগকারী স্নায়ু গুচ্ছের নাম-,কর্পাস অ্যালবিকান্স,কর্পাস অ্যাটরেটিকাম,কর্পাস ক্যালোসাম,কর্পাস লুটিয়াম,C,কর্পাস ক্যালোসাম সেরেব্রামের দুটি খণ্ডকে সংযুক্ত করে।
572,MAT 2009-2010,নিম্নের কোন অস্থিতে মজ্জা গহ্বর নাই?,ইশ্চিয়াম,স্টার্নাম,কারপাল,ক্ল্যাভিকল,D,"ক্ল্যাভিকল অস্থিতে মজ্জা গহ্বর থাকে না, এটি পরিবর্তিত দীর্ঘ অস্থি।"
94,AFMC 2019-2020,দেহের ভারসাম্য রক্ষা করে কোনটি?,বহিঃকর্ণ,অন্তঃকর্ণ,মধ্যাকর্ণ,কোনটিই নয়,B,
353,DAT 2016-2017,পাকস্থলিতে কোন করোটিক স্নায়ুর কার্যক্রম বিদ্যমান?,অপটিক,অডিটরি,ভেগাস,অকুলোমোটর,C,"ভেগাস স্নায়ু স্বরযন্ত্র, হৃৎপিণ্ড, পাকস্থলি ও ফুসফুসে কার্যক্রম পরিচালনা করে।"
127,AFMC 2017-2018,মুখমন্ডলীয় অস্থিতে প্যালেটিন এর সংখ্যা কত?,৫,২,১,৮,B,মুখমন্ডলীয় অস্থিতে প্যালেটিন আছে-২টি
202,AFMC 2021-2022,শ্বসনতন্ত্রের উৎপত্তি কোথা থেকে হয়?,Endoderm,Ectoderm,Mesoderm,Teloderm,A,শ্বসনতন্ত্রের উৎপত্তি এন্ডোডার্ম থেকে হয়।
154,DAT 2024-2025,পূর্ণবয়স্ক সুস্থ মানুষের দু'টি ফুসফুসে আলভিওলাসের সংখ্যা কত?,২৫০ মিলিয়ন,৫০০ মিলিয়ন,৩০০ মিলিয়ন,৭০০ মিলিয়ন,D,"নবজাতক শিশুর ফুসফুসে ২০ মিলিয়ন, ৮ বছরের শিশুর ৩০০ মিলিয়ন এবং একজন পূর্ণবয়স্ক মানুষের ফুসফুসে প্রায় ৭০০ মিলিয়ন অ্যালভিওলাই থাকে।"
990,AFMC 2019-2020,গ্রন্থিরাজ বলা হয় কোনটিকে?,শুক্রাশয়,অগ্নাশয়,পিটুইটারি,লালা,C,"পিটুইটারি গ্রন্থি মস্তিষ্কের নিচের অংশে অবস্থিত। দেহের সবচেয়ে বেশি গুরুত্বপূর্ণনালিবিহীন গ্রন্থি হলেও এটি আকারে সবচেয়ে ক্ষুদ্র। এই গ্রন্থি থেকে গোনাডোট্রপিক, সোমাটোট্রপিক, থাইরয়েড উদ্দীপকে হরমোন, এডরেনোকর্টিকোট্রপিন ইত্যাদি হরমোন নিঃসৃতসৃ হয়। এই গ্রন্থি থেকে নিঃসৃতসৃ হরমোন সংখ্যায় যেমন বেশি, অপরদিকে অন্যান্য গ্রন্থির ওপর এসব হরমোনের প্রভাবও বেশি। এজন্য পিটুইটারি গ্রন্থিকে প্রধান/প্রভু গ্রন্থি বলা হয়।"
257,MAT 2019-2020,আন্তঃকশেরুকা চাকতিতে কী ধরনের তরুণাস্থি পাওয়া যায়?,স্থিতিস্থাপক তরুণাস্থি,চুনময় তরুণাস্থি,শ্বেত-তত্ত্বময় তরুণাস্থি,স্বচ্ছ তরুণাস্থি,C,"স্থিতিস্থাপক: বহিঃকর্ণ বা পিনা, ইউস্টেশিয়ান নালি, এপিগ্লটিস প্রভৃতি।
চুনময়: হিউমেরাস ও ফিমারের মস্তক।
শ্বেত-তত্ত্বময়: দুটি কশেরুকার মধ্যবর্তী অঞ্চল।
স্বচ্ছ: স্তন্যপায়ীর নাক, শ্বাসনালি, স্বরযন্ত্র এবং ব্যাঙ ও হাঙরের ভ্রূণ বা পরিণত দেহ প্রভৃতি।"
101,AFMC 2018-2019,রক্তে গ্লুকোজের মাত্রা নিয়ন্ত্রণে কোন সংবহনতন্ত্রের ভূমিকা রয়েছে?,পালমোনারি,সিস্টেমিক,যকৃত পোর্টালতন্ত্র,বৃক্কীয় পোর্টালতন্ত্র,C,"যকৃত পোর্টাল তন্ত্রের তাৎপর্য বা কাজ:
১. পরিপাককৃত ও রক্ত কর্তৃক শোষিত খাদ্যসার পোর্টালতন্ত্রের মাধ্যমে
যকৃতে পৌছালে ইনসুলিন নামক হরমোনের প্রভাবে রক্ত থেকে
অতিরিক্ত গ্লুকোজ যকৃত শোষণ করে এবং জমা রাখে।
২. আবার রক্তে গ্লুকোজের মাত্রা কমে গেলে হরমোনের প্রভাবে যকৃত
কোষ থেকে সঞ্চিত গ্লুকোজ পোর্টালতন্ত্রের কৈশিকনালির মাধ্যমে
রক্তস্রোতে আসে। এভাবে যকৃত পোর্টালতন্ত্র রক্তে গ্লুকোজের মাত্রা
নিয়ন্ত্রণ করে।"
234,MAT 2019-2020,কোষের কোথায় ক্রেবস চক্র (Krebs cycle) সংঘটিত হয়?,Cytoplasm,Ribosome,Mitochondria,Chloroplast,C,"ক্রেবস চক্র শ্বসনের একটি ধাপ যা মাইটোকন্ড্রিয়ার ম্যাট্রিক্সে সংঘটিত হয়। Sir Hans Adolf Krebs এটি আবিষ্কার করেন। গ্লাইকোলাইসিস ছাড়া শ্বসনের সবকটি বিক্রিয়া (ক্রেবস চক্র, ETS/ অক্সিডেটিভফসফোরাইলেশন) মাইটোকন্ড্রিয়ায় ঘটে থাকে।"
996,DAT 2021-2022,কোন কোষ বিভাজন পদ্ধতিতে RBC তৈরি হয়?,synopsis,mitosis,meiosis,amitiosis,B,মাইটোসিস পদ্ধতিতে লোহিত রক্তকণিকা তৈরী হয়।
848,MAT 2021-2022,কোনটি autosomal recessive disorder?,থ্যালাসেমিয়া,লাল-সবুজ বর্ণান্ধতা,রাতকানা,হিমোফিলিয়া,A,"লাল-সবুজ বর্ণান্ধতা, রাতকানা, হিমোফিলিয়া- Sex-linked disorder. থ্যালাসেমিয়া- autosomal recessive disorder."
493,MAT 2011-2012,নিম্নের কোন অঙ্গে লোহিত কণিকা ধ্বংস হয়?,প্লীহা,যকৃত,পাকস্থলী,বৃক্ক,"A,B","লোহিত কণিকার উৎপত্তি জন্মের একমাস পূর্বে যকৃত ও প্লীহায় হয়। জন্মের পর লোহিত অস্থিমজ্জা, হিউমেরাস ও ফিমারের মস্তক, কশেরুকা, পশুর্কা, করোটির চ্যাপ্টা অস্থিতে উৎপন্ন হয়।
লোহিত কণিকা ধ্বংস হয় মূলত যকৃত ও প্লীহায়।"
802,MAT 2024-2025,কোন এন্টিবডি প্রধানত এলার্জির সাথে সংশ্লিষ্ট?,IgA,IgM,IgG,IgE,D,"IgE → এটি দুর্লভ Ig, প্রদাহ সাড়া সক্রিয় করে, অ্যালার্জিক সাড়াদানে নেতিবাচক ভূমিকা রাখে।
IgG → গর্ভাবস্থায় অমরা অতিক্রম করে।
IgA → মায়ের বুকের দুধের মাধ্যমে শিশুতে স্থানান্তরিত হয়।"
621,MAT 2009-2010,নিম্নের কোনটি হৃদপিন্ডের সংকোচনের শক্তিকে বাড়ায়?,ইনসুলিন,ভেগাস,এডরেনালিন,প্যারাথরমোন,C,এডরেনালিনকে আপদকালীন হরমোন বলা হয়। এটি হৃদস্পন্দন বৃদ্ধি করে ও হৃদপিণ্ডের সংকোচনের শক্তি বাড়ায়।
559,MAT 1990-1991,হিউমেরাস কোন অস্থিটিকে বলা হয়?,অগ্রপদের অস্থি,হাতের অস্থি,বাহুর অস্থি,পায়ের অস্থি,C,হিউমেরাস হচ্ছে বাহুর অস্থি। এটি ঊর্ধ্ব বাহুর একক বৃহৎ অস্থি।
523,MAT 2006-2007,ব্রঙ্কিয়াল নালীগুলোর কোনটি সঠিক পর্যায়ক্রম?,মুখ্য ব্রংকাই- ব্রঙ্কিওল- গৌণ ব্রঙ্কাই- শ্বসন ব্রঙ্কিওল- প্রান্তীয় ব্রঙ্কিওল- অ্যালভিওলার থলি- অ্যালভিওলার নালী- অ্যালভিওথলি,মুখ্য ব্রংকাই- ব্রঙ্কিওল- গৌণ ব্রঙ্কাই- শ্বসন ব্রঙ্কিওল- প্রান্তীয় ব্রঙ্কিওল- অ্যালভিওলার নালী- অ্যালভিওলার থলি- অ্যালভিওলি,মুখ্য ব্রংকাই- গৌণ ব্রঙ্কাই- ব্রঙ্কিওল- শ্বসন ব্রঙ্কিওল- প্রান্তীয় ব্রঙ্কিওল- অ্যালভিওরার নালী- অ্যালভিওলার থলি- অ্যালভিওলি,মুখ্য বঙ্কাই- গৌণ ব্রঙ্কাই- ব্রঙ্কিওল- প্রান্তীয় ব্রঙ্কিওল- শ্বসন ব্রঙ্কিওল- অ্যালভিওলার নালী- অ্যালভিওলার থলি- অ্যালভিওলি,B,শ্বসন বৃক্ষের পর্যায়ক্রম: ট্রাকিয়া → Primary (মুখ্য) ব্রঙ্কাস → Secondary (গৌণ) ব্রঙ্কাস → Tertiary (সেগমেন্টাল) ব্রঙ্কাস → ব্রঙ্কিওল → টার্মিনাল ব্রঙ্কিওল → শ্বসন ব্রঙ্কিওল → অ্যালভিওলার নালী → অ্যালভিওলার থলি → অ্যালভিওলি।
789,MAT 2016-2017,প্রাপ্তবয়স্ক মানুষের মস্তিষ্কে নিউরনের সংখ্যা কত?,১০ মিলিয়ন,১০ কোটি,১০ বিলিয়ন,১০ লক্ষ,C,"মানব মস্তিষ্কের বৈশিষ্ট্য:
ওজন: প্রায় ১.৩৬ কেজি
আয়তন: প্রায় ১৫০০ ঘন সেন্টিমিটার
নিউরন সংখ্যা: প্রায় ১০০ বিলিয়ন (১ লক্ষ কোটি)"
541,MAT 2003-2004,প্রতিটি বৃক্কে নেফ্রন থাকে-,প্রায় ৮ থেকে ৯ লক্ষ,প্রায় ১২ থেকে ১৪ লক্ষ,প্রায় ১০ থেকে ১২ লক্ষ,প্রায় ১৩ থেকে ১৫ লক্ষ,C,প্রতিটি বৃক্কে প্রায় ১০ লক্ষ থেকে ১২ লক্ষ নেফ্রন থাকে।
792,MAT 2016-2017,"কনে হিমোফিলিয়া বাহক, বর সুস্থ, এদের সন্তানদের ক্ষেত্রে কোনটি মিথ্যা?",পুত্রদের অর্ধেক সুস্থ হবে,পুত্রদের সবাই সুস্থ হবে,পুত্রদের অর্ধেক হিমোফিলিয়ায় আক্রান্ত হবে,কন্যাদের অর্ধেক বাহক হবে,B,"স্বাভাবিক পুরুষ (XᴴY) × বাহক মহিলা (XᴴXʰ) হলে:
সন্তানের সম্ভাব্য জিনোটাইপ → ধরন
XᴴXᴴ →স্বাভাবিক কন্যা
XᴴXʰ →বাহক কন্যা
XᴴY →স্বাভাবিক পুত্র
XʰY → হিমোফিলিক পুত্র"
462,MAT 2014-2015,স্বাভাবিক মূত্রের বর্ণ হালকা হলুদ হয় কিসের উপস্থিতিতে?,বিলিভারডিন,ইউরোক্রোম,বিলিরুবিন,অ্যামোনিয়া,B,"ইউরোক্রোম এর প্রভাবে মূত্র স্বাভাবিক রং হালকা হলুদ (খড় রং) হয়।
 অন্যান্য অপশন সম্পর্কিত তথ্য:
বিলিরুবিন এর প্রভাবে মূত্রের বর্ণ হলুদ হয় (যখন জন্ডিস হয়)।
ইউরিনোড এর উপস্থিতির জন্য মূত্রের ঝাঁঝালো গন্ধ থাকে।"
907,MAT 2024-2025,পেসমেকারের কাজ কি?,রক্তকে তরল রাখে,রক্ত সঞ্চালন বৃদ্ধি করে,হৃদরোগ প্রতিরোধ করে,হৃদস্পন্দনের ধীরগতি নিয়ন্ত্রণ করে,D,হার্ট এটাক ঘটতে পারে এমন ধীর হৃৎস্পন্দন কিংবা হার্ট সার্জারির সময় জরুরী ভিত্তিতে অস্থায়ী পেসমেকার ব্যবহার করা হয়। পেসমেকার ব্যবহারে সব ধরণের অ্যারিথমিয়ার হাত থেকে রক্ষা পাওয়া যায়।
225,MAT 2019-2020,মানবদেহের রক্তে কোন বাফার দ্রবণ (buffer solution) থাকে?,NaHCO₃ and H₂CO₃,NH₄Cl and NH₄OH,CH₃COONa and CH₃COOH,Na₂HPO₄ and H₃PO₄,A,"মানবদেহের রক্তে তিন ধরনের বাফার সিস্টেম থাকে। যথা- বাইকার্বোনেট বাফার, ফসফেট বাফার ও প্রোটিন বাফার। হিমোগ্লোবিন উৎকৃষ্ট বাফাররূপে রক্তের 'বাইকার্বনেট-কার্বনিক এসিড বাফার'-এর সামান্য (2%) নিয়ন্ত্রণ করে। ফসফেট বাফার সিস্টেম হলো আন্তঃকোষীয় বাফার। আর, প্রোটিন বাফার সিস্টেমটি প্লাজমা প্রোটিন ও হিমোগ্লোবিন প্রোটিন সমন্বয়ে গঠিত।"
499,MAT 1988-1989,মানবদেহে রোগ প্রতিরোধক হিসাবে কাজ করে কোনটি?,হিমোগ্লোবিন,শ্বেতকণিকা,লোহিত কণিকা,অনুচক্রিকা,B,শ্বেত রক্তকণিকাকে আণুবীক্ষনিক সৈনিকও বলা হয়।
504,MAT 2013-2014,হৃদপিন্ডের ডান অলিন্দ ও ডান নিলয়ের সংযোগ স্থলের কপাটিকার নাম-,মাইট্রাল কপাটিক,ট্রাইকাসপিড কপাটিকা,পালামোনারী কপাটিকা,অ্যাওর্টিক কপাটিকা,B,"মানুষের হৃৎপিণ্ডের বিভিন্ন কপাটিকার অবস্থান:
ট্রাইকাসপিড কপাটিকা: ডান অলিন্দ ও ডান নিলয়ের সংযোগস্থলে
বাইকাসপিড বা মাইট্রাল কপাটিকা: বাম অলিন্দ ও বাম নিলয়ের সংযোগস্থলে
সেমিলুনার ভাল্ব: পালামোনারি কপাটিকা: ডান নিলয় ও পালমোনারি ধমনির সংযোগস্থলে
সেমিলুনার ভাল্ব: অ্যাওর্টিক কপাটিকা: বাম নিলয় ও অ্যাওর্টার সংযোগস্থলে
থিবেসিয়ান কপাটিকা: করোনারি সাইনাস ও ডান অলিন্দের সংযোগস্থলে
ইউস্টেশিয়ান কপাটিকা: ইনফেরিয়র ভেনাক্যাভা ও ডান অলিন্দের সংযোগস্থলে"
656,MAT 2005-2006,নিচের কোনটি গ্যামিটোজেনেসিসের জন্য সঠিক নয়?,শুক্রাণু-নিউক্লিয়াসের সম্মুখ প্রান্তে গলগি বডি থেকে অ্যাক্রোসোম সৃষ্টি হয়,ব্যাঙের সাইটোপ্লাজমসহ ডিম্বাণু নিউক্লিয়াসটি কুসুম থেকে পৃথক হয়ে ডিম্বাণুর নিম্নপ্রান্ত জুড়ে থাকে,স্পার্মাটোজেনেসিসে হ্যাপ্লয়েড ক্রোমোসোম সেটের DNA অপরিবর্তিত থাকে,প্রত্যেকটি উওগোনিয়াম ডিপ্লয়েড (2n) সংখ্যক ক্রোমোসোম বহন করে,B,ব্যাঙের ডিম্বাণুতে নিউক্লিয়াস ও সাইটোপ্লাজম পৃথক হয় না। বাকি অপশনগুলো গ্যামিটোজেনেসিসের বৈশিষ্ট্য সঠিকভাবে ব্যাখ্যা করে।
866,MAT 2020-2021,ভ্রূণে লোহিত কণিকাসমূহ নিম্নের কোথায় তৈরি হয়?,থাইমাস,অগ্ন্যাশয়,প্লীহা,অস্থি মজ্জা,"A,C","ভ্রূণীয় জীবনে লোহিত কণিকাসমূহ কুসুম থলি (৩ সপ্তাহ বয়সে) যকৃত, প্লীহা ও থাইমাস (৬ মাস বয়স পর্যন্ত) থেকে উৎপন্ন হয়। আর, ভূমিষ্ট হওয়ার সময় থেকে পশুকা, কশেরুকা, স্টার্নাম ও শ্রোণিচক্রের লাল অস্থিমজ্জায় অবস্থিত বড় নিউক্লিয়াসযুক্ত এরিথ্রোব্লাস্ট নামক স্টেমকোষ থেকে অবিরাম লোহিত কণিকা সৃষ্টি হয়।"
492,MAT 2012-2013,রক্তের pH নির্ভর করে যার উপর-,এন্টিজেন,বাফার,রক্তের গ্রুপ,এন্টিবডি,B,"রক্তের স্বাভাবিক pH ৭.৪। এর থেকে ০.৫ কম বা বেশি হলে জীবনহানী হতে পারে। এই সীমিত সীমার মধ্যে রক্তের pH নিয়ন্ত্রিত হয় বিভিন্ন বাফার দ্বারা, যেমন- বাইকার্বোনেট বাফার, ফসফেট বাফার, হিমোগ্লোবিন বাফার ইত্যাদি।"
273,DAT 2020-2021,ক্রোমাটোগ্রাফির (Chromatography) কয়টি পর্যায় (Phase) আছে?,02,04,01,03,A,ক্রোমাটোগ্রাফির ২টি পর্যায় আছে। যথা: ১. স্থির দশা ও ২। চলনশীল দশা।